img_id,class,has_frame,is_inverted,frame_has_main,clean_ink,main_in_band_frac,n_small,t,b,l,r,clean_ink_full,mean_gray
19129,noise_cleanable,0,0,0,0.217437744140625,0.0,120,0,0,0,0,1.0,0.217437744140625
19346,noise_cleanable,0,0,0,0.2020263671875,0.0,40,0,0,0,0,1.0,0.2020263671875
18732,noise_cleanable,0,0,0,0.273956298828125,0.0,87,0,0,0,0,1.0,0.273956298828125
18778,char_touch,1,0,1,0.25517672936893204,0.4088912551577266,4,26,24,0,0,0.5126280903584626,0.4005584716796875
18816,noise_cleanable,0,0,0,0.44390869140625,0.0,99,0,0,0,0,1.0,0.44390869140625
19558,noise_cleanable,0,0,0,0.2628631591796875,0.0,65,0,0,0,0,1.0,0.2628631591796875
19660,char_touch,1,0,1,0.42122977120535715,0.3077154233340846,134,0,0,16,16,0.7467462206696138,0.4935760498046875
242465,noise_cleanable,0,0,0,0.355804443359375,0.0,67,0,0,0,0,1.0,0.355804443359375
19890,char_touch,1,0,1,0.2256457270408163,0.9988294966835739,0,30,30,0,0,0.4243310096694401,0.407135009765625
19349,noise_cleanable,0,0,0,0.2575836181640625,0.0,42,0,0,0,0,1.0,0.2575836181640625
19402,noise_cleanable,0,0,0,0.302276611328125,0.0,98,0,0,0,0,1.0,0.302276611328125
19426,char_touch,1,0,1,0.1472470238095238,1.0,0,0,0,23,23,0.40199065610400164,0.30047607421875
19530,noise_cleanable,0,0,0,0.479034423828125,0.0,60,0,0,0,0,1.0,0.479034423828125
19499,noise_cleanable,0,0,0,0.2810516357421875,0.0,33,0,0,0,0,1.0,0.2810516357421875
20247,noise_cleanable,0,0,0,0.2628631591796875,0.0,65,0,0,0,0,1.0,0.2628631591796875
20098,noise_cleanable,0,0,0,0.295623779296875,0.0,107,0,0,0,0,1.0,0.295623779296875
242759,noise_cleanable,0,0,0,0.195037841796875,0.0,126,0,0,0,0,1.0,0.195037841796875
20874,noise_cleanable,0,0,0,0.217529296875,0.0,77,0,0,0,0,1.0,0.217529296875
20969,char_touch,1,0,1,0.1678637432795699,0.920863309352518,0,0,0,35,35,0.3084552155288851,0.3954010009765625
21010,crop_safe,1,0,0,0.2836959696261682,0.0,4,21,21,0,0,0.5910854187267057,0.401214599609375
21059,noise_cleanable,0,0,0,0.3057708740234375,0.0,151,0,0,0,0,1.0,0.3057708740234375
21188,noise_cleanable,0,0,0,0.1526641845703125,0.0,34,0,0,0,0,1.0,0.1526641845703125
21661,noise_cleanable,0,0,0,0.21990966796875,0.0,39,0,0,0,0,1.0,0.21990966796875
21740,noise_cleanable,0,0,0,0.2978668212890625,0.0,154,0,0,0,0,1.0,0.2978668212890625
21833,noise_cleanable,0,0,0,0.2884521484375,0.0,59,0,0,0,0,1.0,0.2884521484375
21216,noise_cleanable,0,0,0,0.28155517578125,0.0,37,0,0,0,0,1.0,0.28155517578125
21223,noise_cleanable,0,0,0,0.373931884765625,0.0,202,0,0,0,0,1.0,0.373931884765625
21462,noise_cleanable,0,0,0,0.3900604248046875,0.0,72,0,0,0,0,1.0,0.3900604248046875
21870,noise_cleanable,0,0,0,0.3168792724609375,0.0,36,0,0,0,0,1.0,0.3168792724609375
22003,noise_cleanable,0,0,0,0.3539886474609375,0.0,41,0,0,0,0,1.0,0.3539886474609375
22092,noise_cleanable,0,0,0,0.1335601806640625,0.0,43,0,0,0,0,1.0,0.1335601806640625
22119,clean_noop,0,0,0,0.51446533203125,0.0,0,0,0,0,0,1.0,0.51446533203125
31288,noise_cleanable,0,0,0,0.2756805419921875,0.0,84,0,0,0,0,1.0,0.2756805419921875
31383,char_touch,1,0,1,0.39740501101321585,0.26341132829219577,3,14,15,0,0,0.7577020243446307,0.4650726318359375
247346,char_touch,1,0,1,0.21119014303482586,0.9855802883942321,6,0,0,27,28,0.4356034793762777,0.3806610107421875
31985,noise_cleanable,0,0,0,0.2173919677734375,0.0,38,0,0,0,0,1.0,0.2173919677734375
32012,noise_cleanable,0,0,0,0.213226318359375,0.0,59,0,0,0,0,1.0,0.213226318359375
32835,noise_cleanable,0,0,0,0.302337646484375,0.0,40,0,0,0,0,1.0,0.302337646484375
32847,noise_cleanable,0,0,0,0.224609375,0.0,77,0,0,0,0,1.0,0.224609375
32499,char_touch,1,0,1,0.09006197625698324,1.0,0,38,39,0,0,0.17311967783883553,0.3637542724609375
32515,noise_cleanable,0,0,0,0.3538970947265625,0.0,57,0,0,0,0,1.0,0.3538970947265625
32725,char_touch,1,0,1,0.18995028409090908,0.8900907861695962,4,0,0,18,18,0.5372100030129557,0.303863525390625
32811,noise_cleanable,0,0,0,0.116790771484375,0.0,37,0,0,0,0,1.0,0.116790771484375
32289,noise_cleanable,0,0,0,0.2860260009765625,0.0,72,0,0,0,0,1.0,0.2860260009765625
33133,crop_safe,1,0,0,0.13827384478672985,0.0,1,22,23,0,0,0.39333298225288327,0.2897491455078125
33212,noise_cleanable,0,0,0,0.2336883544921875,0.0,54,0,0,0,0,1.0,0.2336883544921875
33502,char_touch,1,0,1,0.21217005461165048,1.0,2,0,0,25,25,0.46642211013381135,0.3660430908203125
248099,crop_safe,1,0,0,0.22045554577464788,0.0,3,0,0,21,22,0.5219940075556907,0.3513946533203125
34824,char_touch,1,0,1,0.32439024390243903,0.5721674337058953,65,0,0,26,25,0.5659950794600704,0.458953857421875
33970,char_touch,1,0,1,0.2257903343023256,0.8752136752136752,8,0,0,42,42,0.31616103796985306,0.479827880859375
33990,noise_cleanable,0,0,0,0.212982177734375,0.0,30,0,0,0,0,1.0,0.212982177734375
34349,char_touch,1,0,1,0.24278971354166667,0.5792885137172143,3,16,0,0,0,0.7895098973219011,0.288299560546875
35068,noise_cleanable,0,0,0,0.4087066650390625,0.0,88,0,0,0,0,1.0,0.4087066650390625
35250,noise_cleanable,0,0,0,0.2034454345703125,0.0,33,0,0,0,0,1.0,0.2034454345703125
35261,noise_cleanable,0,0,0,0.2921142578125,0.0,52,0,0,0,0,1.0,0.2921142578125
248798,noise_cleanable,0,0,0,0.3505401611328125,0.0,56,0,0,0,0,1.0,0.3505401611328125
35603,char_touch,1,0,1,0.22584343905472637,0.6135878328321785,1,0,0,27,28,0.45216139449826853,0.3921661376953125
35604,noise_cleanable,0,0,0,0.4135589599609375,0.0,39,0,0,0,0,1.0,0.4135589599609375
35646,noise_cleanable,0,0,0,0.387603759765625,0.0,30,0,0,0,0,1.0,0.387603759765625
35677,char_touch,1,0,1,0.09500294811320754,1.0,4,22,22,0,0,0.31400730816077954,0.25054931640625
35701,noise_cleanable,0,0,0,0.2135009765625,0.0,61,0,0,0,0,1.0,0.2135009765625
35732,noise_cleanable,0,0,0,0.1783294677734375,0.0,31,0,0,0,0,1.0,0.1783294677734375
35992,noise_cleanable,0,0,0,0.1993560791015625,0.0,41,0,0,0,0,1.0,0.1993560791015625
249143,noise_cleanable,0,0,0,0.189178466796875,0.0,38,0,0,0,0,1.0,0.189178466796875
22358,noise_cleanable,0,0,0,0.22100830078125,0.0,47,0,0,0,0,1.0,0.22100830078125
22463,crop_safe,1,0,0,0.1962376644736842,0.0,0,14,14,0,0,0.6150789388894855,0.284149169921875
243533,crop_safe,1,0,0,0.28404546800947866,0.0,1,22,23,0,0,0.5711573539813126,0.4098968505859375
22584,noise_cleanable,0,0,0,0.187530517578125,0.0,53,0,0,0,0,1.0,0.187530517578125
22713,noise_cleanable,0,0,0,0.275299072265625,0.0,95,0,0,0,0,1.0,0.275299072265625
23654,noise_cleanable,0,0,0,0.1474456787109375,0.0,74,0,0,0,0,1.0,0.1474456787109375
23818,noise_cleanable,0,0,0,0.1224822998046875,0.0,57,0,0,0,0,1.0,0.1224822998046875
23965,noise_cleanable,0,0,0,0.4761962890625,0.0,31,0,0,0,0,1.0,0.4761962890625
24135,noise_cleanable,0,0,0,0.1675872802734375,0.0,64,0,0,0,0,1.0,0.1675872802734375
24473,char_touch,1,0,1,0.4226282230941704,0.2580416999815487,0,18,15,0,0,0.7419583000184513,0.496185302734375
22709,noise_cleanable,0,0,0,0.2058563232421875,0.0,47,0,0,0,0,1.0,0.2058563232421875
22715,noise_cleanable,0,0,0,0.3633575439453125,0.0,185,0,0,0,0,1.0,0.3633575439453125
243627,noise_cleanable,0,0,0,0.3174591064453125,0.0,47,0,0,0,0,1.0,0.3174591064453125
22787,char_touch,1,0,1,0.10926402698863637,0.8737201365187713,5,0,0,40,40,0.193796008345471,0.3876190185546875
22863,noise_cleanable,0,0,0,0.3443603515625,0.0,278,0,0,0,0,1.0,0.3443603515625
23147,noise_cleanable,0,0,0,0.1498565673828125,0.0,41,0,0,0,0,1.0,0.1498565673828125
24774,noise_cleanable,0,0,0,0.21087646484375,0.0,85,0,0,0,0,1.0,0.21087646484375
24757,crop_safe,1,0,0,0.1384079391891892,0.0,0,17,17,0,0,0.47471333735666865,0.252838134765625
24771,noise_cleanable,0,0,0,0.16900634765625,0.0,72,0,0,0,0,1.0,0.16900634765625
24840,char_touch,1,0,1,0.17510775862068967,0.9986679352997145,0,41,41,0,0,0.27090858571825505,0.4393310546875
24993,noise_cleanable,0,0,0,0.1935882568359375,0.0,40,0,0,0,0,1.0,0.1935882568359375
25081,noise_cleanable,0,0,0,0.26031494140625,0.0,102,0,0,0,0,1.0,0.26031494140625
25235,noise_cleanable,0,0,0,0.142974853515625,0.0,31,0,0,0,0,1.0,0.142974853515625
25205,noise_cleanable,0,0,0,0.1756439208984375,0.0,31,0,0,0,0,1.0,0.1756439208984375
25230,char_touch,1,0,1,0.1466552734375,0.9800606157281864,4,0,0,44,52,0.1964163097145473,0.4666595458984375
25233,char_touch,1,0,1,0.19749735169491525,0.9752380952380952,2,0,0,39,40,0.3067562472148905,0.4451446533203125
25297,char_touch,1,0,1,0.44756799163179917,0.14896744586261293,29,0,17,0,0,0.868258346808713,0.4812469482421875
25358,noise_cleanable,0,0,0,0.25555419921875,0.0,38,0,0,0,0,1.0,0.25555419921875
25368,noise_cleanable,0,0,0,0.1750640869140625,0.0,159,0,0,0,0,1.0,0.1750640869140625
25593,noise_cleanable,0,0,0,0.2683563232421875,0.0,68,0,0,0,0,1.0,0.2683563232421875
25667,noise_cleanable,0,0,0,0.275299072265625,0.0,149,0,0,0,0,1.0,0.275299072265625
25738,noise_cleanable,0,0,0,0.2991943359375,0.0,38,0,0,0,0,1.0,0.2991943359375
3336,noise_cleanable,0,0,0,0.174774169921875,0.0,33,0,0,0,0,1.0,0.174774169921875
3401,noise_cleanable,0,0,0,0.1177520751953125,0.0,87,0,0,0,0,1.0,0.1177520751953125
5365,clean_noop,0,0,0,0.4932098388671875,0.0,0,0,0,0,0,1.0,0.4932098388671875
236574,char_touch,1,0,1,0.3664198962882096,0.27206992451330947,19,0,0,13,14,0.7582689117159095,0.4322662353515625
8668,blob_discard,1,0,1,0.7423043536324786,0.10453501953360989,0,0,0,0,22,0.8954649804663901,0.757720947265625
8697,noise_cleanable,0,0,0,0.1467437744140625,0.0,62,0,0,0,0,1.0,0.1467437744140625
9298,noise_cleanable,0,0,0,0.2615814208984375,0.0,33,0,0,0,0,1.0,0.2615814208984375
238294,noise_cleanable,0,0,0,0.2964324951171875,0.0,103,0,0,0,0,1.0,0.2964324951171875
9760,noise_cleanable,0,0,0,0.2913055419921875,0.0,102,0,0,0,0,1.0,0.2913055419921875
9764,noise_cleanable,0,0,0,0.0310821533203125,0.0,38,0,0,0,0,1.0,0.0310821533203125
3810,char_touch,1,0,1,0.09765625,0.9978459329161965,1,0,0,37,38,0.19072708113804004,0.3620147705078125
3956,noise_cleanable,0,0,0,0.16363525390625,0.0,54,0,0,0,0,1.0,0.16363525390625
4063,char_touch,1,0,1,0.13196511243386244,0.9998851234922458,12,0,0,33,34,0.2712750138080469,0.3591461181640625
7292,clean_noop,0,0,0,0.6257781982421875,0.0,0,0,0,0,0,1.0,0.6257781982421875
7319,noise_cleanable,0,0,0,0.3059539794921875,0.0,103,0,0,0,0,1.0,0.3059539794921875
7296,invert_fix,0,1,0,0.7814483642578125,0.0,0,0,0,0,0,1.0,0.7814483642578125
7350,noise_cleanable,0,0,0,0.1158447265625,0.0,53,0,0,0,0,1.0,0.1158447265625
237253,noise_cleanable,0,0,0,0.1202239990234375,0.0,31,0,0,0,0,1.0,0.1202239990234375
7426,invert_fix,0,1,0,0.583404541015625,0.0,0,0,0,0,0,1.0,0.583404541015625
7445,noise_cleanable,0,0,0,0.15020751953125,0.0,57,0,0,0,0,1.0,0.15020751953125
237613,noise_cleanable,0,0,0,0.1415252685546875,0.0,61,0,0,0,0,1.0,0.1415252685546875
8079,noise_cleanable,0,0,0,0.417999267578125,0.0,83,0,0,0,0,1.0,0.417999267578125
6881,invert_fix,0,1,0,0.6587677001953125,0.0,0,0,0,0,0,1.0,0.6587677001953125
237066,char_touch,1,0,1,0.22876862046632124,0.6223662884927067,0,0,0,31,32,0.4120520578907076,0.4185638427734375
6882,invert_fix,1,1,1,0.7209603658536585,0.2469398722210059,0,16,35,0,0,0.7530601277789941,0.7666473388671875
6298,invert_fix,0,1,0,0.6871795654296875,0.0,0,0,0,0,0,1.0,0.6871795654296875
6505,noise_cleanable,0,0,0,0.124176025390625,0.0,173,0,0,0,0,1.0,0.124176025390625
3748,noise_cleanable,0,0,0,0.1496124267578125,0.0,51,0,0,0,0,1.0,0.1496124267578125
4193,noise_cleanable,0,0,0,0.0935516357421875,0.0,37,0,0,0,0,1.0,0.0935516357421875
236022,char_touch,1,0,1,0.19439476656626506,0.9777626888473944,21,0,0,45,45,0.2639212804702725,0.4776153564453125
4925,noise_cleanable,0,0,0,0.27392578125,0.0,31,0,0,0,0,1.0,0.27392578125
947,noise_cleanable,0,0,0,0.14056396484375,0.0,77,0,0,0,0,1.0,0.14056396484375
15783,char_touch,1,0,1,0.15313403179190752,1.0,0,41,42,0,0,0.24195504816268285,0.427703857421875
15878,noise_cleanable,0,0,0,0.3126983642578125,0.0,100,0,0,0,0,1.0,0.3126983642578125
15973,char_touch,1,0,1,0.1278391768292683,1.0,0,25,26,0,0,0.33943840121426766,0.3015899658203125
16309,crop_safe,1,0,0,0.26645951704545456,0.0,7,18,18,0,0,0.6195351525409735,0.3696136474609375
16670,char_touch,1,0,1,0.40123521959459457,0.3257606946367753,59,17,17,0,0,0.7237439299203352,0.4807586669921875
16711,noise_cleanable,0,0,0,0.2320404052734375,0.0,45,0,0,0,0,1.0,0.2320404052734375
16837,noise_cleanable,0,0,0,0.1847076416015625,0.0,50,0,0,0,0,1.0,0.1847076416015625
16977,noise_cleanable,0,0,0,0.30450439453125,0.0,42,0,0,0,0,1.0,0.30450439453125
17142,char_touch,1,0,1,0.19490470467032966,0.7741091860084995,1,37,37,0,0,0.3240321141837645,0.4276275634765625
17162,noise_cleanable,0,0,0,0.3606109619140625,0.0,31,0,0,0,0,1.0,0.3606109619140625
241454,noise_cleanable,0,0,0,0.195068359375,0.0,36,0,0,0,0,1.0,0.195068359375
17323,noise_cleanable,0,0,0,0.1852569580078125,0.0,50,0,0,0,0,1.0,0.1852569580078125
17334,noise_cleanable,0,0,0,0.5236968994140625,0.0,77,0,0,0,0,1.0,0.5236968994140625
17327,noise_cleanable,0,0,0,0.26226806640625,0.0,61,0,0,0,0,1.0,0.26226806640625
17406,noise_cleanable,0,0,0,0.317718505859375,0.0,90,0,0,0,0,1.0,0.317718505859375
17426,noise_cleanable,0,0,0,0.330841064453125,0.0,55,0,0,0,0,1.0,0.330841064453125
17611,char_touch,1,0,1,0.4365960743801653,0.13083666507721087,51,14,0,0,0,0.8834884860362567,0.4671478271484375
241746,char_touch,1,0,1,0.23272100225225226,1.0,0,17,17,0,0,0.6031007751937985,0.334625244140625
18112,char_touch,1,0,1,0.24417449421965318,0.8772252402841622,9,0,0,41,42,0.33728401222631155,0.489227294921875
18242,crop_safe,1,0,0,0.29433420907079644,0.0,2,15,15,0,0,0.6891820794042657,0.3770294189453125
17969,noise_cleanable,0,0,0,0.150604248046875,0.0,106,0,0,0,0,1.0,0.150604248046875
18031,crop_safe,1,0,0,0.1509929906542056,0.0,0,21,21,0,0,0.4348191757779647,0.290283203125
18356,char_touch,1,0,1,0.26198814655172414,1.0,0,26,27,0,0,0.5008645109075525,0.4147796630859375
18371,noise_cleanable,0,0,0,0.1983184814453125,0.0,42,0,0,0,0,1.0,0.1983184814453125
241880,char_touch,1,0,1,0.22180538366336633,0.8882035466461063,0,27,27,0,0,0.45346722542895546,0.385955810546875
18654,noise_cleanable,0,0,0,0.246185302734375,0.0,146,0,0,0,0,1.0,0.246185302734375
18670,noise_cleanable,0,0,0,0.1983184814453125,0.0,42,0,0,0,0,1.0,0.1983184814453125
18959,char_touch,1,0,1,0.2121733757062147,0.9421534396527319,0,39,40,0,0,0.32220658221060394,0.455291748046875
18960,char_touch,1,0,1,0.23460890718562874,1.0,0,44,45,0,0,0.30566221734625465,0.500701904296875
18982,noise_cleanable,0,0,0,0.1797332763671875,0.0,39,0,0,0,0,1.0,0.1797332763671875
19001,noise_cleanable,0,0,0,0.245361328125,0.0,41,0,0,0,0,1.0,0.245361328125
19003,noise_cleanable,0,0,0,0.2572479248046875,0.0,286,0,0,0,0,1.0,0.2572479248046875
47482,char_touch,1,0,1,0.4320142663043478,0.11707591641455006,0,13,13,0,0,0.792602748262861,0.4897003173828125
47506,blob_discard,1,0,1,0.4652920081967213,0.09439610814856395,1,0,0,0,12,0.9056744881742544,0.4896697998046875
47529,char_touch,1,0,1,0.42373430676855894,0.3587837837837838,0,0,0,13,14,0.7825415826612904,0.484375
47554,char_touch,1,0,1,0.4320142663043478,0.11707591641455006,0,13,13,0,0,0.792602748262861,0.4897003173828125
47562,crop_safe,1,0,0,0.40701050884955753,0.0,3,0,0,16,14,0.7541876181020402,0.4764251708984375
47566,noise_cleanable,0,0,0,0.36328125,0.0,33,0,0,0,0,1.0,0.36328125
47626,crop_safe,1,0,0,0.40701050884955753,0.0,3,0,0,16,14,0.7541876181020402,0.4764251708984375
47631,noise_cleanable,0,0,0,0.36328125,0.0,33,0,0,0,0,1.0,0.36328125
47650,noise_cleanable,0,0,0,0.3344268798828125,0.0,34,0,0,0,0,1.0,0.3344268798828125
47688,char_touch,1,0,1,0.36608231707317074,0.6114266935824609,0,0,0,25,26,0.5959796500806551,0.49188232421875
47819,noise_cleanable,0,0,0,0.1123046875,0.0,39,0,0,0,0,1.0,0.1123046875
48006,noise_cleanable,0,0,0,0.276519775390625,0.0,51,0,0,0,0,1.0,0.276519775390625
48318,noise_cleanable,0,0,0,0.2804412841796875,0.0,33,0,0,0,0,1.0,0.2804412841796875
48449,noise_cleanable,0,0,0,0.23846435546875,0.0,85,0,0,0,0,1.0,0.23846435546875
48544,char_touch,1,0,1,0.2772957223360656,0.30557768924302786,9,12,0,0,0,0.8495267055765364,0.3111114501953125
48710,char_touch,1,0,1,0.14110440340909092,0.7617668955248573,1,18,18,0,0,0.4632198647703427,0.26177978515625
48874,char_touch,1,0,1,0.14189299738219896,0.9517154476201386,0,34,31,0,0,0.29455718773881295,0.359405517578125
48927,noise_cleanable,0,0,0,0.429473876953125,0.0,40,0,0,0,0,1.0,0.429473876953125
49521,char_touch,1,0,1,0.36640995260663506,0.3794680105463405,0,23,22,0,0,0.6351325332135292,0.475494384765625
49533,noise_cleanable,0,0,0,0.35791015625,0.0,30,0,0,0,0,1.0,0.35791015625
49760,char_touch,1,0,1,0.27966044372294374,0.40254104031700105,5,0,0,12,13,0.7209870084575813,0.350006103515625
49860,clean_noop,0,0,0,0.48638916015625,0.0,1,0,0,0,0,1.0,0.48638916015625
49952,noise_cleanable,0,0,0,0.178985595703125,0.0,69,0,0,0,0,1.0,0.178985595703125
50052,noise_cleanable,0,0,0,0.12628173828125,0.0,49,0,0,0,0,1.0,0.12628173828125
49482,noise_cleanable,0,0,0,0.1508636474609375,0.0,331,0,0,0,0,1.0,0.1508636474609375
254462,char_touch,1,0,1,0.24107752732240437,0.7955225155942921,1,38,35,0,0,0.3775489737246774,0.456451416015625
49092,noise_cleanable,0,0,0,0.176605224609375,0.0,198,0,0,0,0,1.0,0.176605224609375
254575,noise_cleanable,0,0,0,0.31341552734375,0.0,98,0,0,0,0,1.0,0.31341552734375
50446,noise_cleanable,0,0,0,0.111541748046875,0.0,33,0,0,0,0,1.0,0.111541748046875
50473,char_touch,1,0,1,0.1744861296791444,0.8643959813771135,2,33,36,0,0,0.32138047785772,0.3965911865234375
50553,char_touch,1,0,1,0.3668742629716981,0.3980608672232696,4,0,0,0,44,0.6580625970849721,0.4616851806640625
50591,noise_cleanable,0,0,0,0.166290283203125,0.0,61,0,0,0,0,1.0,0.166290283203125
50153,clean_noop,0,0,0,0.4838104248046875,0.0,2,0,0,0,0,1.0,0.4838104248046875
50392,noise_cleanable,0,0,0,0.0783843994140625,0.0,37,0,0,0,0,1.0,0.0783843994140625
50841,noise_cleanable,0,0,0,0.2406768798828125,0.0,44,0,0,0,0,1.0,0.2406768798828125
255233,noise_cleanable,0,0,0,0.3016357421875,0.0,118,0,0,0,0,1.0,0.3016357421875
51470,char_touch,1,0,1,0.25616484004739337,0.9423659435120754,0,0,0,19,26,0.5458813318605018,0.38677978515625
52344,noise_cleanable,0,0,0,0.22650146484375,0.0,84,0,0,0,0,1.0,0.22650146484375
52478,noise_cleanable,0,0,0,0.23388671875,0.0,68,0,0,0,0,1.0,0.23388671875
52518,noise_cleanable,0,0,0,0.1526336669921875,0.0,76,0,0,0,0,1.0,0.1526336669921875
52860,noise_cleanable,0,0,0,0.2670440673828125,0.0,121,0,0,0,0,1.0,0.2670440673828125
256067,noise_cleanable,0,0,0,0.1031341552734375,0.0,30,0,0,0,0,1.0,0.1031341552734375
256068,noise_cleanable,0,0,0,0.2254638671875,0.0,79,0,0,0,0,1.0,0.2254638671875
255964,noise_cleanable,0,0,0,0.21051025390625,0.0,47,0,0,0,0,1.0,0.21051025390625
52906,noise_cleanable,0,0,0,0.283050537109375,0.0,34,0,0,0,0,1.0,0.283050537109375
256336,noise_cleanable,0,0,0,0.2774810791015625,0.0,130,0,0,0,0,1.0,0.2774810791015625
53502,char_touch,1,0,1,0.15428631756756755,0.923923006416132,13,0,0,35,36,0.2871007033122471,0.3883514404296875
53657,noise_cleanable,0,0,0,0.2863311767578125,0.0,41,0,0,0,0,1.0,0.2863311767578125
256411,noise_cleanable,0,0,0,0.2071685791015625,0.0,37,0,0,0,0,1.0,0.2071685791015625
256484,char_touch,1,0,1,0.20813210227272727,0.636194158668784,15,0,0,18,18,0.5598968284294994,0.3194580078125
54044,noise_cleanable,0,0,0,0.2015838623046875,0.0,57,0,0,0,0,1.0,0.2015838623046875
54077,noise_cleanable,0,0,0,0.213897705078125,0.0,281,0,0,0,0,1.0,0.213897705078125
256664,char_touch,1,0,1,0.13664504716981132,0.9649115989897027,5,0,0,49,48,0.18299664407448837,0.463775634765625
54252,char_touch,1,0,1,0.07054115853658537,0.8991097922848664,0,25,26,0,0,0.2212659135736059,0.2552947998046875
54254,char_touch,1,0,1,0.12636217948717948,0.8930759979382624,0,0,0,30,31,0.2880102273764953,0.334197998046875
54420,noise_cleanable,0,0,0,0.224395751953125,0.0,86,0,0,0,0,1.0,0.224395751953125
54432,noise_cleanable,0,0,0,0.139892578125,0.0,43,0,0,0,0,1.0,0.139892578125
54480,noise_cleanable,0,0,0,0.421844482421875,0.0,82,0,0,0,0,1.0,0.421844482421875
54610,noise_cleanable,0,0,0,0.19964599609375,0.0,51,0,0,0,0,1.0,0.19964599609375
55792,char_touch,1,0,1,0.19957589285714286,0.9794067636501039,5,41,40,0,0,0.30127708326313307,0.4528350830078125
56769,char_touch,1,0,1,0.17449347527472528,0.91918799475499,0,37,37,0,0,0.3004767712606719,0.4128570556640625
56648,noise_cleanable,0,0,0,0.2610931396484375,0.0,40,0,0,0,0,1.0,0.2610931396484375
57160,noise_cleanable,0,0,0,0.2739410400390625,0.0,50,0,0,0,0,1.0,0.2739410400390625
57394,noise_cleanable,0,0,0,0.1911773681640625,0.0,35,0,0,0,0,1.0,0.1911773681640625
59119,invert_fix,0,1,0,0.5504608154296875,0.0,0,0,0,0,0,1.0,0.5504608154296875
59357,noise_cleanable,0,0,0,0.24359130859375,0.0,34,0,0,0,0,1.0,0.24359130859375
57750,noise_cleanable,0,0,0,0.1482086181640625,0.0,42,0,0,0,0,1.0,0.1482086181640625
57886,noise_cleanable,0,0,0,0.289276123046875,0.0,33,0,0,0,0,1.0,0.289276123046875
57938,noise_cleanable,0,0,0,0.2342681884765625,0.0,37,0,0,0,0,1.0,0.2342681884765625
58107,noise_cleanable,0,0,0,0.17919921875,0.0,71,0,0,0,0,1.0,0.17919921875
58181,noise_cleanable,0,0,0,0.28973388671875,0.0,62,0,0,0,0,1.0,0.28973388671875
258310,char_touch,1,0,1,0.19897240990990991,0.8327592805204745,1,0,0,17,17,0.5650609634219468,0.30535888671875
58413,noise_cleanable,0,0,0,0.2626800537109375,0.0,44,0,0,0,0,1.0,0.2626800537109375
258377,noise_cleanable,0,0,0,0.27142333984375,0.0,60,0,0,0,0,1.0,0.27142333984375
258411,noise_cleanable,0,0,0,0.2722625732421875,0.0,33,0,0,0,0,1.0,0.2722625732421875
58933,invert_fix,0,1,0,0.7221832275390625,0.0,0,0,0,0,0,1.0,0.7221832275390625
59761,noise_cleanable,0,0,0,0.178680419921875,0.0,72,0,0,0,0,1.0,0.178680419921875
60161,noise_cleanable,0,0,0,0.1685333251953125,0.0,38,0,0,0,0,1.0,0.1685333251953125
60629,invert_fix,0,1,0,0.6643829345703125,0.0,0,0,0,0,0,1.0,0.6643829345703125
60773,noise_cleanable,0,0,0,0.3564300537109375,0.0,40,0,0,0,0,1.0,0.3564300537109375
60879,noise_cleanable,0,0,0,0.2449493408203125,0.0,43,0,0,0,0,1.0,0.2449493408203125
60359,noise_cleanable,0,0,0,0.3066864013671875,0.0,51,0,0,0,0,1.0,0.3066864013671875
60470,invert_fix,0,1,0,0.7715911865234375,0.0,0,0,0,0,0,1.0,0.7715911865234375
60555,invert_fix,0,1,0,0.573822021484375,0.0,9,0,0,0,0,1.0,0.573822021484375
60597,noise_cleanable,0,0,0,0.13616943359375,0.0,62,0,0,0,0,1.0,0.13616943359375
60999,noise_cleanable,0,0,0,0.2629547119140625,0.0,92,0,0,0,0,1.0,0.2629547119140625
61084,invert_fix,0,1,0,0.750396728515625,0.0,0,0,0,0,0,1.0,0.750396728515625
259644,noise_cleanable,0,0,0,0.1120147705078125,0.0,49,0,0,0,0,1.0,0.1120147705078125
61477,char_touch,1,0,1,0.25089164402173914,0.9205413774159716,2,0,0,36,36,0.39067768595041324,0.461578369140625
259656,char_touch,1,0,1,0.2471648185483871,0.9265618535374431,1,0,0,36,34,0.39646286003031833,0.4529571533203125
61530,invert_fix,0,1,0,0.6562652587890625,0.0,0,0,0,0,0,1.0,0.6562652587890625
61675,noise_cleanable,0,0,0,0.19366455078125,0.0,37,0,0,0,0,1.0,0.19366455078125
62100,char_touch,1,0,1,0.3872092208520179,0.2906701890989989,0,16,17,0,0,0.7255391078872222,0.4648895263671875
62119,noise_cleanable,0,0,0,0.22991943359375,0.0,57,0,0,0,0,1.0,0.22991943359375
62201,noise_cleanable,0,0,0,0.1928558349609375,0.0,54,0,0,0,0,1.0,0.1928558349609375
62581,invert_fix,0,1,0,0.61273193359375,0.0,0,0,0,0,0,1.0,0.61273193359375
40303,char_touch,1,0,1,0.18558238636363636,0.9987278432702908,10,0,0,45,46,0.25177453027139873,0.4750823974609375
250990,char_touch,1,0,1,0.2000543114973262,1.0,0,34,35,0,0,0.35156565471164786,0.4156646728515625
40457,crop_safe,1,0,0,0.23516376201923078,0.0,4,24,24,0,0,0.5047158403869407,0.378570556640625
40519,noise_cleanable,0,0,0,0.254730224609375,0.0,124,0,0,0,0,1.0,0.254730224609375
40558,char_touch,1,0,1,0.36402090539930815,0.49431268151016455,1,0,12,18,20,0.6124043266493769,0.482452392578125
251177,noise_cleanable,0,0,0,0.3382720947265625,0.0,56,0,0,0,0,1.0,0.3382720947265625
251446,crop_safe,1,0,0,0.15066163277511962,0.0,3,23,24,0,0,0.40118449211168067,0.3065948486328125
41643,crop_safe,1,0,0,0.13644220132743362,0.0,0,15,15,0,0,0.5068704250674201,0.237640380859375
41989,noise_cleanable,0,0,0,0.11431884765625,0.0,66,0,0,0,0,1.0,0.11431884765625
42388,noise_cleanable,0,0,0,0.3001556396484375,0.0,213,0,0,0,0,1.0,0.3001556396484375
251824,noise_cleanable,0,0,0,0.222625732421875,0.0,100,0,0,0,0,1.0,0.222625732421875
42472,char_touch,1,0,1,0.11812855113636364,0.9946039283401683,0,18,18,0,0,0.4192450690024576,0.2421417236328125
42912,noise_cleanable,0,0,0,0.1708526611328125,0.0,53,0,0,0,0,1.0,0.1708526611328125
43141,noise_cleanable,0,0,0,0.3606719970703125,0.0,67,0,0,0,0,1.0,0.3606719970703125
43265,noise_cleanable,0,0,0,0.25360107421875,0.0,44,0,0,0,0,1.0,0.25360107421875
43311,noise_cleanable,0,0,0,0.200164794921875,0.0,64,0,0,0,0,1.0,0.200164794921875
43391,char_touch,1,0,1,0.204736052259887,0.9982452719828426,3,0,0,39,40,0.31446391647740757,0.4501495361328125
43392,char_touch,1,0,1,0.15398316062176165,1.0,4,31,32,0,0,0.320525783619818,0.3621826171875
43649,noise_cleanable,0,0,0,0.3279571533203125,0.0,75,0,0,0,0,1.0,0.3279571533203125
43825,noise_cleanable,0,0,0,0.421173095703125,0.0,77,0,0,0,0,1.0,0.421173095703125
43889,noise_cleanable,0,0,0,0.1932830810546875,0.0,34,0,0,0,0,1.0,0.1932830810546875
43990,noise_cleanable,0,0,0,0.2647247314453125,0.0,63,0,0,0,0,1.0,0.2647247314453125
44027,noise_cleanable,0,0,0,0.4464874267578125,0.0,150,0,0,0,0,1.0,0.4464874267578125
252480,noise_cleanable,0,0,0,0.280517578125,0.0,82,0,0,0,0,1.0,0.280517578125
252499,char_touch,1,0,1,0.3173444214547191,0.5411777371084078,0,25,25,12,0,0.5140177880897139,0.4735107421875
44137,noise_cleanable,0,0,0,0.1854400634765625,0.0,51,0,0,0,0,1.0,0.1854400634765625
44173,noise_cleanable,0,0,0,0.227935791015625,0.0,45,0,0,0,0,1.0,0.227935791015625
44176,noise_cleanable,0,0,0,0.2009735107421875,0.0,56,0,0,0,0,1.0,0.2009735107421875
252922,char_touch,1,0,1,0.1365300422705314,0.8986317071423454,21,0,0,24,25,0.36579200161787756,0.3018035888671875
252929,noise_cleanable,0,0,0,0.40643310546875,0.0,45,0,0,0,0,1.0,0.40643310546875
45140,noise_cleanable,0,0,0,0.155426025390625,0.0,34,0,0,0,0,1.0,0.155426025390625
45145,noise_cleanable,0,0,0,0.28302001953125,0.0,84,0,0,0,0,1.0,0.28302001953125
249466,noise_cleanable,0,0,0,0.305816650390625,0.0,51,0,0,0,0,1.0,0.305816650390625
36903,noise_cleanable,0,0,0,0.18206787109375,0.0,30,0,0,0,0,1.0,0.18206787109375
36932,char_touch,1,0,1,0.16445096685082872,0.6933099107012151,8,0,0,37,38,0.2841163310961969,0.40924072265625
37040,char_touch,1,0,1,0.1518978310502283,1.0,3,18,19,0,0,0.47342672893039806,0.27447509765625
37166,char_touch,1,0,1,0.17445146276595744,0.9431140968685665,20,0,0,34,34,0.3253759107115176,0.39373779296875
37220,noise_cleanable,0,0,0,0.1921844482421875,0.0,209,0,0,0,0,1.0,0.1921844482421875
250179,noise_cleanable,0,0,0,0.248504638671875,0.0,43,0,0,0,0,1.0,0.248504638671875
37426,char_touch,1,0,1,0.22012867647058823,0.6898539825781789,21,0,0,43,43,0.3032029370806431,0.48211669921875
37632,char_touch,1,0,1,0.18169070512820512,0.7080656673804425,20,0,0,30,31,0.36741472899619215,0.376678466796875
37636,char_touch,1,0,1,0.18858753551136365,0.985373364126251,2,40,40,0,0,0.2932325637574628,0.4421539306640625
37716,crop_safe,1,0,0,0.2150358606557377,0.0,0,0,0,0,12,0.8138633058652448,0.2518310546875
249866,char_touch,1,0,1,0.3722889716325669,0.4146196041020749,0,17,0,20,18,0.6028406265539532,0.490966796875
249890,noise_cleanable,0,0,0,0.2136688232421875,0.0,84,0,0,0,0,1.0,0.2136688232421875
37890,char_touch,1,0,1,0.38182713963963966,0.2528540483578245,1,0,0,17,17,0.7152745731425935,0.462921142578125
37893,char_touch,1,0,1,0.394876935840708,0.2771737127271387,5,0,0,17,13,0.7523546071263914,0.463348388671875
37938,noise_cleanable,0,0,0,0.3110198974609375,0.0,49,0,0,0,0,1.0,0.3110198974609375
38883,noise_cleanable,0,0,0,0.1890106201171875,0.0,64,0,0,0,0,1.0,0.1890106201171875
39044,noise_cleanable,0,0,0,0.205596923828125,0.0,35,0,0,0,0,1.0,0.205596923828125
38134,char_touch,1,0,1,0.4034231085526316,0.2589375208820581,5,15,13,0,0,0.7714763121682721,0.465728759765625
39387,blob_discard,1,0,1,0.46004603215767637,0.1171870032428308,1,0,0,15,0,0.8850603386447972,0.4893341064453125
39567,noise_cleanable,0,0,0,0.2269287109375,0.0,276,0,0,0,0,1.0,0.2269287109375
39579,noise_cleanable,0,0,0,0.233306884765625,0.0,60,0,0,0,0,1.0,0.233306884765625
39622,char_touch,1,0,1,0.17076181994818654,0.9611639094215652,1,31,32,0,0,0.3434561367799715,0.3748321533203125
39989,char_touch,1,0,1,0.3874446902654867,0.25422367936837176,0,0,0,15,15,0.7468265867066467,0.4579925537109375
40112,char_touch,1,0,1,0.352474531938326,0.2699453966327924,5,13,16,0,0,0.7420839069632635,0.421173095703125
40118,char_touch,1,0,1,0.18400065104166666,0.9947783849423194,8,0,0,32,32,0.35567091395312256,0.38800048828125
40141,char_touch,1,0,1,0.29111328125,0.9682561123868701,0,28,28,0,0,0.5097294894155466,0.4461822509765625
40187,noise_cleanable,0,0,0,0.12261962890625,0.0,86,0,0,0,0,1.0,0.12261962890625
41010,crop_safe,1,0,0,0.17466032608695653,0.0,2,13,13,0,0,0.6070838252656434,0.25848388671875
41036,char_touch,1,0,1,0.13478576030927836,1.0,0,31,31,0,0,0.296640964282549,0.344329833984375
41134,noise_cleanable,0,0,0,0.167449951171875,0.0,58,0,0,0,0,1.0,0.167449951171875
40302,crop_safe,1,0,0,0.18348168545081966,0.0,0,0,12,0,0,0.7886190050230509,0.2217559814453125
25858,noise_cleanable,0,0,0,0.1224822998046875,0.0,57,0,0,0,0,1.0,0.1224822998046875
25977,noise_cleanable,0,0,0,0.3184356689453125,0.0,42,0,0,0,0,1.0,0.3184356689453125
26047,noise_cleanable,0,0,0,0.3184356689453125,0.0,42,0,0,0,0,1.0,0.3184356689453125
26312,noise_cleanable,0,0,0,0.2466888427734375,0.0,38,0,0,0,0,1.0,0.2466888427734375
245174,char_touch,1,0,1,0.26209741709183676,0.9992193598750976,3,0,0,30,30,0.46126056609729577,0.4350433349609375
26432,noise_cleanable,0,0,0,0.2782440185546875,0.0,174,0,0,0,0,1.0,0.2782440185546875
26661,noise_cleanable,0,0,0,0.1190032958984375,0.0,34,0,0,0,0,1.0,0.1190032958984375
26801,char_touch,1,0,1,0.1310147372159091,1.0,0,40,40,0,0,0.22374256149793428,0.4025726318359375
26806,char_touch,1,0,1,0.2193758632596685,0.6807303669562135,8,37,38,0,0,0.34616039502809465,0.4480743408203125
26851,noise_cleanable,0,0,0,0.2373809814453125,0.0,32,0,0,0,0,1.0,0.2373809814453125
27268,crop_safe,1,0,0,0.28041779891304347,0.0,0,13,13,0,0,0.7126947813700523,0.3535003662109375
27463,char_touch,1,0,1,0.17766203703703703,0.9475841412469457,0,0,0,47,47,0.23456004074875844,0.47930908203125
245615,char_touch,1,0,1,0.17575757575757575,0.9510104102878139,2,0,0,45,46,0.24167453367622643,0.4687347412109375
27476,char_touch,1,0,1,0.17043585526315788,1.0,0,33,33,0,0,0.32915111569919797,0.384307861328125
27741,clean_noop,0,0,0,0.487640380859375,0.0,1,0,0,0,0,1.0,0.487640380859375
26923,noise_cleanable,0,0,0,0.2156829833984375,0.0,82,0,0,0,0,1.0,0.2156829833984375
27079,char_touch,1,0,1,0.14683103354978355,0.38204568935828265,1,12,13,0,0,0.5756812305244314,0.2301483154296875
245864,noise_cleanable,0,0,0,0.1182403564453125,0.0,36,0,0,0,0,1.0,0.1182403564453125
28084,noise_cleanable,0,0,0,0.2062530517578125,0.0,166,0,0,0,0,1.0,0.2062530517578125
27749,noise_cleanable,0,0,0,0.35723876953125,0.0,31,0,0,0,0,1.0,0.35723876953125
245785,crop_safe,1,0,0,0.2474136700913242,0.0,1,18,19,0,0,0.5942252495394765,0.3561859130859375
27988,char_touch,1,0,1,0.1532315340909091,1.0,0,40,40,0,0,0.2521180251241601,0.4178466796875
28782,noise_cleanable,0,0,0,0.3192138671875,0.0,45,0,0,0,0,1.0,0.3192138671875
28362,char_touch,1,0,1,0.16977026255707764,1.0,0,0,0,18,19,0.5012111637704054,0.289764404296875
28584,noise_cleanable,0,0,0,0.2062835693359375,0.0,31,0,0,0,0,1.0,0.2062835693359375
246095,noise_cleanable,0,0,0,0.25238037109375,0.0,59,0,0,0,0,1.0,0.25238037109375
29242,noise_cleanable,0,0,0,0.1552886962890625,0.0,30,0,0,0,0,1.0,0.1552886962890625
29346,noise_cleanable,0,0,0,0.246246337890625,0.0,257,0,0,0,0,1.0,0.246246337890625
29520,noise_cleanable,0,0,0,0.221405029296875,0.0,35,0,0,0,0,1.0,0.221405029296875
29016,noise_cleanable,0,0,0,0.290924072265625,0.0,55,0,0,0,0,1.0,0.290924072265625
29055,noise_cleanable,0,0,0,0.137115478515625,0.0,55,0,0,0,0,1.0,0.137115478515625
29057,noise_cleanable,0,0,0,0.115081787109375,0.0,39,0,0,0,0,1.0,0.115081787109375
246309,noise_cleanable,0,0,0,0.113739013671875,0.0,71,0,0,0,0,1.0,0.113739013671875
29561,noise_cleanable,0,0,0,0.1477508544921875,0.0,234,0,0,0,0,1.0,0.1477508544921875
29578,char_touch,1,0,1,0.17573609104046242,0.9793961742336944,12,0,0,41,42,0.26809272846267784,0.4429779052734375
29613,noise_cleanable,0,0,0,0.24053955078125,0.0,31,0,0,0,0,1.0,0.24053955078125
29821,noise_cleanable,0,0,0,0.333465576171875,0.0,197,0,0,0,0,1.0,0.333465576171875
246583,noise_cleanable,0,0,0,0.32330322265625,0.0,35,0,0,0,0,1.0,0.32330322265625
29819,char_touch,1,0,1,0.28073299632352944,0.5223669753570868,42,0,0,26,26,0.5241125370893361,0.4268341064453125
30130,char_touch,1,0,1,0.171875,0.9368106964798308,27,48,49,0,0,0.22000691845655523,0.4852142333984375
30240,crop_safe,1,0,0,0.1711300872093023,0.0,0,20,21,0,0,0.47296008034145115,0.3038787841796875
30241,char_touch,1,0,1,0.2841228505291005,1.0,1,33,34,0,0,0.44490112948639116,0.4714813232421875
30306,clean_noop,0,0,0,0.4734039306640625,0.0,1,0,0,0,0,1.0,0.4734039306640625
246782,char_touch,1,0,1,0.3841703056768559,0.3688648522912305,5,16,0,15,12,0.6716930711967933,0.479644775390625
30282,noise_cleanable,0,0,0,0.2768707275390625,0.0,42,0,0,0,0,1.0,0.2768707275390625
30327,crop_safe,1,0,0,0.2752888997395833,0.0,2,32,32,0,0,0.45231489219455123,0.4564666748046875
246796,char_touch,1,0,1,0.2116554054054054,1.0,1,35,36,0,0,0.3554609929078014,0.4302978515625
246841,char_touch,1,0,1,0.14825410798122066,1.0,3,0,0,21,22,0.42342342342342343,0.29132080078125
30491,crop_safe,1,0,0,0.33033427254098363,0.0,1,0,12,0,0,0.8704125537838522,0.361724853515625
30551,char_touch,1,0,1,0.40935202205882354,0.16176304813437042,0,0,18,0,0,0.8528003829583533,0.446258544921875
246887,clean_noop,0,0,0,0.4991912841796875,0.0,0,0,0,0,0,1.0,0.4991912841796875
30613,noise_cleanable,0,0,0,0.366180419921875,0.0,35,0,0,0,0,1.0,0.366180419921875
30813,char_touch,1,0,1,0.4096924942922374,0.33390730377385563,0,0,0,19,18,0.7116212783096323,0.4925079345703125
30822,char_touch,1,0,1,0.403114248853211,0.3428175125368994,1,0,0,18,20,0.7000560119492159,0.4903564453125
30807,noise_cleanable,0,0,0,0.3280792236328125,0.0,251,0,0,0,0,1.0,0.3280792236328125
30867,crop_safe,1,0,0,0.20425112612612611,0.0,2,0,0,17,17,0.5714848365498227,0.3099365234375
30868,char_touch,1,0,1,0.22918733465608465,0.4443041969075418,8,0,0,33,34,0.39265606741970893,0.4309234619140625
30879,noise_cleanable,0,0,0,0.2707366943359375,0.0,52,0,0,0,0,1.0,0.2707366943359375
30977,noise_cleanable,0,0,0,0.2042388916015625,0.0,31,0,0,0,0,1.0,0.2042388916015625
30978,noise_cleanable,0,0,0,0.256256103515625,0.0,46,0,0,0,0,1.0,0.256256103515625
247052,noise_cleanable,0,0,0,0.261962890625,0.0,33,0,0,0,0,1.0,0.261962890625
31060,clean_noop,0,0,0,0.4863128662109375,0.0,2,0,0,0,0,1.0,0.4863128662109375
31061,clean_noop,0,0,0,0.4644775390625,0.0,1,0,0,0,0,1.0,0.4644775390625
31127,noise_cleanable,0,0,0,0.22882080078125,0.0,31,0,0,0,0,1.0,0.22882080078125
12530,noise_cleanable,0,0,0,0.3452301025390625,0.0,104,0,0,0,0,1.0,0.3452301025390625
12866,noise_cleanable,0,0,0,0.10791015625,0.0,43,0,0,0,0,1.0,0.10791015625
14047,char_touch,1,0,1,0.168853591160221,0.7708985786557456,9,0,0,37,38,0.2895204262877442,0.412353515625
14238,char_touch,1,0,1,0.1320400776836158,0.7629527739569005,12,0,0,39,40,0.22829778303506695,0.3998870849609375
14262,noise_cleanable,0,0,0,0.178009033203125,0.0,47,0,0,0,0,1.0,0.178009033203125
13009,char_touch,1,0,1,0.17345120614035087,0.8500276701715551,6,0,0,42,43,0.2586788403229653,0.4478912353515625
239701,char_touch,1,0,1,0.1337002840909091,0.49886326729457614,0,18,18,0,0,0.4496596202078108,0.255523681640625
239703,crop_safe,1,0,0,0.17951541850220265,0.0,2,0,0,15,14,0.5847861427210045,0.2722015380859375
14268,noise_cleanable,0,0,0,0.354400634765625,0.0,271,0,0,0,0,1.0,0.354400634765625
14325,noise_cleanable,0,0,0,0.1116485595703125,0.0,113,0,0,0,0,1.0,0.1116485595703125
14366,noise_cleanable,0,0,0,0.2001800537109375,0.0,31,0,0,0,0,1.0,0.2001800537109375
240218,noise_cleanable,0,0,0,0.2961883544921875,0.0,35,0,0,0,0,1.0,0.2961883544921875
15050,noise_cleanable,0,0,0,0.1353607177734375,0.0,63,0,0,0,0,1.0,0.1353607177734375
15163,noise_cleanable,0,0,0,0.1443023681640625,0.0,58,0,0,0,0,1.0,0.1443023681640625
240620,noise_cleanable,0,0,0,0.196319580078125,0.0,51,0,0,0,0,1.0,0.196319580078125
15377,noise_cleanable,0,0,0,0.126434326171875,0.0,30,0,0,0,0,1.0,0.126434326171875
14486,char_touch,1,0,1,0.14618148395721925,1.0,0,34,35,0,0,0.28375638634336225,0.376312255859375
240293,char_touch,1,0,1,0.32210867745535715,0.3528827467069747,20,17,15,0,0,0.6933038060205691,0.406524658203125
240291,noise_cleanable,0,0,0,0.3696441650390625,0.0,41,0,0,0,0,1.0,0.3696441650390625
14629,char_touch,1,0,1,0.19096991356382978,0.6693325130729006,24,0,0,34,34,0.34553930598894694,0.4058685302734375
240361,char_touch,1,0,1,0.2683035714285714,0.7167354938055575,24,40,41,0,0,0.36695567224325315,0.49981689453125
14881,noise_cleanable,0,0,0,0.21368408203125,0.0,39,0,0,0,0,1.0,0.21368408203125
14842,crop_safe,1,0,0,0.21823650234741784,0.0,1,21,22,0,0,0.5194691810721146,0.34954833984375
240437,noise_cleanable,0,0,0,0.2256317138671875,0.0,32,0,0,0,0,1.0,0.2256317138671875
15024,char_touch,1,0,1,0.15295226130653267,0.853083893598363,14,0,0,28,29,0.34810578984989277,0.341552734375
15386,noise_cleanable,0,0,0,0.074981689453125,0.0,30,0,0,0,0,1.0,0.074981689453125
15501,noise_cleanable,0,0,0,0.1221771240234375,0.0,37,0,0,0,0,1.0,0.1221771240234375
15506,noise_cleanable,0,0,0,0.3031463623046875,0.0,84,0,0,0,0,1.0,0.3031463623046875
15552,char_touch,1,0,1,0.1779079861111111,0.6684532398818113,27,0,0,38,38,0.29644897663990744,0.421966552734375
15645,char_touch,1,0,1,0.14797922486033518,1.0,0,38,39,0,0,0.2559544030498622,0.4042510986328125
15757,char_touch,1,0,1,0.18014461436170212,0.9934938933911653,0,34,34,0,0,0.3324641460234681,0.397918701171875
15770,noise_cleanable,0,0,0,0.228515625,0.0,74,0,0,0,0,1.0,0.228515625
1716,noise_cleanable,0,0,0,0.1912689208984375,0.0,94,0,0,0,0,1.0,0.1912689208984375
1730,noise_cleanable,0,0,0,0.0501556396484375,0.0,49,0,0,0,0,1.0,0.0501556396484375
237609,noise_cleanable,0,0,0,0.25262451171875,0.0,39,0,0,0,0,1.0,0.25262451171875
6738,invert_fix,0,1,0,0.74810791015625,0.0,0,0,0,0,0,1.0,0.74810791015625
237020,crop_safe,1,0,0,0.21520196506550218,0.0,0,13,14,0,0,0.6460467021712413,0.2979736328125
6880,clean_noop,0,0,0,0.5916900634765625,0.0,0,0,0,0,0,1.0,0.5916900634765625
5963,noise_cleanable,0,0,0,0.2542572021484375,0.0,51,0,0,0,0,1.0,0.2542572021484375
6140,invert_fix,0,1,0,0.6820526123046875,0.0,0,0,0,0,0,1.0,0.6820526123046875
6215,noise_cleanable,0,0,0,0.284698486328125,0.0,80,0,0,0,0,1.0,0.284698486328125
8166,char_touch,1,0,1,0.10447474888392858,0.9473745084432107,9,0,0,16,16,0.42243689183472005,0.216400146484375
8287,clean_noop,0,0,0,0.6269989013671875,0.0,0,0,0,0,0,1.0,0.6269989013671875
8288,clean_noop,0,0,0,0.7176513671875,0.0,0,0,0,0,0,1.0,0.7176513671875
8647,noise_cleanable,0,0,0,0.1539154052734375,0.0,78,0,0,0,0,1.0,0.1539154052734375
238302,char_touch,1,0,1,0.11145571995812015,0.9309150722881135,4,16,17,29,0,0.2753403933434191,0.3126678466796875
9807,noise_cleanable,0,0,0,0.3532257080078125,0.0,73,0,0,0,0,1.0,0.3532257080078125
10830,noise_cleanable,0,0,0,0.3994903564453125,0.0,54,0,0,0,0,1.0,0.3994903564453125
10816,noise_cleanable,0,0,0,0.18731689453125,0.0,30,0,0,0,0,1.0,0.18731689453125
10892,char_touch,1,0,1,0.152197265625,0.9930499434297722,5,0,0,48,48,0.20233690360272638,0.470123291015625
11010,noise_cleanable,0,0,0,0.2665252685546875,0.0,125,0,0,0,0,1.0,0.2665252685546875
238374,char_touch,1,0,1,0.15986282276995306,0.8309390594283986,2,0,0,21,22,0.4423301364997209,0.3007049560546875
238396,noise_cleanable,0,0,0,0.2238922119140625,0.0,245,0,0,0,0,1.0,0.2238922119140625
10067,char_touch,1,0,1,0.16622999237804878,1.0,0,0,0,46,46,0.22858733746028626,0.4658660888671875
10121,char_touch,1,0,1,0.28925212378640774,0.5200926415017675,22,0,0,25,25,0.5437370784914807,0.428070068359375
238434,noise_cleanable,0,0,0,0.22235107421875,0.0,87,0,0,0,0,1.0,0.22235107421875
10224,noise_cleanable,0,0,0,0.17596435546875,0.0,33,0,0,0,0,1.0,0.17596435546875
10443,noise_cleanable,0,0,0,0.286224365234375,0.0,106,0,0,0,0,1.0,0.286224365234375
12415,char_touch,1,0,1,0.15057762632978725,1.0,0,34,34,0,0,0.2939363212330156,0.3762054443359375
13444,char_touch,1,0,1,0.0937280547752809,0.9975022479768209,14,0,0,39,39,0.1762036387639754,0.3698577880859375
13459,noise_cleanable,0,0,0,0.142913818359375,0.0,47,0,0,0,0,1.0,0.142913818359375
13471,noise_cleanable,0,0,0,0.129364013671875,0.0,111,0,0,0,0,1.0,0.129364013671875
13871,noise_cleanable,0,0,0,0.3535003662109375,0.0,50,0,0,0,0,1.0,0.3535003662109375
13863,noise_cleanable,0,0,0,0.1466522216796875,0.0,124,0,0,0,0,1.0,0.1466522216796875
62859,clean_noop,0,0,0,0.5322265625,0.0,0,0,0,0,0,1.0,0.5322265625
62910,noise_cleanable,0,0,0,0.16815185546875,0.0,30,0,0,0,0,1.0,0.16815185546875
62920,noise_cleanable,0,0,0,0.177581787109375,0.0,59,0,0,0,0,1.0,0.177581787109375
63016,invert_fix,0,1,0,0.7547454833984375,0.0,0,0,0,0,0,1.0,0.7547454833984375
63083,noise_cleanable,0,0,0,0.0950164794921875,0.0,42,0,0,0,0,1.0,0.0950164794921875
260348,char_touch,1,0,1,0.1479420731707317,0.8076708939065883,1,26,25,0,0,0.3729106628242075,0.31768798828125
63243,char_touch,1,0,1,0.25712547110552764,0.5337845253338211,2,0,0,29,28,0.4730588660166125,0.422515869140625
63845,invert_fix,0,1,0,0.764892578125,0.0,0,0,0,0,0,1.0,0.764892578125
63900,noise_cleanable,0,0,0,0.4122314453125,0.0,207,0,0,0,0,1.0,0.4122314453125
64343,noise_cleanable,0,0,0,0.1772003173828125,0.0,44,0,0,0,0,1.0,0.1772003173828125
64411,invert_fix,0,1,0,0.6398162841796875,0.0,0,0,0,0,0,1.0,0.6398162841796875
64649,invert_fix,0,1,0,0.6749267578125,0.0,0,0,0,0,0,1.0,0.6749267578125
260978,char_touch,1,0,1,0.2510340073529412,0.9503242721125983,0,0,0,27,25,0.4966473462893511,0.4027862548828125
64133,noise_cleanable,0,0,0,0.327728271484375,0.0,72,0,0,0,0,1.0,0.327728271484375
64179,noise_cleanable,0,0,0,0.2371368408203125,0.0,79,0,0,0,0,1.0,0.2371368408203125
64246,crop_safe,1,0,0,0.2542264344262295,0.0,5,0,0,0,12,0.8379062895736598,0.2891845703125
64339,noise_cleanable,0,0,0,0.2512054443359375,0.0,41,0,0,0,0,1.0,0.2512054443359375
64871,invert_fix,0,1,0,0.7225799560546875,0.0,0,0,0,0,0,1.0,0.7225799560546875
65071,invert_fix,0,1,0,0.794586181640625,0.0,0,0,0,0,0,1.0,0.794586181640625
65329,noise_cleanable,0,0,0,0.2899017333984375,0.0,47,0,0,0,0,1.0,0.2899017333984375
65368,noise_cleanable,0,0,0,0.2870941162109375,0.0,42,0,0,0,0,1.0,0.2870941162109375
261268,noise_cleanable,0,0,0,0.3009033203125,0.0,129,0,0,0,0,1.0,0.3009033203125
65447,noise_cleanable,0,0,0,0.2899017333984375,0.0,47,0,0,0,0,1.0,0.2899017333984375
65481,noise_cleanable,0,0,0,0.2870941162109375,0.0,42,0,0,0,0,1.0,0.2870941162109375
65482,noise_cleanable,0,0,0,0.3009033203125,0.0,129,0,0,0,0,1.0,0.3009033203125
65574,noise_cleanable,0,0,0,0.168212890625,0.0,135,0,0,0,0,1.0,0.168212890625
65601,noise_cleanable,0,0,0,0.2574310302734375,0.0,57,0,0,0,0,1.0,0.2574310302734375
66334,noise_cleanable,0,0,0,0.298431396484375,0.0,93,0,0,0,0,1.0,0.298431396484375
66404,noise_cleanable,0,0,0,0.4218597412109375,0.0,34,0,0,0,0,1.0,0.4218597412109375
66505,noise_cleanable,0,0,0,0.2275238037109375,0.0,42,0,0,0,0,1.0,0.2275238037109375
261745,noise_cleanable,0,0,0,0.3930206298828125,0.0,45,0,0,0,0,1.0,0.3930206298828125
66559,noise_cleanable,0,0,0,0.4218597412109375,0.0,34,0,0,0,0,1.0,0.4218597412109375
45377,noise_cleanable,0,0,0,0.40643310546875,0.0,45,0,0,0,0,1.0,0.40643310546875
44662,noise_cleanable,0,0,0,0.21697998046875,0.0,106,0,0,0,0,1.0,0.21697998046875
252745,char_touch,1,0,1,0.13368594720496896,0.944865368924117,9,0,0,47,48,0.1847257610299048,0.45513916015625
44696,noise_cleanable,0,0,0,0.248565673828125,0.0,37,0,0,0,0,1.0,0.248565673828125
44806,noise_cleanable,0,0,0,0.2299652099609375,0.0,171,0,0,0,0,1.0,0.2299652099609375
44850,char_touch,1,0,1,0.44247308298319327,0.1456402868275433,0,18,0,0,0,0.8583755213805839,0.4792327880859375
44959,noise_cleanable,0,0,0,0.2758941650390625,0.0,114,0,0,0,0,1.0,0.2758941650390625
45565,noise_cleanable,0,0,0,0.2352294921875,0.0,127,0,0,0,0,1.0,0.2352294921875
253119,char_touch,1,0,1,0.3723273026315789,0.38588265519123927,46,23,24,0,0,0.6237592760747722,0.4873199462890625
45602,noise_cleanable,0,0,0,0.29974365234375,0.0,52,0,0,0,0,1.0,0.29974365234375
45845,char_touch,1,0,1,0.19528924851190477,0.9671666165284284,3,0,0,43,45,0.2717771162309086,0.4715576171875
45876,char_touch,1,0,1,0.44133890086206895,0.25334090313564506,1,0,0,24,0,0.8187923656014744,0.4884796142578125
45956,char_touch,1,0,1,0.17097729037267081,0.8706139564890147,2,48,47,0,0,0.22487076392877656,0.478179931640625
46046,noise_cleanable,0,0,0,0.3194732666015625,0.0,56,0,0,0,0,1.0,0.3194732666015625
253294,noise_cleanable,0,0,0,0.2114410400390625,0.0,65,0,0,0,0,1.0,0.2114410400390625
46115,noise_cleanable,0,0,0,0.275177001953125,0.0,32,0,0,0,0,1.0,0.275177001953125
46341,noise_cleanable,0,0,0,0.276336669921875,0.0,67,0,0,0,0,1.0,0.276336669921875
46346,noise_cleanable,0,0,0,0.3226470947265625,0.0,98,0,0,0,0,1.0,0.3226470947265625
46450,char_touch,1,0,1,0.17534298780487806,0.7974908200734394,0,0,0,25,26,0.41388926370710205,0.3392486572265625
253502,char_touch,1,0,1,0.29081717914438504,0.8276638671233519,10,0,0,34,35,0.44110005703060645,0.481597900390625
46775,char_touch,1,0,1,0.14445857558139535,0.7181986682226952,7,20,21,0,0,0.4318144789007766,0.2809600830078125
46928,clean_noop,0,0,0,0.464447021484375,0.0,2,0,0,0,0,1.0,0.464447021484375
46941,noise_cleanable,0,0,0,0.41259765625,0.0,56,0,0,0,0,1.0,0.41259765625
47010,char_touch,1,0,1,0.15104166666666666,0.7771900826446281,0,23,23,0,0,0.40855345911949686,0.3032684326171875
253685,char_touch,1,0,1,0.16489615091463414,0.8849670743179681,4,46,46,0,0,0.22742354061955913,0.4644927978515625
253695,char_touch,1,0,1,0.3764911825726141,0.1754873340239194,0,0,0,15,0,0.8617325171582266,0.4113006591796875
47098,char_touch,1,0,1,0.3723580917874396,0.6238568988041403,2,22,27,0,0,0.613786238646261,0.49053955078125
47116,char_touch,1,0,1,0.31878810975609756,0.51796,1,0,0,27,24,0.5636982378112471,0.4528656005859375
47117,char_touch,1,0,1,0.3798828125,0.2872879254772784,0,0,0,16,16,0.7286837263756482,0.4561614990234375
253750,char_touch,1,0,1,0.3739970439189189,0.390870314910609,0,0,0,17,17,0.7116073521041882,0.4557647705078125
47260,char_touch,1,0,1,0.3634817390004112,0.5452269460800222,0,0,15,19,15,0.6231614701829717,0.4761810302734375
47341,noise_cleanable,0,0,0,0.348419189453125,0.0,83,0,0,0,0,1.0,0.348419189453125
71224,invert_fix,0,1,0,0.6371002197265625,0.0,0,0,0,0,0,1.0,0.6371002197265625
71938,invert_fix,0,1,0,0.68511962890625,0.0,0,0,0,0,0,1.0,0.68511962890625
71941,noise_cleanable,0,0,0,0.19317626953125,0.0,66,0,0,0,0,1.0,0.19317626953125
264116,noise_cleanable,0,0,0,0.37554931640625,0.0,99,0,0,0,0,1.0,0.37554931640625
264148,noise_cleanable,0,0,0,0.37554931640625,0.0,99,0,0,0,0,1.0,0.37554931640625
72466,noise_cleanable,0,0,0,0.1806182861328125,0.0,110,0,0,0,0,1.0,0.1806182861328125
72489,char_touch,1,0,1,0.23237376847290642,0.9381664589392051,1,0,0,26,27,0.4712585365853659,0.3910064697265625
72988,noise_cleanable,0,0,0,0.19769287109375,0.0,51,0,0,0,0,1.0,0.19769287109375
73013,noise_cleanable,0,0,0,0.19952392578125,0.0,76,0,0,0,0,1.0,0.19952392578125
73029,noise_cleanable,0,0,0,0.1842041015625,0.0,54,0,0,0,0,1.0,0.1842041015625
264428,noise_cleanable,0,0,0,0.183349609375,0.0,47,0,0,0,0,1.0,0.183349609375
264603,char_touch,1,0,1,0.11179315476190477,0.7347032487659282,2,13,12,0,0,0.5081085235569902,0.1985321044921875
73567,noise_cleanable,0,0,0,0.322479248046875,0.0,39,0,0,0,0,1.0,0.322479248046875
73597,noise_cleanable,0,0,0,0.396820068359375,0.0,39,0,0,0,0,1.0,0.396820068359375
264674,char_touch,1,0,1,0.1848201308139535,0.9139748384903095,0,42,42,0,0,0.2745428783482896,0.452301025390625
73819,invert_fix,0,1,0,0.71600341796875,0.0,0,0,0,0,0,1.0,0.71600341796875
74282,noise_cleanable,0,0,0,0.1533966064453125,0.0,45,0,0,0,0,1.0,0.1533966064453125
74291,noise_cleanable,0,0,0,0.2615814208984375,0.0,111,0,0,0,0,1.0,0.2615814208984375
74394,invert_fix,0,1,0,0.756591796875,0.0,1,0,0,0,0,1.0,0.756591796875
74786,char_touch,1,0,1,0.17086693548387097,0.9857725903040012,0,0,0,48,53,0.20782246199117213,0.497802734375
74245,noise_cleanable,0,0,0,0.1708221435546875,0.0,41,0,0,0,0,1.0,0.1708221435546875
75061,noise_cleanable,0,0,0,0.249420166015625,0.0,200,0,0,0,0,1.0,0.249420166015625
75173,noise_cleanable,0,0,0,0.173553466796875,0.0,105,0,0,0,0,1.0,0.173553466796875
75308,noise_cleanable,0,0,0,0.1396484375,0.0,47,0,0,0,0,1.0,0.1396484375
75602,clean_noop,0,0,0,0.537994384765625,0.0,0,0,0,0,0,1.0,0.537994384765625
75685,invert_fix,0,1,0,0.748291015625,0.0,0,0,0,0,0,1.0,0.748291015625
75695,noise_cleanable,0,0,0,0.2852630615234375,0.0,30,0,0,0,0,1.0,0.2852630615234375
75816,invert_fix,0,1,0,0.7010650634765625,0.0,0,0,0,0,0,1.0,0.7010650634765625
76340,noise_cleanable,0,0,0,0.1373443603515625,0.0,59,0,0,0,0,1.0,0.1373443603515625
76623,invert_fix,0,1,0,0.679351806640625,0.0,0,0,0,0,0,1.0,0.679351806640625
76691,invert_fix,0,1,0,0.5747222900390625,0.0,0,0,0,0,0,1.0,0.5747222900390625
76841,noise_cleanable,0,0,0,0.208343505859375,0.0,50,0,0,0,0,1.0,0.208343505859375
66668,noise_cleanable,0,0,0,0.2275238037109375,0.0,42,0,0,0,0,1.0,0.2275238037109375
66669,noise_cleanable,0,0,0,0.3930206298828125,0.0,45,0,0,0,0,1.0,0.3930206298828125
66918,noise_cleanable,0,0,0,0.180206298828125,0.0,34,0,0,0,0,1.0,0.180206298828125
67173,noise_cleanable,0,0,0,0.2301025390625,0.0,47,0,0,0,0,1.0,0.2301025390625
67739,noise_cleanable,0,0,0,0.2365875244140625,0.0,41,0,0,0,0,1.0,0.2365875244140625
67884,noise_cleanable,0,0,0,0.3946075439453125,0.0,71,0,0,0,0,1.0,0.3946075439453125
68361,noise_cleanable,0,0,0,0.1514129638671875,0.0,54,0,0,0,0,1.0,0.1514129638671875
68437,noise_cleanable,0,0,0,0.442413330078125,0.0,56,0,0,0,0,1.0,0.442413330078125
68606,invert_fix,0,1,0,0.590667724609375,0.0,0,0,0,0,0,1.0,0.590667724609375
68798,noise_cleanable,0,0,0,0.0977630615234375,0.0,37,0,0,0,0,1.0,0.0977630615234375
68800,char_touch,1,0,1,0.3176128926701571,0.745920745920746,105,0,0,33,32,0.48274790177183713,0.490875244140625
68856,crop_safe,1,0,0,0.1847624231557377,0.0,1,12,0,0,0,0.7897762266475057,0.2229766845703125
68997,char_touch,1,0,1,0.3407349817961165,0.526556324110672,122,25,25,0,0,0.5842057350933091,0.469329833984375
68998,noise_cleanable,0,0,0,0.3330230712890625,0.0,66,0,0,0,0,1.0,0.3330230712890625
69033,invert_fix,0,1,0,0.5716552734375,0.0,0,0,0,0,0,1.0,0.5716552734375
69131,clean_noop,0,0,0,0.54296875,0.0,0,0,0,0,0,1.0,0.54296875
262837,noise_cleanable,0,0,0,0.1493682861328125,0.0,34,0,0,0,0,1.0,0.1493682861328125
69197,noise_cleanable,0,0,0,0.248504638671875,0.0,31,0,0,0,0,1.0,0.248504638671875
69300,clean_noop,0,0,0,0.7284698486328125,0.0,0,0,0,0,0,1.0,0.7284698486328125
69852,blob_discard,1,0,1,0.4731845543032787,0.09026532253076876,1,0,12,0,0,0.9101182411627048,0.49554443359375
263111,char_touch,1,0,1,0.41770833333333335,0.24808527931476446,1,0,0,16,15,0.7519689961245155,0.48822021484375
263107,noise_cleanable,0,0,0,0.3447723388671875,0.0,108,0,0,0,0,1.0,0.3447723388671875
69985,noise_cleanable,0,0,0,0.1989593505859375,0.0,70,0,0,0,0,1.0,0.1989593505859375
70018,clean_noop,0,0,0,0.5052032470703125,0.0,1,0,0,0,0,1.0,0.5052032470703125
70270,noise_cleanable,0,0,0,0.259033203125,0.0,41,0,0,0,0,1.0,0.259033203125
70340,invert_fix,0,1,0,0.75640869140625,0.0,0,0,0,0,0,1.0,0.75640869140625
70396,invert_fix,0,1,0,0.6289520263671875,0.0,0,0,0,0,0,1.0,0.6289520263671875
70439,clean_noop,0,0,0,0.5470428466796875,0.0,0,0,0,0,0,1.0,0.5470428466796875
70536,clean_noop,0,0,0,0.5172882080078125,0.0,0,0,0,0,0,1.0,0.5172882080078125
70892,clean_noop,0,0,0,0.519775390625,0.0,0,0,0,0,0,1.0,0.519775390625
70914,char_touch,1,0,1,0.38706235532407407,0.3201105824868201,1,0,0,20,20,0.6824718599534454,0.4785308837890625
71033,char_touch,1,0,1,0.3634588068181818,0.3055820610687023,3,0,0,18,18,0.6953833610761966,0.4491729736328125
266094,char_touch,1,0,1,0.1584306735436893,0.8618367896579585,1,25,25,0,0,0.39494209406759634,0.3227996826171875
77166,noise_cleanable,0,0,0,0.29864501953125,0.0,89,0,0,0,0,1.0,0.29864501953125
77238,noise_cleanable,0,0,0,0.143402099609375,0.0,50,0,0,0,0,1.0,0.143402099609375
77239,noise_cleanable,0,0,0,0.2228851318359375,0.0,226,0,0,0,0,1.0,0.2228851318359375
77325,noise_cleanable,0,0,0,0.143402099609375,0.0,50,0,0,0,0,1.0,0.143402099609375
266210,noise_cleanable,0,0,0,0.2228851318359375,0.0,226,0,0,0,0,1.0,0.2228851318359375
77362,char_touch,1,0,1,0.31104316086065575,0.18743095618018904,5,12,0,0,0,0.8641640350487034,0.3430633544921875
77773,noise_cleanable,0,0,0,0.1714935302734375,0.0,36,0,0,0,0,1.0,0.1714935302734375
77780,noise_cleanable,0,0,0,0.1714935302734375,0.0,36,0,0,0,0,1.0,0.1714935302734375
78176,clean_noop,0,0,0,0.491455078125,0.0,2,0,0,0,0,1.0,0.491455078125
78611,invert_fix,0,1,0,0.7365875244140625,0.0,0,0,0,0,0,1.0,0.7365875244140625
79630,noise_cleanable,0,0,0,0.20257568359375,0.0,80,0,0,0,0,1.0,0.20257568359375
267176,noise_cleanable,0,0,0,0.360076904296875,0.0,45,0,0,0,0,1.0,0.360076904296875
79781,noise_cleanable,0,0,0,0.1994781494140625,0.0,101,0,0,0,0,1.0,0.1994781494140625
79984,char_touch,1,0,1,0.24907967931937172,0.8992164279924345,4,0,0,33,32,0.42260314375932545,0.4397430419921875
80041,invert_fix,0,1,0,0.58734130859375,0.0,0,0,0,0,0,1.0,0.58734130859375
80059,noise_cleanable,0,0,0,0.2054443359375,0.0,102,0,0,0,0,1.0,0.2054443359375
80335,noise_cleanable,0,0,0,0.08538818359375,0.0,32,0,0,0,0,1.0,0.08538818359375
80369,noise_cleanable,0,0,0,0.22003173828125,0.0,38,0,0,0,0,1.0,0.22003173828125
80370,noise_cleanable,0,0,0,0.2834930419921875,0.0,208,0,0,0,0,1.0,0.2834930419921875
80451,noise_cleanable,0,0,0,0.13323974609375,0.0,39,0,0,0,0,1.0,0.13323974609375
80518,noise_cleanable,0,0,0,0.223236083984375,0.0,42,0,0,0,0,1.0,0.223236083984375
80671,noise_cleanable,0,0,0,0.1088714599609375,0.0,31,0,0,0,0,1.0,0.1088714599609375
81423,invert_fix,0,1,0,0.682037353515625,0.0,0,0,0,0,0,1.0,0.682037353515625
80864,invert_fix,0,1,0,0.669952392578125,0.0,0,0,0,0,0,1.0,0.669952392578125
80865,invert_fix,0,1,0,0.6772308349609375,0.0,2,0,0,0,0,1.0,0.6772308349609375
267681,char_touch,1,0,1,0.27565406976744183,0.4664794508335562,71,20,21,0,0,0.5918009127433007,0.3911895751953125
80916,char_touch,1,0,1,0.2204190340909091,0.8523074077499306,2,18,18,0,0,0.5739251040221914,0.330047607421875
80917,char_touch,1,0,1,0.2462126358695652,0.5627324991545485,46,13,13,0,0,0.6853401408783624,0.3227691650390625
80920,char_touch,1,0,1,0.27565406976744183,0.4664794508335562,71,20,21,0,0,0.5918009127433007,0.3911895751953125
81547,noise_cleanable,0,0,0,0.2217559814453125,0.0,65,0,0,0,0,1.0,0.2217559814453125
81653,invert_fix,0,1,0,0.6317138671875,0.0,1,0,0,0,0,1.0,0.6317138671875
85230,noise_cleanable,0,0,0,0.184112548828125,0.0,58,0,0,0,0,1.0,0.184112548828125
85618,noise_cleanable,0,0,0,0.23260498046875,0.0,50,0,0,0,0,1.0,0.23260498046875
85821,noise_cleanable,0,0,0,0.4574127197265625,0.0,64,0,0,0,0,1.0,0.4574127197265625
85853,noise_cleanable,0,0,0,0.170196533203125,0.0,124,0,0,0,0,1.0,0.170196533203125
85869,char_touch,1,0,1,0.1590297965116279,0.8488475535786494,2,0,0,21,20,0.4547249207751052,0.2937164306640625
269733,char_touch,1,0,1,0.1906101895734597,0.9493983847041372,3,0,0,22,23,0.47194719471947194,0.3328857421875
269763,char_touch,1,0,1,0.1432986111111111,0.91710084520088,11,16,15,0,0,0.5102936630602782,0.2468109130859375
86067,noise_cleanable,0,0,0,0.156524658203125,0.0,46,0,0,0,0,1.0,0.156524658203125
86364,invert_fix,0,1,0,0.660400390625,0.0,2,0,0,0,0,1.0,0.660400390625
86389,invert_fix,0,1,0,0.69769287109375,0.0,1,0,0,0,0,1.0,0.69769287109375
269940,char_touch,1,0,1,0.20121173469387754,0.8924525013073035,5,0,0,29,31,0.3966059082338152,0.388427734375
269995,noise_cleanable,0,0,0,0.2706451416015625,0.0,71,0,0,0,0,1.0,0.2706451416015625
86622,noise_cleanable,0,0,0,0.27020263671875,0.0,128,0,0,0,0,1.0,0.27020263671875
86721,noise_cleanable,0,0,0,0.2284698486328125,0.0,74,0,0,0,0,1.0,0.2284698486328125
87066,noise_cleanable,0,0,0,0.11492919921875,0.0,59,0,0,0,0,1.0,0.11492919921875
87260,noise_cleanable,0,0,0,0.348785400390625,0.0,33,0,0,0,0,1.0,0.348785400390625
87433,noise_cleanable,0,0,0,0.1408843994140625,0.0,30,0,0,0,0,1.0,0.1408843994140625
87555,noise_cleanable,0,0,0,0.3831329345703125,0.0,100,0,0,0,0,1.0,0.3831329345703125
87850,noise_cleanable,0,0,0,0.3070220947265625,0.0,64,0,0,0,0,1.0,0.3070220947265625
88100,noise_cleanable,0,0,0,0.162078857421875,0.0,50,0,0,0,0,1.0,0.162078857421875
89180,invert_fix,0,1,0,0.58599853515625,0.0,0,0,0,0,0,1.0,0.58599853515625
89333,invert_fix,0,1,0,0.58599853515625,0.0,0,0,0,0,0,1.0,0.58599853515625
89378,invert_fix,0,1,0,0.5991973876953125,0.0,0,0,0,0,0,1.0,0.5991973876953125
89410,invert_fix,0,1,0,0.5991973876953125,0.0,0,0,0,0,0,1.0,0.5991973876953125
88945,char_touch,1,0,1,0.32546943530701755,0.16779026217228465,2,0,0,14,14,0.7260739948020181,0.39923095703125
89047,noise_cleanable,0,0,0,0.1874542236328125,0.0,31,0,0,0,0,1.0,0.1874542236328125
89658,noise_cleanable,0,0,0,0.126129150390625,0.0,36,0,0,0,0,1.0,0.126129150390625
90382,invert_fix,0,1,0,0.71875,0.0,0,0,0,0,0,1.0,0.71875
90432,noise_cleanable,0,0,0,0.1610870361328125,0.0,158,0,0,0,0,1.0,0.1610870361328125
90488,noise_cleanable,0,0,0,0.2292633056640625,0.0,64,0,0,0,0,1.0,0.2292633056640625
90686,clean_noop,0,0,0,0.53369140625,0.0,0,0,0,0,0,1.0,0.53369140625
90724,invert_fix,0,1,0,0.8048248291015625,0.0,0,0,0,0,0,1.0,0.8048248291015625
95857,invert_fix,0,1,0,0.7168426513671875,0.0,0,0,0,0,0,1.0,0.7168426513671875
95863,noise_cleanable,0,0,0,0.2970733642578125,0.0,41,0,0,0,0,1.0,0.2970733642578125
95865,noise_cleanable,0,0,0,0.18975830078125,0.0,31,0,0,0,0,1.0,0.18975830078125
95627,noise_cleanable,0,0,0,0.3676910400390625,0.0,78,0,0,0,0,1.0,0.3676910400390625
273669,noise_cleanable,0,0,0,0.331512451171875,0.0,159,0,0,0,0,1.0,0.331512451171875
96407,clean_noop,0,0,0,0.5421905517578125,0.0,1,0,0,0,0,1.0,0.5421905517578125
96775,noise_cleanable,0,0,0,0.304412841796875,0.0,243,0,0,0,0,1.0,0.304412841796875
97160,noise_cleanable,0,0,0,0.178924560546875,0.0,64,0,0,0,0,1.0,0.178924560546875
274354,char_touch,1,0,1,0.20471892959770116,0.7120456165359943,13,0,0,41,41,0.302976941989501,0.459259033203125
97940,noise_cleanable,0,0,0,0.2650604248046875,0.0,124,0,0,0,0,1.0,0.2650604248046875
98137,noise_cleanable,0,0,0,0.2450103759765625,0.0,32,0,0,0,0,1.0,0.2450103759765625
98231,noise_cleanable,0,0,0,0.2613525390625,0.0,34,0,0,0,0,1.0,0.2613525390625
98252,char_touch,1,0,1,0.13371394230769232,0.9876369327073552,1,0,0,41,33,0.2475857409688829,0.3839569091796875
98255,char_touch,1,0,1,0.12249917328042328,0.9170721274661819,8,0,0,33,34,0.25681355344685647,0.3521575927734375
98256,char_touch,1,0,1,0.12060546875,0.9127068129909197,4,0,0,32,32,0.2656866260308354,0.3404541015625
98328,noise_cleanable,0,0,0,0.2842254638671875,0.0,30,0,0,0,0,1.0,0.2842254638671875
98391,noise_cleanable,0,0,0,0.314300537109375,0.0,80,0,0,0,0,1.0,0.314300537109375
98930,noise_cleanable,0,0,0,0.1903839111328125,0.0,53,0,0,0,0,1.0,0.1903839111328125
98955,noise_cleanable,0,0,0,0.1635284423828125,0.0,75,0,0,0,0,1.0,0.1635284423828125
98970,noise_cleanable,0,0,0,0.1627960205078125,0.0,52,0,0,0,0,1.0,0.1627960205078125
98982,noise_cleanable,0,0,0,0.1971435546875,0.0,36,0,0,0,0,1.0,0.1971435546875
99029,invert_fix,0,1,0,0.551513671875,0.0,0,0,0,0,0,1.0,0.551513671875
99046,noise_cleanable,0,0,0,0.1646575927734375,0.0,34,0,0,0,0,1.0,0.1646575927734375
99121,invert_fix,0,1,0,0.7411651611328125,0.0,0,0,0,0,0,1.0,0.7411651611328125
99238,invert_fix,0,1,0,0.586273193359375,0.0,0,0,0,0,0,1.0,0.586273193359375
99396,invert_fix,0,1,0,0.73492431640625,0.0,0,0,0,0,0,1.0,0.73492431640625
99595,noise_cleanable,0,0,0,0.1033782958984375,0.0,121,0,0,0,0,1.0,0.1033782958984375
99786,noise_cleanable,0,0,0,0.2127685546875,0.0,37,0,0,0,0,1.0,0.2127685546875
275402,noise_cleanable,0,0,0,0.2358856201171875,0.0,54,0,0,0,0,1.0,0.2358856201171875
99998,noise_cleanable,0,0,0,0.2358856201171875,0.0,54,0,0,0,0,1.0,0.2358856201171875
100171,char_touch,1,0,1,0.30916587752525254,0.5719439810683943,0,0,0,29,29,0.5152561320444532,0.464080810546875
100175,char_touch,1,0,1,0.2972992081447964,0.43450338268457694,0,0,0,13,22,0.6549079157419304,0.3918914794921875
277558,noise_cleanable,0,0,0,0.2178955078125,0.0,38,0,0,0,0,1.0,0.2178955078125
104975,noise_cleanable,0,0,0,0.29022216796875,0.0,53,0,0,0,0,1.0,0.29022216796875
104996,noise_cleanable,0,0,0,0.1827392578125,0.0,37,0,0,0,0,1.0,0.1827392578125
105017,crop_safe,1,0,0,0.2637728987068966,0.0,1,0,0,12,12,0.7182943603851444,0.332794189453125
106641,char_touch,1,0,1,0.3832607581967213,0.11544371878601614,0,0,0,0,12,0.8884765262571905,0.4111480712890625
278259,clean_noop,0,0,0,0.4446563720703125,0.0,0,0,0,0,0,1.0,0.4446563720703125
106708,char_touch,1,0,1,0.11088654891304348,0.6777381558838512,1,13,13,0,0,0.49533419315681665,0.2011260986328125
106830,noise_cleanable,0,0,0,0.1959228515625,0.0,34,0,0,0,0,1.0,0.1959228515625
107250,noise_cleanable,0,0,0,0.13677978515625,0.0,37,0,0,0,0,1.0,0.13677978515625
278458,char_touch,1,0,1,0.17045036764705881,0.7512206781165705,9,0,0,42,44,0.25214997110710763,0.4488983154296875
278762,char_touch,1,0,1,0.21847098214285715,0.7192159116304313,3,0,0,44,44,0.29432401954642273,0.48712158203125
107889,noise_cleanable,0,0,0,0.338531494140625,0.0,118,0,0,0,0,1.0,0.338531494140625
107890,noise_cleanable,0,0,0,0.1173858642578125,0.0,31,0,0,0,0,1.0,0.1173858642578125
107891,noise_cleanable,0,0,0,0.15728759765625,0.0,43,0,0,0,0,1.0,0.15728759765625
107960,char_touch,1,0,1,0.20005580357142858,0.8763067813858821,9,38,36,0,0,0.32977180258269945,0.4312896728515625
108322,char_touch,1,0,1,0.18452214125560537,0.5754266211604095,1,0,0,17,16,0.5554735287913942,0.28936767578125
108334,noise_cleanable,0,0,0,0.1843109130859375,0.0,58,0,0,0,0,1.0,0.1843109130859375
108405,noise_cleanable,0,0,0,0.2193603515625,0.0,31,0,0,0,0,1.0,0.2193603515625
108480,noise_cleanable,0,0,0,0.2047882080078125,0.0,39,0,0,0,0,1.0,0.2047882080078125
108548,char_touch,1,0,1,0.33980673785531657,0.41414847161572055,3,14,24,0,12,0.6039091212829937,0.456695556640625
109025,char_touch,1,0,1,0.17628038194444445,0.90866554370204,14,0,0,38,38,0.2949206694986022,0.4202728271484375
109706,char_touch,1,0,1,0.22105189732142858,0.7092752345570178,22,0,0,44,44,0.2967691587326362,0.4888153076171875
110721,noise_cleanable,0,0,0,0.3284149169921875,0.0,45,0,0,0,0,1.0,0.3284149169921875
110273,char_touch,1,0,1,0.25006813226744184,0.6643278830402126,18,0,0,41,43,0.33875830666994833,0.4959716796875
111437,noise_cleanable,0,0,0,0.2288360595703125,0.0,40,0,0,0,0,1.0,0.2288360595703125
111516,char_touch,1,0,1,0.19248444570135748,0.6822415635974958,3,17,18,0,0,0.5492787249066882,0.302520751953125
111530,noise_cleanable,0,0,0,0.19610595703125,0.0,71,0,0,0,0,1.0,0.19610595703125
110750,char_touch,1,0,1,0.37555691596095636,0.1687624663949354,2,13,0,0,14,0.7780791995490417,0.43310546875
111001,char_touch,1,0,1,0.27993549782698474,0.45344499964811036,0,15,0,22,23,0.49273104880581514,0.440826416015625
111020,noise_cleanable,0,0,0,0.1894378662109375,0.0,55,0,0,0,0,1.0,0.1894378662109375
111022,noise_cleanable,0,0,0,0.2917938232421875,0.0,35,0,0,0,0,1.0,0.2917938232421875
111893,char_touch,1,0,1,0.25971167127071826,0.8547389039754263,0,0,0,38,37,0.38528526605622077,0.476593017578125
103365,char_touch,1,0,1,0.22996012369791666,0.7274018824365122,4,0,0,32,32,0.4082421352981544,0.4224700927734375
276919,noise_cleanable,0,0,0,0.2431793212890625,0.0,48,0,0,0,0,1.0,0.2431793212890625
103415,noise_cleanable,0,0,0,0.1507720947265625,0.0,35,0,0,0,0,1.0,0.1507720947265625
103671,char_touch,1,0,1,0.18915109536082475,0.8335872248778694,0,31,31,0,0,0.371848157384317,0.3854827880859375
103976,char_touch,1,0,1,0.410741327092511,0.2341794361913674,7,0,0,0,29,0.7736362752406573,0.4707794189453125
104040,noise_cleanable,0,0,0,0.187744140625,0.0,33,0,0,0,0,1.0,0.187744140625
104213,noise_cleanable,0,0,0,0.33306884765625,0.0,49,0,0,0,0,1.0,0.33306884765625
104217,noise_cleanable,0,0,0,0.3632354736328125,0.0,158,0,0,0,0,1.0,0.3632354736328125
103895,noise_cleanable,0,0,0,0.4765472412109375,0.0,46,0,0,0,0,1.0,0.4765472412109375
103929,noise_cleanable,0,0,0,0.0802459716796875,0.0,44,0,0,0,0,1.0,0.0802459716796875
103955,noise_cleanable,0,0,0,0.262847900390625,0.0,55,0,0,0,0,1.0,0.262847900390625
104306,noise_cleanable,0,0,0,0.1141204833984375,0.0,43,0,0,0,0,1.0,0.1141204833984375
104325,char_touch,1,0,1,0.3098627855329949,0.6175806120353255,0,30,29,0,0,0.5096536429456656,0.467864990234375
277380,noise_cleanable,0,0,0,0.2552947998046875,0.0,47,0,0,0,0,1.0,0.2552947998046875
104826,noise_cleanable,0,0,0,0.182220458984375,0.0,43,0,0,0,0,1.0,0.182220458984375
105218,noise_cleanable,0,0,0,0.1133575439453125,0.0,55,0,0,0,0,1.0,0.1133575439453125
105221,char_touch,1,0,1,0.12944673742138366,0.9779843251545823,2,0,0,49,48,0.17504401847114714,0.4593048095703125
105312,char_touch,1,0,1,0.12944673742138366,0.9779843251545823,2,0,0,49,48,0.17504401847114714,0.4593048095703125
105352,char_touch,1,0,1,0.3556794605809129,0.4359586010542111,3,18,14,15,0,0.6288811738503864,0.46588134765625
105498,noise_cleanable,0,0,0,0.1104736328125,0.0,38,0,0,0,0,1.0,0.1104736328125
277796,char_touch,1,0,1,0.18555829678362573,0.8812089782027388,11,0,0,42,43,0.27191778529106553,0.4558258056640625
105812,noise_cleanable,0,0,0,0.198883056640625,0.0,53,0,0,0,0,1.0,0.198883056640625
106090,noise_cleanable,0,0,0,0.2732696533203125,0.0,51,0,0,0,0,1.0,0.2732696533203125
106108,noise_cleanable,0,0,0,0.198272705078125,0.0,77,0,0,0,0,1.0,0.198272705078125
106116,char_touch,1,0,1,0.2103553185096154,0.5233167241599591,2,0,0,24,24,0.47686150964281154,0.3584136962890625
278011,noise_cleanable,0,0,0,0.1856536865234375,0.0,32,0,0,0,0,1.0,0.1856536865234375
106917,noise_cleanable,0,0,0,0.10986328125,0.0,46,0,0,0,0,1.0,0.10986328125
106937,char_touch,1,0,1,0.44265696211142097,0.1603923122647117,0,0,15,0,12,0.8028499167232126,0.494720458984375
106940,noise_cleanable,0,0,0,0.3964385986328125,0.0,30,0,0,0,0,1.0,0.3964385986328125
107091,char_touch,1,0,1,0.16380774456521738,0.9232040877667569,2,0,0,36,36,0.2951233505450373,0.3989410400390625
105014,noise_cleanable,0,0,0,0.29449462890625,0.0,54,0,0,0,0,1.0,0.29449462890625
105015,noise_cleanable,0,0,0,0.1792449951171875,0.0,76,0,0,0,0,1.0,0.1792449951171875
100361,char_touch,1,0,1,0.4387642634854772,0.12009667831596825,0,15,0,0,0,0.8804110970175952,0.4691619873046875
275649,blob_discard,1,0,1,0.4664713541666667,0.12172682236376504,1,16,0,0,0,0.878709835663478,0.4976806640625
100369,crop_safe,1,0,0,0.30398995535714285,0.0,4,17,15,0,0,0.6802997190134249,0.3909912109375
100376,char_touch,1,0,1,0.3870930989583333,0.19373482272948034,0,0,0,16,0,0.856366124153824,0.42376708984375
275575,char_touch,1,0,1,0.3528521232057416,0.44499571007572647,2,0,0,23,24,0.6127953778239418,0.4700927734375
100474,char_touch,1,0,1,0.12854456018518517,0.8128771038424897,0,18,22,0,0,0.40975384792759556,0.2646942138671875
100555,char_touch,1,0,1,0.11405495169082126,0.9289325007433838,1,0,0,25,24,0.32599784250269687,0.28289794921875
100495,noise_cleanable,0,0,0,0.15765380859375,0.0,66,0,0,0,0,1.0,0.15765380859375
100563,char_touch,1,0,1,0.3226102941176471,0.5589896759950652,2,0,0,39,30,0.47284305921254055,0.498382568359375
100591,char_touch,1,0,1,0.22414143880208334,0.8775575790037493,1,0,0,32,32,0.4020656180431371,0.4181060791015625
100903,char_touch,1,0,1,0.43903219288793105,0.21146546525240342,3,0,0,0,24,0.8139280809089774,0.48883056640625
275934,char_touch,1,0,1,0.1652732090643275,0.8672672193877551,0,43,42,0,0,0.24954299313627426,0.4423980712890625
101071,noise_cleanable,0,0,0,0.2475433349609375,0.0,45,0,0,0,0,1.0,0.2475433349609375
101109,noise_cleanable,0,0,0,0.1107177734375,0.0,35,0,0,0,0,1.0,0.1107177734375
101114,char_touch,1,0,1,0.1949435763888889,0.7522336105202089,7,0,0,38,38,0.3159468204839617,0.433837890625
275970,clean_noop,0,0,0,0.505279541015625,0.0,0,0,0,0,0,1.0,0.505279541015625
276035,noise_cleanable,0,0,0,0.25885009765625,0.0,43,0,0,0,0,1.0,0.25885009765625
101341,noise_cleanable,0,0,0,0.180511474609375,0.0,31,0,0,0,0,1.0,0.180511474609375
101485,noise_cleanable,0,0,0,0.2508544921875,0.0,74,0,0,0,0,1.0,0.2508544921875
102121,noise_cleanable,0,0,0,0.173187255859375,0.0,37,0,0,0,0,1.0,0.173187255859375
102146,noise_cleanable,0,0,0,0.2565460205078125,0.0,43,0,0,0,0,1.0,0.2565460205078125
102147,noise_cleanable,0,0,0,0.2202911376953125,0.0,35,0,0,0,0,1.0,0.2202911376953125
102201,char_touch,1,0,1,0.13261620603015076,0.8564719694746111,6,28,29,0,0,0.31649957837533965,0.325714111328125
276550,char_touch,1,0,1,0.330883537371134,0.5186003683241253,5,0,0,30,32,0.5148021678518844,0.4870758056640625
276551,char_touch,1,0,1,0.27395008484162897,0.39865138233310854,3,0,0,17,18,0.636065170107112,0.3718109130859375
102648,noise_cleanable,0,0,0,0.1949615478515625,0.0,52,0,0,0,0,1.0,0.1949615478515625
102799,noise_cleanable,0,0,0,0.2494659423828125,0.0,81,0,0,0,0,1.0,0.2494659423828125
102806,noise_cleanable,0,0,0,0.1431121826171875,0.0,61,0,0,0,0,1.0,0.1431121826171875
102919,noise_cleanable,0,0,0,0.1431121826171875,0.0,61,0,0,0,0,1.0,0.1431121826171875
103104,noise_cleanable,0,0,0,0.4917449951171875,0.0,65,0,0,0,0,1.0,0.4917449951171875
103136,char_touch,1,0,1,0.23154578189300412,0.4419779343347069,2,0,0,0,13,0.8124541711320435,0.2705230712890625
103338,noise_cleanable,0,0,0,0.4917449951171875,0.0,65,0,0,0,0,1.0,0.4917449951171875
81673,noise_cleanable,0,0,0,0.22589111328125,0.0,32,0,0,0,0,1.0,0.22589111328125
81744,invert_fix,0,1,0,0.7347412109375,0.0,0,0,0,0,0,1.0,0.7347412109375
81763,noise_cleanable,0,0,0,0.215179443359375,0.0,32,0,0,0,0,1.0,0.215179443359375
81771,noise_cleanable,0,0,0,0.2487030029296875,0.0,116,0,0,0,0,1.0,0.2487030029296875
82178,invert_fix,0,1,0,0.829681396484375,0.0,0,0,0,0,0,1.0,0.829681396484375
268314,noise_cleanable,0,0,0,0.378692626953125,0.0,38,0,0,0,0,1.0,0.378692626953125
268315,char_touch,1,0,1,0.14182826450892858,0.766610518435336,1,16,16,0,0,0.49819295558958654,0.2490997314453125
82740,invert_fix,0,1,0,0.7498779296875,0.0,0,0,0,0,0,1.0,0.7498779296875
82753,noise_cleanable,0,0,0,0.19287109375,0.0,44,0,0,0,0,1.0,0.19287109375
268629,noise_cleanable,0,0,0,0.2297515869140625,0.0,38,0,0,0,0,1.0,0.2297515869140625
83215,noise_cleanable,0,0,0,0.1284637451171875,0.0,50,0,0,0,0,1.0,0.1284637451171875
268674,char_touch,1,0,1,0.17346975344036697,0.8049648324369053,2,0,0,19,19,0.4987892214951826,0.2961578369140625
83461,noise_cleanable,0,0,0,0.227508544921875,0.0,33,0,0,0,0,1.0,0.227508544921875
82910,invert_fix,0,1,0,0.6386260986328125,0.0,1,0,0,0,0,1.0,0.6386260986328125
82950,noise_cleanable,0,0,0,0.2020416259765625,0.0,65,0,0,0,0,1.0,0.2020416259765625
83051,noise_cleanable,0,0,0,0.17010498046875,0.0,46,0,0,0,0,1.0,0.17010498046875
83100,clean_noop,0,0,0,0.5357666015625,0.0,0,0,0,0,0,1.0,0.5357666015625
83474,invert_fix,0,1,0,0.8153533935546875,0.0,0,0,0,0,0,1.0,0.8153533935546875
83828,noise_cleanable,0,0,0,0.152984619140625,0.0,69,0,0,0,0,1.0,0.152984619140625
83897,invert_fix,0,1,0,0.7416534423828125,0.0,0,0,0,0,0,1.0,0.7416534423828125
84348,char_touch,1,0,1,0.16667451054216867,0.9214525675891857,0,45,45,0,0,0.2351359426351957,0.4596405029296875
84440,noise_cleanable,0,0,0,0.2103424072265625,0.0,61,0,0,0,0,1.0,0.2103424072265625
83934,invert_fix,0,1,0,0.572906494140625,0.0,1,0,0,0,0,1.0,0.572906494140625
84519,invert_fix,0,1,0,0.5646820068359375,0.0,6,0,0,0,0,1.0,0.5646820068359375
84615,noise_cleanable,0,0,0,0.2448272705078125,0.0,82,0,0,0,0,1.0,0.2448272705078125
84647,noise_cleanable,0,0,0,0.1463623046875,0.0,78,0,0,0,0,1.0,0.1463623046875
84748,noise_cleanable,0,0,0,0.154876708984375,0.0,39,0,0,0,0,1.0,0.154876708984375
84833,noise_cleanable,0,0,0,0.3971710205078125,0.0,43,0,0,0,0,1.0,0.3971710205078125
269317,char_touch,1,0,1,0.15118704490291263,0.8210959080105351,8,25,25,0,0,0.3841483979763912,0.3166961669921875
84979,invert_fix,0,1,0,0.6485443115234375,0.0,0,0,0,0,0,1.0,0.6485443115234375
85040,noise_cleanable,0,0,0,0.152984619140625,0.0,69,0,0,0,0,1.0,0.152984619140625
85132,crop_safe,1,0,0,0.21883004610655737,0.0,0,0,0,12,0,0.8291780406430088,0.2515411376953125
111976,noise_cleanable,0,0,0,0.2487945556640625,0.0,31,0,0,0,0,1.0,0.2487945556640625
112550,noise_cleanable,0,0,0,0.2012481689453125,0.0,47,0,0,0,0,1.0,0.2012481689453125
112560,noise_cleanable,0,0,0,0.225189208984375,0.0,40,0,0,0,0,1.0,0.225189208984375
280772,char_touch,1,0,1,0.3820897577092511,0.3093204449814591,30,0,0,15,14,0.7494262184420143,0.45208740234375
112850,char_touch,1,0,1,0.4498751280737705,0.11498052178019125,1,0,0,12,0,0.9058118170389711,0.4733734130859375
112969,char_touch,1,0,1,0.37890625,0.251230984052326,2,0,0,28,0,0.7638586674955963,0.4417877197265625
112996,char_touch,1,0,1,0.15245581454918034,0.40800851403485433,3,0,0,12,0,0.756393963463066,0.192108154296875
113263,noise_cleanable,0,0,0,0.1473388671875,0.0,32,0,0,0,0,1.0,0.1473388671875
113478,char_touch,1,0,1,0.19564383370535715,0.6427728381461956,3,16,16,0,0,0.5786569011759851,0.29583740234375
113603,noise_cleanable,0,0,0,0.4440765380859375,0.0,168,0,0,0,0,1.0,0.4440765380859375
113918,noise_cleanable,0,0,0,0.131317138671875,0.0,44,0,0,0,0,1.0,0.131317138671875
114097,noise_cleanable,0,0,0,0.4282684326171875,0.0,106,0,0,0,0,1.0,0.4282684326171875
114292,char_touch,1,0,1,0.08978239528795812,0.8831802982856536,2,32,33,0,0,0.20874940561103186,0.320892333984375
114309,noise_cleanable,0,0,0,0.1717681884765625,0.0,35,0,0,0,0,1.0,0.1717681884765625
114499,noise_cleanable,0,0,0,0.179168701171875,0.0,93,0,0,0,0,1.0,0.179168701171875
114567,char_touch,1,0,1,0.12340029761904762,0.8520984081041968,2,0,0,23,23,0.3603476371537208,0.280914306640625
281460,char_touch,1,0,1,0.1364169034090909,0.7860071758072783,12,0,0,18,18,0.455046197583511,0.25762939453125
114651,noise_cleanable,0,0,0,0.180206298828125,0.0,92,0,0,0,0,1.0,0.180206298828125
114859,noise_cleanable,0,0,0,0.1617584228515625,0.0,206,0,0,0,0,1.0,0.1617584228515625
281574,noise_cleanable,0,0,0,0.459869384765625,0.0,38,0,0,0,0,1.0,0.459869384765625
114964,noise_cleanable,0,0,0,0.3950958251953125,0.0,99,0,0,0,0,1.0,0.3950958251953125
115668,noise_cleanable,0,0,0,0.2558441162109375,0.0,44,0,0,0,0,1.0,0.2558441162109375
115434,noise_cleanable,0,0,0,0.3152008056640625,0.0,196,0,0,0,0,1.0,0.3152008056640625
116181,noise_cleanable,0,0,0,0.28466796875,0.0,99,0,0,0,0,1.0,0.28466796875
116272,clean_noop,0,0,0,0.4966888427734375,0.0,3,0,0,0,0,1.0,0.4966888427734375
282196,char_touch,1,0,1,0.1440236581920904,0.9294052762202408,5,0,0,39,40,0.2439808583819351,0.40814208984375
282240,noise_cleanable,0,0,0,0.201995849609375,0.0,30,0,0,0,0,1.0,0.201995849609375
116671,char_touch,1,0,1,0.21026109307359309,0.6192549588776004,1,12,13,0,0,0.6601890198577042,0.287384033203125
117052,noise_cleanable,0,0,0,0.2404327392578125,0.0,209,0,0,0,0,1.0,0.2404327392578125
117730,noise_cleanable,0,0,0,0.204345703125,0.0,99,0,0,0,0,1.0,0.204345703125
117831,noise_cleanable,0,0,0,0.204345703125,0.0,99,0,0,0,0,1.0,0.204345703125
116491,noise_cleanable,0,0,0,0.303985595703125,0.0,44,0,0,0,0,1.0,0.303985595703125
90909,noise_cleanable,0,0,0,0.2749481201171875,0.0,50,0,0,0,0,1.0,0.2749481201171875
91058,clean_noop,0,0,0,0.72052001953125,0.0,0,0,0,0,0,1.0,0.72052001953125
91092,char_touch,1,0,1,0.38329613095238096,0.3686534216335541,4,24,22,0,0,0.6413520495502506,0.4902496337890625
91235,noise_cleanable,0,0,0,0.2241973876953125,0.0,41,0,0,0,0,1.0,0.2241973876953125
91416,noise_cleanable,0,0,0,0.3735198974609375,0.0,31,0,0,0,0,1.0,0.3735198974609375
91462,invert_fix,0,1,0,0.7183685302734375,0.0,0,0,0,0,0,1.0,0.7183685302734375
91775,noise_cleanable,0,0,0,0.1704559326171875,0.0,51,0,0,0,0,1.0,0.1704559326171875
91840,invert_fix,0,1,0,0.6891632080078125,0.0,0,0,0,0,0,1.0,0.6891632080078125
91914,invert_fix,0,1,0,0.5972137451171875,0.0,1,0,0,0,0,1.0,0.5972137451171875
92214,noise_cleanable,0,0,0,0.3106842041015625,0.0,59,0,0,0,0,1.0,0.3106842041015625
272489,char_touch,1,0,1,0.22922505605381166,0.7850093109869646,11,17,16,0,0,0.6081702839615188,0.3283233642578125
92745,invert_fix,0,1,0,0.69720458984375,0.0,0,0,0,0,0,1.0,0.69720458984375
92910,noise_cleanable,0,0,0,0.2921905517578125,0.0,31,0,0,0,0,1.0,0.2921905517578125
92923,noise_cleanable,0,0,0,0.1939239501953125,0.0,39,0,0,0,0,1.0,0.1939239501953125
92929,invert_fix,0,1,0,0.66448974609375,0.0,0,0,0,0,0,1.0,0.66448974609375
93423,noise_cleanable,0,0,0,0.1863555908203125,0.0,33,0,0,0,0,1.0,0.1863555908203125
93426,noise_cleanable,0,0,0,0.189453125,0.0,60,0,0,0,0,1.0,0.189453125
93502,invert_fix,0,1,0,0.7030029296875,0.0,0,0,0,0,0,1.0,0.7030029296875
93074,noise_cleanable,0,0,0,0.2615509033203125,0.0,32,0,0,0,0,1.0,0.2615509033203125
93112,char_touch,1,0,1,0.15533615252293578,0.8399240200310827,4,0,0,19,19,0.4712181333913138,0.2807159423828125
94402,noise_cleanable,0,0,0,0.2563934326171875,0.0,99,0,0,0,0,1.0,0.2563934326171875
94503,noise_cleanable,0,0,0,0.1931915283203125,0.0,44,0,0,0,0,1.0,0.1931915283203125
93645,noise_cleanable,0,0,0,0.15478515625,0.0,37,0,0,0,0,1.0,0.15478515625
93799,noise_cleanable,0,0,0,0.27685546875,0.0,38,0,0,0,0,1.0,0.27685546875
93947,invert_fix,0,1,0,0.594482421875,0.0,0,0,0,0,0,1.0,0.594482421875
273000,clean_noop,0,0,0,0.5032958984375,0.0,0,0,0,0,0,1.0,0.5032958984375
94067,noise_cleanable,0,0,0,0.1504974365234375,0.0,125,0,0,0,0,1.0,0.1504974365234375
94080,noise_cleanable,0,0,0,0.241424560546875,0.0,139,0,0,0,0,1.0,0.241424560546875
273437,noise_cleanable,0,0,0,0.230499267578125,0.0,41,0,0,0,0,1.0,0.230499267578125
94653,clean_noop,0,0,0,0.8655242919921875,0.0,0,0,0,0,0,1.0,0.8655242919921875
273274,noise_cleanable,0,0,0,0.3293914794921875,0.0,65,0,0,0,0,1.0,0.3293914794921875
94690,noise_cleanable,0,0,0,0.16241455078125,0.0,33,0,0,0,0,1.0,0.16241455078125
130193,noise_cleanable,0,0,0,0.426910400390625,0.0,72,0,0,0,0,1.0,0.426910400390625
130230,noise_cleanable,0,0,0,0.42999267578125,0.0,74,0,0,0,0,1.0,0.42999267578125
287893,noise_cleanable,0,0,0,0.2197265625,0.0,85,0,0,0,0,1.0,0.2197265625
130425,noise_cleanable,0,0,0,0.4000701904296875,0.0,33,0,0,0,0,1.0,0.4000701904296875
130636,noise_cleanable,0,0,0,0.2750244140625,0.0,78,0,0,0,0,1.0,0.2750244140625
130674,crop_safe,1,0,0,0.2584688780737705,0.0,1,0,0,0,12,0.840141541343602,0.2932281494140625
288006,crop_safe,1,0,0,0.2261962890625,0.0,1,16,16,0,0,0.6129093228748287,0.3229217529296875
130757,noise_cleanable,0,0,0,0.2481842041015625,0.0,36,0,0,0,0,1.0,0.2481842041015625
130984,noise_cleanable,0,0,0,0.2750244140625,0.0,78,0,0,0,0,1.0,0.2750244140625
131083,noise_cleanable,0,0,0,0.1451568603515625,0.0,31,0,0,0,0,1.0,0.1451568603515625
132259,noise_cleanable,0,0,0,0.2274322509765625,0.0,62,0,0,0,0,1.0,0.2274322509765625
132619,noise_cleanable,0,0,0,0.2207489013671875,0.0,63,0,0,0,0,1.0,0.2207489013671875
132626,noise_cleanable,0,0,0,0.31744384765625,0.0,66,0,0,0,0,1.0,0.31744384765625
132802,char_touch,1,0,1,0.12810496794871795,1.0,1,0,0,30,31,0.2905365499068647,0.3358612060546875
133096,noise_cleanable,0,0,0,0.110443115234375,0.0,63,0,0,0,0,1.0,0.110443115234375
131519,char_touch,1,0,1,0.24504193604752753,0.6166992824527071,10,20,0,32,30,0.3677878311041175,0.4654541015625
131656,char_touch,1,0,1,0.2146390556768559,1.0,0,0,0,13,14,0.6454475506540138,0.2974700927734375
133347,clean_noop,0,0,0,0.4788665771484375,0.0,0,0,0,0,0,1.0,0.4788665771484375
133378,crop_safe,1,0,0,0.19575727103960397,0.0,1,0,0,27,27,0.4227251847830626,0.3654022216796875
131910,char_touch,1,0,1,0.30566534914361,0.5421664050235478,6,30,19,25,0,0.45841174256680467,0.48651123046875
132104,noise_cleanable,0,0,0,0.17596435546875,0.0,33,0,0,0,0,1.0,0.17596435546875
133892,noise_cleanable,0,0,0,0.1833953857421875,0.0,60,0,0,0,0,1.0,0.1833953857421875
133983,char_touch,1,0,1,0.2745974344978166,0.37374283551422083,3,0,0,13,14,0.6996088657105606,0.351104736328125
134338,char_touch,1,0,1,0.1947969543147208,0.5983718868380753,0,29,30,0,0,0.3940949935815148,0.38037109375
134616,char_touch,1,0,1,0.13753072331460675,0.9460816829337629,4,39,39,0,0,0.2388793596340766,0.4003143310546875
289630,noise_cleanable,0,0,0,0.1806640625,0.0,61,0,0,0,0,1.0,0.1806640625
135014,noise_cleanable,0,0,0,0.202789306640625,0.0,54,0,0,0,0,1.0,0.202789306640625
135151,noise_cleanable,0,0,0,0.2423095703125,0.0,60,0,0,0,0,1.0,0.2423095703125
135180,noise_cleanable,0,0,0,0.4366455078125,0.0,58,0,0,0,0,1.0,0.4366455078125
135286,char_touch,1,0,1,0.1844677511415525,0.5226860254083484,3,0,0,18,19,0.5219541738164933,0.302337646484375
290028,noise_cleanable,0,0,0,0.2176666259765625,0.0,48,0,0,0,0,1.0,0.2176666259765625
290042,crop_safe,1,0,0,0.1588416466346154,0.0,0,24,24,0,0,0.40769304926250843,0.316558837890625
135694,noise_cleanable,0,0,0,0.3611602783203125,0.0,68,0,0,0,0,1.0,0.3611602783203125
135801,noise_cleanable,0,0,0,0.180450439453125,0.0,39,0,0,0,0,1.0,0.180450439453125
135827,crop_safe,1,0,0,0.23705051369863014,0.0,13,0,0,18,19,0.5838678499253142,0.347320556640625
135877,noise_cleanable,0,0,0,0.1260528564453125,0.0,30,0,0,0,0,1.0,0.1260528564453125
135424,char_touch,1,0,1,0.3959018640350877,0.23352771633487499,1,16,12,0,0,0.7683202553531054,0.45892333984375
135440,clean_noop,0,0,0,0.4901275634765625,0.0,0,0,0,0,0,1.0,0.4901275634765625
135495,blob_discard,1,0,1,0.4506714876033058,0.1130555372119131,0,0,0,0,14,0.8907605921388464,0.478271484375
135515,noise_cleanable,0,0,0,0.2907867431640625,0.0,48,0,0,0,0,1.0,0.2907867431640625
136633,char_touch,1,0,1,0.15700120192307693,0.7201398920398389,4,0,0,37,37,0.2785711565558475,0.4006805419921875
136718,char_touch,1,0,1,0.1951519691780822,0.46310577930115204,3,0,0,18,19,0.5359819722725714,0.3114776611328125
137862,noise_cleanable,0,0,0,0.226806640625,0.0,52,0,0,0,0,1.0,0.226806640625
138198,noise_cleanable,0,0,0,0.23626708984375,0.0,31,0,0,0,0,1.0,0.23626708984375
138357,crop_safe,1,0,0,0.20926590653153154,0.0,0,17,17,0,0,0.5774141865320193,0.3142852783203125
290572,crop_safe,1,0,0,0.24948650234741784,0.0,2,21,22,0,0,0.5527385015439623,0.37554931640625
137001,crop_safe,1,0,0,0.2274267146017699,0.0,0,15,15,0,0,0.6314425568672617,0.317962646484375
137003,crop_safe,1,0,0,0.2590343601895735,0.0,0,22,23,0,0,0.548447789275635,0.3892822265625
137004,char_touch,1,0,1,0.1871318717277487,1.0,0,32,33,0,0,0.35478867778208606,0.393524169921875
137056,clean_noop,0,0,0,0.5044403076171875,0.0,11,0,0,0,0,1.0,0.5044403076171875
137064,char_touch,1,0,1,0.361526018722467,0.2620447782343772,1,15,14,0,0,0.7395972681827783,0.433441162109375
137069,clean_noop,0,0,0,0.490631103515625,0.0,1,0,0,0,0,1.0,0.490631103515625
137082,blob_discard,1,0,1,0.45831725823045266,0.1091619921808601,0,0,0,0,13,0.8987768740936889,0.484039306640625
137270,noise_cleanable,0,0,0,0.3165740966796875,0.0,41,0,0,0,0,1.0,0.3165740966796875
137436,char_touch,1,0,1,0.2480384199134199,0.2632616333876082,9,0,0,12,13,0.6962217581165749,0.32147216796875
137438,char_touch,1,0,1,0.2610176282051282,1.0,0,30,31,0,0,0.4548628080709349,0.437103271484375
137614,char_touch,1,0,1,0.35533203125,0.43765454995054404,0,28,28,0,0,0.562345450049456,0.49365234375
138750,crop_safe,1,0,0,0.1746826171875,0.0,9,0,0,32,32,0.3438526231477773,0.381011962890625
139367,clean_noop,0,0,0,0.482269287109375,0.0,0,0,0,0,0,1.0,0.482269287109375
139377,crop_safe,1,0,0,0.12272289691943128,0.0,0,0,0,22,23,0.3652542839825886,0.2769317626953125
139394,noise_cleanable,0,0,0,0.181732177734375,0.0,57,0,0,0,0,1.0,0.181732177734375
139542,crop_safe,1,0,0,0.1715448943661972,0.0,6,0,0,21,22,0.45938512916216484,0.310699462890625
139635,char_touch,1,0,1,0.34690366972477066,0.36272740941211845,0,21,17,0,0,0.667356084108928,0.442657470703125
139644,char_touch,1,0,1,0.39622093023255817,0.41145547273440564,2,21,20,0,0,0.6752539014119395,0.4927978515625
139693,crop_safe,1,0,0,0.1603515625,0.0,0,18,18,0,0,0.4949306735353757,0.2784271240234375
291680,char_touch,1,0,1,0.17038316582914573,1.0,1,28,29,0,0,0.3729804056376762,0.3551025390625
139934,noise_cleanable,0,0,0,0.107177734375,0.0,67,0,0,0,0,1.0,0.107177734375
291806,noise_cleanable,0,0,0,0.328094482421875,0.0,39,0,0,0,0,1.0,0.328094482421875
140390,char_touch,1,0,1,0.2090016592920354,0.24227129337539433,1,0,0,15,15,0.6115719198867084,0.30169677734375
140439,char_touch,1,0,1,0.20560024752475248,1.0,1,27,27,0,0,0.43473994111874387,0.3731689453125
140599,crop_safe,1,0,0,0.2707783157276995,0.0,0,0,0,21,22,0.57288635393629,0.3932647705078125
140677,char_touch,1,0,1,0.4231770833333333,0.3466812280063099,2,0,0,14,20,0.7372551423929371,0.4977569580078125
140679,char_touch,1,0,1,0.3208950109649123,0.32026262168892916,9,15,13,0,0,0.7258845870635198,0.3937225341796875
140853,char_touch,1,0,1,0.10574776785714286,1.0,0,16,16,0,0,0.42536475869809204,0.217529296875
140897,noise_cleanable,0,0,0,0.1698150634765625,0.0,56,0,0,0,0,1.0,0.1698150634765625
141054,noise_cleanable,0,0,0,0.2874755859375,0.0,46,0,0,0,0,1.0,0.2874755859375
141106,char_touch,1,0,1,0.38183191872427985,0.12827266922094507,2,0,0,0,13,0.8808172952126674,0.4114837646484375
141276,char_touch,1,0,1,0.34546810165975106,0.17780167147255754,2,0,0,0,15,0.8542000641231163,0.3807373046875
141494,noise_cleanable,0,0,0,0.3394927978515625,0.0,35,0,0,0,0,1.0,0.3394927978515625
141532,noise_cleanable,0,0,0,0.252960205078125,0.0,48,0,0,0,0,1.0,0.252960205078125
141533,noise_cleanable,0,0,0,0.294921875,0.0,63,0,0,0,0,1.0,0.294921875
141571,crop_safe,1,0,0,0.23036411830357142,0.0,0,16,16,0,0,0.6172320343893094,0.326568603515625
141664,char_touch,1,0,1,0.1423780487804878,1.0,1,25,26,0,0,0.36399064692127825,0.313232421875
141669,char_touch,1,0,1,0.20058776285046728,0.9983286908077994,2,21,21,0,0,0.5054505312543122,0.3317413330078125
141757,crop_safe,1,0,0,0.1346446349557522,0.0,0,15,15,0,0,0.5035552682611506,0.236053466796875
292536,crop_safe,1,0,0,0.25661705280172414,0.0,16,12,12,0,0,0.7126958148234744,0.3263092041015625
141828,blob_discard,1,0,1,0.46849385245901637,0.10307407914555662,1,0,0,12,0,0.9067079783113865,0.4924774169921875
142264,crop_safe,1,0,0,0.1558103354978355,0.0,0,12,13,0,0,0.5901114384526707,0.238250732421875
142280,noise_cleanable,0,0,0,0.1541900634765625,0.0,42,0,0,0,0,1.0,0.1541900634765625
142500,clean_noop,0,0,0,0.4902496337890625,0.0,1,0,0,0,0,1.0,0.4902496337890625
142861,noise_cleanable,0,0,0,0.1261749267578125,0.0,36,0,0,0,0,1.0,0.1261749267578125
142955,char_touch,1,0,1,0.4002604166666667,0.285481476116322,0,0,0,15,16,0.7452000775745038,0.472076416015625
143355,noise_cleanable,0,0,0,0.2115325927734375,0.0,45,0,0,0,0,1.0,0.2115325927734375
143540,noise_cleanable,0,0,0,0.2882080078125,0.0,36,0,0,0,0,1.0,0.2882080078125
144077,noise_cleanable,0,0,0,0.241424560546875,0.0,41,0,0,0,0,1.0,0.241424560546875
144241,char_touch,1,0,1,0.17461362092391305,0.8346314073537403,2,36,36,0,0,0.3085493491390629,0.4067535400390625
116535,noise_cleanable,0,0,0,0.185943603515625,0.0,78,0,0,0,0,1.0,0.185943603515625
117240,char_touch,1,0,1,0.1474488811728395,0.9469914603911692,3,47,47,0,0,0.20262434142947083,0.4604949951171875
118390,noise_cleanable,0,0,0,0.1553497314453125,0.0,68,0,0,0,0,1.0,0.1553497314453125
118389,noise_cleanable,0,0,0,0.2496795654296875,0.0,47,0,0,0,0,1.0,0.2496795654296875
118553,noise_cleanable,0,0,0,0.4006805419921875,0.0,234,0,0,0,0,1.0,0.4006805419921875
119030,noise_cleanable,0,0,0,0.1885986328125,0.0,176,0,0,0,0,1.0,0.1885986328125
119042,char_touch,1,0,1,0.25248407160194175,0.9463955637707948,15,0,0,25,25,0.5098602335822324,0.3984832763671875
119301,noise_cleanable,0,0,0,0.174896240234375,0.0,65,0,0,0,0,1.0,0.174896240234375
119765,noise_cleanable,0,0,0,0.268341064453125,0.0,30,0,0,0,0,1.0,0.268341064453125
119806,char_touch,1,0,1,0.13462936046511628,0.6060553432904944,2,0,0,19,22,0.41445270988310307,0.2728118896484375
120018,noise_cleanable,0,0,0,0.146820068359375,0.0,218,0,0,0,0,1.0,0.146820068359375
120027,noise_cleanable,0,0,0,0.3250274658203125,0.0,61,0,0,0,0,1.0,0.3250274658203125
283841,crop_safe,1,0,0,0.2996551238738739,0.0,6,17,17,0,0,0.6617704204554287,0.392669677734375
121543,noise_cleanable,0,0,0,0.4470672607421875,0.0,97,0,0,0,0,1.0,0.4470672607421875
121896,char_touch,1,0,1,0.18402379587155962,0.6331900481959098,3,21,17,0,0,0.5137054821928771,0.3050537109375
122142,char_touch,1,0,1,0.15114500661375663,0.8960685905478879,7,34,33,0,0,0.29906350958982536,0.3731231689453125
122181,noise_cleanable,0,0,0,0.1875152587890625,0.0,164,0,0,0,0,1.0,0.1875152587890625
122224,noise_cleanable,0,0,0,0.1846160888671875,0.0,48,0,0,0,0,1.0,0.1846160888671875
122368,noise_cleanable,0,0,0,0.187408447265625,0.0,56,0,0,0,0,1.0,0.187408447265625
122502,crop_safe,1,0,0,0.32658617424242425,0.0,0,12,13,0,0,0.7512155276362363,0.3922882080078125
122506,char_touch,1,0,1,0.3343362894144144,0.3504307915291086,69,17,17,0,0,0.6858328821512363,0.4227447509765625
122573,char_touch,1,0,1,0.4152792008196721,0.1549246053759645,84,12,0,0,0,0.8941127809182408,0.44268798828125
284838,clean_noop,0,0,0,0.491851806640625,0.0,0,0,0,0,0,1.0,0.491851806640625
122806,noise_cleanable,0,0,0,0.2772064208984375,0.0,40,0,0,0,0,1.0,0.2772064208984375
123073,noise_cleanable,0,0,0,0.18597412109375,0.0,51,0,0,0,0,1.0,0.18597412109375
123102,char_touch,1,0,1,0.13981621696035243,1.0,1,14,15,0,0,0.5225416425493601,0.2372589111328125
123137,char_touch,1,0,1,0.15760216346153846,0.8856889055121792,1,38,36,0,0,0.2793395975196865,0.4011077880859375
123278,noise_cleanable,0,0,0,0.2331390380859375,0.0,122,0,0,0,0,1.0,0.2331390380859375
123513,noise_cleanable,0,0,0,0.27508544921875,0.0,38,0,0,0,0,1.0,0.27508544921875
124494,noise_cleanable,0,0,0,0.18597412109375,0.0,51,0,0,0,0,1.0,0.18597412109375
124538,char_touch,1,0,1,0.08909254807692307,0.9025041736227045,1,37,37,0,0,0.1799150485436893,0.35205078125
124650,noise_cleanable,0,0,0,0.208770751953125,0.0,38,0,0,0,0,1.0,0.208770751953125
125492,noise_cleanable,0,0,0,0.3092498779296875,0.0,118,0,0,0,0,1.0,0.3092498779296875
125957,noise_cleanable,0,0,0,0.3661346435546875,0.0,39,0,0,0,0,1.0,0.3661346435546875
125969,noise_cleanable,0,0,0,0.308563232421875,0.0,45,0,0,0,0,1.0,0.308563232421875
125985,char_touch,1,0,1,0.2013157894736842,0.823621202516214,0,33,33,0,0,0.36698898133573193,0.407135009765625
286140,noise_cleanable,0,0,0,0.2031097412109375,0.0,52,0,0,0,0,1.0,0.2031097412109375
126082,char_touch,1,0,1,0.20172991071428573,0.8947169454682922,0,37,37,0,0,0.3317333145095825,0.4323272705078125
126560,clean_noop,0,0,0,0.491943359375,0.0,0,0,0,0,0,1.0,0.491943359375
126626,char_touch,1,0,1,0.3879018458513853,0.3276442847518527,5,17,12,0,14,0.6760040606560498,0.480987548828125
127200,noise_cleanable,0,0,0,0.17449951171875,0.0,63,0,0,0,0,1.0,0.17449951171875
126730,noise_cleanable,0,0,0,0.1817779541015625,0.0,47,0,0,0,0,1.0,0.1817779541015625
126787,char_touch,1,0,1,0.17836247246696035,0.7086238181644542,0,15,14,0,0,0.5827944897385438,0.2713775634765625
126843,char_touch,1,0,1,0.21161099137931033,0.970241437394722,8,0,0,26,27,0.44766944840219824,0.3748321533203125
286492,noise_cleanable,0,0,0,0.2371826171875,0.0,95,0,0,0,0,1.0,0.2371826171875
286651,noise_cleanable,0,0,0,0.2903289794921875,0.0,34,0,0,0,0,1.0,0.2903289794921875
127348,noise_cleanable,0,0,0,0.207733154296875,0.0,39,0,0,0,0,1.0,0.207733154296875
286952,char_touch,1,0,1,0.3881359011627907,0.3817560194951626,62,0,0,21,20,0.6705483536834176,0.4861297607421875
128169,noise_cleanable,0,0,0,0.142242431640625,0.0,92,0,0,0,0,1.0,0.142242431640625
128323,clean_noop,0,0,0,0.4617156982421875,0.0,9,0,0,0,0,1.0,0.4617156982421875
128375,noise_cleanable,0,0,0,0.357147216796875,0.0,136,0,0,0,0,1.0,0.357147216796875
128502,blob_discard,1,0,1,0.4650858729338843,0.10790258927712003,1,0,0,0,14,0.8954811039283939,0.490966796875
128552,noise_cleanable,0,0,0,0.364593505859375,0.0,80,0,0,0,0,1.0,0.364593505859375
128559,noise_cleanable,0,0,0,0.364593505859375,0.0,80,0,0,0,0,1.0,0.364593505859375
287220,char_touch,1,0,1,0.08658854166666667,1.0,0,26,26,0,0,0.25356061455646517,0.272125244140625
128849,char_touch,1,0,1,0.12732755829015543,0.8848667948365834,1,32,31,0,0,0.28084821428571427,0.341796875
128950,char_touch,1,0,1,0.24188232421875,1.0,0,0,0,32,32,0.42050719767976513,0.4314117431640625
128951,char_touch,1,0,1,0.15081045560747663,0.968299711815562,1,0,0,21,21,0.4345219312085831,0.290130615234375
129079,crop_safe,1,0,0,0.3149215214932127,0.0,1,17,18,0,0,0.6653844717481421,0.4085845947265625
129343,noise_cleanable,0,0,0,0.2274322509765625,0.0,62,0,0,0,0,1.0,0.2274322509765625
129697,noise_cleanable,0,0,0,0.2207489013671875,0.0,63,0,0,0,0,1.0,0.2207489013671875
129706,noise_cleanable,0,0,0,0.31744384765625,0.0,66,0,0,0,0,1.0,0.31744384765625
130079,char_touch,1,0,1,0.21385596264367815,0.9938990571270105,9,0,0,40,42,0.31214365292614193,0.465667724609375
287770,noise_cleanable,0,0,0,0.2668914794921875,0.0,127,0,0,0,0,1.0,0.2668914794921875
147652,char_touch,1,0,1,0.22876961883408073,0.9967934035730646,5,0,0,16,17,0.6072159196578018,0.32818603515625
147654,char_touch,1,0,1,0.28775460379464285,0.2998316375082351,0,0,0,16,16,0.6682460616369011,0.3767852783203125
147837,crop_safe,1,0,0,0.151130850456621,0.0,0,18,19,0,0,0.47216494845360824,0.2738189697265625
148609,noise_cleanable,0,0,0,0.4075164794921875,0.0,32,0,0,0,0,1.0,0.4075164794921875
148728,char_touch,1,0,1,0.2330983231707317,1.0,3,25,26,0,0,0.48372810312784215,0.3858795166015625
148929,char_touch,1,0,1,0.24621975806451613,1.0,4,19,20,0,0,0.57805764516947,0.361053466796875
148931,crop_safe,1,0,0,0.18534128289473684,0.0,0,14,14,0,0,0.6014678082953409,0.274444580078125
148963,noise_cleanable,0,0,0,0.3559112548828125,0.0,65,0,0,0,0,1.0,0.3559112548828125
148960,noise_cleanable,0,0,0,0.4157562255859375,0.0,342,0,0,0,0,1.0,0.4157562255859375
148399,char_touch,1,0,1,0.4082486551105798,0.26642242752468936,3,0,17,18,0,0.7352224157036568,0.4819488525390625
148458,char_touch,1,0,1,0.1727456701807229,0.8507181626850792,6,0,0,45,45,0.24163128270958822,0.4635772705078125
148547,noise_cleanable,0,0,0,0.26373291015625,0.0,37,0,0,0,0,1.0,0.26373291015625
149089,noise_cleanable,0,0,0,0.50146484375,0.0,56,0,0,0,0,1.0,0.50146484375
149124,char_touch,1,0,1,0.329736328125,0.1770475501717592,7,16,0,0,0,0.8379798146922568,0.368896484375
149481,clean_noop,0,0,0,0.469696044921875,0.0,0,0,0,0,0,1.0,0.469696044921875
149491,char_touch,1,0,1,0.14280427631578949,0.9924812030075187,3,0,0,33,33,0.2913346195788944,0.363800048828125
149799,noise_cleanable,0,0,0,0.129974365234375,0.0,49,0,0,0,0,1.0,0.129974365234375
149940,noise_cleanable,0,0,0,0.1561279296875,0.0,59,0,0,0,0,1.0,0.1561279296875
150012,noise_cleanable,0,0,0,0.3668212890625,0.0,48,0,0,0,0,1.0,0.3668212890625
150404,noise_cleanable,0,0,0,0.1586761474609375,0.0,50,0,0,0,0,1.0,0.1586761474609375
296120,noise_cleanable,0,0,0,0.247802734375,0.0,88,0,0,0,0,1.0,0.247802734375
150531,char_touch,1,0,1,0.17618413677130046,0.4319174275506153,0,0,0,16,17,0.5434994055981843,0.282379150390625
150800,crop_safe,1,0,0,0.2501065340909091,0.0,5,0,0,18,18,0.6044974680284954,0.355560302734375
296225,char_touch,1,0,1,0.23487103174603174,1.0,4,0,0,33,34,0.3985131154439613,0.43511962890625
296224,clean_noop,0,0,0,0.506256103515625,0.0,0,0,0,0,0,1.0,0.506256103515625
151104,char_touch,1,0,1,0.34837962962962965,0.3545033019530701,7,21,19,0,0,0.6562201934868511,0.44793701171875
151754,char_touch,1,0,1,0.11766493055555556,0.750269936757674,0,38,38,0,0,0.2179435645952247,0.379608154296875
151985,noise_cleanable,0,0,0,0.2971649169921875,0.0,103,0,0,0,0,1.0,0.2971649169921875
152194,char_touch,1,0,1,0.28614161036036034,0.40669096346135875,5,17,17,0,0,0.6513658575662902,0.380950927734375
152318,noise_cleanable,0,0,0,0.176544189453125,0.0,51,0,0,0,0,1.0,0.176544189453125
296863,char_touch,1,0,1,0.2303440824468085,1.0,0,34,34,0,0,0.3890643644275988,0.434783935546875
153655,crop_safe,1,0,0,0.26641977813852813,0.0,0,12,13,0,0,0.711126156623787,0.3380584716796875
293259,char_touch,1,0,1,0.43333441390041494,0.19405732316592164,0,0,0,0,15,0.8787181594083813,0.4642486572265625
143568,char_touch,1,0,1,0.40497737556561086,0.3130014364292471,0,0,0,18,17,0.7194624128618979,0.485931396484375
143618,char_touch,1,0,1,0.23214824879227053,0.3448275862068966,4,0,0,24,25,0.49513000080495856,0.379119873046875
143719,blob_discard,1,0,1,0.45390625,0.1319437383494323,1,0,0,16,0,0.8775054277713099,0.4849395751953125
144540,char_touch,1,0,1,0.22518382352941177,0.7586492074431427,13,0,0,43,43,0.3080211214483279,0.4854736328125
144835,clean_noop,0,0,0,0.5024566650390625,0.0,24,0,0,0,0,1.0,0.5024566650390625
145261,noise_cleanable,0,0,0,0.435028076171875,0.0,51,0,0,0,0,1.0,0.435028076171875
145283,noise_cleanable,0,0,0,0.365478515625,0.0,37,0,0,0,0,1.0,0.365478515625
145321,char_touch,1,0,1,0.3824200913242009,0.32268784105218973,1,0,0,20,17,0.6991684330670145,0.4679107666015625
145404,noise_cleanable,0,0,0,0.351287841796875,0.0,94,0,0,0,0,1.0,0.351287841796875
145517,crop_safe,1,0,0,0.28752940188172044,0.0,0,0,0,35,35,0.4331087279744393,0.4823455810546875
145600,char_touch,1,0,1,0.34303356986899564,0.4066524872976486,2,0,0,14,13,0.7450079650279702,0.4118804931640625
145622,crop_safe,1,0,0,0.2526041666666667,0.0,1,18,19,0,0,0.5992214606075992,0.360626220703125
294119,char_touch,1,0,1,0.19469467474489796,0.9239653512993262,3,0,0,30,30,0.3887540292092801,0.3834381103515625
145746,noise_cleanable,0,0,0,0.3679656982421875,0.0,48,0,0,0,0,1.0,0.3679656982421875
294213,blob_discard,1,0,1,0.46825371413934425,0.1075050709939148,0,0,12,0,0,0.9078747245243195,0.4915924072265625
145871,noise_cleanable,0,0,0,0.28240966796875,0.0,47,0,0,0,0,1.0,0.28240966796875
146027,char_touch,1,0,1,0.3473498774509804,0.4344664187699497,5,23,29,0,0,0.5787576173308234,0.4782562255859375
146587,clean_noop,0,0,0,0.4796295166015625,0.0,0,0,0,0,0,1.0,0.4796295166015625
146690,clean_noop,0,0,0,0.4796295166015625,0.0,0,0,0,0,0,1.0,0.4796295166015625
146992,noise_cleanable,0,0,0,0.1988525390625,0.0,33,0,0,0,0,1.0,0.1988525390625
147054,noise_cleanable,0,0,0,0.2722625732421875,0.0,238,0,0,0,0,1.0,0.2722625732421875
294676,noise_cleanable,0,0,0,0.2339019775390625,0.0,90,0,0,0,0,1.0,0.2339019775390625
147196,clean_noop,0,0,0,0.491851806640625,0.0,2,0,0,0,0,1.0,0.491851806640625
148007,char_touch,1,0,1,0.17326626712328766,0.4675324675324675,0,0,0,18,19,0.5063066819555926,0.292755126953125
295116,noise_cleanable,0,0,0,0.2776031494140625,0.0,36,0,0,0,0,1.0,0.2776031494140625
148163,char_touch,1,0,1,0.21102781791907516,1.0,0,41,42,0,0,0.30548473556906586,0.466827392578125
294807,char_touch,1,0,1,0.1196608040201005,0.9997306760032318,0,28,29,0,0,0.29466357308584684,0.315673828125
147398,crop_safe,1,0,0,0.23892647879464285,0.0,0,16,16,0,0,0.6258164710181336,0.3340606689453125
294836,crop_safe,1,0,0,0.2511864778037383,0.0,0,21,21,0,0,0.5613755966222005,0.3740386962890625
147439,char_touch,1,0,1,0.13739708083832336,0.997488960083124,0,0,0,44,45,0.20496894409937888,0.437286376953125
148247,noise_cleanable,0,0,0,0.2131805419921875,0.0,68,0,0,0,0,1.0,0.2131805419921875
153675,noise_cleanable,0,0,0,0.28753662109375,0.0,38,0,0,0,0,1.0,0.28753662109375
153393,noise_cleanable,0,0,0,0.205474853515625,0.0,62,0,0,0,0,1.0,0.205474853515625
153419,noise_cleanable,0,0,0,0.3043365478515625,0.0,93,0,0,0,0,1.0,0.3043365478515625
153458,char_touch,1,0,1,0.3118583937198068,0.44170701093778014,3,23,26,0,0,0.5729639773948618,0.4401092529296875
153534,noise_cleanable,0,0,0,0.18487548828125,0.0,40,0,0,0,0,1.0,0.18487548828125
152613,char_touch,1,0,1,0.2988013698630137,0.37254901960784315,5,18,19,0,0,0.6388041488712629,0.400146484375
152683,char_touch,1,0,1,0.16159539473684212,0.8296994696523277,4,0,0,33,33,0.3174987881725642,0.37774658203125
153113,crop_safe,1,0,0,0.17255731441048036,0.0,0,13,14,0,0,0.5940803382663847,0.25982666015625
153168,noise_cleanable,0,0,0,0.4564666748046875,0.0,32,0,0,0,0,1.0,0.4564666748046875
153218,noise_cleanable,0,0,0,0.2376556396484375,0.0,83,0,0,0,0,1.0,0.2376556396484375
154205,char_touch,1,0,1,0.3861164647577093,0.2539870464517028,3,14,15,0,0,0.7546750975380062,0.45367431640625
154233,noise_cleanable,0,0,0,0.1640167236328125,0.0,32,0,0,0,0,1.0,0.1640167236328125
154408,char_touch,1,0,1,0.16706569220430106,0.5347019156173539,2,0,0,35,35,0.30743961352657007,0.3948211669921875
154006,char_touch,1,0,1,0.2141533430232558,1.0,0,20,21,0,0,0.5289682717766907,0.3400115966796875
154090,crop_safe,1,0,0,0.2175327034883721,0.0,0,20,21,0,0,0.5328675063420713,0.3428497314453125
297744,char_touch,1,0,1,0.14900255503144655,0.8537114147080078,1,0,0,48,49,0.19644997246785217,0.4710845947265625
154814,char_touch,1,0,1,0.12015704719387756,0.9312477264459803,8,0,0,30,30,0.2818738603955304,0.3263702392578125
154882,clean_noop,0,0,0,0.4804229736328125,0.0,0,0,0,0,0,1.0,0.4804229736328125
297926,char_touch,1,0,1,0.4398274739583333,0.12860757762276023,1,0,0,0,16,0.8778261434511434,0.4697265625
297940,crop_safe,1,0,0,0.3207065515350877,0.0,1,14,14,0,0,0.7231042608258972,0.3950042724609375
297965,char_touch,1,0,1,0.2806074134199134,0.20414673046251994,5,12,13,0,0,0.7216665217013134,0.350860595703125
155637,noise_cleanable,0,0,0,0.43304443359375,0.0,35,0,0,0,0,1.0,0.43304443359375
298198,char_touch,1,0,1,0.21317300451807228,0.6964512423674506,4,0,0,45,45,0.2822206299261659,0.4897918701171875
155700,char_touch,1,0,1,0.26713423295454547,0.30565136641018836,0,0,0,18,18,0.6201310745641152,0.3701934814453125
155877,char_touch,1,0,1,0.20258928571428572,0.940417525311352,3,0,0,40,41,0.30444116463169196,0.45489501953125
155878,char_touch,1,0,1,0.21050547235023043,0.40477508103407384,3,0,0,19,20,0.5394409078328259,0.330780029296875
155882,char_touch,1,0,1,0.20980282738095238,1.0,1,0,0,23,23,0.4892214270223379,0.3517913818359375
156189,noise_cleanable,0,0,0,0.2357177734375,0.0,31,0,0,0,0,1.0,0.2357177734375
156530,char_touch,1,0,1,0.21104964114832536,1.0,0,0,0,23,24,0.4841365117475562,0.35589599609375
156633,char_touch,1,0,1,0.15870875634517767,0.6326194398682042,0,0,0,29,30,0.3463735502856154,0.35260009765625
156891,noise_cleanable,0,0,0,0.10638427734375,0.0,38,0,0,0,0,1.0,0.10638427734375
156912,char_touch,1,0,1,0.1665807423857868,1.0,0,0,0,29,30,0.3574133163156775,0.3586578369140625
156942,noise_cleanable,0,0,0,0.125,0.0,56,0,0,0,0,1.0,0.125
298719,noise_cleanable,0,0,0,0.3227386474609375,0.0,112,0,0,0,0,1.0,0.3227386474609375
156962,char_touch,1,0,1,0.2520731494413408,0.7688279685815493,5,0,0,38,39,0.36947829702843615,0.4770355224609375
157150,noise_cleanable,0,0,0,0.2098846435546875,0.0,38,0,0,0,0,1.0,0.2098846435546875
157399,noise_cleanable,0,0,0,0.2615966796875,0.0,36,0,0,0,0,1.0,0.2615966796875
157396,noise_cleanable,0,0,0,0.348114013671875,0.0,34,0,0,0,0,1.0,0.348114013671875
157729,char_touch,1,0,1,0.18981995558375633,1.0,0,29,30,0,0,0.3879320825059772,0.3765411376953125
158479,noise_cleanable,0,0,0,0.1270294189453125,0.0,38,0,0,0,0,1.0,0.1270294189453125
158544,noise_cleanable,0,0,0,0.0963592529296875,0.0,57,0,0,0,0,1.0,0.0963592529296875
157781,char_touch,1,0,1,0.3459120639534884,0.3917907655466587,78,0,0,21,20,0.6451711284310403,0.450286865234375
158311,char_touch,1,0,1,0.44873046875,0.13041047230627548,3,16,0,0,0,0.8742666878071984,0.4811859130859375
158886,char_touch,1,0,1,0.10797601744186046,1.0,0,20,21,0,0,0.3615183405316625,0.2508392333984375
158892,char_touch,1,0,1,0.21844059405940594,0.4362534713456198,0,0,0,27,27,0.4496815286624204,0.38330078125
158922,noise_cleanable,0,0,0,0.153900146484375,0.0,66,0,0,0,0,1.0,0.153900146484375
159206,char_touch,1,0,1,0.16877629206730768,0.9726728043255882,3,0,0,26,22,0.42242068155111634,0.3246307373046875
159255,char_touch,1,0,1,0.14930555555555555,0.8179567058071731,2,0,0,20,20,0.4463667820069204,0.2822265625
300023,noise_cleanable,0,0,0,0.3208160400390625,0.0,240,0,0,0,0,1.0,0.3208160400390625
300033,char_touch,1,0,1,0.4480031032854348,0.1811140256133313,1,12,0,0,13,0.8190367538233844,0.494873046875
160366,noise_cleanable,0,0,0,0.33349609375,0.0,31,0,0,0,0,1.0,0.33349609375
160712,clean_noop,0,0,0,0.4948272705078125,0.0,3,0,0,0,0,1.0,0.4948272705078125
160979,noise_cleanable,0,0,0,0.23187255859375,0.0,30,0,0,0,0,1.0,0.23187255859375
161299,char_touch,1,0,1,0.16428571428571428,1.0,1,0,0,40,41,0.2619589977220957,0.4287109375
161473,char_touch,1,0,1,0.2471701388888889,0.8782161234991424,1,18,13,0,0,0.6420872231993866,0.3383331298828125
161490,noise_cleanable,0,0,0,0.2382049560546875,0.0,33,0,0,0,0,1.0,0.2382049560546875
161491,noise_cleanable,0,0,0,0.3775177001953125,0.0,67,0,0,0,0,1.0,0.3775177001953125
161692,noise_cleanable,0,0,0,0.32666015625,0.0,120,0,0,0,0,1.0,0.32666015625
161773,noise_cleanable,0,0,0,0.1509246826171875,0.0,51,0,0,0,0,1.0,0.1509246826171875
161775,noise_cleanable,0,0,0,0.26849365234375,0.0,30,0,0,0,0,1.0,0.26849365234375
161816,noise_cleanable,0,0,0,0.3372802734375,0.0,104,0,0,0,0,1.0,0.3372802734375
161875,noise_cleanable,0,0,0,0.222930908203125,0.0,34,0,0,0,0,1.0,0.222930908203125
161892,char_touch,1,0,1,0.4323770491803279,0.12591737445369836,4,12,0,0,0,0.8984099527642871,0.458709716796875
161903,clean_noop,0,0,0,0.4746856689453125,0.0,0,0,0,0,0,1.0,0.4746856689453125
161900,clean_noop,0,0,0,0.49017333984375,0.0,1,0,0,0,0,1.0,0.49017333984375
162461,noise_cleanable,0,0,0,0.1771392822265625,0.0,37,0,0,0,0,1.0,0.1771392822265625
163109,noise_cleanable,0,0,0,0.169403076171875,0.0,60,0,0,0,0,1.0,0.169403076171875
163193,noise_cleanable,0,0,0,0.18634033203125,0.0,53,0,0,0,0,1.0,0.18634033203125
163222,noise_cleanable,0,0,0,0.3516693115234375,0.0,36,0,0,0,0,1.0,0.3516693115234375
300958,char_touch,1,0,1,0.22176308539944903,0.9718593845884106,1,14,0,15,16,0.5213505461767627,0.3534088134765625
162777,noise_cleanable,0,0,0,0.1599273681640625,0.0,38,0,0,0,0,1.0,0.1599273681640625
162930,noise_cleanable,0,0,0,0.217803955078125,0.0,49,0,0,0,0,1.0,0.217803955078125
162956,char_touch,1,0,1,0.37266735781990523,0.3924067935618358,5,0,0,23,22,0.6367633568468668,0.4823760986328125
301644,char_touch,1,0,1,0.22766166125541126,0.6248779535247022,1,25,0,0,0,0.6777928812364699,0.3030853271484375
163691,noise_cleanable,0,0,0,0.2209625244140625,0.0,69,0,0,0,0,1.0,0.2209625244140625
163758,char_touch,1,0,1,0.41437224669603523,0.27735464897066586,1,0,0,15,14,0.7660007634559104,0.47967529296875
163855,char_touch,1,0,1,0.11721222310126582,0.9641443449521541,3,0,0,49,49,0.15893928727077677,0.4551544189453125
163809,noise_cleanable,0,0,0,0.112579345703125,0.0,47,0,0,0,0,1.0,0.112579345703125
164625,char_touch,1,0,1,0.28670203877005346,0.9446381405176968,11,0,0,34,35,0.4375199234937839,0.478668212890625
164647,char_touch,1,0,1,0.31434755067567566,0.38022763366860773,4,17,17,0,0,0.6745582238332578,0.40411376953125
164741,noise_cleanable,0,0,0,0.1837005615234375,0.0,67,0,0,0,0,1.0,0.1837005615234375
164743,noise_cleanable,0,0,0,0.45477294921875,0.0,51,0,0,0,0,1.0,0.45477294921875
164026,char_touch,1,0,1,0.3208800747863248,0.27602278612118075,2,0,0,22,0,0.782909742587162,0.3746337890625
164091,blob_discard,1,0,1,0.4594463174273859,0.11952867343344753,0,0,0,15,0,0.8836310358801708,0.4894866943359375
164122,noise_cleanable,0,0,0,0.3623504638671875,0.0,79,0,0,0,0,1.0,0.3623504638671875
164144,clean_noop,0,0,0,0.5062103271484375,0.0,0,0,0,0,0,1.0,0.5062103271484375
164242,noise_cleanable,0,0,0,0.2136688232421875,0.0,90,0,0,0,0,1.0,0.2136688232421875
164883,char_touch,1,0,1,0.16947115384615385,0.9993669550538088,9,0,0,37,37,0.2941877794336811,0.4095458984375
166540,noise_cleanable,0,0,0,0.2137603759765625,0.0,53,0,0,0,0,1.0,0.2137603759765625
302599,noise_cleanable,0,0,0,0.17034912109375,0.0,100,0,0,0,0,1.0,0.17034912109375
302279,char_touch,1,0,1,0.14494004360465115,0.976921679084136,22,0,0,42,42,0.2288603600372947,0.425506591796875
166313,char_touch,1,0,1,0.21237117686170212,0.9625124405617604,2,0,0,34,34,0.37001773884082106,0.4214935302734375
166764,clean_noop,0,0,0,0.4849090576171875,0.0,1,0,0,0,0,1.0,0.4849090576171875
166952,char_touch,1,0,1,0.4358982740585774,0.13542262766351365,4,0,0,0,17,0.8689277685465742,0.4683380126953125
302765,clean_noop,0,0,0,0.4763946533203125,0.0,0,0,0,0,0,1.0,0.4763946533203125
167171,noise_cleanable,0,0,0,0.2811431884765625,0.0,47,0,0,0,0,1.0,0.2811431884765625
167321,noise_cleanable,0,0,0,0.2171783447265625,0.0,52,0,0,0,0,1.0,0.2171783447265625
167411,char_touch,1,0,1,0.3064216557992492,0.5238727266205115,4,23,23,0,15,0.5150106269925611,0.45947265625
167431,crop_safe,1,0,0,0.27778764204545453,0.0,0,0,0,18,18,0.6292989018945336,0.3793487548828125
167605,noise_cleanable,0,0,0,0.248870849609375,0.0,79,0,0,0,0,1.0,0.248870849609375
303032,char_touch,1,0,1,0.23322548028311427,0.9534966486742986,15,26,0,18,23,0.41774123442480443,0.4212646484375
167682,char_touch,1,0,1,0.1750545058139535,0.7899450590803041,4,41,0,0,0,0.4786150712830957,0.3071746826171875
167772,char_touch,1,0,1,0.23160375261215596,0.98760092272203,0,18,0,33,34,0.33641177990183413,0.4725341796875
167937,char_touch,1,0,1,0.1347653321337532,0.8906924033048184,9,28,0,22,0,0.3711542432376626,0.29559326171875
168004,char_touch,1,0,1,0.22676225142045456,0.9098987026834903,1,0,0,40,40,0.33283382740984463,0.4683990478515625
168006,char_touch,1,0,1,0.25629769703518607,0.9104458268532919,3,35,0,29,26,0.35073937153419593,0.49530029296875
168237,char_touch,1,0,1,0.10526842948717949,0.9251521631847344,8,22,0,0,0,0.5285834031852473,0.182037353515625
168371,crop_safe,1,0,0,0.21687570067264575,0.0,0,0,0,16,17,0.5944116376206251,0.3178253173828125
168409,char_touch,1,0,1,0.10782283928063979,0.9782347282347282,2,18,0,24,25,0.2461310351218608,0.329315185546875
168472,noise_cleanable,0,0,0,0.3224029541015625,0.0,38,0,0,0,0,1.0,0.3224029541015625
168553,char_touch,1,0,1,0.07309027777777778,1.0,2,15,16,0,0,0.34661616993248806,0.185333251953125
168612,noise_cleanable,0,0,0,0.1811370849609375,0.0,46,0,0,0,0,1.0,0.1811370849609375
168711,char_touch,1,0,1,0.21739523121387283,0.9189516477813338,2,0,0,41,42,0.3118279569892473,0.47113037109375
169025,char_touch,1,0,1,0.1968884120171674,0.4572938524908681,6,23,0,0,0,0.6662128432039937,0.26898193359375
169164,noise_cleanable,0,0,0,0.3273162841796875,0.0,249,0,0,0,0,1.0,0.3273162841796875
169168,clean_noop,0,0,0,0.4836883544921875,0.0,0,0,0,0,0,1.0,0.4836883544921875
169306,char_touch,1,0,1,0.12252371651785714,1.0,0,16,16,0,0,0.46169010382441844,0.232208251953125
169412,noise_cleanable,0,0,0,0.40557861328125,0.0,74,0,0,0,0,1.0,0.40557861328125
303785,char_touch,1,0,1,0.18940453980099503,0.7323252962811606,12,0,0,27,28,0.4090489381348107,0.363555908203125
169513,crop_safe,1,0,0,0.19009248878923768,0.0,0,16,17,0,0,0.562279792746114,0.29449462890625
169820,noise_cleanable,0,0,0,0.1906890869140625,0.0,31,0,0,0,0,1.0,0.1906890869140625
169952,clean_noop,0,0,0,0.486358642578125,0.0,1,0,0,0,0,1.0,0.486358642578125
304307,char_touch,1,0,1,0.32391672036082475,0.5532574609774145,0,0,0,31,31,0.506055553807921,0.4850616455078125
170726,clean_noop,0,0,0,0.478607177734375,0.0,4,0,0,0,0,1.0,0.478607177734375
171027,char_touch,1,0,1,0.40899820243362833,0.24453102545268737,1,15,15,0,0,0.7555236270753513,0.4779052734375
171033,char_touch,1,0,1,0.23708471760797342,0.7944808467741935,8,17,15,23,18,0.3985201214617291,0.4371795654296875
171034,char_touch,1,0,1,0.19615546218487395,0.7751080380293863,5,18,0,29,27,0.3423532431342353,0.4161529541015625
169987,blob_discard,1,0,1,0.45001296680497926,0.14734658735128367,1,0,0,0,15,0.8805861270576295,0.4810943603515625
171414,noise_cleanable,0,0,0,0.2214508056640625,0.0,79,0,0,0,0,1.0,0.2214508056640625
172195,noise_cleanable,0,0,0,0.1388702392578125,0.0,49,0,0,0,0,1.0,0.1388702392578125
172286,noise_cleanable,0,0,0,0.1161346435546875,0.0,98,0,0,0,0,1.0,0.1161346435546875
172387,noise_cleanable,0,0,0,0.32965087890625,0.0,35,0,0,0,0,1.0,0.32965087890625
172475,noise_cleanable,0,0,0,0.2649078369140625,0.0,52,0,0,0,0,1.0,0.2649078369140625
171944,char_touch,1,0,1,0.14459585371535058,0.8221136871837119,1,29,15,13,0,0.34775910364145657,0.32684326171875
173069,char_touch,1,0,1,0.26087468592964824,0.5382658623446471,6,29,28,0,0,0.4769595176571921,0.4251708984375
173082,noise_cleanable,0,0,0,0.3605194091796875,0.0,33,0,0,0,0,1.0,0.3605194091796875
173875,char_touch,1,0,1,0.19760077662721892,0.9947893667755895,9,0,0,43,44,0.27737581519094123,0.4702911376953125
173979,noise_cleanable,0,0,0,0.2051239013671875,0.0,35,0,0,0,0,1.0,0.2051239013671875
173980,noise_cleanable,0,0,0,0.2774810791015625,0.0,46,0,0,0,0,1.0,0.2774810791015625
305838,char_touch,1,0,1,0.1521532012195122,1.0,0,0,0,46,46,0.21336005344021375,0.45684814453125
305912,noise_cleanable,0,0,0,0.2239227294921875,0.0,54,0,0,0,0,1.0,0.2239227294921875
174866,noise_cleanable,0,0,0,0.109283447265625,0.0,46,0,0,0,0,1.0,0.109283447265625
174917,clean_noop,0,0,0,0.4630889892578125,0.0,1,0,0,0,0,1.0,0.4630889892578125
174935,char_touch,1,0,1,0.191203853626943,0.9260450160771704,5,0,0,31,32,0.3693841642228739,0.3902435302734375
175078,char_touch,1,0,1,0.17829114819004524,0.9873580458538675,2,0,0,17,18,0.5295847115031238,0.2906341552734375
174472,noise_cleanable,0,0,0,0.139068603515625,0.0,32,0,0,0,0,1.0,0.139068603515625
175343,char_touch,1,0,1,0.1944796954314721,0.6320467451238582,6,0,0,29,30,0.3937058445728966,0.380126953125
175361,noise_cleanable,0,0,0,0.239593505859375,0.0,51,0,0,0,0,1.0,0.239593505859375
175379,noise_cleanable,0,0,0,0.20294189453125,0.0,287,0,0,0,0,1.0,0.20294189453125
306308,noise_cleanable,0,0,0,0.3685455322265625,0.0,99,0,0,0,0,1.0,0.3685455322265625
175668,char_touch,1,0,1,0.3486328125,0.30667018987580685,3,17,15,0,0,0.7110542040119505,0.42901611328125
175843,crop_safe,1,0,0,0.2774254707112971,0.0,0,0,17,0,0,0.7959298508862421,0.325408935546875
175939,char_touch,1,0,1,0.19161896658415842,0.7873334092721267,0,24,30,0,0,0.41751990898748575,0.3621368408203125
176061,noise_cleanable,0,0,0,0.214813232421875,0.0,36,0,0,0,0,1.0,0.214813232421875
306507,char_touch,1,0,1,0.4217777489626556,0.1284020994820814,2,0,0,0,15,0.875689864046305,0.45343017578125
176132,char_touch,1,0,1,0.42294497282608695,0.2258621284821706,0,14,12,0,0,0.7919290211791643,0.479827880859375
306838,noise_cleanable,0,0,0,0.120849609375,0.0,75,0,0,0,0,1.0,0.120849609375
176936,noise_cleanable,0,0,0,0.20684814453125,0.0,31,0,0,0,0,1.0,0.20684814453125
177108,char_touch,1,0,1,0.20272253787878788,0.9184214631102792,33,0,0,45,46,0.2687780532973414,0.4861297607421875
177122,noise_cleanable,0,0,0,0.410919189453125,0.0,105,0,0,0,0,1.0,0.410919189453125
186083,noise_cleanable,0,0,0,0.32550048828125,0.0,95,0,0,0,0,1.0,0.32550048828125
186084,noise_cleanable,0,0,0,0.341796875,0.0,103,0,0,0,0,1.0,0.341796875
186360,noise_cleanable,0,0,0,0.3507232666015625,0.0,41,0,0,0,0,1.0,0.3507232666015625
186870,noise_cleanable,0,0,0,0.3300933837890625,0.0,43,0,0,0,0,1.0,0.3300933837890625
186908,char_touch,1,0,1,0.4471764782157676,0.11864132370559854,1,0,0,0,15,0.8827632547275461,0.4768829345703125
187622,noise_cleanable,0,0,0,0.4768218994140625,0.0,133,0,0,0,0,1.0,0.4768218994140625
187734,noise_cleanable,0,0,0,0.09381103515625,0.0,30,0,0,0,0,1.0,0.09381103515625
187787,noise_cleanable,0,0,0,0.2382965087890625,0.0,35,0,0,0,0,1.0,0.2382965087890625
187803,noise_cleanable,0,0,0,0.4768218994140625,0.0,133,0,0,0,0,1.0,0.4768218994140625
187823,noise_cleanable,0,0,0,0.20050048828125,0.0,42,0,0,0,0,1.0,0.20050048828125
187853,noise_cleanable,0,0,0,0.19171142578125,0.0,65,0,0,0,0,1.0,0.19171142578125
187876,char_touch,1,0,1,0.29524576005025127,0.5232107960620921,4,29,28,0,0,0.5145564640279155,0.4460296630859375
311220,noise_cleanable,0,0,0,0.2588348388671875,0.0,52,0,0,0,0,1.0,0.2588348388671875
188252,clean_noop,0,0,0,0.4975433349609375,0.0,1,0,0,0,0,1.0,0.4975433349609375
188249,blob_discard,1,0,1,0.455572484439834,0.11833021485257113,2,15,0,0,0,0.8845633359559402,0.4848480224609375
188475,char_touch,1,0,1,0.2904315128504673,0.40803455393318555,1,19,23,0,0,0.5984728804634017,0.405670166015625
188860,char_touch,1,0,1,0.3513368055555556,0.2836503914375402,6,31,0,0,0,0.7296030572880989,0.4232330322265625
311786,char_touch,1,0,1,0.15716552734375,0.7712227506003108,0,44,20,0,0,0.32047293092719353,0.3678131103515625
311846,char_touch,1,0,1,0.15754616477272726,0.8329564981459708,6,18,18,0,0,0.49068185588674446,0.2759246826171875
189622,noise_cleanable,0,0,0,0.4308013916015625,0.0,53,0,0,0,0,1.0,0.4308013916015625
189650,char_touch,1,0,1,0.37810682178741406,0.4010785524007537,3,12,0,20,19,0.618550330593833,0.493865966796875
189731,char_touch,1,0,1,0.14441568047337278,0.9847024493766027,6,0,0,43,44,0.21907433380084151,0.4351806640625
189739,blob_discard,1,0,1,0.46163446576763484,0.1165545342556619,7,0,0,0,15,0.8853004258493674,0.4908905029296875
189799,noise_cleanable,0,0,0,0.4642181396484375,0.0,59,0,0,0,0,1.0,0.4642181396484375
190932,noise_cleanable,0,0,0,0.18536376953125,0.0,53,0,0,0,0,1.0,0.18536376953125
190994,noise_cleanable,0,0,0,0.1199493408203125,0.0,42,0,0,0,0,1.0,0.1199493408203125
312099,crop_safe,1,0,0,0.15757502753303965,0.0,0,14,15,0,0,0.552258609251553,0.2530059814453125
312103,noise_cleanable,0,0,0,0.222930908203125,0.0,48,0,0,0,0,1.0,0.222930908203125
190446,clean_noop,0,0,0,0.48834228515625,0.0,0,0,0,0,0,1.0,0.48834228515625
190773,noise_cleanable,0,0,0,0.1423492431640625,0.0,46,0,0,0,0,1.0,0.1423492431640625
190810,noise_cleanable,0,0,0,0.2414093017578125,0.0,38,0,0,0,0,1.0,0.2414093017578125
191419,clean_noop,0,0,0,0.480133056640625,0.0,0,0,0,0,0,1.0,0.480133056640625
177123,noise_cleanable,0,0,0,0.2777557373046875,0.0,37,0,0,0,0,1.0,0.2777557373046875
177423,noise_cleanable,0,0,0,0.241546630859375,0.0,70,0,0,0,0,1.0,0.241546630859375
177451,char_touch,1,0,1,0.12132750638224223,0.9516462933753943,3,14,0,32,33,0.22508528998595223,0.3801727294921875
177876,char_touch,1,0,1,0.20039275956284153,0.980997375328084,10,0,0,36,37,0.3343781165408178,0.42840576171875
177938,noise_cleanable,0,0,0,0.334564208984375,0.0,138,0,0,0,0,1.0,0.334564208984375
178080,char_touch,1,0,1,0.09147757316596547,0.9286889742183214,3,37,40,0,13,0.15310912728951823,0.39654541015625
178238,noise_cleanable,0,0,0,0.220733642578125,0.0,168,0,0,0,0,1.0,0.220733642578125
178274,char_touch,1,0,1,0.4327612704918033,0.11104247665419134,0,0,0,12,0,0.8984312682797129,0.4591064453125
178331,noise_cleanable,0,0,0,0.2839202880859375,0.0,39,0,0,0,0,1.0,0.2839202880859375
178478,noise_cleanable,0,0,0,0.147125244140625,0.0,44,0,0,0,0,1.0,0.147125244140625
178572,noise_cleanable,0,0,0,0.22698974609375,0.0,41,0,0,0,0,1.0,0.22698974609375
178802,char_touch,1,0,1,0.1475830078125,0.9859488538279336,4,0,0,49,47,0.19752319958175402,0.46697998046875
178937,char_touch,1,0,1,0.44775390625,0.18387733027931538,0,0,0,0,24,0.8214561517313811,0.4939727783203125
179201,char_touch,1,0,1,0.36190826113861385,0.4332347076606419,11,36,18,0,0,0.5814639905548996,0.491119384765625
179466,noise_cleanable,0,0,0,0.3110809326171875,0.0,46,0,0,0,0,1.0,0.3110809326171875
179624,noise_cleanable,0,0,0,0.1602935791015625,0.0,48,0,0,0,0,1.0,0.1602935791015625
180036,char_touch,1,0,1,0.3764391447368421,0.4360362552466695,136,14,14,0,0,0.7540150995195607,0.44464111328125
180037,noise_cleanable,0,0,0,0.3632354736328125,0.0,35,0,0,0,0,1.0,0.3632354736328125
180038,noise_cleanable,0,0,0,0.334442138671875,0.0,75,0,0,0,0,1.0,0.334442138671875
180057,noise_cleanable,0,0,0,0.2115020751953125,0.0,39,0,0,0,0,1.0,0.2115020751953125
180918,char_touch,1,0,1,0.40243335122562174,0.28711758852043273,1,0,26,0,13,0.7154854307163762,0.47967529296875
180720,char_touch,1,0,1,0.1719625840807175,0.8362538362538362,0,20,13,0,0,0.5375054752518615,0.2786865234375
181326,noise_cleanable,0,0,0,0.2174072265625,0.0,30,0,0,0,0,1.0,0.2174072265625
181383,noise_cleanable,0,0,0,0.3548431396484375,0.0,62,0,0,0,0,1.0,0.3548431396484375
181390,char_touch,1,0,1,0.3671690742924528,0.39292907495324414,6,0,0,13,31,0.6458900557500324,0.47076416015625
308591,crop_safe,1,0,0,0.24699237089201878,0.0,0,21,22,0,0,0.5502533093642752,0.37347412109375
181477,noise_cleanable,0,0,0,0.25030517578125,0.0,176,0,0,0,0,1.0,0.25030517578125
181500,noise_cleanable,0,0,0,0.2339019775390625,0.0,90,0,0,0,0,1.0,0.2339019775390625
181559,noise_cleanable,0,0,0,0.2722625732421875,0.0,238,0,0,0,0,1.0,0.2722625732421875
308763,noise_cleanable,0,0,0,0.1258697509765625,0.0,50,0,0,0,0,1.0,0.1258697509765625
308944,noise_cleanable,0,0,0,0.1114349365234375,0.0,97,0,0,0,0,1.0,0.1114349365234375
182401,char_touch,1,0,1,0.11788993969298246,0.753416018499054,0,0,0,14,14,0.489785749875436,0.2143707275390625
192246,noise_cleanable,0,0,0,0.2558135986328125,0.0,44,0,0,0,0,1.0,0.2558135986328125
192263,char_touch,1,0,1,0.36830998726578135,0.35706867903627804,1,14,12,17,0,0.6624783220444357,0.4663238525390625
192398,char_touch,1,0,1,0.16046736725663716,0.6983851838335918,2,15,15,0,0,0.5480843024971959,0.2584686279296875
193046,noise_cleanable,0,0,0,0.3183135986328125,0.0,39,0,0,0,0,1.0,0.3183135986328125
193931,noise_cleanable,0,0,0,0.254547119140625,0.0,36,0,0,0,0,1.0,0.254547119140625
193962,noise_cleanable,0,0,0,0.209381103515625,0.0,40,0,0,0,0,1.0,0.209381103515625
193495,noise_cleanable,0,0,0,0.295623779296875,0.0,31,0,0,0,0,1.0,0.295623779296875
193843,noise_cleanable,0,0,0,0.3453216552734375,0.0,55,0,0,0,0,1.0,0.3453216552734375
194259,noise_cleanable,0,0,0,0.213623046875,0.0,49,0,0,0,0,1.0,0.213623046875
194701,noise_cleanable,0,0,0,0.1588897705078125,0.0,34,0,0,0,0,1.0,0.1588897705078125
194764,noise_cleanable,0,0,0,0.164459228515625,0.0,161,0,0,0,0,1.0,0.164459228515625
313948,noise_cleanable,0,0,0,0.3087615966796875,0.0,43,0,0,0,0,1.0,0.3087615966796875
194775,noise_cleanable,0,0,0,0.0847625732421875,0.0,31,0,0,0,0,1.0,0.0847625732421875
194902,noise_cleanable,0,0,0,0.349365234375,0.0,36,0,0,0,0,1.0,0.349365234375
195057,noise_cleanable,0,0,0,0.2002716064453125,0.0,103,0,0,0,0,1.0,0.2002716064453125
195553,char_touch,1,0,1,0.2909564393939394,0.5765880942868558,5,33,25,0,0,0.5054146675805347,0.44525146484375
314596,char_touch,1,0,1,0.1474657012195122,0.8633778600714191,1,24,27,0,0,0.3721567684539553,0.3173065185546875
196465,noise_cleanable,0,0,0,0.231536865234375,0.0,77,0,0,0,0,1.0,0.231536865234375
196753,noise_cleanable,0,0,0,0.411376953125,0.0,96,0,0,0,0,1.0,0.411376953125
196867,char_touch,1,0,1,0.09231418918918918,0.9947112790070156,12,35,36,0,0,0.19389746318963988,0.34405517578125
314825,char_touch,1,0,1,0.35297581658291455,0.6129289704708699,69,29,28,0,0,0.5520353656290293,0.497039794921875
197046,noise_cleanable,0,0,0,0.1904449462890625,0.0,60,0,0,0,0,1.0,0.1904449462890625
314892,char_touch,1,0,1,0.1100883152173913,1.0,0,13,13,0,0,0.4933779875171259,0.200469970703125
197305,char_touch,1,0,1,0.16989567809239942,0.7982393438922538,1,40,33,14,0,0.2617771901746573,0.438568115234375
315039,noise_cleanable,0,0,0,0.264556884765625,0.0,32,0,0,0,0,1.0,0.264556884765625
197630,noise_cleanable,0,0,0,0.3138275146484375,0.0,63,0,0,0,0,1.0,0.3138275146484375
197707,noise_cleanable,0,0,0,0.2346954345703125,0.0,32,0,0,0,0,1.0,0.2346954345703125
197734,noise_cleanable,0,0,0,0.214447021484375,0.0,82,0,0,0,0,1.0,0.214447021484375
197865,char_touch,1,0,1,0.11902361751152074,0.8806562582693834,3,19,20,0,0,0.39840925524222703,0.25323486328125
197909,noise_cleanable,0,0,0,0.191741943359375,0.0,36,0,0,0,0,1.0,0.191741943359375
197980,char_touch,1,0,1,0.0872451740934512,0.8856716679828025,0,13,13,15,0,0.32391158740790355,0.227813720703125
198090,char_touch,1,0,1,0.15751591435185186,0.7920915195225069,8,25,15,0,0,0.46035940803382663,0.2886962890625
182511,noise_cleanable,0,0,0,0.2437896728515625,0.0,41,0,0,0,0,1.0,0.2437896728515625
182737,char_touch,1,0,1,0.4165558510638298,0.2190485427476844,10,0,0,21,0,0.8301311779515039,0.46063232421875
182757,char_touch,1,0,1,0.1566775497512438,0.974150373966671,2,0,0,29,26,0.3641044169451721,0.337860107421875
182764,noise_cleanable,0,0,0,0.2306060791015625,0.0,47,0,0,0,0,1.0,0.2306060791015625
182765,noise_cleanable,0,0,0,0.2799072265625,0.0,66,0,0,0,0,1.0,0.2799072265625
182851,noise_cleanable,0,0,0,0.4886474609375,0.0,47,0,0,0,0,1.0,0.4886474609375
309183,crop_safe,1,0,0,0.1855126096491228,0.0,5,14,14,0,0,0.6016892642809514,0.27459716796875
182872,noise_cleanable,0,0,0,0.2437896728515625,0.0,41,0,0,0,0,1.0,0.2437896728515625
182902,char_touch,1,0,1,0.11966329225352113,0.8706794273511034,0,21,22,0,0,0.3721553641704215,0.2675323486328125
182945,noise_cleanable,0,0,0,0.28692626953125,0.0,250,0,0,0,0,1.0,0.28692626953125
183179,noise_cleanable,0,0,0,0.2138671875,0.0,32,0,0,0,0,1.0,0.2138671875
183304,char_touch,1,0,1,0.4431640625,0.13838129123631213,5,16,0,0,0,0.8717423320740219,0.476593017578125
309448,noise_cleanable,0,0,0,0.183746337890625,0.0,86,0,0,0,0,1.0,0.183746337890625
183624,crop_safe,1,0,0,0.19421939300411523,0.0,12,13,0,0,0,0.7858722518537791,0.234588623046875
183676,noise_cleanable,0,0,0,0.2081451416015625,0.0,50,0,0,0,0,1.0,0.2081451416015625
309555,noise_cleanable,0,0,0,0.223663330078125,0.0,51,0,0,0,0,1.0,0.223663330078125
184332,noise_cleanable,0,0,0,0.1924896240234375,0.0,38,0,0,0,0,1.0,0.1924896240234375
184333,noise_cleanable,0,0,0,0.2161407470703125,0.0,81,0,0,0,0,1.0,0.2161407470703125
183952,noise_cleanable,0,0,0,0.1197052001953125,0.0,75,0,0,0,0,1.0,0.1197052001953125
183965,noise_cleanable,0,0,0,0.1952972412109375,0.0,298,0,0,0,0,1.0,0.1952972412109375
309623,noise_cleanable,0,0,0,0.2350311279296875,0.0,31,0,0,0,0,1.0,0.2350311279296875
184087,noise_cleanable,0,0,0,0.1314544677734375,0.0,156,0,0,0,0,1.0,0.1314544677734375
184116,noise_cleanable,0,0,0,0.197021484375,0.0,34,0,0,0,0,1.0,0.197021484375
309704,char_touch,1,0,1,0.41553368506493504,0.22269275189864557,1,12,13,0,0,0.7943173002327386,0.4720458984375
184134,char_touch,1,0,1,0.4183610807860262,0.26136713933415534,0,14,13,0,0,0.7833530294803411,0.4777374267578125
184186,char_touch,1,0,1,0.20126793032786885,0.3343855447915533,1,0,0,0,12,0.803630784965482,0.23870849609375
184676,noise_cleanable,0,0,0,0.2475433349609375,0.0,32,0,0,0,0,1.0,0.2475433349609375
310060,char_touch,1,0,1,0.4182705965909091,0.2818720458025431,1,0,0,0,36,0.7355815768930523,0.4886627197265625
185242,noise_cleanable,0,0,0,0.1287841796875,0.0,75,0,0,0,0,1.0,0.1287841796875
185342,char_touch,1,0,1,0.38841391509433965,0.35956850475818014,11,26,18,0,0,0.65643197458973,0.4900054931640625
185574,noise_cleanable,0,0,0,0.216583251953125,0.0,51,0,0,0,0,1.0,0.216583251953125
185589,noise_cleanable,0,0,0,0.2330169677734375,0.0,72,0,0,0,0,1.0,0.2330169677734375
198336,char_touch,1,0,1,0.1670353982300885,0.9157785287236808,1,19,25,30,0,0.3123975329846202,0.390899658203125
315435,noise_cleanable,0,0,0,0.2117919921875,0.0,66,0,0,0,0,1.0,0.2117919921875
198473,noise_cleanable,0,0,0,0.246856689453125,0.0,43,0,0,0,0,1.0,0.246856689453125
198493,noise_cleanable,0,0,0,0.2031097412109375,0.0,54,0,0,0,0,1.0,0.2031097412109375
198553,noise_cleanable,0,0,0,0.234375,0.0,30,0,0,0,0,1.0,0.234375
198727,noise_cleanable,0,0,0,0.211669921875,0.0,96,0,0,0,0,1.0,0.211669921875
198743,noise_cleanable,0,0,0,0.36712646484375,0.0,69,0,0,0,0,1.0,0.36712646484375
198830,char_touch,1,0,1,0.06701388888888889,0.8811381367599816,5,15,16,0,0,0.32722956934554087,0.17999267578125
198932,noise_cleanable,0,0,0,0.167755126953125,0.0,57,0,0,0,0,1.0,0.167755126953125
199077,char_touch,1,0,1,0.12098643543956043,0.8982882071221964,0,37,37,0,0,0.22932346120987754,0.3750762939453125
199141,clean_noop,0,0,0,0.44207763671875,0.0,1,0,0,0,0,1.0,0.44207763671875
199179,char_touch,1,0,1,0.14534505208333334,0.9201042509211828,1,0,0,20,20,0.439781121751026,0.2788543701171875
315910,noise_cleanable,0,0,0,0.26214599609375,0.0,34,0,0,0,0,1.0,0.26214599609375
199813,noise_cleanable,0,0,0,0.251129150390625,0.0,32,0,0,0,0,1.0,0.251129150390625
199976,noise_cleanable,0,0,0,0.1774139404296875,0.0,60,0,0,0,0,1.0,0.1774139404296875
316135,char_touch,1,0,1,0.3050211997487437,0.6685910652920962,15,0,0,28,29,0.5157147124224221,0.4597625732421875
200286,noise_cleanable,0,0,0,0.3885650634765625,0.0,71,0,0,0,0,1.0,0.3885650634765625
316460,char_touch,1,0,1,0.16592582614942528,0.7063257065948856,11,0,0,41,41,0.2604023535214741,0.4330902099609375
316718,char_touch,1,0,1,0.19445697275843407,0.9676461179911346,10,0,15,38,34,0.2893818377072287,0.454681396484375
201855,noise_cleanable,0,0,0,0.1733856201171875,0.0,44,0,0,0,0,1.0,0.1733856201171875
202041,char_touch,1,0,1,0.10984848484848485,0.9752559098608145,0,20,20,14,0,0.30244930208058995,0.2896881103515625
202042,char_touch,1,0,1,0.20965576171875,0.941108423598696,10,0,0,29,35,0.3862733338331209,0.407073974609375
202055,noise_cleanable,0,0,0,0.1985931396484375,0.0,46,0,0,0,0,1.0,0.1985931396484375
202324,noise_cleanable,0,0,0,0.24432373046875,0.0,81,0,0,0,0,1.0,0.24432373046875
202504,char_touch,1,0,1,0.1876666172985782,0.8773132282385195,0,22,23,0,0,0.468070369857321,0.3304595947265625
202843,char_touch,1,0,1,0.16935722748815166,1.0,0,22,23,0,0,0.44261660538029807,0.31536865234375
202890,noise_cleanable,0,0,0,0.2020111083984375,0.0,32,0,0,0,0,1.0,0.2020111083984375
202991,noise_cleanable,0,0,0,0.415069580078125,0.0,44,0,0,0,0,1.0,0.415069580078125
203026,noise_cleanable,0,0,0,0.144866943359375,0.0,77,0,0,0,0,1.0,0.144866943359375
203056,noise_cleanable,0,0,0,0.1890106201171875,0.0,33,0,0,0,0,1.0,0.1890106201171875
203280,noise_cleanable,0,0,0,0.2315521240234375,0.0,42,0,0,0,0,1.0,0.2315521240234375
203289,crop_safe,1,0,0,0.26249226485148514,0.0,7,27,27,0,0,0.495437623184174,0.418060302734375
204033,crop_safe,1,0,0,0.21697297643442623,0.0,0,0,0,0,12,0.815218045112782,0.2536773681640625
317738,char_touch,1,0,1,0.3965573132780083,0.20050576004495646,159,0,0,0,15,0.8725081131200741,0.4278717041015625
204117,noise_cleanable,0,0,0,0.160125732421875,0.0,59,0,0,0,0,1.0,0.160125732421875
204118,noise_cleanable,0,0,0,0.2679595947265625,0.0,56,0,0,0,0,1.0,0.2679595947265625
203462,char_touch,1,0,1,0.4282626793032787,0.10660006376873206,0,0,0,12,0,0.8988911290322581,0.4541015625
204176,noise_cleanable,0,0,0,0.235198974609375,0.0,42,0,0,0,0,1.0,0.235198974609375
204251,noise_cleanable,0,0,0,0.199249267578125,0.0,31,0,0,0,0,1.0,0.199249267578125
204306,char_touch,1,0,1,0.40110930735930733,0.21768824215800672,0,12,13,0,0,0.7890097461996474,0.4587249755859375
204655,char_touch,1,0,1,0.4027361586757991,0.3068348012610095,0,19,18,0,0,0.7051530293566521,0.48858642578125
317983,char_touch,1,0,1,0.11552820796460177,1.0,1,0,0,15,15,0.4653299916457811,0.21917724609375
318093,noise_cleanable,0,0,0,0.3496856689453125,0.0,31,0,0,0,0,1.0,0.3496856689453125
205382,noise_cleanable,0,0,0,0.1893157958984375,0.0,34,0,0,0,0,1.0,0.1893157958984375
205423,noise_cleanable,0,0,0,0.2437591552734375,0.0,53,0,0,0,0,1.0,0.2437591552734375
205506,noise_cleanable,0,0,0,0.2126617431640625,0.0,46,0,0,0,0,1.0,0.2126617431640625
205539,noise_cleanable,0,0,0,0.29669189453125,0.0,67,0,0,0,0,1.0,0.29669189453125
205661,noise_cleanable,0,0,0,0.16064453125,0.0,56,0,0,0,0,1.0,0.16064453125
205890,noise_cleanable,0,0,0,0.1621856689453125,0.0,427,0,0,0,0,1.0,0.1621856689453125
205975,clean_noop,0,0,0,0.48291015625,0.0,0,0,0,0,0,1.0,0.48291015625
206257,noise_cleanable,0,0,0,0.29052734375,0.0,63,0,0,0,0,1.0,0.29052734375
206279,noise_cleanable,0,0,0,0.29052734375,0.0,63,0,0,0,0,1.0,0.29052734375
207449,char_touch,1,0,1,0.3844288793103448,0.2994297620353109,12,0,24,0,0,0.800954185083842,0.434967041015625
207450,char_touch,1,0,1,0.34900841346153844,0.4234321491577018,4,23,25,0,0,0.6028872668288726,0.4703521728515625
207641,noise_cleanable,0,0,0,0.2812042236328125,0.0,40,0,0,0,0,1.0,0.2812042236328125
207667,noise_cleanable,0,0,0,0.3936767578125,0.0,30,0,0,0,0,1.0,0.3936767578125
207762,noise_cleanable,0,0,0,0.2188262939453125,0.0,46,0,0,0,0,1.0,0.2188262939453125
207780,noise_cleanable,0,0,0,0.2188262939453125,0.0,46,0,0,0,0,1.0,0.2188262939453125
319279,noise_cleanable,0,0,0,0.346923828125,0.0,135,0,0,0,0,1.0,0.346923828125
207967,char_touch,1,0,1,0.4330188041125541,0.22971345135973717,0,13,12,0,0,0.8027272727272727,0.48675537109375
208029,char_touch,1,0,1,0.36426661036036034,0.3104621286143379,0,16,18,0,0,0.7070113725624125,0.4467926025390625
208045,noise_cleanable,0,0,0,0.1651458740234375,0.0,30,0,0,0,0,1.0,0.1651458740234375
208059,char_touch,1,0,1,0.3597530241935484,0.36936167050605634,0,0,0,20,19,0.6678139410546013,0.456634521484375
208536,char_touch,1,0,1,0.11337939698492462,1.0,1,28,29,0,0,0.2835820895522388,0.310791015625
208628,noise_cleanable,0,0,0,0.2374725341796875,0.0,40,0,0,0,0,1.0,0.2374725341796875
208677,noise_cleanable,0,0,0,0.3303070068359375,0.0,118,0,0,0,0,1.0,0.3303070068359375
209185,char_touch,1,0,1,0.10457136824324324,1.0,1,17,17,0,0,0.40574861746432717,0.2234954833984375
209029,crop_safe,1,0,0,0.1287015556768559,0.0,0,0,0,13,14,0.5218925088192571,0.2205963134765625
209377,noise_cleanable,0,0,0,0.1641082763671875,0.0,52,0,0,0,0,1.0,0.1641082763671875
209560,char_touch,1,0,1,0.21298882681564246,1.0,2,0,0,38,39,0.3311617806731813,0.44970703125
209878,noise_cleanable,0,0,0,0.1645050048828125,0.0,31,0,0,0,0,1.0,0.1645050048828125
210000,crop_safe,1,0,0,0.2505878337378641,0.0,0,25,25,0,0,0.5079761675956179,0.3969573974609375
210058,crop_safe,1,0,0,0.17596646012931033,0.0,0,12,12,0,0,0.6297680024103646,0.2532196044921875
210210,noise_cleanable,0,0,0,0.1501617431640625,0.0,252,0,0,0,0,1.0,0.1501617431640625
210588,noise_cleanable,0,0,0,0.22698974609375,0.0,76,0,0,0,0,1.0,0.22698974609375
210674,noise_cleanable,0,0,0,0.2254791259765625,0.0,42,0,0,0,0,1.0,0.2254791259765625
210698,noise_cleanable,0,0,0,0.2827301025390625,0.0,55,0,0,0,0,1.0,0.2827301025390625
210701,char_touch,1,0,1,0.3680889423076923,0.20868694955964773,5,0,0,0,22,0.8087884678868796,0.4160003662109375
211151,crop_safe,1,0,0,0.2580661525974026,0.0,0,12,13,0,0,0.7045381099672222,0.3305206298828125
320581,crop_safe,1,0,0,0.1827295353982301,0.0,0,0,0,15,15,0.57922419460881,0.27850341796875
211229,crop_safe,1,0,0,0.2631407620614035,0.0,0,14,14,0,0,0.6818040573533981,0.3437347412109375
211256,char_touch,1,0,1,0.3007127192982456,0.3577646587952772,40,0,0,14,14,0.7105209893535198,0.3769378662109375
211329,char_touch,1,0,1,0.17914559248554912,1.0,0,0,0,41,42,0.2718799259817696,0.445281982421875
211426,char_touch,1,0,1,0.35886205808080807,0.46194284257813745,3,0,0,38,20,0.5564563002844993,0.4987945556640625
320746,noise_cleanable,0,0,0,0.20745849609375,0.0,31,0,0,0,0,1.0,0.20745849609375
320858,noise_cleanable,0,0,0,0.3058013916015625,0.0,82,0,0,0,0,1.0,0.3058013916015625
211896,blob_discard,1,0,1,0.4593717716942149,0.11439434364994663,1,14,0,0,0,0.8924393991658566,0.4865875244140625
211923,char_touch,1,0,1,0.4364935862445415,0.22609703593310151,1,0,0,13,14,0.7893941263573544,0.49462890625
211975,char_touch,1,0,1,0.3489583333333333,0.22336589904628984,1,0,0,0,16,0.8480677188402358,0.3857574462890625
212065,noise_cleanable,0,0,0,0.250244140625,0.0,89,0,0,0,0,1.0,0.250244140625
212094,char_touch,1,0,1,0.38602834302325584,0.33573444952788867,3,0,0,20,21,0.6725011078052795,0.482086181640625
212238,clean_noop,0,0,0,0.4829864501953125,0.0,1,0,0,0,0,1.0,0.4829864501953125
212337,char_touch,1,0,1,0.36333988066560424,0.3756660746003552,9,0,14,21,12,0.6319249734119694,0.4734649658203125
212388,char_touch,1,0,1,0.43200531639004147,0.12387485360548771,0,0,0,0,15,0.8780431559874815,0.4631805419921875
212786,char_touch,1,0,1,0.1031356052036199,1.0,3,17,18,0,0,0.3943899966204799,0.2257537841796875
212495,char_touch,1,0,1,0.294952876984127,0.5762980980372284,1,33,34,0,0,0.45550590488349824,0.478057861328125
323907,char_touch,1,0,1,0.17206923342541436,1.0,0,0,0,37,38,0.29341625878629524,0.4146270751953125
323246,char_touch,1,0,1,0.1390556768558952,1.0,0,0,0,13,14,0.541157727031333,0.2298583984375
323560,noise_cleanable,0,0,0,0.1551055908203125,0.0,34,0,0,0,0,1.0,0.1551055908203125
324316,noise_cleanable,0,0,0,0.2554473876953125,0.0,79,0,0,0,0,1.0,0.2554473876953125
324920,char_touch,1,0,1,0.3773373463114754,0.11922091652096124,9,0,12,0,0,0.8893668402384726,0.404388427734375
324957,char_touch,1,0,1,0.43073470744680853,0.18515752791408863,2,21,0,0,0,0.8326799485861183,0.474853515625
326128,crop_safe,1,0,0,0.2880627962085308,0.0,1,22,23,0,0,0.5745937961595273,0.4132080078125
326189,char_touch,1,0,1,0.4027813796680498,0.15083199141170156,1,0,15,0,0,0.8732780432949114,0.4342041015625
327142,noise_cleanable,0,0,0,0.1910247802734375,0.0,101,0,0,0,0,1.0,0.1910247802734375
234930,noise_cleanable,0,0,0,0.2889862060546875,0.0,35,0,0,0,0,1.0,0.2889862060546875
325202,char_touch,1,0,1,0.33649811921296297,0.27600662457302555,3,19,21,0,0,0.6459866685182614,0.43951416015625
321132,char_touch,1,0,1,0.3528703193832599,0.2696476466914061,0,12,17,0,0,0.7364338301310828,0.4248809814453125
212554,noise_cleanable,0,0,0,0.291229248046875,0.0,39,0,0,0,0,1.0,0.291229248046875
212647,clean_noop,0,0,0,0.47662353515625,0.0,2,0,0,0,0,1.0,0.47662353515625
213148,char_touch,1,0,1,0.13917054521276595,0.9306104993050358,3,0,0,34,34,0.2778561354019746,0.367828369140625
321390,char_touch,1,0,1,0.43107302533532044,0.20881238568068983,2,0,12,0,14,0.7992589568876189,0.4859466552734375
213465,char_touch,1,0,1,0.3713942307692308,0.3151786036117219,2,0,0,17,18,0.706143298830488,0.45404052734375
213210,char_touch,1,0,1,0.21194144275700935,1.0,0,21,21,0,0,0.5192058310602334,0.3412322998046875
213281,char_touch,1,0,1,0.35527606502242154,0.36650517218803197,5,16,17,0,0,0.7072073642735103,0.4376068115234375
321455,char_touch,1,0,1,0.37384500745156485,0.431945674638323,1,19,17,0,12,0.6316253304796676,0.48480224609375
213265,char_touch,1,0,1,0.11930581467661691,0.9166612409662087,14,0,0,28,27,0.3036403205064794,0.308502197265625
213266,char_touch,1,0,1,0.07608776913875598,0.8834067547723935,23,0,0,23,24,0.252810035397131,0.2457122802734375
213749,noise_cleanable,0,0,0,0.4036407470703125,0.0,43,0,0,0,0,1.0,0.4036407470703125
321672,noise_cleanable,0,0,0,0.496429443359375,0.0,58,0,0,0,0,1.0,0.496429443359375
321716,noise_cleanable,0,0,0,0.496429443359375,0.0,58,0,0,0,0,1.0,0.496429443359375
214225,noise_cleanable,0,0,0,0.178955078125,0.0,50,0,0,0,0,1.0,0.178955078125
214342,clean_noop,0,0,0,0.4861602783203125,0.0,0,0,0,0,0,1.0,0.4861602783203125
214964,noise_cleanable,0,0,0,0.3468170166015625,0.0,34,0,0,0,0,1.0,0.3468170166015625
215208,char_touch,1,0,1,0.13170373908296942,0.8042137120242114,7,14,13,0,0,0.5277511961722487,0.223236083984375
214317,noise_cleanable,0,0,0,0.4270782470703125,0.0,58,0,0,0,0,1.0,0.4270782470703125
214326,clean_noop,0,0,0,0.4683837890625,0.0,0,0,0,0,0,1.0,0.4683837890625
214379,noise_cleanable,0,0,0,0.168609619140625,0.0,35,0,0,0,0,1.0,0.168609619140625
322039,char_touch,1,0,1,0.41182792030567683,0.2544367644311601,2,0,0,13,14,0.7799890156043033,0.4723052978515625
322260,noise_cleanable,0,0,0,0.204986572265625,0.0,79,0,0,0,0,1.0,0.204986572265625
215390,noise_cleanable,0,0,0,0.1921844482421875,0.0,60,0,0,0,0,1.0,0.1921844482421875
215450,noise_cleanable,0,0,0,0.272979736328125,0.0,116,0,0,0,0,1.0,0.272979736328125
215773,char_touch,1,0,1,0.37829701834862384,0.33627059843885515,0,20,18,0,0,0.6853432884272034,0.4700469970703125
215485,noise_cleanable,0,0,0,0.3250732421875,0.0,50,0,0,0,0,1.0,0.3250732421875
322407,blob_discard,1,0,1,0.46268632322175735,0.1370184472980901,0,0,0,17,0,0.8706978746962754,0.4961090087890625
322625,char_touch,1,0,1,0.3579568209123676,0.38780038358843216,0,14,15,14,0,0.6559914598345343,0.4573974609375
322813,noise_cleanable,0,0,0,0.1675567626953125,0.0,59,0,0,0,0,1.0,0.1675567626953125
216642,noise_cleanable,0,0,0,0.219696044921875,0.0,228,0,0,0,0,1.0,0.219696044921875
216698,char_touch,1,0,1,0.39628544560185186,0.32215326237257613,5,0,0,27,13,0.6862610002818578,0.4872283935546875
216879,char_touch,1,0,1,0.28781786151960786,0.4920711553459353,5,25,27,0,0,0.53148757116085,0.4315338134765625
216260,char_touch,1,0,1,0.3975933527542373,0.19180064937605132,1,20,0,0,0,0.8304867929746923,0.44134521484375
216262,clean_noop,0,0,0,0.495941162109375,0.0,0,0,0,0,0,1.0,0.495941162109375
216265,blob_discard,1,0,1,0.47486552254098363,0.0924293855688082,3,0,12,0,0,0.9090407600367759,0.497894287109375
216276,char_touch,1,0,1,0.33083357900943394,0.48359069207277733,3,23,21,0,0,0.6149393794095486,0.445526123046875
216324,char_touch,1,0,1,0.34977064220183485,0.4152729997615723,9,19,19,12,0,0.6041172841510537,0.4699249267578125
216342,noise_cleanable,0,0,0,0.2590179443359375,0.0,32,0,0,0,0,1.0,0.2590179443359375
322710,noise_cleanable,0,0,0,0.3507843017578125,0.0,156,0,0,0,0,1.0,0.3507843017578125
217022,noise_cleanable,0,0,0,0.116485595703125,0.0,35,0,0,0,0,1.0,0.116485595703125
217702,noise_cleanable,0,0,0,0.505096435546875,0.0,42,0,0,0,0,1.0,0.505096435546875
323313,noise_cleanable,0,0,0,0.1167144775390625,0.0,45,0,0,0,0,1.0,0.1167144775390625
218466,char_touch,1,0,1,0.2973458235753318,0.5016943106830747,4,0,12,23,23,0.519982253165421,0.4470977783203125
218606,clean_noop,0,0,0,0.469024658203125,0.0,1,0,0,0,0,1.0,0.469024658203125
219035,char_touch,1,0,1,0.42316038995726496,0.18900813945112727,1,22,0,0,0,0.8284799163316665,0.4668731689453125
219053,char_touch,1,0,1,0.4044728322072072,0.3084434233199311,3,0,0,17,17,0.7279204534659109,0.4818572998046875
219375,char_touch,1,0,1,0.19189453125,0.5178255372945638,0,0,0,24,24,0.45401226339642764,0.343414306640625
219713,noise_cleanable,0,0,0,0.175506591796875,0.0,173,0,0,0,0,1.0,0.175506591796875
324050,noise_cleanable,0,0,0,0.1722869873046875,0.0,35,0,0,0,0,1.0,0.1722869873046875
219885,noise_cleanable,0,0,0,0.175506591796875,0.0,173,0,0,0,0,1.0,0.175506591796875
219886,noise_cleanable,0,0,0,0.1722869873046875,0.0,35,0,0,0,0,1.0,0.1722869873046875
324471,char_touch,1,0,1,0.20350174492385786,1.0,0,29,30,0,0,0.40458075452359366,0.3870697021484375
220851,noise_cleanable,0,0,0,0.345916748046875,0.0,33,0,0,0,0,1.0,0.345916748046875
221347,clean_noop,0,0,0,0.468780517578125,0.0,6,0,0,0,0,1.0,0.468780517578125
221754,blob_discard,1,0,1,0.4705417097107438,0.11125072491784264,4,0,14,0,0,0.8940927493559072,0.49749755859375
222001,noise_cleanable,0,0,0,0.4403533935546875,0.0,111,0,0,0,0,1.0,0.4403533935546875
222021,char_touch,1,0,1,0.3406176297169811,0.39234365662460013,12,21,23,0,0,0.6235369514622053,0.4523773193359375
324965,char_touch,1,0,1,0.4166193181818182,0.3071908878825305,1,17,19,0,0,0.7237954222962552,0.494659423828125
223511,noise_cleanable,0,0,0,0.1717681884765625,0.0,41,0,0,0,0,1.0,0.1717681884765625
224117,noise_cleanable,0,0,0,0.2500152587890625,0.0,39,0,0,0,0,1.0,0.2500152587890625
224133,char_touch,1,0,1,0.34457915683962265,0.38818715531044296,14,0,0,17,27,0.631555840734862,0.4518280029296875
224143,char_touch,1,0,1,0.08103660300925926,0.8534957450358752,21,0,0,20,20,0.3046019985045204,0.2244720458984375
224418,char_touch,1,0,1,0.19375676406926406,0.5660628662759722,2,13,12,0,0,0.6425166825548141,0.2721099853515625
224692,noise_cleanable,0,0,0,0.28900146484375,0.0,49,0,0,0,0,1.0,0.28900146484375
224845,noise_cleanable,0,0,0,0.3114776611328125,0.0,47,0,0,0,0,1.0,0.3114776611328125
234390,noise_cleanable,0,0,0,0.1084442138671875,0.0,44,0,0,0,0,1.0,0.1084442138671875
327097,noise_cleanable,0,0,0,0.462066650390625,0.0,33,0,0,0,0,1.0,0.462066650390625
227501,crop_safe,1,0,0,0.41659007352941174,0.0,0,0,0,18,0,0.851744966442953,0.4547119140625
229826,noise_cleanable,0,0,0,0.36053466796875,0.0,189,0,0,0,0,1.0,0.36053466796875
236591,char_touch,1,0,1,0.19678773271276595,0.968725653867557,2,0,0,34,34,0.3523568585140816,0.4101409912109375
237256,noise_cleanable,0,0,0,0.1091766357421875,0.0,35,0,0,0,0,1.0,0.1091766357421875
237601,noise_cleanable,0,0,0,0.406524658203125,0.0,46,0,0,0,0,1.0,0.406524658203125
237834,noise_cleanable,0,0,0,0.2280426025390625,0.0,121,0,0,0,0,1.0,0.2280426025390625
237836,noise_cleanable,0,0,0,0.1981353759765625,0.0,49,0,0,0,0,1.0,0.1981353759765625
237875,crop_safe,1,0,0,0.21537990196078433,0.0,20,26,26,0,0,0.45798045602605864,0.374755859375
237920,noise_cleanable,0,0,0,0.0957489013671875,0.0,30,0,0,0,0,1.0,0.0957489013671875
238384,noise_cleanable,0,0,0,0.2623443603515625,0.0,36,0,0,0,0,1.0,0.2623443603515625
238819,noise_cleanable,0,0,0,0.1270599365234375,0.0,69,0,0,0,0,1.0,0.1270599365234375
238820,noise_cleanable,0,0,0,0.1414337158203125,0.0,53,0,0,0,0,1.0,0.1414337158203125
239358,noise_cleanable,0,0,0,0.24169921875,0.0,238,0,0,0,0,1.0,0.24169921875
239452,noise_cleanable,0,0,0,0.4268798828125,0.0,35,0,0,0,0,1.0,0.4268798828125
240012,noise_cleanable,0,0,0,0.1441650390625,0.0,117,0,0,0,0,1.0,0.1441650390625
240104,noise_cleanable,0,0,0,0.1655120849609375,0.0,68,0,0,0,0,1.0,0.1655120849609375
240156,char_touch,1,0,1,0.18136160714285715,1.0,0,33,34,0,0,0.3384502642033401,0.3956146240234375
240463,char_touch,1,0,1,0.16417464114832536,1.0,0,23,24,0,0,0.42198308993082245,0.317626953125
240705,noise_cleanable,0,0,0,0.23565673828125,0.0,70,0,0,0,0,1.0,0.23565673828125
240776,noise_cleanable,0,0,0,0.3804168701171875,0.0,196,0,0,0,0,1.0,0.3804168701171875
240837,crop_safe,1,0,0,0.16397683662280702,0.0,12,14,14,0,0,0.571778481390764,0.2554168701171875
241100,char_touch,1,0,1,0.14054840686274508,1.0,0,51,52,0,0,0.17271671948043799,0.4863433837890625
241609,char_touch,1,0,1,0.11258370535714286,1.0,0,30,30,0,0,0.2688847636727117,0.3205718994140625
241752,noise_cleanable,0,0,0,0.4816741943359375,0.0,161,0,0,0,0,1.0,0.4816741943359375
241812,noise_cleanable,0,0,0,0.1337738037109375,0.0,35,0,0,0,0,1.0,0.1337738037109375
241846,char_touch,1,0,1,0.13795130461165048,1.0,0,25,25,0,0,0.36239103362391034,0.3063201904296875
242276,char_touch,1,0,1,0.226796875,0.986105379006741,1,0,0,28,28,0.4475104054262371,0.39593505859375
242365,char_touch,1,0,1,0.18203509852216748,1.0,0,26,27,0,0,0.4108042383185687,0.35137939453125
243333,noise_cleanable,0,0,0,0.1748199462890625,0.0,35,0,0,0,0,1.0,0.1748199462890625
243895,noise_cleanable,0,0,0,0.221893310546875,0.0,38,0,0,0,0,1.0,0.221893310546875
244056,noise_cleanable,0,0,0,0.2991943359375,0.0,38,0,0,0,0,1.0,0.2991943359375
244139,char_touch,1,0,1,0.1793587561881188,1.0,3,27,27,0,0,0.40153253387592536,0.3524627685546875
243138,noise_cleanable,0,0,0,0.3497161865234375,0.0,91,0,0,0,0,1.0,0.3497161865234375
243203,noise_cleanable,0,0,0,0.3092498779296875,0.0,66,0,0,0,0,1.0,0.3092498779296875
244355,noise_cleanable,0,0,0,0.2710418701171875,0.0,230,0,0,0,0,1.0,0.2710418701171875
244475,noise_cleanable,0,0,0,0.2591094970703125,0.0,85,0,0,0,0,1.0,0.2591094970703125
244512,noise_cleanable,0,0,0,0.2110137939453125,0.0,34,0,0,0,0,1.0,0.2110137939453125
244890,noise_cleanable,0,0,0,0.12359619140625,0.0,68,0,0,0,0,1.0,0.12359619140625
245070,char_touch,1,0,1,0.18660654920212766,1.0,0,34,34,0,0,0.34033119860547956,0.4026641845703125
245757,crop_safe,1,0,0,0.29269818722943725,0.0,0,12,13,0,0,0.7300603146484458,0.3617706298828125
245767,char_touch,1,0,1,0.3218336838942308,0.49218499519076625,2,0,0,25,23,0.5825345026854307,0.448883056640625
245989,crop_safe,1,0,0,0.22489754098360656,0.0,0,0,0,0,12,0.8205607476635514,0.26123046875
246003,char_touch,1,0,1,0.19830078125,0.9663633299629255,2,0,0,28,28,0.4145943076483319,0.3736724853515625
246287,noise_cleanable,0,0,0,0.396697998046875,0.0,56,0,0,0,0,1.0,0.396697998046875
246307,noise_cleanable,0,0,0,0.24053955078125,0.0,31,0,0,0,0,1.0,0.24053955078125
246653,noise_cleanable,0,0,0,0.1749114990234375,0.0,40,0,0,0,0,1.0,0.1749114990234375
246764,noise_cleanable,0,0,0,0.226104736328125,0.0,37,0,0,0,0,1.0,0.226104736328125
247679,crop_safe,1,0,0,0.25228575327510916,0.0,0,13,14,0,0,0.6815040088471108,0.331146240234375
247686,noise_cleanable,0,0,0,0.2985382080078125,0.0,44,0,0,0,0,1.0,0.2985382080078125
248960,noise_cleanable,0,0,0,0.306121826171875,0.0,43,0,0,0,0,1.0,0.306121826171875
249011,noise_cleanable,0,0,0,0.299224853515625,0.0,34,0,0,0,0,1.0,0.299224853515625
249572,char_touch,1,0,1,0.1796661543715847,1.0,1,36,37,0,0,0.3105331119719609,0.4135894775390625
250836,noise_cleanable,0,0,0,0.2740936279296875,0.0,254,0,0,0,0,1.0,0.2740936279296875
251255,char_touch,1,0,1,0.19664779974489796,1.0,4,30,30,0,0,0.3911285527411107,0.3849334716796875
251912,noise_cleanable,0,0,0,0.2124786376953125,0.0,51,0,0,0,0,1.0,0.2124786376953125
251915,noise_cleanable,0,0,0,0.2193450927734375,0.0,136,0,0,0,0,1.0,0.2193450927734375
252233,noise_cleanable,0,0,0,0.220733642578125,0.0,62,0,0,0,0,1.0,0.220733642578125
252407,noise_cleanable,0,0,0,0.3143157958984375,0.0,42,0,0,0,0,1.0,0.3143157958984375
252692,noise_cleanable,0,0,0,0.32318115234375,0.0,61,0,0,0,0,1.0,0.32318115234375
253075,noise_cleanable,0,0,0,0.3077850341796875,0.0,39,0,0,0,0,1.0,0.3077850341796875
262980,noise_cleanable,0,0,0,0.3477630615234375,0.0,96,0,0,0,0,1.0,0.3477630615234375
263067,noise_cleanable,0,0,0,0.272491455078125,0.0,41,0,0,0,0,1.0,0.272491455078125
263529,noise_cleanable,0,0,0,0.257781982421875,0.0,33,0,0,0,0,1.0,0.257781982421875
263656,noise_cleanable,0,0,0,0.4087066650390625,0.0,88,0,0,0,0,1.0,0.4087066650390625
263842,noise_cleanable,0,0,0,0.159759521484375,0.0,38,0,0,0,0,1.0,0.159759521484375
264188,noise_cleanable,0,0,0,0.4447784423828125,0.0,86,0,0,0,0,1.0,0.4447784423828125
266223,noise_cleanable,0,0,0,0.35552978515625,0.0,34,0,0,0,0,1.0,0.35552978515625
265680,noise_cleanable,0,0,0,0.1607666015625,0.0,52,0,0,0,0,1.0,0.1607666015625
267006,noise_cleanable,0,0,0,0.2052459716796875,0.0,31,0,0,0,0,1.0,0.2052459716796875
268121,noise_cleanable,0,0,0,0.2639007568359375,0.0,51,0,0,0,0,1.0,0.2639007568359375
269791,noise_cleanable,0,0,0,0.353607177734375,0.0,34,0,0,0,0,1.0,0.353607177734375
268816,noise_cleanable,0,0,0,0.162384033203125,0.0,118,0,0,0,0,1.0,0.162384033203125
268937,char_touch,1,0,1,0.16667451054216867,0.9214525675891857,0,45,45,0,0,0.2351359426351957,0.4596405029296875
269122,char_touch,1,0,1,0.11691497093023256,0.9492629103735191,46,20,21,0,0,0.38007205717323256,0.2583465576171875
268411,blob_discard,1,0,1,0.45783547794117646,0.13911290322580644,0,0,0,0,18,0.8651758575770734,0.491973876953125
268413,char_touch,1,0,1,0.2050899621212121,0.9828706438275251,5,0,0,45,46,0.2710660533808943,0.4876556396484375
268451,noise_cleanable,0,0,0,0.4635467529296875,0.0,44,0,0,0,0,1.0,0.4635467529296875
268466,char_touch,1,0,1,0.3761340725806452,0.40931110928647674,62,0,0,20,19,0.6769803985096388,0.4709625244140625
268612,noise_cleanable,0,0,0,0.2764434814453125,0.0,46,0,0,0,0,1.0,0.2764434814453125
268653,noise_cleanable,0,0,0,0.345733642578125,0.0,220,0,0,0,0,1.0,0.345733642578125
268715,noise_cleanable,0,0,0,0.178131103515625,0.0,51,0,0,0,0,1.0,0.178131103515625
268759,char_touch,1,0,1,0.23265269886363638,0.790258960727148,1,0,0,18,18,0.5870782741162238,0.3405609130859375
269872,noise_cleanable,0,0,0,0.353607177734375,0.0,34,0,0,0,0,1.0,0.353607177734375
270071,noise_cleanable,0,0,0,0.140106201171875,0.0,56,0,0,0,0,1.0,0.140106201171875
270172,noise_cleanable,0,0,0,0.4047088623046875,0.0,50,0,0,0,0,1.0,0.4047088623046875
271119,char_touch,1,0,1,0.15245409604519775,0.9855750487329434,2,0,0,39,40,0.25460710600029485,0.41400146484375
271548,char_touch,1,0,1,0.15617487980769232,0.851314785263304,3,24,24,0,0,0.4039638589332556,0.314117431640625
271684,noise_cleanable,0,0,0,0.2486724853515625,0.0,89,0,0,0,0,1.0,0.2486724853515625
272120,char_touch,1,0,1,0.11744304906542057,0.7898918561024056,0,24,18,0,0,0.3747015316522043,0.2620086669921875
272205,noise_cleanable,0,0,0,0.270538330078125,0.0,83,0,0,0,0,1.0,0.270538330078125
272287,char_touch,1,0,1,0.22298519736842104,0.8538683398269493,0,33,33,0,0,0.39125572670538583,0.4229888916015625
272487,char_touch,1,0,1,0.1394662081339713,0.8009986684420772,0,25,22,0,0,0.38280408351716,0.2974395751953125
253215,noise_cleanable,0,0,0,0.218475341796875,0.0,327,0,0,0,0,1.0,0.218475341796875
253562,noise_cleanable,0,0,0,0.229644775390625,0.0,48,0,0,0,0,1.0,0.229644775390625
253727,char_touch,1,0,1,0.3390590884279476,0.4335673180294694,0,0,0,15,12,0.7435379493509894,0.4079132080078125
253836,clean_noop,0,0,0,0.4900054931640625,0.0,3,0,0,0,0,1.0,0.4900054931640625
253922,noise_cleanable,0,0,0,0.3344268798828125,0.0,34,0,0,0,0,1.0,0.3344268798828125
253986,noise_cleanable,0,0,0,0.2272796630859375,0.0,33,0,0,0,0,1.0,0.2272796630859375
254451,noise_cleanable,0,0,0,0.382537841796875,0.0,43,0,0,0,0,1.0,0.382537841796875
254470,noise_cleanable,0,0,0,0.2632293701171875,0.0,43,0,0,0,0,1.0,0.2632293701171875
254534,noise_cleanable,0,0,0,0.1895599365234375,0.0,48,0,0,0,0,1.0,0.1895599365234375
255020,noise_cleanable,0,0,0,0.2115936279296875,0.0,73,0,0,0,0,1.0,0.2115936279296875
255035,noise_cleanable,0,0,0,0.111541748046875,0.0,33,0,0,0,0,1.0,0.111541748046875
255916,noise_cleanable,0,0,0,0.3470916748046875,0.0,96,0,0,0,0,1.0,0.3470916748046875
256065,noise_cleanable,0,0,0,0.2963409423828125,0.0,57,0,0,0,0,1.0,0.2963409423828125
256812,char_touch,1,0,1,0.23677325581395348,0.8546535298428467,26,0,0,20,21,0.5538932335940157,0.3590087890625
257296,noise_cleanable,0,0,0,0.0782470703125,0.0,30,0,0,0,0,1.0,0.0782470703125
257448,noise_cleanable,0,0,0,0.24456787109375,0.0,144,0,0,0,0,1.0,0.24456787109375
257555,noise_cleanable,0,0,0,0.2449798583984375,0.0,51,0,0,0,0,1.0,0.2449798583984375
258859,char_touch,1,0,1,0.1051025390625,0.8298670995231815,1,0,0,16,16,0.4242274934891251,0.2167816162109375
259085,noise_cleanable,0,0,0,0.234161376953125,0.0,78,0,0,0,0,1.0,0.234161376953125
257957,char_touch,1,0,1,0.1993389423076923,0.873769024171889,5,30,31,0,0,0.3892126569405875,0.3901214599609375
259544,noise_cleanable,0,0,0,0.28106689453125,0.0,46,0,0,0,0,1.0,0.28106689453125
259674,clean_noop,0,0,0,0.5014495849609375,0.0,0,0,0,0,0,1.0,0.5014495849609375
259737,noise_cleanable,0,0,0,0.255615234375,0.0,99,0,0,0,0,1.0,0.255615234375
259819,noise_cleanable,0,0,0,0.3462982177734375,0.0,37,0,0,0,0,1.0,0.3462982177734375
260866,noise_cleanable,0,0,0,0.1331024169921875,0.0,45,0,0,0,0,1.0,0.1331024169921875
260987,noise_cleanable,0,0,0,0.128814697265625,0.0,55,0,0,0,0,1.0,0.128814697265625
260306,noise_cleanable,0,0,0,0.3928985595703125,0.0,60,0,0,0,0,1.0,0.3928985595703125
260565,char_touch,1,0,1,0.17232755335365854,0.9766535351441011,3,0,0,46,46,0.23500178646831454,0.4697723388671875
261186,noise_cleanable,0,0,0,0.168212890625,0.0,135,0,0,0,0,1.0,0.168212890625
261564,char_touch,1,0,1,0.11696938451776649,0.8714938407263895,1,32,27,0,0,0.28133346051125524,0.3199462890625
261648,noise_cleanable,0,0,0,0.298431396484375,0.0,93,0,0,0,0,1.0,0.298431396484375
262724,noise_cleanable,0,0,0,0.2522125244140625,0.0,55,0,0,0,0,1.0,0.2522125244140625
272504,noise_cleanable,0,0,0,0.1128997802734375,0.0,46,0,0,0,0,1.0,0.1128997802734375
273267,noise_cleanable,0,0,0,0.2711181640625,0.0,41,0,0,0,0,1.0,0.2711181640625
273961,noise_cleanable,0,0,0,0.2360687255859375,0.0,46,0,0,0,0,1.0,0.2360687255859375
275269,noise_cleanable,0,0,0,0.441650390625,0.0,62,0,0,0,0,1.0,0.441650390625
275489,noise_cleanable,0,0,0,0.2127685546875,0.0,37,0,0,0,0,1.0,0.2127685546875
276050,noise_cleanable,0,0,0,0.332183837890625,0.0,32,0,0,0,0,1.0,0.332183837890625
276382,noise_cleanable,0,0,0,0.2629852294921875,0.0,34,0,0,0,0,1.0,0.2629852294921875
276401,noise_cleanable,0,0,0,0.3896484375,0.0,78,0,0,0,0,1.0,0.3896484375
276718,noise_cleanable,0,0,0,0.2494659423828125,0.0,81,0,0,0,0,1.0,0.2494659423828125
277180,noise_cleanable,0,0,0,0.0802459716796875,0.0,44,0,0,0,0,1.0,0.0802459716796875
277441,noise_cleanable,0,0,0,0.244049072265625,0.0,110,0,0,0,0,1.0,0.244049072265625
277628,char_touch,1,0,1,0.15870535714285713,0.8288028169014084,4,22,24,0,0,0.42027486330722624,0.3097686767578125
277652,noise_cleanable,0,0,0,0.2277069091796875,0.0,33,0,0,0,0,1.0,0.2277069091796875
277675,char_touch,1,0,1,0.3556794605809129,0.4359586010542111,3,18,14,15,0,0.6288811738503864,0.46588134765625
277683,noise_cleanable,0,0,0,0.2277069091796875,0.0,33,0,0,0,0,1.0,0.2277069091796875
277700,noise_cleanable,0,0,0,0.1133575439453125,0.0,55,0,0,0,0,1.0,0.1133575439453125
279126,noise_cleanable,0,0,0,0.37005615234375,0.0,87,0,0,0,0,1.0,0.37005615234375
279741,noise_cleanable,0,0,0,0.2266998291015625,0.0,39,0,0,0,0,1.0,0.2266998291015625
279816,char_touch,1,0,1,0.14823100220264318,0.6802272310793476,0,15,14,0,0,0.5370993889512408,0.244720458984375
278617,noise_cleanable,0,0,0,0.2068634033203125,0.0,45,0,0,0,0,1.0,0.2068634033203125
278861,char_touch,1,0,1,0.1934309554973822,0.8690948996655519,1,33,32,0,0,0.3625282686189582,0.3980865478515625
278889,char_touch,1,0,1,0.21670496323529412,0.888028396256857,0,43,43,0,0,0.299901421439247,0.4798431396484375
278954,char_touch,1,0,1,0.22038218896713616,0.8096218920111814,0,22,21,0,0,0.5219563045650002,0.3513031005859375
280820,noise_cleanable,0,0,0,0.208953857421875,0.0,43,0,0,0,0,1.0,0.208953857421875
281188,noise_cleanable,0,0,0,0.2403564453125,0.0,45,0,0,0,0,1.0,0.2403564453125
281573,noise_cleanable,0,0,0,0.36468505859375,0.0,35,0,0,0,0,1.0,0.36468505859375
281627,char_touch,1,0,1,0.1970203488372093,0.8801947779363614,5,20,21,0,0,0.5084396099024756,0.325439453125
281924,noise_cleanable,0,0,0,0.1518402099609375,0.0,59,0,0,0,0,1.0,0.1518402099609375
282014,noise_cleanable,0,0,0,0.162933349609375,0.0,30,0,0,0,0,1.0,0.162933349609375
282070,noise_cleanable,0,0,0,0.162933349609375,0.0,30,0,0,0,0,1.0,0.162933349609375
282270,noise_cleanable,0,0,0,0.303985595703125,0.0,44,0,0,0,0,1.0,0.303985595703125
282334,char_touch,1,0,1,0.13530318233944955,0.8028413314611382,1,19,19,0,0,0.4372068785825951,0.2635345458984375
282347,noise_cleanable,0,0,0,0.2146759033203125,0.0,37,0,0,0,0,1.0,0.2146759033203125
282538,char_touch,1,0,1,0.14203410388127855,0.7390761548064919,3,19,18,0,0,0.45672497849154,0.2660369873046875
283794,blob_discard,1,0,1,0.4619097980349345,0.5397820804264325,239,15,12,0,0,0.7972618872368614,0.5182647705078125
284645,char_touch,1,0,1,0.17808657786885246,0.3113437690587518,2,0,12,0,0,0.7840981179953479,0.2164764404296875
284698,char_touch,1,0,1,0.1399130233990148,0.8213462704669496,2,0,0,26,27,0.34931539754984386,0.3176116943359375
284784,noise_cleanable,0,0,0,0.1028900146484375,0.0,52,0,0,0,0,1.0,0.1028900146484375
285236,char_touch,1,0,1,0.21604866293532338,0.9430500700726208,3,0,0,29,26,0.4416765991259436,0.384063720703125
286568,noise_cleanable,0,0,0,0.180816650390625,0.0,47,0,0,0,0,1.0,0.180816650390625
286767,noise_cleanable,0,0,0,0.2760467529296875,0.0,87,0,0,0,0,1.0,0.2760467529296875
287065,noise_cleanable,0,0,0,0.1140289306640625,0.0,34,0,0,0,0,1.0,0.1140289306640625
285881,noise_cleanable,0,0,0,0.4177703857421875,0.0,75,0,0,0,0,1.0,0.4177703857421875
285932,clean_noop,0,0,0,0.4677734375,0.0,0,0,0,0,0,1.0,0.4677734375
285939,noise_cleanable,0,0,0,0.3995513916015625,0.0,217,0,0,0,0,1.0,0.3995513916015625
287090,noise_cleanable,0,0,0,0.26666259765625,0.0,36,0,0,0,0,1.0,0.26666259765625
290053,noise_cleanable,0,0,0,0.28436279296875,0.0,32,0,0,0,0,1.0,0.28436279296875
290476,char_touch,1,0,1,0.1376355229591837,1.0,0,30,30,0,0,0.31015898679601184,0.339752197265625
288442,char_touch,1,0,1,0.4293576388888889,0.25765289034764555,13,0,0,13,18,0.7627374784110535,0.4947509765625
289053,noise_cleanable,0,0,0,0.2593994140625,0.0,31,0,0,0,0,1.0,0.2593994140625
289506,char_touch,1,0,1,0.06770833333333333,0.9988851727982163,1,27,28,0,0,0.1983602823958096,0.26800537109375
289568,crop_safe,1,0,0,0.2021569293478261,0.0,1,13,13,0,0,0.6413599870682688,0.2831878662109375
289832,noise_cleanable,0,0,0,0.245941162109375,0.0,69,0,0,0,0,1.0,0.245941162109375
291656,char_touch,1,0,1,0.3563858695652174,0.35621761658031087,0,0,0,14,12,0.7607308584686775,0.4208984375
291735,char_touch,1,0,1,0.33288211633663367,0.45562852711131646,45,0,0,27,27,0.5549323017408124,0.47332763671875
290576,crop_safe,1,0,0,0.31805519979508196,0.0,2,0,0,0,12,0.8660796024238196,0.3500213623046875
290634,char_touch,1,0,1,0.2063480941704036,1.0,4,16,17,0,0,0.5823610836464307,0.30865478515625
292387,char_touch,1,0,1,0.40360278925619836,0.12993739752571173,7,14,0,0,0,0.8776104734828543,0.4347381591796875
293353,char_touch,1,0,1,0.29045181860133407,0.6311071107110711,4,24,35,0,14,0.4413245792962774,0.478759765625
293513,clean_noop,0,0,0,0.5034332275390625,0.0,2,0,0,0,0,1.0,0.5034332275390625
293623,noise_cleanable,0,0,0,0.2219696044921875,0.0,132,0,0,0,0,1.0,0.2219696044921875
293970,noise_cleanable,0,0,0,0.3014678955078125,0.0,66,0,0,0,0,1.0,0.3014678955078125
293997,char_touch,1,0,1,0.35920678827751196,0.403670665436276,1,19,28,0,0,0.6193683532065742,0.473480224609375
294067,char_touch,1,0,1,0.35413536658653844,0.45979097111336914,0,0,0,25,23,0.6072521173477603,0.4738311767578125
294167,char_touch,1,0,1,0.16080391839378239,0.9986590271851762,4,0,0,31,32,0.3300378016865368,0.3673248291015625
294280,clean_noop,0,0,0,0.46685791015625,0.0,0,0,0,0,0,1.0,0.46685791015625
294953,clean_noop,0,0,0,0.4954833984375,0.0,1,0,0,0,0,1.0,0.4954833984375
294964,noise_cleanable,0,0,0,0.1886444091796875,0.0,76,0,0,0,0,1.0,0.1886444091796875
295013,noise_cleanable,0,0,0,0.144561767578125,0.0,35,0,0,0,0,1.0,0.144561767578125
295642,char_touch,1,0,1,0.198284240430622,0.5516207607270002,3,0,0,23,24,0.4685747095976326,0.3454742431640625
295682,crop_safe,1,0,0,0.1338495575221239,0.0,0,15,15,0,0,0.5020746887966805,0.2353515625
295899,noise_cleanable,0,0,0,0.3575439453125,0.0,63,0,0,0,0,1.0,0.3575439453125
295950,crop_safe,1,0,0,0.22448394495412843,0.0,1,19,19,0,0,0.5629043853342919,0.339599609375
296928,noise_cleanable,0,0,0,0.2669219970703125,0.0,32,0,0,0,0,1.0,0.2669219970703125
296961,char_touch,1,0,1,0.1961714659685864,0.6507268250059576,0,0,0,32,33,0.36566026227508386,0.4002685546875
296968,noise_cleanable,0,0,0,0.225372314453125,0.0,34,0,0,0,0,1.0,0.225372314453125
296995,noise_cleanable,0,0,0,0.31793212890625,0.0,49,0,0,0,0,1.0,0.31793212890625
297110,noise_cleanable,0,0,0,0.294830322265625,0.0,46,0,0,0,0,1.0,0.294830322265625
297642,noise_cleanable,0,0,0,0.253448486328125,0.0,32,0,0,0,0,1.0,0.253448486328125
298087,noise_cleanable,0,0,0,0.191162109375,0.0,100,0,0,0,0,1.0,0.191162109375
299631,crop_safe,1,0,0,0.18521424672489084,0.0,0,0,0,15,12,0.6110298255486776,0.271148681640625
300464,noise_cleanable,0,0,0,0.126800537109375,0.0,34,0,0,0,0,1.0,0.126800537109375
300471,noise_cleanable,0,0,0,0.33929443359375,0.0,83,0,0,0,0,1.0,0.33929443359375
300544,noise_cleanable,0,0,0,0.1610260009765625,0.0,47,0,0,0,0,1.0,0.1610260009765625
300614,noise_cleanable,0,0,0,0.1610260009765625,0.0,47,0,0,0,0,1.0,0.1610260009765625
300840,noise_cleanable,0,0,0,0.145416259765625,0.0,33,0,0,0,0,1.0,0.145416259765625
301110,noise_cleanable,0,0,0,0.3595123291015625,0.0,96,0,0,0,0,1.0,0.3595123291015625
301642,char_touch,1,0,1,0.3737399193548387,0.37134546539379476,0,19,20,0,0,0.6758463541666667,0.46875
301969,noise_cleanable,0,0,0,0.127838134765625,0.0,107,0,0,0,0,1.0,0.127838134765625
302860,noise_cleanable,0,0,0,0.3205718994140625,0.0,150,0,0,0,0,1.0,0.3205718994140625
302949,noise_cleanable,0,0,0,0.358978271484375,0.0,149,0,0,0,0,1.0,0.358978271484375
303067,char_touch,1,0,1,0.1631560773480663,1.0,0,0,0,37,38,0.2825112107623318,0.4083251953125
303202,noise_cleanable,0,0,0,0.1375732421875,0.0,46,0,0,0,0,1.0,0.1375732421875
303301,char_touch,1,0,1,0.1944912997159091,0.7513941884355738,1,0,0,40,40,0.2996614574428068,0.4462127685546875
303356,noise_cleanable,0,0,0,0.1471405029296875,0.0,32,0,0,0,0,1.0,0.1471405029296875
303656,noise_cleanable,0,0,0,0.2797698974609375,0.0,40,0,0,0,0,1.0,0.2797698974609375
303926,noise_cleanable,0,0,0,0.167083740234375,0.0,66,0,0,0,0,1.0,0.167083740234375
303983,noise_cleanable,0,0,0,0.120269775390625,0.0,60,0,0,0,0,1.0,0.120269775390625
304486,noise_cleanable,0,0,0,0.3334503173828125,0.0,70,0,0,0,0,1.0,0.3334503173828125
304510,crop_safe,1,0,0,0.1934652093596059,0.0,0,26,27,0,0,0.4256201845737025,0.360443115234375
304552,noise_cleanable,0,0,0,0.24456787109375,0.0,65,0,0,0,0,1.0,0.24456787109375
305768,noise_cleanable,0,0,0,0.1312255859375,0.0,40,0,0,0,0,1.0,0.1312255859375
304941,char_touch,1,0,1,0.33986088267543857,0.31392904073587385,119,0,0,14,14,0.7345948748333581,0.41204833984375
306128,noise_cleanable,0,0,0,0.20294189453125,0.0,287,0,0,0,0,1.0,0.20294189453125
306364,noise_cleanable,0,0,0,0.13726806640625,0.0,31,0,0,0,0,1.0,0.13726806640625
306386,blob_discard,1,0,1,0.4567995233050847,0.15506359224840624,3,20,0,0,0,0.849509034382984,0.4957122802734375
306990,noise_cleanable,0,0,0,0.35003662109375,0.0,139,0,0,0,0,1.0,0.35003662109375
307057,noise_cleanable,0,0,0,0.191253662109375,0.0,72,0,0,0,0,1.0,0.191253662109375
307172,noise_cleanable,0,0,0,0.2167816162109375,0.0,38,0,0,0,0,1.0,0.2167816162109375
307213,noise_cleanable,0,0,0,0.2853851318359375,0.0,39,0,0,0,0,1.0,0.2853851318359375
307576,char_touch,1,0,1,0.1702572216812723,0.8691804333833941,1,19,0,29,19,0.3412066021627775,0.375335693359375
307617,noise_cleanable,0,0,0,0.3334808349609375,0.0,39,0,0,0,0,1.0,0.3334808349609375
307838,noise_cleanable,0,0,0,0.385223388671875,0.0,70,0,0,0,0,1.0,0.385223388671875
309251,noise_cleanable,0,0,0,0.183563232421875,0.0,74,0,0,0,0,1.0,0.183563232421875
309778,char_touch,1,0,1,0.06377963362068965,0.8632850920331601,4,0,0,12,12,0.3813934756343133,0.15155029296875
309984,noise_cleanable,0,0,0,0.22955322265625,0.0,76,0,0,0,0,1.0,0.22955322265625
310086,noise_cleanable,0,0,0,0.18841552734375,0.0,43,0,0,0,0,1.0,0.18841552734375
310390,noise_cleanable,0,0,0,0.2593231201171875,0.0,149,0,0,0,0,1.0,0.2593231201171875
310552,noise_cleanable,0,0,0,0.1285400390625,0.0,32,0,0,0,0,1.0,0.1285400390625
311119,noise_cleanable,0,0,0,0.2508087158203125,0.0,31,0,0,0,0,1.0,0.2508087158203125
311261,char_touch,1,0,1,0.3805926486784141,0.41814071771686917,78,16,13,0,0,0.7493224014094051,0.45037841796875
311414,noise_cleanable,0,0,0,0.1085205078125,0.0,31,0,0,0,0,1.0,0.1085205078125
311519,noise_cleanable,0,0,0,0.171875,0.0,49,0,0,0,0,1.0,0.171875
311571,noise_cleanable,0,0,0,0.255401611328125,0.0,70,0,0,0,0,1.0,0.255401611328125
311656,noise_cleanable,0,0,0,0.2274017333984375,0.0,54,0,0,0,0,1.0,0.2274017333984375
312030,noise_cleanable,0,0,0,0.2083282470703125,0.0,49,0,0,0,0,1.0,0.2083282470703125
312214,char_touch,1,0,1,0.1271598994275932,0.9401452039211751,2,36,34,35,20,0.14470079746758385,0.501312255859375
313303,noise_cleanable,0,0,0,0.1201629638671875,0.0,42,0,0,0,0,1.0,0.1201629638671875
313859,noise_cleanable,0,0,0,0.209442138671875,0.0,37,0,0,0,0,1.0,0.209442138671875
313924,noise_cleanable,0,0,0,0.1725921630859375,0.0,39,0,0,0,0,1.0,0.1725921630859375
314847,noise_cleanable,0,0,0,0.2519073486328125,0.0,51,0,0,0,0,1.0,0.2519073486328125
315065,char_touch,1,0,1,0.14199385683760685,0.9031430404105195,0,0,0,22,0,0.601640967605036,0.215728759765625
315545,noise_cleanable,0,0,0,0.3097076416015625,0.0,67,0,0,0,0,1.0,0.3097076416015625
315570,noise_cleanable,0,0,0,0.16180419921875,0.0,45,0,0,0,0,1.0,0.16180419921875
314125,noise_cleanable,0,0,0,0.263824462890625,0.0,36,0,0,0,0,1.0,0.263824462890625
314186,noise_cleanable,0,0,0,0.2139434814453125,0.0,35,0,0,0,0,1.0,0.2139434814453125
314242,noise_cleanable,0,0,0,0.233551025390625,0.0,270,0,0,0,0,1.0,0.233551025390625
314344,noise_cleanable,0,0,0,0.3087310791015625,0.0,40,0,0,0,0,1.0,0.3087310791015625
316742,noise_cleanable,0,0,0,0.26837158203125,0.0,48,0,0,0,0,1.0,0.26837158203125
317403,char_touch,1,0,1,0.4097377232142857,0.3159762852016538,0,0,0,19,13,0.7436149001487483,0.4821319580078125
317604,char_touch,1,0,1,0.4248810442386831,0.11436443791329905,1,0,0,0,13,0.8946317357162199,0.4508056640625
317761,char_touch,1,0,1,0.3606886061946903,0.31230127596316637,1,15,15,0,0,0.7339875488023636,0.4338226318359375
317812,noise_cleanable,0,0,0,0.1360931396484375,0.0,33,0,0,0,0,1.0,0.1360931396484375
318572,char_touch,1,0,1,0.4417885638297872,0.16801778242677826,1,0,0,0,21,0.8379469071189861,0.483978271484375
319725,noise_cleanable,0,0,0,0.2373809814453125,0.0,40,0,0,0,0,1.0,0.2373809814453125
319943,noise_cleanable,0,0,0,0.2799224853515625,0.0,32,0,0,0,0,1.0,0.2799224853515625
320139,clean_noop,0,0,0,0.479827880859375,0.0,4,0,0,0,0,1.0,0.479827880859375
321105,noise_cleanable,0,0,0,0.3151702880859375,0.0,181,0,0,0,0,1.0,0.3151702880859375
320413,noise_cleanable,0,0,0,0.2794189453125,0.0,54,0,0,0,0,1.0,0.2794189453125
320430,char_touch,1,0,1,0.4111547085201794,0.27766048690374084,5,17,16,0,0,0.7360531844836777,0.4865875244140625
320605,blob_discard,1,0,1,0.460302734375,0.12985936048825794,2,0,0,0,16,0.8784010436079016,0.49127197265625
320738,char_touch,1,0,1,0.13902064732142858,1.0,1,16,16,0,0,0.4931947537738184,0.24664306640625
320831,char_touch,1,0,1,0.4332311445147679,0.1635707651639637,2,0,0,19,0,0.8516394504924831,0.470947265625
321833,char_touch,1,0,1,0.2734748803827751,0.5070375052675937,34,0,0,24,23,0.5487548754875488,0.4068603515625
321860,char_touch,1,0,1,0.26076511150234744,0.2743557029854555,0,21,22,0,0,0.5636421294644627,0.3849334716796875
322236,noise_cleanable,0,0,0,0.2956390380859375,0.0,62,0,0,0,0,1.0,0.2956390380859375
322635,char_touch,1,0,1,0.3579568209123676,0.38780038358843216,0,14,15,14,0,0.6559914598345343,0.4573974609375
322648,noise_cleanable,0,0,0,0.2371978759765625,0.0,37,0,0,0,0,1.0,0.2371978759765625
322666,char_touch,1,0,1,0.39295827123695976,0.3005936022864681,8,23,13,0,12,0.6473332105812312,0.497222900390625
323818,noise_cleanable,0,0,0,0.279296875,0.0,193,0,0,0,0,1.0,0.279296875
