series,run,step,model,vae,latent_channels,latent_spatial,vae_scaling_factor,data_csv,img_root,char_embed_dim,callig_embed_dim,num_characters,dino,cond_mode,condition_fusion,sampler,use_skel,skel_root,w_skel,use_canny,w_canny,glyph_init_mix,w_glyph_cond,balance_callig_alpha,balance_char_alpha,lr,weight_decay,warmup_steps,max_steps,batch_size,ema_decay,lr_schedule,min_lr_ratio,resume,train_ctrl_only,main_ckpt,skel_cond_channels,cond_drop_struct_prob,eval_csv,eval_n,eval_steps,eval_cfg,eval_seed,mse,ssim,ssim_old_uniform,skel_iou,lpips,mse_base,ssim_base,mse_ctrl,ssim_ctrl,skel_iou_base,skel_iou_ctrl,lpips_base,lpips_ctrl,delta_ssim,delta_mse,delta_skel_iou,delta_lpips,src
compositional,20260815-154357-smoke-s2-factorized-ema-save-eval,2,DiT-3Cond-S/2,pretrained_models/sd-vae-ft-ema,4,32,0.18215,5script/train.csv,final_imgs_256,192,128,7026,none,3cond,factorized_add,factor_balanced,False,final_skeleton,0.0,False,0.0,,,0.15,0.35,0.0001,0.02,500,2,224,0.9999,cosine,0.1,,False,,,,5script/eval_strata/clean_unseen_triple_100.csv,5,2,4.0,0,3.222793436050415,0.03199212936063607,,,,,,,,,,,,,,,,eval_auto
compositional,20260815-154610-s2-factorized-add-balanced-ema-no-struct-v1,2000,DiT-3Cond-S/2,pretrained_models/sd-vae-ft-ema,4,32,0.18215,5script/train.csv,final_imgs_256,192,128,7026,none,3cond,factorized_add,factor_balanced,False,final_skeleton,0.0,False,0.0,,,0.15,0.35,0.0001,0.02,500,20000,224,0.9999,cosine,0.1,,False,,,,5script/eval_strata/clean_unseen_triple_100.csv,100,50,4.0,0,3.2512973022460936,0.0302013532879452,,,,,,,,,,,,,,,,eval_auto
compositional,20260815-155912-s2-factorized-add-balanced-ema-no-struct-v1,2000,DiT-3Cond-S/2,pretrained_models/sd-vae-ft-ema,4,32,0.18215,5script/train.csv,final_imgs_256,192,128,7026,none,3cond,factorized_add,factor_balanced,False,final_skeleton,0.0,False,0.0,,,0.15,0.35,0.0001,0.02,500,20000,224,0.9999,cosine,0.1,,False,,,,5script/eval_strata/clean_unseen_triple_100.csv,100,50,4.0,0,1.4912219905853272,0.31828630750377973,,,,,,,,,,,,,,,,eval_auto
compositional,20260815-155912-s2-factorized-add-balanced-ema-no-struct-v1,4000,DiT-3Cond-S/2,pretrained_models/sd-vae-ft-ema,4,32,0.18215,5script/train.csv,final_imgs_256,192,128,7026,none,3cond,factorized_add,factor_balanced,False,final_skeleton,0.0,False,0.0,,,0.15,0.35,0.0001,0.02,500,20000,224,0.9999,cosine,0.1,,False,,,,5script/eval_strata/clean_unseen_triple_100.csv,100,50,4.0,0,1.0986769008636474,0.4313568014216919,,,,,,,,,,,,,,,,eval_auto
compositional,20260815-155912-s2-factorized-add-balanced-ema-no-struct-v1,6000,DiT-3Cond-S/2,pretrained_models/sd-vae-ft-ema,4,32,0.18215,5script/train.csv,final_imgs_256,192,128,7026,none,3cond,factorized_add,factor_balanced,False,final_skeleton,0.0,False,0.0,,,0.15,0.35,0.0001,0.02,500,20000,224,0.9999,cosine,0.1,,False,,,,5script/eval_strata/clean_unseen_triple_100.csv,100,50,4.0,0,1.0616714429855347,0.43804867547626286,,,,,,,,,,,,,,,,eval_auto
compositional,20260815-155912-s2-factorized-add-balanced-ema-no-struct-v1,8000,DiT-3Cond-S/2,pretrained_models/sd-vae-ft-ema,4,32,0.18215,5script/train.csv,final_imgs_256,192,128,7026,none,3cond,factorized_add,factor_balanced,False,final_skeleton,0.0,False,0.0,,,0.15,0.35,0.0001,0.02,500,20000,224,0.9999,cosine,0.1,,False,,,,5script/eval_strata/clean_unseen_triple_100.csv,100,50,4.0,0,1.0335652589797975,0.4468357326214513,,,,,,,,,,,,,,,,eval_auto
compositional,20260815-155912-s2-factorized-add-balanced-ema-no-struct-v1,10000,DiT-3Cond-S/2,pretrained_models/sd-vae-ft-ema,4,32,0.18215,5script/train.csv,final_imgs_256,192,128,7026,none,3cond,factorized_add,factor_balanced,False,final_skeleton,0.0,False,0.0,,,0.15,0.35,0.0001,0.02,500,20000,224,0.9999,cosine,0.1,,False,,,,5script/eval_strata/clean_unseen_triple_100.csv,100,50,4.0,0,1.027642469406128,0.45251340709626675,,,,,,,,,,,,,,,,eval_auto
compositional,20260815-155912-s2-factorized-add-balanced-ema-no-struct-v1,12000,DiT-3Cond-S/2,pretrained_models/sd-vae-ft-ema,4,32,0.18215,5script/train.csv,final_imgs_256,192,128,7026,none,3cond,factorized_add,factor_balanced,False,final_skeleton,0.0,False,0.0,,,0.15,0.35,0.0001,0.02,500,20000,224,0.9999,cosine,0.1,,False,,,,5script/eval_strata/clean_unseen_triple_100.csv,100,50,4.0,0,1.0172162318229676,0.4560184961805742,,,,,,,,,,,,,,,,eval_auto
compositional,20260815-155912-s2-factorized-add-balanced-ema-no-struct-v1,14000,DiT-3Cond-S/2,pretrained_models/sd-vae-ft-ema,4,32,0.18215,5script/train.csv,final_imgs_256,192,128,7026,none,3cond,factorized_add,factor_balanced,False,final_skeleton,0.0,False,0.0,,,0.15,0.35,0.0001,0.02,500,20000,224,0.9999,cosine,0.1,,False,,,,5script/eval_strata/clean_unseen_triple_100.csv,100,50,4.0,0,1.0175059533119202,0.45607207601269073,,,,,,,,,,,,,,,,eval_auto
compositional,20260815-155912-s2-factorized-add-balanced-ema-no-struct-v1,16000,DiT-3Cond-S/2,pretrained_models/sd-vae-ft-ema,4,32,0.18215,5script/train.csv,final_imgs_256,192,128,7026,none,3cond,factorized_add,factor_balanced,False,final_skeleton,0.0,False,0.0,,,0.15,0.35,0.0001,0.02,500,20000,224,0.9999,cosine,0.1,,False,,,,5script/eval_strata/clean_unseen_triple_100.csv,100,50,4.0,0,1.0142504596710205,0.4565499839683376,,,,,,,,,,,,,,,,eval_auto
compositional,20260815-155912-s2-factorized-add-balanced-ema-no-struct-v1,18000,DiT-3Cond-S/2,pretrained_models/sd-vae-ft-ema,4,32,0.18215,5script/train.csv,final_imgs_256,192,128,7026,none,3cond,factorized_add,factor_balanced,False,final_skeleton,0.0,False,0.0,,,0.15,0.35,0.0001,0.02,500,20000,224,0.9999,cosine,0.1,,False,,,,5script/eval_strata/clean_unseen_triple_100.csv,100,50,4.0,0,1.0087336254119874,0.4577935236692429,,,,,,,,,,,,,,,,eval_auto
compositional,20260815-155912-s2-factorized-add-balanced-ema-no-struct-v1,20000,DiT-3Cond-S/2,pretrained_models/sd-vae-ft-ema,4,32,0.18215,5script/train.csv,final_imgs_256,192,128,7026,none,3cond,factorized_add,factor_balanced,False,final_skeleton,0.0,False,0.0,,,0.15,0.35,0.0001,0.02,500,20000,224,0.9999,cosine,0.1,,False,,,,5script/eval_strata/clean_unseen_triple_100.csv,100,50,4.0,0,1.0049703168869017,0.4576165620982646,,,,,,,,,,,,,,,,eval_auto
compositional,20260815-174722-s2-factorized-latent-canny-skel-probe-ft-from20k-v2,21000,DiT-3Cond-S/2,pretrained_models/sd-vae-ft-ema,4,32,0.18215,5script/train.csv,final_imgs_256,192,128,7026,none,3cond,factorized_add,factor_balanced,False,final_skeleton,0.0,False,0.0,,,0.15,0.35,1e-05,0.02,0,24000,224,0.9999,constant,1.0,5script/results/compositional/20260815-155912-s2-factorized-add-balanced-ema-no-struct-v1/checkpoints/0020000.pt,False,,,,5script/eval_strata/clean_unseen_triple_100.csv,100,50,4.0,0,1.0042542123794556,0.4544779363026219,,,,,,,,,,,,,,,,eval_auto
compositional,20260815-174722-s2-factorized-latent-canny-skel-probe-ft-from20k-v2,22000,DiT-3Cond-S/2,pretrained_models/sd-vae-ft-ema,4,32,0.18215,5script/train.csv,final_imgs_256,192,128,7026,none,3cond,factorized_add,factor_balanced,False,final_skeleton,0.0,False,0.0,,,0.15,0.35,1e-05,0.02,0,24000,224,0.9999,constant,1.0,5script/results/compositional/20260815-155912-s2-factorized-add-balanced-ema-no-struct-v1/checkpoints/0020000.pt,False,,,,5script/eval_strata/clean_unseen_triple_100.csv,100,50,4.0,0,1.0026209497451781,0.45330776728689676,,,,,,,,,,,,,,,,eval_auto
compositional,20260815-174722-s2-factorized-latent-canny-skel-probe-ft-from20k-v2,23000,DiT-3Cond-S/2,pretrained_models/sd-vae-ft-ema,4,32,0.18215,5script/train.csv,final_imgs_256,192,128,7026,none,3cond,factorized_add,factor_balanced,False,final_skeleton,0.0,False,0.0,,,0.15,0.35,1e-05,0.02,0,24000,224,0.9999,constant,1.0,5script/results/compositional/20260815-155912-s2-factorized-add-balanced-ema-no-struct-v1/checkpoints/0020000.pt,False,,,,5script/eval_strata/clean_unseen_triple_100.csv,100,50,4.0,0,1.004261622428894,0.45090390838682665,,,,,,,,,,,,,,,,eval_auto
compositional,20260815-174722-s2-factorized-latent-canny-skel-probe-ft-from20k-v2,24000,DiT-3Cond-S/2,pretrained_models/sd-vae-ft-ema,4,32,0.18215,5script/train.csv,final_imgs_256,192,128,7026,none,3cond,factorized_add,factor_balanced,False,final_skeleton,0.0,False,0.0,,,0.15,0.35,1e-05,0.02,0,24000,224,0.9999,constant,1.0,5script/results/compositional/20260815-155912-s2-factorized-add-balanced-ema-no-struct-v1/checkpoints/0020000.pt,False,,,,5script/eval_strata/clean_unseen_triple_100.csv,100,50,4.0,0,1.0021976900100709,0.4503199396034083,,,,,,,,,,,,,,,,eval_auto
ctrl_skel,20260822-195603-ctrl-skel-3px,15000,,pretrained_models/sd-vae-ft-ema,4,32,0.18215,,,,,35130,none,,,,,,,,,,,,,,,,,,,,,,False,,,,,,,,,,,,,,0.4431906706094742,0.7254574610789619,0.2552914461120963,0.8041175257166226,,,,,0.07866006463766073,-0.1878992244973779,,,eval_auto
ctrl_skel,20260822-195603-ctrl-skel-3px,20000,,pretrained_models/sd-vae-ft-ema,4,32,0.18215,,,,,35130,none,,,,,,,,,,,,,,,,,,,,,,False,,,,,,,,,,,,,,0.4431906706094742,0.7254574610789619,0.25037317518144847,0.8073180489738782,,,,,0.08186058789491624,-0.19281749542802573,,,eval_auto
ctrl_skel,20260822-195603-ctrl-skel-3px,25000,,pretrained_models/sd-vae-ft-ema,4,32,0.18215,,,,,35130,none,,,,,,,,,,,,,,,,,,,,,,False,,,,,,,,,,,,,,0.4431906706094742,0.7254574610789619,0.24873682510107756,0.8079479376475015,,,,,0.08249047656853958,-0.19445384550839664,,,eval_auto
ctrl_skel,20260822-215523-ctrl-skel-3px,5000,,pretrained_models/sd-vae-ft-ema,4,32,0.18215,,,,,35130,none,,,,,,,,,,,,,,,,,,,,,,False,,,,,,,,,,,,,,0.4431906706094742,0.7254574610789619,0.26587607476860287,0.7973520987232529,,,,,0.07189463764429094,-0.17731459584087134,,,eval_auto
ctrl_skel,20260822-215523-ctrl-skel-3px,10000,,pretrained_models/sd-vae-ft-ema,4,32,0.18215,,,,,35130,none,,,,,,,,,,,,,,,,,,,,,,False,,,,,,,,,,,,,,0.4431906706094742,0.7254574610789619,0.2593613172881305,0.8007612740000085,,,,,0.0753038129210466,-0.1838293533213437,,,eval_auto
ctrl_skel,20260822-225755-ctrl-skel-3px,5000,,pretrained_models/sd-vae-ft-ema,4,32,0.18215,,,,,35130,none,,,,,,,,,,,,,,,,,,,,,,False,,,,,,,,,,,,,,0.4431906706094742,0.7254574610789619,0.26587607476860287,0.7973520987232529,,,,,0.07189463764429094,-0.17731459584087134,,,eval_auto
ctrl_skel,20260822-235734-ctrl-skel-3px,90000,,pretrained_models/sd-vae-ft-ema,4,32,0.18215,,,,,35130,none,,,,,,,,,,,,,,,,,,,,,,False,,,,,,,,,,,,,,0.456840546131134,0.7215309551358224,0.26752178579568864,0.7717322352528574,,,,,0.05020128011703495,-0.18931876033544537,,,eval_auto
ctrl_skel,20260822-235734-ctrl-skel-3px,95000,,pretrained_models/sd-vae-ft-ema,4,32,0.18215,,,,,35130,none,,,,,,,,,,,,,,,,,,,,,,False,,,,,,,,,,,,,,0.456840546131134,0.7215309551358224,0.2708408907055855,0.7676733632882434,,,,,0.04614240815242099,-0.18599965542554853,,,eval_auto
ctrl_skel,20260822-235734-ctrl-skel-3px,100000,,pretrained_models/sd-vae-ft-ema,4,32,0.18215,,,,,35130,none,,,,,,,,,,,,,,,,,,,,,,False,,,,,,,,,,,,,,0.456840546131134,0.7215309551358224,0.2734396566450596,0.7643771973252298,,,,,0.04284624218940736,-0.18340088948607441,,,eval_auto
ctrl_skel,20260823-085301-ctrl-skel-top30-scratch,15000,,pretrained_models/sd-vae-ft-ema,4,32,0.18215,,,,,35130,none,,,,,,,,,,,,,,,,,,,,,,False,,,,,,,,,,,,,,3.7208080768585203,0.03058603703781651,2.728643720149994,0.14410933038685475,,,,,0.11352329334903824,-0.9921643567085265,,,eval_auto
ctrl_skel,20260823-085301-ctrl-skel-top30-scratch,20000,,pretrained_models/sd-vae-ft-ema,4,32,0.18215,,,,,35130,none,,,,,,,,,,,,,,,,,,,,,,False,,,,,,,,,,,,,,3.592982473373413,0.01229916696126262,2.9218830394744875,0.038220213257009174,,,,,0.025921046295746555,-0.6710994338989256,,,eval_auto
ctrl_skel,20260823-085301-ctrl-skel-top30-scratch,25000,,pretrained_models/sd-vae-ft-ema,4,32,0.18215,,,,,35130,none,,,,,,,,,,,,,,,,,,,,,,False,,,,,,,,,,,,,,2.742341985702515,0.03169432574844298,2.6184800624847413,0.029917701717931778,,,,,-0.0017766240305111987,-0.12386192321777356,,,eval_auto
ctrl_skel,20260823-085301-ctrl-skel-top30-scratch,30000,,pretrained_models/sd-vae-ft-ema,4,32,0.18215,,,,,35130,none,,,,,,,,,,,,,,,,,,,,,,False,,,,,,,,,,,,,,1.852570457458496,0.11480193156516177,2.235326805114746,0.03598890804549835,,,,,-0.07881302351966343,0.3827563476562501,,,eval_auto
ctrl_skel,20260825-115527-ctrl-skel-s6-v2,2500,,pretrained_models/sd-vae-ft-ema,4,32,0.18215,,,,,35130,none,,,,,,,,,,,,,,,,,,,,,,False,,,,,,,,,,,,,,0.4339955151081085,0.7292235766598956,0.2545868337340653,0.8016334242570834,0.5033210332103321,0.6694283347141674,0.22642190754413605,0.17391982674598694,0.07240984759718783,-0.1794086813740432,0.16610730150383535,-0.05250208079814911,eval_auto
ctrl_skel,20260825-115527-ctrl-skel-s6-v2,5000,,pretrained_models/sd-vae-ft-ema,4,32,0.18215,,,,,35130,none,,,,,,,,,,,,,,,,,,,,,,False,,,,,,,,,,,,,,0.4339955151081085,0.7292235766598956,0.24876504233106972,0.8037399971898965,0.5033210332103321,0.6596491228070176,0.22642190754413605,0.17261336743831635,0.07451642053000096,-0.1852304727770388,0.15632808959668554,-0.0538085401058197,eval_auto
ctrl_skel,20260825-115527-ctrl-skel-s6-v2,7500,,pretrained_models/sd-vae-ft-ema,4,32,0.18215,,,,,35130,none,,,,,,,,,,,,,,,,,,,,,,False,,,,,,,,,,,,,,0.4339955151081085,0.7292235766598956,0.244548623226583,0.8047002380079411,0.5033210332103321,0.6663075680043092,0.22642190754413605,0.17154522240161896,0.07547666134804554,-0.18944689188152553,0.16298653479397718,-0.05487668514251709,eval_auto
ctrl_skel,20260825-115527-ctrl-skel-s6-v2,10000,,pretrained_models/sd-vae-ft-ema,4,32,0.18215,,,,,35130,none,,,,,,,,,,,,,,,,,,,,,,False,,,,,,,,,,,,,,0.4339955151081085,0.7292235766598956,0.23903042832389473,0.8075587950673951,0.5033210332103321,0.681954681954682,0.22642190754413605,0.16950255632400513,0.07833521840749957,-0.1949650867842138,0.17863364874434995,-0.05691935122013092,eval_auto
ctrl_skel,20260825-115527-ctrl-skel-s6-v2,12500,,pretrained_models/sd-vae-ft-ema,4,32,0.18215,,,,,35130,none,,,,,,,,,,,,,,,,,,,,,,False,,,,,,,,,,,,,,0.4569137263298035,0.7188778141906207,0.2322385024279356,0.8097381817886994,0.48203162434115954,0.6962578530456159,0.23211990296840668,0.16623345017433167,0.0908603675980787,-0.2246752239018679,0.2142262287044564,-0.06588645279407501,eval_auto
ctrl_skel,20260825-115527-ctrl-skel-s6-v2,15000,,pretrained_models/sd-vae-ft-ema,4,32,0.18215,,,,,35130,none,,,,,,,,,,,,,,,,,,,,,,False,,,,,,,,,,,,,,0.4569137263298035,0.7188778141906207,0.23037735670804976,0.8107220274317198,0.48203162434115954,0.6996980510568213,0.23211990296840668,0.1654001623392105,0.09184421324109915,-0.22653636962175372,0.21766642671566172,-0.06671974062919617,eval_auto
ctrl_skel,20260825-115527-ctrl-skel-s6-v2,17500,,pretrained_models/sd-vae-ft-ema,4,32,0.18215,,,,,35130,none,,,,,,,,,,,,,,,,,,,,,,False,,,,,,,,,,,,,,0.4569137263298035,0.7188778141906207,0.2305848540365696,0.8103693514513485,0.48203162434115954,0.7024793388429752,0.23211990296840668,0.1655561476945877,0.09149153726072778,-0.2263288722932339,0.22044771450181566,-0.06656375527381897,eval_auto
ctrl_skel,20260825-115527-ctrl-skel-s6-v2,20000,,pretrained_models/sd-vae-ft-ema,4,32,0.18215,,,,,35130,none,,,,,,,,,,,,,,,,,,,,,,False,,,,,,,,,,,,,,0.4569137263298035,0.7188778141906207,0.22988283149898053,0.8102667058403357,0.48203162434115954,0.7034899697719154,0.23211990296840668,0.16521582007408142,0.09138889164971498,-0.22703089483082295,0.22145834543075582,-0.06690408289432526,eval_auto
ctrl_skel,20260825-115527-ctrl-skel-s6-v2,22500,,pretrained_models/sd-vae-ft-ema,4,32,0.18215,,,,,35130,none,,,,,,,,,,,,,,,,,,,,,,False,,,,,,,,,,,,,,0.4569137263298035,0.7188778141906207,0.2321698846668005,0.8093798845410737,0.48203162434115954,0.6997260273972603,0.23211990296840668,0.16577881574630737,0.09050207035045299,-0.22474384166300299,0.21769440305610077,-0.0663410872220993,eval_auto
ctrl_skel,20260825-115527-ctrl-skel-s6-v2,25000,,pretrained_models/sd-vae-ft-ema,4,32,0.18215,,,,,35130,none,,,,,,,,,,,,,,,,,,,,,,False,,,,,,,,,,,,,,0.4569137263298035,0.7188778141906207,0.23358762100338937,0.8089220718995145,0.48203162434115954,0.6958185296529106,0.23211990296840668,0.16608434915542603,0.0900442577088938,-0.22332610532641411,0.21378690531175104,-0.06603555381298065,eval_auto
ctrl_skel,20260825-115527-ctrl-skel-s6-v2,27500,,pretrained_models/sd-vae-ft-ema,4,32,0.18215,,,,,35130,none,,,,,,,,,,,,,,,,,,,,,,False,,,,,,,,,,,,,,0.4569137263298035,0.7188778141906207,0.23409704431891443,0.8093836928998873,0.48203162434115954,0.7018121911037891,0.23211990296840668,0.16585281491279602,0.09050587870926663,-0.22281668201088906,0.21978056676262958,-0.06626708805561066,eval_auto
ctrl_skel,20260825-115527-ctrl-skel-s6-v2,30000,,pretrained_models/sd-vae-ft-ema,4,32,0.18215,,,,,35130,none,,,,,,,,,,,,,,,,,,,,,,False,,,,,,,,,,,,,,0.4569137263298035,0.7188778141906207,0.23597154796123504,0.8086171703240348,0.48203162434115954,0.6981390257252327,0.23211990296840668,0.16643770039081573,0.0897393561334141,-0.22094217836856844,0.21610740138407314,-0.06568220257759094,eval_auto
exp_s_5script,20260815-131017-DiT-3Cond-S-2,1000,,pretrained_models/sd-vae-ft-ema,4,32,0.18215,,,,,35130,none,,,,,,,,,,,,,,,,,,,,,,False,,,,,,,,,1.7352991008758545,0.3234141076037972,,,,,,,,,,,,,,,,eval_auto
exp_s_5script,20260815-131017-DiT-3Cond-S-2,2000,,pretrained_models/sd-vae-ft-ema,4,32,0.18215,,,,,35130,none,,,,,,,,,,,,,,,,,,,,,,False,,,,,,,,,1.4759584808349608,0.33110927545775987,,,,,,,,,,,,,,,,eval_auto
exp_s_5script,20260815-131017-DiT-3Cond-S-2,3000,,pretrained_models/sd-vae-ft-ema,4,32,0.18215,,,,,35130,none,,,,,,,,,,,,,,,,,,,,,,False,,,,,,,,,1.136107783317566,0.4519198978451703,,,,,,,,,,,,,,,,eval_auto
exp_s_5script,20260815-131017-DiT-3Cond-S-2,4000,,pretrained_models/sd-vae-ft-ema,4,32,0.18215,,,,,35130,none,,,,,,,,,,,,,,,,,,,,,,False,,,,,,,,,1.284094581604004,0.3503053608616269,,,,,,,,,,,,,,,,eval_auto
exp_s_5script,20260815-131017-DiT-3Cond-S-2,5000,,pretrained_models/sd-vae-ft-ema,4,32,0.18215,,,,,35130,none,,,,,,,,,,,,,,,,,,,,,,False,,,,,,,,,1.1491782903671264,0.4066987130977212,,,,,,,,,,,,,,,,eval_auto
exp_s_5script,20260815-131017-DiT-3Cond-S-2,10000,,pretrained_models/sd-vae-ft-ema,4,32,0.18215,,,,,35130,none,,,,,,,,,,,,,,,,,,,,,,False,,,,,,,,,0.9013957500457763,0.5146557647548616,,,,,,,,,,,,,,,,eval_auto
exp_s_5script,20260815-131017-DiT-3Cond-S-2,15000,,pretrained_models/sd-vae-ft-ema,4,32,0.18215,,,,,35130,none,,,,,,,,,,,,,,,,,,,,,,False,,,,,,,,,0.9151438760757447,0.5164809225033968,,,,,,,,,,,,,,,,eval_auto
exp_s_5script,20260815-131017-DiT-3Cond-S-2,20000,,pretrained_models/sd-vae-ft-ema,4,32,0.18215,,,,,35130,none,,,,,,,,,,,,,,,,,,,,,,False,,,,,,,,,0.9718414115905761,0.4907263728386412,,,,,,,,,,,,,,,,eval_auto
exp_s_5script,20260815-131017-DiT-3Cond-S-2,25000,,pretrained_models/sd-vae-ft-ema,4,32,0.18215,,,,,35130,none,,,,,,,,,,,,,,,,,,,,,,False,,,,,,,,,0.9464049530029297,0.4970070314034821,,,,,,,,,,,,,,,,eval_auto
px_s_scratch,20260822-115020-px-s-scratch-diff,5000,,pretrained_models/sd-vae-ft-ema,4,32,0.18215,,,,,35130,none,,,,,,,,,,,,,,,,,,,,,,False,,,,,,,,,1.88179,0.0023,,,,,,,,,,,,,,,,eval_auto
px_s_scratch,20260822-115020-px-s-scratch-diff,10000,,pretrained_models/sd-vae-ft-ema,4,32,0.18215,,,,,35130,none,,,,,,,,,,,,,,,,,,,,,,False,,,,,,,,,1.91453,0.0021,,,,,,,,,,,,,,,,eval_auto
px_s_scratch,20260822-115020-px-s-scratch-diff,15000,,pretrained_models/sd-vae-ft-ema,4,32,0.18215,,,,,35130,none,,,,,,,,,,,,,,,,,,,,,,False,,,,,,,,,1.5975,0.0008,,,,,,,,,,,,,,,,eval_auto
s10_b4_grey_clear,20260824-151758-s10-b4-grey-clear,1000,DiT-2Cond-B/4,pretrained_models/sd-vae-ft-ema,4,32,0.18215,5script/train_top30_clean.csv,final_imgs_256,768,128,35130,pretrained_models/dino_embeddings/glyph_dino_embeddings.npy,2cond,factorized_add,random,False,final_skeleton,0.0,False,0.0,0.0,False,0.25,0.5,0.0002,0.02,2000,600000,96,0.9999,cosine,0.1,,False,,,,5script/eval500_clean.csv,455,50,4.0,0,1.3092781178243869,0.09094566010688344,,0.16157897854451184,0.7403631219497093,,,,,,,,,,,,,eval_auto
s10_b4_grey_clear,20260824-151758-s10-b4-grey-clear,2000,DiT-2Cond-B/4,pretrained_models/sd-vae-ft-ema,4,32,0.18215,5script/train_top30_clean.csv,final_imgs_256,768,128,35130,pretrained_models/dino_embeddings/glyph_dino_embeddings.npy,2cond,factorized_add,random,False,final_skeleton,0.0,False,0.0,0.0,False,0.25,0.5,0.0002,0.02,2000,600000,96,0.9999,cosine,0.1,,False,,,,5script/eval500_clean.csv,455,50,4.0,0,1.346374929704509,0.1833136761110585,,0.17437322962712162,0.6785281101425925,,,,,,,,,,,,,eval_auto
s10_b4_grey_clear,20260824-151758-s10-b4-grey-clear,3000,DiT-2Cond-B/4,pretrained_models/sd-vae-ft-ema,4,32,0.18215,5script/train_top30_clean.csv,final_imgs_256,768,128,35130,pretrained_models/dino_embeddings/glyph_dino_embeddings.npy,2cond,factorized_add,random,False,final_skeleton,0.0,False,0.0,0.0,False,0.25,0.5,0.0002,0.02,2000,600000,96,0.9999,cosine,0.1,,False,,,,5script/eval500_clean.csv,455,50,4.0,0,1.3198041832217804,0.2665316254285882,,0.18011524642403012,0.6229326736141038,,,,,,,,,,,,,eval_auto
s10_b4_grey_clear,20260824-151758-s10-b4-grey-clear,4000,DiT-2Cond-B/4,pretrained_models/sd-vae-ft-ema,4,32,0.18215,5script/train_top30_clean.csv,final_imgs_256,768,128,35130,pretrained_models/dino_embeddings/glyph_dino_embeddings.npy,2cond,factorized_add,random,False,final_skeleton,0.0,False,0.0,0.0,False,0.25,0.5,0.0002,0.02,2000,600000,96,0.9999,cosine,0.1,,False,,,,5script/eval500_clean.csv,455,50,4.0,0,1.3440155987883662,0.30347462613814435,,0.18081290350575477,0.5944110776696886,,,,,,,,,,,,,eval_auto
s10_b4_grey_clear,20260824-164822-s10-b4-grey-clear,5000,DiT-2Cond-B/4,pretrained_models/sd-vae-ft-ema,4,32,0.18215,5script/train_top30_clean.csv,final_imgs_256,768,128,35130,pretrained_models/dino_embeddings/glyph_dino_embeddings.npy,2cond,factorized_add,random,False,final_skeleton,0.0,False,0.0,0.0,False,0.25,0.5,0.0002,0.02,2000,600000,96,0.9999,cosine,0.1,5script/results/s10_b4_grey_clear/20260824-151758-s10-b4-grey-clear/checkpoints/0004000.pt,False,,,,5script/eval500_clean.csv,455,50,4.0,0,1.352737445294202,0.30145745639079924,,0.18770715057153595,0.5891203737520909,,,,,,,,,,,,,eval_auto
s10_b4_grey_clear,20260824-164822-s10-b4-grey-clear,10000,DiT-2Cond-B/4,pretrained_models/sd-vae-ft-ema,4,32,0.18215,5script/train_top30_clean.csv,final_imgs_256,768,128,35130,pretrained_models/dino_embeddings/glyph_dino_embeddings.npy,2cond,factorized_add,random,False,final_skeleton,0.0,False,0.0,0.0,False,0.25,0.5,0.0002,0.02,2000,600000,96,0.9999,cosine,0.1,5script/results/s10_b4_grey_clear/20260824-151758-s10-b4-grey-clear/checkpoints/0004000.pt,False,,,,5script/eval500_clean.csv,455,50,4.0,0,1.1140671631137093,0.34168206083523417,,0.19687205447845077,0.5701478516990012,,,,,,,,,,,,,eval_auto
s10_b4_grey_clear,20260824-164822-s10-b4-grey-clear,15000,DiT-2Cond-B/4,pretrained_models/sd-vae-ft-ema,4,32,0.18215,5script/train_top30_clean.csv,final_imgs_256,768,128,35130,pretrained_models/dino_embeddings/glyph_dino_embeddings.npy,2cond,factorized_add,random,False,final_skeleton,0.0,False,0.0,0.0,False,0.25,0.5,0.0002,0.02,2000,600000,96,0.9999,cosine,0.1,5script/results/s10_b4_grey_clear/20260824-151758-s10-b4-grey-clear/checkpoints/0004000.pt,False,,,,5script/eval500_clean.csv,455,50,4.0,0,1.0806674946140458,0.41772150702642213,,0.2096802117396863,0.5152104029943655,,,,,,,,,,,,,eval_auto
s10_b4_grey_clear,20260824-164822-s10-b4-grey-clear,20000,DiT-2Cond-B/4,pretrained_models/sd-vae-ft-ema,4,32,0.18215,5script/train_top30_clean.csv,final_imgs_256,768,128,35130,pretrained_models/dino_embeddings/glyph_dino_embeddings.npy,2cond,factorized_add,random,False,final_skeleton,0.0,False,0.0,0.0,False,0.25,0.5,0.0002,0.02,2000,600000,96,0.9999,cosine,0.1,5script/results/s10_b4_grey_clear/20260824-151758-s10-b4-grey-clear/checkpoints/0004000.pt,False,,,,5script/eval500_clean.csv,455,50,4.0,0,1.123363820340607,0.43254759614135146,,0.21629172235739547,0.49643625237129546,,,,,,,,,,,,,eval_auto
s10_b4_grey_clear,20260824-164822-s10-b4-grey-clear,25000,DiT-2Cond-B/4,pretrained_models/sd-vae-ft-ema,4,32,0.18215,5script/train_top30_clean.csv,final_imgs_256,768,128,35130,pretrained_models/dino_embeddings/glyph_dino_embeddings.npy,2cond,factorized_add,random,False,final_skeleton,0.0,False,0.0,0.0,False,0.25,0.5,0.0002,0.02,2000,600000,96,0.9999,cosine,0.1,5script/results/s10_b4_grey_clear/20260824-151758-s10-b4-grey-clear/checkpoints/0004000.pt,False,,,,5script/eval500_clean.csv,455,50,4.0,0,1.142236207638468,0.4389852435469285,,0.22208440695474166,0.4819870678278116,,,,,,,,,,,,,eval_auto
s10_b4_grey_clear,20260824-164822-s10-b4-grey-clear,30000,DiT-2Cond-B/4,pretrained_models/sd-vae-ft-ema,4,32,0.18215,5script/train_top30_clean.csv,final_imgs_256,768,128,35130,pretrained_models/dino_embeddings/glyph_dino_embeddings.npy,2cond,factorized_add,random,False,final_skeleton,0.0,False,0.0,0.0,False,0.25,0.5,0.0002,0.02,2000,600000,96,0.9999,cosine,0.1,5script/results/s10_b4_grey_clear/20260824-151758-s10-b4-grey-clear/checkpoints/0004000.pt,False,,,,5script/eval500_clean.csv,455,50,4.0,0,1.1303489740078265,0.44636403907110184,,0.22643580232955487,0.47325664624408054,,,,,,,,,,,,,eval_auto
s10_b4_grey_clear,20260824-164822-s10-b4-grey-clear,35000,DiT-2Cond-B/4,pretrained_models/sd-vae-ft-ema,4,32,0.18215,5script/train_top30_clean.csv,final_imgs_256,768,128,35130,pretrained_models/dino_embeddings/glyph_dino_embeddings.npy,2cond,factorized_add,random,False,final_skeleton,0.0,False,0.0,0.0,False,0.25,0.5,0.0002,0.02,2000,600000,96,0.9999,cosine,0.1,5script/results/s10_b4_grey_clear/20260824-151758-s10-b4-grey-clear/checkpoints/0004000.pt,False,,,,5script/eval500_clean.csv,455,50,4.0,0,1.1206138860065857,0.45137693665312156,,0.22817818916990373,0.46698903549503495,,,,,,,,,,,,,eval_auto
s10_b4_grey_clear,20260824-164822-s10-b4-grey-clear,40000,DiT-2Cond-B/4,pretrained_models/sd-vae-ft-ema,4,32,0.18215,5script/train_top30_clean.csv,final_imgs_256,768,128,35130,pretrained_models/dino_embeddings/glyph_dino_embeddings.npy,2cond,factorized_add,random,False,final_skeleton,0.0,False,0.0,0.0,False,0.25,0.5,0.0002,0.02,2000,600000,96,0.9999,cosine,0.1,5script/results/s10_b4_grey_clear/20260824-151758-s10-b4-grey-clear/checkpoints/0004000.pt,False,,,,5script/eval500_clean.csv,455,50,4.0,0,1.097392836868108,0.45944908192255607,,0.23161427343461302,0.45042719968727657,,,,,,,,,,,,,eval_auto
s10_b4_grey_clear,20260824-164822-s10-b4-grey-clear,45000,DiT-2Cond-B/4,pretrained_models/sd-vae-ft-ema,4,32,0.18215,5script/train_top30_clean.csv,final_imgs_256,768,128,35130,pretrained_models/dino_embeddings/glyph_dino_embeddings.npy,2cond,factorized_add,random,False,final_skeleton,0.0,False,0.0,0.0,False,0.25,0.5,0.0002,0.02,2000,600000,96,0.9999,cosine,0.1,5script/results/s10_b4_grey_clear/20260824-151758-s10-b4-grey-clear/checkpoints/0004000.pt,False,,,,5script/eval500_clean.csv,455,50,4.0,0,1.0824189084244298,0.4632574803678682,,0.23355471784475207,0.4444995852944615,,,,,,,,,,,,,eval_auto
s10_b4_grey_clear,20260824-164822-s10-b4-grey-clear,50000,DiT-2Cond-B/4,pretrained_models/sd-vae-ft-ema,4,32,0.18215,5script/train_top30_clean.csv,final_imgs_256,768,128,35130,pretrained_models/dino_embeddings/glyph_dino_embeddings.npy,2cond,factorized_add,random,False,final_skeleton,0.0,False,0.0,0.0,False,0.25,0.5,0.0002,0.02,2000,600000,96,0.9999,cosine,0.1,5script/results/s10_b4_grey_clear/20260824-151758-s10-b4-grey-clear/checkpoints/0004000.pt,False,,,,5script/eval500_clean.csv,455,50,4.0,0,1.0806668031510416,0.46380615536316183,,0.2347359386287666,0.4410357405851176,,,,,,,,,,,,,eval_auto
s10_b4_grey_clear,20260824-164822-s10-b4-grey-clear,55000,DiT-2Cond-B/4,pretrained_models/sd-vae-ft-ema,4,32,0.18215,5script/train_top30_clean.csv,final_imgs_256,768,128,35130,pretrained_models/dino_embeddings/glyph_dino_embeddings.npy,2cond,factorized_add,random,False,final_skeleton,0.0,False,0.0,0.0,False,0.25,0.5,0.0002,0.02,2000,600000,96,0.9999,cosine,0.1,5script/results/s10_b4_grey_clear/20260824-151758-s10-b4-grey-clear/checkpoints/0004000.pt,False,,,,5script/eval500_clean.csv,455,50,4.0,0,1.0754850130978522,0.46561713974424424,,0.23521785437511866,0.43809155435352537,,,,,,,,,,,,,eval_auto
s10_b4_grey_clear,20260824-164822-s10-b4-grey-clear,60000,DiT-2Cond-B/4,pretrained_models/sd-vae-ft-ema,4,32,0.18215,5script/train_top30_clean.csv,final_imgs_256,768,128,35130,pretrained_models/dino_embeddings/glyph_dino_embeddings.npy,2cond,factorized_add,random,False,final_skeleton,0.0,False,0.0,0.0,False,0.25,0.5,0.0002,0.02,2000,600000,96,0.9999,cosine,0.1,5script/results/s10_b4_grey_clear/20260824-151758-s10-b4-grey-clear/checkpoints/0004000.pt,False,,,,5script/eval500_clean.csv,455,50,4.0,0,1.0772529946742477,0.46498909933245225,,0.23548688770487083,0.4368719797540497,,,,,,,,,,,,,eval_auto
s10_b4_grey_clear,20260824-164822-s10-b4-grey-clear,65000,DiT-2Cond-B/4,pretrained_models/sd-vae-ft-ema,4,32,0.18215,5script/train_top30_clean.csv,final_imgs_256,768,128,35130,pretrained_models/dino_embeddings/glyph_dino_embeddings.npy,2cond,factorized_add,random,False,final_skeleton,0.0,False,0.0,0.0,False,0.25,0.5,0.0002,0.02,2000,600000,96,0.9999,cosine,0.1,5script/results/s10_b4_grey_clear/20260824-151758-s10-b4-grey-clear/checkpoints/0004000.pt,False,,,,5script/eval500_clean.csv,455,50,4.0,0,1.0710263788863852,0.4667589434718377,,0.2363542883908721,0.43616597600035617,,,,,,,,,,,,,eval_auto
s11_top6_p4,20260824-224716-s11-top6-p4,1000,DiT-2Cond-S/4,pretrained_models/sd-vae-ft-ema,4,32,0.18215,5script/train_top6.csv,final_imgs_256,768,128,35130,pretrained_models/dino_embeddings/glyph_dino_embeddings.npy,2cond,factorized_add,random,False,final_skeleton,0.0,False,0.0,0.0,False,0.25,0.5,0.0002,0.02,2000,600000,224,0.9999,cosine,0.1,,False,,,,5script/eval100_top6.csv,100,50,4.0,0,1.2303177988529206,0.12904744911231275,,0.2131588788247526,0.7240937578678132,,,,,,,,,,,,,eval_auto
s11_top6_p4,20260824-224716-s11-top6-p4,2000,DiT-2Cond-S/4,pretrained_models/sd-vae-ft-ema,4,32,0.18215,5script/train_top6.csv,final_imgs_256,768,128,35130,pretrained_models/dino_embeddings/glyph_dino_embeddings.npy,2cond,factorized_add,random,False,final_skeleton,0.0,False,0.0,0.0,False,0.25,0.5,0.0002,0.02,2000,600000,224,0.9999,cosine,0.1,,False,,,,5script/eval100_top6.csv,100,50,4.0,0,1.4113333091139793,0.18707092503327277,,0.22223858218013873,0.6612353897094727,,,,,,,,,,,,,eval_auto
s11_top6_p4,20260824-224716-s11-top6-p4,3000,DiT-2Cond-S/4,pretrained_models/sd-vae-ft-ema,4,32,0.18215,5script/train_top6.csv,final_imgs_256,768,128,35130,pretrained_models/dino_embeddings/glyph_dino_embeddings.npy,2cond,factorized_add,random,False,final_skeleton,0.0,False,0.0,0.0,False,0.25,0.5,0.0002,0.02,2000,600000,224,0.9999,cosine,0.1,,False,,,,5script/eval100_top6.csv,100,50,4.0,0,1.3117198798060417,0.2689899639984539,,0.21903029701531382,0.612330961227417,,,,,,,,,,,,,eval_auto
s11_top6_p4,20260824-224716-s11-top6-p4,4000,DiT-2Cond-S/4,pretrained_models/sd-vae-ft-ema,4,32,0.18215,5script/train_top6.csv,final_imgs_256,768,128,35130,pretrained_models/dino_embeddings/glyph_dino_embeddings.npy,2cond,factorized_add,random,False,final_skeleton,0.0,False,0.0,0.0,False,0.25,0.5,0.0002,0.02,2000,600000,224,0.9999,cosine,0.1,,False,,,,5script/eval100_top6.csv,100,50,4.0,0,1.2024302539229392,0.3274414785639064,,0.23258742854458558,0.5733234265446663,,,,,,,,,,,,,eval_auto
s11_top6_p4,20260824-224716-s11-top6-p4,5000,DiT-2Cond-S/4,pretrained_models/sd-vae-ft-ema,4,32,0.18215,5script/train_top6.csv,final_imgs_256,768,128,35130,pretrained_models/dino_embeddings/glyph_dino_embeddings.npy,2cond,factorized_add,random,False,final_skeleton,0.0,False,0.0,0.0,False,0.25,0.5,0.0002,0.02,2000,600000,224,0.9999,cosine,0.1,,False,,,,5script/eval100_top6.csv,100,50,4.0,0,1.1714788803458214,0.3370286781957099,,0.24823063469094284,0.5592946496605873,,,,,,,,,,,,,eval_auto
s11_top6_p4,20260824-231810-s11-top6-p4,1000,DiT-2Cond-S/4,pretrained_models/sd-vae-ft-ema,4,32,0.18215,5script/train_top6.csv,final_imgs_256,768,128,35130,pretrained_models/dino_embeddings/glyph_dino_embeddings.npy,2cond,factorized_add,random,False,final_skeleton,0.0,False,0.0,0.0,False,0.25,0.5,0.0002,0.02,2000,600000,224,0.9999,cosine,0.1,,False,,,,5script/eval100_top6.csv,100,50,4.0,0,1.2303177988529206,0.12904744911231275,,0.2131588788247526,0.7240937578678132,,,,,,,,,,,,,eval_auto
s11_top6_p4,20260824-231810-s11-top6-p4,2000,DiT-2Cond-S/4,pretrained_models/sd-vae-ft-ema,4,32,0.18215,5script/train_top6.csv,final_imgs_256,768,128,35130,pretrained_models/dino_embeddings/glyph_dino_embeddings.npy,2cond,factorized_add,random,False,final_skeleton,0.0,False,0.0,0.0,False,0.25,0.5,0.0002,0.02,2000,600000,224,0.9999,cosine,0.1,,False,,,,5script/eval100_top6.csv,100,50,4.0,0,1.4113333091139793,0.18707092503327277,,0.22223858218013873,0.6612353897094727,,,,,,,,,,,,,eval_auto
s11_top6_p4,20260824-231810-s11-top6-p4,3000,DiT-2Cond-S/4,pretrained_models/sd-vae-ft-ema,4,32,0.18215,5script/train_top6.csv,final_imgs_256,768,128,35130,pretrained_models/dino_embeddings/glyph_dino_embeddings.npy,2cond,factorized_add,random,False,final_skeleton,0.0,False,0.0,0.0,False,0.25,0.5,0.0002,0.02,2000,600000,224,0.9999,cosine,0.1,,False,,,,5script/eval100_top6.csv,100,50,4.0,0,1.3117198798060417,0.2689899639984539,,0.21903029701531382,0.612330961227417,,,,,,,,,,,,,eval_auto
s11_top6_p4,20260824-231810-s11-top6-p4,4000,DiT-2Cond-S/4,pretrained_models/sd-vae-ft-ema,4,32,0.18215,5script/train_top6.csv,final_imgs_256,768,128,35130,pretrained_models/dino_embeddings/glyph_dino_embeddings.npy,2cond,factorized_add,random,False,final_skeleton,0.0,False,0.0,0.0,False,0.25,0.5,0.0002,0.02,2000,600000,224,0.9999,cosine,0.1,,False,,,,5script/eval100_top6.csv,100,50,4.0,0,1.2024302539229392,0.3274414785639064,,0.23258742854458558,0.5733234265446663,,,,,,,,,,,,,eval_auto
s11_top6_p4,20260824-231810-s11-top6-p4,5000,DiT-2Cond-S/4,pretrained_models/sd-vae-ft-ema,4,32,0.18215,5script/train_top6.csv,final_imgs_256,768,128,35130,pretrained_models/dino_embeddings/glyph_dino_embeddings.npy,2cond,factorized_add,random,False,final_skeleton,0.0,False,0.0,0.0,False,0.25,0.5,0.0002,0.02,2000,600000,224,0.9999,cosine,0.1,,False,,,,5script/eval100_top6.csv,100,50,4.0,0,1.1714788803458214,0.3370286781957099,,0.24823063469094284,0.5592946496605873,,,,,,,,,,,,,eval_auto
s11_top6_p4,20260824-231810-s11-top6-p4,10000,DiT-2Cond-S/4,pretrained_models/sd-vae-ft-ema,4,32,0.18215,5script/train_top6.csv,final_imgs_256,768,128,35130,pretrained_models/dino_embeddings/glyph_dino_embeddings.npy,2cond,factorized_add,random,False,final_skeleton,0.0,False,0.0,0.0,False,0.25,0.5,0.0002,0.02,2000,600000,224,0.9999,cosine,0.1,,False,,,,5script/eval100_top6.csv,100,50,4.0,0,1.050996778011322,0.4187564852517289,,0.27327452492709015,0.4945504063367844,,,,,,,,,,,,,eval_auto
s11_top6_p4,20260824-231810-s11-top6-p4,15000,DiT-2Cond-S/4,pretrained_models/sd-vae-ft-ema,4,32,0.18215,5script/train_top6.csv,final_imgs_256,768,128,35130,pretrained_models/dino_embeddings/glyph_dino_embeddings.npy,2cond,factorized_add,random,False,final_skeleton,0.0,False,0.0,0.0,False,0.25,0.5,0.0002,0.02,2000,600000,224,0.9999,cosine,0.1,,False,,,,5script/eval100_top6.csv,100,50,4.0,0,1.019716735780239,0.43440123885595766,,0.2942613773914855,0.4702640573680401,,,,,,,,,,,,,eval_auto
s11_top6_p4,20260824-231810-s11-top6-p4,20000,DiT-2Cond-S/4,pretrained_models/sd-vae-ft-ema,4,32,0.18215,5script/train_top6.csv,final_imgs_256,768,128,35130,pretrained_models/dino_embeddings/glyph_dino_embeddings.npy,2cond,factorized_add,random,False,final_skeleton,0.0,False,0.0,0.0,False,0.25,0.5,0.0002,0.02,2000,600000,224,0.9999,cosine,0.1,,False,,,,5script/eval100_top6.csv,100,50,4.0,0,0.9809148430824279,0.44980991565638595,,0.3031390231880582,0.4470170284807682,,,,,,,,,,,,,eval_auto
s11_top6_p4,20260824-231810-s11-top6-p4,25000,DiT-2Cond-S/4,pretrained_models/sd-vae-ft-ema,4,32,0.18215,5script/train_top6.csv,final_imgs_256,768,128,35130,pretrained_models/dino_embeddings/glyph_dino_embeddings.npy,2cond,factorized_add,random,False,final_skeleton,0.0,False,0.0,0.0,False,0.25,0.5,0.0002,0.02,2000,600000,224,0.9999,cosine,0.1,,False,,,,5script/eval100_top6.csv,100,50,4.0,0,0.9667691138386726,0.45384272261004704,,0.3089539641038491,0.4382808941602707,,,,,,,,,,,,,eval_auto
s11_top6_p4,20260824-231810-s11-top6-p4,30000,DiT-2Cond-S/4,pretrained_models/sd-vae-ft-ema,4,32,0.18215,5script/train_top6.csv,final_imgs_256,768,128,35130,pretrained_models/dino_embeddings/glyph_dino_embeddings.npy,2cond,factorized_add,random,False,final_skeleton,0.0,False,0.0,0.0,False,0.25,0.5,0.0002,0.02,2000,600000,224,0.9999,cosine,0.1,,False,,,,5script/eval100_top6.csv,100,50,4.0,0,0.9380388972163201,0.4598830783629553,,0.3184573218062513,0.4273974272608757,,,,,,,,,,,,,eval_auto
s11_top6_p4,20260824-231810-s11-top6-p4,35000,DiT-2Cond-S/4,pretrained_models/sd-vae-ft-ema,4,32,0.18215,5script/train_top6.csv,final_imgs_256,768,128,35130,pretrained_models/dino_embeddings/glyph_dino_embeddings.npy,2cond,factorized_add,random,False,final_skeleton,0.0,False,0.0,0.0,False,0.25,0.5,0.0002,0.02,2000,600000,224,0.9999,cosine,0.1,,False,,,,5script/eval100_top6.csv,100,50,4.0,0,0.9091859212517739,0.46738355270233206,,0.3308617614190418,0.4183342412114143,,,,,,,,,,,,,eval_auto
s11_top6_p4,20260824-231810-s11-top6-p4,40000,DiT-2Cond-S/4,pretrained_models/sd-vae-ft-ema,4,32,0.18215,5script/train_top6.csv,final_imgs_256,768,128,35130,pretrained_models/dino_embeddings/glyph_dino_embeddings.npy,2cond,factorized_add,random,False,final_skeleton,0.0,False,0.0,0.0,False,0.25,0.5,0.0002,0.02,2000,600000,224,0.9999,cosine,0.1,,False,,,,5script/eval100_top6.csv,100,50,4.0,0,0.8835696649551391,0.4747515415861931,,0.33959280387083673,0.40907550141215326,,,,,,,,,,,,,eval_auto
s11_top6_p4,20260824-231810-s11-top6-p4,45000,DiT-2Cond-S/4,pretrained_models/sd-vae-ft-ema,4,32,0.18215,5script/train_top6.csv,final_imgs_256,768,128,35130,pretrained_models/dino_embeddings/glyph_dino_embeddings.npy,2cond,factorized_add,random,False,final_skeleton,0.0,False,0.0,0.0,False,0.25,0.5,0.0002,0.02,2000,600000,224,0.9999,cosine,0.1,,False,,,,5script/eval100_top6.csv,100,50,4.0,0,0.8601198872923851,0.4826398483633199,,0.34984201447028823,0.4009737472236157,,,,,,,,,,,,,eval_auto
s11_top6_p4,20260824-231810-s11-top6-p4,50000,DiT-2Cond-S/4,pretrained_models/sd-vae-ft-ema,4,32,0.18215,5script/train_top6.csv,final_imgs_256,768,128,35130,pretrained_models/dino_embeddings/glyph_dino_embeddings.npy,2cond,factorized_add,random,False,final_skeleton,0.0,False,0.0,0.0,False,0.25,0.5,0.0002,0.02,2000,600000,224,0.9999,cosine,0.1,,False,,,,5script/eval100_top6.csv,100,50,4.0,0,0.8458255697786808,0.48826799361101203,,0.35451373260130287,0.39434644028544424,,,,,,,,,,,,,eval_auto
s11_top6_p4,20260824-231810-s11-top6-p4,55000,DiT-2Cond-S/4,pretrained_models/sd-vae-ft-ema,4,32,0.18215,5script/train_top6.csv,final_imgs_256,768,128,35130,pretrained_models/dino_embeddings/glyph_dino_embeddings.npy,2cond,factorized_add,random,False,final_skeleton,0.0,False,0.0,0.0,False,0.25,0.5,0.0002,0.02,2000,600000,224,0.9999,cosine,0.1,,False,,,,5script/eval100_top6.csv,100,50,4.0,0,0.8232903890311718,0.4963489659445198,,0.363871267369381,0.38798938170075414,,,,,,,,,,,,,eval_auto
s11_top6_p4,20260824-231810-s11-top6-p4,60000,DiT-2Cond-S/4,pretrained_models/sd-vae-ft-ema,4,32,0.18215,5script/train_top6.csv,final_imgs_256,768,128,35130,pretrained_models/dino_embeddings/glyph_dino_embeddings.npy,2cond,factorized_add,random,False,final_skeleton,0.0,False,0.0,0.0,False,0.25,0.5,0.0002,0.02,2000,600000,224,0.9999,cosine,0.1,,False,,,,5script/eval100_top6.csv,100,50,4.0,0,0.8052941706031561,0.501390062374939,,0.3713867826493565,0.38375743553042413,,,,,,,,,,,,,eval_auto
s11_top6_p4,20260824-231810-s11-top6-p4,65000,DiT-2Cond-S/4,pretrained_models/sd-vae-ft-ema,4,32,0.18215,5script/train_top6.csv,final_imgs_256,768,128,35130,pretrained_models/dino_embeddings/glyph_dino_embeddings.npy,2cond,factorized_add,random,False,final_skeleton,0.0,False,0.0,0.0,False,0.25,0.5,0.0002,0.02,2000,600000,224,0.9999,cosine,0.1,,False,,,,5script/eval100_top6.csv,100,50,4.0,0,0.7802273600921035,0.5118700922955708,,0.38333063663261735,0.37531599268317223,,,,,,,,,,,,,eval_auto
s11_top6_p4,20260824-231810-s11-top6-p4,70000,DiT-2Cond-S/4,pretrained_models/sd-vae-ft-ema,4,32,0.18215,5script/train_top6.csv,final_imgs_256,768,128,35130,pretrained_models/dino_embeddings/glyph_dino_embeddings.npy,2cond,factorized_add,random,False,final_skeleton,0.0,False,0.0,0.0,False,0.25,0.5,0.0002,0.02,2000,600000,224,0.9999,cosine,0.1,,False,,,,5script/eval100_top6.csv,100,50,4.0,0,0.7513295322284103,0.5224942064110129,,0.3987522779298729,0.3673092882335186,,,,,,,,,,,,,eval_auto
s11_top6_p4,20260824-231810-s11-top6-p4,75000,DiT-2Cond-S/4,pretrained_models/sd-vae-ft-ema,4,32,0.18215,5script/train_top6.csv,final_imgs_256,768,128,35130,pretrained_models/dino_embeddings/glyph_dino_embeddings.npy,2cond,factorized_add,random,False,final_skeleton,0.0,False,0.0,0.0,False,0.25,0.5,0.0002,0.02,2000,600000,224,0.9999,cosine,0.1,,False,,,,5script/eval100_top6.csv,100,50,4.0,0,0.727792849689722,0.5313726172034133,,0.4105530286265104,0.3609756650775671,,,,,,,,,,,,,eval_auto
s11_top6_p4,20260824-231810-s11-top6-p4,80000,DiT-2Cond-S/4,pretrained_models/sd-vae-ft-ema,4,32,0.18215,5script/train_top6.csv,final_imgs_256,768,128,35130,pretrained_models/dino_embeddings/glyph_dino_embeddings.npy,2cond,factorized_add,random,False,final_skeleton,0.0,False,0.0,0.0,False,0.25,0.5,0.0002,0.02,2000,600000,224,0.9999,cosine,0.1,,False,,,,5script/eval100_top6.csv,100,50,4.0,0,0.708256019698456,0.539245319248997,,0.4223625242446826,0.3546696035563946,,,,,,,,,,,,,eval_auto
s11_top6_p4,20260824-231810-s11-top6-p4,85000,DiT-2Cond-S/4,pretrained_models/sd-vae-ft-ema,4,32,0.18215,5script/train_top6.csv,final_imgs_256,768,128,35130,pretrained_models/dino_embeddings/glyph_dino_embeddings.npy,2cond,factorized_add,random,False,final_skeleton,0.0,False,0.0,0.0,False,0.25,0.5,0.0002,0.02,2000,600000,224,0.9999,cosine,0.1,,False,,,,5script/eval100_top6.csv,100,50,4.0,0,0.6891097779292613,0.5484133595829241,,0.4320419294151747,0.3497726484388113,,,,,,,,,,,,,eval_auto
s11_top6_p4,20260824-231810-s11-top6-p4,90000,DiT-2Cond-S/4,pretrained_models/sd-vae-ft-ema,4,32,0.18215,5script/train_top6.csv,final_imgs_256,768,128,35130,pretrained_models/dino_embeddings/glyph_dino_embeddings.npy,2cond,factorized_add,random,False,final_skeleton,0.0,False,0.0,0.0,False,0.25,0.5,0.0002,0.02,2000,600000,224,0.9999,cosine,0.1,,False,,,,5script/eval100_top6.csv,100,50,4.0,0,0.6707986238272861,0.5573184379290527,,0.4433406783275718,0.3434771389514208,,,,,,,,,,,,,eval_auto
s11_top6_p4,20260824-231810-s11-top6-p4,95000,DiT-2Cond-S/4,pretrained_models/sd-vae-ft-ema,4,32,0.18215,5script/train_top6.csv,final_imgs_256,768,128,35130,pretrained_models/dino_embeddings/glyph_dino_embeddings.npy,2cond,factorized_add,random,False,final_skeleton,0.0,False,0.0,0.0,False,0.25,0.5,0.0002,0.02,2000,600000,224,0.9999,cosine,0.1,,False,,,,5script/eval100_top6.csv,100,50,4.0,0,0.655956478281878,0.5655520560008519,,0.452868487290315,0.3380809160321951,,,,,,,,,,,,,eval_auto
s11_top6_p4,20260824-231810-s11-top6-p4,100000,DiT-2Cond-S/4,pretrained_models/sd-vae-ft-ema,4,32,0.18215,5script/train_top6.csv,final_imgs_256,768,128,35130,pretrained_models/dino_embeddings/glyph_dino_embeddings.npy,2cond,factorized_add,random,False,final_skeleton,0.0,False,0.0,0.0,False,0.25,0.5,0.0002,0.02,2000,600000,224,0.9999,cosine,0.1,,False,,,,5script/eval100_top6.csv,100,50,4.0,0,0.6454594522388652,0.5717996329557574,,0.46062640307855984,0.33465688809752464,,,,,,,,,,,,,eval_auto
s11_top6_p4,20260824-231810-s11-top6-p4,105000,DiT-2Cond-S/4,pretrained_models/sd-vae-ft-ema,4,32,0.18215,5script/train_top6.csv,final_imgs_256,768,128,35130,pretrained_models/dino_embeddings/glyph_dino_embeddings.npy,2cond,factorized_add,random,False,final_skeleton,0.0,False,0.0,0.0,False,0.25,0.5,0.0002,0.02,2000,600000,224,0.9999,cosine,0.1,,False,,,,5script/eval100_top6.csv,100,50,4.0,0,0.6285497998213395,0.5817876922540048,,0.4734364444218738,0.3281238241493702,,,,,,,,,,,,,eval_auto
s11_top6_p4,20260824-231810-s11-top6-p4,110000,DiT-2Cond-S/4,pretrained_models/sd-vae-ft-ema,4,32,0.18215,5script/train_top6.csv,final_imgs_256,768,128,35130,pretrained_models/dino_embeddings/glyph_dino_embeddings.npy,2cond,factorized_add,random,False,final_skeleton,0.0,False,0.0,0.0,False,0.25,0.5,0.0002,0.02,2000,600000,224,0.9999,cosine,0.1,,False,,,,5script/eval100_top6.csv,100,50,4.0,0,0.6172506422316656,0.5892073558193962,,0.48143362415102503,0.32292663510888814,,,,,,,,,,,,,eval_auto
s11_top6_p4,20260824-231810-s11-top6-p4,115000,DiT-2Cond-S/4,pretrained_models/sd-vae-ft-ema,4,32,0.18215,5script/train_top6.csv,final_imgs_256,768,128,35130,pretrained_models/dino_embeddings/glyph_dino_embeddings.npy,2cond,factorized_add,random,False,final_skeleton,0.0,False,0.0,0.0,False,0.25,0.5,0.0002,0.02,2000,600000,224,0.9999,cosine,0.1,,False,,,,5script/eval100_top6.csv,100,50,4.0,0,0.6064866338367574,0.596849267193164,,0.4882572186289964,0.31882258906960487,,,,,,,,,,,,,eval_auto
s11_top6_p4,20260824-231810-s11-top6-p4,120000,DiT-2Cond-S/4,pretrained_models/sd-vae-ft-ema,4,32,0.18215,5script/train_top6.csv,final_imgs_256,768,128,35130,pretrained_models/dino_embeddings/glyph_dino_embeddings.npy,2cond,factorized_add,random,False,final_skeleton,0.0,False,0.0,0.0,False,0.25,0.5,0.0002,0.02,2000,600000,224,0.9999,cosine,0.1,,False,,,,5script/eval100_top6.csv,100,50,4.0,0,0.5919802101771348,0.60854149429996,,0.49902277308837545,0.31136779598891734,,,,,,,,,,,,,eval_auto
s11_top6_p4,20260824-231810-s11-top6-p4,125000,DiT-2Cond-S/4,pretrained_models/sd-vae-ft-ema,4,32,0.18215,5script/train_top6.csv,final_imgs_256,768,128,35130,pretrained_models/dino_embeddings/glyph_dino_embeddings.npy,2cond,factorized_add,random,False,final_skeleton,0.0,False,0.0,0.0,False,0.25,0.5,0.0002,0.02,2000,600000,224,0.9999,cosine,0.1,,False,,,,5script/eval100_top6.csv,100,50,4.0,0,0.5819987640553154,0.6189823136538021,,0.508459176679629,0.30464333459734916,,,,,,,,,,,,,eval_auto
s11_top6_p4,20260825-093159-s11-top6-p4,130000,DiT-2Cond-S/4,pretrained_models/sd-vae-ft-ema,4,32,0.18215,5script/train_top6.csv,final_imgs_256,768,128,35130,pretrained_models/dino_embeddings/glyph_dino_embeddings.npy,2cond,factorized_add,factor_balanced,False,final_skeleton,0.0,False,0.0,0.0,False,0.15,0.35,0.0002,0.02,2000,600000,224,0.9999,cosine,0.1,5script/results/s11_top6_p4/20260824-231810-s11-top6-p4/checkpoints/0125000.pt,False,,,,5script/eval100_top6.csv,100,50,4.0,0,0.5695737509871833,0.6259262256211034,,0.5169041695138819,0.29901594031602147,,,,,,,,,,,,,eval_auto
s11_top6_p4,20260825-093159-s11-top6-p4,135000,DiT-2Cond-S/4,pretrained_models/sd-vae-ft-ema,4,32,0.18215,5script/train_top6.csv,final_imgs_256,768,128,35130,pretrained_models/dino_embeddings/glyph_dino_embeddings.npy,2cond,factorized_add,factor_balanced,False,final_skeleton,0.0,False,0.0,0.0,False,0.15,0.35,0.0002,0.02,2000,600000,224,0.9999,cosine,0.1,5script/results/s11_top6_p4/20260824-231810-s11-top6-p4/checkpoints/0125000.pt,False,,,,5script/eval100_top6.csv,100,50,4.0,0,0.5582280977466144,0.630865736970216,,0.5224827529593674,0.295512046739459,,,,,,,,,,,,,eval_auto
s11_top6_p4,20260825-093159-s11-top6-p4,140000,DiT-2Cond-S/4,pretrained_models/sd-vae-ft-ema,4,32,0.18215,5script/train_top6.csv,final_imgs_256,768,128,35130,pretrained_models/dino_embeddings/glyph_dino_embeddings.npy,2cond,factorized_add,factor_balanced,False,final_skeleton,0.0,False,0.0,0.0,False,0.15,0.35,0.0002,0.02,2000,600000,224,0.9999,cosine,0.1,5script/results/s11_top6_p4/20260824-231810-s11-top6-p4/checkpoints/0125000.pt,False,,,,5script/eval100_top6.csv,100,50,4.0,0,0.5463929300406016,0.6398543223180081,,0.529564948082718,0.29234699320048096,,,,,,,,,,,,,eval_auto
s11_top6_p4,20260825-093159-s11-top6-p4,145000,DiT-2Cond-S/4,pretrained_models/sd-vae-ft-ema,4,32,0.18215,5script/train_top6.csv,final_imgs_256,768,128,35130,pretrained_models/dino_embeddings/glyph_dino_embeddings.npy,2cond,factorized_add,factor_balanced,False,final_skeleton,0.0,False,0.0,0.0,False,0.15,0.35,0.0002,0.02,2000,600000,224,0.9999,cosine,0.1,5script/results/s11_top6_p4/20260824-231810-s11-top6-p4/checkpoints/0125000.pt,False,,,,5script/eval100_top6.csv,100,50,4.0,0,0.5475875534908846,0.6455059242732597,,0.5326982048993006,0.2891347274929285,,,,,,,,,,,,,eval_auto
s12_3top30_dino,20260825-174750-s12-3top30-dino,1000,DiT-2Cond-S/2,pretrained_models/sd-vae-ft-ema,4,32,0.18215,5script/train_3top30_nobeike.csv,final_imgs_256,768,128,35130,pretrained_models/dino_embeddings/glyph_dino_embeddings.npy,2cond,factorized_add,factor_balanced,False,final_skeleton,0.0,False,0.0,0.0,False,0.15,0.35,0.0002,0.02,2000,600000,176,0.9999,cosine,0.1,,False,,,,5script/eval100_3top30.csv,138,50,4.0,0,1.6321279242418814,0.045252647863498245,,0.013044066442141278,0.763960908288541,,,,,,,,,,,,,eval_auto
s12_3top30_dino,20260825-180335-s12-3top30-dino,1000,DiT-2Cond-S/2,pretrained_models/sd-vae-ft-ema,4,32,0.18215,5script/train_3top30_nobeike.csv,final_imgs_256,384,128,35130,pretrained_models/dino_embeddings/glyph_dino_embeddings_384.npy,2cond,factorized_add,factor_balanced,False,final_skeleton,0.0,False,0.0,0.0,False,0.15,0.35,0.0002,0.02,2000,600000,224,0.9999,cosine,0.1,,False,,,,5script/eval100_3top30.csv,138,50,4.0,0,1.4254511003045067,0.13407210550494253,,0.01312962950202922,0.7164676949597787,,,,,,,,,,,,,eval_auto
s12_3top30_dino,20260825-180335-s12-3top30-dino,2000,DiT-2Cond-S/2,pretrained_models/sd-vae-ft-ema,4,32,0.18215,5script/train_3top30_nobeike.csv,final_imgs_256,384,128,35130,pretrained_models/dino_embeddings/glyph_dino_embeddings_384.npy,2cond,factorized_add,factor_balanced,False,final_skeleton,0.0,False,0.0,0.0,False,0.15,0.35,0.0002,0.02,2000,600000,224,0.9999,cosine,0.1,,False,,,,5script/eval100_3top30.csv,138,50,4.0,0,1.3027708089869956,0.24412276594838445,,0.01205486280141511,0.6513761040093242,,,,,,,,,,,,,eval_auto
s12_3top30_dino,20260825-180335-s12-3top30-dino,3000,DiT-2Cond-S/2,pretrained_models/sd-vae-ft-ema,4,32,0.18215,5script/train_3top30_nobeike.csv,final_imgs_256,384,128,35130,pretrained_models/dino_embeddings/glyph_dino_embeddings_384.npy,2cond,factorized_add,factor_balanced,False,final_skeleton,0.0,False,0.0,0.0,False,0.15,0.35,0.0002,0.02,2000,600000,224,0.9999,cosine,0.1,,False,,,,5script/eval100_3top30.csv,138,50,4.0,0,1.1364266012889752,0.3290446634015002,,0.014113192393612996,0.590399790501249,,,,,,,,,,,,,eval_auto
s12_3top30_dino,20260825-180335-s12-3top30-dino,4000,DiT-2Cond-S/2,pretrained_models/sd-vae-ft-ema,4,32,0.18215,5script/train_3top30_nobeike.csv,final_imgs_256,384,128,35130,pretrained_models/dino_embeddings/glyph_dino_embeddings_384.npy,2cond,factorized_add,factor_balanced,False,final_skeleton,0.0,False,0.0,0.0,False,0.15,0.35,0.0002,0.02,2000,600000,224,0.9999,cosine,0.1,,False,,,,5script/eval100_3top30.csv,138,50,4.0,0,1.0912949213947074,0.3567934166988201,,0.0153623979312717,0.5612371550953906,,,,,,,,,,,,,eval_auto
s12_3top30_dino,20260825-180335-s12-3top30-dino,5000,DiT-2Cond-S/2,pretrained_models/sd-vae-ft-ema,4,32,0.18215,5script/train_3top30_nobeike.csv,final_imgs_256,384,128,35130,pretrained_models/dino_embeddings/glyph_dino_embeddings_384.npy,2cond,factorized_add,factor_balanced,False,final_skeleton,0.0,False,0.0,0.0,False,0.15,0.35,0.0002,0.02,2000,600000,224,0.9999,cosine,0.1,,False,,,,5script/eval100_3top30.csv,138,50,4.0,0,1.05820110289083,0.37645068005698484,,0.015882257917724338,0.5403628265080245,,,,,,,,,,,,,eval_auto
s12_3top30_dino,20260825-180335-s12-3top30-dino,10000,DiT-2Cond-S/2,pretrained_models/sd-vae-ft-ema,4,32,0.18215,5script/train_3top30_nobeike.csv,final_imgs_256,384,128,35130,pretrained_models/dino_embeddings/glyph_dino_embeddings_384.npy,2cond,factorized_add,factor_balanced,False,final_skeleton,0.0,False,0.0,0.0,False,0.15,0.35,0.0002,0.02,2000,600000,224,0.9999,cosine,0.1,,False,,,,5script/eval100_3top30.csv,138,50,4.0,0,0.9977114330167356,0.43801941985509707,,0.017827822389151163,0.49091099764125934,,,,,,,,,,,,,eval_auto
s12_3top30_dino,20260825-180335-s12-3top30-dino,15000,DiT-2Cond-S/2,pretrained_models/sd-vae-ft-ema,4,32,0.18215,5script/train_3top30_nobeike.csv,final_imgs_256,384,128,35130,pretrained_models/dino_embeddings/glyph_dino_embeddings_384.npy,2cond,factorized_add,factor_balanced,False,final_skeleton,0.0,False,0.0,0.0,False,0.15,0.35,0.0002,0.02,2000,600000,224,0.9999,cosine,0.1,,False,,,,5script/eval100_3top30.csv,138,50,4.0,0,1.0066786460254504,0.44826556807554885,,0.018385090361895527,0.4622115967930227,,,,,,,,,,,,,eval_auto
s12_3top30_dino,20260825-180335-s12-3top30-dino,20000,DiT-2Cond-S/2,pretrained_models/sd-vae-ft-ema,4,32,0.18215,5script/train_3top30_nobeike.csv,final_imgs_256,384,128,35130,pretrained_models/dino_embeddings/glyph_dino_embeddings_384.npy,2cond,factorized_add,factor_balanced,False,final_skeleton,0.0,False,0.0,0.0,False,0.15,0.35,0.0002,0.02,2000,600000,224,0.9999,cosine,0.1,,False,,,,5script/eval100_3top30.csv,138,50,4.0,0,1.0068715512752533,0.46042087071378246,,0.018293958225248826,0.443040510882502,,,,,,,,,,,,,eval_auto
s12_3top30_dino,20260825-180335-s12-3top30-dino,25000,DiT-2Cond-S/2,pretrained_models/sd-vae-ft-ema,4,32,0.18215,5script/train_3top30_nobeike.csv,final_imgs_256,384,128,35130,pretrained_models/dino_embeddings/glyph_dino_embeddings_384.npy,2cond,factorized_add,factor_balanced,False,final_skeleton,0.0,False,0.0,0.0,False,0.15,0.35,0.0002,0.02,2000,600000,224,0.9999,cosine,0.1,,False,,,,5script/eval100_3top30.csv,138,50,4.0,0,0.987630274200785,0.47149331638872705,,0.01825523529074737,0.4323162494794182,,,,,,,,,,,,,eval_auto
s12_3top30_dino,20260825-180335-s12-3top30-dino,30000,DiT-2Cond-S/2,pretrained_models/sd-vae-ft-ema,4,32,0.18215,5script/train_3top30_nobeike.csv,final_imgs_256,384,128,35130,pretrained_models/dino_embeddings/glyph_dino_embeddings_384.npy,2cond,factorized_add,factor_balanced,False,final_skeleton,0.0,False,0.0,0.0,False,0.15,0.35,0.0002,0.02,2000,600000,224,0.9999,cosine,0.1,,False,,,,5script/eval100_3top30.csv,138,50,4.0,0,0.9725553574769393,0.4750013783561643,,0.01789874077261071,0.4269147360886353,,,,,,,,,,,,,eval_auto
s12_3top30_dino,20260825-180335-s12-3top30-dino,35000,DiT-2Cond-S/2,pretrained_models/sd-vae-ft-ema,4,32,0.18215,5script/train_3top30_nobeike.csv,final_imgs_256,384,128,35130,pretrained_models/dino_embeddings/glyph_dino_embeddings_384.npy,2cond,factorized_add,factor_balanced,False,final_skeleton,0.0,False,0.0,0.0,False,0.15,0.35,0.0002,0.02,2000,600000,224,0.9999,cosine,0.1,,False,,,,5script/eval100_3top30.csv,138,50,4.0,0,0.9656152422877325,0.4778738872003513,,0.01892963175244006,0.4220046964676484,,,,,,,,,,,,,eval_auto
s12_3top30_dino,20260825-180335-s12-3top30-dino,40000,DiT-2Cond-S/2,pretrained_models/sd-vae-ft-ema,4,32,0.18215,5script/train_3top30_nobeike.csv,final_imgs_256,384,128,35130,pretrained_models/dino_embeddings/glyph_dino_embeddings_384.npy,2cond,factorized_add,factor_balanced,False,final_skeleton,0.0,False,0.0,0.0,False,0.15,0.35,0.0002,0.02,2000,600000,224,0.9999,cosine,0.1,,False,,,,5script/eval100_3top30.csv,138,50,4.0,0,0.9600438369788985,0.4806373956650045,,0.019356453575265196,0.4212362494157708,,,,,,,,,,,,,eval_auto
s12_3top30_dino,20260825-180335-s12-3top30-dino,45000,DiT-2Cond-S/2,pretrained_models/sd-vae-ft-ema,4,32,0.18215,5script/train_3top30_nobeike.csv,final_imgs_256,384,128,35130,pretrained_models/dino_embeddings/glyph_dino_embeddings_384.npy,2cond,factorized_add,factor_balanced,False,final_skeleton,0.0,False,0.0,0.0,False,0.15,0.35,0.0002,0.02,2000,600000,224,0.9999,cosine,0.1,,False,,,,5script/eval100_3top30.csv,138,50,4.0,0,0.9510896635660226,0.48251764041093465,,0.019860367032725028,0.42064655334621237,,,,,,,,,,,,,eval_auto
s12_3top30_dino,20260825-180335-s12-3top30-dino,50000,DiT-2Cond-S/2,pretrained_models/sd-vae-ft-ema,4,32,0.18215,5script/train_3top30_nobeike.csv,final_imgs_256,384,128,35130,pretrained_models/dino_embeddings/glyph_dino_embeddings_384.npy,2cond,factorized_add,factor_balanced,False,final_skeleton,0.0,False,0.0,0.0,False,0.15,0.35,0.0002,0.02,2000,600000,224,0.9999,cosine,0.1,,False,,,,5script/eval100_3top30.csv,138,50,4.0,0,0.9428788948318233,0.4838821753607953,,0.020610681123148605,0.4189735221258108,,,,,,,,,,,,,eval_auto
s12_3top30_dino,20260825-180335-s12-3top30-dino,55000,DiT-2Cond-S/2,pretrained_models/sd-vae-ft-ema,4,32,0.18215,5script/train_3top30_nobeike.csv,final_imgs_256,384,128,35130,pretrained_models/dino_embeddings/glyph_dino_embeddings_384.npy,2cond,factorized_add,factor_balanced,False,final_skeleton,0.0,False,0.0,0.0,False,0.15,0.35,0.0002,0.02,2000,600000,224,0.9999,cosine,0.1,,False,,,,5script/eval100_3top30.csv,138,50,4.0,0,0.9380693191635436,0.48540580602084066,,0.021222334812298047,0.4183675995555477,,,,,,,,,,,,,eval_auto
s12_3top30_dino,20260825-180335-s12-3top30-dino,60000,DiT-2Cond-S/2,pretrained_models/sd-vae-ft-ema,4,32,0.18215,5script/train_3top30_nobeike.csv,final_imgs_256,384,128,35130,pretrained_models/dino_embeddings/glyph_dino_embeddings_384.npy,2cond,factorized_add,factor_balanced,False,final_skeleton,0.0,False,0.0,0.0,False,0.15,0.35,0.0002,0.02,2000,600000,224,0.9999,cosine,0.1,,False,,,,5script/eval100_3top30.csv,138,50,4.0,0,0.928409653297369,0.4885951128293211,,0.020479384565427777,0.416835000657517,,,,,,,,,,,,,eval_auto
s12_3top30_dino,20260825-180335-s12-3top30-dino,65000,DiT-2Cond-S/2,pretrained_models/sd-vae-ft-ema,4,32,0.18215,5script/train_3top30_nobeike.csv,final_imgs_256,384,128,35130,pretrained_models/dino_embeddings/glyph_dino_embeddings_384.npy,2cond,factorized_add,factor_balanced,False,final_skeleton,0.0,False,0.0,0.0,False,0.15,0.35,0.0002,0.02,2000,600000,224,0.9999,cosine,0.1,,False,,,,5script/eval100_3top30.csv,138,50,4.0,0,0.9286377034757448,0.48804264458954694,,0.02066163502052161,0.4182728322735731,,,,,,,,,,,,,eval_auto
s12_3top30_dino,20260825-180335-s12-3top30-dino,70000,DiT-2Cond-S/2,pretrained_models/sd-vae-ft-ema,4,32,0.18215,5script/train_3top30_nobeike.csv,final_imgs_256,384,128,35130,pretrained_models/dino_embeddings/glyph_dino_embeddings_384.npy,2cond,factorized_add,factor_balanced,False,final_skeleton,0.0,False,0.0,0.0,False,0.15,0.35,0.0002,0.02,2000,600000,224,0.9999,cosine,0.1,,False,,,,5script/eval100_3top30.csv,138,50,4.0,0,0.922950951733451,0.4878250102439287,,0.020821506907849507,0.41863471863494406,,,,,,,,,,,,,eval_auto
s12_3top30_dino,20260825-180335-s12-3top30-dino,75000,DiT-2Cond-S/2,pretrained_models/sd-vae-ft-ema,4,32,0.18215,5script/train_3top30_nobeike.csv,final_imgs_256,384,128,35130,pretrained_models/dino_embeddings/glyph_dino_embeddings_384.npy,2cond,factorized_add,factor_balanced,False,final_skeleton,0.0,False,0.0,0.0,False,0.15,0.35,0.0002,0.02,2000,600000,224,0.9999,cosine,0.1,,False,,,,5script/eval100_3top30.csv,138,50,4.0,0,0.9234616004902384,0.4874048942282138,,0.019982175862215193,0.417843967244245,,,,,,,,,,,,,eval_auto
s12_3top30_dino,20260825-180335-s12-3top30-dino,80000,DiT-2Cond-S/2,pretrained_models/sd-vae-ft-ema,4,32,0.18215,5script/train_3top30_nobeike.csv,final_imgs_256,384,128,35130,pretrained_models/dino_embeddings/glyph_dino_embeddings_384.npy,2cond,factorized_add,factor_balanced,False,final_skeleton,0.0,False,0.0,0.0,False,0.15,0.35,0.0002,0.02,2000,600000,224,0.9999,cosine,0.1,,False,,,,5script/eval100_3top30.csv,138,50,4.0,0,0.9225587127865225,0.4887837840291096,,0.019886327799098616,0.4166438029944033,,,,,,,,,,,,,eval_auto
s12_3top30_dino,20260825-180335-s12-3top30-dino,85000,DiT-2Cond-S/2,pretrained_models/sd-vae-ft-ema,4,32,0.18215,5script/train_3top30_nobeike.csv,final_imgs_256,384,128,35130,pretrained_models/dino_embeddings/glyph_dino_embeddings_384.npy,2cond,factorized_add,factor_balanced,False,final_skeleton,0.0,False,0.0,0.0,False,0.15,0.35,0.0002,0.02,2000,600000,224,0.9999,cosine,0.1,,False,,,,5script/eval100_3top30.csv,138,50,4.0,0,0.9256242714498354,0.48729529113855,,0.020405252905481674,0.41708611675362656,,,,,,,,,,,,,eval_auto
s12_3top30_dino,20260825-180335-s12-3top30-dino,90000,DiT-2Cond-S/2,pretrained_models/sd-vae-ft-ema,4,32,0.18215,5script/train_3top30_nobeike.csv,final_imgs_256,384,128,35130,pretrained_models/dino_embeddings/glyph_dino_embeddings_384.npy,2cond,factorized_add,factor_balanced,False,final_skeleton,0.0,False,0.0,0.0,False,0.15,0.35,0.0002,0.02,2000,600000,224,0.9999,cosine,0.1,,False,,,,5script/eval100_3top30.csv,138,50,4.0,0,0.9313126409399337,0.48581108247846544,,0.021116690873913362,0.41740924087555514,,,,,,,,,,,,,eval_auto
s12_3top30_dino,20260825-180335-s12-3top30-dino,95000,DiT-2Cond-S/2,pretrained_models/sd-vae-ft-ema,4,32,0.18215,5script/train_3top30_nobeike.csv,final_imgs_256,384,128,35130,pretrained_models/dino_embeddings/glyph_dino_embeddings_384.npy,2cond,factorized_add,factor_balanced,False,final_skeleton,0.0,False,0.0,0.0,False,0.15,0.35,0.0002,0.02,2000,600000,224,0.9999,cosine,0.1,,False,,,,5script/eval100_3top30.csv,138,50,4.0,0,0.9349591002084207,0.4844531053020973,,0.020360246614574577,0.417715220671633,,,,,,,,,,,,,eval_auto
s12_3top30_dino,20260825-180335-s12-3top30-dino,100000,DiT-2Cond-S/2,pretrained_models/sd-vae-ft-ema,4,32,0.18215,5script/train_3top30_nobeike.csv,final_imgs_256,384,128,35130,pretrained_models/dino_embeddings/glyph_dino_embeddings_384.npy,2cond,factorized_add,factor_balanced,False,final_skeleton,0.0,False,0.0,0.0,False,0.15,0.35,0.0002,0.02,2000,600000,224,0.9999,cosine,0.1,,False,,,,5script/eval100_3top30.csv,138,50,4.0,0,0.9472141710744388,0.48064807355171507,,0.0207136632424354,0.4188845454566721,,,,,,,,,,,,,eval_auto
s12_3top30_dino,20260825-180335-s12-3top30-dino,105000,DiT-2Cond-S/2,pretrained_models/sd-vae-ft-ema,4,32,0.18215,5script/train_3top30_nobeike.csv,final_imgs_256,384,128,35130,pretrained_models/dino_embeddings/glyph_dino_embeddings_384.npy,2cond,factorized_add,factor_balanced,False,final_skeleton,0.0,False,0.0,0.0,False,0.15,0.35,0.0002,0.02,2000,600000,224,0.9999,cosine,0.1,,False,,,,5script/eval100_3top30.csv,138,50,4.0,0,0.9463826366092848,0.48097359702044284,,0.021683773945817997,0.41843632975782175,,,,,,,,,,,,,eval_auto
s12_3top30_dino,20260825-180335-s12-3top30-dino,110000,DiT-2Cond-S/2,pretrained_models/sd-vae-ft-ema,4,32,0.18215,5script/train_3top30_nobeike.csv,final_imgs_256,384,128,35130,pretrained_models/dino_embeddings/glyph_dino_embeddings_384.npy,2cond,factorized_add,factor_balanced,False,final_skeleton,0.0,False,0.0,0.0,False,0.15,0.35,0.0002,0.02,2000,600000,224,0.9999,cosine,0.1,,False,,,,5script/eval100_3top30.csv,138,50,4.0,0,0.9578699024691097,0.4779295326680636,,0.020887897019170758,0.4192939373678055,,,,,,,,,,,,,eval_auto
s12_3top30_dino,20260825-180335-s12-3top30-dino,115000,DiT-2Cond-S/2,pretrained_models/sd-vae-ft-ema,4,32,0.18215,5script/train_3top30_nobeike.csv,final_imgs_256,384,128,35130,pretrained_models/dino_embeddings/glyph_dino_embeddings_384.npy,2cond,factorized_add,factor_balanced,False,final_skeleton,0.0,False,0.0,0.0,False,0.15,0.35,0.0002,0.02,2000,600000,224,0.9999,cosine,0.1,,False,,,,5script/eval100_3top30.csv,138,50,4.0,0,0.9698100167772045,0.4751393388323005,,0.01962390129261755,0.4207325726747513,,,,,,,,,,,,,eval_auto
s12_3top30_dino,20260825-180335-s12-3top30-dino,120000,DiT-2Cond-S/2,pretrained_models/sd-vae-ft-ema,4,32,0.18215,5script/train_3top30_nobeike.csv,final_imgs_256,384,128,35130,pretrained_models/dino_embeddings/glyph_dino_embeddings_384.npy,2cond,factorized_add,factor_balanced,False,final_skeleton,0.0,False,0.0,0.0,False,0.15,0.35,0.0002,0.02,2000,600000,224,0.9999,cosine,0.1,,False,,,,5script/eval100_3top30.csv,138,50,4.0,0,0.9751784952654354,0.47230243325415733,,0.01886385635071108,0.4216238558292389,,,,,,,,,,,,,eval_auto
s12_3top30_dino,20260825-180335-s12-3top30-dino,125000,DiT-2Cond-S/2,pretrained_models/sd-vae-ft-ema,4,32,0.18215,5script/train_3top30_nobeike.csv,final_imgs_256,384,128,35130,pretrained_models/dino_embeddings/glyph_dino_embeddings_384.npy,2cond,factorized_add,factor_balanced,False,final_skeleton,0.0,False,0.0,0.0,False,0.15,0.35,0.0002,0.02,2000,600000,224,0.9999,cosine,0.1,,False,,,,5script/eval100_3top30.csv,138,50,4.0,0,0.9650340795085051,0.4764813332710107,,0.01902810300453188,0.41835285518048465,,,,,,,,,,,,,eval_auto
s12_3top30_dino,20260825-180335-s12-3top30-dino,130000,DiT-2Cond-S/2,pretrained_models/sd-vae-ft-ema,4,32,0.18215,5script/train_3top30_nobeike.csv,final_imgs_256,384,128,35130,pretrained_models/dino_embeddings/glyph_dino_embeddings_384.npy,2cond,factorized_add,factor_balanced,False,final_skeleton,0.0,False,0.0,0.0,False,0.15,0.35,0.0002,0.02,2000,600000,224,0.9999,cosine,0.1,,False,,,,5script/eval100_3top30.csv,138,50,4.0,0,0.9724234718343486,0.4739530062325584,,0.02067828433222741,0.41978652656510257,,,,,,,,,,,,,eval_auto
s12_3top30_dino,20260825-180335-s12-3top30-dino,135000,DiT-2Cond-S/2,pretrained_models/sd-vae-ft-ema,4,32,0.18215,5script/train_3top30_nobeike.csv,final_imgs_256,384,128,35130,pretrained_models/dino_embeddings/glyph_dino_embeddings_384.npy,2cond,factorized_add,factor_balanced,False,final_skeleton,0.0,False,0.0,0.0,False,0.15,0.35,0.0002,0.02,2000,600000,224,0.9999,cosine,0.1,,False,,,,5script/eval100_3top30.csv,138,50,4.0,0,0.9696787662696147,0.4746153364861311,,0.02056036093041026,0.41884877975436224,,,,,,,,,,,,,eval_auto
s14_xs_ddpm_orig,20260826-115802-s14-xs-ddpm-aug-test,1000,DiT-2Cond-XS/2,pretrained_models/sd-vae-ft-ema,4,32,0.18215,5script/train_3top30_nobeike.csv,final_imgs_256,384,128,35130,pretrained_models/dino_embeddings/glyph_dino_embeddings_384.npy,2cond,factorized_add,factor_balanced,False,final_skeleton,0.0,False,0.0,0.0,False,0.15,0.35,0.0002,0.02,2000,1000,320,0.9999,cosine,0.1,,False,,,,5script/eval500_3top30.csv,500,50,4.0,0,1.2264237228035926,0.24141748084746287,,0.012060151291576986,0.6741185137629508,,,,,,,,,,,,,eval_auto
s15_ws_flow,20260826-133102-s15-ws-flow,1000,DiT-2Cond-WS/2,pretrained_models/sd-vae-ft-ema,4,32,0.18215,5script/train_3top30_nobeike.csv,final_imgs_256,768,128,35130,pretrained_models/dino_embeddings/glyph_dino_embeddings.npy,2cond,factorized_add,factor_balanced,False,final_skeleton,0.0,False,0.0,0.0,False,0.15,0.35,0.0002,0.02,2000,200000,160,0.9999,cosine,0.1,,False,,,,5script/eval500_3top30.csv,500,50,4.0,0,0.9554348845481873,0.43328362467328374,,0.016124036636627256,0.5189333788156509,,,,,,,,,,,,,eval_auto
s15_ws_flow,20260826-133102-s15-ws-flow,2000,DiT-2Cond-WS/2,pretrained_models/sd-vae-ft-ema,4,32,0.18215,5script/train_3top30_nobeike.csv,final_imgs_256,768,128,35130,pretrained_models/dino_embeddings/glyph_dino_embeddings.npy,2cond,factorized_add,factor_balanced,False,final_skeleton,0.0,False,0.0,0.0,False,0.15,0.35,0.0002,0.02,2000,200000,160,0.9999,cosine,0.1,,False,,,,5script/eval500_3top30.csv,500,50,4.0,0,0.9799681990146637,0.463247251350008,,0.017562835234088213,0.4618495823442936,,,,,,,,,,,,,eval_auto
s15_ws_flow,20260826-133102-s15-ws-flow,3000,DiT-2Cond-WS/2,pretrained_models/sd-vae-ft-ema,4,32,0.18215,5script/train_3top30_nobeike.csv,final_imgs_256,768,128,35130,pretrained_models/dino_embeddings/glyph_dino_embeddings.npy,2cond,factorized_add,factor_balanced,False,final_skeleton,0.0,False,0.0,0.0,False,0.15,0.35,0.0002,0.02,2000,200000,160,0.9999,cosine,0.1,,False,,,,5script/eval500_3top30.csv,500,50,4.0,0,0.9561634243130684,0.4745104136484018,,0.016966580052199285,0.4461714056134224,,,,,,,,,,,,,eval_auto
s15_ws_flow,20260826-133102-s15-ws-flow,4000,DiT-2Cond-WS/2,pretrained_models/sd-vae-ft-ema,4,32,0.18215,5script/train_3top30_nobeike.csv,final_imgs_256,768,128,35130,pretrained_models/dino_embeddings/glyph_dino_embeddings.npy,2cond,factorized_add,factor_balanced,False,final_skeleton,0.0,False,0.0,0.0,False,0.15,0.35,0.0002,0.02,2000,200000,160,0.9999,cosine,0.1,,False,,,,5script/eval500_3top30.csv,500,50,4.0,0,0.9527575052380561,0.4786949353192125,,0.01836903191450934,0.43854447507858274,,,,,,,,,,,,,eval_auto
s15_ws_flow,20260826-133102-s15-ws-flow,5000,DiT-2Cond-WS/2,pretrained_models/sd-vae-ft-ema,4,32,0.18215,5script/train_3top30_nobeike.csv,final_imgs_256,768,128,35130,pretrained_models/dino_embeddings/glyph_dino_embeddings.npy,2cond,factorized_add,factor_balanced,False,final_skeleton,0.0,False,0.0,0.0,False,0.15,0.35,0.0002,0.02,2000,200000,160,0.9999,cosine,0.1,,False,,,,5script/eval500_3top30.csv,500,50,4.0,0,0.9483405639529228,0.4812411212739787,,0.018556678720868844,0.43398768013715744,,,,,,,,,,,,,eval_auto
s15_ws_flow,20260826-133102-s15-ws-flow,10000,DiT-2Cond-WS/2,pretrained_models/sd-vae-ft-ema,4,32,0.18215,5script/train_3top30_nobeike.csv,final_imgs_256,768,128,35130,pretrained_models/dino_embeddings/glyph_dino_embeddings.npy,2cond,factorized_add,factor_balanced,False,final_skeleton,0.0,False,0.0,0.0,False,0.15,0.35,0.0002,0.02,2000,200000,160,0.9999,cosine,0.1,,False,,,,5script/eval500_3top30.csv,500,50,4.0,0,0.9311610177755356,0.48870616157374586,,0.01883801113153319,0.42081654304265975,,,,,,,,,,,,,eval_auto
s15_ws_flow,20260826-133102-s15-ws-flow,15000,DiT-2Cond-WS/2,pretrained_models/sd-vae-ft-ema,4,32,0.18215,5script/train_3top30_nobeike.csv,final_imgs_256,768,128,35130,pretrained_models/dino_embeddings/glyph_dino_embeddings.npy,2cond,factorized_add,factor_balanced,False,final_skeleton,0.0,False,0.0,0.0,False,0.15,0.35,0.0002,0.02,2000,200000,160,0.9999,cosine,0.1,,False,,,,5script/eval500_3top30.csv,500,50,4.0,0,0.9028626008629799,0.4966651232445704,,0.019793678387903066,0.4113029314577579,,,,,,,,,,,,,eval_auto
s15_ws_flow,20260826-133102-s15-ws-flow,20000,DiT-2Cond-WS/2,pretrained_models/sd-vae-ft-ema,4,32,0.18215,5script/train_3top30_nobeike.csv,final_imgs_256,768,128,35130,pretrained_models/dino_embeddings/glyph_dino_embeddings.npy,2cond,factorized_add,factor_balanced,False,final_skeleton,0.0,False,0.0,0.0,False,0.15,0.35,0.0002,0.02,2000,200000,160,0.9999,cosine,0.1,,False,,,,5script/eval500_3top30.csv,500,50,4.0,0,0.888549273610115,0.5006482598555401,,0.02067893726962607,0.406305102288723,,,,,,,,,,,,,eval_auto
s15_ws_flow,20260826-133102-s15-ws-flow,25000,DiT-2Cond-WS/2,pretrained_models/sd-vae-ft-ema,4,32,0.18215,5script/train_3top30_nobeike.csv,final_imgs_256,768,128,35130,pretrained_models/dino_embeddings/glyph_dino_embeddings.npy,2cond,factorized_add,factor_balanced,False,final_skeleton,0.0,False,0.0,0.0,False,0.15,0.35,0.0002,0.02,2000,200000,160,0.9999,cosine,0.1,,False,,,,5script/eval500_3top30.csv,500,50,4.0,0,0.8749737917780877,0.5049581024432396,,0.02165796325543208,0.4009584902226925,,,,,,,,,,,,,eval_auto
s15_ws_flow,20260826-133102-s15-ws-flow,30000,DiT-2Cond-WS/2,pretrained_models/sd-vae-ft-ema,4,32,0.18215,5script/train_3top30_nobeike.csv,final_imgs_256,768,128,35130,pretrained_models/dino_embeddings/glyph_dino_embeddings.npy,2cond,factorized_add,factor_balanced,False,final_skeleton,0.0,False,0.0,0.0,False,0.15,0.35,0.0002,0.02,2000,200000,160,0.9999,cosine,0.1,,False,,,,5script/eval500_3top30.csv,500,50,4.0,0,0.8583342791497708,0.5081691459816247,,0.021199202874436687,0.39640725567936896,,,,,,,,,,,,,eval_auto
s15_ws_flow,20260826-133102-s15-ws-flow,35000,DiT-2Cond-WS/2,pretrained_models/sd-vae-ft-ema,4,32,0.18215,5script/train_3top30_nobeike.csv,final_imgs_256,768,128,35130,pretrained_models/dino_embeddings/glyph_dino_embeddings.npy,2cond,factorized_add,factor_balanced,False,final_skeleton,0.0,False,0.0,0.0,False,0.15,0.35,0.0002,0.02,2000,200000,160,0.9999,cosine,0.1,,False,,,,5script/eval500_3top30.csv,500,50,4.0,0,0.8421101259887218,0.5122087749902693,,0.022196318345958192,0.39261924582719804,,,,,,,,,,,,,eval_auto
s15_ws_flow,20260826-133102-s15-ws-flow,40000,DiT-2Cond-WS/2,pretrained_models/sd-vae-ft-ema,4,32,0.18215,5script/train_3top30_nobeike.csv,final_imgs_256,768,128,35130,pretrained_models/dino_embeddings/glyph_dino_embeddings.npy,2cond,factorized_add,factor_balanced,False,final_skeleton,0.0,False,0.0,0.0,False,0.15,0.35,0.0002,0.02,2000,200000,160,0.9999,cosine,0.1,,False,,,,5script/eval500_3top30.csv,500,50,4.0,0,0.8306984083652497,0.5166762121274601,,0.023011580867852315,0.38873460480570793,,,,,,,,,,,,,eval_auto
s15_ws_flow,20260826-133102-s15-ws-flow,45000,DiT-2Cond-WS/2,pretrained_models/sd-vae-ft-ema,4,32,0.18215,5script/train_3top30_nobeike.csv,final_imgs_256,768,128,35130,pretrained_models/dino_embeddings/glyph_dino_embeddings.npy,2cond,factorized_add,factor_balanced,False,final_skeleton,0.0,False,0.0,0.0,False,0.15,0.35,0.0002,0.02,2000,200000,160,0.9999,cosine,0.1,,False,,,,5script/eval500_3top30.csv,500,50,4.0,0,0.8190321829617023,0.5198252660514746,,0.02338743069150052,0.3857317664325237,,,,,,,,,,,,,eval_auto
s15_ws_flow,20260826-133102-s15-ws-flow,50000,DiT-2Cond-WS/2,pretrained_models/sd-vae-ft-ema,4,32,0.18215,5script/train_3top30_nobeike.csv,final_imgs_256,768,128,35130,pretrained_models/dino_embeddings/glyph_dino_embeddings.npy,2cond,factorized_add,factor_balanced,False,final_skeleton,0.0,False,0.0,0.0,False,0.15,0.35,0.0002,0.02,2000,200000,160,0.9999,cosine,0.1,,False,,,,5script/eval500_3top30.csv,500,50,4.0,0,0.8137468661367894,0.5216406758581845,,0.023478451365059664,0.3835550225675106,,,,,,,,,,,,,eval_auto
s15_ws_flow,20260826-133102-s15-ws-flow,55000,DiT-2Cond-WS/2,pretrained_models/sd-vae-ft-ema,4,32,0.18215,5script/train_3top30_nobeike.csv,final_imgs_256,768,128,35130,pretrained_models/dino_embeddings/glyph_dino_embeddings.npy,2cond,factorized_add,factor_balanced,False,final_skeleton,0.0,False,0.0,0.0,False,0.15,0.35,0.0002,0.02,2000,200000,160,0.9999,cosine,0.1,,False,,,,5script/eval500_3top30.csv,500,50,4.0,0,0.8114427789747715,0.5227851114246392,,0.023681121890763247,0.38299987834692,,,,,,,,,,,,,eval_auto
s15_ws_flow,20260826-133102-s15-ws-flow,60000,DiT-2Cond-WS/2,pretrained_models/sd-vae-ft-ema,4,32,0.18215,5script/train_3top30_nobeike.csv,final_imgs_256,768,128,35130,pretrained_models/dino_embeddings/glyph_dino_embeddings.npy,2cond,factorized_add,factor_balanced,False,final_skeleton,0.0,False,0.0,0.0,False,0.15,0.35,0.0002,0.02,2000,200000,160,0.9999,cosine,0.1,,False,,,,5script/eval500_3top30.csv,500,50,4.0,0,0.8042478563189507,0.524545550535004,,0.02469969700416292,0.381790126234293,,,,,,,,,,,,,eval_auto
s15_ws_flow,20260826-133102-s15-ws-flow,65000,DiT-2Cond-WS/2,pretrained_models/sd-vae-ft-ema,4,32,0.18215,5script/train_3top30_nobeike.csv,final_imgs_256,768,128,35130,pretrained_models/dino_embeddings/glyph_dino_embeddings.npy,2cond,factorized_add,factor_balanced,False,final_skeleton,0.0,False,0.0,0.0,False,0.15,0.35,0.0002,0.02,2000,200000,160,0.9999,cosine,0.1,,False,,,,5script/eval500_3top30.csv,500,50,4.0,0,0.7987573991417884,0.5261744330541335,,0.02536192109934251,0.3808932265639305,,,,,,,,,,,,,eval_auto
s15_ws_flow,20260826-133102-s15-ws-flow,70000,DiT-2Cond-WS/2,pretrained_models/sd-vae-ft-ema,4,32,0.18215,5script/train_3top30_nobeike.csv,final_imgs_256,768,128,35130,pretrained_models/dino_embeddings/glyph_dino_embeddings.npy,2cond,factorized_add,factor_balanced,False,final_skeleton,0.0,False,0.0,0.0,False,0.15,0.35,0.0002,0.02,2000,200000,160,0.9999,cosine,0.1,,False,,,,5script/eval500_3top30.csv,500,50,4.0,0,0.7930044156610966,0.5283058649040827,,0.026807028150310164,0.3792537989616394,,,,,,,,,,,,,eval_auto
s15_ws_flow,20260826-133102-s15-ws-flow,75000,DiT-2Cond-WS/2,pretrained_models/sd-vae-ft-ema,4,32,0.18215,5script/train_3top30_nobeike.csv,final_imgs_256,768,128,35130,pretrained_models/dino_embeddings/glyph_dino_embeddings.npy,2cond,factorized_add,factor_balanced,False,final_skeleton,0.0,False,0.0,0.0,False,0.15,0.35,0.0002,0.02,2000,200000,160,0.9999,cosine,0.1,,False,,,,5script/eval500_3top30.csv,500,50,4.0,0,0.7884115842655302,0.5297943564604523,,0.0277780621754052,0.37856891955435273,,,,,,,,,,,,,eval_auto
s15_ws_flow,20260826-133102-s15-ws-flow,80000,DiT-2Cond-WS/2,pretrained_models/sd-vae-ft-ema,4,32,0.18215,5script/train_3top30_nobeike.csv,final_imgs_256,768,128,35130,pretrained_models/dino_embeddings/glyph_dino_embeddings.npy,2cond,factorized_add,factor_balanced,False,final_skeleton,0.0,False,0.0,0.0,False,0.15,0.35,0.0002,0.02,2000,200000,160,0.9999,cosine,0.1,,False,,,,5script/eval500_3top30.csv,500,50,4.0,0,0.782078580327332,0.5319359463936293,,0.02922835457874651,0.3770655405968428,,,,,,,,,,,,,eval_auto
s15_ws_flow,20260826-133102-s15-ws-flow,85000,DiT-2Cond-WS/2,pretrained_models/sd-vae-ft-ema,4,32,0.18215,5script/train_3top30_nobeike.csv,final_imgs_256,768,128,35130,pretrained_models/dino_embeddings/glyph_dino_embeddings.npy,2cond,factorized_add,factor_balanced,False,final_skeleton,0.0,False,0.0,0.0,False,0.15,0.35,0.0002,0.02,2000,200000,160,0.9999,cosine,0.1,,False,,,,5script/eval500_3top30.csv,500,50,4.0,0,0.7801598975658417,0.533052010864036,,0.030319785558372822,0.3763840047866106,,,,,,,,,,,,,eval_auto
s15_ws_flow,20260826-133102-s15-ws-flow,90000,DiT-2Cond-WS/2,pretrained_models/sd-vae-ft-ema,4,32,0.18215,5script/train_3top30_nobeike.csv,final_imgs_256,768,128,35130,pretrained_models/dino_embeddings/glyph_dino_embeddings.npy,2cond,factorized_add,factor_balanced,False,final_skeleton,0.0,False,0.0,0.0,False,0.15,0.35,0.0002,0.02,2000,200000,160,0.9999,cosine,0.1,,False,,,,5script/eval500_3top30.csv,500,50,4.0,0,0.7785438973121345,0.5333595711469198,,0.03056895430778612,0.37674148835241794,,,,,,,,,,,,,eval_auto
s15_ws_flow,20260826-133102-s15-ws-flow,95000,DiT-2Cond-WS/2,pretrained_models/sd-vae-ft-ema,4,32,0.18215,5script/train_3top30_nobeike.csv,final_imgs_256,768,128,35130,pretrained_models/dino_embeddings/glyph_dino_embeddings.npy,2cond,factorized_add,factor_balanced,False,final_skeleton,0.0,False,0.0,0.0,False,0.15,0.35,0.0002,0.02,2000,200000,160,0.9999,cosine,0.1,,False,,,,5script/eval500_3top30.csv,500,50,4.0,0,0.7757854350097477,0.5339141025039551,,0.031417529350250134,0.3767946829199791,,,,,,,,,,,,,eval_auto
s15_ws_flow,20260826-133102-s15-ws-flow,100000,DiT-2Cond-WS/2,pretrained_models/sd-vae-ft-ema,4,32,0.18215,5script/train_3top30_nobeike.csv,final_imgs_256,768,128,35130,pretrained_models/dino_embeddings/glyph_dino_embeddings.npy,2cond,factorized_add,factor_balanced,False,final_skeleton,0.0,False,0.0,0.0,False,0.15,0.35,0.0002,0.02,2000,200000,160,0.9999,cosine,0.1,,False,,,,5script/eval500_3top30.csv,500,50,4.0,0,0.7710416390560567,0.5351782476426225,,0.03229404475331181,0.3762774239480495,,,,,,,,,,,,,eval_auto
s15_ws_flow,20260826-133102-s15-ws-flow,105000,DiT-2Cond-WS/2,pretrained_models/sd-vae-ft-ema,4,32,0.18215,5script/train_3top30_nobeike.csv,final_imgs_256,768,128,35130,pretrained_models/dino_embeddings/glyph_dino_embeddings.npy,2cond,factorized_add,factor_balanced,False,final_skeleton,0.0,False,0.0,0.0,False,0.15,0.35,0.0002,0.02,2000,200000,160,0.9999,cosine,0.1,,False,,,,5script/eval500_3top30.csv,500,50,4.0,0,0.7678901565335691,0.5360580228527053,,0.03280350086058566,0.37613370920717715,,,,,,,,,,,,,eval_auto
s15_ws_flow,20260826-133102-s15-ws-flow,110000,DiT-2Cond-WS/2,pretrained_models/sd-vae-ft-ema,4,32,0.18215,5script/train_3top30_nobeike.csv,final_imgs_256,768,128,35130,pretrained_models/dino_embeddings/glyph_dino_embeddings.npy,2cond,factorized_add,factor_balanced,False,final_skeleton,0.0,False,0.0,0.0,False,0.15,0.35,0.0002,0.02,2000,200000,160,0.9999,cosine,0.1,,False,,,,5script/eval500_3top30.csv,500,50,4.0,0,0.7666104660890997,0.5360734417786409,,0.03344230657893836,0.37657640624046324,,,,,,,,,,,,,eval_auto
s15_ws_flow,20260826-133102-s15-ws-flow,115000,DiT-2Cond-WS/2,pretrained_models/sd-vae-ft-ema,4,32,0.18215,5script/train_3top30_nobeike.csv,final_imgs_256,768,128,35130,pretrained_models/dino_embeddings/glyph_dino_embeddings.npy,2cond,factorized_add,factor_balanced,False,final_skeleton,0.0,False,0.0,0.0,False,0.15,0.35,0.0002,0.02,2000,200000,160,0.9999,cosine,0.1,,False,,,,5script/eval500_3top30.csv,500,50,4.0,0,0.7652483428120613,0.536380118343994,,0.03322030603606619,0.37708734537661076,,,,,,,,,,,,,eval_auto
s15_ws_flow,20260826-133102-s15-ws-flow,120000,DiT-2Cond-WS/2,pretrained_models/sd-vae-ft-ema,4,32,0.18215,5script/train_3top30_nobeike.csv,final_imgs_256,768,128,35130,pretrained_models/dino_embeddings/glyph_dino_embeddings.npy,2cond,factorized_add,factor_balanced,False,final_skeleton,0.0,False,0.0,0.0,False,0.15,0.35,0.0002,0.02,2000,200000,160,0.9999,cosine,0.1,,False,,,,5script/eval500_3top30.csv,500,50,4.0,0,0.7627694125957787,0.5371028307448061,,0.03407926802831993,0.37712564189732073,,,,,,,,,,,,,eval_auto
s15_ws_flow,20260826-133102-s15-ws-flow,125000,DiT-2Cond-WS/2,pretrained_models/sd-vae-ft-ema,4,32,0.18215,5script/train_3top30_nobeike.csv,final_imgs_256,768,128,35130,pretrained_models/dino_embeddings/glyph_dino_embeddings.npy,2cond,factorized_add,factor_balanced,False,final_skeleton,0.0,False,0.0,0.0,False,0.15,0.35,0.0002,0.02,2000,200000,160,0.9999,cosine,0.1,,False,,,,5script/eval500_3top30.csv,500,50,4.0,0,0.7611952780894935,0.5378533628027891,,0.03408572103788125,0.3771068004518747,,,,,,,,,,,,,eval_auto
s15_ws_flow,20260826-133102-s15-ws-flow,130000,DiT-2Cond-WS/2,pretrained_models/sd-vae-ft-ema,4,32,0.18215,5script/train_3top30_nobeike.csv,final_imgs_256,768,128,35130,pretrained_models/dino_embeddings/glyph_dino_embeddings.npy,2cond,factorized_add,factor_balanced,False,final_skeleton,0.0,False,0.0,0.0,False,0.15,0.35,0.0002,0.02,2000,200000,160,0.9999,cosine,0.1,,False,,,,5script/eval500_3top30.csv,500,50,4.0,0,0.758857212100178,0.5378775015209836,,0.03403175372837213,0.37800926411151886,,,,,,,,,,,,,eval_auto
s15_ws_flow,20260826-133102-s15-ws-flow,135000,DiT-2Cond-WS/2,pretrained_models/sd-vae-ft-ema,4,32,0.18215,5script/train_3top30_nobeike.csv,final_imgs_256,768,128,35130,pretrained_models/dino_embeddings/glyph_dino_embeddings.npy,2cond,factorized_add,factor_balanced,False,final_skeleton,0.0,False,0.0,0.0,False,0.15,0.35,0.0002,0.02,2000,200000,160,0.9999,cosine,0.1,,False,,,,5script/eval500_3top30.csv,500,50,4.0,0,0.7576902446560562,0.5377237332946971,,0.034566984360258846,0.3785019156485796,,,,,,,,,,,,,eval_auto
s15_ws_flow,20260826-133102-s15-ws-flow,140000,DiT-2Cond-WS/2,pretrained_models/sd-vae-ft-ema,4,32,0.18215,5script/train_3top30_nobeike.csv,final_imgs_256,768,128,35130,pretrained_models/dino_embeddings/glyph_dino_embeddings.npy,2cond,factorized_add,factor_balanced,False,final_skeleton,0.0,False,0.0,0.0,False,0.15,0.35,0.0002,0.02,2000,200000,160,0.9999,cosine,0.1,,False,,,,5script/eval500_3top30.csv,500,50,4.0,0,0.7560994369201363,0.53801792312305,,0.03441596898578149,0.37883485117554666,,,,,,,,,,,,,eval_auto
s15_ws_flow,20260826-133102-s15-ws-flow,145000,DiT-2Cond-WS/2,pretrained_models/sd-vae-ft-ema,4,32,0.18215,5script/train_3top30_nobeike.csv,final_imgs_256,768,128,35130,pretrained_models/dino_embeddings/glyph_dino_embeddings.npy,2cond,factorized_add,factor_balanced,False,final_skeleton,0.0,False,0.0,0.0,False,0.15,0.35,0.0002,0.02,2000,200000,160,0.9999,cosine,0.1,,False,,,,5script/eval500_3top30.csv,500,50,4.0,0,0.7546388265527785,0.5384694478898221,,0.034662194128266405,0.37889855456352234,,,,,,,,,,,,,eval_auto
s15_ws_flow,20260826-133102-s15-ws-flow,150000,DiT-2Cond-WS/2,pretrained_models/sd-vae-ft-ema,4,32,0.18215,5script/train_3top30_nobeike.csv,final_imgs_256,768,128,35130,pretrained_models/dino_embeddings/glyph_dino_embeddings.npy,2cond,factorized_add,factor_balanced,False,final_skeleton,0.0,False,0.0,0.0,False,0.15,0.35,0.0002,0.02,2000,200000,160,0.9999,cosine,0.1,,False,,,,5script/eval500_3top30.csv,500,50,4.0,0,0.7521135083287954,0.5389829036918391,,0.0345702740309364,0.379021321862936,,,,,,,,,,,,,eval_auto
s15_ws_flow,20260826-133102-s15-ws-flow,155000,DiT-2Cond-WS/2,pretrained_models/sd-vae-ft-ema,4,32,0.18215,5script/train_3top30_nobeike.csv,final_imgs_256,768,128,35130,pretrained_models/dino_embeddings/glyph_dino_embeddings.npy,2cond,factorized_add,factor_balanced,False,final_skeleton,0.0,False,0.0,0.0,False,0.15,0.35,0.0002,0.02,2000,200000,160,0.9999,cosine,0.1,,False,,,,5script/eval500_3top30.csv,500,50,4.0,0,0.7498513252697885,0.5399696973838727,,0.03455998022568718,0.3787286660671234,,,,,,,,,,,,,eval_auto
s15_ws_flow,20260826-133102-s15-ws-flow,160000,DiT-2Cond-WS/2,pretrained_models/sd-vae-ft-ema,4,32,0.18215,5script/train_3top30_nobeike.csv,final_imgs_256,768,128,35130,pretrained_models/dino_embeddings/glyph_dino_embeddings.npy,2cond,factorized_add,factor_balanced,False,final_skeleton,0.0,False,0.0,0.0,False,0.15,0.35,0.0002,0.02,2000,200000,160,0.9999,cosine,0.1,,False,,,,5script/eval500_3top30.csv,500,50,4.0,0,0.7478647716529667,0.5408816185297612,,0.034313145260718714,0.37786905428767203,,,,,,,,,,,,,eval_auto
s15_ws_flow,20260826-133102-s15-ws-flow,165000,DiT-2Cond-WS/2,pretrained_models/sd-vae-ft-ema,4,32,0.18215,5script/train_3top30_nobeike.csv,final_imgs_256,768,128,35130,pretrained_models/dino_embeddings/glyph_dino_embeddings.npy,2cond,factorized_add,factor_balanced,False,final_skeleton,0.0,False,0.0,0.0,False,0.15,0.35,0.0002,0.02,2000,200000,160,0.9999,cosine,0.1,,False,,,,5script/eval500_3top30.csv,500,50,4.0,0,0.747000805594027,0.5403231357892729,,0.03434600714602294,0.378373938113451,,,,,,,,,,,,,eval_auto
s15_ws_flow,20260826-133102-s15-ws-flow,170000,DiT-2Cond-WS/2,pretrained_models/sd-vae-ft-ema,4,32,0.18215,5script/train_3top30_nobeike.csv,final_imgs_256,768,128,35130,pretrained_models/dino_embeddings/glyph_dino_embeddings.npy,2cond,factorized_add,factor_balanced,False,final_skeleton,0.0,False,0.0,0.0,False,0.15,0.35,0.0002,0.02,2000,200000,160,0.9999,cosine,0.1,,False,,,,5script/eval500_3top30.csv,500,50,4.0,0,0.7469971786364913,0.5393602200284683,,0.03428551579097148,0.3794588967859745,,,,,,,,,,,,,eval_auto
s15_ws_flow,20260826-133102-s15-ws-flow,175000,DiT-2Cond-WS/2,pretrained_models/sd-vae-ft-ema,4,32,0.18215,5script/train_3top30_nobeike.csv,final_imgs_256,768,128,35130,pretrained_models/dino_embeddings/glyph_dino_embeddings.npy,2cond,factorized_add,factor_balanced,False,final_skeleton,0.0,False,0.0,0.0,False,0.15,0.35,0.0002,0.02,2000,200000,160,0.9999,cosine,0.1,,False,,,,5script/eval500_3top30.csv,500,50,4.0,0,0.7461851511448622,0.5392001810929353,,0.03448279390805726,0.37982259157299997,,,,,,,,,,,,,eval_auto
s15_ws_flow,20260826-133102-s15-ws-flow,180000,DiT-2Cond-WS/2,pretrained_models/sd-vae-ft-ema,4,32,0.18215,5script/train_3top30_nobeike.csv,final_imgs_256,768,128,35130,pretrained_models/dino_embeddings/glyph_dino_embeddings.npy,2cond,factorized_add,factor_balanced,False,final_skeleton,0.0,False,0.0,0.0,False,0.15,0.35,0.0002,0.02,2000,200000,160,0.9999,cosine,0.1,,False,,,,5script/eval500_3top30.csv,500,50,4.0,0,0.745221309889108,0.5391769640342728,,0.034392622531884784,0.38014127425849437,,,,,,,,,,,,,eval_auto
s15_ws_flow,20260826-133102-s15-ws-flow,185000,DiT-2Cond-WS/2,pretrained_models/sd-vae-ft-ema,4,32,0.18215,5script/train_3top30_nobeike.csv,final_imgs_256,768,128,35130,pretrained_models/dino_embeddings/glyph_dino_embeddings.npy,2cond,factorized_add,factor_balanced,False,final_skeleton,0.0,False,0.0,0.0,False,0.15,0.35,0.0002,0.02,2000,200000,160,0.9999,cosine,0.1,,False,,,,5script/eval500_3top30.csv,500,50,4.0,0,0.7438637240752578,0.5387190878357175,,0.03445977146857768,0.38081085032224654,,,,,,,,,,,,,eval_auto
s15_ws_flow,20260826-133102-s15-ws-flow,190000,DiT-2Cond-WS/2,pretrained_models/sd-vae-ft-ema,4,32,0.18215,5script/train_3top30_nobeike.csv,final_imgs_256,768,128,35130,pretrained_models/dino_embeddings/glyph_dino_embeddings.npy,2cond,factorized_add,factor_balanced,False,final_skeleton,0.0,False,0.0,0.0,False,0.15,0.35,0.0002,0.02,2000,200000,160,0.9999,cosine,0.1,,False,,,,5script/eval500_3top30.csv,500,50,4.0,0,0.7447698101550341,0.5385484837195981,,0.03430009428156455,0.3813261295258999,,,,,,,,,,,,,eval_auto
s15_ws_flow,20260826-133102-s15-ws-flow,195000,DiT-2Cond-WS/2,pretrained_models/sd-vae-ft-ema,4,32,0.18215,5script/train_3top30_nobeike.csv,final_imgs_256,768,128,35130,pretrained_models/dino_embeddings/glyph_dino_embeddings.npy,2cond,factorized_add,factor_balanced,False,final_skeleton,0.0,False,0.0,0.0,False,0.15,0.35,0.0002,0.02,2000,200000,160,0.9999,cosine,0.1,,False,,,,5script/eval500_3top30.csv,500,50,4.0,0,0.7422053934186696,0.5389637431763467,,0.03414232318111281,0.38096568673849107,,,,,,,,,,,,,eval_auto
s17_s_flow,20260827-070924-s17-s-flow,1000,DiT-2Cond-S/2,pretrained_models/sd-vae-ft-ema,4,32,0.18215,5script/train_3top30_nobeike.csv,final_imgs_256,384,128,35130,pretrained_models/dino_embeddings/glyph_dino_embeddings_384.npy,2cond,factorized_add,factor_balanced,False,final_skeleton,0.0,False,0.0,0.0,False,0.15,0.35,0.0002,0.02,2000,200000,240,0.9999,cosine,0.1,,False,,,,5script/eval500_3top30.csv,500,50,4.0,0,0.9443967325091362,0.4145085986135003,,0.015810813359836112,0.535124547302723,,,,,,,,,,,,,eval_auto
s17_s_flow,20260827-070924-s17-s-flow,2000,DiT-2Cond-S/2,pretrained_models/sd-vae-ft-ema,4,32,0.18215,5script/train_3top30_nobeike.csv,final_imgs_256,384,128,35130,pretrained_models/dino_embeddings/glyph_dino_embeddings_384.npy,2cond,factorized_add,factor_balanced,False,final_skeleton,0.0,False,0.0,0.0,False,0.15,0.35,0.0002,0.02,2000,200000,240,0.9999,cosine,0.1,,False,,,,5script/eval500_3top30.csv,500,50,4.0,0,0.9379394962489604,0.46887719876073025,,0.017442918486676333,0.47295807519555094,,,,,,,,,,,,,eval_auto
s17_s_flow,20260827-070924-s17-s-flow,3000,DiT-2Cond-S/2,pretrained_models/sd-vae-ft-ema,4,32,0.18215,5script/train_3top30_nobeike.csv,final_imgs_256,384,128,35130,pretrained_models/dino_embeddings/glyph_dino_embeddings_384.npy,2cond,factorized_add,factor_balanced,False,final_skeleton,0.0,False,0.0,0.0,False,0.15,0.35,0.0002,0.02,2000,200000,240,0.9999,cosine,0.1,,False,,,,5script/eval500_3top30.csv,500,50,4.0,0,0.944260509610176,0.48049151995951583,,0.01767484527916474,0.4488981358706951,,,,,,,,,,,,,eval_auto
s17_s_flow,20260827-070924-s17-s-flow,4000,DiT-2Cond-S/2,pretrained_models/sd-vae-ft-ema,4,32,0.18215,5script/train_3top30_nobeike.csv,final_imgs_256,384,128,35130,pretrained_models/dino_embeddings/glyph_dino_embeddings_384.npy,2cond,factorized_add,factor_balanced,False,final_skeleton,0.0,False,0.0,0.0,False,0.15,0.35,0.0002,0.02,2000,200000,240,0.9999,cosine,0.1,,False,,,,5script/eval500_3top30.csv,500,50,4.0,0,0.9434045963585377,0.48329023514285646,,0.01820418020865384,0.43960953944921494,,,,,,,,,,,,,eval_auto
s17_s_flow,20260827-070924-s17-s-flow,5000,DiT-2Cond-S/2,pretrained_models/sd-vae-ft-ema,4,32,0.18215,5script/train_3top30_nobeike.csv,final_imgs_256,384,128,35130,pretrained_models/dino_embeddings/glyph_dino_embeddings_384.npy,2cond,factorized_add,factor_balanced,False,final_skeleton,0.0,False,0.0,0.0,False,0.15,0.35,0.0002,0.02,2000,200000,240,0.9999,cosine,0.1,,False,,,,5script/eval500_3top30.csv,500,50,4.0,0,0.9455518693327903,0.48465769296682787,,0.017977808293702737,0.43477257987856865,,,,,,,,,,,,,eval_auto
s17_s_flow,20260827-070924-s17-s-flow,10000,DiT-2Cond-S/2,pretrained_models/sd-vae-ft-ema,4,32,0.18215,5script/train_3top30_nobeike.csv,final_imgs_256,384,128,35130,pretrained_models/dino_embeddings/glyph_dino_embeddings_384.npy,2cond,factorized_add,factor_balanced,False,final_skeleton,0.0,False,0.0,0.0,False,0.15,0.35,0.0002,0.02,2000,200000,240,0.9999,cosine,0.1,,False,,,,5script/eval500_3top30.csv,500,50,4.0,0,0.9214858867526055,0.49182144139769257,,0.018716251733333245,0.4209425268173218,,,,,,,,,,,,,eval_auto
s17_s_flow,20260827-070924-s17-s-flow,15000,DiT-2Cond-S/2,pretrained_models/sd-vae-ft-ema,4,32,0.18215,5script/train_3top30_nobeike.csv,final_imgs_256,384,128,35130,pretrained_models/dino_embeddings/glyph_dino_embeddings_384.npy,2cond,factorized_add,factor_balanced,False,final_skeleton,0.0,False,0.0,0.0,False,0.15,0.35,0.0002,0.02,2000,200000,240,0.9999,cosine,0.1,,False,,,,5script/eval500_3top30.csv,500,50,4.0,0,0.8952002848386764,0.5008515418200299,,0.020138658021115228,0.4102710497677326,,,,,,,,,,,,,eval_auto
s17_s_flow,20260827-070924-s17-s-flow,20000,DiT-2Cond-S/2,pretrained_models/sd-vae-ft-ema,4,32,0.18215,5script/train_3top30_nobeike.csv,final_imgs_256,384,128,35130,pretrained_models/dino_embeddings/glyph_dino_embeddings_384.npy,2cond,factorized_add,factor_balanced,False,final_skeleton,0.0,False,0.0,0.0,False,0.15,0.35,0.0002,0.02,2000,200000,240,0.9999,cosine,0.1,,False,,,,5script/eval500_3top30.csv,500,50,4.0,0,0.8700582004785538,0.507998063564446,,0.02065770455562803,0.4024942464232445,,,,,,,,,,,,,eval_auto
s17_s_flow,20260827-070924-s17-s-flow,25000,DiT-2Cond-S/2,pretrained_models/sd-vae-ft-ema,4,32,0.18215,5script/train_3top30_nobeike.csv,final_imgs_256,384,128,35130,pretrained_models/dino_embeddings/glyph_dino_embeddings_384.npy,2cond,factorized_add,factor_balanced,False,final_skeleton,0.0,False,0.0,0.0,False,0.15,0.35,0.0002,0.02,2000,200000,240,0.9999,cosine,0.1,,False,,,,5script/eval500_3top30.csv,500,50,4.0,0,0.8524501699209214,0.5141227899917521,,0.022210130339647853,0.3956503591537476,,,,,,,,,,,,,eval_auto
s17_s_flow,20260827-070924-s17-s-flow,30000,DiT-2Cond-S/2,pretrained_models/sd-vae-ft-ema,4,32,0.18215,5script/train_3top30_nobeike.csv,final_imgs_256,384,128,35130,pretrained_models/dino_embeddings/glyph_dino_embeddings_384.npy,2cond,factorized_add,factor_balanced,False,final_skeleton,0.0,False,0.0,0.0,False,0.15,0.35,0.0002,0.02,2000,200000,240,0.9999,cosine,0.1,,False,,,,5script/eval500_3top30.csv,500,50,4.0,0,0.8385734385251999,0.5172931079240152,,0.021889338883487566,0.39106095835566523,,,,,,,,,,,,,eval_auto
s17_s_flow,20260827-070924-s17-s-flow,35000,DiT-2Cond-S/2,pretrained_models/sd-vae-ft-ema,4,32,0.18215,5script/train_3top30_nobeike.csv,final_imgs_256,384,128,35130,pretrained_models/dino_embeddings/glyph_dino_embeddings_384.npy,2cond,factorized_add,factor_balanced,False,final_skeleton,0.0,False,0.0,0.0,False,0.15,0.35,0.0002,0.02,2000,200000,240,0.9999,cosine,0.1,,False,,,,5script/eval500_3top30.csv,500,50,4.0,0,0.8247933655381202,0.5210186713251831,,0.02242387799442843,0.3866683531999588,,,,,,,,,,,,,eval_auto
s17_s_flow,20260827-070924-s17-s-flow,40000,DiT-2Cond-S/2,pretrained_models/sd-vae-ft-ema,4,32,0.18215,5script/train_3top30_nobeike.csv,final_imgs_256,384,128,35130,pretrained_models/dino_embeddings/glyph_dino_embeddings_384.npy,2cond,factorized_add,factor_balanced,False,final_skeleton,0.0,False,0.0,0.0,False,0.15,0.35,0.0002,0.02,2000,200000,240,0.9999,cosine,0.1,,False,,,,5script/eval500_3top30.csv,500,50,4.0,0,0.8139368440210819,0.523290746514381,,0.023398643877535867,0.3840259461402893,,,,,,,,,,,,,eval_auto
s17_s_flow,20260827-070924-s17-s-flow,45000,DiT-2Cond-S/2,pretrained_models/sd-vae-ft-ema,4,32,0.18215,5script/train_3top30_nobeike.csv,final_imgs_256,384,128,35130,pretrained_models/dino_embeddings/glyph_dino_embeddings_384.npy,2cond,factorized_add,factor_balanced,False,final_skeleton,0.0,False,0.0,0.0,False,0.15,0.35,0.0002,0.02,2000,200000,240,0.9999,cosine,0.1,,False,,,,5script/eval500_3top30.csv,500,50,4.0,0,0.8061452694237232,0.5255384094709618,,0.02408018314289008,0.3815525312423706,,,,,,,,,,,,,eval_auto
s17_s_flow,20260827-070924-s17-s-flow,50000,DiT-2Cond-S/2,pretrained_models/sd-vae-ft-ema,4,32,0.18215,5script/train_3top30_nobeike.csv,final_imgs_256,384,128,35130,pretrained_models/dino_embeddings/glyph_dino_embeddings_384.npy,2cond,factorized_add,factor_balanced,False,final_skeleton,0.0,False,0.0,0.0,False,0.15,0.35,0.0002,0.02,2000,200000,240,0.9999,cosine,0.1,,False,,,,5script/eval500_3top30.csv,500,50,4.0,0,0.8005855909138918,0.527358975320644,,0.024424773598918433,0.37966581270098687,,,,,,,,,,,,,eval_auto
s17_s_flow,20260827-070924-s17-s-flow,55000,DiT-2Cond-S/2,pretrained_models/sd-vae-ft-ema,4,32,0.18215,5script/train_3top30_nobeike.csv,final_imgs_256,384,128,35130,pretrained_models/dino_embeddings/glyph_dino_embeddings_384.npy,2cond,factorized_add,factor_balanced,False,final_skeleton,0.0,False,0.0,0.0,False,0.15,0.35,0.0002,0.02,2000,200000,240,0.9999,cosine,0.1,,False,,,,5script/eval500_3top30.csv,500,50,4.0,0,0.798629157319665,0.5292231930859559,,0.024859270875141285,0.3789175207614899,,,,,,,,,,,,,eval_auto
s17_s_flow,20260827-070924-s17-s-flow,60000,DiT-2Cond-S/2,pretrained_models/sd-vae-ft-ema,4,32,0.18215,5script/train_3top30_nobeike.csv,final_imgs_256,384,128,35130,pretrained_models/dino_embeddings/glyph_dino_embeddings_384.npy,2cond,factorized_add,factor_balanced,False,final_skeleton,0.0,False,0.0,0.0,False,0.15,0.35,0.0002,0.02,2000,200000,240,0.9999,cosine,0.1,,False,,,,5script/eval500_3top30.csv,500,50,4.0,0,0.7933915010094643,0.5313408527927794,,0.02583440568623005,0.3774466976821423,,,,,,,,,,,,,eval_auto
s17_s_flow,20260827-070924-s17-s-flow,65000,DiT-2Cond-S/2,pretrained_models/sd-vae-ft-ema,4,32,0.18215,5script/train_3top30_nobeike.csv,final_imgs_256,384,128,35130,pretrained_models/dino_embeddings/glyph_dino_embeddings_384.npy,2cond,factorized_add,factor_balanced,False,final_skeleton,0.0,False,0.0,0.0,False,0.15,0.35,0.0002,0.02,2000,200000,240,0.9999,cosine,0.1,,False,,,,5script/eval500_3top30.csv,500,50,4.0,0,0.791355336740613,0.5314223823295415,,0.026152596085659622,0.3777189673185348,,,,,,,,,,,,,eval_auto
s17_s_flow,20260827-070924-s17-s-flow,70000,DiT-2Cond-S/2,pretrained_models/sd-vae-ft-ema,4,32,0.18215,5script/train_3top30_nobeike.csv,final_imgs_256,384,128,35130,pretrained_models/dino_embeddings/glyph_dino_embeddings_384.npy,2cond,factorized_add,factor_balanced,False,final_skeleton,0.0,False,0.0,0.0,False,0.15,0.35,0.0002,0.02,2000,200000,240,0.9999,cosine,0.1,,False,,,,5script/eval500_3top30.csv,500,50,4.0,0,0.7880490421652794,0.5314839803612702,,0.026582179586199708,0.37799938714504244,,,,,,,,,,,,,eval_auto
s17_s_flow,20260827-070924-s17-s-flow,75000,DiT-2Cond-S/2,pretrained_models/sd-vae-ft-ema,4,32,0.18215,5script/train_3top30_nobeike.csv,final_imgs_256,384,128,35130,pretrained_models/dino_embeddings/glyph_dino_embeddings_384.npy,2cond,factorized_add,factor_balanced,False,final_skeleton,0.0,False,0.0,0.0,False,0.15,0.35,0.0002,0.02,2000,200000,240,0.9999,cosine,0.1,,False,,,,5script/eval500_3top30.csv,500,50,4.0,0,0.7857631668969989,0.5326140098487498,,0.027427332846092303,0.37756814423203466,,,,,,,,,,,,,eval_auto
s17_s_flow,20260827-070924-s17-s-flow,80000,DiT-2Cond-S/2,pretrained_models/sd-vae-ft-ema,4,32,0.18215,5script/train_3top30_nobeike.csv,final_imgs_256,384,128,35130,pretrained_models/dino_embeddings/glyph_dino_embeddings_384.npy,2cond,factorized_add,factor_balanced,False,final_skeleton,0.0,False,0.0,0.0,False,0.15,0.35,0.0002,0.02,2000,200000,240,0.9999,cosine,0.1,,False,,,,5script/eval500_3top30.csv,500,50,4.0,0,0.7820175258666276,0.5337622066526068,,0.028135434776878392,0.3772320890277624,,,,,,,,,,,,,eval_auto
s17_s_flow,20260827-070924-s17-s-flow,85000,DiT-2Cond-S/2,pretrained_models/sd-vae-ft-ema,4,32,0.18215,5script/train_3top30_nobeike.csv,final_imgs_256,384,128,35130,pretrained_models/dino_embeddings/glyph_dino_embeddings_384.npy,2cond,factorized_add,factor_balanced,False,final_skeleton,0.0,False,0.0,0.0,False,0.15,0.35,0.0002,0.02,2000,200000,240,0.9999,cosine,0.1,,False,,,,5script/eval500_3top30.csv,500,50,4.0,0,0.780061154551804,0.5338851326337876,,0.028692001550655905,0.377453731700778,,,,,,,,,,,,,eval_auto
s17_s_flow,20260827-070924-s17-s-flow,90000,DiT-2Cond-S/2,pretrained_models/sd-vae-ft-ema,4,32,0.18215,5script/train_3top30_nobeike.csv,final_imgs_256,384,128,35130,pretrained_models/dino_embeddings/glyph_dino_embeddings_384.npy,2cond,factorized_add,factor_balanced,False,final_skeleton,0.0,False,0.0,0.0,False,0.15,0.35,0.0002,0.02,2000,200000,240,0.9999,cosine,0.1,,False,,,,5script/eval500_3top30.csv,500,50,4.0,0,0.7786362944543361,0.5336893599337132,,0.0294158842781906,0.37806739120185373,,,,,,,,,,,,,eval_auto
s17_s_flow,20260827-070924-s17-s-flow,95000,DiT-2Cond-S/2,pretrained_models/sd-vae-ft-ema,4,32,0.18215,5script/train_3top30_nobeike.csv,final_imgs_256,384,128,35130,pretrained_models/dino_embeddings/glyph_dino_embeddings_384.npy,2cond,factorized_add,factor_balanced,False,final_skeleton,0.0,False,0.0,0.0,False,0.15,0.35,0.0002,0.02,2000,200000,240,0.9999,cosine,0.1,,False,,,,5script/eval500_3top30.csv,500,50,4.0,0,0.7771074283272028,0.5342093061001858,,0.02989387200315602,0.37814260230958463,,,,,,,,,,,,,eval_auto
s17_s_flow,20260827-070924-s17-s-flow,100000,DiT-2Cond-S/2,pretrained_models/sd-vae-ft-ema,4,32,0.18215,5script/train_3top30_nobeike.csv,final_imgs_256,384,128,35130,pretrained_models/dino_embeddings/glyph_dino_embeddings_384.npy,2cond,factorized_add,factor_balanced,False,final_skeleton,0.0,False,0.0,0.0,False,0.15,0.35,0.0002,0.02,2000,200000,240,0.9999,cosine,0.1,,False,,,,5script/eval500_3top30.csv,500,50,4.0,0,0.7761973461657763,0.5343695871106403,,0.029654168126169753,0.37820386558771135,,,,,,,,,,,,,eval_auto
s17_s_flow,20260827-070924-s17-s-flow,105000,DiT-2Cond-S/2,pretrained_models/sd-vae-ft-ema,4,32,0.18215,5script/train_3top30_nobeike.csv,final_imgs_256,384,128,35130,pretrained_models/dino_embeddings/glyph_dino_embeddings_384.npy,2cond,factorized_add,factor_balanced,False,final_skeleton,0.0,False,0.0,0.0,False,0.15,0.35,0.0002,0.02,2000,200000,240,0.9999,cosine,0.1,,False,,,,5script/eval500_3top30.csv,500,50,4.0,0,0.7756148067936302,0.5338156327747925,,0.029847001059390116,0.37881444714963436,,,,,,,,,,,,,eval_auto
s17_s_flow,20260827-070924-s17-s-flow,110000,DiT-2Cond-S/2,pretrained_models/sd-vae-ft-ema,4,32,0.18215,5script/train_3top30_nobeike.csv,final_imgs_256,384,128,35130,pretrained_models/dino_embeddings/glyph_dino_embeddings_384.npy,2cond,factorized_add,factor_balanced,False,final_skeleton,0.0,False,0.0,0.0,False,0.15,0.35,0.0002,0.02,2000,200000,240,0.9999,cosine,0.1,,False,,,,5script/eval500_3top30.csv,500,50,4.0,0,0.7738206155225634,0.5333808037625851,,0.030062771176090918,0.3795015215873718,,,,,,,,,,,,,eval_auto
s17_s_flow,20260827-070924-s17-s-flow,115000,DiT-2Cond-S/2,pretrained_models/sd-vae-ft-ema,4,32,0.18215,5script/train_3top30_nobeike.csv,final_imgs_256,384,128,35130,pretrained_models/dino_embeddings/glyph_dino_embeddings_384.npy,2cond,factorized_add,factor_balanced,False,final_skeleton,0.0,False,0.0,0.0,False,0.15,0.35,0.0002,0.02,2000,200000,240,0.9999,cosine,0.1,,False,,,,5script/eval500_3top30.csv,500,50,4.0,0,0.7723407167121767,0.5335200802903016,,0.03019010233075749,0.37951654866337775,,,,,,,,,,,,,eval_auto
s17_s_flow,20260827-070924-s17-s-flow,120000,DiT-2Cond-S/2,pretrained_models/sd-vae-ft-ema,4,32,0.18215,5script/train_3top30_nobeike.csv,final_imgs_256,384,128,35130,pretrained_models/dino_embeddings/glyph_dino_embeddings_384.npy,2cond,factorized_add,factor_balanced,False,final_skeleton,0.0,False,0.0,0.0,False,0.15,0.35,0.0002,0.02,2000,200000,240,0.9999,cosine,0.1,,False,,,,5script/eval500_3top30.csv,500,50,4.0,0,0.7706991756781936,0.5335670394541402,,0.030398603587076384,0.37986627231538295,,,,,,,,,,,,,eval_auto
s2_fromscratch_2factor,20260816-200759-s-fromscratch-2factor-kailishu,1000,DiT-2Cond-S/2,pretrained_models/sd-vae-ft-ema,4,32,0.18215,kailishu_train.csv,final_imgs_256,256,128,35130,none,2cond,factorized_add,factor_balanced,False,final_skeleton,0.0,False,0.0,0.0,False,0.15,0.35,0.0002,0.02,1000,50000,128,0.9999,cosine,0.1,,False,,,,kailishu_eval.csv,100,50,4.0,0,2.2538206672668455,0.12160745112846294,,,,,,,,,,,,,,,,eval_auto
s2_fromscratch_2factor,20260816-200759-s-fromscratch-2factor-kailishu,2000,DiT-2Cond-S/2,pretrained_models/sd-vae-ft-ema,4,32,0.18215,kailishu_train.csv,final_imgs_256,256,128,35130,none,2cond,factorized_add,factor_balanced,False,final_skeleton,0.0,False,0.0,0.0,False,0.15,0.35,0.0002,0.02,1000,50000,128,0.9999,cosine,0.1,,False,,,,kailishu_eval.csv,100,50,4.0,0,1.3528971672058105,0.33146110794332345,,,,,,,,,,,,,,,,eval_auto
s2_fromscratch_2factor,20260816-200759-s-fromscratch-2factor-kailishu,3000,DiT-2Cond-S/2,pretrained_models/sd-vae-ft-ema,4,32,0.18215,kailishu_train.csv,final_imgs_256,256,128,35130,none,2cond,factorized_add,factor_balanced,False,final_skeleton,0.0,False,0.0,0.0,False,0.15,0.35,0.0002,0.02,1000,50000,128,0.9999,cosine,0.1,,False,,,,kailishu_eval.csv,100,50,4.0,0,1.0129211616516114,0.43047649729065596,,,,,,,,,,,,,,,,eval_auto
s2_fromscratch_2factor,20260816-200759-s-fromscratch-2factor-kailishu,4000,DiT-2Cond-S/2,pretrained_models/sd-vae-ft-ema,4,32,0.18215,kailishu_train.csv,final_imgs_256,256,128,35130,none,2cond,factorized_add,factor_balanced,False,final_skeleton,0.0,False,0.0,0.0,False,0.15,0.35,0.0002,0.02,1000,50000,128,0.9999,cosine,0.1,,False,,,,kailishu_eval.csv,100,50,4.0,0,0.9655417251586914,0.4665603085715942,,,,,,,,,,,,,,,,eval_auto
s2_fromscratch_2factor,20260816-200759-s-fromscratch-2factor-kailishu,5000,DiT-2Cond-S/2,pretrained_models/sd-vae-ft-ema,4,32,0.18215,kailishu_train.csv,final_imgs_256,256,128,35130,none,2cond,factorized_add,factor_balanced,False,final_skeleton,0.0,False,0.0,0.0,False,0.15,0.35,0.0002,0.02,1000,50000,128,0.9999,cosine,0.1,,False,,,,kailishu_eval.csv,100,50,4.0,0,0.9473878860473632,0.48514948990816903,,,,,,,,,,,,,,,,eval_auto
s2_fromscratch_2factor,20260816-200759-s-fromscratch-2factor-kailishu,10000,DiT-2Cond-S/2,pretrained_models/sd-vae-ft-ema,4,32,0.18215,kailishu_train.csv,final_imgs_256,256,128,35130,none,2cond,factorized_add,factor_balanced,False,final_skeleton,0.0,False,0.0,0.0,False,0.15,0.35,0.0002,0.02,1000,50000,128,0.9999,cosine,0.1,,False,,,,kailishu_eval.csv,100,50,4.0,0,0.8737482452392578,0.5184163257045049,,,,,,,,,,,,,,,,eval_auto
s2_fromscratch_2factor,20260816-200759-s-fromscratch-2factor-kailishu,15000,DiT-2Cond-S/2,pretrained_models/sd-vae-ft-ema,4,32,0.18215,kailishu_train.csv,final_imgs_256,256,128,35130,none,2cond,factorized_add,factor_balanced,False,final_skeleton,0.0,False,0.0,0.0,False,0.15,0.35,0.0002,0.02,1000,50000,128,0.9999,cosine,0.1,,False,,,,kailishu_eval.csv,100,50,4.0,0,0.8094973731040954,0.540406383437415,,,,,,,,,,,,,,,,eval_auto
s2_fromscratch_2factor,20260816-200759-s-fromscratch-2factor-kailishu,20000,DiT-2Cond-S/2,pretrained_models/sd-vae-ft-ema,4,32,0.18215,kailishu_train.csv,final_imgs_256,256,128,35130,none,2cond,factorized_add,factor_balanced,False,final_skeleton,0.0,False,0.0,0.0,False,0.15,0.35,0.0002,0.02,1000,50000,128,0.9999,cosine,0.1,,False,,,,kailishu_eval.csv,100,50,4.0,0,0.7852637767791748,0.547908817877372,,,,,,,,,,,,,,,,eval_auto
s2_fromscratch_2factor,20260816-200759-s-fromscratch-2factor-kailishu,25000,DiT-2Cond-S/2,pretrained_models/sd-vae-ft-ema,4,32,0.18215,kailishu_train.csv,final_imgs_256,256,128,35130,none,2cond,factorized_add,factor_balanced,False,final_skeleton,0.0,False,0.0,0.0,False,0.15,0.35,0.0002,0.02,1000,50000,128,0.9999,cosine,0.1,,False,,,,kailishu_eval.csv,100,50,4.0,0,0.768564076423645,0.5548825171341495,,,,,,,,,,,,,,,,eval_auto
s2_fromscratch_2factor,20260816-200759-s-fromscratch-2factor-kailishu,30000,DiT-2Cond-S/2,pretrained_models/sd-vae-ft-ema,4,32,0.18215,kailishu_train.csv,final_imgs_256,256,128,35130,none,2cond,factorized_add,factor_balanced,False,final_skeleton,0.0,False,0.0,0.0,False,0.15,0.35,0.0002,0.02,1000,50000,128,0.9999,cosine,0.1,,False,,,,kailishu_eval.csv,100,50,4.0,0,0.7509752511978149,0.5602565957605836,,,,,,,,,,,,,,,,eval_auto
s2_fromscratch_2factor,20260816-200759-s-fromscratch-2factor-kailishu,35000,DiT-2Cond-S/2,pretrained_models/sd-vae-ft-ema,4,32,0.18215,kailishu_train.csv,final_imgs_256,256,128,35130,none,2cond,factorized_add,factor_balanced,False,final_skeleton,0.0,False,0.0,0.0,False,0.15,0.35,0.0002,0.02,1000,50000,128,0.9999,cosine,0.1,,False,,,,kailishu_eval.csv,100,50,4.0,0,0.7335803747177124,0.5659723641226688,,,,,,,,,,,,,,,,eval_auto
s2_fromscratch_2factor,20260816-200759-s-fromscratch-2factor-kailishu,40000,DiT-2Cond-S/2,pretrained_models/sd-vae-ft-ema,4,32,0.18215,kailishu_train.csv,final_imgs_256,256,128,35130,none,2cond,factorized_add,factor_balanced,False,final_skeleton,0.0,False,0.0,0.0,False,0.15,0.35,0.0002,0.02,1000,50000,128,0.9999,cosine,0.1,,False,,,,kailishu_eval.csv,100,50,4.0,0,0.717271180152893,0.5715392678976059,,,,,,,,,,,,,,,,eval_auto
s2_fromscratch_2factor,20260816-200759-s-fromscratch-2factor-kailishu,45000,DiT-2Cond-S/2,pretrained_models/sd-vae-ft-ema,4,32,0.18215,kailishu_train.csv,final_imgs_256,256,128,35130,none,2cond,factorized_add,factor_balanced,False,final_skeleton,0.0,False,0.0,0.0,False,0.15,0.35,0.0002,0.02,1000,50000,128,0.9999,cosine,0.1,,False,,,,kailishu_eval.csv,100,50,4.0,0,0.70850741147995,0.574762591520945,,,,,,,,,,,,,,,,eval_auto
s2_fromscratch_2factor,20260816-200759-s-fromscratch-2factor-kailishu,50000,DiT-2Cond-S/2,pretrained_models/sd-vae-ft-ema,4,32,0.18215,kailishu_train.csv,final_imgs_256,256,128,35130,none,2cond,factorized_add,factor_balanced,False,final_skeleton,0.0,False,0.0,0.0,False,0.15,0.35,0.0002,0.02,1000,50000,128,0.9999,cosine,0.1,,False,,,,kailishu_eval.csv,100,50,4.0,0,0.701520357131958,0.57727684472998,,,,,,,,,,,,,,,,eval_auto
s2_fromscratch_glyphmid,20260816-192801-s-fromscratch-2cond-glyph-midstep-kailishu,1000,DiT-2Cond-S/2,pretrained_models/sd-vae-ft-ema,4,32,0.18215,kailishu_train.csv,final_imgs_256,256,128,35130,none,2cond,factorized_add,factor_balanced,False,final_skeleton,0.0,False,0.0,0.0,True,0.15,0.35,0.0002,0.02,1000,50000,128,0.9999,cosine,0.1,,False,,,,kailishu_eval.csv,100,50,4.0,0,1.7441155004501343,0.14372014816307155,,,,,,,,,,,,,,,,eval_auto
s2_fromscratch_glyphmid,20260816-192801-s-fromscratch-2cond-glyph-midstep-kailishu,2000,DiT-2Cond-S/2,pretrained_models/sd-vae-ft-ema,4,32,0.18215,kailishu_train.csv,final_imgs_256,256,128,35130,none,2cond,factorized_add,factor_balanced,False,final_skeleton,0.0,False,0.0,0.0,True,0.15,0.35,0.0002,0.02,1000,50000,128,0.9999,cosine,0.1,,False,,,,kailishu_eval.csv,100,50,4.0,0,1.7003504371643066,0.19583321844693277,,,,,,,,,,,,,,,,eval_auto
s2_fromscratch_glyphmid,20260816-192801-s-fromscratch-2cond-glyph-midstep-kailishu,3000,DiT-2Cond-S/2,pretrained_models/sd-vae-ft-ema,4,32,0.18215,kailishu_train.csv,final_imgs_256,256,128,35130,none,2cond,factorized_add,factor_balanced,False,final_skeleton,0.0,False,0.0,0.0,True,0.15,0.35,0.0002,0.02,1000,50000,128,0.9999,cosine,0.1,,False,,,,kailishu_eval.csv,100,50,4.0,0,1.6703424072265625,0.2231123225359867,,,,,,,,,,,,,,,,eval_auto
s2_fromscratch_glyphmid,20260816-192801-s-fromscratch-2cond-glyph-midstep-kailishu,4000,DiT-2Cond-S/2,pretrained_models/sd-vae-ft-ema,4,32,0.18215,kailishu_train.csv,final_imgs_256,256,128,35130,none,2cond,factorized_add,factor_balanced,False,final_skeleton,0.0,False,0.0,0.0,True,0.15,0.35,0.0002,0.02,1000,50000,128,0.9999,cosine,0.1,,False,,,,kailishu_eval.csv,100,50,4.0,0,1.5318186950683594,0.25556267351067313,,,,,,,,,,,,,,,,eval_auto
s2_fromscratch_glyphmid,20260816-192801-s-fromscratch-2cond-glyph-midstep-kailishu,5000,DiT-2Cond-S/2,pretrained_models/sd-vae-ft-ema,4,32,0.18215,kailishu_train.csv,final_imgs_256,256,128,35130,none,2cond,factorized_add,factor_balanced,False,final_skeleton,0.0,False,0.0,0.0,True,0.15,0.35,0.0002,0.02,1000,50000,128,0.9999,cosine,0.1,,False,,,,kailishu_eval.csv,100,50,4.0,0,1.4485886573791504,0.2954351328375438,,,,,,,,,,,,,,,,eval_auto
s2_fromscratch_glyphmid,20260816-192801-s-fromscratch-2cond-glyph-midstep-kailishu,10000,DiT-2Cond-S/2,pretrained_models/sd-vae-ft-ema,4,32,0.18215,kailishu_train.csv,final_imgs_256,256,128,35130,none,2cond,factorized_add,factor_balanced,False,final_skeleton,0.0,False,0.0,0.0,True,0.15,0.35,0.0002,0.02,1000,50000,128,0.9999,cosine,0.1,,False,,,,kailishu_eval.csv,100,50,4.0,0,1.2844559717178345,0.45302232753175026,,,,,,,,,,,,,,,,eval_auto
s5_2factor_B_canny05_pixelsk,20260818-134212-s5-2factor-B-canny05-pixelsk,120000,DiT-2Cond-B/2,pretrained_models/sd-vae-ft-ema,4,32,0.18215,5script/train_top30.csv,final_imgs_256,256,128,35130,none,2cond,factorized_add,factor_balanced,True,final_skeleton,1.0,True,0.5,0.0,False,0.15,0.35,0.0002,0.02,1000,400000,64,0.9999,cosine,0.1,5script/results/s5_2factor_B_latentstruct_pixelsk_opt/20260818-004938-s5-2factor-B-latentC-pixelsk-opt/checkpoints/0115000.pt,False,,,,5script/eval100_top30.csv,100,50,4.0,0,0.8562594074010849,0.4058140846590201,,,,,,,,,,,,,,,,eval_auto
s5_2factor_B_canny05_pixelsk,20260818-134212-s5-2factor-B-canny05-pixelsk,125000,DiT-2Cond-B/2,pretrained_models/sd-vae-ft-ema,4,32,0.18215,5script/train_top30.csv,final_imgs_256,256,128,35130,none,2cond,factorized_add,factor_balanced,True,final_skeleton,1.0,True,0.5,0.0,False,0.15,0.35,0.0002,0.02,1000,400000,64,0.9999,cosine,0.1,5script/results/s5_2factor_B_latentstruct_pixelsk_opt/20260818-004938-s5-2factor-B-latentC-pixelsk-opt/checkpoints/0115000.pt,False,,,,5script/eval100_top30.csv,100,50,4.0,0,0.8564517050981522,0.41065869450569153,,,,,,,,,,,,,,,,eval_auto
s5_2factor_B_canny05_pixelsk,20260818-134212-s5-2factor-B-canny05-pixelsk,130000,DiT-2Cond-B/2,pretrained_models/sd-vae-ft-ema,4,32,0.18215,5script/train_top30.csv,final_imgs_256,256,128,35130,none,2cond,factorized_add,factor_balanced,True,final_skeleton,1.0,True,0.5,0.0,False,0.15,0.35,0.0002,0.02,1000,400000,64,0.9999,cosine,0.1,5script/results/s5_2factor_B_latentstruct_pixelsk_opt/20260818-004938-s5-2factor-B-latentC-pixelsk-opt/checkpoints/0115000.pt,False,,,,5script/eval100_top30.csv,100,50,4.0,0,0.8570124715566635,0.40528585659960903,,,,,,,,,,,,,,,,eval_auto
s5_2factor_B_canny05_pixelsk,20260818-134212-s5-2factor-B-canny05-pixelsk,135000,DiT-2Cond-B/2,pretrained_models/sd-vae-ft-ema,4,32,0.18215,5script/train_top30.csv,final_imgs_256,256,128,35130,none,2cond,factorized_add,factor_balanced,True,final_skeleton,1.0,True,0.5,0.0,False,0.15,0.35,0.0002,0.02,1000,400000,64,0.9999,cosine,0.1,5script/results/s5_2factor_B_latentstruct_pixelsk_opt/20260818-004938-s5-2factor-B-latentC-pixelsk-opt/checkpoints/0115000.pt,False,,,,5script/eval100_top30.csv,100,50,4.0,0,0.856646655201912,0.40650500275194645,,,,,,,,,,,,,,,,eval_auto
s5_2factor_B_canny05_pixelsk,20260818-134212-s5-2factor-B-canny05-pixelsk,140000,DiT-2Cond-B/2,pretrained_models/sd-vae-ft-ema,4,32,0.18215,5script/train_top30.csv,final_imgs_256,256,128,35130,none,2cond,factorized_add,factor_balanced,True,final_skeleton,1.0,True,0.5,0.0,False,0.15,0.35,0.0002,0.02,1000,400000,64,0.9999,cosine,0.1,5script/results/s5_2factor_B_latentstruct_pixelsk_opt/20260818-004938-s5-2factor-B-latentC-pixelsk-opt/checkpoints/0115000.pt,False,,,,5script/eval100_top30.csv,100,50,4.0,0,0.8522877085208893,0.4138959959894419,,,,,,,,,,,,,,,,eval_auto
s5_2factor_B_canny05_pixelsk,20260818-134212-s5-2factor-B-canny05-pixelsk,145000,DiT-2Cond-B/2,pretrained_models/sd-vae-ft-ema,4,32,0.18215,5script/train_top30.csv,final_imgs_256,256,128,35130,none,2cond,factorized_add,factor_balanced,True,final_skeleton,1.0,True,0.5,0.0,False,0.15,0.35,0.0002,0.02,1000,400000,64,0.9999,cosine,0.1,5script/results/s5_2factor_B_latentstruct_pixelsk_opt/20260818-004938-s5-2factor-B-latentC-pixelsk-opt/checkpoints/0115000.pt,False,,,,5script/eval100_top30.csv,100,50,4.0,0,0.8683977544307708,0.4188112551967303,,,,,,,,,,,,,,,,eval_auto
s5_2factor_B_canny05_pixelsk,20260818-134212-s5-2factor-B-canny05-pixelsk,150000,DiT-2Cond-B/2,pretrained_models/sd-vae-ft-ema,4,32,0.18215,5script/train_top30.csv,final_imgs_256,256,128,35130,none,2cond,factorized_add,factor_balanced,True,final_skeleton,1.0,True,0.5,0.0,False,0.15,0.35,0.0002,0.02,1000,400000,64,0.9999,cosine,0.1,5script/results/s5_2factor_B_latentstruct_pixelsk_opt/20260818-004938-s5-2factor-B-latentC-pixelsk-opt/checkpoints/0115000.pt,False,,,,5script/eval100_top30.csv,100,50,4.0,0,0.8736339432001113,0.4243967105944952,,,,,,,,,,,,,,,,eval_auto
s5_2factor_B_canny05_pixelsk,20260818-134212-s5-2factor-B-canny05-pixelsk,155000,DiT-2Cond-B/2,pretrained_models/sd-vae-ft-ema,4,32,0.18215,5script/train_top30.csv,final_imgs_256,256,128,35130,none,2cond,factorized_add,factor_balanced,True,final_skeleton,1.0,True,0.5,0.0,False,0.15,0.35,0.0002,0.02,1000,400000,64,0.9999,cosine,0.1,5script/results/s5_2factor_B_latentstruct_pixelsk_opt/20260818-004938-s5-2factor-B-latentC-pixelsk-opt/checkpoints/0115000.pt,False,,,,5script/eval100_top30.csv,100,50,4.0,0,0.8762892341613769,0.42558326895038284,,,,,,,,,,,,,,,,eval_auto
s5_2factor_B_canny05_pixelsk,20260818-134212-s5-2factor-B-canny05-pixelsk,160000,DiT-2Cond-B/2,pretrained_models/sd-vae-ft-ema,4,32,0.18215,5script/train_top30.csv,final_imgs_256,256,128,35130,none,2cond,factorized_add,factor_balanced,True,final_skeleton,1.0,True,0.5,0.0,False,0.15,0.35,0.0002,0.02,1000,400000,64,0.9999,cosine,0.1,5script/results/s5_2factor_B_latentstruct_pixelsk_opt/20260818-004938-s5-2factor-B-latentC-pixelsk-opt/checkpoints/0115000.pt,False,,,,5script/eval100_top30.csv,100,50,4.0,0,0.8686536067724228,0.43091187462210656,,,,,,,,,,,,,,,,eval_auto
s5_2factor_B_canny05_pixelsk,20260818-134212-s5-2factor-B-canny05-pixelsk,165000,DiT-2Cond-B/2,pretrained_models/sd-vae-ft-ema,4,32,0.18215,5script/train_top30.csv,final_imgs_256,256,128,35130,none,2cond,factorized_add,factor_balanced,True,final_skeleton,1.0,True,0.5,0.0,False,0.15,0.35,0.0002,0.02,1000,400000,64,0.9999,cosine,0.1,5script/results/s5_2factor_B_latentstruct_pixelsk_opt/20260818-004938-s5-2factor-B-latentC-pixelsk-opt/checkpoints/0115000.pt,False,,,,5script/eval100_top30.csv,100,50,4.0,0,0.8451105785369873,0.4328600218395392,,,,,,,,,,,,,,,,eval_auto
s5_2factor_B_canny05_pixelsk,20260818-134212-s5-2factor-B-canny05-pixelsk,170000,DiT-2Cond-B/2,pretrained_models/sd-vae-ft-ema,4,32,0.18215,5script/train_top30.csv,final_imgs_256,256,128,35130,none,2cond,factorized_add,factor_balanced,True,final_skeleton,1.0,True,0.5,0.0,False,0.15,0.35,0.0002,0.02,1000,400000,64,0.9999,cosine,0.1,5script/results/s5_2factor_B_latentstruct_pixelsk_opt/20260818-004938-s5-2factor-B-latentC-pixelsk-opt/checkpoints/0115000.pt,False,,,,5script/eval100_top30.csv,100,50,4.0,0,0.8448754942417145,0.4292098314811785,,,,,,,,,,,,,,,,eval_auto
s5_2factor_B_canny05_pixelsk,20260818-134212-s5-2factor-B-canny05-pixelsk,175000,DiT-2Cond-B/2,pretrained_models/sd-vae-ft-ema,4,32,0.18215,5script/train_top30.csv,final_imgs_256,256,128,35130,none,2cond,factorized_add,factor_balanced,True,final_skeleton,1.0,True,0.5,0.0,False,0.15,0.35,0.0002,0.02,1000,400000,64,0.9999,cosine,0.1,5script/results/s5_2factor_B_latentstruct_pixelsk_opt/20260818-004938-s5-2factor-B-latentC-pixelsk-opt/checkpoints/0115000.pt,False,,,,5script/eval100_top30.csv,100,50,4.0,0,0.8705020701885223,0.41583753933509193,,,,,,,,,,,,,,,,eval_auto
s5_2factor_B_canny05_pixelsk,20260818-134212-s5-2factor-B-canny05-pixelsk,180000,DiT-2Cond-B/2,pretrained_models/sd-vae-ft-ema,4,32,0.18215,5script/train_top30.csv,final_imgs_256,256,128,35130,none,2cond,factorized_add,factor_balanced,True,final_skeleton,1.0,True,0.5,0.0,False,0.15,0.35,0.0002,0.02,1000,400000,64,0.9999,cosine,0.1,5script/results/s5_2factor_B_latentstruct_pixelsk_opt/20260818-004938-s5-2factor-B-latentC-pixelsk-opt/checkpoints/0115000.pt,False,,,,5script/eval100_top30.csv,100,50,4.0,0,0.8915150272846222,0.40745542958378794,,,,,,,,,,,,,,,,eval_auto
s5_2factor_B_canny05_pixelsk,20260818-134212-s5-2factor-B-canny05-pixelsk,185000,DiT-2Cond-B/2,pretrained_models/sd-vae-ft-ema,4,32,0.18215,5script/train_top30.csv,final_imgs_256,256,128,35130,none,2cond,factorized_add,factor_balanced,True,final_skeleton,1.0,True,0.5,0.0,False,0.15,0.35,0.0002,0.02,1000,400000,64,0.9999,cosine,0.1,5script/results/s5_2factor_B_latentstruct_pixelsk_opt/20260818-004938-s5-2factor-B-latentC-pixelsk-opt/checkpoints/0115000.pt,False,,,,5script/eval100_top30.csv,100,50,4.0,0,0.9196769672632218,0.3949086062610149,,,,,,,,,,,,,,,,eval_auto
s5_2factor_B_canny05_pixelsk,20260818-134212-s5-2factor-B-canny05-pixelsk,190000,DiT-2Cond-B/2,pretrained_models/sd-vae-ft-ema,4,32,0.18215,5script/train_top30.csv,final_imgs_256,256,128,35130,none,2cond,factorized_add,factor_balanced,True,final_skeleton,1.0,True,0.5,0.0,False,0.15,0.35,0.0002,0.02,1000,400000,64,0.9999,cosine,0.1,5script/results/s5_2factor_B_latentstruct_pixelsk_opt/20260818-004938-s5-2factor-B-latentC-pixelsk-opt/checkpoints/0115000.pt,False,,,,5script/eval100_top30.csv,100,50,4.0,0,0.9480054074525833,0.3915845514585575,,,,,,,,,,,,,,,,eval_auto
s5_2factor_B_canny05_pixelsk,20260818-134212-s5-2factor-B-canny05-pixelsk,195000,DiT-2Cond-B/2,pretrained_models/sd-vae-ft-ema,4,32,0.18215,5script/train_top30.csv,final_imgs_256,256,128,35130,none,2cond,factorized_add,factor_balanced,True,final_skeleton,1.0,True,0.5,0.0,False,0.15,0.35,0.0002,0.02,1000,400000,64,0.9999,cosine,0.1,5script/results/s5_2factor_B_latentstruct_pixelsk_opt/20260818-004938-s5-2factor-B-latentC-pixelsk-opt/checkpoints/0115000.pt,False,,,,5script/eval100_top30.csv,100,50,4.0,0,0.9451089876890183,0.3938642018536727,,,,,,,,,,,,,,,,eval_auto
s5_2factor_B_canny05_pixelsk,20260818-134212-s5-2factor-B-canny05-pixelsk,200000,DiT-2Cond-B/2,pretrained_models/sd-vae-ft-ema,4,32,0.18215,5script/train_top30.csv,final_imgs_256,256,128,35130,none,2cond,factorized_add,factor_balanced,True,final_skeleton,1.0,True,0.5,0.0,False,0.15,0.35,0.0002,0.02,1000,400000,64,0.9999,cosine,0.1,5script/results/s5_2factor_B_latentstruct_pixelsk_opt/20260818-004938-s5-2factor-B-latentC-pixelsk-opt/checkpoints/0115000.pt,False,,,,5script/eval100_top30.csv,100,50,4.0,0,0.9351278078556061,0.40424924723803995,,,,,,,,,,,,,,,,eval_auto
s5_2factor_B_canny05_pixelsk,20260818-134212-s5-2factor-B-canny05-pixelsk,205000,DiT-2Cond-B/2,pretrained_models/sd-vae-ft-ema,4,32,0.18215,5script/train_top30.csv,final_imgs_256,256,128,35130,none,2cond,factorized_add,factor_balanced,True,final_skeleton,1.0,True,0.5,0.0,False,0.15,0.35,0.0002,0.02,1000,400000,64,0.9999,cosine,0.1,5script/results/s5_2factor_B_latentstruct_pixelsk_opt/20260818-004938-s5-2factor-B-latentC-pixelsk-opt/checkpoints/0115000.pt,False,,,,5script/eval100_top30.csv,100,50,4.0,0,0.9405037713050842,0.40362176718811194,,,,,,,,,,,,,,,,eval_auto
s5_2factor_B_canny05_pixelsk,20260818-134212-s5-2factor-B-canny05-pixelsk,210000,DiT-2Cond-B/2,pretrained_models/sd-vae-ft-ema,4,32,0.18215,5script/train_top30.csv,final_imgs_256,256,128,35130,none,2cond,factorized_add,factor_balanced,True,final_skeleton,1.0,True,0.5,0.0,False,0.15,0.35,0.0002,0.02,1000,400000,64,0.9999,cosine,0.1,5script/results/s5_2factor_B_latentstruct_pixelsk_opt/20260818-004938-s5-2factor-B-latentC-pixelsk-opt/checkpoints/0115000.pt,False,,,,5script/eval100_top30.csv,100,50,4.0,0,0.9453401869535446,0.40738782480359076,,,,,,,,,,,,,,,,eval_auto
s5_2factor_B_canny05_pixelsk,20260818-134212-s5-2factor-B-canny05-pixelsk,215000,DiT-2Cond-B/2,pretrained_models/sd-vae-ft-ema,4,32,0.18215,5script/train_top30.csv,final_imgs_256,256,128,35130,none,2cond,factorized_add,factor_balanced,True,final_skeleton,1.0,True,0.5,0.0,False,0.15,0.35,0.0002,0.02,1000,400000,64,0.9999,cosine,0.1,5script/results/s5_2factor_B_latentstruct_pixelsk_opt/20260818-004938-s5-2factor-B-latentC-pixelsk-opt/checkpoints/0115000.pt,False,,,,5script/eval100_top30.csv,100,50,4.0,0,0.9241582643985748,0.4130791554600001,,,,,,,,,,,,,,,,eval_auto
s5_2factor_B_canny05_pixelsk,20260818-134212-s5-2factor-B-canny05-pixelsk,220000,DiT-2Cond-B/2,pretrained_models/sd-vae-ft-ema,4,32,0.18215,5script/train_top30.csv,final_imgs_256,256,128,35130,none,2cond,factorized_add,factor_balanced,True,final_skeleton,1.0,True,0.5,0.0,False,0.15,0.35,0.0002,0.02,1000,400000,64,0.9999,cosine,0.1,5script/results/s5_2factor_B_latentstruct_pixelsk_opt/20260818-004938-s5-2factor-B-latentC-pixelsk-opt/checkpoints/0115000.pt,False,,,,5script/eval100_top30.csv,100,50,4.0,0,0.8919111782312393,0.4202847582350176,,,,,,,,,,,,,,,,eval_auto
s5_2factor_B_canny05_pixelsk,20260818-134212-s5-2factor-B-canny05-pixelsk,225000,DiT-2Cond-B/2,pretrained_models/sd-vae-ft-ema,4,32,0.18215,5script/train_top30.csv,final_imgs_256,256,128,35130,none,2cond,factorized_add,factor_balanced,True,final_skeleton,1.0,True,0.5,0.0,False,0.15,0.35,0.0002,0.02,1000,400000,64,0.9999,cosine,0.1,5script/results/s5_2factor_B_latentstruct_pixelsk_opt/20260818-004938-s5-2factor-B-latentC-pixelsk-opt/checkpoints/0115000.pt,False,,,,5script/eval100_top30.csv,100,50,4.0,0,0.8939245861768722,0.4183475880324841,,,,,,,,,,,,,,,,eval_auto
s5_2factor_B_canny05_pixelsk,20260818-134212-s5-2factor-B-canny05-pixelsk,230000,DiT-2Cond-B/2,pretrained_models/sd-vae-ft-ema,4,32,0.18215,5script/train_top30.csv,final_imgs_256,256,128,35130,none,2cond,factorized_add,factor_balanced,True,final_skeleton,1.0,True,0.5,0.0,False,0.15,0.35,0.0002,0.02,1000,400000,64,0.9999,cosine,0.1,5script/results/s5_2factor_B_latentstruct_pixelsk_opt/20260818-004938-s5-2factor-B-latentC-pixelsk-opt/checkpoints/0115000.pt,False,,,,5script/eval100_top30.csv,100,50,4.0,0,0.8887168234586715,0.4205703500906626,,,,,,,,,,,,,,,,eval_auto
s5_2factor_B_canny05_pixelsk,20260818-134212-s5-2factor-B-canny05-pixelsk,235000,DiT-2Cond-B/2,pretrained_models/sd-vae-ft-ema,4,32,0.18215,5script/train_top30.csv,final_imgs_256,256,128,35130,none,2cond,factorized_add,factor_balanced,True,final_skeleton,1.0,True,0.5,0.0,False,0.15,0.35,0.0002,0.02,1000,400000,64,0.9999,cosine,0.1,5script/results/s5_2factor_B_latentstruct_pixelsk_opt/20260818-004938-s5-2factor-B-latentC-pixelsk-opt/checkpoints/0115000.pt,False,,,,5script/eval100_top30.csv,100,50,4.0,0,0.8763727098703384,0.42777991468707716,,,,,,,,,,,,,,,,eval_auto
s5_2factor_B_canny05_pixelsk,20260818-134212-s5-2factor-B-canny05-pixelsk,240000,DiT-2Cond-B/2,pretrained_models/sd-vae-ft-ema,4,32,0.18215,5script/train_top30.csv,final_imgs_256,256,128,35130,none,2cond,factorized_add,factor_balanced,True,final_skeleton,1.0,True,0.5,0.0,False,0.15,0.35,0.0002,0.02,1000,400000,64,0.9999,cosine,0.1,5script/results/s5_2factor_B_latentstruct_pixelsk_opt/20260818-004938-s5-2factor-B-latentC-pixelsk-opt/checkpoints/0115000.pt,False,,,,5script/eval100_top30.csv,100,50,4.0,0,0.8638923734426498,0.4338355848689874,,,,,,,,,,,,,,,,eval_auto
s5_2factor_B_canny05_pixelsk,20260818-134212-s5-2factor-B-canny05-pixelsk,245000,DiT-2Cond-B/2,pretrained_models/sd-vae-ft-ema,4,32,0.18215,5script/train_top30.csv,final_imgs_256,256,128,35130,none,2cond,factorized_add,factor_balanced,True,final_skeleton,1.0,True,0.5,0.0,False,0.15,0.35,0.0002,0.02,1000,400000,64,0.9999,cosine,0.1,5script/results/s5_2factor_B_latentstruct_pixelsk_opt/20260818-004938-s5-2factor-B-latentC-pixelsk-opt/checkpoints/0115000.pt,False,,,,5script/eval100_top30.csv,100,50,4.0,0,0.8623878508806229,0.432653227498134,,,,,,,,,,,,,,,,eval_auto
s5_2factor_B_canny05_pixelsk,20260818-134212-s5-2factor-B-canny05-pixelsk,250000,DiT-2Cond-B/2,pretrained_models/sd-vae-ft-ema,4,32,0.18215,5script/train_top30.csv,final_imgs_256,256,128,35130,none,2cond,factorized_add,factor_balanced,True,final_skeleton,1.0,True,0.5,0.0,False,0.15,0.35,0.0002,0.02,1000,400000,64,0.9999,cosine,0.1,5script/results/s5_2factor_B_latentstruct_pixelsk_opt/20260818-004938-s5-2factor-B-latentC-pixelsk-opt/checkpoints/0115000.pt,False,,,,5script/eval100_top30.csv,100,50,4.0,0,0.855302608013153,0.43220267732938134,,,,,,,,,,,,,,,,eval_auto
s5_2factor_B_canny05_pixelsk,20260818-134212-s5-2factor-B-canny05-pixelsk,255000,DiT-2Cond-B/2,pretrained_models/sd-vae-ft-ema,4,32,0.18215,5script/train_top30.csv,final_imgs_256,256,128,35130,none,2cond,factorized_add,factor_balanced,True,final_skeleton,1.0,True,0.5,0.0,False,0.15,0.35,0.0002,0.02,1000,400000,64,0.9999,cosine,0.1,5script/results/s5_2factor_B_latentstruct_pixelsk_opt/20260818-004938-s5-2factor-B-latentC-pixelsk-opt/checkpoints/0115000.pt,False,,,,5script/eval100_top30.csv,100,50,4.0,0,0.8562865674495697,0.4341142530739308,,,,,,,,,,,,,,,,eval_auto
s5_2factor_B_canny05_pixelsk,20260818-134212-s5-2factor-B-canny05-pixelsk,260000,DiT-2Cond-B/2,pretrained_models/sd-vae-ft-ema,4,32,0.18215,5script/train_top30.csv,final_imgs_256,256,128,35130,none,2cond,factorized_add,factor_balanced,True,final_skeleton,1.0,True,0.5,0.0,False,0.15,0.35,0.0002,0.02,1000,400000,64,0.9999,cosine,0.1,5script/results/s5_2factor_B_latentstruct_pixelsk_opt/20260818-004938-s5-2factor-B-latentC-pixelsk-opt/checkpoints/0115000.pt,False,,,,5script/eval100_top30.csv,100,50,4.0,0,0.8550744616985321,0.43903200998902325,,,,,,,,,,,,,,,,eval_auto
s5_2factor_B_canny05_pixelsk,20260818-134212-s5-2factor-B-canny05-pixelsk,265000,DiT-2Cond-B/2,pretrained_models/sd-vae-ft-ema,4,32,0.18215,5script/train_top30.csv,final_imgs_256,256,128,35130,none,2cond,factorized_add,factor_balanced,True,final_skeleton,1.0,True,0.5,0.0,False,0.15,0.35,0.0002,0.02,1000,400000,64,0.9999,cosine,0.1,5script/results/s5_2factor_B_latentstruct_pixelsk_opt/20260818-004938-s5-2factor-B-latentC-pixelsk-opt/checkpoints/0115000.pt,False,,,,5script/eval100_top30.csv,100,50,4.0,0,0.848588947057724,0.44852406943837797,,,,,,,,,,,,,,,,eval_auto
s5_2factor_B_canny05_pixelsk,20260818-134212-s5-2factor-B-canny05-pixelsk,270000,DiT-2Cond-B/2,pretrained_models/sd-vae-ft-ema,4,32,0.18215,5script/train_top30.csv,final_imgs_256,256,128,35130,none,2cond,factorized_add,factor_balanced,True,final_skeleton,1.0,True,0.5,0.0,False,0.15,0.35,0.0002,0.02,1000,400000,64,0.9999,cosine,0.1,5script/results/s5_2factor_B_latentstruct_pixelsk_opt/20260818-004938-s5-2factor-B-latentC-pixelsk-opt/checkpoints/0115000.pt,False,,,,5script/eval100_top30.csv,100,50,4.0,0,0.8347632890939712,0.45655351450045906,,,,,,,,,,,,,,,,eval_auto
s5_2factor_B_canny05_pixelsk,20260818-134212-s5-2factor-B-canny05-pixelsk,275000,DiT-2Cond-B/2,pretrained_models/sd-vae-ft-ema,4,32,0.18215,5script/train_top30.csv,final_imgs_256,256,128,35130,none,2cond,factorized_add,factor_balanced,True,final_skeleton,1.0,True,0.5,0.0,False,0.15,0.35,0.0002,0.02,1000,400000,64,0.9999,cosine,0.1,5script/results/s5_2factor_B_latentstruct_pixelsk_opt/20260818-004938-s5-2factor-B-latentC-pixelsk-opt/checkpoints/0115000.pt,False,,,,5script/eval100_top30.csv,100,50,4.0,0,0.8246132743358612,0.45709372878074644,,,,,,,,,,,,,,,,eval_auto
s5_2factor_B_canny05_pixelsk,20260818-134212-s5-2factor-B-canny05-pixelsk,280000,DiT-2Cond-B/2,pretrained_models/sd-vae-ft-ema,4,32,0.18215,5script/train_top30.csv,final_imgs_256,256,128,35130,none,2cond,factorized_add,factor_balanced,True,final_skeleton,1.0,True,0.5,0.0,False,0.15,0.35,0.0002,0.02,1000,400000,64,0.9999,cosine,0.1,5script/results/s5_2factor_B_latentstruct_pixelsk_opt/20260818-004938-s5-2factor-B-latentC-pixelsk-opt/checkpoints/0115000.pt,False,,,,5script/eval100_top30.csv,100,50,4.0,0,0.8223802495002747,0.45473024492462477,,,,,,,,,,,,,,,,eval_auto
s5_2factor_B_canny05_pixelsk,20260818-134212-s5-2factor-B-canny05-pixelsk,285000,DiT-2Cond-B/2,pretrained_models/sd-vae-ft-ema,4,32,0.18215,5script/train_top30.csv,final_imgs_256,256,128,35130,none,2cond,factorized_add,factor_balanced,True,final_skeleton,1.0,True,0.5,0.0,False,0.15,0.35,0.0002,0.02,1000,400000,64,0.9999,cosine,0.1,5script/results/s5_2factor_B_latentstruct_pixelsk_opt/20260818-004938-s5-2factor-B-latentC-pixelsk-opt/checkpoints/0115000.pt,False,,,,5script/eval100_top30.csv,100,50,4.0,0,0.8196357780694962,0.4537496320903302,,,,,,,,,,,,,,,,eval_auto
s5_2factor_B_canny05_pixelsk,20260818-134212-s5-2factor-B-canny05-pixelsk,290000,DiT-2Cond-B/2,pretrained_models/sd-vae-ft-ema,4,32,0.18215,5script/train_top30.csv,final_imgs_256,256,128,35130,none,2cond,factorized_add,factor_balanced,True,final_skeleton,1.0,True,0.5,0.0,False,0.15,0.35,0.0002,0.02,1000,400000,64,0.9999,cosine,0.1,5script/results/s5_2factor_B_latentstruct_pixelsk_opt/20260818-004938-s5-2factor-B-latentC-pixelsk-opt/checkpoints/0115000.pt,False,,,,5script/eval100_top30.csv,100,50,4.0,0,0.8078976541757583,0.4572529772420724,,,,,,,,,,,,,,,,eval_auto
s5_2factor_B_canny05_pixelsk,20260818-134212-s5-2factor-B-canny05-pixelsk,295000,DiT-2Cond-B/2,pretrained_models/sd-vae-ft-ema,4,32,0.18215,5script/train_top30.csv,final_imgs_256,256,128,35130,none,2cond,factorized_add,factor_balanced,True,final_skeleton,1.0,True,0.5,0.0,False,0.15,0.35,0.0002,0.02,1000,400000,64,0.9999,cosine,0.1,5script/results/s5_2factor_B_latentstruct_pixelsk_opt/20260818-004938-s5-2factor-B-latentC-pixelsk-opt/checkpoints/0115000.pt,False,,,,5script/eval100_top30.csv,100,50,4.0,0,0.8033749878406524,0.4616937178373337,,,,,,,,,,,,,,,,eval_auto
s5_2factor_B_canny05_pixelsk,20260818-134212-s5-2factor-B-canny05-pixelsk,300000,DiT-2Cond-B/2,pretrained_models/sd-vae-ft-ema,4,32,0.18215,5script/train_top30.csv,final_imgs_256,256,128,35130,none,2cond,factorized_add,factor_balanced,True,final_skeleton,1.0,True,0.5,0.0,False,0.15,0.35,0.0002,0.02,1000,400000,64,0.9999,cosine,0.1,5script/results/s5_2factor_B_latentstruct_pixelsk_opt/20260818-004938-s5-2factor-B-latentC-pixelsk-opt/checkpoints/0115000.pt,False,,,,5script/eval100_top30.csv,100,50,4.0,0,0.8078068816661834,0.46110319207111994,,,,,,,,,,,,,,,,eval_auto
s5_2factor_B_canny05_pixelsk,20260818-134212-s5-2factor-B-canny05-pixelsk,305000,DiT-2Cond-B/2,pretrained_models/sd-vae-ft-ema,4,32,0.18215,5script/train_top30.csv,final_imgs_256,256,128,35130,none,2cond,factorized_add,factor_balanced,True,final_skeleton,1.0,True,0.5,0.0,False,0.15,0.35,0.0002,0.02,1000,400000,64,0.9999,cosine,0.1,5script/results/s5_2factor_B_latentstruct_pixelsk_opt/20260818-004938-s5-2factor-B-latentC-pixelsk-opt/checkpoints/0115000.pt,False,,,,5script/eval100_top30.csv,100,50,4.0,0,0.8097846972942352,0.46236422856648757,,,,,,,,,,,,,,,,eval_auto
s5_2factor_B_canny05_pixelsk,20260818-134212-s5-2factor-B-canny05-pixelsk,310000,DiT-2Cond-B/2,pretrained_models/sd-vae-ft-ema,4,32,0.18215,5script/train_top30.csv,final_imgs_256,256,128,35130,none,2cond,factorized_add,factor_balanced,True,final_skeleton,1.0,True,0.5,0.0,False,0.15,0.35,0.0002,0.02,1000,400000,64,0.9999,cosine,0.1,5script/results/s5_2factor_B_latentstruct_pixelsk_opt/20260818-004938-s5-2factor-B-latentC-pixelsk-opt/checkpoints/0115000.pt,False,,,,5script/eval100_top30.csv,100,50,4.0,0,0.7961014759540558,0.4704732238252957,,,,,,,,,,,,,,,,eval_auto
s5_2factor_B_canny05_pixelsk,20260818-134212-s5-2factor-B-canny05-pixelsk,315000,DiT-2Cond-B/2,pretrained_models/sd-vae-ft-ema,4,32,0.18215,5script/train_top30.csv,final_imgs_256,256,128,35130,none,2cond,factorized_add,factor_balanced,True,final_skeleton,1.0,True,0.5,0.0,False,0.15,0.35,0.0002,0.02,1000,400000,64,0.9999,cosine,0.1,5script/results/s5_2factor_B_latentstruct_pixelsk_opt/20260818-004938-s5-2factor-B-latentC-pixelsk-opt/checkpoints/0115000.pt,False,,,,5script/eval100_top30.csv,100,50,4.0,0,0.7905502766370773,0.47563991179068876,,,,,,,,,,,,,,,,eval_auto
s5_2factor_B_canny05_pixelsk,20260818-134212-s5-2factor-B-canny05-pixelsk,320000,DiT-2Cond-B/2,pretrained_models/sd-vae-ft-ema,4,32,0.18215,5script/train_top30.csv,final_imgs_256,256,128,35130,none,2cond,factorized_add,factor_balanced,True,final_skeleton,1.0,True,0.5,0.0,False,0.15,0.35,0.0002,0.02,1000,400000,64,0.9999,cosine,0.1,5script/results/s5_2factor_B_latentstruct_pixelsk_opt/20260818-004938-s5-2factor-B-latentC-pixelsk-opt/checkpoints/0115000.pt,False,,,,5script/eval100_top30.csv,100,50,4.0,0,0.7884398925304413,0.478442655801773,,,,,,,,,,,,,,,,eval_auto
s5_2factor_B_canny05_pixelsk,20260818-134212-s5-2factor-B-canny05-pixelsk,325000,DiT-2Cond-B/2,pretrained_models/sd-vae-ft-ema,4,32,0.18215,5script/train_top30.csv,final_imgs_256,256,128,35130,none,2cond,factorized_add,factor_balanced,True,final_skeleton,1.0,True,0.5,0.0,False,0.15,0.35,0.0002,0.02,1000,400000,64,0.9999,cosine,0.1,5script/results/s5_2factor_B_latentstruct_pixelsk_opt/20260818-004938-s5-2factor-B-latentC-pixelsk-opt/checkpoints/0115000.pt,False,,,,5script/eval100_top30.csv,100,50,4.0,0,0.7815261650085449,0.4822044113775094,,,,,,,,,,,,,,,,eval_auto
s5_2factor_B_latentstruct,20260817-162129-s5-2factor-B-latent-struct,1000,DiT-2Cond-B/2,pretrained_models/sd-vae-ft-ema,4,32,0.18215,5script/train_top30.csv,final_imgs_256,256,128,35130,none,2cond,factorized_add,factor_balanced,False,final_skeleton,0.0,False,0.0,0.0,False,0.15,0.35,0.0002,0.02,1000,200000,64,0.9999,cosine,0.1,,False,,,,5script/eval100_top30.csv,100,50,4.0,0,2.070738959312439,0.08961334529022372,,,,,,,,,,,,,,,,eval_auto
s5_2factor_B_latentstruct,20260817-162129-s5-2factor-B-latent-struct,2000,DiT-2Cond-B/2,pretrained_models/sd-vae-ft-ema,4,32,0.18215,5script/train_top30.csv,final_imgs_256,256,128,35130,none,2cond,factorized_add,factor_balanced,False,final_skeleton,0.0,False,0.0,0.0,False,0.15,0.35,0.0002,0.02,1000,200000,64,0.9999,cosine,0.1,,False,,,,5script/eval100_top30.csv,100,50,4.0,0,1.65937237739563,0.23158047461610598,,,,,,,,,,,,,,,,eval_auto
s5_2factor_B_latentstruct,20260817-162129-s5-2factor-B-latent-struct,3000,DiT-2Cond-B/2,pretrained_models/sd-vae-ft-ema,4,32,0.18215,5script/train_top30.csv,final_imgs_256,256,128,35130,none,2cond,factorized_add,factor_balanced,False,final_skeleton,0.0,False,0.0,0.0,False,0.15,0.35,0.0002,0.02,1000,200000,64,0.9999,cosine,0.1,,False,,,,5script/eval100_top30.csv,100,50,4.0,0,1.3576584577560424,0.33340002118299394,,,,,,,,,,,,,,,,eval_auto
s5_2factor_B_latentstruct,20260817-162129-s5-2factor-B-latent-struct,4000,DiT-2Cond-B/2,pretrained_models/sd-vae-ft-ema,4,32,0.18215,5script/train_top30.csv,final_imgs_256,256,128,35130,none,2cond,factorized_add,factor_balanced,False,final_skeleton,0.0,False,0.0,0.0,False,0.15,0.35,0.0002,0.02,1000,200000,64,0.9999,cosine,0.1,,False,,,,5script/eval100_top30.csv,100,50,4.0,0,1.2190356254577637,0.38105967085498066,,,,,,,,,,,,,,,,eval_auto
s5_2factor_B_latentstruct,20260817-162129-s5-2factor-B-latent-struct,5000,DiT-2Cond-B/2,pretrained_models/sd-vae-ft-ema,4,32,0.18215,5script/train_top30.csv,final_imgs_256,256,128,35130,none,2cond,factorized_add,factor_balanced,False,final_skeleton,0.0,False,0.0,0.0,False,0.15,0.35,0.0002,0.02,1000,200000,64,0.9999,cosine,0.1,,False,,,,5script/eval100_top30.csv,100,50,4.0,0,1.1347731351852417,0.4047766660029689,,,,,,,,,,,,,,,,eval_auto
s5_2factor_B_latentstruct,20260817-162129-s5-2factor-B-latent-struct,10000,DiT-2Cond-B/2,pretrained_models/sd-vae-ft-ema,4,32,0.18215,5script/train_top30.csv,final_imgs_256,256,128,35130,none,2cond,factorized_add,factor_balanced,False,final_skeleton,0.0,False,0.0,0.0,False,0.15,0.35,0.0002,0.02,1000,200000,64,0.9999,cosine,0.1,,False,,,,5script/eval100_top30.csv,100,50,4.0,0,1.0799959301948547,0.43982063353061673,,,,,,,,,,,,,,,,eval_auto
s5_2factor_B_latentstruct,20260817-162129-s5-2factor-B-latent-struct,15000,DiT-2Cond-B/2,pretrained_models/sd-vae-ft-ema,4,32,0.18215,5script/train_top30.csv,final_imgs_256,256,128,35130,none,2cond,factorized_add,factor_balanced,False,final_skeleton,0.0,False,0.0,0.0,False,0.15,0.35,0.0002,0.02,1000,200000,64,0.9999,cosine,0.1,,False,,,,5script/eval100_top30.csv,100,50,4.0,0,1.0501381039619446,0.4544720715012712,,,,,,,,,,,,,,,,eval_auto
s5_2factor_B_latentstruct,20260817-162129-s5-2factor-B-latent-struct,20000,DiT-2Cond-B/2,pretrained_models/sd-vae-ft-ema,4,32,0.18215,5script/train_top30.csv,final_imgs_256,256,128,35130,none,2cond,factorized_add,factor_balanced,False,final_skeleton,0.0,False,0.0,0.0,False,0.15,0.35,0.0002,0.02,1000,200000,64,0.9999,cosine,0.1,,False,,,,5script/eval100_top30.csv,100,50,4.0,0,1.0465002536773682,0.45301480845858655,,,,,,,,,,,,,,,,eval_auto
s5_2factor_B_latentstruct,20260817-162129-s5-2factor-B-latent-struct,25000,DiT-2Cond-B/2,pretrained_models/sd-vae-ft-ema,4,32,0.18215,5script/train_top30.csv,final_imgs_256,256,128,35130,none,2cond,factorized_add,factor_balanced,False,final_skeleton,0.0,False,0.0,0.0,False,0.15,0.35,0.0002,0.02,1000,200000,64,0.9999,cosine,0.1,,False,,,,5script/eval100_top30.csv,100,50,4.0,0,1.0233046770095826,0.465852289137741,,,,,,,,,,,,,,,,eval_auto
s5_2factor_B_latentstruct,20260817-162129-s5-2factor-B-latent-struct,30000,DiT-2Cond-B/2,pretrained_models/sd-vae-ft-ema,4,32,0.18215,5script/train_top30.csv,final_imgs_256,256,128,35130,none,2cond,factorized_add,factor_balanced,False,final_skeleton,0.0,False,0.0,0.0,False,0.15,0.35,0.0002,0.02,1000,200000,64,0.9999,cosine,0.1,,False,,,,5script/eval100_top30.csv,100,50,4.0,0,1.0055120825767516,0.46757633406668886,,,,,,,,,,,,,,,,eval_auto
s5_2factor_B_latentstruct,20260817-162129-s5-2factor-B-latent-struct,35000,DiT-2Cond-B/2,pretrained_models/sd-vae-ft-ema,4,32,0.18215,5script/train_top30.csv,final_imgs_256,256,128,35130,none,2cond,factorized_add,factor_balanced,False,final_skeleton,0.0,False,0.0,0.0,False,0.15,0.35,0.0002,0.02,1000,200000,64,0.9999,cosine,0.1,,False,,,,5script/eval100_top30.csv,100,50,4.0,0,0.9809525489807129,0.47660005934536465,,,,,,,,,,,,,,,,eval_auto
s5_2factor_B_latentstruct,20260817-162129-s5-2factor-B-latent-struct,40000,DiT-2Cond-B/2,pretrained_models/sd-vae-ft-ema,4,32,0.18215,5script/train_top30.csv,final_imgs_256,256,128,35130,none,2cond,factorized_add,factor_balanced,False,final_skeleton,0.0,False,0.0,0.0,False,0.15,0.35,0.0002,0.02,1000,200000,64,0.9999,cosine,0.1,,False,,,,5script/eval100_top30.csv,100,50,4.0,0,0.9656874418258667,0.4798158564666909,,,,,,,,,,,,,,,,eval_auto
s5_2factor_B_latentstruct,20260817-162129-s5-2factor-B-latent-struct,45000,DiT-2Cond-B/2,pretrained_models/sd-vae-ft-ema,4,32,0.18215,5script/train_top30.csv,final_imgs_256,256,128,35130,none,2cond,factorized_add,factor_balanced,False,final_skeleton,0.0,False,0.0,0.0,False,0.15,0.35,0.0002,0.02,1000,200000,64,0.9999,cosine,0.1,,False,,,,5script/eval100_top30.csv,100,50,4.0,0,0.9615952491760253,0.4828227516760429,,,,,,,,,,,,,,,,eval_auto
s5_2factor_B_latentstruct,20260817-162129-s5-2factor-B-latent-struct,50000,DiT-2Cond-B/2,pretrained_models/sd-vae-ft-ema,4,32,0.18215,5script/train_top30.csv,final_imgs_256,256,128,35130,none,2cond,factorized_add,factor_balanced,False,final_skeleton,0.0,False,0.0,0.0,False,0.15,0.35,0.0002,0.02,1000,200000,64,0.9999,cosine,0.1,,False,,,,5script/eval100_top30.csv,100,50,4.0,0,0.956118357181549,0.4873498302201433,,,,,,,,,,,,,,,,eval_auto
s5_2factor_B_latentstruct,20260817-162129-s5-2factor-B-latent-struct,55000,DiT-2Cond-B/2,pretrained_models/sd-vae-ft-ema,4,32,0.18215,5script/train_top30.csv,final_imgs_256,256,128,35130,none,2cond,factorized_add,factor_balanced,False,final_skeleton,0.0,False,0.0,0.0,False,0.15,0.35,0.0002,0.02,1000,200000,64,0.9999,cosine,0.1,,False,,,,5script/eval100_top30.csv,100,50,4.0,0,0.9453255891799927,0.49128697569171575,,,,,,,,,,,,,,,,eval_auto
s5_2factor_B_latentstruct,20260817-162129-s5-2factor-B-latent-struct,60000,DiT-2Cond-B/2,pretrained_models/sd-vae-ft-ema,4,32,0.18215,5script/train_top30.csv,final_imgs_256,256,128,35130,none,2cond,factorized_add,factor_balanced,False,final_skeleton,0.0,False,0.0,0.0,False,0.15,0.35,0.0002,0.02,1000,200000,64,0.9999,cosine,0.1,,False,,,,5script/eval100_top30.csv,100,50,4.0,0,0.9382234454154968,0.4933797492583591,,,,,,,,,,,,,,,,eval_auto
s5_2factor_B_latentstruct,20260817-162129-s5-2factor-B-latent-struct,65000,DiT-2Cond-B/2,pretrained_models/sd-vae-ft-ema,4,32,0.18215,5script/train_top30.csv,final_imgs_256,256,128,35130,none,2cond,factorized_add,factor_balanced,False,final_skeleton,0.0,False,0.0,0.0,False,0.15,0.35,0.0002,0.02,1000,200000,64,0.9999,cosine,0.1,,False,,,,5script/eval100_top30.csv,100,50,4.0,0,0.9298331141471863,0.4950861377517382,,,,,,,,,,,,,,,,eval_auto
s5_2factor_B_latentstruct,20260817-162129-s5-2factor-B-latent-struct,70000,DiT-2Cond-B/2,pretrained_models/sd-vae-ft-ema,4,32,0.18215,5script/train_top30.csv,final_imgs_256,256,128,35130,none,2cond,factorized_add,factor_balanced,False,final_skeleton,0.0,False,0.0,0.0,False,0.15,0.35,0.0002,0.02,1000,200000,64,0.9999,cosine,0.1,,False,,,,5script/eval100_top30.csv,100,50,4.0,0,0.9134909152984619,0.49969094673792513,,,,,,,,,,,,,,,,eval_auto
s5_2factor_B_latentstruct,20260817-162129-s5-2factor-B-latent-struct,75000,DiT-2Cond-B/2,pretrained_models/sd-vae-ft-ema,4,32,0.18215,5script/train_top30.csv,final_imgs_256,256,128,35130,none,2cond,factorized_add,factor_balanced,False,final_skeleton,0.0,False,0.0,0.0,False,0.15,0.35,0.0002,0.02,1000,200000,64,0.9999,cosine,0.1,,False,,,,5script/eval100_top30.csv,100,50,4.0,0,0.9066877365112305,0.4993121625979741,,,,,,,,,,,,,,,,eval_auto
s5_2factor_B_latentstruct,20260817-162129-s5-2factor-B-latent-struct,80000,DiT-2Cond-B/2,pretrained_models/sd-vae-ft-ema,4,32,0.18215,5script/train_top30.csv,final_imgs_256,256,128,35130,none,2cond,factorized_add,factor_balanced,False,final_skeleton,0.0,False,0.0,0.0,False,0.15,0.35,0.0002,0.02,1000,200000,64,0.9999,cosine,0.1,,False,,,,5script/eval100_top30.csv,100,50,4.0,0,0.9071712493896484,0.4989234198381503,,,,,,,,,,,,,,,,eval_auto
s5_2factor_B_latentstruct,20260817-162129-s5-2factor-B-latent-struct,85000,DiT-2Cond-B/2,pretrained_models/sd-vae-ft-ema,4,32,0.18215,5script/train_top30.csv,final_imgs_256,256,128,35130,none,2cond,factorized_add,factor_balanced,False,final_skeleton,0.0,False,0.0,0.0,False,0.15,0.35,0.0002,0.02,1000,200000,64,0.9999,cosine,0.1,,False,,,,5script/eval100_top30.csv,100,50,4.0,0,0.9038133025169373,0.5000384605427582,,,,,,,,,,,,,,,,eval_auto
s5_2factor_B_latentstruct,20260817-162129-s5-2factor-B-latent-struct,90000,DiT-2Cond-B/2,pretrained_models/sd-vae-ft-ema,4,32,0.18215,5script/train_top30.csv,final_imgs_256,256,128,35130,none,2cond,factorized_add,factor_balanced,False,final_skeleton,0.0,False,0.0,0.0,False,0.15,0.35,0.0002,0.02,1000,200000,64,0.9999,cosine,0.1,,False,,,,5script/eval100_top30.csv,100,50,4.0,0,0.9031799793243408,0.49928964557747035,,,,,,,,,,,,,,,,eval_auto
s5_2factor_B_latentstruct,20260817-162129-s5-2factor-B-latent-struct,95000,DiT-2Cond-B/2,pretrained_models/sd-vae-ft-ema,4,32,0.18215,5script/train_top30.csv,final_imgs_256,256,128,35130,none,2cond,factorized_add,factor_balanced,False,final_skeleton,0.0,False,0.0,0.0,False,0.15,0.35,0.0002,0.02,1000,200000,64,0.9999,cosine,0.1,,False,,,,5script/eval100_top30.csv,100,50,4.0,0,0.900042724609375,0.5003085322926443,,,,,,,,,,,,,,,,eval_auto
s5_2factor_B_latentstruct,20260817-162129-s5-2factor-B-latent-struct,100000,DiT-2Cond-B/2,pretrained_models/sd-vae-ft-ema,4,32,0.18215,5script/train_top30.csv,final_imgs_256,256,128,35130,none,2cond,factorized_add,factor_balanced,False,final_skeleton,0.0,False,0.0,0.0,False,0.15,0.35,0.0002,0.02,1000,200000,64,0.9999,cosine,0.1,,False,,,,5script/eval100_top30.csv,100,50,4.0,0,0.8950904607772827,0.5014159807066122,,,,,,,,,,,,,,,,eval_auto
s5_2factor_B_latentstruct,20260817-162129-s5-2factor-B-latent-struct,105000,DiT-2Cond-B/2,pretrained_models/sd-vae-ft-ema,4,32,0.18215,5script/train_top30.csv,final_imgs_256,256,128,35130,none,2cond,factorized_add,factor_balanced,False,final_skeleton,0.0,False,0.0,0.0,False,0.15,0.35,0.0002,0.02,1000,200000,64,0.9999,cosine,0.1,,False,,,,5script/eval100_top30.csv,100,50,4.0,0,0.8956761240959168,0.5005884756147863,,,,,,,,,,,,,,,,eval_auto
s5_2factor_B_latentstruct,20260817-162129-s5-2factor-B-latent-struct,110000,DiT-2Cond-B/2,pretrained_models/sd-vae-ft-ema,4,32,0.18215,5script/train_top30.csv,final_imgs_256,256,128,35130,none,2cond,factorized_add,factor_balanced,False,final_skeleton,0.0,False,0.0,0.0,False,0.15,0.35,0.0002,0.02,1000,200000,64,0.9999,cosine,0.1,,False,,,,5script/eval100_top30.csv,100,50,4.0,0,0.8938646197319031,0.500914544959863,,,,,,,,,,,,,,,,eval_auto
s5_2factor_B_latentstruct,20260817-162129-s5-2factor-B-latent-struct,115000,DiT-2Cond-B/2,pretrained_models/sd-vae-ft-ema,4,32,0.18215,5script/train_top30.csv,final_imgs_256,256,128,35130,none,2cond,factorized_add,factor_balanced,False,final_skeleton,0.0,False,0.0,0.0,False,0.15,0.35,0.0002,0.02,1000,200000,64,0.9999,cosine,0.1,,False,,,,5script/eval100_top30.csv,100,50,4.0,0,0.8886699199676513,0.5045775605738162,,,,,,,,,,,,,,,,eval_auto
s5_2factor_B_latentstruct,20260817-162129-s5-2factor-B-latent-struct,120000,DiT-2Cond-B/2,pretrained_models/sd-vae-ft-ema,4,32,0.18215,5script/train_top30.csv,final_imgs_256,256,128,35130,none,2cond,factorized_add,factor_balanced,False,final_skeleton,0.0,False,0.0,0.0,False,0.15,0.35,0.0002,0.02,1000,200000,64,0.9999,cosine,0.1,,False,,,,5script/eval100_top30.csv,100,50,4.0,0,0.8851375222206116,0.5048658065497875,,,,,,,,,,,,,,,,eval_auto
s5_2factor_B_latentstruct,20260817-162129-s5-2factor-B-latent-struct,125000,DiT-2Cond-B/2,pretrained_models/sd-vae-ft-ema,4,32,0.18215,5script/train_top30.csv,final_imgs_256,256,128,35130,none,2cond,factorized_add,factor_balanced,False,final_skeleton,0.0,False,0.0,0.0,False,0.15,0.35,0.0002,0.02,1000,200000,64,0.9999,cosine,0.1,,False,,,,5script/eval100_top30.csv,100,50,4.0,0,0.8854266047477722,0.5058839511871337,,,,,,,,,,,,,,,,eval_auto
s5_2factor_B_latentstruct,20260817-162129-s5-2factor-B-latent-struct,130000,DiT-2Cond-B/2,pretrained_models/sd-vae-ft-ema,4,32,0.18215,5script/train_top30.csv,final_imgs_256,256,128,35130,none,2cond,factorized_add,factor_balanced,False,final_skeleton,0.0,False,0.0,0.0,False,0.15,0.35,0.0002,0.02,1000,200000,64,0.9999,cosine,0.1,,False,,,,5script/eval100_top30.csv,100,50,4.0,0,0.8828136324882507,0.5067419213056563,,,,,,,,,,,,,,,,eval_auto
s5_2factor_B_latentstruct_pixelsk_opt,20260817-235725-s5-2factor-B-latentC-pixelsk-opt,1000,DiT-2Cond-B/2,pretrained_models/sd-vae-ft-ema,4,32,0.18215,5script/train_top30.csv,final_imgs_256,256,128,35130,none,2cond,factorized_add,factor_balanced,True,final_skeleton,1.0,False,0.0,0.0,False,0.15,0.35,0.0002,0.02,1000,400000,64,0.9999,cosine,0.1,,False,,,,5script/eval100_top30.csv,100,50,4.0,0,1.978869366645813,0.08246011647861452,,,,,,,,,,,,,,,,eval_auto
s5_2factor_B_latentstruct_pixelsk_opt,20260817-235725-s5-2factor-B-latentC-pixelsk-opt,2000,DiT-2Cond-B/2,pretrained_models/sd-vae-ft-ema,4,32,0.18215,5script/train_top30.csv,final_imgs_256,256,128,35130,none,2cond,factorized_add,factor_balanced,True,final_skeleton,1.0,False,0.0,0.0,False,0.15,0.35,0.0002,0.02,1000,400000,64,0.9999,cosine,0.1,,False,,,,5script/eval100_top30.csv,100,50,4.0,0,1.8567117691040038,0.09714220341372616,,,,,,,,,,,,,,,,eval_auto
s5_2factor_B_latentstruct_pixelsk_opt,20260817-235725-s5-2factor-B-latentC-pixelsk-opt,3000,DiT-2Cond-B/2,pretrained_models/sd-vae-ft-ema,4,32,0.18215,5script/train_top30.csv,final_imgs_256,256,128,35130,none,2cond,factorized_add,factor_balanced,True,final_skeleton,1.0,False,0.0,0.0,False,0.15,0.35,0.0002,0.02,1000,400000,64,0.9999,cosine,0.1,,False,,,,5script/eval100_top30.csv,100,50,4.0,0,1.8635236740112304,0.09397542084877696,,,,,,,,,,,,,,,,eval_auto
s5_2factor_B_latentstruct_pixelsk_opt,20260817-235725-s5-2factor-B-latentC-pixelsk-opt,4000,DiT-2Cond-B/2,pretrained_models/sd-vae-ft-ema,4,32,0.18215,5script/train_top30.csv,final_imgs_256,256,128,35130,none,2cond,factorized_add,factor_balanced,True,final_skeleton,1.0,False,0.0,0.0,False,0.15,0.35,0.0002,0.02,1000,400000,64,0.9999,cosine,0.1,,False,,,,5script/eval100_top30.csv,100,50,4.0,0,1.7872682571411134,0.10263155396406846,,,,,,,,,,,,,,,,eval_auto
s5_2factor_B_latentstruct_pixelsk_opt,20260817-235725-s5-2factor-B-latentC-pixelsk-opt,5000,DiT-2Cond-B/2,pretrained_models/sd-vae-ft-ema,4,32,0.18215,5script/train_top30.csv,final_imgs_256,256,128,35130,none,2cond,factorized_add,factor_balanced,True,final_skeleton,1.0,False,0.0,0.0,False,0.15,0.35,0.0002,0.02,1000,400000,64,0.9999,cosine,0.1,,False,,,,5script/eval100_top30.csv,100,50,4.0,0,1.7655502080917358,0.11641616058225435,,,,,,,,,,,,,,,,eval_auto
s5_2factor_B_latentstruct_pixelsk_opt,20260818-004938-s5-2factor-B-latentC-pixelsk-opt,1000,DiT-2Cond-B/2,pretrained_models/sd-vae-ft-ema,4,32,0.18215,5script/train_top30.csv,final_imgs_256,256,128,35130,none,2cond,factorized_add,factor_balanced,True,final_skeleton,1.0,False,0.0,0.0,False,0.15,0.35,0.0002,0.02,1000,400000,64,0.9999,cosine,0.1,,False,,,,5script/eval100_top30.csv,100,50,4.0,0,1.981718897819519,0.08414684768455725,,,,,,,,,,,,,,,,eval_auto
s5_2factor_B_latentstruct_pixelsk_opt,20260818-004938-s5-2factor-B-latentC-pixelsk-opt,2000,DiT-2Cond-B/2,pretrained_models/sd-vae-ft-ema,4,32,0.18215,5script/train_top30.csv,final_imgs_256,256,128,35130,none,2cond,factorized_add,factor_balanced,True,final_skeleton,1.0,False,0.0,0.0,False,0.15,0.35,0.0002,0.02,1000,400000,64,0.9999,cosine,0.1,,False,,,,5script/eval100_top30.csv,100,50,4.0,0,1.8680155789852142,0.08819377250038088,,,,,,,,,,,,,,,,eval_auto
s5_2factor_B_latentstruct_pixelsk_opt,20260818-004938-s5-2factor-B-latentC-pixelsk-opt,3000,DiT-2Cond-B/2,pretrained_models/sd-vae-ft-ema,4,32,0.18215,5script/train_top30.csv,final_imgs_256,256,128,35130,none,2cond,factorized_add,factor_balanced,True,final_skeleton,1.0,False,0.0,0.0,False,0.15,0.35,0.0002,0.02,1000,400000,64,0.9999,cosine,0.1,,False,,,,5script/eval100_top30.csv,100,50,4.0,0,1.8039534282684326,0.1018024643952958,,,,,,,,,,,,,,,,eval_auto
s5_2factor_B_latentstruct_pixelsk_opt,20260818-004938-s5-2factor-B-latentC-pixelsk-opt,4000,DiT-2Cond-B/2,pretrained_models/sd-vae-ft-ema,4,32,0.18215,5script/train_top30.csv,final_imgs_256,256,128,35130,none,2cond,factorized_add,factor_balanced,True,final_skeleton,1.0,False,0.0,0.0,False,0.15,0.35,0.0002,0.02,1000,400000,64,0.9999,cosine,0.1,,False,,,,5script/eval100_top30.csv,100,50,4.0,0,1.7739636158943177,0.10787589845868448,,,,,,,,,,,,,,,,eval_auto
s5_2factor_B_latentstruct_pixelsk_opt,20260818-004938-s5-2factor-B-latentC-pixelsk-opt,5000,DiT-2Cond-B/2,pretrained_models/sd-vae-ft-ema,4,32,0.18215,5script/train_top30.csv,final_imgs_256,256,128,35130,none,2cond,factorized_add,factor_balanced,True,final_skeleton,1.0,False,0.0,0.0,False,0.15,0.35,0.0002,0.02,1000,400000,64,0.9999,cosine,0.1,,False,,,,5script/eval100_top30.csv,100,50,4.0,0,1.730355637073517,0.11730593794335921,,,,,,,,,,,,,,,,eval_auto
s5_2factor_B_latentstruct_pixelsk_opt,20260818-004938-s5-2factor-B-latentC-pixelsk-opt,10000,DiT-2Cond-B/2,pretrained_models/sd-vae-ft-ema,4,32,0.18215,5script/train_top30.csv,final_imgs_256,256,128,35130,none,2cond,factorized_add,factor_balanced,True,final_skeleton,1.0,False,0.0,0.0,False,0.15,0.35,0.0002,0.02,1000,400000,64,0.9999,cosine,0.1,,False,,,,5script/eval100_top30.csv,100,50,4.0,0,1.5530369257926941,0.14007640718171993,,,,,,,,,,,,,,,,eval_auto
s5_2factor_B_latentstruct_pixelsk_opt,20260818-004938-s5-2factor-B-latentC-pixelsk-opt,15000,DiT-2Cond-B/2,pretrained_models/sd-vae-ft-ema,4,32,0.18215,5script/train_top30.csv,final_imgs_256,256,128,35130,none,2cond,factorized_add,factor_balanced,True,final_skeleton,1.0,False,0.0,0.0,False,0.15,0.35,0.0002,0.02,1000,400000,64,0.9999,cosine,0.1,,False,,,,5script/eval100_top30.csv,100,50,4.0,0,1.6043070220947266,0.13020231849203506,,,,,,,,,,,,,,,,eval_auto
s5_2factor_B_latentstruct_pixelsk_opt,20260818-004938-s5-2factor-B-latentC-pixelsk-opt,20000,DiT-2Cond-B/2,pretrained_models/sd-vae-ft-ema,4,32,0.18215,5script/train_top30.csv,final_imgs_256,256,128,35130,none,2cond,factorized_add,factor_balanced,True,final_skeleton,1.0,False,0.0,0.0,False,0.15,0.35,0.0002,0.02,1000,400000,64,0.9999,cosine,0.1,,False,,,,5script/eval100_top30.csv,100,50,4.0,0,1.4155806624889373,0.17120138129219412,,,,,,,,,,,,,,,,eval_auto
s5_2factor_B_latentstruct_pixelsk_opt,20260818-004938-s5-2factor-B-latentC-pixelsk-opt,25000,DiT-2Cond-B/2,pretrained_models/sd-vae-ft-ema,4,32,0.18215,5script/train_top30.csv,final_imgs_256,256,128,35130,none,2cond,factorized_add,factor_balanced,True,final_skeleton,1.0,False,0.0,0.0,False,0.15,0.35,0.0002,0.02,1000,400000,64,0.9999,cosine,0.1,,False,,,,5script/eval100_top30.csv,100,50,4.0,0,1.3109821557998658,0.19764103808750697,,,,,,,,,,,,,,,,eval_auto
s5_2factor_B_latentstruct_pixelsk_opt,20260818-004938-s5-2factor-B-latentC-pixelsk-opt,30000,DiT-2Cond-B/2,pretrained_models/sd-vae-ft-ema,4,32,0.18215,5script/train_top30.csv,final_imgs_256,256,128,35130,none,2cond,factorized_add,factor_balanced,True,final_skeleton,1.0,False,0.0,0.0,False,0.15,0.35,0.0002,0.02,1000,400000,64,0.9999,cosine,0.1,,False,,,,5script/eval100_top30.csv,100,50,4.0,0,1.2752803087234497,0.20403789145251114,,,,,,,,,,,,,,,,eval_auto
s5_2factor_B_latentstruct_pixelsk_opt,20260818-004938-s5-2factor-B-latentC-pixelsk-opt,35000,DiT-2Cond-B/2,pretrained_models/sd-vae-ft-ema,4,32,0.18215,5script/train_top30.csv,final_imgs_256,256,128,35130,none,2cond,factorized_add,factor_balanced,True,final_skeleton,1.0,False,0.0,0.0,False,0.15,0.35,0.0002,0.02,1000,400000,64,0.9999,cosine,0.1,,False,,,,5script/eval100_top30.csv,100,50,4.0,0,1.1525019407272339,0.2501330959548552,,,,,,,,,,,,,,,,eval_auto
s5_2factor_B_latentstruct_pixelsk_opt,20260818-004938-s5-2factor-B-latentC-pixelsk-opt,40000,DiT-2Cond-B/2,pretrained_models/sd-vae-ft-ema,4,32,0.18215,5script/train_top30.csv,final_imgs_256,256,128,35130,none,2cond,factorized_add,factor_balanced,True,final_skeleton,1.0,False,0.0,0.0,False,0.15,0.35,0.0002,0.02,1000,400000,64,0.9999,cosine,0.1,,False,,,,5script/eval100_top30.csv,100,50,4.0,0,1.0802134037017823,0.29282041760782407,,,,,,,,,,,,,,,,eval_auto
s5_2factor_B_latentstruct_pixelsk_opt,20260818-004938-s5-2factor-B-latentC-pixelsk-opt,45000,DiT-2Cond-B/2,pretrained_models/sd-vae-ft-ema,4,32,0.18215,5script/train_top30.csv,final_imgs_256,256,128,35130,none,2cond,factorized_add,factor_balanced,True,final_skeleton,1.0,False,0.0,0.0,False,0.15,0.35,0.0002,0.02,1000,400000,64,0.9999,cosine,0.1,,False,,,,5script/eval100_top30.csv,100,50,4.0,0,1.026770567893982,0.32042237140238283,,,,,,,,,,,,,,,,eval_auto
s5_2factor_B_latentstruct_pixelsk_opt,20260818-004938-s5-2factor-B-latentC-pixelsk-opt,50000,DiT-2Cond-B/2,pretrained_models/sd-vae-ft-ema,4,32,0.18215,5script/train_top30.csv,final_imgs_256,256,128,35130,none,2cond,factorized_add,factor_balanced,True,final_skeleton,1.0,False,0.0,0.0,False,0.15,0.35,0.0002,0.02,1000,400000,64,0.9999,cosine,0.1,,False,,,,5script/eval100_top30.csv,100,50,4.0,0,0.9921665191650391,0.3323205463091532,,,,,,,,,,,,,,,,eval_auto
s5_2factor_B_latentstruct_pixelsk_opt,20260818-004938-s5-2factor-B-latentC-pixelsk-opt,55000,DiT-2Cond-B/2,pretrained_models/sd-vae-ft-ema,4,32,0.18215,5script/train_top30.csv,final_imgs_256,256,128,35130,none,2cond,factorized_add,factor_balanced,True,final_skeleton,1.0,False,0.0,0.0,False,0.15,0.35,0.0002,0.02,1000,400000,64,0.9999,cosine,0.1,,False,,,,5script/eval100_top30.csv,100,50,4.0,0,1.0219215750694275,0.306281312952439,,,,,,,,,,,,,,,,eval_auto
s5_2factor_B_latentstruct_pixelsk_opt,20260818-004938-s5-2factor-B-latentC-pixelsk-opt,60000,DiT-2Cond-B/2,pretrained_models/sd-vae-ft-ema,4,32,0.18215,5script/train_top30.csv,final_imgs_256,256,128,35130,none,2cond,factorized_add,factor_balanced,True,final_skeleton,1.0,False,0.0,0.0,False,0.15,0.35,0.0002,0.02,1000,400000,64,0.9999,cosine,0.1,,False,,,,5script/eval100_top30.csv,100,50,4.0,0,0.9991455674171448,0.3186404422546426,,,,,,,,,,,,,,,,eval_auto
s5_2factor_B_latentstruct_pixelsk_opt,20260818-004938-s5-2factor-B-latentC-pixelsk-opt,65000,DiT-2Cond-B/2,pretrained_models/sd-vae-ft-ema,4,32,0.18215,5script/train_top30.csv,final_imgs_256,256,128,35130,none,2cond,factorized_add,factor_balanced,True,final_skeleton,1.0,False,0.0,0.0,False,0.15,0.35,0.0002,0.02,1000,400000,64,0.9999,cosine,0.1,,False,,,,5script/eval100_top30.csv,100,50,4.0,0,1.0076084733009338,0.3158484156181415,,,,,,,,,,,,,,,,eval_auto
s5_2factor_B_latentstruct_pixelsk_opt,20260818-004938-s5-2factor-B-latentC-pixelsk-opt,70000,DiT-2Cond-B/2,pretrained_models/sd-vae-ft-ema,4,32,0.18215,5script/train_top30.csv,final_imgs_256,256,128,35130,none,2cond,factorized_add,factor_balanced,True,final_skeleton,1.0,False,0.0,0.0,False,0.15,0.35,0.0002,0.02,1000,400000,64,0.9999,cosine,0.1,,False,,,,5script/eval100_top30.csv,100,50,4.0,0,0.9911325216293335,0.3204257057855527,,,,,,,,,,,,,,,,eval_auto
s5_2factor_B_latentstruct_pixelsk_opt,20260818-004938-s5-2factor-B-latentC-pixelsk-opt,75000,DiT-2Cond-B/2,pretrained_models/sd-vae-ft-ema,4,32,0.18215,5script/train_top30.csv,final_imgs_256,256,128,35130,none,2cond,factorized_add,factor_balanced,True,final_skeleton,1.0,False,0.0,0.0,False,0.15,0.35,0.0002,0.02,1000,400000,64,0.9999,cosine,0.1,,False,,,,5script/eval100_top30.csv,100,50,4.0,0,0.942169189453125,0.3470981704443694,,,,,,,,,,,,,,,,eval_auto
s5_2factor_B_latentstruct_pixelsk_opt,20260818-004938-s5-2factor-B-latentC-pixelsk-opt,80000,DiT-2Cond-B/2,pretrained_models/sd-vae-ft-ema,4,32,0.18215,5script/train_top30.csv,final_imgs_256,256,128,35130,none,2cond,factorized_add,factor_balanced,True,final_skeleton,1.0,False,0.0,0.0,False,0.15,0.35,0.0002,0.02,1000,400000,64,0.9999,cosine,0.1,,False,,,,5script/eval100_top30.csv,100,50,4.0,0,0.9134945750236512,0.3675331652909517,,,,,,,,,,,,,,,,eval_auto
s5_2factor_B_latentstruct_pixelsk_opt,20260818-004938-s5-2factor-B-latentC-pixelsk-opt,85000,DiT-2Cond-B/2,pretrained_models/sd-vae-ft-ema,4,32,0.18215,5script/train_top30.csv,final_imgs_256,256,128,35130,none,2cond,factorized_add,factor_balanced,True,final_skeleton,1.0,False,0.0,0.0,False,0.15,0.35,0.0002,0.02,1000,400000,64,0.9999,cosine,0.1,,False,,,,5script/eval100_top30.csv,100,50,4.0,0,0.8920995831489563,0.38056915824611987,,,,,,,,,,,,,,,,eval_auto
s5_2factor_B_latentstruct_pixelsk_opt,20260818-004938-s5-2factor-B-latentC-pixelsk-opt,90000,DiT-2Cond-B/2,pretrained_models/sd-vae-ft-ema,4,32,0.18215,5script/train_top30.csv,final_imgs_256,256,128,35130,none,2cond,factorized_add,factor_balanced,True,final_skeleton,1.0,False,0.0,0.0,False,0.15,0.35,0.0002,0.02,1000,400000,64,0.9999,cosine,0.1,,False,,,,5script/eval100_top30.csv,100,50,4.0,0,0.9031116366386414,0.37287553742527946,,,,,,,,,,,,,,,,eval_auto
s5_2factor_B_latentstruct_pixelsk_opt,20260818-004938-s5-2factor-B-latentC-pixelsk-opt,95000,DiT-2Cond-B/2,pretrained_models/sd-vae-ft-ema,4,32,0.18215,5script/train_top30.csv,final_imgs_256,256,128,35130,none,2cond,factorized_add,factor_balanced,True,final_skeleton,1.0,False,0.0,0.0,False,0.15,0.35,0.0002,0.02,1000,400000,64,0.9999,cosine,0.1,,False,,,,5script/eval100_top30.csv,100,50,4.0,0,0.8852903366088867,0.3880716068545978,,,,,,,,,,,,,,,,eval_auto
s5_2factor_B_latentstruct_pixelsk_opt,20260818-004938-s5-2factor-B-latentC-pixelsk-opt,100000,DiT-2Cond-B/2,pretrained_models/sd-vae-ft-ema,4,32,0.18215,5script/train_top30.csv,final_imgs_256,256,128,35130,none,2cond,factorized_add,factor_balanced,True,final_skeleton,1.0,False,0.0,0.0,False,0.15,0.35,0.0002,0.02,1000,400000,64,0.9999,cosine,0.1,,False,,,,5script/eval100_top30.csv,100,50,4.0,0,0.8922491669654846,0.38426567402978745,,,,,,,,,,,,,,,,eval_auto
s5_2factor_B_latentstruct_pixelsk_opt,20260818-004938-s5-2factor-B-latentC-pixelsk-opt,105000,DiT-2Cond-B/2,pretrained_models/sd-vae-ft-ema,4,32,0.18215,5script/train_top30.csv,final_imgs_256,256,128,35130,none,2cond,factorized_add,factor_balanced,True,final_skeleton,1.0,False,0.0,0.0,False,0.15,0.35,0.0002,0.02,1000,400000,64,0.9999,cosine,0.1,,False,,,,5script/eval100_top30.csv,100,50,4.0,0,0.8753015041351319,0.3853703623513379,,,,,,,,,,,,,,,,eval_auto
s5_2factor_B_latentstruct_pixelsk_opt,20260818-004938-s5-2factor-B-latentC-pixelsk-opt,110000,DiT-2Cond-B/2,pretrained_models/sd-vae-ft-ema,4,32,0.18215,5script/train_top30.csv,final_imgs_256,256,128,35130,none,2cond,factorized_add,factor_balanced,True,final_skeleton,1.0,False,0.0,0.0,False,0.15,0.35,0.0002,0.02,1000,400000,64,0.9999,cosine,0.1,,False,,,,5script/eval100_top30.csv,100,50,4.0,0,0.8717227578163147,0.3895076345403989,,,,,,,,,,,,,,,,eval_auto
s5_2factor_B_latentstruct_pixelsk_opt,20260818-004938-s5-2factor-B-latentC-pixelsk-opt,115000,DiT-2Cond-B/2,pretrained_models/sd-vae-ft-ema,4,32,0.18215,5script/train_top30.csv,final_imgs_256,256,128,35130,none,2cond,factorized_add,factor_balanced,True,final_skeleton,1.0,False,0.0,0.0,False,0.15,0.35,0.0002,0.02,1000,400000,64,0.9999,cosine,0.1,,False,,,,5script/eval100_top30.csv,100,50,4.0,0,0.8714596390724182,0.39065266619126016,,,,,,,,,,,,,,,,eval_auto
s5_2factor_B_pixelfp32,20260819-125708-s5-2factor-B-pixelfp32,1000,DiT-2Cond-B/2,pretrained_models/sd-vae-ft-ema,4,32,0.18215,5script/train_top30.csv,final_imgs_256,256,128,35130,none,2cond,factorized_add,factor_balanced,True,final_skeleton,1.0,True,0.5,0.0,False,0.15,0.35,0.0002,0.02,1000,300000,32,0.9999,cosine,0.1,,False,,,,5script/eval100_top30.csv,100,50,4.0,0,2.1933322310447694,0.06281472326566775,,,,,,,,,,,,,,,,eval_auto
s5_2factor_B_pixelfp32,20260819-125708-s5-2factor-B-pixelfp32,2000,DiT-2Cond-B/2,pretrained_models/sd-vae-ft-ema,4,32,0.18215,5script/train_top30.csv,final_imgs_256,256,128,35130,none,2cond,factorized_add,factor_balanced,True,final_skeleton,1.0,True,0.5,0.0,False,0.15,0.35,0.0002,0.02,1000,300000,32,0.9999,cosine,0.1,,False,,,,5script/eval100_top30.csv,100,50,4.0,0,1.7757327210903169,0.08290642983590564,,,,,,,,,,,,,,,,eval_auto
s5_2factor_B_pixelfp32,20260819-125708-s5-2factor-B-pixelfp32,3000,DiT-2Cond-B/2,pretrained_models/sd-vae-ft-ema,4,32,0.18215,5script/train_top30.csv,final_imgs_256,256,128,35130,none,2cond,factorized_add,factor_balanced,True,final_skeleton,1.0,True,0.5,0.0,False,0.15,0.35,0.0002,0.02,1000,300000,32,0.9999,cosine,0.1,,False,,,,5script/eval100_top30.csv,100,50,4.0,0,1.7843239188194275,0.09735854212815562,,,,,,,,,,,,,,,,eval_auto
s5_2factor_B_pixelfp32,20260819-125708-s5-2factor-B-pixelfp32,4000,DiT-2Cond-B/2,pretrained_models/sd-vae-ft-ema,4,32,0.18215,5script/train_top30.csv,final_imgs_256,256,128,35130,none,2cond,factorized_add,factor_balanced,True,final_skeleton,1.0,True,0.5,0.0,False,0.15,0.35,0.0002,0.02,1000,300000,32,0.9999,cosine,0.1,,False,,,,5script/eval100_top30.csv,100,50,4.0,0,1.7354334354400636,0.10936136187364659,,,,,,,,,,,,,,,,eval_auto
s5_2factor_B_pixelfp32,20260819-125708-s5-2factor-B-pixelfp32,5000,DiT-2Cond-B/2,pretrained_models/sd-vae-ft-ema,4,32,0.18215,5script/train_top30.csv,final_imgs_256,256,128,35130,none,2cond,factorized_add,factor_balanced,True,final_skeleton,1.0,True,0.5,0.0,False,0.15,0.35,0.0002,0.02,1000,300000,32,0.9999,cosine,0.1,,False,,,,5script/eval100_top30.csv,100,50,4.0,0,1.6723485708236694,0.11914856776284674,,,,,,,,,,,,,,,,eval_auto
s5_2factor_B_pixelfp32,20260819-125708-s5-2factor-B-pixelfp32,10000,DiT-2Cond-B/2,pretrained_models/sd-vae-ft-ema,4,32,0.18215,5script/train_top30.csv,final_imgs_256,256,128,35130,none,2cond,factorized_add,factor_balanced,True,final_skeleton,1.0,True,0.5,0.0,False,0.15,0.35,0.0002,0.02,1000,300000,32,0.9999,cosine,0.1,,False,,,,5script/eval100_top30.csv,100,50,4.0,0,1.5539048755168914,0.14246314080742498,,,,,,,,,,,,,,,,eval_auto
s5_2factor_B_pixelfp32,20260819-125708-s5-2factor-B-pixelfp32,15000,DiT-2Cond-B/2,pretrained_models/sd-vae-ft-ema,4,32,0.18215,5script/train_top30.csv,final_imgs_256,256,128,35130,none,2cond,factorized_add,factor_balanced,True,final_skeleton,1.0,True,0.5,0.0,False,0.15,0.35,0.0002,0.02,1000,300000,32,0.9999,cosine,0.1,,False,,,,5script/eval100_top30.csv,100,50,4.0,0,1.4990105628967285,0.14519336525971693,,,,,,,,,,,,,,,,eval_auto
s5_2factor_B_pixelfp32,20260819-125708-s5-2factor-B-pixelfp32,20000,DiT-2Cond-B/2,pretrained_models/sd-vae-ft-ema,4,32,0.18215,5script/train_top30.csv,final_imgs_256,256,128,35130,none,2cond,factorized_add,factor_balanced,True,final_skeleton,1.0,True,0.5,0.0,False,0.15,0.35,0.0002,0.02,1000,300000,32,0.9999,cosine,0.1,,False,,,,5script/eval100_top30.csv,100,50,4.0,0,1.4069444310665131,0.15601993164668482,,,,,,,,,,,,,,,,eval_auto
s5_2factor_B_pixelfp32,20260819-125708-s5-2factor-B-pixelfp32,25000,DiT-2Cond-B/2,pretrained_models/sd-vae-ft-ema,4,32,0.18215,5script/train_top30.csv,final_imgs_256,256,128,35130,none,2cond,factorized_add,factor_balanced,True,final_skeleton,1.0,True,0.5,0.0,False,0.15,0.35,0.0002,0.02,1000,300000,32,0.9999,cosine,0.1,,False,,,,5script/eval100_top30.csv,100,50,4.0,0,1.3846848165988923,0.15785125805685918,,,,,,,,,,,,,,,,eval_auto
s5_2factor_B_pixelfp32,20260819-125708-s5-2factor-B-pixelfp32,30000,DiT-2Cond-B/2,pretrained_models/sd-vae-ft-ema,4,32,0.18215,5script/train_top30.csv,final_imgs_256,256,128,35130,none,2cond,factorized_add,factor_balanced,True,final_skeleton,1.0,True,0.5,0.0,False,0.15,0.35,0.0002,0.02,1000,300000,32,0.9999,cosine,0.1,,False,,,,5script/eval100_top30.csv,100,50,4.0,0,1.322079211473465,0.1727312521884839,,,,,,,,,,,,,,,,eval_auto
s5_2factor_B_pixelfp32,20260819-125708-s5-2factor-B-pixelfp32,35000,DiT-2Cond-B/2,pretrained_models/sd-vae-ft-ema,4,32,0.18215,5script/train_top30.csv,final_imgs_256,256,128,35130,none,2cond,factorized_add,factor_balanced,True,final_skeleton,1.0,True,0.5,0.0,False,0.15,0.35,0.0002,0.02,1000,300000,32,0.9999,cosine,0.1,,False,,,,5script/eval100_top30.csv,100,50,4.0,0,1.2960766351222992,0.18307768272235989,,,,,,,,,,,,,,,,eval_auto
s5_2factor_B_pixelfp32,20260819-125708-s5-2factor-B-pixelfp32,40000,DiT-2Cond-B/2,pretrained_models/sd-vae-ft-ema,4,32,0.18215,5script/train_top30.csv,final_imgs_256,256,128,35130,none,2cond,factorized_add,factor_balanced,True,final_skeleton,1.0,True,0.5,0.0,False,0.15,0.35,0.0002,0.02,1000,300000,32,0.9999,cosine,0.1,,False,,,,5script/eval100_top30.csv,100,50,4.0,0,1.2226140975952149,0.20996040323749182,,,,,,,,,,,,,,,,eval_auto
s5_2factor_B_pixelfp32,20260819-125708-s5-2factor-B-pixelfp32,45000,DiT-2Cond-B/2,pretrained_models/sd-vae-ft-ema,4,32,0.18215,5script/train_top30.csv,final_imgs_256,256,128,35130,none,2cond,factorized_add,factor_balanced,True,final_skeleton,1.0,True,0.5,0.0,False,0.15,0.35,0.0002,0.02,1000,300000,32,0.9999,cosine,0.1,,False,,,,5script/eval100_top30.csv,100,50,4.0,0,1.1827720367908479,0.2174994437396526,,,,,,,,,,,,,,,,eval_auto
s5_2factor_B_pixelfp32,20260819-125708-s5-2factor-B-pixelfp32,50000,DiT-2Cond-B/2,pretrained_models/sd-vae-ft-ema,4,32,0.18215,5script/train_top30.csv,final_imgs_256,256,128,35130,none,2cond,factorized_add,factor_balanced,True,final_skeleton,1.0,True,0.5,0.0,False,0.15,0.35,0.0002,0.02,1000,300000,32,0.9999,cosine,0.1,,False,,,,5script/eval100_top30.csv,100,50,4.0,0,1.142040719985962,0.23668370235711333,,,,,,,,,,,,,,,,eval_auto
s5_2factor_struct_post50k,20260817-114502-struct-post50k,55000,DiT-2Cond-S/2,pretrained_models/sd-vae-ft-ema,4,32,0.18215,5script/train_top30.csv,final_imgs_256,256,128,35130,none,2cond,factorized_add,factor_balanced,True,final_skeleton,0.5,True,0.5,0.0,False,0.15,0.35,0.0002,0.02,1000,200000,12,0.9999,cosine,0.1,5script/results/s5_2factor_top30/20260816-232040-s5-2factor-top30-bigbatch/checkpoints/0050000.pt,False,,,,5script/eval100_top30.csv,100,50,4.0,0,0.9151471078395843,0.5319235666592916,,,,,,,,,,,,,,,,eval_auto
s5_2factor_struct_post50k,20260817-114502-struct-post50k,60000,DiT-2Cond-S/2,pretrained_models/sd-vae-ft-ema,4,32,0.18215,5script/train_top30.csv,final_imgs_256,256,128,35130,none,2cond,factorized_add,factor_balanced,True,final_skeleton,0.5,True,0.5,0.0,False,0.15,0.35,0.0002,0.02,1000,200000,12,0.9999,cosine,0.1,5script/results/s5_2factor_top30/20260816-232040-s5-2factor-top30-bigbatch/checkpoints/0050000.pt,False,,,,5script/eval100_top30.csv,100,50,4.0,0,0.9694174706935883,0.507919504145781,,,,,,,,,,,,,,,,eval_auto
s5_2factor_top30,20260816-230931-s5-2factor-top30-bigbatch,1000,DiT-2Cond-S/2,pretrained_models/sd-vae-ft-ema,4,32,0.18215,5script/train_top30.csv,final_imgs_256,256,128,35130,none,2cond,factorized_add,factor_balanced,False,final_skeleton,0.0,False,0.0,0.0,False,0.15,0.35,0.0002,0.02,1000,50000,192,0.9999,cosine,0.1,,False,,,,5script/eval100_top30.csv,100,50,4.0,0,2.4657135963439942,0.11976828544866289,,,,,,,,,,,,,,,,eval_auto
s5_2factor_top30,20260816-232040-s5-2factor-top30-bigbatch,1000,DiT-2Cond-S/2,pretrained_models/sd-vae-ft-ema,4,32,0.18215,5script/train_top30.csv,final_imgs_256,256,128,35130,none,2cond,factorized_add,factor_balanced,False,final_skeleton,0.0,False,0.0,0.0,False,0.15,0.35,0.0002,0.02,1000,50000,192,0.9999,cosine,0.1,,False,,,,5script/eval100_top30.csv,100,50,4.0,0,2.280761241912842,0.13925504179283354,,,,,,,,,,,,,,,,eval_auto
s5_2factor_top30,20260816-232040-s5-2factor-top30-bigbatch,2000,DiT-2Cond-S/2,pretrained_models/sd-vae-ft-ema,4,32,0.18215,5script/train_top30.csv,final_imgs_256,256,128,35130,none,2cond,factorized_add,factor_balanced,False,final_skeleton,0.0,False,0.0,0.0,False,0.15,0.35,0.0002,0.02,1000,50000,192,0.9999,cosine,0.1,,False,,,,5script/eval100_top30.csv,100,50,4.0,0,1.3452633619308472,0.3264756343451639,,,,,,,,,,,,,,,,eval_auto
s5_2factor_top30,20260816-232040-s5-2factor-top30-bigbatch,3000,DiT-2Cond-S/2,pretrained_models/sd-vae-ft-ema,4,32,0.18215,5script/train_top30.csv,final_imgs_256,256,128,35130,none,2cond,factorized_add,factor_balanced,False,final_skeleton,0.0,False,0.0,0.0,False,0.15,0.35,0.0002,0.02,1000,50000,192,0.9999,cosine,0.1,,False,,,,5script/eval100_top30.csv,100,50,4.0,0,1.1498836040496827,0.38960526043937227,,,,,,,,,,,,,,,,eval_auto
s5_2factor_top30,20260816-232040-s5-2factor-top30-bigbatch,4000,DiT-2Cond-S/2,pretrained_models/sd-vae-ft-ema,4,32,0.18215,5script/train_top30.csv,final_imgs_256,256,128,35130,none,2cond,factorized_add,factor_balanced,False,final_skeleton,0.0,False,0.0,0.0,False,0.15,0.35,0.0002,0.02,1000,50000,192,0.9999,cosine,0.1,,False,,,,5script/eval100_top30.csv,100,50,4.0,0,1.1288978934288025,0.41533061054690407,,,,,,,,,,,,,,,,eval_auto
s5_2factor_top30,20260816-232040-s5-2factor-top30-bigbatch,5000,DiT-2Cond-S/2,pretrained_models/sd-vae-ft-ema,4,32,0.18215,5script/train_top30.csv,final_imgs_256,256,128,35130,none,2cond,factorized_add,factor_balanced,False,final_skeleton,0.0,False,0.0,0.0,False,0.15,0.35,0.0002,0.02,1000,50000,192,0.9999,cosine,0.1,,False,,,,5script/eval100_top30.csv,100,50,4.0,0,1.0888461112976073,0.43273170710696524,,,,,,,,,,,,,,,,eval_auto
s5_2factor_top30,20260816-232040-s5-2factor-top30-bigbatch,10000,DiT-2Cond-S/2,pretrained_models/sd-vae-ft-ema,4,32,0.18215,5script/train_top30.csv,final_imgs_256,256,128,35130,none,2cond,factorized_add,factor_balanced,False,final_skeleton,0.0,False,0.0,0.0,False,0.15,0.35,0.0002,0.02,1000,50000,192,0.9999,cosine,0.1,,False,,,,5script/eval100_top30.csv,100,50,4.0,0,1.010712480545044,0.4642048725361624,,,,,,,,,,,,,,,,eval_auto
s5_2factor_top30,20260816-232040-s5-2factor-top30-bigbatch,15000,DiT-2Cond-S/2,pretrained_models/sd-vae-ft-ema,4,32,0.18215,5script/train_top30.csv,final_imgs_256,256,128,35130,none,2cond,factorized_add,factor_balanced,False,final_skeleton,0.0,False,0.0,0.0,False,0.15,0.35,0.0002,0.02,1000,50000,192,0.9999,cosine,0.1,,False,,,,5script/eval100_top30.csv,100,50,4.0,0,0.9540937781333924,0.48064621098339555,,,,,,,,,,,,,,,,eval_auto
s5_2factor_top30,20260816-232040-s5-2factor-top30-bigbatch,20000,DiT-2Cond-S/2,pretrained_models/sd-vae-ft-ema,4,32,0.18215,5script/train_top30.csv,final_imgs_256,256,128,35130,none,2cond,factorized_add,factor_balanced,False,final_skeleton,0.0,False,0.0,0.0,False,0.15,0.35,0.0002,0.02,1000,50000,192,0.9999,cosine,0.1,,False,,,,5script/eval100_top30.csv,100,50,4.0,0,0.9176279425621032,0.4946894000718991,,,,,,,,,,,,,,,,eval_auto
s5_2factor_top30,20260816-232040-s5-2factor-top30-bigbatch,25000,DiT-2Cond-S/2,pretrained_models/sd-vae-ft-ema,4,32,0.18215,5script/train_top30.csv,final_imgs_256,256,128,35130,none,2cond,factorized_add,factor_balanced,False,final_skeleton,0.0,False,0.0,0.0,False,0.15,0.35,0.0002,0.02,1000,50000,192,0.9999,cosine,0.1,,False,,,,5script/eval100_top30.csv,100,50,4.0,0,0.8916491389274597,0.4995473547279834,,,,,,,,,,,,,,,,eval_auto
s5_2factor_top30,20260816-232040-s5-2factor-top30-bigbatch,30000,DiT-2Cond-S/2,pretrained_models/sd-vae-ft-ema,4,32,0.18215,5script/train_top30.csv,final_imgs_256,256,128,35130,none,2cond,factorized_add,factor_balanced,False,final_skeleton,0.0,False,0.0,0.0,False,0.15,0.35,0.0002,0.02,1000,50000,192,0.9999,cosine,0.1,,False,,,,5script/eval100_top30.csv,100,50,4.0,0,0.8866159200668335,0.5022783624877533,,,,,,,,,,,,,,,,eval_auto
s5_2factor_top30,20260816-232040-s5-2factor-top30-bigbatch,35000,DiT-2Cond-S/2,pretrained_models/sd-vae-ft-ema,4,32,0.18215,5script/train_top30.csv,final_imgs_256,256,128,35130,none,2cond,factorized_add,factor_balanced,False,final_skeleton,0.0,False,0.0,0.0,False,0.15,0.35,0.0002,0.02,1000,50000,192,0.9999,cosine,0.1,,False,,,,5script/eval100_top30.csv,100,50,4.0,0,0.8737819194793701,0.5063700831184785,,,,,,,,,,,,,,,,eval_auto
s5_2factor_top30,20260816-232040-s5-2factor-top30-bigbatch,40000,DiT-2Cond-S/2,pretrained_models/sd-vae-ft-ema,4,32,0.18215,5script/train_top30.csv,final_imgs_256,256,128,35130,none,2cond,factorized_add,factor_balanced,False,final_skeleton,0.0,False,0.0,0.0,False,0.15,0.35,0.0002,0.02,1000,50000,192,0.9999,cosine,0.1,,False,,,,5script/eval100_top30.csv,100,50,4.0,0,0.8675117373466492,0.507323652332028,,,,,,,,,,,,,,,,eval_auto
s5_2factor_top30,20260816-232040-s5-2factor-top30-bigbatch,45000,DiT-2Cond-S/2,pretrained_models/sd-vae-ft-ema,4,32,0.18215,5script/train_top30.csv,final_imgs_256,256,128,35130,none,2cond,factorized_add,factor_balanced,False,final_skeleton,0.0,False,0.0,0.0,False,0.15,0.35,0.0002,0.02,1000,50000,192,0.9999,cosine,0.1,,False,,,,5script/eval100_top30.csv,100,50,4.0,0,0.8649243116378784,0.5088919583708047,,,,,,,,,,,,,,,,eval_auto
s5_2factor_top30,20260816-232040-s5-2factor-top30-bigbatch,50000,DiT-2Cond-S/2,pretrained_models/sd-vae-ft-ema,4,32,0.18215,5script/train_top30.csv,final_imgs_256,256,128,35130,none,2cond,factorized_add,factor_balanced,False,final_skeleton,0.0,False,0.0,0.0,False,0.15,0.35,0.0002,0.02,1000,50000,192,0.9999,cosine,0.1,,False,,,,5script/eval100_top30.csv,100,50,4.0,0,0.8542936444282532,0.5120179172356921,,,,,,,,,,,,,,,,eval_auto
s5_2factor_top30,20260817-100535-s5-2factor-top30-bigbatch,55000,DiT-2Cond-S/2,pretrained_models/sd-vae-ft-ema,4,32,0.18215,5script/train_top30.csv,final_imgs_256,256,128,35130,none,2cond,factorized_add,factor_balanced,False,final_skeleton,0.0,False,0.0,0.0,False,0.15,0.35,0.0002,0.02,1000,200000,192,0.9999,cosine,0.1,5script/results/s5_2factor_top30/20260816-232040-s5-2factor-top30-bigbatch/checkpoints/0050000.pt,False,,,,5script/eval100_top30.csv,100,50,4.0,0,0.8587598204612732,0.5121579906344413,,,,,,,,,,,,,,,,eval_auto
s5_2factor_top30,20260817-100535-s5-2factor-top30-bigbatch,60000,DiT-2Cond-S/2,pretrained_models/sd-vae-ft-ema,4,32,0.18215,5script/train_top30.csv,final_imgs_256,256,128,35130,none,2cond,factorized_add,factor_balanced,False,final_skeleton,0.0,False,0.0,0.0,False,0.15,0.35,0.0002,0.02,1000,200000,192,0.9999,cosine,0.1,5script/results/s5_2factor_top30/20260816-232040-s5-2factor-top30-bigbatch/checkpoints/0050000.pt,False,,,,5script/eval100_top30.csv,100,50,4.0,0,0.8481303334236145,0.5175366716086865,,,,,,,,,,,,,,,,eval_auto
s5_2factor_top30,20260817-100535-s5-2factor-top30-bigbatch,65000,DiT-2Cond-S/2,pretrained_models/sd-vae-ft-ema,4,32,0.18215,5script/train_top30.csv,final_imgs_256,256,128,35130,none,2cond,factorized_add,factor_balanced,False,final_skeleton,0.0,False,0.0,0.0,False,0.15,0.35,0.0002,0.02,1000,200000,192,0.9999,cosine,0.1,5script/results/s5_2factor_top30/20260816-232040-s5-2factor-top30-bigbatch/checkpoints/0050000.pt,False,,,,5script/eval100_top30.csv,100,50,4.0,0,0.8446248650550843,0.5185963115096092,,,,,,,,,,,,,,,,eval_auto
s5_2factor_top30,20260817-100535-s5-2factor-top30-bigbatch,70000,DiT-2Cond-S/2,pretrained_models/sd-vae-ft-ema,4,32,0.18215,5script/train_top30.csv,final_imgs_256,256,128,35130,none,2cond,factorized_add,factor_balanced,False,final_skeleton,0.0,False,0.0,0.0,False,0.15,0.35,0.0002,0.02,1000,200000,192,0.9999,cosine,0.1,5script/results/s5_2factor_top30/20260816-232040-s5-2factor-top30-bigbatch/checkpoints/0050000.pt,False,,,,5script/eval100_top30.csv,100,50,4.0,0,0.8411690473556519,0.5197436941166718,,,,,,,,,,,,,,,,eval_auto
s6_top6_diffonly,20260819-225143-s6-top6-diffonly,1000,DiT-2Cond-S/2,pretrained_models/sd-vae-ft-ema,4,32,0.18215,5script/train_top6.csv,final_imgs_256,256,128,35130,none,2cond,factorized_add,factor_balanced,False,final_skeleton,0.0,False,0.0,0.0,False,0.15,0.35,0.0002,0.02,1000,200000,192,0.9999,cosine,0.1,,False,,,,5script/eval100_top6.csv,100,50,4.0,0,1.7804686844348907,0.17084802229500684,,,,,,,,,,,,,,,,eval_auto
s6_top6_diffonly,20260819-225143-s6-top6-diffonly,2000,DiT-2Cond-S/2,pretrained_models/sd-vae-ft-ema,4,32,0.18215,5script/train_top6.csv,final_imgs_256,256,128,35130,none,2cond,factorized_add,factor_balanced,False,final_skeleton,0.0,False,0.0,0.0,False,0.15,0.35,0.0002,0.02,1000,200000,192,0.9999,cosine,0.1,,False,,,,5script/eval100_top6.csv,100,50,4.0,0,1.0191666722297668,0.37028618631263577,,,,,,,,,,,,,,,,eval_auto
s6_top6_diffonly,20260819-225143-s6-top6-diffonly,3000,DiT-2Cond-S/2,pretrained_models/sd-vae-ft-ema,4,32,0.18215,5script/train_top6.csv,final_imgs_256,256,128,35130,none,2cond,factorized_add,factor_balanced,False,final_skeleton,0.0,False,0.0,0.0,False,0.15,0.35,0.0002,0.02,1000,200000,192,0.9999,cosine,0.1,,False,,,,5script/eval100_top6.csv,100,50,4.0,0,0.9897459119558334,0.418610281534493,,,,,,,,,,,,,,,,eval_auto
s6_top6_diffonly,20260819-225143-s6-top6-diffonly,4000,DiT-2Cond-S/2,pretrained_models/sd-vae-ft-ema,4,32,0.18215,5script/train_top6.csv,final_imgs_256,256,128,35130,none,2cond,factorized_add,factor_balanced,False,final_skeleton,0.0,False,0.0,0.0,False,0.15,0.35,0.0002,0.02,1000,200000,192,0.9999,cosine,0.1,,False,,,,5script/eval100_top6.csv,100,50,4.0,0,0.9841639161109924,0.4441434628764787,,,,,,,,,,,,,,,,eval_auto
s6_top6_diffonly,20260819-225143-s6-top6-diffonly,5000,DiT-2Cond-S/2,pretrained_models/sd-vae-ft-ema,4,32,0.18215,5script/train_top6.csv,final_imgs_256,256,128,35130,none,2cond,factorized_add,factor_balanced,False,final_skeleton,0.0,False,0.0,0.0,False,0.15,0.35,0.0002,0.02,1000,200000,192,0.9999,cosine,0.1,,False,,,,5script/eval100_top6.csv,100,50,4.0,0,0.9929304927587509,0.4530842410524686,,,,,,,,,,,,,,,,eval_auto
s6_top6_diffonly,20260819-225143-s6-top6-diffonly,10000,DiT-2Cond-S/2,pretrained_models/sd-vae-ft-ema,4,32,0.18215,5script/train_top6.csv,final_imgs_256,256,128,35130,none,2cond,factorized_add,factor_balanced,False,final_skeleton,0.0,False,0.0,0.0,False,0.15,0.35,0.0002,0.02,1000,200000,192,0.9999,cosine,0.1,,False,,,,5script/eval100_top6.csv,100,50,4.0,0,0.9647654086351395,0.46999392211437224,,,,,,,,,,,,,,,,eval_auto
s6_top6_diffonly,20260819-225143-s6-top6-diffonly,15000,DiT-2Cond-S/2,pretrained_models/sd-vae-ft-ema,4,32,0.18215,5script/train_top6.csv,final_imgs_256,256,128,35130,none,2cond,factorized_add,factor_balanced,False,final_skeleton,0.0,False,0.0,0.0,False,0.15,0.35,0.0002,0.02,1000,200000,192,0.9999,cosine,0.1,,False,,,,5script/eval100_top6.csv,100,50,4.0,0,0.9073919415473938,0.4882896366715431,,,,,,,,,,,,,,,,eval_auto
s6_top6_diffonly,20260819-225143-s6-top6-diffonly,20000,DiT-2Cond-S/2,pretrained_models/sd-vae-ft-ema,4,32,0.18215,5script/train_top6.csv,final_imgs_256,256,128,35130,none,2cond,factorized_add,factor_balanced,False,final_skeleton,0.0,False,0.0,0.0,False,0.15,0.35,0.0002,0.02,1000,200000,192,0.9999,cosine,0.1,,False,,,,5script/eval100_top6.csv,100,50,4.0,0,0.8487765699625015,0.5077561494708062,,,,,,,,,,,,,,,,eval_auto
s6_top6_diffonly,20260820-191536-s6-top6-diffonly-resume,25000,DiT-2Cond-S/2,pretrained_models/sd-vae-ft-ema,4,32,0.18215,5script/train_top6.csv,final_imgs_256,256,128,35130,none,2cond,factorized_add,factor_balanced,False,final_skeleton,0.0,False,0.0,0.0,False,0.15,0.35,0.0002,0.02,1000,200000,192,0.9999,cosine,0.1,5script/results/s6_top6_diffonly/20260819-225143-s6-top6-diffonly/checkpoints/0020000.pt,False,,,,5script/eval100_top6.csv,100,50,4.0,0,0.8027525812387466,0.525063182959954,,,,,,,,,,,,,,,,eval_auto
s6_top6_diffonly,20260820-191536-s6-top6-diffonly-resume,30000,DiT-2Cond-S/2,pretrained_models/sd-vae-ft-ema,4,32,0.18215,5script/train_top6.csv,final_imgs_256,256,128,35130,none,2cond,factorized_add,factor_balanced,False,final_skeleton,0.0,False,0.0,0.0,False,0.15,0.35,0.0002,0.02,1000,200000,192,0.9999,cosine,0.1,5script/results/s6_top6_diffonly/20260819-225143-s6-top6-diffonly/checkpoints/0020000.pt,False,,,,5script/eval100_top6.csv,100,50,4.0,0,0.7504552274942398,0.544934615145127,,,,,,,,,,,,,,,,eval_auto
s6_top6_diffonly,20260820-191536-s6-top6-diffonly-resume,35000,DiT-2Cond-S/2,pretrained_models/sd-vae-ft-ema,4,32,0.18215,5script/train_top6.csv,final_imgs_256,256,128,35130,none,2cond,factorized_add,factor_balanced,False,final_skeleton,0.0,False,0.0,0.0,False,0.15,0.35,0.0002,0.02,1000,200000,192,0.9999,cosine,0.1,5script/results/s6_top6_diffonly/20260819-225143-s6-top6-diffonly/checkpoints/0020000.pt,False,,,,5script/eval100_top6.csv,100,50,4.0,0,0.71551473736763,0.5585164699455103,,,,,,,,,,,,,,,,eval_auto
s6_top6_diffonly,20260820-191536-s6-top6-diffonly-resume,40000,DiT-2Cond-S/2,pretrained_models/sd-vae-ft-ema,4,32,0.18215,5script/train_top6.csv,final_imgs_256,256,128,35130,none,2cond,factorized_add,factor_balanced,False,final_skeleton,0.0,False,0.0,0.0,False,0.15,0.35,0.0002,0.02,1000,200000,192,0.9999,cosine,0.1,5script/results/s6_top6_diffonly/20260819-225143-s6-top6-diffonly/checkpoints/0020000.pt,False,,,,5script/eval100_top6.csv,100,50,4.0,0,0.68783490806818,0.5704671423137188,,,,,,,,,,,,,,,,eval_auto
s6_top6_diffonly,20260820-191536-s6-top6-diffonly-resume,45000,DiT-2Cond-S/2,pretrained_models/sd-vae-ft-ema,4,32,0.18215,5script/train_top6.csv,final_imgs_256,256,128,35130,none,2cond,factorized_add,factor_balanced,False,final_skeleton,0.0,False,0.0,0.0,False,0.15,0.35,0.0002,0.02,1000,200000,192,0.9999,cosine,0.1,5script/results/s6_top6_diffonly/20260819-225143-s6-top6-diffonly/checkpoints/0020000.pt,False,,,,5script/eval100_top6.csv,100,50,4.0,0,0.6618194237351418,0.5819165411094825,,,,,,,,,,,,,,,,eval_auto
s6_top6_diffonly,20260820-191536-s6-top6-diffonly-resume,50000,DiT-2Cond-S/2,pretrained_models/sd-vae-ft-ema,4,32,0.18215,5script/train_top6.csv,final_imgs_256,256,128,35130,none,2cond,factorized_add,factor_balanced,False,final_skeleton,0.0,False,0.0,0.0,False,0.15,0.35,0.0002,0.02,1000,200000,192,0.9999,cosine,0.1,5script/results/s6_top6_diffonly/20260819-225143-s6-top6-diffonly/checkpoints/0020000.pt,False,,,,5script/eval100_top6.csv,100,50,4.0,0,0.6292324513196945,0.5992799404263497,,,,,,,,,,,,,,,,eval_auto
s6_top6_diffonly,20260820-191536-s6-top6-diffonly-resume,55000,DiT-2Cond-S/2,pretrained_models/sd-vae-ft-ema,4,32,0.18215,5script/train_top6.csv,final_imgs_256,256,128,35130,none,2cond,factorized_add,factor_balanced,False,final_skeleton,0.0,False,0.0,0.0,False,0.15,0.35,0.0002,0.02,1000,200000,192,0.9999,cosine,0.1,5script/results/s6_top6_diffonly/20260819-225143-s6-top6-diffonly/checkpoints/0020000.pt,False,,,,5script/eval100_top6.csv,100,50,4.0,0,0.6036711439490319,0.614417977730433,,,,,,,,,,,,,,,,eval_auto
s6_top6_diffonly,20260820-191536-s6-top6-diffonly-resume,60000,DiT-2Cond-S/2,pretrained_models/sd-vae-ft-ema,4,32,0.18215,5script/train_top6.csv,final_imgs_256,256,128,35130,none,2cond,factorized_add,factor_balanced,False,final_skeleton,0.0,False,0.0,0.0,False,0.15,0.35,0.0002,0.02,1000,200000,192,0.9999,cosine,0.1,5script/results/s6_top6_diffonly/20260819-225143-s6-top6-diffonly/checkpoints/0020000.pt,False,,,,5script/eval100_top6.csv,100,50,4.0,0,0.588547657430172,0.6246127577622732,,,,,,,,,,,,,,,,eval_auto
s6_top6_diffonly,20260820-191536-s6-top6-diffonly-resume,65000,DiT-2Cond-S/2,pretrained_models/sd-vae-ft-ema,4,32,0.18215,5script/train_top6.csv,final_imgs_256,256,128,35130,none,2cond,factorized_add,factor_balanced,False,final_skeleton,0.0,False,0.0,0.0,False,0.15,0.35,0.0002,0.02,1000,200000,192,0.9999,cosine,0.1,5script/results/s6_top6_diffonly/20260819-225143-s6-top6-diffonly/checkpoints/0020000.pt,False,,,,5script/eval100_top6.csv,100,50,4.0,0,0.5698690950870514,0.6351047545671464,,,,,,,,,,,,,,,,eval_auto
s6_top6_diffonly,20260820-191536-s6-top6-diffonly-resume,70000,DiT-2Cond-S/2,pretrained_models/sd-vae-ft-ema,4,32,0.18215,5script/train_top6.csv,final_imgs_256,256,128,35130,none,2cond,factorized_add,factor_balanced,False,final_skeleton,0.0,False,0.0,0.0,False,0.15,0.35,0.0002,0.02,1000,200000,192,0.9999,cosine,0.1,5script/results/s6_top6_diffonly/20260819-225143-s6-top6-diffonly/checkpoints/0020000.pt,False,,,,5script/eval100_top6.csv,100,50,4.0,0,0.5553267613053322,0.6447926870981853,,,,,,,,,,,,,,,,eval_auto
s6_top6_diffonly,20260820-191536-s6-top6-diffonly-resume,75000,DiT-2Cond-S/2,pretrained_models/sd-vae-ft-ema,4,32,0.18215,5script/train_top6.csv,final_imgs_256,256,128,35130,none,2cond,factorized_add,factor_balanced,False,final_skeleton,0.0,False,0.0,0.0,False,0.15,0.35,0.0002,0.02,1000,200000,192,0.9999,cosine,0.1,5script/results/s6_top6_diffonly/20260819-225143-s6-top6-diffonly/checkpoints/0020000.pt,False,,,,5script/eval100_top6.csv,100,50,4.0,0,0.5414507985115051,0.6527848808964093,,,,,,,,,,,,,,,,eval_auto
s6_top6_diffonly,20260820-191536-s6-top6-diffonly-resume,80000,DiT-2Cond-S/2,pretrained_models/sd-vae-ft-ema,4,32,0.18215,5script/train_top6.csv,final_imgs_256,256,128,35130,none,2cond,factorized_add,factor_balanced,False,final_skeleton,0.0,False,0.0,0.0,False,0.15,0.35,0.0002,0.02,1000,200000,192,0.9999,cosine,0.1,5script/results/s6_top6_diffonly/20260819-225143-s6-top6-diffonly/checkpoints/0020000.pt,False,,,,5script/eval100_top6.csv,100,50,4.0,0,0.5300016179680824,0.6606335665782292,,,,,,,,,,,,,,,,eval_auto
s6_top6_diffonly,20260820-191536-s6-top6-diffonly-resume,85000,DiT-2Cond-S/2,pretrained_models/sd-vae-ft-ema,4,32,0.18215,5script/train_top6.csv,final_imgs_256,256,128,35130,none,2cond,factorized_add,factor_balanced,False,final_skeleton,0.0,False,0.0,0.0,False,0.15,0.35,0.0002,0.02,1000,200000,192,0.9999,cosine,0.1,5script/results/s6_top6_diffonly/20260819-225143-s6-top6-diffonly/checkpoints/0020000.pt,False,,,,5script/eval100_top6.csv,100,50,4.0,0,0.5258876964449882,0.6649564651648202,,,,,,,,,,,,,,,,eval_auto
s6_top6_diffonly,20260820-191536-s6-top6-diffonly-resume,90000,DiT-2Cond-S/2,pretrained_models/sd-vae-ft-ema,4,32,0.18215,5script/train_top6.csv,final_imgs_256,256,128,35130,none,2cond,factorized_add,factor_balanced,False,final_skeleton,0.0,False,0.0,0.0,False,0.15,0.35,0.0002,0.02,1000,200000,192,0.9999,cosine,0.1,5script/results/s6_top6_diffonly/20260819-225143-s6-top6-diffonly/checkpoints/0020000.pt,False,,,,5script/eval100_top6.csv,100,50,4.0,0,0.513680049777031,0.6718528946240743,,,,,,,,,,,,,,,,eval_auto
s6_top6_diffonly,20260820-191536-s6-top6-diffonly-resume,95000,DiT-2Cond-S/2,pretrained_models/sd-vae-ft-ema,4,32,0.18215,5script/train_top6.csv,final_imgs_256,256,128,35130,none,2cond,factorized_add,factor_balanced,False,final_skeleton,0.0,False,0.0,0.0,False,0.15,0.35,0.0002,0.02,1000,200000,192,0.9999,cosine,0.1,5script/results/s6_top6_diffonly/20260819-225143-s6-top6-diffonly/checkpoints/0020000.pt,False,,,,5script/eval100_top6.csv,100,50,4.0,0,0.5137258902192116,0.6746270620822906,,,,,,,,,,,,,,,,eval_auto
s6_top6_diffonly,20260820-191536-s6-top6-diffonly-resume,100000,DiT-2Cond-S/2,pretrained_models/sd-vae-ft-ema,4,32,0.18215,5script/train_top6.csv,final_imgs_256,256,128,35130,none,2cond,factorized_add,factor_balanced,False,final_skeleton,0.0,False,0.0,0.0,False,0.15,0.35,0.0002,0.02,1000,200000,192,0.9999,cosine,0.1,5script/results/s6_top6_diffonly/20260819-225143-s6-top6-diffonly/checkpoints/0020000.pt,False,,,,5script/eval100_top6.csv,100,50,4.0,0,0.5103395499289036,0.6782953297098477,,,,,,,,,,,,,,,,eval_auto
s6_top6_diffonly,20260820-191536-s6-top6-diffonly-resume,105000,DiT-2Cond-S/2,pretrained_models/sd-vae-ft-ema,4,32,0.18215,5script/train_top6.csv,final_imgs_256,256,128,35130,none,2cond,factorized_add,factor_balanced,False,final_skeleton,0.0,False,0.0,0.0,False,0.15,0.35,0.0002,0.02,1000,200000,192,0.9999,cosine,0.1,5script/results/s6_top6_diffonly/20260819-225143-s6-top6-diffonly/checkpoints/0020000.pt,False,,,,5script/eval100_top6.csv,100,50,4.0,0,0.49605678021907806,0.6857297703623771,,,,,,,,,,,,,,,,eval_auto
s6_top6_diffonly,20260820-191536-s6-top6-diffonly-resume,110000,DiT-2Cond-S/2,pretrained_models/sd-vae-ft-ema,4,32,0.18215,5script/train_top6.csv,final_imgs_256,256,128,35130,none,2cond,factorized_add,factor_balanced,False,final_skeleton,0.0,False,0.0,0.0,False,0.15,0.35,0.0002,0.02,1000,200000,192,0.9999,cosine,0.1,5script/results/s6_top6_diffonly/20260819-225143-s6-top6-diffonly/checkpoints/0020000.pt,False,,,,5script/eval100_top6.csv,100,50,4.0,0,0.4803699508309364,0.6935927412907281,,,,,,,,,,,,,,,,eval_auto
s6_top6_diffonly,20260820-191536-s6-top6-diffonly-resume,115000,DiT-2Cond-S/2,pretrained_models/sd-vae-ft-ema,4,32,0.18215,5script/train_top6.csv,final_imgs_256,256,128,35130,none,2cond,factorized_add,factor_balanced,False,final_skeleton,0.0,False,0.0,0.0,False,0.15,0.35,0.0002,0.02,1000,200000,192,0.9999,cosine,0.1,5script/results/s6_top6_diffonly/20260819-225143-s6-top6-diffonly/checkpoints/0020000.pt,False,,,,5script/eval100_top6.csv,100,50,4.0,0,0.4795639134943485,0.6950734405716261,,,,,,,,,,,,,,,,eval_auto
s6_top6_diffonly,20260820-191536-s6-top6-diffonly-resume,120000,DiT-2Cond-S/2,pretrained_models/sd-vae-ft-ema,4,32,0.18215,5script/train_top6.csv,final_imgs_256,256,128,35130,none,2cond,factorized_add,factor_balanced,False,final_skeleton,0.0,False,0.0,0.0,False,0.15,0.35,0.0002,0.02,1000,200000,192,0.9999,cosine,0.1,5script/results/s6_top6_diffonly/20260819-225143-s6-top6-diffonly/checkpoints/0020000.pt,False,,,,5script/eval100_top6.csv,100,50,4.0,0,0.47484463825821877,0.6995724565784137,,,,,,,,,,,,,,,,eval_auto
s6_top6_diffonly,20260820-191536-s6-top6-diffonly-resume,125000,DiT-2Cond-S/2,pretrained_models/sd-vae-ft-ema,4,32,0.18215,5script/train_top6.csv,final_imgs_256,256,128,35130,none,2cond,factorized_add,factor_balanced,False,final_skeleton,0.0,False,0.0,0.0,False,0.15,0.35,0.0002,0.02,1000,200000,192,0.9999,cosine,0.1,5script/results/s6_top6_diffonly/20260819-225143-s6-top6-diffonly/checkpoints/0020000.pt,False,,,,5script/eval100_top6.csv,100,50,4.0,0,0.46609672978520394,0.7052698112527529,,,,,,,,,,,,,,,,eval_auto
s6_top6_diffonly,20260820-191536-s6-top6-diffonly-resume,130000,DiT-2Cond-S/2,pretrained_models/sd-vae-ft-ema,4,32,0.18215,5script/train_top6.csv,final_imgs_256,256,128,35130,none,2cond,factorized_add,factor_balanced,False,final_skeleton,0.0,False,0.0,0.0,False,0.15,0.35,0.0002,0.02,1000,200000,192,0.9999,cosine,0.1,5script/results/s6_top6_diffonly/20260819-225143-s6-top6-diffonly/checkpoints/0020000.pt,False,,,,5script/eval100_top6.csv,100,50,4.0,0,0.4598318047821522,0.7094399239619572,,,,,,,,,,,,,,,,eval_auto
s6_top6_diffonly,20260820-191536-s6-top6-diffonly-resume,135000,DiT-2Cond-S/2,pretrained_models/sd-vae-ft-ema,4,32,0.18215,5script/train_top6.csv,final_imgs_256,256,128,35130,none,2cond,factorized_add,factor_balanced,False,final_skeleton,0.0,False,0.0,0.0,False,0.15,0.35,0.0002,0.02,1000,200000,192,0.9999,cosine,0.1,5script/results/s6_top6_diffonly/20260819-225143-s6-top6-diffonly/checkpoints/0020000.pt,False,,,,5script/eval100_top6.csv,100,50,4.0,0,0.45604881942272185,0.7139022886753082,,,,,,,,,,,,,,,,eval_auto
s6_top6_diffonly,20260820-191536-s6-top6-diffonly-resume,140000,DiT-2Cond-S/2,pretrained_models/sd-vae-ft-ema,4,32,0.18215,5script/train_top6.csv,final_imgs_256,256,128,35130,none,2cond,factorized_add,factor_balanced,False,final_skeleton,0.0,False,0.0,0.0,False,0.15,0.35,0.0002,0.02,1000,200000,192,0.9999,cosine,0.1,5script/results/s6_top6_diffonly/20260819-225143-s6-top6-diffonly/checkpoints/0020000.pt,False,,,,5script/eval100_top6.csv,100,50,4.0,0,0.4563566491007805,0.7148442851503691,,,,,,,,,,,,,,,,eval_auto
s6_top6_diffonly,20260820-191536-s6-top6-diffonly-resume,145000,DiT-2Cond-S/2,pretrained_models/sd-vae-ft-ema,4,32,0.18215,5script/train_top6.csv,final_imgs_256,256,128,35130,none,2cond,factorized_add,factor_balanced,False,final_skeleton,0.0,False,0.0,0.0,False,0.15,0.35,0.0002,0.02,1000,200000,192,0.9999,cosine,0.1,5script/results/s6_top6_diffonly/20260819-225143-s6-top6-diffonly/checkpoints/0020000.pt,False,,,,5script/eval100_top6.csv,100,50,4.0,0,0.44891131967306136,0.7185824955503146,,,,,,,,,,,,,,,,eval_auto
s6_top6_diffonly,20260820-191536-s6-top6-diffonly-resume,150000,DiT-2Cond-S/2,pretrained_models/sd-vae-ft-ema,4,32,0.18215,5script/train_top6.csv,final_imgs_256,256,128,35130,none,2cond,factorized_add,factor_balanced,False,final_skeleton,0.0,False,0.0,0.0,False,0.15,0.35,0.0002,0.02,1000,200000,192,0.9999,cosine,0.1,5script/results/s6_top6_diffonly/20260819-225143-s6-top6-diffonly/checkpoints/0020000.pt,False,,,,5script/eval100_top6.csv,100,50,4.0,0,0.4427506670355797,0.7219809035460155,,,,,,,,,,,,,,,,eval_auto
s6_top6_diffonly,20260820-191536-s6-top6-diffonly-resume,155000,DiT-2Cond-S/2,pretrained_models/sd-vae-ft-ema,4,32,0.18215,5script/train_top6.csv,final_imgs_256,256,128,35130,none,2cond,factorized_add,factor_balanced,False,final_skeleton,0.0,False,0.0,0.0,False,0.15,0.35,0.0002,0.02,1000,200000,192,0.9999,cosine,0.1,5script/results/s6_top6_diffonly/20260819-225143-s6-top6-diffonly/checkpoints/0020000.pt,False,,,,5script/eval100_top6.csv,100,50,4.0,0,0.4389443174004555,0.7249388339122136,,,,,,,,,,,,,,,,eval_auto
s6_top6_diffonly,20260820-191536-s6-top6-diffonly-resume,160000,DiT-2Cond-S/2,pretrained_models/sd-vae-ft-ema,4,32,0.18215,5script/train_top6.csv,final_imgs_256,256,128,35130,none,2cond,factorized_add,factor_balanced,False,final_skeleton,0.0,False,0.0,0.0,False,0.15,0.35,0.0002,0.02,1000,200000,192,0.9999,cosine,0.1,5script/results/s6_top6_diffonly/20260819-225143-s6-top6-diffonly/checkpoints/0020000.pt,False,,,,5script/eval100_top6.csv,100,50,4.0,0,0.43701051697134974,0.7263365279634795,,,,,,,,,,,,,,,,eval_auto
s6_top6_diffonly,20260820-191536-s6-top6-diffonly-resume,165000,DiT-2Cond-S/2,pretrained_models/sd-vae-ft-ema,4,32,0.18215,5script/train_top6.csv,final_imgs_256,256,128,35130,none,2cond,factorized_add,factor_balanced,False,final_skeleton,0.0,False,0.0,0.0,False,0.15,0.35,0.0002,0.02,1000,200000,192,0.9999,cosine,0.1,5script/results/s6_top6_diffonly/20260819-225143-s6-top6-diffonly/checkpoints/0020000.pt,False,,,,5script/eval100_top6.csv,100,50,4.0,0,0.4347177781164646,0.7276620807250341,,,,,,,,,,,,,,,,eval_auto
s6_top6_diffonly,20260820-191536-s6-top6-diffonly-resume,170000,DiT-2Cond-S/2,pretrained_models/sd-vae-ft-ema,4,32,0.18215,5script/train_top6.csv,final_imgs_256,256,128,35130,none,2cond,factorized_add,factor_balanced,False,final_skeleton,0.0,False,0.0,0.0,False,0.15,0.35,0.0002,0.02,1000,200000,192,0.9999,cosine,0.1,5script/results/s6_top6_diffonly/20260819-225143-s6-top6-diffonly/checkpoints/0020000.pt,False,,,,5script/eval100_top6.csv,100,50,4.0,0,0.43564238101243974,0.7273328744371733,,,,,,,,,,,,,,,,eval_auto
s6_top6_diffonly,20260820-191536-s6-top6-diffonly-resume,175000,DiT-2Cond-S/2,pretrained_models/sd-vae-ft-ema,4,32,0.18215,5script/train_top6.csv,final_imgs_256,256,128,35130,none,2cond,factorized_add,factor_balanced,False,final_skeleton,0.0,False,0.0,0.0,False,0.15,0.35,0.0002,0.02,1000,200000,192,0.9999,cosine,0.1,5script/results/s6_top6_diffonly/20260819-225143-s6-top6-diffonly/checkpoints/0020000.pt,False,,,,5script/eval100_top6.csv,100,50,4.0,0,0.43449208736419676,0.728724606136481,,,,,,,,,,,,,,,,eval_auto
s6_top6_diffonly,20260820-191536-s6-top6-diffonly-resume,180000,DiT-2Cond-S/2,pretrained_models/sd-vae-ft-ema,4,32,0.18215,5script/train_top6.csv,final_imgs_256,256,128,35130,none,2cond,factorized_add,factor_balanced,False,final_skeleton,0.0,False,0.0,0.0,False,0.15,0.35,0.0002,0.02,1000,200000,192,0.9999,cosine,0.1,5script/results/s6_top6_diffonly/20260819-225143-s6-top6-diffonly/checkpoints/0020000.pt,False,,,,5script/eval100_top6.csv,100,50,4.0,0,0.43370410799980164,0.729960720539093,,,,,,,,,,,,,,,,eval_auto
s6_top6_diffonly,20260820-191536-s6-top6-diffonly-resume,185000,DiT-2Cond-S/2,pretrained_models/sd-vae-ft-ema,4,32,0.18215,5script/train_top6.csv,final_imgs_256,256,128,35130,none,2cond,factorized_add,factor_balanced,False,final_skeleton,0.0,False,0.0,0.0,False,0.15,0.35,0.0002,0.02,1000,200000,192,0.9999,cosine,0.1,5script/results/s6_top6_diffonly/20260819-225143-s6-top6-diffonly/checkpoints/0020000.pt,False,,,,5script/eval100_top6.csv,100,50,4.0,0,0.4344334214925766,0.7304669038454692,,,,,,,,,,,,,,,,eval_auto
s6_top6_diffonly,20260820-191536-s6-top6-diffonly-resume,190000,DiT-2Cond-S/2,pretrained_models/sd-vae-ft-ema,4,32,0.18215,5script/train_top6.csv,final_imgs_256,256,128,35130,none,2cond,factorized_add,factor_balanced,False,final_skeleton,0.0,False,0.0,0.0,False,0.15,0.35,0.0002,0.02,1000,200000,192,0.9999,cosine,0.1,5script/results/s6_top6_diffonly/20260819-225143-s6-top6-diffonly/checkpoints/0020000.pt,False,,,,5script/eval100_top6.csv,100,50,4.0,0,0.4335103496909142,0.7310073258479436,,,,,,,,,,,,,,,,eval_auto
s6_top6_diffonly,20260820-191536-s6-top6-diffonly-resume,195000,DiT-2Cond-S/2,pretrained_models/sd-vae-ft-ema,4,32,0.18215,5script/train_top6.csv,final_imgs_256,256,128,35130,none,2cond,factorized_add,factor_balanced,False,final_skeleton,0.0,False,0.0,0.0,False,0.15,0.35,0.0002,0.02,1000,200000,192,0.9999,cosine,0.1,5script/results/s6_top6_diffonly/20260819-225143-s6-top6-diffonly/checkpoints/0020000.pt,False,,,,5script/eval100_top6.csv,100,50,4.0,0,0.4319276824593544,0.7321774784723917,,,,,,,,,,,,,,,,eval_auto
s6_top6_struct_fp32,20260820-002342-s6-top6-struct-fp32,1000,DiT-2Cond-S/2,pretrained_models/sd-vae-ft-ema,4,32,0.18215,5script/train_top6.csv,final_imgs_256,256,128,35130,none,2cond,factorized_add,factor_balanced,True,final_skeleton,1.0,True,0.5,0.0,False,0.15,0.35,0.0002,0.02,1000,200000,48,0.9999,cosine,0.1,,False,,,,5script/eval100_top6.csv,100,50,4.0,0,2.0126049160957336,0.07248121018211046,,,,,,,,,,,,,,,,eval_auto
s6_top6_struct_fp32,20260820-002342-s6-top6-struct-fp32,2000,DiT-2Cond-S/2,pretrained_models/sd-vae-ft-ema,4,32,0.18215,5script/train_top6.csv,final_imgs_256,256,128,35130,none,2cond,factorized_add,factor_balanced,True,final_skeleton,1.0,True,0.5,0.0,False,0.15,0.35,0.0002,0.02,1000,200000,48,0.9999,cosine,0.1,,False,,,,5script/eval100_top6.csv,100,50,4.0,0,1.8027225077152251,0.09656327567994596,,,,,,,,,,,,,,,,eval_auto
s6_top6_struct_fp32,20260820-002342-s6-top6-struct-fp32,3000,DiT-2Cond-S/2,pretrained_models/sd-vae-ft-ema,4,32,0.18215,5script/train_top6.csv,final_imgs_256,256,128,35130,none,2cond,factorized_add,factor_balanced,True,final_skeleton,1.0,True,0.5,0.0,False,0.15,0.35,0.0002,0.02,1000,200000,48,0.9999,cosine,0.1,,False,,,,5script/eval100_top6.csv,100,50,4.0,0,1.7677300572395325,0.11142517207190394,,,,,,,,,,,,,,,,eval_auto
s6_top6_struct_fp32,20260820-002342-s6-top6-struct-fp32,4000,DiT-2Cond-S/2,pretrained_models/sd-vae-ft-ema,4,32,0.18215,5script/train_top6.csv,final_imgs_256,256,128,35130,none,2cond,factorized_add,factor_balanced,True,final_skeleton,1.0,True,0.5,0.0,False,0.15,0.35,0.0002,0.02,1000,200000,48,0.9999,cosine,0.1,,False,,,,5script/eval100_top6.csv,100,50,4.0,0,1.645001435279846,0.12270706346879404,,,,,,,,,,,,,,,,eval_auto
s6_top6_struct_fp32,20260820-002342-s6-top6-struct-fp32,5000,DiT-2Cond-S/2,pretrained_models/sd-vae-ft-ema,4,32,0.18215,5script/train_top6.csv,final_imgs_256,256,128,35130,none,2cond,factorized_add,factor_balanced,True,final_skeleton,1.0,True,0.5,0.0,False,0.15,0.35,0.0002,0.02,1000,200000,48,0.9999,cosine,0.1,,False,,,,5script/eval100_top6.csv,100,50,4.0,0,1.6301395833492278,0.13112361026306948,,,,,,,,,,,,,,,,eval_auto
s6_top6_struct_fp32,20260820-002342-s6-top6-struct-fp32,10000,DiT-2Cond-S/2,pretrained_models/sd-vae-ft-ema,4,32,0.18215,5script/train_top6.csv,final_imgs_256,256,128,35130,none,2cond,factorized_add,factor_balanced,True,final_skeleton,1.0,True,0.5,0.0,False,0.15,0.35,0.0002,0.02,1000,200000,48,0.9999,cosine,0.1,,False,,,,5script/eval100_top6.csv,100,50,4.0,0,1.604947853088379,0.1380438636864225,,,,,,,,,,,,,,,,eval_auto
s6_top6_struct_fp32,20260820-002342-s6-top6-struct-fp32,15000,DiT-2Cond-S/2,pretrained_models/sd-vae-ft-ema,4,32,0.18215,5script/train_top6.csv,final_imgs_256,256,128,35130,none,2cond,factorized_add,factor_balanced,True,final_skeleton,1.0,True,0.5,0.0,False,0.15,0.35,0.0002,0.02,1000,200000,48,0.9999,cosine,0.1,,False,,,,5script/eval100_top6.csv,100,50,4.0,0,1.5267054200172425,0.15356843560934066,,,,,,,,,,,,,,,,eval_auto
s6_top6_struct_fp32,20260820-002342-s6-top6-struct-fp32,20000,DiT-2Cond-S/2,pretrained_models/sd-vae-ft-ema,4,32,0.18215,5script/train_top6.csv,final_imgs_256,256,128,35130,none,2cond,factorized_add,factor_balanced,True,final_skeleton,1.0,True,0.5,0.0,False,0.15,0.35,0.0002,0.02,1000,200000,48,0.9999,cosine,0.1,,False,,,,5script/eval100_top6.csv,100,50,4.0,0,1.4571756899356842,0.1617235163847606,,,,,,,,,,,,,,,,eval_auto
s6_top6_struct_fp32,20260820-002342-s6-top6-struct-fp32,25000,DiT-2Cond-S/2,pretrained_models/sd-vae-ft-ema,4,32,0.18215,5script/train_top6.csv,final_imgs_256,256,128,35130,none,2cond,factorized_add,factor_balanced,True,final_skeleton,1.0,True,0.5,0.0,False,0.15,0.35,0.0002,0.02,1000,200000,48,0.9999,cosine,0.1,,False,,,,5script/eval100_top6.csv,100,50,4.0,0,1.4432883441448212,0.16436330543210112,,,,,,,,,,,,,,,,eval_auto
s6_top6_struct_fp32,20260820-002342-s6-top6-struct-fp32,30000,DiT-2Cond-S/2,pretrained_models/sd-vae-ft-ema,4,32,0.18215,5script/train_top6.csv,final_imgs_256,256,128,35130,none,2cond,factorized_add,factor_balanced,True,final_skeleton,1.0,True,0.5,0.0,False,0.15,0.35,0.0002,0.02,1000,200000,48,0.9999,cosine,0.1,,False,,,,5script/eval100_top6.csv,100,50,4.0,0,1.37457278072834,0.1807360106582443,,,,,,,,,,,,,,,,eval_auto
s6_top6_struct_fp32,20260820-002342-s6-top6-struct-fp32,35000,DiT-2Cond-S/2,pretrained_models/sd-vae-ft-ema,4,32,0.18215,5script/train_top6.csv,final_imgs_256,256,128,35130,none,2cond,factorized_add,factor_balanced,True,final_skeleton,1.0,True,0.5,0.0,False,0.15,0.35,0.0002,0.02,1000,200000,48,0.9999,cosine,0.1,,False,,,,5script/eval100_top6.csv,100,50,4.0,0,1.3245760947465897,0.18625850415478148,,,,,,,,,,,,,,,,eval_auto
s6_top6_struct_fp32,20260820-002342-s6-top6-struct-fp32,40000,DiT-2Cond-S/2,pretrained_models/sd-vae-ft-ema,4,32,0.18215,5script/train_top6.csv,final_imgs_256,256,128,35130,none,2cond,factorized_add,factor_balanced,True,final_skeleton,1.0,True,0.5,0.0,False,0.15,0.35,0.0002,0.02,1000,200000,48,0.9999,cosine,0.1,,False,,,,5script/eval100_top6.csv,100,50,4.0,0,1.2905968606472016,0.19455950406690437,,,,,,,,,,,,,,,,eval_auto
s6_top6_struct_fp32,20260820-002342-s6-top6-struct-fp32,45000,DiT-2Cond-S/2,pretrained_models/sd-vae-ft-ema,4,32,0.18215,5script/train_top6.csv,final_imgs_256,256,128,35130,none,2cond,factorized_add,factor_balanced,True,final_skeleton,1.0,True,0.5,0.0,False,0.15,0.35,0.0002,0.02,1000,200000,48,0.9999,cosine,0.1,,False,,,,5script/eval100_top6.csv,100,50,4.0,0,1.2410771191120147,0.20092086426913738,,,,,,,,,,,,,,,,eval_auto
s6_top6_struct_fp32,20260820-002342-s6-top6-struct-fp32,50000,DiT-2Cond-S/2,pretrained_models/sd-vae-ft-ema,4,32,0.18215,5script/train_top6.csv,final_imgs_256,256,128,35130,none,2cond,factorized_add,factor_balanced,True,final_skeleton,1.0,True,0.5,0.0,False,0.15,0.35,0.0002,0.02,1000,200000,48,0.9999,cosine,0.1,,False,,,,5script/eval100_top6.csv,100,50,4.0,0,1.1773093700408936,0.21805385399609803,,,,,,,,,,,,,,,,eval_auto
s6_top6_struct_fp32,20260820-002342-s6-top6-struct-fp32,55000,DiT-2Cond-S/2,pretrained_models/sd-vae-ft-ema,4,32,0.18215,5script/train_top6.csv,final_imgs_256,256,128,35130,none,2cond,factorized_add,factor_balanced,True,final_skeleton,1.0,True,0.5,0.0,False,0.15,0.35,0.0002,0.02,1000,200000,48,0.9999,cosine,0.1,,False,,,,5script/eval100_top6.csv,100,50,4.0,0,1.115589553117752,0.24728700535992781,,,,,,,,,,,,,,,,eval_auto
s6_top6_struct_fp32,20260820-002342-s6-top6-struct-fp32,60000,DiT-2Cond-S/2,pretrained_models/sd-vae-ft-ema,4,32,0.18215,5script/train_top6.csv,final_imgs_256,256,128,35130,none,2cond,factorized_add,factor_balanced,True,final_skeleton,1.0,True,0.5,0.0,False,0.15,0.35,0.0002,0.02,1000,200000,48,0.9999,cosine,0.1,,False,,,,5script/eval100_top6.csv,100,50,4.0,0,1.072104611992836,0.2622350357472897,,,,,,,,,,,,,,,,eval_auto
s6_top6_struct_fp32,20260820-002342-s6-top6-struct-fp32,65000,DiT-2Cond-S/2,pretrained_models/sd-vae-ft-ema,4,32,0.18215,5script/train_top6.csv,final_imgs_256,256,128,35130,none,2cond,factorized_add,factor_balanced,True,final_skeleton,1.0,True,0.5,0.0,False,0.15,0.35,0.0002,0.02,1000,200000,48,0.9999,cosine,0.1,,False,,,,5script/eval100_top6.csv,100,50,4.0,0,1.0173779666423797,0.29002282709504174,,,,,,,,,,,,,,,,eval_auto
s6_top6_struct_fp32,20260820-002342-s6-top6-struct-fp32,70000,DiT-2Cond-S/2,pretrained_models/sd-vae-ft-ema,4,32,0.18215,5script/train_top6.csv,final_imgs_256,256,128,35130,none,2cond,factorized_add,factor_balanced,True,final_skeleton,1.0,True,0.5,0.0,False,0.15,0.35,0.0002,0.02,1000,200000,48,0.9999,cosine,0.1,,False,,,,5script/eval100_top6.csv,100,50,4.0,0,0.9854444473981857,0.31539762523956594,,,,,,,,,,,,,,,,eval_auto
s6_top6_struct_fp32,20260820-002342-s6-top6-struct-fp32,75000,DiT-2Cond-S/2,pretrained_models/sd-vae-ft-ema,4,32,0.18215,5script/train_top6.csv,final_imgs_256,256,128,35130,none,2cond,factorized_add,factor_balanced,True,final_skeleton,1.0,True,0.5,0.0,False,0.15,0.35,0.0002,0.02,1000,200000,48,0.9999,cosine,0.1,,False,,,,5script/eval100_top6.csv,100,50,4.0,0,0.971973305940628,0.32911446676899997,,,,,,,,,,,,,,,,eval_auto
s6_top6_struct_fp32,20260820-002342-s6-top6-struct-fp32,80000,DiT-2Cond-S/2,pretrained_models/sd-vae-ft-ema,4,32,0.18215,5script/train_top6.csv,final_imgs_256,256,128,35130,none,2cond,factorized_add,factor_balanced,True,final_skeleton,1.0,True,0.5,0.0,False,0.15,0.35,0.0002,0.02,1000,200000,48,0.9999,cosine,0.1,,False,,,,5script/eval100_top6.csv,100,50,4.0,0,0.9401011049747467,0.32900102093815803,,,,,,,,,,,,,,,,eval_auto
s6_top6_struct_fp32,20260820-002342-s6-top6-struct-fp32,85000,DiT-2Cond-S/2,pretrained_models/sd-vae-ft-ema,4,32,0.18215,5script/train_top6.csv,final_imgs_256,256,128,35130,none,2cond,factorized_add,factor_balanced,True,final_skeleton,1.0,True,0.5,0.0,False,0.15,0.35,0.0002,0.02,1000,200000,48,0.9999,cosine,0.1,,False,,,,5script/eval100_top6.csv,100,50,4.0,0,0.9181195378303528,0.3301250905233125,,,,,,,,,,,,,,,,eval_auto
s6_top6_struct_fp32,20260820-002342-s6-top6-struct-fp32,90000,DiT-2Cond-S/2,pretrained_models/sd-vae-ft-ema,4,32,0.18215,5script/train_top6.csv,final_imgs_256,256,128,35130,none,2cond,factorized_add,factor_balanced,True,final_skeleton,1.0,True,0.5,0.0,False,0.15,0.35,0.0002,0.02,1000,200000,48,0.9999,cosine,0.1,,False,,,,5script/eval100_top6.csv,100,50,4.0,0,0.9104858696460724,0.3314068634187181,,,,,,,,,,,,,,,,eval_auto
s6_top6_struct_fp32,20260821-073004-s6-top6-struct-fp32-resume,95000,DiT-2Cond-S/2,pretrained_models/sd-vae-ft-ema,4,32,0.18215,5script/train_top6.csv,final_imgs_256,256,128,35130,none,2cond,factorized_add,factor_balanced,True,final_skeleton,1.0,True,0.5,0.0,False,0.15,0.35,0.0002,0.02,1000,200000,48,0.9999,cosine,0.1,5script/results/s6_top6_struct_fp32/20260820-002342-s6-top6-struct-fp32/checkpoints/0090000.pt,False,,,,5script/eval100_top6.csv,100,50,4.0,0,0.8926339358091354,0.3394721585450073,,,,,,,,,,,,,,,,eval_auto
s6_top6_struct_fp32,20260821-073004-s6-top6-struct-fp32-resume,100000,DiT-2Cond-S/2,pretrained_models/sd-vae-ft-ema,4,32,0.18215,5script/train_top6.csv,final_imgs_256,256,128,35130,none,2cond,factorized_add,factor_balanced,True,final_skeleton,1.0,True,0.5,0.0,False,0.15,0.35,0.0002,0.02,1000,200000,48,0.9999,cosine,0.1,5script/results/s6_top6_struct_fp32/20260820-002342-s6-top6-struct-fp32/checkpoints/0090000.pt,False,,,,5script/eval100_top6.csv,100,50,4.0,0,0.8729092180728912,0.3482103523053229,,,,,,,,,,,,,,,,eval_auto
s6_top6_struct_fp32,20260821-073004-s6-top6-struct-fp32-resume,105000,DiT-2Cond-S/2,pretrained_models/sd-vae-ft-ema,4,32,0.18215,5script/train_top6.csv,final_imgs_256,256,128,35130,none,2cond,factorized_add,factor_balanced,True,final_skeleton,1.0,True,0.5,0.0,False,0.15,0.35,0.0002,0.02,1000,200000,48,0.9999,cosine,0.1,5script/results/s6_top6_struct_fp32/20260820-002342-s6-top6-struct-fp32/checkpoints/0090000.pt,False,,,,5script/eval100_top6.csv,100,50,4.0,0,0.8494129806756974,0.36054621256267033,,,,,,,,,,,,,,,,eval_auto
s6_top6_struct_fp32,20260821-073004-s6-top6-struct-fp32-resume,110000,DiT-2Cond-S/2,pretrained_models/sd-vae-ft-ema,4,32,0.18215,5script/train_top6.csv,final_imgs_256,256,128,35130,none,2cond,factorized_add,factor_balanced,True,final_skeleton,1.0,True,0.5,0.0,False,0.15,0.35,0.0002,0.02,1000,200000,48,0.9999,cosine,0.1,5script/results/s6_top6_struct_fp32/20260820-002342-s6-top6-struct-fp32/checkpoints/0090000.pt,False,,,,5script/eval100_top6.csv,100,50,4.0,0,0.8236186087131501,0.3787771466188133,,,,,,,,,,,,,,,,eval_auto
s6_top6_struct_fp32,20260821-073004-s6-top6-struct-fp32-resume,115000,DiT-2Cond-S/2,pretrained_models/sd-vae-ft-ema,4,32,0.18215,5script/train_top6.csv,final_imgs_256,256,128,35130,none,2cond,factorized_add,factor_balanced,True,final_skeleton,1.0,True,0.5,0.0,False,0.15,0.35,0.0002,0.02,1000,200000,48,0.9999,cosine,0.1,5script/results/s6_top6_struct_fp32/20260820-002342-s6-top6-struct-fp32/checkpoints/0090000.pt,False,,,,5script/eval100_top6.csv,100,50,4.0,0,0.8037517130374908,0.3909032614373913,,,,,,,,,,,,,,,,eval_auto
s6_top6_struct_fp32,20260821-073004-s6-top6-struct-fp32-resume,120000,DiT-2Cond-S/2,pretrained_models/sd-vae-ft-ema,4,32,0.18215,5script/train_top6.csv,final_imgs_256,256,128,35130,none,2cond,factorized_add,factor_balanced,True,final_skeleton,1.0,True,0.5,0.0,False,0.15,0.35,0.0002,0.02,1000,200000,48,0.9999,cosine,0.1,5script/results/s6_top6_struct_fp32/20260820-002342-s6-top6-struct-fp32/checkpoints/0090000.pt,False,,,,5script/eval100_top6.csv,100,50,4.0,0,0.7880033552646637,0.40302885913600517,,,,,,,,,,,,,,,,eval_auto
s6_top6_struct_fp32,20260821-073004-s6-top6-struct-fp32-resume,125000,DiT-2Cond-S/2,pretrained_models/sd-vae-ft-ema,4,32,0.18215,5script/train_top6.csv,final_imgs_256,256,128,35130,none,2cond,factorized_add,factor_balanced,True,final_skeleton,1.0,True,0.5,0.0,False,0.15,0.35,0.0002,0.02,1000,200000,48,0.9999,cosine,0.1,5script/results/s6_top6_struct_fp32/20260820-002342-s6-top6-struct-fp32/checkpoints/0090000.pt,False,,,,5script/eval100_top6.csv,100,50,4.0,0,0.7828371167182923,0.40436201946809885,,,,,,,,,,,,,,,,eval_auto
s6_top6_struct_fp32_full,20260820-161241-s6-top6-struct-fp32-fullbatch,1000,DiT-2Cond-S/2,pretrained_models/sd-vae-ft-ema,4,32,0.18215,5script/train_top6.csv,final_imgs_256,256,128,35130,none,2cond,factorized_add,factor_balanced,True,final_skeleton,1.0,True,0.5,0.0,False,0.15,0.35,0.0002,0.02,1000,200000,8,0.9999,cosine,0.1,,False,,,,5script/eval100_top6.csv,100,50,4.0,0,2.029248261451721,0.06999415731057525,,,,,,,,,,,,,,,,eval_auto
s6_top6_struct_fp32_full,20260820-161241-s6-top6-struct-fp32-fullbatch,2000,DiT-2Cond-S/2,pretrained_models/sd-vae-ft-ema,4,32,0.18215,5script/train_top6.csv,final_imgs_256,256,128,35130,none,2cond,factorized_add,factor_balanced,True,final_skeleton,1.0,True,0.5,0.0,False,0.15,0.35,0.0002,0.02,1000,200000,8,0.9999,cosine,0.1,,False,,,,5script/eval100_top6.csv,100,50,4.0,0,1.7474146425724029,0.09623653326183558,,,,,,,,,,,,,,,,eval_auto
s6_top6_struct_fp32_full,20260820-161241-s6-top6-struct-fp32-fullbatch,3000,DiT-2Cond-S/2,pretrained_models/sd-vae-ft-ema,4,32,0.18215,5script/train_top6.csv,final_imgs_256,256,128,35130,none,2cond,factorized_add,factor_balanced,True,final_skeleton,1.0,True,0.5,0.0,False,0.15,0.35,0.0002,0.02,1000,200000,8,0.9999,cosine,0.1,,False,,,,5script/eval100_top6.csv,100,50,4.0,0,1.6861393392086028,0.11376986072709164,,,,,,,,,,,,,,,,eval_auto
s6_top6_struct_fp32_full,20260820-161241-s6-top6-struct-fp32-fullbatch,4000,DiT-2Cond-S/2,pretrained_models/sd-vae-ft-ema,4,32,0.18215,5script/train_top6.csv,final_imgs_256,256,128,35130,none,2cond,factorized_add,factor_balanced,True,final_skeleton,1.0,True,0.5,0.0,False,0.15,0.35,0.0002,0.02,1000,200000,8,0.9999,cosine,0.1,,False,,,,5script/eval100_top6.csv,100,50,4.0,0,1.671145212650299,0.12226998638361693,,,,,,,,,,,,,,,,eval_auto
s6_top6_struct_fp32_full,20260820-161241-s6-top6-struct-fp32-fullbatch,5000,DiT-2Cond-S/2,pretrained_models/sd-vae-ft-ema,4,32,0.18215,5script/train_top6.csv,final_imgs_256,256,128,35130,none,2cond,factorized_add,factor_balanced,True,final_skeleton,1.0,True,0.5,0.0,False,0.15,0.35,0.0002,0.02,1000,200000,8,0.9999,cosine,0.1,,False,,,,5script/eval100_top6.csv,100,50,4.0,0,1.7133215844631196,0.12622429980585972,,,,,,,,,,,,,,,,eval_auto
s6_top6_struct_fp32_full,20260820-161241-s6-top6-struct-fp32-fullbatch,10000,DiT-2Cond-S/2,pretrained_models/sd-vae-ft-ema,4,32,0.18215,5script/train_top6.csv,final_imgs_256,256,128,35130,none,2cond,factorized_add,factor_balanced,True,final_skeleton,1.0,True,0.5,0.0,False,0.15,0.35,0.0002,0.02,1000,200000,8,0.9999,cosine,0.1,,False,,,,5script/eval100_top6.csv,100,50,4.0,0,1.5612035870552063,0.14101998242239158,,,,,,,,,,,,,,,,eval_auto
s6_top6_struct_fp32_full,20260820-161241-s6-top6-struct-fp32-fullbatch,15000,DiT-2Cond-S/2,pretrained_models/sd-vae-ft-ema,4,32,0.18215,5script/train_top6.csv,final_imgs_256,256,128,35130,none,2cond,factorized_add,factor_balanced,True,final_skeleton,1.0,True,0.5,0.0,False,0.15,0.35,0.0002,0.02,1000,200000,8,0.9999,cosine,0.1,,False,,,,5script/eval100_top6.csv,100,50,4.0,0,1.4541930854320526,0.16602777880926925,,,,,,,,,,,,,,,,eval_auto
s7_klf4_top30,20260823-163710-s7-klf4-top30-diffonly,1000,DiT-2Cond-S/4,pretrained_models/sd-vae-ft-ema,4,32,0.18215,5script/train_top30.csv,final_imgs_256,256,128,35130,none,2cond,factorized_add,random,False,final_skeleton,0.0,False,0.0,0.0,False,0.25,0.5,0.0002,0.02,2000,600000,224,0.9999,cosine,0.1,,False,,,,5script/eval100_top30.csv,100,50,4.0,0,1.9919251346588134,0.050939861992374054,,,,,,,,,,,,,,,,eval_auto
s7_klf4_top30,20260823-163710-s7-klf4-top30-diffonly,2000,DiT-2Cond-S/4,pretrained_models/sd-vae-ft-ema,4,32,0.18215,5script/train_top30.csv,final_imgs_256,256,128,35130,none,2cond,factorized_add,random,False,final_skeleton,0.0,False,0.0,0.0,False,0.25,0.5,0.0002,0.02,2000,600000,224,0.9999,cosine,0.1,,False,,,,5script/eval100_top30.csv,100,50,4.0,0,1.690897488594055,0.11910734886497566,,,,,,,,,,,,,,,,eval_auto
s7_klf4_top30,20260823-163710-s7-klf4-top30-diffonly,3000,DiT-2Cond-S/4,pretrained_models/sd-vae-ft-ema,4,32,0.18215,5script/train_top30.csv,final_imgs_256,256,128,35130,none,2cond,factorized_add,random,False,final_skeleton,0.0,False,0.0,0.0,False,0.25,0.5,0.0002,0.02,2000,600000,224,0.9999,cosine,0.1,,False,,,,5script/eval100_top30.csv,100,50,4.0,0,1.5482553005218507,0.23415059719739165,,,,,,,,,,,,,,,,eval_auto
s7_klf4_top30,20260823-163710-s7-klf4-top30-diffonly,4000,DiT-2Cond-S/4,pretrained_models/sd-vae-ft-ema,4,32,0.18215,5script/train_top30.csv,final_imgs_256,256,128,35130,none,2cond,factorized_add,random,False,final_skeleton,0.0,False,0.0,0.0,False,0.25,0.5,0.0002,0.02,2000,600000,224,0.9999,cosine,0.1,,False,,,,5script/eval100_top30.csv,100,50,4.0,0,1.3276457786560059,0.3193362204932298,,,,,,,,,,,,,,,,eval_auto
s7_klf4_top30,20260823-163710-s7-klf4-top30-diffonly,5000,DiT-2Cond-S/4,pretrained_models/sd-vae-ft-ema,4,32,0.18215,5script/train_top30.csv,final_imgs_256,256,128,35130,none,2cond,factorized_add,random,False,final_skeleton,0.0,False,0.0,0.0,False,0.25,0.5,0.0002,0.02,2000,600000,224,0.9999,cosine,0.1,,False,,,,5script/eval100_top30.csv,100,50,4.0,0,1.3759566843509674,0.34812693831510844,,,,,,,,,,,,,,,,eval_auto
s7_klf4_top30,20260823-163710-s7-klf4-top30-diffonly,10000,DiT-2Cond-S/4,pretrained_models/sd-vae-ft-ema,4,32,0.18215,5script/train_top30.csv,final_imgs_256,256,128,35130,none,2cond,factorized_add,random,False,final_skeleton,0.0,False,0.0,0.0,False,0.25,0.5,0.0002,0.02,2000,600000,224,0.9999,cosine,0.1,,False,,,,5script/eval100_top30.csv,100,50,4.0,0,1.106708014011383,0.4248427299658457,,,,,,,,,,,,,,,,eval_auto
s7_klf4_top30,20260823-163710-s7-klf4-top30-diffonly,15000,DiT-2Cond-S/4,pretrained_models/sd-vae-ft-ema,4,32,0.18215,5script/train_top30.csv,final_imgs_256,256,128,35130,none,2cond,factorized_add,random,False,final_skeleton,0.0,False,0.0,0.0,False,0.25,0.5,0.0002,0.02,2000,600000,224,0.9999,cosine,0.1,,False,,,,5script/eval100_top30.csv,100,50,4.0,0,1.0122367978096007,0.46061369029184185,,,,,,,,,,,,,,,,eval_auto
s7_klf4_top30,20260823-163710-s7-klf4-top30-diffonly,20000,DiT-2Cond-S/4,pretrained_models/sd-vae-ft-ema,4,32,0.18215,5script/train_top30.csv,final_imgs_256,256,128,35130,none,2cond,factorized_add,random,False,final_skeleton,0.0,False,0.0,0.0,False,0.25,0.5,0.0002,0.02,2000,600000,224,0.9999,cosine,0.1,,False,,,,5script/eval100_top30.csv,100,50,4.0,0,0.982609748840332,0.47445345059037214,,,,,,,,,,,,,,,,eval_auto
s7_klf4_top30,20260823-163710-s7-klf4-top30-diffonly,25000,DiT-2Cond-S/4,pretrained_models/sd-vae-ft-ema,4,32,0.18215,5script/train_top30.csv,final_imgs_256,256,128,35130,none,2cond,factorized_add,random,False,final_skeleton,0.0,False,0.0,0.0,False,0.25,0.5,0.0002,0.02,2000,600000,224,0.9999,cosine,0.1,,False,,,,5script/eval100_top30.csv,100,50,4.0,0,0.970482075214386,0.4820926302671433,,,,,,,,,,,,,,,,eval_auto
s7_klf4_top30,20260823-163710-s7-klf4-top30-diffonly,30000,DiT-2Cond-S/4,pretrained_models/sd-vae-ft-ema,4,32,0.18215,5script/train_top30.csv,final_imgs_256,256,128,35130,none,2cond,factorized_add,random,False,final_skeleton,0.0,False,0.0,0.0,False,0.25,0.5,0.0002,0.02,2000,600000,224,0.9999,cosine,0.1,,False,,,,5script/eval100_top30.csv,100,50,4.0,0,0.9510507047176361,0.4908719513813654,,,,,,,,,,,,,,,,eval_auto
s7_klf4_top30,20260823-163710-s7-klf4-top30-diffonly,35000,DiT-2Cond-S/4,pretrained_models/sd-vae-ft-ema,4,32,0.18215,5script/train_top30.csv,final_imgs_256,256,128,35130,none,2cond,factorized_add,random,False,final_skeleton,0.0,False,0.0,0.0,False,0.25,0.5,0.0002,0.02,2000,600000,224,0.9999,cosine,0.1,,False,,,,5script/eval100_top30.csv,100,50,4.0,0,0.928756058216095,0.49437215685844416,,,,,,,,,,,,,,,,eval_auto
s7_klf4_top30,20260823-163710-s7-klf4-top30-diffonly,40000,DiT-2Cond-S/4,pretrained_models/sd-vae-ft-ema,4,32,0.18215,5script/train_top30.csv,final_imgs_256,256,128,35130,none,2cond,factorized_add,random,False,final_skeleton,0.0,False,0.0,0.0,False,0.25,0.5,0.0002,0.02,2000,600000,224,0.9999,cosine,0.1,,False,,,,5script/eval100_top30.csv,100,50,4.0,0,0.9241706013679505,0.4985990657409033,,,,,,,,,,,,,,,,eval_auto
s7_klf4_top30,20260823-163710-s7-klf4-top30-diffonly,45000,DiT-2Cond-S/4,pretrained_models/sd-vae-ft-ema,4,32,0.18215,5script/train_top30.csv,final_imgs_256,256,128,35130,none,2cond,factorized_add,random,False,final_skeleton,0.0,False,0.0,0.0,False,0.25,0.5,0.0002,0.02,2000,600000,224,0.9999,cosine,0.1,,False,,,,5script/eval100_top30.csv,100,50,4.0,0,0.9120108425617218,0.502438623259465,,,,,,,,,,,,,,,,eval_auto
s7_klf4_top30,20260823-163710-s7-klf4-top30-diffonly,50000,DiT-2Cond-S/4,pretrained_models/sd-vae-ft-ema,4,32,0.18215,5script/train_top30.csv,final_imgs_256,256,128,35130,none,2cond,factorized_add,random,False,final_skeleton,0.0,False,0.0,0.0,False,0.25,0.5,0.0002,0.02,2000,600000,224,0.9999,cosine,0.1,,False,,,,5script/eval100_top30.csv,100,50,4.0,0,0.9188778817653656,0.5002317703763645,,,,,,,,,,,,,,,,eval_auto
s7_klf4_top30,20260823-163710-s7-klf4-top30-diffonly,55000,DiT-2Cond-S/4,pretrained_models/sd-vae-ft-ema,4,32,0.18215,5script/train_top30.csv,final_imgs_256,256,128,35130,none,2cond,factorized_add,random,False,final_skeleton,0.0,False,0.0,0.0,False,0.25,0.5,0.0002,0.02,2000,600000,224,0.9999,cosine,0.1,,False,,,,5script/eval100_top30.csv,100,50,4.0,0,0.9211194097995759,0.500656301130851,,,,,,,,,,,,,,,,eval_auto
s7_klf4_top30,20260823-163710-s7-klf4-top30-diffonly,60000,DiT-2Cond-S/4,pretrained_models/sd-vae-ft-ema,4,32,0.18215,5script/train_top30.csv,final_imgs_256,256,128,35130,none,2cond,factorized_add,random,False,final_skeleton,0.0,False,0.0,0.0,False,0.25,0.5,0.0002,0.02,2000,600000,224,0.9999,cosine,0.1,,False,,,,5script/eval100_top30.csv,100,50,4.0,0,0.9240012466907501,0.5019807410240174,,,,,,,,,,,,,,,,eval_auto
s7_klf4_top30,20260823-163710-s7-klf4-top30-diffonly,65000,DiT-2Cond-S/4,pretrained_models/sd-vae-ft-ema,4,32,0.18215,5script/train_top30.csv,final_imgs_256,256,128,35130,none,2cond,factorized_add,random,False,final_skeleton,0.0,False,0.0,0.0,False,0.25,0.5,0.0002,0.02,2000,600000,224,0.9999,cosine,0.1,,False,,,,5script/eval100_top30.csv,100,50,4.0,0,0.9111212611198425,0.5052018992602825,,,,,,,,,,,,,,,,eval_auto
s7_klf4_top30,20260823-163710-s7-klf4-top30-diffonly,70000,DiT-2Cond-S/4,pretrained_models/sd-vae-ft-ema,4,32,0.18215,5script/train_top30.csv,final_imgs_256,256,128,35130,none,2cond,factorized_add,random,False,final_skeleton,0.0,False,0.0,0.0,False,0.25,0.5,0.0002,0.02,2000,600000,224,0.9999,cosine,0.1,,False,,,,5script/eval100_top30.csv,100,50,4.0,0,0.9087667047977448,0.5073366198937098,,,,,,,,,,,,,,,,eval_auto
s7_klf4_top30,20260823-163710-s7-klf4-top30-diffonly,75000,DiT-2Cond-S/4,pretrained_models/sd-vae-ft-ema,4,32,0.18215,5script/train_top30.csv,final_imgs_256,256,128,35130,none,2cond,factorized_add,random,False,final_skeleton,0.0,False,0.0,0.0,False,0.25,0.5,0.0002,0.02,2000,600000,224,0.9999,cosine,0.1,,False,,,,5script/eval100_top30.csv,100,50,4.0,0,0.8879292488098145,0.5089679986735185,,,,,,,,,,,,,,,,eval_auto
s7_ramp_b8all,20260821-142832-s7-ramp-b8all,200000,DiT-2Cond-S/2,pretrained_models/sd-vae-ft-ema,4,32,0.18215,5script/train_top6.csv,final_imgs_256,256,128,35130,none,2cond,factorized_add,factor_balanced,True,final_skeleton,1.0,True,0.5,0.0,False,0.15,0.35,0.0001,0.02,1000,275000,8,0.9999,cosine,0.1,5script/results/s6_top6_diffonly/20260820-191536-s6-top6-diffonly-resume/checkpoints/0195000.pt,False,,,,5script/eval100_top6.csv,100,50,4.0,0,0.5350607603788375,0.6523932916671038,,,,,,,,,,,,,,,,eval_auto
s7_ramp_b8all,20260821-142832-s7-ramp-b8all,205000,DiT-2Cond-S/2,pretrained_models/sd-vae-ft-ema,4,32,0.18215,5script/train_top6.csv,final_imgs_256,256,128,35130,none,2cond,factorized_add,factor_balanced,True,final_skeleton,1.0,True,0.5,0.0,False,0.15,0.35,0.0001,0.02,1000,275000,8,0.9999,cosine,0.1,5script/results/s6_top6_diffonly/20260820-191536-s6-top6-diffonly-resume/checkpoints/0195000.pt,False,,,,5script/eval100_top6.csv,100,50,4.0,0,0.6647750601172447,0.5767868033299843,,,,,,,,,,,,,,,,eval_auto
s7_ramp_b8all,20260821-142832-s7-ramp-b8all,210000,DiT-2Cond-S/2,pretrained_models/sd-vae-ft-ema,4,32,0.18215,5script/train_top6.csv,final_imgs_256,256,128,35130,none,2cond,factorized_add,factor_balanced,True,final_skeleton,1.0,True,0.5,0.0,False,0.15,0.35,0.0001,0.02,1000,275000,8,0.9999,cosine,0.1,5script/results/s6_top6_diffonly/20260820-191536-s6-top6-diffonly-resume/checkpoints/0195000.pt,False,,,,5script/eval100_top6.csv,100,50,4.0,0,0.7284214630722999,0.5556767315169175,,,,,,,,,,,,,,,,eval_auto
s7_ramp_b8all,20260821-142832-s7-ramp-b8all,215000,DiT-2Cond-S/2,pretrained_models/sd-vae-ft-ema,4,32,0.18215,5script/train_top6.csv,final_imgs_256,256,128,35130,none,2cond,factorized_add,factor_balanced,True,final_skeleton,1.0,True,0.5,0.0,False,0.15,0.35,0.0001,0.02,1000,275000,8,0.9999,cosine,0.1,5script/results/s6_top6_diffonly/20260820-191536-s6-top6-diffonly-resume/checkpoints/0195000.pt,False,,,,5script/eval100_top6.csv,100,50,4.0,0,0.7592582494020462,0.5460994079957405,,,,,,,,,,,,,,,,eval_auto
s7_ramp_b8all,20260821-142832-s7-ramp-b8all,220000,DiT-2Cond-S/2,pretrained_models/sd-vae-ft-ema,4,32,0.18215,5script/train_top6.csv,final_imgs_256,256,128,35130,none,2cond,factorized_add,factor_balanced,True,final_skeleton,1.0,True,0.5,0.0,False,0.15,0.35,0.0001,0.02,1000,275000,8,0.9999,cosine,0.1,5script/results/s6_top6_diffonly/20260820-191536-s6-top6-diffonly-resume/checkpoints/0195000.pt,False,,,,5script/eval100_top6.csv,100,50,4.0,0,0.7787503182888031,0.5397804278632005,,,,,,,,,,,,,,,,eval_auto
s7_ramp_b8all,20260821-142832-s7-ramp-b8all,225000,DiT-2Cond-S/2,pretrained_models/sd-vae-ft-ema,4,32,0.18215,5script/train_top6.csv,final_imgs_256,256,128,35130,none,2cond,factorized_add,factor_balanced,True,final_skeleton,1.0,True,0.5,0.0,False,0.15,0.35,0.0001,0.02,1000,275000,8,0.9999,cosine,0.1,5script/results/s6_top6_diffonly/20260820-191536-s6-top6-diffonly-resume/checkpoints/0195000.pt,False,,,,5script/eval100_top6.csv,100,50,4.0,0,0.7860923409461975,0.5380816451708477,,,,,,,,,,,,,,,,eval_auto
s7_ramp_b8all,20260821-142832-s7-ramp-b8all,230000,DiT-2Cond-S/2,pretrained_models/sd-vae-ft-ema,4,32,0.18215,5script/train_top6.csv,final_imgs_256,256,128,35130,none,2cond,factorized_add,factor_balanced,True,final_skeleton,1.0,True,0.5,0.0,False,0.15,0.35,0.0001,0.02,1000,275000,8,0.9999,cosine,0.1,5script/results/s6_top6_diffonly/20260820-191536-s6-top6-diffonly-resume/checkpoints/0195000.pt,False,,,,5script/eval100_top6.csv,100,50,4.0,0,0.7855832606554032,0.5411322837074597,,,,,,,,,,,,,,,,eval_auto
s7_ramp_b8all,20260821-142832-s7-ramp-b8all,235000,DiT-2Cond-S/2,pretrained_models/sd-vae-ft-ema,4,32,0.18215,5script/train_top6.csv,final_imgs_256,256,128,35130,none,2cond,factorized_add,factor_balanced,True,final_skeleton,1.0,True,0.5,0.0,False,0.15,0.35,0.0001,0.02,1000,275000,8,0.9999,cosine,0.1,5script/results/s6_top6_diffonly/20260820-191536-s6-top6-diffonly-resume/checkpoints/0195000.pt,False,,,,5script/eval100_top6.csv,100,50,4.0,0,0.7822590053081513,0.544625985150536,,,,,,,,,,,,,,,,eval_auto
s8_klf4_clean_dino,20260823-234546-s8-klf4-clean-dino,1000,DiT-2Cond-S/4,pretrained_models/sd-vae-ft-ema,4,32,0.18215,5script/train_top30_clean.csv,final_imgs_256,768,128,35130,pretrained_models/dino_embeddings/glyph_dino_embeddings.npy,2cond,factorized_add,random,False,final_skeleton,0.0,False,0.0,0.0,False,0.25,0.5,0.0002,0.02,2000,600000,224,0.9999,cosine,0.1,,False,,,,5script/eval100_top30_clean.csv,100,50,4.0,0,1.6841784318288167,0.09363866398910968,,,,,,,,,,,,,,,,eval_auto
s8_klf4_clean_dino,20260823-234546-s8-klf4-clean-dino,2000,DiT-2Cond-S/4,pretrained_models/sd-vae-ft-ema,4,32,0.18215,5script/train_top30_clean.csv,final_imgs_256,768,128,35130,pretrained_models/dino_embeddings/glyph_dino_embeddings.npy,2cond,factorized_add,random,False,final_skeleton,0.0,False,0.0,0.0,False,0.25,0.5,0.0002,0.02,2000,600000,224,0.9999,cosine,0.1,,False,,,,5script/eval100_top30_clean.csv,100,50,4.0,0,1.5103862285614014,0.21454555801768654,,,,,,,,,,,,,,,,eval_auto
s8_klf4_clean_dino,20260823-234546-s8-klf4-clean-dino,3000,DiT-2Cond-S/4,pretrained_models/sd-vae-ft-ema,4,32,0.18215,5script/train_top30_clean.csv,final_imgs_256,768,128,35130,pretrained_models/dino_embeddings/glyph_dino_embeddings.npy,2cond,factorized_add,random,False,final_skeleton,0.0,False,0.0,0.0,False,0.25,0.5,0.0002,0.02,2000,600000,224,0.9999,cosine,0.1,,False,,,,5script/eval100_top30_clean.csv,100,50,4.0,0,1.4847737153371174,0.2531693529817236,,,,,,,,,,,,,,,,eval_auto
s8_klf4_clean_dino,20260823-234546-s8-klf4-clean-dino,4000,DiT-2Cond-S/4,pretrained_models/sd-vae-ft-ema,4,32,0.18215,5script/train_top30_clean.csv,final_imgs_256,768,128,35130,pretrained_models/dino_embeddings/glyph_dino_embeddings.npy,2cond,factorized_add,random,False,final_skeleton,0.0,False,0.0,0.0,False,0.25,0.5,0.0002,0.02,2000,600000,224,0.9999,cosine,0.1,,False,,,,5script/eval100_top30_clean.csv,100,50,4.0,0,1.3985244234402974,0.2908224367415214,,,,,,,,,,,,,,,,eval_auto
s8_klf4_clean_dino,20260823-234546-s8-klf4-clean-dino,5000,DiT-2Cond-S/4,pretrained_models/sd-vae-ft-ema,4,32,0.18215,5script/train_top30_clean.csv,final_imgs_256,768,128,35130,pretrained_models/dino_embeddings/glyph_dino_embeddings.npy,2cond,factorized_add,random,False,final_skeleton,0.0,False,0.0,0.0,False,0.25,0.5,0.0002,0.02,2000,600000,224,0.9999,cosine,0.1,,False,,,,5script/eval100_top30_clean.csv,100,50,4.0,0,1.348614772160848,0.3147904668898824,,,,,,,,,,,,,,,,eval_auto
s8_klf4_clean_dino,20260823-234546-s8-klf4-clean-dino,10000,DiT-2Cond-S/4,pretrained_models/sd-vae-ft-ema,4,32,0.18215,5script/train_top30_clean.csv,final_imgs_256,768,128,35130,pretrained_models/dino_embeddings/glyph_dino_embeddings.npy,2cond,factorized_add,random,False,final_skeleton,0.0,False,0.0,0.0,False,0.25,0.5,0.0002,0.02,2000,600000,224,0.9999,cosine,0.1,,False,,,,5script/eval100_top30_clean.csv,100,50,4.0,0,1.0062206387519836,0.4287133006713329,,,,,,,,,,,,,,,,eval_auto
s8_klf4_clean_dino,20260823-234546-s8-klf4-clean-dino,15000,DiT-2Cond-S/4,pretrained_models/sd-vae-ft-ema,4,32,0.18215,5script/train_top30_clean.csv,final_imgs_256,768,128,35130,pretrained_models/dino_embeddings/glyph_dino_embeddings.npy,2cond,factorized_add,random,False,final_skeleton,0.0,False,0.0,0.0,False,0.25,0.5,0.0002,0.02,2000,600000,224,0.9999,cosine,0.1,,False,,,,5script/eval100_top30_clean.csv,100,50,4.0,0,0.9561930596828461,0.46041933307026195,,,,,,,,,,,,,,,,eval_auto
s8_klf4_clean_dino,20260823-234546-s8-klf4-clean-dino,20000,DiT-2Cond-S/4,pretrained_models/sd-vae-ft-ema,4,32,0.18215,5script/train_top30_clean.csv,final_imgs_256,768,128,35130,pretrained_models/dino_embeddings/glyph_dino_embeddings.npy,2cond,factorized_add,random,False,final_skeleton,0.0,False,0.0,0.0,False,0.25,0.5,0.0002,0.02,2000,600000,224,0.9999,cosine,0.1,,False,,,,5script/eval100_top30_clean.csv,100,50,4.0,0,0.9187518755594889,0.4826123671144502,,,,,,,,,,,,,,,,eval_auto
s8_klf4_clean_dino,20260823-234546-s8-klf4-clean-dino,25000,DiT-2Cond-S/4,pretrained_models/sd-vae-ft-ema,4,32,0.18215,5script/train_top30_clean.csv,final_imgs_256,768,128,35130,pretrained_models/dino_embeddings/glyph_dino_embeddings.npy,2cond,factorized_add,random,False,final_skeleton,0.0,False,0.0,0.0,False,0.25,0.5,0.0002,0.02,2000,600000,224,0.9999,cosine,0.1,,False,,,,5script/eval100_top30_clean.csv,100,50,4.0,0,0.90758083264033,0.48923961327880877,,,,,,,,,,,,,,,,eval_auto
s8_klf4_clean_dino,20260823-234546-s8-klf4-clean-dino,30000,DiT-2Cond-S/4,pretrained_models/sd-vae-ft-ema,4,32,0.18215,5script/train_top30_clean.csv,final_imgs_256,768,128,35130,pretrained_models/dino_embeddings/glyph_dino_embeddings.npy,2cond,factorized_add,random,False,final_skeleton,0.0,False,0.0,0.0,False,0.25,0.5,0.0002,0.02,2000,600000,224,0.9999,cosine,0.1,,False,,,,5script/eval100_top30_clean.csv,100,50,4.0,0,0.895603726307551,0.49666700620427096,,,,,,,,,,,,,,,,eval_auto
s8_klf4_clean_dino,20260823-234546-s8-klf4-clean-dino,35000,DiT-2Cond-S/4,pretrained_models/sd-vae-ft-ema,4,32,0.18215,5script/train_top30_clean.csv,final_imgs_256,768,128,35130,pretrained_models/dino_embeddings/glyph_dino_embeddings.npy,2cond,factorized_add,random,False,final_skeleton,0.0,False,0.0,0.0,False,0.25,0.5,0.0002,0.02,2000,600000,224,0.9999,cosine,0.1,,False,,,,5script/eval100_top30_clean.csv,100,50,4.0,0,0.8887832562128702,0.5006830561110096,,,,,,,,,,,,,,,,eval_auto
s8_klf4_clean_dino,20260823-234546-s8-klf4-clean-dino,40000,DiT-2Cond-S/4,pretrained_models/sd-vae-ft-ema,4,32,0.18215,5script/train_top30_clean.csv,final_imgs_256,768,128,35130,pretrained_models/dino_embeddings/glyph_dino_embeddings.npy,2cond,factorized_add,random,False,final_skeleton,0.0,False,0.0,0.0,False,0.25,0.5,0.0002,0.02,2000,600000,224,0.9999,cosine,0.1,,False,,,,5script/eval100_top30_clean.csv,100,50,4.0,0,0.8922057350476583,0.5001946017782911,,,,,,,,,,,,,,,,eval_auto
s8_klf4_clean_dino,20260823-234546-s8-klf4-clean-dino,45000,DiT-2Cond-S/4,pretrained_models/sd-vae-ft-ema,4,32,0.18215,5script/train_top30_clean.csv,final_imgs_256,768,128,35130,pretrained_models/dino_embeddings/glyph_dino_embeddings.npy,2cond,factorized_add,random,False,final_skeleton,0.0,False,0.0,0.0,False,0.25,0.5,0.0002,0.02,2000,600000,224,0.9999,cosine,0.1,,False,,,,5script/eval100_top30_clean.csv,100,50,4.0,0,0.8786511917908987,0.5058925502065919,,,,,,,,,,,,,,,,eval_auto
s8_klf4_clean_dino,20260823-234546-s8-klf4-clean-dino,50000,DiT-2Cond-S/4,pretrained_models/sd-vae-ft-ema,4,32,0.18215,5script/train_top30_clean.csv,final_imgs_256,768,128,35130,pretrained_models/dino_embeddings/glyph_dino_embeddings.npy,2cond,factorized_add,random,False,final_skeleton,0.0,False,0.0,0.0,False,0.25,0.5,0.0002,0.02,2000,600000,224,0.9999,cosine,0.1,,False,,,,5script/eval100_top30_clean.csv,100,50,4.0,0,0.8705483078956604,0.5094477583964666,,,,,,,,,,,,,,,,eval_auto
s8_klf4_clean_dino,20260823-234546-s8-klf4-clean-dino,55000,DiT-2Cond-S/4,pretrained_models/sd-vae-ft-ema,4,32,0.18215,5script/train_top30_clean.csv,final_imgs_256,768,128,35130,pretrained_models/dino_embeddings/glyph_dino_embeddings.npy,2cond,factorized_add,random,False,final_skeleton,0.0,False,0.0,0.0,False,0.25,0.5,0.0002,0.02,2000,600000,224,0.9999,cosine,0.1,,False,,,,5script/eval100_top30_clean.csv,100,50,4.0,0,0.8601281543572744,0.5145530670117109,,,,,,,,,,,,,,,,eval_auto
s8_klf4_clean_dino,20260823-234546-s8-klf4-clean-dino,60000,DiT-2Cond-S/4,pretrained_models/sd-vae-ft-ema,4,32,0.18215,5script/train_top30_clean.csv,final_imgs_256,768,128,35130,pretrained_models/dino_embeddings/glyph_dino_embeddings.npy,2cond,factorized_add,random,False,final_skeleton,0.0,False,0.0,0.0,False,0.25,0.5,0.0002,0.02,2000,600000,224,0.9999,cosine,0.1,,False,,,,5script/eval100_top30_clean.csv,100,50,4.0,0,0.8562870025634766,0.518283928051973,,,,,,,,,,,,,,,,eval_auto
s8_klf4_clean_dino,20260823-234546-s8-klf4-clean-dino,65000,DiT-2Cond-S/4,pretrained_models/sd-vae-ft-ema,4,32,0.18215,5script/train_top30_clean.csv,final_imgs_256,768,128,35130,pretrained_models/dino_embeddings/glyph_dino_embeddings.npy,2cond,factorized_add,random,False,final_skeleton,0.0,False,0.0,0.0,False,0.25,0.5,0.0002,0.02,2000,600000,224,0.9999,cosine,0.1,,False,,,,5script/eval100_top30_clean.csv,100,50,4.0,0,0.8523136973381042,0.5201707440309037,,,,,,,,,,,,,,,,eval_auto
s8_klf4_clean_dino,20260823-234546-s8-klf4-clean-dino,70000,DiT-2Cond-S/4,pretrained_models/sd-vae-ft-ema,4,32,0.18215,5script/train_top30_clean.csv,final_imgs_256,768,128,35130,pretrained_models/dino_embeddings/glyph_dino_embeddings.npy,2cond,factorized_add,random,False,final_skeleton,0.0,False,0.0,0.0,False,0.25,0.5,0.0002,0.02,2000,600000,224,0.9999,cosine,0.1,,False,,,,5script/eval100_top30_clean.csv,100,50,4.0,0,0.8453747928142548,0.5221174666260043,,,,,,,,,,,,,,,,eval_auto
s8_klf4_clean_dino,20260823-234546-s8-klf4-clean-dino,75000,DiT-2Cond-S/4,pretrained_models/sd-vae-ft-ema,4,32,0.18215,5script/train_top30_clean.csv,final_imgs_256,768,128,35130,pretrained_models/dino_embeddings/glyph_dino_embeddings.npy,2cond,factorized_add,random,False,final_skeleton,0.0,False,0.0,0.0,False,0.25,0.5,0.0002,0.02,2000,600000,224,0.9999,cosine,0.1,,False,,,,5script/eval100_top30_clean.csv,100,50,4.0,0,0.8557433585325877,0.5181092240362086,,,,,,,,,,,,,,,,eval_auto
s8_klf4_clean_dino,20260823-234546-s8-klf4-clean-dino,80000,DiT-2Cond-S/4,pretrained_models/sd-vae-ft-ema,4,32,0.18215,5script/train_top30_clean.csv,final_imgs_256,768,128,35130,pretrained_models/dino_embeddings/glyph_dino_embeddings.npy,2cond,factorized_add,random,False,final_skeleton,0.0,False,0.0,0.0,False,0.25,0.5,0.0002,0.02,2000,600000,224,0.9999,cosine,0.1,,False,,,,5script/eval100_top30_clean.csv,100,50,4.0,0,0.8557994763056437,0.5186196251047983,,,,,,,,,,,,,,,,eval_auto
s8_klf4_clean_dino,20260823-234546-s8-klf4-clean-dino,85000,DiT-2Cond-S/4,pretrained_models/sd-vae-ft-ema,4,32,0.18215,5script/train_top30_clean.csv,final_imgs_256,768,128,35130,pretrained_models/dino_embeddings/glyph_dino_embeddings.npy,2cond,factorized_add,random,False,final_skeleton,0.0,False,0.0,0.0,False,0.25,0.5,0.0002,0.02,2000,600000,224,0.9999,cosine,0.1,,False,,,,5script/eval100_top30_clean.csv,100,50,4.0,0,0.8540994028250376,0.5184389473790797,,,,,,,,,,,,,,,,eval_auto
s8_klf4_clean_dino,20260823-234546-s8-klf4-clean-dino,90000,DiT-2Cond-S/4,pretrained_models/sd-vae-ft-ema,4,32,0.18215,5script/train_top30_clean.csv,final_imgs_256,768,128,35130,pretrained_models/dino_embeddings/glyph_dino_embeddings.npy,2cond,factorized_add,random,False,final_skeleton,0.0,False,0.0,0.0,False,0.25,0.5,0.0002,0.02,2000,600000,224,0.9999,cosine,0.1,,False,,,,5script/eval100_top30_clean.csv,100,50,4.0,0,0.8467916051546732,0.5224398106463954,,,,,,,,,,,,,,,,eval_auto
s8_klf4_clean_dino,20260823-234546-s8-klf4-clean-dino,95000,DiT-2Cond-S/4,pretrained_models/sd-vae-ft-ema,4,32,0.18215,5script/train_top30_clean.csv,final_imgs_256,768,128,35130,pretrained_models/dino_embeddings/glyph_dino_embeddings.npy,2cond,factorized_add,random,False,final_skeleton,0.0,False,0.0,0.0,False,0.25,0.5,0.0002,0.02,2000,600000,224,0.9999,cosine,0.1,,False,,,,5script/eval100_top30_clean.csv,100,50,4.0,0,0.8511013487974802,0.5211199966506062,,,,,,,,,,,,,,,,eval_auto
s8_klf4_clean_dino,20260823-234546-s8-klf4-clean-dino,100000,DiT-2Cond-S/4,pretrained_models/sd-vae-ft-ema,4,32,0.18215,5script/train_top30_clean.csv,final_imgs_256,768,128,35130,pretrained_models/dino_embeddings/glyph_dino_embeddings.npy,2cond,factorized_add,random,False,final_skeleton,0.0,False,0.0,0.0,False,0.25,0.5,0.0002,0.02,2000,600000,224,0.9999,cosine,0.1,,False,,,,5script/eval100_top30_clean.csv,100,50,4.0,0,0.8413576682408651,0.5238919266396099,,,,,,,,,,,,,,,,eval_auto
s8_klf4_clean_dino,20260823-234546-s8-klf4-clean-dino,105000,DiT-2Cond-S/4,pretrained_models/sd-vae-ft-ema,4,32,0.18215,5script/train_top30_clean.csv,final_imgs_256,768,128,35130,pretrained_models/dino_embeddings/glyph_dino_embeddings.npy,2cond,factorized_add,random,False,final_skeleton,0.0,False,0.0,0.0,False,0.25,0.5,0.0002,0.02,2000,600000,224,0.9999,cosine,0.1,,False,,,,5script/eval100_top30_clean.csv,100,50,4.0,0,0.8368502557277679,0.52571887567512,,,,,,,,,,,,,,,,eval_auto
s8_structv2_b8all,20260821-212149-s8-structv2-b8all,200000,DiT-2Cond-S/2,pretrained_models/sd-vae-ft-ema,4,32,0.18215,5script/train_top6.csv,final_imgs_256,256,128,35130,none,2cond,factorized_add,factor_balanced,True,final_skeleton,1.0,True,0.5,0.0,False,0.15,0.35,0.0001,0.02,1000,275000,8,0.9999,cosine,0.1,5script/results/s6_top6_diffonly/20260820-191536-s6-top6-diffonly-resume/checkpoints/0195000.pt,False,,,,5script/eval100_top6.csv,100,50,4.0,0,0.5528203293681144,0.6409636821349463,,,,,,,,,,,,,,,,eval_auto
s8_structv2_b8all,20260821-212149-s8-structv2-b8all,205000,DiT-2Cond-S/2,pretrained_models/sd-vae-ft-ema,4,32,0.18215,5script/train_top6.csv,final_imgs_256,256,128,35130,none,2cond,factorized_add,factor_balanced,True,final_skeleton,1.0,True,0.5,0.0,False,0.15,0.35,0.0001,0.02,1000,275000,8,0.9999,cosine,0.1,5script/results/s6_top6_diffonly/20260820-191536-s6-top6-diffonly-resume/checkpoints/0195000.pt,False,,,,5script/eval100_top6.csv,100,50,4.0,0,0.7598242491483689,0.5387012045085431,,,,,,,,,,,,,,,,eval_auto
s8_structv2_b8all,20260821-212149-s8-structv2-b8all,210000,DiT-2Cond-S/2,pretrained_models/sd-vae-ft-ema,4,32,0.18215,5script/train_top6.csv,final_imgs_256,256,128,35130,none,2cond,factorized_add,factor_balanced,True,final_skeleton,1.0,True,0.5,0.0,False,0.15,0.35,0.0001,0.02,1000,275000,8,0.9999,cosine,0.1,5script/results/s6_top6_diffonly/20260820-191536-s6-top6-diffonly-resume/checkpoints/0195000.pt,False,,,,5script/eval100_top6.csv,100,50,4.0,0,0.870328688621521,0.49601894140243535,,,,,,,,,,,,,,,,eval_auto
s9_skelonly,20260821-232920-s9-skelonly,205000,DiT-2Cond-S/2,pretrained_models/sd-vae-ft-ema,4,32,0.18215,5script/train_top6.csv,final_imgs_256,256,128,35130,none,2cond,factorized_add,factor_balanced,True,final_skeleton,1.0,False,0.0,0.0,False,0.15,0.35,0.0001,0.02,1000,260000,32,0.9999,cosine,0.1,5script/results/s6_top6_diffonly/20260820-191536-s6-top6-diffonly-resume/checkpoints/0200000.pt,False,,,,5script/eval100_top6.csv,100,50,4.0,0,0.6219749674201012,0.6102085930109024,,,,,,,,,,,,,,,,eval_auto
s9_skelonly,20260821-232920-s9-skelonly,210000,DiT-2Cond-S/2,pretrained_models/sd-vae-ft-ema,4,32,0.18215,5script/train_top6.csv,final_imgs_256,256,128,35130,none,2cond,factorized_add,factor_balanced,True,final_skeleton,1.0,False,0.0,0.0,False,0.15,0.35,0.0001,0.02,1000,260000,32,0.9999,cosine,0.1,5script/results/s6_top6_diffonly/20260820-191536-s6-top6-diffonly-resume/checkpoints/0200000.pt,False,,,,5script/eval100_top6.csv,100,50,4.0,0,0.8783508837223053,0.4925368954737982,,,,,,,,,,,,,,,,eval_auto
s9_skelonly,20260821-232920-s9-skelonly,215000,DiT-2Cond-S/2,pretrained_models/sd-vae-ft-ema,4,32,0.18215,5script/train_top6.csv,final_imgs_256,256,128,35130,none,2cond,factorized_add,factor_balanced,True,final_skeleton,1.0,False,0.0,0.0,False,0.15,0.35,0.0001,0.02,1000,260000,32,0.9999,cosine,0.1,5script/results/s6_top6_diffonly/20260820-191536-s6-top6-diffonly-resume/checkpoints/0200000.pt,False,,,,5script/eval100_top6.csv,100,50,4.0,0,0.9504072159528733,0.46439007346828787,,,,,,,,,,,,,,,,eval_auto
s9_skelonly,20260821-232920-s9-skelonly,220000,DiT-2Cond-S/2,pretrained_models/sd-vae-ft-ema,4,32,0.18215,5script/train_top6.csv,final_imgs_256,256,128,35130,none,2cond,factorized_add,factor_balanced,True,final_skeleton,1.0,False,0.0,0.0,False,0.15,0.35,0.0001,0.02,1000,260000,32,0.9999,cosine,0.1,5script/results/s6_top6_diffonly/20260820-191536-s6-top6-diffonly-resume/checkpoints/0200000.pt,False,,,,5script/eval100_top6.csv,100,50,4.0,0,0.944160333275795,0.4634481453398863,,,,,,,,,,,,,,,,eval_auto
s9_skelonly,20260821-232920-s9-skelonly,225000,DiT-2Cond-S/2,pretrained_models/sd-vae-ft-ema,4,32,0.18215,5script/train_top6.csv,final_imgs_256,256,128,35130,none,2cond,factorized_add,factor_balanced,True,final_skeleton,1.0,False,0.0,0.0,False,0.15,0.35,0.0001,0.02,1000,260000,32,0.9999,cosine,0.1,5script/results/s6_top6_diffonly/20260820-191536-s6-top6-diffonly-resume/checkpoints/0200000.pt,False,,,,5script/eval100_top6.csv,100,50,4.0,0,0.9387793004512787,0.4616389484703541,,,,,,,,,,,,,,,,eval_auto
s9_skelonly,20260821-232920-s9-skelonly,230000,DiT-2Cond-S/2,pretrained_models/sd-vae-ft-ema,4,32,0.18215,5script/train_top6.csv,final_imgs_256,256,128,35130,none,2cond,factorized_add,factor_balanced,True,final_skeleton,1.0,False,0.0,0.0,False,0.15,0.35,0.0001,0.02,1000,260000,32,0.9999,cosine,0.1,5script/results/s6_top6_diffonly/20260820-191536-s6-top6-diffonly-resume/checkpoints/0200000.pt,False,,,,5script/eval100_top6.csv,100,50,4.0,0,0.9216922163963318,0.4658805204927921,,,,,,,,,,,,,,,,eval_auto
s9_skelonly,20260821-232920-s9-skelonly,235000,DiT-2Cond-S/2,pretrained_models/sd-vae-ft-ema,4,32,0.18215,5script/train_top6.csv,final_imgs_256,256,128,35130,none,2cond,factorized_add,factor_balanced,True,final_skeleton,1.0,False,0.0,0.0,False,0.15,0.35,0.0001,0.02,1000,260000,32,0.9999,cosine,0.1,5script/results/s6_top6_diffonly/20260820-191536-s6-top6-diffonly-resume/checkpoints/0200000.pt,False,,,,5script/eval100_top6.csv,100,50,4.0,0,0.8951439917087555,0.4760251413285732,,,,,,,,,,,,,,,,eval_auto
v3a,20260815-193523-v3a-2factor-glyph-composable,1000,DiT-2Cond-S/2,pretrained_models/sd-vae-ft-ema,4,32,0.18215,5script/train.csv,final_imgs_256,192,128,35130,none,2cond,factorized_add,factor_balanced,False,final_skeleton,0.0,False,0.0,,,0.15,0.35,0.0001,0.02,500,39600,224,0.9999,cosine,0.1,,False,,,,5script/eval_strata/clean_unseen_triple_100.csv,100,50,4.0,0,2.0888639450073243,0.2027049388402763,,,,,,,,,,,,,,,,eval_auto
v3a,20260815-193523-v3a-2factor-glyph-composable,2000,DiT-2Cond-S/2,pretrained_models/sd-vae-ft-ema,4,32,0.18215,5script/train.csv,final_imgs_256,192,128,35130,none,2cond,factorized_add,factor_balanced,False,final_skeleton,0.0,False,0.0,,,0.15,0.35,0.0001,0.02,500,39600,224,0.9999,cosine,0.1,,False,,,,5script/eval_strata/clean_unseen_triple_100.csv,100,50,4.0,0,1.6990244054794312,0.2708492327372854,,,,,,,,,,,,,,,,eval_auto
v3a,20260815-195729-v3a-2factor-glyph-canny-skel,1000,DiT-2Cond-S/2,pretrained_models/sd-vae-ft-ema,4,32,0.18215,5script/train.csv,final_imgs_256,192,128,35130,none,2cond,factorized_add,factor_balanced,True,final_skeleton,1.0,True,1.0,,,0.15,0.35,0.0001,0.02,500,39600,8,0.9999,cosine,0.1,,False,,,,5script/eval_strata/clean_unseen_triple_100.csv,100,50,4.0,0,2.324377851486206,0.09129947115977605,,,,,,,,,,,,,,,,eval_auto
v3a,20260815-195729-v3a-2factor-glyph-canny-skel,2000,DiT-2Cond-S/2,pretrained_models/sd-vae-ft-ema,4,32,0.18215,5script/train.csv,final_imgs_256,192,128,35130,none,2cond,factorized_add,factor_balanced,True,final_skeleton,1.0,True,1.0,,,0.15,0.35,0.0001,0.02,500,39600,8,0.9999,cosine,0.1,,False,,,,5script/eval_strata/clean_unseen_triple_100.csv,100,50,4.0,0,2.155314121246338,0.10446245148467526,,,,,,,,,,,,,,,,eval_auto
v3a,20260815-195729-v3a-2factor-glyph-canny-skel,3000,DiT-2Cond-S/2,pretrained_models/sd-vae-ft-ema,4,32,0.18215,5script/train.csv,final_imgs_256,192,128,35130,none,2cond,factorized_add,factor_balanced,True,final_skeleton,1.0,True,1.0,,,0.15,0.35,0.0001,0.02,500,39600,8,0.9999,cosine,0.1,,False,,,,5script/eval_strata/clean_unseen_triple_100.csv,100,50,4.0,0,2.1079531478881837,0.09651798718298474,,,,,,,,,,,,,,,,eval_auto
v3a,20260815-195729-v3a-2factor-glyph-canny-skel,4000,DiT-2Cond-S/2,pretrained_models/sd-vae-ft-ema,4,32,0.18215,5script/train.csv,final_imgs_256,192,128,35130,none,2cond,factorized_add,factor_balanced,True,final_skeleton,1.0,True,1.0,,,0.15,0.35,0.0001,0.02,500,39600,8,0.9999,cosine,0.1,,False,,,,5script/eval_strata/clean_unseen_triple_100.csv,100,50,4.0,0,1.9329593420028686,0.11957733140637483,,,,,,,,,,,,,,,,eval_auto
v3a,20260815-195729-v3a-2factor-glyph-canny-skel,5000,DiT-2Cond-S/2,pretrained_models/sd-vae-ft-ema,4,32,0.18215,5script/train.csv,final_imgs_256,192,128,35130,none,2cond,factorized_add,factor_balanced,True,final_skeleton,1.0,True,1.0,,,0.15,0.35,0.0001,0.02,500,39600,8,0.9999,cosine,0.1,,False,,,,5script/eval_strata/clean_unseen_triple_100.csv,100,50,4.0,0,1.829302477836609,0.1284375738849243,,,,,,,,,,,,,,,,eval_auto
v3a,20260815-213305-v3a-2factor-glyph-canny-skel,1000,DiT-2Cond-S/2,pretrained_models/sd-vae-ft-ema,4,32,0.18215,5script/train.csv,final_imgs_256,192,128,35130,none,2cond,factorized_add,factor_balanced,True,final_skeleton,1.0,True,1.0,,,0.15,0.35,0.0001,0.02,500,39600,12,0.9999,cosine,0.1,,False,,,,5script/eval_strata/clean_unseen_triple_100.csv,100,50,4.0,0,2.2122076416015624,0.09110233809798958,,,,,,,,,,,,,,,,eval_auto
v3a,20260815-213305-v3a-2factor-glyph-canny-skel,2000,DiT-2Cond-S/2,pretrained_models/sd-vae-ft-ema,4,32,0.18215,5script/train.csv,final_imgs_256,192,128,35130,none,2cond,factorized_add,factor_balanced,True,final_skeleton,1.0,True,1.0,,,0.15,0.35,0.0001,0.02,500,39600,12,0.9999,cosine,0.1,,False,,,,5script/eval_strata/clean_unseen_triple_100.csv,100,50,4.0,0,1.9834437561035156,0.11729741632317504,,,,,,,,,,,,,,,,eval_auto
v3a,20260815-213305-v3a-2factor-glyph-canny-skel,3000,DiT-2Cond-S/2,pretrained_models/sd-vae-ft-ema,4,32,0.18215,5script/train.csv,final_imgs_256,192,128,35130,none,2cond,factorized_add,factor_balanced,True,final_skeleton,1.0,True,1.0,,,0.15,0.35,0.0001,0.02,500,39600,12,0.9999,cosine,0.1,,False,,,,5script/eval_strata/clean_unseen_triple_100.csv,100,50,4.0,0,1.9001281833648682,0.11168578060964743,,,,,,,,,,,,,,,,eval_auto
v3a,20260815-213305-v3a-2factor-glyph-canny-skel,4000,DiT-2Cond-S/2,pretrained_models/sd-vae-ft-ema,4,32,0.18215,5script/train.csv,final_imgs_256,192,128,35130,none,2cond,factorized_add,factor_balanced,True,final_skeleton,1.0,True,1.0,,,0.15,0.35,0.0001,0.02,500,39600,12,0.9999,cosine,0.1,,False,,,,5script/eval_strata/clean_unseen_triple_100.csv,100,50,4.0,0,1.6976712226867676,0.14043085218717655,,,,,,,,,,,,,,,,eval_auto
v3a,20260815-213305-v3a-2factor-glyph-canny-skel,5000,DiT-2Cond-S/2,pretrained_models/sd-vae-ft-ema,4,32,0.18215,5script/train.csv,final_imgs_256,192,128,35130,none,2cond,factorized_add,factor_balanced,True,final_skeleton,1.0,True,1.0,,,0.15,0.35,0.0001,0.02,500,39600,12,0.9999,cosine,0.1,,False,,,,5script/eval_strata/clean_unseen_triple_100.csv,100,50,4.0,0,1.610749363899231,0.1564723387484749,,,,,,,,,,,,,,,,eval_auto
v3a,20260815-225356-v3a-2factor-glyph-canny-skel,1000,DiT-2Cond-S/2,pretrained_models/sd-vae-ft-ema,4,32,0.18215,5script/train.csv,final_imgs_256,192,128,35130,none,2cond,factorized_add,factor_balanced,True,final_skeleton,1.0,True,1.0,,,0.15,0.35,0.0001,0.02,500,39600,12,0.9999,cosine,0.1,,False,,,,5script/eval_strata/clean_unseen_triple_100.csv,100,50,4.0,0,2.070651626586914,0.10482318018873533,,,,,,,,,,,,,,,,eval_auto
v3a,20260816-002421-v3a-2factor-glyph-canny-skel,1000,DiT-2Cond-S/2,pretrained_models/sd-vae-ft-ema,4,32,0.18215,5script/train.csv,final_imgs_256,192,128,35130,none,2cond,factorized_add,factor_balanced,True,final_skeleton,1.0,True,1.0,,,0.15,0.35,0.0001,0.02,500,39600,12,0.9999,cosine,0.1,,False,,,,5script/eval_strata/clean_unseen_triple_100.csv,100,50,4.0,0,2.028527240753174,0.10537652436643845,,,,,,,,,,,,,,,,eval_auto
v3a,20260816-002421-v3a-2factor-glyph-canny-skel,2000,DiT-2Cond-S/2,pretrained_models/sd-vae-ft-ema,4,32,0.18215,5script/train.csv,final_imgs_256,192,128,35130,none,2cond,factorized_add,factor_balanced,True,final_skeleton,1.0,True,1.0,,,0.15,0.35,0.0001,0.02,500,39600,12,0.9999,cosine,0.1,,False,,,,5script/eval_strata/clean_unseen_triple_100.csv,100,50,4.0,0,1.913606276512146,0.12444734415660305,,,,,,,,,,,,,,,,eval_auto
v3a,20260816-002421-v3a-2factor-glyph-canny-skel,3000,DiT-2Cond-S/2,pretrained_models/sd-vae-ft-ema,4,32,0.18215,5script/train.csv,final_imgs_256,192,128,35130,none,2cond,factorized_add,factor_balanced,True,final_skeleton,1.0,True,1.0,,,0.15,0.35,0.0001,0.02,500,39600,12,0.9999,cosine,0.1,,False,,,,5script/eval_strata/clean_unseen_triple_100.csv,100,50,4.0,0,1.9126634073257447,0.12551554732024672,,,,,,,,,,,,,,,,eval_auto
v3a,20260816-002421-v3a-2factor-glyph-canny-skel,4000,DiT-2Cond-S/2,pretrained_models/sd-vae-ft-ema,4,32,0.18215,5script/train.csv,final_imgs_256,192,128,35130,none,2cond,factorized_add,factor_balanced,True,final_skeleton,1.0,True,1.0,,,0.15,0.35,0.0001,0.02,500,39600,12,0.9999,cosine,0.1,,False,,,,5script/eval_strata/clean_unseen_triple_100.csv,100,50,4.0,0,1.7268086957931519,0.14916735503822565,,,,,,,,,,,,,,,,eval_auto
v3a,20260816-002421-v3a-2factor-glyph-canny-skel,5000,DiT-2Cond-S/2,pretrained_models/sd-vae-ft-ema,4,32,0.18215,5script/train.csv,final_imgs_256,192,128,35130,none,2cond,factorized_add,factor_balanced,True,final_skeleton,1.0,True,1.0,,,0.15,0.35,0.0001,0.02,500,39600,12,0.9999,cosine,0.1,,False,,,,5script/eval_strata/clean_unseen_triple_100.csv,100,50,4.0,0,1.5917713832855225,0.1707321721687913,,,,,,,,,,,,,,,,eval_auto
v3a,20260816-002421-v3a-2factor-glyph-canny-skel,10000,DiT-2Cond-S/2,pretrained_models/sd-vae-ft-ema,4,32,0.18215,5script/train.csv,final_imgs_256,192,128,35130,none,2cond,factorized_add,factor_balanced,True,final_skeleton,1.0,True,1.0,,,0.15,0.35,0.0001,0.02,500,39600,12,0.9999,cosine,0.1,,False,,,,5script/eval_strata/clean_unseen_triple_100.csv,100,50,4.0,0,1.3510902786254884,0.21296117919186752,,,,,,,,,,,,,,,,eval_auto
v3a,20260816-002421-v3a-2factor-glyph-canny-skel,15000,DiT-2Cond-S/2,pretrained_models/sd-vae-ft-ema,4,32,0.18215,5script/train.csv,final_imgs_256,192,128,35130,none,2cond,factorized_add,factor_balanced,True,final_skeleton,1.0,True,1.0,,,0.15,0.35,0.0001,0.02,500,39600,12,0.9999,cosine,0.1,,False,,,,5script/eval_strata/clean_unseen_triple_100.csv,100,50,4.0,0,1.2396636486053467,0.2555252758413552,,,,,,,,,,,,,,,,eval_auto
v3a,20260816-002421-v3a-2factor-glyph-canny-skel,20000,DiT-2Cond-S/2,pretrained_models/sd-vae-ft-ema,4,32,0.18215,5script/train.csv,final_imgs_256,192,128,35130,none,2cond,factorized_add,factor_balanced,True,final_skeleton,1.0,True,1.0,,,0.15,0.35,0.0001,0.02,500,39600,12,0.9999,cosine,0.1,,False,,,,5script/eval_strata/clean_unseen_triple_100.csv,100,50,4.0,0,1.196799111366272,0.28125589442749827,,,,,,,,,,,,,,,,eval_auto
v3a,20260816-002421-v3a-2factor-glyph-canny-skel,25000,DiT-2Cond-S/2,pretrained_models/sd-vae-ft-ema,4,32,0.18215,5script/train.csv,final_imgs_256,192,128,35130,none,2cond,factorized_add,factor_balanced,True,final_skeleton,1.0,True,1.0,,,0.15,0.35,0.0001,0.02,500,39600,12,0.9999,cosine,0.1,,False,,,,5script/eval_strata/clean_unseen_triple_100.csv,100,50,4.0,0,1.1467848682403565,0.33075558108588055,,,,,,,,,,,,,,,,eval_auto
v3a,20260816-002421-v3a-2factor-glyph-canny-skel,30000,DiT-2Cond-S/2,pretrained_models/sd-vae-ft-ema,4,32,0.18215,5script/train.csv,final_imgs_256,192,128,35130,none,2cond,factorized_add,factor_balanced,True,final_skeleton,1.0,True,1.0,,,0.15,0.35,0.0001,0.02,500,39600,12,0.9999,cosine,0.1,,False,,,,5script/eval_strata/clean_unseen_triple_100.csv,100,50,4.0,0,1.111093511581421,0.36634557137886675,,,,,,,,,,,,,,,,eval_auto
v3a,20260816-002421-v3a-2factor-glyph-canny-skel,35000,DiT-2Cond-S/2,pretrained_models/sd-vae-ft-ema,4,32,0.18215,5script/train.csv,final_imgs_256,192,128,35130,none,2cond,factorized_add,factor_balanced,True,final_skeleton,1.0,True,1.0,,,0.15,0.35,0.0001,0.02,500,39600,12,0.9999,cosine,0.1,,False,,,,5script/eval_strata/clean_unseen_triple_100.csv,100,50,4.0,0,1.0806552934646607,0.39456701914469405,,,,,,,,,,,,,,,,eval_auto
v3a_xl,20260815-232600-v3a-2factor-glyph-XL-lora-cs,1000,DiT-2Cond-XL/2,pretrained_models/sd-vae-ft-ema,4,32,0.18215,5script/train.csv,final_imgs_256,192,128,35130,none,2cond,factorized_add,factor_balanced,True,final_skeleton,1.0,True,1.0,,,0.15,0.35,0.0001,0.02,500,39600,4,0.9999,cosine,0.1,,False,,,,5script/eval_strata/clean_unseen_triple_100.csv,100,50,4.0,0,2.9445066833496094,0.03487516158260406,,,,,,,,,,,,,,,,eval_auto
v3a_xl,20260815-232600-v3a-2factor-glyph-XL-lora-cs,2000,DiT-2Cond-XL/2,pretrained_models/sd-vae-ft-ema,4,32,0.18215,5script/train.csv,final_imgs_256,192,128,35130,none,2cond,factorized_add,factor_balanced,True,final_skeleton,1.0,True,1.0,,,0.15,0.35,0.0001,0.02,500,39600,4,0.9999,cosine,0.1,,False,,,,5script/eval_strata/clean_unseen_triple_100.csv,100,50,4.0,0,2.8807404327392576,0.030211168353756278,,,,,,,,,,,,,,,,eval_auto
v3a_xl,20260815-232600-v3a-2factor-glyph-XL-lora-cs,3000,DiT-2Cond-XL/2,pretrained_models/sd-vae-ft-ema,4,32,0.18215,5script/train.csv,final_imgs_256,192,128,35130,none,2cond,factorized_add,factor_balanced,True,final_skeleton,1.0,True,1.0,,,0.15,0.35,0.0001,0.02,500,39600,4,0.9999,cosine,0.1,,False,,,,5script/eval_strata/clean_unseen_triple_100.csv,100,50,4.0,0,2.8305390739440917,0.031308011145641385,,,,,,,,,,,,,,,,eval_auto
v3a_xl,20260815-232600-v3a-2factor-glyph-XL-lora-cs,4000,DiT-2Cond-XL/2,pretrained_models/sd-vae-ft-ema,4,32,0.18215,5script/train.csv,final_imgs_256,192,128,35130,none,2cond,factorized_add,factor_balanced,True,final_skeleton,1.0,True,1.0,,,0.15,0.35,0.0001,0.02,500,39600,4,0.9999,cosine,0.1,,False,,,,5script/eval_strata/clean_unseen_triple_100.csv,100,50,4.0,0,2.8416114330291746,0.03144300022472939,,,,,,,,,,,,,,,,eval_auto
v3a_xl,20260815-232600-v3a-2factor-glyph-XL-lora-cs,5000,DiT-2Cond-XL/2,pretrained_models/sd-vae-ft-ema,4,32,0.18215,5script/train.csv,final_imgs_256,192,128,35130,none,2cond,factorized_add,factor_balanced,True,final_skeleton,1.0,True,1.0,,,0.15,0.35,0.0001,0.02,500,39600,4,0.9999,cosine,0.1,,False,,,,5script/eval_strata/clean_unseen_triple_100.csv,100,50,4.0,0,2.824047727584839,0.03049553038552403,,,,,,,,,,,,,,,,eval_auto
v3a_xl_highdim,20260816-101955-v3a-2factor-glyph-XL-highdim-LoRA-cs,1000,DiT-2Cond-XL/2,pretrained_models/sd-vae-ft-ema,4,32,0.18215,5script/train.csv,final_imgs_256,768,384,35130,none,2cond,xl_highdim,factor_balanced,True,final_skeleton,1.0,True,1.0,,,0.15,0.35,0.0001,0.02,500,35000,4,0.9999,cosine,0.1,,False,,,,5script/eval_strata/clean_unseen_triple_100.csv,100,50,4.0,0,4.44347412109375,0.015046251243135583,,,,,,,,,,,,,,,,eval_auto
v3a_xl_highdim,20260816-103708-v3a-2factor-glyph-XL-highdim-LoRA-cs,1000,DiT-2Cond-XL/2,pretrained_models/sd-vae-ft-ema,4,32,0.18215,5script/train.csv,final_imgs_256,768,384,35130,none,2cond,xl_highdim,factor_balanced,True,final_skeleton,1.0,True,1.0,,,0.15,0.35,0.0001,0.02,500,35000,4,0.9999,cosine,0.1,,False,,,,5script/eval_strata/clean_unseen_triple_100.csv,100,50,4.0,0,1.9380850219726562,0.14638412159557146,,,,,,,,,,,,,,,,eval_auto
v3a_xl_highdim,20260816-103708-v3a-2factor-glyph-XL-highdim-LoRA-cs,2000,DiT-2Cond-XL/2,pretrained_models/sd-vae-ft-ema,4,32,0.18215,5script/train.csv,final_imgs_256,768,384,35130,none,2cond,xl_highdim,factor_balanced,True,final_skeleton,1.0,True,1.0,,,0.15,0.35,0.0001,0.02,500,35000,4,0.9999,cosine,0.1,,False,,,,5script/eval_strata/clean_unseen_triple_100.csv,100,50,4.0,0,1.8508894729614258,0.14573028943501412,,,,,,,,,,,,,,,,eval_auto
v3a_xl_highdim,20260816-103708-v3a-2factor-glyph-XL-highdim-LoRA-cs,3000,DiT-2Cond-XL/2,pretrained_models/sd-vae-ft-ema,4,32,0.18215,5script/train.csv,final_imgs_256,768,384,35130,none,2cond,xl_highdim,factor_balanced,True,final_skeleton,1.0,True,1.0,,,0.15,0.35,0.0001,0.02,500,35000,4,0.9999,cosine,0.1,,False,,,,5script/eval_strata/clean_unseen_triple_100.csv,100,50,4.0,0,1.6758395338058472,0.19974398246034977,,,,,,,,,,,,,,,,eval_auto
v3a_xl_highdim,20260816-103708-v3a-2factor-glyph-XL-highdim-LoRA-cs,4000,DiT-2Cond-XL/2,pretrained_models/sd-vae-ft-ema,4,32,0.18215,5script/train.csv,final_imgs_256,768,384,35130,none,2cond,xl_highdim,factor_balanced,True,final_skeleton,1.0,True,1.0,,,0.15,0.35,0.0001,0.02,500,35000,4,0.9999,cosine,0.1,,False,,,,5script/eval_strata/clean_unseen_triple_100.csv,100,50,4.0,0,1.7223692893981934,0.19474237950363513,,,,,,,,,,,,,,,,eval_auto
v3a_xl_highdim,20260816-103708-v3a-2factor-glyph-XL-highdim-LoRA-cs,5000,DiT-2Cond-XL/2,pretrained_models/sd-vae-ft-ema,4,32,0.18215,5script/train.csv,final_imgs_256,768,384,35130,none,2cond,xl_highdim,factor_balanced,True,final_skeleton,1.0,True,1.0,,,0.15,0.35,0.0001,0.02,500,35000,4,0.9999,cosine,0.1,,False,,,,5script/eval_strata/clean_unseen_triple_100.csv,100,50,4.0,0,1.7685716581344604,0.19076045443303888,,,,,,,,,,,,,,,,eval_auto
v3a_xl_highdim,20260816-114452-v3a-2factor-glyph-XL-highdim-LoRA-cs,1000,DiT-2Cond-XL/2,pretrained_models/sd-vae-ft-ema,4,32,0.18215,5script/train.csv,final_imgs_256,768,384,35130,none,2cond,xl_highdim,factor_balanced,True,final_skeleton,1.0,True,1.0,,,0.15,0.35,0.0001,0.02,500,35000,4,0.9999,cosine,0.1,,False,,,,5script/eval_strata/clean_unseen_triple_100.csv,100,50,4.0,0,2.3243767642974853,0.06483254600316282,,,,,,,,,,,,,,,,eval_auto
v3a_xl_highdim,20260816-114452-v3a-2factor-glyph-XL-highdim-LoRA-cs,2000,DiT-2Cond-XL/2,pretrained_models/sd-vae-ft-ema,4,32,0.18215,5script/train.csv,final_imgs_256,768,384,35130,none,2cond,xl_highdim,factor_balanced,True,final_skeleton,1.0,True,1.0,,,0.15,0.35,0.0001,0.02,500,35000,4,0.9999,cosine,0.1,,False,,,,5script/eval_strata/clean_unseen_triple_100.csv,100,50,4.0,0,1.5297945022583008,0.1454757440090179,,,,,,,,,,,,,,,,eval_auto
v3a_xl_highdim,20260816-114452-v3a-2factor-glyph-XL-highdim-LoRA-cs,3000,DiT-2Cond-XL/2,pretrained_models/sd-vae-ft-ema,4,32,0.18215,5script/train.csv,final_imgs_256,768,384,35130,none,2cond,xl_highdim,factor_balanced,True,final_skeleton,1.0,True,1.0,,,0.15,0.35,0.0001,0.02,500,35000,4,0.9999,cosine,0.1,,False,,,,5script/eval_strata/clean_unseen_triple_100.csv,100,50,4.0,0,1.6117118835449218,0.1495364088068406,,,,,,,,,,,,,,,,eval_auto
v3a_xl_highdim,20260816-114452-v3a-2factor-glyph-XL-highdim-LoRA-cs,4000,DiT-2Cond-XL/2,pretrained_models/sd-vae-ft-ema,4,32,0.18215,5script/train.csv,final_imgs_256,768,384,35130,none,2cond,xl_highdim,factor_balanced,True,final_skeleton,1.0,True,1.0,,,0.15,0.35,0.0001,0.02,500,35000,4,0.9999,cosine,0.1,,False,,,,5script/eval_strata/clean_unseen_triple_100.csv,100,50,4.0,0,1.4811225700378419,0.16811299079408248,,,,,,,,,,,,,,,,eval_auto
v3a_xl_highdim,20260816-114452-v3a-2factor-glyph-XL-highdim-LoRA-cs,5000,DiT-2Cond-XL/2,pretrained_models/sd-vae-ft-ema,4,32,0.18215,5script/train.csv,final_imgs_256,768,384,35130,none,2cond,xl_highdim,factor_balanced,True,final_skeleton,1.0,True,1.0,,,0.15,0.35,0.0001,0.02,500,35000,4,0.9999,cosine,0.1,,False,,,,5script/eval_strata/clean_unseen_triple_100.csv,100,50,4.0,0,1.5214357662200928,0.17575615783532458,,,,,,,,,,,,,,,,eval_auto
v3a_xl_skelhead,20260816-132613-v3a-XL-skelhead-guide,1000,DiT-2Cond-XL/2,pretrained_models/sd-vae-ft-ema,4,32,0.18215,5script/train.csv,final_imgs_256,768,384,35130,none,2cond,xl_highdim,factor_balanced,False,final_skeleton,0.0,False,0.0,,,0.15,0.35,0.0001,0.02,500,30000,16,0.9999,cosine,0.1,,False,,,,5script/eval_strata/clean_unseen_triple_100.csv,100,50,4.0,0,2.004992780685425,0.1260516036146631,,,,,,,,,,,,,,,,eval_auto
v3a_xl_skelhead,20260816-133413-v3a-XL-skelhead-guide,1000,DiT-2Cond-XL/2,pretrained_models/sd-vae-ft-ema,4,32,0.18215,5script/train.csv,final_imgs_256,768,384,35130,none,2cond,xl_highdim,factor_balanced,False,final_skeleton,0.0,False,0.0,,,0.15,0.35,0.0001,0.02,500,30000,16,0.9999,cosine,0.1,,False,,,,5script/eval_strata/clean_unseen_triple_100.csv,100,50,4.0,0,1.5852212238311767,0.22673131467308846,,,,,,,,,,,,,,,,eval_auto
v3a_xl_skelhead,20260816-133413-v3a-XL-skelhead-guide,2000,DiT-2Cond-XL/2,pretrained_models/sd-vae-ft-ema,4,32,0.18215,5script/train.csv,final_imgs_256,768,384,35130,none,2cond,xl_highdim,factor_balanced,False,final_skeleton,0.0,False,0.0,,,0.15,0.35,0.0001,0.02,500,30000,16,0.9999,cosine,0.1,,False,,,,5script/eval_strata/clean_unseen_triple_100.csv,100,50,4.0,0,1.6500220012664795,0.25820277271481845,,,,,,,,,,,,,,,,eval_auto
v3a_xl_skelhead,20260816-133413-v3a-XL-skelhead-guide,3000,DiT-2Cond-XL/2,pretrained_models/sd-vae-ft-ema,4,32,0.18215,5script/train.csv,final_imgs_256,768,384,35130,none,2cond,xl_highdim,factor_balanced,False,final_skeleton,0.0,False,0.0,,,0.15,0.35,0.0001,0.02,500,30000,16,0.9999,cosine,0.1,,False,,,,5script/eval_strata/clean_unseen_triple_100.csv,100,50,4.0,0,1.500178713798523,0.3042653830132138,,,,,,,,,,,,,,,,eval_auto
v3a_xl_skelhead,20260816-133413-v3a-XL-skelhead-guide,4000,DiT-2Cond-XL/2,pretrained_models/sd-vae-ft-ema,4,32,0.18215,5script/train.csv,final_imgs_256,768,384,35130,none,2cond,xl_highdim,factor_balanced,False,final_skeleton,0.0,False,0.0,,,0.15,0.35,0.0001,0.02,500,30000,16,0.9999,cosine,0.1,,False,,,,5script/eval_strata/clean_unseen_triple_100.csv,100,50,4.0,0,1.3282002353668212,0.3476577640045435,,,,,,,,,,,,,,,,eval_auto
v3a_xl_skelhead,20260816-133413-v3a-XL-skelhead-guide,5000,DiT-2Cond-XL/2,pretrained_models/sd-vae-ft-ema,4,32,0.18215,5script/train.csv,final_imgs_256,768,384,35130,none,2cond,xl_highdim,factor_balanced,False,final_skeleton,0.0,False,0.0,,,0.15,0.35,0.0001,0.02,500,30000,16,0.9999,cosine,0.1,,False,,,,5script/eval_strata/clean_unseen_triple_100.csv,100,50,4.0,0,1.2762055397033691,0.36417748789613447,,,,,,,,,,,,,,,,eval_auto
v3a_xl_skelhead,20260816-133413-v3a-XL-skelhead-guide,10000,DiT-2Cond-XL/2,pretrained_models/sd-vae-ft-ema,4,32,0.18215,5script/train.csv,final_imgs_256,768,384,35130,none,2cond,xl_highdim,factor_balanced,False,final_skeleton,0.0,False,0.0,,,0.15,0.35,0.0001,0.02,500,30000,16,0.9999,cosine,0.1,,False,,,,5script/eval_strata/clean_unseen_triple_100.csv,100,50,4.0,0,1.2110999298095704,0.39146343437954784,,,,,,,,,,,,,,,,eval_auto
v3a_xl_skelhead,20260816-133413-v3a-XL-skelhead-guide,15000,DiT-2Cond-XL/2,pretrained_models/sd-vae-ft-ema,4,32,0.18215,5script/train.csv,final_imgs_256,768,384,35130,none,2cond,xl_highdim,factor_balanced,False,final_skeleton,0.0,False,0.0,,,0.15,0.35,0.0001,0.02,500,30000,16,0.9999,cosine,0.1,,False,,,,5script/eval_strata/clean_unseen_triple_100.csv,100,50,4.0,0,1.1843268156051636,0.4044745737438399,,,,,,,,,,,,,,,,eval_auto
v3b_xl_glyphcond,20260816-150221-v3b-XL-glyphcond-kailishu,1000,DiT-2Cond-XL/2,pretrained_models/sd-vae-ft-ema,4,32,0.18215,kailishu_train.csv,final_imgs_256,768,384,35130,none,2cond,xl_highdim,factor_balanced,False,final_skeleton,0.0,False,0.0,,True,0.15,0.35,0.0001,0.02,500,30000,16,0.9999,cosine,0.1,,False,,,,kailishu_eval.csv,100,50,4.0,0,1.5535024452209472,0.2365931125357747,,,,,,,,,,,,,,,,eval_auto
v3b_xl_glyphcond,20260816-150221-v3b-XL-glyphcond-kailishu,2000,DiT-2Cond-XL/2,pretrained_models/sd-vae-ft-ema,4,32,0.18215,kailishu_train.csv,final_imgs_256,768,384,35130,none,2cond,xl_highdim,factor_balanced,False,final_skeleton,0.0,False,0.0,,True,0.15,0.35,0.0001,0.02,500,30000,16,0.9999,cosine,0.1,,False,,,,kailishu_eval.csv,100,50,4.0,0,1.3277027702331543,0.33265677451912756,,,,,,,,,,,,,,,,eval_auto
v3b_xl_glyphcond,20260816-150221-v3b-XL-glyphcond-kailishu,3000,DiT-2Cond-XL/2,pretrained_models/sd-vae-ft-ema,4,32,0.18215,kailishu_train.csv,final_imgs_256,768,384,35130,none,2cond,xl_highdim,factor_balanced,False,final_skeleton,0.0,False,0.0,,True,0.15,0.35,0.0001,0.02,500,30000,16,0.9999,cosine,0.1,,False,,,,kailishu_eval.csv,100,50,4.0,0,1.30568772315979,0.35425684353957576,,,,,,,,,,,,,,,,eval_auto
v3b_xl_glyphcond,20260816-150221-v3b-XL-glyphcond-kailishu,4000,DiT-2Cond-XL/2,pretrained_models/sd-vae-ft-ema,4,32,0.18215,kailishu_train.csv,final_imgs_256,768,384,35130,none,2cond,xl_highdim,factor_balanced,False,final_skeleton,0.0,False,0.0,,True,0.15,0.35,0.0001,0.02,500,30000,16,0.9999,cosine,0.1,,False,,,,kailishu_eval.csv,100,50,4.0,0,1.2901098251342773,0.3692010370432399,,,,,,,,,,,,,,,,eval_auto
v3b_xl_glyphcond,20260816-150221-v3b-XL-glyphcond-kailishu,5000,DiT-2Cond-XL/2,pretrained_models/sd-vae-ft-ema,4,32,0.18215,kailishu_train.csv,final_imgs_256,768,384,35130,none,2cond,xl_highdim,factor_balanced,False,final_skeleton,0.0,False,0.0,,True,0.15,0.35,0.0001,0.02,500,30000,16,0.9999,cosine,0.1,,False,,,,kailishu_eval.csv,100,50,4.0,0,1.2598748564720155,0.3858562218141741,,,,,,,,,,,,,,,,eval_auto
v3b_xl_glyphcond,20260816-150221-v3b-XL-glyphcond-kailishu,10000,DiT-2Cond-XL/2,pretrained_models/sd-vae-ft-ema,4,32,0.18215,kailishu_train.csv,final_imgs_256,768,384,35130,none,2cond,xl_highdim,factor_balanced,False,final_skeleton,0.0,False,0.0,,True,0.15,0.35,0.0001,0.02,500,30000,16,0.9999,cosine,0.1,,False,,,,kailishu_eval.csv,100,50,4.0,0,1.0984353041648864,0.4436275348664882,,,,,,,,,,,,,,,,eval_auto
v3b_xl_glyphcond,20260816-150221-v3b-XL-glyphcond-kailishu,15000,DiT-2Cond-XL/2,pretrained_models/sd-vae-ft-ema,4,32,0.18215,kailishu_train.csv,final_imgs_256,768,384,35130,none,2cond,xl_highdim,factor_balanced,False,final_skeleton,0.0,False,0.0,,True,0.15,0.35,0.0001,0.02,500,30000,16,0.9999,cosine,0.1,,False,,,,kailishu_eval.csv,100,50,4.0,0,1.026866509914398,0.46125219576060794,,,,,,,,,,,,,,,,eval_auto
v3b_xl_glyphcond,20260816-150221-v3b-XL-glyphcond-kailishu,20000,DiT-2Cond-XL/2,pretrained_models/sd-vae-ft-ema,4,32,0.18215,kailishu_train.csv,final_imgs_256,768,384,35130,none,2cond,xl_highdim,factor_balanced,False,final_skeleton,0.0,False,0.0,,True,0.15,0.35,0.0001,0.02,500,30000,16,0.9999,cosine,0.1,,False,,,,kailishu_eval.csv,100,50,4.0,0,1.0133287763595582,0.4797394631057979,,,,,,,,,,,,,,,,eval_auto
v3b_xl_glyphcond,20260816-150221-v3b-XL-glyphcond-kailishu,25000,DiT-2Cond-XL/2,pretrained_models/sd-vae-ft-ema,4,32,0.18215,kailishu_train.csv,final_imgs_256,768,384,35130,none,2cond,xl_highdim,factor_balanced,False,final_skeleton,0.0,False,0.0,,True,0.15,0.35,0.0001,0.02,500,30000,16,0.9999,cosine,0.1,,False,,,,kailishu_eval.csv,100,50,4.0,0,1.0079894876480102,0.482923654889067,,,,,,,,,,,,,,,,eval_auto
v3b_xl_glyphcond,20260816-150221-v3b-XL-glyphcond-kailishu,30000,DiT-2Cond-XL/2,pretrained_models/sd-vae-ft-ema,4,32,0.18215,kailishu_train.csv,final_imgs_256,768,384,35130,none,2cond,xl_highdim,factor_balanced,False,final_skeleton,0.0,False,0.0,,True,0.15,0.35,0.0001,0.02,500,30000,16,0.9999,cosine,0.1,,False,,,,kailishu_eval.csv,100,50,4.0,0,0.9922397494316101,0.4887828554709751,,,,,,,,,,,,,,,,eval_auto
