img_id,steps,b_ink,b_nsmall,b_ncc,b_mainfrac,b_edge8,b_framew,b_inset,a_ink,a_nsmall,a_ncc,a_mainfrac,a_edge8,a_framew,a_inset
249466,"['rm_smallCC', 'edge_clean']",0.305816650390625,51,92,0.6200977946312743,0.1937255859375,0,0,0.284576416015625,8,52,0.6663806970509384,0.09814453125,0,0
36903,"['rm_smallCC', 'edge_clean']",0.18206787109375,30,34,0.8878645658732819,0.085205078125,1,0,0.1708984375,0,4,0.9458928571428571,0.014404296875,0,1
36932,"['crop(0, 0, 37, 38)', 'rm_smallCC', 'edge_clean']",0.40924072265625,8,11,0.5093959731543625,0.6597900390625,38,0,0.16171011740331492,1,5,0.5490457760576538,0.03246567505720824,0,0
37040,"['crop(18, 19, 0, 0)', 'rm_smallCC']",0.27447509765625,3,12,0.2704024905492551,0.5753173828125,19,0,0.15066709474885845,0,7,0.49271930863028296,0.0,0,8
37166,"['crop(0, 0, 34, 34)', 'rm_smallCC', 'edge_clean']",0.39373779296875,20,30,0.715315454968222,0.6932373046875,34,0,0.14943484042553193,4,13,0.4513348164627364,0.007882882882882882,0,4
37220,"['rm_smallCC', 'edge_clean']",0.1921844482421875,209,219,0.30607383882493056,0.1041259765625,0,0,0.1660308837890625,12,27,0.35428728977116075,0.03369140625,0,4
250179,"['rm_smallCC', 'edge_clean']",0.248504638671875,43,58,0.29031069630357365,0.1632080078125,1,0,0.2303466796875,4,18,0.31319554848966613,0.0616455078125,0,4
37426,"['crop(0, 0, 43, 43)', 'rm_smallCC', 'edge_clean']",0.48211669921875,21,32,0.5050322825674136,0.73583984375,43,0,0.2154641544117647,1,10,0.5267143009491309,0.07188967136150234,0,0
37632,"['crop(0, 0, 30, 31)', 'rm_smallCC', 'edge_clean']",0.376678466796875,20,32,0.4540225228874666,0.64404296875,31,0,0.1639823717948718,3,18,0.3597605668214024,0.041158536585365856,0,0
37636,"['crop(40, 40, 0, 0)', 'rm_smallCC', 'edge_clean']",0.4421539306640625,2,12,0.35862925768713116,0.65869140625,40,0,0.18690074573863635,0,9,0.3226457665360408,0.007957175925925927,0,4
37716,"['crop(0, 0, 0, 12)', 'edge_clean']",0.2518310546875,0,5,0.588402811439651,0.544921875,12,0,0.19774590163934427,0,4,0.7861884715025906,0.1365,0,4
249866,"['crop(17, 0, 20, 18)', 'edge_clean']",0.490966796875,0,5,0.5212580805569369,0.930419921875,20,0,0.33958389313270126,1,10,0.5549087209630927,0.5637308533916849,0,0
249890,"['rm_smallCC', 'edge_clean']",0.2136688232421875,84,93,0.5906591444690423,0.0826416015625,0,0,0.1983642578125,1,10,0.6362307692307693,0.0086669921875,0,4
37890,"['crop(0, 0, 17, 17)', 'rm_smallCC', 'edge_clean']",0.462921142578125,1,4,0.5630232711450985,0.9677734375,17,0,0.3480785472972973,2,7,0.6042867253058336,0.5481171548117155,0,0
37893,"['crop(0, 0, 17, 13)', 'rm_smallCC', 'edge_clean']",0.463348388671875,5,7,0.8934663768688665,0.9412841796875,17,0,0.3583033738938053,0,5,0.3739507959479016,0.5442168049792531,0,0
37938,"['rm_smallCC', 'edge_clean']",0.3110198974609375,49,61,0.7974782907324731,0.2257080078125,1,0,0.283172607421875,6,20,0.8759025757085893,0.0333251953125,0,4
38883,"['rm_smallCC', 'edge_clean']",0.1890106201171875,64,70,0.9306531040607088,0.0498046875,0,0,0.1784515380859375,1,5,0.9857203933304831,0.0181884765625,0,0
39044,"['rm_smallCC', 'edge_clean']",0.205596923828125,35,40,0.9617040225619712,0.067138671875,0,0,0.2022552490234375,0,5,0.9775933609958506,0.060302734375,0,0
38134,"['crop(15, 13, 0, 0)', 'rm_smallCC', 'edge_clean']",0.465728759765625,5,12,0.8825437389424022,0.9334716796875,15,0,0.36734169407894735,0,9,0.37209085397136327,0.5853564049586777,4,0
39387,"['crop(0, 0, 15, 0)', 'rm_smallCC', 'edge_clean']",0.4893341064453125,1,3,0.9808226012660202,0.879638671875,15,0,0.43385308609958506,0,3,0.6938767885829566,0.6384557344064387,5,0
39567,"['rm_smallCC', 'edge_clean']",0.2269287109375,276,312,0.49771382463690156,0.1539306640625,0,0,0.1957550048828125,3,38,0.5769740431834126,0.1129150390625,0,0
39579,"['rm_smallCC', 'edge_clean']",0.233306884765625,60,70,0.7284499672988881,0.1468505859375,0,0,0.213348388671875,4,15,0.7965956229437848,0.0552978515625,0,0
39622,"['crop(31, 32, 0, 0)', 'edge_clean']",0.3748321533203125,1,10,0.34695705271728067,0.6778564453125,32,0,0.16396130181347152,1,10,0.3123071225774596,0.050250556792873054,0,4
39989,"['crop(0, 0, 15, 15)', 'edge_clean']",0.4579925537109375,0,3,0.9958687323005164,0.941650390625,15,0,0.34907356194690264,3,11,0.8042186571598336,0.44774377593361,0,0
40112,"['crop(13, 16, 0, 0)', 'rm_smallCC', 'edge_clean']",0.421173095703125,5,10,0.9554380117382798,0.8204345703125,16,0,0.3264902257709251,1,7,0.5911031465767143,0.4557453416149068,2,0
40118,"['crop(0, 0, 32, 32)', 'rm_smallCC', 'edge_clean']",0.38800048828125,8,15,0.32385559226050026,0.637939453125,32,0,0.18147786458333334,2,7,0.6341928251121076,0.010323660714285714,0,4
40141,"['crop(28, 28, 0, 0)', 'rm_smallCC', 'edge_clean']",0.4461822509765625,0,2,0.5063438322902774,0.65771484375,28,0,0.28193359375,0,1,1.0,0.03248355263157895,0,0
40187,"['rm_smallCC', 'edge_clean']",0.12261962890625,86,91,0.554629168740667,0.0596923828125,0,0,0.1131591796875,1,5,0.6009978425026968,0.0152587890625,0,4
41010,"['crop(13, 13, 0, 0)', 'rm_smallCC', 'edge_clean']",0.25848388671875,2,6,0.5980519480519481,0.5616455078125,13,0,0.17275815217391305,0,2,0.9959693275658671,0.0,0,11
41036,"['crop(31, 31, 0, 0)', 'edge_clean']",0.344329833984375,0,7,0.35167951785872553,0.630859375,31,0,0.13408102448453607,0,5,0.6121039195074336,0.009166666666666667,0,4
41134,"['rm_smallCC', 'edge_clean']",0.167449951171875,58,61,0.9382176052487698,0.056640625,0,0,0.1575775146484375,2,3,0.9969981601626804,0.0050048828125,0,4
40302,"['crop(0, 12, 0, 0)', 'edge_clean']",0.2217559814453125,0,3,0.5948530929608478,0.544921875,12,0,0.16619172643442623,0,2,0.8327714093054619,0.131,0,4
15783,"['crop(41, 42, 0, 0)']",0.427703857421875,0,10,0.38358901177310023,0.66259765625,42,0,0.15313403179190752,0,8,0.3674432320849307,0.0013111888111888112,0,6
15878,"['rm_smallCC', 'edge_clean']",0.3126983642578125,100,154,0.21831845020250817,0.2203369140625,0,0,0.29571533203125,1,54,0.2308565531475748,0.1815185546875,0,2
15973,"['crop(25, 26, 0, 0)']",0.3015899658203125,0,6,0.33675689349860866,0.599609375,26,0,0.1278391768292683,0,4,0.6580712475778805,0.0,0,8
16309,"['crop(18, 18, 0, 0)', 'rm_smallCC']",0.3696136474609375,7,12,0.372703628782562,0.5703125,18,0,0.26466619318181817,0,3,0.6056621494700121,0.0021008403361344537,0,4
16670,"['crop(17, 17, 0, 0)', 'rm_smallCC', 'edge_clean']",0.4807586669921875,59,77,0.8480337702732726,0.7255859375,17,0,0.38555743243243246,4,21,0.8112906170135086,0.40559623430962344,1,0
16711,"['rm_smallCC', 'edge_clean']",0.2320404052734375,45,54,0.5806536463470771,0.051025390625,0,0,0.220550537109375,2,11,0.6109035561090356,0.0062255859375,0,4
16837,"['rm_smallCC', 'edge_clean']",0.1847076416015625,50,75,0.3961999173895085,0.08984375,1,0,0.1672515869140625,1,28,0.43755131831037314,0.0242919921875,0,4
16977,"['rm_smallCC', 'edge_clean']",0.30450439453125,42,51,0.7441371016235718,0.0892333984375,0,0,0.2891387939453125,3,11,0.7836825162277693,0.0057373046875,0,4
17142,"['crop(37, 37, 0, 0)', 'rm_smallCC', 'edge_clean']",0.4276275634765625,1,10,0.4366101694915254,0.689453125,37,0,0.18462396978021978,1,10,0.3510811439200186,0.048373287671232876,0,4
17162,"['rm_smallCC', 'edge_clean']",0.3606109619140625,31,46,0.7030846697414632,0.11865234375,0,0,0.3520050048828125,5,17,0.7202739607265161,0.088623046875,0,1
241454,"['rm_smallCC', 'edge_clean']",0.195068359375,36,42,0.8864987484355444,0.069091796875,0,0,0.184906005859375,0,9,0.9352203333883479,0.0211181640625,0,0
17323,"['rm_smallCC', 'edge_clean']",0.1852569580078125,50,76,0.20443126595832303,0.15380859375,0,0,0.17840576171875,0,26,0.2122819021553199,0.14404296875,0,0
17334,['rm_smallCC'],0.5236968994140625,77,98,0.9122985926983479,0.3067626953125,1,0,0.5127410888671875,0,21,0.9317918043031872,0.2987060546875,1,0
17327,"['rm_smallCC', 'edge_clean']",0.26226806640625,61,64,0.7045031417267861,0.0643310546875,0,0,0.2497100830078125,2,5,0.7399327833791628,0.0069580078125,0,4
17406,"['rm_smallCC', 'edge_clean']",0.317718505859375,90,103,0.9268081836519066,0.14013671875,0,0,0.3050384521484375,3,13,0.9653344004802161,0.1278076171875,0,0
17426,"['rm_smallCC', 'edge_clean']",0.330841064453125,55,80,0.6652984042062541,0.135009765625,0,0,0.322052001953125,0,25,0.6834549417227329,0.1246337890625,0,0
17611,"['crop(14, 0, 0, 0)', 'rm_smallCC', 'edge_clean']",0.4671478271484375,51,76,0.8905111873264739,0.8016357421875,14,0,0.4159994834710744,6,38,0.5985565730249883,0.5877259036144579,11,0
241746,"['crop(17, 17, 0, 0)', 'edge_clean']",0.334625244140625,0,8,0.19844961240310077,0.56640625,17,0,0.23265061936936937,0,6,0.3198457116926335,0.01032949790794979,0,4
18112,"['crop(0, 0, 41, 42)', 'rm_smallCC', 'edge_clean']",0.489227294921875,9,16,0.3731832075354002,0.70654296875,42,0,0.23184609826589594,2,7,0.6672185430463576,0.055944055944055944,0,0
18242,"['crop(15, 15, 0, 0)', 'rm_smallCC', 'edge_clean']",0.3770294189453125,2,7,0.5252337205066979,0.6572265625,15,0,0.2747338219026549,0,4,0.8164831708084304,0.04240145228215768,0,4
17969,"['rm_smallCC', 'edge_clean']",0.150604248046875,106,114,0.8393110435663628,0.048583984375,0,0,0.136199951171875,2,10,0.9280752856822765,0.0172119140625,0,3
18031,"['crop(21, 21, 0, 0)', 'edge_clean']",0.290283203125,0,4,0.3342094196804037,0.58203125,21,0,0.14964223130841123,0,3,0.7755550134179068,0.015292553191489361,0,2
18356,"['crop(26, 27, 0, 0)', 'rm_smallCC', 'edge_clean']",0.4147796630859375,0,5,0.2542765699150204,0.606201171875,27,0,0.2614685960591133,0,3,0.3913011480718281,0.010620915032679739,0,4
18371,"['rm_smallCC', 'edge_clean']",0.1983184814453125,42,66,0.24590290066938525,0.0654296875,0,0,0.1851959228515625,2,28,0.2633270165609294,0.0137939453125,0,4
241880,"['crop(27, 27, 0, 0)', 'edge_clean']",0.385955810546875,0,7,0.30766189610184236,0.64453125,27,0,0.21151763613861385,2,9,0.3561894313402816,0.0751910480349345,0,4
18654,"['rm_smallCC', 'edge_clean']",0.246185302734375,146,157,0.3388496343126317,0.181396484375,0,0,0.215728759765625,19,28,0.3866883576177677,0.038818359375,0,4
18670,"['rm_smallCC', 'edge_clean']",0.1983184814453125,42,66,0.24590290066938525,0.0654296875,0,0,0.1851959228515625,2,28,0.2633270165609294,0.0137939453125,0,4
18959,"['crop(39, 40, 0, 0)', 'edge_clean']",0.455291748046875,0,7,0.35515114954085397,0.709228515625,40,0,0.206104343220339,0,6,0.3133097762073027,0.03449769053117783,0,4
18960,"['crop(44, 45, 0, 0)']",0.500701904296875,0,7,0.3510696653867252,0.673828125,45,0,0.23460890718562874,0,5,0.4336989032901296,0.0,0,8
18982,"['rm_smallCC', 'edge_clean']",0.1797332763671875,39,57,0.22166567620341285,0.028076171875,0,0,0.1731719970703125,2,18,0.230064322847828,0.0142822265625,0,4
19001,"['rm_smallCC', 'edge_clean']",0.245361328125,41,68,0.3447139303482587,0.08154296875,0,0,0.2295074462890625,1,27,0.36852602885446445,0.0146484375,0,4
19003,"['rm_smallCC', 'edge_clean']",0.2572479248046875,286,320,0.2256361587282757,0.187744140625,0,0,0.2230682373046875,0,34,0.26020931664272523,0.1793212890625,0,0
50153,['rm_smallCC'],0.4838104248046875,2,10,0.9784590153593844,0.936767578125,11,0,0.48370361328125,0,8,0.9786750788643533,0.936767578125,11,0
50392,"['rm_smallCC', 'edge_clean']",0.0783843994140625,37,55,0.1504769320615145,0.100341796875,0,0,0.0636444091796875,4,22,0.18532725964996405,0.0079345703125,0,4
50841,"['rm_smallCC', 'edge_clean']",0.2406768798828125,44,60,0.5224751157040513,0.1483154296875,0,0,0.2204132080078125,6,23,0.5705088265835929,0.0306396484375,0,0
255233,"['rm_smallCC', 'edge_clean']",0.3016357421875,118,134,0.40464386887899634,0.12744140625,0,0,0.2742767333984375,8,22,0.44500695410292074,0.031005859375,0,0
51470,"['crop(0, 0, 19, 26)', 'edge_clean']",0.38677978515625,0,3,0.4818920624901373,0.6593017578125,26,0,0.24313166469194314,0,2,0.9173075458767989,0.004014989293361884,0,5
52344,"['rm_smallCC', 'edge_clean']",0.22650146484375,84,106,0.7448800862301267,0.0894775390625,0,0,0.213623046875,2,22,0.7897857142857143,0.07177734375,0,0
52478,"['rm_smallCC', 'edge_clean']",0.23388671875,68,74,0.7725730688935282,0.0653076171875,0,0,0.2274627685546875,0,6,0.7943918964244986,0.0601806640625,0,0
52518,"['rm_smallCC', 'edge_clean']",0.1526336669921875,76,95,0.4100769769069279,0.055419921875,0,0,0.13983154296875,2,20,0.44762112614578786,0.0167236328125,0,4
52860,['rm_smallCC'],0.2670440673828125,121,137,0.884063767784698,0.181884765625,0,0,0.2545166015625,0,16,0.9275779376498801,0.1796875,0,0
256067,"['rm_smallCC', 'edge_clean']",0.1031341552734375,30,33,0.7947921290131676,0.08154296875,0,0,0.0929107666015625,0,4,0.8822466743307604,0.01416015625,0,0
256068,"['rm_smallCC', 'edge_clean']",0.2254638671875,79,83,0.8980779642663779,0.0706787109375,0,0,0.213592529296875,3,7,0.9479925703671953,0.013671875,0,4
255964,"['rm_smallCC', 'edge_clean']",0.21051025390625,47,56,0.6714265004349087,0.111328125,0,0,0.1923370361328125,5,13,0.7348671162237207,0.015380859375,0,4
52906,"['rm_smallCC', 'edge_clean']",0.283050537109375,34,47,0.7781132075471698,0.0809326171875,1,0,0.2763519287109375,0,13,0.7969742145657336,0.07568359375,1,0
256336,"['rm_smallCC', 'edge_clean']",0.2774810791015625,130,134,0.9158647236733571,0.088623046875,0,0,0.2599945068359375,2,5,0.9774634661658548,0.0386962890625,0,0
53502,"['crop(0, 0, 35, 36)', 'rm_smallCC', 'edge_clean']",0.3883514404296875,13,16,0.7716003300459707,0.78515625,36,0,0.12079814189189189,6,9,0.9853172522286313,0.007086167800453515,0,4
53657,"['rm_smallCC', 'edge_clean']",0.2863311767578125,41,47,0.9327471356248335,0.1573486328125,0,0,0.278961181640625,0,7,0.9573897822995296,0.1446533203125,0,0
256411,"['rm_smallCC', 'edge_clean']",0.2071685791015625,37,46,0.741548206525742,0.041748046875,0,0,0.2021331787109375,0,8,0.7600211368611761,0.02587890625,0,0
256484,"['crop(0, 0, 18, 18)', 'rm_smallCC', 'edge_clean']",0.3194580078125,15,28,0.6917749331295376,1.0,18,0,0.16594460227272728,0,17,0.5427990584207147,0.23792016806722688,0,4
54044,"['rm_smallCC', 'edge_clean']",0.2015838623046875,57,66,0.7939595791385966,0.0628662109375,0,0,0.18865966796875,1,11,0.8483500485279845,0.004638671875,0,4
54077,"['rm_smallCC', 'edge_clean']",0.213897705078125,281,298,0.6589385076330432,0.1280517578125,0,0,0.180419921875,6,25,0.7812077131258457,0.0450439453125,0,4
256664,"['crop(0, 0, 49, 48)', 'rm_smallCC', 'edge_clean']",0.463775634765625,5,8,0.8467131670724485,0.783447265625,49,0,0.11460790094339622,0,4,0.5393354769560558,0.007078313253012048,0,4
54252,"['crop(25, 26, 0, 0)', 'rm_smallCC', 'edge_clean']",0.2552947998046875,0,8,0.8661167891937123,0.752197265625,26,0,0.042682926829268296,0,7,0.5142857142857142,0.0,0,46
54254,"['crop(0, 0, 30, 31)', 'rm_smallCC', 'edge_clean']",0.334197998046875,0,7,0.7972331293945758,0.81689453125,31,0,0.09194711538461539,4,12,0.362962962962963,0.022172949002217297,0,4
54420,"['rm_smallCC', 'edge_clean']",0.224395751953125,86,93,0.40024479804161567,0.124267578125,0,0,0.2135162353515625,2,9,0.4206388908740084,0.094482421875,0,0
54432,['rm_smallCC'],0.139892578125,43,46,0.9655322862129145,0.0784912109375,0,0,0.1366119384765625,0,3,0.9887188651848542,0.0732421875,0,0
54480,"['rm_smallCC', 'edge_clean']",0.421844482421875,82,103,0.6174853505027852,0.240966796875,0,0,0.3991546630859375,11,34,0.6525861080316526,0.131103515625,0,1
54610,"['rm_smallCC', 'edge_clean']",0.19964599609375,51,77,0.33919290736777746,0.1019287109375,1,0,0.1832427978515625,8,30,0.3695561662086768,0.0201416015625,0,4
55792,"['crop(41, 40, 0, 0)', 'rm_smallCC', 'edge_clean']",0.4528350830078125,5,9,0.7134144286821444,0.7139892578125,41,0,0.189375,0,3,0.737977369165488,0.0020301624129930394,0,5
56769,"['crop(37, 37, 0, 0)', 'rm_smallCC', 'edge_clean']",0.4128570556640625,0,5,0.7610230254647595,0.802001953125,37,0,0.14109718406593408,5,10,0.4835716458777,0.01598173515981735,0,4
56648,['rm_smallCC'],0.2610931396484375,40,42,0.9810063701712349,0.052490234375,0,0,0.257293701171875,0,2,0.9954928241015301,0.048095703125,0,0
57160,"['rm_smallCC', 'edge_clean']",0.2739410400390625,50,85,0.2474795298835849,0.063720703125,0,0,0.2620697021484375,2,35,0.25868995633187775,0.0364990234375,0,4
57394,"['rm_smallCC', 'edge_clean']",0.1911773681640625,35,41,0.5801739963285178,0.11572265625,0,0,0.175445556640625,3,8,0.6321969038093581,0.0062255859375,0,4
47482,"['crop(13, 13, 0, 0)']",0.4897003173828125,0,3,0.8857383229987847,0.642333984375,13,0,0.4320142663043478,0,2,0.9866729567165939,0.22685185185185186,0,0
47506,"['crop(0, 0, 0, 12)', 'rm_smallCC', 'edge_clean']",0.4896697998046875,1,2,0.9992521267645134,0.9276123046875,12,0,0.4575595543032787,1,3,0.9891536335327665,0.743625,10,0
47529,"['crop(0, 0, 13, 14)', 'rm_smallCC', 'edge_clean']",0.484375,0,4,0.6060987903225806,0.930419921875,14,0,0.3736012554585153,0,7,0.4720573463610629,0.28054123711340206,0,4
47554,"['crop(13, 13, 0, 0)']",0.4897003173828125,0,3,0.8857383229987847,0.642333984375,13,0,0.4320142663043478,0,2,0.9866729567165939,0.22685185185185186,0,0
47562,"['crop(0, 0, 16, 14)', 'rm_smallCC', 'edge_clean']",0.4764251708984375,3,5,0.6966338916824136,0.6881103515625,16,0,0.38004701327433627,0,3,0.9892213934873567,0.038641078838174275,0,4
47566,['rm_smallCC'],0.36328125,33,36,0.8810903897849462,0.0753173828125,0,0,0.360015869140625,0,3,0.889081969992371,0.0697021484375,0,0
47626,"['crop(0, 0, 16, 14)', 'rm_smallCC', 'edge_clean']",0.4764251708984375,3,5,0.6966338916824136,0.6881103515625,16,0,0.38004701327433627,0,3,0.9892213934873567,0.038641078838174275,0,4
47631,['rm_smallCC'],0.36328125,33,36,0.8810903897849462,0.0753173828125,0,0,0.360015869140625,0,3,0.889081969992371,0.0697021484375,0,0
47650,"['rm_smallCC', 'edge_clean']",0.3344268798828125,34,48,0.44308071360131407,0.094970703125,1,0,0.324127197265625,1,14,0.45716034271725825,0.0633544921875,0,0
47688,"['crop(0, 0, 25, 26)', 'rm_smallCC', 'edge_clean']",0.49188232421875,0,7,0.6607829755552798,0.92041015625,26,0,0.3079268292682927,0,12,0.3995668316831683,0.27467462039045554,0,4
47819,"['rm_smallCC', 'edge_clean']",0.1123046875,39,44,0.7245923913043478,0.097900390625,1,0,0.0998687744140625,2,7,0.814820473644003,0.0213623046875,0,4
48006,"['rm_smallCC', 'edge_clean']",0.276519775390625,51,74,0.8533826288489129,0.089599609375,0,0,0.2687225341796875,0,23,0.8781443416046789,0.08544921875,0,0
48318,"['rm_smallCC', 'edge_clean']",0.2804412841796875,33,50,0.3205288644648784,0.19970703125,1,0,0.25665283203125,9,29,0.35023781212841854,0.048095703125,0,4
48449,"['rm_smallCC', 'edge_clean']",0.23846435546875,85,111,0.254095213718966,0.1690673828125,1,0,0.22332763671875,0,26,0.2713172998086909,0.15234375,1,0
48544,"['crop(12, 0, 0, 0)', 'rm_smallCC']",0.3111114501953125,9,12,0.4924223846191574,0.8031005859375,12,0,0.27606301229508196,0,3,0.40373463233588497,0.565375,10,0
48710,"['crop(18, 18, 0, 0)', 'rm_smallCC', 'edge_clean']",0.26177978515625,1,5,0.7046514339006762,0.87646484375,18,0,0.10234375,0,5,0.7399375433726578,0.09571953781512606,0,4
48874,"['crop(34, 31, 0, 0)', 'rm_smallCC', 'edge_clean']",0.359405517578125,0,3,0.7412329116073703,0.719970703125,34,0,0.12465232329842932,0,2,0.5763740771123872,0.0,0,11
48927,"['rm_smallCC', 'edge_clean']",0.429473876953125,40,50,0.9300433454132025,0.135986328125,1,0,0.422149658203125,1,10,0.9461794260102653,0.1182861328125,1,0
49521,"['crop(23, 22, 0, 0)', 'rm_smallCC', 'edge_clean']",0.475494384765625,0,4,0.9615236506000898,0.9649658203125,23,0,0.32797689573459715,0,8,0.5211108602393317,0.554737687366167,0,0
49533,"['rm_smallCC', 'edge_clean']",0.35791015625,30,33,0.7021657571623465,0.166259765625,0,0,0.350860595703125,6,9,0.7162738105592763,0.112548828125,0,1
49760,"['crop(0, 0, 12, 13)', 'rm_smallCC', 'edge_clean']",0.350006103515625,5,8,0.693129305083268,0.65625,13,0,0.2648133116883117,1,4,0.5544061302681992,0.022972279260780288,0,0
49860,['rm_smallCC'],0.48638916015625,1,4,0.9783536202785795,0.9189453125,9,0,0.4860992431640625,0,3,0.9789371252785887,0.9189453125,9,0
49952,"['rm_smallCC', 'edge_clean']",0.178985595703125,69,86,0.296845694799659,0.072265625,0,0,0.1627655029296875,4,20,0.32642729914690166,0.011962890625,0,4
50052,"['rm_smallCC', 'edge_clean']",0.12628173828125,49,56,0.5013291445142581,0.0322265625,0,0,0.1179351806640625,0,7,0.5368094190710312,0.0208740234375,0,4
49482,"['rm_smallCC', 'edge_clean']",0.1508636474609375,331,349,0.5830889046222312,0.1160888671875,0,0,0.1269073486328125,1,18,0.6931585908380425,0.1014404296875,0,0
254462,"['crop(38, 35, 0, 0)', 'rm_smallCC', 'edge_clean']",0.456451416015625,1,3,0.782443003276058,0.846923828125,38,0,0.17881232923497267,2,6,0.776411603199236,0.2138382687927107,0,4
49092,"['rm_smallCC', 'edge_clean']",0.176605224609375,198,202,0.7733713495766373,0.061279296875,0,0,0.158233642578125,1,5,0.8631629701060752,0.0074462890625,0,4
254575,"['rm_smallCC', 'edge_clean']",0.31341552734375,98,136,0.4462512171372931,0.1434326171875,0,0,0.288055419921875,6,46,0.4855387223222799,0.0472412109375,0,0
50446,['rm_smallCC'],0.111541748046875,33,38,0.37852257181942545,0.006591796875,0,0,0.1097412109375,0,5,0.38473303670745274,0.00048828125,0,7
50473,"['crop(33, 36, 0, 0)', 'rm_smallCC', 'edge_clean']",0.3965911865234375,2,7,0.7850794505790466,0.84130859375,36,0,0.12136530748663102,23,28,0.6129087779690189,0.037528216704288936,0,4
50553,"['crop(0, 0, 0, 44)', 'rm_smallCC', 'edge_clean']",0.4616851806640625,4,12,0.8590078328981723,0.93798828125,44,0,0.3577166863207547,0,10,0.6603997115483672,0.8181089743589743,6,0
50591,"['rm_smallCC', 'edge_clean']",0.166290283203125,61,75,0.5324830244081483,0.0528564453125,0,0,0.1526641845703125,3,16,0.5800099950024987,0.019287109375,0,0
25858,['rm_smallCC'],0.1224822998046875,57,58,0.9732153980316433,0.0443115234375,0,0,0.11920166015625,0,1,1.0,0.0340576171875,0,0
25977,"['rm_smallCC', 'edge_clean']",0.3184356689453125,42,49,0.9435526378839427,0.1827392578125,2,0,0.3128509521484375,0,7,0.9603960396039604,0.169677734375,2,0
26047,"['rm_smallCC', 'edge_clean']",0.3184356689453125,42,49,0.9435526378839427,0.1827392578125,2,0,0.3128509521484375,0,7,0.9603960396039604,0.169677734375,2,0
26312,"['rm_smallCC', 'edge_clean']",0.2466888427734375,38,56,0.5112884270427414,0.1031494140625,0,0,0.230499267578125,2,20,0.5471997881636436,0.0189208984375,0,4
245174,"['crop(0, 0, 30, 30)', 'rm_smallCC', 'edge_clean']",0.4350433349609375,3,10,0.26958016204272034,0.63037109375,30,0,0.2612404336734694,1,5,0.45407384803173634,0.019081858407079644,0,4
26432,"['rm_smallCC', 'edge_clean']",0.2782440185546875,174,205,0.28286262681656155,0.13427734375,0,0,0.2469482421875,6,39,0.31870983687592686,0.0533447265625,0,0
26661,"['rm_smallCC', 'edge_clean']",0.1190032958984375,34,50,0.340043595332735,0.0262451171875,0,0,0.11175537109375,0,16,0.3620972146368105,0.0172119140625,0,4
26801,"['crop(40, 40, 0, 0)']",0.4025726318359375,0,8,0.38812871925103287,0.65625,40,0,0.1310147372159091,0,6,0.29815348128070474,0.0,0,11
26806,"['crop(37, 38, 0, 0)', 'rm_smallCC', 'edge_clean']",0.4480743408203125,8,16,0.9604971905329474,0.6551513671875,38,0,0.2145631906077348,1,12,0.5061355864011265,0.08338100686498856,0,0
26851,"['rm_smallCC', 'edge_clean']",0.2373809814453125,32,44,0.6086006299415054,0.0872802734375,0,0,0.2270050048828125,2,15,0.6364186327888687,0.0355224609375,0,0
27268,"['crop(13, 13, 0, 0)']",0.3535003662109375,0,3,0.7126947813700523,0.5654296875,13,0,0.28041779891304347,0,1,1.0,0.015432098765432098,0,1
27463,"['crop(0, 0, 47, 47)', 'rm_smallCC', 'edge_clean']",0.47930908203125,0,6,0.8077804660639246,0.8043212890625,47,0,0.14559220679012347,0,5,0.3383570718781053,0.0010466507177033493,0,6
245615,"['crop(0, 0, 45, 46)', 'rm_smallCC', 'edge_clean']",0.4687347412109375,2,7,0.7973892379309222,0.7943115234375,46,0,0.14713541666666666,0,4,0.3417538213998391,0.001336104513064133,0,6
27476,"['crop(33, 33, 0, 0)']",0.384307861328125,0,4,0.335424442150401,0.62890625,33,0,0.17043585526315788,0,2,0.6248492159227985,0.0,0,11
27741,['rm_smallCC'],0.487640380859375,1,4,0.9934914575380186,0.948486328125,9,0,0.4871978759765625,0,3,0.9943938112687526,0.948486328125,9,0
26923,"['rm_smallCC', 'edge_clean']",0.2156829833984375,82,105,0.41422002122391227,0.2237548828125,1,0,0.2040252685546875,2,23,0.4378879664946526,0.205810546875,1,0
27079,"['crop(12, 13, 0, 0)', 'rm_smallCC', 'edge_clean']",0.2301483154296875,1,5,0.5775376251408871,0.548828125,13,0,0.14644209956709955,0,3,0.621593533487298,0.027720739219712527,0,0
245864,"['rm_smallCC', 'edge_clean']",0.1182403564453125,36,40,0.4698670796231772,0.1768798828125,1,0,0.0966033935546875,4,8,0.5751066182277681,0.0146484375,0,0
28084,"['rm_smallCC', 'edge_clean']",0.2062530517578125,166,192,0.7375157209439964,0.18603515625,0,0,0.1811676025390625,1,28,0.8396361492461888,0.1507568359375,0,0
27749,"['rm_smallCC', 'edge_clean']",0.35723876953125,31,33,0.9485733811720485,0.067138671875,0,0,0.346954345703125,0,3,0.9766910018471282,0.0028076171875,0,4
245785,"['crop(18, 19, 0, 0)', 'rm_smallCC']",0.3561859130859375,1,4,0.5932827828471062,0.574951171875,19,0,0.2470212614155251,0,1,1.0,0.0,0,9
27988,"['crop(40, 40, 0, 0)']",0.4178466796875,0,5,0.37394098743792,0.6593017578125,40,0,0.1532315340909091,0,3,0.44220741599073,0.004195601851851852,0,4
28782,"['rm_smallCC', 'edge_clean']",0.3192138671875,45,59,0.3081261950286807,0.0992431640625,0,0,0.30975341796875,1,15,0.3175369458128079,0.06103515625,0,1
28362,"['crop(0, 0, 18, 19)']",0.289764404296875,0,7,0.25613480779357556,0.572265625,19,0,0.16977026255707764,0,5,0.4078587938642572,0.0,0,14
28584,['rm_smallCC'],0.2062835693359375,31,56,0.5052888527257934,0.1417236328125,0,0,0.2008056640625,0,25,0.5190729483282674,0.13232421875,0,0
246095,"['rm_smallCC', 'edge_clean']",0.25238037109375,59,77,0.4458887545344619,0.11669921875,0,0,0.2310638427734375,5,24,0.4870237073235158,0.0135498046875,0,4
29242,"['rm_smallCC', 'edge_clean']",0.1552886962890625,30,42,0.5749238478923062,0.0552978515625,0,0,0.1500701904296875,0,12,0.5949161159125572,0.037353515625,0,4
29346,"['rm_smallCC', 'edge_clean']",0.246246337890625,257,299,0.3898252571570207,0.158447265625,0,0,0.197052001953125,11,56,0.4871457333126839,0.0379638671875,0,4
29520,['rm_smallCC'],0.221405029296875,35,47,0.3596829772570641,0.20263671875,1,0,0.2155914306640625,0,12,0.3693821218769906,0.1851806640625,1,0
29016,['rm_smallCC'],0.290924072265625,55,62,0.8868666736599182,0.1917724609375,0,0,0.282470703125,0,7,0.9134075194468453,0.181640625,0,0
29055,"['rm_smallCC', 'edge_clean']",0.137115478515625,55,63,0.6869574894279991,0.0404052734375,0,0,0.1280517578125,1,8,0.7355815061963775,0.005859375,0,4
29057,"['rm_smallCC', 'edge_clean']",0.115081787109375,39,45,0.7798992309732167,0.0384521484375,0,0,0.108367919921875,0,6,0.8282174035482962,0.008544921875,0,4
19129,"['rm_smallCC', 'edge_clean']",0.217437744140625,120,130,0.36498245614035085,0.1268310546875,0,0,0.1931304931640625,4,15,0.41091885912933557,0.0179443359375,0,4
19346,"['rm_smallCC', 'edge_clean']",0.2020263671875,40,65,0.24871601208459215,0.0579833984375,0,0,0.1902008056640625,0,24,0.26417970316887285,0.015380859375,0,4
18732,"['rm_smallCC', 'edge_clean']",0.273956298828125,87,126,0.4623482232371616,0.1441650390625,0,0,0.250518798828125,4,44,0.5056036057985138,0.06494140625,0,0
18778,"['crop(26, 24, 0, 0)', 'rm_smallCC', 'edge_clean']",0.4005584716796875,4,7,0.5723972420098282,0.681396484375,26,0,0.24302184466019416,2,4,0.693039950062422,0.04112554112554113,0,0
18816,['rm_smallCC'],0.44390869140625,99,131,0.7868486181768184,0.807861328125,11,0,0.429107666015625,0,32,0.8139890477206457,0.8033447265625,11,0
19558,"['rm_smallCC', 'edge_clean']",0.2628631591796875,65,82,0.6047483601323503,0.1424560546875,1,0,0.2407073974609375,6,24,0.6604120443740095,0.027099609375,0,4
19660,"['crop(0, 0, 16, 16)', 'rm_smallCC', 'edge_clean']",0.4935760498046875,134,179,0.8230129532877856,0.804443359375,16,0,0.36966378348214285,18,81,0.4536748749882064,0.20872395833333332,0,0
242465,"['rm_smallCC', 'edge_clean']",0.355804443359375,67,108,0.3908997341109872,0.1683349609375,0,0,0.3307037353515625,5,51,0.4205693720297144,0.0634765625,0,2
19890,"['crop(30, 30, 0, 0)', 'rm_smallCC']",0.407135009765625,0,8,0.2881718012143018,0.6171875,30,0,0.22546635841836735,0,6,0.3914081145584726,0.0,0,8
19349,"['rm_smallCC', 'edge_clean']",0.2575836181640625,42,68,0.4707659498844855,0.2666015625,1,0,0.24920654296875,1,26,0.486590742101396,0.240966796875,1,0
19402,"['rm_smallCC', 'edge_clean']",0.302276611328125,98,137,0.21776880363452802,0.194580078125,0,0,0.2741851806640625,2,44,0.2400801380154711,0.0960693359375,0,0
19426,"['crop(0, 0, 23, 23)']",0.30047607421875,0,5,0.2990046719479992,0.5906982421875,23,0,0.1472470238095238,0,3,0.5042950985346134,0.0009388412017167382,0,7
19530,"['rm_smallCC', 'edge_clean']",0.479034423828125,60,95,0.8786710836465567,0.0362548828125,0,0,0.4671478271484375,2,35,0.9010289073983342,0.020751953125,0,4
19499,"['rm_smallCC', 'edge_clean']",0.2810516357421875,33,44,0.4911775883598458,0.153076171875,1,0,0.2621307373046875,2,14,0.5266313522323768,0.025634765625,0,4
20247,"['rm_smallCC', 'edge_clean']",0.2628631591796875,65,82,0.6047483601323503,0.1424560546875,1,0,0.2407073974609375,6,24,0.6604120443740095,0.027099609375,0,4
20098,"['rm_smallCC', 'edge_clean']",0.295623779296875,107,129,0.4828636316713121,0.2203369140625,1,0,0.267913818359375,1,26,0.532805558719672,0.113525390625,0,2
242759,"['rm_smallCC', 'edge_clean']",0.195037841796875,126,142,0.4208261617900172,0.0882568359375,0,0,0.171661376953125,2,19,0.47813333333333335,0.0272216796875,0,3
20874,"['rm_smallCC', 'edge_clean']",0.217529296875,77,88,0.25308641975308643,0.0606689453125,0,0,0.201568603515625,1,13,0.27312641937925813,0.0084228515625,0,4
20969,"['crop(0, 0, 35, 35)', 'edge_clean']",0.3954010009765625,0,4,0.37548720719330064,0.7174072265625,35,0,0.15971522177419356,1,4,0.7061143984220908,0.04850113122171946,0,3
21010,"['crop(21, 21, 0, 0)', 'rm_smallCC', 'edge_clean']",0.401214599609375,4,10,0.5069217311934282,0.605712890625,21,0,0.2818523656542056,0,6,0.8632212939576452,0.03031914893617021,0,0
21059,"['rm_smallCC', 'edge_clean']",0.3057708740234375,151,172,0.323569040371276,0.166748046875,0,0,0.2725677490234375,12,34,0.3629849409393719,0.0380859375,0,4
21188,"['rm_smallCC', 'edge_clean']",0.1526641845703125,34,40,0.7268365817091454,0.0283203125,0,0,0.147552490234375,0,6,0.7520165460186142,0.0069580078125,0,2
21661,"['rm_smallCC', 'edge_clean']",0.21990966796875,39,63,0.6325978351373855,0.2523193359375,1,0,0.193817138671875,8,33,0.7177609825224374,0.0689697265625,0,0
21740,"['rm_smallCC', 'edge_clean']",0.2978668212890625,154,187,0.5941806259925209,0.1905517578125,1,0,0.2724761962890625,5,34,0.6495491963935711,0.1492919921875,1,0
21833,"['rm_smallCC', 'edge_clean']",0.2884521484375,59,66,0.49455141768937794,0.0797119140625,1,0,0.274322509765625,1,9,0.5200244743575481,0.02001953125,0,4
21216,"['rm_smallCC', 'edge_clean']",0.28155517578125,37,48,0.4753414264036419,0.0931396484375,1,0,0.2674102783203125,5,15,0.5004850213980029,0.0152587890625,0,4
21223,"['rm_smallCC', 'edge_clean']",0.373931884765625,202,244,0.7746674283848853,0.2442626953125,1,0,0.3383026123046875,3,44,0.8562536646971268,0.19775390625,1,0
21462,"['rm_smallCC', 'edge_clean']",0.3900604248046875,72,92,0.5194226029808708,0.6739501953125,3,0,0.3670654296875,6,30,0.5519620884602594,0.552490234375,3,0
21870,"['rm_smallCC', 'edge_clean']",0.3168792724609375,36,45,0.5879520392931092,0.1617431640625,1,0,0.310211181640625,1,9,0.6005902606984752,0.1485595703125,1,0
22003,"['rm_smallCC', 'edge_clean']",0.3539886474609375,41,49,0.4729514203198414,0.0408935546875,0,0,0.34552001953125,0,8,0.48454336689630806,0.0240478515625,0,2
22092,"['rm_smallCC', 'edge_clean']",0.1335601806640625,43,56,0.7211241859933737,0.0999755859375,0,0,0.115692138671875,4,16,0.8324980216301767,0.0286865234375,0,0
22119,[],0.51446533203125,0,1,1.0,0.293701171875,0,0,0.51446533203125,0,1,1.0,0.293701171875,0,0
62859,[],0.5322265625,0,1,1.0,0.1328125,0,3,0.5322265625,0,1,1.0,0.1328125,0,3
62910,"['rm_smallCC', 'edge_clean']",0.16815185546875,30,37,0.5368421052631579,0.1031494140625,0,0,0.157470703125,1,9,0.5732558139534883,0.0372314453125,0,4
62920,"['rm_smallCC', 'edge_clean']",0.177581787109375,59,66,0.5016325829180271,0.05126953125,0,0,0.168060302734375,1,8,0.5300526602505902,0.0106201171875,0,1
63016,[],0.7547454833984375,0,1,1.0,0.181640625,0,3,0.7547454833984375,0,1,1.0,0.181640625,0,3
63083,"['rm_smallCC', 'edge_clean']",0.0950164794921875,42,51,0.5171029388148386,0.078857421875,0,0,0.0875244140625,2,9,0.5613668061366807,0.0357666015625,0,0
260348,"['crop(26, 25, 0, 0)', 'rm_smallCC', 'edge_clean']",0.31768798828125,1,8,0.776416906820365,0.9248046875,26,0,0.1138719512195122,0,9,0.3075635876840696,0.1506236442516269,0,4
63243,"['crop(0, 0, 29, 28)', 'rm_smallCC', 'edge_clean']",0.422515869140625,2,4,0.9871794871794872,0.717041015625,29,0,0.2558495603015075,0,2,0.9743747122909314,0.12197802197802197,0,0
63845,[],0.764892578125,0,2,0.9870730928822216,0.156494140625,0,3,0.764892578125,0,2,0.9870730928822216,0.156494140625,0,3
63900,"['rm_smallCC', 'edge_clean']",0.4122314453125,207,263,0.5297231270358306,0.3084716796875,1,0,0.3799591064453125,2,57,0.5747158748644633,0.2576904296875,1,0
64343,"['rm_smallCC', 'edge_clean']",0.1772003173828125,44,63,0.5679841556875915,0.040771484375,0,0,0.1686553955078125,2,19,0.5967610603456075,0.0137939453125,0,1
64411,[],0.6398162841796875,0,9,0.9530657508764399,0.3433837890625,0,0,0.6398162841796875,0,9,0.9530657508764399,0.3433837890625,0,0
64649,[],0.6749267578125,0,1,1.0,0.23779296875,0,2,0.6749267578125,0,1,1.0,0.23779296875,0,2
260978,"['crop(0, 0, 27, 25)', 'rm_smallCC', 'edge_clean']",0.4027862548828125,0,5,0.2745387733454559,0.6483154296875,27,0,0.24283854166666666,0,3,0.5136413814855701,0.0009510869565217392,0,7
64133,"['rm_smallCC', 'edge_clean']",0.327728271484375,72,85,0.8867212962100754,0.125,0,0,0.316009521484375,1,13,0.9196040560115886,0.1051025390625,0,0
64179,"['rm_smallCC', 'edge_clean']",0.2371368408203125,79,114,0.4598159706582588,0.0750732421875,0,0,0.21954345703125,2,37,0.49666388657214344,0.01513671875,0,4
64246,"['crop(0, 0, 0, 12)', 'rm_smallCC', 'edge_clean']",0.2891845703125,5,9,0.6225200506542845,0.6048583984375,12,0,0.22571401127049182,0,4,0.8367969359529045,0.135875,0,4
64339,"['rm_smallCC', 'edge_clean']",0.2512054443359375,41,52,0.766263742938711,0.0357666015625,0,0,0.2418060302734375,1,11,0.7960497255000947,0.0201416015625,0,1
64871,[],0.7225799560546875,0,1,1.0,0.0189208984375,0,5,0.7225799560546875,0,1,1.0,0.0189208984375,0,5
65071,[],0.794586181640625,0,1,1.0,0.1124267578125,0,4,0.794586181640625,0,1,1.0,0.1124267578125,0,4
65329,"['rm_smallCC', 'edge_clean']",0.2899017333984375,47,57,0.8048318332543818,0.148193359375,1,0,0.27252197265625,5,15,0.8561590145576707,0.0509033203125,0,0
65368,"['rm_smallCC', 'edge_clean']",0.2870941162109375,42,48,0.9646558596864204,0.07373046875,0,0,0.280975341796875,1,6,0.985663082437276,0.0623779296875,0,0
261268,"['rm_smallCC', 'edge_clean']",0.3009033203125,129,171,0.5657200811359027,0.13427734375,0,0,0.2826690673828125,1,42,0.6022132253711201,0.097412109375,0,0
65447,"['rm_smallCC', 'edge_clean']",0.2899017333984375,47,57,0.8048318332543818,0.148193359375,1,0,0.27252197265625,5,15,0.8561590145576707,0.0509033203125,0,0
65481,"['rm_smallCC', 'edge_clean']",0.2870941162109375,42,48,0.9646558596864204,0.07373046875,0,0,0.280975341796875,1,6,0.985663082437276,0.0623779296875,0,0
65482,"['rm_smallCC', 'edge_clean']",0.3009033203125,129,171,0.5657200811359027,0.13427734375,0,0,0.2826690673828125,1,42,0.6022132253711201,0.097412109375,0,0
65574,"['rm_smallCC', 'edge_clean']",0.168212890625,135,139,0.6513969521044993,0.08349609375,0,0,0.1590576171875,0,4,0.6888910207214122,0.0760498046875,0,0
65601,['rm_smallCC'],0.2574310302734375,57,67,0.38213502459842336,0.121826171875,0,0,0.24871826171875,0,10,0.395521472392638,0.1107177734375,0,0
66334,"['rm_smallCC', 'edge_clean']",0.298431396484375,93,100,0.9353205849268842,0.0577392578125,1,0,0.283050537109375,1,7,0.986145552560647,0.0003662109375,0,4
66404,"['rm_smallCC', 'edge_clean']",0.4218597412109375,34,69,0.685354649690744,0.0789794921875,0,0,0.4138946533203125,0,35,0.6985437788018433,0.056884765625,0,0
66505,"['rm_smallCC', 'edge_clean']",0.2275238037109375,42,50,0.6968680839648581,0.1046142578125,0,0,0.210906982421875,7,15,0.7517725365359572,0.013671875,0,4
261745,"['rm_smallCC', 'edge_clean']",0.3930206298828125,45,72,0.8808867492332182,0.4107666015625,2,0,0.379669189453125,5,32,0.9118639980708946,0.3636474609375,2,0
66559,"['rm_smallCC', 'edge_clean']",0.4218597412109375,34,69,0.685354649690744,0.0789794921875,0,0,0.4138946533203125,0,35,0.6985437788018433,0.056884765625,0,0
12530,"['rm_smallCC', 'edge_clean']",0.3452301025390625,104,121,0.4656353591160221,0.146484375,0,0,0.3285980224609375,2,19,0.4892036220106803,0.0999755859375,0,0
12866,"['rm_smallCC', 'edge_clean']",0.10791015625,43,50,0.5383201357466063,0.03857421875,0,0,0.0968017578125,0,7,0.600094577553594,0.001953125,0,4
14047,"['crop(0, 0, 37, 38)', 'rm_smallCC', 'edge_clean']",0.412353515625,9,14,0.9216252220248667,0.7916259765625,38,0,0.16009150552486187,0,5,0.7251280668643839,0.1955091533180778,3,0
14238,"['crop(0, 0, 39, 40)', 'rm_smallCC', 'edge_clean']",0.3998870849609375,12,20,0.49933223947800204,0.67431640625,40,0,0.12689795197740114,1,7,0.5394782608695652,0.03464203233256351,0,0
14262,"['rm_smallCC', 'edge_clean']",0.178009033203125,47,61,0.5796331218926796,0.12646484375,0,0,0.169464111328125,0,14,0.608860075634792,0.1219482421875,0,0
13009,"['crop(0, 0, 42, 43)', 'rm_smallCC', 'edge_clean']",0.4478912353515625,6,11,0.4309269921302763,0.6763916015625,43,0,0.16742050438596492,0,5,0.7067812798471824,0.027224824355971896,0,4
239701,"['crop(18, 18, 0, 0)']",0.255523681640625,0,7,0.5515944106055177,0.5703125,18,0,0.1337002840909091,0,6,0.6147410358565737,0.011423319327731092,0,0
239703,"['crop(0, 0, 15, 14)', 'rm_smallCC', 'edge_clean']",0.2722015380859375,2,8,0.36515499747743707,0.5648193359375,15,0,0.1714964207048458,0,4,0.6536223158739715,0.007634575569358178,0,5
14268,"['rm_smallCC', 'edge_clean']",0.354400634765625,271,327,0.4060535606647722,0.1868896484375,0,0,0.300872802734375,14,73,0.4782939446191297,0.0528564453125,0,2
14325,"['rm_smallCC', 'edge_clean']",0.1116485595703125,113,122,0.8298482984829848,0.0863037109375,0,0,0.1009674072265625,1,9,0.9176363911137978,0.0640869140625,0,0
14366,"['rm_smallCC', 'edge_clean']",0.2001800537109375,31,52,0.7271895723759433,0.1201171875,0,0,0.1936492919921875,1,21,0.7517138129383028,0.10302734375,0,0
240218,"['rm_smallCC', 'edge_clean']",0.2961883544921875,35,66,0.5068775436608108,0.1573486328125,0,0,0.276763916015625,3,39,0.5424523100672621,0.0484619140625,0,4
15050,['rm_smallCC'],0.1353607177734375,63,69,0.6180813887949498,0.041259765625,0,0,0.1278839111328125,0,6,0.6542178737620808,0.0335693359375,0,0
15163,"['rm_smallCC', 'edge_clean']",0.1443023681640625,58,61,0.7365972295654013,0.0792236328125,0,0,0.1331787109375,0,3,0.7981209899175069,0.022216796875,0,4
240620,"['rm_smallCC', 'edge_clean']",0.196319580078125,51,71,0.45033421420799,0.0506591796875,0,0,0.184967041015625,0,21,0.47797393169443986,0.012939453125,0,4
15377,"['rm_smallCC', 'edge_clean']",0.126434326171875,30,34,0.463190924450881,0.07373046875,0,0,0.115936279296875,2,7,0.5051329297183469,0.00732421875,0,4
14486,"['crop(34, 35, 0, 0)', 'edge_clean']",0.376312255859375,0,6,0.3633119779417728,0.640869140625,35,0,0.14580548128342247,0,4,0.507593123209169,0.0074774266365688485,0,4
240293,"['crop(17, 15, 0, 0)', 'rm_smallCC', 'edge_clean']",0.406524658203125,20,37,0.8691164327002477,0.867919921875,17,0,0.299072265625,3,29,0.6415743440233236,0.49765625,2,0
240291,"['rm_smallCC', 'edge_clean']",0.3696441650390625,41,52,0.7310216718266254,0.0526123046875,0,0,0.361114501953125,0,11,0.748288684188287,0.05126953125,0,0
14629,"['crop(0, 0, 34, 34)', 'rm_smallCC', 'edge_clean']",0.4058685302734375,24,29,0.488890559795481,0.682373046875,34,0,0.17765126329787234,2,7,0.4935672514619883,0.0518018018018018,0,2
240361,"['crop(40, 41, 0, 0)', 'rm_smallCC', 'edge_clean']",0.49981689453125,24,28,0.4361643668335572,0.696044921875,41,0,0.2614955357142857,0,6,0.6524967989756723,0.07062064965197216,0,0
14881,"['rm_smallCC', 'edge_clean']",0.21368408203125,39,58,0.36582405027135106,0.044189453125,0,0,0.2055816650390625,0,19,0.3802419654123061,0.0367431640625,0,4
14842,"['crop(21, 22, 0, 0)', 'rm_smallCC']",0.34954833984375,1,7,0.24847214946743496,0.58984375,22,0,0.2180531103286385,0,4,0.4787216148023549,0.01052771855010661,0,4
240437,"['rm_smallCC', 'edge_clean']",0.2256317138671875,32,37,0.7119767363224454,0.051513671875,0,0,0.220306396484375,0,5,0.7291868679872558,0.0440673828125,0,0
15024,"['crop(0, 0, 28, 29)', 'rm_smallCC', 'edge_clean']",0.341552734375,14,19,0.7641619013581129,0.7288818359375,29,0,0.14877119974874373,0,6,0.33157408629106744,0.14752747252747253,4,0
15386,"['rm_smallCC', 'edge_clean']",0.074981689453125,30,36,0.39377289377289376,0.0615234375,0,0,0.064117431640625,1,7,0.4604950023798191,0.00732421875,0,4
15501,"['rm_smallCC', 'edge_clean']",0.1221771240234375,37,48,0.3043586861496191,0.105712890625,1,0,0.111419677734375,0,12,0.33374417967680087,0.0511474609375,0,4
15506,"['rm_smallCC', 'edge_clean']",0.3031463623046875,84,144,0.3400614083656314,0.179931640625,0,0,0.286163330078125,1,60,0.36024314812839925,0.1513671875,0,0
15552,"['crop(0, 0, 38, 38)', 'rm_smallCC', 'edge_clean']",0.421966552734375,27,33,0.5262529832935561,0.7139892578125,38,0,0.1684027777777778,1,5,0.6217783505154639,0.0507454128440367,0,0
15645,"['crop(38, 39, 0, 0)', 'edge_clean']",0.4042510986328125,0,5,0.3768542633903295,0.6551513671875,39,0,0.14791375698324022,0,3,0.666420773089407,0.005172413793103448,0,4
15757,"['crop(34, 34, 0, 0)', 'edge_clean']",0.397918701171875,0,6,0.3359536774292507,0.636962890625,34,0,0.1791057180851064,1,5,0.6301624129930394,0.007460585585585586,0,4
15770,"['rm_smallCC', 'edge_clean']",0.228515625,74,92,0.42114049145299143,0.161865234375,0,0,0.2027587890625,8,30,0.4746387718242023,0.058837890625,0,4
1716,"['rm_smallCC', 'edge_clean']",0.1912689208984375,94,101,0.48767451136816914,0.1768798828125,0,0,0.1729583740234375,4,9,0.5393030436700486,0.0706787109375,0,4
1730,"['rm_smallCC', 'edge_clean']",0.0501556396484375,49,60,0.327350167325829,0.041259765625,0,0,0.0419921875,1,12,0.39098837209302323,0.0091552734375,0,4
237609,"['rm_smallCC', 'edge_clean']",0.25262451171875,39,53,0.44992751872432957,0.0684814453125,0,0,0.2425689697265625,0,13,0.46857897716550295,0.0120849609375,0,4
6738,[],0.74810791015625,0,1,1.0,0.445556640625,7,0,0.74810791015625,0,1,1.0,0.445556640625,7,0
237020,"['crop(13, 14, 0, 0)']",0.2979736328125,0,5,0.6219274887341254,0.552734375,14,0,0.21520196506550218,0,3,0.9626664552948636,0.0,0,9
6880,[],0.5916900634765625,0,1,1.0,0.3599853515625,0,0,0.5916900634765625,0,1,1.0,0.3599853515625,0,0
5963,"['rm_smallCC', 'edge_clean']",0.2542572021484375,51,70,0.7939746744283742,0.249267578125,1,0,0.229522705078125,11,28,0.8795372955723972,0.093017578125,0,4
6140,[],0.6820526123046875,0,1,1.0,0.1536865234375,0,3,0.6820526123046875,0,1,1.0,0.1536865234375,0,3
6215,"['rm_smallCC', 'edge_clean']",0.284698486328125,80,110,0.7010933647765034,0.14111328125,0,0,0.263397216796875,4,32,0.7577916811493454,0.0389404296875,0,0
8166,"['crop(0, 0, 16, 16)', 'rm_smallCC', 'edge_clean']",0.216400146484375,9,13,0.6096460301791002,0.610595703125,16,0,0.09540666852678571,0,3,0.8049716687991226,0.0,0,12
8287,[],0.6269989013671875,0,1,1.0,0.3515625,0,0,0.6269989013671875,0,1,1.0,0.3515625,0,0
8288,[],0.7176513671875,0,1,1.0,0.45703125,11,0,0.7176513671875,0,1,1.0,0.45703125,11,0
8647,"['rm_smallCC', 'edge_clean']",0.1539154052734375,78,88,0.6016655100624566,0.1103515625,0,0,0.133331298828125,8,17,0.6945525291828794,0.0467529296875,0,0
238302,"['crop(16, 17, 29, 0)', 'rm_smallCC', 'edge_clean']",0.3126678466796875,4,7,0.5637108974671807,0.78369140625,29,0,0.09934612117500642,4,6,0.9598329687810698,0.029722222222222223,0,4
9807,"['rm_smallCC', 'edge_clean']",0.3532257080078125,73,97,0.8124757008942071,0.109619140625,0,0,0.3363800048828125,2,24,0.8531639827625311,0.05859375,0,0
10830,"['rm_smallCC', 'edge_clean']",0.3994903564453125,54,75,0.49795653336388984,0.05078125,0,0,0.38665771484375,1,22,0.5144830307813734,0.0234375,0,4
10816,"['rm_smallCC', 'edge_clean']",0.18731689453125,30,40,0.6154284783317041,0.056884765625,0,0,0.1801605224609375,1,13,0.6398746506309816,0.025390625,0,3
10892,"['crop(0, 0, 48, 48)', 'rm_smallCC', 'edge_clean']",0.470123291015625,5,11,0.40162284972411555,0.7149658203125,48,0,0.1472412109375,1,5,0.9442878461283369,0.019381009615384616,0,0
11010,"['rm_smallCC', 'edge_clean']",0.2665252685546875,125,193,0.2628957462643843,0.1490478515625,1,0,0.2362823486328125,5,72,0.29654504359057154,0.0577392578125,0,4
238374,"['crop(0, 0, 21, 22)', 'rm_smallCC', 'edge_clean']",0.3007049560546875,2,9,0.6711320850459228,0.7760009765625,22,0,0.12048855633802817,11,18,0.26362252663622526,0.013592750533049041,0,4
238396,"['rm_smallCC', 'edge_clean']",0.2238922119140625,245,262,0.34655489674913104,0.200927734375,0,0,0.1821746826171875,10,25,0.4259150682636737,0.0667724609375,0,4
10067,"['crop(0, 0, 46, 46)']",0.4658660888671875,0,4,0.3857063312698569,0.6796875,46,0,0.16622999237804878,0,2,0.7945264364522138,0.0,0,15
10121,"['crop(0, 0, 25, 25)', 'rm_smallCC', 'edge_clean']",0.428070068359375,22,30,0.8772724032223569,0.764404296875,25,0,0.25324256674757284,6,21,0.6009734181954324,0.25432900432900435,0,0
238434,"['rm_smallCC', 'edge_clean']",0.22235107421875,87,117,0.4884024155915454,0.07080078125,0,0,0.2026214599609375,0,28,0.5359590330597184,0.00830078125,0,4
10224,"['rm_smallCC', 'edge_clean']",0.17596435546875,33,43,0.5822927506070066,0.095947265625,0,0,0.162567138671875,2,12,0.6302797071522432,0.0068359375,0,4
10443,"['rm_smallCC', 'edge_clean']",0.286224365234375,106,137,0.771670753811707,0.1741943359375,0,0,0.2686920166015625,1,32,0.8220228292350502,0.1575927734375,0,0
12415,"['crop(34, 34, 0, 0)']",0.3762054443359375,0,8,0.3530318393834922,0.6561279296875,34,0,0.15057762632978725,0,6,0.4309369394232096,0.031813063063063064,0,0
13444,"['crop(0, 0, 39, 39)', 'rm_smallCC', 'edge_clean']",0.3698577880859375,14,21,0.41292957630265276,0.6776123046875,39,0,0.08721032303370786,0,4,0.69073980875692,0.012816820276497696,0,4
13459,"['rm_smallCC', 'edge_clean']",0.142913818359375,47,58,0.8100576553491352,0.0357666015625,0,0,0.132110595703125,1,11,0.8762993762993763,0.008056640625,0,0
13471,"['rm_smallCC', 'edge_clean']",0.129364013671875,111,129,0.5383345128568059,0.09521484375,0,0,0.106231689453125,5,24,0.6555587474863545,0.0322265625,0,4
13871,"['rm_smallCC', 'edge_clean']",0.3535003662109375,50,70,0.8425346397893555,0.1949462890625,0,0,0.3415985107421875,0,20,0.8718899361236432,0.15966796875,0,0
13863,"['rm_smallCC', 'edge_clean']",0.1466522216796875,124,130,0.8232233898657788,0.1966552734375,1,0,0.1278076171875,1,7,0.944603629417383,0.123046875,1,0
246309,"['rm_smallCC', 'edge_clean']",0.113739013671875,71,77,0.3775154279581433,0.0203857421875,0,0,0.1063690185546875,1,6,0.4036723569071869,0.0067138671875,0,0
29561,"['rm_smallCC', 'edge_clean']",0.1477508544921875,234,242,0.3471031705050088,0.0645751953125,0,0,0.124725341796875,4,12,0.4111817959383411,0.0086669921875,0,4
29578,"['crop(0, 0, 41, 42)', 'rm_smallCC', 'edge_clean']",0.4429779052734375,12,21,0.7473046054217904,0.6964111328125,42,0,0.1642657153179191,0,9,0.2949828178694158,0.0118006993006993,0,1
29613,"['rm_smallCC', 'edge_clean']",0.24053955078125,31,51,0.3049352956102512,0.1334228515625,0,0,0.22161865234375,5,28,0.33096942990911593,0.0260009765625,0,4
29821,"['rm_smallCC', 'edge_clean']",0.333465576171875,197,218,0.675757298435069,0.1175537109375,0,0,0.3110504150390625,1,21,0.7244542555800834,0.10400390625,0,0
246583,"['rm_smallCC', 'edge_clean']",0.32330322265625,35,40,0.5968472720407778,0.10986328125,0,0,0.318023681640625,0,5,0.6067555896746953,0.0938720703125,0,0
29819,"['crop(0, 0, 26, 26)', 'rm_smallCC', 'edge_clean']",0.4268341064453125,42,56,0.45551067100418263,0.7574462890625,26,0,0.2515893075980392,1,17,0.38602633381535884,0.2328804347826087,0,0
30130,"['crop(48, 49, 0, 0)', 'rm_smallCC', 'edge_clean']",0.4852142333984375,27,42,0.832604798893047,0.8094482421875,49,0,0.13217374213836477,2,27,0.4366171003717472,0.046686746987951805,0,4
30240,"['crop(20, 21, 0, 0)']",0.3038787841796875,0,5,0.28265126788852624,0.5858154296875,21,0,0.1711300872093023,0,3,0.5976218282195562,0.007165605095541401,0,4
30241,"['crop(33, 34, 0, 0)', 'rm_smallCC', 'edge_clean']",0.4714813232421875,1,11,0.2816919641412343,0.6414794921875,34,0,0.2802992724867725,2,11,0.44322371331661997,0.02247191011235955,0,4
30306,"['rm_smallCC', 'edge_clean']",0.4734039306640625,1,6,0.486027397260274,0.8900146484375,11,0,0.4542083740234375,0,5,0.5065676756139349,0.7247314453125,7,0
246782,"['crop(16, 0, 15, 12)', 'rm_smallCC', 'edge_clean']",0.479644775390625,5,9,0.5470509639244131,0.929931640625,16,0,0.34694323144104805,0,6,0.32651562827774283,0.47334754797441364,0,0
30282,"['rm_smallCC', 'edge_clean']",0.2768707275390625,42,75,0.481124276660237,0.1097412109375,0,0,0.266876220703125,1,33,0.49914236706689535,0.0848388671875,0,1
30327,"['crop(32, 32, 0, 0)', 'rm_smallCC']",0.4564666748046875,2,5,0.45167975931806786,0.6455078125,32,0,0.27490234375,0,1,1.0,0.021763392857142856,0,0
246796,"['crop(35, 36, 0, 0)', 'rm_smallCC']",0.4302978515625,1,12,0.32680851063829786,0.642822265625,36,0,0.21144425675675677,0,9,0.5681046534851208,0.00481859410430839,0,4
246841,"['crop(0, 0, 21, 22)', 'rm_smallCC']",0.29132080078125,3,11,0.29499266708569033,0.5853271484375,22,0,0.14766725352112675,0,6,0.3761798310978639,0.00026652452025586353,0,7
30491,"['crop(0, 12, 0, 0)', 'rm_smallCC', 'edge_clean']",0.361724853515625,1,5,0.4158019066902894,0.55224609375,12,0,0.3127401383196721,0,3,0.5045815203480931,0.136875,0,4
30551,"['crop(0, 18, 0, 0)', 'edge_clean']",0.446258544921875,0,4,0.9099705942693018,0.892333984375,18,0,0.4079733455882353,0,5,0.7522227139236433,0.8419787449392713,7,0
246887,[],0.4991912841796875,0,1,1.0,0.021728515625,0,2,0.4991912841796875,0,1,1.0,0.021728515625,0,2
30613,"['rm_smallCC', 'edge_clean']",0.366180419921875,35,57,0.8069422451870989,0.2371826171875,1,0,0.348968505859375,3,25,0.8467424573677307,0.12353515625,0,4
30813,"['crop(0, 0, 19, 18)', 'edge_clean']",0.4925079345703125,0,5,0.8636490380146854,0.8779296875,19,0,0.3968678652968037,0,7,0.647191011235955,0.6744736842105263,2,0
30822,"['crop(0, 0, 18, 20)', 'rm_smallCC', 'edge_clean']",0.4903564453125,1,6,0.8749377645008714,0.89892578125,20,0,0.3822570240825688,0,8,0.5914311161111893,0.6322521097046413,2,0
30807,"['rm_smallCC', 'edge_clean']",0.3280792236328125,251,293,0.4060741360866936,0.2003173828125,0,0,0.28765869140625,8,51,0.4631338849989391,0.12646484375,0,0
30867,"['crop(0, 0, 17, 17)', 'rm_smallCC']",0.3099365234375,2,5,0.5711894446632533,0.5723876953125,17,0,0.2041455518018018,0,1,1.0,0.006145397489539749,0,4
30868,"['crop(0, 0, 33, 34)', 'rm_smallCC', 'edge_clean']",0.4309234619140625,8,11,0.6732764420523353,0.674560546875,34,0,0.21846064814814814,2,4,0.9815515610217597,0.04789325842696629,0,0
30879,"['rm_smallCC', 'edge_clean']",0.2707366943359375,52,61,0.3439102744744406,0.2779541015625,1,0,0.2418975830078125,5,14,0.38491137324165775,0.072021484375,0,4
30977,"['rm_smallCC', 'edge_clean']",0.2042388916015625,31,35,0.642286141202839,0.0201416015625,0,0,0.201019287109375,0,4,0.6525732503415819,0.01025390625,0,4
30978,"['rm_smallCC', 'edge_clean']",0.256256103515625,46,51,0.7293080862212695,0.1531982421875,0,0,0.252777099609375,1,5,0.7393456477121816,0.141845703125,0,0
247052,"['rm_smallCC', 'edge_clean']",0.261962890625,33,40,0.5737418452935694,0.06494140625,0,0,0.252197265625,0,7,0.5959583736689255,0.0084228515625,0,4
31060,['rm_smallCC'],0.4863128662109375,2,4,0.9916224781149007,0.9100341796875,10,0,0.486175537109375,0,2,0.9919025798757141,0.908935546875,10,0
31061,['rm_smallCC'],0.4644775390625,1,4,0.8997043363994743,0.8984375,8,0,0.464202880859375,0,3,0.9002366708303202,0.8984375,8,0
31127,"['rm_smallCC', 'edge_clean']",0.22882080078125,31,36,0.9492531341691117,0.0562744140625,0,0,0.219696044921875,0,5,0.98867898319211,0.009765625,0,2
3336,"['rm_smallCC', 'edge_clean']",0.174774169921875,33,35,0.9202025493277458,0.0916748046875,0,0,0.1698150634765625,0,2,0.947075208913649,0.0794677734375,0,0
3401,"['rm_smallCC', 'edge_clean']",0.1177520751953125,87,107,0.6244654658546067,0.0489501953125,0,0,0.1042938232421875,0,20,0.7050475493782005,0.0118408203125,0,4
5365,[],0.4932098388671875,0,4,0.908857469913065,0.9674072265625,9,0,0.4932098388671875,0,4,0.908857469913065,0.9674072265625,9,0
236574,"['crop(0, 0, 13, 14)', 'rm_smallCC', 'edge_clean']",0.4322662353515625,19,23,0.8884888277030605,0.966796875,14,0,0.3473321506550218,0,5,0.7873489834004518,0.7139175257731959,5,0
8668,"['crop(0, 0, 0, 22)']",0.757720947265625,0,1,1.0,0.4571533203125,22,0,0.7423043536324786,0,1,1.0,0.45816326530612245,5,0
8697,"['rm_smallCC', 'edge_clean']",0.1467437744140625,62,68,0.3160029115108662,0.07763671875,0,0,0.132080078125,0,7,0.3510859519408503,0.0101318359375,0,4
9298,"['rm_smallCC', 'edge_clean']",0.2615814208984375,33,39,0.6120282330980575,0.0638427734375,0,0,0.2525787353515625,3,8,0.6338428079502205,0.0078125,0,4
238294,"['rm_smallCC', 'edge_clean']",0.2964324951171875,103,138,0.819478046018428,0.0394287109375,0,0,0.2794189453125,0,35,0.8693752730449978,0.026611328125,0,0
9760,"['rm_smallCC', 'edge_clean']",0.2913055419921875,102,132,0.6652873081556755,0.1856689453125,0,0,0.2714080810546875,3,34,0.7140608309439478,0.13623046875,0,0
9764,"['rm_smallCC', 'edge_clean']",0.0310821533203125,38,43,0.5085910652920962,0.0164794921875,0,0,0.026885986328125,0,4,0.5879682179341658,0.002685546875,0,4
3810,"['crop(0, 0, 37, 38)', 'rm_smallCC', 'edge_clean']",0.3620147705078125,1,4,0.4109167544783983,0.66064453125,38,0,0.09653401243093923,0,1,1.0,0.015589244851258581,0,2
3956,"['rm_smallCC', 'edge_clean']",0.16363525390625,54,73,0.34688549048862366,0.0888671875,0,0,0.146575927734375,2,23,0.3872579637726421,0.0157470703125,0,4
4063,"['crop(0, 0, 33, 34)', 'rm_smallCC', 'edge_clean']",0.3591461181640625,12,15,0.36984322555975696,0.6341552734375,34,0,0.12942294973544974,1,3,0.9921750239540083,0.006039325842696629,0,4
7292,[],0.6257781982421875,0,1,1.0,0.3831787109375,0,0,0.6257781982421875,0,1,1.0,0.3831787109375,0,0
7319,['rm_smallCC'],0.3059539794921875,103,118,0.903994813226273,0.1536865234375,0,0,0.291839599609375,0,15,0.9477151521489072,0.1505126953125,0,0
7296,[],0.7814483642578125,0,1,1.0,0.45703125,9,0,0.7814483642578125,0,1,1.0,0.45703125,9,0
7350,"['rm_smallCC', 'edge_clean']",0.1158447265625,53,61,0.5990516332982087,0.0853271484375,0,0,0.1016387939453125,0,9,0.6827803633088125,0.022216796875,0,0
237253,['rm_smallCC'],0.1202239990234375,31,39,0.7728138088589923,0.01708984375,0,0,0.1174163818359375,0,8,0.7912930474333983,0.015625,0,0
7426,[],0.583404541015625,0,1,1.0,0.321044921875,0,0,0.583404541015625,0,1,1.0,0.321044921875,0,0
7445,"['rm_smallCC', 'edge_clean']",0.15020751953125,57,71,0.46149939049167005,0.0682373046875,0,0,0.134857177734375,2,16,0.514030323602625,0.0120849609375,0,4
237613,"['rm_smallCC', 'edge_clean']",0.1415252685546875,61,69,0.7581671159029649,0.04443359375,0,0,0.1310577392578125,0,10,0.8187216206776109,0.008056640625,0,4
8079,"['rm_smallCC', 'edge_clean']",0.417999267578125,83,113,0.8736219610133605,0.3043212890625,1,0,0.4013824462890625,0,30,0.9097890134955332,0.2945556640625,1,0
6881,[],0.6587677001953125,0,1,1.0,0.416015625,0,0,0.6587677001953125,0,1,1.0,0.416015625,0,0
237066,"['crop(0, 0, 31, 32)', 'edge_clean']",0.4185638427734375,0,2,0.9446976048995662,0.679931640625,32,0,0.21988341968911918,0,2,0.8603645066273933,0.023942093541202674,0,0
6882,"['crop(16, 35, 0, 0)', 'edge_clean']",0.7666473388671875,0,1,1.0,0.6005859375,35,0,0.7189024390243902,0,2,0.9969783715012722,0.5372830802603037,0,0
6298,[],0.6871795654296875,0,3,0.960519595869879,0.3026123046875,0,0,0.6871795654296875,0,3,0.960519595869879,0.3026123046875,0,0
6505,"['rm_smallCC', 'edge_clean']",0.124176025390625,173,176,0.7221676087490784,0.1107177734375,0,0,0.098876953125,8,11,0.9069444444444444,0.0068359375,0,4
3748,"['rm_smallCC', 'edge_clean']",0.1496124267578125,51,65,0.47802141764405914,0.0438232421875,0,0,0.1391143798828125,0,16,0.5140945486453877,0.0101318359375,0,4
4193,"['rm_smallCC', 'edge_clean']",0.0935516357421875,37,41,0.8817484912738541,0.1485595703125,0,0,0.0869598388671875,0,4,0.9485874714862257,0.12451171875,0,1
236022,"['crop(0, 0, 45, 45)', 'rm_smallCC', 'edge_clean']",0.4776153564453125,21,32,0.3764096993706271,0.7047119140625,45,0,0.1841820406626506,4,16,0.7512456880030663,0.03895142180094787,0,2
4925,['rm_smallCC'],0.27392578125,31,35,0.9756016042780749,0.11328125,0,0,0.270904541015625,0,4,0.9864819195674214,0.10888671875,0,0
947,"['rm_smallCC', 'edge_clean']",0.14056396484375,77,96,0.6279852366478507,0.147216796875,0,0,0.114471435546875,6,26,0.771127699280192,0.0390625,0,4
22358,"['rm_smallCC', 'edge_clean']",0.22100830078125,47,68,0.4890223695111848,0.0806884765625,0,0,0.2135162353515625,0,20,0.5061816622597013,0.06982421875,0,0
22463,"['crop(14, 14, 0, 0)', 'edge_clean']",0.284149169921875,0,5,0.26758672537858447,0.5546875,14,0,0.19608347039473684,0,3,0.43538663171690695,0.007747933884297521,0,4
243533,"['crop(22, 23, 0, 0)', 'rm_smallCC']",0.4098968505859375,1,5,0.35960242713025353,0.5902099609375,23,0,0.2838973637440758,0,2,0.6299315291816107,0.003078158458244111,0,5
22584,"['rm_smallCC', 'edge_clean']",0.187530517578125,53,78,0.4422294548413344,0.24462890625,2,0,0.1613311767578125,12,41,0.5140452094958857,0.0662841796875,0,4
22713,"['rm_smallCC', 'edge_clean']",0.275299072265625,95,118,0.8499612016406164,0.220947265625,1,0,0.261322021484375,2,23,0.8954221651290436,0.19482421875,1,0
23654,"['rm_smallCC', 'edge_clean']",0.1474456787109375,74,85,0.5712511642347097,0.0966796875,0,0,0.1353759765625,0,11,0.6221821460775473,0.0726318359375,0,0
23818,['rm_smallCC'],0.1224822998046875,57,58,0.9732153980316433,0.0443115234375,0,0,0.11920166015625,0,1,1.0,0.0340576171875,0,0
23965,"['rm_smallCC', 'edge_clean']",0.4761962890625,31,42,0.8615419123301717,0.2716064453125,0,0,0.4707183837890625,0,11,0.8715679600635353,0.258544921875,0,0
24135,"['rm_smallCC', 'edge_clean']",0.1675872802734375,64,74,0.5263589183283256,0.1011962890625,0,0,0.1530914306640625,1,12,0.5761985448021529,0.04736328125,0,0
24473,"['crop(18, 15, 0, 0)', 'edge_clean']",0.496185302734375,0,1,1.0,0.9329833984375,18,0,0.402378783632287,0,3,0.7148143311131426,0.6402661795407099,1,0
22709,"['rm_smallCC', 'edge_clean']",0.2058563232421875,47,63,0.6828255874286562,0.107666015625,0,0,0.197021484375,1,16,0.7134448574969021,0.0830078125,0,0
22715,"['rm_smallCC', 'edge_clean']",0.3633575439453125,185,256,0.43484651240918826,0.1444091796875,0,0,0.32720947265625,1,71,0.48288565566125724,0.0859375,0,0
243627,"['rm_smallCC', 'edge_clean']",0.3174591064453125,47,108,0.6295121365056476,0.1866455078125,1,0,0.301849365234375,2,61,0.66206652512385,0.13671875,1,0
22787,"['crop(0, 0, 40, 40)', 'rm_smallCC', 'edge_clean']",0.3876190185546875,5,16,0.4613628311616738,0.6715087890625,40,0,0.10762162642045454,0,10,0.3052175706331202,0.023003472222222224,0,0
22863,"['rm_smallCC', 'edge_clean']",0.3443603515625,278,335,0.3314427507975895,0.23291015625,0,0,0.2979888916015625,4,60,0.3830201239182754,0.1888427734375,0,0
23147,"['rm_smallCC', 'edge_clean']",0.1498565673828125,41,54,0.24742897871907138,0.19140625,1,0,0.1332244873046875,1,15,0.2783186347497423,0.0970458984375,0,4
24774,"['rm_smallCC', 'edge_clean']",0.21087646484375,85,110,0.3463820549927641,0.1383056640625,1,0,0.1867218017578125,8,32,0.39119065130342406,0.0283203125,0,4
24757,"['crop(17, 17, 0, 0)']",0.252838134765625,0,5,0.3828605914302957,0.5870361328125,17,0,0.1384079391891892,0,3,0.80650902618866,0.022097280334728034,0,0
24771,"['rm_smallCC', 'edge_clean']",0.16900634765625,72,84,0.45801733477789813,0.114990234375,0,0,0.1501312255859375,5,21,0.5156011789816038,0.0350341796875,0,4
24840,"['crop(41, 41, 0, 0)', 'rm_smallCC', 'edge_clean']",0.4393310546875,0,5,0.36503195332036675,0.6611328125,41,0,0.17472611350574713,0,3,0.648593087498394,0.005813953488372093,0,4
24993,"['rm_smallCC', 'edge_clean']",0.1935882568359375,40,55,0.6463308898872862,0.073486328125,0,0,0.1809539794921875,0,16,0.6914579644152121,0.0115966796875,0,4
25081,"['rm_smallCC', 'edge_clean']",0.26031494140625,102,119,0.7878663540445486,0.2330322265625,1,0,0.244598388671875,0,16,0.8384903306300686,0.19775390625,1,0
25235,"['rm_smallCC', 'edge_clean']",0.142974853515625,31,38,0.7054429028815368,0.0389404296875,0,0,0.1361541748046875,0,6,0.7407822481228287,0.00146484375,0,4
25205,"['rm_smallCC', 'edge_clean']",0.1756439208984375,31,42,0.5462600990357049,0.029296875,0,0,0.1693572998046875,3,13,0.5665375259032345,0.0111083984375,0,4
25230,"['crop(0, 0, 44, 52)', 'rm_smallCC', 'edge_clean']",0.4666595458984375,4,10,0.8199326423176274,0.7396240234375,52,0,0.133740234375,1,7,0.6591821832785688,0.006310096153846154,0,4
25233,"['crop(0, 0, 39, 40)', 'rm_smallCC', 'edge_clean']",0.4451446533203125,2,6,0.3599218455421109,0.688232421875,40,0,0.1928848870056497,0,3,0.8779176201372998,0.023960739030023093,0,1
25297,"['crop(0, 17, 0, 0)', 'rm_smallCC', 'edge_clean']",0.4812469482421875,29,35,0.8843653888836044,0.9495849609375,17,0,0.42068187761506276,0,8,0.5409301060647267,0.7220959595959596,9,0
25358,"['rm_smallCC', 'edge_clean']",0.25555419921875,38,47,0.9374850728445188,0.1015625,0,0,0.24993896484375,0,8,0.9585470085470086,0.0894775390625,0,0
25368,"['rm_smallCC', 'edge_clean']",0.1750640869140625,159,172,0.6721868735291554,0.127685546875,0,0,0.1520233154296875,4,16,0.7740640369366657,0.072021484375,0,0
25593,"['rm_smallCC', 'edge_clean']",0.2683563232421875,68,71,0.9620173992153295,0.0933837890625,0,0,0.2622833251953125,0,3,0.9842922799464774,0.0880126953125,0,0
25667,"['rm_smallCC', 'edge_clean']",0.275299072265625,149,185,0.606584635849684,0.109619140625,0,0,0.2430419921875,11,44,0.6870919136112507,0.0277099609375,0,4
25738,"['rm_smallCC', 'edge_clean']",0.2991943359375,38,47,0.853172174622603,0.12109375,0,0,0.2834014892578125,3,13,0.9007160932536478,0.0335693359375,0,1
45377,"['rm_smallCC', 'edge_clean']",0.40643310546875,45,60,0.8034239375281573,0.384521484375,1,0,0.3805999755859375,12,29,0.8579561399991982,0.2186279296875,0,0
44662,"['rm_smallCC', 'edge_clean']",0.21697998046875,106,125,0.43924050632911393,0.08984375,0,0,0.193328857421875,4,24,0.49297553275453826,0.015869140625,0,4
252745,"['crop(0, 0, 47, 48)', 'rm_smallCC', 'edge_clean']",0.45513916015625,9,18,0.8628469894059273,0.7728271484375,48,0,0.09896642080745342,0,8,0.5444962000490317,0.002547961630695444,0,7
44696,"['rm_smallCC', 'edge_clean']",0.248565673828125,37,41,0.8869858809085328,0.245361328125,1,0,0.230438232421875,8,14,0.9567606939478215,0.1217041015625,0,0
44806,['rm_smallCC'],0.2299652099609375,171,194,0.812354853692522,0.1163330078125,0,0,0.211273193359375,0,23,0.8842264914054601,0.103271484375,0,0
44850,"['crop(18, 0, 0, 0)', 'edge_clean']",0.4792327880859375,0,4,0.9724265291177127,0.91845703125,18,0,0.43452928046218486,0,5,0.9322001888574126,0.8065536437246964,11,0
44959,"['rm_smallCC', 'edge_clean']",0.2758941650390625,114,133,0.8535479232343344,0.2481689453125,1,0,0.2560577392578125,2,19,0.919671056552053,0.21240234375,1,0
45565,"['rm_smallCC', 'edge_clean']",0.2352294921875,127,162,0.24753502854177478,0.1837158203125,1,0,0.2087860107421875,16,54,0.2788862091646569,0.0760498046875,0,4
253119,"['crop(23, 24, 0, 0)', 'rm_smallCC', 'edge_clean']",0.4873199462890625,46,52,0.9750133074490402,0.73681640625,24,0,0.34425463516746413,13,25,0.931483793908464,0.22661290322580646,0,0
45602,"['rm_smallCC', 'edge_clean']",0.29974365234375,52,63,0.2732641009977601,0.0821533203125,0,0,0.2863006591796875,2,11,0.2860949741512551,0.0335693359375,0,1
45845,"['crop(0, 0, 43, 45)', 'rm_smallCC', 'edge_clean']",0.4715576171875,3,11,0.752944602640435,0.7490234375,45,0,0.17717633928571427,0,7,0.25656167979002625,0.00884433962264151,0,4
45876,"['crop(0, 0, 24, 0)', 'rm_smallCC', 'edge_clean']",0.4884796142578125,1,7,0.7152719207821823,0.83984375,24,0,0.42301993534482757,1,9,0.5184285941729024,0.6306352459016393,3,0
45956,"['crop(48, 47, 0, 0)', 'rm_smallCC', 'edge_clean']",0.478179931640625,2,11,0.8903248452358159,0.9638671875,48,0,0.1476368400621118,0,11,0.34658997534921937,0.4073741007194245,6,0
46046,['rm_smallCC'],0.3194732666015625,56,66,0.9254429956536275,0.1766357421875,0,0,0.3089752197265625,0,10,0.956886759839992,0.170654296875,0,0
253294,"['rm_smallCC', 'edge_clean']",0.2114410400390625,65,77,0.5571191455582016,0.118896484375,0,0,0.1976318359375,1,14,0.5960469425571341,0.0810546875,0,0
46115,"['rm_smallCC', 'edge_clean']",0.275177001953125,32,45,0.19269158256626373,0.0772705078125,1,0,0.2663116455078125,1,14,0.19910617085887813,0.0367431640625,0,4
46341,"['rm_smallCC', 'edge_clean']",0.276336669921875,67,77,0.6072335726118167,0.2733154296875,3,0,0.26104736328125,0,9,0.6427986906710311,0.2269287109375,3,0
46346,"['rm_smallCC', 'edge_clean']",0.3226470947265625,98,111,0.49737526602033577,0.19287109375,0,0,0.2971343994140625,7,23,0.5400811379859293,0.08056640625,0,0
46450,"['crop(0, 0, 25, 26)', 'rm_smallCC', 'edge_clean']",0.3392486572265625,0,3,0.7349435523770971,0.8988037109375,26,0,0.12692454268292683,6,11,0.48175949557123554,0.10940889370932755,0,4
253502,"['crop(0, 0, 34, 35)', 'rm_smallCC', 'edge_clean']",0.481597900390625,10,15,0.6752740637475445,0.873291015625,35,0,0.2397225935828877,3,11,0.8609271523178808,0.13417042889390518,0,4
46775,"['crop(20, 21, 0, 0)', 'rm_smallCC', 'edge_clean']",0.2809600830078125,7,14,0.7911258350078749,0.945068359375,21,0,0.09549418604651162,1,10,0.5698249619482496,0.17555732484076433,0,4
46928,['rm_smallCC'],0.464447021484375,2,6,0.7201195873579079,0.8736572265625,7,0,0.464263916015625,0,4,0.720403602182344,0.872802734375,7,0
46941,"['rm_smallCC', 'edge_clean']",0.41259765625,56,79,0.8182692307692307,0.3614501953125,1,0,0.377227783203125,15,36,0.8949923145376588,0.142578125,0,0
47010,"['crop(23, 23, 0, 0)', 'rm_smallCC', 'edge_clean']",0.3032684326171875,0,5,0.7610062893081762,0.9266357421875,23,0,0.10749627976190476,0,7,0.3822460633327565,0.14297210300429183,0,4
253685,"['crop(46, 46, 0, 0)', 'rm_smallCC', 'edge_clean']",0.4644927978515625,4,9,0.8730002299530238,0.90087890625,46,0,0.10882717225609756,13,19,0.44517399868680235,0.11592261904761905,0,4
253695,"['crop(0, 0, 15, 0)', 'edge_clean']",0.4113006591796875,0,6,0.7879057688740494,0.931884765625,15,0,0.36119035269709543,0,7,0.40549273021001614,0.7527665995975855,8,0
47098,"['crop(22, 27, 0, 0)', 'rm_smallCC', 'edge_clean']",0.49053955078125,2,8,0.6190742814483016,0.983642578125,27,0,0.31283967391304346,2,11,0.2739172397152853,0.26471382289416845,0,4
47116,"['crop(0, 0, 27, 24)', 'rm_smallCC', 'edge_clean']",0.4528656005859375,1,8,0.8423464402439436,0.94580078125,27,0,0.28509908536585366,4,14,0.43456757118032346,0.4543112798264642,2,0
47117,"['crop(0, 0, 16, 16)', 'edge_clean']",0.4561614990234375,0,5,0.9444054189663823,0.9466552734375,16,0,0.33565848214285715,0,9,0.46368453865336656,0.4772135416666667,0,0
253750,"['crop(0, 0, 17, 17)', 'rm_smallCC', 'edge_clean']",0.4557647705078125,0,7,0.737821821955874,0.9351806640625,17,0,0.34654771959459457,1,11,0.4745874587458746,0.5899581589958159,3,0
47260,"['crop(0, 15, 19, 15)', 'rm_smallCC', 'edge_clean']",0.4761810302734375,0,14,0.6911590348319288,0.9276123046875,19,0,0.33796867406825915,2,19,0.2591527485897578,0.5188984881209503,2,0
47341,"['rm_smallCC', 'edge_clean']",0.348419189453125,83,110,0.8830253131295437,0.1922607421875,0,0,0.3320159912109375,1,25,0.926651040948573,0.15380859375,0,0
31288,"['rm_smallCC', 'edge_clean']",0.2756805419921875,84,97,0.5357834726296563,0.1181640625,1,0,0.2537078857421875,3,19,0.5821856017321224,0.0291748046875,0,4
31383,"['crop(14, 15, 0, 0)', 'rm_smallCC', 'edge_clean']",0.4650726318359375,3,13,0.919846451655238,0.95263671875,15,0,0.3697343061674009,0,15,0.5077725030252257,0.5645703933747412,7,0
247346,"['crop(0, 0, 27, 28)', 'rm_smallCC', 'edge_clean']",0.3806610107421875,6,10,0.5726540265362569,0.6336669921875,28,0,0.2066620024875622,0,3,0.4767726161369193,0.035421225382932166,0,1
31985,"['rm_smallCC', 'edge_clean']",0.2173919677734375,38,58,0.4310381132870078,0.0928955078125,0,0,0.2044830322265625,5,25,0.4582493843743004,0.0262451171875,0,3
32012,"['rm_smallCC', 'edge_clean']",0.213226318359375,59,90,0.4108344067554029,0.2322998046875,1,0,0.1819000244140625,14,41,0.48158711517490144,0.0465087890625,0,4
32835,"['rm_smallCC', 'edge_clean']",0.302337646484375,40,59,0.6334410013122035,0.177978515625,0,0,0.2797088623046875,6,26,0.6846871419998909,0.058349609375,0,4
32847,"['rm_smallCC', 'edge_clean']",0.224609375,77,96,0.6755434782608696,0.051025390625,0,0,0.2102813720703125,3,20,0.7215731804658588,0.0201416015625,0,4
32499,"['crop(38, 39, 0, 0)']",0.3637542724609375,0,7,0.4188095138218885,0.650390625,39,0,0.09006197625698324,0,5,0.23116064938211775,0.0,0,24
32515,"['rm_smallCC', 'edge_clean']",0.3538970947265625,57,86,0.45625835381365065,0.220947265625,1,0,0.342559814453125,1,29,0.471358574610245,0.1949462890625,1,0
32725,"['crop(0, 0, 18, 18)', 'rm_smallCC', 'edge_clean']",0.303863525390625,4,6,0.5199357236115296,0.6502685546875,18,0,0.1703125,5,6,0.9953085904920768,0.007615546218487395,0,4
32811,"['rm_smallCC', 'edge_clean']",0.116790771484375,37,46,0.7358244055395872,0.0758056640625,0,0,0.1076812744140625,1,10,0.7980728354824996,0.031005859375,0,3
32289,"['rm_smallCC', 'edge_clean']",0.2860260009765625,72,93,0.49405174713256866,0.098388671875,1,0,0.2653045654296875,6,27,0.5326393282337378,0.0181884765625,0,4
33133,"['crop(22, 23, 0, 0)', 'rm_smallCC', 'edge_clean']",0.2897491455078125,1,6,0.35204592132287116,0.587890625,23,0,0.13777399289099526,1,3,0.8982800322493953,0.004817987152034261,0,4
33212,"['rm_smallCC', 'edge_clean']",0.2336883544921875,54,67,0.7692458374142997,0.1922607421875,1,0,0.21435546875,6,18,0.838624715261959,0.095947265625,0,4
33502,"['crop(0, 0, 25, 25)', 'rm_smallCC']",0.3660430908203125,2,6,0.26678894493309435,0.6024169921875,25,0,0.2118287317961165,0,2,0.5687941992659565,0.005275974025974026,0,5
248099,"['crop(0, 0, 21, 22)', 'rm_smallCC']",0.3513946533203125,3,7,0.2679230535411872,0.5853271484375,22,0,0.22025381455399062,0,2,0.5137385512073273,0.0,0,9
34824,"['crop(0, 0, 26, 25)', 'rm_smallCC', 'edge_clean']",0.458953857421875,65,80,0.7585278276481149,0.7103271484375,26,0,0.29681783536585366,8,28,0.5585157604159979,0.165265726681128,0,0
33970,"['crop(0, 0, 42, 42)', 'rm_smallCC', 'edge_clean']",0.479827880859375,8,13,0.39066971951917573,0.7470703125,42,0,0.21236827761627908,2,9,0.7170356111645814,0.03665303738317757,0,0
33990,"['rm_smallCC', 'edge_clean']",0.212982177734375,30,43,0.6844820174810144,0.1541748046875,0,0,0.2040863037109375,2,13,0.7143177570093457,0.114501953125,0,0
34349,"['crop(16, 0, 0, 0)', 'rm_smallCC', 'edge_clean']",0.288299560546875,3,8,0.35111675664232034,0.671630859375,16,0,0.20945638020833332,0,6,0.5002719714041495,0.15524193548387097,0,4
35068,"['rm_smallCC', 'edge_clean']",0.4087066650390625,88,134,0.23711032294194512,0.0567626953125,0,0,0.392364501953125,1,46,0.2469860776230847,0.0255126953125,0,4
35250,"['rm_smallCC', 'edge_clean']",0.2034454345703125,33,40,0.6434410860271507,0.0784912109375,0,0,0.19488525390625,1,8,0.6717037269025994,0.04052734375,0,0
35261,"['rm_smallCC', 'edge_clean']",0.2921142578125,52,76,0.6569682407020476,0.09326171875,0,0,0.276885986328125,1,29,0.6931004078033727,0.0218505859375,0,4
248798,"['rm_smallCC', 'edge_clean']",0.3505401611328125,56,66,0.5713228572672268,0.2030029296875,1,0,0.3372650146484375,3,14,0.5938107949147174,0.1416015625,1,0
35603,"['crop(0, 0, 27, 28)', 'rm_smallCC', 'edge_clean']",0.3921661376953125,1,5,0.892844636395471,0.63525390625,28,0,0.22123756218905472,0,4,0.7588721011946592,0.018599562363238512,0,0
35604,"['rm_smallCC', 'edge_clean']",0.4135589599609375,39,54,0.865918901966572,0.690185546875,5,0,0.4082794189453125,1,15,0.877116268639982,0.6854248046875,5,0
35646,"['rm_smallCC', 'edge_clean']",0.387603759765625,30,57,0.8350129911030627,0.0897216796875,0,0,0.3787841796875,2,26,0.8544553657750564,0.0565185546875,0,0
35677,"['crop(22, 22, 0, 0)', 'rm_smallCC']",0.25054931640625,4,24,0.34299634591961026,0.5859375,22,0,0.09454230542452831,0,20,0.15786396413954396,0.0010683760683760685,0,6
35701,"['rm_smallCC', 'edge_clean']",0.2135009765625,61,86,0.28530588907947396,0.1422119140625,1,0,0.2033233642578125,1,25,0.2995872420262664,0.1197509765625,1,0
35732,"['rm_smallCC', 'edge_clean']",0.1783294677734375,31,40,0.3063232651664242,0.0584716796875,0,0,0.167144775390625,2,12,0.32682125251049843,0.00537109375,0,4
35992,"['rm_smallCC', 'edge_clean']",0.1993560791015625,41,47,0.6354381936471488,0.0543212890625,0,0,0.18963623046875,0,5,0.6680077244930801,0.018798828125,0,3
249143,"['rm_smallCC', 'edge_clean']",0.189178466796875,38,44,0.7868204549120826,0.0477294921875,0,0,0.1805419921875,0,6,0.8244590939824206,0.009765625,0,4
40303,"['crop(0, 0, 45, 46)', 'rm_smallCC', 'edge_clean']",0.4750823974609375,10,16,0.37870563674321506,0.6865234375,46,0,0.18200757575757576,0,5,0.9729448491155047,0.014251781472684086,0,4
250990,"['crop(34, 35, 0, 0)']",0.4156646728515625,0,5,0.32891597224771485,0.634765625,35,0,0.2000543114973262,0,3,0.6849744178761616,0.0,0,20
40457,"['crop(24, 24, 0, 0)', 'rm_smallCC']",0.378570556640625,4,7,0.5012494961708989,0.5941162109375,24,0,0.2335486778846154,0,1,1.0,0.0,0,18
40519,"['rm_smallCC', 'edge_clean']",0.254730224609375,124,153,0.6457409847849527,0.1319580078125,0,0,0.231842041015625,3,30,0.709490588390154,0.1116943359375,0,0
40558,"['crop(0, 12, 18, 20)', 'rm_smallCC', 'edge_clean']",0.482452392578125,1,4,0.7841103169080903,0.976806640625,20,0,0.34048353135809895,0,6,0.3632598972999834,0.5703463203463204,6,0
251177,"['rm_smallCC', 'edge_clean']",0.3382720947265625,56,90,0.6331814696197393,0.1510009765625,0,0,0.3240509033203125,4,37,0.6609690634270378,0.1024169921875,0,0
251446,"['crop(23, 24, 0, 0)', 'rm_smallCC', 'edge_clean']",0.3065948486328125,3,7,0.3190165729358483,0.59228515625,24,0,0.14860571172248804,0,2,0.8061879008929694,0.0,0,20
41643,"['crop(15, 15, 0, 0)']",0.237640380859375,0,6,0.2913188647746244,0.55859375,15,0,0.13644220132743362,0,4,0.5747403090955155,0.0,0,19
41989,"['rm_smallCC', 'edge_clean']",0.11431884765625,66,72,0.5818206086492258,0.085693359375,0,0,0.100341796875,6,12,0.6628649635036497,0.0191650390625,0,4
42388,"['rm_smallCC', 'edge_clean']",0.3001556396484375,213,245,0.7034721163133547,0.13818359375,1,0,0.26348876953125,10,40,0.8013666898309011,0.0518798828125,0,3
251824,"['rm_smallCC', 'edge_clean']",0.222625732421875,100,118,0.6952707333790268,0.2088623046875,1,0,0.1903076171875,10,24,0.8133418858242463,0.0322265625,0,0
42472,"['crop(18, 18, 0, 0)', 'rm_smallCC', 'edge_clean']",0.2421417236328125,0,6,0.29195286407461085,0.577880859375,18,0,0.11715198863636364,0,4,0.5559260381933919,0.0034138655462184874,0,4
42912,"['rm_smallCC', 'edge_clean']",0.1708526611328125,53,63,0.808073591140484,0.0726318359375,0,0,0.15631103515625,1,11,0.883248730964467,0.005615234375,0,4
43141,"['rm_smallCC', 'edge_clean']",0.3606719970703125,67,79,0.8096628167703177,0.1490478515625,0,0,0.3484649658203125,2,13,0.8380260104216841,0.1282958984375,0,0
43265,"['rm_smallCC', 'edge_clean']",0.25360107421875,44,51,0.907942238267148,0.130126953125,1,0,0.245880126953125,0,4,0.9364527739853543,0.094970703125,1,0
43311,"['rm_smallCC', 'edge_clean']",0.200164794921875,64,75,0.8738374752248819,0.0828857421875,0,0,0.18902587890625,1,11,0.9253309654504359,0.042236328125,0,0
43391,"['crop(0, 0, 39, 40)', 'rm_smallCC']",0.4501495361328125,3,8,0.3477170265414732,0.6558837890625,40,0,0.2035443149717514,0,3,0.550037948606744,0.0043302540415704385,0,4
43392,"['crop(31, 32, 0, 0)', 'rm_smallCC', 'edge_clean']",0.3621826171875,4,11,0.34512976070104484,0.6474609375,32,0,0.14995547279792745,0,4,0.5002024564718586,0.0013919821826280624,0,6
43649,"['rm_smallCC', 'edge_clean']",0.3279571533203125,75,112,0.7102312380775136,0.0689697265625,0,0,0.31524658203125,2,37,0.7388673765730881,0.0328369140625,0,0
43825,"['rm_smallCC', 'edge_clean']",0.421173095703125,77,117,0.7598000144917035,0.7314453125,8,0,0.4053497314453125,3,41,0.789459815546772,0.698974609375,8,0
43889,"['rm_smallCC', 'edge_clean']",0.1932830810546875,34,42,0.32446514565406176,0.14697265625,1,0,0.17498779296875,0,8,0.3583885594698291,0.0379638671875,0,4
43990,"['rm_smallCC', 'edge_clean']",0.2647247314453125,63,77,0.4625050435183584,0.1734619140625,1,0,0.244049072265625,9,25,0.5016881330498937,0.06787109375,0,4
44027,"['rm_smallCC', 'edge_clean']",0.4464874267578125,150,180,0.859300775776631,0.183837890625,0,0,0.4281158447265625,5,33,0.8961756424421713,0.1571044921875,0,0
252480,['rm_smallCC'],0.280517578125,82,92,0.931135770234987,0.0931396484375,0,0,0.27099609375,0,10,0.9638513513513514,0.0821533203125,0,0
252499,"['crop(25, 25, 12, 0)', 'rm_smallCC', 'edge_clean']",0.4735107421875,0,7,0.8980085073472545,0.9716796875,25,0,0.28344341874900525,2,14,0.2972555625745771,0.42833333333333334,0,0
44137,"['rm_smallCC', 'edge_clean']",0.1854400634765625,51,67,0.43067555336130997,0.072509765625,1,0,0.173248291015625,0,15,0.460982913510657,0.00390625,0,5
44173,"['rm_smallCC', 'edge_clean']",0.227935791015625,45,64,0.5635292542509037,0.164794921875,1,0,0.2131500244140625,0,19,0.6026200873362445,0.101318359375,0,4
44176,"['rm_smallCC', 'edge_clean']",0.2009735107421875,56,85,0.35555386834712627,0.11328125,0,0,0.1806640625,7,36,0.39552364864864864,0.0272216796875,0,4
252922,"['crop(0, 0, 24, 25)', 'rm_smallCC', 'edge_clean']",0.3018035888671875,21,31,0.7057485211588048,0.7183837890625,25,0,0.10884661835748792,0,9,0.23526352288488211,0.0005399568034557236,0,7
252929,"['rm_smallCC', 'edge_clean']",0.40643310546875,45,60,0.8034239375281573,0.384521484375,1,0,0.3805999755859375,12,29,0.8579561399991982,0.2186279296875,0,0
45140,"['rm_smallCC', 'edge_clean']",0.155426025390625,34,57,0.18211270371097585,0.0606689453125,0,0,0.1442718505859375,0,23,0.19619249074563722,0.00439453125,0,4
45145,"['rm_smallCC', 'edge_clean']",0.28302001953125,84,100,0.6462152253612249,0.2137451171875,2,0,0.25543212890625,11,30,0.7160095579450418,0.0692138671875,0,3
59119,[],0.5504608154296875,0,2,0.9779071379071379,0.3006591796875,0,0,0.5504608154296875,0,2,0.9779071379071379,0.3006591796875,0,0
59357,"['rm_smallCC', 'edge_clean']",0.24359130859375,34,42,0.49329741919318465,0.119873046875,1,0,0.2275390625,1,10,0.5280981759656652,0.0289306640625,0,4
57750,"['rm_smallCC', 'edge_clean']",0.1482086181640625,42,57,0.34922269123854627,0.065673828125,0,0,0.1357574462890625,1,17,0.3812521074519501,0.0042724609375,0,4
57886,"['rm_smallCC', 'edge_clean']",0.289276123046875,33,38,0.6446355100749024,0.0533447265625,0,0,0.28411865234375,0,4,0.6563372717508056,0.0247802734375,0,1
57938,"['rm_smallCC', 'edge_clean']",0.2342681884765625,37,47,0.5214616035953885,0.0606689453125,0,0,0.224334716796875,1,9,0.5445517616650796,0.0054931640625,0,4
58107,"['rm_smallCC', 'edge_clean']",0.17919921875,71,81,0.6723433242506812,0.1075439453125,0,0,0.16156005859375,6,19,0.7457499055534568,0.0369873046875,0,0
58181,"['rm_smallCC', 'edge_clean']",0.28973388671875,62,79,0.42226669475458184,0.105224609375,0,0,0.279876708984375,2,17,0.4371388071093665,0.0867919921875,0,0
258310,"['crop(0, 0, 17, 17)', 'rm_smallCC', 'edge_clean']",0.30535888671875,1,7,0.522286628023186,0.7213134765625,17,0,0.16816230292792791,0,5,0.3507376791880297,0.0001307531380753138,0,7
58413,"['rm_smallCC', 'edge_clean']",0.2626800537109375,44,54,0.2770839384257915,0.167236328125,1,0,0.2420196533203125,8,16,0.3007376584074144,0.018310546875,0,4
258377,"['rm_smallCC', 'edge_clean']",0.27142333984375,60,76,0.34253429278165054,0.1015625,1,0,0.25054931640625,4,20,0.3710718635809988,0.01220703125,0,4
258411,['rm_smallCC'],0.2722625732421875,33,42,0.9536512918231239,0.202392578125,0,0,0.26788330078125,0,9,0.9692412850307587,0.20068359375,0,0
58933,[],0.7221832275390625,0,1,1.0,0.1241455078125,0,3,0.7221832275390625,0,1,1.0,0.1241455078125,0,3
59761,"['rm_smallCC', 'edge_clean']",0.178680419921875,72,93,0.37147736976942786,0.096435546875,0,0,0.1568756103515625,6,27,0.4231105923548293,0.0177001953125,0,4
60161,"['rm_smallCC', 'edge_clean']",0.1685333251953125,38,48,0.36478044363965595,0.0660400390625,0,0,0.1606903076171875,2,11,0.3825847497863451,0.0228271484375,0,4
60629,[],0.6643829345703125,0,1,1.0,0.2598876953125,0,2,0.6643829345703125,0,1,1.0,0.2598876953125,0,2
60773,"['rm_smallCC', 'edge_clean']",0.3564300537109375,40,55,0.5908643349458453,0.2393798828125,1,0,0.335784912109375,7,22,0.6271925838407707,0.1082763671875,0,4
60879,"['rm_smallCC', 'edge_clean']",0.2449493408203125,43,51,0.9507880147013019,0.1834716796875,1,0,0.23724365234375,4,11,0.9816696681245176,0.16357421875,1,0
60359,"['rm_smallCC', 'edge_clean']",0.3066864013671875,51,95,0.4091745858002886,0.1729736328125,0,0,0.2828216552734375,4,51,0.44370110601564605,0.0589599609375,0,4
60470,[],0.7715911865234375,0,1,1.0,0.182861328125,0,3,0.7715911865234375,0,1,1.0,0.182861328125,0,3
60555,['rm_smallCC'],0.573822021484375,9,10,0.9991224804552465,0.0418701171875,0,3,0.5733184814453125,0,1,1.0,0.0416259765625,0,5
60597,"['rm_smallCC', 'edge_clean']",0.13616943359375,62,66,0.5356342447333035,0.052734375,0,0,0.1267852783203125,0,3,0.5752798170658322,0.01123046875,0,4
60999,"['rm_smallCC', 'edge_clean']",0.2629547119140625,92,117,0.43474728718157024,0.14697265625,0,0,0.244171142578125,0,25,0.46819147606549183,0.1322021484375,0,0
61084,[],0.750396728515625,0,1,1.0,0.1927490234375,0,2,0.750396728515625,0,1,1.0,0.1927490234375,0,2
259644,"['rm_smallCC', 'edge_clean']",0.1120147705078125,49,53,0.48045225446124507,0.0557861328125,0,0,0.1045684814453125,0,4,0.5146651101707281,0.0086669921875,0,3
61477,"['crop(0, 0, 36, 36)', 'rm_smallCC', 'edge_clean']",0.461578369140625,2,6,0.6619173553719008,0.787109375,36,0,0.21703040081521738,0,3,0.45867162281130786,0.0017045454545454545,0,6
259656,"['crop(0, 0, 36, 34)', 'rm_smallCC', 'edge_clean']",0.4529571533203125,1,5,0.6513727471787097,0.7908935546875,36,0,0.21730090725806453,0,3,0.4567507490093747,0.0026866515837104072,0,5
61530,[],0.6562652587890625,0,4,0.9884907809993257,0.173583984375,0,2,0.6562652587890625,0,4,0.9884907809993257,0.173583984375,0,2
61675,"['rm_smallCC', 'edge_clean']",0.19366455078125,37,53,0.4183737787582729,0.1004638671875,1,0,0.1759033203125,2,19,0.46061762664816097,0.008056640625,0,4
62100,"['crop(16, 17, 0, 0)', 'edge_clean']",0.4648895263671875,0,11,0.9442347457905275,0.929931640625,17,0,0.3523332399103139,0,14,0.4321865367405787,0.5632828810020877,4,0
62119,"['rm_smallCC', 'edge_clean']",0.22991943359375,57,67,0.48971329970799043,0.0623779296875,1,0,0.21630859375,3,12,0.5205276523702032,0.009765625,0,4
62201,"['rm_smallCC', 'edge_clean']",0.1928558349609375,54,73,0.49244402247013214,0.0589599609375,0,0,0.1839141845703125,0,19,0.5163859620011615,0.0499267578125,0,0
62581,[],0.61273193359375,0,1,1.0,0.1380615234375,0,3,0.61273193359375,0,1,1.0,0.1380615234375,0,3
66668,"['rm_smallCC', 'edge_clean']",0.2275238037109375,42,50,0.6968680839648581,0.1046142578125,0,0,0.210906982421875,7,15,0.7517725365359572,0.013671875,0,4
66669,"['rm_smallCC', 'edge_clean']",0.3930206298828125,45,72,0.8808867492332182,0.4107666015625,2,0,0.379669189453125,5,32,0.9118639980708946,0.3636474609375,2,0
66918,"['rm_smallCC', 'edge_clean']",0.180206298828125,34,49,0.8722269263336155,0.081298828125,0,0,0.1663970947265625,6,19,0.944612563044475,0.009033203125,0,4
67173,"['rm_smallCC', 'edge_clean']",0.2301025390625,47,58,0.9291114058355437,0.1209716796875,0,0,0.22308349609375,1,10,0.9583447332421341,0.1058349609375,0,0
67739,"['rm_smallCC', 'edge_clean']",0.2365875244140625,41,58,0.5799419542083198,0.06689453125,0,0,0.225860595703125,0,17,0.6074854749358195,0.019287109375,0,0
67884,"['rm_smallCC', 'edge_clean']",0.3946075439453125,71,120,0.4510653106995089,0.385498046875,1,0,0.3751678466796875,3,50,0.47443771098548015,0.3231201171875,1,0
68361,"['rm_smallCC', 'edge_clean']",0.1514129638671875,54,66,0.33417313312506297,0.052490234375,0,0,0.138214111328125,2,13,0.3660852285272687,0.0025634765625,0,4
68437,"['rm_smallCC', 'edge_clean']",0.442413330078125,56,66,0.8357936124715458,0.65283203125,3,0,0.4222869873046875,0,9,0.8756278229448962,0.56396484375,3,0
68606,[],0.590667724609375,0,1,1.0,0.052978515625,0,4,0.590667724609375,0,1,1.0,0.052978515625,0,4
68798,"['rm_smallCC', 'edge_clean']",0.0977630615234375,37,53,0.21148743561729358,0.0504150390625,0,0,0.088226318359375,0,15,0.23434797647872707,0.005615234375,0,4
68800,"['crop(0, 0, 33, 32)', 'rm_smallCC', 'edge_clean']",0.490875244140625,105,119,0.6934410941871308,0.77099609375,33,0,0.2793684554973822,11,37,0.34084919472913616,0.07130872483221476,0,4
68856,"['crop(12, 0, 0, 0)', 'rm_smallCC', 'edge_clean']",0.2229766845703125,1,3,0.5545062615479368,0.58251953125,12,0,0.1619172643442623,0,2,0.8011666996242832,0.132125,0,4
68997,"['crop(25, 25, 0, 0)', 'rm_smallCC', 'edge_clean']",0.469329833984375,122,160,0.7896482216008843,0.8228759765625,25,0,0.30351183252427183,4,53,0.536861177058603,0.487012987012987,1,0
68998,"['rm_smallCC', 'edge_clean']",0.3330230712890625,66,129,0.23821305841924398,0.1351318359375,0,0,0.3103790283203125,3,70,0.2555921537780837,0.050048828125,0,4
69033,[],0.5716552734375,0,1,1.0,0.1221923828125,0,4,0.5716552734375,0,1,1.0,0.1221923828125,0,4
69131,[],0.54296875,0,1,1.0,0.1876220703125,0,2,0.54296875,0,1,1.0,0.1876220703125,0,2
262837,"['rm_smallCC', 'edge_clean']",0.1493682861328125,34,36,0.9714986209010114,0.0174560546875,0,0,0.1459197998046875,0,2,0.9944578061277841,0.012939453125,0,1
69197,"['rm_smallCC', 'edge_clean']",0.248504638671875,31,35,0.6667690040525605,0.0472412109375,0,0,0.2411346435546875,1,4,0.6871480098715433,0.001953125,0,4
69300,['edge_clean'],0.7284698486328125,0,3,0.7407260007121761,0.4134521484375,0,0,0.720733642578125,0,3,0.7486768006097303,0.3515625,0,0
69852,"['crop(0, 12, 0, 0)', 'rm_smallCC', 'edge_clean']",0.49554443359375,1,3,0.9957507082152974,0.9033203125,12,0,0.4695824795081967,0,3,0.9934883403791082,0.81575,10,0
263111,"['crop(0, 0, 16, 15)', 'rm_smallCC', 'edge_clean']",0.48822021484375,1,2,0.9997812226528316,0.9375,16,0,0.3836805555555556,1,5,0.6235746606334842,0.4502338877338877,0,0
263107,"['rm_smallCC', 'edge_clean']",0.3447723388671875,108,137,0.7434388138968798,0.353515625,1,0,0.32305908203125,3,30,0.7934063857925562,0.3126220703125,1,0
69985,"['rm_smallCC', 'edge_clean']",0.1989593505859375,70,98,0.23590766163049315,0.106689453125,0,0,0.1800079345703125,12,38,0.2607442570144952,0.019775390625,0,4
70018,['rm_smallCC'],0.5052032470703125,1,2,0.9995167477121024,0.0830078125,0,4,0.5049591064453125,0,1,1.0,0.0830078125,0,4
70270,"['rm_smallCC', 'edge_clean']",0.259033203125,41,62,0.7976555136663525,0.1114501953125,1,0,0.2427978515625,9,31,0.8509929612870789,0.0299072265625,0,0
70340,[],0.75640869140625,0,1,1.0,0.0572509765625,0,6,0.75640869140625,0,1,1.0,0.0572509765625,0,6
70396,[],0.6289520263671875,0,1,1.0,0.1326904296875,0,4,0.6289520263671875,0,1,1.0,0.1326904296875,0,4
70439,[],0.5470428466796875,0,1,1.0,0.0767822265625,0,0,0.5470428466796875,0,1,1.0,0.0767822265625,0,0
70536,[],0.5172882080078125,0,1,1.0,0.0023193359375,0,5,0.5172882080078125,0,1,1.0,0.0023193359375,0,5
70892,[],0.519775390625,0,2,0.8996301080319399,0.1708984375,0,2,0.519775390625,0,2,0.8996301080319399,0.1708984375,0,2
70914,"['crop(0, 0, 20, 20)', 'rm_smallCC', 'edge_clean']",0.4785308837890625,1,3,0.9919326552086987,0.9134521484375,20,0,0.36293764467592593,0,5,0.8855946982908964,0.6247351694915254,3,0
71033,"['crop(0, 0, 18, 18)', 'rm_smallCC', 'edge_clean']",0.4491729736328125,3,5,0.9968407106702449,0.902587890625,18,0,0.3408558238636364,1,8,0.9012866593738605,0.609375,3,0
71224,[],0.6371002197265625,0,1,1.0,0.0123291015625,0,5,0.6371002197265625,0,1,1.0,0.0123291015625,0,5
71938,[],0.68511962890625,0,2,0.9873273942093541,0.1986083984375,0,3,0.68511962890625,0,2,0.9873273942093541,0.1986083984375,0,3
71941,"['rm_smallCC', 'edge_clean']",0.19317626953125,66,86,0.8123222748815165,0.093505859375,0,0,0.18536376953125,1,20,0.8465591043793217,0.0809326171875,0,0
264116,"['rm_smallCC', 'edge_clean']",0.37554931640625,99,122,0.7712091662603608,0.0579833984375,0,0,0.3594818115234375,2,23,0.8056793582070546,0.0291748046875,0,1
264148,"['rm_smallCC', 'edge_clean']",0.37554931640625,99,122,0.7712091662603608,0.0579833984375,0,0,0.3594818115234375,2,23,0.8056793582070546,0.0291748046875,0,1
72466,"['rm_smallCC', 'edge_clean']",0.1806182861328125,110,118,0.3888654219819211,0.0677490234375,0,0,0.1685943603515625,2,9,0.4165987872205629,0.006591796875,0,4
72489,"['crop(0, 0, 26, 27)', 'rm_smallCC', 'edge_clean']",0.3910064697265625,1,4,0.5635902439024391,0.695556640625,27,0,0.2160945197044335,1,4,0.9439893143365984,0.0230119825708061,0,3
72988,"['rm_smallCC', 'edge_clean']",0.19769287109375,51,59,0.9343161469589379,0.0665283203125,0,0,0.19110107421875,1,8,0.9665442350686682,0.057373046875,0,0
73013,"['rm_smallCC', 'edge_clean']",0.19952392578125,76,86,0.8283114102171918,0.0595703125,0,0,0.1898345947265625,0,10,0.8705891809340085,0.046142578125,0,0
73029,"['rm_smallCC', 'edge_clean']",0.1842041015625,54,76,0.6945825049701789,0.10791015625,0,0,0.1669921875,4,25,0.7661732456140351,0.027099609375,0,0
264428,"['rm_smallCC', 'edge_clean']",0.183349609375,47,58,0.7361018641810919,0.106201171875,0,0,0.1700592041015625,3,15,0.7936294302377748,0.0499267578125,0,0
264603,"['crop(13, 12, 0, 0)', 'rm_smallCC', 'edge_clean']",0.1985321044921875,2,14,0.6695104142648528,0.79345703125,13,0,0.07587594696969698,8,20,0.33207042567416983,0.02707905544147844,0,4
73567,"['rm_smallCC', 'edge_clean']",0.322479248046875,39,48,0.8873379388662819,0.16748046875,1,0,0.3015289306640625,2,14,0.9489904357066951,0.0289306640625,0,4
73597,"['rm_smallCC', 'edge_clean']",0.396820068359375,39,53,0.7346381604245175,0.2188720703125,0,0,0.375885009765625,3,17,0.7755541122026467,0.0958251953125,0,0
264674,"['crop(42, 42, 0, 0)', 'rm_smallCC', 'edge_clean']",0.452301025390625,0,2,0.7937386141286014,0.8759765625,42,0,0.14625726744186046,0,3,0.9493788819875777,0.04994158878504673,0,4
73819,[],0.71600341796875,0,1,1.0,0.1094970703125,0,4,0.71600341796875,0,1,1.0,0.1094970703125,0,4
74282,"['rm_smallCC', 'edge_clean']",0.1533966064453125,45,50,0.38117974733910276,0.0531005859375,0,0,0.1451263427734375,0,5,0.4029019030596152,0.0035400390625,0,4
74291,"['rm_smallCC', 'edge_clean']",0.2615814208984375,111,137,0.7784518462346147,0.0943603515625,0,0,0.244598388671875,8,32,0.8325015595757954,0.0323486328125,0,0
74394,['rm_smallCC'],0.756591796875,1,3,0.9986285898676993,0.1246337890625,0,4,0.75628662109375,0,2,0.999031555161004,0.1246337890625,0,4
74786,"['crop(0, 0, 48, 53)', 'rm_smallCC', 'edge_clean']",0.497802734375,0,7,0.8036108386463953,0.720458984375,53,0,0.1614415322580645,0,6,0.4399000936621917,0.012773722627737226,0,4
74245,"['rm_smallCC', 'edge_clean']",0.1708221435546875,41,58,0.5217507815989281,0.1256103515625,1,0,0.1550750732421875,4,18,0.574731870510676,0.044189453125,0,0
75061,"['rm_smallCC', 'edge_clean']",0.249420166015625,200,208,0.2718096170316897,0.074462890625,0,0,0.2305755615234375,0,9,0.29402422076632917,0.0076904296875,0,4
75173,"['rm_smallCC', 'edge_clean']",0.173553466796875,105,109,0.6149991208018287,0.0643310546875,0,0,0.1619110107421875,2,6,0.6592215625294505,0.006103515625,0,4
75308,"['rm_smallCC', 'edge_clean']",0.1396484375,47,55,0.4266826923076923,0.117919921875,0,0,0.1317596435546875,1,9,0.45222929936305734,0.0987548828125,0,0
75602,[],0.537994384765625,0,2,0.9187418458222247,0.3359375,0,0,0.537994384765625,0,2,0.9187418458222247,0.3359375,0,0
75685,[],0.748291015625,0,2,0.809257748776509,0.299560546875,2,0,0.748291015625,0,2,0.809257748776509,0.299560546875,2,0
75695,"['rm_smallCC', 'edge_clean']",0.2852630615234375,30,40,0.5730409200320942,0.3448486328125,1,0,0.280853271484375,0,10,0.5820384657177008,0.3284912109375,1,0
75816,[],0.7010650634765625,0,1,1.0,0.2037353515625,0,3,0.7010650634765625,0,1,1.0,0.2037353515625,0,3
76340,"['rm_smallCC', 'edge_clean']",0.1373443603515625,59,80,0.3444061770914343,0.05224609375,0,0,0.123138427734375,3,23,0.38413878562577447,0.006591796875,0,4
76623,[],0.679351806640625,0,1,1.0,0.1190185546875,0,4,0.679351806640625,0,1,1.0,0.1190185546875,0,4
76691,[],0.5747222900390625,0,1,1.0,0.12890625,0,4,0.5747222900390625,0,1,1.0,0.12890625,0,4
76841,"['rm_smallCC', 'edge_clean']",0.208343505859375,50,65,0.8634099897465944,0.10009765625,0,0,0.1946258544921875,0,17,0.924264994119953,0.0526123046875,0,4
81673,"['rm_smallCC', 'edge_clean']",0.22589111328125,32,39,0.7552012969467712,0.154541015625,1,0,0.2066192626953125,3,10,0.8256406469241563,0.0250244140625,0,4
81744,[],0.7347412109375,0,1,1.0,0.2413330078125,0,3,0.7347412109375,0,1,1.0,0.2413330078125,0,3
81763,"['rm_smallCC', 'edge_clean']",0.215179443359375,32,40,0.4288044249042689,0.1324462890625,1,0,0.204864501953125,0,8,0.4503947564427231,0.078857421875,0,4
81771,"['rm_smallCC', 'edge_clean']",0.2487030029296875,116,150,0.33989815326093625,0.1429443359375,1,0,0.219390869140625,6,42,0.38531089164000554,0.0462646484375,0,4
82178,[],0.829681396484375,0,1,1.0,0.2784423828125,0,4,0.829681396484375,0,1,1.0,0.2784423828125,0,4
268314,"['rm_smallCC', 'edge_clean']",0.378692626953125,38,47,0.914296075429124,0.1697998046875,1,0,0.3714752197265625,3,10,0.9320599712466625,0.1456298828125,1,0
268315,"['crop(16, 16, 0, 0)', 'rm_smallCC', 'edge_clean']",0.2490997314453125,1,9,0.6545788667687595,0.84033203125,16,0,0.10604422433035714,19,30,0.2573589870087157,0.060807291666666666,0,4
82740,[],0.7498779296875,0,1,1.0,0.11572265625,0,4,0.7498779296875,0,1,1.0,0.11572265625,0,4
82753,"['rm_smallCC', 'edge_clean']",0.19287109375,44,56,0.3470727848101266,0.1527099609375,0,0,0.1693572998046875,3,17,0.39526083430939724,0.029541015625,0,4
268629,"['rm_smallCC', 'edge_clean']",0.2297515869140625,38,54,0.613003918443249,0.1278076171875,0,0,0.216156005859375,0,14,0.6515600734152195,0.0594482421875,0,2
83215,"['rm_smallCC', 'edge_clean']",0.1284637451171875,50,55,0.4346121867205131,0.0390625,0,0,0.1190032958984375,0,4,0.4691627131683549,0.0025634765625,0,4
268674,"['crop(0, 0, 19, 19)', 'rm_smallCC', 'edge_clean']",0.2961578369140625,2,11,0.6226492864135195,0.81201171875,19,0,0.13492689220183487,8,17,0.5058432934926959,0.02966772151898734,0,4
83461,"['rm_smallCC', 'edge_clean']",0.227508544921875,33,46,0.8376257545271629,0.1756591796875,1,0,0.213104248046875,1,13,0.8942431619647716,0.08935546875,0,4
82910,['rm_smallCC'],0.6386260986328125,1,2,0.9998088548013284,0.2078857421875,0,3,0.6385040283203125,0,1,1.0,0.2078857421875,0,3
82950,['rm_smallCC'],0.2020416259765625,65,82,0.8300732573068499,0.0098876953125,0,2,0.18701171875,0,17,0.8967852480417755,0.000244140625,0,7
83051,"['rm_smallCC', 'edge_clean']",0.17010498046875,46,62,0.30758880516684606,0.02197265625,0,0,0.16314697265625,1,16,0.3207070707070707,0.0128173828125,0,1
83100,[],0.5357666015625,0,1,1.0,0.179931640625,0,3,0.5357666015625,0,1,1.0,0.179931640625,0,3
83474,[],0.8153533935546875,0,1,1.0,0.15380859375,0,4,0.8153533935546875,0,1,1.0,0.15380859375,0,4
83828,"['rm_smallCC', 'edge_clean']",0.152984619140625,69,73,0.5835826850189507,0.060546875,0,0,0.143402099609375,0,4,0.6225792721855714,0.005859375,0,4
83897,[],0.7416534423828125,0,1,1.0,0.3909912109375,0,0,0.7416534423828125,0,1,1.0,0.3909912109375,0,0
84348,"['crop(45, 45, 0, 0)', 'edge_clean']",0.4596405029296875,0,6,0.8300634066992,0.70068359375,45,0,0.16128576807228914,0,6,0.31237233732127223,0.006812796208530806,0,4
84440,"['rm_smallCC', 'edge_clean']",0.2103424072265625,61,74,0.38875589408777655,0.1072998046875,0,0,0.189300537109375,4,17,0.4319684023859423,0.0113525390625,0,4
83934,['rm_smallCC'],0.572906494140625,1,2,0.9997602940393118,0.0902099609375,0,4,0.5727691650390625,0,1,1.0,0.0902099609375,0,4
84519,"['rm_smallCC', 'edge_clean']",0.5646820068359375,6,9,0.9907855270624476,0.15771484375,0,0,0.5638275146484375,0,3,0.9922870828935617,0.1553955078125,0,0
84615,"['rm_smallCC', 'edge_clean']",0.2448272705078125,82,99,0.31455282019320663,0.1737060546875,1,0,0.2158966064453125,14,32,0.35670365396847836,0.023681640625,0,4
84647,['rm_smallCC'],0.1463623046875,78,94,0.5326313594662219,0.031494140625,0,0,0.133697509765625,0,16,0.5830860534124629,0.02685546875,0,0
84748,"['rm_smallCC', 'edge_clean']",0.154876708984375,39,55,0.6565517241379311,0.0972900390625,0,0,0.148193359375,0,16,0.6861614497528831,0.0782470703125,0,0
84833,['rm_smallCC'],0.3971710205078125,43,57,0.9343808828614238,0.23388671875,0,0,0.387664794921875,0,14,0.9572935527040857,0.232421875,0,0
269317,"['crop(25, 25, 0, 0)', 'rm_smallCC', 'edge_clean']",0.3166961669921875,8,18,0.7500361358708745,0.909423828125,25,0,0.11413455703883495,2,14,0.26300049842166473,0.12229437229437229,0,4
84979,[],0.6485443115234375,0,1,1.0,0.0,0,10,0.6485443115234375,0,1,1.0,0.0,0,10
85040,"['rm_smallCC', 'edge_clean']",0.152984619140625,69,73,0.5835826850189507,0.060546875,0,0,0.143402099609375,0,4,0.6225792721855714,0.005859375,0,4
85132,"['crop(0, 0, 12, 0)', 'rm_smallCC']",0.2515411376953125,0,3,0.7629966636336063,0.244384765625,12,0,0.21825371413934427,0,2,0.9226142448470622,0.01225,0,0
277558,"['rm_smallCC', 'edge_clean']",0.2178955078125,38,45,0.9104341736694678,0.0491943359375,0,0,0.20751953125,1,8,0.9559558823529412,0.0052490234375,0,4
104975,"['rm_smallCC', 'edge_clean']",0.29022216796875,53,65,0.8874868559411146,0.1116943359375,0,0,0.2841949462890625,0,12,0.9063087248322148,0.1025390625,0,0
104996,"['rm_smallCC', 'edge_clean']",0.1827392578125,37,46,0.83375083500334,0.0618896484375,0,0,0.1746826171875,0,8,0.8722047519217331,0.0166015625,0,4
105017,"['crop(0, 0, 12, 12)', 'rm_smallCC', 'edge_clean']",0.332794189453125,1,3,0.6416781292984869,0.682373046875,12,0,0.23610924030172414,2,3,0.99800328032518,0.0044825819672131145,0,4
106641,"['crop(0, 0, 0, 12)', 'edge_clean']",0.4111480712890625,0,4,0.9660419372796437,0.934326171875,12,0,0.38161180840163933,0,5,0.9599781851743089,0.863125,11,0
278259,['edge_clean'],0.4446563720703125,0,6,0.7282866064994338,0.8863525390625,7,0,0.4395751953125,0,6,0.7367050819216884,0.845703125,7,0
106708,"['crop(13, 13, 0, 0)', 'rm_smallCC', 'edge_clean']",0.2011260986328125,1,10,0.7446324254608907,0.8939208984375,13,0,0.09242527173913044,0,11,0.29419331128261667,0.28266460905349794,5,0
106830,"['rm_smallCC', 'edge_clean']",0.1959228515625,34,44,0.5766355140186916,0.0692138671875,0,0,0.1921539306640625,1,10,0.58794568411022,0.050537109375,0,0
107250,"['rm_smallCC', 'edge_clean']",0.13677978515625,37,42,0.894020526550647,0.0714111328125,0,0,0.1299591064453125,0,4,0.9409416461195257,0.0343017578125,0,0
278458,"['crop(0, 0, 42, 44)', 'rm_smallCC', 'edge_clean']",0.4488983154296875,9,11,0.995513103776471,0.8594970703125,44,0,0.14862132352941176,6,9,0.9751082251082251,0.18735328638497653,3,0
278762,"['crop(0, 0, 44, 44)', 'rm_smallCC', 'edge_clean']",0.48712158203125,3,5,0.98117403834106,0.7008056640625,44,0,0.21296037946428573,0,2,0.9358008516213561,0.02240566037735849,0,0
107889,"['rm_smallCC', 'edge_clean']",0.338531494140625,118,134,0.4043540971784008,0.137451171875,0,0,0.3206634521484375,0,16,0.4268855579348085,0.089599609375,0,0
107890,"['rm_smallCC', 'edge_clean']",0.1173858642578125,31,34,0.9603535681788639,0.01806640625,0,0,0.1132659912109375,0,2,0.9952849252323859,0.0,0,8
107891,"['rm_smallCC', 'edge_clean']",0.15728759765625,43,48,0.9354870003880481,0.0472412109375,0,0,0.1513214111328125,0,5,0.972370676615912,0.03466796875,0,0
107960,"['crop(38, 36, 0, 0)', 'rm_smallCC', 'edge_clean']",0.4312896728515625,9,12,0.7648328321245357,0.932373046875,38,0,0.16015625,0,7,0.4978558027338515,0.1291381278538813,0,4
108322,"['crop(0, 0, 17, 16)', 'rm_smallCC', 'edge_clean']",0.28936767578125,1,5,0.7725163467622864,0.7744140625,17,0,0.15027676569506726,10,14,0.49236507751486186,0.016701461377870562,0,0
108334,"['rm_smallCC', 'edge_clean']",0.1843109130859375,58,66,0.37089163010182963,0.1068115234375,0,0,0.1667327880859375,2,10,0.4099935938500961,0.024169921875,0,4
108405,"['rm_smallCC', 'edge_clean']",0.2193603515625,31,39,0.9561769616026711,0.056396484375,1,0,0.2128448486328125,1,6,0.9854469854469855,0.024169921875,0,0
108480,"['rm_smallCC', 'edge_clean']",0.2047882080078125,39,48,0.9301095298412935,0.08544921875,0,0,0.200775146484375,0,9,0.9487004103967168,0.06982421875,0,0
108548,"['crop(14, 24, 0, 12)', 'rm_smallCC', 'edge_clean']",0.456695556640625,3,12,0.9563982626127631,0.971923828125,24,0,0.3035794856369379,0,14,0.5360416150606886,0.5614177489177489,5,0
109025,"['crop(0, 0, 38, 38)', 'rm_smallCC', 'edge_clean']",0.4202728271484375,14,20,0.7759503322078205,0.8060302734375,38,0,0.1469184027777778,3,13,0.46617429837518465,0.0169151376146789,0,4
109706,"['crop(0, 0, 44, 44)', 'rm_smallCC', 'edge_clean']",0.4888153076171875,22,25,0.9914780708599968,0.84765625,44,0,0.1966610863095238,6,11,0.9655947032395366,0.13856132075471697,3,0
110721,"['rm_smallCC', 'edge_clean']",0.3284149169921875,45,49,0.5293871672164661,0.0703125,0,0,0.3174591064453125,3,7,0.5476568132660418,0.0064697265625,0,4
110273,"['crop(0, 0, 41, 43)', 'rm_smallCC', 'edge_clean']",0.4959716796875,18,20,0.9953544179177948,0.9039306640625,43,0,0.20905250726744187,1,5,0.8906029331884845,0.2651869158878505,4,0
111437,"['rm_smallCC', 'edge_clean']",0.2288360595703125,40,55,0.6008535040341402,0.0357666015625,0,0,0.2211456298828125,1,16,0.6217484302766852,0.0208740234375,0,4
111516,"['crop(17, 18, 0, 0)', 'rm_smallCC', 'edge_clean']",0.302520751953125,3,16,0.6606476344194492,0.9267578125,18,0,0.17578125,3,20,0.2617395676219206,0.4161425576519916,6,0
111530,"['rm_smallCC', 'edge_clean']",0.19610595703125,71,92,0.2938842203548086,0.1690673828125,1,0,0.1733856201171875,8,34,0.3323946140983895,0.0596923828125,0,4
110750,"['crop(13, 0, 0, 14)', 'rm_smallCC', 'edge_clean']",0.43310546875,2,8,0.8125,0.9151611328125,14,0,0.3622759582355542,0,8,0.6965358618099887,0.659020618556701,3,0
111001,"['crop(15, 0, 22, 23)', 'rm_smallCC', 'edge_clean']",0.440826416015625,0,7,0.4918310834198685,0.916259765625,23,0,0.26207940846787675,2,11,0.5827267952277332,0.25732853982300885,0,0
111020,"['rm_smallCC', 'edge_clean']",0.1894378662109375,55,80,0.6759565042287555,0.1156005859375,0,0,0.179473876953125,1,25,0.713484101343309,0.097900390625,0,0
111022,"['rm_smallCC', 'edge_clean']",0.2917938232421875,35,45,0.3221774826125608,0.17529296875,1,0,0.270263671875,17,25,0.34784327009936766,0.0196533203125,0,4
111893,"['crop(0, 0, 38, 37)', 'rm_smallCC', 'edge_clean']",0.476593017578125,0,4,0.7191842223218288,0.87841796875,38,0,0.20981526243093923,3,10,0.41812384283069326,0.12128146453089245,0,4
85230,"['rm_smallCC', 'edge_clean']",0.184112548828125,58,79,0.30963036631858115,0.15234375,1,0,0.1685333251953125,0,21,0.33825260298777726,0.072021484375,0,4
85618,"['rm_smallCC', 'edge_clean']",0.23260498046875,50,72,0.4560482812909997,0.0855712890625,0,0,0.22186279296875,0,22,0.4781292984869326,0.049560546875,0,0
85821,"['rm_smallCC', 'edge_clean']",0.4574127197265625,64,98,0.30970410648163593,0.2103271484375,0,0,0.4407196044921875,0,34,0.3214347540075477,0.156494140625,0,1
85853,"['rm_smallCC', 'edge_clean']",0.170196533203125,124,149,0.735162273623812,0.0706787109375,0,0,0.1497039794921875,4,26,0.8357965548873714,0.021484375,0,0
85869,"['crop(0, 0, 21, 20)', 'rm_smallCC', 'edge_clean']",0.2937164306640625,2,9,0.6423710322614162,0.7822265625,21,0,0.12741642441860465,3,10,0.45330101240553256,0.018312101910828025,0,4
269733,"['crop(0, 0, 22, 23)', 'rm_smallCC', 'edge_clean']",0.3328857421875,3,7,0.5561972863953062,0.6497802734375,23,0,0.17890995260663506,0,3,0.9628518211920529,0.017799785867237686,0,1
269763,"['crop(16, 15, 0, 0)', 'rm_smallCC', 'edge_clean']",0.2468109130859375,11,21,0.5339721792890263,0.6527099609375,16,0,0.12855902777777778,1,9,0.3193787981093856,0.002468814968814969,0,4
86067,"['rm_smallCC', 'edge_clean']",0.156524658203125,46,72,0.18502632092025736,0.21826171875,1,0,0.1492767333984375,1,26,0.1940100173770827,0.2064208984375,1,0
86364,['rm_smallCC'],0.660400390625,2,5,0.98431146025878,0.17626953125,0,4,0.6597747802734375,0,3,0.9852448021462106,0.17626953125,0,4
86389,['rm_smallCC'],0.69769287109375,1,2,0.999715685416849,0.18212890625,0,3,0.6974945068359375,0,1,1.0,0.18212890625,0,3
269940,"['crop(0, 0, 29, 31)', 'rm_smallCC', 'edge_clean']",0.388427734375,5,15,0.676107793840352,0.8056640625,31,0,0.16310586734693877,2,12,0.3048631476050831,0.004563053097345133,0,4
269995,"['rm_smallCC', 'edge_clean']",0.2706451416015625,71,99,0.3587979928962057,0.1478271484375,1,0,0.2517852783203125,1,28,0.38567359553966424,0.0655517578125,0,4
86622,"['rm_smallCC', 'edge_clean']",0.27020263671875,128,151,0.45019200361418565,0.153076171875,0,0,0.250396728515625,2,26,0.4858013406459476,0.091796875,0,0
86721,"['rm_smallCC', 'edge_clean']",0.2284698486328125,74,87,0.8159353502972017,0.093505859375,0,0,0.211456298828125,8,21,0.8815846442488093,0.0208740234375,0,0
87066,"['rm_smallCC', 'edge_clean']",0.11492919921875,59,66,0.42246415294742434,0.0377197265625,0,0,0.102874755859375,0,6,0.4719667754375556,0.001708984375,0,6
87260,"['rm_smallCC', 'edge_clean']",0.348785400390625,33,48,0.6895178930790096,0.111572265625,0,0,0.3345947265625,3,18,0.7187614009485589,0.0177001953125,0,4
87433,"['rm_smallCC', 'edge_clean']",0.1408843994140625,30,35,0.7988736055453265,0.141357421875,0,0,0.1278839111328125,0,6,0.880085908602792,0.0740966796875,0,0
87555,"['rm_smallCC', 'edge_clean']",0.3831329345703125,100,126,0.7338802819706082,0.2406005859375,1,0,0.36553955078125,2,28,0.7692018700951745,0.2156982421875,1,0
87850,"['rm_smallCC', 'edge_clean']",0.3070220947265625,64,91,0.6562795089707271,0.1658935546875,0,0,0.294219970703125,0,27,0.6848355979670159,0.144775390625,0,0
88100,"['rm_smallCC', 'edge_clean']",0.162078857421875,50,60,0.7560723027678403,0.093505859375,0,0,0.1486053466796875,2,13,0.8246226511962214,0.0242919921875,0,2
89180,[],0.58599853515625,0,1,1.0,0.305419921875,0,0,0.58599853515625,0,1,1.0,0.305419921875,0,0
89333,[],0.58599853515625,0,1,1.0,0.305419921875,0,0,0.58599853515625,0,1,1.0,0.305419921875,0,0
89378,[],0.5991973876953125,0,2,0.928111232779037,0.3077392578125,0,0,0.5991973876953125,0,2,0.928111232779037,0.3077392578125,0,0
89410,[],0.5991973876953125,0,2,0.928111232779037,0.3077392578125,0,0,0.5991973876953125,0,2,0.928111232779037,0.3077392578125,0,0
88945,"['crop(0, 0, 14, 14)', 'rm_smallCC', 'edge_clean']",0.39923095703125,2,5,0.8163889313560617,0.5743408203125,14,0,0.31762266995614036,1,3,0.9588435190679109,0.042871900826446284,0,0
89047,"['rm_smallCC', 'edge_clean']",0.1874542236328125,31,46,0.4752136752136752,0.132080078125,0,0,0.174774169921875,2,17,0.5096909376636982,0.067138671875,0,4
89658,"['rm_smallCC', 'edge_clean']",0.126129150390625,36,43,0.5042342124364868,0.054931640625,0,0,0.116790771484375,2,7,0.5445518683041547,0.0064697265625,0,4
90382,[],0.71875,0,1,1.0,0.1632080078125,0,4,0.71875,0,1,1.0,0.1632080078125,0,4
90432,"['rm_smallCC', 'edge_clean']",0.1610870361328125,158,172,0.6261248460736952,0.1195068359375,0,0,0.1316680908203125,7,21,0.7660215552207672,0.0130615234375,0,4
90488,"['rm_smallCC', 'edge_clean']",0.2292633056640625,64,88,0.3936106489184692,0.115234375,1,0,0.2111358642578125,3,24,0.4274047842740478,0.0196533203125,0,4
90686,[],0.53369140625,0,1,1.0,0.0831298828125,0,4,0.53369140625,0,1,1.0,0.0831298828125,0,4
90724,[],0.8048248291015625,0,1,1.0,0.20556640625,0,4,0.8048248291015625,0,1,1.0,0.20556640625,0,4
100361,"['crop(15, 0, 0, 0)', 'edge_clean']",0.4691619873046875,0,2,0.995771945230429,0.9132080078125,15,0,0.4056827022821577,0,5,0.527468136961125,0.5974597585513078,6,0
275649,"['crop(16, 0, 0, 0)', 'rm_smallCC', 'edge_clean']",0.4976806640625,1,3,0.9964128035320088,0.9884033203125,16,0,0.4576497395833333,0,3,0.7764421367095811,0.8748739919354839,10,0
100369,"['crop(17, 15, 0, 0)', 'rm_smallCC', 'edge_clean']",0.3909912109375,4,6,0.6285903840149859,0.6903076171875,17,0,0.2808837890625,0,1,1.0,0.0,0,12
100376,"['crop(0, 0, 16, 0)', 'edge_clean']",0.42376708984375,0,2,0.7413942099956791,0.947998046875,16,0,0.3770833333333333,0,4,0.6374309392265194,0.7867943548387096,10,0
275575,"['crop(0, 0, 23, 24)', 'rm_smallCC', 'edge_clean']",0.4700927734375,2,5,0.8701311347701896,0.943359375,24,0,0.3199947667464115,1,7,0.5221657613457158,0.584274193548387,0,0
100474,"['crop(18, 22, 0, 0)', 'rm_smallCC', 'edge_clean']",0.2646942138671875,0,4,0.7261197901654465,0.861328125,22,0,0.09604673032407407,1,6,0.35379401242703823,0.07733050847457627,0,4
100555,"['crop(0, 0, 25, 24)', 'rm_smallCC', 'edge_clean']",0.28289794921875,1,5,0.7255663430420712,0.6953125,25,0,0.0965240036231884,1,4,0.6437927663734115,0.009449244060475162,0,4
100495,['rm_smallCC'],0.15765380859375,66,75,0.8935346496322106,0.1097412109375,0,0,0.148956298828125,0,9,0.9457078467527146,0.1090087890625,0,0
100563,"['crop(0, 0, 39, 30)', 'rm_smallCC', 'edge_clean']",0.498382568359375,2,5,0.9430530892168268,0.9169921875,39,0,0.29171540775401067,2,8,0.5132832080200501,0.5472629796839729,4,0
100591,"['crop(0, 0, 32, 32)', 'rm_smallCC', 'edge_clean']",0.4181060791015625,1,6,0.6813619940878071,0.80078125,32,0,0.18190511067708334,2,7,0.5772284979308803,0.006696428571428571,0,4
100903,"['crop(0, 0, 0, 24)', 'rm_smallCC', 'edge_clean']",0.48883056640625,3,10,0.879916344112873,0.8951416015625,24,0,0.4188611260775862,0,9,0.5018289986734735,0.6800717213114754,9,0
275934,"['crop(43, 42, 0, 0)', 'rm_smallCC', 'edge_clean']",0.4423980712890625,0,5,0.865312316766116,0.918701171875,43,0,0.13916301169590642,13,21,0.33256730137885754,0.3086943793911007,6,0
101071,"['rm_smallCC', 'edge_clean']",0.2475433349609375,45,59,0.6660297109042718,0.0855712890625,1,0,0.2328948974609375,2,14,0.7079211164253423,0.0069580078125,0,4
101109,['rm_smallCC'],0.1107177734375,35,49,0.2847298787210584,0.085693359375,0,0,0.10589599609375,0,14,0.29769452449567724,0.0853271484375,0,0
101114,"['crop(0, 0, 38, 38)', 'rm_smallCC', 'edge_clean']",0.433837890625,7,10,0.909362689926843,0.87939453125,38,0,0.17491319444444445,2,6,0.6209677419354839,0.2330848623853211,4,0
275970,[],0.505279541015625,0,4,0.7602222624871655,0.2574462890625,0,0,0.505279541015625,0,4,0.7602222624871655,0.2574462890625,0,0
276035,"['rm_smallCC', 'edge_clean']",0.25885009765625,43,55,0.8715515208677199,0.18798828125,0,0,0.243896484375,2,14,0.9249874874874875,0.126220703125,0,0
101341,"['rm_smallCC', 'edge_clean']",0.180511474609375,31,45,0.639222316145393,0.1104736328125,0,0,0.17596435546875,0,14,0.6557405480402358,0.1014404296875,0,0
101485,"['rm_smallCC', 'edge_clean']",0.2508544921875,74,118,0.6400851581508515,0.192138671875,1,0,0.2212982177734375,9,56,0.7255740191684479,0.040771484375,0,4
102121,"['rm_smallCC', 'edge_clean']",0.173187255859375,37,49,0.5890748898678414,0.07568359375,1,0,0.1643218994140625,2,12,0.6208561612034543,0.0372314453125,0,0
102146,"['rm_smallCC', 'edge_clean']",0.2565460205078125,43,53,0.5619461131267471,0.1021728515625,0,0,0.2422637939453125,2,15,0.5950746362662972,0.029296875,0,3
102147,"['rm_smallCC', 'edge_clean']",0.2202911376953125,35,46,0.5411789152871095,0.1068115234375,0,0,0.2086639404296875,2,12,0.5713345521023766,0.0408935546875,0,0
102201,"['crop(28, 29, 0, 0)', 'rm_smallCC', 'edge_clean']",0.325714111328125,6,11,0.7980417876885599,0.879638671875,29,0,0.09467258165829145,0,7,0.49056603773584906,0.08118131868131868,0,4
276550,"['crop(0, 0, 30, 32)', 'rm_smallCC', 'edge_clean']",0.4870758056640625,5,11,0.9355909902571975,0.89794921875,32,0,0.27768605025773196,1,14,0.2917844971358132,0.345,0,0
276551,"['crop(0, 0, 17, 18)', 'rm_smallCC', 'edge_clean']",0.3718109130859375,3,8,0.9129150080026265,0.9014892578125,18,0,0.23043339932126697,1,10,0.4881491140599831,0.4688155136268344,0,0
102648,"['rm_smallCC', 'edge_clean']",0.1949615478515625,52,62,0.35532597636377866,0.071533203125,1,0,0.1833343505859375,4,11,0.3778610070744902,0.0089111328125,0,4
102799,"['rm_smallCC', 'edge_clean']",0.2494659423828125,81,113,0.3657716068261056,0.1954345703125,0,0,0.2251434326171875,9,38,0.4052863436123348,0.07470703125,0,0
102806,"['rm_smallCC', 'edge_clean']",0.1431121826171875,61,69,0.29747307815332125,0.1009521484375,0,0,0.1272125244140625,5,14,0.33465275278877293,0.030029296875,0,4
102919,"['rm_smallCC', 'edge_clean']",0.1431121826171875,61,69,0.29747307815332125,0.1009521484375,0,0,0.1272125244140625,5,14,0.33465275278877293,0.030029296875,0,4
103104,['rm_smallCC'],0.4917449951171875,65,69,0.9789927700375461,0.0576171875,0,0,0.483795166015625,0,4,0.9950797956222797,0.056884765625,0,0
103136,"['crop(0, 0, 0, 13)', 'rm_smallCC', 'edge_clean']",0.2705230712890625,2,7,0.42433301370635684,0.726318359375,13,0,0.1889306841563786,1,6,0.45571343486769333,0.1308867735470942,0,4
103338,['rm_smallCC'],0.4917449951171875,65,69,0.9789927700375461,0.0576171875,0,0,0.483795166015625,0,4,0.9950797956222797,0.056884765625,0,0
266094,"['crop(25, 25, 0, 0)', 'rm_smallCC', 'edge_clean']",0.3227996826171875,1,10,0.7020562514771922,0.812744140625,25,0,0.12503792475728157,0,10,0.37928419775553535,0.04153138528138528,0,4
77166,"['rm_smallCC', 'edge_clean']",0.29864501953125,89,117,0.4249948906601267,0.404052734375,1,0,0.2573089599609375,17,51,0.49326928778983575,0.140625,0,0
77238,"['rm_smallCC', 'edge_clean']",0.143402099609375,50,55,0.47169610555437325,0.109375,0,0,0.1293487548828125,7,10,0.5229444378907633,0.0133056640625,0,4
77239,"['rm_smallCC', 'edge_clean']",0.2228851318359375,226,240,0.46799479701512975,0.1497802734375,0,0,0.183013916015625,10,24,0.5699516424879106,0.014404296875,0,4
77325,"['rm_smallCC', 'edge_clean']",0.143402099609375,50,55,0.47169610555437325,0.109375,0,0,0.1293487548828125,7,10,0.5229444378907633,0.0133056640625,0,4
266210,"['rm_smallCC', 'edge_clean']",0.2228851318359375,226,240,0.46799479701512975,0.1497802734375,0,0,0.183013916015625,10,24,0.5699516424879106,0.014404296875,0,4
77362,"['crop(12, 0, 0, 0)', 'rm_smallCC', 'edge_clean']",0.3430633544921875,5,13,0.7247253480407418,0.6427001953125,12,0,0.3009253329918033,2,13,0.5784965686013726,0.3855,11,0
77773,"['rm_smallCC', 'edge_clean']",0.1714935302734375,36,51,0.3115935581457425,0.0830078125,0,0,0.1595611572265625,2,15,0.3348952854547193,0.02783203125,0,4
77780,"['rm_smallCC', 'edge_clean']",0.1714935302734375,36,51,0.3115935581457425,0.0830078125,0,0,0.1595611572265625,2,15,0.3348952854547193,0.02783203125,0,4
78176,['rm_smallCC'],0.491455078125,2,10,0.9133755588673621,0.9654541015625,8,0,0.4912261962890625,0,8,0.9138011368931134,0.9654541015625,8,0
78611,[],0.7365875244140625,0,1,1.0,0.0791015625,0,5,0.7365875244140625,0,1,1.0,0.0791015625,0,5
79630,"['rm_smallCC', 'edge_clean']",0.20257568359375,80,108,0.2658180174751431,0.0533447265625,0,0,0.185302734375,2,32,0.2905961791831357,0.0111083984375,0,0
267176,"['rm_smallCC', 'edge_clean']",0.360076904296875,45,53,0.7495550470378846,0.0882568359375,0,0,0.354095458984375,0,8,0.7622166681030768,0.076416015625,0,0
79781,"['rm_smallCC', 'edge_clean']",0.1994781494140625,101,139,0.19819475254341007,0.0765380859375,1,0,0.1735382080078125,2,38,0.22782027609249977,0.0108642578125,0,4
79984,"['crop(0, 0, 33, 32)', 'rm_smallCC', 'edge_clean']",0.4397430419921875,4,9,0.6421111072556299,0.787353515625,33,0,0.21063072643979058,2,6,0.7604621807942519,0.007410514541387025,0,4
80041,['edge_clean'],0.58734130859375,0,2,0.9856593577886315,0.119140625,0,2,0.582611083984375,0,2,0.9936619349431669,0.081298828125,0,4
80059,"['rm_smallCC', 'edge_clean']",0.2054443359375,102,152,0.19964349376114082,0.113525390625,0,0,0.1822052001953125,5,52,0.2251067749769701,0.0594482421875,0,0
80335,"['rm_smallCC', 'edge_clean']",0.08538818359375,32,51,0.2087205146533238,0.0133056640625,0,0,0.07916259765625,0,19,0.2251349267540478,0.007080078125,0,4
80369,"['rm_smallCC', 'edge_clean']",0.22003173828125,38,64,0.4536754507628294,0.086181640625,0,0,0.208160400390625,7,31,0.47954845330596685,0.02001953125,0,4
80370,"['rm_smallCC', 'edge_clean']",0.2834930419921875,208,225,0.24468485924969052,0.132080078125,0,0,0.2480316162109375,14,31,0.2796677945247616,0.0267333984375,0,4
80451,"['rm_smallCC', 'edge_clean']",0.13323974609375,39,59,0.30943655519926705,0.1510009765625,1,0,0.1136627197265625,3,24,0.3627332527856088,0.04052734375,0,4
80518,"['rm_smallCC', 'edge_clean']",0.223236083984375,42,57,0.600205058099795,0.0654296875,0,0,0.2093963623046875,0,16,0.6398746629745683,0.0030517578125,0,4
80671,"['rm_smallCC', 'edge_clean']",0.1088714599609375,31,36,0.3562718990889979,0.020751953125,0,0,0.1057586669921875,1,5,0.3667580435723561,0.0089111328125,0,1
81423,[],0.682037353515625,0,1,1.0,0.1112060546875,0,3,0.682037353515625,0,1,1.0,0.1112060546875,0,3
80864,[],0.669952392578125,0,1,1.0,0.3829345703125,0,0,0.669952392578125,0,1,1.0,0.3829345703125,0,0
80865,['rm_smallCC'],0.6772308349609375,2,3,0.9998873442534304,0.286376953125,0,0,0.677154541015625,0,1,1.0,0.285888671875,0,0
267681,"['crop(20, 21, 0, 0)', 'rm_smallCC', 'edge_clean']",0.3911895751953125,71,85,0.8750633849514374,0.7569580078125,21,0,0.23951671511627906,12,31,0.750815444132595,0.2070063694267516,0,0
80916,"['crop(18, 18, 0, 0)', 'rm_smallCC', 'edge_clean']",0.330047607421875,2,8,0.4999075358298659,0.6170654296875,18,0,0.21125710227272726,0,6,0.34661287611363256,0.008534663865546218,0,2
80917,"['crop(13, 13, 0, 0)', 'rm_smallCC', 'edge_clean']",0.3227691650390625,46,67,0.5591641847492081,0.713623046875,13,0,0.22060122282608696,9,32,0.29424897990607435,0.1099537037037037,0,0
80920,"['crop(20, 21, 0, 0)', 'rm_smallCC', 'edge_clean']",0.3911895751953125,71,85,0.8750633849514374,0.7569580078125,21,0,0.23951671511627906,12,31,0.750815444132595,0.2070063694267516,0,0
81547,"['rm_smallCC', 'edge_clean']",0.2217559814453125,65,92,0.42372531480079817,0.1217041015625,0,0,0.2029571533203125,3,31,0.4629727088188858,0.044921875,0,4
81653,['rm_smallCC'],0.6317138671875,1,3,0.965048309178744,0.1688232421875,0,3,0.631500244140625,0,2,0.9653747644130866,0.1688232421875,0,3
103365,"['crop(0, 0, 32, 32)', 'rm_smallCC', 'edge_clean']",0.4224700927734375,4,8,0.8135225918301008,0.8082275390625,32,0,0.21055094401041666,5,11,0.4976326215093246,0.12848772321428573,3,0
276919,"['rm_smallCC', 'edge_clean']",0.2431793212890625,48,67,0.8073665056158624,0.076416015625,1,0,0.2301177978515625,0,21,0.8531927591008553,0.023193359375,0,4
103415,['rm_smallCC'],0.1507720947265625,35,46,0.6087440542455217,0.0875244140625,0,0,0.1467437744140625,0,11,0.6254549235728397,0.08544921875,0,0
103671,"['crop(31, 31, 0, 0)', 'rm_smallCC', 'edge_clean']",0.3854827880859375,0,5,0.7535526263705815,0.9827880859375,31,0,0.15528350515463918,0,6,0.26050311203319504,0.19652777777777777,0,4
103976,"['crop(0, 0, 0, 29)', 'rm_smallCC', 'edge_clean']",0.4707794189453125,7,20,0.8312643827180501,0.8692626953125,29,0,0.4012940528634361,1,14,0.8422384219554031,0.7761387163561076,7,0
104040,"['rm_smallCC', 'edge_clean']",0.187744140625,33,40,0.6263816644993498,0.1044921875,0,0,0.1755523681640625,4,10,0.6698826597131682,0.0184326171875,0,4
104213,"['rm_smallCC', 'edge_clean']",0.33306884765625,49,61,0.47471137987905443,0.15625,0,0,0.3143157958984375,5,18,0.503034127870285,0.057861328125,0,0
104217,"['rm_smallCC', 'edge_clean']",0.3632354736328125,158,177,0.7482881747532031,0.1962890625,0,0,0.3311004638671875,17,38,0.8209134061477488,0.0655517578125,0,4
103895,"['rm_smallCC', 'edge_clean']",0.4765472412109375,46,66,0.5412250648394223,0.2080078125,0,0,0.468994140625,0,19,0.5499414367516918,0.1932373046875,0,0
103929,"['rm_smallCC', 'edge_clean']",0.0802459716796875,44,66,0.18596691386195094,0.06396484375,0,0,0.0679779052734375,1,23,0.21952861952861952,0.006591796875,0,4
103955,"['rm_smallCC', 'edge_clean']",0.262847900390625,55,63,0.4565192151399048,0.05224609375,0,0,0.2511444091796875,2,10,0.4777933045750046,0.00830078125,0,4
104306,"['rm_smallCC', 'edge_clean']",0.1141204833984375,43,67,0.16914025939296698,0.032470703125,0,0,0.1086273193359375,0,24,0.1776934962775671,0.024169921875,0,1
104325,"['crop(30, 29, 0, 0)', 'edge_clean']",0.467864990234375,0,2,0.793979518622399,0.9254150390625,30,0,0.24803696065989847,1,7,0.5049964025901351,0.33264348785871967,0,4
277380,"['rm_smallCC', 'edge_clean']",0.2552947998046875,47,55,0.9305480843942382,0.0811767578125,0,0,0.2477874755859375,0,7,0.9587413018042983,0.0565185546875,0,0
104826,"['rm_smallCC', 'edge_clean']",0.182220458984375,43,54,0.7144531904203651,0.1173095703125,0,0,0.1641693115234375,3,16,0.793010502834836,0.0235595703125,0,0
105218,"['rm_smallCC', 'edge_clean']",0.1133575439453125,55,59,0.887468030690537,0.019775390625,0,0,0.106536865234375,0,3,0.9442853050701805,0.0035400390625,0,4
105221,"['crop(0, 0, 49, 48)', 'rm_smallCC', 'edge_clean']",0.4593048095703125,2,6,0.8435267931297964,0.728271484375,49,0,0.11566430817610063,0,3,0.7457519116397621,0.0,0,15
105312,"['crop(0, 0, 49, 48)', 'rm_smallCC', 'edge_clean']",0.4593048095703125,2,6,0.8435267931297964,0.728271484375,49,0,0.11566430817610063,0,3,0.7457519116397621,0.0,0,15
105352,"['crop(18, 14, 15, 0)', 'rm_smallCC', 'edge_clean']",0.46588134765625,3,10,0.8512707978514346,0.9766845703125,18,0,0.3259299051570836,1,14,0.4477408354646206,0.5497311827956989,5,0
105498,"['rm_smallCC', 'edge_clean']",0.1104736328125,38,50,0.40290055248618784,0.0426025390625,0,0,0.1033477783203125,1,12,0.43068064373246717,0.0107421875,0,4
277796,"['crop(0, 0, 42, 43)', 'rm_smallCC', 'edge_clean']",0.4558258056640625,11,17,0.8262310447561343,0.927490234375,43,0,0.13370339912280702,8,16,0.5436528276097727,0.11636416861826698,0,4
105812,"['rm_smallCC', 'edge_clean']",0.198883056640625,53,56,0.8402639251189198,0.0687255859375,0,0,0.190673828125,0,3,0.8764404609475032,0.03662109375,0,1
106090,"['rm_smallCC', 'edge_clean']",0.2732696533203125,51,56,0.9718577251661176,0.072998046875,0,0,0.2677001953125,0,4,0.9920770633834929,0.0518798828125,0,0
106108,"['rm_smallCC', 'edge_clean']",0.198272705078125,77,98,0.7528089887640449,0.07373046875,0,0,0.1847381591796875,5,26,0.807962335838771,0.025390625,0,3
106116,"['crop(0, 0, 24, 24)', 'rm_smallCC', 'edge_clean']",0.3584136962890625,2,3,0.9996594150453404,0.6746826171875,24,0,0.19578200120192307,0,1,1.0,0.013604525862068966,0,0
278011,"['rm_smallCC', 'edge_clean']",0.1856536865234375,32,46,0.4333853867017342,0.061279296875,0,0,0.1752471923828125,1,13,0.4591205920766217,0.0045166015625,0,4
106917,"['rm_smallCC', 'edge_clean']",0.10986328125,46,53,0.2551388888888889,0.0867919921875,0,0,0.097930908203125,2,9,0.286226238703646,0.0115966796875,0,4
106937,"['crop(0, 15, 0, 12)', 'edge_clean']",0.494720458984375,0,9,0.622663623465548,0.962890625,15,0,0.4157880416298211,2,14,0.6538650306748466,0.6302835051546392,11,0
106940,"['rm_smallCC', 'edge_clean']",0.3964385986328125,30,40,0.5764982102305531,0.2127685546875,0,0,0.38922119140625,1,10,0.5871883330719774,0.1787109375,0,0
107091,"['crop(0, 0, 36, 36)', 'rm_smallCC', 'edge_clean']",0.3989410400390625,2,4,0.7635111876075732,0.8046875,36,0,0.1351265285326087,1,3,0.9710919088766693,0.027130681818181818,0,4
105014,"['rm_smallCC', 'edge_clean']",0.29449462890625,54,88,0.7549222797927461,0.198486328125,0,0,0.2795562744140625,3,36,0.7952622673434856,0.157470703125,0,0
105015,"['rm_smallCC', 'edge_clean']",0.1792449951171875,76,88,0.8779262790499702,0.127685546875,0,0,0.166412353515625,0,12,0.9456262607738859,0.1217041015625,0,0
95857,[],0.7168426513671875,0,2,0.9962962174588647,0.0928955078125,0,5,0.7168426513671875,0,2,0.9962962174588647,0.0928955078125,0,5
95863,"['rm_smallCC', 'edge_clean']",0.2970733642578125,41,56,0.49827931583543067,0.103515625,1,0,0.2803497314453125,4,20,0.5280030479507973,0.0216064453125,0,4
95865,['rm_smallCC'],0.18975830078125,31,40,0.8527661627532969,0.1058349609375,0,0,0.1854400634765625,0,9,0.8726240434460627,0.104248046875,0,0
95627,"['rm_smallCC', 'edge_clean']",0.3676910400390625,78,85,0.5601942150475163,0.1541748046875,0,0,0.357147216796875,0,7,0.5767324617619414,0.128662109375,0,0
273669,"['rm_smallCC', 'edge_clean']",0.331512451171875,159,191,0.28505017030286295,0.1226806640625,0,0,0.3041534423828125,4,33,0.31069081422766265,0.053955078125,0,2
96407,['rm_smallCC'],0.5421905517578125,1,5,0.8668843047308136,0.135986328125,0,3,0.5417327880859375,0,4,0.8676168211137087,0.13232421875,0,3
96775,"['rm_smallCC', 'edge_clean']",0.304412841796875,243,268,0.20390977443609024,0.2003173828125,0,0,0.2583465576171875,17,45,0.24026932845077079,0.05126953125,0,4
97160,"['rm_smallCC', 'edge_clean']",0.178924560546875,64,72,0.26658707146512023,0.1134033203125,0,0,0.1629791259765625,2,10,0.2926692257279281,0.0159912109375,0,4
274354,"['crop(0, 0, 41, 41)', 'rm_smallCC', 'edge_clean']",0.459259033203125,13,20,0.9789022526413715,0.8636474609375,41,0,0.20027388649425287,0,9,0.936666293016478,0.37034883720930234,4,0
97940,"['rm_smallCC', 'edge_clean']",0.2650604248046875,124,136,0.8803753382073571,0.255126953125,1,0,0.2440185546875,10,21,0.9562906453226613,0.175537109375,1,0
98137,"['rm_smallCC', 'edge_clean']",0.2450103759765625,32,40,0.6481285420688796,0.0396728515625,0,0,0.2399749755859375,1,9,0.6617282380619317,0.021240234375,0,1
98231,"['rm_smallCC', 'edge_clean']",0.2613525390625,34,37,0.839035497431107,0.150390625,0,0,0.2571868896484375,0,3,0.8526253337288638,0.1405029296875,0,0
98252,"['crop(0, 0, 41, 33)', 'rm_smallCC', 'edge_clean']",0.3839569091796875,1,13,0.761832849819179,0.6846923828125,41,0,0.12791895604395603,0,11,0.36023489932885905,0.012985159817351597,0,3
98255,"['crop(0, 0, 33, 34)', 'rm_smallCC', 'edge_clean']",0.3521575927734375,8,16,0.8103903981974956,0.766357421875,34,0,0.0900504298941799,0,7,0.3075510672481065,0.0,0,9
98256,"['crop(0, 0, 32, 32)', 'rm_smallCC', 'edge_clean']",0.3404541015625,4,12,0.8045446396557906,0.7642822265625,32,0,0.08839925130208333,0,7,0.31254315304948216,0.0,0,10
98328,"['rm_smallCC', 'edge_clean']",0.2842254638671875,30,39,0.7560530412841574,0.1390380859375,2,0,0.2684783935546875,2,8,0.8003978402955385,0.0146484375,0,2
98391,"['rm_smallCC', 'edge_clean']",0.314300537109375,80,115,0.23545975337411398,0.12255859375,0,0,0.2974853515625,0,35,0.24876897825194913,0.089111328125,0,0
98930,"['rm_smallCC', 'edge_clean']",0.1903839111328125,53,62,0.8153402260158692,0.14990234375,0,0,0.1841583251953125,1,9,0.8429033059905543,0.1361083984375,0,0
98955,"['rm_smallCC', 'edge_clean']",0.1635284423828125,75,95,0.555285994214799,0.1412353515625,0,0,0.149505615234375,2,20,0.6073688507858747,0.115234375,0,0
98970,"['rm_smallCC', 'edge_clean']",0.1627960205078125,52,71,0.4364982660043116,0.0706787109375,0,0,0.1510772705078125,2,21,0.47035652964347036,0.03271484375,0,0
98982,['rm_smallCC'],0.1971435546875,36,42,0.6972136222910217,0.2154541015625,2,0,0.19268798828125,0,6,0.7133354450427621,0.2105712890625,2,0
99029,[],0.551513671875,0,1,1.0,0.135986328125,0,4,0.551513671875,0,1,1.0,0.135986328125,0,4
99046,['rm_smallCC'],0.1646575927734375,34,41,0.9492169400426281,0.0484619140625,0,0,0.1603546142578125,0,7,0.9746883623560757,0.0462646484375,0,0
99121,[],0.7411651611328125,0,2,0.9990735593848434,0.02294921875,0,6,0.7411651611328125,0,2,0.9990735593848434,0.02294921875,0,6
99238,[],0.586273193359375,0,1,1.0,0.073974609375,0,5,0.586273193359375,0,1,1.0,0.073974609375,0,5
99396,[],0.73492431640625,0,1,1.0,0.062255859375,0,5,0.73492431640625,0,1,1.0,0.062255859375,0,5
99595,"['rm_smallCC', 'edge_clean']",0.1033782958984375,121,167,0.07852398523985239,0.0728759765625,0,0,0.0831298828125,3,50,0.09765051395007342,0.0208740234375,0,4
99786,['rm_smallCC'],0.2127685546875,37,45,0.9608433734939759,0.1319580078125,0,0,0.209442138671875,0,8,0.9761037447180533,0.128662109375,0,0
275402,"['rm_smallCC', 'edge_clean']",0.2358856201171875,54,88,0.34180736140759427,0.16162109375,0,0,0.2129669189453125,5,39,0.37859138783406177,0.0460205078125,0,4
99998,"['rm_smallCC', 'edge_clean']",0.2358856201171875,54,88,0.34180736140759427,0.16162109375,0,0,0.2129669189453125,5,39,0.37859138783406177,0.0460205078125,0,4
100171,"['crop(0, 0, 29, 29)', 'rm_smallCC', 'edge_clean']",0.464080810546875,0,3,0.847537318340238,0.9365234375,29,0,0.27320075757575757,2,9,0.3246678220681687,0.4205671806167401,2,0
100175,"['crop(0, 0, 13, 22)', 'edge_clean']",0.3918914794921875,0,3,0.7942218588171164,0.972412109375,22,0,0.2691954185520362,0,5,0.397833223900197,0.5794025157232704,7,0
90909,"['rm_smallCC', 'edge_clean']",0.2749481201171875,50,65,0.5687330040512792,0.11962890625,1,0,0.2670135498046875,0,15,0.5856334647694154,0.10693359375,1,0
91058,[],0.72052001953125,0,3,0.9841380770859806,0.2142333984375,0,3,0.72052001953125,0,3,0.9841380770859806,0.2142333984375,0,3
91092,"['crop(24, 22, 0, 0)', 'rm_smallCC', 'edge_clean']",0.4902496337890625,4,10,0.9728594105014161,0.904052734375,24,0,0.3585751488095238,0,10,0.651294288530373,0.6138680257510729,3,0
91235,"['rm_smallCC', 'edge_clean']",0.2241973876953125,41,53,0.45259647451167223,0.3001708984375,2,0,0.21722412109375,0,12,0.46712559707783086,0.2874755859375,2,0
91416,['rm_smallCC'],0.3735198974609375,31,51,0.34919727113035665,0.0079345703125,0,4,0.365936279296875,0,20,0.35643399216078725,0.002685546875,0,4
91462,[],0.7183685302734375,0,1,1.0,0.19580078125,0,3,0.7183685302734375,0,1,1.0,0.19580078125,0,3
91775,"['rm_smallCC', 'edge_clean']",0.1704559326171875,51,65,0.33783904753379285,0.1522216796875,0,0,0.1499176025390625,8,23,0.3841221374045802,0.043701171875,0,4
91840,[],0.6891632080078125,0,1,1.0,0.218505859375,0,3,0.6891632080078125,0,1,1.0,0.218505859375,0,3
91914,['rm_smallCC'],0.5972137451171875,1,3,0.964102302051662,0.1724853515625,0,3,0.5970458984375,0,2,0.9643733387855244,0.1724853515625,0,3
92214,"['rm_smallCC', 'edge_clean']",0.3106842041015625,59,70,0.5502676685820932,0.2178955078125,1,0,0.288604736328125,10,21,0.5923654435867611,0.0858154296875,0,0
272489,"['crop(17, 16, 0, 0)', 'rm_smallCC', 'edge_clean']",0.3283233642578125,11,18,0.4991402147139471,0.8299560546875,17,0,0.19466437780269058,8,17,0.3418518851795195,0.05375782881002088,0,4
92745,[],0.69720458984375,0,2,0.989516764422656,0.2364501953125,0,3,0.69720458984375,0,2,0.989516764422656,0.2364501953125,0,3
92910,"['rm_smallCC', 'edge_clean']",0.2921905517578125,31,43,0.8327850018277717,0.1298828125,1,0,0.2764892578125,1,12,0.8800772626931568,0.0234375,0,1
92923,"['rm_smallCC', 'edge_clean']",0.1939239501953125,39,57,0.4720276969077032,0.1639404296875,0,0,0.1858367919921875,1,18,0.4925691764512686,0.1456298828125,0,0
92929,[],0.66448974609375,0,1,1.0,0.2076416015625,0,3,0.66448974609375,0,1,1.0,0.2076416015625,0,3
93423,"['rm_smallCC', 'edge_clean']",0.1863555908203125,33,50,0.5289445672643904,0.3045654296875,1,0,0.1536865234375,3,20,0.6413820492454329,0.0660400390625,0,1
93426,"['rm_smallCC', 'edge_clean']",0.189453125,60,69,0.5232764175257731,0.0830078125,1,0,0.1754150390625,3,13,0.5651530967292971,0.012939453125,0,4
93502,[],0.7030029296875,0,1,1.0,0.3778076171875,0,0,0.7030029296875,0,1,1.0,0.3778076171875,0,0
93074,"['rm_smallCC', 'edge_clean']",0.2615509033203125,32,40,0.5227232950236276,0.19775390625,3,0,0.23736572265625,15,22,0.5759835433273335,0.0174560546875,0,4
93112,"['crop(0, 0, 19, 19)', 'rm_smallCC', 'edge_clean']",0.2807159423828125,4,9,0.6295591672555307,0.7718505859375,19,0,0.12383529243119266,7,12,0.38663001012878023,0.014108649789029535,0,4
94402,"['rm_smallCC', 'edge_clean']",0.2563934326171875,99,117,0.4648574659287032,0.268798828125,2,0,0.2398223876953125,3,19,0.4969777947445441,0.2332763671875,2,0
94503,"['rm_smallCC', 'edge_clean']",0.1931915283203125,44,60,0.3293578706263328,0.1580810546875,2,0,0.1743927001953125,4,20,0.3648613177005862,0.0496826171875,0,4
93645,"['rm_smallCC', 'edge_clean']",0.15478515625,37,54,0.2514787066246057,0.1722412109375,1,0,0.1368560791015625,4,22,0.28442412755045154,0.0675048828125,0,4
93799,"['rm_smallCC', 'edge_clean']",0.27685546875,38,45,0.7219466490299824,0.10888671875,0,0,0.26727294921875,1,8,0.7478305549212149,0.0665283203125,0,0
93947,[],0.594482421875,0,1,1.0,0.372802734375,0,0,0.594482421875,0,1,1.0,0.372802734375,0,0
273000,[],0.5032958984375,0,2,0.9967863206403105,0.30078125,0,0,0.5032958984375,0,2,0.9967863206403105,0.30078125,0,0
94067,"['rm_smallCC', 'edge_clean']",0.1504974365234375,125,158,0.4780492750684376,0.0299072265625,0,2,0.1303558349609375,0,33,0.5519138475945218,0.0252685546875,0,2
94080,"['rm_smallCC', 'edge_clean']",0.241424560546875,139,170,0.5218682846669195,0.1353759765625,0,0,0.2191162109375,0,31,0.575,0.1204833984375,0,0
273437,"['rm_smallCC', 'edge_clean']",0.230499267578125,41,57,0.3851449755064213,0.1278076171875,1,0,0.221588134765625,4,17,0.400633521553505,0.0965576171875,1,0
94653,[],0.8655242919921875,0,1,1.0,0.8365478515625,10,0,0.8655242919921875,0,1,1.0,0.8365478515625,10,0
273274,"['rm_smallCC', 'edge_clean']",0.3293914794921875,65,99,0.34719970352526985,0.3731689453125,1,0,0.301300048828125,5,46,0.3795705459333536,0.19873046875,0,4
94690,"['rm_smallCC', 'edge_clean']",0.16241455078125,33,58,0.37711386696730553,0.0565185546875,0,0,0.1525421142578125,2,26,0.40152045613684106,0.0177001953125,0,4
116535,"['rm_smallCC', 'edge_clean']",0.185943603515625,78,84,0.46832430658132285,0.11865234375,0,0,0.167327880859375,10,14,0.5204267736640525,0.010009765625,0,4
117240,"['crop(47, 47, 0, 0)', 'rm_smallCC', 'edge_clean']",0.4604949951171875,3,13,0.8420093442459988,0.8333740234375,47,0,0.11974344135802469,0,10,0.2795006041079339,0.0354366028708134,0,4
118390,"['rm_smallCC', 'edge_clean']",0.1553497314453125,68,75,0.5331499852666732,0.0655517578125,0,0,0.1447601318359375,2,8,0.5721513650258249,0.0048828125,0,4
118389,"['rm_smallCC', 'edge_clean']",0.2496795654296875,47,77,0.7640408238098149,0.0845947265625,0,0,0.2353515625,6,33,0.810554979253112,0.0257568359375,0,4
118553,"['rm_smallCC', 'edge_clean']",0.4006805419921875,234,255,0.8001447122891199,0.20458984375,1,0,0.356842041015625,7,31,0.8984435132130334,0.0916748046875,0,0
119030,"['rm_smallCC', 'edge_clean']",0.1885986328125,176,194,0.35542071197411,0.109375,0,0,0.163970947265625,13,31,0.4088032756374465,0.0328369140625,0,0
119042,"['crop(0, 0, 25, 25)', 'rm_smallCC', 'edge_clean']",0.3984832763671875,15,21,0.5179015891250239,0.665771484375,25,0,0.2365746359223301,1,5,0.6722507213850594,0.004464285714285714,0,4
119301,"['rm_smallCC', 'edge_clean']",0.174896240234375,65,88,0.26566044320362936,0.1087646484375,0,0,0.154998779296875,6,31,0.2997637330183107,0.0164794921875,0,4
119765,"['rm_smallCC', 'edge_clean']",0.268341064453125,30,59,0.5918344137382009,0.166015625,0,0,0.2542266845703125,6,36,0.6246923954144409,0.09228515625,0,0
119806,"['crop(0, 0, 19, 22)', 'rm_smallCC', 'edge_clean']",0.2728118896484375,2,6,0.9661614184238492,0.9638671875,22,0,0.11380813953488372,0,5,0.7782567049808429,0.3821656050955414,5,0
120018,"['rm_smallCC', 'edge_clean']",0.146820068359375,218,268,0.2519226771980877,0.161865234375,0,0,0.1170654296875,1,49,0.3159541188738269,0.123779296875,0,0
120027,"['rm_smallCC', 'edge_clean']",0.3250274658203125,61,106,0.47603398901460026,0.108642578125,0,0,0.3114013671875,0,45,0.4968639749117993,0.083984375,0,0
283841,"['crop(17, 17, 0, 0)', 'rm_smallCC', 'edge_clean']",0.392669677734375,6,12,0.5467863526851636,0.608154296875,17,0,0.2974380630630631,0,4,0.8324065309985802,0.037395397489539746,0,0
121543,['rm_smallCC'],0.4470672607421875,97,119,0.9215331581282638,0.79296875,11,0,0.435211181640625,0,22,0.946637683191922,0.7918701171875,11,0
121896,"['crop(21, 17, 0, 0)', 'rm_smallCC', 'edge_clean']",0.3050537109375,3,10,0.7680072028811524,0.8302001953125,21,0,0.15408185206422018,11,21,0.37155483195720435,0.18552215189873417,3,0
122142,"['crop(34, 33, 0, 0)', 'rm_smallCC', 'edge_clean']",0.3731231689453125,7,15,0.782235308551098,0.8431396484375,34,0,0.1134672619047619,12,23,0.5455373406193078,0.03342696629213483,0,4
122181,"['rm_smallCC', 'edge_clean']",0.1875152587890625,164,173,0.4122385873545447,0.08251953125,0,0,0.1671905517578125,0,10,0.4623528338048736,0.018798828125,0,4
122224,"['rm_smallCC', 'edge_clean']",0.1846160888671875,48,66,0.3994545003719316,0.2181396484375,1,0,0.1640167236328125,5,22,0.4496232207647223,0.0853271484375,0,0
122368,"['rm_smallCC', 'edge_clean']",0.187408447265625,56,72,0.47923790913532,0.0743408203125,1,0,0.172760009765625,2,17,0.519872813990461,0.0157470703125,0,4
122502,"['crop(12, 13, 0, 0)', 'rm_smallCC', 'edge_clean']",0.3922882080078125,0,5,0.5108716791784979,0.638916015625,13,0,0.2976190476190476,1,5,0.74625,0.005903490759753593,0,3
122506,"['crop(17, 17, 0, 0)', 'rm_smallCC', 'edge_clean']",0.4227447509765625,69,90,0.8965168742104314,0.760009765625,17,0,0.29895129504504503,7,34,0.6834608593290171,0.2556223849372385,0,0
122573,"['crop(12, 0, 0, 0)', 'rm_smallCC', 'edge_clean']",0.44268798828125,84,108,0.683475803115952,0.8541259765625,12,0,0.39409900102459017,2,31,0.649226144534265,0.62675,11,0
284838,[],0.491851806640625,0,3,0.9649128249674257,0.837158203125,10,0,0.491851806640625,0,3,0.9649128249674257,0.837158203125,10,0
122806,['rm_smallCC'],0.2772064208984375,40,50,0.7073815159354874,0.0650634765625,0,0,0.272613525390625,0,10,0.7192992275831188,0.06396484375,0,0
123073,"['rm_smallCC', 'edge_clean']",0.18597412109375,51,78,0.4854775188710207,0.0751953125,0,0,0.1729888916015625,2,29,0.5219193790244333,0.0211181640625,0,4
123102,"['crop(14, 15, 0, 0)', 'rm_smallCC']",0.2372589111328125,1,13,0.24696121937102064,0.5599365234375,15,0,0.13935159691629956,0,10,0.21462089404791307,0.0,0,18
123137,"['crop(38, 36, 0, 0)', 'rm_smallCC', 'edge_clean']",0.4011077880859375,1,17,0.8136721573401301,0.888916015625,38,0,0.13253348214285715,3,21,0.17959514170040486,0.1983447488584475,6,0
123278,"['rm_smallCC', 'edge_clean']",0.2331390380859375,122,142,0.5927743962301197,0.1396484375,0,0,0.2087554931640625,0,19,0.6620130107448285,0.103515625,0,0
123513,"['rm_smallCC', 'edge_clean']",0.27508544921875,38,45,0.6565897492788995,0.085205078125,0,0,0.2637939453125,3,8,0.684694585839889,0.0078125,0,4
124494,"['rm_smallCC', 'edge_clean']",0.18597412109375,51,78,0.4854775188710207,0.0751953125,0,0,0.1729888916015625,2,29,0.5219193790244333,0.0211181640625,0,4
124538,"['crop(37, 37, 0, 0)', 'rm_smallCC', 'edge_clean']",0.35205078125,1,10,0.9086771844660194,0.8809814453125,37,0,0.054537259615384616,8,18,0.4970484061393152,0.0670662100456621,0,4
124650,"['rm_smallCC', 'edge_clean']",0.208770751953125,38,55,0.37867270866832337,0.0565185546875,1,0,0.1972198486328125,0,18,0.40085106382978725,0.0057373046875,0,4
135694,"['rm_smallCC', 'edge_clean']",0.3611602783203125,68,99,0.561705183995944,0.299560546875,1,0,0.34515380859375,3,35,0.5877541998231653,0.2366943359375,1,0
135801,"['rm_smallCC', 'edge_clean']",0.180450439453125,39,46,0.5794013191273465,0.05908203125,0,0,0.176849365234375,0,7,0.5911993097497843,0.056396484375,0,0
135827,"['crop(0, 0, 18, 19)', 'rm_smallCC', 'edge_clean']",0.347320556640625,13,26,0.3027414111238028,0.595458984375,19,0,0.2317886700913242,0,12,0.5302808772604848,0.015657894736842107,0,4
135877,"['rm_smallCC', 'edge_clean']",0.1260528564453125,30,37,0.7472460961142718,0.0682373046875,0,0,0.1175384521484375,1,8,0.8013760872387381,0.0074462890625,0,3
135424,"['crop(16, 12, 0, 0)', 'edge_clean']",0.45892333984375,1,4,0.9920867136587312,0.937255859375,16,0,0.35730194627192985,0,8,0.560920642531767,0.5289256198347108,0,0
135440,['edge_clean'],0.4901275634765625,0,11,0.8982285732075589,0.9334716796875,11,0,0.487579345703125,0,11,0.9029229517431308,0.9130859375,11,0
135495,"['crop(0, 0, 0, 14)', 'edge_clean']",0.478271484375,0,6,0.9662455334354262,0.9556884765625,14,0,0.44066373966942146,0,7,0.7282783882783883,0.8450050200803213,10,0
135515,"['rm_smallCC', 'edge_clean']",0.2907867431640625,48,63,0.2618985149813717,0.059814453125,0,0,0.28173828125,0,16,0.27030979202772965,0.02978515625,0,1
136633,"['crop(0, 0, 37, 37)', 'rm_smallCC', 'edge_clean']",0.4006805419921875,4,13,0.5008949312616626,0.64599609375,37,0,0.1564217032967033,0,8,0.5050768386388584,0.07106164383561644,0,0
136718,"['crop(0, 0, 18, 19)', 'rm_smallCC']",0.3114776611328125,3,9,0.5145250575613579,0.5723876953125,19,0,0.19474172374429224,0,5,0.5164865359956036,0.007631578947368421,0,0
137862,"['rm_smallCC', 'edge_clean']",0.226806640625,52,66,0.3898681377825619,0.095947265625,0,0,0.21173095703125,1,13,0.4176275583741712,0.0216064453125,0,4
138198,"['rm_smallCC', 'edge_clean']",0.23626708984375,31,39,0.5377163523637303,0.10595703125,0,0,0.222686767578125,1,12,0.5705084281211457,0.0234375,0,4
138357,"['crop(17, 17, 0, 0)', 'edge_clean']",0.3142852783203125,0,4,0.4938097781230276,0.617431640625,17,0,0.20215723536036037,1,5,0.8852815736791714,0.032426778242677826,0,4
290572,"['crop(21, 22, 0, 0)', 'rm_smallCC', 'edge_clean']",0.37554931640625,2,7,0.3676661790996262,0.59033203125,22,0,0.24789099178403756,0,3,0.6694532810534882,0.0065298507462686565,0,4
137001,"['crop(15, 15, 0, 0)']",0.317962646484375,0,5,0.4272482963816105,0.55859375,15,0,0.2274267146017699,0,3,0.6766225870193039,0.0,0,9
137003,"['crop(22, 23, 0, 0)', 'rm_smallCC']",0.3892822265625,0,4,0.3508936970837253,0.587890625,23,0,0.2586826125592417,0,2,0.6406641379803908,0.0,0,14
137004,"['crop(32, 33, 0, 0)']",0.393524169921875,0,5,0.3275688251260178,0.626953125,33,0,0.1871318717277487,0,3,0.5898360655737704,0.0,0,24
137056,['rm_smallCC'],0.5044403076171875,11,13,0.9813968964578481,0.1854248046875,0,0,0.50341796875,0,2,0.9833899127061105,0.181884765625,0,0
137064,"['crop(15, 14, 0, 0)', 'rm_smallCC', 'edge_clean']",0.433441162109375,1,4,0.9937337182285433,0.9462890625,15,0,0.3419603524229075,1,5,0.75216384863124,0.6875,3,0
137069,['rm_smallCC'],0.490631103515625,1,4,0.9918517136281645,0.9141845703125,8,0,0.4905853271484375,0,3,0.9919442630089266,0.9141845703125,8,0
137082,"['crop(0, 0, 0, 13)', 'edge_clean']",0.484039306640625,0,7,0.9272744467561944,0.9456787109375,13,0,0.4468878600823045,0,8,0.835863309352518,0.8231462925851704,8,0
137270,"['rm_smallCC', 'edge_clean']",0.3165740966796875,41,54,0.31474430038077794,0.15087890625,1,0,0.3000640869140625,2,14,0.3320620391558607,0.04638671875,0,4
137436,"['crop(0, 0, 12, 13)', 'rm_smallCC', 'edge_clean']",0.32147216796875,9,16,0.5538731725840137,0.56005859375,13,0,0.24485930735930736,0,7,0.592403314917127,0.03991273100616016,0,0
137438,"['crop(30, 31, 0, 0)']",0.437103271484375,0,5,0.2770369336032954,0.619140625,31,0,0.2610176282051282,0,3,0.5817344589409056,0.0020787139689578712,0,7
137614,"['crop(28, 28, 0, 0)', 'edge_clean']",0.49365234375,0,1,1.0,0.940673828125,28,0,0.3255859375,0,6,0.4856628674265147,0.5993695175438597,2,0
138750,"['crop(0, 0, 32, 32)', 'rm_smallCC', 'edge_clean']",0.381011962890625,9,13,0.3340808970764918,0.6275634765625,32,0,0.17165120442708334,1,4,0.9887400734858361,0.010463169642857142,0,4
139367,[],0.482269287109375,0,4,0.8915079415300893,0.9532470703125,10,0,0.482269287109375,0,4,0.8915079415300893,0.9532470703125,10,0
139377,"['crop(0, 0, 22, 23)']",0.2769317626953125,0,4,0.3482836519918453,0.587890625,23,0,0.12272289691943128,0,2,0.9535374868004224,0.000936830835117773,0,6
139394,"['rm_smallCC', 'edge_clean']",0.181732177734375,57,65,0.6394626364399664,0.12548828125,0,0,0.1641693115234375,3,11,0.7078724788549121,0.0296630859375,0,2
139542,"['crop(0, 0, 21, 22)', 'rm_smallCC']",0.310699462890625,6,22,0.3817404970042236,0.583984375,22,0,0.1696192781690141,0,16,0.8404151800194616,0.0,0,8
139635,"['crop(21, 17, 0, 0)', 'rm_smallCC', 'edge_clean']",0.442657470703125,0,4,0.917063081695967,0.9395751953125,21,0,0.3130733944954128,0,7,0.5374313186813187,0.5613132911392406,3,0
139644,"['crop(21, 20, 0, 0)', 'rm_smallCC', 'edge_clean']",0.4927978515625,2,5,0.789261828090166,0.9168701171875,21,0,0.367296511627907,0,5,0.3529382667194301,0.5631634819532909,3,0
130193,"['rm_smallCC', 'edge_clean']",0.426910400390625,72,93,0.8865537207806133,0.6171875,5,0,0.415496826171875,0,21,0.910907087770841,0.5972900390625,5,0
130230,['rm_smallCC'],0.42999267578125,74,79,0.9729240596167494,0.159912109375,0,0,0.422515869140625,0,5,0.9901408450704225,0.1475830078125,0,0
287893,"['rm_smallCC', 'edge_clean']",0.2197265625,85,94,0.9227083333333334,0.1636962890625,0,0,0.2108154296875,0,9,0.9617110596409959,0.1580810546875,0,0
130425,"['rm_smallCC', 'edge_clean']",0.4000701904296875,33,38,0.9832564171021015,0.1341552734375,0,0,0.396575927734375,1,5,0.9919199692189303,0.115478515625,0,0
130636,"['rm_smallCC', 'edge_clean']",0.2750244140625,78,101,0.32151575676875277,0.2261962890625,1,0,0.2457733154296875,11,39,0.35978146147637674,0.0574951171875,0,4
130674,"['crop(0, 0, 0, 12)', 'rm_smallCC', 'edge_clean']",0.2932281494140625,1,13,0.23000468335328095,0.544921875,12,0,0.24098680840163936,0,11,0.2936291769082575,0.131,0,4
288006,"['crop(16, 16, 0, 0)', 'rm_smallCC']",0.3229217529296875,1,9,0.2881916552473657,0.5625,16,0,0.22591727120535715,0,6,0.47078348128135855,0.0,0,10
130757,"['rm_smallCC', 'edge_clean']",0.2481842041015625,36,50,0.8833077159545035,0.0479736328125,0,0,0.2392730712890625,2,14,0.9162043237038454,0.0233154296875,0,3
130984,"['rm_smallCC', 'edge_clean']",0.2750244140625,78,101,0.32151575676875277,0.2261962890625,1,0,0.2457733154296875,11,39,0.35978146147637674,0.0574951171875,0,4
131083,"['rm_smallCC', 'edge_clean']",0.1451568603515625,31,52,0.19741406496373384,0.233154296875,1,0,0.119659423828125,9,30,0.2394797245600612,0.036376953125,0,1
132259,"['rm_smallCC', 'edge_clean']",0.2274322509765625,62,76,0.6706474337470647,0.0699462890625,1,0,0.2116241455078125,3,17,0.7207441055591607,0.0078125,0,4
132619,"['rm_smallCC', 'edge_clean']",0.2207489013671875,63,74,0.9184350591000208,0.125732421875,0,0,0.210113525390625,1,11,0.9649237472766885,0.1199951171875,0,0
132626,"['rm_smallCC', 'edge_clean']",0.31744384765625,66,98,0.8175350894058835,0.2135009765625,1,0,0.305633544921875,0,32,0.8491263105341987,0.206787109375,1,0
132802,"['crop(0, 0, 30, 31)', 'rm_smallCC']",0.3358612060546875,1,5,0.36054699922765887,0.619140625,31,0,0.12762419871794872,0,2,0.9943493956992623,0.0,0,8
133096,"['rm_smallCC', 'edge_clean']",0.110443115234375,63,71,0.6505940867642995,0.062255859375,0,0,0.1022186279296875,0,8,0.702940737423496,0.050537109375,0,0
131519,"['crop(20, 0, 32, 30)', 'rm_smallCC', 'edge_clean']",0.4654541015625,10,21,0.5025570416994493,0.973388671875,32,0,0.2019045954918749,2,21,0.32864560796192127,0.38284883720930235,0,0
131656,"['crop(0, 0, 13, 14)']",0.2974700927734375,0,13,0.18384201077199283,0.552734375,14,0,0.2146390556768559,0,11,0.17801796074068188,0.0,0,9
133347,['edge_clean'],0.4788665771484375,0,3,0.8753465251887965,0.800537109375,5,0,0.4725799560546875,0,2,0.886991056149301,0.7462158203125,5,0
133378,"['crop(0, 0, 27, 27)', 'rm_smallCC']",0.3654022216796875,1,4,0.4225581492462521,0.60546875,27,0,0.19567991955445543,0,1,1.0,0.0,0,12
131910,"['crop(30, 19, 25, 0)', 'rm_smallCC', 'edge_clean']",0.48651123046875,6,7,0.9989336344247899,0.978271484375,30,0,0.2793985402681055,1,4,0.6046407185628743,0.5784817351598174,1,0
132104,"['rm_smallCC', 'edge_clean']",0.17596435546875,33,43,0.5822927506070066,0.095947265625,0,0,0.162567138671875,2,12,0.6302797071522432,0.0068359375,0,4
133892,"['rm_smallCC', 'edge_clean']",0.1833953857421875,60,66,0.49155503785672683,0.1689453125,1,0,0.16448974609375,9,15,0.548051948051948,0.0433349609375,0,4
133983,"['crop(0, 0, 13, 14)', 'rm_smallCC', 'edge_clean']",0.351104736328125,3,5,0.8037375054324207,0.5631103515625,14,0,0.27331809497816595,1,3,0.7209012045185047,0.04329896907216495,0,0
134338,"['crop(29, 30, 0, 0)', 'rm_smallCC', 'edge_clean']",0.38037109375,0,3,0.49771341463414637,0.6202392578125,30,0,0.1939244923857868,0,2,0.5078732106339469,0.033112582781456956,0,0
134616,"['crop(39, 39, 0, 0)', 'rm_smallCC', 'edge_clean']",0.4003143310546875,4,14,0.4022489041356966,0.684326171875,39,0,0.13322945926966293,0,10,0.25382968209520673,0.032402073732718896,0,4
289630,"['rm_smallCC', 'edge_clean']",0.1806640625,61,79,0.4179898648648649,0.1456298828125,0,0,0.1610565185546875,6,27,0.4688773093320701,0.0484619140625,0,4
135014,"['rm_smallCC', 'edge_clean']",0.202789306640625,54,60,0.35688487584650114,0.0899658203125,0,0,0.19781494140625,1,6,0.3658593026843567,0.07958984375,0,0
135151,"['rm_smallCC', 'edge_clean']",0.2423095703125,60,78,0.3227329974811083,0.1663818359375,1,0,0.2199554443359375,9,30,0.3555324314949705,0.052001953125,0,4
135180,['rm_smallCC'],0.4366455078125,58,84,0.8593094772155437,0.517822265625,2,0,0.42742919921875,0,26,0.877838069398829,0.509521484375,2,0
135286,"['crop(0, 0, 18, 19)', 'rm_smallCC', 'edge_clean']",0.302337646484375,3,12,0.4449379226809327,0.578369140625,19,0,0.18295162671232876,0,8,0.41025641025641024,0.018026315789473685,0,0
290028,"['rm_smallCC', 'edge_clean']",0.2176666259765625,48,54,0.7237995092884683,0.0753173828125,0,0,0.2037811279296875,3,10,0.77311868214152,0.01025390625,0,4
290042,"['crop(24, 24, 0, 0)']",0.316558837890625,0,4,0.36599826472573027,0.59375,24,0,0.1588416466346154,0,2,0.8977299598013715,0.0,0,19
111976,"['rm_smallCC', 'edge_clean']",0.2487945556640625,31,51,0.3782888684452622,0.1207275390625,0,0,0.231048583984375,7,26,0.4073438119138819,0.0230712890625,0,4
112550,"['rm_smallCC', 'edge_clean']",0.2012481689453125,47,55,0.5455303662142694,0.090087890625,0,0,0.1880340576171875,3,9,0.583867564716384,0.0087890625,0,4
112560,"['rm_smallCC', 'edge_clean']",0.225189208984375,40,49,0.45094186204092696,0.0806884765625,0,0,0.219940185546875,0,9,0.4617038989870959,0.0640869140625,0,0
280772,"['crop(0, 0, 15, 14)', 'rm_smallCC', 'edge_clean']",0.45208740234375,30,36,0.8100783043067369,0.7823486328125,15,0,0.35078813325991187,9,18,0.565317635516311,0.26410455486542445,0,0
112850,"['crop(0, 0, 12, 0)', 'rm_smallCC', 'edge_clean']",0.4733734130859375,1,7,0.8191664249105503,0.928466796875,12,0,0.4209944928278688,0,10,0.4710803513708788,0.63575,10,0
112969,"['crop(0, 0, 28, 0)', 'rm_smallCC', 'edge_clean']",0.4417877197265625,2,8,0.9399371395019515,0.9305419921875,28,0,0.3514939692982456,0,10,0.527393254045623,0.6831095041322314,8,0
112996,"['crop(0, 0, 12, 0)', 'rm_smallCC', 'edge_clean']",0.192108154296875,3,12,0.5970611596505163,0.727294921875,12,0,0.15135117827868852,0,10,0.4662576687116564,0.475,10,0
113263,"['rm_smallCC', 'edge_clean']",0.1473388671875,32,37,0.9102112676056338,0.0572509765625,0,0,0.143341064453125,0,5,0.9355971896955504,0.0438232421875,0,0
113478,"['crop(16, 16, 0, 0)', 'rm_smallCC', 'edge_clean']",0.29583740234375,3,10,0.6555085619971116,0.9306640625,16,0,0.17398507254464285,3,12,0.2736293474992483,0.4173177083333333,6,0
113603,"['rm_smallCC', 'edge_clean']",0.4440765380859375,168,208,0.7366250901968869,0.1650390625,0,0,0.4063262939453125,6,45,0.8050621502872808,0.0416259765625,0,4
113918,"['rm_smallCC', 'edge_clean']",0.131317138671875,44,72,0.16639553799674645,0.1090087890625,0,0,0.11492919921875,4,30,0.19012214551248008,0.0242919921875,0,4
114097,"['rm_smallCC', 'edge_clean']",0.4282684326171875,106,125,0.42712081804254104,0.15283203125,1,0,0.400909423828125,5,25,0.4562685544644896,0.02587890625,0,4
114292,"['crop(32, 33, 0, 0)', 'rm_smallCC', 'edge_clean']",0.320892333984375,2,15,0.8959106038991916,0.86669921875,33,0,0.06984211387434555,0,14,0.3601756954612006,0.18442393736017898,6,0
114309,"['rm_smallCC', 'edge_clean']",0.1717681884765625,35,51,0.25441947232832907,0.0430908203125,0,0,0.1630096435546875,1,17,0.2680894879715436,0.003173828125,0,4
114499,"['rm_smallCC', 'edge_clean']",0.179168701171875,93,118,0.5129449838187702,0.0887451171875,0,0,0.163818359375,1,25,0.5610096870342772,0.0689697265625,0,0
114567,"['crop(0, 0, 23, 23)', 'rm_smallCC', 'edge_clean']",0.280914306640625,2,16,0.750678978815861,0.6361083984375,23,0,0.11590401785714285,0,14,0.26785427700208636,0.019179184549356222,0,0
281460,"['crop(0, 0, 18, 18)', 'rm_smallCC', 'edge_clean']",0.25762939453125,12,24,0.693319118692253,0.8719482421875,18,0,0.11821732954545454,2,14,0.23896064884349655,0.22492121848739496,7,0
114651,"['rm_smallCC', 'edge_clean']",0.180206298828125,92,119,0.17832345469940727,0.1002197265625,0,0,0.1671600341796875,0,27,0.1922409858512095,0.0894775390625,0,0
114859,"['rm_smallCC', 'edge_clean']",0.1617584228515625,206,229,0.512498820865956,0.10498046875,0,0,0.136383056640625,1,23,0.6078541060639964,0.0477294921875,0,0
281574,"['rm_smallCC', 'edge_clean']",0.459869384765625,38,59,0.9126020306589687,0.6885986328125,4,0,0.4488677978515625,0,21,0.934969575415576,0.66259765625,4,0
114964,"['rm_smallCC', 'edge_clean']",0.3950958251953125,99,129,0.5024524002626193,0.7716064453125,11,0,0.37738037109375,1,31,0.5260391395762575,0.748046875,11,0
115668,"['rm_smallCC', 'edge_clean']",0.2558441162109375,44,54,0.6308820898192878,0.1038818359375,0,0,0.249114990234375,3,12,0.6479235575156193,0.07080078125,0,0
115434,"['rm_smallCC', 'edge_clean']",0.3152008056640625,196,233,0.6027980829742944,0.22314453125,0,0,0.289398193359375,0,38,0.656543287989033,0.1962890625,0,0
116181,"['rm_smallCC', 'edge_clean']",0.28466796875,99,124,0.4689108061749571,0.1856689453125,0,0,0.25830078125,3,32,0.5167769376181475,0.0882568359375,0,0
116272,"['rm_smallCC', 'edge_clean']",0.4966888427734375,3,9,0.6554022917882707,0.8291015625,9,0,0.4743194580078125,0,6,0.6863117259128196,0.638427734375,9,0
282196,"['crop(0, 0, 39, 40)', 'rm_smallCC', 'edge_clean']",0.40814208984375,5,11,0.813443995812771,0.788818359375,40,0,0.11403160310734463,1,7,0.3079156183472034,0.008660508083140877,0,4
282240,['rm_smallCC'],0.201995849609375,30,31,0.9825502341743466,0.0938720703125,0,0,0.1984710693359375,0,1,1.0,0.0928955078125,0,0
116671,"['crop(12, 13, 0, 0)', 'rm_smallCC', 'edge_clean']",0.287384033203125,1,11,0.5487416374641606,0.9320068359375,13,0,0.16856060606060605,3,16,0.2752808988764045,0.1696611909650924,0,4
117052,"['rm_smallCC', 'edge_clean']",0.2404327392578125,209,225,0.22332931395570224,0.1019287109375,0,0,0.21038818359375,0,16,0.25522193211488253,0.005859375,0,0
117730,"['rm_smallCC', 'edge_clean']",0.204345703125,99,105,0.9217443249701314,0.1141357421875,0,0,0.1917877197265625,1,6,0.9820988145437187,0.102294921875,0,0
117831,"['rm_smallCC', 'edge_clean']",0.204345703125,99,105,0.9217443249701314,0.1141357421875,0,0,0.1917877197265625,1,6,0.9820988145437187,0.102294921875,0,0
116491,['rm_smallCC'],0.303985595703125,44,50,0.6348760164642104,0.16357421875,0,0,0.2961273193359375,0,6,0.6517236048848354,0.1573486328125,0,0
125492,"['rm_smallCC', 'edge_clean']",0.3092498779296875,118,146,0.27557112547491,0.3297119140625,2,0,0.2669677734375,12,46,0.31921582075903066,0.09375,0,4
125957,"['rm_smallCC', 'edge_clean']",0.3661346435546875,39,45,0.4089602000416753,0.0611572265625,0,0,0.356719970703125,2,8,0.41975361450936777,0.009765625,0,4
125969,['rm_smallCC'],0.308563232421875,45,68,0.8635149836811393,0.1199951171875,0,0,0.30126953125,0,23,0.8844205834683955,0.1195068359375,0,0
125985,"['crop(33, 33, 0, 0)', 'rm_smallCC', 'edge_clean']",0.407135009765625,0,12,0.7685705719211453,0.8948974609375,33,0,0.15921052631578947,1,15,0.43362603305785125,0.09641255605381166,0,4
286140,"['rm_smallCC', 'edge_clean']",0.2031097412109375,52,71,0.28051987078356244,0.0814208984375,1,0,0.189544677734375,5,20,0.300595717275801,0.012451171875,0,4
126082,"['crop(37, 37, 0, 0)', 'rm_smallCC', 'edge_clean']",0.4323272705078125,0,5,0.7469029047400557,0.889404296875,37,0,0.16489955357142858,4,10,0.6284003644409736,0.07648401826484018,0,4
126560,[],0.491943359375,0,1,1.0,0.9400634765625,7,0,0.491943359375,0,1,1.0,0.9400634765625,7,0
126626,"['crop(17, 12, 0, 14)', 'rm_smallCC', 'edge_clean']",0.480987548828125,5,10,0.9888649197385952,0.9576416015625,17,0,0.3554993264644847,0,8,0.605868196016181,0.6200692963752665,4,0
127200,"['rm_smallCC', 'edge_clean']",0.17449951171875,63,78,0.3565932144106331,0.0621337890625,0,0,0.1624755859375,2,17,0.38298271975957926,0.01806640625,0,1
126730,"['rm_smallCC', 'edge_clean']",0.1817779541015625,47,71,0.23016872324351548,0.0609130859375,0,0,0.168670654296875,1,25,0.2480550027139497,0.009521484375,0,4
126787,"['crop(15, 14, 0, 0)', 'rm_smallCC', 'edge_clean']",0.2713775634765625,0,9,0.5887545684565645,0.918212890625,15,0,0.14508191079295155,0,10,0.402087534100344,0.14803312629399587,0,4
126843,"['crop(0, 0, 26, 27)', 'rm_smallCC', 'edge_clean']",0.3748321533203125,8,17,0.29000610624872786,0.6085205078125,27,0,0.20595366379310345,0,7,0.4039988788190227,0.0012254901960784314,0,5
286492,"['rm_smallCC', 'edge_clean']",0.2371826171875,95,112,0.7577843540916109,0.0802001953125,0,0,0.2154541015625,3,20,0.8342067988668556,0.0186767578125,0,4
286651,['rm_smallCC'],0.2903289794921875,34,55,0.7475692437063121,0.024658203125,0,4,0.2817230224609375,0,21,0.7704056762172995,0.0230712890625,0,4
127348,"['rm_smallCC', 'edge_clean']",0.207733154296875,39,46,0.39033348024092845,0.203857421875,1,0,0.1907196044921875,2,10,0.42515401232098565,0.101318359375,0,4
286952,"['crop(0, 0, 21, 20)', 'rm_smallCC', 'edge_clean']",0.4861297607421875,62,84,0.8629900499074045,0.7904052734375,21,0,0.36722383720930235,3,35,0.3061052839897091,0.29233014861995754,2,0
128169,"['rm_smallCC', 'edge_clean']",0.142242431640625,92,144,0.1807552027461918,0.0433349609375,0,0,0.126861572265625,0,52,0.20267019485205678,0.03271484375,0,3
128323,['rm_smallCC'],0.4617156982421875,9,17,0.9604415215307842,0.94482421875,10,0,0.4606781005859375,0,8,0.9626047497598622,0.94482421875,10,0
128375,['rm_smallCC'],0.357147216796875,136,169,0.679184824403999,0.03759765625,0,4,0.3306121826171875,0,33,0.7336964046706974,0.0198974609375,0,4
128502,"['crop(0, 0, 0, 14)', 'rm_smallCC', 'edge_clean']",0.490966796875,1,9,0.968641223272004,0.8870849609375,14,0,0.4554655216942149,0,9,0.821455151150016,0.7850150602409639,5,0
128552,"['rm_smallCC', 'edge_clean']",0.364593505859375,80,107,0.22336151335063195,0.4205322265625,1,0,0.3232421875,19,51,0.2519354229607251,0.17529296875,0,4
128559,"['rm_smallCC', 'edge_clean']",0.364593505859375,80,107,0.22336151335063195,0.4205322265625,1,0,0.3232421875,19,51,0.2519354229607251,0.17529296875,0,4
287220,"['crop(26, 26, 0, 0)']",0.272125244140625,0,6,0.3732196927217674,0.6015625,26,0,0.08658854166666667,0,4,0.4175143741707209,0.0,0,14
128849,"['crop(32, 31, 0, 0)', 'rm_smallCC', 'edge_clean']",0.341796875,1,10,0.8127232142857143,0.87646484375,32,0,0.09494413860103627,2,12,0.4864634406309955,0.07266146993318486,0,4
128950,"['crop(0, 0, 32, 32)']",0.4314117431640625,0,4,0.2897464011601174,0.6259765625,32,0,0.24188232421875,0,2,0.6184708554125662,0.0020926339285714285,0,6
128951,"['crop(0, 0, 21, 21)', 'rm_smallCC', 'edge_clean']",0.290130615234375,1,6,0.2919953718312822,0.587158203125,21,0,0.14745181074766356,0,3,0.634315424610052,0.00026595744680851064,0,7
129079,"['crop(17, 18, 0, 0)', 'rm_smallCC', 'edge_clean']",0.4085845947265625,1,5,0.5105127534824663,0.568359375,18,0,0.3127121040723982,0,3,0.7726656115758535,0.014019916142557652,0,4
129343,"['rm_smallCC', 'edge_clean']",0.2274322509765625,62,76,0.6706474337470647,0.0699462890625,1,0,0.2116241455078125,3,17,0.7207441055591607,0.0078125,0,4
129697,"['rm_smallCC', 'edge_clean']",0.2207489013671875,63,74,0.9184350591000208,0.125732421875,0,0,0.210113525390625,1,11,0.9649237472766885,0.1199951171875,0,0
129706,"['rm_smallCC', 'edge_clean']",0.31744384765625,66,98,0.8175350894058835,0.2135009765625,1,0,0.305633544921875,0,32,0.8491263105341987,0.206787109375,1,0
130079,"['crop(0, 0, 40, 42)', 'rm_smallCC', 'edge_clean']",0.465667724609375,9,16,0.35447932367782947,0.7193603515625,42,0,0.2075700431034483,2,8,0.45781959766385466,0.06061046511627907,0,2
287770,"['rm_smallCC', 'edge_clean']",0.2668914794921875,127,184,0.2734549196729747,0.15771484375,0,0,0.2431488037109375,1,57,0.3001568873548792,0.126708984375,0,0
139693,"['crop(18, 18, 0, 0)']",0.2784271240234375,0,3,0.4949306735353757,0.5703125,18,0,0.1603515625,0,1,1.0,0.0,0,8
291680,"['crop(28, 29, 0, 0)']",0.3551025390625,1,5,0.31900996906153317,0.611328125,29,0,0.17038316582914573,0,3,0.8201612903225807,0.0,0,10
139934,"['rm_smallCC', 'edge_clean']",0.107177734375,67,72,0.5398633257403189,0.07373046875,0,0,0.0950469970703125,3,5,0.608765451918446,0.0037841796875,0,4
291806,"['rm_smallCC', 'edge_clean']",0.328094482421875,39,54,0.8810808296902614,0.088623046875,0,0,0.3218231201171875,0,16,0.8982504385756958,0.065673828125,0,0
140390,"['crop(0, 0, 15, 15)', 'rm_smallCC']",0.30169677734375,1,4,0.801638680962978,0.5638427734375,15,0,0.20858683628318583,0,2,0.9951939012263838,0.01283713692946058,0,0
140439,"['crop(27, 27, 0, 0)', 'rm_smallCC']",0.3731689453125,1,7,0.2826300294406281,0.606689453125,27,0,0.2054068688118812,0,4,0.520429297684052,0.0,0,9
140599,"['crop(0, 0, 21, 22)']",0.3932647705078125,0,5,0.3369029604624995,0.583984375,22,0,0.2707783157276995,0,3,0.5880799187267186,0.0,0,12
140677,"['crop(0, 0, 14, 20)', 'rm_smallCC', 'edge_clean']",0.4977569580078125,2,9,0.757886024340149,0.907470703125,20,0,0.38700028153153154,0,9,0.450986632718014,0.5172594142259415,6,0
140679,"['crop(15, 13, 0, 0)', 'rm_smallCC', 'edge_clean']",0.3937225341796875,9,16,0.8559082277254583,0.935302734375,15,0,0.31076959978070173,3,11,0.7489938805887866,0.740573347107438,2,0
140853,"['crop(16, 16, 0, 0)']",0.217529296875,0,7,0.287317620650954,0.5625,16,0,0.10574776785714286,0,5,0.3413588390501319,0.0,0,13
140897,"['rm_smallCC', 'edge_clean']",0.1698150634765625,56,69,0.4107287267499326,0.052978515625,0,0,0.159454345703125,0,11,0.43741626794258376,0.0179443359375,0,0
141054,"['rm_smallCC', 'edge_clean']",0.2874755859375,46,51,0.8237261146496815,0.0980224609375,0,0,0.2750396728515625,3,7,0.8609708737864078,0.0155029296875,0,2
141106,"['crop(0, 0, 0, 13)', 'rm_smallCC', 'edge_clean']",0.4114837646484375,2,11,0.9291356101902325,0.930908203125,13,0,0.357397762345679,0,12,0.6271308415418522,0.7000250501002004,11,0
141276,"['crop(0, 0, 0, 15)', 'rm_smallCC', 'edge_clean']",0.3807373046875,2,13,0.8200144277011863,0.84130859375,15,0,0.3327120072614108,1,14,0.6409606859258538,0.6727867203219315,8,0
141494,"['rm_smallCC', 'edge_clean']",0.3394927978515625,35,48,0.27996763899501104,0.1041259765625,0,0,0.3263092041015625,5,17,0.29127893383212533,0.026123046875,0,0
141532,"['rm_smallCC', 'edge_clean']",0.252960205078125,48,60,0.6271564724333454,0.21630859375,2,0,0.22735595703125,4,16,0.6977852348993289,0.0322265625,0,4
141533,"['rm_smallCC', 'edge_clean']",0.294921875,63,93,0.36615273178807944,0.4805908203125,3,0,0.2487335205078125,16,52,0.43414514446966446,0.1422119140625,0,4
141571,"['crop(16, 16, 0, 0)']",0.326568603515625,0,3,0.6172320343893094,0.564208984375,16,0,0.23036411830357142,0,1,1.0,0.0018229166666666667,0,5
141664,"['crop(25, 26, 0, 0)']",0.313232421875,1,10,0.32424006235385816,0.599609375,26,0,0.1423780487804878,0,8,0.5468415417558886,0.0,0,21
141669,"['crop(21, 21, 0, 0)', 'rm_smallCC', 'edge_clean']",0.3317413330078125,2,11,0.2476886987719056,0.58984375,21,0,0.19940128504672897,1,7,0.40717685829366534,0.0013297872340425532,0,4
141757,"['crop(15, 15, 0, 0)', 'edge_clean']",0.236053466796875,0,14,0.25934065934065936,0.56884765625,15,0,0.1339532632743363,1,12,0.5176774193548387,0.009595435684647304,0,4
292536,"['crop(12, 12, 0, 0)', 'rm_smallCC']",0.3263092041015625,16,22,0.5859714753331775,0.5562744140625,12,0,0.25360317887931033,0,5,0.8319612269286947,0.010245901639344262,0,0
141828,"['crop(0, 0, 12, 0)', 'rm_smallCC', 'edge_clean']",0.4924774169921875,1,6,0.9050968241673122,0.9571533203125,12,0,0.4561827612704918,0,8,0.8064572732058256,0.796125,10,0
142264,"['crop(12, 13, 0, 0)']",0.238250732421875,0,8,0.2515050595619316,0.548828125,13,0,0.1558103354978355,0,6,0.4261992619926199,0.0,0,8
142280,"['rm_smallCC', 'edge_clean']",0.1541900634765625,42,55,0.24235526966848095,0.0894775390625,1,0,0.1427154541015625,1,15,0.26184112049609753,0.0184326171875,0,4
142500,['rm_smallCC'],0.4902496337890625,1,3,0.9548694325998319,0.9493408203125,11,0,0.4900054931640625,0,2,0.955345187307321,0.9493408203125,11,0
142861,"['rm_smallCC', 'edge_clean']",0.1261749267578125,36,52,0.1596323618333535,0.1593017578125,1,0,0.104461669921875,7,22,0.19281332164767748,0.0101318359375,0,4
142955,"['crop(0, 0, 15, 16)', 'rm_smallCC', 'edge_clean']",0.472076416015625,0,9,0.8925269894627965,0.9337158203125,16,0,0.37890625,0,13,0.7273768613974799,0.6624220374220374,5,0
143355,"['rm_smallCC', 'edge_clean']",0.2115325927734375,45,54,0.6990550385919354,0.1749267578125,1,0,0.19268798828125,0,13,0.7674216027874564,0.075439453125,0,0
143540,"['rm_smallCC', 'edge_clean']",0.2882080078125,36,50,0.8614993646759848,0.0938720703125,0,0,0.2816314697265625,1,14,0.88161673077965,0.0599365234375,0,0
144077,"['rm_smallCC', 'edge_clean']",0.241424560546875,41,54,0.8791556061180634,0.08544921875,0,0,0.2297515869140625,1,14,0.923822806667995,0.0518798828125,0,0
144241,"['crop(36, 36, 0, 0)', 'rm_smallCC', 'edge_clean']",0.4067535400390625,2,10,0.4142251566192745,0.6541748046875,36,0,0.16900900135869565,1,10,0.5688983796005527,0.022301136363636363,0,4
153675,"['rm_smallCC', 'edge_clean']",0.28753662109375,38,48,0.5446826576098492,0.080078125,1,0,0.2740325927734375,0,11,0.5715240269502756,0.0115966796875,0,4
153393,"['rm_smallCC', 'edge_clean']",0.205474853515625,62,78,0.2925144809148968,0.1656494140625,1,0,0.181671142578125,13,25,0.33084159247438266,0.0264892578125,0,4
153419,"['rm_smallCC', 'edge_clean']",0.3043365478515625,93,106,0.5269992479318125,0.1962890625,1,0,0.289154052734375,0,13,0.5546701846965699,0.1668701171875,1,0
153458,"['crop(23, 26, 0, 0)', 'rm_smallCC', 'edge_clean']",0.4401092529296875,3,9,0.9667857019034081,0.9676513671875,26,0,0.2805517814009662,0,10,0.618887468890832,0.5807235421166307,5,0
153534,"['rm_smallCC', 'edge_clean']",0.18487548828125,40,67,0.17580059425552988,0.1929931640625,1,0,0.1618194580078125,8,37,0.20084865629420084,0.052734375,0,4
152613,"['crop(18, 19, 0, 0)', 'rm_smallCC']",0.400146484375,5,9,0.4978645515558267,0.5733642578125,19,0,0.2975171232876712,0,3,0.49112709832134294,0.012105263157894737,0,0
152683,"['crop(0, 0, 33, 33)', 'rm_smallCC', 'edge_clean']",0.37774658203125,4,20,0.4112942317014057,0.64599609375,33,0,0.15224095394736842,2,18,0.3466576637407157,0.03699551569506727,0,4
153113,"['crop(13, 14, 0, 0)']",0.25982666015625,0,3,0.5940803382663847,0.5623779296875,14,0,0.17255731441048036,0,1,1.0,0.01765463917525773,0,0
153168,"['rm_smallCC', 'edge_clean']",0.4564666748046875,32,68,0.37028246698980444,0.2059326171875,0,0,0.442840576171875,3,36,0.38167596995382813,0.1177978515625,0,2
153218,"['rm_smallCC', 'edge_clean']",0.2376556396484375,83,91,0.42529695024077047,0.1016845703125,0,0,0.22113037109375,4,13,0.4570797681479437,0.0206298828125,0,3
154205,"['crop(14, 15, 0, 0)', 'rm_smallCC', 'edge_clean']",0.45367431640625,3,11,0.965895331629221,0.9185791015625,15,0,0.3507020925110132,1,14,0.5111383709519136,0.5320910973084886,2,0
154233,"['rm_smallCC', 'edge_clean']",0.1640167236328125,32,41,0.34505535398641735,0.0343017578125,0,0,0.1572723388671875,0,8,0.3598525274085573,0.009765625,0,0
154408,"['crop(0, 0, 35, 35)', 'rm_smallCC', 'edge_clean']",0.3948211669921875,2,6,0.6476135265700483,0.6656494140625,35,0,0.1653435819892473,0,3,0.9903467547313604,0.05472285067873303,0,0
154006,"['crop(20, 21, 0, 0)', 'edge_clean']",0.3400115966796875,0,10,0.24126015348023155,0.6002197265625,21,0,0.21282703488372093,0,8,0.38048488987536283,0.012208067940552018,0,4
154090,"['crop(20, 21, 0, 0)']",0.3428497314453125,0,7,0.2699274556055009,0.5908203125,21,0,0.2175327034883721,0,5,0.5065564186085358,0.012075371549893844,0,2
297744,"['crop(0, 0, 48, 49)', 'rm_smallCC', 'edge_clean']",0.4710845947265625,1,5,0.9412431574514948,0.7841796875,49,0,0.13470420597484276,1,5,0.6686120736822907,0.061746987951807226,0,0
154814,"['crop(0, 0, 30, 30)', 'rm_smallCC', 'edge_clean']",0.3263702392578125,8,14,0.7711440460049558,0.7225341796875,30,0,0.10224011479591837,1,8,0.7364522417153996,0.016178097345132744,0,4
154882,[],0.4804229736328125,0,6,0.9186914403684294,0.9033203125,10,0,0.4804229736328125,0,6,0.9186914403684294,0.9033203125,10,0
297926,"['crop(0, 0, 0, 16)', 'rm_smallCC']",0.4697265625,1,10,0.9499740124740125,0.8553466796875,16,0,0.4398111979166667,0,9,0.9430464066316335,0.8411038306451613,10,0
297940,"['crop(14, 14, 0, 0)', 'rm_smallCC', 'edge_clean']",0.3950042724609375,1,10,0.21721327307142582,0.5887451171875,14,0,0.31368215460526316,1,9,0.30711671855371675,0.029700413223140498,0,4
297965,"['crop(12, 13, 0, 0)', 'rm_smallCC', 'edge_clean']",0.350860595703125,5,10,0.6544315908497869,0.5501708984375,13,0,0.2787811147186147,1,6,0.7227344413441709,0.01963552361396304,0,0
155637,['rm_smallCC'],0.43304443359375,35,40,0.9836504580690627,0.2501220703125,0,0,0.428070068359375,0,5,0.9950809153774863,0.2501220703125,0,0
298198,"['crop(0, 0, 45, 45)', 'rm_smallCC', 'edge_clean']",0.4897918701171875,4,10,0.5153120034892053,0.757568359375,45,0,0.20608998493975902,4,9,0.425782142041562,0.11063388625592417,0,0
155700,"['crop(0, 0, 18, 18)', 'edge_clean']",0.3701934814453125,0,3,0.6214088454721569,0.604248046875,18,0,0.2654296875,0,3,0.7002475081945281,0.052521008403361345,0,0
155877,"['crop(0, 0, 40, 41)', 'rm_smallCC', 'edge_clean']",0.45489501953125,3,10,0.37437944451898564,0.689697265625,41,0,0.18591517857142856,0,6,0.3609076719894345,0.02566705336426914,0,0
155878,"['crop(0, 0, 19, 20)', 'rm_smallCC', 'edge_clean']",0.330780029296875,3,7,0.5834947873420058,0.6259765625,20,0,0.20634720622119815,0,4,0.6210416121434179,0.06395348837209303,0,0
155882,"['crop(0, 0, 23, 23)', 'rm_smallCC']",0.3517913818359375,1,9,0.2553892864888311,0.5948486328125,23,0,0.20944940476190477,0,6,0.42460035523978684,0.010997854077253219,0,4
156189,"['rm_smallCC', 'edge_clean']",0.2357177734375,31,42,0.6989901605385811,0.0665283203125,0,0,0.22772216796875,3,12,0.7235325649959796,0.0244140625,0,4
156530,"['crop(0, 0, 23, 24)', 'edge_clean']",0.35589599609375,0,7,0.263419653575716,0.6036376953125,24,0,0.21101226076555024,0,5,0.4111603188662533,0.02043010752688172,0,0
156633,"['crop(0, 0, 29, 30)']",0.35260009765625,0,4,0.5253591829669378,0.615234375,30,0,0.15870875634517767,0,3,0.5572213893053474,0.01172737306843267,0,0
156891,"['rm_smallCC', 'edge_clean']",0.10638427734375,38,53,0.18373493975903615,0.064208984375,0,0,0.0950164794921875,1,16,0.20571703870242491,0.01025390625,0,4
156912,"['crop(0, 0, 29, 30)']",0.3586578369140625,0,14,0.3267389917038928,0.6314697265625,30,0,0.1665807423857868,0,12,0.3153196048089513,0.025248344370860928,0,0
293259,"['crop(0, 0, 0, 15)', 'edge_clean']",0.4642486572265625,0,4,0.6249794576828266,0.869384765625,15,0,0.39224585062240663,1,6,0.44169421487603305,0.4976106639839034,0,0
143568,"['crop(0, 0, 18, 17)', 'rm_smallCC', 'edge_clean']",0.485931396484375,0,3,0.8962821076430321,0.9573974609375,18,0,0.37173006221719457,0,5,0.5687794208549284,0.5716719077568134,3,0
143618,"['crop(0, 0, 24, 25)', 'rm_smallCC']",0.379119873046875,4,7,0.7470015294212348,0.598388671875,25,0,0.23041213768115942,0,2,0.9959049959049959,0.01997840172786177,0,0
143719,"['crop(0, 0, 16, 0)', 'rm_smallCC', 'edge_clean']",0.4849395751953125,1,4,0.9283848840502187,0.8890380859375,16,0,0.43474934895833334,0,4,0.5000935943993111,0.7077872983870968,10,0
144540,"['crop(0, 0, 43, 43)', 'rm_smallCC', 'edge_clean']",0.4854736328125,13,21,0.4560598441035957,0.7471923828125,43,0,0.2192095588235294,2,9,0.3670859538784067,0.10196596244131455,0,0
144835,"['rm_smallCC', 'edge_clean']",0.5024566650390625,24,49,0.6766376142609858,0.1666259765625,0,0,0.4905242919921875,2,26,0.6930973341213799,0.11181640625,0,0
145261,"['rm_smallCC', 'edge_clean']",0.435028076171875,51,62,0.6599789547527184,0.193359375,1,0,0.4105682373046875,4,15,0.6992975805552458,0.0723876953125,0,0
145283,"['rm_smallCC', 'edge_clean']",0.365478515625,37,45,0.5872995991983968,0.1558837890625,0,0,0.3584747314453125,0,8,0.5987741029242754,0.1314697265625,0,0
145321,"['crop(0, 0, 20, 17)', 'rm_smallCC', 'edge_clean']",0.4679107666015625,1,11,0.9322680580466329,0.959228515625,20,0,0.3631385559360731,0,12,0.7142786973819932,0.7275,6,0
145404,"['rm_smallCC', 'edge_clean']",0.351287841796875,94,126,0.29962644427069757,0.1270751953125,0,0,0.333465576171875,2,33,0.3156401574082548,0.0811767578125,0,4
145517,"['crop(0, 0, 35, 35)']",0.4823455810546875,0,3,0.4331087279744393,0.63671875,35,0,0.28752940188172044,0,1,1.0,0.0,0,22
145600,"['crop(0, 0, 14, 13)', 'rm_smallCC', 'edge_clean']",0.4118804931640625,2,5,0.6270514577853518,0.90087890625,14,0,0.29068299672489084,5,12,0.3392406548911449,0.2963917525773196,0,4
145622,"['crop(18, 19, 0, 0)', 'rm_smallCC']",0.360626220703125,1,8,0.2992722349157993,0.572265625,19,0,0.2525684931506849,0,5,0.4995056497175141,0.0,0,10
294119,"['crop(0, 0, 30, 30)', 'rm_smallCC', 'edge_clean']",0.3834381103515625,3,11,0.33077321023518647,0.66943359375,30,0,0.18018574617346939,2,10,0.5482800575157615,0.050055309734513276,0,0
145746,['rm_smallCC'],0.3679656982421875,48,49,0.986688782915198,0.2445068359375,0,0,0.363067626953125,0,1,1.0,0.240966796875,0,0
294213,"['crop(0, 12, 0, 0)', 'edge_clean']",0.4915924072265625,0,3,0.8569388831983115,0.8330078125,12,0,0.4639472336065574,0,4,0.8380607315389924,0.759,11,0
145871,"['rm_smallCC', 'edge_clean']",0.28240966796875,47,59,0.575372811757078,0.1103515625,0,0,0.275970458984375,1,12,0.5887979652770099,0.1055908203125,0,0
146027,"['crop(23, 29, 0, 0)', 'rm_smallCC', 'edge_clean']",0.4782562255859375,5,10,0.9695625817566921,0.9603271484375,29,0,0.31753599877450983,0,8,0.45221009467526985,0.5800271739130435,5,0
146587,[],0.4796295166015625,0,4,0.7707186714599307,0.90625,7,0,0.4796295166015625,0,4,0.7707186714599307,0.90625,7,0
146690,[],0.4796295166015625,0,4,0.7707186714599307,0.90625,7,0,0.4796295166015625,0,4,0.7707186714599307,0.90625,7,0
146992,"['rm_smallCC', 'edge_clean']",0.1988525390625,33,45,0.3494475138121547,0.190673828125,1,0,0.1753692626953125,9,25,0.3962411902897416,0.033447265625,0,4
147054,"['rm_smallCC', 'edge_clean']",0.2722625732421875,238,256,0.2600459563974668,0.1832275390625,0,0,0.24267578125,2,20,0.2917505030181087,0.1324462890625,0,0
294676,"['rm_smallCC', 'edge_clean']",0.2339019775390625,90,118,0.3775197338378237,0.0804443359375,0,0,0.2111053466796875,3,32,0.4182869533791109,0.01708984375,0,4
147196,['rm_smallCC'],0.491851806640625,2,10,0.9615313023515543,0.9483642578125,11,0,0.49139404296875,0,8,0.9624270276984226,0.9473876953125,11,0
148007,"['crop(0, 0, 18, 19)']",0.292755126953125,0,4,0.5137079120191806,0.572265625,19,0,0.17326626712328766,0,3,0.5402511838583488,0.0125,0,0
295116,"['rm_smallCC', 'edge_clean']",0.2776031494140625,36,44,0.9527290716209531,0.0919189453125,0,0,0.2711181640625,2,9,0.9755177847816299,0.07275390625,0,0
148163,"['crop(41, 42, 0, 0)']",0.466827392578125,0,7,0.3514414591096293,0.662109375,42,0,0.21102781791907516,0,5,0.3719238176760111,0.007138694638694639,0,4
294807,"['crop(28, 29, 0, 0)', 'rm_smallCC']",0.315673828125,0,8,0.3589520494972931,0.611572265625,29,0,0.11962154522613065,0,6,0.42533639645553,0.0,0,11
147398,"['crop(16, 16, 0, 0)', 'edge_clean']",0.3340606689453125,0,4,0.6191933494724341,0.56591796875,16,0,0.23700823102678573,0,2,0.9974247663895225,0.0,0,11
294836,"['crop(21, 21, 0, 0)']",0.3740386962890625,0,4,0.2953534859054379,0.58203125,21,0,0.2511864778037383,0,2,0.5261245549015333,0.0,0,8
147439,"['crop(0, 0, 44, 45)', 'edge_clean']",0.437286376953125,0,3,0.40299392839695725,0.701416015625,45,0,0.13257859281437126,0,1,1.0,0.005466903073286052,0,5
148247,"['rm_smallCC', 'edge_clean']",0.2131805419921875,68,84,0.8918473981819484,0.120849609375,0,0,0.2009735107421875,1,16,0.9460177663047604,0.1011962890625,0,0
147652,"['crop(0, 0, 16, 17)', 'rm_smallCC']",0.32818603515625,5,19,0.2029942347033662,0.56494140625,17,0,0.22621216367713004,0,12,0.3160910639615921,0.0026096033402922755,0,5
147654,"['crop(0, 0, 16, 16)']",0.3767852783203125,0,5,0.5532337099582878,0.5625,16,0,0.28775460379464285,0,4,0.5796618386764438,0.009895833333333333,0,0
147837,"['crop(18, 19, 0, 0)']",0.2738189697265625,0,7,0.3291724714405127,0.5849609375,19,0,0.151130850456621,0,5,0.6971556709547976,0.01368421052631579,0,0
148609,"['rm_smallCC', 'edge_clean']",0.4075164794921875,32,39,0.6126109259744636,0.31640625,0,0,0.392974853515625,0,8,0.6352799565116098,0.224365234375,0,0
148728,"['crop(25, 26, 0, 0)', 'rm_smallCC']",0.3858795166015625,3,9,0.2631974376211001,0.607421875,26,0,0.23227896341463414,0,4,0.4682526661197703,0.009490238611713666,0,3
148929,"['crop(19, 20, 0, 0)', 'rm_smallCC', 'edge_clean']",0.361053466796875,4,9,0.21638069478488717,0.59033203125,20,0,0.24492367511520738,0,4,0.35940026458915186,0.01427061310782241,0,4
148931,"['crop(14, 14, 0, 0)', 'edge_clean']",0.274444580078125,0,7,0.35294117647058826,0.569580078125,14,0,0.18445038377192982,0,5,0.589634033067063,0.012913223140495868,0,3
148963,"['rm_smallCC', 'edge_clean']",0.3559112548828125,65,102,0.5746195069667739,0.11181640625,0,0,0.342376708984375,3,37,0.5973348783314021,0.068115234375,0,0
148960,"['rm_smallCC', 'edge_clean']",0.4157562255859375,342,386,0.25984512056373177,0.203369140625,0,0,0.370574951171875,3,46,0.29152598204727004,0.162353515625,0,0
148399,"['crop(0, 17, 18, 0)', 'rm_smallCC', 'edge_clean']",0.4819488525390625,3,7,0.9938261833148646,0.9765625,18,0,0.38606237474069127,0,7,0.8500910746812386,0.7072851153039832,11,0
148458,"['crop(0, 0, 45, 45)', 'rm_smallCC']",0.4635772705078125,6,8,0.8914453112142458,0.68359375,45,0,0.17121611445783133,0,2,0.5556624518966465,0.07242298578199052,0,0
148547,"['rm_smallCC', 'edge_clean']",0.26373291015625,37,55,0.8473732932191622,0.0799560546875,0,0,0.25567626953125,2,18,0.8740749582239198,0.0537109375,0,0
149089,"['rm_smallCC', 'edge_clean']",0.50146484375,56,82,0.46071689386562803,0.311767578125,0,0,0.484710693359375,3,27,0.4766416923754958,0.2313232421875,0,0
149124,"['crop(16, 0, 0, 0)', 'rm_smallCC', 'edge_clean']",0.368896484375,7,20,0.9151224354731966,0.8623046875,16,0,0.3214192708333333,0,15,0.7922321247721288,0.7653729838709677,6,0
149481,[],0.469696044921875,0,3,0.9774543564420766,0.915771484375,7,0,0.469696044921875,0,3,0.9774543564420766,0.915771484375,7,0
149491,"['crop(0, 0, 33, 33)', 'rm_smallCC', 'edge_clean']",0.363800048828125,3,9,0.357017028772754,0.6343994140625,33,0,0.14097450657894736,0,4,0.4487385153857372,0.0007006726457399103,0,7
149799,"['rm_smallCC', 'edge_clean']",0.129974365234375,49,59,0.35900446114111295,0.084228515625,0,0,0.11993408203125,1,10,0.389058524173028,0.0272216796875,0,4
149940,"['rm_smallCC', 'edge_clean']",0.1561279296875,59,78,0.21647771696638,0.2052001953125,1,0,0.12579345703125,7,26,0.26868025230470644,0.028076171875,0,4
150012,"['rm_smallCC', 'edge_clean']",0.3668212890625,48,65,0.539018302828619,0.1024169921875,1,0,0.350738525390625,4,22,0.563734447054729,0.0328369140625,0,1
150404,"['rm_smallCC', 'edge_clean']",0.1586761474609375,50,60,0.8039234541782864,0.0455322265625,0,0,0.146453857421875,0,9,0.871014794748906,0.005859375,0,4
296120,"['rm_smallCC', 'edge_clean']",0.247802734375,88,94,0.5122536945812808,0.2276611328125,1,0,0.225006103515625,4,12,0.5641529906415299,0.103759765625,0,4
150531,"['crop(0, 0, 16, 17)', 'edge_clean']",0.282379150390625,0,5,0.5444720631146656,0.564453125,17,0,0.175886350896861,0,5,0.5700627427547057,0.013308977035490605,0,0
150800,"['crop(0, 0, 18, 18)', 'rm_smallCC', 'edge_clean']",0.355560302734375,5,15,0.20809372586044117,0.583984375,18,0,0.24845525568181817,1,9,0.34653040806117347,0.014311974789915966,0,4
296225,"['crop(0, 0, 33, 34)', 'rm_smallCC', 'edge_clean']",0.43511962890625,4,11,0.30523215037172113,0.6419677734375,34,0,0.23346560846560846,0,6,0.595520538243626,0.01544943820224719,0,0
296224,[],0.506256103515625,0,1,1.0,0.3154296875,0,0,0.506256103515625,0,1,1.0,0.3154296875,0,0
151104,"['crop(21, 19, 0, 0)', 'rm_smallCC', 'edge_clean']",0.44793701171875,7,15,0.9697506472271427,0.94140625,21,0,0.3150679976851852,0,12,0.6356905062564574,0.6165254237288136,5,0
151754,"['crop(38, 38, 0, 0)']",0.379608154296875,0,6,0.5211833748693625,0.649169921875,38,0,0.11766493055555556,0,5,0.5971966064182959,0.016485091743119264,0,0
151985,"['rm_smallCC', 'edge_clean']",0.2971649169921875,103,119,0.3764826700898588,0.11474609375,0,0,0.2751312255859375,7,21,0.40663302090843545,0.0164794921875,0,4
152194,"['crop(17, 17, 0, 0)', 'rm_smallCC', 'edge_clean']",0.380950927734375,5,15,0.4286229271809661,0.6324462890625,17,0,0.2769214527027027,0,9,0.38880416825517855,0.03648012552301255,0,4
152318,"['rm_smallCC', 'edge_clean']",0.176544189453125,51,59,0.3083837510803803,0.1007080078125,0,0,0.1627960205078125,2,10,0.334426844127847,0.0185546875,0,3
296863,"['crop(34, 34, 0, 0)']",0.434783935546875,0,6,0.3054678177862006,0.6328125,34,0,0.2303440824468085,0,4,0.5497023272596067,0.003941441441441441,0,5
153655,"['crop(12, 13, 0, 0)']",0.3380584716796875,0,7,0.3605958023019634,0.548828125,13,0,0.26641977813852813,0,5,0.507077118375119,0.0,0,9
167321,"['rm_smallCC', 'edge_clean']",0.2171783447265625,52,60,0.3563549497646315,0.0452880859375,0,0,0.20843505859375,0,7,0.371303074670571,0.0076904296875,0,4
167411,"['crop(23, 23, 0, 15)', 'rm_smallCC', 'edge_clean']",0.45947265625,4,15,0.9257770988310308,0.9588623046875,23,0,0.27883817427385893,1,14,0.6043792517006803,0.5740022172949002,3,0
167431,"['crop(0, 0, 18, 18)', 'edge_clean']",0.3793487548828125,0,2,0.5104380354772535,0.7928466796875,18,0,0.26028053977272725,0,2,0.8656797871614708,0.13721113445378152,0,0
167605,"['rm_smallCC', 'edge_clean']",0.248870849609375,79,109,0.3423666462293072,0.132568359375,0,0,0.2329559326171875,3,31,0.3657562061963713,0.0911865234375,0,0
303032,"['crop(26, 0, 18, 23)', 'rm_smallCC', 'edge_clean']",0.4212646484375,15,24,0.6106563314981165,0.7974853515625,26,0,0.21472194135490394,4,14,0.8802034281408928,0.018258426966292134,0,2
167682,"['crop(41, 0, 0, 0)', 'rm_smallCC', 'edge_clean']",0.3071746826171875,4,6,0.6600268243008296,0.5845947265625,41,0,0.14683866279069768,0,2,0.8416233605543182,0.11690552016985138,0,4
167772,"['crop(18, 0, 33, 34)', 'rm_smallCC', 'edge_clean']",0.4725341796875,0,4,0.6719194006716611,0.8162841796875,34,0,0.22586812502778889,0,3,0.8250984251968504,0.0010245901639344263,0,6
167937,"['crop(28, 0, 22, 0)', 'rm_smallCC', 'edge_clean']",0.29559326171875,9,12,0.7060189964897791,0.6397705078125,28,0,0.10586294796821112,2,5,0.5053116147308782,0.006358225108225108,0,4
168004,"['crop(0, 0, 40, 40)', 'rm_smallCC', 'edge_clean']",0.4683990478515625,1,6,0.7332312603837509,0.8419189453125,40,0,0.20374644886363635,0,5,0.34880174291939,0.11516203703703703,0,4
168006,"['crop(35, 0, 29, 26)', 'rm_smallCC', 'edge_clean']",0.49530029296875,3,6,0.7131238447319779,0.8153076171875,35,0,0.224398370140249,0,4,0.49257624398073835,0.10278436018957346,0,4
168237,"['crop(22, 0, 0, 0)', 'rm_smallCC', 'edge_clean']",0.182037353515625,8,16,0.5095557418273261,0.2969970703125,22,0,0.09613715277777778,0,7,0.44504254210800487,0.0,0,11
168371,"['crop(0, 0, 16, 17)']",0.3178253173828125,0,5,0.3375582121081185,0.564453125,17,0,0.21687570067264575,0,3,0.5678862773604717,0.0,0,8
168409,"['crop(18, 0, 24, 25)', 'rm_smallCC', 'edge_clean']",0.329315185546875,2,8,0.7706422018348624,0.7978515625,25,0,0.10041407867494824,0,6,0.2914897917930059,0.0,0,11
168472,"['rm_smallCC', 'edge_clean']",0.3224029541015625,38,49,0.9097449003738937,0.1683349609375,1,0,0.31671142578125,0,11,0.9260936596646753,0.15478515625,1,0
168553,"['crop(15, 16, 0, 0)', 'rm_smallCC']",0.185333251953125,2,12,0.3372303639058126,0.560546875,16,0,0.07286458333333333,0,8,0.3771741720276388,0.0,0,26
168612,"['rm_smallCC', 'edge_clean']",0.1811370849609375,46,58,0.3216241260213967,0.034912109375,0,0,0.1726226806640625,1,12,0.3374878458410678,0.0091552734375,0,0
168711,"['crop(0, 0, 41, 42)', 'rm_smallCC', 'edge_clean']",0.47113037109375,2,7,0.7488664334758388,0.8328857421875,42,0,0.20023482658959538,0,5,0.5508570139828597,0.10533216783216784,0,4
169025,"['crop(23, 0, 0, 0)', 'rm_smallCC', 'edge_clean']",0.26898193359375,6,10,0.7299183117767188,0.633056640625,23,0,0.1767033261802575,0,6,0.3980075901328273,0.2606083844580777,3,0
169164,"['rm_smallCC', 'edge_clean']",0.3273162841796875,249,308,0.19817257936692928,0.1685791015625,0,0,0.28094482421875,9,63,0.23088203345644145,0.0498046875,0,4
169168,[],0.4836883544921875,0,5,0.9182939524906149,0.94580078125,11,0,0.4836883544921875,0,5,0.9182939524906149,0.94580078125,11,0
169306,"['crop(16, 16, 0, 0)']",0.232208251953125,0,6,0.2691549480877908,0.5625,16,0,0.12252371651785714,0,4,0.4192997438087105,0.000390625,0,7
169412,"['rm_smallCC', 'edge_clean']",0.40557861328125,74,91,0.33544018058690744,0.16015625,1,0,0.385223388671875,10,31,0.3531648577992553,0.0465087890625,0,3
303785,"['crop(0, 0, 27, 28)', 'rm_smallCC', 'edge_clean']",0.363555908203125,12,25,0.41081171829094265,0.6630859375,28,0,0.17162235696517414,3,14,0.398482618050051,0.04048140043763676,0,4
169513,"['crop(16, 17, 0, 0)']",0.29449462890625,0,6,0.25984455958549224,0.564453125,17,0,0.19009248878923768,0,4,0.46212679690379654,0.0,0,16
169820,"['rm_smallCC', 'edge_clean']",0.1906890869140625,31,50,0.43370408898135554,0.04296875,0,0,0.185150146484375,0,19,0.4466787539146201,0.0245361328125,0,4
169952,"['rm_smallCC', 'edge_clean']",0.486358642578125,1,9,0.587281169605321,0.8773193359375,11,0,0.465301513671875,0,8,0.6138584639601233,0.7037353515625,7,0
304307,"['crop(0, 0, 31, 31)', 'edge_clean']",0.4850616455078125,0,4,0.8927931045330145,0.946533203125,31,0,0.28777384020618557,0,6,0.5620626924153372,0.54,3,0
170726,['rm_smallCC'],0.478607177734375,4,9,0.6348275202448511,0.9080810546875,7,0,0.478271484375,0,5,0.6352730985196529,0.9080810546875,7,0
171027,"['crop(15, 15, 0, 0)', 'rm_smallCC', 'edge_clean']",0.4779052734375,1,2,0.9997765006385696,0.95849609375,15,0,0.36971100663716816,0,5,0.5573632538569425,0.44450207468879666,0,0
171033,"['crop(17, 15, 23, 18)', 'rm_smallCC', 'edge_clean']",0.4371795654296875,8,13,0.553977173571603,0.994140625,23,0,0.21318521594684386,5,10,0.4681016850102269,0.13880979498861049,0,4
171034,"['crop(18, 0, 29, 27)', 'rm_smallCC', 'edge_clean']",0.4161529541015625,5,9,0.8484581820848458,0.88720703125,29,0,0.16804621848739495,4,10,0.4648081010126266,0.036101598173515985,0,0
169987,"['crop(0, 0, 0, 15)', 'rm_smallCC', 'edge_clean']",0.4810943603515625,1,13,0.8104284944019792,0.955322265625,15,0,0.4320539419087137,0,14,0.5141056422569028,0.7717555331991952,9,0
161900,['rm_smallCC'],0.49017333984375,1,7,0.941943718092392,0.8966064453125,8,0,0.489990234375,0,6,0.9422957149975087,0.8966064453125,8,0
162461,"['rm_smallCC', 'edge_clean']",0.1771392822265625,37,46,0.47178912912395554,0.04248046875,1,0,0.16748046875,0,9,0.49899781341107874,0.0054931640625,0,4
163109,"['rm_smallCC', 'edge_clean']",0.169403076171875,60,78,0.2600432354530715,0.23095703125,1,0,0.14703369140625,9,26,0.29960564549605645,0.0904541015625,0,4
163193,"['rm_smallCC', 'edge_clean']",0.18634033203125,53,67,0.373157549950868,0.06591796875,0,0,0.1728973388671875,2,16,0.40217103521313213,0.00439453125,0,4
163222,"['rm_smallCC', 'edge_clean']",0.3516693115234375,36,47,0.9494945112162103,0.1923828125,0,0,0.3448944091796875,1,11,0.9681458213511481,0.181396484375,0,0
300958,"['crop(14, 0, 15, 16)', 'rm_smallCC', 'edge_clean']",0.3534088134765625,1,11,0.49250895902594877,0.7802734375,16,0,0.21557392102846648,0,9,0.337280627023343,0.0,0,21
162777,"['rm_smallCC', 'edge_clean']",0.1599273681640625,38,56,0.34948955252361413,0.09375,0,0,0.1469268798828125,1,21,0.38041333471803923,0.0130615234375,0,4
162930,"['rm_smallCC', 'edge_clean']",0.217803955078125,49,60,0.41859324646209894,0.044921875,0,0,0.210906982421875,0,11,0.4322818694834322,0.0421142578125,0,1
162956,"['crop(0, 0, 23, 22)', 'rm_smallCC', 'edge_clean']",0.4823760986328125,5,11,0.9256634928668586,0.951416015625,23,0,0.3304021030805687,0,10,0.36134924637193927,0.5329229122055674,0,0
301644,"['crop(25, 0, 0, 0)', 'rm_smallCC', 'edge_clean']",0.3030853271484375,1,9,0.5156320797462619,0.676025390625,25,0,0.18633319805194806,1,11,0.5801796896270079,0.13667864476386038,0,4
163691,"['rm_smallCC', 'edge_clean']",0.2209625244140625,69,81,0.8730060078723845,0.0672607421875,0,0,0.212677001953125,1,10,0.9070167886353853,0.037353515625,0,0
163758,"['crop(0, 0, 15, 14)', 'rm_smallCC', 'edge_clean']",0.47967529296875,1,6,0.8436824023412648,0.9312744140625,15,0,0.38644341960352424,2,11,0.4733935966513782,0.6041666666666666,8,0
163855,"['crop(0, 0, 49, 49)', 'rm_smallCC', 'edge_clean']",0.4551544189453125,3,9,0.8723389989607429,0.7784423828125,49,0,0.0935274920886076,0,5,0.7285223367697594,0.0,0,11
163809,"['rm_smallCC', 'edge_clean']",0.112579345703125,47,61,0.37205204662510166,0.0357666015625,0,0,0.1040496826171875,2,14,0.4025516937967444,0.004150390625,0,4
164625,"['crop(0, 0, 34, 35)', 'rm_smallCC', 'edge_clean']",0.478668212890625,11,19,0.30172138986292635,0.7091064453125,35,0,0.2688210227272727,1,9,0.5308104747843655,0.048391647855530476,0,2
164647,"['crop(17, 17, 0, 0)', 'rm_smallCC', 'edge_clean']",0.40411376953125,4,17,0.8559130040779338,0.949951171875,17,0,0.2858424831081081,0,17,0.45811018775007695,0.5785826359832636,3,0
164741,['rm_smallCC'],0.1837005615234375,67,83,0.5570230085555279,0.107421875,0,0,0.176788330078125,0,16,0.5788020024167099,0.095703125,0,0
164743,"['rm_smallCC', 'edge_clean']",0.45477294921875,51,70,0.8261307207086297,0.229736328125,0,0,0.447021484375,1,19,0.8404560349535772,0.2198486328125,0,0
164026,"['crop(0, 0, 22, 0)', 'rm_smallCC', 'edge_clean']",0.3746337890625,2,7,0.786493971977843,0.883056640625,22,0,0.28799412393162394,0,7,0.36024808717829815,0.5501275510204081,7,0
164091,"['crop(0, 0, 15, 0)']",0.4894866943359375,0,2,0.9735652607624926,0.971435546875,15,0,0.4594463174273859,0,2,0.9700839624638397,0.9017857142857143,11,0
164122,['rm_smallCC'],0.3623504638671875,79,110,0.6798332420937382,0.7086181640625,6,0,0.349334716796875,0,31,0.7051629247837862,0.704345703125,6,0
164144,['edge_clean'],0.5062103271484375,0,2,0.9909871891484552,0.3533935546875,0,0,0.5052337646484375,0,2,0.9929026607471837,0.3455810546875,0,0
164242,"['rm_smallCC', 'edge_clean']",0.2136688232421875,90,100,0.3693494251231879,0.103515625,0,0,0.19573974609375,3,12,0.4031805425631431,0.014404296875,0,4
164883,"['crop(0, 0, 37, 37)', 'rm_smallCC']",0.4095458984375,9,15,0.35312965722801787,0.6971435546875,37,0,0.1681619162087912,0,4,0.7124441608168475,0.06007420091324201,0,0
166540,"['rm_smallCC', 'edge_clean']",0.2137603759765625,53,60,0.4857591548290385,0.0653076171875,0,0,0.201385498046875,3,10,0.5156084255190181,0.004150390625,0,4
302599,"['rm_smallCC', 'edge_clean']",0.17034912109375,100,110,0.6580078824793981,0.06982421875,0,0,0.152099609375,3,14,0.7369582664526485,0.022216796875,0,4
302279,"['crop(0, 0, 42, 42)', 'rm_smallCC', 'edge_clean']",0.425506591796875,22,30,0.394678333213799,0.707763671875,42,0,0.13565134447674418,1,11,0.472626820693119,0.03358644859813084,0,4
166313,"['crop(0, 0, 34, 34)', 'rm_smallCC', 'edge_clean']",0.4214935302734375,2,7,0.3273721174383666,0.6424560546875,34,0,0.19936419547872342,4,7,0.5189161021365294,0.005349099099099099,0,4
166764,['rm_smallCC'],0.4849090576171875,1,4,0.9697599043393436,0.8704833984375,2,0,0.4847259521484375,0,3,0.9701262316240123,0.8704833984375,2,0
166952,"['crop(0, 0, 0, 17)', 'rm_smallCC']",0.4683380126953125,4,12,0.967875411331574,0.9251708984375,17,0,0.4351137552301255,0,8,0.9647659830215611,0.9112373737373738,10,0
302765,[],0.4763946533203125,0,4,0.9615002722526504,0.941162109375,9,0,0.4763946533203125,0,4,0.9615002722526504,0.941162109375,9,0
167171,"['rm_smallCC', 'edge_clean']",0.2811431884765625,47,61,0.6662686567164179,0.166748046875,1,0,0.2719268798828125,2,16,0.6888502328713316,0.1409912109375,1,0
171414,['rm_smallCC'],0.2214508056640625,79,97,0.6500378970578102,0.0555419921875,0,0,0.2120208740234375,0,18,0.6789492623245772,0.0440673828125,0,0
172195,"['rm_smallCC', 'edge_clean']",0.1388702392578125,49,64,0.2899681353697396,0.1280517578125,0,0,0.1219482421875,4,20,0.3302052052052052,0.030517578125,0,4
172286,"['rm_smallCC', 'edge_clean']",0.1161346435546875,98,103,0.7778215740375772,0.0657958984375,0,0,0.1027374267578125,1,6,0.8792514480914897,0.013916015625,0,4
172387,"['rm_smallCC', 'edge_clean']",0.32965087890625,35,41,0.974356600629513,0.130859375,0,0,0.324249267578125,2,6,0.9905882352941177,0.12255859375,0,0
172475,"['rm_smallCC', 'edge_clean']",0.2649078369140625,52,77,0.3809688382005645,0.1348876953125,0,0,0.2460174560546875,9,33,0.41022142281213175,0.0391845703125,0,4
171944,"['crop(29, 15, 13, 0)', 'rm_smallCC', 'edge_clean']",0.32684326171875,1,5,0.7933706816059757,0.998291015625,29,0,0.13803478530941843,1,5,0.376599634369287,0.3038461538461538,8,0
173069,"['crop(29, 28, 0, 0)', 'rm_smallCC', 'edge_clean']",0.4251708984375,6,17,0.4937912718920471,0.6634521484375,29,0,0.2538866206030151,0,13,0.4791247873820937,0.21222527472527472,0,0
173082,"['rm_smallCC', 'edge_clean']",0.3605194091796875,33,40,0.9471790747873196,0.1717529296875,0,0,0.3486480712890625,2,9,0.9794301719987746,0.11962890625,0,1
173875,"['crop(0, 0, 43, 44)', 'rm_smallCC', 'edge_clean']",0.4702911376953125,9,16,0.3673793841861069,0.695068359375,44,0,0.19392566568047337,1,7,0.38617401668653156,0.025735294117647058,0,0
173979,['rm_smallCC'],0.2051239013671875,35,39,0.9699471844082422,0.0692138671875,0,0,0.2013092041015625,0,4,0.9883271431819904,0.061279296875,0,0
173980,"['rm_smallCC', 'edge_clean']",0.2774810791015625,46,58,0.5031069562826506,0.10205078125,0,0,0.2646026611328125,5,14,0.5275935643849836,0.0350341796875,0,0
305838,"['crop(0, 0, 46, 46)']",0.45684814453125,0,6,0.3933199732798931,0.680419921875,46,0,0.1521532012195122,0,4,0.6599874765184721,0.0008928571428571428,0,6
305912,['rm_smallCC'],0.2239227294921875,54,89,0.14378194207836456,0.0,0,13,0.2139434814453125,0,35,0.15048855288495827,0.0,0,13
174866,"['rm_smallCC', 'edge_clean']",0.109283447265625,46,53,0.22814856185423066,0.0755615234375,0,0,0.10369873046875,0,8,0.24043555032371983,0.039306640625,0,3
174917,"['rm_smallCC', 'edge_clean']",0.4630889892578125,1,4,0.983096642393489,0.869873046875,9,0,0.4600830078125,0,3,0.9895197665163173,0.8458251953125,9,0
174935,"['crop(0, 0, 31, 32)', 'rm_smallCC', 'edge_clean']",0.3902435302734375,5,12,0.6809775171065494,0.7802734375,32,0,0.17422279792746115,0,7,0.6383596654275093,0.07502783964365256,0,4
175078,"['crop(0, 0, 17, 18)', 'rm_smallCC', 'edge_clean']",0.2906341552734375,2,8,0.24502546332755815,0.604736328125,18,0,0.1734304298642534,1,5,0.3938035059111292,0.003537735849056604,0,4
174472,['rm_smallCC'],0.139068603515625,32,44,0.6624972569673031,0.0003662109375,0,0,0.1343841552734375,0,12,0.6855910071534007,0.0,0,9
175343,"['crop(0, 0, 29, 30)', 'rm_smallCC', 'edge_clean']",0.380126953125,6,14,0.48775690430314705,0.637451171875,30,0,0.18726205583756345,3,12,0.4340321897501059,0.0673289183222958,0,0
175361,"['rm_smallCC', 'edge_clean']",0.239593505859375,51,61,0.6618265189147879,0.0894775390625,1,0,0.225921630859375,3,15,0.7018776171822234,0.02099609375,0,4
175379,"['rm_smallCC', 'edge_clean']",0.20294189453125,287,311,0.22669172932330828,0.1473388671875,0,0,0.1621246337890625,16,35,0.2837647058823529,0.03857421875,0,4
306308,"['rm_smallCC', 'edge_clean']",0.3685455322265625,99,111,0.7149422431996025,0.2218017578125,0,0,0.3580780029296875,0,13,0.7358418204286871,0.1982421875,0,0
175668,"['crop(17, 15, 0, 0)', 'rm_smallCC', 'edge_clean']",0.42901611328125,3,11,0.942203727414995,0.9376220703125,17,0,0.32564871651785715,0,10,0.5450894291528328,0.56796875,3,0
175843,"['crop(0, 17, 0, 0)', 'rm_smallCC', 'edge_clean']",0.325408935546875,0,3,0.6688080277595423,0.5604248046875,17,0,0.2574365847280335,0,2,0.9055298076312615,0.13825757575757575,0,3
175939,"['crop(24, 30, 0, 0)', 'rm_smallCC', 'edge_clean']",0.3621368408203125,0,4,0.7398137614292336,0.9398193359375,30,0,0.15259514232673269,0,5,0.6648080091243188,0.15952510917030568,0,4
176061,"['rm_smallCC', 'edge_clean']",0.214813232421875,36,45,0.4551072595539139,0.1273193359375,0,0,0.2112579345703125,0,9,0.4627663416395811,0.117919921875,0,0
306507,"['crop(0, 0, 0, 15)', 'rm_smallCC']",0.45343017578125,2,10,0.9681316462511779,0.8946533203125,15,0,0.42106457468879666,0,8,0.9652398183077989,0.8649396378269618,8,0
176132,"['crop(14, 12, 0, 0)', 'edge_clean']",0.479827880859375,0,6,0.9212300451567766,0.9381103515625,14,0,0.3944802989130435,0,9,0.511344555904766,0.6445473251028807,3,0
306838,"['rm_smallCC', 'edge_clean']",0.120849609375,75,86,0.3031565656565657,0.0457763671875,0,0,0.1075592041015625,0,11,0.34061569016881826,0.014892578125,0,4
176936,['rm_smallCC'],0.20684814453125,31,39,0.8020802596636176,0.043212890625,0,0,0.20318603515625,0,8,0.8165364974466807,0.04296875,0,0
177108,"['crop(0, 0, 45, 46)', 'rm_smallCC', 'edge_clean']",0.4861297607421875,33,47,0.40246084308986474,0.73486328125,46,0,0.18875473484848485,0,18,0.17822651448639157,0.013212589073634205,0,4
177122,"['rm_smallCC', 'edge_clean']",0.410919189453125,105,131,0.8060527292981805,0.14111328125,0,0,0.3956756591796875,1,26,0.8371061663645829,0.1087646484375,0,0
208628,"['rm_smallCC', 'edge_clean']",0.2374725341796875,40,65,0.38919231510634195,0.0826416015625,0,0,0.2313995361328125,1,25,0.39940652818991096,0.072265625,0,0
208677,"['rm_smallCC', 'edge_clean']",0.3303070068359375,118,163,0.294036125098166,0.2957763671875,1,0,0.3037872314453125,1,45,0.3197046561856447,0.2081298828125,0,0
209185,"['crop(17, 17, 0, 0)', 'rm_smallCC', 'edge_clean']",0.2234954833984375,1,10,0.2971256912678364,0.57421875,17,0,0.10386753941441441,0,7,0.2641029984753515,0.0041841004184100415,0,4
209029,"['crop(0, 0, 13, 14)', 'edge_clean']",0.2205963134765625,0,5,0.35878813031749324,0.562744140625,14,0,0.12859920851528384,0,3,0.6880222841225627,0.00979381443298969,0,4
209377,"['rm_smallCC', 'edge_clean']",0.1641082763671875,52,65,0.6079033007903301,0.1048583984375,1,0,0.1474609375,1,13,0.6765314569536424,0.0194091796875,0,4
209560,"['crop(0, 0, 38, 39)', 'rm_smallCC']",0.44970703125,2,7,0.33876221498371334,0.6549072265625,39,0,0.2129233589385475,0,3,0.44716613713231523,0.010488505747126438,0,4
209878,"['rm_smallCC', 'edge_clean']",0.1645050048828125,31,36,0.47583712086077357,0.0416259765625,0,0,0.156768798828125,0,5,0.4993186684835507,0.0115966796875,0,4
210000,"['crop(25, 25, 0, 0)']",0.3969573974609375,0,7,0.2678454737651355,0.59765625,25,0,0.2505878337378641,0,5,0.5272796065077563,0.0,0,14
210058,"['crop(12, 12, 0, 0)']",0.2532196044921875,0,8,0.20970171738475443,0.546875,12,0,0.17596646012931033,0,6,0.332982489713903,0.0,0,15
210210,"['rm_smallCC', 'edge_clean']",0.1501617431640625,252,263,0.44324763743522,0.1070556640625,0,0,0.131866455078125,2,12,0.5047442721592224,0.0697021484375,0,0
210588,"['rm_smallCC', 'edge_clean']",0.22698974609375,76,100,0.7057676794837322,0.177001953125,0,0,0.211700439453125,3,25,0.7567392244486089,0.1416015625,0,0
210674,"['rm_smallCC', 'edge_clean']",0.2254791259765625,42,50,0.31149759761791973,0.1195068359375,0,0,0.209503173828125,2,10,0.335251274581209,0.0106201171875,0,4
210698,"['rm_smallCC', 'edge_clean']",0.2827301025390625,55,86,0.3252738949754439,0.214599609375,1,0,0.270660400390625,2,32,0.3397790055248619,0.1751708984375,0,0
210701,"['crop(0, 0, 0, 22)', 'rm_smallCC']",0.4160003662109375,5,16,0.9162601327806917,0.9560546875,22,0,0.3670205662393162,0,11,0.8990721368143364,0.925765306122449,9,0
211151,"['crop(12, 13, 0, 0)']",0.3305206298828125,0,5,0.5766123447670929,0.548828125,13,0,0.2580661525974026,0,3,0.8184260533385754,0.002566735112936345,0,5
320581,"['crop(0, 0, 15, 15)', 'edge_clean']",0.27850341796875,0,5,0.32275914968222663,0.55859375,15,0,0.1825912610619469,0,3,0.5576486179477471,0.0035010373443983404,0,4
211229,"['crop(14, 14, 0, 0)']",0.3437347412109375,0,4,0.6438939938740178,0.5546875,14,0,0.2631407620614035,0,2,0.9443974217071424,0.0030991735537190084,0,5
211256,"['crop(0, 0, 14, 14)', 'rm_smallCC', 'edge_clean']",0.3769378662109375,40,60,0.8091324940290653,0.7584228515625,14,0,0.2749109100877193,9,34,0.5765922971457061,0.33135330578512395,0,0
211329,"['crop(0, 0, 41, 42)']",0.445281982421875,0,12,0.3684463025152491,0.686767578125,42,0,0.17914559248554912,0,10,0.302873708091757,0.02972027972027972,0,0
211426,"['crop(0, 0, 38, 20)', 'rm_smallCC', 'edge_clean']",0.4987945556640625,3,12,0.9601700877971183,0.9384765625,38,0,0.3235677083333333,0,17,0.6470946893482105,0.5425385462555066,3,0
320746,"['rm_smallCC', 'edge_clean']",0.20745849609375,31,48,0.36223889379229185,0.04541015625,0,0,0.20208740234375,1,17,0.37186650558743584,0.0118408203125,0,4
320858,"['rm_smallCC', 'edge_clean']",0.3058013916015625,82,111,0.34564143505813083,0.3250732421875,1,0,0.27532958984375,10,43,0.38389492352028376,0.16015625,0,0
211896,"['crop(14, 0, 0, 0)', 'rm_smallCC', 'edge_clean']",0.4865875244140625,1,8,0.9402615321897833,0.9453125,14,0,0.43950154958677684,0,10,0.7131996474217717,0.7564006024096386,9,0
211923,"['crop(0, 0, 13, 14)', 'rm_smallCC', 'edge_clean']",0.49462890625,1,9,0.9314844521224087,0.9522705078125,14,0,0.40179789847161573,1,13,0.4427085544470388,0.57590206185567,0,0
211975,"['crop(0, 0, 0, 16)', 'rm_smallCC', 'edge_clean']",0.3857574462890625,1,7,0.6801946125548831,0.90673828125,16,0,0.306787109375,0,10,0.3820892355032097,0.5292338709677419,0,0
212065,"['rm_smallCC', 'edge_clean']",0.250244140625,89,110,0.5765853658536585,0.0772705078125,0,0,0.2332916259765625,3,23,0.6184838772974034,0.029541015625,0,3
212094,"['crop(0, 0, 20, 21)', 'rm_smallCC', 'edge_clean']",0.482086181640625,3,6,0.9754700259542951,0.9708251953125,21,0,0.3473473837209302,0,10,0.3896851135055968,0.5614384288747346,7,0
212238,['rm_smallCC'],0.4829864501953125,1,4,0.8304426120746848,0.92236328125,8,0,0.482696533203125,0,3,0.8309413921729785,0.92236328125,8,0
212337,"['crop(0, 14, 21, 12)', 'rm_smallCC', 'edge_clean']",0.4734649658203125,9,17,0.9797930967804312,0.9945068359375,21,0,0.3379905866656784,1,12,0.6270833333333333,0.6567204301075269,8,0
212388,"['crop(0, 0, 0, 15)', 'rm_smallCC', 'edge_clean']",0.4631805419921875,0,3,0.9845165541097018,0.8687744140625,15,0,0.43030342323651455,1,4,0.9812038571643815,0.7854627766599598,7,0
212786,"['crop(17, 18, 0, 0)', 'rm_smallCC']",0.2257537841796875,3,20,0.31145657316661035,0.568359375,18,0,0.10226951357466063,0,15,0.25544417559626686,0.0,0,9
212495,"['crop(33, 34, 0, 0)', 'rm_smallCC', 'edge_clean']",0.478057861328125,1,7,0.9448132780082987,0.961181640625,34,0,0.26376488095238093,1,9,0.517003604450713,0.47668539325842696,3,0
156942,"['rm_smallCC', 'edge_clean']",0.125,56,60,0.75341796875,0.033447265625,0,0,0.1166229248046875,0,5,0.8075363077325658,0.0062255859375,0,1
298719,"['rm_smallCC', 'edge_clean']",0.3227386474609375,112,159,0.4135501867523994,0.1336669921875,0,0,0.2998199462890625,0,47,0.4451626036948445,0.093994140625,0,0
156962,"['crop(0, 0, 38, 39)', 'rm_smallCC', 'edge_clean']",0.4770355224609375,5,9,0.4153792022518632,0.67138671875,39,0,0.2489961592178771,0,3,0.7375985977212971,0.027011494252873563,0,0
157150,"['rm_smallCC', 'edge_clean']",0.2098846435546875,38,53,0.6644129407488186,0.045654296875,0,0,0.201446533203125,1,15,0.6922435994546281,0.0042724609375,0,4
157399,"['rm_smallCC', 'edge_clean']",0.2615966796875,36,46,0.4010732617825478,0.1739501953125,0,0,0.24603271484375,2,14,0.42644505085586704,0.081787109375,0,0
157396,"['rm_smallCC', 'edge_clean']",0.348114013671875,34,48,0.8357149118962041,0.16552734375,0,0,0.3442230224609375,0,14,0.8451615763110067,0.155517578125,0,0
157729,"['crop(29, 30, 0, 0)']",0.3765411376953125,0,9,0.3112209749969607,0.62060546875,30,0,0.18981995558375633,0,7,0.3378251331870887,0.006070640176600441,0,4
158479,"['rm_smallCC', 'edge_clean']",0.1270294189453125,38,45,0.513033033033033,0.1204833984375,0,0,0.1129150390625,4,10,0.5771621621621622,0.0218505859375,0,4
158544,"['rm_smallCC', 'edge_clean']",0.0963592529296875,57,64,0.5542359461599367,0.029296875,0,0,0.09136962890625,1,7,0.584502338009352,0.0084228515625,0,1
157781,"['crop(0, 0, 21, 20)', 'rm_smallCC', 'edge_clean']",0.450286865234375,78,98,0.9056590986106404,0.7877197265625,21,0,0.30701308139534883,8,41,0.7652976683631199,0.20621019108280256,0,0
158311,"['crop(16, 0, 0, 0)', 'rm_smallCC', 'edge_clean']",0.4811859130859375,3,8,0.9641350879974632,0.9617919921875,16,0,0.4400553385416667,0,6,0.8729888671080371,0.8679435483870968,10,0
158886,"['crop(20, 21, 0, 0)']",0.2508392333984375,0,9,0.32702719143500214,0.5806884765625,21,0,0.10797601744186046,0,7,0.5184250378596669,0.0006634819532908704,0,7
158892,"['crop(0, 0, 27, 27)']",0.38330078125,0,6,0.6307324840764331,0.6102294921875,27,0,0.21844059405940594,0,5,0.7907223796033994,0.01896834061135371,0,0
158922,"['rm_smallCC', 'edge_clean']",0.153900146484375,66,75,0.7304184017449931,0.051513671875,0,0,0.143157958984375,1,11,0.7852270304839053,0.004150390625,0,4
159206,"['crop(0, 0, 26, 22)', 'rm_smallCC', 'edge_clean']",0.3246307373046875,3,12,0.32164512338425383,0.5948486328125,26,0,0.16460712139423078,0,7,0.5308613804905875,0.004714439655172414,0,4
159255,"['crop(0, 0, 20, 20)', 'rm_smallCC', 'edge_clean']",0.2822265625,2,10,0.6768490484429066,0.8101806640625,20,0,0.11140046296296297,8,17,0.5410714285714285,0.026483050847457626,0,4
300023,"['rm_smallCC', 'edge_clean']",0.3208160400390625,240,293,0.40214030915576693,0.191162109375,0,0,0.2820892333984375,7,60,0.4573484069886948,0.1199951171875,0,0
300033,"['crop(12, 0, 0, 13)', 'rm_smallCC', 'edge_clean']",0.494873046875,1,2,0.999167488899852,0.924072265625,13,0,0.4395365310665857,0,3,0.9304324469513833,0.7611652977412731,8,0
160366,"['rm_smallCC', 'edge_clean']",0.33349609375,31,38,0.7852306002928258,0.1905517578125,1,0,0.3159942626953125,3,11,0.8287218117726592,0.069580078125,0,4
160712,['rm_smallCC'],0.4948272705078125,3,8,0.8780720959634895,0.938720703125,10,0,0.4942169189453125,0,5,0.8791565037512736,0.938720703125,10,0
160979,"['rm_smallCC', 'edge_clean']",0.23187255859375,30,44,0.603908923400895,0.0675048828125,0,0,0.2202911376953125,0,16,0.635658377779317,0.012939453125,0,4
161299,"['crop(0, 0, 40, 41)', 'rm_smallCC', 'edge_clean']",0.4287109375,1,10,0.3735763097949886,0.6787109375,41,0,0.1641517857142857,0,7,0.700843078596682,0.031902552204176336,0,4
161473,"['crop(18, 13, 0, 0)', 'rm_smallCC', 'edge_clean']",0.3383331298828125,1,12,0.23663915572994182,0.5838623046875,18,0,0.24210069444444443,0,10,0.3460738615991395,0.02104989604989605,0,4
161490,"['rm_smallCC', 'edge_clean']",0.2382049560546875,33,47,0.4596758695791429,0.072265625,1,0,0.2338714599609375,0,14,0.4681933842239186,0.063720703125,1,0
161491,"['rm_smallCC', 'edge_clean']",0.3775177001953125,67,87,0.4072592053676084,0.189697265625,1,0,0.3537750244140625,8,26,0.43459133060168215,0.0338134765625,0,4
161692,"['rm_smallCC', 'edge_clean']",0.32666015625,120,132,0.6143497757847534,0.1290283203125,0,0,0.3002166748046875,5,17,0.6684625158831003,0.0328369140625,0,0
161773,"['rm_smallCC', 'edge_clean']",0.1509246826171875,51,81,0.16368415731473057,0.2532958984375,1,0,0.140380859375,0,29,0.17597826086956522,0.2178955078125,1,0
161775,"['rm_smallCC', 'edge_clean']",0.26849365234375,30,45,0.2875085246646965,0.15380859375,0,0,0.260955810546875,1,16,0.29581335516313884,0.111328125,0,4
161816,"['rm_smallCC', 'edge_clean']",0.3372802734375,104,130,0.7898117987694535,0.7591552734375,9,0,0.317962646484375,1,26,0.8377963336212688,0.7332763671875,9,0
161875,"['rm_smallCC', 'edge_clean']",0.222930908203125,34,50,0.46269678302532513,0.096923828125,0,0,0.2097015380859375,0,17,0.4918867787237139,0.018310546875,0,4
161892,"['crop(12, 0, 0, 0)', 'rm_smallCC', 'edge_clean']",0.458709716796875,4,16,0.8067992814849312,0.91162109375,12,0,0.4179207223360656,1,16,0.6763455276766903,0.72675,11,0
161903,[],0.4746856689453125,0,7,0.9374779002860908,0.8868408203125,5,0,0.4746856689453125,0,7,0.9374779002860908,0.8868408203125,5,0
177123,"['rm_smallCC', 'edge_clean']",0.2777557373046875,37,44,0.48535955611712356,0.07275390625,0,0,0.2660980224609375,0,7,0.5066230861861345,0.0089111328125,0,4
177423,"['rm_smallCC', 'edge_clean']",0.241546630859375,70,87,0.3275426405559065,0.0968017578125,0,0,0.22357177734375,5,23,0.35387660387660386,0.010009765625,0,4
177451,"['crop(14, 0, 32, 33)', 'rm_smallCC', 'edge_clean']",0.3801727294921875,3,7,0.8142885811759984,0.8623046875,33,0,0.09893557180563368,1,3,0.9750710693199213,0.0018764434180138568,0,4
177876,"['crop(0, 0, 36, 37)', 'rm_smallCC', 'edge_clean']",0.42840576171875,10,18,0.6785154580424562,0.7059326171875,37,0,0.19012551229508196,1,8,0.4149545301448299,0.01765375854214123,0,0
177938,"['rm_smallCC', 'edge_clean']",0.334564208984375,138,198,0.23168840645808628,0.1640625,1,0,0.3084259033203125,3,60,0.2513234057289863,0.120849609375,1,0
178080,"['crop(37, 40, 0, 13)', 'rm_smallCC', 'edge_clean']",0.39654541015625,3,16,0.911920886563029,0.887451171875,40,0,0.0716141343081132,1,15,0.2645264847512038,0.1365521327014218,0,0
178238,"['rm_smallCC', 'edge_clean']",0.220733642578125,168,190,0.4274160099543758,0.1317138671875,0,0,0.194854736328125,11,29,0.48418167580266247,0.05126953125,0,4
178274,"['crop(0, 0, 12, 0)', 'rm_smallCC']",0.4591064453125,0,7,0.91468359478862,0.933349609375,12,0,0.4326972336065574,0,7,0.9050244191209117,0.900125,10,0
178331,"['rm_smallCC', 'edge_clean']",0.2839202880859375,39,53,0.7690116622776374,0.0894775390625,0,0,0.2720794677734375,4,17,0.8024788290056643,0.03564453125,0,0
178478,"['rm_smallCC', 'edge_clean']",0.147125244140625,44,62,0.40510267579340387,0.051513671875,0,0,0.1384735107421875,3,21,0.43041322314049585,0.0103759765625,0,4
178572,"['rm_smallCC', 'edge_clean']",0.22698974609375,41,50,0.4282737294971767,0.1436767578125,0,0,0.213836669921875,8,15,0.4546168117596689,0.0601806640625,0,4
178802,"['crop(0, 0, 49, 47)', 'rm_smallCC', 'edge_clean']",0.46697998046875,4,10,0.8139132139589597,0.7384033203125,49,0,0.1384765625,0,5,0.3734132581100141,0.010967548076923076,0,4
178937,"['crop(0, 0, 0, 24)', 'edge_clean']",0.4939727783203125,0,3,0.9709943471411361,0.922119140625,24,0,0.4316911368534483,0,5,0.5279067046296657,0.7510245901639344,10,0
179201,"['crop(36, 18, 0, 0)', 'rm_smallCC', 'edge_clean']",0.491119384765625,11,17,0.966072205306655,0.93994140625,36,0,0.318359375,0,11,0.45562777136609367,0.46752183406113534,0,0
179466,['rm_smallCC'],0.3110809326171875,46,54,0.9620346299112179,0.1729736328125,1,0,0.3057708740234375,0,8,0.9787414541643794,0.171875,1,0
179624,"['rm_smallCC', 'edge_clean']",0.1602935791015625,48,51,0.8592099000475963,0.1160888671875,0,0,0.149017333984375,0,4,0.924226909686668,0.067138671875,0,0
180036,"['crop(14, 14, 0, 0)', 'rm_smallCC', 'edge_clean']",0.44464111328125,136,157,0.5641386410432395,0.7303466796875,14,0,0.34076891447368424,12,35,0.4143790849673203,0.19240702479338842,1,0
180037,"['rm_smallCC', 'edge_clean']",0.3632354736328125,35,41,0.6748162150808653,0.6175537109375,11,0,0.3570404052734375,0,6,0.6865250651737254,0.610107421875,11,0
180038,"['rm_smallCC', 'edge_clean']",0.334442138671875,75,102,0.7878912309517292,0.1370849609375,0,0,0.32049560546875,3,28,0.8221767282422395,0.1002197265625,0,0
180057,"['rm_smallCC', 'edge_clean']",0.2115020751953125,39,45,0.6845104970781329,0.0950927734375,0,0,0.1994476318359375,3,9,0.7258817228980186,0.02099609375,0,4
180918,"['crop(0, 26, 0, 13)', 'rm_smallCC', 'edge_clean']",0.47967529296875,1,5,0.9909339610637485,0.9354248046875,26,0,0.3962962962962963,0,5,0.9704275588062666,0.833377378435518,7,0
180720,"['crop(20, 13, 0, 0)', 'rm_smallCC', 'edge_clean']",0.2786865234375,0,4,0.5530551905387647,0.7283935546875,20,0,0.15234375,5,9,0.8423594342876854,0.05780271398747391,0,4
181326,"['rm_smallCC', 'edge_clean']",0.2174072265625,30,37,0.831765861875351,0.1092529296875,0,0,0.2034912109375,4,13,0.8886472705458909,0.02734375,0,3
181383,['rm_smallCC'],0.3548431396484375,62,69,0.9004515158030532,0.09765625,1,0,0.348297119140625,0,7,0.9173749233330413,0.092041015625,1,0
181390,"['crop(0, 0, 13, 31)', 'rm_smallCC', 'edge_clean']",0.47076416015625,6,14,0.9012057565149747,0.9158935546875,31,0,0.3319391214622642,1,16,0.4240910352484041,0.5267094017094017,4,0
308591,"['crop(21, 22, 0, 0)']",0.37347412109375,0,4,0.457468540611211,0.5853271484375,22,0,0.24699237089201878,0,2,0.8313780813780813,0.0014658848614072495,0,6
181477,"['rm_smallCC', 'edge_clean']",0.25030517578125,176,191,0.6888563764935381,0.258056640625,1,0,0.2214202880859375,3,18,0.7787195920336296,0.146484375,0,0
181500,"['rm_smallCC', 'edge_clean']",0.2339019775390625,90,118,0.3775197338378237,0.0804443359375,0,0,0.2111053466796875,3,32,0.4182869533791109,0.01708984375,0,4
181559,"['rm_smallCC', 'edge_clean']",0.2722625732421875,238,256,0.2600459563974668,0.1832275390625,0,0,0.24267578125,2,20,0.2917505030181087,0.1324462890625,0,0
308763,"['rm_smallCC', 'edge_clean']",0.1258697509765625,50,66,0.3120378227663959,0.0667724609375,0,0,0.115997314453125,0,15,0.33859510655090763,0.036376953125,0,0
308944,"['rm_smallCC', 'edge_clean']",0.1114349365234375,97,114,0.5065041763658771,0.0289306640625,0,0,0.098175048828125,2,18,0.5749145166304009,0.0091552734375,0,4
182401,"['crop(0, 0, 14, 14)', 'rm_smallCC', 'edge_clean']",0.2143707275390625,0,5,0.338600612143213,0.7000732421875,14,0,0.10178522478070176,2,6,0.7246254839252652,0.045454545454545456,0,4
182511,"['rm_smallCC', 'edge_clean']",0.2437896728515625,41,50,0.5430306064968392,0.084716796875,0,0,0.2307281494140625,3,14,0.5737715759539713,0.0177001953125,0,4
182737,"['crop(0, 0, 21, 0)', 'rm_smallCC', 'edge_clean']",0.46063232421875,10,16,0.6830859944348748,0.9681396484375,21,0,0.3875,1,10,0.6002059025394647,0.6690427698574338,8,0
182757,"['crop(0, 0, 29, 26)', 'rm_smallCC', 'edge_clean']",0.337860107421875,2,11,0.34418751693613947,0.609375,29,0,0.15224657960199006,0,7,0.37630839928516724,0.0,0,10
182764,"['rm_smallCC', 'edge_clean']",0.2306060791015625,47,77,0.5713624032290081,0.0775146484375,0,0,0.2202301025390625,3,30,0.5982817155130603,0.054931640625,0,0
182765,['rm_smallCC'],0.2799072265625,66,87,0.7992804186655037,0.1285400390625,0,0,0.27056884765625,0,21,0.8268666817053913,0.121337890625,0,0
182851,"['rm_smallCC', 'edge_clean']",0.4886474609375,47,65,0.8188858356232825,0.201171875,0,0,0.4779205322265625,1,18,0.8372657322563136,0.1546630859375,0,0
309183,"['crop(14, 14, 0, 0)', 'rm_smallCC', 'edge_clean']",0.27459716796875,5,14,0.289119804400978,0.5653076171875,14,0,0.18347382127192982,0,7,0.4858530208236063,0.006973140495867769,0,4
182872,"['rm_smallCC', 'edge_clean']",0.2437896728515625,41,50,0.5430306064968392,0.084716796875,0,0,0.2307281494140625,3,14,0.5737715759539713,0.0177001953125,0,4
182902,"['crop(21, 22, 0, 0)', 'rm_smallCC', 'edge_clean']",0.2675323486328125,0,11,0.7210973592653853,0.729248046875,22,0,0.10097564553990611,2,13,0.4925535779150018,0.06036780383795309,0,4
182945,"['rm_smallCC', 'edge_clean']",0.28692626953125,250,300,0.19772388853435438,0.1790771484375,0,0,0.2340087890625,22,74,0.24243609806990088,0.039306640625,0,4
183179,"['rm_smallCC', 'edge_clean']",0.2138671875,32,44,0.3065068493150685,0.166259765625,0,0,0.2084808349609375,0,12,0.3144258215618825,0.1580810546875,0,0
183304,"['crop(16, 0, 0, 0)', 'rm_smallCC', 'edge_clean']",0.476593017578125,5,13,0.9268425433822117,0.948486328125,16,0,0.43600260416666664,0,9,0.8933850978049873,0.8592489919354839,11,0
309448,"['rm_smallCC', 'edge_clean']",0.183746337890625,86,93,0.3292642418202956,0.0521240234375,0,0,0.171905517578125,1,8,0.35194390200603587,0.0145263671875,0,4
183624,"['crop(13, 0, 0, 0)', 'rm_smallCC', 'edge_clean']",0.234588623046875,12,20,0.5984779497853518,0.4664306640625,13,0,0.1597704475308642,5,13,0.9257470570479928,0.009018036072144289,0,4
183676,"['rm_smallCC', 'edge_clean']",0.2081451416015625,50,64,0.4907264863279818,0.0721435546875,1,0,0.195526123046875,2,15,0.5223973778679569,0.01416015625,0,1
309555,"['rm_smallCC', 'edge_clean']",0.223663330078125,51,58,0.6679628871605949,0.1160888671875,0,0,0.206024169921875,8,16,0.7251518293586136,0.0169677734375,0,4
184332,"['rm_smallCC', 'edge_clean']",0.1924896240234375,38,47,0.36734046769718587,0.0706787109375,0,0,0.1829376220703125,6,13,0.3865209775627659,0.022216796875,0,4
184333,"['rm_smallCC', 'edge_clean']",0.2161407470703125,81,107,0.2367807977409107,0.109375,0,0,0.1941375732421875,6,31,0.2636170714454138,0.0150146484375,0,4
183952,"['rm_smallCC', 'edge_clean']",0.1197052001953125,75,103,0.22001274697259401,0.0869140625,0,0,0.112030029296875,0,28,0.23508580768183057,0.0748291015625,0,0
183965,"['rm_smallCC', 'edge_clean']",0.1952972412109375,298,314,0.2652550980545355,0.0927734375,0,0,0.1613006591796875,8,23,0.3211616687162993,0.0230712890625,0,4
309623,['rm_smallCC'],0.2350311279296875,31,39,0.4223852496266961,0.0423583984375,0,0,0.230499267578125,0,8,0.4306897921355753,0.042236328125,0,0
184087,"['rm_smallCC', 'edge_clean']",0.1314544677734375,156,164,0.4240278583865351,0.064208984375,0,0,0.1160430908203125,4,9,0.48034188034188036,0.008544921875,0,4
184116,"['rm_smallCC', 'edge_clean']",0.197021484375,34,45,0.7589064436183395,0.100341796875,0,0,0.1900482177734375,2,12,0.7867523083099157,0.0792236328125,0,0
309704,"['crop(12, 13, 0, 0)', 'rm_smallCC', 'edge_clean']",0.4720458984375,1,6,0.9236164985777088,0.935546875,13,0,0.38561958874458874,2,10,0.5070601648833538,0.5515913757700205,2,0
184134,"['crop(14, 13, 0, 0)', 'edge_clean']",0.4777374267578125,0,7,0.8288990386150947,0.9339599609375,14,0,0.3862923034934498,0,9,0.33008036739380026,0.6009020618556701,3,0
184186,"['crop(0, 0, 0, 12)', 'rm_smallCC']",0.23870849609375,1,5,0.5872538992585017,0.7740478515625,12,0,0.201171875,0,4,0.4866305904822537,0.519125,11,0
184676,"['rm_smallCC', 'edge_clean']",0.2475433349609375,32,48,0.4576835357208901,0.1893310546875,1,0,0.228240966796875,0,16,0.4963898916967509,0.0467529296875,0,4
310060,"['crop(0, 0, 0, 36)', 'rm_smallCC', 'edge_clean']",0.4886627197265625,1,9,0.93807962529274,0.93505859375,36,0,0.40104758522727274,0,11,0.8648337539292513,0.7022058823529411,5,0
185242,"['rm_smallCC', 'edge_clean']",0.1287841796875,75,84,0.4981042654028436,0.0311279296875,0,0,0.1159820556640625,0,8,0.5530851203788976,0.0042724609375,0,4
185342,"['crop(26, 18, 0, 0)', 'rm_smallCC', 'edge_clean']",0.4900054931640625,11,20,0.9555008874910472,0.9420166015625,26,0,0.35581883844339623,0,11,0.7361607374035524,0.6351495726495726,8,0
185574,"['rm_smallCC', 'edge_clean']",0.216583251953125,51,58,0.5510779202479921,0.1231689453125,0,0,0.206085205078125,1,9,0.5791500074041167,0.083740234375,0,0
185589,"['rm_smallCC', 'edge_clean']",0.2330169677734375,72,98,0.4103856983825552,0.2698974609375,1,0,0.204681396484375,2,33,0.4671984493812435,0.1131591796875,0,0
198336,"['crop(19, 25, 30, 0)', 'rm_smallCC', 'edge_clean']",0.390899658203125,1,9,0.7508392536497775,0.9039306640625,30,0,0.13639589246952746,10,20,0.33282325937260904,0.025684931506849314,0,4
315435,"['rm_smallCC', 'edge_clean']",0.2117919921875,66,73,0.5178674351585014,0.11083984375,0,0,0.193023681640625,6,11,0.5682213438735177,0.0086669921875,0,4
198473,"['rm_smallCC', 'edge_clean']",0.246856689453125,43,51,0.501916182470021,0.064208984375,0,0,0.23651123046875,3,10,0.5238709677419355,0.008056640625,0,4
198493,"['rm_smallCC', 'edge_clean']",0.2031097412109375,54,72,0.7973104950792578,0.0787353515625,0,0,0.188385009765625,2,22,0.8596306496031103,0.01611328125,0,4
198553,"['rm_smallCC', 'edge_clean']",0.234375,30,40,0.7800130208333333,0.1973876953125,1,0,0.2165985107421875,11,21,0.8440295878830574,0.0709228515625,0,4
198727,"['rm_smallCC', 'edge_clean']",0.211669921875,96,119,0.32684544405997695,0.131591796875,1,0,0.1849212646484375,4,27,0.3741232774981434,0.0321044921875,0,4
198743,"['rm_smallCC', 'edge_clean']",0.36712646484375,69,91,0.5067331670822942,0.1318359375,0,0,0.355621337890625,1,24,0.5231270917360337,0.0989990234375,0,2
198830,"['crop(15, 16, 0, 0)', 'rm_smallCC', 'edge_clean']",0.17999267578125,5,18,0.36944727026110546,0.6240234375,16,0,0.057256944444444444,0,12,0.35354760460885387,0.005067567567567568,0,4
198932,"['rm_smallCC', 'edge_clean']",0.167755126953125,57,80,0.19965435692195743,0.0767822265625,1,0,0.152923583984375,3,26,0.21901816004789462,0.0086669921875,0,4
199077,"['crop(37, 37, 0, 0)', 'edge_clean']",0.3750762939453125,0,9,0.8579390586225133,0.822265625,37,0,0.12049278846153846,0,9,0.3820805130032063,0.2704052511415525,10,0
199141,['rm_smallCC'],0.44207763671875,1,7,0.9548184453955544,0.8887939453125,6,0,0.44171142578125,0,6,0.9556100594168855,0.8858642578125,6,0
199179,"['crop(0, 0, 20, 20)', 'rm_smallCC', 'edge_clean']",0.2788543701171875,1,5,0.6088645690834473,0.6441650390625,20,0,0.12919560185185186,0,3,0.43505039193729006,0.0,0,13
315910,"['rm_smallCC', 'edge_clean']",0.26214599609375,34,59,0.5630966239813737,0.17578125,0,0,0.2540283203125,1,25,0.5810908217203268,0.1478271484375,0,0
199813,"['rm_smallCC', 'edge_clean']",0.251129150390625,32,41,0.42483898408069026,0.3038330078125,2,0,0.2193756103515625,11,21,0.4863323363705919,0.058837890625,0,4
199976,"['rm_smallCC', 'edge_clean']",0.1774139404296875,60,66,0.7019007482583641,0.0657958984375,0,0,0.1651458740234375,1,7,0.7540423172872586,0.0294189453125,0,4
316135,"['crop(0, 0, 28, 29)', 'rm_smallCC', 'edge_clean']",0.4597625732421875,15,23,0.7243370614981248,0.8978271484375,29,0,0.27033605527638194,3,16,0.2548649433633459,0.160989010989011,0,0
200286,"['rm_smallCC', 'edge_clean']",0.3885650634765625,71,89,0.7655213037502454,0.7205810546875,11,0,0.35882568359375,0,17,0.8289675114815445,0.5594482421875,11,0
316460,"['crop(0, 0, 41, 41)', 'rm_smallCC', 'edge_clean']",0.4330902099609375,11,17,0.5235528309199169,0.8070068359375,41,0,0.1494701867816092,2,8,0.6554520877140282,0.11017441860465116,0,0
316718,"['crop(0, 15, 38, 34)', 'rm_smallCC', 'edge_clean']",0.454681396484375,10,15,0.7343781461843076,0.8330078125,38,0,0.17758885080281436,2,7,0.33041269841269844,0.028088235294117646,0,4
201855,"['rm_smallCC', 'edge_clean']",0.1733856201171875,44,53,0.5267975006600369,0.0400390625,0,0,0.16400146484375,3,10,0.5569408262002233,0.013671875,0,4
202041,"['crop(20, 20, 14, 0)', 'edge_clean']",0.2896881103515625,0,5,0.7152488806952858,0.7890625,20,0,0.10347796143250688,1,5,0.44000739508227027,0.0008187772925764192,0,4
202042,"['crop(0, 0, 29, 35)', 'rm_smallCC', 'edge_clean']",0.407073974609375,10,16,0.35643601469375513,0.68359375,35,0,0.19146728515625,0,4,0.5278928912974179,0.0004185267857142857,0,7
202055,"['rm_smallCC', 'edge_clean']",0.1985931396484375,46,59,0.27422205147906265,0.1009521484375,0,0,0.18011474609375,5,18,0.3023551338529312,0.015380859375,0,4
202324,"['rm_smallCC', 'edge_clean']",0.24432373046875,81,99,0.4001998501124157,0.0928955078125,0,0,0.224609375,5,21,0.43532608695652175,0.021728515625,0,3
202504,"['crop(22, 23, 0, 0)', 'edge_clean']",0.3304595947265625,0,3,0.6063166643579443,0.624267578125,23,0,0.18190906398104265,0,3,0.711479747608386,0.021279443254817988,0,1
202843,"['crop(22, 23, 0, 0)']",0.31536865234375,0,10,0.28488484613895876,0.587890625,23,0,0.16935722748815166,0,8,0.3440096195889812,0.0,0,8
202890,"['rm_smallCC', 'edge_clean']",0.2020111083984375,32,41,0.23649822494146083,0.087646484375,0,0,0.1902008056640625,1,12,0.2511833132771761,0.019287109375,0,4
202991,"['rm_smallCC', 'edge_clean']",0.415069580078125,44,65,0.7029262554223954,0.247314453125,2,0,0.3979034423828125,5,25,0.7332515243317866,0.1480712890625,0,0
203026,"['rm_smallCC', 'edge_clean']",0.144866943359375,77,102,0.24805140088476932,0.0728759765625,0,0,0.130157470703125,1,26,0.276084407971864,0.0177001953125,0,4
203056,"['rm_smallCC', 'edge_clean']",0.1890106201171875,33,41,0.6724792120771776,0.0404052734375,0,0,0.18096923828125,2,9,0.7023608768971332,0.007568359375,0,4
203280,"['rm_smallCC', 'edge_clean']",0.2315521240234375,42,50,0.8132454695222405,0.0594482421875,0,0,0.22308349609375,1,9,0.8441176470588235,0.020751953125,0,0
203289,"['crop(27, 27, 0, 0)', 'rm_smallCC']",0.418060302734375,7,12,0.437002700927075,0.60693359375,27,0,0.26094523514851486,0,4,0.8872832369942196,0.0,0,9
192246,"['rm_smallCC', 'edge_clean']",0.2558135986328125,44,53,0.35442886966895315,0.109130859375,1,0,0.24017333984375,5,16,0.37750952986022873,0.0240478515625,0,2
192263,"['crop(14, 12, 17, 0)', 'edge_clean']",0.4663238525390625,1,8,0.9452570269297471,0.965576171875,17,0,0.34025832272148443,0,12,0.46407185628742514,0.5614339019189766,0,0
192398,"['crop(15, 15, 0, 0)', 'rm_smallCC', 'edge_clean']",0.2584686279296875,2,7,0.647086604876321,0.8856201171875,15,0,0.12026410398230089,2,8,0.4412187410175338,0.11696058091286307,0,4
193046,"['rm_smallCC', 'edge_clean']",0.3183135986328125,39,50,0.8686544269210489,0.1502685546875,0,0,0.3105316162109375,1,11,0.8904230750331679,0.1414794921875,0,0
193931,"['rm_smallCC', 'edge_clean']",0.254547119140625,36,43,0.24841146145546097,0.09619140625,1,0,0.243316650390625,1,9,0.2598770851624232,0.02294921875,0,4
193962,"['rm_smallCC', 'edge_clean']",0.209381103515625,40,54,0.5166885293688966,0.0435791015625,1,0,0.1979827880859375,0,14,0.5464354527938343,0.0023193359375,0,4
193495,"['rm_smallCC', 'edge_clean']",0.295623779296875,31,41,0.7087333539795603,0.1031494140625,0,0,0.28900146484375,1,10,0.7249736008447729,0.090576171875,0,0
193843,"['rm_smallCC', 'edge_clean']",0.3453216552734375,55,70,0.5105828288630639,0.5404052734375,4,0,0.317169189453125,0,16,0.5559030116424517,0.3680419921875,2,0
194259,"['rm_smallCC', 'edge_clean']",0.213623046875,49,69,0.3695,0.0709228515625,0,0,0.1966552734375,4,24,0.40138112973308504,0.0093994140625,0,4
194701,"['rm_smallCC', 'edge_clean']",0.1588897705078125,34,37,0.6410256410256411,0.0482177734375,0,0,0.156524658203125,0,2,0.6507116396958471,0.0369873046875,0,0
194764,"['rm_smallCC', 'edge_clean']",0.164459228515625,161,202,0.3681573575802561,0.0350341796875,0,0,0.141815185546875,0,41,0.4269421131913062,0.0238037109375,0,1
313948,['rm_smallCC'],0.3087615966796875,43,51,0.9584383493946133,0.169677734375,0,0,0.3042449951171875,0,8,0.9726666332313556,0.1678466796875,0,0
194775,"['rm_smallCC', 'edge_clean']",0.0847625732421875,31,36,0.6043204320432043,0.0291748046875,0,0,0.0800323486328125,0,5,0.6400381315538608,0.0120849609375,0,4
194902,"['rm_smallCC', 'edge_clean']",0.349365234375,36,57,0.4812631027253669,0.1275634765625,0,0,0.34136962890625,0,21,0.4925353119971393,0.1083984375,0,0
195057,"['rm_smallCC', 'edge_clean']",0.2002716064453125,103,109,0.4886857142857143,0.0770263671875,0,0,0.186279296875,2,8,0.5253931847968545,0.0103759765625,0,3
195553,"['crop(33, 25, 0, 0)', 'rm_smallCC', 'edge_clean']",0.44525146484375,5,20,0.8577793008910213,0.9034423828125,33,0,0.23729482323232323,3,25,0.27901563019620884,0.3816079295154185,0,0
314596,"['crop(24, 27, 0, 0)', 'rm_smallCC', 'edge_clean']",0.3173065185546875,1,8,0.7271940370281318,0.8167724609375,27,0,0.1193407012195122,3,9,0.39629570493373784,0.09354663774403471,0,4
196465,"['rm_smallCC', 'edge_clean']",0.231536865234375,77,87,0.6132858837485172,0.1468505859375,0,0,0.2181854248046875,2,10,0.6508147422896706,0.07861328125,0,0
196753,"['rm_smallCC', 'edge_clean']",0.411376953125,96,127,0.4512240356083086,0.1295166015625,0,0,0.3940277099609375,0,31,0.4710916624714402,0.091064453125,0,0
196867,"['crop(35, 36, 0, 0)', 'rm_smallCC', 'edge_clean']",0.34405517578125,12,21,0.4109011885754834,0.6458740234375,36,0,0.0883445945945946,0,8,0.4548279158699809,0.0,0,10
314825,"['crop(29, 28, 0, 0)', 'rm_smallCC', 'edge_clean']",0.497039794921875,69,101,0.7308589672745134,0.779296875,29,0,0.31530700376884424,12,54,0.3907115731806014,0.26195054945054946,1,0
197046,"['rm_smallCC', 'edge_clean']",0.1904449462890625,60,80,0.526560371765083,0.07568359375,0,0,0.182098388671875,0,20,0.5506954918719624,0.06591796875,0,0
314892,"['crop(13, 13, 0, 0)']",0.200469970703125,0,13,0.25331100624143704,0.55078125,13,0,0.1100883152173913,0,11,0.35575439679111387,0.001286008230452675,0,7
197305,"['crop(40, 33, 14, 0)', 'rm_smallCC', 'edge_clean']",0.438568115234375,1,4,0.9248138612483474,1.0,40,0,0.15948606783182043,2,5,0.695172023219595,0.29352941176470587,9,0
315039,"['rm_smallCC', 'edge_clean']",0.264556884765625,32,45,0.822643903564425,0.071044921875,1,0,0.25335693359375,3,16,0.859009877138039,0.0101318359375,0,4
197630,"['rm_smallCC', 'edge_clean']",0.3138275146484375,63,95,0.2697525161666748,0.1732177734375,0,0,0.291778564453125,10,47,0.2901370149565945,0.0625,0,4
197707,"['rm_smallCC', 'edge_clean']",0.2346954345703125,32,39,0.7383785189519537,0.1048583984375,0,0,0.2197265625,2,11,0.7886805555555556,0.02587890625,0,0
197734,"['rm_smallCC', 'edge_clean']",0.214447021484375,82,87,0.41048811726198947,0.29736328125,1,0,0.1925048828125,3,9,0.4572764743183259,0.1805419921875,0,4
197865,"['crop(19, 20, 0, 0)', 'rm_smallCC', 'edge_clean']",0.25323486328125,3,12,0.6831164135936371,0.7049560546875,20,0,0.09819628456221198,3,13,0.3554537121906508,0.03514799154334038,0,4
197909,"['rm_smallCC', 'edge_clean']",0.191741943359375,36,44,0.43800732134330733,0.129150390625,0,0,0.1761322021484375,3,11,0.47682578185913543,0.0379638671875,0,4
197980,"['crop(13, 13, 15, 0)', 'rm_smallCC', 'edge_clean']",0.227813720703125,0,11,0.7633623576691225,0.775390625,15,0,0.06635395994948584,6,17,0.45649809679173464,0.020966029723991506,0,4
198090,"['crop(25, 15, 0, 0)', 'rm_smallCC', 'edge_clean']",0.2886962890625,8,15,0.42505285412262156,0.6595458984375,25,0,0.13402416087962962,1,8,0.521387127243287,0.06077860169491525,0,4
186083,"['rm_smallCC', 'edge_clean']",0.32550048828125,95,112,0.4895462216388524,0.2213134765625,0,0,0.2975311279296875,11,28,0.535565926457767,0.068359375,0,4
186084,"['rm_smallCC', 'edge_clean']",0.341796875,103,148,0.1392857142857143,0.1845703125,0,0,0.322296142578125,0,46,0.1477132847268251,0.1298828125,0,1
186360,"['rm_smallCC', 'edge_clean']",0.3507232666015625,41,54,0.5386991516206221,0.162109375,1,0,0.33563232421875,2,17,0.5629205310056374,0.0787353515625,0,0
186870,"['rm_smallCC', 'edge_clean']",0.3300933837890625,43,62,0.7929089816484075,0.1025390625,0,0,0.3173065185546875,5,24,0.8248617456119259,0.03662109375,0,4
186908,"['crop(0, 0, 0, 15)', 'rm_smallCC', 'edge_clean']",0.4768829345703125,1,6,0.988161136530893,0.945556640625,15,0,0.4334154564315353,0,8,0.8643231114435302,0.7872233400402414,11,0
187622,"['rm_smallCC', 'edge_clean']",0.4768218994140625,133,168,0.8317066146116676,0.13525390625,0,0,0.45404052734375,1,35,0.8734372899583277,0.1009521484375,0,0
187734,"['rm_smallCC', 'edge_clean']",0.09381103515625,30,34,0.5421275211450879,0.1038818359375,1,0,0.0837860107421875,0,4,0.6069932617009652,0.0465087890625,0,4
187787,"['rm_smallCC', 'edge_clean']",0.2382965087890625,35,51,0.3503873983479541,0.1156005859375,0,0,0.2251129150390625,1,17,0.3709076120111164,0.0458984375,0,0
187803,"['rm_smallCC', 'edge_clean']",0.4768218994140625,133,168,0.8317066146116676,0.13525390625,0,0,0.45404052734375,1,35,0.8734372899583277,0.1009521484375,0,0
187823,"['rm_smallCC', 'edge_clean']",0.20050048828125,42,53,0.5599695585996955,0.0982666015625,0,0,0.1847686767578125,4,16,0.6076472045585928,0.0186767578125,0,4
187853,"['rm_smallCC', 'edge_clean']",0.19171142578125,65,78,0.22938554600445718,0.0662841796875,0,0,0.17706298828125,5,18,0.24836263357462943,0.0074462890625,0,4
187876,"['crop(29, 28, 0, 0)', 'rm_smallCC', 'edge_clean']",0.4460296630859375,4,13,0.9278163593445314,0.9052734375,29,0,0.2637798366834171,1,15,0.5796249441881233,0.48475274725274725,5,0
311220,"['rm_smallCC', 'edge_clean']",0.2588348388671875,52,69,0.6242999469433473,0.081787109375,0,0,0.243316650390625,3,21,0.664116392825787,0.005859375,0,4
188252,['rm_smallCC'],0.4975433349609375,1,4,0.9472505903640323,0.9100341796875,11,0,0.4971466064453125,0,3,0.9480065068598262,0.9100341796875,11,0
188249,"['crop(15, 0, 0, 0)', 'rm_smallCC', 'edge_clean']",0.4848480224609375,2,5,0.9755468135326515,0.8582763671875,15,0,0.4490080394190871,0,4,0.9102952855389502,0.772258551307847,4,0
188475,"['crop(19, 23, 0, 0)', 'rm_smallCC', 'edge_clean']",0.405670166015625,1,6,0.9840517565636049,0.9322509765625,23,0,0.2567355432242991,0,12,0.8161393530039104,0.5183510638297872,0,0
188860,"['crop(31, 0, 0, 0)', 'rm_smallCC', 'edge_clean']",0.4232330322265625,6,13,0.9532754082993835,0.9534912109375,31,0,0.34925347222222225,0,7,0.9377143709300592,0.8647349272349273,10,0
311786,"['crop(44, 20, 0, 0)', 'rm_smallCC', 'edge_clean']",0.3678131103515625,0,6,0.8811035054967848,0.998779296875,44,0,0.13995361328125,0,7,0.3797063526675389,0.46177455357142855,8,0
311846,"['crop(18, 18, 0, 0)', 'rm_smallCC', 'edge_clean']",0.2759246826171875,6,14,0.6114582757285849,0.7659912109375,18,0,0.12443181818181819,0,7,0.2985159817351598,0.0,0,11
189622,"['rm_smallCC', 'edge_clean']",0.4308013916015625,53,76,0.8971062232139695,0.2257080078125,0,0,0.417266845703125,4,26,0.9262049294229503,0.18408203125,0,0
189650,"['crop(12, 0, 20, 19)', 'rm_smallCC', 'edge_clean']",0.493865966796875,3,10,0.9510597540629055,0.974365234375,20,0,0.33336481075772456,0,11,0.4253016826242139,0.5265726681127982,0,0
189731,"['crop(0, 0, 43, 44)', 'rm_smallCC', 'edge_clean']",0.4351806640625,6,16,0.7930575035063113,0.7130126953125,44,0,0.13579419378698224,0,9,0.36442553191489363,0.01838235294117647,0,4
189739,"['crop(0, 0, 0, 15)', 'rm_smallCC', 'edge_clean']",0.4908905029296875,7,10,0.9840850455379068,0.9271240234375,15,0,0.4386508039419087,0,5,0.634778110335144,0.6991951710261569,7,0
189799,"['rm_smallCC', 'edge_clean']",0.4642181396484375,59,75,0.5862012293330704,0.6446533203125,6,0,0.432525634765625,6,23,0.6291540252592959,0.4361572265625,6,0
190932,"['rm_smallCC', 'edge_clean']",0.18536376953125,53,60,0.3954560421468554,0.06103515625,0,0,0.174041748046875,4,11,0.42118183412239174,0.0062255859375,0,4
190994,"['rm_smallCC', 'edge_clean']",0.1199493408203125,42,63,0.5172369927490141,0.0966796875,1,0,0.1134490966796875,1,22,0.5468728984532616,0.079833984375,1,0
312099,"['crop(14, 15, 0, 0)']",0.2530059814453125,0,13,0.296483927386768,0.556640625,15,0,0.15757502753303965,0,11,0.5368570492519384,0.0036231884057971015,0,6
312103,"['rm_smallCC', 'edge_clean']",0.222930908203125,48,68,0.6620123203285421,0.244140625,2,0,0.19891357421875,14,34,0.7419453820190243,0.0919189453125,0,4
190446,[],0.48834228515625,0,8,0.8249593800774904,0.954833984375,11,0,0.48834228515625,0,8,0.8249593800774904,0.954833984375,11,0
190773,"['rm_smallCC', 'edge_clean']",0.1423492431640625,46,54,0.6473362632650873,0.066162109375,0,0,0.13592529296875,0,8,0.6779299506061967,0.0550537109375,0,0
190810,"['rm_smallCC', 'edge_clean']",0.2414093017578125,38,50,0.8182162947980532,0.0780029296875,0,0,0.2286224365234375,3,15,0.86397917639992,0.016357421875,0,4
191419,[],0.480133056640625,0,6,0.8758342337761393,0.9212646484375,9,0,0.480133056640625,0,6,0.8758342337761393,0.9212646484375,9,0
321132,"['crop(12, 17, 0, 0)', 'rm_smallCC', 'edge_clean']",0.4248809814453125,0,2,0.9774465792781469,0.9617919921875,17,0,0.33915542400881055,1,5,0.8994368055203207,0.6437629399585921,8,0
212554,"['rm_smallCC', 'edge_clean']",0.291229248046875,39,50,0.7246149009745363,0.11865234375,1,0,0.273895263671875,6,16,0.7704735376044568,0.01904296875,0,3
212647,['rm_smallCC'],0.47662353515625,2,3,0.9994557561787681,0.90087890625,7,0,0.4763641357421875,0,1,1.0,0.90087890625,7,0
213148,"['crop(0, 0, 34, 34)', 'rm_smallCC', 'edge_clean']",0.367828369140625,3,16,0.7759893802372854,0.76025390625,34,0,0.11213846409574468,0,12,0.3570502130813415,0.0,0,12
321390,"['crop(0, 12, 0, 14)', 'rm_smallCC', 'edge_clean']",0.4859466552734375,2,8,0.9613464376550381,0.98876953125,14,0,0.4214029264327327,0,7,0.7168749748824499,0.8226594650205762,8,0
213465,"['crop(0, 0, 17, 18)', 'rm_smallCC', 'edge_clean']",0.45404052734375,2,12,0.9323497781959941,0.91552734375,18,0,0.3374045531674208,1,14,0.4053119597674053,0.5610587002096437,0,0
213210,"['crop(21, 21, 0, 0)']",0.3412322998046875,0,14,0.24039708446988328,0.58203125,21,0,0.21194144275700935,0,12,0.29411764705882354,0.0010638297872340426,0,7
213281,"['crop(16, 17, 0, 0)', 'rm_smallCC', 'edge_clean']",0.4376068115234375,5,13,0.7988772272394435,0.9248046875,17,0,0.3248318385650224,0,12,0.4193809318377912,0.4992171189979123,3,0
321455,"['crop(19, 17, 0, 12)', 'rm_smallCC', 'edge_clean']",0.48480224609375,1,11,0.8528263880146041,0.9547119140625,19,0,0.3509687034277198,0,13,0.38816348195329087,0.5874191810344828,3,0
213265,"['crop(0, 0, 28, 27)', 'rm_smallCC', 'edge_clean']",0.308502197265625,14,30,0.7596696013453358,0.755859375,28,0,0.09320584577114428,6,21,0.2900333611342786,0.0015043763676148797,0,4
213266,"['crop(0, 0, 23, 24)', 'rm_smallCC', 'edge_clean']",0.2457122802734375,23,38,0.8458051294789791,0.7557373046875,24,0,0.06018241626794258,0,16,0.2642857142857143,0.1239247311827957,3,0
213749,"['rm_smallCC', 'edge_clean']",0.4036407470703125,43,75,0.4499678675386535,0.149658203125,0,0,0.38763427734375,3,33,0.46854826011651707,0.103515625,0,0
321672,"['rm_smallCC', 'edge_clean']",0.496429443359375,58,82,0.7898198807401487,0.1534423828125,0,0,0.4865875244140625,0,24,0.8057951017592273,0.1453857421875,0,1
321716,"['rm_smallCC', 'edge_clean']",0.496429443359375,58,82,0.7898198807401487,0.1534423828125,0,0,0.4865875244140625,0,24,0.8057951017592273,0.1453857421875,0,1
214225,"['rm_smallCC', 'edge_clean']",0.178955078125,50,60,0.24249658935879945,0.022216796875,0,0,0.1752471923828125,0,10,0.247627340008707,0.0091552734375,0,2
214342,['edge_clean'],0.4861602783203125,0,7,0.6997897115595869,0.8902587890625,8,0,0.4806365966796875,0,7,0.7078319946664974,0.8460693359375,8,0
214964,"['rm_smallCC', 'edge_clean']",0.3468170166015625,34,45,0.443530291697831,0.1405029296875,0,0,0.3329010009765625,2,15,0.46207086217170096,0.0570068359375,0,4
215208,"['crop(14, 13, 0, 0)', 'rm_smallCC', 'edge_clean']",0.223236083984375,7,19,0.587218045112782,0.743896484375,14,0,0.10613400655021835,0,12,0.23577627772420442,0.025902061855670105,0,4
214317,"['rm_smallCC', 'edge_clean']",0.4270782470703125,58,67,0.3801136160634535,0.32470703125,0,0,0.39813232421875,5,15,0.40774950176299246,0.14453125,0,4
214326,[],0.4683837890625,0,6,0.8163930153765963,0.8641357421875,4,0,0.4683837890625,0,6,0.8163930153765963,0.8641357421875,4,0
214379,['rm_smallCC'],0.168609619140625,35,37,0.9723076923076923,0.0281982421875,0,0,0.1649627685546875,0,2,0.9938026084543521,0.0224609375,0,1
322039,"['crop(0, 0, 13, 14)', 'rm_smallCC', 'edge_clean']",0.4723052978515625,2,7,0.8646980906535715,0.9268798828125,14,0,0.3872987172489083,0,9,0.6635983263598326,0.6052835051546391,4,0
322260,"['rm_smallCC', 'edge_clean']",0.204986572265625,79,97,0.5362513026648802,0.098388671875,0,0,0.1900787353515625,1,18,0.5783093842819298,0.0472412109375,0,0
215390,"['rm_smallCC', 'edge_clean']",0.1921844482421875,60,64,0.4783644303294958,0.1090087890625,0,0,0.17633056640625,5,10,0.521374177916234,0.016845703125,0,3
215450,"['rm_smallCC', 'edge_clean']",0.272979736328125,116,163,0.3856903297931806,0.1795654296875,0,0,0.2425537109375,5,52,0.43407146451937595,0.0703125,0,0
215773,"['crop(20, 18, 0, 0)', 'edge_clean']",0.4700469970703125,0,7,0.9357247200129849,0.923583984375,20,0,0.3563467603211009,0,11,0.7913712475486498,0.604957805907173,3,0
215485,"['rm_smallCC', 'edge_clean']",0.3250732421875,50,54,0.7061115283514833,0.097900390625,1,0,0.3121490478515625,2,5,0.7353473138778902,0.022705078125,0,0
322407,"['crop(0, 0, 17, 0)']",0.4961090087890625,0,4,0.9436840648356042,0.93017578125,17,0,0.46268632322175735,0,4,0.9353209226747677,0.8916666666666667,6,0
322625,"['crop(14, 15, 14, 0)', 'rm_smallCC', 'edge_clean']",0.4573974609375,0,9,0.8870763277288497,0.958251953125,15,0,0.31747187534131865,0,14,0.413302752293578,0.511727078891258,0,0
322813,"['rm_smallCC', 'edge_clean']",0.1675567626953125,59,63,0.5781804935798197,0.1336669921875,0,0,0.1632232666015625,0,4,0.593530896513041,0.1136474609375,0,0
216642,"['rm_smallCC', 'edge_clean']",0.219696044921875,228,248,0.6959299902764273,0.0936279296875,0,0,0.189910888671875,12,30,0.8050779366864856,0.0157470703125,0,4
216698,"['crop(0, 0, 27, 13)', 'rm_smallCC', 'edge_clean']",0.4872283935546875,5,11,0.973881181297172,0.90966796875,27,0,0.3742404513888889,0,9,0.5420894945394801,0.6464512711864406,3,0
216879,"['crop(25, 27, 0, 0)', 'rm_smallCC', 'edge_clean']",0.4315338134765625,5,14,0.9521233336869276,0.925537109375,27,0,0.24149816176470587,1,16,0.3422930542340628,0.4620923913043478,0,0
216260,"['crop(20, 0, 0, 0)', 'rm_smallCC', 'edge_clean']",0.44134521484375,1,8,0.883798921311022,0.9637451171875,20,0,0.3754965572033898,0,9,0.689632372388257,0.7328506097560976,10,0
216262,[],0.495941162109375,0,6,0.9154821241769737,0.9295654296875,8,0,0.495941162109375,0,6,0.9154821241769737,0.9295654296875,8,0
216265,"['crop(0, 12, 0, 0)', 'rm_smallCC', 'edge_clean']",0.497894287109375,3,5,0.9840943916641128,0.9656982421875,12,0,0.46016905737704916,2,6,0.6607639855274144,0.799,9,0
216276,"['crop(23, 21, 0, 0)', 'rm_smallCC', 'edge_clean']",0.445526123046875,3,7,0.7962531680252072,0.80029296875,23,0,0.29624852594339623,2,11,0.5817887796989676,0.1889690170940171,0,0
216324,"['crop(19, 19, 12, 0)', 'rm_smallCC', 'edge_clean']",0.4699249267578125,9,15,0.9533071403058739,0.973876953125,19,0,0.30914423221537074,0,11,0.34359036730722453,0.5524891774891775,0,0
216342,"['rm_smallCC', 'edge_clean']",0.2590179443359375,32,52,0.6921354933726068,0.1163330078125,0,0,0.244110107421875,1,23,0.7344043005375672,0.0345458984375,0,4
322710,"['rm_smallCC', 'edge_clean']",0.3507843017578125,156,183,0.46374352951411546,0.269775390625,0,0,0.32470703125,1,27,0.5009868421052631,0.2572021484375,0,0
217022,"['rm_smallCC', 'edge_clean']",0.116485595703125,35,52,0.17107676185485984,0.1806640625,1,0,0.1035614013671875,5,23,0.19242669809930749,0.0950927734375,0,4
217702,"['rm_smallCC', 'edge_clean']",0.505096435546875,42,48,0.9564376774817231,0.3743896484375,2,0,0.4984893798828125,0,6,0.9691144510086014,0.35546875,2,0
323313,"['rm_smallCC', 'edge_clean']",0.1167144775390625,45,50,0.6823114132566348,0.030517578125,0,0,0.11376953125,0,5,0.6999731759656652,0.0255126953125,0,4
218466,"['crop(0, 12, 23, 23)', 'rm_smallCC', 'edge_clean']",0.4470977783203125,4,9,0.9567932835056824,0.909912109375,23,0,0.2663348946135831,0,10,0.42053198505165973,0.5220264317180616,2,0
218606,['rm_smallCC'],0.469024658203125,1,4,0.8601730756718069,0.9041748046875,10,0,0.46893310546875,0,3,0.8603410126252766,0.9034423828125,10,0
219035,"['crop(22, 0, 0, 0)', 'rm_smallCC', 'edge_clean']",0.4668731689453125,1,11,0.9074745890119946,0.9105224609375,22,0,0.40007345085470086,1,11,0.7079195526996579,0.6809948979591837,10,0
219053,"['crop(0, 0, 17, 17)', 'rm_smallCC', 'edge_clean']",0.4818572998046875,3,13,0.8821051964913392,0.95458984375,17,0,0.38569819819819817,0,13,0.572992700729927,0.7418933054393305,4,0
219375,"['crop(0, 0, 24, 24)', 'edge_clean']",0.343414306640625,0,3,0.5271927486003732,0.599365234375,24,0,0.19170673076923078,0,2,0.560442789968652,0.03744612068965517,0,0
219713,"['rm_smallCC', 'edge_clean']",0.175506591796875,173,181,0.6056338028169014,0.0689697265625,0,0,0.153594970703125,6,14,0.6920325849394,0.0069580078125,0,4
324050,"['rm_smallCC', 'edge_clean']",0.1722869873046875,35,38,0.7520148791072536,0.1217041015625,0,0,0.1685333251953125,0,3,0.7687641466727025,0.10888671875,0,0
219885,"['rm_smallCC', 'edge_clean']",0.175506591796875,173,181,0.6056338028169014,0.0689697265625,0,0,0.153594970703125,6,14,0.6920325849394,0.0069580078125,0,4
219886,"['rm_smallCC', 'edge_clean']",0.1722869873046875,35,38,0.7520148791072536,0.1217041015625,0,0,0.1685333251953125,0,3,0.7687641466727025,0.10888671875,0,0
324471,"['crop(29, 30, 0, 0)']",0.3870697021484375,0,7,0.3027555485473253,0.615234375,30,0,0.20350174492385786,0,5,0.47559193218357204,0.0,0,12
220851,"['rm_smallCC', 'edge_clean']",0.345916748046875,33,64,0.6583590648434053,0.3045654296875,1,0,0.31390380859375,10,47,0.7255006805366517,0.09716796875,0,4
221347,['rm_smallCC'],0.468780517578125,6,22,0.8237093939196667,0.939453125,10,0,0.4678802490234375,0,16,0.8252943286697323,0.939453125,10,0
221754,"['crop(0, 14, 0, 0)', 'rm_smallCC', 'edge_clean']",0.49749755859375,4,12,0.9519690835480309,0.9552001953125,14,0,0.45680526859504134,0,10,0.8207067137809188,0.8013303212851406,10,0
222001,"['rm_smallCC', 'edge_clean']",0.4403533935546875,111,132,0.7089642745763887,0.2252197265625,2,0,0.422149658203125,3,23,0.7395358924311429,0.1781005859375,2,0
222021,"['crop(21, 23, 0, 0)', 'rm_smallCC', 'edge_clean']",0.4523773193359375,12,23,0.9595237292137484,0.9376220703125,23,0,0.30704599056603776,0,15,0.5631301008161306,0.5877403846153846,6,0
324965,"['crop(17, 19, 0, 0)', 'rm_smallCC', 'edge_clean']",0.494659423828125,1,15,0.8991301129002406,0.953857421875,19,0,0.3874644886363636,0,18,0.4840986160755201,0.6099002100840336,6,0
223511,"['rm_smallCC', 'edge_clean']",0.1717681884765625,41,56,0.2833792307008972,0.123046875,1,0,0.1550140380859375,3,17,0.3140072841815139,0.020751953125,0,2
224117,"['rm_smallCC', 'edge_clean']",0.2500152587890625,39,50,0.43417760146475437,0.0791015625,0,0,0.238433837890625,3,13,0.45526686292077306,0.025634765625,0,0
224133,"['crop(0, 0, 17, 27)', 'rm_smallCC', 'edge_clean']",0.4518280029296875,14,31,0.9491405221032724,0.8741455078125,27,0,0.3213074882075472,1,21,0.7539855488014681,0.6156517094017094,1,0
224143,"['crop(0, 0, 20, 20)', 'rm_smallCC', 'edge_clean']",0.2244720458984375,21,36,0.8147644619672354,0.7332763671875,20,0,0.062337239583333336,0,17,0.24862199013635045,0.12129237288135593,3,0
224418,"['crop(13, 12, 0, 0)', 'rm_smallCC', 'edge_clean']",0.2721099853515625,2,6,0.6315258229125778,0.8541259765625,13,0,0.16221929112554112,2,8,0.25049515271552175,0.09022073921971252,0,4
204033,"['crop(0, 0, 0, 12)', 'edge_clean']",0.2536773681640625,0,9,0.19723308270676693,0.544921875,12,0,0.1996830174180328,0,8,0.2628878377294957,0.133625,0,4
317738,"['crop(0, 0, 0, 15)', 'rm_smallCC', 'edge_clean']",0.4278717041015625,159,197,0.6346064690988196,0.844482421875,15,0,0.3738329875518672,0,44,0.5970776968435657,0.7408199195171026,4,0
204117,"['rm_smallCC', 'edge_clean']",0.160125732421875,59,79,0.429388221841052,0.08349609375,0,0,0.146148681640625,3,24,0.4704531217373147,0.0162353515625,0,4
204118,"['rm_smallCC', 'edge_clean']",0.2679595947265625,56,80,0.5081715164284494,0.148681640625,0,0,0.258575439453125,0,24,0.5266139501947362,0.126708984375,0,0
203462,"['crop(0, 0, 12, 0)', 'edge_clean']",0.4541015625,0,3,0.9484879032258065,0.958740234375,12,0,0.42595735143442626,0,4,0.9398278648475965,0.87025,8,0
204176,"['rm_smallCC', 'edge_clean']",0.235198974609375,42,64,0.3402750746074997,0.4053955078125,2,0,0.2275238037109375,1,22,0.35175373885051303,0.3731689453125,2,0
204251,"['rm_smallCC', 'edge_clean']",0.199249267578125,31,41,0.6067544800122531,0.0457763671875,0,0,0.1912078857421875,0,10,0.6322719655254968,0.009765625,0,4
204306,"['crop(12, 13, 0, 0)', 'edge_clean']",0.4587249755859375,0,5,0.9692312809766158,0.9490966796875,13,0,0.36865868506493504,0,7,0.5289206917113893,0.564553388090349,3,0
204655,"['crop(19, 18, 0, 0)', 'edge_clean']",0.48858642578125,0,6,0.9609306683322923,0.9595947265625,19,0,0.3676155821917808,0,10,0.5605531295487627,0.5088157894736842,5,0
317983,"['crop(0, 0, 15, 15)', 'rm_smallCC']",0.21917724609375,1,13,0.2673350041771094,0.55859375,15,0,0.11528622787610619,0,10,0.2847076461769115,0.0,0,8
318093,"['rm_smallCC', 'edge_clean']",0.3496856689453125,31,46,0.9159139503425404,0.1295166015625,0,0,0.3423919677734375,1,14,0.9354249298097063,0.10009765625,0,0
205382,"['rm_smallCC', 'edge_clean']",0.1893157958984375,34,41,0.4623196582574353,0.042236328125,0,0,0.1822662353515625,1,6,0.4802009208874006,0.0018310546875,0,4
205423,"['rm_smallCC', 'edge_clean']",0.2437591552734375,53,82,0.39323943661971833,0.1024169921875,0,0,0.2245635986328125,3,31,0.426853298906027,0.019287109375,0,2
205506,"['rm_smallCC', 'edge_clean']",0.2126617431640625,46,75,0.4820262610317859,0.0809326171875,0,0,0.2014312744140625,4,29,0.5089008408453904,0.0562744140625,0,0
205539,"['rm_smallCC', 'edge_clean']",0.29669189453125,67,73,0.8925632585887677,0.0758056640625,0,0,0.283905029296875,0,7,0.9327636246372139,0.0096435546875,0,4
205661,['rm_smallCC'],0.16064453125,56,77,0.33292173252279633,0.2012939453125,1,0,0.1503753662109375,0,21,0.3556570268899036,0.1893310546875,1,0
205890,"['rm_smallCC', 'edge_clean']",0.1621856689453125,427,446,0.4086931978549252,0.16259765625,0,0,0.129913330078125,0,18,0.5102184637068358,0.12939453125,0,0
205975,[],0.48291015625,0,5,0.9326971688574317,0.9188232421875,5,0,0.48291015625,0,5,0.9326971688574317,0.9188232421875,5,0
206257,"['rm_smallCC', 'edge_clean']",0.29052734375,63,92,0.623109243697479,0.20263671875,0,0,0.262451171875,4,33,0.6897674418604651,0.0750732421875,0,0
206279,"['rm_smallCC', 'edge_clean']",0.29052734375,63,92,0.623109243697479,0.20263671875,0,0,0.262451171875,4,33,0.6897674418604651,0.0750732421875,0,0
207449,"['crop(0, 24, 0, 0)', 'rm_smallCC', 'edge_clean']",0.434967041015625,12,22,0.6397951308496457,0.904296875,24,0,0.3492726293103448,1,13,0.6159371384496722,0.6153944672131147,0,0
207450,"['crop(23, 25, 0, 0)', 'rm_smallCC', 'edge_clean']",0.4703521728515625,4,13,0.9378426601784267,0.9725341796875,25,0,0.3240497295673077,0,12,0.705766444508838,0.6233836206896551,7,0
207641,"['rm_smallCC', 'edge_clean']",0.2812042236328125,40,59,0.440447121384774,0.27197265625,1,0,0.2504425048828125,14,33,0.49454700542253094,0.0660400390625,0,4
207667,"['rm_smallCC', 'edge_clean']",0.3936767578125,30,37,0.9293023255813954,0.167724609375,0,0,0.39013671875,1,7,0.9377346683354193,0.148193359375,0,0
207762,"['rm_smallCC', 'edge_clean']",0.2188262939453125,46,63,0.4763963461404365,0.099365234375,0,0,0.2105560302734375,3,19,0.49510834118414376,0.075927734375,0,0
207780,"['rm_smallCC', 'edge_clean']",0.2188262939453125,46,63,0.4763963461404365,0.099365234375,0,0,0.2105560302734375,3,19,0.49510834118414376,0.075927734375,0,0
319279,"['rm_smallCC', 'edge_clean']",0.346923828125,135,151,0.8916695988740324,0.19140625,0,0,0.3276824951171875,2,17,0.9440279394644936,0.1617431640625,0,0
207967,"['crop(13, 12, 0, 0)', 'rm_smallCC', 'edge_clean']",0.48675537109375,0,11,0.8587774294670847,0.9659423828125,13,0,0.4003145292207792,2,17,0.45959531956237065,0.517582135523614,8,0
208029,"['crop(16, 18, 0, 0)', 'rm_smallCC', 'edge_clean']",0.4467926025390625,0,12,0.9437177692018716,0.9522705078125,18,0,0.32172015765765766,1,18,0.496609057099103,0.4382845188284519,0,0
208045,"['rm_smallCC', 'edge_clean']",0.1651458740234375,30,53,0.40885151991130003,0.038818359375,0,0,0.1606597900390625,0,23,0.42026783170291576,0.028564453125,0,4
208059,"['crop(0, 0, 20, 19)', 'rm_smallCC']",0.456634521484375,0,9,0.8993517342778855,0.9344482421875,20,0,0.3593209965437788,0,9,0.849105756224638,0.72026955602537,3,0
208536,"['crop(28, 29, 0, 0)', 'rm_smallCC']",0.310791015625,1,9,0.3644933228593873,0.611328125,29,0,0.11316347361809045,0,6,0.21803989592367737,0.0,0,25
323907,"['crop(0, 0, 37, 38)']",0.4146270751953125,0,6,0.35800242888161043,0.6541748046875,38,0,0.17206923342541436,0,4,0.44901542706634895,0.01330091533180778,0,0
323246,"['crop(0, 0, 13, 14)']",0.2298583984375,0,15,0.2379182156133829,0.5716552734375,14,0,0.1390556768558952,0,13,0.32335623159960747,0.022551546391752577,0,0
323560,"['rm_smallCC', 'edge_clean']",0.1551055908203125,34,50,0.794884407279882,0.10498046875,0,0,0.1509552001953125,0,16,0.8167391084605277,0.102783203125,0,0
324316,"['rm_smallCC', 'edge_clean']",0.2554473876953125,79,99,0.41873245325846725,0.07861328125,0,0,0.2374725341796875,2,24,0.450427295508578,0.0137939453125,0,4
324920,"['crop(0, 12, 0, 0)', 'rm_smallCC', 'edge_clean']",0.404388427734375,9,17,0.9279677005509018,0.927734375,12,0,0.37275870901639346,1,10,0.9171104621199107,0.86175,6,0
324957,"['crop(21, 0, 0, 0)', 'rm_smallCC', 'edge_clean']",0.474853515625,2,10,0.9036632390745502,0.931396484375,21,0,0.41434507978723406,0,9,0.6190075019055642,0.7614562118126272,11,0
326128,"['crop(22, 23, 0, 0)', 'rm_smallCC']",0.4132080078125,1,7,0.23334564254062037,0.6044921875,23,0,0.2875629443127962,0,4,0.40681130496362583,0.026097430406852248,0,0
326189,"['crop(0, 15, 0, 0)', 'rm_smallCC', 'edge_clean']",0.4342041015625,1,10,0.7856339612032611,0.913818359375,15,0,0.37743127593361,0,10,0.7818431675684961,0.6856136820925554,8,0
327142,"['rm_smallCC', 'edge_clean']",0.1910247802734375,101,120,0.5516415049125329,0.2227783203125,1,0,0.1568145751953125,6,24,0.6719859881288314,0.0166015625,0,4
234930,['rm_smallCC'],0.2889862060546875,35,40,0.7046834574159142,0.0941162109375,0,0,0.28436279296875,0,5,0.7161408027473707,0.090087890625,0,0
325202,"['crop(19, 21, 0, 0)', 'rm_smallCC', 'edge_clean']",0.43951416015625,3,16,0.6708096097764199,0.966064453125,21,0,0.29365596064814814,3,21,0.3703658085971179,0.443458686440678,0,0
294167,"['crop(0, 0, 31, 32)', 'rm_smallCC', 'edge_clean']",0.3673248291015625,4,8,0.34075520292443817,0.6318359375,32,0,0.15965025906735753,1,4,0.5600912778904665,0.011135857461024499,0,0
294280,[],0.46685791015625,0,6,0.9167865080402667,0.913818359375,7,0,0.46685791015625,0,6,0.9167865080402667,0.913818359375,7,0
294953,['rm_smallCC'],0.4954833984375,1,6,0.9061037201281104,0.9189453125,6,0,0.4952239990234375,0,5,0.9065783392389463,0.9189453125,6,0
294964,"['rm_smallCC', 'edge_clean']",0.1886444091796875,76,93,0.26619752487260373,0.109130859375,0,0,0.170135498046875,3,20,0.29515695067264575,0.02880859375,0,0
295013,"['rm_smallCC', 'edge_clean']",0.144561767578125,35,49,0.2385476039687566,0.0902099609375,1,0,0.1331024169921875,2,18,0.259085177117964,0.02783203125,0,4
295642,"['crop(0, 0, 23, 24)', 'rm_smallCC', 'edge_clean']",0.3454742431640625,3,10,0.4714456075261693,0.59228515625,24,0,0.19772353468899523,0,7,0.4524057094243312,0.013978494623655914,0,0
295682,"['crop(15, 15, 0, 0)']",0.2353515625,0,6,0.31690871369294604,0.55859375,15,0,0.1338495575221239,0,4,0.631198347107438,0.0,0,22
295899,"['rm_smallCC', 'edge_clean']",0.3575439453125,63,69,0.8383407306247866,0.1138916015625,1,0,0.3377227783203125,6,12,0.8875434871007093,0.0081787109375,0,4
295950,"['crop(19, 19, 0, 0)', 'rm_smallCC']",0.339599609375,1,6,0.34817577282530554,0.57421875,19,0,0.2241255733944954,0,3,0.6195235049568276,0.0,0,10
296928,"['rm_smallCC', 'edge_clean']",0.2669219970703125,32,40,0.5152346652946893,0.1177978515625,1,0,0.2532806396484375,7,12,0.5429845171395867,0.020263671875,0,4
296961,"['crop(0, 0, 32, 33)', 'edge_clean']",0.4002685546875,0,3,0.47991003354681305,0.6312255859375,33,0,0.19555791884816753,0,2,0.5432963815101444,0.010067114093959731,0,4
296968,"['rm_smallCC', 'edge_clean']",0.225372314453125,34,53,0.3838185511171293,0.061767578125,0,0,0.2142791748046875,1,20,0.40368867051199886,0.0146484375,0,4
296995,"['rm_smallCC', 'edge_clean']",0.31793212890625,49,61,0.4476387022461125,0.1455078125,0,0,0.3105621337890625,0,12,0.4582616813246205,0.1339111328125,0,0
297110,"['rm_smallCC', 'edge_clean']",0.294830322265625,46,53,0.9446227098644032,0.1053466796875,0,0,0.2850799560546875,1,8,0.9769308997484344,0.0650634765625,0,0
297642,"['rm_smallCC', 'edge_clean']",0.253448486328125,32,40,0.5780252859723058,0.1009521484375,0,0,0.24993896484375,0,8,0.5861416361416362,0.09765625,0,0
298087,"['rm_smallCC', 'edge_clean']",0.191162109375,100,117,0.30419859514687103,0.0626220703125,0,0,0.170684814453125,6,22,0.3406937242982299,0.0069580078125,0,2
299631,"['crop(0, 0, 15, 12)', 'rm_smallCC', 'edge_clean']",0.271148681640625,0,7,0.5343275182892515,0.5560302734375,15,0,0.18134211244541484,0,5,0.8931426958893801,0.007345360824742268,0,5
300464,"['rm_smallCC', 'edge_clean']",0.126800537109375,34,49,0.342719614921781,0.0469970703125,0,0,0.1170196533203125,0,16,0.3713652366671013,0.0067138671875,0,4
300471,"['rm_smallCC', 'edge_clean']",0.33929443359375,83,100,0.7618276668465551,0.674560546875,6,0,0.328094482421875,1,17,0.7878336898893126,0.664794921875,6,0
300544,"['rm_smallCC', 'edge_clean']",0.1610260009765625,47,70,0.36690988344546577,0.0892333984375,0,0,0.148895263671875,0,23,0.39680262348841977,0.0501708984375,0,0
300614,"['rm_smallCC', 'edge_clean']",0.1610260009765625,47,70,0.36690988344546577,0.0892333984375,0,0,0.148895263671875,0,23,0.39680262348841977,0.0501708984375,0,0
300840,"['rm_smallCC', 'edge_clean']",0.145416259765625,33,49,0.3088142707240294,0.0924072265625,0,0,0.1320648193359375,3,19,0.34003466204506066,0.0135498046875,0,4
301110,"['rm_smallCC', 'edge_clean']",0.3595123291015625,96,126,0.7887186452187938,0.290771484375,1,0,0.341461181640625,2,30,0.8304137992671373,0.2532958984375,1,0
301642,"['crop(19, 20, 0, 0)', 'rm_smallCC', 'edge_clean']",0.46875,0,4,0.8729166666666667,0.9278564453125,20,0,0.33728758640552997,1,8,0.4194908469872445,0.48797568710359407,3,0
301969,"['rm_smallCC', 'edge_clean']",0.127838134765625,107,112,0.6135115779422297,0.06689453125,0,0,0.11578369140625,0,3,0.6773853452820242,0.0067138671875,0,4
302860,"['rm_smallCC', 'edge_clean']",0.3205718994140625,150,162,0.38074158693893095,0.0694580078125,1,0,0.3024749755859375,1,13,0.40352116228623314,0.0030517578125,0,4
302949,"['rm_smallCC', 'edge_clean']",0.358978271484375,149,167,0.656125138145031,0.288330078125,1,0,0.3380279541015625,3,19,0.6967905024150228,0.239501953125,1,0
303067,"['crop(0, 0, 37, 38)']",0.4083251953125,0,4,0.36352765321375186,0.646484375,38,0,0.1631560773480663,0,2,0.716931216931217,0.0,0,14
303202,"['rm_smallCC', 'edge_clean']",0.1375732421875,46,62,0.3765527950310559,0.050048828125,0,0,0.1278076171875,1,16,0.40532473734479463,0.014892578125,0,4
303301,"['crop(0, 0, 40, 40)', 'rm_smallCC']",0.4462127685546875,1,7,0.4660260575180385,0.65625,40,0,0.19406960227272727,0,5,0.38746569075937787,0.024739583333333332,0,0
303356,"['rm_smallCC', 'edge_clean']",0.1471405029296875,32,47,0.33402468111583533,0.085693359375,0,0,0.13525390625,0,15,0.36337996389891697,0.01416015625,0,4
303656,"['rm_smallCC', 'edge_clean']",0.2797698974609375,40,55,0.3027542950640851,0.210205078125,2,0,0.262420654296875,3,19,0.32277008954529596,0.099853515625,0,4
224692,"['rm_smallCC', 'edge_clean']",0.28900146484375,49,65,0.8796198521647307,0.2056884765625,1,0,0.2786407470703125,3,17,0.9123268167132139,0.1551513671875,1,0
224845,"['rm_smallCC', 'edge_clean']",0.3114776611328125,47,70,0.8444128741488267,0.169921875,0,0,0.2982940673828125,5,25,0.881733080976009,0.1243896484375,0,0
234390,"['rm_smallCC', 'edge_clean']",0.1084442138671875,44,64,0.2825383424792458,0.0562744140625,0,0,0.0966339111328125,0,18,0.31706931943786515,0.0025634765625,0,4
327097,"['rm_smallCC', 'edge_clean']",0.462066650390625,33,49,0.9251370451093058,0.784912109375,2,0,0.4580078125,0,16,0.9333355543710021,0.7840576171875,2,0
227501,"['crop(0, 0, 18, 0)', 'edge_clean']",0.4547119140625,0,11,0.44741610738255033,0.87158203125,18,0,0.39863445378151263,0,13,0.5489542160737813,0.6868674089068826,3,0
229826,"['rm_smallCC', 'edge_clean']",0.36053466796875,189,216,0.590274250888776,0.33349609375,2,0,0.3209228515625,17,45,0.6631323697223279,0.130615234375,0,0
236591,"['crop(0, 0, 34, 34)', 'rm_smallCC', 'edge_clean']",0.4101409912109375,2,6,0.33427582871386585,0.6734619140625,34,0,0.19078291223404256,3,5,0.6045523851012852,0.016047297297297296,0,0
237256,"['rm_smallCC', 'edge_clean']",0.1091766357421875,35,40,0.7276030747728861,0.0391845703125,0,0,0.1012725830078125,1,5,0.7843905378936267,0.0009765625,0,4
237601,"['rm_smallCC', 'edge_clean']",0.406524658203125,46,56,0.7554613017040762,0.2099609375,0,0,0.397430419921875,1,11,0.7727482146970744,0.1805419921875,0,0
237834,"['rm_smallCC', 'edge_clean']",0.2280426025390625,121,141,0.36714620274339244,0.2734375,1,0,0.1896209716796875,12,35,0.44153858533837614,0.06201171875,0,4
237836,"['rm_smallCC', 'edge_clean']",0.1981353759765625,49,64,0.7273007316134,0.053466796875,0,0,0.190399169921875,1,15,0.7568520596249398,0.0357666015625,0,0
237875,"['crop(26, 26, 0, 0)', 'rm_smallCC', 'edge_clean']",0.374755859375,20,26,0.4335504885993485,0.612060546875,26,0,0.2092907475490196,2,7,0.97419945105215,0.009510869565217392,0,4
237920,"['rm_smallCC', 'edge_clean']",0.0957489013671875,30,47,0.6530677290836654,0.0460205078125,0,0,0.086395263671875,1,17,0.7237725185446838,0.0054931640625,0,4
238384,"['rm_smallCC', 'edge_clean']",0.2623443603515625,36,46,0.34467515849473623,0.0909423828125,1,0,0.2518310546875,0,12,0.3590644692195831,0.0322265625,0,4
238819,['rm_smallCC'],0.1270599365234375,69,77,0.8292302149633721,0.12158203125,0,0,0.120941162109375,0,8,0.871183446883674,0.1212158203125,0,0
238820,"['rm_smallCC', 'edge_clean']",0.1414337158203125,53,60,0.87808825115978,0.1087646484375,0,0,0.1345062255859375,0,7,0.923312535450936,0.102294921875,0,0
239358,"['rm_smallCC', 'edge_clean']",0.24169921875,238,269,0.5282828282828282,0.1666259765625,0,0,0.1912841796875,12,43,0.6675175494575623,0.0235595703125,0,4
239452,"['rm_smallCC', 'edge_clean']",0.4268798828125,35,38,0.960430368887618,0.282470703125,1,0,0.420440673828125,0,3,0.9751397256296727,0.2490234375,1,0
240012,"['rm_smallCC', 'edge_clean']",0.1441650390625,117,119,0.6363251481795089,0.1068115234375,0,0,0.1234130859375,5,8,0.7433234421364985,0.0220947265625,0,4
240104,"['rm_smallCC', 'edge_clean']",0.1655120849609375,68,90,0.20429611874250944,0.0994873046875,0,0,0.1466827392578125,1,26,0.23052116924997398,0.024169921875,0,4
240156,"['crop(33, 34, 0, 0)']",0.3956146240234375,0,4,0.33571180622517066,0.630859375,34,0,0.18136160714285715,0,2,0.6143589743589744,0.0,0,10
240463,"['crop(23, 24, 0, 0)']",0.317626953125,0,6,0.29515757109915447,0.591796875,24,0,0.16417464114832536,0,4,0.6220400728597449,0.0006720430107526882,0,7
240705,"['rm_smallCC', 'edge_clean']",0.23565673828125,70,104,0.2751877751877752,0.2247314453125,1,0,0.205047607421875,7,43,0.3162673016817979,0.052734375,0,4
240776,"['rm_smallCC', 'edge_clean']",0.3804168701171875,196,237,0.6642733945690105,0.08544921875,0,0,0.352081298828125,0,41,0.7177342463378694,0.0517578125,0,1
240837,"['crop(14, 14, 0, 0)', 'rm_smallCC']",0.2554168701171875,12,18,0.41023956030826214,0.561279296875,14,0,0.1630516721491228,0,4,0.7215509088998634,0.0,0,10
241100,"['crop(51, 52, 0, 0)']",0.4863433837890625,0,7,0.41765757851473034,0.701171875,52,0,0.14054840686274508,0,5,0.5431425976385105,0.0,0,15
241609,"['crop(30, 30, 0, 0)']",0.3205718994140625,0,7,0.3655576181636441,0.6171875,30,0,0.11258370535714286,0,5,0.5000885112409276,0.0005530973451327434,0,7
241752,['rm_smallCC'],0.4816741943359375,161,181,0.6116514081160705,0.7794189453125,8,0,0.4616851806640625,0,20,0.6381333245199458,0.77392578125,8,0
241812,"['rm_smallCC', 'edge_clean']",0.1337738037109375,35,46,0.6354511235314246,0.1055908203125,0,0,0.1283416748046875,0,11,0.6623469266436809,0.0999755859375,0,0
241846,"['crop(25, 25, 0, 0)']",0.3063201904296875,0,8,0.31880448318804483,0.59765625,25,0,0.13795130461165048,0,6,0.40288659793814435,0.0,0,10
242276,"['crop(0, 0, 28, 28)', 'rm_smallCC', 'edge_clean']",0.39593505859375,1,9,0.28013719747186683,0.6241455078125,28,0,0.22380859375,1,7,0.3245483899118597,0.005619517543859649,0,4
242365,"['crop(26, 27, 0, 0)']",0.35137939453125,0,6,0.30015633142261594,0.60498046875,27,0,0.18203509852216748,0,4,0.6236786469344608,0.0016339869281045752,0,5
243333,"['rm_smallCC', 'edge_clean']",0.1748199462890625,35,53,0.3031334555293707,0.0743408203125,1,0,0.162322998046875,2,18,0.32647114119195336,0.0045166015625,0,4
243895,"['rm_smallCC', 'edge_clean']",0.221893310546875,38,47,0.5783248521523862,0.086669921875,0,0,0.208740234375,2,13,0.6147660818713451,0.0260009765625,0,4
244056,"['rm_smallCC', 'edge_clean']",0.2991943359375,38,47,0.853172174622603,0.12109375,0,0,0.2834014892578125,3,13,0.9007160932536478,0.0335693359375,0,1
244139,"['crop(27, 27, 0, 0)', 'rm_smallCC', 'edge_clean']",0.3524627685546875,3,10,0.2992337330620373,0.623779296875,27,0,0.1775990099009901,1,6,0.3246951219512195,0.01869541484716157,0,4
243138,"['rm_smallCC', 'edge_clean']",0.3497161865234375,91,136,0.4770277935337493,0.1336669921875,0,0,0.3330841064453125,2,45,0.5008474964496771,0.0902099609375,0,1
243203,['rm_smallCC'],0.3092498779296875,66,71,0.7392312626437065,0.1337890625,1,0,0.301727294921875,0,5,0.7576615758066148,0.1243896484375,1,0
244355,"['rm_smallCC', 'edge_clean']",0.2710418701171875,230,269,0.44823509542307044,0.1368408203125,0,0,0.2376251220703125,1,39,0.5112695049123483,0.1201171875,0,1
244475,"['rm_smallCC', 'edge_clean']",0.2591094970703125,85,128,0.5729933455037983,0.1947021484375,0,0,0.2412567138671875,1,43,0.6153943457086838,0.1533203125,0,0
244512,['rm_smallCC'],0.2110137939453125,34,42,0.8566056837081495,0.062744140625,0,0,0.20428466796875,0,8,0.8848222288616672,0.0535888671875,0,0
244890,"['rm_smallCC', 'edge_clean']",0.12359619140625,68,79,0.23469135802469135,0.083251953125,0,0,0.107696533203125,0,11,0.26933975630490226,0.0064697265625,0,4
245070,"['crop(34, 34, 0, 0)']",0.4026641845703125,0,4,0.3298344006972602,0.63525390625,34,0,0.18660654920212766,0,2,0.6590580113573099,0.004926801801801802,0,6
245757,"['crop(12, 13, 0, 0)']",0.3617706298828125,0,3,0.7300603146484458,0.548828125,13,0,0.29269818722943725,0,1,1.0,0.005646817248459959,0,4
245767,"['crop(0, 0, 25, 23)', 'rm_smallCC', 'edge_clean']",0.448883056640625,2,10,0.8481881841049698,0.9464111328125,25,0,0.2991473858173077,1,11,0.742419486471216,0.5532058189655172,5,0
245989,"['crop(0, 0, 0, 12)', 'edge_clean']",0.26123046875,0,5,0.3331191588785047,0.544921875,12,0,0.20760758196721313,0,4,0.4397748303516348,0.131,0,4
246003,"['crop(0, 0, 28, 28)', 'rm_smallCC', 'edge_clean']",0.3736724853515625,2,7,0.6057821879211074,0.65673828125,28,0,0.18833984375,0,4,0.5500362957585814,0.0,0,9
246287,['rm_smallCC'],0.396697998046875,56,71,0.8041387799061466,0.9063720703125,8,0,0.391021728515625,0,15,0.8158120658706002,0.9063720703125,8,0
246307,"['rm_smallCC', 'edge_clean']",0.24053955078125,31,51,0.3049352956102512,0.1334228515625,0,0,0.22161865234375,5,28,0.33096942990911593,0.0260009765625,0,4
246653,"['rm_smallCC', 'edge_clean']",0.1749114990234375,40,51,0.4116723370845328,0.1634521484375,0,0,0.153533935546875,2,18,0.4689922480620155,0.0343017578125,0,4
246764,"['rm_smallCC', 'edge_clean']",0.226104736328125,37,49,0.47847212849237414,0.0933837890625,0,0,0.2101593017578125,4,14,0.5147752849778552,0.0087890625,0,4
247679,"['crop(13, 14, 0, 0)']",0.331146240234375,0,4,0.3687217767947655,0.552734375,14,0,0.25228575327510916,0,2,0.5410412440838405,0.0,0,18
247686,"['rm_smallCC', 'edge_clean']",0.2985382080078125,44,64,0.4991055456171735,0.2572021484375,1,0,0.2879486083984375,2,21,0.5174606539134121,0.20556640625,1,0
248960,"['rm_smallCC', 'edge_clean']",0.306121826171875,43,58,0.4946166882663742,0.089111328125,0,0,0.2982025146484375,1,15,0.507752136314793,0.0677490234375,0,0
249011,"['rm_smallCC', 'edge_clean']",0.299224853515625,34,46,0.3946455889852116,0.1448974609375,1,0,0.292877197265625,0,11,0.4031989163280192,0.129150390625,0,0
249572,"['crop(36, 37, 0, 0)', 'rm_smallCC']",0.4135894775390625,1,8,0.3494558199594171,0.6429443359375,37,0,0.1791965505464481,0,5,0.391304347826087,0.00042710706150341686,0,7
250836,"['rm_smallCC', 'edge_clean']",0.2740936279296875,254,304,0.35684462506262876,0.2034912109375,0,0,0.230133056640625,5,60,0.425009945630553,0.1231689453125,0,0
251255,"['crop(30, 30, 0, 0)', 'rm_smallCC']",0.3849334716796875,4,11,0.30443572362944465,0.6195068359375,30,0,0.19553172831632654,0,5,0.5082050759351748,0.00165929203539823,0,6
251912,"['rm_smallCC', 'edge_clean']",0.2124786376953125,51,56,0.629802513464991,0.3006591796875,1,0,0.1902923583984375,5,12,0.7032314970732099,0.1514892578125,0,0
251915,"['rm_smallCC', 'edge_clean']",0.2193450927734375,136,169,0.2740173913043478,0.1649169921875,0,0,0.187896728515625,7,41,0.31987981159655676,0.059814453125,0,0
252233,"['rm_smallCC', 'edge_clean']",0.220733642578125,62,83,0.31909304576247755,0.2401123046875,3,0,0.19854736328125,4,28,0.3547494620350446,0.1142578125,0,4
252407,['rm_smallCC'],0.3143157958984375,42,49,0.8299432011262683,0.1265869140625,1,0,0.3080596923828125,0,7,0.8467977611570657,0.120849609375,1,0
252692,"['rm_smallCC', 'edge_clean']",0.32318115234375,61,84,0.26373937677053827,0.2349853515625,1,0,0.2926177978515625,8,31,0.2912864368775095,0.045654296875,0,4
253075,"['rm_smallCC', 'edge_clean']",0.3077850341796875,39,69,0.37851370779832433,0.17822265625,1,0,0.30078125,1,30,0.3873275162337662,0.154052734375,1,0
253215,"['rm_smallCC', 'edge_clean']",0.218475341796875,327,365,0.2061042044978349,0.0587158203125,0,0,0.179351806640625,2,39,0.25106346775565763,0.020751953125,0,1
253562,"['rm_smallCC', 'edge_clean']",0.229644775390625,48,64,0.6370764119601329,0.103515625,0,0,0.21673583984375,5,22,0.6750211208110392,0.056884765625,0,0
253727,"['crop(0, 0, 15, 12)', 'rm_smallCC', 'edge_clean']",0.4079132080078125,0,3,0.591516103692066,0.93115234375,15,0,0.28718613537117904,0,7,0.6152886671418389,0.2788659793814433,0,4
253836,['rm_smallCC'],0.4900054931640625,3,8,0.8155575623579235,0.8978271484375,10,0,0.4891510009765625,0,5,0.8169822503665346,0.8978271484375,10,0
253922,"['rm_smallCC', 'edge_clean']",0.3344268798828125,34,48,0.44308071360131407,0.094970703125,1,0,0.324127197265625,1,14,0.45716034271725825,0.0633544921875,0,0
253986,"['rm_smallCC', 'edge_clean']",0.2272796630859375,33,42,0.7863041289023163,0.1632080078125,0,0,0.207672119140625,4,13,0.8605437178545188,0.0506591796875,0,0
254451,"['rm_smallCC', 'edge_clean']",0.382537841796875,43,62,0.38284802552852015,0.2490234375,0,0,0.3672027587890625,0,20,0.3988364845210887,0.1663818359375,0,1
254470,"['rm_smallCC', 'edge_clean']",0.2632293701171875,43,53,0.34612486232682166,0.0413818359375,0,0,0.256805419921875,2,10,0.35478312537136064,0.021728515625,0,1
254534,['rm_smallCC'],0.1895599365234375,48,49,0.9867986798679867,0.0640869140625,0,0,0.1870574951171875,0,1,1.0,0.059814453125,0,0
255020,"['rm_smallCC', 'edge_clean']",0.2115936279296875,73,83,0.44710463690776664,0.07373046875,1,0,0.1958160400390625,3,14,0.483129431933297,0.0074462890625,0,4
255035,['rm_smallCC'],0.111541748046875,33,38,0.37852257181942545,0.006591796875,0,0,0.1097412109375,0,5,0.38473303670745274,0.00048828125,0,7
255916,"['rm_smallCC', 'edge_clean']",0.3470916748046875,96,140,0.6736712533520904,0.4345703125,1,0,0.316253662109375,8,54,0.7393611888449291,0.3048095703125,1,0
256065,['rm_smallCC'],0.2963409423828125,57,70,0.9039699294578034,0.2108154296875,0,0,0.2901763916015625,0,13,0.9231740022085503,0.2103271484375,0,0
256812,"['crop(0, 0, 20, 21)', 'rm_smallCC', 'edge_clean']",0.3590087890625,26,33,0.5219738184291057,0.74951171875,21,0,0.19992732558139534,0,7,0.7221010541621229,0.0,0,9
257296,"['rm_smallCC', 'edge_clean']",0.0782470703125,30,34,0.6370904836193447,0.0411376953125,0,0,0.071563720703125,3,5,0.696588486140725,0.0062255859375,0,0
257448,"['rm_smallCC', 'edge_clean']",0.24456787109375,144,175,0.7017095083603694,0.1265869140625,0,0,0.218994140625,4,33,0.7836538461538461,0.0804443359375,0,0
257555,"['rm_smallCC', 'edge_clean']",0.2449798583984375,51,60,0.8944876985362815,0.120361328125,1,0,0.2271270751953125,1,12,0.9647967752771246,0.015625,0,4
258859,"['crop(0, 0, 16, 16)', 'rm_smallCC', 'edge_clean']",0.2167816162109375,1,7,0.6938129091293025,0.740234375,16,0,0.07591029575892858,1,6,0.4631288766368022,0.0020833333333333333,0,4
259085,"['rm_smallCC', 'edge_clean']",0.234161376953125,78,87,0.8050957904339893,0.0848388671875,0,0,0.217193603515625,1,12,0.8679921315160882,0.0267333984375,0,4
257957,"['crop(30, 31, 0, 0)', 'rm_smallCC', 'edge_clean']",0.3901214599609375,5,11,0.6990260883169711,0.82568359375,31,0,0.15665064102564102,16,24,0.4731457800511509,0.026053215077605323,0,4
259544,"['rm_smallCC', 'edge_clean']",0.28106689453125,46,66,0.2622692725298589,0.180908203125,1,0,0.2593841552734375,12,32,0.28419318783457853,0.05419921875,0,4
259674,['edge_clean'],0.5014495849609375,0,2,0.5421903052064632,0.2432861328125,0,0,0.5012054443359375,0,2,0.5424544098395592,0.2413330078125,0,0
259737,['rm_smallCC'],0.255615234375,99,123,0.6507879656160458,0.090576171875,0,0,0.2384185791015625,0,24,0.697728,0.0877685546875,0,0
259819,"['rm_smallCC', 'edge_clean']",0.3462982177734375,37,57,0.38598810310641113,0.23291015625,0,0,0.33367919921875,1,21,0.40058533016279496,0.1611328125,0,0
260866,"['rm_smallCC', 'edge_clean']",0.1331024169921875,45,53,0.45294050212083,0.0665283203125,0,0,0.123046875,4,12,0.48995535714285715,0.008056640625,0,4
260987,"['rm_smallCC', 'edge_clean']",0.128814697265625,55,65,0.41885809049988154,0.10595703125,0,0,0.11444091796875,6,17,0.47146666666666665,0.0284423828125,0,0
260306,"['rm_smallCC', 'edge_clean']",0.3928985595703125,60,75,0.8953357411938327,0.2333984375,0,0,0.3830413818359375,0,15,0.9183762896864917,0.20654296875,0,0
260565,"['crop(0, 0, 46, 46)', 'rm_smallCC', 'edge_clean']",0.4697723388671875,3,6,0.783285152824244,0.74609375,46,0,0.15863185975609756,0,3,0.9009009009009009,0.0,0,10
261186,"['rm_smallCC', 'edge_clean']",0.168212890625,135,139,0.6513969521044993,0.08349609375,0,0,0.1590576171875,0,4,0.6888910207214122,0.0760498046875,0,0
261564,"['crop(32, 27, 0, 0)', 'rm_smallCC', 'edge_clean']",0.3199462890625,1,6,0.8246375429225486,0.7218017578125,32,0,0.07871986040609137,0,5,0.46045340050377837,0.04470198675496689,0,4
261648,"['rm_smallCC', 'edge_clean']",0.298431396484375,93,100,0.9353205849268842,0.0577392578125,1,0,0.283050537109375,1,7,0.986145552560647,0.0003662109375,0,4
262724,['rm_smallCC'],0.2522125244140625,55,57,0.8257002843487204,0.214599609375,1,0,0.2445220947265625,0,2,0.8516692667706708,0.205810546875,1,0
262980,"['rm_smallCC', 'edge_clean']",0.3477630615234375,96,103,0.4822517660480014,0.127685546875,0,0,0.3254547119140625,8,15,0.5153077968962445,0.0203857421875,0,4
263067,"['rm_smallCC', 'edge_clean']",0.272491455078125,41,62,0.4512263411356255,0.2608642578125,2,0,0.263580322265625,2,22,0.46648141715873565,0.2281494140625,2,0
263529,"['rm_smallCC', 'edge_clean']",0.257781982421875,33,53,0.8984846691132946,0.15283203125,0,0,0.2525177001953125,0,20,0.9172155417245755,0.1468505859375,0,0
263656,"['rm_smallCC', 'edge_clean']",0.4087066650390625,88,134,0.23711032294194512,0.0567626953125,0,0,0.392364501953125,1,46,0.2469860776230847,0.0255126953125,0,4
263842,"['rm_smallCC', 'edge_clean']",0.159759521484375,38,51,0.32531041069723016,0.0509033203125,0,0,0.14984130859375,2,14,0.3468431771894094,0.006103515625,0,4
264188,"['rm_smallCC', 'edge_clean']",0.4447784423828125,86,107,0.8598922776081512,0.1463623046875,0,0,0.4306640625,0,21,0.8880739795918368,0.10107421875,0,0
266223,"['rm_smallCC', 'edge_clean']",0.35552978515625,34,46,0.8972532188841201,0.2060546875,1,0,0.332244873046875,6,16,0.9601359419491137,0.0390625,0,0
265680,"['rm_smallCC', 'edge_clean']",0.1607666015625,52,62,0.40480258162490507,0.157958984375,0,0,0.139312744140625,13,23,0.46714129244249725,0.0361328125,0,0
267006,"['rm_smallCC', 'edge_clean']",0.2052459716796875,31,39,0.577875250910713,0.1324462890625,1,0,0.195098876953125,0,7,0.6079305490380104,0.0762939453125,0,3
268121,['rm_smallCC'],0.2639007568359375,51,61,0.703440300664932,0.1136474609375,0,0,0.2572784423828125,0,10,0.721546764723326,0.109619140625,0,0
269791,"['rm_smallCC', 'edge_clean']",0.353607177734375,34,45,0.6172434625010788,0.17919921875,0,0,0.3469085693359375,1,12,0.629162084891137,0.1436767578125,0,1
268816,"['rm_smallCC', 'edge_clean']",0.162384033203125,118,150,0.3176094719037775,0.0389404296875,0,0,0.14654541015625,0,32,0.35193669304456476,0.0169677734375,0,4
268937,"['crop(45, 45, 0, 0)', 'edge_clean']",0.4596405029296875,0,6,0.8300634066992,0.70068359375,45,0,0.16128576807228914,0,6,0.31237233732127223,0.006812796208530806,0,4
269122,"['crop(20, 21, 0, 0)', 'rm_smallCC', 'edge_clean']",0.2583465576171875,46,62,0.6530624298623826,0.6090087890625,21,0,0.10158066860465116,5,22,0.2529064568055804,0.007032908704883227,0,4
268411,"['crop(0, 0, 0, 18)', 'edge_clean']",0.491973876953125,0,4,0.9691706469821971,0.9144287109375,18,0,0.4467896533613445,0,5,0.879105135552127,0.7955465587044535,9,0
268413,"['crop(0, 0, 45, 46)', 'rm_smallCC', 'edge_clean']",0.4876556396484375,5,8,0.7416377233330205,0.72607421875,46,0,0.1948626893939394,0,2,0.8779006196087961,0.005195961995249406,0,3
268451,"['rm_smallCC', 'edge_clean']",0.4635467529296875,44,72,0.6639784061358175,0.1907958984375,0,0,0.4519500732421875,3,29,0.6810155643337047,0.150390625,0,0
268466,"['crop(0, 0, 20, 19)', 'rm_smallCC', 'edge_clean']",0.4709625244140625,62,100,0.7891786813542848,0.8660888671875,20,0,0.3594290034562212,8,49,0.675564681724846,0.6211680761099366,2,0
268612,"['rm_smallCC', 'edge_clean']",0.2764434814453125,46,74,0.5385549483910139,0.12353515625,0,0,0.261749267578125,5,33,0.5687886207298589,0.055908203125,0,4
268653,"['rm_smallCC', 'edge_clean']",0.345733642578125,220,254,0.28065142554506134,0.2110595703125,1,0,0.29620361328125,20,57,0.32758087780754175,0.044921875,0,4
268715,"['rm_smallCC', 'edge_clean']",0.178131103515625,51,59,0.3262806236080178,0.1885986328125,0,0,0.1624908447265625,0,7,0.35768616771527845,0.085205078125,0,4
268759,"['crop(0, 0, 18, 18)', 'rm_smallCC', 'edge_clean']",0.3405609130859375,1,9,0.5225144495721135,0.8406982421875,18,0,0.19664417613636365,9,19,0.2581489841986456,0.058823529411764705,0,4
269872,"['rm_smallCC', 'edge_clean']",0.353607177734375,34,45,0.6172434625010788,0.17919921875,0,0,0.3469085693359375,1,12,0.629162084891137,0.1436767578125,0,1
270071,"['rm_smallCC', 'edge_clean']",0.140106201171875,56,80,0.3032019167937269,0.1407470703125,0,0,0.122772216796875,3,28,0.3460104399701715,0.054931640625,0,0
270172,"['rm_smallCC', 'edge_clean']",0.4047088623046875,50,79,0.5018286015910719,0.1973876953125,0,0,0.3933868408203125,0,29,0.5162716729374346,0.168212890625,0,0
271119,"['crop(0, 0, 39, 40)', 'rm_smallCC', 'edge_clean']",0.41400146484375,2,6,0.7563025210084033,0.694580078125,40,0,0.1457229872881356,0,3,0.6383462062698774,0.0043302540415704385,0,4
271548,"['crop(24, 24, 0, 0)', 'rm_smallCC', 'edge_clean']",0.314117431640625,3,7,0.7001360147673176,0.833251953125,24,0,0.12075570913461539,6,13,0.40855365474339034,0.03879310344827586,0,4
271684,"['rm_smallCC', 'edge_clean']",0.2486724853515625,89,108,0.4568939068540222,0.2381591796875,1,0,0.2213287353515625,11,30,0.513340227507756,0.0810546875,0,4
272120,"['crop(24, 18, 0, 0)', 'rm_smallCC', 'edge_clean']",0.2620086669921875,0,8,0.7916254149438006,0.8812255859375,24,0,0.09623247663551401,0,9,0.2822458270106222,0.2422872340425532,5,0
272205,"['rm_smallCC', 'edge_clean']",0.270538330078125,83,122,0.2972927241962775,0.210205078125,2,0,0.245147705078125,10,47,0.32808415286941367,0.0943603515625,0,4
272287,"['crop(33, 33, 0, 0)', 'rm_smallCC', 'edge_clean']",0.4229888916015625,0,6,0.7129252191479384,0.9310302734375,33,0,0.1824424342105263,2,10,0.3255578093306288,0.1335482062780269,0,4
272487,"['crop(25, 22, 0, 0)', 'rm_smallCC', 'edge_clean']",0.2974395751953125,0,10,0.7705330118504078,0.9222412109375,25,0,0.10210451555023924,0,11,0.29654036243822074,0.1381720430107527,0,4
272504,"['rm_smallCC', 'edge_clean']",0.1128997802734375,46,53,0.46060278416002165,0.0582275390625,0,0,0.101043701171875,2,9,0.5146481425551193,0.004150390625,0,4
273267,"['rm_smallCC', 'edge_clean']",0.2711181640625,41,60,0.48429761368752816,0.0736083984375,1,0,0.2585296630859375,0,19,0.5078793602077554,0.013671875,0,4
273961,"['rm_smallCC', 'edge_clean']",0.2360687255859375,46,56,0.4101868011117575,0.0218505859375,0,0,0.229339599609375,1,10,0.4222222222222222,0.015625,0,0
275269,"['rm_smallCC', 'edge_clean']",0.441650390625,62,109,0.35306108347153126,0.22412109375,1,0,0.4163970947265625,4,52,0.3744732309721866,0.086669921875,0,4
275489,['rm_smallCC'],0.2127685546875,37,45,0.9608433734939759,0.1319580078125,0,0,0.209442138671875,0,8,0.9761037447180533,0.128662109375,0,0
276050,['rm_smallCC'],0.332183837890625,32,42,0.9557648139641709,0.091796875,0,0,0.3281402587890625,0,10,0.9675424319925598,0.08984375,0,0
276382,"['rm_smallCC', 'edge_clean']",0.2629852294921875,34,56,0.5180736872642878,0.0682373046875,0,0,0.2507781982421875,1,23,0.5432917554000608,0.0194091796875,0,2
276401,"['rm_smallCC', 'edge_clean']",0.3896484375,78,104,0.8230733082706767,0.4517822265625,2,0,0.3704833984375,3,32,0.8656507413509061,0.3861083984375,2,0
276718,"['rm_smallCC', 'edge_clean']",0.2494659423828125,81,113,0.3657716068261056,0.1954345703125,0,0,0.2251434326171875,9,38,0.4052863436123348,0.07470703125,0,0
277180,"['rm_smallCC', 'edge_clean']",0.0802459716796875,44,66,0.18596691386195094,0.06396484375,0,0,0.0679779052734375,1,23,0.21952861952861952,0.006591796875,0,4
277441,"['rm_smallCC', 'edge_clean']",0.244049072265625,110,123,0.8582593472552207,0.11474609375,0,0,0.2262115478515625,0,13,0.9259359190556492,0.0950927734375,0,0
277628,"['crop(22, 24, 0, 0)', 'rm_smallCC', 'edge_clean']",0.3097686767578125,4,12,0.6994729323678637,0.8651123046875,24,0,0.12291666666666666,0,9,0.30599273607748184,0.07577789699570815,0,4
277652,"['rm_smallCC', 'edge_clean']",0.2277069091796875,33,43,0.549420357836896,0.1126708984375,0,0,0.2122802734375,1,11,0.5893473260494537,0.0177001953125,0,4
277675,"['crop(18, 14, 15, 0)', 'rm_smallCC', 'edge_clean']",0.46588134765625,3,10,0.8512707978514346,0.9766845703125,18,0,0.3259299051570836,1,14,0.4477408354646206,0.5497311827956989,5,0
277683,"['rm_smallCC', 'edge_clean']",0.2277069091796875,33,43,0.549420357836896,0.1126708984375,0,0,0.2122802734375,1,11,0.5893473260494537,0.0177001953125,0,4
277700,"['rm_smallCC', 'edge_clean']",0.1133575439453125,55,59,0.887468030690537,0.019775390625,0,0,0.106536865234375,0,3,0.9442853050701805,0.0035400390625,0,4
279126,"['rm_smallCC', 'edge_clean']",0.37005615234375,87,132,0.25936005277915225,0.201904296875,0,0,0.3493194580078125,5,46,0.2747564757786223,0.125732421875,0,2
279741,"['rm_smallCC', 'edge_clean']",0.2266998291015625,39,43,0.4864373695900922,0.0809326171875,0,0,0.215667724609375,4,7,0.5113202207443045,0.0123291015625,0,4
279816,"['crop(15, 14, 0, 0)', 'rm_smallCC', 'edge_clean']",0.244720458984375,0,5,0.6805087916199027,0.9193115234375,15,0,0.1317111784140969,0,6,0.26391429318003656,0.3451086956521739,6,0
278617,['rm_smallCC'],0.2068634033203125,45,67,0.8363207199232868,0.0113525390625,0,4,0.197174072265625,0,22,0.8774183562915957,0.009765625,0,4
278861,"['crop(33, 32, 0, 0)', 'rm_smallCC', 'edge_clean']",0.3980865478515625,1,5,0.7334892100118824,0.908935546875,33,0,0.1574157395287958,1,6,0.4581005586592179,0.10892058165548098,0,4
278889,"['crop(43, 43, 0, 0)', 'rm_smallCC', 'edge_clean']",0.4798431396484375,0,6,0.7883740897382898,0.932373046875,43,0,0.17886029411764706,1,8,0.35213257965056527,0.12191901408450705,0,4
278954,"['crop(22, 21, 0, 0)', 'rm_smallCC', 'edge_clean']",0.3513031005859375,0,3,0.5904530252356339,0.8492431640625,22,0,0.18084286971830985,0,5,0.4813913396207281,0.06023454157782516,0,4
280820,['rm_smallCC'],0.208953857421875,43,51,0.8061924930626552,0.1239013671875,0,0,0.202911376953125,0,8,0.8302000300797112,0.11865234375,0,0
281188,['rm_smallCC'],0.2403564453125,45,54,0.33329101066531236,0.0555419921875,0,0,0.234649658203125,0,9,0.3413968006242684,0.0496826171875,0,0
281573,"['rm_smallCC', 'edge_clean']",0.36468505859375,35,43,0.9315062761506276,0.1148681640625,0,0,0.3596038818359375,0,7,0.9446683922433912,0.10888671875,0,0
281627,"['crop(20, 21, 0, 0)', 'rm_smallCC', 'edge_clean']",0.325439453125,5,7,0.5584677419354839,0.7396240234375,21,0,0.1706577034883721,1,3,0.9963802831896093,0.0009288747346072187,0,4
281924,"['rm_smallCC', 'edge_clean']",0.1518402099609375,59,65,0.46919907546980205,0.129150390625,0,0,0.1388702392578125,2,8,0.5130205471926162,0.059326171875,0,4
282014,"['rm_smallCC', 'edge_clean']",0.162933349609375,30,41,0.6235250046825248,0.0673828125,0,0,0.15313720703125,0,10,0.663411717815863,0.0146484375,0,4
282070,"['rm_smallCC', 'edge_clean']",0.162933349609375,30,41,0.6235250046825248,0.0673828125,0,0,0.15313720703125,0,10,0.663411717815863,0.0146484375,0,4
282270,['rm_smallCC'],0.303985595703125,44,50,0.6348760164642104,0.16357421875,0,0,0.2961273193359375,0,6,0.6517236048848354,0.1573486328125,0,0
282334,"['crop(19, 19, 0, 0)', 'rm_smallCC', 'edge_clean']",0.2635345458984375,1,9,0.70100167911528,0.848876953125,19,0,0.10077408256880734,4,13,0.3150782361308677,0.06513713080168776,0,4
282347,"['rm_smallCC', 'edge_clean']",0.2146759033203125,37,51,0.4232710213945554,0.1500244140625,1,0,0.1950225830078125,15,30,0.4659259838823253,0.03271484375,0,4
282538,"['crop(19, 18, 0, 0)', 'rm_smallCC', 'edge_clean']",0.2660369873046875,3,9,0.7350731287639805,0.955078125,19,0,0.12198558789954338,0,7,0.24491884778476386,0.3148684210526316,7,0
283794,"['crop(15, 12, 0, 0)', 'rm_smallCC', 'edge_clean']",0.5182647705078125,239,291,0.37559252171352864,0.763427734375,15,0,0.39117085152838427,25,98,0.464111285539857,0.1125,0,0
284645,"['crop(0, 12, 0, 0)', 'rm_smallCC']",0.2164764404296875,2,13,0.6934517516035807,0.89794921875,12,0,0.17776639344262296,0,11,0.6101404899135446,0.72275,11,0
284698,"['crop(0, 0, 26, 27)', 'rm_smallCC', 'edge_clean']",0.3176116943359375,2,9,0.7922171510929618,0.9158935546875,27,0,0.09984990763546799,1,10,0.6679514357294276,0.1270424836601307,0,4
284784,"['rm_smallCC', 'edge_clean']",0.1028900146484375,52,63,0.6635028918878837,0.0435791015625,0,0,0.0933685302734375,1,13,0.731165223075666,0.008544921875,0,4
285236,"['crop(0, 0, 29, 26)', 'rm_smallCC', 'edge_clean']",0.384063720703125,3,11,0.31183949145808504,0.668701171875,29,0,0.20879975124378108,0,7,0.608060312732688,0.02338621444201313,0,4
286568,"['rm_smallCC', 'edge_clean']",0.180816650390625,47,73,0.2680168776371308,0.0762939453125,1,0,0.165985107421875,4,31,0.2919654348225777,0.009033203125,0,4
286767,"['rm_smallCC', 'edge_clean']",0.2760467529296875,87,120,0.23884804598971865,0.1756591796875,0,0,0.251800537109375,13,46,0.26184704884256454,0.06884765625,0,0
287065,"['rm_smallCC', 'edge_clean']",0.1140289306640625,34,53,0.2566572996119363,0.1634521484375,1,0,0.096923828125,13,32,0.3019521410579345,0.04296875,0,4
285881,"['rm_smallCC', 'edge_clean']",0.4177703857421875,75,102,0.8793235691588444,0.78466796875,11,0,0.401947021484375,5,28,0.9139397160428213,0.7457275390625,11,0
285932,[],0.4677734375,0,2,0.9741323068893528,0.8819580078125,8,0,0.4677734375,0,2,0.9741323068893528,0.8819580078125,8,0
285939,"['rm_smallCC', 'edge_clean']",0.3995513916015625,217,274,0.5851059767042199,0.5245361328125,2,0,0.3697052001953125,2,58,0.6323414090552644,0.4942626953125,2,0
287090,"['rm_smallCC', 'edge_clean']",0.26666259765625,36,50,0.5172808422980087,0.08251953125,0,0,0.2550048828125,5,19,0.5409286740067017,0.0185546875,0,4
290053,"['rm_smallCC', 'edge_clean']",0.28436279296875,32,38,0.5092831079630822,0.212890625,0,0,0.272430419921875,1,7,0.5315895597625182,0.153564453125,0,0
290476,"['crop(30, 30, 0, 0)']",0.339752197265625,0,5,0.3449205066019941,0.6171875,30,0,0.1376355229591837,0,3,0.6924413553431799,0.0,0,12
288442,"['crop(0, 0, 13, 18)', 'rm_smallCC', 'edge_clean']",0.4947509765625,13,20,0.9208610905502097,0.9520263671875,18,0,0.39255208333333336,1,14,0.5120516562734952,0.5818607068607069,5,0
289053,"['rm_smallCC', 'edge_clean']",0.2593994140625,31,53,0.5027647058823529,0.1514892578125,0,0,0.2459716796875,2,24,0.5302109181141439,0.082275390625,0,0
289506,"['crop(27, 28, 0, 0)', 'rm_smallCC']",0.26800537109375,1,7,0.40856296971077205,0.6083984375,28,0,0.06755286069651742,0,5,0.48762945914844646,0.0,0,26
289568,"['crop(13, 13, 0, 0)', 'rm_smallCC']",0.2831878662109375,1,5,0.3348779567864648,0.55078125,13,0,0.20212296195652174,0,2,0.5222250231073019,0.004886831275720165,0,3
289832,"['rm_smallCC', 'edge_clean']",0.245941162109375,69,88,0.3875170616701824,0.1802978515625,1,0,0.2322540283203125,1,19,0.4103541160239143,0.1671142578125,1,0
291656,"['crop(0, 0, 14, 12)', 'rm_smallCC', 'edge_clean']",0.4208984375,0,6,0.6716937354988399,0.9132080078125,14,0,0.32900815217391305,0,9,0.3573198430724757,0.525977366255144,3,0
291735,"['crop(0, 0, 27, 27)', 'rm_smallCC', 'edge_clean']",0.47332763671875,45,51,0.9768214055448098,0.7044677734375,27,0,0.3126933787128713,3,15,0.8338280766852195,0.13687227074235808,0,0
290576,"['crop(0, 0, 0, 12)', 'rm_smallCC', 'edge_clean']",0.3500213623046875,2,6,0.49143380269410175,0.5928955078125,12,0,0.3003650102459016,0,3,0.6008421277049355,0.180125,0,0
290634,"['crop(16, 17, 0, 0)', 'rm_smallCC', 'edge_clean']",0.30865478515625,4,13,0.21514732054577812,0.5733642578125,17,0,0.2055072869955157,0,7,0.2789805659734061,0.004566805845511482,0,4
292387,"['crop(14, 0, 0, 0)', 'rm_smallCC', 'edge_clean']",0.4347381591796875,7,17,0.9419114808185041,0.9049072265625,14,0,0.39106082128099173,1,12,0.8121104552771701,0.7487449799196787,9,0
293353,"['crop(24, 35, 0, 14)', 'rm_smallCC', 'edge_clean']",0.478759765625,4,7,0.8852307496175421,0.96923828125,35,0,0.2581910475311491,0,5,0.35697457145178324,0.4571469248291572,3,0
293513,"['rm_smallCC', 'edge_clean']",0.5034332275390625,2,7,0.4307580395841542,0.2884521484375,0,0,0.4908447265625,0,5,0.44180552101467296,0.1883544921875,0,0
293623,"['rm_smallCC', 'edge_clean']",0.2219696044921875,132,171,0.14786553928645083,0.1219482421875,0,0,0.1989288330078125,3,40,0.1649919459998466,0.080322265625,0,3
293970,"['rm_smallCC', 'edge_clean']",0.3014678955078125,66,96,0.830186769246343,0.2646484375,1,0,0.290191650390625,1,30,0.8624461036912399,0.2481689453125,1,0
293997,"['crop(19, 28, 0, 0)', 'rm_smallCC', 'edge_clean']",0.473480224609375,1,11,0.9429262004511763,0.9454345703125,28,0,0.32020035885167464,3,16,0.4189820219472333,0.45336021505376345,2,0
294067,"['crop(0, 0, 25, 23)', 'edge_clean']",0.4738311767578125,0,3,0.4436930409300229,0.8958740234375,25,0,0.29676231971153844,3,9,0.630173395772687,0.27734375,0,4
303926,"['rm_smallCC', 'edge_clean']",0.167083740234375,66,77,0.723744292237443,0.1077880859375,0,0,0.1571044921875,1,11,0.7697163947163947,0.093994140625,0,0
303983,"['rm_smallCC', 'edge_clean']",0.120269775390625,60,65,0.5614057345851307,0.0548095703125,0,0,0.1094970703125,0,5,0.6166387959866221,0.0054931640625,0,0
304486,['rm_smallCC'],0.3334503173828125,70,74,0.9576259552464192,0.1300048828125,0,0,0.3246307373046875,0,4,0.9836427732079907,0.12744140625,0,0
304510,"['crop(26, 27, 0, 0)']",0.360443115234375,0,6,0.30962661925323853,0.603515625,27,0,0.1934652093596059,0,4,0.7274716530734037,0.0,0,14
304552,"['rm_smallCC', 'edge_clean']",0.24456787109375,65,80,0.9113426503618667,0.22412109375,0,0,0.2333831787109375,3,15,0.9550179797319386,0.2086181640625,0,0
305768,"['rm_smallCC', 'edge_clean']",0.1312255859375,40,57,0.23069767441860464,0.0838623046875,0,0,0.1175079345703125,2,18,0.25762887936631607,0.0111083984375,0,4
304941,"['crop(0, 0, 14, 14)', 'rm_smallCC', 'edge_clean']",0.41204833984375,119,145,0.8454303066212413,0.7376708984375,14,0,0.2914782072368421,15,55,0.6753071180861694,0.18427169421487602,0,0
306128,"['rm_smallCC', 'edge_clean']",0.20294189453125,287,311,0.22669172932330828,0.1473388671875,0,0,0.1621246337890625,16,35,0.2837647058823529,0.03857421875,0,4
306364,"['rm_smallCC', 'edge_clean']",0.13726806640625,31,49,0.7947976878612717,0.039306640625,0,0,0.129119873046875,4,20,0.8449539116048216,0.0159912109375,0,4
306386,"['crop(20, 0, 0, 0)', 'rm_smallCC', 'edge_clean']",0.4957122802734375,3,9,0.9705112814356511,0.9150390625,20,0,0.4443193855932203,0,8,0.842087617344658,0.7898882113821138,4,0
306990,"['rm_smallCC', 'edge_clean']",0.35003662109375,139,177,0.23578901482127287,0.18798828125,0,0,0.3190460205078125,12,55,0.25869242909751783,0.077880859375,0,4
307057,"['rm_smallCC', 'edge_clean']",0.191253662109375,72,91,0.2379926599648955,0.080810546875,0,0,0.1742706298828125,3,22,0.2611855354172139,0.022216796875,0,4
307172,"['rm_smallCC', 'edge_clean']",0.2167816162109375,38,53,0.2750756669247554,0.0496826171875,0,0,0.208770751953125,1,16,0.28563075573746527,0.0089111328125,0,3
307213,['rm_smallCC'],0.2853851318359375,39,49,0.9446078169277656,0.0614013671875,0,0,0.2813262939453125,0,10,0.9582361555567609,0.0594482421875,0,0
307576,"['crop(19, 0, 29, 19)', 'rm_smallCC', 'edge_clean']",0.375335693359375,1,7,0.7579478006341979,0.98388671875,29,0,0.13907822135670236,4,12,0.41817386231038506,0.10646067415730337,0,4
307617,"['rm_smallCC', 'edge_clean']",0.3334808349609375,39,54,0.657744223289865,0.324951171875,2,0,0.3238677978515625,3,15,0.6772673733804476,0.281005859375,2,0
307838,"['rm_smallCC', 'edge_clean']",0.385223388671875,70,101,0.6486968232591301,0.3082275390625,0,0,0.3740081787109375,1,31,0.6681489943290767,0.2669677734375,0,0
309251,"['rm_smallCC', 'edge_clean']",0.183563232421875,74,88,0.34463840399002493,0.17578125,1,0,0.1566925048828125,16,31,0.4037394098743792,0.033447265625,0,4
309778,"['crop(0, 0, 12, 12)', 'rm_smallCC']",0.15155029296875,4,18,0.7165726943213854,0.6656494140625,12,0,0.06253367456896551,0,14,0.26198169089929996,0.1328125,3,0
309984,"['rm_smallCC', 'edge_clean']",0.22955322265625,76,111,0.3889922892847647,0.11865234375,0,0,0.2150421142578125,0,35,0.4152416093095863,0.1007080078125,0,0
310086,"['rm_smallCC', 'edge_clean']",0.18841552734375,43,55,0.6568675089083252,0.1053466796875,0,0,0.180999755859375,1,13,0.6837801382566178,0.0748291015625,0,0
310390,"['rm_smallCC', 'edge_clean']",0.2593231201171875,149,168,0.3399235069137982,0.1470947265625,0,0,0.232177734375,2,21,0.3796661409043113,0.0687255859375,0,4
310552,"['rm_smallCC', 'edge_clean']",0.1285400390625,32,46,0.23682336182336183,0.0780029296875,0,0,0.1164398193359375,6,21,0.2614336259992137,0.017822265625,0,4
311119,"['rm_smallCC', 'edge_clean']",0.2508087158203125,31,41,0.4067652247977125,0.2279052734375,1,0,0.22637939453125,13,22,0.45066055540576977,0.050537109375,0,4
311261,"['crop(16, 13, 0, 0)', 'rm_smallCC', 'edge_clean']",0.45037841796875,78,115,0.5995053530288657,0.8604736328125,16,0,0.32939840308370044,14,60,0.20556890607042105,0.2580227743271222,0,0
311414,"['rm_smallCC', 'edge_clean']",0.1085205078125,31,54,0.10897075365579302,0.041748046875,0,0,0.101104736328125,0,23,0.11696347721098702,0.010498046875,0,4
311519,"['rm_smallCC', 'edge_clean']",0.171875,49,64,0.3797940340909091,0.0400390625,0,0,0.1635894775390625,1,16,0.39902994123682495,0.0037841796875,0,4
311571,"['rm_smallCC', 'edge_clean']",0.255401611328125,70,90,0.4794479627195603,0.183837890625,1,0,0.2405548095703125,3,23,0.5090390104662227,0.139892578125,1,0
311656,"['rm_smallCC', 'edge_clean']",0.2274017333984375,54,70,0.6210830034221297,0.2415771484375,1,0,0.2116241455078125,4,18,0.6673876991852332,0.1617431640625,1,0
312030,"['rm_smallCC', 'edge_clean']",0.2083282470703125,49,56,0.6975023804292096,0.0457763671875,0,0,0.19921875,1,9,0.7293964460784313,0.0064697265625,0,4
312214,"['crop(36, 34, 35, 20)', 'rm_smallCC', 'edge_clean']",0.501312255859375,2,10,0.909752237170512,1.0,36,0,0.08623548922056384,0,10,0.3467741935483871,0.029554263565891473,0,4
313303,"['rm_smallCC', 'edge_clean']",0.1201629638671875,42,45,0.4987936507936508,0.0419921875,0,0,0.11419677734375,0,3,0.5248530197755211,0.0147705078125,0,4
313859,"['rm_smallCC', 'edge_clean']",0.209442138671875,37,54,0.32733498470056827,0.0654296875,0,0,0.19805908203125,2,19,0.34614791987673343,0.0123291015625,0,4
313924,"['rm_smallCC', 'edge_clean']",0.1725921630859375,39,55,0.3880293519582707,0.1092529296875,1,0,0.159576416015625,1,17,0.41967871485943775,0.043701171875,0,4
314847,"['rm_smallCC', 'edge_clean']",0.2519073486328125,51,67,0.4532073414501181,0.1207275390625,1,0,0.235382080078125,2,21,0.485025281991443,0.045654296875,0,0
315065,"['crop(0, 0, 22, 0)', 'rm_smallCC', 'edge_clean']",0.215728759765625,0,10,0.44108077521573064,0.3983154296875,22,0,0.11937433226495726,3,11,0.31771780170605507,0.0026785714285714286,0,4
315545,"['rm_smallCC', 'edge_clean']",0.3097076416015625,67,79,0.7464157264620387,0.1142578125,1,0,0.2933807373046875,3,15,0.7879544390700577,0.0240478515625,0,0
315570,"['rm_smallCC', 'edge_clean']",0.16180419921875,45,64,0.2963032817804602,0.2177734375,1,0,0.1346893310546875,10,26,0.35595332502549,0.0338134765625,0,4
314125,"['rm_smallCC', 'edge_clean']",0.263824462890625,36,59,0.305668016194332,0.155517578125,0,0,0.24847412109375,3,27,0.32455170719724885,0.0718994140625,0,0
314186,"['rm_smallCC', 'edge_clean']",0.2139434814453125,35,52,0.4491120462163897,0.063720703125,0,0,0.2030487060546875,3,20,0.47320958893815285,0.0089111328125,0,4
314242,"['rm_smallCC', 'edge_clean']",0.233551025390625,270,299,0.2587874036325624,0.2279052734375,0,0,0.2041473388671875,0,29,0.2960609911054638,0.2138671875,0,0
314344,"['rm_smallCC', 'edge_clean']",0.3087310791015625,40,47,0.9531458508377403,0.146240234375,0,0,0.3028564453125,0,7,0.9716344216041919,0.13330078125,0,0
316742,"['rm_smallCC', 'edge_clean']",0.26837158203125,48,57,0.7843984534910166,0.1175537109375,1,0,0.2518463134765625,8,17,0.835867918812481,0.0208740234375,0,4
317403,"['crop(0, 0, 19, 13)', 'rm_smallCC', 'edge_clean']",0.4821319580078125,0,5,0.8114061461531158,0.939453125,19,0,0.38841029575892855,1,8,0.6557266645714542,0.6139322916666666,5,0
317604,"['crop(0, 0, 0, 13)', 'rm_smallCC']",0.4508056640625,1,6,0.921337665854319,0.9122314453125,13,0,0.42472029320987653,0,5,0.9124181522273949,0.8902805611222445,8,0
317761,"['crop(15, 15, 0, 0)', 'rm_smallCC', 'edge_clean']",0.4338226318359375,1,16,0.8517815061024937,0.9593505859375,15,0,0.3358856471238938,0,19,0.4373488396027376,0.6508039419087137,4,0
317812,"['rm_smallCC', 'edge_clean']",0.1360931396484375,33,48,0.40509025675524163,0.036865234375,0,0,0.1281890869140625,0,16,0.4300678490655874,0.0020751953125,0,4
318572,"['crop(0, 0, 0, 21)', 'rm_smallCC', 'edge_clean']",0.483978271484375,1,6,0.9644996531937701,0.916259765625,21,0,0.4289561170212766,0,9,0.8881267922188638,0.754582484725051,9,0
319725,"['rm_smallCC', 'edge_clean']",0.2373809814453125,40,49,0.6228064536864434,0.060546875,0,0,0.225677490234375,4,11,0.655104800540906,0.00439453125,0,4
319943,"['rm_smallCC', 'edge_clean']",0.2799224853515625,32,39,0.8779503952030526,0.0643310546875,0,0,0.2744903564453125,0,7,0.8953249207849241,0.05615234375,0,0
320139,['rm_smallCC'],0.479827880859375,4,11,0.8943903835145964,0.9122314453125,8,0,0.4789581298828125,0,7,0.896014527382204,0.9122314453125,8,0
321105,"['rm_smallCC', 'edge_clean']",0.3151702880859375,181,207,0.20198499152747518,0.106689453125,0,0,0.2927703857421875,1,29,0.2174388909157242,0.0567626953125,0,3
320413,"['rm_smallCC', 'edge_clean']",0.2794189453125,54,69,0.3303298383573613,0.23828125,1,0,0.259796142578125,6,24,0.3552801597556678,0.1253662109375,0,0
320430,"['crop(17, 16, 0, 0)', 'rm_smallCC', 'edge_clean']",0.4865875244140625,5,13,0.9506099281884035,0.9495849609375,17,0,0.3796945067264574,0,12,0.5244048717475549,0.5978601252609603,2,0
320605,"['crop(0, 0, 0, 16)', 'rm_smallCC', 'edge_clean']",0.49127197265625,2,9,0.9363896136165983,0.9456787109375,16,0,0.45358072916666664,0,8,0.8821587483852448,0.8490423387096774,9,0
320738,"['crop(16, 16, 0, 0)', 'rm_smallCC']",0.24664306640625,1,16,0.2534026231130908,0.56494140625,16,0,0.13874162946428573,0,13,0.38147310206133733,0.002994791666666667,0,5
320831,"['crop(0, 0, 19, 0)', 'rm_smallCC', 'edge_clean']",0.470947265625,2,14,0.9070114048729911,0.936767578125,19,0,0.4010911128691983,0,14,0.5154304499691802,0.6552991886409736,5,0
321833,"['crop(0, 0, 24, 23)', 'rm_smallCC', 'edge_clean']",0.4068603515625,34,48,0.88996399639964,0.7698974609375,24,0,0.2574013157894737,2,19,0.5190967179785071,0.3751344086021505,1,0
321860,"['crop(21, 22, 0, 0)']",0.3849334716796875,0,2,0.776747136005074,0.583984375,22,0,0.26076511150234744,0,1,1.0,0.02025586353944563,0,0
322236,['rm_smallCC'],0.2956390380859375,62,89,0.6818580645161291,0.6429443359375,4,0,0.28643798828125,0,27,0.7037609205199233,0.6419677734375,4,0
322635,"['crop(14, 15, 14, 0)', 'rm_smallCC', 'edge_clean']",0.4573974609375,0,9,0.8870763277288497,0.958251953125,15,0,0.31747187534131865,0,14,0.413302752293578,0.511727078891258,0,0
322648,"['rm_smallCC', 'edge_clean']",0.2371978759765625,37,54,0.360694757156642,0.17333984375,0,0,0.2309417724609375,0,17,0.37046580773042614,0.165771484375,0,0
322666,"['crop(23, 13, 0, 12)', 'rm_smallCC', 'edge_clean']",0.497222900390625,8,13,0.5583379365371632,0.98193359375,23,0,0.3463301043219076,0,8,0.40815448335215965,0.5002693965517241,0,0
323818,['rm_smallCC'],0.279296875,193,212,0.46967875874125875,0.07861328125,0,0,0.258209228515625,0,19,0.5080368750738683,0.0518798828125,0,0
