img_id,class,has_frame,is_inverted,glyph_ratio,glyph_main_frac,n_small,t,b,l,r,touch
22358,noise_cleanable,0,0,0.22100830078125,0.4890223695111848,47,0,0,0,0,1
22463,crop_safe,1,0,0.1962376644736842,0.4350445259298062,0,14,14,0,0,0
243533,crop_safe,1,0,0.28404546800947866,0.6296030763214495,1,22,23,0,0,0
22584,noise_cleanable,0,0,0.187530517578125,0.4422294548413344,53,0,0,0,0,0
22713,noise_cleanable,0,0,0.275299072265625,0.8499612016406164,95,0,0,0,0,1
23654,noise_cleanable,0,0,0.1474456787109375,0.5712511642347097,74,0,0,0,0,1
23818,noise_cleanable,0,0,0.1224822998046875,0.9732153980316433,57,0,0,0,0,1
23965,noise_cleanable,0,0,0.4761962890625,0.8615419123301717,31,0,0,0,0,1
24135,noise_cleanable,0,0,0.1675872802734375,0.5263589183283256,64,0,0,0,0,1
24473,char_touch,1,0,0.4226282230941704,0.6805653417333278,0,18,15,0,0,1
22709,noise_cleanable,0,0,0.2058563232421875,0.6828255874286562,47,0,0,0,0,1
22715,noise_cleanable,0,0,0.3633575439453125,0.43484651240918826,185,0,0,0,0,1
243627,noise_cleanable,0,0,0.3174591064453125,0.6295121365056476,47,0,0,0,0,1
22787,char_touch,1,0,0.10926402698863637,0.3006296973390209,5,0,0,40,40,1
22863,noise_cleanable,0,0,0.3443603515625,0.3314427507975895,278,0,0,0,0,1
23147,noise_cleanable,0,0,0.1498565673828125,0.24742897871907138,41,0,0,0,0,0
24774,noise_cleanable,0,0,0.21087646484375,0.3463820549927641,85,0,0,0,0,0
24757,char_touch,1,0,0.1384079391891892,0.80650902618866,0,17,17,0,0,1
24771,noise_cleanable,0,0,0.16900634765625,0.45801733477789813,72,0,0,0,0,0
24840,crop_safe,1,0,0.17510775862068967,0.6471794871794871,1,41,41,0,0,0
24993,noise_cleanable,0,0,0.1935882568359375,0.6463308898872862,40,0,0,0,0,0
25081,noise_cleanable,0,0,0.26031494140625,0.7878663540445486,102,0,0,0,0,1
25235,noise_cleanable,0,0,0.142974853515625,0.7054429028815368,31,0,0,0,0,0
25205,noise_cleanable,0,0,0.1756439208984375,0.5462600990357049,31,0,0,0,0,0
25230,crop_safe,1,0,0.1466552734375,0.6011320126519061,7,0,0,44,52,0
25233,crop_safe,1,0,0.19749735169491525,0.8574142362275115,2,0,0,39,40,0
25297,char_touch,1,0,0.44756799163179917,0.5084355828220859,29,0,17,0,0,1
25358,noise_cleanable,0,0,0.25555419921875,0.9374850728445188,38,0,0,0,0,1
25368,noise_cleanable,0,0,0.1750640869140625,0.6721868735291554,159,0,0,0,0,1
25593,noise_cleanable,0,0,0.2683563232421875,0.9620173992153295,68,0,0,0,0,1
25667,noise_cleanable,0,0,0.275299072265625,0.606584635849684,149,0,0,0,0,0
25738,noise_cleanable,0,0,0.2991943359375,0.853172174622603,38,0,0,0,0,0
1716,noise_cleanable,0,0,0.1912689208984375,0.48767451136816914,94,0,0,0,0,0
1730,noise_cleanable,0,0,0.0501556396484375,0.327350167325829,49,0,0,0,0,0
237609,noise_cleanable,0,0,0.25262451171875,0.44992751872432957,39,0,0,0,0,0
6738,invert_fix,0,1,0.74810791015625,1.0,0,0,0,0,0,1
237020,crop_safe,1,0,0.21520196506550218,0.9626664552948636,0,13,14,0,0,0
6880,clean_noop,0,0,0.5916900634765625,1.0,0,0,0,0,0,1
5963,noise_cleanable,0,0,0.2542572021484375,0.7939746744283742,51,0,0,0,0,0
6140,invert_fix,0,1,0.6820526123046875,1.0,0,0,0,0,0,0
6215,noise_cleanable,0,0,0.284698486328125,0.7010933647765034,80,0,0,0,0,1
8166,crop_safe,1,0,0.10447474888392858,0.7351026539809714,27,0,0,16,16,0
8287,clean_noop,0,0,0.6269989013671875,1.0,0,0,0,0,0,1
8288,clean_noop,0,0,0.7176513671875,1.0,0,0,0,0,0,1
8647,noise_cleanable,0,0,0.1539154052734375,0.6016655100624566,78,0,0,0,0,1
238302,crop_safe,1,0,0.11145571995812015,0.8555476781283233,11,16,17,29,0,0
9807,noise_cleanable,0,0,0.3532257080078125,0.8124757008942071,73,0,0,0,0,1
10830,noise_cleanable,0,0,0.3994903564453125,0.49795653336388984,54,0,0,0,0,0
10816,noise_cleanable,0,0,0.18731689453125,0.6154284783317041,30,0,0,0,0,0
10892,char_touch,1,0,0.152197265625,0.9135386589669554,7,0,0,48,48,1
11010,noise_cleanable,0,0,0.2665252685546875,0.2628957462643843,125,0,0,0,0,0
238374,crop_safe,1,0,0.15986282276995306,0.19869221062292072,12,0,0,21,22,0
238396,noise_cleanable,0,0,0.2238922119140625,0.34655489674913104,245,0,0,0,0,0
10067,crop_safe,1,0,0.16622999237804878,0.7945264364522138,0,0,0,46,46,0
10121,char_touch,1,0,0.28925212378640774,0.5261570735544775,26,0,0,25,25,1
238434,noise_cleanable,0,0,0.22235107421875,0.4884024155915454,87,0,0,0,0,0
10224,noise_cleanable,0,0,0.17596435546875,0.5822927506070066,33,0,0,0,0,0
10443,noise_cleanable,0,0,0.286224365234375,0.771670753811707,106,0,0,0,0,1
12415,char_touch,1,0,0.15057762632978725,0.4309369394232096,0,34,34,0,0,1
13444,crop_safe,1,0,0.0937280547752809,0.6427066260828845,18,0,0,39,39,0
13459,noise_cleanable,0,0,0.142913818359375,0.8100576553491352,47,0,0,0,0,1
13471,noise_cleanable,0,0,0.129364013671875,0.5383345128568059,111,0,0,0,0,0
13871,noise_cleanable,0,0,0.3535003662109375,0.8425346397893555,50,0,0,0,0,1
13863,noise_cleanable,0,0,0.1466522216796875,0.8232233898657788,124,0,0,0,0,1
246309,noise_cleanable,0,0,0.113739013671875,0.3775154279581433,71,0,0,0,0,1
29561,noise_cleanable,0,0,0.1477508544921875,0.3471031705050088,234,0,0,0,0,0
29578,crop_safe,1,0,0.17573609104046242,0.27572915328279585,19,0,0,41,42,0
29613,noise_cleanable,0,0,0.24053955078125,0.3049352956102512,31,0,0,0,0,0
29821,noise_cleanable,0,0,0.333465576171875,0.675757298435069,197,0,0,0,0,1
246583,noise_cleanable,0,0,0.32330322265625,0.5968472720407778,35,0,0,0,0,1
29819,char_touch,1,0,0.28073299632352944,0.3459518450310347,45,0,0,26,26,1
30130,crop_safe,1,0,0.171875,0.3357632933104631,44,48,49,0,0,0
30240,crop_safe,1,0,0.1711300872093023,0.5976218282195562,0,20,21,0,0,0
30241,crop_safe,1,0,0.2841228505291005,0.43725903833563684,2,33,34,0,0,0
30306,clean_noop,0,0,0.4734039306640625,0.486027397260274,1,0,0,0,0,1
246782,char_touch,1,0,0.3841703056768559,0.2948754380979445,5,16,0,15,12,1
30282,noise_cleanable,0,0,0.2768707275390625,0.481124276660237,42,0,0,0,0,0
30327,char_touch,1,0,0.2752888997395833,0.9985958170127854,2,32,32,0,0,1
246796,crop_safe,1,0,0.2116554054054054,0.567537909018356,1,35,36,0,0,0
246841,crop_safe,1,0,0.14825410798122066,0.3746907471548738,3,0,0,21,22,0
30491,crop_safe,1,0,0.33033427254098363,0.4777066976834351,1,0,12,0,0,0
30551,char_touch,1,0,0.40935202205882354,0.7496892666693397,0,0,18,0,0,1
246887,clean_noop,0,0,0.4991912841796875,1.0,0,0,0,0,0,0
30613,noise_cleanable,0,0,0.366180419921875,0.8069422451870989,35,0,0,0,0,0
30813,char_touch,1,0,0.4096924942922374,0.6269319517610693,0,0,0,19,18,1
30822,char_touch,1,0,0.403114248853211,0.56083033293328,1,0,0,18,20,1
30807,noise_cleanable,0,0,0.3280792236328125,0.4060741360866936,251,0,0,0,0,1
30867,crop_safe,1,0,0.20425112612612611,0.9994831150930393,2,0,0,17,17,0
30868,char_touch,1,0,0.22918733465608465,0.9356118676165569,12,0,0,33,34,1
30879,noise_cleanable,0,0,0.2707366943359375,0.3439102744744406,52,0,0,0,0,0
30977,noise_cleanable,0,0,0.2042388916015625,0.642286141202839,31,0,0,0,0,0
30978,noise_cleanable,0,0,0.256256103515625,0.7293080862212695,46,0,0,0,0,1
247052,noise_cleanable,0,0,0.261962890625,0.5737418452935694,33,0,0,0,0,0
31060,clean_noop,0,0,0.4863128662109375,0.9916224781149007,2,0,0,0,0,1
31061,clean_noop,0,0,0.4644775390625,0.8997043363994743,1,0,0,0,0,1
31127,noise_cleanable,0,0,0.22882080078125,0.9492531341691117,31,0,0,0,0,0
3336,noise_cleanable,0,0,0.174774169921875,0.9202025493277458,33,0,0,0,0,1
3401,noise_cleanable,0,0,0.1177520751953125,0.6244654658546067,87,0,0,0,0,0
5365,clean_noop,0,0,0.4932098388671875,0.908857469913065,0,0,0,0,0,1
236574,char_touch,1,0,0.3664198962882096,0.74633396955449,20,0,0,13,14,1
8668,blob_discard,1,0,0.7423043536324786,1.0,0,0,0,0,22,1
8697,noise_cleanable,0,0,0.1467437744140625,0.3160029115108662,62,0,0,0,0,0
9298,noise_cleanable,0,0,0.2615814208984375,0.6120282330980575,33,0,0,0,0,0
238294,noise_cleanable,0,0,0.2964324951171875,0.819478046018428,103,0,0,0,0,1
9760,noise_cleanable,0,0,0.2913055419921875,0.6652873081556755,102,0,0,0,0,1
9764,noise_cleanable,0,0,0.0310821533203125,0.5085910652920962,38,0,0,0,0,0
3810,crop_safe,1,0,0.09765625,0.9885082872928177,2,0,0,37,38,0
3956,noise_cleanable,0,0,0.16363525390625,0.34688549048862366,54,0,0,0,0,0
4063,crop_safe,1,0,0.13196511243386244,0.973061863743148,13,0,0,33,34,0
7292,clean_noop,0,0,0.6257781982421875,1.0,0,0,0,0,0,1
7319,noise_cleanable,0,0,0.3059539794921875,0.903994813226273,103,0,0,0,0,1
7296,invert_fix,0,1,0.7814483642578125,1.0,0,0,0,0,0,1
7350,noise_cleanable,0,0,0.1158447265625,0.5990516332982087,53,0,0,0,0,1
237253,noise_cleanable,0,0,0.1202239990234375,0.7728138088589923,31,0,0,0,0,1
7426,invert_fix,0,1,0.583404541015625,1.0,0,0,0,0,0,1
7445,noise_cleanable,0,0,0.15020751953125,0.46149939049167005,57,0,0,0,0,0
237613,noise_cleanable,0,0,0.1415252685546875,0.7581671159029649,61,0,0,0,0,0
8079,noise_cleanable,0,0,0.417999267578125,0.8736219610133605,83,0,0,0,0,1
6881,invert_fix,0,1,0.6587677001953125,1.0,0,0,0,0,0,1
237066,char_touch,1,0,0.22876862046632124,0.8269485977174201,0,0,0,31,32,1
6882,invert_fix,1,1,0.7209603658536585,0.9941325721535046,0,16,35,0,0,1
6298,invert_fix,0,1,0.6871795654296875,0.960519595869879,0,0,0,0,0,1
6505,noise_cleanable,0,0,0.124176025390625,0.7221676087490784,173,0,0,0,0,0
3748,noise_cleanable,0,0,0.1496124267578125,0.47802141764405914,51,0,0,0,0,0
4193,noise_cleanable,0,0,0.0935516357421875,0.8817484912738541,37,0,0,0,0,0
236022,crop_safe,1,0,0.19439476656626506,0.7117782350804988,29,0,0,45,45,0
4925,noise_cleanable,0,0,0.27392578125,0.9756016042780749,31,0,0,0,0,1
947,noise_cleanable,0,0,0.14056396484375,0.6279852366478507,77,0,0,0,0,0
12530,noise_cleanable,0,0,0.3452301025390625,0.4656353591160221,104,0,0,0,0,1
12866,noise_cleanable,0,0,0.10791015625,0.5383201357466063,43,0,0,0,0,0
14047,char_touch,1,0,0.168853591160221,0.6875,17,0,0,37,38,1
14238,char_touch,1,0,0.1320400776836158,0.5184689954872138,13,0,0,39,40,1
14262,noise_cleanable,0,0,0.178009033203125,0.5796331218926796,47,0,0,0,0,1
13009,crop_safe,1,0,0.17345120614035087,0.6822072961938628,7,0,0,42,43,0
239701,char_touch,1,0,0.1337002840909091,0.6147410358565737,0,18,18,0,0,1
239703,crop_safe,1,0,0.17951541850220265,0.6244248466257669,9,0,0,15,14,0
14268,noise_cleanable,0,0,0.354400634765625,0.4060535606647722,271,0,0,0,0,0
14325,noise_cleanable,0,0,0.1116485595703125,0.8298482984829848,113,0,0,0,0,1
14366,noise_cleanable,0,0,0.2001800537109375,0.7271895723759433,31,0,0,0,0,1
240218,noise_cleanable,0,0,0.2961883544921875,0.5068775436608108,35,0,0,0,0,0
15050,noise_cleanable,0,0,0.1353607177734375,0.6180813887949498,63,0,0,0,0,1
15163,noise_cleanable,0,0,0.1443023681640625,0.7365972295654013,58,0,0,0,0,0
240620,noise_cleanable,0,0,0.196319580078125,0.45033421420799,51,0,0,0,0,0
15377,noise_cleanable,0,0,0.126434326171875,0.463190924450881,30,0,0,0,0,0
14486,crop_safe,1,0,0.14618148395721925,0.5062875107173478,0,34,35,0,0,0
240293,char_touch,1,0,0.32210867745535715,0.5956905419305939,30,17,15,0,0,1
240291,noise_cleanable,0,0,0.3696441650390625,0.7310216718266254,41,0,0,0,0,1
14629,crop_safe,1,0,0.19096991356382978,0.45914481558045916,27,0,0,34,34,0
240361,char_touch,1,0,0.2683035714285714,0.6359400998336107,26,40,41,0,0,1
14881,noise_cleanable,0,0,0.21368408203125,0.36582405027135106,39,0,0,0,0,0
14842,crop_safe,1,0,0.21823650234741784,0.4783193277310924,1,21,22,0,0,0
240437,noise_cleanable,0,0,0.2256317138671875,0.7119767363224454,32,0,0,0,0,1
15024,char_touch,1,0,0.15295226130653267,0.32251026694045176,14,0,0,28,29,1
15386,noise_cleanable,0,0,0.074981689453125,0.39377289377289376,30,0,0,0,0,0
15501,noise_cleanable,0,0,0.1221771240234375,0.3043586861496191,37,0,0,0,0,0
15506,noise_cleanable,0,0,0.3031463623046875,0.3400614083656314,84,0,0,0,0,1
15552,char_touch,1,0,0.1779079861111111,0.588558184923152,27,0,0,38,38,1
15645,crop_safe,1,0,0.14797922486033518,0.6661259401268249,0,38,39,0,0,0
15757,crop_safe,1,0,0.18014461436170212,0.6265282583621684,0,34,34,0,0,0
15770,noise_cleanable,0,0,0.228515625,0.42114049145299143,74,0,0,0,0,0
19129,noise_cleanable,0,0,0.217437744140625,0.36498245614035085,120,0,0,0,0,0
19346,noise_cleanable,0,0,0.2020263671875,0.24871601208459215,40,0,0,0,0,0
18732,noise_cleanable,0,0,0.273956298828125,0.4623482232371616,87,0,0,0,0,1
18778,char_touch,1,0,0.25517672936893204,0.6600282380916995,13,26,24,0,0,1
18816,noise_cleanable,0,0,0.44390869140625,0.7868486181768184,99,0,0,0,0,1
19558,noise_cleanable,0,0,0.2628631591796875,0.6047483601323503,65,0,0,0,0,0
19660,char_touch,1,0,0.42122977120535715,0.3981370316704616,148,0,0,16,16,1
242465,noise_cleanable,0,0,0.355804443359375,0.3908997341109872,67,0,0,0,0,0
19890,crop_safe,1,0,0.2256457270408163,0.39109697933227344,1,30,30,0,0,0
19349,noise_cleanable,0,0,0.2575836181640625,0.4707659498844855,42,0,0,0,0,1
19402,noise_cleanable,0,0,0.302276611328125,0.21776880363452802,98,0,0,0,0,1
19426,crop_safe,1,0,0.1472470238095238,0.5042950985346134,0,0,0,23,23,0
19530,noise_cleanable,0,0,0.479034423828125,0.8786710836465567,60,0,0,0,0,0
19499,noise_cleanable,0,0,0.2810516357421875,0.4911775883598458,33,0,0,0,0,0
20247,noise_cleanable,0,0,0.2628631591796875,0.6047483601323503,65,0,0,0,0,0
20098,noise_cleanable,0,0,0.295623779296875,0.4828636316713121,107,0,0,0,0,0
242759,noise_cleanable,0,0,0.195037841796875,0.4208261617900172,126,0,0,0,0,0
20874,noise_cleanable,0,0,0.217529296875,0.25308641975308643,77,0,0,0,0,0
20969,crop_safe,1,0,0.1678637432795699,0.6718378581258602,0,0,0,35,35,0
21010,char_touch,1,0,0.2836959696261682,0.8576116329944666,5,21,21,0,0,1
21059,noise_cleanable,0,0,0.3057708740234375,0.323569040371276,151,0,0,0,0,0
21188,noise_cleanable,0,0,0.1526641845703125,0.7268365817091454,34,0,0,0,0,0
21661,noise_cleanable,0,0,0.21990966796875,0.6325978351373855,39,0,0,0,0,1
21740,noise_cleanable,0,0,0.2978668212890625,0.5941806259925209,154,0,0,0,0,1
21833,noise_cleanable,0,0,0.2884521484375,0.49455141768937794,59,0,0,0,0,0
21216,noise_cleanable,0,0,0.28155517578125,0.4753414264036419,37,0,0,0,0,0
21223,noise_cleanable,0,0,0.373931884765625,0.7746674283848853,202,0,0,0,0,1
21462,noise_cleanable,0,0,0.3900604248046875,0.5194226029808708,72,0,0,0,0,1
21870,noise_cleanable,0,0,0.3168792724609375,0.5879520392931092,36,0,0,0,0,1
22003,noise_cleanable,0,0,0.3539886474609375,0.4729514203198414,41,0,0,0,0,0
22092,noise_cleanable,0,0,0.1335601806640625,0.7211241859933737,43,0,0,0,0,1
22119,clean_noop,0,0,0.51446533203125,1.0,0,0,0,0,0,1
40303,crop_safe,1,0,0.18558238636363636,0.9542033422630437,11,0,0,45,46,0
250990,crop_safe,1,0,0.2000543114973262,0.6849744178761616,0,34,35,0,0,0
40457,crop_safe,1,0,0.23516376201923078,0.9931320875259543,5,24,24,0,0,0
40519,noise_cleanable,0,0,0.254730224609375,0.6457409847849527,124,0,0,0,0,1
40558,char_touch,1,0,0.36402090539930815,0.33977172958735735,3,0,12,18,20,1
251177,noise_cleanable,0,0,0.3382720947265625,0.6331814696197393,56,0,0,0,0,1
251446,crop_safe,1,0,0.15066163277511962,0.7951867014018111,6,23,24,0,0,0
41643,crop_safe,1,0,0.13644220132743362,0.5747403090955155,0,15,15,0,0,0
41989,noise_cleanable,0,0,0.11431884765625,0.5818206086492258,66,0,0,0,0,0
42388,noise_cleanable,0,0,0.3001556396484375,0.7034721163133547,213,0,0,0,0,0
251824,noise_cleanable,0,0,0.222625732421875,0.6952707333790268,100,0,0,0,0,1
42472,crop_safe,1,0,0.11812855113636364,0.5513302269652788,1,18,18,0,0,0
42912,noise_cleanable,0,0,0.1708526611328125,0.808073591140484,53,0,0,0,0,0
43141,noise_cleanable,0,0,0.3606719970703125,0.8096628167703177,67,0,0,0,0,1
43265,noise_cleanable,0,0,0.25360107421875,0.907942238267148,44,0,0,0,0,1
43311,noise_cleanable,0,0,0.200164794921875,0.8738374752248819,64,0,0,0,0,1
43391,crop_safe,1,0,0.204736052259887,0.5468362617225396,5,0,0,39,40,0
43392,crop_safe,1,0,0.15398316062176165,0.4871188222923239,4,31,32,0,0,0
43649,noise_cleanable,0,0,0.3279571533203125,0.7102312380775136,75,0,0,0,0,1
43825,noise_cleanable,0,0,0.421173095703125,0.7598000144917035,77,0,0,0,0,1
43889,noise_cleanable,0,0,0.1932830810546875,0.32446514565406176,34,0,0,0,0,0
43990,noise_cleanable,0,0,0.2647247314453125,0.4625050435183584,63,0,0,0,0,0
44027,noise_cleanable,0,0,0.4464874267578125,0.859300775776631,150,0,0,0,0,1
252480,noise_cleanable,0,0,0.280517578125,0.931135770234987,82,0,0,0,0,1
252499,char_touch,1,0,0.3173444214547191,0.26550059557394523,2,25,25,12,0,1
44137,noise_cleanable,0,0,0.1854400634765625,0.43067555336130997,51,0,0,0,0,0
44173,noise_cleanable,0,0,0.227935791015625,0.5635292542509037,45,0,0,0,0,0
44176,noise_cleanable,0,0,0.2009735107421875,0.35555386834712627,56,0,0,0,0,0
252922,crop_safe,1,0,0.1365300422705314,0.18756046993780234,38,0,0,24,25,0
252929,noise_cleanable,0,0,0.40643310546875,0.8034239375281573,45,0,0,0,0,1
45140,noise_cleanable,0,0,0.155426025390625,0.18211270371097585,34,0,0,0,0,0
45145,noise_cleanable,0,0,0.28302001953125,0.6462152253612249,84,0,0,0,0,0
15783,crop_safe,1,0,0.15313403179190752,0.3674432320849307,0,41,42,0,0,0
15878,noise_cleanable,0,0,0.3126983642578125,0.21831845020250817,100,0,0,0,0,0
15973,crop_safe,1,0,0.1278391768292683,0.6580712475778805,0,25,26,0,0,0
16309,crop_safe,1,0,0.26645951704545456,0.6015859265676018,7,18,18,0,0,0
16670,char_touch,1,0,0.40123521959459457,0.779590404771302,71,17,17,0,0,1
16711,noise_cleanable,0,0,0.2320404052734375,0.5806536463470771,45,0,0,0,0,0
16837,noise_cleanable,0,0,0.1847076416015625,0.3961999173895085,50,0,0,0,0,0
16977,noise_cleanable,0,0,0.30450439453125,0.7441371016235718,42,0,0,0,0,0
17142,crop_safe,1,0,0.19490470467032966,0.3325624931174981,1,37,37,0,0,0
17162,noise_cleanable,0,0,0.3606109619140625,0.7030846697414632,31,0,0,0,0,0
241454,noise_cleanable,0,0,0.195068359375,0.8864987484355444,36,0,0,0,0,1
17323,noise_cleanable,0,0,0.1852569580078125,0.20443126595832303,50,0,0,0,0,1
17334,noise_cleanable,0,0,0.5236968994140625,0.9122985926983479,77,0,0,0,0,1
17327,noise_cleanable,0,0,0.26226806640625,0.7045031417267861,61,0,0,0,0,0
17406,noise_cleanable,0,0,0.317718505859375,0.9268081836519066,90,0,0,0,0,1
17426,noise_cleanable,0,0,0.330841064453125,0.6652984042062541,55,0,0,0,0,1
17611,char_touch,1,0,0.4365960743801653,0.5703194321206744,53,14,0,0,0,1
241746,crop_safe,1,0,0.23272100225225226,0.31974897928323,0,17,17,0,0,0
18112,char_touch,1,0,0.24417449421965318,0.6335306084705012,11,0,0,41,42,1
18242,crop_safe,1,0,0.29433420907079644,0.7621116918198367,2,15,15,0,0,0
17969,noise_cleanable,0,0,0.150604248046875,0.8393110435663628,106,0,0,0,0,0
18031,crop_safe,1,0,0.1509929906542056,0.7686170212765957,0,21,21,0,0,0
18356,crop_safe,1,0,0.26198814655172414,0.3905251560778553,1,26,27,0,0,0
18371,noise_cleanable,0,0,0.1983184814453125,0.24590290066938525,42,0,0,0,0,0
241880,crop_safe,1,0,0.22180538366336633,0.3396687009590235,0,27,27,0,0,0
18654,noise_cleanable,0,0,0.246185302734375,0.3388496343126317,146,0,0,0,0,0
18670,noise_cleanable,0,0,0.1983184814453125,0.24590290066938525,42,0,0,0,0,0
18959,crop_safe,1,0,0.2121733757062147,0.30434782608695654,0,39,40,0,0,0
18960,crop_safe,1,0,0.23460890718562874,0.4336989032901296,0,44,45,0,0,0
18982,noise_cleanable,0,0,0.1797332763671875,0.22166567620341285,39,0,0,0,0,0
19001,noise_cleanable,0,0,0.245361328125,0.3447139303482587,41,0,0,0,0,0
19003,noise_cleanable,0,0,0.2572479248046875,0.2256361587282757,286,0,0,0,0,1
31288,noise_cleanable,0,0,0.2756805419921875,0.5357834726296563,84,0,0,0,0,0
31383,char_touch,1,0,0.39740501101321585,0.47241707802892524,5,14,15,0,0,1
247346,crop_safe,1,0,0.21119014303482586,0.4665501058249747,6,0,0,27,28,0
31985,noise_cleanable,0,0,0.2173919677734375,0.4310381132870078,38,0,0,0,0,0
32012,noise_cleanable,0,0,0.213226318359375,0.4108344067554029,59,0,0,0,0,0
32835,noise_cleanable,0,0,0.302337646484375,0.6334410013122035,40,0,0,0,0,0
32847,noise_cleanable,0,0,0.224609375,0.6755434782608696,77,0,0,0,0,0
32499,crop_safe,1,0,0.09006197625698324,0.23116064938211775,0,38,39,0,0,0
32515,noise_cleanable,0,0,0.3538970947265625,0.45625835381365065,57,0,0,0,0,1
32725,crop_safe,1,0,0.18995028409090908,0.8924097962235932,20,0,0,18,18,0
32811,noise_cleanable,0,0,0.116790771484375,0.7358244055395872,37,0,0,0,0,0
32289,noise_cleanable,0,0,0.2860260009765625,0.49405174713256866,72,0,0,0,0,0
33133,crop_safe,1,0,0.13827384478672985,0.895032802249297,1,22,23,0,0,0
33212,noise_cleanable,0,0,0.2336883544921875,0.7692458374142997,54,0,0,0,0,0
33502,crop_safe,1,0,0.21217005461165048,0.5678791670390562,2,0,0,25,25,0
248099,crop_safe,1,0,0.22045554577464788,0.5132684468846186,3,0,0,21,22,0
34824,char_touch,1,0,0.32439024390243903,0.5110432330827067,78,0,0,26,25,1
33970,char_touch,1,0,0.2257903343023256,0.6744115872057936,10,0,0,42,42,1
33990,noise_cleanable,0,0,0.212982177734375,0.6844820174810144,30,0,0,0,0,1
34349,crop_safe,1,0,0.24278971354166667,0.43158812093584503,4,16,0,0,0,0
35068,noise_cleanable,0,0,0.4087066650390625,0.23711032294194512,88,0,0,0,0,0
35250,noise_cleanable,0,0,0.2034454345703125,0.6434410860271507,33,0,0,0,0,1
35261,noise_cleanable,0,0,0.2921142578125,0.6569682407020476,52,0,0,0,0,0
248798,noise_cleanable,0,0,0.3505401611328125,0.5713228572672268,56,0,0,0,0,1
35603,char_touch,1,0,0.22584343905472637,0.7433955769727218,1,0,0,27,28,1
35604,noise_cleanable,0,0,0.4135589599609375,0.865918901966572,39,0,0,0,0,1
35646,noise_cleanable,0,0,0.387603759765625,0.8350129911030627,30,0,0,0,0,1
35677,crop_safe,1,0,0.09500294811320754,0.15709852598913887,4,22,22,0,0,0
35701,noise_cleanable,0,0,0.2135009765625,0.28530588907947396,61,0,0,0,0,1
35732,noise_cleanable,0,0,0.1783294677734375,0.3063232651664242,31,0,0,0,0,0
35992,noise_cleanable,0,0,0.1993560791015625,0.6354381936471488,41,0,0,0,0,0
249143,noise_cleanable,0,0,0.189178466796875,0.7868204549120826,38,0,0,0,0,0
47482,char_touch,1,0,0.4320142663043478,0.9866729567165939,0,13,13,0,0,1
47506,char_touch,1,0,0.4652920081967213,0.9727153867327277,3,0,0,0,12,1
47529,crop_safe,1,0,0.42373430676855894,0.4162070770097822,3,0,0,13,14,0
47554,char_touch,1,0,0.4320142663043478,0.9866729567165939,0,13,13,0,0,1
47562,crop_safe,1,0,0.40701050884955753,0.9236877866485477,6,0,0,16,14,0
47566,noise_cleanable,0,0,0.36328125,0.8810903897849462,33,0,0,0,0,1
47626,crop_safe,1,0,0.40701050884955753,0.9236877866485477,6,0,0,16,14,0
47631,noise_cleanable,0,0,0.36328125,0.8810903897849462,33,0,0,0,0,1
47650,noise_cleanable,0,0,0.3344268798828125,0.44308071360131407,34,0,0,0,0,1
47688,crop_safe,1,0,0.36608231707317074,0.3360920258171976,1,0,0,25,26,0
47819,noise_cleanable,0,0,0.1123046875,0.7245923913043478,39,0,0,0,0,0
48006,noise_cleanable,0,0,0.276519775390625,0.8533826288489129,51,0,0,0,0,1
48318,noise_cleanable,0,0,0.2804412841796875,0.3205288644648784,33,0,0,0,0,0
48449,noise_cleanable,0,0,0.23846435546875,0.254095213718966,85,0,0,0,0,1
48544,char_touch,1,0,0.2772957223360656,0.401939841810519,10,12,0,0,0,1
48710,crop_safe,1,0,0.14110440340909092,0.5366805083679376,9,18,18,0,0,0
48874,crop_safe,1,0,0.14189299738219896,0.5063418852695302,9,34,31,0,0,0
48927,noise_cleanable,0,0,0.429473876953125,0.9300433454132025,40,0,0,0,0,1
49521,char_touch,1,0,0.36640995260663506,0.4664510913500404,1,23,22,0,0,1
49533,noise_cleanable,0,0,0.35791015625,0.7021657571623465,30,0,0,0,0,0
49760,char_touch,1,0,0.27966044372294374,0.5249727899383239,5,0,0,12,13,1
49860,clean_noop,0,0,0.48638916015625,0.9783536202785795,1,0,0,0,0,1
49952,noise_cleanable,0,0,0.178985595703125,0.296845694799659,69,0,0,0,0,0
50052,noise_cleanable,0,0,0.12628173828125,0.5013291445142581,49,0,0,0,0,0
49482,noise_cleanable,0,0,0.1508636474609375,0.5830889046222312,331,0,0,0,0,1
254462,crop_safe,1,0,0.24107752732240437,0.5758809987604038,1,38,35,0,0,0
49092,noise_cleanable,0,0,0.176605224609375,0.7733713495766373,198,0,0,0,0,0
254575,noise_cleanable,0,0,0.31341552734375,0.4462512171372931,98,0,0,0,0,1
50446,noise_cleanable,0,0,0.111541748046875,0.37852257181942545,33,0,0,0,0,0
50473,crop_safe,1,0,0.1744861296791444,0.426313899197893,8,33,36,0,0,0
50553,char_touch,1,0,0.3668742629716981,0.6439154236351765,4,0,0,0,44,1
50591,noise_cleanable,0,0,0.166290283203125,0.5324830244081483,61,0,0,0,0,1
50153,clean_noop,0,0,0.4838104248046875,0.9784590153593844,2,0,0,0,0,1
50392,noise_cleanable,0,0,0.0783843994140625,0.1504769320615145,37,0,0,0,0,0
50841,noise_cleanable,0,0,0.2406768798828125,0.5224751157040513,44,0,0,0,0,1
255233,noise_cleanable,0,0,0.3016357421875,0.40464386887899634,118,0,0,0,0,1
51470,crop_safe,1,0,0.25616484004739337,0.870636698706367,0,0,0,19,26,0
52344,noise_cleanable,0,0,0.22650146484375,0.7448800862301267,84,0,0,0,0,1
52478,noise_cleanable,0,0,0.23388671875,0.7725730688935282,68,0,0,0,0,1
52518,noise_cleanable,0,0,0.1526336669921875,0.4100769769069279,76,0,0,0,0,0
52860,noise_cleanable,0,0,0.2670440673828125,0.884063767784698,121,0,0,0,0,1
256067,noise_cleanable,0,0,0.1031341552734375,0.7947921290131676,30,0,0,0,0,1
256068,noise_cleanable,0,0,0.2254638671875,0.8980779642663779,79,0,0,0,0,0
255964,noise_cleanable,0,0,0.21051025390625,0.6714265004349087,47,0,0,0,0,0
52906,noise_cleanable,0,0,0.283050537109375,0.7781132075471698,34,0,0,0,0,1
256336,noise_cleanable,0,0,0.2774810791015625,0.9158647236733571,130,0,0,0,0,1
53502,crop_safe,1,0,0.15428631756756755,0.7714520322977967,30,0,0,35,36,0
53657,noise_cleanable,0,0,0.2863311767578125,0.9327471356248335,41,0,0,0,0,1
256411,noise_cleanable,0,0,0.2071685791015625,0.741548206525742,37,0,0,0,0,1
256484,crop_safe,1,0,0.20813210227272727,0.4327759767957686,37,0,0,18,18,0
54044,noise_cleanable,0,0,0.2015838623046875,0.7939595791385966,57,0,0,0,0,0
54077,noise_cleanable,0,0,0.213897705078125,0.6589385076330432,281,0,0,0,0,0
256664,crop_safe,1,0,0.13664504716981132,0.45235526788924846,13,0,0,49,48,0
54252,crop_safe,1,0,0.07054115853658537,0.31118314424635335,4,25,26,0,0,0
54254,crop_safe,1,0,0.12636217948717948,0.26410906785034877,16,0,0,30,31,0
54420,noise_cleanable,0,0,0.224395751953125,0.40024479804161567,86,0,0,0,0,1
54432,noise_cleanable,0,0,0.139892578125,0.9655322862129145,43,0,0,0,0,1
54480,noise_cleanable,0,0,0.421844482421875,0.6174853505027852,82,0,0,0,0,0
54610,noise_cleanable,0,0,0.19964599609375,0.33919290736777746,51,0,0,0,0,0
55792,crop_safe,1,0,0.19957589285714286,0.7002572419192484,6,41,40,0,0,0
56769,crop_safe,1,0,0.17449347527472528,0.39102091020910207,7,37,37,0,0,0
56648,noise_cleanable,0,0,0.2610931396484375,0.9810063701712349,40,0,0,0,0,1
57160,noise_cleanable,0,0,0.2739410400390625,0.2474795298835849,50,0,0,0,0,0
57394,noise_cleanable,0,0,0.1911773681640625,0.5801739963285178,35,0,0,0,0,0
66668,noise_cleanable,0,0,0.2275238037109375,0.6968680839648581,42,0,0,0,0,0
66669,noise_cleanable,0,0,0.3930206298828125,0.8808867492332182,45,0,0,0,0,1
66918,noise_cleanable,0,0,0.180206298828125,0.8722269263336155,34,0,0,0,0,0
67173,noise_cleanable,0,0,0.2301025390625,0.9291114058355437,47,0,0,0,0,1
67739,noise_cleanable,0,0,0.2365875244140625,0.5799419542083198,41,0,0,0,0,1
67884,noise_cleanable,0,0,0.3946075439453125,0.4510653106995089,71,0,0,0,0,1
68361,noise_cleanable,0,0,0.1514129638671875,0.33417313312506297,54,0,0,0,0,0
68437,noise_cleanable,0,0,0.442413330078125,0.8357936124715458,56,0,0,0,0,1
68606,invert_fix,0,1,0.590667724609375,1.0,0,0,0,0,0,0
68798,noise_cleanable,0,0,0.0977630615234375,0.21148743561729358,37,0,0,0,0,0
68800,crop_safe,1,0,0.3176128926701571,0.29980682549903415,124,0,0,33,32,0
68856,crop_safe,1,0,0.1847624231557377,0.702105536781908,1,12,0,0,0,0
68997,char_touch,1,0,0.3407349817961165,0.47821247704379766,127,25,25,0,0,1
68998,noise_cleanable,0,0,0.3330230712890625,0.23821305841924398,66,0,0,0,0,0
69033,invert_fix,0,1,0.5716552734375,1.0,0,0,0,0,0,0
69131,clean_noop,0,0,0.54296875,1.0,0,0,0,0,0,0
262837,noise_cleanable,0,0,0.1493682861328125,0.9714986209010114,34,0,0,0,0,0
69197,noise_cleanable,0,0,0.248504638671875,0.6667690040525605,31,0,0,0,0,0
69300,clean_noop,0,0,0.7284698486328125,0.7407260007121761,0,0,0,0,0,1
69852,char_touch,1,0,0.4731845543032787,0.9859254998815847,1,0,12,0,0,1
263111,char_touch,1,0,0.41770833333333335,0.5727763923524523,2,0,0,16,15,1
263107,noise_cleanable,0,0,0.3447723388671875,0.7434388138968798,108,0,0,0,0,1
69985,noise_cleanable,0,0,0.1989593505859375,0.23590766163049315,70,0,0,0,0,0
70018,clean_noop,0,0,0.5052032470703125,0.9995167477121024,1,0,0,0,0,0
70270,noise_cleanable,0,0,0.259033203125,0.7976555136663525,41,0,0,0,0,1
70340,invert_fix,0,1,0.75640869140625,1.0,0,0,0,0,0,0
70396,invert_fix,0,1,0.6289520263671875,1.0,0,0,0,0,0,0
70439,clean_noop,0,0,0.5470428466796875,1.0,0,0,0,0,0,1
70536,clean_noop,0,0,0.5172882080078125,1.0,0,0,0,0,0,0
70892,clean_noop,0,0,0.519775390625,0.8996301080319399,0,0,0,0,0,0
70914,char_touch,1,0,0.38706235532407407,0.830397607811989,1,0,0,20,20,1
71033,char_touch,1,0,0.3634588068181818,0.8452369320957499,4,0,0,18,18,1
71224,invert_fix,0,1,0.6371002197265625,1.0,0,0,0,0,0,0
71938,invert_fix,0,1,0.68511962890625,0.9873273942093541,0,0,0,0,0,0
71941,noise_cleanable,0,0,0.19317626953125,0.8123222748815165,66,0,0,0,0,1
264116,noise_cleanable,0,0,0.37554931640625,0.7712091662603608,99,0,0,0,0,0
264148,noise_cleanable,0,0,0.37554931640625,0.7712091662603608,99,0,0,0,0,0
72466,noise_cleanable,0,0,0.1806182861328125,0.3888654219819211,110,0,0,0,0,0
72489,crop_safe,1,0,0.23237376847290642,0.8778569062603511,13,0,0,26,27,0
72988,noise_cleanable,0,0,0.19769287109375,0.9343161469589379,51,0,0,0,0,1
73013,noise_cleanable,0,0,0.19952392578125,0.8283114102171918,76,0,0,0,0,1
73029,noise_cleanable,0,0,0.1842041015625,0.6945825049701789,54,0,0,0,0,1
264428,noise_cleanable,0,0,0.183349609375,0.7361018641810919,47,0,0,0,0,1
264603,crop_safe,1,0,0.11179315476190477,0.22538193919225533,23,13,12,0,0,0
73567,noise_cleanable,0,0,0.322479248046875,0.8873379388662819,39,0,0,0,0,0
73597,noise_cleanable,0,0,0.396820068359375,0.7346381604245175,39,0,0,0,0,1
264674,crop_safe,1,0,0.1848201308139535,0.7512902433030229,11,42,42,0,0,0
73819,invert_fix,0,1,0.71600341796875,1.0,0,0,0,0,0,0
74282,noise_cleanable,0,0,0.1533966064453125,0.38117974733910276,45,0,0,0,0,0
74291,noise_cleanable,0,0,0.2615814208984375,0.7784518462346147,111,0,0,0,0,1
74394,invert_fix,0,1,0.756591796875,0.9986285898676993,1,0,0,0,0,0
74786,crop_safe,1,0,0.17086693548387097,0.41563421828908553,12,0,0,48,53,0
74245,noise_cleanable,0,0,0.1708221435546875,0.5217507815989281,41,0,0,0,0,1
75061,noise_cleanable,0,0,0.249420166015625,0.2718096170316897,200,0,0,0,0,0
75173,noise_cleanable,0,0,0.173553466796875,0.6149991208018287,105,0,0,0,0,0
75308,noise_cleanable,0,0,0.1396484375,0.4266826923076923,47,0,0,0,0,1
75602,clean_noop,0,0,0.537994384765625,0.9187418458222247,0,0,0,0,0,1
75685,invert_fix,0,1,0.748291015625,0.809257748776509,0,0,0,0,0,1
75695,noise_cleanable,0,0,0.2852630615234375,0.5730409200320942,30,0,0,0,0,1
75816,invert_fix,0,1,0.7010650634765625,1.0,0,0,0,0,0,0
76340,noise_cleanable,0,0,0.1373443603515625,0.3444061770914343,59,0,0,0,0,0
76623,invert_fix,0,1,0.679351806640625,1.0,0,0,0,0,0,0
76691,invert_fix,0,1,0.5747222900390625,1.0,0,0,0,0,0,0
76841,noise_cleanable,0,0,0.208343505859375,0.8634099897465944,50,0,0,0,0,0
249466,noise_cleanable,0,0,0.305816650390625,0.6200977946312743,51,0,0,0,0,1
36903,noise_cleanable,0,0,0.18206787109375,0.8878645658732819,30,0,0,0,0,0
36932,char_touch,1,0,0.16445096685082872,0.5398950131233596,12,0,0,37,38,1
37040,crop_safe,1,0,0.1518978310502283,0.4887271019257868,3,18,19,0,0,0
37166,crop_safe,1,0,0.17445146276595744,0.38661267270128635,24,0,0,34,34,0
37220,noise_cleanable,0,0,0.1921844482421875,0.30607383882493056,209,0,0,0,0,0
250179,noise_cleanable,0,0,0.248504638671875,0.29031069630357365,43,0,0,0,0,0
37426,char_touch,1,0,0.22012867647058823,0.515553235908142,25,0,0,43,43,1
37632,char_touch,1,0,0.18169070512820512,0.324696802646086,25,0,0,30,31,1
37636,crop_safe,1,0,0.18858753551136365,0.3197599152642109,4,40,40,0,0,0
37716,crop_safe,1,0,0.2150358606557377,0.7229749851101847,0,0,0,0,12,0
249866,char_touch,1,0,0.3722889716325669,0.5061607465071918,0,17,0,20,18,1
249890,noise_cleanable,0,0,0.2136688232421875,0.5906591444690423,84,0,0,0,0,0
37890,char_touch,1,0,0.38182713963963966,0.5508755760368663,2,0,0,17,17,1
37893,char_touch,1,0,0.394876935840708,0.3393154162654294,6,0,0,17,13,1
37938,noise_cleanable,0,0,0.3110198974609375,0.7974782907324731,49,0,0,0,0,0
38883,noise_cleanable,0,0,0.1890106201171875,0.9306531040607088,64,0,0,0,0,1
39044,noise_cleanable,0,0,0.205596923828125,0.9617040225619712,35,0,0,0,0,1
38134,char_touch,1,0,0.4034231085526316,0.3388117382256763,5,15,13,0,0,1
39387,char_touch,1,0,0.46004603215767637,0.654370573935102,1,0,0,15,0,1
39567,noise_cleanable,0,0,0.2269287109375,0.49771382463690156,276,0,0,0,0,1
39579,noise_cleanable,0,0,0.233306884765625,0.7284499672988881,60,0,0,0,0,1
39622,crop_safe,1,0,0.17076181994818654,0.29986962190352023,1,31,32,0,0,0
39989,char_touch,1,0,0.3874446902654867,0.7245717344753747,0,0,0,15,15,1
40112,char_touch,1,0,0.352474531938326,0.5475272176927208,5,13,16,0,0,1
40118,crop_safe,1,0,0.18400065104166666,0.6254975674480319,9,0,0,32,32,0
40141,char_touch,1,0,0.29111328125,0.9684669573968467,12,28,28,0,0,1
40187,noise_cleanable,0,0,0.12261962890625,0.554629168740667,86,0,0,0,0,0
41010,crop_safe,1,0,0.17466032608695653,0.98512252042007,3,13,13,0,0,0
41036,crop_safe,1,0,0.13478576030927836,0.6089034956677621,0,31,31,0,0,0
41134,noise_cleanable,0,0,0.167449951171875,0.9382176052487698,58,0,0,0,0,0
40302,crop_safe,1,0,0.18348168545081966,0.7542971817467935,0,0,12,0,0,0
266094,crop_safe,1,0,0.1584306735436893,0.2993417115499701,8,25,25,0,0,0
77166,noise_cleanable,0,0,0.29864501953125,0.4249948906601267,89,0,0,0,0,1
77238,noise_cleanable,0,0,0.143402099609375,0.47169610555437325,50,0,0,0,0,0
77239,noise_cleanable,0,0,0.2228851318359375,0.46799479701512975,226,0,0,0,0,0
77325,noise_cleanable,0,0,0.143402099609375,0.47169610555437325,50,0,0,0,0,0
266210,noise_cleanable,0,0,0.2228851318359375,0.46799479701512975,226,0,0,0,0,0
77362,char_touch,1,0,0.31104316086065575,0.5596788306140306,7,12,0,0,0,1
77773,noise_cleanable,0,0,0.1714935302734375,0.3115935581457425,36,0,0,0,0,0
77780,noise_cleanable,0,0,0.1714935302734375,0.3115935581457425,36,0,0,0,0,0
78176,clean_noop,0,0,0.491455078125,0.9133755588673621,2,0,0,0,0,1
78611,invert_fix,0,1,0.7365875244140625,1.0,0,0,0,0,0,0
79630,noise_cleanable,0,0,0.20257568359375,0.2658180174751431,80,0,0,0,0,1
267176,noise_cleanable,0,0,0.360076904296875,0.7495550470378846,45,0,0,0,0,1
79781,noise_cleanable,0,0,0.1994781494140625,0.19819475254341007,101,0,0,0,0,0
79984,crop_safe,1,0,0.24907967931937172,0.6430741440183924,12,0,0,33,32,0
80041,invert_fix,0,1,0.58734130859375,0.9856593577886315,0,0,0,0,0,0
80059,noise_cleanable,0,0,0.2054443359375,0.19964349376114082,102,0,0,0,0,1
80335,noise_cleanable,0,0,0.08538818359375,0.2087205146533238,32,0,0,0,0,0
80369,noise_cleanable,0,0,0.22003173828125,0.4536754507628294,38,0,0,0,0,0
80370,noise_cleanable,0,0,0.2834930419921875,0.24468485924969052,208,0,0,0,0,0
80451,noise_cleanable,0,0,0.13323974609375,0.30943655519926705,39,0,0,0,0,0
80518,noise_cleanable,0,0,0.223236083984375,0.600205058099795,42,0,0,0,0,0
80671,noise_cleanable,0,0,0.1088714599609375,0.3562718990889979,31,0,0,0,0,0
81423,invert_fix,0,1,0.682037353515625,1.0,0,0,0,0,0,0
80864,invert_fix,0,1,0.669952392578125,1.0,0,0,0,0,0,1
80865,invert_fix,0,1,0.6772308349609375,0.9998873442534304,2,0,0,0,0,1
267681,char_touch,1,0,0.27565406976744183,0.6523859741629318,83,20,21,0,0,1
80916,crop_safe,1,0,0.2204190340909091,0.3322055743515386,18,18,18,0,0,0
80917,char_touch,1,0,0.2462126358695652,0.26364075325929504,64,13,13,0,0,1
80920,char_touch,1,0,0.27565406976744183,0.6523859741629318,83,20,21,0,0,1
81547,noise_cleanable,0,0,0.2217559814453125,0.42372531480079817,65,0,0,0,0,0
81653,invert_fix,0,1,0.6317138671875,0.965048309178744,1,0,0,0,0,0
81673,noise_cleanable,0,0,0.22589111328125,0.7552012969467712,32,0,0,0,0,0
81744,invert_fix,0,1,0.7347412109375,1.0,0,0,0,0,0,0
81763,noise_cleanable,0,0,0.215179443359375,0.4288044249042689,32,0,0,0,0,0
81771,noise_cleanable,0,0,0.2487030029296875,0.33989815326093625,116,0,0,0,0,0
82178,invert_fix,0,1,0.829681396484375,1.0,0,0,0,0,0,0
268314,noise_cleanable,0,0,0.378692626953125,0.914296075429124,38,0,0,0,0,1
268315,crop_safe,1,0,0.14182826450892858,0.1924259190950449,10,16,16,0,0,0
82740,invert_fix,0,1,0.7498779296875,1.0,0,0,0,0,0,0
82753,noise_cleanable,0,0,0.19287109375,0.3470727848101266,44,0,0,0,0,0
268629,noise_cleanable,0,0,0.2297515869140625,0.613003918443249,38,0,0,0,0,0
83215,noise_cleanable,0,0,0.1284637451171875,0.4346121867205131,50,0,0,0,0,0
268674,crop_safe,1,0,0.17346975344036697,0.39345108976345416,16,0,0,19,19,0
83461,noise_cleanable,0,0,0.227508544921875,0.8376257545271629,33,0,0,0,0,0
82910,invert_fix,0,1,0.6386260986328125,0.9998088548013284,1,0,0,0,0,0
82950,noise_cleanable,0,0,0.2020416259765625,0.8300732573068499,65,0,0,0,0,0
83051,noise_cleanable,0,0,0.17010498046875,0.30758880516684606,46,0,0,0,0,0
83100,clean_noop,0,0,0.5357666015625,1.0,0,0,0,0,0,0
83474,invert_fix,0,1,0.8153533935546875,1.0,0,0,0,0,0,0
83828,noise_cleanable,0,0,0.152984619140625,0.5835826850189507,69,0,0,0,0,0
83897,invert_fix,0,1,0.7416534423828125,1.0,0,0,0,0,0,1
84348,crop_safe,1,0,0.16667451054216867,0.302273048143442,0,45,45,0,0,0
84440,noise_cleanable,0,0,0.2103424072265625,0.38875589408777655,61,0,0,0,0,0
83934,invert_fix,0,1,0.572906494140625,0.9997602940393118,1,0,0,0,0,0
84519,invert_fix,0,1,0.5646820068359375,0.9907855270624476,6,0,0,0,0,1
84615,noise_cleanable,0,0,0.2448272705078125,0.31455282019320663,82,0,0,0,0,0
84647,noise_cleanable,0,0,0.1463623046875,0.5326313594662219,78,0,0,0,0,1
84748,noise_cleanable,0,0,0.154876708984375,0.6565517241379311,39,0,0,0,0,1
84833,noise_cleanable,0,0,0.3971710205078125,0.9343808828614238,43,0,0,0,0,1
269317,crop_safe,1,0,0.15118704490291263,0.1985450896776621,17,25,25,0,0,0
84979,invert_fix,0,1,0.6485443115234375,1.0,0,0,0,0,0,0
85040,noise_cleanable,0,0,0.152984619140625,0.5835826850189507,69,0,0,0,0,0
85132,char_touch,1,0,0.21883004610655737,0.9201843587680152,4,0,0,12,0,1
45377,noise_cleanable,0,0,0.40643310546875,0.8034239375281573,45,0,0,0,0,1
44662,noise_cleanable,0,0,0.21697998046875,0.43924050632911393,106,0,0,0,0,0
252745,crop_safe,1,0,0.13368594720496896,0.4030852994555354,16,0,0,47,48,0
44696,noise_cleanable,0,0,0.248565673828125,0.8869858809085328,37,0,0,0,0,1
44806,noise_cleanable,0,0,0.2299652099609375,0.812354853692522,171,0,0,0,0,1
44850,char_touch,1,0,0.44247308298319327,0.9154642234504248,0,18,0,0,0,1
44959,noise_cleanable,0,0,0.2758941650390625,0.8535479232343344,114,0,0,0,0,1
45565,noise_cleanable,0,0,0.2352294921875,0.24753502854177478,127,0,0,0,0,0
253119,char_touch,1,0,0.3723273026315789,0.8612519451834747,55,23,24,0,0,1
45602,noise_cleanable,0,0,0.29974365234375,0.2732641009977601,52,0,0,0,0,0
45845,crop_safe,1,0,0.19528924851190477,0.23276580545303013,14,0,0,43,45,0
45876,char_touch,1,0,0.44133890086206895,0.49690981229971004,1,0,0,24,0,1
45956,char_touch,1,0,0.17097729037267081,0.2992762877820349,9,48,47,0,0,1
46046,noise_cleanable,0,0,0.3194732666015625,0.9254429956536275,56,0,0,0,0,1
253294,noise_cleanable,0,0,0.2114410400390625,0.5571191455582016,65,0,0,0,0,1
46115,noise_cleanable,0,0,0.275177001953125,0.19269158256626373,32,0,0,0,0,0
46341,noise_cleanable,0,0,0.276336669921875,0.6072335726118167,67,0,0,0,0,1
46346,noise_cleanable,0,0,0.3226470947265625,0.49737526602033577,98,0,0,0,0,1
46450,crop_safe,1,0,0.17534298780487806,0.34872853727450553,9,0,0,25,26,0
253502,crop_safe,1,0,0.29081717914438504,0.7096681511277115,19,0,0,34,35,0
46775,crop_safe,1,0,0.14445857558139535,0.37668217834234685,14,20,21,0,0,0
46928,clean_noop,0,0,0.464447021484375,0.7201195873579079,2,0,0,0,0,1
46941,noise_cleanable,0,0,0.41259765625,0.8182692307692307,56,0,0,0,0,1
47010,crop_safe,1,0,0.15104166666666666,0.27204433497536945,8,23,23,0,0,0
253685,crop_safe,1,0,0.16489615091463414,0.2938032644807165,6,46,46,0,0,0
253695,char_touch,1,0,0.3764911825726141,0.3890132598587911,0,0,0,15,0,1
47098,crop_safe,1,0,0.3723580917874396,0.23013379282383944,2,22,27,0,0,0
47116,char_touch,1,0,0.31878810975609756,0.38864315600717275,3,0,0,27,24,1
47117,char_touch,1,0,0.3798828125,0.4097043701799486,0,0,0,16,16,1
253750,char_touch,1,0,0.3739970439189189,0.4397553516819572,1,0,0,17,17,1
47260,char_touch,1,0,0.3634817390004112,0.2409626163418522,1,0,15,19,15,1
47341,noise_cleanable,0,0,0.348419189453125,0.8830253131295437,83,0,0,0,0,1
25858,noise_cleanable,0,0,0.1224822998046875,0.9732153980316433,57,0,0,0,0,1
25977,noise_cleanable,0,0,0.3184356689453125,0.9435526378839427,42,0,0,0,0,1
26047,noise_cleanable,0,0,0.3184356689453125,0.9435526378839427,42,0,0,0,0,1
26312,noise_cleanable,0,0,0.2466888427734375,0.5112884270427414,38,0,0,0,0,0
245174,crop_safe,1,0,0.26209741709183676,0.4525891567181203,5,0,0,30,30,0
26432,noise_cleanable,0,0,0.2782440185546875,0.28286262681656155,174,0,0,0,0,1
26661,noise_cleanable,0,0,0.1190032958984375,0.340043595332735,34,0,0,0,0,0
26801,crop_safe,1,0,0.1310147372159091,0.29815348128070474,0,40,40,0,0,0
26806,char_touch,1,0,0.2193758632596685,0.49503197245450076,10,37,38,0,0,1
26851,noise_cleanable,0,0,0.2373809814453125,0.6086006299415054,32,0,0,0,0,1
27268,crop_safe,1,0,0.28041779891304347,1.0,0,13,13,0,0,0
27463,crop_safe,1,0,0.17766203703703703,0.2772801302931596,9,0,0,47,47,0
245615,crop_safe,1,0,0.17575757575757575,0.2860991379310345,30,0,0,45,46,0
27476,crop_safe,1,0,0.17043585526315788,0.6248492159227985,0,33,33,0,0,0
27741,clean_noop,0,0,0.487640380859375,0.9934914575380186,1,0,0,0,0,1
26923,noise_cleanable,0,0,0.2156829833984375,0.41422002122391227,82,0,0,0,0,1
27079,char_touch,1,0,0.14683103354978355,0.6199470229183462,1,12,13,0,0,1
245864,noise_cleanable,0,0,0.1182403564453125,0.4698670796231772,36,0,0,0,0,1
28084,noise_cleanable,0,0,0.2062530517578125,0.7375157209439964,166,0,0,0,0,1
27749,noise_cleanable,0,0,0.35723876953125,0.9485733811720485,31,0,0,0,0,0
245785,crop_safe,1,0,0.2474136700913242,0.9984139571768438,1,18,19,0,0,0
27988,crop_safe,1,0,0.1532315340909091,0.44220741599073,0,40,40,0,0,0
28782,noise_cleanable,0,0,0.3192138671875,0.3081261950286807,45,0,0,0,0,0
28362,crop_safe,1,0,0.16977026255707764,0.4078587938642572,0,0,0,18,19,0
28584,noise_cleanable,0,0,0.2062835693359375,0.5052888527257934,31,0,0,0,0,1
246095,noise_cleanable,0,0,0.25238037109375,0.4458887545344619,59,0,0,0,0,0
29242,noise_cleanable,0,0,0.1552886962890625,0.5749238478923062,30,0,0,0,0,0
29346,noise_cleanable,0,0,0.246246337890625,0.3898252571570207,257,0,0,0,0,0
29520,noise_cleanable,0,0,0.221405029296875,0.3596829772570641,35,0,0,0,0,1
29016,noise_cleanable,0,0,0.290924072265625,0.8868666736599182,55,0,0,0,0,1
29055,noise_cleanable,0,0,0.137115478515625,0.6869574894279991,55,0,0,0,0,0
29057,noise_cleanable,0,0,0.115081787109375,0.7798992309732167,39,0,0,0,0,0
85230,noise_cleanable,0,0,0.184112548828125,0.30963036631858115,58,0,0,0,0,0
85618,noise_cleanable,0,0,0.23260498046875,0.4560482812909997,50,0,0,0,0,1
85821,noise_cleanable,0,0,0.4574127197265625,0.30970410648163593,64,0,0,0,0,0
85853,noise_cleanable,0,0,0.170196533203125,0.735162273623812,124,0,0,0,0,1
85869,crop_safe,1,0,0.1590297965116279,0.3631897635096538,4,0,0,21,20,0
269733,crop_safe,1,0,0.1906101895734597,0.9037490287490287,5,0,0,22,23,0
269763,crop_safe,1,0,0.1432986111111111,0.28652774412406107,37,16,15,0,0,0
86067,noise_cleanable,0,0,0.156524658203125,0.18502632092025736,46,0,0,0,0,1
86364,invert_fix,0,1,0.660400390625,0.98431146025878,2,0,0,0,0,0
86389,invert_fix,0,1,0.69769287109375,0.999715685416849,1,0,0,0,0,0
269940,crop_safe,1,0,0.20121173469387754,0.24712757527733756,22,0,0,29,31,0
269995,noise_cleanable,0,0,0.2706451416015625,0.3587979928962057,71,0,0,0,0,0
86622,noise_cleanable,0,0,0.27020263671875,0.45019200361418565,128,0,0,0,0,1
86721,noise_cleanable,0,0,0.2284698486328125,0.8159353502972017,74,0,0,0,0,1
87066,noise_cleanable,0,0,0.11492919921875,0.42246415294742434,59,0,0,0,0,0
87260,noise_cleanable,0,0,0.348785400390625,0.6895178930790096,33,0,0,0,0,0
87433,noise_cleanable,0,0,0.1408843994140625,0.7988736055453265,30,0,0,0,0,1
87555,noise_cleanable,0,0,0.3831329345703125,0.7338802819706082,100,0,0,0,0,1
87850,noise_cleanable,0,0,0.3070220947265625,0.6562795089707271,64,0,0,0,0,1
88100,noise_cleanable,0,0,0.162078857421875,0.7560723027678403,50,0,0,0,0,0
89180,invert_fix,0,1,0.58599853515625,1.0,0,0,0,0,0,1
89333,invert_fix,0,1,0.58599853515625,1.0,0,0,0,0,0,1
89378,invert_fix,0,1,0.5991973876953125,0.928111232779037,0,0,0,0,0,1
89410,invert_fix,0,1,0.5991973876953125,0.928111232779037,0,0,0,0,0,1
88945,char_touch,1,0,0.32546943530701755,0.9357266936884772,5,0,0,14,14,1
89047,noise_cleanable,0,0,0.1874542236328125,0.4752136752136752,31,0,0,0,0,0
89658,noise_cleanable,0,0,0.126129150390625,0.5042342124364868,36,0,0,0,0,0
90382,invert_fix,0,1,0.71875,1.0,0,0,0,0,0,0
90432,noise_cleanable,0,0,0.1610870361328125,0.6261248460736952,158,0,0,0,0,0
90488,noise_cleanable,0,0,0.2292633056640625,0.3936106489184692,64,0,0,0,0,0
90686,clean_noop,0,0,0.53369140625,1.0,0,0,0,0,0,0
90724,invert_fix,0,1,0.8048248291015625,1.0,0,0,0,0,0,0
62859,clean_noop,0,0,0.5322265625,1.0,0,0,0,0,0,0
62910,noise_cleanable,0,0,0.16815185546875,0.5368421052631579,30,0,0,0,0,0
62920,noise_cleanable,0,0,0.177581787109375,0.5016325829180271,59,0,0,0,0,0
63016,invert_fix,0,1,0.7547454833984375,1.0,0,0,0,0,0,0
63083,noise_cleanable,0,0,0.0950164794921875,0.5171029388148386,42,0,0,0,0,1
260348,crop_safe,1,0,0.1479420731707317,0.23673364245234416,3,26,25,0,0,0
63243,char_touch,1,0,0.25712547110552764,0.9695396595159936,7,0,0,29,28,1
63845,invert_fix,0,1,0.764892578125,0.9870730928822216,0,0,0,0,0,0
63900,noise_cleanable,0,0,0.4122314453125,0.5297231270358306,207,0,0,0,0,1
64343,noise_cleanable,0,0,0.1772003173828125,0.5679841556875915,44,0,0,0,0,0
64411,invert_fix,0,1,0.6398162841796875,0.9530657508764399,0,0,0,0,0,1
64649,invert_fix,0,1,0.6749267578125,1.0,0,0,0,0,0,0
260978,crop_safe,1,0,0.2510340073529412,0.4968726163234172,6,0,0,27,25,0
64133,noise_cleanable,0,0,0.327728271484375,0.8867212962100754,72,0,0,0,0,1
64179,noise_cleanable,0,0,0.2371368408203125,0.4598159706582588,79,0,0,0,0,0
64246,crop_safe,1,0,0.2542264344262295,0.7429471032745592,15,0,0,0,12,0
64339,noise_cleanable,0,0,0.2512054443359375,0.766263742938711,41,0,0,0,0,0
64871,invert_fix,0,1,0.7225799560546875,1.0,0,0,0,0,0,0
65071,invert_fix,0,1,0.794586181640625,1.0,0,0,0,0,0,0
65329,noise_cleanable,0,0,0.2899017333984375,0.8048318332543818,47,0,0,0,0,1
65368,noise_cleanable,0,0,0.2870941162109375,0.9646558596864204,42,0,0,0,0,1
261268,noise_cleanable,0,0,0.3009033203125,0.5657200811359027,129,0,0,0,0,1
65447,noise_cleanable,0,0,0.2899017333984375,0.8048318332543818,47,0,0,0,0,1
65481,noise_cleanable,0,0,0.2870941162109375,0.9646558596864204,42,0,0,0,0,1
65482,noise_cleanable,0,0,0.3009033203125,0.5657200811359027,129,0,0,0,0,1
65574,noise_cleanable,0,0,0.168212890625,0.6513969521044993,135,0,0,0,0,1
65601,noise_cleanable,0,0,0.2574310302734375,0.38213502459842336,57,0,0,0,0,1
66334,noise_cleanable,0,0,0.298431396484375,0.9353205849268842,93,0,0,0,0,0
66404,noise_cleanable,0,0,0.4218597412109375,0.685354649690744,34,0,0,0,0,1
66505,noise_cleanable,0,0,0.2275238037109375,0.6968680839648581,42,0,0,0,0,0
261745,noise_cleanable,0,0,0.3930206298828125,0.8808867492332182,45,0,0,0,0,1
66559,noise_cleanable,0,0,0.4218597412109375,0.685354649690744,34,0,0,0,0,1
90909,noise_cleanable,0,0,0.2749481201171875,0.5687330040512792,50,0,0,0,0,1
91058,clean_noop,0,0,0.72052001953125,0.9841380770859806,0,0,0,0,0,0
91092,char_touch,1,0,0.38329613095238096,0.6092885567310492,4,24,22,0,0,1
91235,noise_cleanable,0,0,0.2241973876953125,0.45259647451167223,41,0,0,0,0,1
91416,noise_cleanable,0,0,0.3735198974609375,0.34919727113035665,31,0,0,0,0,0
91462,invert_fix,0,1,0.7183685302734375,1.0,0,0,0,0,0,0
91775,noise_cleanable,0,0,0.1704559326171875,0.33783904753379285,51,0,0,0,0,0
91840,invert_fix,0,1,0.6891632080078125,1.0,0,0,0,0,0,0
91914,invert_fix,0,1,0.5972137451171875,0.964102302051662,1,0,0,0,0,0
92214,noise_cleanable,0,0,0.3106842041015625,0.5502676685820932,59,0,0,0,0,1
272489,crop_safe,1,0,0.22922505605381166,0.29031025523460186,31,17,16,0,0,0
92745,invert_fix,0,1,0.69720458984375,0.989516764422656,0,0,0,0,0,0
92910,noise_cleanable,0,0,0.2921905517578125,0.8327850018277717,31,0,0,0,0,0
92923,noise_cleanable,0,0,0.1939239501953125,0.4720276969077032,39,0,0,0,0,1
92929,invert_fix,0,1,0.66448974609375,1.0,0,0,0,0,0,0
93423,noise_cleanable,0,0,0.1863555908203125,0.5289445672643904,33,0,0,0,0,0
93426,noise_cleanable,0,0,0.189453125,0.5232764175257731,60,0,0,0,0,0
93502,invert_fix,0,1,0.7030029296875,1.0,0,0,0,0,0,1
93074,noise_cleanable,0,0,0.2615509033203125,0.5227232950236276,32,0,0,0,0,0
93112,crop_safe,1,0,0.15533615252293578,0.3082247087322644,21,0,0,19,19,0
94402,noise_cleanable,0,0,0.2563934326171875,0.4648574659287032,99,0,0,0,0,1
94503,noise_cleanable,0,0,0.1931915283203125,0.3293578706263328,44,0,0,0,0,0
93645,noise_cleanable,0,0,0.15478515625,0.2514787066246057,37,0,0,0,0,0
93799,noise_cleanable,0,0,0.27685546875,0.7219466490299824,38,0,0,0,0,1
93947,invert_fix,0,1,0.594482421875,1.0,0,0,0,0,0,1
273000,clean_noop,0,0,0.5032958984375,0.9967863206403105,0,0,0,0,0,1
94067,noise_cleanable,0,0,0.1504974365234375,0.4780492750684376,125,0,0,0,0,0
94080,noise_cleanable,0,0,0.241424560546875,0.5218682846669195,139,0,0,0,0,1
273437,noise_cleanable,0,0,0.230499267578125,0.3851449755064213,41,0,0,0,0,1
94653,clean_noop,0,0,0.8655242919921875,1.0,0,0,0,0,0,1
273274,noise_cleanable,0,0,0.3293914794921875,0.34719970352526985,65,0,0,0,0,0
94690,noise_cleanable,0,0,0.16241455078125,0.37711386696730553,33,0,0,0,0,0
100361,char_touch,1,0,0.4387642634854772,0.48769855929072775,0,15,0,0,0,1
275649,char_touch,1,0,0.4664713541666667,0.7617585484996511,2,16,0,0,0,1
100369,crop_safe,1,0,0.30398995535714285,0.9239903625516291,9,17,15,0,0,0
100376,char_touch,1,0,0.3870930989583333,0.6209477357776563,0,0,0,16,0,1
275575,char_touch,1,0,0.3528521232057416,0.473542030827904,2,0,0,23,24,1
100474,crop_safe,1,0,0.12854456018518517,0.26435002813731007,7,18,22,0,0,0
100555,crop_safe,1,0,0.11405495169082126,0.5448378557246857,8,0,0,25,24,0
100495,noise_cleanable,0,0,0.15765380859375,0.8935346496322106,66,0,0,0,0,1
100563,char_touch,1,0,0.3226102941176471,0.46412846412846415,2,0,0,39,30,1
100591,crop_safe,1,0,0.22414143880208334,0.46845783788690204,6,0,0,32,32,0
100903,char_touch,1,0,0.43903219288793105,0.47877277085330777,3,0,0,0,24,1
275934,char_touch,1,0,0.1652732090643275,0.2800276434001382,8,43,42,0,0,1
101071,noise_cleanable,0,0,0.2475433349609375,0.6660297109042718,45,0,0,0,0,0
101109,noise_cleanable,0,0,0.1107177734375,0.2847298787210584,35,0,0,0,0,1
101114,char_touch,1,0,0.1949435763888889,0.557163531114327,20,0,0,38,38,1
275970,clean_noop,0,0,0.505279541015625,0.7602222624871655,0,0,0,0,0,1
276035,noise_cleanable,0,0,0.25885009765625,0.8715515208677199,43,0,0,0,0,1
101341,noise_cleanable,0,0,0.180511474609375,0.639222316145393,31,0,0,0,0,1
101485,noise_cleanable,0,0,0.2508544921875,0.6400851581508515,74,0,0,0,0,0
102121,noise_cleanable,0,0,0.173187255859375,0.5890748898678414,37,0,0,0,0,1
102146,noise_cleanable,0,0,0.2565460205078125,0.5619461131267471,43,0,0,0,0,0
102147,noise_cleanable,0,0,0.2202911376953125,0.5411789152871095,35,0,0,0,0,1
102201,crop_safe,1,0,0.13261620603015076,0.3502072232089994,21,28,29,0,0,0
276550,char_touch,1,0,0.330883537371134,0.24487312115864418,6,0,0,30,32,1
276551,char_touch,1,0,0.27395008484162897,0.41060713594425446,3,0,0,17,18,1
102648,noise_cleanable,0,0,0.1949615478515625,0.35532597636377866,52,0,0,0,0,0
102799,noise_cleanable,0,0,0.2494659423828125,0.3657716068261056,81,0,0,0,0,1
102806,noise_cleanable,0,0,0.1431121826171875,0.29747307815332125,61,0,0,0,0,0
102919,noise_cleanable,0,0,0.1431121826171875,0.29747307815332125,61,0,0,0,0,0
103104,noise_cleanable,0,0,0.4917449951171875,0.9789927700375461,65,0,0,0,0,1
103136,crop_safe,1,0,0.23154578189300412,0.37184115523465705,18,0,0,0,13,0
103338,noise_cleanable,0,0,0.4917449951171875,0.9789927700375461,65,0,0,0,0,1
277558,noise_cleanable,0,0,0.2178955078125,0.9104341736694678,38,0,0,0,0,0
104975,noise_cleanable,0,0,0.29022216796875,0.8874868559411146,53,0,0,0,0,1
104996,noise_cleanable,0,0,0.1827392578125,0.83375083500334,37,0,0,0,0,0
105017,crop_safe,1,0,0.2637728987068966,0.8933358866334737,10,0,0,12,12,0
106641,char_touch,1,0,0.3832607581967213,0.9558479532163743,0,0,0,0,12,1
278259,clean_noop,0,0,0.4446563720703125,0.7282866064994338,0,0,0,0,0,1
106708,char_touch,1,0,0.11088654891304348,0.24521366212283657,7,13,13,0,0,1
106830,noise_cleanable,0,0,0.1959228515625,0.5766355140186916,34,0,0,0,0,1
107250,noise_cleanable,0,0,0.13677978515625,0.894020526550647,37,0,0,0,0,1
278458,char_touch,1,0,0.17045036764705881,0.8502291722836344,17,0,0,42,44,1
278762,char_touch,1,0,0.21847098214285715,0.9121966794380587,3,0,0,44,44,1
107889,noise_cleanable,0,0,0.338531494140625,0.4043540971784008,118,0,0,0,0,1
107890,noise_cleanable,0,0,0.1173858642578125,0.9603535681788639,31,0,0,0,0,0
107891,noise_cleanable,0,0,0.15728759765625,0.9354870003880481,43,0,0,0,0,1
107960,crop_safe,1,0,0.20005580357142858,0.39856238601008476,19,38,36,0,0,0
108322,char_touch,1,0,0.18452214125560537,0.40098727928612116,17,0,0,17,16,1
108334,noise_cleanable,0,0,0.1843109130859375,0.37089163010182963,58,0,0,0,0,0
108405,noise_cleanable,0,0,0.2193603515625,0.9561769616026711,31,0,0,0,0,1
108480,noise_cleanable,0,0,0.2047882080078125,0.9301095298412935,39,0,0,0,0,1
108548,char_touch,1,0,0.33980673785531657,0.47889349930843705,3,14,24,0,12,1
109025,crop_safe,1,0,0.17628038194444445,0.38852640650006154,24,0,0,38,38,0
109706,char_touch,1,0,0.22105189732142858,0.8590512254128537,45,0,0,44,44,1
110721,noise_cleanable,0,0,0.3284149169921875,0.5293871672164661,45,0,0,0,0,0
110273,char_touch,1,0,0.25006813226744184,0.7445281990736536,23,0,0,41,43,1
111437,noise_cleanable,0,0,0.2288360595703125,0.6008535040341402,40,0,0,0,0,0
111516,char_touch,1,0,0.19248444570135748,0.23902662993572085,4,17,18,0,0,1
111530,noise_cleanable,0,0,0.19610595703125,0.2938842203548086,71,0,0,0,0,0
110750,char_touch,1,0,0.37555691596095636,0.6719040072447362,3,13,0,0,14,1
111001,char_touch,1,0,0.27993549782698474,0.5455567263786442,14,15,0,22,23,1
111020,noise_cleanable,0,0,0.1894378662109375,0.6759565042287555,55,0,0,0,0,1
111022,noise_cleanable,0,0,0.2917938232421875,0.3221774826125608,35,0,0,0,0,0
111893,crop_safe,1,0,0.25971167127071826,0.33779292005983047,2,0,0,38,37,0
103365,char_touch,1,0,0.22996012369791666,0.4556312483411484,24,0,0,32,32,1
276919,noise_cleanable,0,0,0.2431793212890625,0.8073665056158624,48,0,0,0,0,0
103415,noise_cleanable,0,0,0.1507720947265625,0.6087440542455217,35,0,0,0,0,1
103671,crop_safe,1,0,0.18915109536082475,0.21385991058122206,8,31,31,0,0,0
103976,char_touch,1,0,0.410741327092511,0.8228664795341237,7,0,0,0,29,1
104040,noise_cleanable,0,0,0.187744140625,0.6263816644993498,33,0,0,0,0,0
104213,noise_cleanable,0,0,0.33306884765625,0.47471137987905443,49,0,0,0,0,1
104217,noise_cleanable,0,0,0.3632354736328125,0.7482881747532031,158,0,0,0,0,0
103895,noise_cleanable,0,0,0.4765472412109375,0.5412250648394223,46,0,0,0,0,1
103929,noise_cleanable,0,0,0.0802459716796875,0.18596691386195094,44,0,0,0,0,0
103955,noise_cleanable,0,0,0.262847900390625,0.4565192151399048,55,0,0,0,0,0
104306,noise_cleanable,0,0,0.1141204833984375,0.16914025939296698,43,0,0,0,0,0
104325,crop_safe,1,0,0.3098627855329949,0.40423625775900685,0,30,29,0,0,0
277380,noise_cleanable,0,0,0.2552947998046875,0.9305480843942382,47,0,0,0,0,1
104826,noise_cleanable,0,0,0.182220458984375,0.7144531904203651,43,0,0,0,0,1
105218,noise_cleanable,0,0,0.1133575439453125,0.887468030690537,55,0,0,0,0,0
105221,crop_safe,1,0,0.12944673742138366,0.6663503511102676,8,0,0,49,48,0
105312,crop_safe,1,0,0.12944673742138366,0.6663503511102676,8,0,0,49,48,0
105352,char_touch,1,0,0.3556794605809129,0.4102911306702776,3,18,14,15,0,1
105498,noise_cleanable,0,0,0.1104736328125,0.40290055248618784,38,0,0,0,0,0
277796,crop_safe,1,0,0.18555829678362573,0.3917271943863105,18,0,0,42,43,0
105812,noise_cleanable,0,0,0.198883056640625,0.8402639251189198,53,0,0,0,0,0
106090,noise_cleanable,0,0,0.2732696533203125,0.9718577251661176,51,0,0,0,0,1
106108,noise_cleanable,0,0,0.198272705078125,0.7528089887640449,77,0,0,0,0,0
106116,char_touch,1,0,0.2103553185096154,0.9307204713864834,2,0,0,24,24,1
278011,noise_cleanable,0,0,0.1856536865234375,0.4333853867017342,32,0,0,0,0,0
106917,noise_cleanable,0,0,0.10986328125,0.2551388888888889,46,0,0,0,0,0
106937,char_touch,1,0,0.44265696211142097,0.61417595082597,0,0,15,0,12,1
106940,noise_cleanable,0,0,0.3964385986328125,0.5764982102305531,30,0,0,0,0,1
107091,crop_safe,1,0,0.16380774456521738,0.8010627268014515,9,0,0,36,36,0
105014,noise_cleanable,0,0,0.29449462890625,0.7549222797927461,54,0,0,0,0,1
105015,noise_cleanable,0,0,0.1792449951171875,0.8779262790499702,76,0,0,0,0,1
59119,invert_fix,0,1,0.5504608154296875,0.9779071379071379,0,0,0,0,0,1
59357,noise_cleanable,0,0,0.24359130859375,0.49329741919318465,34,0,0,0,0,0
57750,noise_cleanable,0,0,0.1482086181640625,0.34922269123854627,42,0,0,0,0,0
57886,noise_cleanable,0,0,0.289276123046875,0.6446355100749024,33,0,0,0,0,0
57938,noise_cleanable,0,0,0.2342681884765625,0.5214616035953885,37,0,0,0,0,0
58107,noise_cleanable,0,0,0.17919921875,0.6723433242506812,71,0,0,0,0,1
58181,noise_cleanable,0,0,0.28973388671875,0.42226669475458184,62,0,0,0,0,1
258310,crop_safe,1,0,0.19897240990990991,0.29642730810045986,11,0,0,17,17,0
58413,noise_cleanable,0,0,0.2626800537109375,0.2770839384257915,44,0,0,0,0,0
258377,noise_cleanable,0,0,0.27142333984375,0.34253429278165054,60,0,0,0,0,0
258411,noise_cleanable,0,0,0.2722625732421875,0.9536512918231239,33,0,0,0,0,1
58933,invert_fix,0,1,0.7221832275390625,1.0,0,0,0,0,0,0
59761,noise_cleanable,0,0,0.178680419921875,0.37147736976942786,72,0,0,0,0,0
60161,noise_cleanable,0,0,0.1685333251953125,0.36478044363965595,38,0,0,0,0,0
60629,invert_fix,0,1,0.6643829345703125,1.0,0,0,0,0,0,0
60773,noise_cleanable,0,0,0.3564300537109375,0.5908643349458453,40,0,0,0,0,0
60879,noise_cleanable,0,0,0.2449493408203125,0.9507880147013019,43,0,0,0,0,1
60359,noise_cleanable,0,0,0.3066864013671875,0.4091745858002886,51,0,0,0,0,0
60470,invert_fix,0,1,0.7715911865234375,1.0,0,0,0,0,0,0
60555,invert_fix,0,1,0.573822021484375,0.9991224804552465,9,0,0,0,0,0
60597,noise_cleanable,0,0,0.13616943359375,0.5356342447333035,62,0,0,0,0,0
60999,noise_cleanable,0,0,0.2629547119140625,0.43474728718157024,92,0,0,0,0,1
61084,invert_fix,0,1,0.750396728515625,1.0,0,0,0,0,0,0
259644,noise_cleanable,0,0,0.1120147705078125,0.48045225446124507,49,0,0,0,0,0
61477,crop_safe,1,0,0.25089164402173914,0.3967676425791166,15,0,0,36,36,0
259656,crop_safe,1,0,0.2471648185483871,0.40156342934828787,5,0,0,36,34,0
61530,invert_fix,0,1,0.6562652587890625,0.9884907809993257,0,0,0,0,0,0
61675,noise_cleanable,0,0,0.19366455078125,0.4183737787582729,37,0,0,0,0,0
62100,char_touch,1,0,0.3872092208520179,0.39325944356480436,0,16,17,0,0,1
62119,noise_cleanable,0,0,0.22991943359375,0.48971329970799043,57,0,0,0,0,0
62201,noise_cleanable,0,0,0.1928558349609375,0.49244402247013214,54,0,0,0,0,1
62581,invert_fix,0,1,0.61273193359375,1.0,0,0,0,0,0,0
95857,invert_fix,0,1,0.7168426513671875,0.9962962174588647,0,0,0,0,0,0
95863,noise_cleanable,0,0,0.2970733642578125,0.49827931583543067,41,0,0,0,0,0
95865,noise_cleanable,0,0,0.18975830078125,0.8527661627532969,31,0,0,0,0,1
95627,noise_cleanable,0,0,0.3676910400390625,0.5601942150475163,78,0,0,0,0,1
273669,noise_cleanable,0,0,0.331512451171875,0.28505017030286295,159,0,0,0,0,0
96407,clean_noop,0,0,0.5421905517578125,0.8668843047308136,1,0,0,0,0,0
96775,noise_cleanable,0,0,0.304412841796875,0.20390977443609024,243,0,0,0,0,0
97160,noise_cleanable,0,0,0.178924560546875,0.26658707146512023,64,0,0,0,0,0
274354,char_touch,1,0,0.20471892959770116,0.9163285447965785,16,0,0,41,41,1
97940,noise_cleanable,0,0,0.2650604248046875,0.8803753382073571,124,0,0,0,0,1
98137,noise_cleanable,0,0,0.2450103759765625,0.6481285420688796,32,0,0,0,0,0
98231,noise_cleanable,0,0,0.2613525390625,0.839035497431107,34,0,0,0,0,1
98252,crop_safe,1,0,0.13371394230769232,0.34462279293739967,4,0,0,41,33,0
98255,crop_safe,1,0,0.12249917328042328,0.2260840222709634,14,0,0,33,34,0
98256,crop_safe,1,0,0.12060546875,0.22908232118758434,13,0,0,32,32,0
98328,noise_cleanable,0,0,0.2842254638671875,0.7560530412841574,30,0,0,0,0,0
98391,noise_cleanable,0,0,0.314300537109375,0.23545975337411398,80,0,0,0,0,1
98930,noise_cleanable,0,0,0.1903839111328125,0.8153402260158692,53,0,0,0,0,1
98955,noise_cleanable,0,0,0.1635284423828125,0.555285994214799,75,0,0,0,0,1
98970,noise_cleanable,0,0,0.1627960205078125,0.4364982660043116,52,0,0,0,0,1
98982,noise_cleanable,0,0,0.1971435546875,0.6972136222910217,36,0,0,0,0,1
99029,invert_fix,0,1,0.551513671875,1.0,0,0,0,0,0,0
99046,noise_cleanable,0,0,0.1646575927734375,0.9492169400426281,34,0,0,0,0,1
99121,invert_fix,0,1,0.7411651611328125,0.9990735593848434,0,0,0,0,0,0
99238,invert_fix,0,1,0.586273193359375,1.0,0,0,0,0,0,0
99396,invert_fix,0,1,0.73492431640625,1.0,0,0,0,0,0,0
99595,noise_cleanable,0,0,0.1033782958984375,0.07852398523985239,121,0,0,0,0,0
99786,noise_cleanable,0,0,0.2127685546875,0.9608433734939759,37,0,0,0,0,1
275402,noise_cleanable,0,0,0.2358856201171875,0.34180736140759427,54,0,0,0,0,0
99998,noise_cleanable,0,0,0.2358856201171875,0.34180736140759427,54,0,0,0,0,0
100171,char_touch,1,0,0.30916587752525254,0.286899368259843,1,0,0,29,29,1
100175,char_touch,1,0,0.2972992081447964,0.3602259215219976,0,0,0,13,22,1
125492,noise_cleanable,0,0,0.3092498779296875,0.27557112547491,118,0,0,0,0,0
125957,noise_cleanable,0,0,0.3661346435546875,0.4089602000416753,39,0,0,0,0,0
125969,noise_cleanable,0,0,0.308563232421875,0.8635149836811393,45,0,0,0,0,1
125985,crop_safe,1,0,0.2013157894736842,0.3429330065359477,18,33,33,0,0,0
286140,noise_cleanable,0,0,0.2031097412109375,0.28051987078356244,52,0,0,0,0,0
126082,crop_safe,1,0,0.20172991071428573,0.5136716671986381,14,37,37,0,0,0
126560,clean_noop,0,0,0.491943359375,1.0,0,0,0,0,0,1
126626,char_touch,1,0,0.3879018458513853,0.5552583415458258,5,17,12,0,14,1
127200,noise_cleanable,0,0,0.17449951171875,0.3565932144106331,63,0,0,0,0,0
126730,noise_cleanable,0,0,0.1817779541015625,0.23016872324351548,47,0,0,0,0,0
126787,crop_safe,1,0,0.17836247246696035,0.32706222865412443,14,15,14,0,0,0
126843,crop_safe,1,0,0.21161099137931033,0.3931981449486224,13,0,0,26,27,0
286492,noise_cleanable,0,0,0.2371826171875,0.7577843540916109,95,0,0,0,0,0
286651,noise_cleanable,0,0,0.2903289794921875,0.7475692437063121,34,0,0,0,0,0
127348,noise_cleanable,0,0,0.207733154296875,0.39033348024092845,39,0,0,0,0,0
286952,char_touch,1,0,0.3881359011627907,0.28961288208584934,71,0,0,21,20,1
128169,noise_cleanable,0,0,0.142242431640625,0.1807552027461918,92,0,0,0,0,0
128323,clean_noop,0,0,0.4617156982421875,0.9604415215307842,9,0,0,0,0,1
128375,noise_cleanable,0,0,0.357147216796875,0.679184824403999,136,0,0,0,0,0
128502,char_touch,1,0,0.4650858729338843,0.8044632631104015,1,0,0,0,14,1
128552,noise_cleanable,0,0,0.364593505859375,0.22336151335063195,80,0,0,0,0,0
128559,noise_cleanable,0,0,0.364593505859375,0.22336151335063195,80,0,0,0,0,0
287220,crop_safe,1,0,0.08658854166666667,0.4175143741707209,0,26,26,0,0,0
128849,crop_safe,1,0,0.12732755829015543,0.36274042282625973,6,32,31,0,0,0
128950,crop_safe,1,0,0.24188232421875,0.6184708554125662,0,0,0,32,32,0
128951,crop_safe,1,0,0.15081045560747663,0.6201888162672476,4,0,0,21,21,0
129079,crop_safe,1,0,0.3149215214932127,0.7672447662344951,1,17,18,0,0,0
129343,noise_cleanable,0,0,0.2274322509765625,0.6706474337470647,62,0,0,0,0,0
129697,noise_cleanable,0,0,0.2207489013671875,0.9184350591000208,63,0,0,0,0,1
129706,noise_cleanable,0,0,0.31744384765625,0.8175350894058835,66,0,0,0,0,1
130079,crop_safe,1,0,0.21385596264367815,0.44436279655679195,9,0,0,40,42,0
287770,noise_cleanable,0,0,0.2668914794921875,0.2734549196729747,127,0,0,0,0,1
111976,noise_cleanable,0,0,0.2487945556640625,0.3782888684452622,31,0,0,0,0,0
112550,noise_cleanable,0,0,0.2012481689453125,0.5455303662142694,47,0,0,0,0,0
112560,noise_cleanable,0,0,0.225189208984375,0.45094186204092696,40,0,0,0,0,1
280772,char_touch,1,0,0.3820897577092511,0.5190055845793551,34,0,0,15,14,1
112850,char_touch,1,0,0.4498751280737705,0.44083840432724813,2,0,0,12,0,1
112969,char_touch,1,0,0.37890625,0.4892385603183216,2,0,0,28,0,1
112996,char_touch,1,0,0.15245581454918034,0.46287934474430326,6,0,0,12,0,1
113263,noise_cleanable,0,0,0.1473388671875,0.9102112676056338,32,0,0,0,0,1
113478,char_touch,1,0,0.19564383370535715,0.24333719582850522,3,16,16,0,0,1
113603,noise_cleanable,0,0,0.4440765380859375,0.7366250901968869,168,0,0,0,0,0
113918,noise_cleanable,0,0,0.131317138671875,0.16639553799674645,44,0,0,0,0,0
114097,noise_cleanable,0,0,0.4282684326171875,0.42712081804254104,106,0,0,0,0,0
114292,char_touch,1,0,0.08978239528795812,0.28018223234624146,22,32,33,0,0,1
114309,noise_cleanable,0,0,0.1717681884765625,0.25441947232832907,35,0,0,0,0,0
114499,noise_cleanable,0,0,0.179168701171875,0.5129449838187702,93,0,0,0,0,1
114567,char_touch,1,0,0.12340029761904762,0.2515827555019596,2,0,0,23,23,1
281460,char_touch,1,0,0.1364169034090909,0.20708056748665885,24,0,0,18,18,1
114651,noise_cleanable,0,0,0.180206298828125,0.17832345469940727,92,0,0,0,0,1
114859,noise_cleanable,0,0,0.1617584228515625,0.512498820865956,206,0,0,0,0,1
281574,noise_cleanable,0,0,0.459869384765625,0.9126020306589687,38,0,0,0,0,1
114964,noise_cleanable,0,0,0.3950958251953125,0.5024524002626193,99,0,0,0,0,1
115668,noise_cleanable,0,0,0.2558441162109375,0.6308820898192878,44,0,0,0,0,1
115434,noise_cleanable,0,0,0.3152008056640625,0.6027980829742944,196,0,0,0,0,1
116181,noise_cleanable,0,0,0.28466796875,0.4689108061749571,99,0,0,0,0,1
116272,clean_noop,0,0,0.4966888427734375,0.6554022917882707,3,0,0,0,0,1
282196,crop_safe,1,0,0.1440236581920904,0.24379405455102665,18,0,0,39,40,0
282240,noise_cleanable,0,0,0.201995849609375,0.9825502341743466,30,0,0,0,0,1
116671,crop_safe,1,0,0.21026109307359309,0.2206852179507801,10,12,13,0,0,0
117052,noise_cleanable,0,0,0.2404327392578125,0.22332931395570224,209,0,0,0,0,1
117730,noise_cleanable,0,0,0.204345703125,0.9217443249701314,99,0,0,0,0,1
117831,noise_cleanable,0,0,0.204345703125,0.9217443249701314,99,0,0,0,0,1
116491,noise_cleanable,0,0,0.303985595703125,0.6348760164642104,44,0,0,0,0,1
135694,noise_cleanable,0,0,0.3611602783203125,0.561705183995944,68,0,0,0,0,1
135801,noise_cleanable,0,0,0.180450439453125,0.5794013191273465,39,0,0,0,0,1
135827,crop_safe,1,0,0.23705051369863014,0.518510158013544,13,0,0,18,19,0
135877,noise_cleanable,0,0,0.1260528564453125,0.7472460961142718,30,0,0,0,0,0
135424,char_touch,1,0,0.3959018640350877,0.5062316081010906,1,16,12,0,0,1
135440,clean_noop,0,0,0.4901275634765625,0.8982285732075589,0,0,0,0,0,1
135495,char_touch,1,0,0.4506714876033058,0.7121060171919771,0,0,0,0,14,1
135515,noise_cleanable,0,0,0.2907867431640625,0.2618985149813717,48,0,0,0,0,0
136633,char_touch,1,0,0.15700120192307693,0.5032125768967874,4,0,0,37,37,1
136718,char_touch,1,0,0.1951519691780822,0.5154007860341834,4,0,0,18,19,1
137862,noise_cleanable,0,0,0.226806640625,0.3898681377825619,52,0,0,0,0,0
138198,noise_cleanable,0,0,0.23626708984375,0.5377163523637303,31,0,0,0,0,0
138357,crop_safe,1,0,0.20926590653153154,0.8552089464390819,0,17,17,0,0,0
290572,crop_safe,1,0,0.24948650234741784,0.6651720082328727,2,21,22,0,0,0
137001,crop_safe,1,0,0.2274267146017699,0.6766225870193039,0,15,15,0,0,0
137003,crop_safe,1,0,0.2590343601895735,0.6397941680960549,1,22,23,0,0,0
137004,crop_safe,1,0,0.1871318717277487,0.5898360655737704,0,32,33,0,0,0
137056,clean_noop,0,0,0.5044403076171875,0.9813968964578481,11,0,0,0,0,1
137064,char_touch,1,0,0.361526018722467,0.7114569946213527,1,15,14,0,0,1
137069,clean_noop,0,0,0.490631103515625,0.9918517136281645,1,0,0,0,0,1
137082,char_touch,1,0,0.45831725823045266,0.8150187646873137,0,0,0,0,13,1
137270,noise_cleanable,0,0,0.3165740966796875,0.31474430038077794,41,0,0,0,0,0
137436,char_touch,1,0,0.2480384199134199,0.5848104717752931,12,0,0,12,13,1
137438,crop_safe,1,0,0.2610176282051282,0.5817344589409056,0,30,31,0,0,0
137614,char_touch,1,0,0.35533203125,0.4450063211125158,0,28,28,0,0,1
138750,crop_safe,1,0,0.1746826171875,0.9715816445376194,10,0,0,32,32,0
139367,clean_noop,0,0,0.482269287109375,0.8915079415300893,0,0,0,0,0,1
139377,crop_safe,1,0,0.12272289691943128,0.9535374868004224,0,0,0,22,23,0
139394,noise_cleanable,0,0,0.181732177734375,0.6394626364399664,57,0,0,0,0,0
139542,crop_safe,1,0,0.1715448943661972,0.8309813983322643,9,0,0,21,22,0
139635,char_touch,1,0,0.34690366972477066,0.4850206611570248,2,21,17,0,0,1
139644,char_touch,1,0,0.39622093023255817,0.32717351430667646,2,21,20,0,0,1
116535,noise_cleanable,0,0,0.185943603515625,0.46832430658132285,78,0,0,0,0,0
117240,crop_safe,1,0,0.1474488811728395,0.22698282910874898,27,47,47,0,0,0
118390,noise_cleanable,0,0,0.1553497314453125,0.5331499852666732,68,0,0,0,0,0
118389,noise_cleanable,0,0,0.2496795654296875,0.7640408238098149,47,0,0,0,0,0
118553,noise_cleanable,0,0,0.4006805419921875,0.8001447122891199,234,0,0,0,0,1
119030,noise_cleanable,0,0,0.1885986328125,0.35542071197411,176,0,0,0,0,1
119042,crop_safe,1,0,0.25248407160194175,0.6298911002628614,38,0,0,25,25,0
119301,noise_cleanable,0,0,0.174896240234375,0.26566044320362936,65,0,0,0,0,0
119765,noise_cleanable,0,0,0.268341064453125,0.5918344137382009,30,0,0,0,0,1
119806,char_touch,1,0,0.13462936046511628,0.6578947368421053,7,0,0,19,22,1
120018,noise_cleanable,0,0,0.146820068359375,0.2519226771980877,218,0,0,0,0,1
120027,noise_cleanable,0,0,0.3250274658203125,0.47603398901460026,61,0,0,0,0,1
283841,char_touch,1,0,0.2996551238738739,0.8262477980035232,8,17,17,0,0,1
121543,noise_cleanable,0,0,0.4470672607421875,0.9215331581282638,97,0,0,0,0,1
121896,char_touch,1,0,0.18402379587155962,0.3111002921129503,8,21,17,0,0,1
122142,crop_safe,1,0,0.15114500661375663,0.4095446465198961,17,34,33,0,0,0
122181,noise_cleanable,0,0,0.1875152587890625,0.4122385873545447,164,0,0,0,0,0
122224,noise_cleanable,0,0,0.1846160888671875,0.3994545003719316,48,0,0,0,0,1
122368,noise_cleanable,0,0,0.187408447265625,0.47923790913532,56,0,0,0,0,0
122502,crop_safe,1,0,0.32658617424242425,0.6800600631698855,3,12,13,0,0,0
122506,char_touch,1,0,0.3343362894144144,0.611125730224725,76,17,17,0,0,1
122573,char_touch,1,0,0.4152792008196721,0.6161141094834233,89,12,0,0,0,1
284838,clean_noop,0,0,0.491851806640625,0.9649128249674257,0,0,0,0,0,1
122806,noise_cleanable,0,0,0.2772064208984375,0.7073815159354874,40,0,0,0,0,1
123073,noise_cleanable,0,0,0.18597412109375,0.4854775188710207,51,0,0,0,0,0
123102,crop_safe,1,0,0.13981621696035243,0.2139076923076923,1,14,15,0,0,0
123137,char_touch,1,0,0.15760216346153846,0.1510281901130328,19,38,36,0,0,1
123278,noise_cleanable,0,0,0.2331390380859375,0.5927743962301197,122,0,0,0,0,1
123513,noise_cleanable,0,0,0.27508544921875,0.6565897492788995,38,0,0,0,0,0
124494,noise_cleanable,0,0,0.18597412109375,0.4854775188710207,51,0,0,0,0,0
124538,crop_safe,1,0,0.08909254807692307,0.3042640327631896,10,37,37,0,0,0
124650,noise_cleanable,0,0,0.208770751953125,0.37867270866832337,38,0,0,0,0,0
139693,crop_safe,1,0,0.1603515625,1.0,0,18,18,0,0,0
291680,crop_safe,1,0,0.17038316582914573,0.8201612903225807,1,28,29,0,0,0
139934,noise_cleanable,0,0,0.107177734375,0.5398633257403189,67,0,0,0,0,0
291806,noise_cleanable,0,0,0.328094482421875,0.8810808296902614,39,0,0,0,0,1
140390,char_touch,1,0,0.2090016592920354,0.9932186569632815,1,0,0,15,15,1
140439,crop_safe,1,0,0.20560024752475248,0.5199398043641836,1,27,27,0,0,0
140599,crop_safe,1,0,0.2707783157276995,0.5880799187267186,0,0,0,21,22,0
140677,char_touch,1,0,0.4231770833333333,0.41243243243243244,3,0,0,14,20,1
140679,char_touch,1,0,0.3208950109649123,0.7253603844100374,10,15,13,0,0,1
140853,crop_safe,1,0,0.10574776785714286,0.3413588390501319,0,16,16,0,0,0
140897,noise_cleanable,0,0,0.1698150634765625,0.4107287267499326,56,0,0,0,0,1
141054,noise_cleanable,0,0,0.2874755859375,0.8237261146496815,46,0,0,0,0,0
141106,char_touch,1,0,0.38183191872427985,0.586999536900602,2,0,0,0,13,1
141276,char_touch,1,0,0.34546810165975106,0.6172937975039879,2,0,0,0,15,1
141494,noise_cleanable,0,0,0.3394927978515625,0.27996763899501104,35,0,0,0,0,1
141532,noise_cleanable,0,0,0.252960205078125,0.6271564724333454,48,0,0,0,0,0
141533,noise_cleanable,0,0,0.294921875,0.36615273178807944,63,0,0,0,0,0
141571,crop_safe,1,0,0.23036411830357142,1.0,0,16,16,0,0,0
141664,crop_safe,1,0,0.1423780487804878,0.5468415417558886,1,25,26,0,0,0
141669,crop_safe,1,0,0.20058776285046728,0.40476840476840475,3,21,21,0,0,0
141757,crop_safe,1,0,0.1346446349557522,0.5150192554557125,0,15,15,0,0,0
292536,char_touch,1,0,0.25661705280172414,0.8221901450036087,17,12,12,0,0,1
141828,char_touch,1,0,0.46849385245901637,0.7852651722252597,1,0,0,12,0,1
142264,crop_safe,1,0,0.1558103354978355,0.4261992619926199,0,12,13,0,0,0
142280,noise_cleanable,0,0,0.1541900634765625,0.24235526966848095,42,0,0,0,0,0
142500,clean_noop,0,0,0.4902496337890625,0.9548694325998319,1,0,0,0,0,1
142861,noise_cleanable,0,0,0.1261749267578125,0.1596323618333535,36,0,0,0,0,0
142955,char_touch,1,0,0.4002604166666667,0.6885708089351551,3,0,0,15,16,1
143355,noise_cleanable,0,0,0.2115325927734375,0.6990550385919354,45,0,0,0,0,1
143540,noise_cleanable,0,0,0.2882080078125,0.8614993646759848,36,0,0,0,0,1
144077,noise_cleanable,0,0,0.241424560546875,0.8791556061180634,41,0,0,0,0,1
144241,crop_safe,1,0,0.17461362092391305,0.5506382978723404,3,36,36,0,0,0
147652,crop_safe,1,0,0.22876961883408073,0.31255742725880553,9,0,0,16,17,0
147654,char_touch,1,0,0.28775460379464285,0.5796618386764438,0,0,0,16,16,1
147837,char_touch,1,0,0.151130850456621,0.6971556709547976,0,18,19,0,0,1
148609,noise_cleanable,0,0,0.4075164794921875,0.6126109259744636,32,0,0,0,0,1
148728,crop_safe,1,0,0.2330983231707317,0.4666067195291425,3,25,26,0,0,0
148929,crop_safe,1,0,0.24621975806451613,0.35750840766193887,4,19,20,0,0,0
148931,crop_safe,1,0,0.18534128289473684,0.5867997781475319,0,14,14,0,0,0
148963,noise_cleanable,0,0,0.3559112548828125,0.5746195069667739,65,0,0,0,0,1
148960,noise_cleanable,0,0,0.4157562255859375,0.25984512056373177,342,0,0,0,0,1
148399,char_touch,1,0,0.4082486551105798,0.803892860218758,3,0,17,18,0,1
148458,char_touch,1,0,0.1727456701807229,0.5507424056668029,6,0,0,45,45,1
148547,noise_cleanable,0,0,0.26373291015625,0.8473732932191622,37,0,0,0,0,1
149089,noise_cleanable,0,0,0.50146484375,0.46071689386562803,56,0,0,0,0,1
149124,char_touch,1,0,0.329736328125,0.7722493706500815,8,16,0,0,0,1
149481,clean_noop,0,0,0.469696044921875,0.9774543564420766,0,0,0,0,0,1
149491,crop_safe,1,0,0.14280427631578949,0.44298877051540453,7,0,0,33,33,0
149799,noise_cleanable,0,0,0.129974365234375,0.35900446114111295,49,0,0,0,0,0
149940,noise_cleanable,0,0,0.1561279296875,0.21647771696638,59,0,0,0,0,0
150012,noise_cleanable,0,0,0.3668212890625,0.539018302828619,48,0,0,0,0,0
150404,noise_cleanable,0,0,0.1586761474609375,0.8039234541782864,50,0,0,0,0,0
296120,noise_cleanable,0,0,0.247802734375,0.5122536945812808,88,0,0,0,0,0
150531,char_touch,1,0,0.17618413677130046,0.5690992244979121,0,0,0,16,17,1
150800,crop_safe,1,0,0.2501065340909091,0.34424251029390884,6,0,0,18,18,0
296225,char_touch,1,0,0.23487103174603174,0.591957057374164,4,0,0,33,34,1
296224,clean_noop,0,0,0.506256103515625,1.0,0,0,0,0,0,1
151104,char_touch,1,0,0.34837962962962965,0.574906561461794,7,21,19,0,0,1
151754,char_touch,1,0,0.11766493055555556,0.5971966064182959,0,38,38,0,0,1
151985,noise_cleanable,0,0,0.2971649169921875,0.3764826700898588,103,0,0,0,0,0
152194,crop_safe,1,0,0.28614161036036034,0.376275980814168,6,17,17,0,0,0
152318,noise_cleanable,0,0,0.176544189453125,0.3083837510803803,51,0,0,0,0,0
296863,crop_safe,1,0,0.2303440824468085,0.5497023272596067,0,34,34,0,0,0
153655,crop_safe,1,0,0.26641977813852813,0.507077118375119,0,12,13,0,0,0
153675,noise_cleanable,0,0,0.28753662109375,0.5446826576098492,38,0,0,0,0,0
153393,noise_cleanable,0,0,0.205474853515625,0.2925144809148968,62,0,0,0,0,0
153419,noise_cleanable,0,0,0.3043365478515625,0.5269992479318125,93,0,0,0,0,1
153458,char_touch,1,0,0.3118583937198068,0.5567590463512042,5,23,26,0,0,1
153534,noise_cleanable,0,0,0.18487548828125,0.17580059425552988,40,0,0,0,0,0
152613,char_touch,1,0,0.2988013698630137,0.4890162368672397,5,18,19,0,0,1
152683,crop_safe,1,0,0.16159539473684212,0.32659033078880406,7,0,0,33,33,0
153113,char_touch,1,0,0.17255731441048036,1.0,0,13,14,0,0,1
153168,noise_cleanable,0,0,0.4564666748046875,0.37028246698980444,32,0,0,0,0,0
153218,noise_cleanable,0,0,0.2376556396484375,0.42529695024077047,83,0,0,0,0,0
154205,char_touch,1,0,0.3861164647577093,0.4642570639094393,3,14,15,0,0,1
154233,noise_cleanable,0,0,0.1640167236328125,0.34505535398641735,32,0,0,0,0,1
154408,char_touch,1,0,0.16706569220430106,0.9801382778126965,2,0,0,35,35,1
154006,crop_safe,1,0,0.2141533430232558,0.3781284465937049,0,20,21,0,0,0
154090,crop_safe,1,0,0.2175327034883721,0.5065564186085358,0,20,21,0,0,0
297744,char_touch,1,0,0.14900255503144655,0.604451772464963,7,0,0,48,49,1
154814,crop_safe,1,0,0.12015704719387756,0.6266379167357771,16,0,0,30,30,0
154882,clean_noop,0,0,0.4804229736328125,0.9186914403684294,0,0,0,0,0,1
297926,char_touch,1,0,0.4398274739583333,0.9430115087147986,1,0,0,0,16,1
297940,crop_safe,1,0,0.3207065515350877,0.3003899780971206,2,14,14,0,0,0
297965,char_touch,1,0,0.2806074134199134,0.71803061347475,6,12,13,0,0,1
155637,noise_cleanable,0,0,0.43304443359375,0.9836504580690627,35,0,0,0,0,1
298198,char_touch,1,0,0.21317300451807228,0.41163483828237113,6,0,0,45,45,1
155700,char_touch,1,0,0.26713423295454547,0.6957793286806248,0,0,0,18,18,1
155877,char_touch,1,0,0.20258928571428572,0.3312031732040546,4,0,0,40,41,1
155878,char_touch,1,0,0.21050547235023043,0.6087737301180093,4,0,0,19,20,1
155882,crop_safe,1,0,0.20980282738095238,0.4238850961964713,1,0,0,23,23,0
156189,noise_cleanable,0,0,0.2357177734375,0.6989901605385811,31,0,0,0,0,0
156530,char_touch,1,0,0.21104964114832536,0.41108749557208646,0,0,0,23,24,1
156633,char_touch,1,0,0.15870875634517767,0.5572213893053474,0,0,0,29,30,1
156891,noise_cleanable,0,0,0.10638427734375,0.18373493975903615,38,0,0,0,0,0
156912,char_touch,1,0,0.1665807423857868,0.3153196048089513,0,0,0,29,30,1
130193,noise_cleanable,0,0,0.426910400390625,0.8865537207806133,72,0,0,0,0,1
130230,noise_cleanable,0,0,0.42999267578125,0.9729240596167494,74,0,0,0,0,1
287893,noise_cleanable,0,0,0.2197265625,0.9227083333333334,85,0,0,0,0,1
130425,noise_cleanable,0,0,0.4000701904296875,0.9832564171021015,33,0,0,0,0,1
130636,noise_cleanable,0,0,0.2750244140625,0.32151575676875277,78,0,0,0,0,0
130674,crop_safe,1,0,0.2584688780737705,0.27376896872096623,1,0,0,0,12,0
288006,crop_safe,1,0,0.2261962890625,0.4702027600030838,1,16,16,0,0,0
130757,noise_cleanable,0,0,0.2481842041015625,0.8833077159545035,36,0,0,0,0,0
130984,noise_cleanable,0,0,0.2750244140625,0.32151575676875277,78,0,0,0,0,0
131083,noise_cleanable,0,0,0.1451568603515625,0.19741406496373384,31,0,0,0,0,0
132259,noise_cleanable,0,0,0.2274322509765625,0.6706474337470647,62,0,0,0,0,0
132619,noise_cleanable,0,0,0.2207489013671875,0.9184350591000208,63,0,0,0,0,1
132626,noise_cleanable,0,0,0.31744384765625,0.8175350894058835,66,0,0,0,0,1
132802,crop_safe,1,0,0.12810496794871795,0.9906176700547302,1,0,0,30,31,0
133096,noise_cleanable,0,0,0.110443115234375,0.6505940867642995,63,0,0,0,0,1
131519,char_touch,1,0,0.24504193604752753,0.2707906230501827,12,20,0,32,30,1
131656,crop_safe,1,0,0.2146390556768559,0.17801796074068188,0,0,0,13,14,0
133347,clean_noop,0,0,0.4788665771484375,0.8753465251887965,0,0,0,0,0,1
133378,crop_safe,1,0,0.19575727103960397,0.9996048602193026,1,0,0,27,27,0
131910,char_touch,1,0,0.30566534914361,0.5526819923371648,6,30,19,25,0,1
132104,noise_cleanable,0,0,0.17596435546875,0.5822927506070066,33,0,0,0,0,0
133892,noise_cleanable,0,0,0.1833953857421875,0.49155503785672683,60,0,0,0,0,0
133983,char_touch,1,0,0.2745974344978166,0.7175425518697975,4,0,0,13,14,1
134338,char_touch,1,0,0.1947969543147208,0.5055985342019544,2,29,30,0,0,1
134616,crop_safe,1,0,0.13753072331460675,0.24589117600127652,4,39,39,0,0,0
289630,noise_cleanable,0,0,0.1806640625,0.4179898648648649,61,0,0,0,0,0
135014,noise_cleanable,0,0,0.202789306640625,0.35688487584650114,54,0,0,0,0,1
135151,noise_cleanable,0,0,0.2423095703125,0.3227329974811083,60,0,0,0,0,0
135180,noise_cleanable,0,0,0.4366455078125,0.8593094772155437,58,0,0,0,0,1
135286,char_touch,1,0,0.1844677511415525,0.4068845484432412,3,0,0,18,19,1
290028,noise_cleanable,0,0,0.2176666259765625,0.7237995092884683,48,0,0,0,0,0
290042,crop_safe,1,0,0.1588416466346154,0.8977299598013715,0,24,24,0,0,0
293259,char_touch,1,0,0.43333441390041494,0.3998129792406957,0,0,0,0,15,1
143568,char_touch,1,0,0.40497737556561086,0.5220844972067039,1,0,0,18,17,1
143618,char_touch,1,0,0.23214824879227053,0.9884571614371647,6,0,0,24,25,1
143719,char_touch,1,0,0.45390625,0.4789873780837636,1,0,0,16,0,1
144540,char_touch,1,0,0.22518382352941177,0.3573469387755102,13,0,0,43,43,1
144835,clean_noop,0,0,0.5024566650390625,0.6766376142609858,24,0,0,0,0,1
145261,noise_cleanable,0,0,0.435028076171875,0.6599789547527184,51,0,0,0,0,1
145283,noise_cleanable,0,0,0.365478515625,0.5872995991983968,37,0,0,0,0,1
145321,char_touch,1,0,0.3824200913242009,0.6782649253731343,2,0,0,20,17,1
145404,noise_cleanable,0,0,0.351287841796875,0.29962644427069757,94,0,0,0,0,0
145517,crop_safe,1,0,0.28752940188172044,1.0,0,0,0,35,35,0
145600,crop_safe,1,0,0.34303356986899564,0.28746892093485826,4,0,0,14,13,0
145622,crop_safe,1,0,0.2526041666666667,0.4994351080355882,1,18,19,0,0,0
294119,char_touch,1,0,0.19469467474489796,0.5074214351520114,3,0,0,30,30,1
145746,noise_cleanable,0,0,0.3679656982421875,0.986688782915198,48,0,0,0,0,1
294213,char_touch,1,0,0.46825371413934425,0.8303531744675031,0,0,12,0,0,1
145871,noise_cleanable,0,0,0.28240966796875,0.575372811757078,47,0,0,0,0,1
146027,char_touch,1,0,0.3473498774509804,0.4133958103638368,5,23,29,0,0,1
146587,clean_noop,0,0,0.4796295166015625,0.7707186714599307,0,0,0,0,0,1
146690,clean_noop,0,0,0.4796295166015625,0.7707186714599307,0,0,0,0,0,1
146992,noise_cleanable,0,0,0.1988525390625,0.3494475138121547,33,0,0,0,0,0
147054,noise_cleanable,0,0,0.2722625732421875,0.2600459563974668,238,0,0,0,0,1
294676,noise_cleanable,0,0,0.2339019775390625,0.3775197338378237,90,0,0,0,0,0
147196,clean_noop,0,0,0.491851806640625,0.9615313023515543,2,0,0,0,0,1
148007,char_touch,1,0,0.17326626712328766,0.5402511838583488,0,0,0,18,19,1
295116,noise_cleanable,0,0,0.2776031494140625,0.9527290716209531,36,0,0,0,0,1
148163,crop_safe,1,0,0.21102781791907516,0.3719238176760111,0,41,42,0,0,0
294807,crop_safe,1,0,0.1196608040201005,0.4251968503937008,1,28,29,0,0,0
147398,crop_safe,1,0,0.23892647879464285,0.9894168308882564,0,16,16,0,0,0
294836,crop_safe,1,0,0.2511864778037383,0.5261245549015333,0,21,21,0,0,0
147439,crop_safe,1,0,0.13739708083832336,0.964930200885257,1,0,0,44,45,0
148247,noise_cleanable,0,0,0.2131805419921875,0.8918473981819484,68,0,0,0,0,1
171414,noise_cleanable,0,0,0.2214508056640625,0.6500378970578102,79,0,0,0,0,1
172195,noise_cleanable,0,0,0.1388702392578125,0.2899681353697396,49,0,0,0,0,0
172286,noise_cleanable,0,0,0.1161346435546875,0.7778215740375772,98,0,0,0,0,0
172387,noise_cleanable,0,0,0.32965087890625,0.974356600629513,35,0,0,0,0,1
172475,noise_cleanable,0,0,0.2649078369140625,0.3809688382005645,52,0,0,0,0,0
171944,char_touch,1,0,0.14459585371535058,0.35951134380453753,10,29,15,13,0,1
173069,char_touch,1,0,0.26087468592964824,0.46629044394281416,9,29,28,0,0,1
173082,noise_cleanable,0,0,0.3605194091796875,0.9471790747873196,33,0,0,0,0,0
173875,char_touch,1,0,0.19760077662721892,0.3789916949350801,9,0,0,43,44,1
173979,noise_cleanable,0,0,0.2051239013671875,0.9699471844082422,35,0,0,0,0,1
173980,noise_cleanable,0,0,0.2774810791015625,0.5031069562826506,46,0,0,0,0,1
305838,crop_safe,1,0,0.1521532012195122,0.6599874765184721,0,0,0,46,46,0
305912,noise_cleanable,0,0,0.2239227294921875,0.14378194207836456,54,0,0,0,0,0
174866,noise_cleanable,0,0,0.109283447265625,0.22814856185423066,46,0,0,0,0,0
174917,clean_noop,0,0,0.4630889892578125,0.983096642393489,1,0,0,0,0,1
174935,crop_safe,1,0,0.191203853626943,0.5816661373981158,5,0,0,31,32,0
175078,crop_safe,1,0,0.17829114819004524,0.3830673143650243,2,0,0,17,18,0
174472,noise_cleanable,0,0,0.139068603515625,0.6624972569673031,32,0,0,0,0,0
175343,char_touch,1,0,0.1944796954314721,0.4179241435562806,17,0,0,29,30,1
175361,noise_cleanable,0,0,0.239593505859375,0.6618265189147879,51,0,0,0,0,0
175379,noise_cleanable,0,0,0.20294189453125,0.22669172932330828,287,0,0,0,0,0
306308,noise_cleanable,0,0,0.3685455322265625,0.7149422431996025,99,0,0,0,0,1
175668,char_touch,1,0,0.3486328125,0.5091536614645858,3,17,15,0,0,1
175843,crop_safe,1,0,0.2774254707112971,0.8402851419818546,8,0,17,0,0,0
175939,crop_safe,1,0,0.19161896658415842,0.5294177010798264,10,24,30,0,0,0
176061,noise_cleanable,0,0,0.214813232421875,0.4551072595539139,36,0,0,0,0,1
306507,char_touch,1,0,0.4217777489626556,0.9636077165475367,2,0,0,0,15,1
176132,char_touch,1,0,0.42294497282608695,0.4769304903023732,0,14,12,0,0,1
306838,noise_cleanable,0,0,0.120849609375,0.3031565656565657,75,0,0,0,0,0
176936,noise_cleanable,0,0,0.20684814453125,0.8020802596636176,31,0,0,0,0,1
177108,crop_safe,1,0,0.20272253787878788,0.16594651407217098,34,0,0,45,46,0
177122,noise_cleanable,0,0,0.410919189453125,0.8060527292981805,105,0,0,0,0,1
192246,noise_cleanable,0,0,0.2558135986328125,0.35442886966895315,44,0,0,0,0,0
192263,char_touch,1,0,0.36830998726578135,0.42872666205670257,1,14,12,17,0,1
192398,crop_safe,1,0,0.16046736725663716,0.33067643257216717,12,15,15,0,0,0
193046,noise_cleanable,0,0,0.3183135986328125,0.8686544269210489,39,0,0,0,0,1
193931,noise_cleanable,0,0,0.254547119140625,0.24841146145546097,36,0,0,0,0,0
193962,noise_cleanable,0,0,0.209381103515625,0.5166885293688966,40,0,0,0,0,0
193495,noise_cleanable,0,0,0.295623779296875,0.7087333539795603,31,0,0,0,0,1
193843,noise_cleanable,0,0,0.3453216552734375,0.5105828288630639,55,0,0,0,0,1
194259,noise_cleanable,0,0,0.213623046875,0.3695,49,0,0,0,0,0
194701,noise_cleanable,0,0,0.1588897705078125,0.6410256410256411,34,0,0,0,0,1
194764,noise_cleanable,0,0,0.164459228515625,0.3681573575802561,161,0,0,0,0,0
313948,noise_cleanable,0,0,0.3087615966796875,0.9584383493946133,43,0,0,0,0,1
194775,noise_cleanable,0,0,0.0847625732421875,0.6043204320432043,31,0,0,0,0,0
194902,noise_cleanable,0,0,0.349365234375,0.4812631027253669,36,0,0,0,0,1
195057,noise_cleanable,0,0,0.2002716064453125,0.4886857142857143,103,0,0,0,0,0
195553,char_touch,1,0,0.2909564393939394,0.22755627881746676,5,33,25,0,0,1
314596,crop_safe,1,0,0.1474657012195122,0.32071327044837833,3,24,27,0,0,0
196465,noise_cleanable,0,0,0.231536865234375,0.6132858837485172,77,0,0,0,0,1
196753,noise_cleanable,0,0,0.411376953125,0.4512240356083086,96,0,0,0,0,1
196867,crop_safe,1,0,0.09231418918918918,0.43526989935956084,12,35,36,0,0,0
314825,char_touch,1,0,0.35297581658291455,0.3490156823490157,73,29,28,0,0,1
197046,noise_cleanable,0,0,0.1904449462890625,0.526560371765083,60,0,0,0,0,1
314892,crop_safe,1,0,0.1100883152173913,0.35575439679111387,0,13,13,0,0,0
197305,char_touch,1,0,0.16989567809239942,0.6525784157363105,3,40,33,14,0,1
315039,noise_cleanable,0,0,0.264556884765625,0.822643903564425,32,0,0,0,0,0
197630,noise_cleanable,0,0,0.3138275146484375,0.2697525161666748,63,0,0,0,0,0
197707,noise_cleanable,0,0,0.2346954345703125,0.7383785189519537,32,0,0,0,0,1
197734,noise_cleanable,0,0,0.214447021484375,0.41048811726198947,82,0,0,0,0,0
197865,crop_safe,1,0,0.11902361751152074,0.29325468844525104,7,19,20,0,0,0
197909,noise_cleanable,0,0,0.191741943359375,0.43800732134330733,36,0,0,0,0,0
197980,crop_safe,1,0,0.0872451740934512,0.34718775847808103,7,13,13,15,0,0
198090,crop_safe,1,0,0.15751591435185186,0.4436280137772675,8,25,15,0,0,0
156942,noise_cleanable,0,0,0.125,0.75341796875,56,0,0,0,0,0
298719,noise_cleanable,0,0,0.3227386474609375,0.4135501867523994,112,0,0,0,0,1
156962,char_touch,1,0,0.2520731494413408,0.7285949268461605,7,0,0,38,39,1
157150,noise_cleanable,0,0,0.2098846435546875,0.6644129407488186,38,0,0,0,0,0
157399,noise_cleanable,0,0,0.2615966796875,0.4010732617825478,36,0,0,0,0,1
157396,noise_cleanable,0,0,0.348114013671875,0.8357149118962041,34,0,0,0,0,1
157729,crop_safe,1,0,0.18981995558375633,0.3378251331870887,0,29,30,0,0,0
158479,noise_cleanable,0,0,0.1270294189453125,0.513033033033033,38,0,0,0,0,0
158544,noise_cleanable,0,0,0.0963592529296875,0.5542359461599367,57,0,0,0,0,0
157781,char_touch,1,0,0.3459120639534884,0.6792373549030937,98,0,0,21,20,1
158311,char_touch,1,0,0.44873046875,0.8561117156329343,3,16,0,0,0,1
158886,crop_safe,1,0,0.10797601744186046,0.5184250378596669,0,20,21,0,0,0
158892,char_touch,1,0,0.21844059405940594,0.7907223796033994,0,0,0,27,27,1
158922,noise_cleanable,0,0,0.153900146484375,0.7304184017449931,66,0,0,0,0,0
159206,crop_safe,1,0,0.16877629206730768,0.5177478580171359,5,0,0,26,22,0
159255,crop_safe,1,0,0.14930555555555555,0.40370639534883723,13,0,0,20,20,0
300023,noise_cleanable,0,0,0.3208160400390625,0.40214030915576693,240,0,0,0,0,1
300033,char_touch,1,0,0.4480031032854348,0.912848699318601,1,12,0,0,13,1
160366,noise_cleanable,0,0,0.33349609375,0.7852306002928258,31,0,0,0,0,0
160712,clean_noop,0,0,0.4948272705078125,0.8780720959634895,3,0,0,0,0,1
160979,noise_cleanable,0,0,0.23187255859375,0.603908923400895,30,0,0,0,0,0
161299,crop_safe,1,0,0.16428571428571428,0.7002717391304348,1,0,0,40,41,0
161473,crop_safe,1,0,0.2471701388888889,0.33897590784575404,15,18,13,0,0,0
161490,noise_cleanable,0,0,0.2382049560546875,0.4596758695791429,33,0,0,0,0,1
161491,noise_cleanable,0,0,0.3775177001953125,0.4072592053676084,67,0,0,0,0,0
161692,noise_cleanable,0,0,0.32666015625,0.6143497757847534,120,0,0,0,0,1
161773,noise_cleanable,0,0,0.1509246826171875,0.16368415731473057,51,0,0,0,0,1
161775,noise_cleanable,0,0,0.26849365234375,0.2875085246646965,30,0,0,0,0,0
161816,noise_cleanable,0,0,0.3372802734375,0.7898117987694535,104,0,0,0,0,1
161875,noise_cleanable,0,0,0.222930908203125,0.46269678302532513,34,0,0,0,0,0
161892,char_touch,1,0,0.4323770491803279,0.6537322274881516,5,12,0,0,0,1
161903,clean_noop,0,0,0.4746856689453125,0.9374779002860908,0,0,0,0,0,1
161900,clean_noop,0,0,0.49017333984375,0.941943718092392,1,0,0,0,0,1
162461,noise_cleanable,0,0,0.1771392822265625,0.47178912912395554,37,0,0,0,0,0
163109,noise_cleanable,0,0,0.169403076171875,0.2600432354530715,60,0,0,0,0,0
163193,noise_cleanable,0,0,0.18634033203125,0.373157549950868,53,0,0,0,0,0
163222,noise_cleanable,0,0,0.3516693115234375,0.9494945112162103,36,0,0,0,0,1
300958,crop_safe,1,0,0.22176308539944903,0.32786749482401656,4,14,0,15,16,0
162777,noise_cleanable,0,0,0.1599273681640625,0.34948955252361413,38,0,0,0,0,0
162930,noise_cleanable,0,0,0.217803955078125,0.41859324646209894,49,0,0,0,0,0
162956,char_touch,1,0,0.37266735781990523,0.32036761053154494,5,0,0,23,22,1
301644,crop_safe,1,0,0.22766166125541126,0.4748570155240288,3,25,0,0,0,0
163691,noise_cleanable,0,0,0.2209625244140625,0.8730060078723845,69,0,0,0,0,1
163758,char_touch,1,0,0.41437224669603523,0.44148671096345515,1,0,0,15,14,1
163855,crop_safe,1,0,0.11721222310126582,0.5813119595022147,8,0,0,49,49,0
163809,noise_cleanable,0,0,0.112579345703125,0.37205204662510166,47,0,0,0,0,0
164625,crop_safe,1,0,0.28670203877005346,0.4977049180327869,19,0,0,34,35,0
164647,char_touch,1,0,0.31434755067567566,0.4165687097677022,4,17,17,0,0,1
164741,noise_cleanable,0,0,0.1837005615234375,0.5570230085555279,67,0,0,0,0,1
164743,noise_cleanable,0,0,0.45477294921875,0.8261307207086297,51,0,0,0,0,1
164026,char_touch,1,0,0.3208800747863248,0.323327437311414,2,0,0,22,0,1
164091,char_touch,1,0,0.4594463174273859,0.9700839624638397,0,0,0,15,0,1
164122,noise_cleanable,0,0,0.3623504638671875,0.6798332420937382,79,0,0,0,0,1
164144,clean_noop,0,0,0.5062103271484375,0.9909871891484552,0,0,0,0,0,1
164242,noise_cleanable,0,0,0.2136688232421875,0.3693494251231879,90,0,0,0,0,0
164883,char_touch,1,0,0.16947115384615385,0.7069402228976697,11,0,0,37,37,1
166540,noise_cleanable,0,0,0.2137603759765625,0.4857591548290385,53,0,0,0,0,0
302599,noise_cleanable,0,0,0.17034912109375,0.6580078824793981,100,0,0,0,0,0
302279,crop_safe,1,0,0.14494004360465115,0.4423378251331871,24,0,0,42,42,0
166313,crop_safe,1,0,0.21237117686170212,0.48713433127873984,11,0,0,34,34,0
166764,clean_noop,0,0,0.4849090576171875,0.9697599043393436,1,0,0,0,0,1
166952,char_touch,1,0,0.4358982740585774,0.9630296212973378,4,0,0,0,17,1
302765,clean_noop,0,0,0.4763946533203125,0.9615002722526504,0,0,0,0,0,1
167171,noise_cleanable,0,0,0.2811431884765625,0.6662686567164179,47,0,0,0,0,1
186083,noise_cleanable,0,0,0.32550048828125,0.4895462216388524,95,0,0,0,0,0
186084,noise_cleanable,0,0,0.341796875,0.1392857142857143,103,0,0,0,0,0
186360,noise_cleanable,0,0,0.3507232666015625,0.5386991516206221,41,0,0,0,0,1
186870,noise_cleanable,0,0,0.3300933837890625,0.7929089816484075,43,0,0,0,0,0
186908,char_touch,1,0,0.4471764782157676,0.837725180325492,1,0,0,0,15,1
187622,noise_cleanable,0,0,0.4768218994140625,0.8317066146116676,133,0,0,0,0,1
187734,noise_cleanable,0,0,0.09381103515625,0.5421275211450879,30,0,0,0,0,0
187787,noise_cleanable,0,0,0.2382965087890625,0.3503873983479541,35,0,0,0,0,1
187803,noise_cleanable,0,0,0.4768218994140625,0.8317066146116676,133,0,0,0,0,1
187823,noise_cleanable,0,0,0.20050048828125,0.5599695585996955,42,0,0,0,0,0
187853,noise_cleanable,0,0,0.19171142578125,0.22938554600445718,65,0,0,0,0,0
187876,char_touch,1,0,0.29524576005025127,0.517851206701682,6,29,28,0,0,1
311220,noise_cleanable,0,0,0.2588348388671875,0.6242999469433473,52,0,0,0,0,0
188252,clean_noop,0,0,0.4975433349609375,0.9472505903640323,1,0,0,0,0,1
188249,char_touch,1,0,0.455572484439834,0.8971786387732593,2,15,0,0,0,1
188475,char_touch,1,0,0.2904315128504673,0.7214505687888881,2,19,23,0,0,1
188860,char_touch,1,0,0.3513368055555556,0.9321539753916094,6,31,0,0,0,1
311786,char_touch,1,0,0.15716552734375,0.33812297734627833,4,44,20,0,0,1
311846,crop_safe,1,0,0.15754616477272726,0.23577144145159473,29,18,18,0,0,0
189622,noise_cleanable,0,0,0.4308013916015625,0.8971062232139695,53,0,0,0,0,1
189650,char_touch,1,0,0.37810682178741406,0.374975024975025,4,12,0,20,19,1
189731,crop_safe,1,0,0.14441568047337278,0.34266965428937257,6,0,0,43,44,0
189739,char_touch,1,0,0.46163446576763484,0.6031740458551315,7,0,0,0,15,1
189799,noise_cleanable,0,0,0.4642181396484375,0.5862012293330704,59,0,0,0,0,1
190932,noise_cleanable,0,0,0.18536376953125,0.3954560421468554,53,0,0,0,0,0
190994,noise_cleanable,0,0,0.1199493408203125,0.5172369927490141,42,0,0,0,0,1
312099,crop_safe,1,0,0.15757502753303965,0.5368570492519384,0,14,15,0,0,0
312103,noise_cleanable,0,0,0.222930908203125,0.6620123203285421,48,0,0,0,0,0
190446,clean_noop,0,0,0.48834228515625,0.8249593800774904,0,0,0,0,0,1
190773,noise_cleanable,0,0,0.1423492431640625,0.6473362632650873,46,0,0,0,0,1
190810,noise_cleanable,0,0,0.2414093017578125,0.8182162947980532,38,0,0,0,0,0
191419,clean_noop,0,0,0.480133056640625,0.8758342337761393,0,0,0,0,0,1
182511,noise_cleanable,0,0,0.2437896728515625,0.5430306064968392,41,0,0,0,0,0
182737,char_touch,1,0,0.4165558510638298,0.5583399840383081,10,0,0,21,0,1
182757,crop_safe,1,0,0.1566775497512438,0.36566608781939963,21,0,0,29,26,0
182764,noise_cleanable,0,0,0.2306060791015625,0.5713624032290081,47,0,0,0,0,1
182765,noise_cleanable,0,0,0.2799072265625,0.7992804186655037,66,0,0,0,0,1
182851,noise_cleanable,0,0,0.4886474609375,0.8188858356232825,47,0,0,0,0,1
309183,crop_safe,1,0,0.1855126096491228,0.48051348356113777,5,14,14,0,0,0
182872,noise_cleanable,0,0,0.2437896728515625,0.5430306064968392,41,0,0,0,0,0
182902,crop_safe,1,0,0.11966329225352113,0.41563218390804596,1,21,22,0,0,0
182945,noise_cleanable,0,0,0.28692626953125,0.19772388853435438,250,0,0,0,0,0
183179,noise_cleanable,0,0,0.2138671875,0.3065068493150685,32,0,0,0,0,1
183304,char_touch,1,0,0.4431640625,0.8789481416189217,5,16,0,0,0,1
309448,noise_cleanable,0,0,0.183746337890625,0.3292642418202956,86,0,0,0,0,0
183624,crop_safe,1,0,0.19421939300411523,0.7615461016388015,14,13,0,0,0,0
183676,noise_cleanable,0,0,0.2081451416015625,0.4907264863279818,50,0,0,0,0,0
309555,noise_cleanable,0,0,0.223663330078125,0.6679628871605949,51,0,0,0,0,0
184332,noise_cleanable,0,0,0.1924896240234375,0.36734046769718587,38,0,0,0,0,0
184333,noise_cleanable,0,0,0.2161407470703125,0.2367807977409107,81,0,0,0,0,0
183952,noise_cleanable,0,0,0.1197052001953125,0.22001274697259401,75,0,0,0,0,1
183965,noise_cleanable,0,0,0.1952972412109375,0.2652550980545355,298,0,0,0,0,0
309623,noise_cleanable,0,0,0.2350311279296875,0.4223852496266961,31,0,0,0,0,1
184087,noise_cleanable,0,0,0.1314544677734375,0.4240278583865351,156,0,0,0,0,0
184116,noise_cleanable,0,0,0.197021484375,0.7589064436183395,34,0,0,0,0,1
309704,char_touch,1,0,0.41553368506493504,0.4705571155333089,2,12,13,0,0,1
184134,char_touch,1,0,0.4183610807860262,0.3047786022996004,0,14,13,0,0,1
184186,char_touch,1,0,0.20126793032786885,0.48639834552974864,1,0,0,0,12,1
184676,noise_cleanable,0,0,0.2475433349609375,0.4576835357208901,32,0,0,0,0,0
310060,char_touch,1,0,0.4182705965909091,0.8292227363416395,1,0,0,0,36,1
185242,noise_cleanable,0,0,0.1287841796875,0.4981042654028436,75,0,0,0,0,0
185342,char_touch,1,0,0.38841391509433965,0.6743833017077799,12,26,18,0,0,1
185574,noise_cleanable,0,0,0.216583251953125,0.5510779202479921,51,0,0,0,0,1
185589,noise_cleanable,0,0,0.2330169677734375,0.4103856983825552,72,0,0,0,0,1
204033,crop_safe,1,0,0.21697297643442623,0.24193905408396665,0,0,0,0,12,0
317738,char_touch,1,0,0.3965573132780083,0.5628627483037685,158,0,0,0,15,1
204117,noise_cleanable,0,0,0.160125732421875,0.429388221841052,59,0,0,0,0,0
204118,noise_cleanable,0,0,0.2679595947265625,0.5081715164284494,56,0,0,0,0,1
203462,char_touch,1,0,0.4282626793032787,0.9347687936899555,0,0,0,12,0,1
204176,noise_cleanable,0,0,0.235198974609375,0.3402750746074997,42,0,0,0,0,1
204251,noise_cleanable,0,0,0.199249267578125,0.6067544800122531,31,0,0,0,0,0
204306,char_touch,1,0,0.40110930735930733,0.48612984822934235,0,12,13,0,0,1
204655,char_touch,1,0,0.4027361586757991,0.511670135967049,0,19,18,0,0,1
317983,crop_safe,1,0,0.11552820796460177,0.2841113105924596,1,0,0,15,15,0
318093,noise_cleanable,0,0,0.3496856689453125,0.9159139503425404,31,0,0,0,0,1
205382,noise_cleanable,0,0,0.1893157958984375,0.4623196582574353,34,0,0,0,0,0
205423,noise_cleanable,0,0,0.2437591552734375,0.39323943661971833,53,0,0,0,0,0
205506,noise_cleanable,0,0,0.2126617431640625,0.4820262610317859,46,0,0,0,0,1
205539,noise_cleanable,0,0,0.29669189453125,0.8925632585887677,67,0,0,0,0,0
205661,noise_cleanable,0,0,0.16064453125,0.33292173252279633,56,0,0,0,0,1
205890,noise_cleanable,0,0,0.1621856689453125,0.4086931978549252,427,0,0,0,0,1
205975,clean_noop,0,0,0.48291015625,0.9326971688574317,0,0,0,0,0,1
206257,noise_cleanable,0,0,0.29052734375,0.623109243697479,63,0,0,0,0,1
206279,noise_cleanable,0,0,0.29052734375,0.623109243697479,63,0,0,0,0,1
207449,char_touch,1,0,0.3844288793103448,0.5596093202522775,12,0,24,0,0,1
207450,char_touch,1,0,0.34900841346153844,0.6552948773138183,5,23,25,0,0,1
207641,noise_cleanable,0,0,0.2812042236328125,0.440447121384774,40,0,0,0,0,0
207667,noise_cleanable,0,0,0.3936767578125,0.9293023255813954,30,0,0,0,0,1
207762,noise_cleanable,0,0,0.2188262939453125,0.4763963461404365,46,0,0,0,0,1
207780,noise_cleanable,0,0,0.2188262939453125,0.4763963461404365,46,0,0,0,0,1
319279,noise_cleanable,0,0,0.346923828125,0.8916695988740324,135,0,0,0,0,1
207967,char_touch,1,0,0.4330188041125541,0.42488382083024173,1,13,12,0,0,1
208029,char_touch,1,0,0.36426661036036034,0.43860496570379676,2,16,18,0,0,1
208045,noise_cleanable,0,0,0.1651458740234375,0.40885151991130003,30,0,0,0,0,0
208059,char_touch,1,0,0.3597530241935484,0.8480860645484113,1,0,0,20,19,1
208536,crop_safe,1,0,0.11337939698492462,0.21762465373961218,1,28,29,0,0,0
177123,noise_cleanable,0,0,0.2777557373046875,0.48535955611712356,37,0,0,0,0,0
177423,noise_cleanable,0,0,0.241546630859375,0.3275426405559065,70,0,0,0,0,0
177451,crop_safe,1,0,0.12132750638224223,0.795114122681883,13,14,0,32,33,0
177876,char_touch,1,0,0.20039275956284153,0.39369407754580316,11,0,0,36,37,1
177938,noise_cleanable,0,0,0.334564208984375,0.23168840645808628,138,0,0,0,0,1
178080,char_touch,1,0,0.09147757316596547,0.20708720784116613,6,37,40,0,13,1
178238,noise_cleanable,0,0,0.220733642578125,0.4274160099543758,168,0,0,0,0,0
178274,char_touch,1,0,0.4327612704918033,0.9048905001479728,1,0,0,12,0,1
178331,noise_cleanable,0,0,0.2839202880859375,0.7690116622776374,39,0,0,0,0,1
178478,noise_cleanable,0,0,0.147125244140625,0.40510267579340387,44,0,0,0,0,0
178572,noise_cleanable,0,0,0.22698974609375,0.4282737294971767,41,0,0,0,0,0
178802,crop_safe,1,0,0.1475830078125,0.35037220843672456,4,0,0,49,47,0
178937,char_touch,1,0,0.44775390625,0.5089685255518369,0,0,0,0,24,1
179201,char_touch,1,0,0.36190826113861385,0.40080149612610205,12,36,18,0,0,1
179466,noise_cleanable,0,0,0.3110809326171875,0.9620346299112179,46,0,0,0,0,1
179624,noise_cleanable,0,0,0.1602935791015625,0.8592099000475963,48,0,0,0,0,1
180036,char_touch,1,0,0.3764391447368421,0.3751137811760422,154,14,14,0,0,1
180037,noise_cleanable,0,0,0.3632354736328125,0.6748162150808653,35,0,0,0,0,1
180038,noise_cleanable,0,0,0.334442138671875,0.7878912309517292,75,0,0,0,0,1
180057,noise_cleanable,0,0,0.2115020751953125,0.6845104970781329,39,0,0,0,0,0
180918,char_touch,1,0,0.40243335122562174,0.9556286679708341,1,0,26,0,13,1
180720,crop_safe,1,0,0.1719625840807175,0.7462564938372211,8,20,13,0,0,0
181326,noise_cleanable,0,0,0.2174072265625,0.831765861875351,30,0,0,0,0,0
181383,noise_cleanable,0,0,0.3548431396484375,0.9004515158030532,62,0,0,0,0,1
181390,char_touch,1,0,0.3671690742924528,0.38339940783861093,7,0,0,13,31,1
308591,crop_safe,1,0,0.24699237089201878,0.8313780813780813,0,21,22,0,0,0
181477,noise_cleanable,0,0,0.25030517578125,0.6888563764935381,176,0,0,0,0,1
181500,noise_cleanable,0,0,0.2339019775390625,0.3775197338378237,90,0,0,0,0,0
181559,noise_cleanable,0,0,0.2722625732421875,0.2600459563974668,238,0,0,0,0,1
308763,noise_cleanable,0,0,0.1258697509765625,0.3120378227663959,50,0,0,0,0,1
308944,noise_cleanable,0,0,0.1114349365234375,0.5065041763658771,97,0,0,0,0,0
182401,crop_safe,1,0,0.11788993969298246,0.6256358087487284,2,0,0,14,14,0
198336,crop_safe,1,0,0.1670353982300885,0.2717730850930901,15,19,25,30,0,0
315435,noise_cleanable,0,0,0.2117919921875,0.5178674351585014,66,0,0,0,0,0
198473,noise_cleanable,0,0,0.246856689453125,0.501916182470021,43,0,0,0,0,0
198493,noise_cleanable,0,0,0.2031097412109375,0.7973104950792578,54,0,0,0,0,0
198553,noise_cleanable,0,0,0.234375,0.7800130208333333,30,0,0,0,0,0
198727,noise_cleanable,0,0,0.211669921875,0.32684544405997695,96,0,0,0,0,0
198743,noise_cleanable,0,0,0.36712646484375,0.5067331670822942,69,0,0,0,0,0
198830,crop_safe,1,0,0.06701388888888889,0.3020725388601036,5,15,16,0,0,0
198932,noise_cleanable,0,0,0.167755126953125,0.19965435692195743,57,0,0,0,0,0
199077,char_touch,1,0,0.12098643543956043,0.38052155401809473,0,37,37,0,0,1
199141,clean_noop,0,0,0.44207763671875,0.9548184453955544,1,0,0,0,0,1
199179,crop_safe,1,0,0.14534505208333334,0.38671145949981334,13,0,0,20,20,0
315910,noise_cleanable,0,0,0.26214599609375,0.5630966239813737,34,0,0,0,0,1
199813,noise_cleanable,0,0,0.251129150390625,0.42483898408069026,32,0,0,0,0,0
199976,noise_cleanable,0,0,0.1774139404296875,0.7019007482583641,60,0,0,0,0,0
316135,char_touch,1,0,0.3050211997487437,0.22588326147113713,15,0,0,28,29,1
200286,noise_cleanable,0,0,0.3885650634765625,0.7655213037502454,71,0,0,0,0,1
316460,char_touch,1,0,0.16592582614942528,0.5904478419699635,11,0,0,41,41,1
316718,crop_safe,1,0,0.19445697275843407,0.30175113069697324,14,0,15,38,34,0
201855,noise_cleanable,0,0,0.1733856201171875,0.5267975006600369,44,0,0,0,0,0
202041,crop_safe,1,0,0.10984848484848485,0.41448972483455243,0,20,20,14,0,0
202042,crop_safe,1,0,0.20965576171875,0.4820960698689956,16,0,0,29,35,0
202055,noise_cleanable,0,0,0.1985931396484375,0.27422205147906265,46,0,0,0,0,0
202324,noise_cleanable,0,0,0.24432373046875,0.4001998501124157,81,0,0,0,0,0
202504,crop_safe,1,0,0.1876666172985782,0.6896517707408504,0,22,23,0,0,0
202843,crop_safe,1,0,0.16935722748815166,0.3440096195889812,0,22,23,0,0,0
202890,noise_cleanable,0,0,0.2020111083984375,0.23649822494146083,32,0,0,0,0,0
202991,noise_cleanable,0,0,0.415069580078125,0.7029262554223954,44,0,0,0,0,1
203026,noise_cleanable,0,0,0.144866943359375,0.24805140088476932,77,0,0,0,0,0
203056,noise_cleanable,0,0,0.1890106201171875,0.6724792120771776,33,0,0,0,0,0
203280,noise_cleanable,0,0,0.2315521240234375,0.8132454695222405,42,0,0,0,0,1
203289,crop_safe,1,0,0.26249226485148514,0.882053926624429,8,27,27,0,0,0
167321,noise_cleanable,0,0,0.2171783447265625,0.3563549497646315,52,0,0,0,0,0
167411,char_touch,1,0,0.3064216557992492,0.549974206860975,4,23,23,0,15,1
167431,char_touch,1,0,0.27778764204545453,0.8111217641418984,0,0,0,18,18,1
167605,noise_cleanable,0,0,0.248870849609375,0.3423666462293072,79,0,0,0,0,1
303032,crop_safe,1,0,0.23322548028311427,0.8103702419145062,20,26,0,18,23,0
167682,crop_safe,1,0,0.1750545058139535,0.7059678256357032,5,41,0,0,0,0
167772,crop_safe,1,0,0.23160375261215596,0.8046650028796314,8,18,0,33,34,0
167937,crop_safe,1,0,0.1347653321337532,0.3969401947148818,17,28,0,22,0,0
168004,crop_safe,1,0,0.22676225142045456,0.3133992365665068,7,0,0,40,40,0
168006,crop_safe,1,0,0.25629769703518607,0.4312692138779095,10,35,0,29,26,0
168237,crop_safe,1,0,0.10526842948717949,0.4064383127180463,12,22,0,0,0,0
168371,crop_safe,1,0,0.21687570067264575,0.5678862773604717,0,0,0,16,17,0
168409,crop_safe,1,0,0.10782283928063979,0.27146084337349397,5,18,0,24,25,0
168472,noise_cleanable,0,0,0.3224029541015625,0.9097449003738937,38,0,0,0,0,1
168553,crop_safe,1,0,0.07309027777777778,0.3760095011876485,2,15,16,0,0,0
168612,noise_cleanable,0,0,0.1811370849609375,0.3216241260213967,46,0,0,0,0,1
168711,crop_safe,1,0,0.21739523121387283,0.5073743248857499,2,0,0,41,42,0
169025,char_touch,1,0,0.1968884120171674,0.35720367847411444,11,23,0,0,0,1
169164,noise_cleanable,0,0,0.3273162841796875,0.19817257936692928,249,0,0,0,0,0
169168,clean_noop,0,0,0.4836883544921875,0.9182939524906149,0,0,0,0,0,1
169306,crop_safe,1,0,0.12252371651785714,0.4192997438087105,0,16,16,0,0,0
169412,noise_cleanable,0,0,0.40557861328125,0.33544018058690744,74,0,0,0,0,0
303785,crop_safe,1,0,0.18940453980099503,0.36107120870100556,14,0,0,27,28,0
169513,crop_safe,1,0,0.19009248878923768,0.46212679690379654,0,16,17,0,0,0
169820,noise_cleanable,0,0,0.1906890869140625,0.43370408898135554,31,0,0,0,0,0
169952,clean_noop,0,0,0.486358642578125,0.587281169605321,1,0,0,0,0,1
304307,char_touch,1,0,0.32391672036082475,0.4993472990613539,0,0,0,31,31,1
170726,clean_noop,0,0,0.478607177734375,0.6348275202448511,4,0,0,0,0,1
171027,char_touch,1,0,0.40899820243362833,0.5038245361957486,2,15,15,0,0,1
171033,crop_safe,1,0,0.23708471760797342,0.4209143457698371,21,17,15,23,18,0
171034,char_touch,1,0,0.19615546218487395,0.3982007068651601,27,18,0,29,27,1
169987,char_touch,1,0,0.45001296680497926,0.49358882005474713,1,0,0,0,15,1
216879,char_touch,1,0,0.28781786151960786,0.2872064400239505,5,25,27,0,0,1
216260,char_touch,1,0,0.3975933527542373,0.6513051080304734,1,20,0,0,0,1
216262,clean_noop,0,0,0.495941162109375,0.9154821241769737,0,0,0,0,0,1
216265,char_touch,1,0,0.47486552254098363,0.6403142067291484,3,0,12,0,0,1
216276,char_touch,1,0,0.33083357900943394,0.520969089390142,4,23,21,0,0,1
216324,char_touch,1,0,0.34977064220183485,0.30368180596613814,9,19,19,12,0,1
216342,noise_cleanable,0,0,0.2590179443359375,0.6921354933726068,32,0,0,0,0,0
322710,noise_cleanable,0,0,0.3507843017578125,0.46374352951411546,156,0,0,0,0,1
217022,noise_cleanable,0,0,0.116485595703125,0.17107676185485984,35,0,0,0,0,0
217702,noise_cleanable,0,0,0.505096435546875,0.9564376774817231,42,0,0,0,0,1
323313,noise_cleanable,0,0,0.1167144775390625,0.6823114132566348,45,0,0,0,0,0
218466,char_touch,1,0,0.2973458235753318,0.37667366762929905,4,0,12,23,23,1
218606,clean_noop,0,0,0.469024658203125,0.8601730756718069,1,0,0,0,0,1
219035,char_touch,1,0,0.42316038995726496,0.6692966191960235,1,22,0,0,0,1
219053,char_touch,1,0,0.4044728322072072,0.5463957889241745,3,0,0,17,17,1
219375,char_touch,1,0,0.19189453125,0.5598943041691133,0,0,0,24,24,1
219713,noise_cleanable,0,0,0.175506591796875,0.6056338028169014,173,0,0,0,0,0
324050,noise_cleanable,0,0,0.1722869873046875,0.7520148791072536,35,0,0,0,0,1
219885,noise_cleanable,0,0,0.175506591796875,0.6056338028169014,173,0,0,0,0,0
219886,noise_cleanable,0,0,0.1722869873046875,0.7520148791072536,35,0,0,0,0,1
324471,crop_safe,1,0,0.20350174492385786,0.47559193218357204,0,29,30,0,0,0
220851,noise_cleanable,0,0,0.345916748046875,0.6583590648434053,33,0,0,0,0,0
221347,clean_noop,0,0,0.468780517578125,0.8237093939196667,6,0,0,0,0,1
221754,char_touch,1,0,0.4705417097107438,0.7967479674796748,4,0,14,0,0,1
222001,noise_cleanable,0,0,0.4403533935546875,0.7089642745763887,111,0,0,0,0,1
222021,char_touch,1,0,0.3406176297169811,0.5076273937033431,12,21,23,0,0,1
324965,char_touch,1,0,0.4166193181818182,0.4502216160927378,1,17,19,0,0,1
223511,noise_cleanable,0,0,0.1717681884765625,0.2833792307008972,41,0,0,0,0,0
224117,noise_cleanable,0,0,0.2500152587890625,0.43417760146475437,39,0,0,0,0,1
224133,char_touch,1,0,0.34457915683962265,0.7030640072723384,14,0,0,17,27,1
224143,char_touch,1,0,0.08103660300925926,0.1912519526891319,30,0,0,20,20,1
224418,crop_safe,1,0,0.19375676406926406,0.20972246465351718,2,13,12,0,0,0
208628,noise_cleanable,0,0,0.2374725341796875,0.38919231510634195,40,0,0,0,0,1
208677,noise_cleanable,0,0,0.3303070068359375,0.294036125098166,118,0,0,0,0,1
209185,crop_safe,1,0,0.10457136824324324,0.2623254248695945,1,17,17,0,0,0
209029,crop_safe,1,0,0.1287015556768559,0.6874751491053678,0,0,0,13,14,0
209377,noise_cleanable,0,0,0.1641082763671875,0.6079033007903301,52,0,0,0,0,0
209560,crop_safe,1,0,0.21298882681564246,0.44702868852459016,2,0,0,38,39,0
209878,noise_cleanable,0,0,0.1645050048828125,0.47583712086077357,31,0,0,0,0,0
210000,crop_safe,1,0,0.2505878337378641,0.5272796065077563,0,25,25,0,0,0
210058,crop_safe,1,0,0.17596646012931033,0.332982489713903,0,12,12,0,0,0
210210,noise_cleanable,0,0,0.1501617431640625,0.44324763743522,252,0,0,0,0,1
210588,noise_cleanable,0,0,0.22698974609375,0.7057676794837322,76,0,0,0,0,1
210674,noise_cleanable,0,0,0.2254791259765625,0.31149759761791973,42,0,0,0,0,0
210698,noise_cleanable,0,0,0.2827301025390625,0.3252738949754439,55,0,0,0,0,1
210701,char_touch,1,0,0.3680889423076923,0.8964625850340137,5,0,0,0,22,1
211151,crop_safe,1,0,0.2580661525974026,0.8184260533385754,0,12,13,0,0,0
320581,crop_safe,1,0,0.1827295353982301,0.5572266363980325,0,0,0,15,15,0
211229,crop_safe,1,0,0.2631407620614035,0.9443974217071424,0,14,14,0,0,0
211256,char_touch,1,0,0.3007127192982456,0.5271194165907019,43,0,0,14,14,1
211329,char_touch,1,0,0.17914559248554912,0.302873708091757,0,0,0,41,42,1
211426,char_touch,1,0,0.35886205808080807,0.5834524463991204,4,0,0,38,20,1
320746,noise_cleanable,0,0,0.20745849609375,0.36223889379229185,31,0,0,0,0,0
320858,noise_cleanable,0,0,0.3058013916015625,0.34564143505813083,82,0,0,0,0,1
211896,char_touch,1,0,0.4593717716942149,0.6823500474366633,1,14,0,0,0,1
211923,char_touch,1,0,0.4364935862445415,0.40751885575833363,1,0,0,13,14,1
211975,char_touch,1,0,0.3489583333333333,0.33591417910447763,1,0,0,0,16,1
212065,noise_cleanable,0,0,0.250244140625,0.5765853658536585,89,0,0,0,0,0
212094,char_touch,1,0,0.38602834302325584,0.3506377370922954,4,0,0,20,21,1
212238,clean_noop,0,0,0.4829864501953125,0.8304426120746848,1,0,0,0,0,1
212337,char_touch,1,0,0.36333988066560424,0.5833333333333334,9,0,14,21,12,1
212388,char_touch,1,0,0.43200531639004147,0.9773383859227854,1,0,0,0,15,1
212786,crop_safe,1,0,0.1031356052036199,0.25329905741216796,3,17,18,0,0,0
212495,char_touch,1,0,0.294952876984127,0.46233620629248123,3,33,34,0,0,1
323907,char_touch,1,0,0.17206923342541436,0.44901542706634895,0,0,0,37,38,1
323246,char_touch,1,0,0.1390556768558952,0.32335623159960747,0,0,0,13,14,1
323560,noise_cleanable,0,0,0.1551055908203125,0.794884407279882,34,0,0,0,0,1
324316,noise_cleanable,0,0,0.2554473876953125,0.41873245325846725,79,0,0,0,0,0
324920,char_touch,1,0,0.3773373463114754,0.9059821807382266,9,0,12,0,0,1
324957,char_touch,1,0,0.43073470744680853,0.595454019218153,2,21,0,0,0,1
326128,char_touch,1,0,0.2880627962085308,0.40610539845758353,1,22,23,0,0,1
326189,char_touch,1,0,0.4027813796680498,0.732635814889336,1,0,15,0,0,1
327142,noise_cleanable,0,0,0.1910247802734375,0.5516415049125329,101,0,0,0,0,0
234930,noise_cleanable,0,0,0.2889862060546875,0.7046834574159142,35,0,0,0,0,1
325202,char_touch,1,0,0.33649811921296297,0.3232116945235664,4,19,21,0,0,1
321132,char_touch,1,0,0.3528703193832599,0.864478689164147,8,12,17,0,0,1
212554,noise_cleanable,0,0,0.291229248046875,0.7246149009745363,39,0,0,0,0,0
212647,clean_noop,0,0,0.47662353515625,0.9994557561787681,2,0,0,0,0,1
213148,crop_safe,1,0,0.13917054521276595,0.2876978202448492,20,0,0,34,34,0
321390,char_touch,1,0,0.43107302533532044,0.7007935884340378,3,0,12,0,14,1
213465,char_touch,1,0,0.3713942307692308,0.3682181610508281,2,0,0,17,18,1
213210,crop_safe,1,0,0.21194144275700935,0.29411764705882354,0,21,21,0,0,0
213281,char_touch,1,0,0.35527606502242154,0.38344344739177594,9,16,17,0,0,1
321455,char_touch,1,0,0.37384500745156485,0.36441100259118997,1,19,17,0,12,1
213265,crop_safe,1,0,0.11930581467661691,0.22658413422381496,26,0,0,28,27,0
213266,char_touch,1,0,0.07608776913875598,0.20903954802259886,30,0,0,23,24,1
213749,noise_cleanable,0,0,0.4036407470703125,0.4499678675386535,43,0,0,0,0,1
321672,noise_cleanable,0,0,0.496429443359375,0.7898198807401487,58,0,0,0,0,0
321716,noise_cleanable,0,0,0.496429443359375,0.7898198807401487,58,0,0,0,0,0
214225,noise_cleanable,0,0,0.178955078125,0.24249658935879945,50,0,0,0,0,0
214342,clean_noop,0,0,0.4861602783203125,0.6997897115595869,0,0,0,0,0,1
214964,noise_cleanable,0,0,0.3468170166015625,0.443530291697831,34,0,0,0,0,0
215208,crop_safe,1,0,0.13170373908296942,0.19000129516901956,27,14,13,0,0,0
214317,noise_cleanable,0,0,0.4270782470703125,0.3801136160634535,58,0,0,0,0,0
214326,clean_noop,0,0,0.4683837890625,0.8163930153765963,0,0,0,0,0,1
214379,noise_cleanable,0,0,0.168609619140625,0.9723076923076923,35,0,0,0,0,0
322039,char_touch,1,0,0.41182792030567683,0.6240732303359152,3,0,0,13,14,1
322260,noise_cleanable,0,0,0.204986572265625,0.5362513026648802,79,0,0,0,0,1
215390,noise_cleanable,0,0,0.1921844482421875,0.4783644303294958,60,0,0,0,0,0
215450,noise_cleanable,0,0,0.272979736328125,0.3856903297931806,116,0,0,0,0,1
215773,char_touch,1,0,0.37829701834862384,0.7454528230390299,0,20,18,0,0,1
215485,noise_cleanable,0,0,0.3250732421875,0.7061115283514833,50,0,0,0,0,1
322407,char_touch,1,0,0.46268632322175735,0.9353209226747677,0,0,0,17,0,1
322625,char_touch,1,0,0.3579568209123676,0.36655817737998375,1,14,15,14,0,1
322813,noise_cleanable,0,0,0.1675567626953125,0.5781804935798197,59,0,0,0,0,1
216642,noise_cleanable,0,0,0.219696044921875,0.6959299902764273,228,0,0,0,0,0
216698,char_touch,1,0,0.39628544560185186,0.5119335554237211,5,0,0,27,13,1
224692,noise_cleanable,0,0,0.28900146484375,0.8796198521647307,49,0,0,0,0,1
224845,noise_cleanable,0,0,0.3114776611328125,0.8444128741488267,47,0,0,0,0,1
234390,noise_cleanable,0,0,0.1084442138671875,0.2825383424792458,44,0,0,0,0,0
327097,noise_cleanable,0,0,0.462066650390625,0.9251370451093058,33,0,0,0,0,1
227501,char_touch,1,0,0.41659007352941174,0.5252935150894334,0,0,0,18,0,1
229826,noise_cleanable,0,0,0.36053466796875,0.590274250888776,189,0,0,0,0,1
236591,char_touch,1,0,0.19678773271276595,0.5861049519586105,3,0,0,34,34,1
237256,noise_cleanable,0,0,0.1091766357421875,0.7276030747728861,35,0,0,0,0,0
237601,noise_cleanable,0,0,0.406524658203125,0.7554613017040762,46,0,0,0,0,1
237834,noise_cleanable,0,0,0.2280426025390625,0.36714620274339244,121,0,0,0,0,0
237836,noise_cleanable,0,0,0.1981353759765625,0.7273007316134,49,0,0,0,0,1
237875,crop_safe,1,0,0.21537990196078433,0.9466571834992887,22,26,26,0,0,0
237920,noise_cleanable,0,0,0.0957489013671875,0.6530677290836654,30,0,0,0,0,0
238384,noise_cleanable,0,0,0.2623443603515625,0.34467515849473623,36,0,0,0,0,0
238819,noise_cleanable,0,0,0.1270599365234375,0.8292302149633721,69,0,0,0,0,1
238820,noise_cleanable,0,0,0.1414337158203125,0.87808825115978,53,0,0,0,0,1
239358,noise_cleanable,0,0,0.24169921875,0.5282828282828282,238,0,0,0,0,0
239452,noise_cleanable,0,0,0.4268798828125,0.960430368887618,35,0,0,0,0,1
240012,noise_cleanable,0,0,0.1441650390625,0.6363251481795089,117,0,0,0,0,0
240104,noise_cleanable,0,0,0.1655120849609375,0.20429611874250944,68,0,0,0,0,0
240156,crop_safe,1,0,0.18136160714285715,0.6143589743589744,0,33,34,0,0,0
240463,crop_safe,1,0,0.16417464114832536,0.6220400728597449,0,23,24,0,0,0
240705,noise_cleanable,0,0,0.23565673828125,0.2751877751877752,70,0,0,0,0,0
240776,noise_cleanable,0,0,0.3804168701171875,0.6642733945690105,196,0,0,0,0,0
240837,crop_safe,1,0,0.16397683662280702,0.7174798871591265,13,14,14,0,0,0
241100,crop_safe,1,0,0.14054840686274508,0.5431425976385105,0,51,52,0,0,0
241609,crop_safe,1,0,0.11258370535714286,0.5000885112409276,0,30,30,0,0,0
241752,noise_cleanable,0,0,0.4816741943359375,0.6116514081160705,161,0,0,0,0,1
241812,noise_cleanable,0,0,0.1337738037109375,0.6354511235314246,35,0,0,0,0,1
241846,crop_safe,1,0,0.13795130461165048,0.40288659793814435,0,25,25,0,0,0
242276,crop_safe,1,0,0.226796875,0.3202721322769549,4,0,0,28,28,0
242365,crop_safe,1,0,0.18203509852216748,0.6236786469344608,0,26,27,0,0,0
243333,noise_cleanable,0,0,0.1748199462890625,0.3031334555293707,35,0,0,0,0,0
243895,noise_cleanable,0,0,0.221893310546875,0.5783248521523862,38,0,0,0,0,0
244056,noise_cleanable,0,0,0.2991943359375,0.853172174622603,38,0,0,0,0,0
244139,crop_safe,1,0,0.1793587561881188,0.32150943396226417,3,27,27,0,0,0
243138,noise_cleanable,0,0,0.3497161865234375,0.4770277935337493,91,0,0,0,0,0
243203,noise_cleanable,0,0,0.3092498779296875,0.7392312626437065,66,0,0,0,0,1
244355,noise_cleanable,0,0,0.2710418701171875,0.44823509542307044,230,0,0,0,0,0
244475,noise_cleanable,0,0,0.2591094970703125,0.5729933455037983,85,0,0,0,0,1
244512,noise_cleanable,0,0,0.2110137939453125,0.8566056837081495,34,0,0,0,0,1
244890,noise_cleanable,0,0,0.12359619140625,0.23469135802469135,68,0,0,0,0,0
245070,crop_safe,1,0,0.18660654920212766,0.6590580113573099,0,34,34,0,0,0
245757,crop_safe,1,0,0.29269818722943725,1.0,0,12,13,0,0,0
245767,char_touch,1,0,0.3218336838942308,0.6900857793079302,3,0,0,25,23,1
245989,crop_safe,1,0,0.22489754098360656,0.40596526195899774,0,0,0,0,12,0
246003,crop_safe,1,0,0.19830078125,0.5224071702944942,8,0,0,28,28,0
246287,noise_cleanable,0,0,0.396697998046875,0.8041387799061466,56,0,0,0,0,1
246307,noise_cleanable,0,0,0.24053955078125,0.3049352956102512,31,0,0,0,0,0
246653,noise_cleanable,0,0,0.1749114990234375,0.4116723370845328,40,0,0,0,0,0
246764,noise_cleanable,0,0,0.226104736328125,0.47847212849237414,37,0,0,0,0,0
247679,crop_safe,1,0,0.25228575327510916,0.5410412440838405,0,13,14,0,0,0
247686,noise_cleanable,0,0,0.2985382080078125,0.4991055456171735,44,0,0,0,0,1
248960,noise_cleanable,0,0,0.306121826171875,0.4946166882663742,43,0,0,0,0,1
249011,noise_cleanable,0,0,0.299224853515625,0.3946455889852116,34,0,0,0,0,1
249572,crop_safe,1,0,0.1796661543715847,0.3902815730070096,1,36,37,0,0,0
250836,noise_cleanable,0,0,0.2740936279296875,0.35684462506262876,254,0,0,0,0,1
251255,crop_safe,1,0,0.19664779974489796,0.5053207661903314,4,30,30,0,0,0
251912,noise_cleanable,0,0,0.2124786376953125,0.629802513464991,51,0,0,0,0,1
251915,noise_cleanable,0,0,0.2193450927734375,0.2740173913043478,136,0,0,0,0,1
252233,noise_cleanable,0,0,0.220733642578125,0.31909304576247755,62,0,0,0,0,0
252407,noise_cleanable,0,0,0.3143157958984375,0.8299432011262683,42,0,0,0,0,1
252692,noise_cleanable,0,0,0.32318115234375,0.26373937677053827,61,0,0,0,0,0
253075,noise_cleanable,0,0,0.3077850341796875,0.37851370779832433,39,0,0,0,0,1
253215,noise_cleanable,0,0,0.218475341796875,0.2061042044978349,327,0,0,0,0,0
253562,noise_cleanable,0,0,0.229644775390625,0.6370764119601329,48,0,0,0,0,1
253727,crop_safe,1,0,0.3390590884279476,0.5211551038889168,1,0,0,15,12,0
253836,clean_noop,0,0,0.4900054931640625,0.8155575623579235,3,0,0,0,0,1
253922,noise_cleanable,0,0,0.3344268798828125,0.44308071360131407,34,0,0,0,0,1
253986,noise_cleanable,0,0,0.2272796630859375,0.7863041289023163,33,0,0,0,0,1
254451,noise_cleanable,0,0,0.382537841796875,0.38284802552852015,43,0,0,0,0,0
254470,noise_cleanable,0,0,0.2632293701171875,0.34612486232682166,43,0,0,0,0,0
254534,noise_cleanable,0,0,0.1895599365234375,0.9867986798679867,48,0,0,0,0,1
255020,noise_cleanable,0,0,0.2115936279296875,0.44710463690776664,73,0,0,0,0,0
255035,noise_cleanable,0,0,0.111541748046875,0.37852257181942545,33,0,0,0,0,0
255916,noise_cleanable,0,0,0.3470916748046875,0.6736712533520904,96,0,0,0,0,1
256065,noise_cleanable,0,0,0.2963409423828125,0.9039699294578034,57,0,0,0,0,1
256812,crop_safe,1,0,0.23677325581395348,0.6097298956414978,44,0,0,20,21,0
257296,noise_cleanable,0,0,0.0782470703125,0.6370904836193447,30,0,0,0,0,1
257448,noise_cleanable,0,0,0.24456787109375,0.7017095083603694,144,0,0,0,0,1
257555,noise_cleanable,0,0,0.2449798583984375,0.8944876985362815,51,0,0,0,0,0
258859,crop_safe,1,0,0.1051025390625,0.3344947735191638,8,0,0,16,16,0
259085,noise_cleanable,0,0,0.234161376953125,0.8050957904339893,78,0,0,0,0,0
257957,crop_safe,1,0,0.1993389423076923,0.37182192744447795,21,30,31,0,0,0
259544,noise_cleanable,0,0,0.28106689453125,0.2622692725298589,46,0,0,0,0,0
259674,clean_noop,0,0,0.5014495849609375,0.5421903052064632,0,0,0,0,0,1
259737,noise_cleanable,0,0,0.255615234375,0.6507879656160458,99,0,0,0,0,1
259819,noise_cleanable,0,0,0.3462982177734375,0.38598810310641113,37,0,0,0,0,1
260866,noise_cleanable,0,0,0.1331024169921875,0.45294050212083,45,0,0,0,0,0
260987,noise_cleanable,0,0,0.128814697265625,0.41885809049988154,55,0,0,0,0,1
260306,noise_cleanable,0,0,0.3928985595703125,0.8953357411938327,60,0,0,0,0,1
260565,crop_safe,1,0,0.17232755335365854,0.82930200414651,7,0,0,46,46,0
261186,noise_cleanable,0,0,0.168212890625,0.6513969521044993,135,0,0,0,0,1
261564,crop_safe,1,0,0.11696938451776649,0.30988303102220716,1,32,27,0,0,0
261648,noise_cleanable,0,0,0.298431396484375,0.9353205849268842,93,0,0,0,0,0
262724,noise_cleanable,0,0,0.2522125244140625,0.8257002843487204,55,0,0,0,0,1
272504,noise_cleanable,0,0,0.1128997802734375,0.46060278416002165,46,0,0,0,0,0
273267,noise_cleanable,0,0,0.2711181640625,0.48429761368752816,41,0,0,0,0,0
273961,noise_cleanable,0,0,0.2360687255859375,0.4101868011117575,46,0,0,0,0,1
275269,noise_cleanable,0,0,0.441650390625,0.35306108347153126,62,0,0,0,0,0
275489,noise_cleanable,0,0,0.2127685546875,0.9608433734939759,37,0,0,0,0,1
276050,noise_cleanable,0,0,0.332183837890625,0.9557648139641709,32,0,0,0,0,1
276382,noise_cleanable,0,0,0.2629852294921875,0.5180736872642878,34,0,0,0,0,0
276401,noise_cleanable,0,0,0.3896484375,0.8230733082706767,78,0,0,0,0,1
276718,noise_cleanable,0,0,0.2494659423828125,0.3657716068261056,81,0,0,0,0,1
277180,noise_cleanable,0,0,0.0802459716796875,0.18596691386195094,44,0,0,0,0,0
277441,noise_cleanable,0,0,0.244049072265625,0.8582593472552207,110,0,0,0,0,1
277628,crop_safe,1,0,0.15870535714285713,0.2369901547116737,17,22,24,0,0,0
277652,noise_cleanable,0,0,0.2277069091796875,0.549420357836896,33,0,0,0,0,0
277675,char_touch,1,0,0.3556794605809129,0.4102911306702776,3,18,14,15,0,1
277683,noise_cleanable,0,0,0.2277069091796875,0.549420357836896,33,0,0,0,0,0
277700,noise_cleanable,0,0,0.1133575439453125,0.887468030690537,55,0,0,0,0,0
279126,noise_cleanable,0,0,0.37005615234375,0.25936005277915225,87,0,0,0,0,0
279741,noise_cleanable,0,0,0.2266998291015625,0.4864373695900922,39,0,0,0,0,0
279816,char_touch,1,0,0.14823100220264318,0.2345019735314604,5,15,14,0,0,1
278617,noise_cleanable,0,0,0.2068634033203125,0.8363207199232868,45,0,0,0,0,0
278861,crop_safe,1,0,0.1934309554973822,0.37280609008246984,7,33,32,0,0,0
278889,crop_safe,1,0,0.21670496323529412,0.2906372600996713,9,43,43,0,0,0
278954,crop_safe,1,0,0.22038218896713616,0.39502371640176415,15,22,21,0,0,0
280820,noise_cleanable,0,0,0.208953857421875,0.8061924930626552,43,0,0,0,0,1
281188,noise_cleanable,0,0,0.2403564453125,0.33329101066531236,45,0,0,0,0,1
281573,noise_cleanable,0,0,0.36468505859375,0.9315062761506276,35,0,0,0,0,1
281627,crop_safe,1,0,0.1970203488372093,0.8630579122095168,31,20,21,0,0,0
281924,noise_cleanable,0,0,0.1518402099609375,0.46919907546980205,59,0,0,0,0,0
282014,noise_cleanable,0,0,0.162933349609375,0.6235250046825248,30,0,0,0,0,0
282070,noise_cleanable,0,0,0.162933349609375,0.6235250046825248,30,0,0,0,0,0
282270,noise_cleanable,0,0,0.303985595703125,0.6348760164642104,44,0,0,0,0,1
282334,crop_safe,1,0,0.13530318233944955,0.23467090451595815,9,19,19,0,0,0
262980,noise_cleanable,0,0,0.3477630615234375,0.4822517660480014,96,0,0,0,0,0
263067,noise_cleanable,0,0,0.272491455078125,0.4512263411356255,41,0,0,0,0,1
263529,noise_cleanable,0,0,0.257781982421875,0.8984846691132946,33,0,0,0,0,1
263656,noise_cleanable,0,0,0.4087066650390625,0.23711032294194512,88,0,0,0,0,0
263842,noise_cleanable,0,0,0.159759521484375,0.32531041069723016,38,0,0,0,0,0
264188,noise_cleanable,0,0,0.4447784423828125,0.8598922776081512,86,0,0,0,0,1
266223,noise_cleanable,0,0,0.35552978515625,0.8972532188841201,34,0,0,0,0,1
265680,noise_cleanable,0,0,0.1607666015625,0.40480258162490507,52,0,0,0,0,1
267006,noise_cleanable,0,0,0.2052459716796875,0.577875250910713,31,0,0,0,0,0
268121,noise_cleanable,0,0,0.2639007568359375,0.703440300664932,51,0,0,0,0,1
269791,noise_cleanable,0,0,0.353607177734375,0.6172434625010788,34,0,0,0,0,0
268816,noise_cleanable,0,0,0.162384033203125,0.3176094719037775,118,0,0,0,0,0
268937,crop_safe,1,0,0.16667451054216867,0.302273048143442,0,45,45,0,0,0
269122,crop_safe,1,0,0.11691497093023256,0.21973581973581974,49,20,21,0,0,0
268411,char_touch,1,0,0.45783547794117646,0.8578956802294317,0,0,0,0,18,1
268413,crop_safe,1,0,0.2050899621212121,0.8341221285928662,10,0,0,45,46,0
268451,noise_cleanable,0,0,0.4635467529296875,0.6639784061358175,44,0,0,0,0,1
268466,char_touch,1,0,0.3761340725806452,0.6455611390284757,66,0,0,20,19,1
268612,noise_cleanable,0,0,0.2764434814453125,0.5385549483910139,46,0,0,0,0,0
268653,noise_cleanable,0,0,0.345733642578125,0.28065142554506134,220,0,0,0,0,0
268715,noise_cleanable,0,0,0.178131103515625,0.3262806236080178,51,0,0,0,0,0
268759,crop_safe,1,0,0.23265269886363638,0.21819430664733266,4,0,0,18,18,0
269872,noise_cleanable,0,0,0.353607177734375,0.6172434625010788,34,0,0,0,0,0
270071,noise_cleanable,0,0,0.140106201171875,0.3032019167937269,56,0,0,0,0,1
270172,noise_cleanable,0,0,0.4047088623046875,0.5018286015910719,50,0,0,0,0,1
271119,crop_safe,1,0,0.15245409604519775,0.6101621308627678,2,0,0,39,40,0
271548,crop_safe,1,0,0.15617487980769232,0.3158970658970659,35,24,24,0,0,0
271684,noise_cleanable,0,0,0.2486724853515625,0.4568939068540222,89,0,0,0,0,0
272120,char_touch,1,0,0.11744304906542057,0.23127137084239976,13,24,18,0,0,1
272205,noise_cleanable,0,0,0.270538330078125,0.2972927241962775,83,0,0,0,0,0
272287,crop_safe,1,0,0.22298519736842104,0.26636548036142355,21,33,33,0,0,0
272487,crop_safe,1,0,0.1394662081339713,0.21709997319753419,12,25,22,0,0,0
313859,noise_cleanable,0,0,0.209442138671875,0.32733498470056827,37,0,0,0,0,0
313924,noise_cleanable,0,0,0.1725921630859375,0.3880293519582707,39,0,0,0,0,0
314847,noise_cleanable,0,0,0.2519073486328125,0.4532073414501181,51,0,0,0,0,1
315065,crop_safe,1,0,0.14199385683760685,0.2671055725370327,1,0,0,22,0,0
315545,noise_cleanable,0,0,0.3097076416015625,0.7464157264620387,67,0,0,0,0,1
315570,noise_cleanable,0,0,0.16180419921875,0.2963032817804602,45,0,0,0,0,0
314125,noise_cleanable,0,0,0.263824462890625,0.305668016194332,36,0,0,0,0,1
314186,noise_cleanable,0,0,0.2139434814453125,0.4491120462163897,35,0,0,0,0,0
314242,noise_cleanable,0,0,0.233551025390625,0.2587874036325624,270,0,0,0,0,1
314344,noise_cleanable,0,0,0.3087310791015625,0.9531458508377403,40,0,0,0,0,1
316742,noise_cleanable,0,0,0.26837158203125,0.7843984534910166,48,0,0,0,0,0
317403,char_touch,1,0,0.4097377232142857,0.621595165134491,1,0,0,19,13,1
317604,char_touch,1,0,0.4248810442386831,0.9120729446483297,1,0,0,0,13,1
317761,char_touch,1,0,0.3606886061946903,0.40727429557216793,1,15,15,0,0,1
317812,noise_cleanable,0,0,0.1360931396484375,0.40509025675524163,33,0,0,0,0,0
318572,char_touch,1,0,0.4417885638297872,0.8623297464068026,1,0,0,0,21,1
319725,noise_cleanable,0,0,0.2373809814453125,0.6228064536864434,40,0,0,0,0,0
319943,noise_cleanable,0,0,0.2799224853515625,0.8779503952030526,32,0,0,0,0,1
320139,clean_noop,0,0,0.479827880859375,0.8943903835145964,4,0,0,0,0,1
321105,noise_cleanable,0,0,0.3151702880859375,0.20198499152747518,181,0,0,0,0,0
320413,noise_cleanable,0,0,0.2794189453125,0.3303298383573613,54,0,0,0,0,1
320430,char_touch,1,0,0.4111547085201794,0.4842791411042945,5,17,16,0,0,1
320605,char_touch,1,0,0.460302734375,0.8692761924967293,2,0,0,0,16,1
320738,crop_safe,1,0,0.13902064732142858,0.380707476166583,1,16,16,0,0,0
320831,char_touch,1,0,0.4332311445147679,0.47719231500856,2,0,0,19,0,1
321833,char_touch,1,0,0.2734748803827751,0.4885866593767086,37,0,0,24,23,1
321860,char_touch,1,0,0.26076511150234744,1.0,0,21,22,0,0,1
322236,noise_cleanable,0,0,0.2956390380859375,0.6818580645161291,62,0,0,0,0,1
322635,char_touch,1,0,0.3579568209123676,0.36655817737998375,1,14,15,14,0,1
322648,noise_cleanable,0,0,0.2371978759765625,0.360694757156642,37,0,0,0,0,1
322666,char_touch,1,0,0.39295827123695976,0.3597231440219968,8,23,13,0,12,1
323818,noise_cleanable,0,0,0.279296875,0.46967875874125875,193,0,0,0,0,1
294167,char_touch,1,0,0.16080391839378239,0.5560730018879798,5,0,0,31,32,1
294280,clean_noop,0,0,0.46685791015625,0.9167865080402667,0,0,0,0,0,1
294953,clean_noop,0,0,0.4954833984375,0.9061037201281104,1,0,0,0,0,1
294964,noise_cleanable,0,0,0.1886444091796875,0.26619752487260373,76,0,0,0,0,1
295013,noise_cleanable,0,0,0.144561767578125,0.2385476039687566,35,0,0,0,0,0
295642,char_touch,1,0,0.198284240430622,0.45112640211141486,3,0,0,23,24,1
295682,crop_safe,1,0,0.1338495575221239,0.631198347107438,0,15,15,0,0,0
295899,noise_cleanable,0,0,0.3575439453125,0.8383407306247866,63,0,0,0,0,0
295950,crop_safe,1,0,0.22448394495412843,0.6185344827586207,1,19,19,0,0,0
296928,noise_cleanable,0,0,0.2669219970703125,0.5152346652946893,32,0,0,0,0,0
296961,crop_safe,1,0,0.1961714659685864,0.5415971643035863,0,0,0,32,33,0
296968,noise_cleanable,0,0,0.225372314453125,0.3838185511171293,34,0,0,0,0,0
296995,noise_cleanable,0,0,0.31793212890625,0.4476387022461125,49,0,0,0,0,1
297110,noise_cleanable,0,0,0.294830322265625,0.9446227098644032,46,0,0,0,0,1
297642,noise_cleanable,0,0,0.253448486328125,0.5780252859723058,32,0,0,0,0,1
298087,noise_cleanable,0,0,0.191162109375,0.30419859514687103,100,0,0,0,0,0
299631,crop_safe,1,0,0.18521424672489084,0.8744704365444833,1,0,0,15,12,0
300464,noise_cleanable,0,0,0.126800537109375,0.342719614921781,34,0,0,0,0,0
300471,noise_cleanable,0,0,0.33929443359375,0.7618276668465551,83,0,0,0,0,1
300544,noise_cleanable,0,0,0.1610260009765625,0.36690988344546577,47,0,0,0,0,1
300614,noise_cleanable,0,0,0.1610260009765625,0.36690988344546577,47,0,0,0,0,1
300840,noise_cleanable,0,0,0.145416259765625,0.3088142707240294,33,0,0,0,0,0
301110,noise_cleanable,0,0,0.3595123291015625,0.7887186452187938,96,0,0,0,0,1
301642,char_touch,1,0,0.3737399193548387,0.37857624506309606,3,19,20,0,0,1
301969,noise_cleanable,0,0,0.127838134765625,0.6135115779422297,107,0,0,0,0,0
302860,noise_cleanable,0,0,0.3205718994140625,0.38074158693893095,150,0,0,0,0,0
302949,noise_cleanable,0,0,0.358978271484375,0.656125138145031,149,0,0,0,0,1
303067,crop_safe,1,0,0.1631560773480663,0.716931216931217,0,0,0,37,38,0
303202,noise_cleanable,0,0,0.1375732421875,0.3765527950310559,46,0,0,0,0,0
303301,char_touch,1,0,0.1944912997159091,0.38662558484537257,1,0,0,40,40,1
303356,noise_cleanable,0,0,0.1471405029296875,0.33402468111583533,32,0,0,0,0,0
303656,noise_cleanable,0,0,0.2797698974609375,0.3027542950640851,40,0,0,0,0,0
303926,noise_cleanable,0,0,0.167083740234375,0.723744292237443,66,0,0,0,0,1
303983,noise_cleanable,0,0,0.120269775390625,0.5614057345851307,60,0,0,0,0,1
304486,noise_cleanable,0,0,0.3334503173828125,0.9576259552464192,70,0,0,0,0,1
304510,crop_safe,1,0,0.1934652093596059,0.7274716530734037,0,26,27,0,0,0
304552,noise_cleanable,0,0,0.24456787109375,0.9113426503618667,65,0,0,0,0,1
305768,noise_cleanable,0,0,0.1312255859375,0.23069767441860464,40,0,0,0,0,0
304941,char_touch,1,0,0.33986088267543857,0.579170237435096,124,0,0,14,14,1
306128,noise_cleanable,0,0,0.20294189453125,0.22669172932330828,287,0,0,0,0,0
306364,noise_cleanable,0,0,0.13726806640625,0.7947976878612717,31,0,0,0,0,0
306386,char_touch,1,0,0.4567995233050847,0.8190810928328139,3,20,0,0,0,1
306990,noise_cleanable,0,0,0.35003662109375,0.23578901482127287,139,0,0,0,0,0
307057,noise_cleanable,0,0,0.191253662109375,0.2379926599648955,72,0,0,0,0,0
307172,noise_cleanable,0,0,0.2167816162109375,0.2750756669247554,38,0,0,0,0,0
307213,noise_cleanable,0,0,0.2853851318359375,0.9446078169277656,39,0,0,0,0,1
307576,crop_safe,1,0,0.1702572216812723,0.3415941856308829,14,19,0,29,19,0
307617,noise_cleanable,0,0,0.3334808349609375,0.657744223289865,39,0,0,0,0,1
307838,noise_cleanable,0,0,0.385223388671875,0.6486968232591301,70,0,0,0,0,1
309251,noise_cleanable,0,0,0.183563232421875,0.34463840399002493,74,0,0,0,0,0
309778,char_touch,1,0,0.06377963362068965,0.2568637803590285,4,0,0,12,12,1
309984,noise_cleanable,0,0,0.22955322265625,0.3889922892847647,76,0,0,0,0,1
310086,noise_cleanable,0,0,0.18841552734375,0.6568675089083252,43,0,0,0,0,1
310390,noise_cleanable,0,0,0.2593231201171875,0.3399235069137982,149,0,0,0,0,0
310552,noise_cleanable,0,0,0.1285400390625,0.23682336182336183,32,0,0,0,0,0
311119,noise_cleanable,0,0,0.2508087158203125,0.4067652247977125,31,0,0,0,0,0
311261,char_touch,1,0,0.3805926486784141,0.17791743907401547,91,16,13,0,0,1
311414,noise_cleanable,0,0,0.1085205078125,0.10897075365579302,31,0,0,0,0,0
311519,noise_cleanable,0,0,0.171875,0.3797940340909091,49,0,0,0,0,0
311571,noise_cleanable,0,0,0.255401611328125,0.4794479627195603,70,0,0,0,0,1
311656,noise_cleanable,0,0,0.2274017333984375,0.6210830034221297,54,0,0,0,0,1
312030,noise_cleanable,0,0,0.2083282470703125,0.6975023804292096,49,0,0,0,0,0
312214,crop_safe,1,0,0.1271598994275932,0.23517038283550695,17,36,34,35,20,0
313303,noise_cleanable,0,0,0.1201629638671875,0.4987936507936508,42,0,0,0,0,0
282347,noise_cleanable,0,0,0.2146759033203125,0.4232710213945554,37,0,0,0,0,0
282538,char_touch,1,0,0.14203410388127855,0.21034785884716814,7,19,18,0,0,1
283794,char_touch,1,0,0.4619097980349345,0.3930351933232394,249,15,12,0,0,1
284645,char_touch,1,0,0.17808657786885246,0.6090435095289464,2,0,12,0,0,1
284698,crop_safe,1,0,0.1399130233990148,0.47668821345069456,21,0,0,26,27,0
284784,noise_cleanable,0,0,0.1028900146484375,0.6635028918878837,52,0,0,0,0,0
285236,crop_safe,1,0,0.21604866293532338,0.5876585409732842,4,0,0,29,26,0
286568,noise_cleanable,0,0,0.180816650390625,0.2680168776371308,47,0,0,0,0,0
286767,noise_cleanable,0,0,0.2760467529296875,0.23884804598971865,87,0,0,0,0,1
287065,noise_cleanable,0,0,0.1140289306640625,0.2566572996119363,34,0,0,0,0,0
285881,noise_cleanable,0,0,0.4177703857421875,0.8793235691588444,75,0,0,0,0,1
285932,clean_noop,0,0,0.4677734375,0.9741323068893528,0,0,0,0,0,1
285939,noise_cleanable,0,0,0.3995513916015625,0.5851059767042199,217,0,0,0,0,1
287090,noise_cleanable,0,0,0.26666259765625,0.5172808422980087,36,0,0,0,0,0
290053,noise_cleanable,0,0,0.28436279296875,0.5092831079630822,32,0,0,0,0,1
290476,crop_safe,1,0,0.1376355229591837,0.6924413553431799,0,30,30,0,0,0
288442,char_touch,1,0,0.4293576388888889,0.4681573733371073,15,0,0,13,18,1
289053,noise_cleanable,0,0,0.2593994140625,0.5027647058823529,31,0,0,0,0,1
289506,crop_safe,1,0,0.06770833333333333,0.4865097588978186,2,27,28,0,0,0
289568,crop_safe,1,0,0.2021569293478261,0.5221372763168949,1,13,13,0,0,0
289832,noise_cleanable,0,0,0.245941162109375,0.3875170616701824,69,0,0,0,0,1
291656,char_touch,1,0,0.3563858695652174,0.3298703774304232,1,0,0,14,12,1
291735,char_touch,1,0,0.33288211633663367,0.7832578134076914,52,0,0,27,27,1
290576,char_touch,1,0,0.31805519979508196,0.5674233653797756,2,0,0,0,12,1
290634,crop_safe,1,0,0.2063480941704036,0.2778438030560272,5,16,17,0,0,0
292387,char_touch,1,0,0.40360278925619836,0.786874100143977,7,14,0,0,0,1
293353,char_touch,1,0,0.29045181860133407,0.3173250523579115,7,24,35,0,14,1
293513,clean_noop,0,0,0.5034332275390625,0.4307580395841542,2,0,0,0,0,1
293623,noise_cleanable,0,0,0.2219696044921875,0.14786553928645083,132,0,0,0,0,0
293970,noise_cleanable,0,0,0.3014678955078125,0.830186769246343,66,0,0,0,0,1
293997,char_touch,1,0,0.35920678827751196,0.3734845725584057,5,19,28,0,0,1
294067,crop_safe,1,0,0.35413536658653844,0.5280797581799862,0,0,0,25,23,0
