run_dir,exp_dir,run_id,experiment_name,cfg_path,cfg_found,ckpt_n,ckpt_last,n_eval,eval_first,eval_last,best_ssim,best_step,last_ssim,ssim_at_5000,ssim_at_10000,ssim_at_20000,ssim_at_35000,ssim_at_50000,ssim_at_65000,ssim_at_80000,ssim_at_100000,ssim_at_150000,model,global_batch_size,max_steps,diffusion_type,skel_latent_shards_dir,skel_as_glyph_cond,eval_skel_latent_shards_dir,inst_skel_shards_dir,w_latent_skel,latent_skel_probe,no_char_cond,char_dino_embeddings,char_dino_index,num_characters,use_script_cond,glyph_inject_layers,w_glyph_cond,callig_clean_map,callig_map_json,callig_script_map,callig_aug_dirs,freeze_char_table,repa_layers,w_repa,repa_cache_dir,self_cond,noise_aug,style_rank_w,deform_skel,skel_head,image_channels,aux_channels,in_mem_eval_sets,eval_csv,eval_sets,gpu_eval_sets,eval_strict_csv,train_csv,hidden_size,depth,patch_size,lr,lr_main,ema_decay,skel_dir_base,inst_skel_dir_base,eval_protocol,skel_cond_on,skel_kind,char_table,char_cond_on,callig_used,glyph_inject
_archive/20261001_bespoke/results/overfit_v36/20261001-195328-v36-union,_archive/20261001_bespoke/results/overfit_v36,_archive__20261001_bespoke__results__overfit_v36__20261001-195328-v36-union,v36-union,_archive/20261001_bespoke/results/overfit_v36/20261001-195328-v36-union/resolved_config.json,True,2,400,0,,,,,,,,,,,,,,,,,600,,,,,,,,,,,,,,,,,,,,,,,,,,,,,,,,,,,,,,,,,0.9999,,,"unknown(老 run, 见 eval_auto json)",False,-,False,True,False,0
_archive/20261001_bespoke/results/overfit_v36b/20261001-200425-v36-union,_archive/20261001_bespoke/results/overfit_v36b,_archive__20261001_bespoke__results__overfit_v36b__20261001-200425-v36-union,v36-union,_archive/20261001_bespoke/results/overfit_v36b/20261001-200425-v36-union/resolved_config.json,True,2,400,0,,,,,,,,,,,,,,,,,600,,,,,,,,,,,,,,,,,,,,,,,,,,,,,,,,,,,,,,,,,0.9999,,,"unknown(老 run, 见 eval_auto json)",False,-,False,True,False,0
_archive/20261003_twostage/assets_results/v23_splitnorm/20260927-124752-v23-splitnorm,_archive/20261003_twostage/assets_results/v23_splitnorm,_archive__20261003_twostage__assets_results__v23_splitnorm__20260927-124752-v23-splitnorm,v23-splitnorm,_archive/20261003_twostage/assets_results/v23_splitnorm/20260927-124752-v23-splitnorm/resolved_config.json,True,17,85000,0,,,,,,,,,,,,,,,DiT-2Cond-S/2,320,150000,flow,data/50k_v2_glyph15k/shards_std,True,data/50k_v2_glyph15k/shards_std,data/50k_v2_glyph15k/shards_aux_skel3,0.0,,True,,,7765,,4,False,,,,,False,8,0.03,data/dino_cache/50k_v1,,,,1,,,,"seen:assets/eval_v13_seen.csv:20,strict:assets/eval_v13_strict_fixed.csv:250",assets/eval_v13_seen.csv,,,,,,,,0.0005,,0.9999,shards_std,shards_aux_skel3,"other:seen:assets/eval_v13_seen.csv:20,strict:",True,std,False,False,False,4
_archive/20261003_twostage/assets_results/v24_top10_style23/20260927-213553-v24-top10-style23,_archive/20261003_twostage/assets_results/v24_top10_style23,_archive__20261003_twostage__assets_results__v24_top10_style23__20260927-213553-v24-top10-style23,v24-top10-style23,_archive/20261003_twostage/assets_results/v24_top10_style23/20260927-213553-v24-top10-style23/resolved_config.json,True,0,,0,,,,,,,,,,,,,,,DiT-2Cond-S/2,320,150000,flow,data/top10_style23/shards_std,True,data/50k_v2_glyph15k/shards_std,data/top10_style23/shards_aux_skel3,0.0,,True,,,7765,,4,False,,,assets/callig_script_id_map_top10.json,,False,8,0.0,,,,,1,,,,"seen:assets/eval_top10_seen_20.csv:20,strict:assets/eval_top10_strict_subset84.csv:84",assets/eval_top10_seen_20.csv,,,,,,,,0.0005,,0.9999,shards_std,shards_aux_skel3,"other:seen:assets/eval_top10_seen_20.csv:20,st",True,std,False,False,True,4
_archive/20261003_twostage/assets_results/v24_top10_style23/20260927-213835-v24-top10-style23,_archive/20261003_twostage/assets_results/v24_top10_style23,_archive__20261003_twostage__assets_results__v24_top10_style23__20260927-213835-v24-top10-style23,v24-top10-style23,_archive/20261003_twostage/assets_results/v24_top10_style23/20260927-213835-v24-top10-style23/resolved_config.json,True,0,,0,,,,,,,,,,,,,,,DiT-2Cond-S/2,320,150000,flow,data/top10_style23/shards_std,True,data/50k_v2_glyph15k/shards_std,data/top10_style23/shards_aux_skel3,0.0,,True,,,7765,,4,False,,,assets/callig_script_id_map_top10.json,,False,8,0.0,,,,,1,,,,"seen:assets/eval_top10_seen_20.csv:20,strict:assets/eval_top10_strict_subset84.csv:84",assets/eval_top10_seen_20.csv,,,,,,,,0.0005,,0.9999,shards_std,shards_aux_skel3,"other:seen:assets/eval_top10_seen_20.csv:20,st",True,std,False,False,True,4
_archive/20261003_twostage/assets_results/v24_top10_style23/20260927-213913-v24-top10-style23,_archive/20261003_twostage/assets_results/v24_top10_style23,_archive__20261003_twostage__assets_results__v24_top10_style23__20260927-213913-v24-top10-style23,v24-top10-style23,_archive/20261003_twostage/assets_results/v24_top10_style23/20260927-213913-v24-top10-style23/resolved_config.json,True,30,150000,0,,,,,,,,,,,,,,,DiT-2Cond-S/2,320,150000,flow,data/top10_style23/shards_std,True,data/50k_v2_glyph15k/shards_std,data/top10_style23/shards_aux_skel3,0.0,,True,,,7765,,4,False,,,assets/callig_script_id_map_top10.json,,False,8,0.0,,,,,1,,,,"seen:assets/eval_top10_seen_20.csv:20,strict:assets/eval_top10_strict_subset84.csv:84",assets/eval_top10_seen_20.csv,,,,,,,,0.0005,,0.9999,shards_std,shards_aux_skel3,"other:seen:assets/eval_top10_seen_20.csv:20,st",True,std,False,False,True,4
_archive/20261003_twostage/assets_results/v25_stdskel/20260928-214726-v25-stdskel,_archive/20261003_twostage/assets_results/v25_stdskel,_archive__20261003_twostage__assets_results__v25_stdskel__20260928-214726-v25-stdskel,v25-stdskel,_archive/20261003_twostage/assets_results/v25_stdskel/20260928-214726-v25-stdskel/resolved_config.json,True,0,,0,,,,,,,,,,,,,,,DiT-2Cond-S/2,320,150000,flow,data/top10_style23/shards_std,True,data/50k_v2_glyph15k/shards_std,,0.0,,True,,,7765,,4,False,,,assets/callig_script_id_map_top10.json,,False,8,0.0,,,,,0,,,,"seen:assets/eval_top10_seen_20.csv:20,strict:assets/eval_top10_strict_subset84.csv:84",assets/eval_top10_seen_20.csv,,,,,,,,0.0005,,0.9999,shards_std,,"other:seen:assets/eval_top10_seen_20.csv:20,st",True,std,False,False,True,4
_archive/20261003_twostage/assets_results/v25_stdskel/20260928-215219-v25-stdskel,_archive/20261003_twostage/assets_results/v25_stdskel,_archive__20261003_twostage__assets_results__v25_stdskel__20260928-215219-v25-stdskel,v25-stdskel,_archive/20261003_twostage/assets_results/v25_stdskel/20260928-215219-v25-stdskel/resolved_config.json,True,30,150000,0,,,,,,,,,,,,,,,DiT-2Cond-S/2,320,150000,flow,data/top10_style23/shards_std,True,data/50k_v2_glyph15k/shards_std,,0.0,,True,,,7765,,4,False,,,assets/callig_script_id_map_top10.json,,False,8,0.0,,,,,0,,,,"seen:assets/eval_top10_seen_20.csv:20,strict:assets/eval_top10_strict_subset84.csv:84",assets/eval_top10_seen_20.csv,,,,,,,,0.0005,,0.9999,shards_std,,"other:seen:assets/eval_top10_seen_20.csv:20,st",True,std,False,False,True,4
_archive/20261003_twostage/assets_results/v26_gtskel/20260929-092156-v26-gtskel,_archive/20261003_twostage/assets_results/v26_gtskel,_archive__20261003_twostage__assets_results__v26_gtskel__20260929-092156-v26-gtskel,v26-gtskel,_archive/20261003_twostage/assets_results/v26_gtskel/20260929-092156-v26-gtskel/resolved_config.json,True,0,,0,,,,,,,,,,,,,,,DiT-2Cond-S/2,320,150000,flow,data/top10_style23/shards_aux_skel3,True,data/top10_style23/gt_skel_eval_strict84,,0.0,,True,,,7765,,4,False,,,assets/callig_script_id_map_top10.json,,False,8,0.0,,,,,0,,,,"seen:assets/eval_top10_seen_20.csv:20,strict:assets/eval_top10_strict_subset84.csv:84",assets/eval_top10_seen_20.csv,,,,,,,,0.0005,,0.9999,shards_aux_skel3,,"other:seen:assets/eval_top10_seen_20.csv:20,st",True,other,False,False,True,4
_archive/20261003_twostage/assets_results/v26_gtskel/20260929-093202-v26-gtskel,_archive/20261003_twostage/assets_results/v26_gtskel,_archive__20261003_twostage__assets_results__v26_gtskel__20260929-093202-v26-gtskel,v26-gtskel,_archive/20261003_twostage/assets_results/v26_gtskel/20260929-093202-v26-gtskel/resolved_config.json,True,1,5000,0,,,,,,,,,,,,,,,DiT-2Cond-S/2,320,150000,flow,data/top10_style23/shards_aux_skel3,True,data/top10_style23/gt_skel_eval_strict84,,0.0,,True,,,7765,,4,False,,,assets/callig_script_id_map_top10.json,,False,8,0.0,,,,,0,,,,"seen:assets/eval_top10_seen_20.csv:20,strict:assets/eval_top10_strict_subset84.csv:84,seen_pred:assets/eval_top10_seen_20.csv:20,strict_pred:assets/eval_top10_strict_subset84.csv:84",assets/eval_top10_seen_20.csv,,,,,,,,0.0005,,0.9999,shards_aux_skel3,,"other:seen:assets/eval_top10_seen_20.csv:20,st",True,other,False,False,True,4
_archive/20261003_twostage/assets_results/v26_gtskel/20260929-102909-v26-gtskel,_archive/20261003_twostage/assets_results/v26_gtskel,_archive__20261003_twostage__assets_results__v26_gtskel__20260929-102909-v26-gtskel,v26-gtskel,_archive/20261003_twostage/assets_results/v26_gtskel/20260929-102909-v26-gtskel/resolved_config.json,True,0,,0,,,,,,,,,,,,,,,DiT-2Cond-S/2,320,150000,flow,data/top10_style23/shards_aux_skel3,True,data/top10_style23/gt_skel_eval_strict84,,0.0,,True,,,7765,,4,False,,,assets/callig_script_id_map_top10.json,,False,8,0.0,,,,,0,,,,"seen:assets/eval_top10_seen_20.csv:20,strict:assets/eval_top10_strict_subset84.csv:84,seen_pred:assets/eval_top10_seen_20.csv:20,strict_pred:assets/eval_top10_strict_subset84.csv:84",assets/eval_top10_seen_20.csv,,,,,,,,0.0005,,0.9999,shards_aux_skel3,,"other:seen:assets/eval_top10_seen_20.csv:20,st",True,other,False,False,True,4
_archive/20261003_twostage/assets_results/v26_gtskel/20260929-103927-v26-gtskel,_archive/20261003_twostage/assets_results/v26_gtskel,_archive__20261003_twostage__assets_results__v26_gtskel__20260929-103927-v26-gtskel,v26-gtskel,_archive/20261003_twostage/assets_results/v26_gtskel/20260929-103927-v26-gtskel/resolved_config.json,True,5,30000,0,,,,,,,,,,,,,,,DiT-2Cond-S/2,320,60000,flow,data/top10_style23/shards_aux_skel3,True,data/top10_style23/gt_skel_eval_strict84,,0.0,,True,,,7765,,4,False,,,assets/callig_script_id_map_top10.json,,False,8,0.0,,,,,0,,,,"seen:assets/eval_top10_seen_20.csv:20,strict:assets/eval_top10_strict_subset84.csv:84,seen_pred:assets/eval_top10_seen_20.csv:20,strict_pred:assets/eval_top10_strict_subset84.csv:84",assets/eval_top10_seen_20.csv,,,,,,,,0.0005,,0.9999,shards_aux_skel3,,"other:seen:assets/eval_top10_seen_20.csv:20,st",True,other,False,False,True,4
_archive/20261003_twostage/assets_results/v26_gtskel_clean84/20260930-205657-v26-gtskel-clean84,_archive/20261003_twostage/assets_results/v26_gtskel_clean84,_archive__20261003_twostage__assets_results__v26_gtskel_clean84__20260930-205657-v26-gtskel-clean84,v26-gtskel-clean84,_archive/20261003_twostage/assets_results/v26_gtskel_clean84/20260930-205657-v26-gtskel-clean84/resolved_config.json,True,0,,0,,,,,,,,,,,,,,,DiT-2Cond-S/2,320,60000,flow,data/top10_style23/shards_aux_skel3,True,data/top10_style23/gt_skel_eval_strict84,,0.0,,True,,,7765,,4,False,,,assets/callig_script_id_map_top10.json,,False,8,0.0,,,,,0,,,,"seen:assets/eval_top10_seen_20.csv:20,strict:assets/eval_top10_strict_subset84.csv:84,seen_pred:assets/eval_top10_seen_20.csv:20,strict_pred:assets/eval_top10_strict_subset84.csv:84",assets/eval_top10_seen_20.csv,,,,,,,,0.0005,,0.9999,shards_aux_skel3,,"other:seen:assets/eval_top10_seen_20.csv:20,st",True,other,False,False,True,4
_archive/20261003_twostage/assets_results/v31_stage1_skel/20261001-001112-v31-stage1-skel,_archive/20261003_twostage/assets_results/v31_stage1_skel,_archive__20261003_twostage__assets_results__v31_stage1_skel__20261001-001112-v31-stage1-skel,v31-stage1-skel,_archive/20261003_twostage/assets_results/v31_stage1_skel/20261001-001112-v31-stage1-skel/resolved_config.json,True,0,,0,,,,,,,,,,,,,,,DiT-2Cond-Sp/2,64,80000,flow,data/top10_style23/shards_std,True,data/50k_v2_glyph15k/shards_std,,0.0,,True,,,7765,,12,False,,,assets/callig_script_id_map_top10.json,,False,8,0.0,,,,,0,,,,"seen:assets/eval_top10_seen_20.csv:20,strict:assets/eval_top10_strict_subset84.csv:84",assets/eval_top10_seen_20.csv,,,,,,,,0.0001,,0.9999,shards_std,,"other:seen:assets/eval_top10_seen_20.csv:20,st",True,std,False,False,True,12
_archive/20261003_twostage/assets_results/v31_stage1_skel/20261001-001606-v31-stage1-skel,_archive/20261003_twostage/assets_results/v31_stage1_skel,_archive__20261003_twostage__assets_results__v31_stage1_skel__20261001-001606-v31-stage1-skel,v31-stage1-skel,_archive/20261003_twostage/assets_results/v31_stage1_skel/20261001-001606-v31-stage1-skel/resolved_config.json,True,0,,0,,,,,,,,,,,,,,,DiT-2Cond-Sp/2,64,80000,flow,data/top10_style23/shards_std,True,data/50k_v2_glyph15k/shards_std,,0.0,,True,,,7765,,12,False,,,assets/callig_script_id_map_top10.json,,False,8,0.0,,,,,0,,,,"seen:assets/eval_top10_seen_20.csv:20,strict:assets/eval_top10_strict_subset84.csv:84",assets/eval_top10_seen_20.csv,,,,,,,,0.0001,,0.9999,shards_std,,"other:seen:assets/eval_top10_seen_20.csv:20,st",True,std,False,False,True,12
_archive/20261003_twostage/assets_results/v31_stage1_skel/20261001-001704-v31-stage1-skel,_archive/20261003_twostage/assets_results/v31_stage1_skel,_archive__20261003_twostage__assets_results__v31_stage1_skel__20261001-001704-v31-stage1-skel,v31-stage1-skel,_archive/20261003_twostage/assets_results/v31_stage1_skel/20261001-001704-v31-stage1-skel/resolved_config.json,True,0,,0,,,,,,,,,,,,,,,DiT-2Cond-Sp/2,64,80000,flow,data/top10_style23/shards_std,True,data/50k_v2_glyph15k/shards_std,,0.0,,True,,,7765,,12,False,,,assets/callig_script_id_map_top10.json,,False,8,0.0,,,,,0,,,,"seen:assets/eval_top10_seen_20.csv:20,strict:assets/eval_top10_strict_subset84.csv:84",assets/eval_top10_seen_20.csv,,,,,,,,0.0001,,0.9999,shards_std,,"other:seen:assets/eval_top10_seen_20.csv:20,st",True,std,False,False,True,12
_archive/20261003_twostage/assets_results/v31_stage1_skel/20261001-002005-v31-stage1-skel,_archive/20261003_twostage/assets_results/v31_stage1_skel,_archive__20261003_twostage__assets_results__v31_stage1_skel__20261001-002005-v31-stage1-skel,v31-stage1-skel,_archive/20261003_twostage/assets_results/v31_stage1_skel/20261001-002005-v31-stage1-skel/resolved_config.json,True,0,,0,,,,,,,,,,,,,,,DiT-2Cond-Sp/2,64,80000,flow,data/top10_style23/shards_std,True,data/50k_v2_glyph15k/shards_std,,0.0,,True,,,7765,,12,False,,,assets/callig_script_id_map_top10.json,,False,8,0.0,,,,,0,,,,"seen:assets/eval_top10_seen_20.csv:20,strict:assets/eval_top10_strict_subset84.csv:84",assets/eval_top10_seen_20.csv,,,,,,,,0.0001,,0.9999,shards_std,,"other:seen:assets/eval_top10_seen_20.csv:20,st",True,std,False,False,True,12
_archive/20261003_twostage/assets_results/v31_stage1_skel/20261001-002205-v31-stage1-skel,_archive/20261003_twostage/assets_results/v31_stage1_skel,_archive__20261003_twostage__assets_results__v31_stage1_skel__20261001-002205-v31-stage1-skel,v31-stage1-skel,_archive/20261003_twostage/assets_results/v31_stage1_skel/20261001-002205-v31-stage1-skel/resolved_config.json,True,0,,0,,,,,,,,,,,,,,,DiT-2Cond-S/2,128,80000,flow,data/top10_style23/shards_std,True,data/50k_v2_glyph15k/shards_std,,0.0,,True,,,7765,,4,False,,,assets/callig_script_id_map_top10.json,,False,8,0.0,,,,,0,,,,"seen:assets/eval_top10_seen_20.csv:20,strict:assets/eval_top10_strict_subset84.csv:84",assets/eval_top10_seen_20.csv,,,,,,,,0.0005,,0.9999,shards_std,,"other:seen:assets/eval_top10_seen_20.csv:20,st",True,std,False,False,True,4
_archive/20261003_twostage/assets_results/v31_stage1_skel/20261001-002408-v31-stage1-skel,_archive/20261003_twostage/assets_results/v31_stage1_skel,_archive__20261003_twostage__assets_results__v31_stage1_skel__20261001-002408-v31-stage1-skel,v31-stage1-skel,_archive/20261003_twostage/assets_results/v31_stage1_skel/20261001-002408-v31-stage1-skel/resolved_config.json,True,2,5000,0,,,,,,,,,,,,,,,DiT-2Cond-S/2,128,80000,flow,data/top10_style23/shards_std,True,data/50k_v2_glyph15k/shards_std,,0.0,,True,,,7765,,4,False,,,assets/callig_script_id_map_top10.json,,False,8,0.0,,,,,0,,,,"seen:assets/eval_top10_seen_20.csv:20,strict:assets/eval_top10_strict_subset84.csv:84",assets/eval_top10_seen_20.csv,,,,,,,,0.0005,,0.9999,shards_std,,"other:seen:assets/eval_top10_seen_20.csv:20,st",True,std,False,False,True,4
_archive/20261003_twostage/assets_results/v31_stage1_skel/20261001-003253-v31-stage1-skel,_archive/20261003_twostage/assets_results/v31_stage1_skel,_archive__20261003_twostage__assets_results__v31_stage1_skel__20261001-003253-v31-stage1-skel,v31-stage1-skel,_archive/20261003_twostage/assets_results/v31_stage1_skel/20261001-003253-v31-stage1-skel/resolved_config.json,True,0,,0,,,,,,,,,,,,,,,DiT-2Cond-S/2,256,40000,flow,data/top10_style23/shards_std,True,data/50k_v2_glyph15k/shards_std,,0.0,,True,,,7765,,4,False,,,assets/callig_script_id_map_top10.json,,False,8,0.0,,,,,0,,,,"seen:assets/eval_top10_seen_20.csv:20,strict:assets/eval_top10_strict_subset84.csv:84",assets/eval_top10_seen_20.csv,,,,,,,,0.0005,,0.9999,shards_std,,"other:seen:assets/eval_top10_seen_20.csv:20,st",True,std,False,False,True,4
_archive/20261003_twostage/assets_results/v31_stage1_skel/20261001-005831-v31-stage1-skel,_archive/20261003_twostage/assets_results/v31_stage1_skel,_archive__20261003_twostage__assets_results__v31_stage1_skel__20261001-005831-v31-stage1-skel,v31-stage1-skel,_archive/20261003_twostage/assets_results/v31_stage1_skel/20261001-005831-v31-stage1-skel/resolved_config.json,True,32,80000,0,,,,,,,,,,,,,,,DiT-2Cond-S/2,384,80000,flow,data/top10_style23/shards_std,True,data/50k_v2_glyph15k/shards_std,,0.0,,True,,,7765,,4,False,,,assets/callig_script_id_map_top10.json,,False,8,0.0,,,,,0,,,,"seen:assets/eval_top10_seen_20.csv:20,strict:assets/eval_top10_strict_subset84.csv:84",assets/eval_top10_seen_20.csv,,,,,,,,0.0005,,0.9999,shards_std,,"other:seen:assets/eval_top10_seen_20.csv:20,st",True,std,False,False,True,4
_archive/20261003_twostage/assets_results/v32_stage2_img/20261001-001122-v32-stage2-img,_archive/20261003_twostage/assets_results/v32_stage2_img,_archive__20261003_twostage__assets_results__v32_stage2_img__20261001-001122-v32-stage2-img,v32-stage2-img,_archive/20261003_twostage/assets_results/v32_stage2_img/20261001-001122-v32-stage2-img/resolved_config.json,True,0,,0,,,,,,,,,,,,,,,DiT-2Cond-S/2,320,80000,flow,data/top10_style23/shards_aux_skel3,True,data/top10_style23/gt_skel_eval_strict84,,0.0,,True,,,7765,,4,False,,,assets/callig_script_id_map_top10.json,,False,8,0.0,,,,,0,,,,"seen:assets/eval_top10_seen_20.csv:20,strict:assets/eval_top10_strict_subset84.csv:84,seen_pred:assets/eval_top10_seen_20.csv:20,strict_pred:assets/eval_top10_strict_subset84.csv:84",assets/eval_top10_seen_20.csv,,,,,,,,0.0005,,0.9999,shards_aux_skel3,,"other:seen:assets/eval_top10_seen_20.csv:20,st",True,other,False,False,True,4
_archive/20261003_twostage/assets_results/v32_stage2_img/20261001-001616-v32-stage2-img,_archive/20261003_twostage/assets_results/v32_stage2_img,_archive__20261003_twostage__assets_results__v32_stage2_img__20261001-001616-v32-stage2-img,v32-stage2-img,_archive/20261003_twostage/assets_results/v32_stage2_img/20261001-001616-v32-stage2-img/resolved_config.json,True,0,,0,,,,,,,,,,,,,,,DiT-2Cond-S/2,320,80000,flow,data/top10_style23/shards_aux_skel3,True,data/top10_style23/gt_skel_eval_strict84,,0.0,,True,,,7765,,4,False,,,assets/callig_script_id_map_top10.json,,False,8,0.0,,,,,0,,,,"seen:assets/eval_top10_seen_20.csv:20,strict:assets/eval_top10_strict_subset84.csv:84,seen_pred:assets/eval_top10_seen_20.csv:20,strict_pred:assets/eval_top10_strict_subset84.csv:84",assets/eval_top10_seen_20.csv,,,,,,,,0.0005,,0.9999,shards_aux_skel3,,"other:seen:assets/eval_top10_seen_20.csv:20,st",True,other,False,False,True,4
_archive/20261003_twostage/assets_results/v32_stage2_img/20261001-001714-v32-stage2-img,_archive/20261003_twostage/assets_results/v32_stage2_img,_archive__20261003_twostage__assets_results__v32_stage2_img__20261001-001714-v32-stage2-img,v32-stage2-img,_archive/20261003_twostage/assets_results/v32_stage2_img/20261001-001714-v32-stage2-img/resolved_config.json,True,0,,0,,,,,,,,,,,,,,,DiT-2Cond-S/2,320,80000,flow,data/top10_style23/shards_aux_skel3,True,data/top10_style23/gt_skel_eval_strict84,,0.0,,True,,,7765,,4,False,,,assets/callig_script_id_map_top10.json,,False,8,0.0,,,,,0,,,,"seen:assets/eval_top10_seen_20.csv:20,strict:assets/eval_top10_strict_subset84.csv:84,seen_pred:assets/eval_top10_seen_20.csv:20,strict_pred:assets/eval_top10_strict_subset84.csv:84",assets/eval_top10_seen_20.csv,,,,,,,,0.0005,,0.9999,shards_aux_skel3,,"other:seen:assets/eval_top10_seen_20.csv:20,st",True,other,False,False,True,4
_archive/20261003_twostage/assets_results/v32_stage2_img/20261001-062933-v32-stage2-img,_archive/20261003_twostage/assets_results/v32_stage2_img,_archive__20261003_twostage__assets_results__v32_stage2_img__20261001-062933-v32-stage2-img,v32-stage2-img,_archive/20261003_twostage/assets_results/v32_stage2_img/20261001-062933-v32-stage2-img/resolved_config.json,True,10,80000,0,,,,,,,,,,,,,,,DiT-2Cond-S/2,384,80000,flow,data/top10_style23/shards_aux_skel3,True,data/top10_style23/gt_skel_eval_strict84,,0.0,,True,,,7765,,4,False,,,assets/callig_script_id_map_top10.json,,False,8,0.0,,,,,0,,,,"seen:assets/eval_top10_seen_20.csv:20,strict:assets/eval_top10_strict_subset84.csv:84,seen_pred:assets/eval_top10_seen_20.csv:20,strict_pred:assets/eval_top10_strict_subset84.csv:84",assets/eval_top10_seen_20.csv,,,,,,,,0.0005,,0.9999,shards_aux_skel3,,"other:seen:assets/eval_top10_seen_20.csv:20,st",True,other,False,False,True,4
_archive/20261003_twostage/assets_results/v33_stage1_xs/20261001-112921-v33-stage1-xs,_archive/20261003_twostage/assets_results/v33_stage1_xs,_archive__20261003_twostage__assets_results__v33_stage1_xs__20261001-112921-v33-stage1-xs,v33-stage1-xs,_archive/20261003_twostage/assets_results/v33_stage1_xs/20261001-112921-v33-stage1-xs/resolved_config.json,True,0,,0,,,,,,,,,,,,,,,DiT-2Cond-XS6/2,448,80000,flow,data/top10_style23/shards_std,True,data/50k_v2_glyph15k/shards_std,,0.0,,True,,,7765,,4,False,,,assets/callig_script_id_map_top10.json,,False,8,0.0,,,,,0,,,,"seen:assets/eval_top10_seen_20.csv:20,strict:assets/eval_top10_strict_subset84.csv:84",assets/eval_top10_seen_20.csv,,,,,,,,0.0005,,0.9999,shards_std,,"other:seen:assets/eval_top10_seen_20.csv:20,st",True,std,False,False,True,4
_archive/20261003_twostage/assets_results/v33_stage1_xs/20261001-113156-v33-stage1-xs,_archive/20261003_twostage/assets_results/v33_stage1_xs,_archive__20261003_twostage__assets_results__v33_stage1_xs__20261001-113156-v33-stage1-xs,v33-stage1-xs,_archive/20261003_twostage/assets_results/v33_stage1_xs/20261001-113156-v33-stage1-xs/resolved_config.json,True,12,30000,0,,,,,,,,,,,,,,,DiT-2Cond-XS6/2,768,80000,flow,data/top10_style23/shards_std,True,data/50k_v2_glyph15k/shards_std,,0.0,,True,,,7765,,4,False,,,assets/callig_script_id_map_top10.json,,False,8,0.0,,,,,0,,,,"seen:assets/eval_top10_seen_20.csv:20,strict:assets/eval_top10_strict_subset84.csv:84",assets/eval_top10_seen_20.csv,,,,,,,,0.0005,,0.9999,shards_std,,"other:seen:assets/eval_top10_seen_20.csv:20,st",True,std,False,False,True,4
_archive/20261003_twostage/misc/joint_g2img,_archive/20261003_twostage/misc/joint_g2img,_archive__20261003_twostage__misc__joint_g2img,,,False,0,,0,,,,,,,,,,,,,,,,,,,,,,,,,,,,,,,,,,,,,,,,,,,,,,,,,,,,,,,,,,,,,"unknown(老 run, 见 eval_auto json)",False,-,False,True,False,0
_archive/20261003_twostage/v26_gtskel/20260929-092156-v26-gtskel,_archive/20261003_twostage/v26_gtskel,_archive__20261003_twostage__v26_gtskel__20260929-092156-v26-gtskel,v26-gtskel,_archive/20261003_twostage/v26_gtskel/20260929-092156-v26-gtskel/resolved_config.json,True,0,,0,,,,,,,,,,,,,,,DiT-2Cond-S/2,320,150000,flow,data/top10_style23/shards_aux_skel3,True,data/top10_style23/gt_skel_eval_strict84,,0.0,,True,,,7765,,4,False,,,assets/callig_script_id_map_top10.json,,False,8,0.0,,,,,0,,,,"seen:assets/eval_top10_seen_20.csv:20,strict:assets/eval_top10_strict_subset84.csv:84",assets/eval_top10_seen_20.csv,,,,,,,,0.0005,,0.9999,shards_aux_skel3,,"other:seen:assets/eval_top10_seen_20.csv:20,st",True,other,False,False,True,4
_archive/20261003_twostage/v26_gtskel/20260929-093202-v26-gtskel,_archive/20261003_twostage/v26_gtskel,_archive__20261003_twostage__v26_gtskel__20260929-093202-v26-gtskel,v26-gtskel,_archive/20261003_twostage/v26_gtskel/20260929-093202-v26-gtskel/resolved_config.json,True,1,5000,0,,,,,,,,,,,,,,,DiT-2Cond-S/2,320,150000,flow,data/top10_style23/shards_aux_skel3,True,data/top10_style23/gt_skel_eval_strict84,,0.0,,True,,,7765,,4,False,,,assets/callig_script_id_map_top10.json,,False,8,0.0,,,,,0,,,,"seen:assets/eval_top10_seen_20.csv:20,strict:assets/eval_top10_strict_subset84.csv:84,seen_pred:assets/eval_top10_seen_20.csv:20,strict_pred:assets/eval_top10_strict_subset84.csv:84",assets/eval_top10_seen_20.csv,,,,,,,,0.0005,,0.9999,shards_aux_skel3,,"other:seen:assets/eval_top10_seen_20.csv:20,st",True,other,False,False,True,4
_archive/20261003_twostage/v26_gtskel/20260929-102909-v26-gtskel,_archive/20261003_twostage/v26_gtskel,_archive__20261003_twostage__v26_gtskel__20260929-102909-v26-gtskel,v26-gtskel,_archive/20261003_twostage/v26_gtskel/20260929-102909-v26-gtskel/resolved_config.json,True,0,,0,,,,,,,,,,,,,,,DiT-2Cond-S/2,320,150000,flow,data/top10_style23/shards_aux_skel3,True,data/top10_style23/gt_skel_eval_strict84,,0.0,,True,,,7765,,4,False,,,assets/callig_script_id_map_top10.json,,False,8,0.0,,,,,0,,,,"seen:assets/eval_top10_seen_20.csv:20,strict:assets/eval_top10_strict_subset84.csv:84,seen_pred:assets/eval_top10_seen_20.csv:20,strict_pred:assets/eval_top10_strict_subset84.csv:84",assets/eval_top10_seen_20.csv,,,,,,,,0.0005,,0.9999,shards_aux_skel3,,"other:seen:assets/eval_top10_seen_20.csv:20,st",True,other,False,False,True,4
_archive/20261003_twostage/v26_gtskel/20260929-103927-v26-gtskel,_archive/20261003_twostage/v26_gtskel,_archive__20261003_twostage__v26_gtskel__20260929-103927-v26-gtskel,v26-gtskel,_archive/20261003_twostage/v26_gtskel/20260929-103927-v26-gtskel/resolved_config.json,True,5,30000,0,,,,,,,,,,,,,,,DiT-2Cond-S/2,320,60000,flow,data/top10_style23/shards_aux_skel3,True,data/top10_style23/gt_skel_eval_strict84,,0.0,,True,,,7765,,4,False,,,assets/callig_script_id_map_top10.json,,False,8,0.0,,,,,0,,,,"seen:assets/eval_top10_seen_20.csv:20,strict:assets/eval_top10_strict_subset84.csv:84,seen_pred:assets/eval_top10_seen_20.csv:20,strict_pred:assets/eval_top10_strict_subset84.csv:84",assets/eval_top10_seen_20.csv,,,,,,,,0.0005,,0.9999,shards_aux_skel3,,"other:seen:assets/eval_top10_seen_20.csv:20,st",True,other,False,False,True,4
_archive/20261003_twostage/v31_stage1_skel/20261001-001112-v31-stage1-skel,_archive/20261003_twostage/v31_stage1_skel,_archive__20261003_twostage__v31_stage1_skel__20261001-001112-v31-stage1-skel,v31-stage1-skel,_archive/20261003_twostage/v31_stage1_skel/20261001-001112-v31-stage1-skel/resolved_config.json,True,0,,0,,,,,,,,,,,,,,,DiT-2Cond-Sp/2,64,80000,flow,data/top10_style23/shards_std,True,data/50k_v2_glyph15k/shards_std,,0.0,,True,,,7765,,12,False,,,assets/callig_script_id_map_top10.json,,False,8,0.0,,,,,0,,,,"seen:assets/eval_top10_seen_20.csv:20,strict:assets/eval_top10_strict_subset84.csv:84",assets/eval_top10_seen_20.csv,,,,,,,,0.0001,,0.9999,shards_std,,"other:seen:assets/eval_top10_seen_20.csv:20,st",True,std,False,False,True,12
_archive/20261003_twostage/v31_stage1_skel/20261001-001606-v31-stage1-skel,_archive/20261003_twostage/v31_stage1_skel,_archive__20261003_twostage__v31_stage1_skel__20261001-001606-v31-stage1-skel,v31-stage1-skel,_archive/20261003_twostage/v31_stage1_skel/20261001-001606-v31-stage1-skel/resolved_config.json,True,0,,0,,,,,,,,,,,,,,,DiT-2Cond-Sp/2,64,80000,flow,data/top10_style23/shards_std,True,data/50k_v2_glyph15k/shards_std,,0.0,,True,,,7765,,12,False,,,assets/callig_script_id_map_top10.json,,False,8,0.0,,,,,0,,,,"seen:assets/eval_top10_seen_20.csv:20,strict:assets/eval_top10_strict_subset84.csv:84",assets/eval_top10_seen_20.csv,,,,,,,,0.0001,,0.9999,shards_std,,"other:seen:assets/eval_top10_seen_20.csv:20,st",True,std,False,False,True,12
_archive/20261003_twostage/v31_stage1_skel/20261001-001704-v31-stage1-skel,_archive/20261003_twostage/v31_stage1_skel,_archive__20261003_twostage__v31_stage1_skel__20261001-001704-v31-stage1-skel,v31-stage1-skel,_archive/20261003_twostage/v31_stage1_skel/20261001-001704-v31-stage1-skel/resolved_config.json,True,0,,0,,,,,,,,,,,,,,,DiT-2Cond-Sp/2,64,80000,flow,data/top10_style23/shards_std,True,data/50k_v2_glyph15k/shards_std,,0.0,,True,,,7765,,12,False,,,assets/callig_script_id_map_top10.json,,False,8,0.0,,,,,0,,,,"seen:assets/eval_top10_seen_20.csv:20,strict:assets/eval_top10_strict_subset84.csv:84",assets/eval_top10_seen_20.csv,,,,,,,,0.0001,,0.9999,shards_std,,"other:seen:assets/eval_top10_seen_20.csv:20,st",True,std,False,False,True,12
_archive/20261003_twostage/v31_stage1_skel/20261001-002005-v31-stage1-skel,_archive/20261003_twostage/v31_stage1_skel,_archive__20261003_twostage__v31_stage1_skel__20261001-002005-v31-stage1-skel,v31-stage1-skel,_archive/20261003_twostage/v31_stage1_skel/20261001-002005-v31-stage1-skel/resolved_config.json,True,0,,0,,,,,,,,,,,,,,,DiT-2Cond-Sp/2,64,80000,flow,data/top10_style23/shards_std,True,data/50k_v2_glyph15k/shards_std,,0.0,,True,,,7765,,12,False,,,assets/callig_script_id_map_top10.json,,False,8,0.0,,,,,0,,,,"seen:assets/eval_top10_seen_20.csv:20,strict:assets/eval_top10_strict_subset84.csv:84",assets/eval_top10_seen_20.csv,,,,,,,,0.0001,,0.9999,shards_std,,"other:seen:assets/eval_top10_seen_20.csv:20,st",True,std,False,False,True,12
_archive/20261003_twostage/v31_stage1_skel/20261001-002205-v31-stage1-skel,_archive/20261003_twostage/v31_stage1_skel,_archive__20261003_twostage__v31_stage1_skel__20261001-002205-v31-stage1-skel,v31-stage1-skel,_archive/20261003_twostage/v31_stage1_skel/20261001-002205-v31-stage1-skel/resolved_config.json,True,0,,0,,,,,,,,,,,,,,,DiT-2Cond-S/2,128,80000,flow,data/top10_style23/shards_std,True,data/50k_v2_glyph15k/shards_std,,0.0,,True,,,7765,,4,False,,,assets/callig_script_id_map_top10.json,,False,8,0.0,,,,,0,,,,"seen:assets/eval_top10_seen_20.csv:20,strict:assets/eval_top10_strict_subset84.csv:84",assets/eval_top10_seen_20.csv,,,,,,,,0.0005,,0.9999,shards_std,,"other:seen:assets/eval_top10_seen_20.csv:20,st",True,std,False,False,True,4
_archive/20261003_twostage/v31_stage1_skel/20261001-002408-v31-stage1-skel,_archive/20261003_twostage/v31_stage1_skel,_archive__20261003_twostage__v31_stage1_skel__20261001-002408-v31-stage1-skel,v31-stage1-skel,_archive/20261003_twostage/v31_stage1_skel/20261001-002408-v31-stage1-skel/resolved_config.json,True,2,5000,0,,,,,,,,,,,,,,,DiT-2Cond-S/2,128,80000,flow,data/top10_style23/shards_std,True,data/50k_v2_glyph15k/shards_std,,0.0,,True,,,7765,,4,False,,,assets/callig_script_id_map_top10.json,,False,8,0.0,,,,,0,,,,"seen:assets/eval_top10_seen_20.csv:20,strict:assets/eval_top10_strict_subset84.csv:84",assets/eval_top10_seen_20.csv,,,,,,,,0.0005,,0.9999,shards_std,,"other:seen:assets/eval_top10_seen_20.csv:20,st",True,std,False,False,True,4
_archive/20261003_twostage/v31_stage1_skel/20261001-003253-v31-stage1-skel,_archive/20261003_twostage/v31_stage1_skel,_archive__20261003_twostage__v31_stage1_skel__20261001-003253-v31-stage1-skel,v31-stage1-skel,_archive/20261003_twostage/v31_stage1_skel/20261001-003253-v31-stage1-skel/resolved_config.json,True,0,,0,,,,,,,,,,,,,,,DiT-2Cond-S/2,256,40000,flow,data/top10_style23/shards_std,True,data/50k_v2_glyph15k/shards_std,,0.0,,True,,,7765,,4,False,,,assets/callig_script_id_map_top10.json,,False,8,0.0,,,,,0,,,,"seen:assets/eval_top10_seen_20.csv:20,strict:assets/eval_top10_strict_subset84.csv:84",assets/eval_top10_seen_20.csv,,,,,,,,0.0005,,0.9999,shards_std,,"other:seen:assets/eval_top10_seen_20.csv:20,st",True,std,False,False,True,4
_archive/20261003_twostage/v31_stage1_skel/20261001-005831-v31-stage1-skel,_archive/20261003_twostage/v31_stage1_skel,_archive__20261003_twostage__v31_stage1_skel__20261001-005831-v31-stage1-skel,v31-stage1-skel,_archive/20261003_twostage/v31_stage1_skel/20261001-005831-v31-stage1-skel/resolved_config.json,True,32,80000,0,,,,,,,,,,,,,,,DiT-2Cond-S/2,384,80000,flow,data/top10_style23/shards_std,True,data/50k_v2_glyph15k/shards_std,,0.0,,True,,,7765,,4,False,,,assets/callig_script_id_map_top10.json,,False,8,0.0,,,,,0,,,,"seen:assets/eval_top10_seen_20.csv:20,strict:assets/eval_top10_strict_subset84.csv:84",assets/eval_top10_seen_20.csv,,,,,,,,0.0005,,0.9999,shards_std,,"other:seen:assets/eval_top10_seen_20.csv:20,st",True,std,False,False,True,4
_archive/20261003_twostage/v32_stage2_img/20261001-001122-v32-stage2-img,_archive/20261003_twostage/v32_stage2_img,_archive__20261003_twostage__v32_stage2_img__20261001-001122-v32-stage2-img,v32-stage2-img,_archive/20261003_twostage/v32_stage2_img/20261001-001122-v32-stage2-img/resolved_config.json,True,0,,0,,,,,,,,,,,,,,,DiT-2Cond-S/2,320,80000,flow,data/top10_style23/shards_aux_skel3,True,data/top10_style23/gt_skel_eval_strict84,,0.0,,True,,,7765,,4,False,,,assets/callig_script_id_map_top10.json,,False,8,0.0,,,,,0,,,,"seen:assets/eval_top10_seen_20.csv:20,strict:assets/eval_top10_strict_subset84.csv:84,seen_pred:assets/eval_top10_seen_20.csv:20,strict_pred:assets/eval_top10_strict_subset84.csv:84",assets/eval_top10_seen_20.csv,,,,,,,,0.0005,,0.9999,shards_aux_skel3,,"other:seen:assets/eval_top10_seen_20.csv:20,st",True,other,False,False,True,4
_archive/20261003_twostage/v32_stage2_img/20261001-001616-v32-stage2-img,_archive/20261003_twostage/v32_stage2_img,_archive__20261003_twostage__v32_stage2_img__20261001-001616-v32-stage2-img,v32-stage2-img,_archive/20261003_twostage/v32_stage2_img/20261001-001616-v32-stage2-img/resolved_config.json,True,0,,0,,,,,,,,,,,,,,,DiT-2Cond-S/2,320,80000,flow,data/top10_style23/shards_aux_skel3,True,data/top10_style23/gt_skel_eval_strict84,,0.0,,True,,,7765,,4,False,,,assets/callig_script_id_map_top10.json,,False,8,0.0,,,,,0,,,,"seen:assets/eval_top10_seen_20.csv:20,strict:assets/eval_top10_strict_subset84.csv:84,seen_pred:assets/eval_top10_seen_20.csv:20,strict_pred:assets/eval_top10_strict_subset84.csv:84",assets/eval_top10_seen_20.csv,,,,,,,,0.0005,,0.9999,shards_aux_skel3,,"other:seen:assets/eval_top10_seen_20.csv:20,st",True,other,False,False,True,4
_archive/20261003_twostage/v32_stage2_img/20261001-001714-v32-stage2-img,_archive/20261003_twostage/v32_stage2_img,_archive__20261003_twostage__v32_stage2_img__20261001-001714-v32-stage2-img,v32-stage2-img,_archive/20261003_twostage/v32_stage2_img/20261001-001714-v32-stage2-img/resolved_config.json,True,0,,0,,,,,,,,,,,,,,,DiT-2Cond-S/2,320,80000,flow,data/top10_style23/shards_aux_skel3,True,data/top10_style23/gt_skel_eval_strict84,,0.0,,True,,,7765,,4,False,,,assets/callig_script_id_map_top10.json,,False,8,0.0,,,,,0,,,,"seen:assets/eval_top10_seen_20.csv:20,strict:assets/eval_top10_strict_subset84.csv:84,seen_pred:assets/eval_top10_seen_20.csv:20,strict_pred:assets/eval_top10_strict_subset84.csv:84",assets/eval_top10_seen_20.csv,,,,,,,,0.0005,,0.9999,shards_aux_skel3,,"other:seen:assets/eval_top10_seen_20.csv:20,st",True,other,False,False,True,4
_archive/20261003_twostage/v32_stage2_img/20261001-062933-v32-stage2-img,_archive/20261003_twostage/v32_stage2_img,_archive__20261003_twostage__v32_stage2_img__20261001-062933-v32-stage2-img,v32-stage2-img,_archive/20261003_twostage/v32_stage2_img/20261001-062933-v32-stage2-img/resolved_config.json,True,10,80000,0,,,,,,,,,,,,,,,DiT-2Cond-S/2,384,80000,flow,data/top10_style23/shards_aux_skel3,True,data/top10_style23/gt_skel_eval_strict84,,0.0,,True,,,7765,,4,False,,,assets/callig_script_id_map_top10.json,,False,8,0.0,,,,,0,,,,"seen:assets/eval_top10_seen_20.csv:20,strict:assets/eval_top10_strict_subset84.csv:84,seen_pred:assets/eval_top10_seen_20.csv:20,strict_pred:assets/eval_top10_strict_subset84.csv:84",assets/eval_top10_seen_20.csv,,,,,,,,0.0005,,0.9999,shards_aux_skel3,,"other:seen:assets/eval_top10_seen_20.csv:20,st",True,other,False,False,True,4
_archive/20261003_twostage/v34_stage2_mix25/20261001-220019-v34_stage2_mix25,_archive/20261003_twostage/v34_stage2_mix25,_archive__20261003_twostage__v34_stage2_mix25__20261001-220019-v34_stage2_mix25,v34_stage2_mix25,_archive/20261003_twostage/v34_stage2_mix25/20261001-220019-v34_stage2_mix25/resolved_config.json,True,6,30000,0,,,,,,,,,,,,,,,DiT-2Cond-S/2,384,60000,flow,data/top10_style23/shards_aux_skel3,True,data/top10_style23/gt_skel_eval_strict84,,0.0,,True,,,7765,,4,False,,,assets/callig_script_id_map_top10.json,,False,8,0.0,,,,,0,,,,"seen:assets/eval_top10_seen_20.csv:20,strict:assets/eval_top10_strict_subset84.csv:84,seen_pred:assets/eval_top10_seen_20.csv:20,strict_pred:assets/eval_top10_strict_subset84.csv:84",assets/eval_top10_seen_20.csv,,,,,,,,0.0005,,0.9999,shards_aux_skel3,,"other:seen:assets/eval_top10_seen_20.csv:20,st",True,other,False,False,True,4
_archive/20261003_twostage/v35_union/20261002-003600-v35-union-1step,_archive/20261003_twostage/v35_union,_archive__20261003_twostage__v35_union__20261002-003600-v35-union-1step,v35-union-1step,_archive/20261003_twostage/v35_union/20261002-003600-v35-union-1step/resolved_config.json,True,10,10000,0,,,,,,,,,,,,,,,,,10000,,,,,,,,,,,,,,,,,,,,,,,,,,,,,,,,,,,,,,,,,0.9999,,,"unknown(老 run, 见 eval_auto json)",False,-,False,True,False,0
_archive/20261003_twostage/v36_stage1_skel_w7/20261002-030936-v36_stage1_skel_w7,_archive/20261003_twostage/v36_stage1_skel_w7,_archive__20261003_twostage__v36_stage1_skel_w7__20261002-030936-v36_stage1_skel_w7,v36_stage1_skel_w7,_archive/20261003_twostage/v36_stage1_skel_w7/20261002-030936-v36_stage1_skel_w7/resolved_config.json,True,12,60000,0,,,,,,,,,,,,,,,DiT-2Cond-S/2,384,60000,flow,data/top10_style23/shards_std_w7,True,data/top10_style23/std_eval_strict84_w7,,0.0,,True,,,7765,,4,False,,,assets/callig_script_id_map_top10.json,,False,8,0.0,,,,,0,,,,"seen:assets/eval_top10_seen_20.csv:20,strict:assets/eval_top10_strict_subset84.csv:84",assets/eval_top10_seen_20.csv,,,,,,,,0.0005,,0.9999,shards_std_w7,,"other:seen:assets/eval_top10_seen_20.csv:20,st",True,std,False,False,True,4
_archive/20261003_twostage/v36_union_w7/20261002-070638-v36-union-w7,_archive/20261003_twostage/v36_union_w7,_archive__20261003_twostage__v36_union_w7__20261002-070638-v36-union-w7,v36-union-w7,_archive/20261003_twostage/v36_union_w7/20261002-070638-v36-union-w7/resolved_config.json,True,10,10000,0,,,,,,,,,,,,,,,,,10000,,,,,,,,,,,,,,,,,,,,,,,,,,,,,,,,,,,,,,,,,0.9999,,,"unknown(老 run, 见 eval_auto json)",False,-,False,True,False,0
_archive/20261003_twostage/v37_skelnet_sp/20261002-120746-v37-sp-heavyaug,_archive/20261003_twostage/v37_skelnet_sp,_archive__20261003_twostage__v37_skelnet_sp__20261002-120746-v37-sp-heavyaug,v37-sp-heavyaug,_archive/20261003_twostage/v37_skelnet_sp/20261002-120746-v37-sp-heavyaug/resolved_config.json,True,0,,0,,,,,,,,,,,,,,,,,50000,,,,,,,,,,,,,,,,,,,,,,,,,,,,,,,,,,,,,,,0.0003,,0.9999,,,"unknown(老 run, 见 eval_auto json)",False,-,False,True,False,0
_archive/20261003_twostage/v37_skelnet_sp/20261002-121032-v37-sp-heavyaug,_archive/20261003_twostage/v37_skelnet_sp,_archive__20261003_twostage__v37_skelnet_sp__20261002-121032-v37-sp-heavyaug,v37-sp-heavyaug,_archive/20261003_twostage/v37_skelnet_sp/20261002-121032-v37-sp-heavyaug/resolved_config.json,True,0,,0,,,,,,,,,,,,,,,,,50000,,,,,,,,,,,,,,,,,,,,,,,,,,,,,,,,,,,,,,,0.0003,,0.9999,,,"unknown(老 run, 见 eval_auto json)",False,-,False,True,False,0
_archive/20261003_twostage/v37_skelnet_sp/20261002-121108-v37-sp-heavyaug,_archive/20261003_twostage/v37_skelnet_sp,_archive__20261003_twostage__v37_skelnet_sp__20261002-121108-v37-sp-heavyaug,v37-sp-heavyaug,_archive/20261003_twostage/v37_skelnet_sp/20261002-121108-v37-sp-heavyaug/resolved_config.json,True,1,10,0,,,,,,,,,,,,,,,,,50000,,,,,,,,,,,,,,,,,,,,,,,,,,,,,,,,,,,,,,,0.0003,,0.9999,,,"unknown(老 run, 见 eval_auto json)",False,-,False,True,False,0
_archive/20261003_twostage/v37_skelnet_sp/20261002-123305-v37-sp-real26k,_archive/20261003_twostage/v37_skelnet_sp,_archive__20261003_twostage__v37_skelnet_sp__20261002-123305-v37-sp-real26k,v37-sp-real26k,_archive/20261003_twostage/v37_skelnet_sp/20261002-123305-v37-sp-real26k/resolved_config.json,True,0,,0,,,,,,,,,,,,,,,,,50000,,,,,,,,,,,,,,,,,,,,,,,,,,,,,,,,,,,,,,,0.0003,,0.9999,,,"unknown(老 run, 见 eval_auto json)",False,-,False,True,False,0
_archive/20261003_twostage/v37_skelnet_sp/20261002-123336-v37-sp-real26k,_archive/20261003_twostage/v37_skelnet_sp,_archive__20261003_twostage__v37_skelnet_sp__20261002-123336-v37-sp-real26k,v37-sp-real26k,_archive/20261003_twostage/v37_skelnet_sp/20261002-123336-v37-sp-real26k/resolved_config.json,True,1,10,0,,,,,,,,,,,,,,,,,50000,,,,,,,,,,,,,,,,,,,,,,,,,,,,,,,,,,,,,,,0.0003,,0.9999,,,"unknown(老 run, 见 eval_auto json)",False,-,False,True,False,0
_archive/20261003_twostage/v37_skelnet_sp/20261002-123425-v37-sp-real26k,_archive/20261003_twostage/v37_skelnet_sp,_archive__20261003_twostage__v37_skelnet_sp__20261002-123425-v37-sp-real26k,v37-sp-real26k,_archive/20261003_twostage/v37_skelnet_sp/20261002-123425-v37-sp-real26k/resolved_config.json,True,1,10,0,,,,,,,,,,,,,,,,,50000,,,,,,,,,,,,,,,,,,,,,,,,,,,,,,,,,,,,,,,0.0003,,0.9999,,,"unknown(老 run, 见 eval_auto json)",False,-,False,True,False,0
_archive/20261003_twostage/v37_skelnet_sp/20261002-123708-v37-sp-real26k,_archive/20261003_twostage/v37_skelnet_sp,_archive__20261003_twostage__v37_skelnet_sp__20261002-123708-v37-sp-real26k,v37-sp-real26k,_archive/20261003_twostage/v37_skelnet_sp/20261002-123708-v37-sp-real26k/resolved_config.json,True,1,10,0,,,,,,,,,,,,,,,,,50000,,,,,,,,,,,,,,,,,,,,,,,,,,,,,,,,,,,,,,,0.0003,,0.9999,,,"unknown(老 run, 见 eval_auto json)",False,-,False,True,False,0
_archive/20261003_twostage/v37_skelnet_sp/20261002-123800-v37-sp-real26k,_archive/20261003_twostage/v37_skelnet_sp,_archive__20261003_twostage__v37_skelnet_sp__20261002-123800-v37-sp-real26k,v37-sp-real26k,_archive/20261003_twostage/v37_skelnet_sp/20261002-123800-v37-sp-real26k/resolved_config.json,True,3,7500,0,,,,,,,,,,,,,,,,,50000,,,,,,,,,,,,,,,,,,,,,,,,,,,,,,,,,,,,,,,0.0003,,0.9999,,,"unknown(老 run, 见 eval_auto json)",False,-,False,True,False,0
_archive/20261003_twostage/v37_union_20g/20261002-133830-v37-union-b896-20g,_archive/20261003_twostage/v37_union_20g,_archive__20261003_twostage__v37_union_20g__20261002-133830-v37-union-b896-20g,v37-union-b896-20g,_archive/20261003_twostage/v37_union_20g/20261002-133830-v37-union-b896-20g/resolved_config.json,True,1,10,0,,,,,,,,,,,,,,,,,15000,,,,,,,,,,,,,,,,,,,,,,,,,,,,,,,,,,,,,,,,,0.999,,,"unknown(老 run, 见 eval_auto json)",False,-,False,True,False,0
_archive/20261003_twostage/v37_union_20g/20261002-133916-v37-union-b896-20g,_archive/20261003_twostage/v37_union_20g,_archive__20261003_twostage__v37_union_20g__20261002-133916-v37-union-b896-20g,v37-union-b896-20g,_archive/20261003_twostage/v37_union_20g/20261002-133916-v37-union-b896-20g/resolved_config.json,True,0,,0,,,,,,,,,,,,,,,,,15000,,,,,,,,,,,,,,,,,,,,,,,,,,,,,,,,,,,,,,,,,0.999,,,"unknown(老 run, 见 eval_auto json)",False,-,False,True,False,0
_archive/20261003_twostage/v37_union_20g/20261002-134003-v37-union-b640-20g,_archive/20261003_twostage/v37_union_20g,_archive__20261003_twostage__v37_union_20g__20261002-134003-v37-union-b640-20g,v37-union-b640-20g,_archive/20261003_twostage/v37_union_20g/20261002-134003-v37-union-b640-20g/resolved_config.json,True,0,,0,,,,,,,,,,,,,,,,,15000,,,,,,,,,,,,,,,,,,,,,,,,,,,,,,,,,,,,,,,,,0.999,,,"unknown(老 run, 见 eval_auto json)",False,-,False,True,False,0
_archive/20261003_twostage/v37_union_20g/20261002-134254-v37-union-b240-20g,_archive/20261003_twostage/v37_union_20g,_archive__20261003_twostage__v37_union_20g__20261002-134254-v37-union-b240-20g,v37-union-b240-20g,_archive/20261003_twostage/v37_union_20g/20261002-134254-v37-union-b240-20g/resolved_config.json,True,2,2000,0,,,,,,,,,,,,,,,,,15000,,,,,,,,,,,,,,,,,,,,,,,,,,,,,,,,,,,,,,,,,0.999,,,"unknown(老 run, 见 eval_auto json)",False,-,False,True,False,0
_archive/20261003_twostage/v38_skelnet_s2_pure/20261002-142641-v38-s2-pure-b1440-20g,_archive/20261003_twostage/v38_skelnet_s2_pure,_archive__20261003_twostage__v38_skelnet_s2_pure__20261002-142641-v38-s2-pure-b1440-20g,v38-s2-pure-b1440-20g,_archive/20261003_twostage/v38_skelnet_s2_pure/20261002-142641-v38-s2-pure-b1440-20g/resolved_config.json,True,1,10,0,,,,,,,,,,,,,,,,,20000,,,,,,,,,,,,,,,,,,,,,,,,,,,,,,,,,,,,,,,0.0005,,0.999,,,"unknown(老 run, 见 eval_auto json)",False,-,False,True,False,0
_archive/20261003_twostage/v38_skelnet_s2_pure/20261002-142735-v38-s2-pure-b1440-20g,_archive/20261003_twostage/v38_skelnet_s2_pure,_archive__20261003_twostage__v38_skelnet_s2_pure__20261002-142735-v38-s2-pure-b1440-20g,v38-s2-pure-b1440-20g,_archive/20261003_twostage/v38_skelnet_s2_pure/20261002-142735-v38-s2-pure-b1440-20g/resolved_config.json,True,5,5000,0,,,,,,,,,,,,,,,,,20000,,,,,,,,,,,,,,,,,,,,,,,,,,,,,,,,,,,,,,,0.0005,,0.999,,,"unknown(老 run, 见 eval_auto json)",False,-,False,True,False,0
_archive/20261003_twostage/v39_render_mix50/20261002-195022-v39-render-mix50-b1440-20g,_archive/20261003_twostage/v39_render_mix50,_archive__20261003_twostage__v39_render_mix50__20261002-195022-v39-render-mix50-b1440-20g,v39-render-mix50-b1440-20g,_archive/20261003_twostage/v39_render_mix50/20261002-195022-v39-render-mix50-b1440-20g/resolved_config.json,True,0,,0,,,,,,,,,,,,,,,,,10000,,,,,,,,,,,,,,,,,,,,,,,,,,,,,,,,,,,,,,,0.0005,,0.999,,,"unknown(老 run, 见 eval_auto json)",False,-,False,True,False,0
_archive/20261003_twostage/v39_render_mix50/20261002-195124-v39-render-mix50-b1440-20g,_archive/20261003_twostage/v39_render_mix50,_archive__20261003_twostage__v39_render_mix50__20261002-195124-v39-render-mix50-b1440-20g,v39-render-mix50-b1440-20g,_archive/20261003_twostage/v39_render_mix50/20261002-195124-v39-render-mix50-b1440-20g/resolved_config.json,True,1,10,0,,,,,,,,,,,,,,,,,10000,,,,,,,,,,,,,,,,,,,,,,,,,,,,,,,,,,,,,,,0.0005,,0.999,,,"unknown(老 run, 见 eval_auto json)",False,-,False,True,False,0
_archive/20261003_twostage/v39_render_mix50/20261002-195208-v39-render-mix50-b1440-20g,_archive/20261003_twostage/v39_render_mix50,_archive__20261003_twostage__v39_render_mix50__20261002-195208-v39-render-mix50-b1440-20g,v39-render-mix50-b1440-20g,_archive/20261003_twostage/v39_render_mix50/20261002-195208-v39-render-mix50-b1440-20g/resolved_config.json,True,0,,0,,,,,,,,,,,,,,,,,10000,,,,,,,,,,,,,,,,,,,,,,,,,,,,,,,,,,,,,,,0.0005,,0.999,,,"unknown(老 run, 见 eval_auto json)",False,-,False,True,False,0
_archive/20261003_twostage/v39_render_mix50/20261002-200307-v39-render-mix50-b208-20g,_archive/20261003_twostage/v39_render_mix50,_archive__20261003_twostage__v39_render_mix50__20261002-200307-v39-render-mix50-b208-20g,v39-render-mix50-b208-20g,_archive/20261003_twostage/v39_render_mix50/20261002-200307-v39-render-mix50-b208-20g/resolved_config.json,True,10,10000,0,,,,,,,,,,,,,,,,,20000,,,,,,,,,,,,,,,,,,,,,,,,,,,,,,,,,,,,,,,0.0005,,0.999,,,"unknown(老 run, 见 eval_auto json)",False,-,False,True,False,0
_archive/20261003_twostage/v40_joint_render_frozen/20261002-211307-v40-joint-render-frozen-b120-20g,_archive/20261003_twostage/v40_joint_render_frozen,_archive__20261003_twostage__v40_joint_render_frozen__20261002-211307-v40-joint-render-frozen-b120-20g,v40-joint-render-frozen-b120-20g,_archive/20261003_twostage/v40_joint_render_frozen/20261002-211307-v40-joint-render-frozen-b120-20g/resolved_config.json,True,1,10,0,,,,,,,,,,,,,,,,,10000,,,,,,,,,,,,,,,,,,,,,,,,,,,,,,,,,,,,,,,2e-05,,0.999,,,"unknown(老 run, 见 eval_auto json)",False,-,False,True,False,0
_archive/20261003_twostage/v40_joint_render_frozen/20261002-211355-v40-joint-render-frozen-b120-20g,_archive/20261003_twostage/v40_joint_render_frozen,_archive__20261003_twostage__v40_joint_render_frozen__20261002-211355-v40-joint-render-frozen-b120-20g,v40-joint-render-frozen-b120-20g,_archive/20261003_twostage/v40_joint_render_frozen/20261002-211355-v40-joint-render-frozen-b120-20g/resolved_config.json,True,10,10000,0,,,,,,,,,,,,,,,,,10000,,,,,,,,,,,,,,,,,,,,,,,,,,,,,,,,,,,,,,,2e-05,,0.999,,,"unknown(老 run, 见 eval_auto json)",False,-,False,True,False,0
_archive/20261003_twostage/v41_render_mix90/20261002-222737-v41-render-mix90-b208-20g,_archive/20261003_twostage/v41_render_mix90,_archive__20261003_twostage__v41_render_mix90__20261002-222737-v41-render-mix90-b208-20g,v41-render-mix90-b208-20g,_archive/20261003_twostage/v41_render_mix90/20261002-222737-v41-render-mix90-b208-20g/resolved_config.json,True,1,10,0,,,,,,,,,,,,,,,,,10000,,,,,,,,,,,,,,,,,,,,,,,,,,,,,,,,,,,,,,,0.0002,,0.999,,,"unknown(老 run, 见 eval_auto json)",False,-,False,True,False,0
_archive/20261003_twostage/v41_render_mix90/20261002-222901-v41-render-mix90-b208-20g,_archive/20261003_twostage/v41_render_mix90,_archive__20261003_twostage__v41_render_mix90__20261002-222901-v41-render-mix90-b208-20g,v41-render-mix90-b208-20g,_archive/20261003_twostage/v41_render_mix90/20261002-222901-v41-render-mix90-b208-20g/resolved_config.json,True,3,3000,0,,,,,,,,,,,,,,,,,10000,,,,,,,,,,,,,,,,,,,,,,,,,,,,,,,,,,,,,,,0.0002,,0.999,,,"unknown(老 run, 见 eval_auto json)",False,-,False,True,False,0
_archive/20261003_twostage/v42_render_curriculum/20261002-225130-v42-render-curriculum-b208-20g,_archive/20261003_twostage/v42_render_curriculum,_archive__20261003_twostage__v42_render_curriculum__20261002-225130-v42-render-curriculum-b208-20g,v42-render-curriculum-b208-20g,_archive/20261003_twostage/v42_render_curriculum/20261002-225130-v42-render-curriculum-b208-20g/resolved_config.json,True,4,20,0,,,,,,,,,,,,,,,,,,,,,,,,,,,,,,,,,,,,,,,,,,,,,,,,,,,,,,,,0.0002,,0.999,,,"unknown(老 run, 见 eval_auto json)",False,-,False,True,False,0
_archive/20261003_twostage/v42_render_curriculum/20261002-225247-v42-render-curriculum-b208-20g,_archive/20261003_twostage/v42_render_curriculum,_archive__20261003_twostage__v42_render_curriculum__20261002-225247-v42-render-curriculum-b208-20g,v42-render-curriculum-b208-20g,_archive/20261003_twostage/v42_render_curriculum/20261002-225247-v42-render-curriculum-b208-20g/resolved_config.json,True,0,,0,,,,,,,,,,,,,,,,,,,,,,,,,,,,,,,,,,,,,,,,,,,,,,,,,,,,,,,,0.0002,,0.999,,,"unknown(老 run, 见 eval_auto json)",False,-,False,True,False,0
_archive/20261003_twostage/v43_render_20to90_curriculum/20261002-230018-v43-render-20to90-b208-20g,_archive/20261003_twostage/v43_render_20to90_curriculum,_archive__20261003_twostage__v43_render_20to90_curriculum__20261002-230018-v43-render-20to90-b208-20g,v43-render-20to90-b208-20g,_archive/20261003_twostage/v43_render_20to90_curriculum/20261002-230018-v43-render-20to90-b208-20g/resolved_config.json,True,0,,0,,,,,,,,,,,,,,,,,,,,,,,,,,,,,,,,,,,,,,,,,,,,,,,,,,,,,,,,0.0002,,0.999,,,"unknown(老 run, 见 eval_auto json)",False,-,False,True,False,0
_archive/20261003_twostage/v43_render_20to90_curriculum/20261003-020338-v43-render-20to90-b208-20g,_archive/20261003_twostage/v43_render_20to90_curriculum,_archive__20261003_twostage__v43_render_20to90_curriculum__20261003-020338-v43-render-20to90-b208-20g,v43-render-20to90-b208-20g,_archive/20261003_twostage/v43_render_20to90_curriculum/20261003-020338-v43-render-20to90-b208-20g/resolved_config.json,True,0,,0,,,,,,,,,,,,,,,,,,,,,,,,,,,,,,,,,,,,,,,,,,,,,,,,,,,,,,,,0.0002,,0.999,,,"unknown(老 run, 见 eval_auto json)",False,-,False,True,False,0
_archive/20261003_twostage/v43_render_20to90_curriculum/20261003-020518-v43-render-20to90-b208-20g,_archive/20261003_twostage/v43_render_20to90_curriculum,_archive__20261003_twostage__v43_render_20to90_curriculum__20261003-020518-v43-render-20to90-b208-20g,v43-render-20to90-b208-20g,_archive/20261003_twostage/v43_render_20to90_curriculum/20261003-020518-v43-render-20to90-b208-20g/resolved_config.json,True,0,,0,,,,,,,,,,,,,,,,,,,,,,,,,,,,,,,,,,,,,,,,,,,,,,,,,,,,,,,,0.0002,,0.999,,,"unknown(老 run, 见 eval_auto json)",False,-,False,True,False,0
_archive/20261003_twostage/v43_render_20to90_curriculum/20261003-020540-v43-render-20to90-b208-20g,_archive/20261003_twostage/v43_render_20to90_curriculum,_archive__20261003_twostage__v43_render_20to90_curriculum__20261003-020540-v43-render-20to90-b208-20g,v43-render-20to90-b208-20g,_archive/20261003_twostage/v43_render_20to90_curriculum/20261003-020540-v43-render-20to90-b208-20g/resolved_config.json,True,6,30,0,,,,,,,,,,,,,,,,,,,,,,,,,,,,,,,,,,,,,,,,,,,,,,,,,,,,,,,,0.0002,,0.999,,,"unknown(老 run, 见 eval_auto json)",False,-,False,True,False,0
_archive/20261003_twostage/v43_render_20to90_curriculum/20261003-020702-v43-render-20to90-b208-20g,_archive/20261003_twostage/v43_render_20to90_curriculum,_archive__20261003_twostage__v43_render_20to90_curriculum__20261003-020702-v43-render-20to90-b208-20g,v43-render-20to90-b208-20g,_archive/20261003_twostage/v43_render_20to90_curriculum/20261003-020702-v43-render-20to90-b208-20g/resolved_config.json,True,6,30,0,,,,,,,,,,,,,,,,,,,,,,,,,,,,,,,,,,,,,,,,,,,,,,,,,,,,,,,,0.0002,,0.999,,,"unknown(老 run, 见 eval_auto json)",False,-,False,True,False,0
_archive/20261003_twostage/v43_render_20to90_curriculum/20261003-020909-v43-render-20to90-b208-20g,_archive/20261003_twostage/v43_render_20to90_curriculum,_archive__20261003_twostage__v43_render_20to90_curriculum__20261003-020909-v43-render-20to90-b208-20g,v43-render-20to90-b208-20g,_archive/20261003_twostage/v43_render_20to90_curriculum/20261003-020909-v43-render-20to90-b208-20g/resolved_config.json,True,6,30,0,,,,,,,,,,,,,,,,,,,,,,,,,,,,,,,,,,,,,,,,,,,,,,,,,,,,,,,,0.0002,,0.999,,,"unknown(老 run, 见 eval_auto json)",False,-,False,True,False,0
_archive/20261003_twostage/v44_skelnet_concat/20261002-233612-v44-concat-b1440-20g,_archive/20261003_twostage/v44_skelnet_concat,_archive__20261003_twostage__v44_skelnet_concat__20261002-233612-v44-concat-b1440-20g,v44-concat-b1440-20g,_archive/20261003_twostage/v44_skelnet_concat/20261002-233612-v44-concat-b1440-20g/resolved_config.json,True,0,,0,,,,,,,,,,,,,,,,,20000,,,,,,,,,,,,,,,,,,,,,,,,,,,,,,,,,,,,,,,0.0005,,0.999,,,"unknown(老 run, 见 eval_auto json)",False,-,False,True,False,0
_archive/20261003_twostage/v44_skelnet_concat/20261002-233634-v44-concat-b1440-20g,_archive/20261003_twostage/v44_skelnet_concat,_archive__20261003_twostage__v44_skelnet_concat__20261002-233634-v44-concat-b1440-20g,v44-concat-b1440-20g,_archive/20261003_twostage/v44_skelnet_concat/20261002-233634-v44-concat-b1440-20g/resolved_config.json,True,1,10,0,,,,,,,,,,,,,,,,,20000,,,,,,,,,,,,,,,,,,,,,,,,,,,,,,,,,,,,,,,0.0005,,0.999,,,"unknown(老 run, 见 eval_auto json)",False,-,False,True,False,0
_archive/20261003_twostage/v44_skelnet_concat/20261002-233721-v44-concat-b1440-20g,_archive/20261003_twostage/v44_skelnet_concat,_archive__20261003_twostage__v44_skelnet_concat__20261002-233721-v44-concat-b1440-20g,v44-concat-b1440-20g,_archive/20261003_twostage/v44_skelnet_concat/20261002-233721-v44-concat-b1440-20g/resolved_config.json,True,0,,0,,,,,,,,,,,,,,,,,6000,,,,,,,,,,,,,,,,,,,,,,,,,,,,,,,,,,,,,,,0.0005,,0.999,,,"unknown(老 run, 见 eval_auto json)",False,-,False,True,False,0
_archive/20261003_twostage/v44_skelnet_concat/20261002-234101-v44-concat-b1440-20g,_archive/20261003_twostage/v44_skelnet_concat,_archive__20261003_twostage__v44_skelnet_concat__20261002-234101-v44-concat-b1440-20g,v44-concat-b1440-20g,_archive/20261003_twostage/v44_skelnet_concat/20261002-234101-v44-concat-b1440-20g/resolved_config.json,True,0,,0,,,,,,,,,,,,,,,,,20000,,,,,,,,,,,,,,,,,,,,,,,,,,,,,,,,,,,,,,,0.0005,,0.999,,,"unknown(老 run, 见 eval_auto json)",False,-,False,True,False,0
_archive/20261003_twostage/v44_skelnet_concat/20261002-234137-v44-concat-b1440-20g,_archive/20261003_twostage/v44_skelnet_concat,_archive__20261003_twostage__v44_skelnet_concat__20261002-234137-v44-concat-b1440-20g,v44-concat-b1440-20g,_archive/20261003_twostage/v44_skelnet_concat/20261002-234137-v44-concat-b1440-20g/resolved_config.json,True,1,10,0,,,,,,,,,,,,,,,,,20000,,,,,,,,,,,,,,,,,,,,,,,,,,,,,,,,,,,,,,,0.0005,,0.999,,,"unknown(老 run, 见 eval_auto json)",False,-,False,True,False,0
_archive/20261003_twostage/v44_skelnet_concat/20261002-234217-v44-concat-b1440-20g,_archive/20261003_twostage/v44_skelnet_concat,_archive__20261003_twostage__v44_skelnet_concat__20261002-234217-v44-concat-b1440-20g,v44-concat-b1440-20g,_archive/20261003_twostage/v44_skelnet_concat/20261002-234217-v44-concat-b1440-20g/resolved_config.json,True,0,,0,,,,,,,,,,,,,,,,,20000,,,,,,,,,,,,,,,,,,,,,,,,,,,,,,,,,,,,,,,0.0005,,0.999,,,"unknown(老 run, 见 eval_auto json)",False,-,False,True,False,0
_archive/20261003_twostage/v44_skelnet_concat/20261002-234240-v44-concat-b1440-20g,_archive/20261003_twostage/v44_skelnet_concat,_archive__20261003_twostage__v44_skelnet_concat__20261002-234240-v44-concat-b1440-20g,v44-concat-b1440-20g,_archive/20261003_twostage/v44_skelnet_concat/20261002-234240-v44-concat-b1440-20g/resolved_config.json,True,0,,0,,,,,,,,,,,,,,,,,6000,,,,,,,,,,,,,,,,,,,,,,,,,,,,,,,,,,,,,,,0.0005,,0.999,,,"unknown(老 run, 见 eval_auto json)",False,-,False,True,False,0
_archive/20261003_twostage/v44_skelnet_concat/20261002-234510-v44-concat-b1440-20g,_archive/20261003_twostage/v44_skelnet_concat,_archive__20261003_twostage__v44_skelnet_concat__20261002-234510-v44-concat-b1440-20g,v44-concat-b1440-20g,_archive/20261003_twostage/v44_skelnet_concat/20261002-234510-v44-concat-b1440-20g/resolved_config.json,True,0,,0,,,,,,,,,,,,,,,,,20000,,,,,,,,,,,,,,,,,,,,,,,,,,,,,,,,,,,,,,,0.0005,,0.999,,,"unknown(老 run, 见 eval_auto json)",False,-,False,True,False,0
_archive/20261003_twostage/v44_skelnet_concat/20261002-234531-v44-concat-b1440-20g,_archive/20261003_twostage/v44_skelnet_concat,_archive__20261003_twostage__v44_skelnet_concat__20261002-234531-v44-concat-b1440-20g,v44-concat-b1440-20g,_archive/20261003_twostage/v44_skelnet_concat/20261002-234531-v44-concat-b1440-20g/resolved_config.json,True,1,10,0,,,,,,,,,,,,,,,,,20000,,,,,,,,,,,,,,,,,,,,,,,,,,,,,,,,,,,,,,,0.0005,,0.999,,,"unknown(老 run, 见 eval_auto json)",False,-,False,True,False,0
_archive/20261003_twostage/v44_skelnet_concat/20261002-234612-v44-concat-b1440-20g,_archive/20261003_twostage/v44_skelnet_concat,_archive__20261003_twostage__v44_skelnet_concat__20261002-234612-v44-concat-b1440-20g,v44-concat-b1440-20g,_archive/20261003_twostage/v44_skelnet_concat/20261002-234612-v44-concat-b1440-20g/resolved_config.json,True,1,10,0,,,,,,,,,,,,,,,,,20000,,,,,,,,,,,,,,,,,,,,,,,,,,,,,,,,,,,,,,,0.0005,,0.999,,,"unknown(老 run, 见 eval_auto json)",False,-,False,True,False,0
_archive/20261003_twostage/v44_skelnet_concat/20261002-234657-v44-concat-b1440-20g,_archive/20261003_twostage/v44_skelnet_concat,_archive__20261003_twostage__v44_skelnet_concat__20261002-234657-v44-concat-b1440-20g,v44-concat-b1440-20g,_archive/20261003_twostage/v44_skelnet_concat/20261002-234657-v44-concat-b1440-20g/resolved_config.json,True,0,,0,,,,,,,,,,,,,,,,,20000,,,,,,,,,,,,,,,,,,,,,,,,,,,,,,,,,,,,,,,0.0005,,0.999,,,"unknown(老 run, 见 eval_auto json)",False,-,False,True,False,0
_archive/20261003_twostage/v44_skelnet_concat/20261002-234745-v44-concat-b1440-20g,_archive/20261003_twostage/v44_skelnet_concat,_archive__20261003_twostage__v44_skelnet_concat__20261002-234745-v44-concat-b1440-20g,v44-concat-b1440-20g,_archive/20261003_twostage/v44_skelnet_concat/20261002-234745-v44-concat-b1440-20g/resolved_config.json,True,0,,0,,,,,,,,,,,,,,,,,20000,,,,,,,,,,,,,,,,,,,,,,,,,,,,,,,,,,,,,,,0.0005,,0.999,,,"unknown(老 run, 见 eval_auto json)",False,-,False,True,False,0
_archive/20261003_twostage/v44_skelnet_concat/20261002-235026-v44-concat-b1440-20g,_archive/20261003_twostage/v44_skelnet_concat,_archive__20261003_twostage__v44_skelnet_concat__20261002-235026-v44-concat-b1440-20g,v44-concat-b1440-20g,_archive/20261003_twostage/v44_skelnet_concat/20261002-235026-v44-concat-b1440-20g/resolved_config.json,True,0,,0,,,,,,,,,,,,,,,,,2000,,,,,,,,,,,,,,,,,,,,,,,,,,,,,,,,,,,,,,,0.0005,,0.999,,,"unknown(老 run, 见 eval_auto json)",False,-,False,True,False,0
_archive/20261003_twostage/v44_skelnet_concat/20261002-235243-v44-concat-b1440-20g,_archive/20261003_twostage/v44_skelnet_concat,_archive__20261003_twostage__v44_skelnet_concat__20261002-235243-v44-concat-b1440-20g,v44-concat-b1440-20g,_archive/20261003_twostage/v44_skelnet_concat/20261002-235243-v44-concat-b1440-20g/resolved_config.json,True,2,4000,0,,,,,,,,,,,,,,,,,4000,,,,,,,,,,,,,,,,,,,,,,,,,,,,,,,,,,,,,,,0.0005,,0.999,,,"unknown(老 run, 见 eval_auto json)",False,-,False,True,False,0
_archive/20261003_twostage/v44_skelnet_concat/20261003-002805-v44-concat-b1440-20g,_archive/20261003_twostage/v44_skelnet_concat,_archive__20261003_twostage__v44_skelnet_concat__20261003-002805-v44-concat-b1440-20g,v44-concat-b1440-20g,_archive/20261003_twostage/v44_skelnet_concat/20261003-002805-v44-concat-b1440-20g/resolved_config.json,True,1,2000,0,,,,,,,,,,,,,,,,,20000,,,,,,,,,,,,,,,,,,,,,,,,,,,,,,,,,,,,,,,0.0005,,0.999,,,"unknown(老 run, 见 eval_auto json)",False,-,False,True,False,0
_archive/20261003_twostage/v44_skelnet_concat/20261003-004154-v44-concat-b1440-20g,_archive/20261003_twostage/v44_skelnet_concat,_archive__20261003_twostage__v44_skelnet_concat__20261003-004154-v44-concat-b1440-20g,v44-concat-b1440-20g,_archive/20261003_twostage/v44_skelnet_concat/20261003-004154-v44-concat-b1440-20g/resolved_config.json,True,2,4000,0,,,,,,,,,,,,,,,,,14000,,,,,,,,,,,,,,,,,,,,,,,,,,,,,,,,,,,,,,,0.0005,,0.999,,,"unknown(老 run, 见 eval_auto json)",False,-,False,True,False,0
_archive/20261003_twostage/v45_skelnet_struct/20261003-010843-v45-struct,_archive/20261003_twostage/v45_skelnet_struct,_archive__20261003_twostage__v45_skelnet_struct__20261003-010843-v45-struct,v45-struct,_archive/20261003_twostage/v45_skelnet_struct/20261003-010843-v45-struct/resolved_config.json,True,0,,0,,,,,,,,,,,,,,,,,20000,,,,,,,,,,,,,,,,,,,,,,,,,,,,,,,,,,,,,,,0.0005,,0.999,,,"unknown(老 run, 见 eval_auto json)",False,-,False,True,False,0
_archive/20261003_twostage/v45_skelnet_struct/20261003-011520-v45-struct,_archive/20261003_twostage/v45_skelnet_struct,_archive__20261003_twostage__v45_skelnet_struct__20261003-011520-v45-struct,v45-struct,_archive/20261003_twostage/v45_skelnet_struct/20261003-011520-v45-struct/resolved_config.json,True,0,,0,,,,,,,,,,,,,,,,,20000,,,,,,,,,,,,,,,,,,,,,,,,,,,,,,,,,,,,,,,0.0005,,0.999,,,"unknown(老 run, 见 eval_auto json)",False,-,False,True,False,0
_archive/20261003_twostage/v45_skelnet_struct/20261003-011555-v45-struct,_archive/20261003_twostage/v45_skelnet_struct,_archive__20261003_twostage__v45_skelnet_struct__20261003-011555-v45-struct,v45-struct,_archive/20261003_twostage/v45_skelnet_struct/20261003-011555-v45-struct/resolved_config.json,True,0,,0,,,,,,,,,,,,,,,,,20000,,,,,,,,,,,,,,,,,,,,,,,,,,,,,,,,,,,,,,,0.0005,,0.999,,,"unknown(老 run, 见 eval_auto json)",False,-,False,True,False,0
_archive/20261003_twostage/v45_skelnet_struct/20261003-011629-v45-struct,_archive/20261003_twostage/v45_skelnet_struct,_archive__20261003_twostage__v45_skelnet_struct__20261003-011629-v45-struct,v45-struct,_archive/20261003_twostage/v45_skelnet_struct/20261003-011629-v45-struct/resolved_config.json,True,1,10,0,,,,,,,,,,,,,,,,,20000,,,,,,,,,,,,,,,,,,,,,,,,,,,,,,,,,,,,,,,0.0005,,0.999,,,"unknown(老 run, 见 eval_auto json)",False,-,False,True,False,0
_archive/20261003_twostage/v45_skelnet_struct/20261003-011657-v45-struct,_archive/20261003_twostage/v45_skelnet_struct,_archive__20261003_twostage__v45_skelnet_struct__20261003-011657-v45-struct,v45-struct,_archive/20261003_twostage/v45_skelnet_struct/20261003-011657-v45-struct/resolved_config.json,True,0,,0,,,,,,,,,,,,,,,,,6000,,,,,,,,,,,,,,,,,,,,,,,,,,,,,,,,,,,,,,,0.0005,,0.999,,,"unknown(老 run, 见 eval_auto json)",False,-,False,True,False,0
_archive/20261003_twostage/v45_skelnet_struct/20261003-011946-v45-struct,_archive/20261003_twostage/v45_skelnet_struct,_archive__20261003_twostage__v45_skelnet_struct__20261003-011946-v45-struct,v45-struct,_archive/20261003_twostage/v45_skelnet_struct/20261003-011946-v45-struct/resolved_config.json,True,1,1000,0,,,,,,,,,,,,,,,,,6000,,,,,,,,,,,,,,,,,,,,,,,,,,,,,,,,,,,,,,,0.0005,,0.999,,,"unknown(老 run, 见 eval_auto json)",False,-,False,True,False,0
_archive/20261003_twostage/v45_skelnet_struct/20261003-013155-v45-struct-w7,_archive/20261003_twostage/v45_skelnet_struct,_archive__20261003_twostage__v45_skelnet_struct__20261003-013155-v45-struct-w7,v45-struct-w7,_archive/20261003_twostage/v45_skelnet_struct/20261003-013155-v45-struct-w7/resolved_config.json,True,1,1000,0,,,,,,,,,,,,,,,,,6000,,,,,,,,,,,,,,,,,,,,,,,,,,,,,,,,,,,,,,,0.0005,,0.999,,,"unknown(老 run, 见 eval_auto json)",False,-,False,True,False,0
_archive/20261003_twostage/v45_skelnet_struct/20261003-013950-v45-dice-main,_archive/20261003_twostage/v45_skelnet_struct,_archive__20261003_twostage__v45_skelnet_struct__20261003-013950-v45-dice-main,v45-dice-main,_archive/20261003_twostage/v45_skelnet_struct/20261003-013950-v45-dice-main/resolved_config.json,True,2,2000,0,,,,,,,,,,,,,,,,,6000,,,,,,,,,,,,,,,,,,,,,,,,,,,,,,,,,,,,,,,0.0005,,0.999,,,"unknown(老 run, 见 eval_auto json)",False,-,False,True,False,0
_archive/20261003_twostage/v45_skelnet_struct/20261003-015112-v45-metrics,_archive/20261003_twostage/v45_skelnet_struct,_archive__20261003_twostage__v45_skelnet_struct__20261003-015112-v45-metrics,v45-metrics,_archive/20261003_twostage/v45_skelnet_struct/20261003-015112-v45-metrics/resolved_config.json,True,2,2000,0,,,,,,,,,,,,,,,,,6000,,,,,,,,,,,,,,,,,,,,,,,,,,,,,,,,,,,,,,,0.0005,,0.999,,,"unknown(老 run, 见 eval_auto json)",False,-,False,True,False,0
assets/results/_archive/_aborted/_archive_ref12ch_precleanup_1252/20260912-123352-v11-pretrain-S2-ref12ch,assets/results/_archive/_aborted/_archive_ref12ch_precleanup_1252,assets__results___archive___aborted___archive_ref12ch_precleanup_1252__20260912-123352-v11-pretrain-S2-ref12ch,v11-pretrain-S2-ref12ch,assets/results/_archive/_aborted/_archive_ref12ch_precleanup_1252/20260912-123352-v11-pretrain-S2-ref12ch/resolved_config.json,True,1,1000,0,,,,,,,,,,,,,,,DiT-2Cond-S/2,256,300000,flow,std_skel1_latents_fame_e,True,,,0.0,,True,,,7765,,12,False,,,,,False,,0.0,,,,,,,,,,5script/eval_seen_v10.csv,,,,,,,,0.0001,,0.9999,std_skel1_latents_fame_e,,eval_seen_v10,True,std,False,False,False,12
assets/results/_archive/_aborted/_archive_v11_pretrain_S2_nostruct/20260912-121045-v11-pretrain-S2,assets/results/_archive/_aborted/_archive_v11_pretrain_S2_nostruct,assets__results___archive___aborted___archive_v11_pretrain_S2_nostruct__20260912-121045-v11-pretrain-S2,v11-pretrain-S2,assets/results/_archive/_aborted/_archive_v11_pretrain_S2_nostruct/20260912-121045-v11-pretrain-S2/resolved_config.json,True,1,1000,1,1000,1000,0.425391,1000,0.425391,,,,,,,,,,DiT-2Cond-S/2,256,300000,flow,std_skel1_latents_fame_e,True,,,0.0,,True,,,7765,,12,False,,,,,False,,0.03,,,,,,,,,,5script/eval_seen_v10.csv,,,,,,,,0.0001,,0.9999,std_skel1_latents_fame_e,,eval_seen_v10,True,std,False,False,False,12
assets/results/_archive/_aborted/_archive_v11_pretrain_S2_pixelstruct_1233/20260912-122236-v11-pretrain-S2,assets/results/_archive/_aborted/_archive_v11_pretrain_S2_pixelstruct_1233,assets__results___archive___aborted___archive_v11_pretrain_S2_pixelstruct_1233__20260912-122236-v11-pretrain-S2,v11-pretrain-S2,assets/results/_archive/_aborted/_archive_v11_pretrain_S2_pixelstruct_1233/20260912-122236-v11-pretrain-S2/resolved_config.json,True,0,,0,,,,,,,,,,,,,,,DiT-2Cond-S/2,256,300000,flow,std_skel1_latents_fame_e,True,,,0.02,,True,,,7765,,12,False,,,,,False,,0.03,,,,,,,,,,5script/eval_seen_v10.csv,,,,,,,,0.0001,,0.9999,std_skel1_latents_fame_e,,eval_seen_v10,True,std,False,False,False,12
assets/results/_archive/_aborted/_archive_v11_struct-loss_t500/20260912-030448-v11_struct-loss,assets/results/_archive/_aborted/_archive_v11_struct-loss_t500,assets__results___archive___aborted___archive_v11_struct-loss_t500__20260912-030448-v11_struct-loss,v11_struct-loss,assets/results/_archive/_aborted/_archive_v11_struct-loss_t500/20260912-030448-v11_struct-loss/resolved_config.json,True,1,405000,6,392500,405000,0.755242,405000,0.755242,,,,,,,,,,DiT-2Cond-Sp/2,128,500000,flow,std_skel1_latents_fame_e,True,,,0.02,,True,,,7765,,12,False,,,,,False,,0.03,,,,,,,,,,5script/eval_seen_v10.csv,,,,,,,,5e-05,,0.9999,std_skel1_latents_fame_e,,eval_seen_v10,True,std,False,False,False,12
assets/results/_archive/ablate_spatial_off/tmpdir,assets/results/_archive/ablate_spatial_off/tmpdir,assets__results___archive__ablate_spatial_off__tmpdir,,,False,1,390000,0,,,,,,,,,,,,,,,,,,,,,,,,,,,,,,,,,,,,,,,,,,,,,,,,,,,,,,,,,,,,,"unknown(老 run, 见 eval_auto json)",False,-,False,True,False,0
assets/results/_archive/c41x_sty16/20260910-150038-c41x-sty16,assets/results/_archive/c41x_sty16,assets__results___archive__c41x_sty16__20260910-150038-c41x-sty16,c41x-sty16,assets/results/_archive/c41x_sty16/20260910-150038-c41x-sty16/resolved_config.json,True,1,20000,2,15000,20000,0.476183,15000,0.475926,,,0.475926,,,,,,,DiT-2Cond-Sp/2,128,30000,flow,std_skel1_latents_fame3_v8,True,,,0.0,,True,,,35130,,12,False,,,,,False,,0.03,,,,,,,,,,5script/eval_seen_v10.csv,,,,,,,,0.00015,,0.9999,std_skel1_latents_fame3_v8,,eval_seen_v10,True,std,False,False,False,12
assets/results/_archive/failed_skelnet_runs/_overfit_v36/20261001-193904-overfit,assets/results/_archive/failed_skelnet_runs/_overfit_v36,assets__results___archive__failed_skelnet_runs___overfit_v36__20261001-193904-overfit,overfit,assets/results/_archive/failed_skelnet_runs/_overfit_v36/20261001-193904-overfit/resolved_config.json,True,0,,0,,,,,,,,,,,,,,,,,700,,,,,,,,,,,,,,,,,,,,,,,,,,,,,,,,,,,,,,,,,0.9999,,,"unknown(老 run, 见 eval_auto json)",False,-,False,True,False,0
assets/results/_archive/failed_skelnet_runs/_smoke_v36/20261001-185319-v36-union,assets/results/_archive/failed_skelnet_runs/_smoke_v36,assets__results___archive__failed_skelnet_runs___smoke_v36__20261001-185319-v36-union,v36-union,assets/results/_archive/failed_skelnet_runs/_smoke_v36/20261001-185319-v36-union/resolved_config.json,True,3,6,0,,,,,,,,,,,,,,,,,40000,,,,,,,,,,,,,,,,,,,,,,,,,,,,,,,,,,,,,,,,,0.9999,,,"unknown(老 run, 见 eval_auto json)",False,-,False,True,False,0
assets/results/_archive/failed_skelnet_runs/v18_skelnet_100k/20260925-200420-v18-skelnet-100k,assets/results/_archive/failed_skelnet_runs/v18_skelnet_100k,assets__results___archive__failed_skelnet_runs__v18_skelnet_100k__20260925-200420-v18-skelnet-100k,v18-skelnet-100k,assets/results/_archive/failed_skelnet_runs/v18_skelnet_100k/20260925-200420-v18-skelnet-100k/resolved_config.json,True,4,20000,0,,,,,,,,,,,,,,,DiT-2Cond-S/2,320,100000,flow,data/50k/shards_std,True,data/50k/shards_std,data/50k/shards_aux_skel3,0.0,,True,,,7765,,4,False,,,assets/callig_script_id_map.json,,False,8,0.03,data/dino_cache/50k_v1,,,,1,,,,"seen:assets/eval_v13_seen.csv:20,strict:assets/eval_v13_strict.csv:250",assets/eval_v13_seen.csv,,,,,,,,0.0005,,0.9999,shards_std,shards_aux_skel3,"other:seen:assets/eval_v13_seen.csv:20,strict:",True,std,False,False,True,4
assets/results/_archive/failed_skelnet_runs/v20_deform_skel_100k/20260925-194549-v20-deform-skel-100k,assets/results/_archive/failed_skelnet_runs/v20_deform_skel_100k,assets__results___archive__failed_skelnet_runs__v20_deform_skel_100k__20260925-194549-v20-deform-skel-100k,v20-deform-skel-100k,assets/results/_archive/failed_skelnet_runs/v20_deform_skel_100k/20260925-194549-v20-deform-skel-100k/resolved_config.json,True,0,,0,,,,,,,,,,,,,,,DiT-2Cond-S/2,360,100000,flow,data/50k/shards_std,True,data/50k/shards_std,data/50k/shards_aux_skel3,0.0,,True,,,7765,,4,False,,,assets/callig_script_id_map.json,,False,8,0.03,data/dino_cache/50k_v1,,,,1,,,,"seen:assets/eval_v13_seen.csv:20,strict:assets/eval_v13_strict.csv:250",assets/eval_v13_seen.csv,,,,,,,,0.0005,,0.9999,shards_std,shards_aux_skel3,"other:seen:assets/eval_v13_seen.csv:20,strict:",True,std,False,False,True,4
assets/results/_archive/failed_skelnet_runs/v21_skelnet_200k/20260926-005749-v21-skelnet-200k,assets/results/_archive/failed_skelnet_runs/v21_skelnet_200k,assets__results___archive__failed_skelnet_runs__v21_skelnet_200k__20260926-005749-v21-skelnet-200k,v21-skelnet-200k,assets/results/_archive/failed_skelnet_runs/v21_skelnet_200k/20260926-005749-v21-skelnet-200k/resolved_config.json,True,31,155000,0,,,,,,,,,,,,,,,DiT-2Cond-S/2,320,200000,flow,data/50k/shards_std,True,data/50k/shards_std,data/50k/shards_aux_skel3,0.0,,True,,,7765,,4,False,,,assets/callig_script_id_map.json,,False,8,0.03,data/dino_cache/50k_v1,,,,1,,,,"seen:assets/eval_v13_seen.csv:20,strict:assets/eval_v13_strict.csv:250",assets/eval_v13_seen.csv,,,,,,,,0.0005,,0.9999,shards_std,shards_aux_skel3,"other:seen:assets/eval_v13_seen.csv:20,strict:",True,std,False,False,True,4
assets/results/_archive/failed_skelnet_runs/v22_aug_skelnet_200k/20260926-132058-v22-aug-skelnet-200k,assets/results/_archive/failed_skelnet_runs/v22_aug_skelnet_200k,assets__results___archive__failed_skelnet_runs__v22_aug_skelnet_200k__20260926-132058-v22-aug-skelnet-200k,v22-aug-skelnet-200k,assets/results/_archive/failed_skelnet_runs/v22_aug_skelnet_200k/20260926-132058-v22-aug-skelnet-200k/resolved_config.json,True,20,100000,0,,,,,,,,,,,,,,,DiT-2Cond-S/2,320,200000,flow,data/50k_v2_augmented/shards_std,True,data/50k_v2_augmented/shards_std,data/50k_v2_augmented/shards_aux_skel3,0.0,,True,,,7765,,4,False,,,,,False,8,0.03,data/dino_cache/50k_v1,,,,1,,,,"seen:assets/eval_v13_seen.csv:20,strict:assets/eval_v13_strict_fixed.csv:250",assets/eval_v13_seen.csv,,,,,,,,0.0005,,0.9999,shards_std,shards_aux_skel3,"other:seen:assets/eval_v13_seen.csv:20,strict:",True,std,False,False,False,4
assets/results/_archive/failed_skelnet_runs/v24_frozenskel/20260928-125010-v24-frozenskel,assets/results/_archive/failed_skelnet_runs/v24_frozenskel,assets__results___archive__failed_skelnet_runs__v24_frozenskel__20260928-125010-v24-frozenskel,v24-frozenskel,assets/results/_archive/failed_skelnet_runs/v24_frozenskel/20260928-125010-v24-frozenskel/resolved_config.json,True,18,90000,0,,,,,,,,,,,,,,,DiT-2Cond-S/2,320,150000,flow,data/top10_style23/shards_std,True,data/50k_v2_glyph15k/shards_std,data/top10_style23/shards_aux_skel3,0.0,,True,,,7765,,4,False,,,assets/callig_script_id_map_top10.json,,False,8,0.0,,,,,1,,,,"seen:assets/eval_top10_seen_20.csv:20,strict:assets/eval_top10_strict_subset84.csv:84",assets/eval_top10_seen_20.csv,,,,,,,,0.0005,,0.9999,shards_std,shards_aux_skel3,"other:seen:assets/eval_top10_seen_20.csv:20,st",True,std,False,False,True,4
assets/results/_archive/failed_skelnet_runs/v24_frozenskel_corrupt_xavier_bak/20260928-071919-v24-frozenskel,assets/results/_archive/failed_skelnet_runs/v24_frozenskel_corrupt_xavier_bak,assets__results___archive__failed_skelnet_runs__v24_frozenskel_corrupt_xavier_bak__20260928-071919-v24-frozenskel,v24-frozenskel,assets/results/_archive/failed_skelnet_runs/v24_frozenskel_corrupt_xavier_bak/20260928-071919-v24-frozenskel/resolved_config.json,True,17,85000,0,,,,,,,,,,,,,,,DiT-2Cond-S/2,320,150000,flow,data/top10_style23/shards_std,True,data/50k_v2_glyph15k/shards_std,data/top10_style23/shards_aux_skel3,0.0,,True,,,7765,,4,False,,,assets/callig_script_id_map_top10.json,,False,8,0.0,,,,,1,,,,"seen:assets/eval_top10_seen_20.csv:20,strict:assets/eval_top10_strict_subset84.csv:84",assets/eval_top10_seen_20.csv,,,,,,,,0.0005,,0.9999,shards_std,shards_aux_skel3,"other:seen:assets/eval_top10_seen_20.csv:20,st",True,std,False,False,True,4
assets/results/_archive/failed_skelnet_runs/v27_skelnet_front/20260929-120655-v27-skelnet-front,assets/results/_archive/failed_skelnet_runs/v27_skelnet_front,assets__results___archive__failed_skelnet_runs__v27_skelnet_front__20260929-120655-v27-skelnet-front,v27-skelnet-front,assets/results/_archive/failed_skelnet_runs/v27_skelnet_front/20260929-120655-v27-skelnet-front/resolved_config.json,True,0,,0,,,,,,,,,,,,,,,DiT-2Cond-S/2,320,50000,flow,data/top10_style23/shards_std,True,data/top10_style23/gt_skel_eval_strict84,data/top10_style23/shards_aux_skel3,0.0,,True,,,7765,,4,False,,,assets/callig_script_id_map_top10.json,,False,8,0.0,,,,,1,,,,"seen:assets/eval_top10_seen_20.csv:20,strict:assets/eval_top10_strict_subset84.csv:84,seen_pred:assets/eval_top10_seen_20.csv:20,strict_pred:assets/eval_top10_strict_subset84.csv:84",test.csv,,,,,,,,0.0003,,0.9999,shards_std,shards_aux_skel3,"other:seen:assets/eval_top10_seen_20.csv:20,st",True,std,False,False,True,4
assets/results/_archive/failed_skelnet_runs/v27_skelnet_front/20260929-121000-v27-skelnet-front,assets/results/_archive/failed_skelnet_runs/v27_skelnet_front,assets__results___archive__failed_skelnet_runs__v27_skelnet_front__20260929-121000-v27-skelnet-front,v27-skelnet-front,assets/results/_archive/failed_skelnet_runs/v27_skelnet_front/20260929-121000-v27-skelnet-front/resolved_config.json,True,0,,0,,,,,,,,,,,,,,,DiT-2Cond-S/2,320,50000,flow,data/top10_style23/shards_std,True,data/top10_style23/gt_skel_eval_strict84,data/top10_style23/shards_aux_skel3,0.0,,True,,,7765,,4,False,,,assets/callig_script_id_map_top10.json,,False,8,0.0,,,,,1,,,,"seen:assets/eval_top10_seen_20.csv:20,strict:assets/eval_top10_strict_subset84.csv:84,seen_pred:assets/eval_top10_seen_20.csv:20,strict_pred:assets/eval_top10_strict_subset84.csv:84",assets/eval_top10_seen_20.csv,,,,,,,,0.0003,,0.9999,shards_std,shards_aux_skel3,"other:seen:assets/eval_top10_seen_20.csv:20,st",True,std,False,False,True,4
assets/results/_archive/failed_skelnet_runs/v27_skelnet_front/20260929-121241-v27-skelnet-front,assets/results/_archive/failed_skelnet_runs/v27_skelnet_front,assets__results___archive__failed_skelnet_runs__v27_skelnet_front__20260929-121241-v27-skelnet-front,v27-skelnet-front,assets/results/_archive/failed_skelnet_runs/v27_skelnet_front/20260929-121241-v27-skelnet-front/resolved_config.json,True,0,,0,,,,,,,,,,,,,,,DiT-2Cond-S/2,320,50000,flow,data/top10_style23/shards_std,True,data/50k_v2_glyph15k/shards_std,data/top10_style23/shards_aux_skel3,0.0,,True,,,7765,,4,False,,,assets/callig_script_id_map_top10.json,,False,8,0.0,,,,,1,,,,"seen:assets/eval_top10_seen_20.csv:20,strict:assets/eval_top10_strict_subset84.csv:84",assets/eval_top10_seen_20.csv,,,,,,,,0.0003,,0.9999,shards_std,shards_aux_skel3,"other:seen:assets/eval_top10_seen_20.csv:20,st",True,std,False,False,True,4
assets/results/_archive/failed_skelnet_runs/v27_skelnet_front/20260929-121535-v27-skelnet-front,assets/results/_archive/failed_skelnet_runs/v27_skelnet_front,assets__results___archive__failed_skelnet_runs__v27_skelnet_front__20260929-121535-v27-skelnet-front,v27-skelnet-front,assets/results/_archive/failed_skelnet_runs/v27_skelnet_front/20260929-121535-v27-skelnet-front/resolved_config.json,True,0,,0,,,,,,,,,,,,,,,DiT-2Cond-S/2,512,50000,flow,data/top10_style23/shards_std,True,data/50k_v2_glyph15k/shards_std,data/top10_style23/shards_aux_skel3,0.0,,True,,,7765,,4,False,,,assets/callig_script_id_map_top10.json,,False,8,0.0,,,,,1,,,,"seen:assets/eval_top10_seen_20.csv:20,strict:assets/eval_top10_strict_subset84.csv:84",assets/eval_top10_seen_20.csv,,,,,,,,0.0003,,0.9999,shards_std,shards_aux_skel3,"other:seen:assets/eval_top10_seen_20.csv:20,st",True,std,False,False,True,4
assets/results/_archive/failed_skelnet_runs/v27_skelnet_front/20260929-121819-v27-skelnet-front,assets/results/_archive/failed_skelnet_runs/v27_skelnet_front,assets__results___archive__failed_skelnet_runs__v27_skelnet_front__20260929-121819-v27-skelnet-front,v27-skelnet-front,assets/results/_archive/failed_skelnet_runs/v27_skelnet_front/20260929-121819-v27-skelnet-front/resolved_config.json,True,3,15000,0,,,,,,,,,,,,,,,DiT-2Cond-S/2,448,50000,flow,data/top10_style23/shards_std,True,data/50k_v2_glyph15k/shards_std,data/top10_style23/shards_aux_skel3,0.0,,True,,,7765,,4,False,,,assets/callig_script_id_map_top10.json,,False,8,0.0,,,,,1,,,,"seen:assets/eval_top10_seen_20.csv:20,strict:assets/eval_top10_strict_subset84.csv:84",assets/eval_top10_seen_20.csv,,,,,,,,0.0003,,0.9999,shards_std,shards_aux_skel3,"other:seen:assets/eval_top10_seen_20.csv:20,st",True,std,False,False,True,4
assets/results/_archive/failed_skelnet_runs/v28_reg/20260929-133625-v28-reg,assets/results/_archive/failed_skelnet_runs/v28_reg,assets__results___archive__failed_skelnet_runs__v28_reg__20260929-133625-v28-reg,v28-reg,assets/results/_archive/failed_skelnet_runs/v28_reg/20260929-133625-v28-reg/resolved_config.json,True,0,,0,,,,,,,,,,,,,,,DiT-2Cond-S/2,448,50000,flow,data/top10_style23/shards_std,True,data/50k_v2_glyph15k/shards_std,data/top10_style23/shards_aux_skel3,0.0,,True,,,7765,,4,False,,,assets/callig_script_id_map_top10.json,,False,8,0.0,,,,,1,,,,"seen:assets/eval_top10_seen_20.csv:20,strict:assets/eval_top10_strict_subset84.csv:84",assets/eval_top10_seen_20.csv,,,,,,,,0.0003,,0.9999,shards_std,shards_aux_skel3,"other:seen:assets/eval_top10_seen_20.csv:20,st",True,std,False,False,True,4
assets/results/_archive/failed_skelnet_runs/v28_reg/20260929-133923-v28-reg,assets/results/_archive/failed_skelnet_runs/v28_reg,assets__results___archive__failed_skelnet_runs__v28_reg__20260929-133923-v28-reg,v28-reg,assets/results/_archive/failed_skelnet_runs/v28_reg/20260929-133923-v28-reg/resolved_config.json,True,3,15000,0,,,,,,,,,,,,,,,DiT-2Cond-S/2,448,50000,flow,data/top10_style23/shards_std,True,data/50k_v2_glyph15k/shards_std,data/top10_style23/shards_aux_skel3,0.0,,True,,,7765,,4,False,,,assets/callig_script_id_map_top10.json,,False,8,0.0,,,,,1,,,,"seen:assets/eval_top10_seen_20.csv:20,strict:assets/eval_top10_strict_subset84.csv:84",assets/eval_top10_seen_20.csv,,,,,,,,0.0003,,0.9999,shards_std,shards_aux_skel3,"other:seen:assets/eval_top10_seen_20.csv:20,st",True,std,False,False,True,4
assets/results/_archive/failed_skelnet_runs/v29_skelnet_v2/20260929-150731-v29_skelnet_v2,assets/results/_archive/failed_skelnet_runs/v29_skelnet_v2,assets__results___archive__failed_skelnet_runs__v29_skelnet_v2__20260929-150731-v29_skelnet_v2,v29_skelnet_v2,assets/results/_archive/failed_skelnet_runs/v29_skelnet_v2/20260929-150731-v29_skelnet_v2/resolved_config.json,True,5,25000,0,,,,,,,,,,,,,,,DiT-2Cond-S/2,448,50000,flow,data/top10_style23/shards_std,True,data/50k_v2_glyph15k/shards_std,data/top10_style23/shards_aux_skel3,0.0,,True,,,7765,,4,False,,,assets/callig_script_id_map_top10.json,,False,8,0.0,,,,,1,,,,"seen:assets/eval_top10_seen_20.csv:20,strict:assets/eval_top10_strict_subset84.csv:84",assets/eval_top10_seen_20.csv,,,,,,,,0.0003,,0.9999,shards_std,shards_aux_skel3,"other:seen:assets/eval_top10_seen_20.csv:20,st",True,std,False,False,True,4
assets/results/_archive/failed_skelnet_runs/v29_skelnet_v2/20260929-181027-v29_skelnet_v2,assets/results/_archive/failed_skelnet_runs/v29_skelnet_v2,assets__results___archive__failed_skelnet_runs__v29_skelnet_v2__20260929-181027-v29_skelnet_v2,v29_skelnet_v2,assets/results/_archive/failed_skelnet_runs/v29_skelnet_v2/20260929-181027-v29_skelnet_v2/resolved_config.json,True,0,,0,,,,,,,,,,,,,,,DiT-2Cond-S/2,448,50000,flow,data/top10_style23/shards_std,True,data/50k_v2_glyph15k/shards_std,data/top10_style23/shards_aux_skel3,0.5,assets/structure_probes/latent_skel_probe_v1_mse/best.pt,True,,,7765,,4,False,,,assets/callig_script_id_map_top10.json,,False,8,0.0,,,,,1,,,,"seen:assets/eval_top10_seen_20.csv:20,strict:assets/eval_top10_strict_subset84.csv:84",assets/eval_top10_seen_20.csv,,,,,,,,0.0003,,0.9999,shards_std,shards_aux_skel3,"other:seen:assets/eval_top10_seen_20.csv:20,st",True,std,False,False,True,4
assets/results/_archive/failed_skelnet_runs/v29_skelnet_v2/20260929-192311-v29_skelnet_v2,assets/results/_archive/failed_skelnet_runs/v29_skelnet_v2,assets__results___archive__failed_skelnet_runs__v29_skelnet_v2__20260929-192311-v29_skelnet_v2,v29_skelnet_v2,assets/results/_archive/failed_skelnet_runs/v29_skelnet_v2/20260929-192311-v29_skelnet_v2/resolved_config.json,True,0,,0,,,,,,,,,,,,,,,DiT-2Cond-S/2,448,1,flow,data/top10_style23/shards_std,True,data/50k_v2_glyph15k/shards_std,data/top10_style23/shards_aux_skel3,0.0,,True,,,7765,,4,False,,,assets/callig_script_id_map_top10.json,,False,8,0.0,,,,,1,,,,"seen:assets/eval_top10_seen_20.csv:20,strict:assets/eval_top10_strict_subset84.csv:84",assets/eval_top10_seen_20.csv,,,,,,,,0.0003,,0.9999,shards_std,shards_aux_skel3,"other:seen:assets/eval_top10_seen_20.csv:20,st",True,std,False,False,True,4
assets/results/_archive/failed_skelnet_runs/v29_skelnet_v2/20260929-192320-v29_skelnet_v2,assets/results/_archive/failed_skelnet_runs/v29_skelnet_v2,assets__results___archive__failed_skelnet_runs__v29_skelnet_v2__20260929-192320-v29_skelnet_v2,v29_skelnet_v2,assets/results/_archive/failed_skelnet_runs/v29_skelnet_v2/20260929-192320-v29_skelnet_v2/resolved_config.json,True,0,,0,,,,,,,,,,,,,,,DiT-2Cond-S/2,448,1,flow,data/top10_style23/shards_std,True,data/50k_v2_glyph15k/shards_std,data/top10_style23/shards_aux_skel3,0.0,,True,,,7765,,4,False,,,assets/callig_script_id_map_top10.json,,False,8,0.0,,,,,1,,,,"seen:assets/eval_top10_seen_20.csv:20,strict:assets/eval_top10_strict_subset84.csv:84",assets/eval_top10_seen_20.csv,,,,,,,,0.0003,,0.9999,shards_std,shards_aux_skel3,"other:seen:assets/eval_top10_seen_20.csv:20,st",True,std,False,False,True,4
assets/results/_archive/failed_skelnet_runs/v29_skelnet_v2/20260929-192447-v29_skelnet_v2,assets/results/_archive/failed_skelnet_runs/v29_skelnet_v2,assets__results___archive__failed_skelnet_runs__v29_skelnet_v2__20260929-192447-v29_skelnet_v2,v29_skelnet_v2,assets/results/_archive/failed_skelnet_runs/v29_skelnet_v2/20260929-192447-v29_skelnet_v2/resolved_config.json,True,0,,0,,,,,,,,,,,,,,,DiT-2Cond-S/2,448,1,flow,data/top10_style23/shards_std,True,data/50k_v2_glyph15k/shards_std,data/top10_style23/shards_aux_skel3,0.0,,True,,,7765,,4,False,,,assets/callig_script_id_map_top10.json,,False,8,0.0,,,,,1,,,,"seen:assets/eval_top10_seen_20.csv:20,strict:assets/eval_top10_strict_subset84.csv:84",assets/eval_top10_seen_20.csv,,,,,,,,0.0003,,0.9999,shards_std,shards_aux_skel3,"other:seen:assets/eval_top10_seen_20.csv:20,st",True,std,False,False,True,4
assets/results/_archive/failed_skelnet_runs/v29_skelnet_v2/20260929-192558-v29_skelnet_v2,assets/results/_archive/failed_skelnet_runs/v29_skelnet_v2,assets__results___archive__failed_skelnet_runs__v29_skelnet_v2__20260929-192558-v29_skelnet_v2,v29_skelnet_v2,assets/results/_archive/failed_skelnet_runs/v29_skelnet_v2/20260929-192558-v29_skelnet_v2/resolved_config.json,True,0,,0,,,,,,,,,,,,,,,DiT-2Cond-S/2,448,1,flow,data/top10_style23/shards_std,True,data/50k_v2_glyph15k/shards_std,data/top10_style23/shards_aux_skel3,0.0,,True,,,7765,,4,False,,,assets/callig_script_id_map_top10.json,,False,8,0.0,,,,,1,,,,"seen:assets/eval_top10_seen_20.csv:20,strict:assets/eval_top10_strict_subset84.csv:84",assets/eval_top10_seen_20.csv,,,,,,,,0.0003,,0.9999,shards_std,shards_aux_skel3,"other:seen:assets/eval_top10_seen_20.csv:20,st",True,std,False,False,True,4
assets/results/_archive/failed_skelnet_runs/v29_skelnet_v2/20260929-202322-v29_skelnet_v2,assets/results/_archive/failed_skelnet_runs/v29_skelnet_v2,assets__results___archive__failed_skelnet_runs__v29_skelnet_v2__20260929-202322-v29_skelnet_v2,v29_skelnet_v2,assets/results/_archive/failed_skelnet_runs/v29_skelnet_v2/20260929-202322-v29_skelnet_v2/resolved_config.json,True,0,,0,,,,,,,,,,,,,,,DiT-2Cond-S/2,448,1,flow,data/top10_style23/shards_std,True,data/50k_v2_glyph15k/shards_std,data/top10_style23/shards_aux_skel3,0.0,,True,,,7765,,4,False,,,assets/callig_script_id_map_top10.json,,False,8,0.0,,,,,1,,,,"seen:assets/eval_top10_seen_20.csv:20,strict:assets/eval_top10_strict_subset84.csv:84",assets/eval_top10_seen_20.csv,,,,,,,,0.0003,,0.9999,shards_std,shards_aux_skel3,"other:seen:assets/eval_top10_seen_20.csv:20,st",True,std,False,False,True,4
assets/results/_archive/failed_skelnet_runs/v30_union_LEAKED_20260930/20260930-182328-v30-union,assets/results/_archive/failed_skelnet_runs/v30_union_LEAKED_20260930,assets__results___archive__failed_skelnet_runs__v30_union_LEAKED_20260930__20260930-182328-v30-union,v30-union,assets/results/_archive/failed_skelnet_runs/v30_union_LEAKED_20260930/20260930-182328-v30-union/resolved_config.json,True,1,2500,0,,,,,,,,,,,,,,,,,60000,,,,,,,,,,,,,,,,,,,,,,,,,,,,,,,,,,,,,,,,,0.9999,,,"unknown(老 run, 见 eval_auto json)",False,-,False,True,False,0
assets/results/_archive/failed_skelnet_runs/v30_union_LEAKED_20260930/20260930-194532-v30-union,assets/results/_archive/failed_skelnet_runs/v30_union_LEAKED_20260930,assets__results___archive__failed_skelnet_runs__v30_union_LEAKED_20260930__20260930-194532-v30-union,v30-union,assets/results/_archive/failed_skelnet_runs/v30_union_LEAKED_20260930/20260930-194532-v30-union/resolved_config.json,True,0,,0,,,,,,,,,,,,,,,,,60000,,,,,,,,,,,,,,,,,,,,,,,,,,,,,,,,,,,,,,,,,0.9999,,,"unknown(老 run, 见 eval_auto json)",False,-,False,True,False,0
assets/results/_archive/failed_skelnet_runs/v31union/20261001-203217-v31union,assets/results/_archive/failed_skelnet_runs/v31union,assets__results___archive__failed_skelnet_runs__v31union__20261001-203217-v31union,v31union,assets/results/_archive/failed_skelnet_runs/v31union/20261001-203217-v31union/resolved_config.json,True,0,,0,,,,,,,,,,,,,,,,,40000,,,,,,,,,,,,,,,,,,,,,,,,,,,,,,,,,,,,,,,,,0.9999,,,"unknown(老 run, 见 eval_auto json)",False,-,False,True,False,0
assets/results/_archive/failed_skelnet_runs/v36_union/20261001-201440-v36-union,assets/results/_archive/failed_skelnet_runs/v36_union,assets__results___archive__failed_skelnet_runs__v36_union__20261001-201440-v36-union,v36-union,assets/results/_archive/failed_skelnet_runs/v36_union/20261001-201440-v36-union/resolved_config.json,True,0,,0,,,,,,,,,,,,,,,,,40000,,,,,,,,,,,,,,,,,,,,,,,,,,,,,,,,,,,,,,,,,0.9999,,,"unknown(老 run, 见 eval_auto json)",False,-,False,True,False,0
assets/results/_archive/failed_skelnet_runs/v36_union/20261001-201519-v36-union,assets/results/_archive/failed_skelnet_runs/v36_union,assets__results___archive__failed_skelnet_runs__v36_union__20261001-201519-v36-union,v36-union,assets/results/_archive/failed_skelnet_runs/v36_union/20261001-201519-v36-union/resolved_config.json,True,0,,0,,,,,,,,,,,,,,,,,40000,,,,,,,,,,,,,,,,,,,,,,,,,,,,,,,,,,,,,,,,,0.9999,,,"unknown(老 run, 见 eval_auto json)",False,-,False,True,False,0
assets/results/_archive/lrtest/20260909-175311-lrtest-5e-6,assets/results/_archive/lrtest,assets__results___archive__lrtest__20260909-175311-lrtest-5e-6,lrtest-5e-6,assets/results/_archive/lrtest/20260909-175311-lrtest-5e-6/resolved_config.json,True,0,,0,,,,,,,,,,,,,,,DiT-2Cond-Sp/2,128,177000,flow,std_skel1_latents_fame_e,True,,,0.0,,True,,,35130,,12,False,,,,,False,,0.03,,,,,,,,,,5script/eval_seen_v10.csv,,,,,,,,5e-06,,0.9999,std_skel1_latents_fame_e,,eval_seen_v10,True,std,False,False,False,12
assets/results/_archive/lrtest/20260909-175319-lrtest-1.5e-5,assets/results/_archive/lrtest,assets__results___archive__lrtest__20260909-175319-lrtest-1.5e-5,lrtest-1.5e-5,assets/results/_archive/lrtest/20260909-175319-lrtest-1.5e-5/resolved_config.json,True,0,,0,,,,,,,,,,,,,,,DiT-2Cond-Sp/2,128,177000,flow,std_skel1_latents_fame_e,True,,,0.0,,True,,,35130,,12,False,,,,,False,,0.03,,,,,,,,,,5script/eval_seen_v10.csv,,,,,,,,1.5e-05,,0.9999,std_skel1_latents_fame_e,,eval_seen_v10,True,std,False,False,False,12
assets/results/_archive/lrtest/20260909-175327-lrtest-5e-5,assets/results/_archive/lrtest,assets__results___archive__lrtest__20260909-175327-lrtest-5e-5,lrtest-5e-5,assets/results/_archive/lrtest/20260909-175327-lrtest-5e-5/resolved_config.json,True,0,,0,,,,,,,,,,,,,,,DiT-2Cond-Sp/2,128,177000,flow,std_skel1_latents_fame_e,True,,,0.0,,True,,,35130,,12,False,,,,,False,,0.03,,,,,,,,,,5script/eval_seen_v10.csv,,,,,,,,5e-05,,0.9999,std_skel1_latents_fame_e,,eval_seen_v10,True,std,False,False,False,12
assets/results/_archive/lrtest/20260909-175335-lrtest-1.5e-4,assets/results/_archive/lrtest,assets__results___archive__lrtest__20260909-175335-lrtest-1.5e-4,lrtest-1.5e-4,assets/results/_archive/lrtest/20260909-175335-lrtest-1.5e-4/resolved_config.json,True,0,,0,,,,,,,,,,,,,,,DiT-2Cond-Sp/2,128,177000,flow,std_skel1_latents_fame_e,True,,,0.0,,True,,,35130,,12,False,,,,,False,,0.03,,,,,,,,,,5script/eval_seen_v10.csv,,,,,,,,0.00015,,0.9999,std_skel1_latents_fame_e,,eval_seen_v10,True,std,False,False,False,12
assets/results/_archive/lrtest/20260909-175529-lrtest-5e-6,assets/results/_archive/lrtest,assets__results___archive__lrtest__20260909-175529-lrtest-5e-6,lrtest-5e-6,assets/results/_archive/lrtest/20260909-175529-lrtest-5e-6/resolved_config.json,True,0,,0,,,,,,,,,,,,,,,DiT-2Cond-Sp/2,128,177000,flow,std_skel1_latents_fame_e,True,,,0.0,,True,,,35130,,12,False,,,,,False,,0.03,,,,,,,,,,5script/eval_seen_v10.csv,,,,,,,,5e-06,,0.9999,std_skel1_latents_fame_e,,eval_seen_v10,True,std,False,False,False,12
assets/results/_archive/lrtest/20260909-175541-lrtest-1.5e-5,assets/results/_archive/lrtest,assets__results___archive__lrtest__20260909-175541-lrtest-1.5e-5,lrtest-1.5e-5,assets/results/_archive/lrtest/20260909-175541-lrtest-1.5e-5/resolved_config.json,True,0,,0,,,,,,,,,,,,,,,DiT-2Cond-Sp/2,128,177000,flow,std_skel1_latents_fame_e,True,,,0.0,,True,,,35130,,12,False,,,,,False,,0.03,,,,,,,,,,5script/eval_seen_v10.csv,,,,,,,,1.5e-05,,0.9999,std_skel1_latents_fame_e,,eval_seen_v10,True,std,False,False,False,12
assets/results/_archive/lrtest/20260909-175553-lrtest-5e-5,assets/results/_archive/lrtest,assets__results___archive__lrtest__20260909-175553-lrtest-5e-5,lrtest-5e-5,assets/results/_archive/lrtest/20260909-175553-lrtest-5e-5/resolved_config.json,True,0,,0,,,,,,,,,,,,,,,DiT-2Cond-Sp/2,128,177000,flow,std_skel1_latents_fame_e,True,,,0.0,,True,,,35130,,12,False,,,,,False,,0.03,,,,,,,,,,5script/eval_seen_v10.csv,,,,,,,,5e-05,,0.9999,std_skel1_latents_fame_e,,eval_seen_v10,True,std,False,False,False,12
assets/results/_archive/lrtest/20260909-175604-lrtest-1.5e-4,assets/results/_archive/lrtest,assets__results___archive__lrtest__20260909-175604-lrtest-1.5e-4,lrtest-1.5e-4,assets/results/_archive/lrtest/20260909-175604-lrtest-1.5e-4/resolved_config.json,True,0,,0,,,,,,,,,,,,,,,DiT-2Cond-Sp/2,128,177000,flow,std_skel1_latents_fame_e,True,,,0.0,,True,,,35130,,12,False,,,,,False,,0.03,,,,,,,,,,5script/eval_seen_v10.csv,,,,,,,,0.00015,,0.9999,std_skel1_latents_fame_e,,eval_seen_v10,True,std,False,False,False,12
assets/results/_archive/lrtest/20260909-175836-lrtest-5e-6,assets/results/_archive/lrtest,assets__results___archive__lrtest__20260909-175836-lrtest-5e-6,lrtest-5e-6,assets/results/_archive/lrtest/20260909-175836-lrtest-5e-6/resolved_config.json,True,0,,0,,,,,,,,,,,,,,,DiT-2Cond-Sp/2,128,177000,flow,std_skel1_latents_fame_e,True,,,0.0,,True,,,35130,,12,False,,,,,False,,0.03,,,,,,,,,,5script/eval_seen_v10.csv,,,,,,,,5e-06,,0.9999,std_skel1_latents_fame_e,,eval_seen_v10,True,std,False,False,False,12
assets/results/_archive/lrtest/20260909-180124-lrtest-1.5e-5,assets/results/_archive/lrtest,assets__results___archive__lrtest__20260909-180124-lrtest-1.5e-5,lrtest-1.5e-5,assets/results/_archive/lrtest/20260909-180124-lrtest-1.5e-5/resolved_config.json,True,0,,0,,,,,,,,,,,,,,,DiT-2Cond-Sp/2,128,177000,flow,std_skel1_latents_fame_e,True,,,0.0,,True,,,35130,,12,False,,,,,False,,0.03,,,,,,,,,,5script/eval_seen_v10.csv,,,,,,,,1.5e-05,,0.9999,std_skel1_latents_fame_e,,eval_seen_v10,True,std,False,False,False,12
assets/results/_archive/lrtest/20260909-180411-lrtest-5e-5,assets/results/_archive/lrtest,assets__results___archive__lrtest__20260909-180411-lrtest-5e-5,lrtest-5e-5,assets/results/_archive/lrtest/20260909-180411-lrtest-5e-5/resolved_config.json,True,0,,0,,,,,,,,,,,,,,,DiT-2Cond-Sp/2,128,177000,flow,std_skel1_latents_fame_e,True,,,0.0,,True,,,35130,,12,False,,,,,False,,0.03,,,,,,,,,,5script/eval_seen_v10.csv,,,,,,,,5e-05,,0.9999,std_skel1_latents_fame_e,,eval_seen_v10,True,std,False,False,False,12
assets/results/_archive/lrtest/20260909-180627-lrtest-5e-6,assets/results/_archive/lrtest,assets__results___archive__lrtest__20260909-180627-lrtest-5e-6,lrtest-5e-6,assets/results/_archive/lrtest/20260909-180627-lrtest-5e-6/resolved_config.json,True,0,,0,,,,,,,,,,,,,,,DiT-2Cond-Sp/2,128,177000,flow,std_skel1_latents_fame_e,True,,,0.0,,True,,,35130,,12,False,,,,,False,,0.03,,,,,,,,,,5script/eval_seen_v10.csv,,,,,,,,5e-06,,0.9999,std_skel1_latents_fame_e,,eval_seen_v10,True,std,False,False,False,12
assets/results/_archive/lrtest/20260909-181653-lrtest-1.5e-5,assets/results/_archive/lrtest,assets__results___archive__lrtest__20260909-181653-lrtest-1.5e-5,lrtest-1.5e-5,assets/results/_archive/lrtest/20260909-181653-lrtest-1.5e-5/resolved_config.json,True,0,,0,,,,,,,,,,,,,,,DiT-2Cond-Sp/2,128,177000,flow,std_skel1_latents_fame_e,True,,,0.0,,True,,,35130,,12,False,,,,,False,,0.03,,,,,,,,,,5script/eval_seen_v10.csv,,,,,,,,1.5e-05,,0.9999,std_skel1_latents_fame_e,,eval_seen_v10,True,std,False,False,False,12
assets/results/_archive/lrtest/20260909-182726-lrtest-5e-5,assets/results/_archive/lrtest,assets__results___archive__lrtest__20260909-182726-lrtest-5e-5,lrtest-5e-5,assets/results/_archive/lrtest/20260909-182726-lrtest-5e-5/resolved_config.json,True,0,,0,,,,,,,,,,,,,,,DiT-2Cond-Sp/2,128,177000,flow,std_skel1_latents_fame_e,True,,,0.0,,True,,,35130,,12,False,,,,,False,,0.03,,,,,,,,,,5script/eval_seen_v10.csv,,,,,,,,5e-05,,0.9999,std_skel1_latents_fame_e,,eval_seen_v10,True,std,False,False,False,12
assets/results/_archive/lrtest/20260909-183752-lrtest-1.5e-4,assets/results/_archive/lrtest,assets__results___archive__lrtest__20260909-183752-lrtest-1.5e-4,lrtest-1.5e-4,assets/results/_archive/lrtest/20260909-183752-lrtest-1.5e-4/resolved_config.json,True,0,,0,,,,,,,,,,,,,,,DiT-2Cond-Sp/2,128,177000,flow,std_skel1_latents_fame_e,True,,,0.0,,True,,,35130,,12,False,,,,,False,,0.03,,,,,,,,,,5script/eval_seen_v10.csv,,,,,,,,0.00015,,0.9999,std_skel1_latents_fame_e,,eval_seen_v10,True,std,False,False,False,12
assets/results/_archive/smoke_c41x_sty32/20260910-144545-smoke-c41x-sty32,assets/results/_archive/smoke_c41x_sty32,assets__results___archive__smoke_c41x_sty32__20260910-144545-smoke-c41x-sty32,smoke-c41x-sty32,assets/results/_archive/smoke_c41x_sty32/20260910-144545-smoke-c41x-sty32/resolved_config.json,True,1,1000,0,,,,,,,,,,,,,,,DiT-2Cond-Sp/2,128,1000,flow,std_skel1_latents_fame3_v8,True,,,0.0,,True,,,35130,,12,False,,,,,False,,0.03,,,,,,,,,,5script/eval_seen_v10.csv,,,,,,,,0.00015,,0.9999,std_skel1_latents_fame3_v8,,eval_seen_v10,True,std,False,False,False,12
assets/results/_archive/v10a_skel_cond_pretrain/20260906-010643-v10a-skel-cond-pretrain,assets/results/_archive/v10a_skel_cond_pretrain,assets__results___archive__v10a_skel_cond_pretrain__20260906-010643-v10a-skel-cond-pretrain,v10a-skel-cond-pretrain,assets/results/_archive/v10a_skel_cond_pretrain/20260906-010643-v10a-skel-cond-pretrain/resolved_config.json,True,1,22500,12,1000,22500,0.785675,22500,0.785675,0.748987,0.758859,0.782171,,,,,,,DiT-2Cond-S/2,320,150000,flow,final_skel_latents_fame_1px_v8,True,,,0.0,,,,,35130,,0,False,,,,,False,,0.1,,,,,,,,,,,,,,,,,,0.00015,,0.9999,final_skel_latents_fame_1px_v8,,"unknown(老 run, 见 eval_auto json)",True,other,False,True,False,0
assets/results/_archive/v10a_skel_cond_pretrain/20260906-054343-v10a-skel-cond-pretrain,assets/results/_archive/v10a_skel_cond_pretrain,assets__results___archive__v10a_skel_cond_pretrain__20260906-054343-v10a-skel-cond-pretrain,v10a-skel-cond-pretrain,assets/results/_archive/v10a_skel_cond_pretrain/20260906-054343-v10a-skel-cond-pretrain/resolved_config.json,True,0,,0,,,,,,,,,,,,,,,DiT-2Cond-S/2,320,150000,flow,final_skel_latents_fame_1px_v8,True,,,0.0,,False,,,35130,,0,False,,,,,False,,0.1,,,,,,,,,,,,,,,,,,0.00015,,0.9999,final_skel_latents_fame_1px_v8,,"unknown(老 run, 见 eval_auto json)",True,other,False,True,False,0
assets/results/_archive/v10a_skel_cond_pretrain/20260906-054549-v10a-skel-cond-pretrain,assets/results/_archive/v10a_skel_cond_pretrain,assets__results___archive__v10a_skel_cond_pretrain__20260906-054549-v10a-skel-cond-pretrain,v10a-skel-cond-pretrain,assets/results/_archive/v10a_skel_cond_pretrain/20260906-054549-v10a-skel-cond-pretrain/resolved_config.json,True,1,127500,40,25000,135000,0.847613,127500,0.847608,,,,0.800059,0.820399,0.827939,0.838135,0.84297,,DiT-2Cond-S/2,320,150000,flow,final_skel_latents_fame_1px_v8,True,,,0.0,,False,,,35130,,0,False,,,,,False,,0.1,,,,,,,,,,,,,,,,,,0.00015,,0.9999,final_skel_latents_fame_1px_v8,,"unknown(老 run, 见 eval_auto json)",True,other,False,True,False,0
assets/results/_archive/v10adino_skel_cond_pretrain/20260907-033105-v10a-dino-skel-cond-pretrain,assets/results/_archive/v10adino_skel_cond_pretrain,assets__results___archive__v10adino_skel_cond_pretrain__20260907-033105-v10a-dino-skel-cond-pretrain,v10a-dino-skel-cond-pretrain,assets/results/_archive/v10adino_skel_cond_pretrain/20260907-033105-v10a-dino-skel-cond-pretrain/resolved_config.json,True,1,80000,35,1000,80000,0.834833,77500,0.834423,0.758219,0.76494,0.777239,0.789952,0.808936,0.822268,0.834423,,,DiT-2Cond-S/2,320,150000,flow,final_skel_latents_fame_1px_v8,True,,,0.0,,False,,,35130,,0,False,,,,,True,,0.1,,,,,,,,,,,,,,,,,,0.00015,,0.9999,final_skel_latents_fame_1px_v8,,"unknown(老 run, 见 eval_auto json)",True,other,False,True,False,0
assets/results/_archive/v10b_skel_only_pretrain/20260906-175850-v10b-skel-only-pretrain,assets/results/_archive/v10b_skel_only_pretrain,assets__results___archive__v10b_skel_only_pretrain__20260906-175850-v10b-skel-only-pretrain,v10b-skel-only-pretrain,assets/results/_archive/v10b_skel_only_pretrain/20260906-175850-v10b-skel-only-pretrain/resolved_config.json,True,1,85000,28,1000,85000,0.840371,85000,0.840371,0.745531,0.754166,,0.778912,0.807441,0.825434,0.838698,,,DiT-2Cond-S/2,320,150000,flow,final_skel_latents_fame_1px_v8,True,,,0.0,,True,,,35130,,0,False,,,,,False,,0.1,,,,,,,,,,,,,,,,,,0.00015,,0.9999,final_skel_latents_fame_1px_v8,,"unknown(老 run, 见 eval_auto json)",True,other,False,False,False,0
assets/results/_archive/v10b_stdskel_fame3/20260907-144350-v10b-stdskel-fame3,assets/results/_archive/v10b_stdskel_fame3,assets__results___archive__v10b_stdskel_fame3__20260907-144350-v10b-stdskel-fame3,v10b-stdskel-fame3,assets/results/_archive/v10b_stdskel_fame3/20260907-144350-v10b-stdskel-fame3/resolved_config.json,True,1,57500,25,1000,57500,0.618474,50000,0.610688,0.576646,0.57095,0.600881,0.610578,0.618474,,,,,DiT-2Cond-S/2,320,80000,flow,std_skel1_latents_fame3_v8,True,,,0.0,,True,,,35130,,0,False,,,,,False,,0.1,,,,,,,,,,,,,,,,,,0.00015,,0.9999,std_skel1_latents_fame3_v8,,"unknown(老 run, 见 eval_auto json)",True,std,False,False,False,0
assets/results/_archive/v10b_stdskel_fame3_c41/20260908-171835-v10b-stdskel-fame3-c41,assets/results/_archive/v10b_stdskel_fame3_c41,assets__results___archive__v10b_stdskel_fame3_c41__20260908-171835-v10b-stdskel-fame3-c41,v10b-stdskel-fame3-c41,assets/results/_archive/v10b_stdskel_fame3_c41/20260908-171835-v10b-stdskel-fame3-c41/resolved_config.json,True,0,,0,,,,,,,,,,,,,,,DiT-2Cond-Sp/2,192,80000,flow,std_skel1_latents_fame3_v8,True,,,0.0,,True,,,35130,,4,False,,,,,False,,0.03,,,,,,,,,,5script/eval_seen_v10.csv,,,,,,,,0.00015,,0.9999,std_skel1_latents_fame3_v8,,eval_seen_v10,True,std,False,False,False,4
assets/results/_archive/v10b_stdskel_fame3_c41/20260908-172252-v10b-stdskel-fame3-c41,assets/results/_archive/v10b_stdskel_fame3_c41,assets__results___archive__v10b_stdskel_fame3_c41__20260908-172252-v10b-stdskel-fame3-c41,v10b-stdskel-fame3-c41,assets/results/_archive/v10b_stdskel_fame3_c41/20260908-172252-v10b-stdskel-fame3-c41/resolved_config.json,True,1,3000,0,,,,,,,,,,,,,,,DiT-2Cond-Sp/2,192,80000,flow,std_skel1_latents_fame3_v8,True,,,0.0,,True,,,35130,,4,False,,,,,False,,0.03,,,,,,,,,,5script/eval_seen_v10.csv,,,,,,,,0.00015,,0.9999,std_skel1_latents_fame3_v8,,eval_seen_v10,True,std,False,False,False,4
assets/results/_archive/v10b_stdskel_fame3_c41d01/20260908-174401-v10b-stdskel-fame3-c41d01,assets/results/_archive/v10b_stdskel_fame3_c41d01,assets__results___archive__v10b_stdskel_fame3_c41d01__20260908-174401-v10b-stdskel-fame3-c41d01,v10b-stdskel-fame3-c41d01,assets/results/_archive/v10b_stdskel_fame3_c41d01/20260908-174401-v10b-stdskel-fame3-c41d01/resolved_config.json,True,1,15000,0,,,,,,,,,,,,,,,DiT-2Cond-Sp/2,192,80000,flow,std_skel1_latents_fame3_v8,True,,,0.0,,True,,,35130,,4,False,,,,,False,,0.03,,,,,,,,,,5script/eval_seen_v10.csv,,,,,,,,0.00015,,0.9999,std_skel1_latents_fame3_v8,,eval_seen_v10,True,std,False,False,False,4
assets/results/_archive/v10b_stdskel_fame3_c41x_cos_clean/20260910-120052-v10b-stdskel-fame3-c41x-cos-clean,assets/results/_archive/v10b_stdskel_fame3_c41x_cos_clean,assets__results___archive__v10b_stdskel_fame3_c41x_cos_clean__20260910-120052-v10b-stdskel-fame3-c41x-cos-clean,v10b-stdskel-fame3-c41x-cos-clean,assets/results/_archive/v10b_stdskel_fame3_c41x_cos_clean/20260910-120052-v10b-stdskel-fame3-c41x-cos-clean/resolved_config.json,True,1,175000,1,175000,175000,0.750984,175000,0.750984,,,,,,,,,,DiT-2Cond-Sp/2,128,400000,flow,std_skel1_latents_fame_e,True,,,0.0,,True,,,35130,,12,False,,,,,False,,0.03,,,,,,,,,,5script/eval_seen_v10.csv,,,,,,,,5e-05,,0.9999,std_skel1_latents_fame_e,,eval_seen_v10,True,std,False,False,False,12
assets/results/_archive/v10b_stdskel_fame3_c41x_cos_e_struct/20260912-010838-v10b-stdskel-fame3-c41x-cos-e-struct,assets/results/_archive/v10b_stdskel_fame3_c41x_cos_e_struct,assets__results___archive__v10b_stdskel_fame3_c41x_cos_e_struct__20260912-010838-v10b-stdskel-fame3-c41x-cos-e-struct,v10b-stdskel-fame3-c41x-cos-e-struct,assets/results/_archive/v10b_stdskel_fame3_c41x_cos_e_struct/20260912-010838-v10b-stdskel-fame3-c41x-cos-e-struct/resolved_config.json,True,0,,0,,,,,,,,,,,,,,,DiT-2Cond-Sp/2,128,500000,flow,std_skel1_latents_fame_e,True,,,0.1,,True,,,7765,,12,False,,,,,False,,0.03,,,,,,,,,,5script/eval_seen_v10.csv,,,,,,,,5e-05,,0.9999,std_skel1_latents_fame_e,,eval_seen_v10,True,std,False,False,False,12
assets/results/_archive/v10b_stdskel_fame3_c41x_cos_e_struct/20260912-011838-v10b-stdskel-fame3-c41x-cos-e-struct,assets/results/_archive/v10b_stdskel_fame3_c41x_cos_e_struct,assets__results___archive__v10b_stdskel_fame3_c41x_cos_e_struct__20260912-011838-v10b-stdskel-fame3-c41x-cos-e-struct,v10b-stdskel-fame3-c41x-cos-e-struct,assets/results/_archive/v10b_stdskel_fame3_c41x_cos_e_struct/20260912-011838-v10b-stdskel-fame3-c41x-cos-e-struct/resolved_config.json,True,1,410000,2,400000,410000,0.741302,400000,0.734069,,,,,,,,,,DiT-2Cond-Sp/2,128,500000,flow,std_skel1_latents_fame_e,True,,,0.1,,True,,,7765,,12,False,,,,,False,,0.03,,,,,,,,,,5script/eval_seen_v10.csv,,,,,,,,5e-05,,0.9999,std_skel1_latents_fame_e,,eval_seen_v10,True,std,False,False,False,12
assets/results/_archive/v10b_stdskel_fame3_c41x_cos_e_struct_sk002/20260912-025853-v10b-stdskel-fame3-c41x-cos-e-struct-sk002,assets/results/_archive/v10b_stdskel_fame3_c41x_cos_e_struct_sk002,assets__results___archive__v10b_stdskel_fame3_c41x_cos_e_struct_sk002__20260912-025853-v10b-stdskel-fame3-c41x-cos-e-struct-sk002,v10b-stdskel-fame3-c41x-cos-e-struct-sk002,assets/results/_archive/v10b_stdskel_fame3_c41x_cos_e_struct_sk002/20260912-025853-v10b-stdskel-fame3-c41x-cos-e-struct-sk002/resolved_config.json,True,0,,0,,,,,,,,,,,,,,,DiT-2Cond-Sp/2,128,500000,flow,std_skel1_latents_fame_e,True,,,0.02,,True,,,7765,,12,False,,,,,False,,0.03,,,,,,,,,,5script/eval_seen_v10.csv,,,,,,,,5e-05,,0.9999,std_skel1_latents_fame_e,,eval_seen_v10,True,std,False,False,False,12
assets/results/_archive/v10b_stdskel_fame3_c41x_scratch/20260910-133702-v10b-stdskel-fame3-c41x-scratch,assets/results/_archive/v10b_stdskel_fame3_c41x_scratch,assets__results___archive__v10b_stdskel_fame3_c41x_scratch__20260910-133702-v10b-stdskel-fame3-c41x-scratch,v10b-stdskel-fame3-c41x-scratch,assets/results/_archive/v10b_stdskel_fame3_c41x_scratch/20260910-133702-v10b-stdskel-fame3-c41x-scratch/resolved_config.json,True,1,12500,7,1000,12500,0.502902,12500,0.502902,0.478509,,,,,,,,,DiT-2Cond-Sp/2,128,400000,flow,std_skel1_latents_fame_e,True,,,0.0,,True,,,35130,,12,False,,,,,False,,0.03,,,,,,,,,,5script/eval_seen_v10.csv,,,,,,,,5e-05,,0.9999,std_skel1_latents_fame_e,,eval_seen_v10,True,std,False,False,False,12
assets/results/_archive/v10b_stdskel_fame3_c41x_scratch/20260910-172525-v10b-stdskel-fame3-c41x-scratch,assets/results/_archive/v10b_stdskel_fame3_c41x_scratch,assets__results___archive__v10b_stdskel_fame3_c41x_scratch__20260910-172525-v10b-stdskel-fame3-c41x-scratch,v10b-stdskel-fame3-c41x-scratch,assets/results/_archive/v10b_stdskel_fame3_c41x_scratch/20260910-172525-v10b-stdskel-fame3-c41x-scratch/resolved_config.json,True,0,,0,,,,,,,,,,,,,,,DiT-2Cond-Sp/2,128,400000,flow,std_skel1_latents_fame_e,True,,,0.0,,True,,,35130,,12,False,,,,,False,,0.03,,,,,,,,,,5script/eval_seen_v10.csv,,,,,,,,5e-05,,0.9999,std_skel1_latents_fame_e,,eval_seen_v10,True,std,False,False,False,12
assets/results/_archive/v10b_stdskel_fame3_d01/20260907-211427-v10b-stdskel-fame3-d01,assets/results/_archive/v10b_stdskel_fame3_d01,assets__results___archive__v10b_stdskel_fame3_d01__20260907-211427-v10b-stdskel-fame3-d01,v10b-stdskel-fame3-d01,assets/results/_archive/v10b_stdskel_fame3_d01/20260907-211427-v10b-stdskel-fame3-d01/resolved_config.json,True,1,22500,7,1000,17500,0.595962,17500,0.595962,0.579906,0.574181,,,,,,,,DiT-2Cond-S/2,320,80000,flow,std_skel1_latents_fame3_v8,True,,,0.0,,True,,,35130,,0,False,,,,,False,,0.1,,,,,,,,,,,,,,,,,,0.00015,,0.9999,std_skel1_latents_fame3_v8,,"unknown(老 run, 见 eval_auto json)",True,std,False,False,False,0
assets/results/_archive/v10b_stdskel_fame3_deep/20260908-003035-v10b-stdskel-fame3-deep,assets/results/_archive/v10b_stdskel_fame3_deep,assets__results___archive__v10b_stdskel_fame3_deep__20260908-003035-v10b-stdskel-fame3-deep,v10b-stdskel-fame3-deep,assets/results/_archive/v10b_stdskel_fame3_deep/20260908-003035-v10b-stdskel-fame3-deep/resolved_config.json,True,1,32500,13,1000,30000,0.611722,30000,0.611722,0.574367,0.577106,0.601552,,,,,,,DiT-2Cond-S/2,320,80000,flow,std_skel1_latents_fame3_v8,True,,,0.0,,True,,,35130,,0,False,,,,,False,,0.1,,,,,,,,,,,,,,,,,,0.00015,,0.9999,std_skel1_latents_fame3_v8,,"unknown(老 run, 见 eval_auto json)",True,std,False,False,False,0
assets/results/_archive/v10b_stdskel_fame3_deep/20260908-040914-v10b-stdskel-fame3-deep,assets/results/_archive/v10b_stdskel_fame3_deep,assets__results___archive__v10b_stdskel_fame3_deep__20260908-040914-v10b-stdskel-fame3-deep,v10b-stdskel-fame3-deep,assets/results/_archive/v10b_stdskel_fame3_deep/20260908-040914-v10b-stdskel-fame3-deep/resolved_config.json,True,0,,0,,,,,,,,,,,,,,,DiT-2Cond-S/2,320,80000,flow,std_skel1_latents_fame3_v8,True,,,0.0,,True,,,35130,,0,False,,,,,False,,0.1,,,,,,,,,,5script/eval_seen_clean_v9.csv,,,,,,,,0.00015,,0.9999,std_skel1_latents_fame3_v8,,other: 5script/eval_seen_clean_v9.csv  ,True,std,False,False,False,0
assets/results/_archive/v10b_stdskel_fame3_mid/20260907-234643-v10b-stdskel-fame3-mid,assets/results/_archive/v10b_stdskel_fame3_mid,assets__results___archive__v10b_stdskel_fame3_mid__20260907-234643-v10b-stdskel-fame3-mid,v10b-stdskel-fame3-mid,assets/results/_archive/v10b_stdskel_fame3_mid/20260907-234643-v10b-stdskel-fame3-mid/resolved_config.json,True,0,,0,,,,,,,,,,,,,,,DiT-2Cond-S/2,320,80000,flow,std_skel1_latents_fame3_v8,True,,,0.0,,True,,,35130,,0,False,,,,,False,,0.1,,,,,,,,,,,,,,,,,,0.00015,,0.9999,std_skel1_latents_fame3_v8,,"unknown(老 run, 见 eval_auto json)",True,std,False,False,False,0
assets/results/_archive/v10b_stdskel_fame3_mid/20260907-235343-v10b-stdskel-fame3-mid,assets/results/_archive/v10b_stdskel_fame3_mid,assets__results___archive__v10b_stdskel_fame3_mid__20260907-235343-v10b-stdskel-fame3-mid,v10b-stdskel-fame3-mid,assets/results/_archive/v10b_stdskel_fame3_mid/20260907-235343-v10b-stdskel-fame3-mid/resolved_config.json,True,1,5000,1,1000,1000,0.544927,1000,0.544927,,,,,,,,,,DiT-2Cond-S/2,320,80000,flow,std_skel1_latents_fame3_v8,True,,,0.0,,True,,,35130,,0,False,,,,,False,,0.1,,,,,,,,,,,,,,,,,,0.00015,,0.9999,std_skel1_latents_fame3_v8,,"unknown(老 run, 见 eval_auto json)",True,std,False,False,False,0
assets/results/_archive/v10b_stdskel_fame3_scratch_sty32/20260910-173813-v10b-stdskel-fame3-scratch-sty32,assets/results/_archive/v10b_stdskel_fame3_scratch_sty32,assets__results___archive__v10b_stdskel_fame3_scratch_sty32__20260910-173813-v10b-stdskel-fame3-scratch-sty32,v10b-stdskel-fame3-scratch-sty32,assets/results/_archive/v10b_stdskel_fame3_scratch_sty32/20260910-173813-v10b-stdskel-fame3-scratch-sty32/resolved_config.json,True,1,47500,19,1000,47500,0.521211,47500,0.521211,0.489969,0.515069,0.506606,0.512317,,,,,,DiT-2Cond-Sp/2,128,60000,flow,std_skel1_latents_fame_e,True,,,0.0,,True,,,7765,,12,False,,,,,False,,0.03,,,,,,,,,,5script/eval_seen_v10.csv,,,,,,,,5e-05,,0.9999,std_skel1_latents_fame_e,,eval_seen_v10,True,std,False,False,False,12
assets/results/_archive/v10b_stdskel_fame3_scratch_sty32/20260910-205828-v10b-stdskel-fame3-scratch-sty32,assets/results/_archive/v10b_stdskel_fame3_scratch_sty32,assets__results___archive__v10b_stdskel_fame3_scratch_sty32__20260910-205828-v10b-stdskel-fame3-scratch-sty32,v10b-stdskel-fame3-scratch-sty32,assets/results/_archive/v10b_stdskel_fame3_scratch_sty32/20260910-205828-v10b-stdskel-fame3-scratch-sty32/resolved_config.json,True,1,72500,7,50000,70000,0.520638,50000,0.515896,,,,,0.520638,0.515911,,,,DiT-2Cond-Sp/2,128,230000,flow,std_skel1_latents_fame_e,True,,,0.0,,True,,,7765,,12,False,,,,,False,,0.03,,,,,,,,,,5script/eval_seen_v10.csv,,,,,,,,5e-05,,0.9999,std_skel1_latents_fame_e,,eval_seen_v10,True,std,False,False,False,12
assets/results/_archive/v10b_stdskel_fame3_scratch_sty32/20260910-224716-v10b-stdskel-fame3-scratch-sty32,assets/results/_archive/v10b_stdskel_fame3_scratch_sty32,assets__results___archive__v10b_stdskel_fame3_scratch_sty32__20260910-224716-v10b-stdskel-fame3-scratch-sty32,v10b-stdskel-fame3-scratch-sty32,assets/results/_archive/v10b_stdskel_fame3_scratch_sty32/20260910-224716-v10b-stdskel-fame3-scratch-sty32/resolved_config.json,True,1,202500,33,75000,197500,0.669014,197500,0.669014,,,,,,,,0.522132,0.569158,DiT-2Cond-Sp/2,128,250000,flow,std_skel1_latents_fame_e,True,,,0.0,,True,,,7765,,12,False,,,,,False,,0.03,,,,,,,,,,5script/eval_seen_v10.csv,,,,,,,,5e-05,,0.9999,std_skel1_latents_fame_e,,eval_seen_v10,True,std,False,False,False,12
assets/results/_archive/v10b_stdskel_fame3_scratch_sty32_s/20260911-075000-v10b-stdskel-fame3-scratch-sty32-s,assets/results/_archive/v10b_stdskel_fame3_scratch_sty32_s,assets__results___archive__v10b_stdskel_fame3_scratch_sty32_s__20260911-075000-v10b-stdskel-fame3-scratch-sty32-s,v10b-stdskel-fame3-scratch-sty32-s,assets/results/_archive/v10b_stdskel_fame3_scratch_sty32_s/20260911-075000-v10b-stdskel-fame3-scratch-sty32-s/resolved_config.json,True,1,112500,36,1000,107500,0.524468,105000,0.518881,0.472699,0.498369,0.513981,0.510316,0.511834,0.513266,0.515755,0.519736,,DiT-2Cond-S/2,128,200000,flow,std_skel1_latents_fame_e,True,,,0.0,,True,,,7765,,12,False,,,,,False,,0.03,,,,,,,,,,5script/eval_seen_v10.csv,,,,,,,,5e-05,,0.9999,std_skel1_latents_fame_e,,eval_seen_v10,True,std,False,False,False,12
assets/results/_archive/v10b_stdskel_fame3_scratch_sty32_s_aux/20260911-141832-v10b-stdskel-fame3-scratch-sty32-s-aux,assets/results/_archive/v10b_stdskel_fame3_scratch_sty32_s_aux,assets__results___archive__v10b_stdskel_fame3_scratch_sty32_s_aux__20260911-141832-v10b-stdskel-fame3-scratch-sty32-s-aux,v10b-stdskel-fame3-scratch-sty32-s-aux,assets/results/_archive/v10b_stdskel_fame3_scratch_sty32_s_aux/20260911-141832-v10b-stdskel-fame3-scratch-sty32-s-aux/resolved_config.json,True,1,1000,1,1000,1000,0.354901,1000,0.354901,,,,,,,,,,DiT-2Cond-S/2,128,200000,flow,std_skel1_latents_fame_e,True,,,0.0,,True,,,7765,,12,False,,,,,False,,0.03,,,,,,,,,,5script/eval_seen_v10.csv,,,,,,,,5e-05,,0.9999,std_skel1_latents_fame_e,,eval_seen_v10,True,std,False,False,False,12
assets/results/_archive/v10b_stdskel_fame3_scratch_sty32_s_aux/20260911-142555-v10b-stdskel-fame3-scratch-sty32-s-aux,assets/results/_archive/v10b_stdskel_fame3_scratch_sty32_s_aux,assets__results___archive__v10b_stdskel_fame3_scratch_sty32_s_aux__20260911-142555-v10b-stdskel-fame3-scratch-sty32-s-aux,v10b-stdskel-fame3-scratch-sty32-s-aux,assets/results/_archive/v10b_stdskel_fame3_scratch_sty32_s_aux/20260911-142555-v10b-stdskel-fame3-scratch-sty32-s-aux/resolved_config.json,True,1,10000,7,1000,10000,0.459332,10000,0.459332,0.436285,0.459332,,,,,,,,DiT-2Cond-S/2,128,200000,flow,std_skel1_latents_fame_e,True,,,0.0,,True,,,7765,,12,False,,,,,False,,0.03,,,,,,,,,,5script/eval_seen_v10.csv,,,,,,,,5e-05,,0.9999,std_skel1_latents_fame_e,,eval_seen_v10,True,std,False,False,False,12
assets/results/_archive/v10b_stdskel_fame3_scratch_sty32_s_aux/20260911-150233-v10b-stdskel-fame3-scratch-sty32-s-aux,assets/results/_archive/v10b_stdskel_fame3_scratch_sty32_s_aux,assets__results___archive__v10b_stdskel_fame3_scratch_sty32_s_aux__20260911-150233-v10b-stdskel-fame3-scratch-sty32-s-aux,v10b-stdskel-fame3-scratch-sty32-s-aux,assets/results/_archive/v10b_stdskel_fame3_scratch_sty32_s_aux/20260911-150233-v10b-stdskel-fame3-scratch-sty32-s-aux/resolved_config.json,True,1,1000,0,,,,,,,,,,,,,,,DiT-2Cond-S/2,192,160000,flow,std_skel1_latents_fame_e,True,,,0.0,,True,,,7765,,12,False,,,,,False,,0.03,,,,,,,,,,5script/eval_seen_v10.csv,,,,,,,,5e-05,,0.9999,std_skel1_latents_fame_e,,eval_seen_v10,True,std,False,False,False,12
assets/results/_archive/v10b_stdskel_fame3_scratch_sty32_s_aux/20260911-151113-v10b-stdskel-fame3-scratch-sty32-s-aux,assets/results/_archive/v10b_stdskel_fame3_scratch_sty32_s_aux,assets__results___archive__v10b_stdskel_fame3_scratch_sty32_s_aux__20260911-151113-v10b-stdskel-fame3-scratch-sty32-s-aux,v10b-stdskel-fame3-scratch-sty32-s-aux,assets/results/_archive/v10b_stdskel_fame3_scratch_sty32_s_aux/20260911-151113-v10b-stdskel-fame3-scratch-sty32-s-aux/resolved_config.json,True,1,37500,12,2000,37500,0.507677,35000,0.480745,0.441605,,,0.507677,,,,,,DiT-2Cond-S/2,192,133000,flow,std_skel1_latents_fame_e,True,,,0.0,,True,,,7765,,12,False,,,,,False,,0.03,,,,,,,,,,5script/eval_seen_v10.csv,,,,,,,,5e-05,,0.9999,std_skel1_latents_fame_e,,eval_seen_v10,True,std,False,False,False,12
assets/results/_archive/v10b_stdskel_fame3_scratch_sty32_s_aux/20260911-180759-v10b-stdskel-fame3-scratch-sty32-s-aux,assets/results/_archive/v10b_stdskel_fame3_scratch_sty32_s_aux,assets__results___archive__v10b_stdskel_fame3_scratch_sty32_s_aux__20260911-180759-v10b-stdskel-fame3-scratch-sty32-s-aux,v10b-stdskel-fame3-scratch-sty32-s-aux,assets/results/_archive/v10b_stdskel_fame3_scratch_sty32_s_aux/20260911-180759-v10b-stdskel-fame3-scratch-sty32-s-aux/resolved_config.json,True,1,12500,6,1000,7500,0.446716,5000,0.445656,0.446716,,,,,,,,,DiT-2Cond-S/2,192,133000,flow,std_skel1_latents_fame_e,True,,,0.0,,True,,,7765,,4,False,,,,,False,,0.03,,,,,,,,,,5script/eval_seen_v10.csv,,,,,,,,5e-05,,0.9999,std_skel1_latents_fame_e,,eval_seen_v10,True,std,False,False,False,4
assets/results/_archive/v10b_stdskel_fame3_scratch_sty32_s_aux/20260911-193749-v10b-stdskel-fame3-scratch-sty32-s-aux,assets/results/_archive/v10b_stdskel_fame3_scratch_sty32_s_aux,assets__results___archive__v10b_stdskel_fame3_scratch_sty32_s_aux__20260911-193749-v10b-stdskel-fame3-scratch-sty32-s-aux,v10b-stdskel-fame3-scratch-sty32-s-aux,assets/results/_archive/v10b_stdskel_fame3_scratch_sty32_s_aux/20260911-193749-v10b-stdskel-fame3-scratch-sty32-s-aux/resolved_config.json,True,0,,0,,,,,,,,,,,,,,,DiT-2Cond-S/2,192,133000,flow,std_skel1_latents_fame_e,True,,,0.0,,True,,,7765,,4,False,,,,,False,,0.03,,,,,,,,,,5script/eval_seen_v10.csv,,,,,,,,5e-05,,0.9999,std_skel1_latents_fame_e,,eval_seen_v10,True,std,False,False,False,4
assets/results/_archive/v10b_stdskel_fame3_scratch_sty32_s_aux/20260911-194343-v10b-stdskel-fame3-scratch-sty32-s-aux,assets/results/_archive/v10b_stdskel_fame3_scratch_sty32_s_aux,assets__results___archive__v10b_stdskel_fame3_scratch_sty32_s_aux__20260911-194343-v10b-stdskel-fame3-scratch-sty32-s-aux,v10b-stdskel-fame3-scratch-sty32-s-aux,assets/results/_archive/v10b_stdskel_fame3_scratch_sty32_s_aux/20260911-194343-v10b-stdskel-fame3-scratch-sty32-s-aux/resolved_config.json,True,0,,0,,,,,,,,,,,,,,,DiT-2Cond-S/2,288,90000,flow,std_skel1_latents_fame_e,True,,,0.0,,True,,,7765,,4,False,,,,,False,,0.03,,,,,,,,,,5script/eval_seen_v10.csv,,,,,,,,5e-05,,0.9999,std_skel1_latents_fame_e,,eval_seen_v10,True,std,False,False,False,4
assets/results/_archive/v10b_stdskel_fame3_scratch_sty32_s_aux/20260911-195016-v10b-stdskel-fame3-scratch-sty32-s-aux,assets/results/_archive/v10b_stdskel_fame3_scratch_sty32_s_aux,assets__results___archive__v10b_stdskel_fame3_scratch_sty32_s_aux__20260911-195016-v10b-stdskel-fame3-scratch-sty32-s-aux,v10b-stdskel-fame3-scratch-sty32-s-aux,assets/results/_archive/v10b_stdskel_fame3_scratch_sty32_s_aux/20260911-195016-v10b-stdskel-fame3-scratch-sty32-s-aux/resolved_config.json,True,1,1000,1,1000,1000,0.351969,1000,0.351969,,,,,,,,,,DiT-2Cond-S/2,256,100000,flow,std_skel1_latents_fame_e,True,,,0.0,,True,,,7765,,4,False,,,,,False,,0.03,,,,,,,,,,5script/eval_seen_v10.csv,,,,,,,,5e-05,,0.9999,std_skel1_latents_fame_e,,eval_seen_v10,True,std,False,False,False,4
assets/results/_archive/v10b_stdskel_fame3_scratch_sty32_s_aux/20260911-201236-v10b-stdskel-fame3-scratch-sty32-s-aux,assets/results/_archive/v10b_stdskel_fame3_scratch_sty32_s_aux,assets__results___archive__v10b_stdskel_fame3_scratch_sty32_s_aux__20260911-201236-v10b-stdskel-fame3-scratch-sty32-s-aux,v10b-stdskel-fame3-scratch-sty32-s-aux,assets/results/_archive/v10b_stdskel_fame3_scratch_sty32_s_aux/20260911-201236-v10b-stdskel-fame3-scratch-sty32-s-aux/resolved_config.json,True,1,35000,16,1000,35000,0.474169,35000,0.474169,0.423117,0.434185,0.462693,0.474169,,,,,,DiT-2Cond-S/2,256,100000,flow,std_skel1_latents_fame_e,True,,,0.0,,True,,,7765,,4,False,,,,,False,,0.03,,,,,,,,,,5script/eval_seen_v10.csv,,,,,,,,5e-05,,0.9999,std_skel1_latents_fame_e,,eval_seen_v10,True,std,False,False,False,4
assets/results/_archive/v10b_stdskel_fame3_sp/20260908-051518-v10b-stdskel-fame3-sp,assets/results/_archive/v10b_stdskel_fame3_sp,assets__results___archive__v10b_stdskel_fame3_sp__20260908-051518-v10b-stdskel-fame3-sp,v10b-stdskel-fame3-sp,assets/results/_archive/v10b_stdskel_fame3_sp/20260908-051518-v10b-stdskel-fame3-sp/resolved_config.json,True,0,,0,,,,,,,,,,,,,,,DiT-2Cond-Sp/2,192,80000,flow,std_skel1_latents_fame3_v8,True,,,0.0,,True,,,35130,,4,False,,,,,False,,0.1,,,,,,,,,,5script/eval_seen_v10.csv,,,,,,,,0.00015,,0.9999,std_skel1_latents_fame3_v8,,eval_seen_v10,True,std,False,False,False,4
assets/results/_archive/v10b_stdskel_fame3_sp/20260908-052149-v10b-stdskel-fame3-sp,assets/results/_archive/v10b_stdskel_fame3_sp,assets__results___archive__v10b_stdskel_fame3_sp__20260908-052149-v10b-stdskel-fame3-sp,v10b-stdskel-fame3-sp,assets/results/_archive/v10b_stdskel_fame3_sp/20260908-052149-v10b-stdskel-fame3-sp/resolved_config.json,True,1,80000,0,,,,,,,,,,,,,,,DiT-2Cond-Sp/2,192,80000,flow,std_skel1_latents_fame3_v8,True,,,0.0,,True,,,35130,,4,False,,,,,False,,0.1,,,,,,,,,,5script/eval_seen_v10.csv,,,,,,,,0.00015,,0.9999,std_skel1_latents_fame3_v8,,eval_seen_v10,True,std,False,False,False,4
assets/results/_archive/v10b_stdskel_fame3_sp2/20260908-135937-v10b-stdskel-fame3-sp2,assets/results/_archive/v10b_stdskel_fame3_sp2,assets__results___archive__v10b_stdskel_fame3_sp2__20260908-135937-v10b-stdskel-fame3-sp2,v10b-stdskel-fame3-sp2,assets/results/_archive/v10b_stdskel_fame3_sp2/20260908-135937-v10b-stdskel-fame3-sp2/resolved_config.json,True,1,27500,9,7500,27500,0.480251,22500,0.479907,,0.465413,0.47295,,,,,,,DiT-2Cond-Sp/2,192,80000,flow,std_skel1_latents_fame3_v8,True,,,0.0,,True,,,35130,,4,False,,,,,False,,0.03,,,,,,,,,,5script/eval_seen_v10.csv,,,,,,,,0.00015,,0.9999,std_skel1_latents_fame3_v8,,eval_seen_v10,True,std,False,False,False,4
assets/results/_archive/v10b_stdskel_pretrain/20260907-140753-v10b-stdskel-pretrain,assets/results/_archive/v10b_stdskel_pretrain,assets__results___archive__v10b_stdskel_pretrain__20260907-140753-v10b-stdskel-pretrain,v10b-stdskel-pretrain,assets/results/_archive/v10b_stdskel_pretrain/20260907-140753-v10b-stdskel-pretrain/resolved_config.json,True,0,,0,,,,,,,,,,,,,,,DiT-2Cond-S/2,320,150000,flow,std_skel1_latents_fame_v8,True,,,0.0,,True,,,35130,,0,False,,,,,False,,0.1,,,,,,,,,,,,,,,,,,0.00015,,0.9999,std_skel1_latents_fame_v8,,"unknown(老 run, 见 eval_auto json)",True,std,False,False,False,0
assets/results/_archive/v10b_stdskel_pretrain/20260907-141032-v10b-stdskel-pretrain,assets/results/_archive/v10b_stdskel_pretrain,assets__results___archive__v10b_stdskel_pretrain__20260907-141032-v10b-stdskel-pretrain,v10b-stdskel-pretrain,assets/results/_archive/v10b_stdskel_pretrain/20260907-141032-v10b-stdskel-pretrain/resolved_config.json,True,1,4000,2,1000,2000,0.55278,2000,0.55278,,,,,,,,,,DiT-2Cond-S/2,320,150000,flow,std_skel1_latents_fame_v8,True,,,0.0,,True,,,35130,,0,False,,,,,False,,0.1,,,,,,,,,,,,,,,,,,0.00015,,0.9999,std_skel1_latents_fame_v8,,"unknown(老 run, 见 eval_auto json)",True,std,False,False,False,0
assets/results/_archive/v10brepa_strong/20260907-125716-v10b-repa-strong,assets/results/_archive/v10brepa_strong,assets__results___archive__v10brepa_strong__20260907-125716-v10b-repa-strong,v10b-repa-strong,assets/results/_archive/v10brepa_strong/20260907-125716-v10b-repa-strong/resolved_config.json,True,1,7500,6,1000,7500,0.758886,3000,0.753751,0.7534,,,,,,,,,DiT-2Cond-S/2,320,150000,flow,final_skel_latents_fame_1px_v8,True,,,0.0,,True,,,35130,,0,False,,,,,False,,0.5,,,,,,,,,,,,,,,,,,0.00015,,0.9999,final_skel_latents_fame_1px_v8,,"unknown(老 run, 见 eval_auto json)",True,other,False,False,False,0
assets/results/_archive/v8_3stage/v8a/20260902-122709-v8a-s30-base,assets/results/_archive/v8_3stage/v8a,assets__results___archive__v8_3stage__v8a__20260902-122709-v8a-s30-base,v8a-s30-base,assets/results/_archive/v8_3stage/v8a/20260902-122709-v8a-s30-base/resolved_config.json,True,1,2000,2,1000,2000,0.461321,2000,0.461321,,,,,,,,,,DiT-2Cond-S/2,192,150000,flow,,,,,0.0,,,pretrained_models/dino_embeddings/glyph_dino_embeddings_384.npy,pretrained_models/dino_embeddings/glyph_dino_index.json,35130,,,False,,,,,True,,0.0,,,,,,,,,,5script/eval_fame_strict_clean_v8.csv,,,,,,,,0.00015,,0.9999,,,fame_strict_clean_v8,False,-,True,True,False,0
assets/results/_archive/v8_3stage/v8a/20260902-123403-v8a-s30-base,assets/results/_archive/v8_3stage/v8a,assets__results___archive__v8_3stage__v8a__20260902-123403-v8a-s30-base,v8a-s30-base,assets/results/_archive/v8_3stage/v8a/20260902-123403-v8a-s30-base/resolved_config.json,True,1,1000,1,1000,1000,0.447279,1000,0.447279,,,,,,,,,,DiT-2Cond-S/2,384,150000,flow,,,,,0.0,,,pretrained_models/dino_embeddings/glyph_dino_embeddings_384.npy,pretrained_models/dino_embeddings/glyph_dino_index.json,35130,,,False,,,,,True,,0.0,,,,,,,,,,5script/eval_fame_strict_clean_v8.csv,,,,,,,,0.00015,,0.9999,,,fame_strict_clean_v8,False,-,True,True,False,0
assets/results/_archive/v8_3stage/v8a/20260902-125615-v8a-s30-base,assets/results/_archive/v8_3stage/v8a,assets__results___archive__v8_3stage__v8a__20260902-125615-v8a-s30-base,v8a-s30-base,assets/results/_archive/v8_3stage/v8a/20260902-125615-v8a-s30-base/resolved_config.json,True,1,132500,56,1000,132500,0.512144,122500,0.512105,0.467276,0.472887,0.476058,0.483039,0.491324,0.496994,0.501462,0.50608,,DiT-2Cond-S/2,432,150000,flow,,,,,0.0,,,pretrained_models/dino_embeddings/glyph_dino_embeddings_384.npy,pretrained_models/dino_embeddings/glyph_dino_index.json,35130,,,False,,,,,True,,0.0,,,,,,,,,,5script/eval_fame_strict_clean_v8.csv,,,,,,,,0.00015,,0.9999,,,fame_strict_clean_v8,False,-,True,True,False,0
assets/results/_archive/v8_3stage/v8b/20260902-234912-v8b-s31-ctrl,assets/results/_archive/v8_3stage/v8b,assets__results___archive__v8_3stage__v8b__20260902-234912-v8b-s31-ctrl,,,False,1,35000,0,,,,,,,,,,,,,,,,,,,,,,,,,,,,,,,,,,,,,,,,,,,,,,,,,,,,,,,,,,,,,"unknown(老 run, 见 eval_auto json)",False,-,False,True,False,0
assets/results/_archive/v8_3stage/v8c/20260903-024429-v8c-s32-repa,assets/results/_archive/v8_3stage/v8c,assets__results___archive__v8_3stage__v8c__20260903-024429-v8c-s32-repa,,,False,1,20000,0,,,,,,,,,,,,,,,,,,,,,,,,,,,,,,,,,,,,,,,,,,,,,,,,,,,,,,,,,,,,,"unknown(老 run, 见 eval_auto json)",False,-,False,True,False,0
assets/results/_archive/v8_3stage/v8d/20260903-115740-v8d-unfreeze-main,assets/results/_archive/v8_3stage/v8d,assets__results___archive__v8_3stage__v8d__20260903-115740-v8d-unfreeze-main,,,False,0,,0,,,,,,,,,,,,,,,,,,,,,,,,,,,,,,,,,,,,,,,,,,,,,,,,,,,,,,,,,,,,,"unknown(老 run, 见 eval_auto json)",False,-,False,True,False,0
assets/results/_archive/v8_3stage/v8d/20260903-115931-v8d-unfreeze-main,assets/results/_archive/v8_3stage/v8d,assets__results___archive__v8_3stage__v8d__20260903-115931-v8d-unfreeze-main,,,False,1,50000,0,,,,,,,,,,,,,,,,,,,,,,,,,,,,,,,,,,,,,,,,,,,,,,,,,,,,,,,,,,,,,"unknown(老 run, 见 eval_auto json)",False,-,False,True,False,0
assets/results/_archive/v8_3stage/v8e/20260903-193329-v8e-repa-strong,assets/results/_archive/v8_3stage/v8e,assets__results___archive__v8_3stage__v8e__20260903-193329-v8e-repa-strong,,,False,0,,0,,,,,,,,,,,,,,,,,,,,,,,,,,,,,,,,,,,,,,,,,,,,,,,,,,,,,,,,,,,,,"unknown(老 run, 见 eval_auto json)",False,-,False,True,False,0
assets/results/_archive/v8_3stage/v8e/20260904-000636-v8e-repa-strong,assets/results/_archive/v8_3stage/v8e,assets__results___archive__v8_3stage__v8e__20260904-000636-v8e-repa-strong,,,False,1,12500,0,,,,,,,,,,,,,,,,,,,,,,,,,,,,,,,,,,,,,,,,,,,,,,,,,,,,,,,,,,,,,"unknown(老 run, 见 eval_auto json)",False,-,False,True,False,0
assets/results/_archive/v8_3stage/v8e/20260904-140950-v8e-repa-strong,assets/results/_archive/v8_3stage/v8e,assets__results___archive__v8_3stage__v8e__20260904-140950-v8e-repa-strong,,,False,1,77500,0,,,,,,,,,,,,,,,,,,,,,,,,,,,,,,,,,,,,,,,,,,,,,,,,,,,,,,,,,,,,,"unknown(老 run, 见 eval_auto json)",False,-,False,True,False,0
assets/results/_archive/v8_3stage/v8h/20260903-115407-v8h-repa-early,assets/results/_archive/v8_3stage/v8h,assets__results___archive__v8_3stage__v8h__20260903-115407-v8h-repa-early,,,False,0,,0,,,,,,,,,,,,,,,,,,,,,,,,,,,,,,,,,,,,,,,,,,,,,,,,,,,,,,,,,,,,,"unknown(老 run, 见 eval_auto json)",False,-,False,True,False,0
assets/results/_archive/v8_3stage/v8h/20260903-155046-v8h-repa-early,assets/results/_archive/v8_3stage/v8h,assets__results___archive__v8_3stage__v8h__20260903-155046-v8h-repa-early,,,False,1,40000,0,,,,,,,,,,,,,,,,,,,,,,,,,,,,,,,,,,,,,,,,,,,,,,,,,,,,,,,,,,,,,"unknown(老 run, 见 eval_auto json)",False,-,False,True,False,0
assets/results/_archive/v8_3stage/v8i/20260903-194047-v8i-unfreeze-repa-early,assets/results/_archive/v8_3stage/v8i,assets__results___archive__v8_3stage__v8i__20260903-194047-v8i-unfreeze-repa-early,,,False,0,,0,,,,,,,,,,,,,,,,,,,,,,,,,,,,,,,,,,,,,,,,,,,,,,,,,,,,,,,,,,,,,"unknown(老 run, 见 eval_auto json)",False,-,False,True,False,0
assets/results/_archive/v8_3stage/v8i/20260903-194339-v8i-unfreeze-repa-early,assets/results/_archive/v8_3stage/v8i,assets__results___archive__v8_3stage__v8i__20260903-194339-v8i-unfreeze-repa-early,,,False,1,42500,0,,,,,,,,,,,,,,,,,,,,,,,,,,,,,,,,,,,,,,,,,,,,,,,,,,,,,,,,,,,,,"unknown(老 run, 见 eval_auto json)",False,-,False,True,False,0
assets/results/_archive/v8_3stage/v8ia/20260904-013727-v8i-a-minimal,assets/results/_archive/v8_3stage/v8ia,assets__results___archive__v8_3stage__v8ia__20260904-013727-v8i-a-minimal,,,False,1,45000,0,,,,,,,,,,,,,,,,,,,,,,,,,,,,,,,,,,,,,,,,,,,,,,,,,,,,,,,,,,,,,"unknown(老 run, 见 eval_auto json)",False,-,False,True,False,0
assets/results/_archive/v8_3stage/v8ic/20260904-061217-v8i-c-layer6,assets/results/_archive/v8_3stage/v8ic,assets__results___archive__v8_3stage__v8ic__20260904-061217-v8i-c-layer6,,,False,1,42500,0,,,,,,,,,,,,,,,,,,,,,,,,,,,,,,,,,,,,,,,,,,,,,,,,,,,,,,,,,,,,,"unknown(老 run, 见 eval_auto json)",False,-,False,True,False,0
assets/results/_archive/v8_3stage/v8id/20260904-103321-v8i-d-strong,assets/results/_archive/v8_3stage/v8id,assets__results___archive__v8_3stage__v8id__20260904-103321-v8i-d-strong,,,False,1,35000,0,,,,,,,,,,,,,,,,,,,,,,,,,,,,,,,,,,,,,,,,,,,,,,,,,,,,,,,,,,,,,"unknown(老 run, 见 eval_auto json)",False,-,False,True,False,0
assets/results/_archive/v9a_repa_pretrain/20260904-232227-v9a-repa-pretrain,assets/results/_archive/v9a_repa_pretrain,assets__results___archive__v9a_repa_pretrain__20260904-232227-v9a-repa-pretrain,v9a-repa-pretrain,assets/results/_archive/v9a_repa_pretrain/20260904-232227-v9a-repa-pretrain/resolved_config.json,True,1,1000,0,,,,,,,,,,,,,,,DiT-2Cond-S/2,432,150000,flow,,,,,0.0,,,pretrained_models/dino_embeddings/glyph_dino_embeddings_384.npy,pretrained_models/dino_embeddings/glyph_dino_index.json,35130,,,False,,,,,True,,0.1,,,,,,,,,,5script/eval_fame_strict_clean_v8.csv,,,,,,,,0.00015,,0.9999,,,fame_strict_clean_v8,False,-,True,True,False,0
assets/results/_archive/v9a_repa_pretrain/20260904-233358-v9a-repa-pretrain,assets/results/_archive/v9a_repa_pretrain,assets__results___archive__v9a_repa_pretrain__20260904-233358-v9a-repa-pretrain,v9a-repa-pretrain,assets/results/_archive/v9a_repa_pretrain/20260904-233358-v9a-repa-pretrain/resolved_config.json,True,0,,0,,,,,,,,,,,,,,,DiT-2Cond-S/2,432,150000,flow,,,,,0.0,,,pretrained_models/dino_embeddings/glyph_dino_embeddings_384.npy,pretrained_models/dino_embeddings/glyph_dino_index.json,35130,,,False,,,,,True,,0.1,,,,,,,,,,5script/eval_fame_strict_clean_v8.csv,,,,,,,,0.00015,,0.9999,,,fame_strict_clean_v8,False,-,True,True,False,0
assets/results/_archive/v9a_repa_pretrain/20260905-003217-v9a-repa-pretrain,assets/results/_archive/v9a_repa_pretrain,assets__results___archive__v9a_repa_pretrain__20260905-003217-v9a-repa-pretrain,v9a-repa-pretrain,assets/results/_archive/v9a_repa_pretrain/20260905-003217-v9a-repa-pretrain/resolved_config.json,True,0,,0,,,,,,,,,,,,,,,DiT-2Cond-S/2,384,150000,flow,,,,,0.0,,,pretrained_models/dino_embeddings/glyph_dino_embeddings_384.npy,pretrained_models/dino_embeddings/glyph_dino_index.json,35130,,,False,,,,,True,,0.1,,,,,,,,,,5script/eval_fame_strict_clean_v8.csv,,,,,,,,0.00015,,0.9999,,,fame_strict_clean_v8,False,-,True,True,False,0
assets/results/_archive/v9a_repa_pretrain/20260905-004106-v9a-repa-pretrain,assets/results/_archive/v9a_repa_pretrain,assets__results___archive__v9a_repa_pretrain__20260905-004106-v9a-repa-pretrain,v9a-repa-pretrain,assets/results/_archive/v9a_repa_pretrain/20260905-004106-v9a-repa-pretrain/resolved_config.json,True,1,130000,55,1000,130000,0.520379,130000,0.520379,0.471687,0.478976,0.484203,0.494708,0.502528,0.507681,0.511518,0.51538,,DiT-2Cond-S/2,320,150000,flow,,,,,0.0,,,pretrained_models/dino_embeddings/glyph_dino_embeddings_384.npy,pretrained_models/dino_embeddings/glyph_dino_index.json,35130,,,False,,,,,True,,0.1,,,,,,,,,,5script/eval_fame_strict_clean_v8.csv,,,,,,,,0.00015,,0.9999,,,fame_strict_clean_v8,False,-,True,True,False,0
assets/results/_archive/v9c_skel_joint/20260905-191629-v9c-skel-joint,assets/results/_archive/v9c_skel_joint,assets__results___archive__v9c_skel_joint__20260905-191629-v9c-skel-joint,,,False,1,22500,0,,,,,,,,,,,,,,,,,,,,,,,,,,,,,,,,,,,,,,,,,,,,,,,,,,,,,,,,,,,,,"unknown(老 run, 见 eval_auto json)",False,-,False,True,False,0
assets/results/_archive/v9c_skel_joint/20260905-221454-v9c-skel-joint,assets/results/_archive/v9c_skel_joint,assets__results___archive__v9c_skel_joint__20260905-221454-v9c-skel-joint,,,False,1,40000,0,,,,,,,,,,,,,,,,,,,,,,,,,,,,,,,,,,,,,,,,,,,,,,,,,,,,,,,,,,,,,"unknown(老 run, 见 eval_auto json)",False,-,False,True,False,0
assets/results/_probe/20261001-003440-probe-b448,assets/results/_probe,assets__results___probe__20261001-003440-probe-b448,probe-b448,assets/results/_probe/20261001-003440-probe-b448/resolved_config.json,True,0,,0,,,,,,,,,,,,,,,DiT-2Cond-S/2,448,300,flow,data/top10_style23/shards_std,True,data/50k_v2_glyph15k/shards_std,,0.0,,True,,,7765,,4,False,,,assets/callig_script_id_map_top10.json,,False,8,0.0,,,,,0,,,,"seen:assets/eval_top10_seen_20.csv:20,strict:assets/eval_top10_strict_subset84.csv:84",assets/eval_top10_seen_20.csv,,,,,,,,0.0005,,0.9999,shards_std,,"other:seen:assets/eval_top10_seen_20.csv:20,st",True,std,False,False,True,4
assets/results/_probe/20261001-003540-probe-b640,assets/results/_probe,assets__results___probe__20261001-003540-probe-b640,probe-b640,assets/results/_probe/20261001-003540-probe-b640/resolved_config.json,True,0,,0,,,,,,,,,,,,,,,DiT-2Cond-S/2,640,300,flow,data/top10_style23/shards_std,True,data/50k_v2_glyph15k/shards_std,,0.0,,True,,,7765,,4,False,,,assets/callig_script_id_map_top10.json,,False,8,0.0,,,,,0,,,,"seen:assets/eval_top10_seen_20.csv:20,strict:assets/eval_top10_strict_subset84.csv:84",assets/eval_top10_seen_20.csv,,,,,,,,0.0005,,0.9999,shards_std,,"other:seen:assets/eval_top10_seen_20.csv:20,st",True,std,False,False,True,4
assets/results/_probe/20261001-003618-probe-b512,assets/results/_probe,assets__results___probe__20261001-003618-probe-b512,probe-b512,assets/results/_probe/20261001-003618-probe-b512/resolved_config.json,True,0,,0,,,,,,,,,,,,,,,DiT-2Cond-S/2,512,300,flow,data/top10_style23/shards_aux_skel3,True,data/top10_style23/gt_skel_eval_strict84,,0.0,,True,,,7765,,4,False,,,assets/callig_script_id_map_top10.json,,False,8,0.0,,,,,0,,,,"seen:assets/eval_top10_seen_20.csv:20,strict:assets/eval_top10_strict_subset84.csv:84,seen_pred:assets/eval_top10_seen_20.csv:20,strict_pred:assets/eval_top10_strict_subset84.csv:84",assets/eval_top10_seen_20.csv,,,,,,,,0.0005,,0.9999,shards_aux_skel3,,"other:seen:assets/eval_top10_seen_20.csv:20,st",True,other,False,False,True,4
assets/results/_probe/20261001-003658-probe-b768,assets/results/_probe,assets__results___probe__20261001-003658-probe-b768,probe-b768,assets/results/_probe/20261001-003658-probe-b768/resolved_config.json,True,0,,0,,,,,,,,,,,,,,,DiT-2Cond-S/2,768,300,flow,data/top10_style23/shards_aux_skel3,True,data/top10_style23/gt_skel_eval_strict84,,0.0,,True,,,7765,,4,False,,,assets/callig_script_id_map_top10.json,,False,8,0.0,,,,,0,,,,"seen:assets/eval_top10_seen_20.csv:20,strict:assets/eval_top10_strict_subset84.csv:84,seen_pred:assets/eval_top10_seen_20.csv:20,strict_pred:assets/eval_top10_strict_subset84.csv:84",assets/eval_top10_seen_20.csv,,,,,,,,0.0005,,0.9999,shards_aux_skel3,,"other:seen:assets/eval_top10_seen_20.csv:20,st",True,other,False,False,True,4
assets/results/_probe/20261001-003750-probe,assets/results/_probe,assets__results___probe__20261001-003750-probe,probe,assets/results/_probe/20261001-003750-probe/resolved_config.json,True,0,,0,,,,,,,,,,,,,,,DiT-2Cond-S/2,448,300,flow,data/top10_style23/shards_std,True,data/50k_v2_glyph15k/shards_std,,0.0,,True,,,7765,,4,False,,,assets/callig_script_id_map_top10.json,,False,8,0.0,,,,,0,,,,"seen:assets/eval_top10_seen_20.csv:20,strict:assets/eval_top10_strict_subset84.csv:84",assets/eval_top10_seen_20.csv,,,,,,,,0.0005,,0.9999,shards_std,,"other:seen:assets/eval_top10_seen_20.csv:20,st",True,std,False,False,True,4
assets/results/_probe/20261001-003859-probe,assets/results/_probe,assets__results___probe__20261001-003859-probe,probe,assets/results/_probe/20261001-003859-probe/resolved_config.json,True,0,,0,,,,,,,,,,,,,,,DiT-2Cond-S/2,320,200,flow,data/top10_style23/shards_std,True,data/50k_v2_glyph15k/shards_std,,0.0,,True,,,7765,,4,False,,,assets/callig_script_id_map_top10.json,,False,8,0.0,,,,,0,,,,"seen:assets/eval_top10_seen_20.csv:20,strict:assets/eval_top10_strict_subset84.csv:84",assets/eval_top10_seen_20.csv,,,,,,,,0.0005,,0.9999,shards_std,,"other:seen:assets/eval_top10_seen_20.csv:20,st",True,std,False,False,True,4
assets/results/_probe/20261001-003908-probe,assets/results/_probe,assets__results___probe__20261001-003908-probe,probe,assets/results/_probe/20261001-003908-probe/resolved_config.json,True,0,,0,,,,,,,,,,,,,,,DiT-2Cond-S/2,384,200,flow,data/top10_style23/shards_std,True,data/50k_v2_glyph15k/shards_std,,0.0,,True,,,7765,,4,False,,,assets/callig_script_id_map_top10.json,,False,8,0.0,,,,,0,,,,"seen:assets/eval_top10_seen_20.csv:20,strict:assets/eval_top10_strict_subset84.csv:84",assets/eval_top10_seen_20.csv,,,,,,,,0.0005,,0.9999,shards_std,,"other:seen:assets/eval_top10_seen_20.csv:20,st",True,std,False,False,True,4
assets/results/_probe/20261001-003918-probe,assets/results/_probe,assets__results___probe__20261001-003918-probe,probe,assets/results/_probe/20261001-003918-probe/resolved_config.json,True,0,,0,,,,,,,,,,,,,,,DiT-2Cond-S/2,384,200,flow,data/top10_style23/shards_aux_skel3,True,data/top10_style23/gt_skel_eval_strict84,,0.0,,True,,,7765,,4,False,,,assets/callig_script_id_map_top10.json,,False,8,0.0,,,,,0,,,,"seen:assets/eval_top10_seen_20.csv:20,strict:assets/eval_top10_strict_subset84.csv:84,seen_pred:assets/eval_top10_seen_20.csv:20,strict_pred:assets/eval_top10_strict_subset84.csv:84",assets/eval_top10_seen_20.csv,,,,,,,,0.0005,,0.9999,shards_aux_skel3,,"other:seen:assets/eval_top10_seen_20.csv:20,st",True,other,False,False,True,4
assets/results/_probe/20261001-003931-probe,assets/results/_probe,assets__results___probe__20261001-003931-probe,probe,assets/results/_probe/20261001-003931-probe/resolved_config.json,True,0,,0,,,,,,,,,,,,,,,DiT-2Cond-S/2,512,200,flow,data/top10_style23/shards_aux_skel3,True,data/top10_style23/gt_skel_eval_strict84,,0.0,,True,,,7765,,4,False,,,assets/callig_script_id_map_top10.json,,False,8,0.0,,,,,0,,,,"seen:assets/eval_top10_seen_20.csv:20,strict:assets/eval_top10_strict_subset84.csv:84,seen_pred:assets/eval_top10_seen_20.csv:20,strict_pred:assets/eval_top10_strict_subset84.csv:84",assets/eval_top10_seen_20.csv,,,,,,,,0.0005,,0.9999,shards_aux_skel3,,"other:seen:assets/eval_top10_seen_20.csv:20,st",True,other,False,False,True,4
assets/results/_probe/20261001-004036-probe,assets/results/_probe,assets__results___probe__20261001-004036-probe,probe,assets/results/_probe/20261001-004036-probe/resolved_config.json,True,0,,0,,,,,,,,,,,,,,,DiT-2Cond-S/2,256,250,flow,data/top10_style23/shards_std,True,data/50k_v2_glyph15k/shards_std,,0.0,,True,,,7765,,4,False,,,assets/callig_script_id_map_top10.json,,False,8,0.0,,,,,0,,,,"seen:assets/eval_top10_seen_20.csv:20,strict:assets/eval_top10_strict_subset84.csv:84",assets/eval_top10_seen_20.csv,,,,,,,,0.0005,,0.9999,shards_std,,"other:seen:assets/eval_top10_seen_20.csv:20,st",True,std,False,False,True,4
assets/results/_probe/20261001-004139-probe,assets/results/_probe,assets__results___probe__20261001-004139-probe,probe,assets/results/_probe/20261001-004139-probe/resolved_config.json,True,0,,0,,,,,,,,,,,,,,,DiT-2Cond-S/2,256,250,flow,data/top10_style23/shards_aux_skel3,True,data/top10_style23/gt_skel_eval_strict84,,0.0,,True,,,7765,,4,False,,,assets/callig_script_id_map_top10.json,,False,8,0.0,,,,,0,,,,"seen:assets/eval_top10_seen_20.csv:20,strict:assets/eval_top10_strict_subset84.csv:84,seen_pred:assets/eval_top10_seen_20.csv:20,strict_pred:assets/eval_top10_strict_subset84.csv:84",assets/eval_top10_seen_20.csv,,,,,,,,0.0005,,0.9999,shards_aux_skel3,,"other:seen:assets/eval_top10_seen_20.csv:20,st",True,other,False,False,True,4
assets/results/_probe/20261001-004240-probe,assets/results/_probe,assets__results___probe__20261001-004240-probe,probe,assets/results/_probe/20261001-004240-probe/resolved_config.json,True,0,,0,,,,,,,,,,,,,,,DiT-2Cond-S/2,384,250,flow,data/top10_style23/shards_std,True,data/50k_v2_glyph15k/shards_std,,0.0,,True,,,7765,,4,False,,,assets/callig_script_id_map_top10.json,,False,8,0.0,,,,,0,,,,"seen:assets/eval_top10_seen_20.csv:20,strict:assets/eval_top10_strict_subset84.csv:84",assets/eval_top10_seen_20.csv,,,,,,,,0.0005,,0.9999,shards_std,,"other:seen:assets/eval_top10_seen_20.csv:20,st",True,std,False,False,True,4
assets/results/_probe/20261001-004440-probe,assets/results/_probe,assets__results___probe__20261001-004440-probe,probe,assets/results/_probe/20261001-004440-probe/resolved_config.json,True,0,,0,,,,,,,,,,,,,,,DiT-2Cond-S/2,256,250,flow,data/top10_style23/shards_aux_skel3,True,data/top10_style23/gt_skel_eval_strict84,,0.0,,True,,,7765,,4,False,,,assets/callig_script_id_map_top10.json,,False,8,0.0,,,,,0,,,,"seen:assets/eval_top10_seen_20.csv:20,strict:assets/eval_top10_strict_subset84.csv:84,seen_pred:assets/eval_top10_seen_20.csv:20,strict_pred:assets/eval_top10_strict_subset84.csv:84",assets/eval_top10_seen_20.csv,,,,,,,,0.0005,,0.9999,shards_aux_skel3,,"other:seen:assets/eval_top10_seen_20.csv:20,st",True,other,False,False,True,4
assets/results/_probe/20261001-004550-probe,assets/results/_probe,assets__results___probe__20261001-004550-probe,probe,assets/results/_probe/20261001-004550-probe/resolved_config.json,True,0,,0,,,,,,,,,,,,,,,DiT-2Cond-S/2,384,30250,flow,data/top10_style23/shards_aux_skel3,True,data/top10_style23/gt_skel_eval_strict84,,0.0,,True,,,7765,,4,False,,,assets/callig_script_id_map_top10.json,,False,8,0.0,,,,,0,,,,"seen:assets/eval_top10_seen_20.csv:20,strict:assets/eval_top10_strict_subset84.csv:84,seen_pred:assets/eval_top10_seen_20.csv:20,strict_pred:assets/eval_top10_strict_subset84.csv:84",assets/eval_top10_seen_20.csv,,,,,,,,0.0005,,0.9999,shards_aux_skel3,,"other:seen:assets/eval_top10_seen_20.csv:20,st",True,other,False,False,True,4
assets/results/_smoke_midskel/20260923-123534-smoke-midskel20,assets/results/_smoke_midskel,assets__results___smoke_midskel__20260923-123534-smoke-midskel20,smoke-midskel20,assets/results/_smoke_midskel/20260923-123534-smoke-midskel20/resolved_config.json,True,0,,0,,,,,,,,,,,,,,,DiT-2Cond-S/2,360,300,flow,data/50k/shards_std,True,data/50k/shards_std,data/50k/shards_instskel20,0.0,,True,,,7765,,4,False,,,assets/callig_script_id_map.json,,False,8,0.03,data/dino_cache/50k_v1,,,,,,,,"seen:assets/eval_v13_seen.csv:20,strict:assets/eval_v13_strict.csv:250",assets/eval_v13_seen.csv,,,,,,,,0.0005,,0.9999,shards_std,shards_instskel20,"other:seen:assets/eval_v13_seen.csv:20,strict:",True,std,False,False,True,4
assets/results/_smoke_midskel/20260923-123905-smoke-midskel20,assets/results/_smoke_midskel,assets__results___smoke_midskel__20260923-123905-smoke-midskel20,smoke-midskel20,assets/results/_smoke_midskel/20260923-123905-smoke-midskel20/resolved_config.json,True,0,,0,,,,,,,,,,,,,,,DiT-2Cond-S/2,360,300,flow,data/50k/shards_std,True,data/50k/shards_std,data/50k/shards_instskel20,0.0,,True,,,7765,,4,False,,,assets/callig_script_id_map.json,,False,8,0.03,data/dino_cache/50k_v1,,,,,,,,"seen:assets/eval_v13_seen.csv:20,strict:assets/eval_v13_strict.csv:250",assets/eval_v13_seen.csv,,,,,,,,0.0005,,0.9999,shards_std,shards_instskel20,"other:seen:assets/eval_v13_seen.csv:20,strict:",True,std,False,False,True,4
assets/results/_smoke_midskel/20260923-124047-smoke-midskel20,assets/results/_smoke_midskel,assets__results___smoke_midskel__20260923-124047-smoke-midskel20,smoke-midskel20,assets/results/_smoke_midskel/20260923-124047-smoke-midskel20/resolved_config.json,True,0,,0,,,,,,,,,,,,,,,DiT-2Cond-S/2,360,300,flow,data/50k/shards_std,True,data/50k/shards_std,data/50k/shards_instskel20,0.0,,True,,,7765,,4,False,,,assets/callig_script_id_map.json,,False,8,0.03,data/dino_cache/50k_v1,,,,,,,,"seen:assets/eval_v13_seen.csv:20,strict:assets/eval_v13_strict.csv:250",assets/eval_v13_seen.csv,,,,,,,,0.0005,,0.9999,shards_std,shards_instskel20,"other:seen:assets/eval_v13_seen.csv:20,strict:",True,std,False,False,True,4
assets/results/_smoke_midskel/20260923-124404-smoke-midskel20,assets/results/_smoke_midskel,assets__results___smoke_midskel__20260923-124404-smoke-midskel20,smoke-midskel20,assets/results/_smoke_midskel/20260923-124404-smoke-midskel20/resolved_config.json,True,0,,0,,,,,,,,,,,,,,,DiT-2Cond-S/2,360,300,flow,data/50k/shards_std,True,data/50k/shards_std,data/50k/shards_instskel20,0.0,,True,,,7765,,4,False,,,assets/callig_script_id_map.json,,False,8,0.03,data/dino_cache/50k_v1,,,,,,,,"seen:assets/eval_v13_seen.csv:20,strict:assets/eval_v13_strict.csv:250",assets/eval_v13_seen.csv,,,,,,,,0.0005,,0.9999,shards_std,shards_instskel20,"other:seen:assets/eval_v13_seen.csv:20,strict:",True,std,False,False,True,4
assets/results/_smoke_v14_s2/20260918-230717-v14-style87-stage2,assets/results/_smoke_v14_s2,assets__results___smoke_v14_s2__20260918-230717-v14-style87-stage2,v14-style87-stage2,assets/results/_smoke_v14_s2/20260918-230717-v14-style87-stage2/resolved_config.json,True,0,,0,,,,,,,,,,,,,,,DiT-2Cond-S/2,360,20,flow,data/50k/shards_std,True,data/50k/shards_std,,0.0,,True,,,7765,,4,False,,,assets/callig_script_id_map.json,,False,8,0.03,data/dino_cache/50k_v1,,,,,,,,seen:assets/eval_v13_seen.csv:8,assets/eval_v13_seen.csv,,,,,,,,0.0001,,0.9999,shards_std,,other:seen:assets/eval_v13_seen.csv:8 assets/e,True,std,False,False,True,4
assets/results/_t_A1/20260917-103811-_t_A1,assets/results/_t_A1,assets__results___t_A1__20260917-103811-_t_A1,_t_A1,assets/results/_t_A1/20260917-103811-_t_A1/resolved_config.json,True,0,,0,,,,,,,,,,,,,,,DiT-2Cond-S/2,360,100000,flow,data/fame-kxl-tj-px60/shards_std,True,data/fame-kxl-tj-px60/shards_std_eval,,0.0,,True,,,7765,,4,False,,,,,False,8,0.03,data/dino_cache/base_sym_v1,,,,,,4,,"seen:assets/eval_seen_v10.csv:10,strict:assets/eval_fame3_strict_clean_v9.csv:50",assets/eval_seen_v10.csv,,,,,,,,0.0001,,0.9999,shards_std,,eval_seen_v10,True,std,False,False,False,4
assets/results/_t_A1/20260917-104118-_t_A1,assets/results/_t_A1,assets__results___t_A1__20260917-104118-_t_A1,_t_A1,assets/results/_t_A1/20260917-104118-_t_A1/resolved_config.json,True,0,,0,,,,,,,,,,,,,,,DiT-2Cond-S/2,360,100000,flow,data/fame-kxl-tj-px60/shards_std,True,data/fame-kxl-tj-px60/shards_std_eval,,0.0,,True,,,7765,,4,False,,,,,False,8,0.03,data/dino_cache/base_sym_v1,,,,,,4,,"seen:assets/eval_seen_v10.csv:10,strict:assets/eval_fame3_strict_clean_v9.csv:50",assets/eval_seen_v10.csv,,,,,,,,0.0001,,0.9999,shards_std,,eval_seen_v10,True,std,False,False,False,4
assets/results/_t_A1/20260917-104544-_t_A1,assets/results/_t_A1,assets__results___t_A1__20260917-104544-_t_A1,_t_A1,assets/results/_t_A1/20260917-104544-_t_A1/resolved_config.json,True,0,,0,,,,,,,,,,,,,,,DiT-2Cond-S/2,360,100000,flow,data/fame-kxl-tj-px60/shards_std,True,data/fame-kxl-tj-px60/shards_std_eval,,0.0,,True,,,7765,,4,False,,,,,False,8,0.03,data/dino_cache/base_sym_v1,,,,,,4,,"seen:assets/eval_seen_v10.csv:10,strict:assets/eval_fame3_strict_clean_v9.csv:50",assets/eval_seen_v10.csv,,,,,,,,0.0001,,0.9999,shards_std,,eval_seen_v10,True,std,False,False,False,4
assets/results/_t_A2/20260917-103800-_t_A2,assets/results/_t_A2,assets__results___t_A2__20260917-103800-_t_A2,_t_A2,assets/results/_t_A2/20260917-103800-_t_A2/resolved_config.json,True,0,,0,,,,,,,,,,,,,,,DiT-2Cond-S/2,360,100000,flow,data/fame-kxl-tj-px60/shards_std,True,data/fame-kxl-tj-px60/shards_std_eval,,0.0,,True,,,7765,,4,False,,,,,False,8,0.03,data/dino_cache/base_sym_v1,,,,,,12,,"seen:assets/eval_seen_v10.csv:10,strict:assets/eval_fame3_strict_clean_v9.csv:50",assets/eval_seen_v10.csv,,,,,,,,0.0001,,0.9999,shards_std,,eval_seen_v10,True,std,False,False,False,4
assets/results/smoke_styleA/20260925-051854-smoke-styleA,assets/results/smoke_styleA,assets__results__smoke_styleA__20260925-051854-smoke-styleA,smoke-styleA,assets/results/smoke_styleA/20260925-051854-smoke-styleA/resolved_config.json,True,2,101000,0,,,,,,,,,,,,,,,DiT-2Cond-S/2,360,101000,flow,data/50k/shards_std_fixed,True,data/50k/shards_std_fixed,,0.0,,True,,,7765,,0,False,,,assets/callig_script_id_map.json,,False,8,0.03,data/dino_cache/50k_v1,,,,,,,,"seen:assets/eval_v13_seen_fixed.csv:20,strict:assets/eval_v13_strict_fixed.csv:249",assets/eval_v13_seen_fixed.csv,,,,,,,,0.0005,,0.9999,shards_std_fixed,,"other:seen:assets/eval_v13_seen_fixed.csv:20,s",True,std,False,False,True,0
assets/results/smoke_styleB/20260925-053129-smoke-styleB,assets/results/smoke_styleB,assets__results__smoke_styleB__20260925-053129-smoke-styleB,smoke-styleB,assets/results/smoke_styleB/20260925-053129-smoke-styleB/resolved_config.json,True,0,,0,,,,,,,,,,,,,,,DiT-2Cond-S/2,360,101000,flow,data/50k/shards_std_fixed,True,data/50k/shards_std_fixed,,0.0,,True,,,7765,,0,False,,,assets/callig_script_id_map.json,,False,8,0.03,data/dino_cache/50k_v1,,,,,,,,"seen:assets/eval_v13_seen_fixed.csv:20,strict:assets/eval_v13_strict_fixed.csv:249",assets/eval_v13_seen_fixed.csv,,,,,,,,0.0005,,0.9999,shards_std_fixed,,"other:seen:assets/eval_v13_seen_fixed.csv:20,s",True,std,False,False,True,0
assets/results/std_callig_aug/20260926-230049-std-callig-aug,assets/results/std_callig_aug,assets__results__std_callig_aug__20260926-230049-std-callig-aug,std-callig-aug,assets/results/std_callig_aug/20260926-230049-std-callig-aug/resolved_config.json,True,30,150000,0,,,,,,,,,,,,,,,DiT-2Cond-S/2,320,150000,flow,data/50k_v2_glyph15k/shards_std,True,data/50k_v2_glyph15k/shards_std,data/50k_v2_glyph15k/shards_aux_skel3,0.0,,True,,,7765,,4,False,,,,,False,8,0.03,data/dino_cache/50k_v1,,,,1,,,,"seen:assets/eval_v13_seen.csv:20,strict:assets/eval_v13_strict_fixed.csv:250",assets/eval_v13_seen.csv,,,,,,,,0.0005,,0.9999,shards_std,shards_aux_skel3,"other:seen:assets/eval_v13_seen.csv:20,strict:",True,std,False,False,False,4
assets/results/v10b_stdskel_fame3_c41x/20260908-190846-v10b-stdskel-fame3-c41x,assets/results/v10b_stdskel_fame3_c41x,assets__results__v10b_stdskel_fame3_c41x__20260908-190846-v10b-stdskel-fame3-c41x,v10b-stdskel-fame3-c41x,assets/results/v10b_stdskel_fame3_c41x/20260908-190846-v10b-stdskel-fame3-c41x/resolved_config.json,True,0,,0,,,,,,,,,,,,,,,DiT-2Cond-Sp/2,192,80000,flow,std_skel1_latents_fame3_v8,True,,,0.0,,True,,,35130,,12,False,,,,,False,,0.03,,,,,,,,,,assets/eval_seen_v10.csv,,,,,,,,0.00015,,0.9999,std_skel1_latents_fame3_v8,,eval_seen_v10,True,std,False,False,False,12
assets/results/v10b_stdskel_fame3_c41x/20260908-191037-v10b-stdskel-fame3-c41x,assets/results/v10b_stdskel_fame3_c41x,assets__results__v10b_stdskel_fame3_c41x__20260908-191037-v10b-stdskel-fame3-c41x,v10b-stdskel-fame3-c41x,assets/results/v10b_stdskel_fame3_c41x/20260908-191037-v10b-stdskel-fame3-c41x/resolved_config.json,True,0,,0,,,,,,,,,,,,,,,DiT-2Cond-Sp/2,192,80000,flow,std_skel1_latents_fame3_v8,True,,,0.0,,True,,,35130,,12,False,,,,,False,,0.03,,,,,,,,,,assets/eval_seen_v10.csv,,,,,,,,0.00015,,0.9999,std_skel1_latents_fame3_v8,,eval_seen_v10,True,std,False,False,False,12
assets/results/v10b_stdskel_fame3_c41x/20260908-191924-v10b-stdskel-fame3-c41x,assets/results/v10b_stdskel_fame3_c41x,assets__results__v10b_stdskel_fame3_c41x__20260908-191924-v10b-stdskel-fame3-c41x,v10b-stdskel-fame3-c41x,assets/results/v10b_stdskel_fame3_c41x/20260908-191924-v10b-stdskel-fame3-c41x/resolved_config.json,True,0,,0,,,,,,,,,,,,,,,DiT-2Cond-Sp/2,192,80000,flow,std_skel1_latents_fame3_v8,True,,,0.0,,True,,,35130,,12,False,,,,,False,,0.03,,,,,,,,,,assets/eval_seen_v10.csv,,,,,,,,0.00015,,0.9999,std_skel1_latents_fame3_v8,,eval_seen_v10,True,std,False,False,False,12
assets/results/v10b_stdskel_fame3_c41x/20260908-192304-v10b-stdskel-fame3-c41x,assets/results/v10b_stdskel_fame3_c41x,assets__results__v10b_stdskel_fame3_c41x__20260908-192304-v10b-stdskel-fame3-c41x,v10b-stdskel-fame3-c41x,assets/results/v10b_stdskel_fame3_c41x/20260908-192304-v10b-stdskel-fame3-c41x/resolved_config.json,True,1,32500,1,30000,30000,0.490834,30000,0.490834,,,,,,,,,,DiT-2Cond-Sp/2,128,80000,flow,std_skel1_latents_fame3_v8,True,,,0.0,,True,,,35130,,12,False,,,,,False,,0.03,,,,,,,,,,assets/eval_seen_v10.csv,,,,,,,,0.00015,,0.9999,std_skel1_latents_fame3_v8,,eval_seen_v10,True,std,False,False,False,12
assets/results/v10b_stdskel_fame3_c41x/20260908-214432-v10b-stdskel-fame3-c41x,assets/results/v10b_stdskel_fame3_c41x,assets__results__v10b_stdskel_fame3_c41x__20260908-214432-v10b-stdskel-fame3-c41x,v10b-stdskel-fame3-c41x,assets/results/v10b_stdskel_fame3_c41x/20260908-214432-v10b-stdskel-fame3-c41x/resolved_config.json,True,1,52500,6,32500,52500,0.509323,52500,0.509323,,,,0.492441,,,,,,DiT-2Cond-Sp/2,128,200000,flow,std_skel1_latents_fame3_v8,True,,,0.0,,True,,,35130,,12,False,,,,,False,,0.03,,,,,,,,,,assets/eval_seen_v10.csv,,,,,,,,0.00015,,0.9999,std_skel1_latents_fame3_v8,,eval_seen_v10,True,std,False,False,False,12
assets/results/v10b_stdskel_fame3_c41x/20260908-232551-v10b-stdskel-fame3-c41x,assets/results/v10b_stdskel_fame3_c41x,assets__results__v10b_stdskel_fame3_c41x__20260908-232551-v10b-stdskel-fame3-c41x,v10b-stdskel-fame3-c41x,assets/results/v10b_stdskel_fame3_c41x/20260908-232551-v10b-stdskel-fame3-c41x/resolved_config.json,True,1,212500,41,55000,212500,0.763758,212500,0.763758,,,,,,0.533498,0.555944,0.607504,0.696969,DiT-2Cond-Sp/2,128,300000,flow,std_skel1_latents_fame3_v8,True,,,0.0,,True,,,35130,,12,False,,,,,False,,0.03,,,,,,,,,,assets/eval_seen_v10.csv,,,,,,,,0.00015,,0.9999,std_skel1_latents_fame3_v8,,eval_seen_v10,True,std,False,False,False,12
assets/results/v10b_stdskel_fame3_c41x/20260909-102059-v10b-stdskel-fame3-c41x,assets/results/v10b_stdskel_fame3_c41x,assets__results__v10b_stdskel_fame3_c41x__20260909-102059-v10b-stdskel-fame3-c41x,v10b-stdskel-fame3-c41x,assets/results/v10b_stdskel_fame3_c41x/20260909-102059-v10b-stdskel-fame3-c41x/resolved_config.json,True,0,,0,,,,,,,,,,,,,,,DiT-2Cond-Sp/2,128,300000,flow,std_skel1_latents_fame3_v8,True,,,0.0,,True,,,35130,,12,False,,,,,False,,0.03,,,,,,,,,,assets/eval_seen_v10.csv,,,,,,,,0.00015,,0.9999,std_skel1_latents_fame3_v8,,eval_seen_v10,True,std,False,False,False,12
assets/results/v10b_stdskel_fame3_c41x_cos/20260909-103136-v10b-stdskel-fame3-c41x,assets/results/v10b_stdskel_fame3_c41x_cos,assets__results__v10b_stdskel_fame3_c41x_cos__20260909-103136-v10b-stdskel-fame3-c41x,v10b-stdskel-fame3-c41x,assets/results/v10b_stdskel_fame3_c41x_cos/20260909-103136-v10b-stdskel-fame3-c41x/resolved_config.json,True,1,112500,4,102500,112500,0.643059,112500,0.643059,,,,,,,,,,DiT-2Cond-Sp/2,128,300000,flow,std_skel1_latents_fame3_v8,True,,,0.0,,True,,,35130,,12,False,,,,,False,,0.03,,,,,,,,,,assets/eval_seen_v10.csv,,,,,,,,0.00015,,0.9999,std_skel1_latents_fame3_v8,,eval_seen_v10,True,std,False,False,False,12
assets/results/v10b_stdskel_fame3_c41x_cos/20260909-113304-v10b-stdskel-fame3-c41x,assets/results/v10b_stdskel_fame3_c41x_cos,assets__results__v10b_stdskel_fame3_c41x_cos__20260909-113304-v10b-stdskel-fame3-c41x,v10b-stdskel-fame3-c41x,assets/results/v10b_stdskel_fame3_c41x_cos/20260909-113304-v10b-stdskel-fame3-c41x/resolved_config.json,True,1,122500,4,112500,122500,0.681902,122500,0.681902,,,,,,,,,,DiT-2Cond-Sp/2,128,300000,flow,std_skel1_latents_fame3_v8,True,,,0.0,,True,,,35130,,12,False,,,,,False,,0.03,,,,,,,,,,assets/eval_seen_v10.csv,,,,,,,,0.00015,,0.9999,std_skel1_latents_fame3_v8,,eval_seen_v10,True,std,False,False,False,12
assets/results/v10b_stdskel_fame3_c41x_cos/20260909-123231-v10b-stdskel-fame3-c41x,assets/results/v10b_stdskel_fame3_c41x_cos,assets__results__v10b_stdskel_fame3_c41x_cos__20260909-123231-v10b-stdskel-fame3-c41x,v10b-stdskel-fame3-c41x,assets/results/v10b_stdskel_fame3_c41x_cos/20260909-123231-v10b-stdskel-fame3-c41x/resolved_config.json,True,0,,0,,,,,,,,,,,,,,,DiT-2Cond-Sp/2,128,300000,flow,std_skel1_latents_fame3_v8,True,,,0.0,,True,,,35130,,12,False,,,,,False,,0.03,,,,,,,,,,assets/eval_seen_v10.csv,,,,,,,,0.00015,,0.9999,std_skel1_latents_fame3_v8,,eval_seen_v10,True,std,False,False,False,12
assets/results/v10b_stdskel_fame3_c41x_cos/20260909-123903-v10b-stdskel-fame3-c41x,assets/results/v10b_stdskel_fame3_c41x_cos,assets__results__v10b_stdskel_fame3_c41x_cos__20260909-123903-v10b-stdskel-fame3-c41x,v10b-stdskel-fame3-c41x,assets/results/v10b_stdskel_fame3_c41x_cos/20260909-123903-v10b-stdskel-fame3-c41x/resolved_config.json,True,1,172500,19,112500,172500,0.764195,172500,0.764195,,,,,,,,,0.746025,DiT-2Cond-Sp/2,128,300000,flow,std_skel1_latents_fame3_v8,True,,,0.0,,True,,,35130,,12,False,,,,,False,,0.03,,,,,,,,,,assets/eval_seen_v10.csv,,,,,,,,0.00015,,0.9999,std_skel1_latents_fame3_v8,,eval_seen_v10,True,std,False,False,False,12
assets/results/v10b_stdskel_fame3_c41x_cos_e/20260909-172618-v10b-stdskel-fame3-c41x-cos-e,assets/results/v10b_stdskel_fame3_c41x_cos_e,assets__results__v10b_stdskel_fame3_c41x_cos_e__20260909-172618-v10b-stdskel-fame3-c41x-cos-e,v10b-stdskel-fame3-c41x-cos-e,assets/results/v10b_stdskel_fame3_c41x_cos_e/20260909-172618-v10b-stdskel-fame3-c41x-cos-e/resolved_config.json,True,0,,0,,,,,,,,,,,,,,,DiT-2Cond-Sp/2,128,300000,flow,std_skel1_latents_fame_e,True,,,0.0,,True,,,35130,,12,False,,,,,False,,0.03,,,,,,,,,,assets/eval_seen_v10.csv,,,,,,,,1.5e-05,,0.9999,std_skel1_latents_fame_e,,eval_seen_v10,True,std,False,False,False,12
assets/results/v10b_stdskel_fame3_c41x_cos_e/20260909-173200-v10b-stdskel-fame3-c41x-cos-e,assets/results/v10b_stdskel_fame3_c41x_cos_e,assets__results__v10b_stdskel_fame3_c41x_cos_e__20260909-173200-v10b-stdskel-fame3-c41x-cos-e,v10b-stdskel-fame3-c41x-cos-e,assets/results/v10b_stdskel_fame3_c41x_cos_e/20260909-173200-v10b-stdskel-fame3-c41x-cos-e/resolved_config.json,True,1,175000,0,,,,,,,,,,,,,,,DiT-2Cond-Sp/2,128,300000,flow,std_skel1_latents_fame_e,True,,,0.0,,True,,,35130,,12,False,,,,,False,,0.03,,,,,,,,,,assets/eval_seen_v10.csv,,,,,,,,1.5e-05,,0.9999,std_skel1_latents_fame_e,,eval_seen_v10,True,std,False,False,False,12
assets/results/v10b_stdskel_fame3_c41x_cos_e/20260909-191638-v10b-stdskel-fame3-c41x-cos-e,assets/results/v10b_stdskel_fame3_c41x_cos_e,assets__results__v10b_stdskel_fame3_c41x_cos_e__20260909-191638-v10b-stdskel-fame3-c41x-cos-e,v10b-stdskel-fame3-c41x-cos-e,assets/results/v10b_stdskel_fame3_c41x_cos_e/20260909-191638-v10b-stdskel-fame3-c41x-cos-e/resolved_config.json,True,1,177500,0,,,,,,,,,,,,,,,DiT-2Cond-Sp/2,128,300000,flow,std_skel1_latents_fame_e,True,,,0.0,,True,,,35130,,12,False,,,,,False,,0.03,,,,,,,,,,assets/eval_seen_v10.csv,,,,,,,,5e-05,,0.9999,std_skel1_latents_fame_e,,eval_seen_v10,True,std,False,False,False,12
assets/results/v10b_stdskel_fame3_c41x_cos_e/20260909-193018-v10b-stdskel-fame3-c41x-cos-e,assets/results/v10b_stdskel_fame3_c41x_cos_e,assets__results__v10b_stdskel_fame3_c41x_cos_e__20260909-193018-v10b-stdskel-fame3-c41x-cos-e,v10b-stdskel-fame3-c41x-cos-e,assets/results/v10b_stdskel_fame3_c41x_cos_e/20260909-193018-v10b-stdskel-fame3-c41x-cos-e/resolved_config.json,True,1,390000,6,372500,387500,0.763015,387500,0.763015,,,,,,,,,,DiT-2Cond-Sp/2,128,400000,flow,std_skel1_latents_fame_e,True,,,0.0,,True,,,35130,,12,False,,,,,False,,0.03,,,,,,,,,,assets/eval_seen_v10.csv,,,,,,,,5e-05,,0.9999,std_skel1_latents_fame_e,,eval_seen_v10,True,std,False,False,False,12
assets/results/v11_pretrain_M432_adaln4_fame_kxl_tj_px60/20260915-205627-v11-pretrain-M432-adaln4-fame-kxl-tj-px60,assets/results/v11_pretrain_M432_adaln4_fame_kxl_tj_px60,assets__results__v11_pretrain_M432_adaln4_fame_kxl_tj_px60__20260915-205627-v11-pretrain-M432-adaln4-fame-kxl-tj-px60,v11-pretrain-M432-adaln4-fame-kxl-tj-px60,assets/results/v11_pretrain_M432_adaln4_fame_kxl_tj_px60/20260915-205627-v11-pretrain-M432-adaln4-fame-kxl-tj-px60/resolved_config.json,True,1,2000,0,,,,,,,,,,,,,,,DiT-2Cond-M/2,256,200000,flow,data/fame-kxl-tj-px60/shards_std,True,data/fame-kxl-tj-px60/shards_std_eval,,,,True,,,7765,,4,False,,,,,False,,0.03,data/dino_cache/base_sym_v1,,,,,,,,"seen:assets/eval_seen_v10.csv:10,strict:assets/eval_fame3_strict_clean_v9.csv:50",assets/eval_seen_v10.csv,,,,,,,,0.0001,,0.9999,shards_std,,eval_seen_v10,True,std,False,False,False,4
assets/results/v11_pretrain_M432_adaln4_fame_kxl_tj_px60/20260915-211528-v11-pretrain-M432-adaln4-fame-kxl-tj-px60,assets/results/v11_pretrain_M432_adaln4_fame_kxl_tj_px60,assets__results__v11_pretrain_M432_adaln4_fame_kxl_tj_px60__20260915-211528-v11-pretrain-M432-adaln4-fame-kxl-tj-px60,v11-pretrain-M432-adaln4-fame-kxl-tj-px60,assets/results/v11_pretrain_M432_adaln4_fame_kxl_tj_px60/20260915-211528-v11-pretrain-M432-adaln4-fame-kxl-tj-px60/resolved_config.json,True,1,10000,0,,,,,,,,,,,,,,,DiT-2Cond-M/2,240,200000,flow,data/fame-kxl-tj-px60/shards_std,True,data/fame-kxl-tj-px60/shards_std_eval,,,,True,,,7765,,4,False,,,,,False,,0.03,data/dino_cache/base_sym_v1,,,,,,,,"seen:assets/eval_seen_v10.csv:10,strict:assets/eval_fame3_strict_clean_v9.csv:50",assets/eval_seen_v10.csv,,,,,,,,0.0001,,0.9999,shards_std,,eval_seen_v10,True,std,False,False,False,4
assets/results/v11_pretrain_M432_adaln4_fame_kxl_tj_px60/20260915-223453-v11-pretrain-M432-adaln4-fame-kxl-tj-px60,assets/results/v11_pretrain_M432_adaln4_fame_kxl_tj_px60,assets__results__v11_pretrain_M432_adaln4_fame_kxl_tj_px60__20260915-223453-v11-pretrain-M432-adaln4-fame-kxl-tj-px60,v11-pretrain-M432-adaln4-fame-kxl-tj-px60,assets/results/v11_pretrain_M432_adaln4_fame_kxl_tj_px60/20260915-223453-v11-pretrain-M432-adaln4-fame-kxl-tj-px60/resolved_config.json,True,1,170000,0,,,,,,,,,,,,,,,DiT-2Cond-M/2,240,400000,flow,data/fame-kxl-tj-px60/shards_std,True,data/fame-kxl-tj-px60/shards_std_eval,,,,True,,,7765,,4,False,,,,,False,,0.03,data/dino_cache/base_sym_v1,,,,,,,,"seen:assets/eval_seen_v10.csv:10,strict:assets/eval_fame3_strict_clean_v9.csv:50",assets/eval_seen_v10.csv,,,,,,,,0.0001,,0.9999,shards_std,,eval_seen_v10,True,std,False,False,False,4
assets/results/v11_pretrain_M432_adaln4_sym/20260913-140636-v11-pretrain-M432-adaln4-sym,assets/results/v11_pretrain_M432_adaln4_sym,assets__results__v11_pretrain_M432_adaln4_sym__20260913-140636-v11-pretrain-M432-adaln4-sym,v11-pretrain-M432-adaln4-sym,assets/results/v11_pretrain_M432_adaln4_sym/20260913-140636-v11-pretrain-M432-adaln4-sym/resolved_config.json,True,1,3000,3,1000,3000,0.427372,3000,0.427372,,,,,,,,,,DiT-2Cond-M/2,256,250000,flow,std_skel3_latents_fame_sym,True,,,,,True,,,7765,,4,False,,,,,False,,0.03,,,,,,,,,,assets/eval_seen_v10.csv,,,,,,,,0.0001,,0.9999,std_skel3_latents_fame_sym,,eval_seen_v10,True,std,False,False,False,4
assets/results/v11_pretrain_M432_adaln4_sym/20260913-142646-v11-pretrain-M432-adaln4-sym,assets/results/v11_pretrain_M432_adaln4_sym,assets__results__v11_pretrain_M432_adaln4_sym__20260913-142646-v11-pretrain-M432-adaln4-sym,v11-pretrain-M432-adaln4-sym,assets/results/v11_pretrain_M432_adaln4_sym/20260913-142646-v11-pretrain-M432-adaln4-sym/resolved_config.json,True,1,17500,10,1000,17500,0.474012,17500,0.474012,0.428297,0.45798,,,,,,,,DiT-2Cond-M/2,192,250000,flow,std_skel3_latents_fame_sym,True,,,,,True,,,7765,,4,False,,,,,False,,0.03,,,,,,,,,,assets/eval_seen_v10.csv,,,,,,,,0.0001,,0.9999,std_skel3_latents_fame_sym,,eval_seen_v10,True,std,False,False,False,4
assets/results/v11_pretrain_M432_adaln4_sym/20260913-155027-v11-pretrain-M432-adaln4-sym,assets/results/v11_pretrain_M432_adaln4_sym,assets__results__v11_pretrain_M432_adaln4_sym__20260913-155027-v11-pretrain-M432-adaln4-sym,v11-pretrain-M432-adaln4-sym,assets/results/v11_pretrain_M432_adaln4_sym/20260913-155027-v11-pretrain-M432-adaln4-sym/resolved_config.json,True,0,,0,,,,,,,,,,,,,,,DiT-2Cond-M/2,192,250000,flow,std_skel3_latents_fame_sym,True,,,,,True,,,7765,,4,False,,,,,False,,0.03,,,,,,,,,,assets/eval_seen_v10.csv,,,,,,,,0.0001,,0.9999,std_skel3_latents_fame_sym,,eval_seen_v10,True,std,False,False,False,4
assets/results/v11_pretrain_M432_adaln4_sym/20260913-161635-v11-pretrain-M432-adaln4-sym,assets/results/v11_pretrain_M432_adaln4_sym,assets__results__v11_pretrain_M432_adaln4_sym__20260913-161635-v11-pretrain-M432-adaln4-sym,v11-pretrain-M432-adaln4-sym,assets/results/v11_pretrain_M432_adaln4_sym/20260913-161635-v11-pretrain-M432-adaln4-sym/resolved_config.json,True,1,22500,2,20000,22500,0.474461,20000,0.472168,,,0.474461,,,,,,,DiT-2Cond-M/2,192,250000,flow,std_skel3_latents_fame_sym,True,,,,,True,,,7765,,4,False,,,,,False,,0.03,,,,,,,,,,assets/eval_seen_v10.csv,,,,,,,,0.0001,,0.9999,std_skel3_latents_fame_sym,,eval_seen_v10,True,std,False,False,False,4
assets/results/v11_pretrain_M432_adaln4_sym/20260913-164820-v11-pretrain-M432-adaln4-sym,assets/results/v11_pretrain_M432_adaln4_sym,assets__results__v11_pretrain_M432_adaln4_sym__20260913-164820-v11-pretrain-M432-adaln4-sym,v11-pretrain-M432-adaln4-sym,assets/results/v11_pretrain_M432_adaln4_sym/20260913-164820-v11-pretrain-M432-adaln4-sym/resolved_config.json,True,1,42500,0,,,,,,,,,,,,,,,DiT-2Cond-M/2,192,250000,flow,data/skel/std_skel3_latents_fame_sym,True,,,,,True,,,7765,,4,False,,,,,False,,0.03,,,,,,,,,,assets/eval_seen_v10.csv,,,,,,,,0.0001,,0.9999,std_skel3_latents_fame_sym,,eval_seen_v10,True,std,False,False,False,4
assets/results/v11_pretrain_M432_adaln4_sym_noise400k/20260913-184111-v11-pretrain-M432-adaln4-sym-noise400k,assets/results/v11_pretrain_M432_adaln4_sym_noise400k,assets__results__v11_pretrain_M432_adaln4_sym_noise400k__20260913-184111-v11-pretrain-M432-adaln4-sym-noise400k,v11-pretrain-M432-adaln4-sym-noise400k,assets/results/v11_pretrain_M432_adaln4_sym_noise400k/20260913-184111-v11-pretrain-M432-adaln4-sym-noise400k/resolved_config.json,True,1,45000,1,45000,45000,0.476383,45000,0.476383,,,,,,,,,,DiT-2Cond-M/2,192,400000,flow,data/skel/std_skel3_latents_fame_sym,True,,,,,True,,,7765,,4,False,,,,,False,,0.03,,,,,,,,,,assets/eval_seen_v10.csv,,,,,,,,0.0001,,0.9999,std_skel3_latents_fame_sym,,eval_seen_v10,True,std,False,False,False,4
assets/results/v11_pretrain_M432_adaln4_sym_noise400k/20260913-191355-v11-pretrain-M432-adaln4-sym-noise400k,assets/results/v11_pretrain_M432_adaln4_sym_noise400k,assets__results__v11_pretrain_M432_adaln4_sym_noise400k__20260913-191355-v11-pretrain-M432-adaln4-sym-noise400k,v11-pretrain-M432-adaln4-sym-noise400k,assets/results/v11_pretrain_M432_adaln4_sym_noise400k/20260913-191355-v11-pretrain-M432-adaln4-sym-noise400k/resolved_config.json,True,0,,0,,,,,,,,,,,,,,,DiT-2Cond-M/2,192,400000,flow,data/skel/std_skel3_latents_fame_sym,True,,,,,True,,,7765,,4,False,,,,,False,,0.03,data/dino_cache/v11_sym_full,,,,,,,,,assets/eval_seen_v10.csv,,,,,,,,0.0001,,0.9999,std_skel3_latents_fame_sym,,eval_seen_v10,True,std,False,False,False,4
assets/results/v11_pretrain_M432_adaln4_sym_noise400k/20260913-191757-v11-pretrain-M432-adaln4-sym-noise400k,assets/results/v11_pretrain_M432_adaln4_sym_noise400k,assets__results__v11_pretrain_M432_adaln4_sym_noise400k__20260913-191757-v11-pretrain-M432-adaln4-sym-noise400k,v11-pretrain-M432-adaln4-sym-noise400k,assets/results/v11_pretrain_M432_adaln4_sym_noise400k/20260913-191757-v11-pretrain-M432-adaln4-sym-noise400k/resolved_config.json,True,0,,0,,,,,,,,,,,,,,,DiT-2Cond-M/2,192,400000,flow,data/skel/std_skel3_latents_fame_sym,True,,,,,True,,,7765,,4,False,,,,,False,,0.03,data/dino_cache/v11_sym_full,,,,,,,,,assets/eval_seen_v10.csv,,,,,,,,0.0001,,0.9999,std_skel3_latents_fame_sym,,eval_seen_v10,True,std,False,False,False,4
assets/results/v11_pretrain_M432_adaln4_sym_noise400k/20260913-192543-v11-pretrain-M432-adaln4-sym-noise400k,assets/results/v11_pretrain_M432_adaln4_sym_noise400k,assets__results__v11_pretrain_M432_adaln4_sym_noise400k__20260913-192543-v11-pretrain-M432-adaln4-sym-noise400k,v11-pretrain-M432-adaln4-sym-noise400k,assets/results/v11_pretrain_M432_adaln4_sym_noise400k/20260913-192543-v11-pretrain-M432-adaln4-sym-noise400k/resolved_config.json,True,0,,0,,,,,,,,,,,,,,,DiT-2Cond-M/2,192,400000,flow,data/skel/std_skel3_latents_fame_sym,True,,,,,True,,,7765,,4,False,,,,,False,,0.03,data/dino_cache/v11_sym_full,,,,,,,,,assets/eval_seen_v10.csv,,,,,,,,0.0001,,0.9999,std_skel3_latents_fame_sym,,eval_seen_v10,True,std,False,False,False,4
assets/results/v11_pretrain_M432_adaln4_sym_noise400k/20260913-193815-v11-pretrain-M432-adaln4-sym-noise400k,assets/results/v11_pretrain_M432_adaln4_sym_noise400k,assets__results__v11_pretrain_M432_adaln4_sym_noise400k__20260913-193815-v11-pretrain-M432-adaln4-sym-noise400k,v11-pretrain-M432-adaln4-sym-noise400k,assets/results/v11_pretrain_M432_adaln4_sym_noise400k/20260913-193815-v11-pretrain-M432-adaln4-sym-noise400k/resolved_config.json,True,1,45000,0,,,,,,,,,,,,,,,DiT-2Cond-M/2,192,400000,flow,data/skel/std_skel3_latents_fame_sym,True,,,,,True,,,7765,,4,False,,,,,False,,0.03,data/dino_cache/v11_sym_full,,,,,,,,,assets/eval_seen_v10.csv,,,,,,,,0.0001,,0.9999,std_skel3_latents_fame_sym,,eval_seen_v10,True,std,False,False,False,4
assets/results/v11_pretrain_M432_adaln4_sym_noise400k/20260913-201306-v11-pretrain-M432-adaln4-sym-noise400k,assets/results/v11_pretrain_M432_adaln4_sym_noise400k,assets__results__v11_pretrain_M432_adaln4_sym_noise400k__20260913-201306-v11-pretrain-M432-adaln4-sym-noise400k,v11-pretrain-M432-adaln4-sym-noise400k,assets/results/v11_pretrain_M432_adaln4_sym_noise400k/20260913-201306-v11-pretrain-M432-adaln4-sym-noise400k/resolved_config.json,True,0,,0,,,,,,,,,,,,,,,DiT-2Cond-M/2,192,400000,flow,data/skel/std_skel3_latents_fame_sym,True,,,,,True,,,7765,,4,False,,,,,False,,0.03,data/dino_cache/v11_sym_full,,,,,,,,,assets/eval_seen_v10.csv,,,,,,,,0.0001,,0.9999,std_skel3_latents_fame_sym,,eval_seen_v10,True,std,False,False,False,4
assets/results/v11_pretrain_M432_adaln4_sym_noise400k/20260913-201714-v11-pretrain-M432-adaln4-sym-noise400k,assets/results/v11_pretrain_M432_adaln4_sym_noise400k,assets__results__v11_pretrain_M432_adaln4_sym_noise400k__20260913-201714-v11-pretrain-M432-adaln4-sym-noise400k,v11-pretrain-M432-adaln4-sym-noise400k,assets/results/v11_pretrain_M432_adaln4_sym_noise400k/20260913-201714-v11-pretrain-M432-adaln4-sym-noise400k/resolved_config.json,True,0,,0,,,,,,,,,,,,,,,DiT-2Cond-M/2,256,400000,flow,data/skel/std_skel3_latents_fame_sym,True,,,,,True,,,7765,,4,False,,,,,False,,0.03,data/dino_cache/v11_sym_full,,,,,,,,,assets/eval_seen_v10.csv,,,,,,,,0.0001,,0.9999,std_skel3_latents_fame_sym,,eval_seen_v10,True,std,False,False,False,4
assets/results/v11_pretrain_M432_adaln4_sym_noise400k/20260913-202711-v11-pretrain-M432-adaln4-sym-noise400k,assets/results/v11_pretrain_M432_adaln4_sym_noise400k,assets__results__v11_pretrain_M432_adaln4_sym_noise400k__20260913-202711-v11-pretrain-M432-adaln4-sym-noise400k,v11-pretrain-M432-adaln4-sym-noise400k,assets/results/v11_pretrain_M432_adaln4_sym_noise400k/20260913-202711-v11-pretrain-M432-adaln4-sym-noise400k/resolved_config.json,True,1,120000,0,,,,,,,,,,,,,,,DiT-2Cond-M/2,192,400000,flow,data/skel/std_skel3_latents_fame_sym,True,,,,,True,,,7765,,4,False,,,,,False,,0.03,data/dino_cache/v11_sym_full,,,,,,,,,assets/eval_seen_v10.csv,,,,,,,,0.0001,,0.9999,std_skel3_latents_fame_sym,,eval_seen_v10,True,std,False,False,False,4
assets/results/v11_pretrain_M432_adaln4_sym_noise400k/20260914-022115-v11-pretrain-M432-adaln4-sym-noise400k,assets/results/v11_pretrain_M432_adaln4_sym_noise400k,assets__results__v11_pretrain_M432_adaln4_sym_noise400k__20260914-022115-v11-pretrain-M432-adaln4-sym-noise400k,v11-pretrain-M432-adaln4-sym-noise400k,assets/results/v11_pretrain_M432_adaln4_sym_noise400k/20260914-022115-v11-pretrain-M432-adaln4-sym-noise400k/resolved_config.json,True,1,270000,0,,,,,,,,,,,,,,,DiT-2Cond-M/2,192,400000,flow,data/skel/std_skel3_latents_fame_sym,True,,,,,True,,,7765,,4,False,,,,,False,,0.03,data/dino_cache/v11_sym_full,,,,,,,,"seen:assets/eval_seen_v10.csv:10,strict:assets/eval_fame3_strict_clean_v9.csv:50",assets/eval_seen_v10.csv,,,,,,,,0.0001,,0.9999,std_skel3_latents_fame_sym,,eval_seen_v10,True,std,False,False,False,4
assets/results/v11_pretrain_M432_v8_auxc03s08/20260912-233358-v11-pretrain-M432-v8-auxc03s08,assets/results/v11_pretrain_M432_v8_auxc03s08,assets__results__v11_pretrain_M432_v8_auxc03s08__20260912-233358-v11-pretrain-M432-v8-auxc03s08,v11-pretrain-M432-v8-auxc03s08,assets/results/v11_pretrain_M432_v8_auxc03s08/20260912-233358-v11-pretrain-M432-v8-auxc03s08/resolved_config.json,True,1,1000,1,1000,1000,0.408697,1000,0.408697,,,,,,,,,,DiT-2Cond-M/2,256,250000,flow,std_skel1_latents_fame3_v8,True,,,,,True,,,7765,,12,False,,,,,False,,0.0,,,,,,,,,,assets/eval_seen_v10.csv,,,,,,,,0.0001,,0.9999,std_skel1_latents_fame3_v8,,eval_seen_v10,True,std,False,False,False,12
assets/results/v11_pretrain_M432_v8_auxc03s08/20260912-234049-v11-pretrain-M432-v8-auxc03s08,assets/results/v11_pretrain_M432_v8_auxc03s08,assets__results__v11_pretrain_M432_v8_auxc03s08__20260912-234049-v11-pretrain-M432-v8-auxc03s08,v11-pretrain-M432-v8-auxc03s08,assets/results/v11_pretrain_M432_v8_auxc03s08/20260912-234049-v11-pretrain-M432-v8-auxc03s08/resolved_config.json,True,1,30000,15,1000,30000,0.485691,30000,0.485691,0.437661,0.463899,0.473999,,,,,,,DiT-2Cond-M/2,256,250000,flow,std_skel1_latents_fame3_v8,True,,,,,True,,,7765,,12,False,,,,,False,,0.0,,,,,,,,,,assets/eval_seen_v10.csv,,,,,,,,0.0001,,0.9999,std_skel1_latents_fame3_v8,,eval_seen_v10,True,std,False,False,False,12
assets/results/v11_pretrain_M432_v8_sk3/20260913-021724-v11-pretrain-M432-v8-sk3,assets/results/v11_pretrain_M432_v8_sk3,assets__results__v11_pretrain_M432_v8_sk3__20260913-021724-v11-pretrain-M432-v8-sk3,v11-pretrain-M432-v8-sk3,assets/results/v11_pretrain_M432_v8_sk3/20260913-021724-v11-pretrain-M432-v8-sk3/resolved_config.json,True,0,,0,,,,,,,,,,,,,,,DiT-2Cond-M/2,256,250000,flow,std_skel3_latents_fame3_v8,True,,,,,True,,,7765,,12,False,,,,,False,,0.0,,,,,,,,,,assets/eval_seen_v10.csv,,,,,,,,0.0001,,0.9999,std_skel3_latents_fame3_v8,,eval_seen_v10,True,std,False,False,False,12
assets/results/v11_pretrain_M432_v8_sk3/20260913-022743-v11-pretrain-M432-v8-sk3,assets/results/v11_pretrain_M432_v8_sk3,assets__results__v11_pretrain_M432_v8_sk3__20260913-022743-v11-pretrain-M432-v8-sk3,v11-pretrain-M432-v8-sk3,assets/results/v11_pretrain_M432_v8_sk3/20260913-022743-v11-pretrain-M432-v8-sk3/resolved_config.json,True,0,,0,,,,,,,,,,,,,,,DiT-2Cond-M/2,256,250000,flow,std_skel3_latents_fame3_v8,True,,,,,True,,,7765,,12,False,,,,,False,,0.0,,,,,,,,,,assets/eval_seen_v10.csv,,,,,,,,0.0001,,0.9999,std_skel3_latents_fame3_v8,,eval_seen_v10,True,std,False,False,False,12
assets/results/v11_pretrain_M432_v8_sk3/20260913-023329-v11-pretrain-M432-v8-sk3,assets/results/v11_pretrain_M432_v8_sk3,assets__results__v11_pretrain_M432_v8_sk3__20260913-023329-v11-pretrain-M432-v8-sk3,v11-pretrain-M432-v8-sk3,assets/results/v11_pretrain_M432_v8_sk3/20260913-023329-v11-pretrain-M432-v8-sk3/resolved_config.json,True,1,152500,64,1000,152500,0.570727,152500,0.570727,0.44166,0.45825,0.475653,0.476329,0.486151,0.488038,0.497415,0.501845,0.564333,DiT-2Cond-M/2,256,250000,flow,std_skel3_latents_fame3_v8,True,,,,,True,,,7765,,12,False,,,,,False,,0.0,,,,,,,,,,assets/eval_seen_v10.csv,,,,,,,,0.0001,,0.9999,std_skel3_latents_fame3_v8,,eval_seen_v10,True,std,False,False,False,12
assets/results/v11_pretrain_S2_ref12ch/20260912-125224-v11-pretrain-S2-ref12ch,assets/results/v11_pretrain_S2_ref12ch,assets__results__v11_pretrain_S2_ref12ch__20260912-125224-v11-pretrain-S2-ref12ch,v11-pretrain-S2-ref12ch,assets/results/v11_pretrain_S2_ref12ch/20260912-125224-v11-pretrain-S2-ref12ch/resolved_config.json,True,1,90000,38,1000,87500,0.509753,77500,0.508566,0.443205,0.468222,0.496457,0.50418,0.503426,0.505875,0.508023,,,DiT-2Cond-S/2,256,300000,flow,std_skel1_latents_fame_e,True,,,,,True,,,7765,,12,False,,,,,False,,0.0,,,,,,,,,,assets/eval_seen_v10.csv,,,,,,,,0.0001,,0.9999,std_skel1_latents_fame_e,,eval_seen_v10,True,std,False,False,False,12
assets/results/v11_pretrain_S2_v8_aux02/20260912-172942-v11-pretrain-S2-v8-aux02,assets/results/v11_pretrain_S2_v8_aux02,assets__results__v11_pretrain_S2_v8_aux02__20260912-172942-v11-pretrain-S2-v8-aux02,v11-pretrain-S2-v8-aux02,assets/results/v11_pretrain_S2_v8_aux02/20260912-172942-v11-pretrain-S2-v8-aux02/resolved_config.json,True,1,120000,51,1000,120000,0.494588,115000,0.493016,0.426243,0.45126,0.477192,0.478654,0.471442,0.4767,0.485445,0.488971,,DiT-2Cond-S/2,256,150000,flow,std_skel1_latents_fame3_v8,True,,,,,True,,,7765,,12,False,,,,,False,,0.0,,,,,,,,,,assets/eval_seen_v10.csv,,,,,,,,0.0001,,0.9999,std_skel1_latents_fame3_v8,,eval_seen_v10,True,std,False,False,False,12
assets/results/v11_pretrain_Sp2_base/20260914-142007-v11-pretrain-Sp2-base,assets/results/v11_pretrain_Sp2_base,assets__results__v11_pretrain_Sp2_base__20260914-142007-v11-pretrain-Sp2-base,v11-pretrain-Sp2-base,assets/results/v11_pretrain_Sp2_base/20260914-142007-v11-pretrain-Sp2-base/resolved_config.json,True,1,15000,0,,,,,,,,,,,,,,,DiT-2Cond-Sp/2,192,400000,flow,data/skel/std_skel3_latents_base_full,True,,,,,True,,,7765,,4,False,,,,,False,,0.03,data/dino_cache/base_v1,,,,,,,,"seen:assets/eval_seen_v10.csv:10,strict:assets/eval_fame3_strict_clean_v9.csv:50",assets/eval_seen_v10.csv,,,,,,,,0.0001,,0.9999,std_skel3_latents_base_full,,eval_seen_v10,True,std,False,False,False,4
assets/results/v11_pretrain_Sp2_base/20260914-152713-v11-pretrain-Sp2-base,assets/results/v11_pretrain_Sp2_base,assets__results__v11_pretrain_Sp2_base__20260914-152713-v11-pretrain-Sp2-base,v11-pretrain-Sp2-base,assets/results/v11_pretrain_Sp2_base/20260914-152713-v11-pretrain-Sp2-base/resolved_config.json,True,0,,0,,,,,,,,,,,,,,,DiT-2Cond-Sp/2,192,400000,flow,data/skel/std_skel3_latents_base_full,True,,,,,True,,,7765,,4,False,,,,,False,,0.03,data/dino_cache/base_v1,,,,,,,,"seen:assets/eval_seen_v10.csv:10,strict:assets/eval_fame3_strict_clean_v9.csv:50",assets/eval_seen_v10.csv,,,,,,,,0.0001,,0.9999,std_skel3_latents_base_full,,eval_seen_v10,True,std,False,False,False,4
assets/results/v11_pretrain_Sp2_base/20260914-153302-v11-pretrain-Sp2-base,assets/results/v11_pretrain_Sp2_base,assets__results__v11_pretrain_Sp2_base__20260914-153302-v11-pretrain-Sp2-base,v11-pretrain-Sp2-base,assets/results/v11_pretrain_Sp2_base/20260914-153302-v11-pretrain-Sp2-base/resolved_config.json,True,1,17500,0,,,,,,,,,,,,,,,DiT-2Cond-Sp/2,192,400000,flow,data/skel/std_skel3_latents_base_full,True,,,,,True,,,7765,,4,False,,,,,False,,0.03,data/dino_cache/base_v1,,,,,,,,"seen:assets/eval_seen_v10.csv:10,strict:assets/eval_fame3_strict_clean_v9.csv:50",assets/eval_seen_v10.csv,,,,,,,,0.0001,,0.9999,std_skel3_latents_base_full,,eval_seen_v10,True,std,False,False,False,4
assets/results/v11_pretrain_Sp2_base/20260914-155100-v11-pretrain-Sp2-base,assets/results/v11_pretrain_Sp2_base,assets__results__v11_pretrain_Sp2_base__20260914-155100-v11-pretrain-Sp2-base,v11-pretrain-Sp2-base,assets/results/v11_pretrain_Sp2_base/20260914-155100-v11-pretrain-Sp2-base/resolved_config.json,True,1,35000,0,,,,,,,,,,,,,,,DiT-2Cond-Sp/2,192,400000,flow,data/skel/std_skel3_latents_base_full,True,,,,,True,,,7765,,4,False,,,,,False,,0.03,data/dino_cache/base_v1,,,,,,,,"seen:assets/eval_seen_v10.csv:10,strict:assets/eval_fame3_strict_clean_v9.csv:50",assets/eval_seen_v10.csv,,,,,,,,0.0001,,0.9999,std_skel3_latents_base_full,,eval_seen_v10,True,std,False,False,False,4
assets/results/v11_pretrain_Sp2_base/20260914-172822-v11-pretrain-Sp2-base,assets/results/v11_pretrain_Sp2_base,assets__results__v11_pretrain_Sp2_base__20260914-172822-v11-pretrain-Sp2-base,v11-pretrain-Sp2-base,assets/results/v11_pretrain_Sp2_base/20260914-172822-v11-pretrain-Sp2-base/resolved_config.json,True,1,52500,0,,,,,,,,,,,,,,,DiT-2Cond-Sp/2,192,400000,flow,data/skel/std_skel3_latents_base_full,True,,,,,True,,,7765,,4,False,,,,,False,,0.03,data/dino_cache/base_v1,,,,,,,,"seen:assets/eval_seen_v10.csv:10,strict:assets/eval_fame3_strict_clean_v9.csv:50",assets/eval_seen_v10.csv,,,,,,,,0.0001,,0.9999,std_skel3_latents_base_full,,eval_seen_v10,True,std,False,False,False,4
assets/results/v11_pretrain_Sp2_base_sym/20260915-024936-v11-pretrain-Sp2-base-sym,assets/results/v11_pretrain_Sp2_base_sym,assets__results__v11_pretrain_Sp2_base_sym__20260915-024936-v11-pretrain-Sp2-base-sym,v11-pretrain-Sp2-base-sym,assets/results/v11_pretrain_Sp2_base_sym/20260915-024936-v11-pretrain-Sp2-base-sym/resolved_config.json,True,1,10000,0,,,,,,,,,,,,,,,DiT-2Cond-Sp/2,128,400000,flow,data/skel/std_skel3_latents_base_sym,True,,,,,True,,,7765,,12,False,,,,,False,,0.03,data/dino_cache/base_sym_v1,,,,,,,,"seen:assets/eval_seen_v10.csv:10,strict:assets/eval_fame3_strict_clean_v9.csv:50",assets/eval_seen_v10.csv,,,,,,,,5e-05,,0.9999,std_skel3_latents_base_sym,,eval_seen_v10,True,std,False,False,False,12
assets/results/v11_pretrain_Sp2_base_sym/20260915-034254-v11-pretrain-Sp2-base-sym,assets/results/v11_pretrain_Sp2_base_sym,assets__results__v11_pretrain_Sp2_base_sym__20260915-034254-v11-pretrain-Sp2-base-sym,v11-pretrain-Sp2-base-sym,assets/results/v11_pretrain_Sp2_base_sym/20260915-034254-v11-pretrain-Sp2-base-sym/resolved_config.json,True,0,,0,,,,,,,,,,,,,,,DiT-2Cond-Sp/2,128,400000,flow,data/skel/std_skel3_latents_base_sym,True,data/skel/std_skel3_latents_base_full,,,,True,,,7765,,12,False,,,,,False,,0.03,data/dino_cache/base_sym_v1,,,,,,,,"seen:assets/eval_seen_v10.csv:10,strict:assets/eval_fame3_strict_clean_v9.csv:50",assets/eval_seen_v10.csv,,,,,,,,5e-05,,0.9999,std_skel3_latents_base_sym,,eval_seen_v10,True,std,False,False,False,12
assets/results/v11_pretrain_Sp2_base_sym/20260915-034842-v11-pretrain-Sp2-base-sym,assets/results/v11_pretrain_Sp2_base_sym,assets__results__v11_pretrain_Sp2_base_sym__20260915-034842-v11-pretrain-Sp2-base-sym,v11-pretrain-Sp2-base-sym,assets/results/v11_pretrain_Sp2_base_sym/20260915-034842-v11-pretrain-Sp2-base-sym/resolved_config.json,True,0,,0,,,,,,,,,,,,,,,DiT-2Cond-Sp/2,128,400000,flow,data/skel/std_skel3_latents_base_sym,True,data/skel/std_skel3_latents_base_full,,,,True,,,7765,,12,False,,,,,False,,0.03,data/dino_cache/base_sym_v1,,,,,,,,"seen:assets/eval_seen_v10.csv:10,strict:assets/eval_fame3_strict_clean_v9.csv:50",assets/eval_seen_v10.csv,,,,,,,,5e-05,,0.9999,std_skel3_latents_base_sym,,eval_seen_v10,True,std,False,False,False,12
assets/results/v11_pretrain_Sp2_base_sym/20260915-035222-v11-pretrain-Sp2-base-sym,assets/results/v11_pretrain_Sp2_base_sym,assets__results__v11_pretrain_Sp2_base_sym__20260915-035222-v11-pretrain-Sp2-base-sym,v11-pretrain-Sp2-base-sym,assets/results/v11_pretrain_Sp2_base_sym/20260915-035222-v11-pretrain-Sp2-base-sym/resolved_config.json,True,1,122500,0,,,,,,,,,,,,,,,DiT-2Cond-Sp/2,128,400000,flow,data/skel/std_skel3_latents_base_sym,True,data/skel/std_skel3_latents_base_full,,,,True,,,7765,,12,False,,,,,False,,0.03,data/dino_cache/base_sym_v1,,,,,,,,"seen:assets/eval_seen_v10.csv:10,strict:assets/eval_fame3_strict_clean_v9.csv:50",assets/eval_seen_v10.csv,,,,,,,,5e-05,,0.9999,std_skel3_latents_base_sym,,eval_seen_v10,True,std,False,False,False,12
assets/results/v11_pretrain_Sp2_base_sym2/20260915-121827-v11-pretrain-Sp2-base-sym2,assets/results/v11_pretrain_Sp2_base_sym2,assets__results__v11_pretrain_Sp2_base_sym2__20260915-121827-v11-pretrain-Sp2-base-sym2,v11-pretrain-Sp2-base-sym2,assets/results/v11_pretrain_Sp2_base_sym2/20260915-121827-v11-pretrain-Sp2-base-sym2/resolved_config.json,True,1,10000,0,,,,,,,,,,,,,,,DiT-2Cond-Sp/2,128,400000,flow,data/skel/std_skel3_latents_base_sym,True,data/skel/std_skel3_latents_base_full,,,,True,,,7765,,12,False,,,,,False,,0.03,data/dino_cache/base_sym_v1,,,,,,,,"seen:assets/eval_seen_v10.csv:10,strict:assets/eval_fame3_strict_clean_v9.csv:50",assets/eval_seen_v10.csv,,,,,,,,0.00015,,0.9999,std_skel3_latents_base_sym,,eval_seen_v10,True,std,False,False,False,12
assets/results/v11_pretrain_Sp2_base_sym_clean/20260915-133701-v11-pretrain-Sp2-base-sym-clean,assets/results/v11_pretrain_Sp2_base_sym_clean,assets__results__v11_pretrain_Sp2_base_sym_clean__20260915-133701-v11-pretrain-Sp2-base-sym-clean,v11-pretrain-Sp2-base-sym-clean,assets/results/v11_pretrain_Sp2_base_sym_clean/20260915-133701-v11-pretrain-Sp2-base-sym-clean/resolved_config.json,True,1,72500,0,,,,,,,,,,,,,,,DiT-2Cond-Sp/2,128,400000,flow,data/skel/std_skel3_latents_base_sym,True,,,,,True,,,7765,,12,False,,,,,False,,0.03,data/dino_cache/base_sym_v1,,,,,,,,"seen:assets/eval_seen_v10.csv:10,strict:assets/eval_fame3_strict_clean_v9.csv:50",assets/eval_seen_v10.csv,,,,,,,,5e-05,,0.9999,std_skel3_latents_base_sym,,eval_seen_v10,True,std,False,False,False,12
assets/results/v11_pretrain_Sp2_base_wz/20260914-202538-v11-pretrain-Sp2-base-wz,assets/results/v11_pretrain_Sp2_base_wz,assets__results__v11_pretrain_Sp2_base_wz__20260914-202538-v11-pretrain-Sp2-base-wz,v11-pretrain-Sp2-base-wz,assets/results/v11_pretrain_Sp2_base_wz/20260914-202538-v11-pretrain-Sp2-base-wz/resolved_config.json,True,1,10000,0,,,,,,,,,,,,,,,DiT-2Cond-Sp/2,192,400000,flow,data/skel/std_skel3_latents_base_full,True,,,,,True,,,7765,,4,False,,,,,False,,0.03,data/dino_cache/base_v1,,,,,,,,"seen:assets/eval_seen_v10.csv:10,strict:assets/eval_fame3_strict_clean_v9.csv:50",assets/eval_seen_v10.csv,,,,,,,,0.0001,,0.9999,std_skel3_latents_base_full,,eval_seen_v10,True,std,False,False,False,4
assets/results/v11_pretrain_Sp2_base_wz/20260914-211616-v11-pretrain-Sp2-base-wz,assets/results/v11_pretrain_Sp2_base_wz,assets__results__v11_pretrain_Sp2_base_wz__20260914-211616-v11-pretrain-Sp2-base-wz,,,False,1,15000,0,,,,,,,,,,,,,,,,,,,,,,,,,,,,,,,,,,,,,,,,,,,,,,,,,,,,,,,,,,,,,"unknown(老 run, 见 eval_auto json)",False,-,False,True,False,0
assets/results/v11_pretrain_Sp2_base_wz/20260914-214343-v11-pretrain-Sp2-base-wz,assets/results/v11_pretrain_Sp2_base_wz,assets__results__v11_pretrain_Sp2_base_wz__20260914-214343-v11-pretrain-Sp2-base-wz,v11-pretrain-Sp2-base-wz,assets/results/v11_pretrain_Sp2_base_wz/20260914-214343-v11-pretrain-Sp2-base-wz/resolved_config.json,True,1,40000,0,,,,,,,,,,,,,,,DiT-2Cond-Sp/2,192,400000,flow,data/skel/std_skel3_latents_base_full,True,,,,,True,,,7765,,4,False,,,,,False,,0.03,data/dino_cache/base_v1,,,,,,,,"seen:assets/eval_seen_v10.csv:10,strict:assets/eval_fame3_strict_clean_v9.csv:50",assets/eval_seen_v10.csv,,,,,,,,0.0001,,0.9999,std_skel3_latents_base_full,,eval_seen_v10,True,std,False,False,False,4
assets/results/v11_pretrain_Sp2_base_wz/20260914-232433-v11-pretrain-Sp2-base-wz,assets/results/v11_pretrain_Sp2_base_wz,assets__results__v11_pretrain_Sp2_base_wz__20260914-232433-v11-pretrain-Sp2-base-wz,v11-pretrain-Sp2-base-wz,assets/results/v11_pretrain_Sp2_base_wz/20260914-232433-v11-pretrain-Sp2-base-wz/resolved_config.json,True,1,70000,0,,,,,,,,,,,,,,,DiT-2Cond-Sp/2,192,400000,flow,data/skel/std_skel3_latents_base_full,True,,,,,True,,,7765,,4,False,,,,,False,,0.03,data/dino_cache/base_v1,,,,,,,,"seen:assets/eval_seen_v10.csv:10,strict:assets/eval_fame3_strict_clean_v9.csv:50",assets/eval_seen_v10.csv,,,,,,,,0.0001,,0.9999,std_skel3_latents_base_full,,eval_seen_v10,True,std,False,False,False,4
assets/results/v11_pretrain_Sp2_base_wz/20260915-014919-v11-pretrain-Sp2-base-wz,assets/results/v11_pretrain_Sp2_base_wz,assets__results__v11_pretrain_Sp2_base_wz__20260915-014919-v11-pretrain-Sp2-base-wz,v11-pretrain-Sp2-base-wz,assets/results/v11_pretrain_Sp2_base_wz/20260915-014919-v11-pretrain-Sp2-base-wz/resolved_config.json,True,1,45000,0,,,,,,,,,,,,,,,DiT-2Cond-Sp/2,192,400000,flow,data/skel/std_skel3_latents_base_full,True,,,,,True,,,7765,,4,False,,,,,False,,0.03,data/dino_cache/base_v1,,,,,,,,"seen:assets/eval_seen_v10.csv:10,strict:assets/eval_fame3_strict_clean_v9.csv:50",assets/eval_seen_v10.csv,,,,,,,,0.0001,,0.9999,std_skel3_latents_base_full,,eval_seen_v10,True,std,False,False,False,4
assets/results/v11_pretrain_Sp2_base_wz2/20260915-021944-v11-pretrain-Sp2-base-wz2,assets/results/v11_pretrain_Sp2_base_wz2,assets__results__v11_pretrain_Sp2_base_wz2__20260915-021944-v11-pretrain-Sp2-base-wz2,v11-pretrain-Sp2-base-wz2,assets/results/v11_pretrain_Sp2_base_wz2/20260915-021944-v11-pretrain-Sp2-base-wz2/resolved_config.json,True,0,,0,,,,,,,,,,,,,,,DiT-2Cond-Sp/2,192,400000,flow,data/skel/std_skel3_latents_base_full,True,,,,,True,,,7765,,4,False,,,,,False,,0.03,data/dino_cache/base_v1,,,,,,,,"seen:assets/eval_seen_v10.csv:10,strict:assets/eval_fame3_strict_clean_v9.csv:50",assets/eval_seen_v10.csv,,,,,,,,0.0001,,0.9999,std_skel3_latents_base_full,,eval_seen_v10,True,std,False,False,False,4
assets/results/v11_pretrain_Sp2_fame_kxl_tj_px60/20260915-202248-v11-pretrain-Sp2-fame-kxl-tj-px60-adaln,assets/results/v11_pretrain_Sp2_fame_kxl_tj_px60,assets__results__v11_pretrain_Sp2_fame_kxl_tj_px60__20260915-202248-v11-pretrain-Sp2-fame-kxl-tj-px60-adaln,v11-pretrain-Sp2-fame-kxl-tj-px60-adaln,assets/results/v11_pretrain_Sp2_fame_kxl_tj_px60/20260915-202248-v11-pretrain-Sp2-fame-kxl-tj-px60-adaln/resolved_config.json,True,0,,0,,,,,,,,,,,,,,,DiT-2Cond-Sp/2,128,400000,flow,data/fame-kxl-tj-px60/shards_std,True,,,,,True,,,7765,,12,False,,,,,False,,0.03,data/dino_cache/base_sym_v1,,,,,,,,"seen:assets/eval_seen_v10.csv:10,strict:assets/eval_fame3_strict_clean_v9.csv:50",assets/eval_seen_v10.csv,,,,,,,,5e-05,,0.9999,shards_std,,eval_seen_v10,True,std,False,False,False,12
assets/results/v11_pretrain_Sp2_fame_kxl_tj_px60/20260915-203650-v11-pretrain-Sp2-fame-kxl-tj-px60-adaln,assets/results/v11_pretrain_Sp2_fame_kxl_tj_px60,assets__results__v11_pretrain_Sp2_fame_kxl_tj_px60__20260915-203650-v11-pretrain-Sp2-fame-kxl-tj-px60-adaln,v11-pretrain-Sp2-fame-kxl-tj-px60-adaln,assets/results/v11_pretrain_Sp2_fame_kxl_tj_px60/20260915-203650-v11-pretrain-Sp2-fame-kxl-tj-px60-adaln/resolved_config.json,True,1,4000,0,,,,,,,,,,,,,,,DiT-2Cond-Sp/2,128,400000,flow,data/fame-kxl-tj-px60/shards_std,True,data/fame-kxl-tj-px60/shards_std_eval,,,,True,,,7765,,12,False,,,,,False,,0.03,data/dino_cache/base_sym_v1,,,,,,,,"seen:assets/eval_seen_v10.csv:10,strict:assets/eval_fame3_strict_clean_v9.csv:50",assets/eval_seen_v10.csv,,,,,,,,5e-05,,0.9999,shards_std,,eval_seen_v10,True,std,False,False,False,12
assets/results/v11_struct-loss/20260912-042317-v11_struct-loss,assets/results/v11_struct-loss,assets__results__v11_struct-loss__20260912-042317-v11_struct-loss,v11_struct-loss,assets/results/v11_struct-loss/20260912-042317-v11_struct-loss/resolved_config.json,True,1,500000,43,392500,497500,0.768518,470000,0.767932,,,,,,,,,,DiT-2Cond-Sp/2,128,500000,flow,std_skel1_latents_fame_e,True,,,0.02,,True,,,7765,,12,False,,,,,False,,0.03,,,,,,,,,,assets/eval_seen_v10.csv,,,,,,,,5e-05,,0.9999,std_skel1_latents_fame_e,,eval_seen_v10,True,std,False,False,False,12
assets/results/v12_12ch/20260917-101904-v12_12ch-pretrain-fame-kxl-tj-px60,assets/results/v12_12ch,assets__results__v12_12ch__20260917-101904-v12_12ch-pretrain-fame-kxl-tj-px60,v12_12ch-pretrain-fame-kxl-tj-px60,assets/results/v12_12ch/20260917-101904-v12_12ch-pretrain-fame-kxl-tj-px60/resolved_config.json,True,1,2000,0,,,,,,,,,,,,,,,DiT-2Cond-S/2,360,100000,flow,data/fame-kxl-tj-px60/shards_std,True,data/fame-kxl-tj-px60/shards_std_eval,,0.0,,True,,,7765,,4,False,,,,,False,8,0.03,data/dino_cache/base_sym_v1,,,,,,4,,"seen:assets/eval_seen_v10.csv:10,strict:assets/eval_fame3_strict_clean_v9.csv:50",assets/eval_seen_v10.csv,,,,,,,,0.0001,,0.9999,shards_std,,eval_seen_v10,True,std,False,False,False,4
assets/results/v12_12ch/20260917-105041-v12_12ch-pretrain-fame-kxl-tj-px60,assets/results/v12_12ch,assets__results__v12_12ch__20260917-105041-v12_12ch-pretrain-fame-kxl-tj-px60,v12_12ch-pretrain-fame-kxl-tj-px60,assets/results/v12_12ch/20260917-105041-v12_12ch-pretrain-fame-kxl-tj-px60/resolved_config.json,True,1,85000,0,,,,,,,,,,,,,,,DiT-2Cond-S/2,360,100000,flow,data/fame-kxl-tj-px60/shards_std,True,data/fame-kxl-tj-px60/shards_std_eval,,0.0,,True,,,7765,,4,False,,,,,False,8,0.03,data/dino_cache/base_sym_v1,,,,,,4,,"seen:assets/eval_seen_v10.csv:10,strict:assets/eval_fame3_strict_clean_v9.csv:50",assets/eval_seen_v10.csv,,,,,,,,0.0001,,0.9999,shards_std,,eval_seen_v10,True,std,False,False,False,4
assets/results/v12_d8/20260916-222300-v12_d8-pretrain-fame-kxl-tj-px60,assets/results/v12_d8,assets__results__v12_d8__20260916-222300-v12_d8-pretrain-fame-kxl-tj-px60,v12_d8-pretrain-fame-kxl-tj-px60,assets/results/v12_d8/20260916-222300-v12_d8-pretrain-fame-kxl-tj-px60/resolved_config.json,True,1,3000,0,,,,,,,,,,,,,,,DiT-2Cond-XS/2,240,100000,flow,data/fame-kxl-tj-px60/shards_std,True,data/fame-kxl-tj-px60/shards_std_eval,,0.0,,True,,,7765,,4,False,,,,,False,8,0.03,data/dino_cache/base_sym_v1,,,,,,,,"seen:assets/eval_seen_v10.csv:10,strict:assets/eval_fame3_strict_clean_v9.csv:50",assets/eval_seen_v10.csv,,,,,,,,0.0001,,0.9999,shards_std,,eval_seen_v10,True,std,False,False,False,4
assets/results/v12_d8/20260916-230338-v12_d8-pretrain-fame-kxl-tj-px60,assets/results/v12_d8,assets__results__v12_d8__20260916-230338-v12_d8-pretrain-fame-kxl-tj-px60,v12_d8-pretrain-fame-kxl-tj-px60,assets/results/v12_d8/20260916-230338-v12_d8-pretrain-fame-kxl-tj-px60/resolved_config.json,True,1,100000,0,,,,,,,,,,,,,,,DiT-2Cond-XS/2,576,100000,flow,data/fame-kxl-tj-px60/shards_std,True,data/fame-kxl-tj-px60/shards_std_eval,,0.0,,True,,,7765,,4,False,,,,,False,8,0.03,data/dino_cache/base_sym_v1,,,,,,,,"seen:assets/eval_seen_v10.csv:10,strict:assets/eval_fame3_strict_clean_v9.csv:50",assets/eval_seen_v10.csv,,,,,,,,0.0001,,0.9999,shards_std,,eval_seen_v10,True,std,False,False,False,4
assets/results/v12_pretrain_S_cat_fame_kxl_tj_px60/20260916-100932-v12-pretrain-S-cat-fame-kxl-tj-px60,assets/results/v12_pretrain_S_cat_fame_kxl_tj_px60,assets__results__v12_pretrain_S_cat_fame_kxl_tj_px60__20260916-100932-v12-pretrain-S-cat-fame-kxl-tj-px60,v12-pretrain-S-cat-fame-kxl-tj-px60,assets/results/v12_pretrain_S_cat_fame_kxl_tj_px60/20260916-100932-v12-pretrain-S-cat-fame-kxl-tj-px60/resolved_config.json,True,1,55000,0,,,,,,,,,,,,,,,DiT-2Cond-S/2,240,400000,flow,data/fame-kxl-tj-px60/shards_std,True,data/fame-kxl-tj-px60/shards_std_eval,,,,True,,,7765,,4,False,,,,,False,,0.03,data/dino_cache/base_sym_v1,,,,,,,,"seen:assets/eval_seen_v10.csv:10,strict:assets/eval_fame3_strict_clean_v9.csv:50",assets/eval_seen_v10.csv,,,,,,,,0.0001,,0.9999,shards_std,,eval_seen_v10,True,std,False,False,False,4
assets/results/v12_pretrain_S_cat_fame_kxl_tj_px60/20260916-174624-v12-pretrain-S-cat-fame-kxl-tj-px60,assets/results/v12_pretrain_S_cat_fame_kxl_tj_px60,assets__results__v12_pretrain_S_cat_fame_kxl_tj_px60__20260916-174624-v12-pretrain-S-cat-fame-kxl-tj-px60,v12-pretrain-S-cat-fame-kxl-tj-px60,assets/results/v12_pretrain_S_cat_fame_kxl_tj_px60/20260916-174624-v12-pretrain-S-cat-fame-kxl-tj-px60/resolved_config.json,True,1,60000,0,,,,,,,,,,,,,,,DiT-2Cond-S/2,240,400000,flow,data/fame-kxl-tj-px60/shards_std,True,data/fame-kxl-tj-px60/shards_std_eval,,,,True,,,7765,,4,False,,,,,False,8,0.03,data/dino_cache/base_sym_v1,,,,,,,,"seen:assets/eval_seen_v10.csv:10,strict:assets/eval_fame3_strict_clean_v9.csv:50",assets/eval_seen_v10.csv,,,,,,,,0.0001,,0.9999,shards_std,,eval_seen_v10,True,std,False,False,False,4
assets/results/v12_pretrain_S_cat_fame_kxl_tj_px60/20260916-182657-v12-pretrain-S-cat-fame-kxl-tj-px60,assets/results/v12_pretrain_S_cat_fame_kxl_tj_px60,assets__results__v12_pretrain_S_cat_fame_kxl_tj_px60__20260916-182657-v12-pretrain-S-cat-fame-kxl-tj-px60,v12-pretrain-S-cat-fame-kxl-tj-px60,assets/results/v12_pretrain_S_cat_fame_kxl_tj_px60/20260916-182657-v12-pretrain-S-cat-fame-kxl-tj-px60/resolved_config.json,True,1,100000,0,,,,,,,,,,,,,,,DiT-2Cond-S/2,360,400000,flow,data/fame-kxl-tj-px60/shards_std,True,data/fame-kxl-tj-px60/shards_std_eval,,,,True,,,7765,,4,False,,,,,False,8,0.03,data/dino_cache/base_sym_v1,,,,,,,,"seen:assets/eval_seen_v10.csv:10,strict:assets/eval_fame3_strict_clean_v9.csv:50",assets/eval_seen_v10.csv,,,,,,,,0.0001,,0.9999,shards_std,,eval_seen_v10,True,std,False,False,False,4
assets/results/v12_w320/20260917-065921-v12_w320-pretrain-fame-kxl-tj-px60,assets/results/v12_w320,assets__results__v12_w320__20260917-065921-v12_w320-pretrain-fame-kxl-tj-px60,v12_w320-pretrain-fame-kxl-tj-px60,assets/results/v12_w320/20260917-065921-v12_w320-pretrain-fame-kxl-tj-px60/resolved_config.json,True,1,40000,0,,,,,,,,,,,,,,,DiT-2Cond-S320/2,440,100000,flow,data/fame-kxl-tj-px60/shards_std,True,data/fame-kxl-tj-px60/shards_std_eval,,0.0,,True,,,7765,,4,False,,,,,False,8,0.03,data/dino_cache/base_sym_v1,,,,,,,,"seen:assets/eval_seen_v10.csv:10,strict:assets/eval_fame3_strict_clean_v9.csv:50",assets/eval_seen_v10.csv,,,,,,,,0.0001,,0.9999,shards_std,,eval_seen_v10,True,std,False,False,False,4
assets/results/v12_xattn/20260917-173813-v12_xattn-pretrain-fame-kxl-tj-px60,assets/results/v12_xattn,assets__results__v12_xattn__20260917-173813-v12_xattn-pretrain-fame-kxl-tj-px60,v12_xattn-pretrain-fame-kxl-tj-px60,assets/results/v12_xattn/20260917-173813-v12_xattn-pretrain-fame-kxl-tj-px60/resolved_config.json,True,0,,0,,,,,,,,,,,,,,,DiT-2Cond-S/2,360,100000,flow,data/fame-kxl-tj-px60/shards_std,True,data/fame-kxl-tj-px60/shards_std_eval,,0.0,,True,,,7765,,4,False,,,,,False,8,0.03,data/dino_cache/base_sym_v1,,,,,,,,"seen:assets/eval_seen_v10.csv:10,strict:assets/eval_fame3_strict_clean_v9.csv:50",assets/eval_seen_v10.csv,,,,,,,,0.0001,,0.9999,shards_std,,eval_seen_v10,True,std,False,False,False,4
assets/results/v12_xattn/20260917-174759-v12_xattn-pretrain-fame-kxl-tj-px60,assets/results/v12_xattn,assets__results__v12_xattn__20260917-174759-v12_xattn-pretrain-fame-kxl-tj-px60,v12_xattn-pretrain-fame-kxl-tj-px60,assets/results/v12_xattn/20260917-174759-v12_xattn-pretrain-fame-kxl-tj-px60/resolved_config.json,True,1,25000,0,,,,,,,,,,,,,,,DiT-2Cond-S/2,240,400000,flow,data/fame-kxl-tj-px60/shards_std,True,data/fame-kxl-tj-px60/shards_std_eval,,0.0,,True,,,7765,,4,False,,,,,False,8,0.03,data/dino_cache/base_sym_v1,,,,,,,,"seen:assets/eval_seen_v10.csv:10,strict:assets/eval_fame3_strict_clean_v9.csv:50",assets/eval_seen_v10.csv,,,,,,,,0.0001,,0.9999,shards_std,,eval_seen_v10,True,std,False,False,False,4
assets/results/v13_12ch_post/20260918-082201-v13-12ch-post,assets/results/v13_12ch_post,assets__results__v13_12ch_post__20260918-082201-v13-12ch-post,v13-12ch-post,assets/results/v13_12ch_post/20260918-082201-v13-12ch-post/resolved_config.json,True,1,22500,0,,,,,,,,,,,,,,,DiT-2Cond-S/2,360,150000,flow,data/50k/shards_std,True,data/50k/shards_std,,0.0,,True,,,7765,,4,False,,,,,False,8,0.03,data/dino_cache/50k_v1,,,,,,4,,"seen:assets/eval_v13_seen.csv:20,strict:assets/eval_v13_strict.csv:250",assets/eval_v13_seen.csv,,,,,,,,2e-05,,0.9999,shards_std,,"other:seen:assets/eval_v13_seen.csv:20,strict:",True,std,False,False,False,4
assets/results/v13_base_50k/20260917-192948-v13-base-50k,assets/results/v13_base_50k,assets__results__v13_base_50k__20260917-192948-v13-base-50k,v13-base-50k,assets/results/v13_base_50k/20260917-192948-v13-base-50k/resolved_config.json,True,0,,0,,,,,,,,,,,,,,,DiT-2Cond-S/2,360,400000,flow,data/50k/shards_std,True,data/fame-kxl-tj-px60/shards_std_eval,,0.0,,True,,,7765,,4,False,,,,,False,8,0.03,data/dino_cache/50k_v1,,,,,,,,"seen:assets/eval_seen_v10.csv:10,strict:assets/eval_fame3_strict_clean_v9.csv:50",assets/eval_seen_v10.csv,,,,,,,,0.0001,,0.9999,shards_std,,eval_seen_v10,True,std,False,False,False,4
assets/results/v13_base_50k/20260917-193921-v13-base-50k,assets/results/v13_base_50k,assets__results__v13_base_50k__20260917-193921-v13-base-50k,v13-base-50k,assets/results/v13_base_50k/20260917-193921-v13-base-50k/resolved_config.json,True,0,,0,,,,,,,,,,,,,,,DiT-2Cond-S/2,360,200000,flow,data/50k/shards_std,True,data/fame-kxl-tj-px60/shards_std_eval,,0.0,,True,,,7765,,4,False,,,,,False,8,0.03,data/dino_cache/50k_v1,,,,,,,,"seen:assets/eval_seen_v10.csv:10,strict:assets/eval_fame3_strict_clean_v9.csv:50",assets/eval_seen_v10.csv,,,,,,,,0.0001,,0.9999,shards_std,,eval_seen_v10,True,std,False,False,False,4
assets/results/v13_base_50k/20260917-194416-v13-base-50k,assets/results/v13_base_50k,assets__results__v13_base_50k__20260917-194416-v13-base-50k,v13-base-50k,assets/results/v13_base_50k/20260917-194416-v13-base-50k/resolved_config.json,True,1,5000,0,,,,,,,,,,,,,,,DiT-2Cond-S/2,360,200000,flow,data/50k/shards_std,True,data/fame-kxl-tj-px60/shards_std_eval,,0.0,,True,,,7765,,4,False,,,,,False,8,0.03,data/dino_cache/50k_v1,,,,,,,,"seen:assets/eval_seen_v10.csv:10,strict:assets/eval_fame3_strict_clean_v9.csv:50",assets/eval_seen_v10.csv,,,,,,,,0.0001,,0.9999,shards_std,,eval_seen_v10,True,std,False,False,False,4
assets/results/v13_base_50k/20260917-210502-v13-base-50k,assets/results/v13_base_50k,assets__results__v13_base_50k__20260917-210502-v13-base-50k,v13-base-50k,assets/results/v13_base_50k/20260917-210502-v13-base-50k/resolved_config.json,True,0,,0,,,,,,,,,,,,,,,DiT-2Cond-S/2,360,250000,flow,data/50k/shards_std,True,data/50k/shards_std,,0.0,,True,,,7765,,4,False,,,,,False,8,0.03,data/dino_cache/50k_v1,,,,,,,,"seen:assets/eval_v13_seen.csv:20,strict:assets/eval_v13_strict.csv:50",assets/eval_v13_seen.csv,,,,,,,,0.0001,,0.9999,shards_std,,"other:seen:assets/eval_v13_seen.csv:20,strict:",True,std,False,False,False,4
assets/results/v13_base_50k/20260917-211905-v13-base-50k,assets/results/v13_base_50k,assets__results__v13_base_50k__20260917-211905-v13-base-50k,v13-base-50k,assets/results/v13_base_50k/20260917-211905-v13-base-50k/resolved_config.json,True,1,155000,0,,,,,,,,,,,,,,,DiT-2Cond-S/2,360,250000,flow,data/50k/shards_std,True,data/50k/shards_std,,0.0,,True,,,7765,,4,False,,,,,False,8,0.03,data/dino_cache/50k_v1,,,,,,,,"seen:assets/eval_v13_seen.csv:20,strict:assets/eval_v13_strict.csv:50",assets/eval_v13_seen.csv,,,,,,,,0.0001,,0.9999,shards_std,,"other:seen:assets/eval_v13_seen.csv:20,strict:",True,std,False,False,False,4
assets/results/v13_fs50_伊秉绶/20260920-210418-v13-base-50k,assets/results/v13_fs50_伊秉绶,assets__results__v13_fs50_伊秉绶__20260920-210418-v13-base-50k,v13-base-50k,assets/results/v13_fs50_伊秉绶/20260920-210418-v13-base-50k/resolved_config.json,True,0,,0,,,,,,,,,,,,,,,DiT-2Cond-S/2,50,155200,flow,data/50k/shards_std,True,data/50k/shards_std,,0.0,,True,,,7765,,4,False,,,,,False,8,0.03,data/dino_cache/50k_v1,,,,,,,,fewshot:assets/fs50_伊秉绶_eval.csv:100,assets/eval_v13_seen.csv,,,,,,,,0.0001,,0.9999,shards_std,,other:fewshot:assets/fs50_伊秉绶_eval.csv:100 ass,True,std,False,False,False,4
assets/results/v13_fs50_伊秉绶/20260920-211621-v13-base-50k,assets/results/v13_fs50_伊秉绶,assets__results__v13_fs50_伊秉绶__20260920-211621-v13-base-50k,v13-base-50k,assets/results/v13_fs50_伊秉绶/20260920-211621-v13-base-50k/resolved_config.json,True,1,155200,0,,,,,,,,,,,,,,,DiT-2Cond-S/2,50,155200,flow,data/50k/shards_std,True,data/50k/shards_std,,0.0,,True,,,7765,,4,False,,,,,False,8,0.03,data/dino_cache/50k_v1,,,,,,,,fewshot:assets/fs50_伊秉绶_eval.csv:100,assets/eval_v13_seen.csv,,,,,,,,0.0001,,0.9999,shards_std,,other:fewshot:assets/fs50_伊秉绶_eval.csv:100 ass,True,std,False,False,False,4
assets/results/v13_fs50_伊秉绶/20260920-213358-v13-base-50k,assets/results/v13_fs50_伊秉绶,assets__results__v13_fs50_伊秉绶__20260920-213358-v13-base-50k,v13-base-50k,assets/results/v13_fs50_伊秉绶/20260920-213358-v13-base-50k/resolved_config.json,True,1,155200,0,,,,,,,,,,,,,,,DiT-2Cond-S/2,50,155200,flow,data/50k/shards_std,True,data/50k/shards_std,,0.0,,True,,,7765,,4,False,,,,,False,8,0.03,data/dino_cache/50k_v1,,,,,,,,fewshot:assets/fs50_伊秉绶_eval.csv:100,assets/eval_v13_seen.csv,,,,,,,,0.0001,,0.9999,shards_std,,other:fewshot:assets/fs50_伊秉绶_eval.csv:100 ass,True,std,False,False,False,4
assets/results/v13_fs50_徐渭/20260920-210525-v13-base-50k,assets/results/v13_fs50_徐渭,assets__results__v13_fs50_徐渭__20260920-210525-v13-base-50k,v13-base-50k,assets/results/v13_fs50_徐渭/20260920-210525-v13-base-50k/resolved_config.json,True,0,,0,,,,,,,,,,,,,,,DiT-2Cond-S/2,50,155200,flow,data/50k/shards_std,True,data/50k/shards_std,,0.0,,True,,,7765,,4,False,,,,,False,8,0.03,data/dino_cache/50k_v1,,,,,,,,fewshot:assets/fs50_徐渭_eval.csv:100,assets/eval_v13_seen.csv,,,,,,,,0.0001,,0.9999,shards_std,,other:fewshot:assets/fs50_徐渭_eval.csv:100 asse,True,std,False,False,False,4
assets/results/v13_fs50_徐渭/20260920-211756-v13-base-50k,assets/results/v13_fs50_徐渭,assets__results__v13_fs50_徐渭__20260920-211756-v13-base-50k,v13-base-50k,assets/results/v13_fs50_徐渭/20260920-211756-v13-base-50k/resolved_config.json,True,1,155200,0,,,,,,,,,,,,,,,DiT-2Cond-S/2,50,155200,flow,data/50k/shards_std,True,data/50k/shards_std,,0.0,,True,,,7765,,4,False,,,,,False,8,0.03,data/dino_cache/50k_v1,,,,,,,,fewshot:assets/fs50_徐渭_eval.csv:100,assets/eval_v13_seen.csv,,,,,,,,0.0001,,0.9999,shards_std,,other:fewshot:assets/fs50_徐渭_eval.csv:100 asse,True,std,False,False,False,4
assets/results/v13_fs50_徐渭/20260920-213739-v13-base-50k,assets/results/v13_fs50_徐渭,assets__results__v13_fs50_徐渭__20260920-213739-v13-base-50k,v13-base-50k,assets/results/v13_fs50_徐渭/20260920-213739-v13-base-50k/resolved_config.json,True,1,155200,0,,,,,,,,,,,,,,,DiT-2Cond-S/2,50,155200,flow,data/50k/shards_std,True,data/50k/shards_std,,0.0,,True,,,7765,,4,False,,,,,False,8,0.03,data/dino_cache/50k_v1,,,,,,,,fewshot:assets/fs50_徐渭_eval.csv:100,assets/eval_v13_seen.csv,,,,,,,,0.0001,,0.9999,shards_std,,other:fewshot:assets/fs50_徐渭_eval.csv:100 asse,True,std,False,False,False,4
assets/results/v13_fs50_怀素/20260920-210313-v13-base-50k,assets/results/v13_fs50_怀素,assets__results__v13_fs50_怀素__20260920-210313-v13-base-50k,v13-base-50k,assets/results/v13_fs50_怀素/20260920-210313-v13-base-50k/resolved_config.json,True,0,,0,,,,,,,,,,,,,,,DiT-2Cond-S/2,50,155200,flow,data/50k/shards_std,True,data/50k/shards_std,,0.0,,True,,,7765,,4,False,,,,,False,8,0.03,data/dino_cache/50k_v1,,,,,,,,fewshot:assets/fs50_怀素_eval.csv:100,assets/eval_v13_seen.csv,,,,,,,,0.0001,,0.9999,shards_std,,other:fewshot:assets/fs50_怀素_eval.csv:100 asse,True,std,False,False,False,4
assets/results/v13_fs50_怀素/20260920-211421-v13-base-50k,assets/results/v13_fs50_怀素,assets__results__v13_fs50_怀素__20260920-211421-v13-base-50k,v13-base-50k,assets/results/v13_fs50_怀素/20260920-211421-v13-base-50k/resolved_config.json,True,1,155200,0,,,,,,,,,,,,,,,DiT-2Cond-S/2,50,155200,flow,data/50k/shards_std,True,data/50k/shards_std,,0.0,,True,,,7765,,4,False,,,,,False,8,0.03,data/dino_cache/50k_v1,,,,,,,,fewshot:assets/fs50_怀素_eval.csv:100,assets/eval_v13_seen.csv,,,,,,,,0.0001,,0.9999,shards_std,,other:fewshot:assets/fs50_怀素_eval.csv:100 asse,True,std,False,False,False,4
assets/results/v13_fs50_怀素/20260920-213021-v13-base-50k,assets/results/v13_fs50_怀素,assets__results__v13_fs50_怀素__20260920-213021-v13-base-50k,v13-base-50k,assets/results/v13_fs50_怀素/20260920-213021-v13-base-50k/resolved_config.json,True,1,155200,0,,,,,,,,,,,,,,,DiT-2Cond-S/2,50,155200,flow,data/50k/shards_std,True,data/50k/shards_std,,0.0,,True,,,7765,,4,False,,,,,False,8,0.03,data/dino_cache/50k_v1,,,,,,,,fewshot:assets/fs50_怀素_eval.csv:100,assets/eval_v13_seen.csv,,,,,,,,0.0001,,0.9999,shards_std,,other:fewshot:assets/fs50_怀素_eval.csv:100 asse,True,std,False,False,False,4
assets/results/v13_fs50_沈周/20260920-210626-v13-base-50k,assets/results/v13_fs50_沈周,assets__results__v13_fs50_沈周__20260920-210626-v13-base-50k,v13-base-50k,assets/results/v13_fs50_沈周/20260920-210626-v13-base-50k/resolved_config.json,True,0,,0,,,,,,,,,,,,,,,DiT-2Cond-S/2,50,155200,flow,data/50k/shards_std,True,data/50k/shards_std,,0.0,,True,,,7765,,4,False,,,,,False,8,0.03,data/dino_cache/50k_v1,,,,,,,,fewshot:assets/fs50_沈周_eval.csv:100,assets/eval_v13_seen.csv,,,,,,,,0.0001,,0.9999,shards_std,,other:fewshot:assets/fs50_沈周_eval.csv:100 asse,True,std,False,False,False,4
assets/results/v13_fs50_沈周/20260920-211932-v13-base-50k,assets/results/v13_fs50_沈周,assets__results__v13_fs50_沈周__20260920-211932-v13-base-50k,v13-base-50k,assets/results/v13_fs50_沈周/20260920-211932-v13-base-50k/resolved_config.json,True,1,155200,0,,,,,,,,,,,,,,,DiT-2Cond-S/2,50,155200,flow,data/50k/shards_std,True,data/50k/shards_std,,0.0,,True,,,7765,,4,False,,,,,False,8,0.03,data/dino_cache/50k_v1,,,,,,,,fewshot:assets/fs50_沈周_eval.csv:100,assets/eval_v13_seen.csv,,,,,,,,0.0001,,0.9999,shards_std,,other:fewshot:assets/fs50_沈周_eval.csv:100 asse,True,std,False,False,False,4
assets/results/v13_fs50_沈周/20260920-214122-v13-base-50k,assets/results/v13_fs50_沈周,assets__results__v13_fs50_沈周__20260920-214122-v13-base-50k,v13-base-50k,assets/results/v13_fs50_沈周/20260920-214122-v13-base-50k/resolved_config.json,True,1,155200,0,,,,,,,,,,,,,,,DiT-2Cond-S/2,50,155200,flow,data/50k/shards_std,True,data/50k/shards_std,,0.0,,True,,,7765,,4,False,,,,,False,8,0.03,data/dino_cache/50k_v1,,,,,,,,fewshot:assets/fs50_沈周_eval.csv:100,assets/eval_v13_seen.csv,,,,,,,,0.0001,,0.9999,shards_std,,other:fewshot:assets/fs50_沈周_eval.csv:100 asse,True,std,False,False,False,4
assets/results/v13_fs_伊秉绶/20260920-193118-v13-base-50k,assets/results/v13_fs_伊秉绶,assets__results__v13_fs_伊秉绶__20260920-193118-v13-base-50k,v13-base-50k,assets/results/v13_fs_伊秉绶/20260920-193118-v13-base-50k/resolved_config.json,True,0,,0,,,,,,,,,,,,,,,DiT-2Cond-S/2,10,500,flow,data/50k/shards_std,True,data/50k/shards_std,,0.0,,True,,,7765,,4,False,,,,,False,8,0.03,data/dino_cache/50k_v1,,,,,,,,fewshot:assets/fs_伊秉绶_eval.csv:100,assets/eval_v13_seen.csv,,,,,,,,0.001,,0.9999,shards_std,,other:fewshot:assets/fs_伊秉绶_eval.csv:100 asset,True,std,False,False,False,4
assets/results/v13_fs_伊秉绶/20260920-193650-v13-base-50k,assets/results/v13_fs_伊秉绶,assets__results__v13_fs_伊秉绶__20260920-193650-v13-base-50k,v13-base-50k,assets/results/v13_fs_伊秉绶/20260920-193650-v13-base-50k/resolved_config.json,True,0,,0,,,,,,,,,,,,,,,DiT-2Cond-S/2,10,500,flow,data/50k/shards_std,True,data/50k/shards_std,,0.0,,True,,,7765,,4,False,,,,,False,8,0.03,data/dino_cache/50k_v1,,,,,,,,fewshot:assets/fs_伊秉绶_eval.csv:100,assets/eval_v13_seen.csv,,,,,,,,0.001,,0.9999,shards_std,,other:fewshot:assets/fs_伊秉绶_eval.csv:100 asset,True,std,False,False,False,4
assets/results/v13_fs_伊秉绶/20260920-194843-v13-base-50k,assets/results/v13_fs_伊秉绶,assets__results__v13_fs_伊秉绶__20260920-194843-v13-base-50k,v13-base-50k,assets/results/v13_fs_伊秉绶/20260920-194843-v13-base-50k/resolved_config.json,True,0,,0,,,,,,,,,,,,,,,DiT-2Cond-S/2,10,500,flow,data/50k/shards_std,True,data/50k/shards_std,,0.0,,True,,,7765,,4,False,,,,,False,8,0.03,data/dino_cache/50k_v1,,,,,,,,fewshot:assets/fs_伊秉绶_eval.csv:100,assets/eval_v13_seen.csv,,,,,,,,0.001,,0.9999,shards_std,,other:fewshot:assets/fs_伊秉绶_eval.csv:100 asset,True,std,False,False,False,4
assets/results/v13_fs_伊秉绶/20260920-201417-v13-base-50k,assets/results/v13_fs_伊秉绶,assets__results__v13_fs_伊秉绶__20260920-201417-v13-base-50k,v13-base-50k,assets/results/v13_fs_伊秉绶/20260920-201417-v13-base-50k/resolved_config.json,True,1,156500,0,,,,,,,,,,,,,,,DiT-2Cond-S/2,10,156500,flow,data/50k/shards_std,True,data/50k/shards_std,,0.0,,True,,,7765,,4,False,,,,,False,8,0.03,data/dino_cache/50k_v1,,,,,,,,fewshot:assets/fs_伊秉绶_eval.csv:100,assets/eval_v13_seen.csv,,,,,,,,0.001,,0.9999,shards_std,,other:fewshot:assets/fs_伊秉绶_eval.csv:100 asset,True,std,False,False,False,4
assets/results/v13_fs_伊秉绶/20260920-202637-v13-base-50k,assets/results/v13_fs_伊秉绶,assets__results__v13_fs_伊秉绶__20260920-202637-v13-base-50k,v13-base-50k,assets/results/v13_fs_伊秉绶/20260920-202637-v13-base-50k/resolved_config.json,True,1,156500,0,,,,,,,,,,,,,,,DiT-2Cond-S/2,10,156500,flow,data/50k/shards_std,True,data/50k/shards_std,,0.0,,True,,,7765,,4,False,,,,,False,8,0.03,data/dino_cache/50k_v1,,,,,,,,fewshot:assets/fs_伊秉绶_eval.csv:100,assets/eval_v13_seen.csv,,,,,,,,0.001,,0.9999,shards_std,,other:fewshot:assets/fs_伊秉绶_eval.csv:100 asset,True,std,False,False,False,4
assets/results/v13_fs_伊秉绶/20260920-205302-v13-base-50k,assets/results/v13_fs_伊秉绶,assets__results__v13_fs_伊秉绶__20260920-205302-v13-base-50k,v13-base-50k,assets/results/v13_fs_伊秉绶/20260920-205302-v13-base-50k/resolved_config.json,True,1,155300,0,,,,,,,,,,,,,,,DiT-2Cond-S/2,10,155300,flow,data/50k/shards_std,True,data/50k/shards_std,,0.0,,True,,,7765,,4,False,,,,,False,8,0.03,data/dino_cache/50k_v1,,,,,,,,fewshot:assets/fs_伊秉绶_eval.csv:100,assets/eval_v13_seen.csv,,,,,,,,0.0001,,0.9999,shards_std,,other:fewshot:assets/fs_伊秉绶_eval.csv:100 asset,True,std,False,False,False,4
assets/results/v13_fs_徐渭/20260920-193851-v13-base-50k,assets/results/v13_fs_徐渭,assets__results__v13_fs_徐渭__20260920-193851-v13-base-50k,v13-base-50k,assets/results/v13_fs_徐渭/20260920-193851-v13-base-50k/resolved_config.json,True,0,,0,,,,,,,,,,,,,,,DiT-2Cond-S/2,10,500,flow,data/50k/shards_std,True,data/50k/shards_std,,0.0,,True,,,7765,,4,False,,,,,False,8,0.03,data/dino_cache/50k_v1,,,,,,,,fewshot:assets/fs_徐渭_eval.csv:100,assets/eval_v13_seen.csv,,,,,,,,0.001,,0.9999,shards_std,,other:fewshot:assets/fs_徐渭_eval.csv:100 assets,True,std,False,False,False,4
assets/results/v13_fs_徐渭/20260920-195042-v13-base-50k,assets/results/v13_fs_徐渭,assets__results__v13_fs_徐渭__20260920-195042-v13-base-50k,v13-base-50k,assets/results/v13_fs_徐渭/20260920-195042-v13-base-50k/resolved_config.json,True,0,,0,,,,,,,,,,,,,,,DiT-2Cond-S/2,10,500,flow,data/50k/shards_std,True,data/50k/shards_std,,0.0,,True,,,7765,,4,False,,,,,False,8,0.03,data/dino_cache/50k_v1,,,,,,,,fewshot:assets/fs_徐渭_eval.csv:100,assets/eval_v13_seen.csv,,,,,,,,0.001,,0.9999,shards_std,,other:fewshot:assets/fs_徐渭_eval.csv:100 assets,True,std,False,False,False,4
assets/results/v13_fs_徐渭/20260920-201910-v13-base-50k,assets/results/v13_fs_徐渭,assets__results__v13_fs_徐渭__20260920-201910-v13-base-50k,v13-base-50k,assets/results/v13_fs_徐渭/20260920-201910-v13-base-50k/resolved_config.json,True,1,156000,0,,,,,,,,,,,,,,,DiT-2Cond-S/2,10,156500,flow,data/50k/shards_std,True,data/50k/shards_std,,0.0,,True,,,7765,,4,False,,,,,False,8,0.03,data/dino_cache/50k_v1,,,,,,,,fewshot:assets/fs_徐渭_eval.csv:100,assets/eval_v13_seen.csv,,,,,,,,0.001,,0.9999,shards_std,,other:fewshot:assets/fs_徐渭_eval.csv:100 assets,True,std,False,False,False,4
assets/results/v13_fs_徐渭/20260920-202958-v13-base-50k,assets/results/v13_fs_徐渭,assets__results__v13_fs_徐渭__20260920-202958-v13-base-50k,v13-base-50k,assets/results/v13_fs_徐渭/20260920-202958-v13-base-50k/resolved_config.json,True,1,156500,0,,,,,,,,,,,,,,,DiT-2Cond-S/2,10,156500,flow,data/50k/shards_std,True,data/50k/shards_std,,0.0,,True,,,7765,,4,False,,,,,False,8,0.03,data/dino_cache/50k_v1,,,,,,,,fewshot:assets/fs_徐渭_eval.csv:100,assets/eval_v13_seen.csv,,,,,,,,0.001,,0.9999,shards_std,,other:fewshot:assets/fs_徐渭_eval.csv:100 assets,True,std,False,False,False,4
assets/results/v13_fs_徐渭/20260920-205710-v13-base-50k,assets/results/v13_fs_徐渭,assets__results__v13_fs_徐渭__20260920-205710-v13-base-50k,v13-base-50k,assets/results/v13_fs_徐渭/20260920-205710-v13-base-50k/resolved_config.json,True,1,155300,0,,,,,,,,,,,,,,,DiT-2Cond-S/2,10,155300,flow,data/50k/shards_std,True,data/50k/shards_std,,0.0,,True,,,7765,,4,False,,,,,False,8,0.03,data/dino_cache/50k_v1,,,,,,,,fewshot:assets/fs_徐渭_eval.csv:100,assets/eval_v13_seen.csv,,,,,,,,0.0001,,0.9999,shards_std,,other:fewshot:assets/fs_徐渭_eval.csv:100 assets,True,std,False,False,False,4
assets/results/v13_fs_怀素/20260920-192852-v13-base-50k,assets/results/v13_fs_怀素,assets__results__v13_fs_怀素__20260920-192852-v13-base-50k,v13-base-50k,assets/results/v13_fs_怀素/20260920-192852-v13-base-50k/resolved_config.json,True,0,,0,,,,,,,,,,,,,,,DiT-2Cond-S/2,10,500,flow,data/50k/shards_std,True,data/50k/shards_std,,0.0,,True,,,7765,,4,False,,,,,False,8,0.03,data/dino_cache/50k_v1,,,,,,,,fewshot:assets/fs_怀素_eval.csv:100,assets/eval_v13_seen.csv,,,,,,,,0.001,,0.9999,shards_std,,other:fewshot:assets/fs_怀素_eval.csv:100 assets,True,std,False,False,False,4
assets/results/v13_fs_怀素/20260920-193450-v13-base-50k,assets/results/v13_fs_怀素,assets__results__v13_fs_怀素__20260920-193450-v13-base-50k,v13-base-50k,assets/results/v13_fs_怀素/20260920-193450-v13-base-50k/resolved_config.json,True,0,,0,,,,,,,,,,,,,,,DiT-2Cond-S/2,10,500,flow,data/50k/shards_std,True,data/50k/shards_std,,0.0,,True,,,7765,,4,False,,,,,False,8,0.03,data/dino_cache/50k_v1,,,,,,,,fewshot:assets/fs_怀素_eval.csv:100,assets/eval_v13_seen.csv,,,,,,,,0.001,,0.9999,shards_std,,other:fewshot:assets/fs_怀素_eval.csv:100 assets,True,std,False,False,False,4
assets/results/v13_fs_怀素/20260920-194643-v13-base-50k,assets/results/v13_fs_怀素,assets__results__v13_fs_怀素__20260920-194643-v13-base-50k,v13-base-50k,assets/results/v13_fs_怀素/20260920-194643-v13-base-50k/resolved_config.json,True,0,,0,,,,,,,,,,,,,,,DiT-2Cond-S/2,10,500,flow,data/50k/shards_std,True,data/50k/shards_std,,0.0,,True,,,7765,,4,False,,,,,False,8,0.03,data/dino_cache/50k_v1,,,,,,,,fewshot:assets/fs_怀素_eval.csv:100,assets/eval_v13_seen.csv,,,,,,,,0.001,,0.9999,shards_std,,other:fewshot:assets/fs_怀素_eval.csv:100 assets,True,std,False,False,False,4
assets/results/v13_fs_怀素/20260920-200518-v13-base-50k,assets/results/v13_fs_怀素,assets__results__v13_fs_怀素__20260920-200518-v13-base-50k,v13-base-50k,assets/results/v13_fs_怀素/20260920-200518-v13-base-50k/resolved_config.json,True,1,157000,0,,,,,,,,,,,,,,,DiT-2Cond-S/2,10,160000,flow,data/50k/shards_std,True,data/50k/shards_std,,0.0,,True,,,7765,,4,False,,,,,False,8,0.03,data/dino_cache/50k_v1,,,,,,,,fewshot:assets/fs_怀素_eval.csv:100,assets/eval_v13_seen.csv,,,,,,,,0.001,,0.9999,shards_std,,other:fewshot:assets/fs_怀素_eval.csv:100 assets,True,std,False,False,False,4
assets/results/v13_fs_怀素/20260920-201110-v13-base-50k,assets/results/v13_fs_怀素,assets__results__v13_fs_怀素__20260920-201110-v13-base-50k,v13-base-50k,assets/results/v13_fs_怀素/20260920-201110-v13-base-50k/resolved_config.json,True,1,156500,0,,,,,,,,,,,,,,,DiT-2Cond-S/2,10,156500,flow,data/50k/shards_std,True,data/50k/shards_std,,0.0,,True,,,7765,,4,False,,,,,False,8,0.03,data/dino_cache/50k_v1,,,,,,,,fewshot:assets/fs_怀素_eval.csv:100,assets/eval_v13_seen.csv,,,,,,,,0.001,,0.9999,shards_std,,other:fewshot:assets/fs_怀素_eval.csv:100 assets,True,std,False,False,False,4
assets/results/v13_fs_怀素/20260920-202317-v13-base-50k,assets/results/v13_fs_怀素,assets__results__v13_fs_怀素__20260920-202317-v13-base-50k,v13-base-50k,assets/results/v13_fs_怀素/20260920-202317-v13-base-50k/resolved_config.json,True,1,156500,0,,,,,,,,,,,,,,,DiT-2Cond-S/2,10,156500,flow,data/50k/shards_std,True,data/50k/shards_std,,0.0,,True,,,7765,,4,False,,,,,False,8,0.03,data/dino_cache/50k_v1,,,,,,,,fewshot:assets/fs_怀素_eval.csv:100,assets/eval_v13_seen.csv,,,,,,,,0.001,,0.9999,shards_std,,other:fewshot:assets/fs_怀素_eval.csv:100 assets,True,std,False,False,False,4
assets/results/v13_fs_怀素/20260920-204853-v13-base-50k,assets/results/v13_fs_怀素,assets__results__v13_fs_怀素__20260920-204853-v13-base-50k,v13-base-50k,assets/results/v13_fs_怀素/20260920-204853-v13-base-50k/resolved_config.json,True,1,155300,0,,,,,,,,,,,,,,,DiT-2Cond-S/2,10,155300,flow,data/50k/shards_std,True,data/50k/shards_std,,0.0,,True,,,7765,,4,False,,,,,False,8,0.03,data/dino_cache/50k_v1,,,,,,,,fewshot:assets/fs_怀素_eval.csv:100,assets/eval_v13_seen.csv,,,,,,,,0.0001,,0.9999,shards_std,,other:fewshot:assets/fs_怀素_eval.csv:100 assets,True,std,False,False,False,4
assets/results/v13_fs_沈周/20260920-194051-v13-base-50k,assets/results/v13_fs_沈周,assets__results__v13_fs_沈周__20260920-194051-v13-base-50k,v13-base-50k,assets/results/v13_fs_沈周/20260920-194051-v13-base-50k/resolved_config.json,True,0,,0,,,,,,,,,,,,,,,DiT-2Cond-S/2,10,500,flow,data/50k/shards_std,True,data/50k/shards_std,,0.0,,True,,,7765,,4,False,,,,,False,8,0.03,data/dino_cache/50k_v1,,,,,,,,fewshot:assets/fs_沈周_eval.csv:100,assets/eval_v13_seen.csv,,,,,,,,0.001,,0.9999,shards_std,,other:fewshot:assets/fs_沈周_eval.csv:100 assets,True,std,False,False,False,4
assets/results/v13_fs_沈周/20260920-195242-v13-base-50k,assets/results/v13_fs_沈周,assets__results__v13_fs_沈周__20260920-195242-v13-base-50k,v13-base-50k,assets/results/v13_fs_沈周/20260920-195242-v13-base-50k/resolved_config.json,True,0,,0,,,,,,,,,,,,,,,DiT-2Cond-S/2,10,500,flow,data/50k/shards_std,True,data/50k/shards_std,,0.0,,True,,,7765,,4,False,,,,,False,8,0.03,data/dino_cache/50k_v1,,,,,,,,fewshot:assets/fs_沈周_eval.csv:100,assets/eval_v13_seen.csv,,,,,,,,0.001,,0.9999,shards_std,,other:fewshot:assets/fs_沈周_eval.csv:100 assets,True,std,False,False,False,4
assets/results/v13_fs_沈周/20260920-203355-v13-base-50k,assets/results/v13_fs_沈周,assets__results__v13_fs_沈周__20260920-203355-v13-base-50k,v13-base-50k,assets/results/v13_fs_沈周/20260920-203355-v13-base-50k/resolved_config.json,True,1,156500,0,,,,,,,,,,,,,,,DiT-2Cond-S/2,10,156500,flow,data/50k/shards_std,True,data/50k/shards_std,,0.0,,True,,,7765,,4,False,,,,,False,8,0.03,data/dino_cache/50k_v1,,,,,,,,fewshot:assets/fs_沈周_eval.csv:100,assets/eval_v13_seen.csv,,,,,,,,0.001,,0.9999,shards_std,,other:fewshot:assets/fs_沈周_eval.csv:100 assets,True,std,False,False,False,4
assets/results/v13_fs_沈周/20260920-210122-v13-base-50k,assets/results/v13_fs_沈周,assets__results__v13_fs_沈周__20260920-210122-v13-base-50k,v13-base-50k,assets/results/v13_fs_沈周/20260920-210122-v13-base-50k/resolved_config.json,True,1,155100,0,,,,,,,,,,,,,,,DiT-2Cond-S/2,10,155300,flow,data/50k/shards_std,True,data/50k/shards_std,,0.0,,True,,,7765,,4,False,,,,,False,8,0.03,data/dino_cache/50k_v1,,,,,,,,fewshot:assets/fs_沈周_eval.csv:100,assets/eval_v13_seen.csv,,,,,,,,0.0001,,0.9999,shards_std,,other:fewshot:assets/fs_沈周_eval.csv:100 assets,True,std,False,False,False,4
assets/results/v13_styletok/20260918-181925-v13-base-50k,assets/results/v13_styletok,assets__results__v13_styletok__20260918-181925-v13-base-50k,v13-base-50k,assets/results/v13_styletok/20260918-181925-v13-base-50k/resolved_config.json,True,0,,0,,,,,,,,,,,,,,,DiT-2Cond-S/2,360,250000,flow,data/50k/shards_std,True,data/50k/shards_std,,0.0,,True,,,7765,,4,False,,,,,False,8,0.03,data/dino_cache/50k_v1,,,,,,,,"seen:assets/eval_v13_seen.csv:20,strict:assets/eval_v13_strict.csv:250",assets/eval_v13_seen.csv,,,,,,,,0.0001,,0.9999,shards_std,,"other:seen:assets/eval_v13_seen.csv:20,strict:",True,std,False,False,False,4
assets/results/v13_styletok/20260918-182656-v13-base-50k,assets/results/v13_styletok,assets__results__v13_styletok__20260918-182656-v13-base-50k,v13-base-50k,assets/results/v13_styletok/20260918-182656-v13-base-50k/resolved_config.json,True,1,195000,0,,,,,,,,,,,,,,,DiT-2Cond-S/2,360,250000,flow,data/50k/shards_std,True,data/50k/shards_std,,0.0,,True,,,7765,,4,False,,,,,False,8,0.03,data/dino_cache/50k_v1,,,,,,,,"seen:assets/eval_v13_seen.csv:20,strict:assets/eval_v13_strict.csv:250",assets/eval_v13_seen.csv,,,,,,,,0.0001,,0.9999,shards_std,,"other:seen:assets/eval_v13_seen.csv:20,strict:",True,std,False,False,False,4
assets/results/v13_wd01/20260918-102830-v13-base-50k,assets/results/v13_wd01,assets__results__v13_wd01__20260918-102830-v13-base-50k,v13-base-50k,assets/results/v13_wd01/20260918-102830-v13-base-50k/resolved_config.json,True,1,105000,0,,,,,,,,,,,,,,,DiT-2Cond-S/2,360,250000,flow,data/50k/shards_std,True,data/50k/shards_std,,0.0,,True,,,7765,,4,False,,,,,False,8,0.03,data/dino_cache/50k_v1,,,,,,,,"seen:assets/eval_v13_seen.csv:20,strict:assets/eval_v13_strict.csv:250",assets/eval_v13_seen.csv,,,,,,,,0.0001,,0.9999,shards_std,,"other:seen:assets/eval_v13_seen.csv:20,strict:",True,std,False,False,False,4
assets/results/v13_wd01/20260918-210256-v13-base-50k,assets/results/v13_wd01,assets__results__v13_wd01__20260918-210256-v13-base-50k,v13-base-50k,assets/results/v13_wd01/20260918-210256-v13-base-50k/resolved_config.json,True,1,125000,0,,,,,,,,,,,,,,,DiT-2Cond-S/2,360,250000,flow,data/50k/shards_std,True,data/50k/shards_std,,0.0,,True,,,7765,,4,False,,,,,False,8,0.03,data/dino_cache/50k_v1,,,,,,,,"seen:assets/eval_v13_seen.csv:20,strict:assets/eval_v13_strict.csv:250",assets/eval_v13_seen.csv,,,,,,,,0.0001,,0.9999,shards_std,,"other:seen:assets/eval_v13_seen.csv:20,strict:",True,std,False,False,False,4
assets/results/v14_style87_fullft/20260919-142003-v14-style87-full-ft60k,assets/results/v14_style87_fullft,assets__results__v14_style87_fullft__20260919-142003-v14-style87-full-ft60k,v14-style87-full-ft60k,assets/results/v14_style87_fullft/20260919-142003-v14-style87-full-ft60k/resolved_config.json,True,0,,0,,,,,,,,,,,,,,,DiT-2Cond-S/2,360,160000,flow,data/50k/shards_std,True,data/50k/shards_std,,0.0,,True,,,7765,,4,False,,,assets/callig_script_id_map.json,,False,8,0.03,data/dino_cache/50k_v1,,,,,,,,"seen:assets/eval_v13_seen.csv:20,strict:assets/eval_v13_strict.csv:250",assets/eval_v13_seen.csv,,,,,,,,5e-05,,0.9999,shards_std,,"other:seen:assets/eval_v13_seen.csv:20,strict:",True,std,False,False,True,4
assets/results/v14_style87_fullft/20260919-142240-v14-style87-full-ft60k,assets/results/v14_style87_fullft,assets__results__v14_style87_fullft__20260919-142240-v14-style87-full-ft60k,v14-style87-full-ft60k,assets/results/v14_style87_fullft/20260919-142240-v14-style87-full-ft60k/resolved_config.json,True,1,160000,0,,,,,,,,,,,,,,,DiT-2Cond-S/2,360,160000,flow,data/50k/shards_std,True,data/50k/shards_std,,0.0,,True,,,7765,,4,False,,,assets/callig_script_id_map.json,,False,8,0.03,data/dino_cache/50k_v1,,,,,,,,"seen:assets/eval_v13_seen.csv:20,strict:assets/eval_v13_strict.csv:250",assets/eval_v13_seen.csv,,,,,,,,5e-05,,0.9999,shards_std,,"other:seen:assets/eval_v13_seen.csv:20,strict:",True,std,False,False,True,4
assets/results/v14_style87_s2/20260918-234236-v14-style87-stage2,assets/results/v14_style87_s2,assets__results__v14_style87_s2__20260918-234236-v14-style87-stage2,v14-style87-stage2,assets/results/v14_style87_s2/20260918-234236-v14-style87-stage2/resolved_config.json,True,1,160000,0,,,,,,,,,,,,,,,DiT-2Cond-S/2,360,250000,flow,data/50k/shards_std,True,data/50k/shards_std,,0.0,,True,,,7765,,4,False,,,assets/callig_script_id_map.json,,False,8,0.03,data/dino_cache/50k_v1,,,,,,,,"seen:assets/eval_v13_seen.csv:20,strict:assets/eval_v13_strict.csv:250",assets/eval_v13_seen.csv,,,,,,,,0.0001,,0.9999,shards_std,,"other:seen:assets/eval_v13_seen.csv:20,strict:",True,std,False,False,True,4
assets/results/v14_style87_s3/20260919-115130-v14-style87-stage3,assets/results/v14_style87_s3,assets__results__v14_style87_s3__20260919-115130-v14-style87-stage3,v14-style87-stage3,assets/results/v14_style87_s3/20260919-115130-v14-style87-stage3/resolved_config.json,True,0,,0,,,,,,,,,,,,,,,DiT-2Cond-S/2,360,40000,flow,data/50k/shards_std,True,data/50k/shards_std,,0.0,,True,,,7765,,4,False,,,assets/callig_script_id_map.json,,False,8,0.03,data/dino_cache/50k_v1,,,,,,,,"seen:assets/eval_v13_seen.csv:20,strict:assets/eval_v13_strict.csv:250",assets/eval_v13_seen.csv,,,,,,,,3e-05,,0.9999,shards_std,,"other:seen:assets/eval_v13_seen.csv:20,strict:",True,std,False,False,True,4
assets/results/v14_style87_s3/20260919-122118-v14-style87-stage3,assets/results/v14_style87_s3,assets__results__v14_style87_s3__20260919-122118-v14-style87-stage3,v14-style87-stage3,assets/results/v14_style87_s3/20260919-122118-v14-style87-stage3/resolved_config.json,True,0,,0,,,,,,,,,,,,,,,DiT-2Cond-S/2,360,40000,flow,data/50k/shards_std,True,data/50k/shards_std,,0.0,,True,,,7765,,4,False,,,assets/callig_script_id_map.json,,False,8,0.03,data/dino_cache/50k_v1,,,,,,,,"seen:assets/eval_v13_seen.csv:20,strict:assets/eval_v13_strict.csv:250",assets/eval_v13_seen.csv,,,,,,,,3e-05,,0.9999,shards_std,,"other:seen:assets/eval_v13_seen.csv:20,strict:",True,std,False,False,True,4
assets/results/v14_style87_s3/20260919-123141-v14-style87-stage3,assets/results/v14_style87_s3,assets__results__v14_style87_s3__20260919-123141-v14-style87-stage3,v14-style87-stage3,assets/results/v14_style87_s3/20260919-123141-v14-style87-stage3/resolved_config.json,True,1,187500,0,,,,,,,,,,,,,,,DiT-2Cond-S/2,360,200000,flow,data/50k/shards_std,True,data/50k/shards_std,,0.0,,True,,,7765,,4,False,,,assets/callig_script_id_map.json,,False,8,0.03,data/dino_cache/50k_v1,,,,,,,,"seen:assets/eval_v13_seen.csv:20,strict:assets/eval_v13_strict.csv:250",assets/eval_v13_seen.csv,,,,,,,,3e-05,,0.9999,shards_std,,"other:seen:assets/eval_v13_seen.csv:20,strict:",True,std,False,False,True,4
assets/results/v15_fs6_伊秉绶-行_row_pt_lr0.001s2k/20260921-024033-v15-fs6,assets/results/v15_fs6_伊秉绶-行_row_pt_lr0.001s2k,assets__results__v15_fs6_伊秉绶-行_row_pt_lr0.001s2k__20260921-024033-v15-fs6,v15-fs6-伊秉绶-行,assets/results/v15_fs6_伊秉绶-行_row_pt_lr0.001s2k/20260921-024033-v15-fs6/resolved_config.json,True,1,152000,0,,,,,,,,,,,,,,,DiT-2Cond-S/2,50,152000,flow,data/50k/shards_fs6_伊秉绶-行_std,True,data/50k/shards_fs6_伊秉绶-行_std,,0.0,,True,,,7765,,4,False,,,assets/callig_script_id_map_fs6_伊秉绶-行.json,,False,8,0.0,data/dino_cache/50k_v1,,,,,,,,fewshot:assets/fs6_伊秉绶-行_eval.csv:100,assets/eval_v13_seen.csv,,,,,,,,0.001,,0.9999,shards_fs6_伊秉绶-行_std,,other:fewshot:assets/fs6_伊秉绶-行_eval.csv:100 as,True,std,False,False,True,4
assets/results/v15_fs6_伊秉绶-隶_row_pt_lr0.001s2k/20260921-025214-v15-fs6,assets/results/v15_fs6_伊秉绶-隶_row_pt_lr0.001s2k,assets__results__v15_fs6_伊秉绶-隶_row_pt_lr0.001s2k__20260921-025214-v15-fs6,v15-fs6-伊秉绶-隶,assets/results/v15_fs6_伊秉绶-隶_row_pt_lr0.001s2k/20260921-025214-v15-fs6/resolved_config.json,True,1,152000,0,,,,,,,,,,,,,,,DiT-2Cond-S/2,50,152000,flow,data/50k/shards_fs6_伊秉绶-隶_std,True,data/50k/shards_fs6_伊秉绶-隶_std,,0.0,,True,,,7765,,4,False,,,assets/callig_script_id_map_fs6_伊秉绶-隶.json,,False,8,0.0,data/dino_cache/50k_v1,,,,,,,,fewshot:assets/fs6_伊秉绶-隶_eval.csv:100,assets/eval_v13_seen.csv,,,,,,,,0.001,,0.9999,shards_fs6_伊秉绶-隶_std,,other:fewshot:assets/fs6_伊秉绶-隶_eval.csv:100 as,True,std,False,False,True,4
assets/results/v15_fs6_伊秉绶-隶_row_pt_lr0.001s2k_0921-032630/20260921-032633-v15-fs6,assets/results/v15_fs6_伊秉绶-隶_row_pt_lr0.001s2k_0921-032630,assets__results__v15_fs6_伊秉绶-隶_row_pt_lr0.001s2k_0921-032630__20260921-032633-v15-fs6,v15-fs6-伊秉绶-隶,assets/results/v15_fs6_伊秉绶-隶_row_pt_lr0.001s2k_0921-032630/20260921-032633-v15-fs6/resolved_config.json,True,1,152000,0,,,,,,,,,,,,,,,DiT-2Cond-S/2,50,152000,flow,data/50k/shards_fs6_伊秉绶-隶_std,True,data/50k/shards_fs6_伊秉绶-隶_std,,0.0,,True,,,7765,,4,False,,,assets/callig_script_id_map_fs6_伊秉绶-隶.json,,False,8,0.0,data/dino_cache/50k_v1,,,,,,,,fewshot:assets/fs6_伊秉绶-隶_eval.csv:100,assets/eval_v13_seen.csv,,,,,,,,0.001,,0.9999,shards_fs6_伊秉绶-隶_std,,other:fewshot:assets/fs6_伊秉绶-隶_eval.csv:100 as,True,std,False,False,True,4
assets/results/v15_fs6_傅山-行_row_pt_lr0.001s2k/20260921-024622-v15-fs6,assets/results/v15_fs6_傅山-行_row_pt_lr0.001s2k,assets__results__v15_fs6_傅山-行_row_pt_lr0.001s2k__20260921-024622-v15-fs6,v15-fs6-傅山-行,assets/results/v15_fs6_傅山-行_row_pt_lr0.001s2k/20260921-024622-v15-fs6/resolved_config.json,True,1,152000,0,,,,,,,,,,,,,,,DiT-2Cond-S/2,50,152000,flow,data/50k/shards_fs6_傅山-行_std,True,data/50k/shards_fs6_傅山-行_std,,0.0,,True,,,7765,,4,False,,,assets/callig_script_id_map_fs6_傅山-行.json,,False,8,0.0,data/dino_cache/50k_v1,,,,,,,,fewshot:assets/fs6_傅山-行_eval.csv:100,assets/eval_v13_seen.csv,,,,,,,,0.001,,0.9999,shards_fs6_傅山-行_std,,other:fewshot:assets/fs6_傅山-行_eval.csv:100 ass,True,std,False,False,True,4
assets/results/v15_fs6_傅山-行_row_pt_lr0.001s2k/20260921-030454-v15-fs6,assets/results/v15_fs6_傅山-行_row_pt_lr0.001s2k,assets__results__v15_fs6_傅山-行_row_pt_lr0.001s2k__20260921-030454-v15-fs6,v15-fs6-傅山-行,assets/results/v15_fs6_傅山-行_row_pt_lr0.001s2k/20260921-030454-v15-fs6/resolved_config.json,True,1,152000,0,,,,,,,,,,,,,,,DiT-2Cond-S/2,50,152000,flow,data/50k/shards_fs6_傅山-行_std,True,data/50k/shards_fs6_傅山-行_std,,0.0,,True,,,7765,,4,False,,,assets/callig_script_id_map_fs6_傅山-行.json,,False,8,0.0,data/dino_cache/50k_v1,,,,,,,,fewshot:assets/fs6_傅山-行_eval.csv:100,assets/eval_v13_seen.csv,,,,,,,,0.001,,0.9999,shards_fs6_傅山-行_std,,other:fewshot:assets/fs6_傅山-行_eval.csv:100 ass,True,std,False,False,True,4
assets/results/v15_fs6_傅山-行_row_pt_lr0.001s2k_0921-031632/20260921-031635-v15-fs6,assets/results/v15_fs6_傅山-行_row_pt_lr0.001s2k_0921-031632,assets__results__v15_fs6_傅山-行_row_pt_lr0.001s2k_0921-031632__20260921-031635-v15-fs6,v15-fs6-傅山-行,assets/results/v15_fs6_傅山-行_row_pt_lr0.001s2k_0921-031632/20260921-031635-v15-fs6/resolved_config.json,True,1,152000,0,,,,,,,,,,,,,,,DiT-2Cond-S/2,50,152000,flow,data/50k/shards_fs6_傅山-行_std,True,data/50k/shards_fs6_傅山-行_std,,0.0,,True,,,7765,,4,False,,,assets/callig_script_id_map_fs6_傅山-行.json,,False,8,0.0,data/dino_cache/50k_v1,,,,,,,,fewshot:assets/fs6_傅山-行_eval.csv:100,assets/eval_v13_seen.csv,,,,,,,,0.001,,0.9999,shards_fs6_傅山-行_std,,other:fewshot:assets/fs6_傅山-行_eval.csv:100 ass,True,std,False,False,True,4
assets/results/v15_fs6_徐渭-行_row_pt_lr0.001s2k/20260921-025802-v15-fs6,assets/results/v15_fs6_徐渭-行_row_pt_lr0.001s2k,assets__results__v15_fs6_徐渭-行_row_pt_lr0.001s2k__20260921-025802-v15-fs6,v15-fs6-徐渭-行,assets/results/v15_fs6_徐渭-行_row_pt_lr0.001s2k/20260921-025802-v15-fs6/resolved_config.json,True,1,152000,0,,,,,,,,,,,,,,,DiT-2Cond-S/2,50,152000,flow,data/50k/shards_fs6_徐渭-行_std,True,data/50k/shards_fs6_徐渭-行_std,,0.0,,True,,,7765,,4,False,,,assets/callig_script_id_map_fs6_徐渭-行.json,,False,8,0.0,data/dino_cache/50k_v1,,,,,,,,fewshot:assets/fs6_徐渭-行_eval.csv:100,assets/eval_v13_seen.csv,,,,,,,,0.001,,0.9999,shards_fs6_徐渭-行_std,,other:fewshot:assets/fs6_徐渭-行_eval.csv:100 ass,True,std,False,False,True,4
assets/results/v15_fs6_沈周-行@100_row_pt_lr0.001scale_0921-040829/20260921-040832-v15-fs6----100,assets/results/v15_fs6_沈周-行@100_row_pt_lr0.001scale_0921-040829,assets__results__v15_fs6_沈周-行@100_row_pt_lr0.001scale_0921-040829__20260921-040832-v15-fs6----100,v15-fs6-沈周-行@100,assets/results/v15_fs6_沈周-行@100_row_pt_lr0.001scale_0921-040829/20260921-040832-v15-fs6----100/resolved_config.json,True,1,152000,0,,,,,,,,,,,,,,,DiT-2Cond-S/2,50,152000,flow,data/50k/shards_fs6_沈周-行@100_std,True,data/50k/shards_fs6_沈周-行@100_std,,0.0,,True,,,7765,,4,False,,,assets/callig_script_id_map_fs6_沈周-行@100.json,,False,8,0.0,data/dino_cache/50k_v1,,,,,,,,fewshot:assets/fs6_沈周-行@100_eval.csv:100,assets/eval_v13_seen.csv,,,,,,,,0.001,,0.9999,shards_fs6_沈周-行@100_std,,other:fewshot:assets/fs6_沈周-行@100_eval.csv:100,True,std,False,False,True,4
assets/results/v15_fs6_沈周-行@200_row_pt_lr0.001scale_0921-041418/20260921-041421-v15-fs6----200,assets/results/v15_fs6_沈周-行@200_row_pt_lr0.001scale_0921-041418,assets__results__v15_fs6_沈周-行@200_row_pt_lr0.001scale_0921-041418__20260921-041421-v15-fs6----200,v15-fs6-沈周-行@200,assets/results/v15_fs6_沈周-行@200_row_pt_lr0.001scale_0921-041418/20260921-041421-v15-fs6----200/resolved_config.json,True,1,152000,0,,,,,,,,,,,,,,,DiT-2Cond-S/2,50,152000,flow,data/50k/shards_fs6_沈周-行@200_std,True,data/50k/shards_fs6_沈周-行@200_std,,0.0,,True,,,7765,,4,False,,,assets/callig_script_id_map_fs6_沈周-行@200.json,,False,8,0.0,data/dino_cache/50k_v1,,,,,,,,fewshot:assets/fs6_沈周-行@200_eval.csv:100,assets/eval_v13_seen.csv,,,,,,,,0.001,,0.9999,shards_fs6_沈周-行@200_std,,other:fewshot:assets/fs6_沈周-行@200_eval.csv:100,True,std,False,False,True,4
assets/results/v15_fs6_沈周-行_mean_scaled_lr0.0001s1k/20260921-020939-v15-fs6,assets/results/v15_fs6_沈周-行_mean_scaled_lr0.0001s1k,assets__results__v15_fs6_沈周-行_mean_scaled_lr0.0001s1k__20260921-020939-v15-fs6,v15-fs6-沈周-行,assets/results/v15_fs6_沈周-行_mean_scaled_lr0.0001s1k/20260921-020939-v15-fs6/resolved_config.json,True,1,151000,0,,,,,,,,,,,,,,,DiT-2Cond-S/2,50,151000,flow,data/50k/shards_fs6_沈周-行_std,True,data/50k/shards_fs6_沈周-行_std,,0.0,,True,,,7765,,4,False,,,assets/callig_script_id_map_fs6_沈周-行.json,,False,8,0.0,data/dino_cache/50k_v1,,,,,,,,fewshot:assets/fs6_沈周-行_eval.csv:100,assets/eval_v13_seen.csv,,,,,,,,0.0001,,0.9999,shards_fs6_沈周-行_std,,other:fewshot:assets/fs6_沈周-行_eval.csv:100 ass,True,std,False,False,True,4
assets/results/v15_fs6_沈周-行_mean_scaled_lr0.0003s1k/20260921-021601-v15-fs6,assets/results/v15_fs6_沈周-行_mean_scaled_lr0.0003s1k,assets__results__v15_fs6_沈周-行_mean_scaled_lr0.0003s1k__20260921-021601-v15-fs6,v15-fs6-沈周-行,assets/results/v15_fs6_沈周-行_mean_scaled_lr0.0003s1k/20260921-021601-v15-fs6/resolved_config.json,True,1,151000,0,,,,,,,,,,,,,,,DiT-2Cond-S/2,50,151000,flow,data/50k/shards_fs6_沈周-行_std,True,data/50k/shards_fs6_沈周-行_std,,0.0,,True,,,7765,,4,False,,,assets/callig_script_id_map_fs6_沈周-行.json,,False,8,0.0,data/dino_cache/50k_v1,,,,,,,,fewshot:assets/fs6_沈周-行_eval.csv:100,assets/eval_v13_seen.csv,,,,,,,,0.0003,,0.9999,shards_fs6_沈周-行_std,,other:fewshot:assets/fs6_沈周-行_eval.csv:100 ass,True,std,False,False,True,4
assets/results/v15_fs6_沈周-行_mean_scaled_lr0.001s1k/20260921-022215-v15-fs6,assets/results/v15_fs6_沈周-行_mean_scaled_lr0.001s1k,assets__results__v15_fs6_沈周-行_mean_scaled_lr0.001s1k__20260921-022215-v15-fs6,v15-fs6-沈周-行,assets/results/v15_fs6_沈周-行_mean_scaled_lr0.001s1k/20260921-022215-v15-fs6/resolved_config.json,True,1,151000,0,,,,,,,,,,,,,,,DiT-2Cond-S/2,50,151000,flow,data/50k/shards_fs6_沈周-行_std,True,data/50k/shards_fs6_沈周-行_std,,0.0,,True,,,7765,,4,False,,,assets/callig_script_id_map_fs6_沈周-行.json,,False,8,0.0,data/dino_cache/50k_v1,,,,,,,,fewshot:assets/fs6_沈周-行_eval.csv:100,assets/eval_v13_seen.csv,,,,,,,,0.001,,0.9999,shards_fs6_沈周-行_std,,other:fewshot:assets/fs6_沈周-行_eval.csv:100 ass,True,std,False,False,True,4
assets/results/v15_fs6_沈周-行_row_pt_lr0.0001s1k/20260921-020541-v15-fs6,assets/results/v15_fs6_沈周-行_row_pt_lr0.0001s1k,assets__results__v15_fs6_沈周-行_row_pt_lr0.0001s1k__20260921-020541-v15-fs6,v15-fs6-沈周-行,assets/results/v15_fs6_沈周-行_row_pt_lr0.0001s1k/20260921-020541-v15-fs6/resolved_config.json,True,1,151000,0,,,,,,,,,,,,,,,DiT-2Cond-S/2,50,151000,flow,data/50k/shards_fs6_沈周-行_std,True,data/50k/shards_fs6_沈周-行_std,,0.0,,True,,,7765,,4,False,,,assets/callig_script_id_map_fs6_沈周-行.json,,False,8,0.0,data/dino_cache/50k_v1,,,,,,,,fewshot:assets/fs6_沈周-行_eval.csv:100,assets/eval_v13_seen.csv,,,,,,,,0.0001,,0.9999,shards_fs6_沈周-行_std,,other:fewshot:assets/fs6_沈周-行_eval.csv:100 ass,True,std,False,False,True,4
assets/results/v15_fs6_沈周-行_row_pt_lr0.0003s1k/20260921-021255-v15-fs6,assets/results/v15_fs6_沈周-行_row_pt_lr0.0003s1k,assets__results__v15_fs6_沈周-行_row_pt_lr0.0003s1k__20260921-021255-v15-fs6,v15-fs6-沈周-行,assets/results/v15_fs6_沈周-行_row_pt_lr0.0003s1k/20260921-021255-v15-fs6/resolved_config.json,True,1,151000,0,,,,,,,,,,,,,,,DiT-2Cond-S/2,50,151000,flow,data/50k/shards_fs6_沈周-行_std,True,data/50k/shards_fs6_沈周-行_std,,0.0,,True,,,7765,,4,False,,,assets/callig_script_id_map_fs6_沈周-行.json,,False,8,0.0,data/dino_cache/50k_v1,,,,,,,,fewshot:assets/fs6_沈周-行_eval.csv:100,assets/eval_v13_seen.csv,,,,,,,,0.0003,,0.9999,shards_fs6_沈周-行_std,,other:fewshot:assets/fs6_沈周-行_eval.csv:100 ass,True,std,False,False,True,4
assets/results/v15_fs6_沈周-行_row_pt_lr0.001s1k/20260921-021908-v15-fs6,assets/results/v15_fs6_沈周-行_row_pt_lr0.001s1k,assets__results__v15_fs6_沈周-行_row_pt_lr0.001s1k__20260921-021908-v15-fs6,v15-fs6-沈周-行,assets/results/v15_fs6_沈周-行_row_pt_lr0.001s1k/20260921-021908-v15-fs6/resolved_config.json,True,1,151000,0,,,,,,,,,,,,,,,DiT-2Cond-S/2,50,151000,flow,data/50k/shards_fs6_沈周-行_std,True,data/50k/shards_fs6_沈周-行_std,,0.0,,True,,,7765,,4,False,,,assets/callig_script_id_map_fs6_沈周-行.json,,False,8,0.0,data/dino_cache/50k_v1,,,,,,,,fewshot:assets/fs6_沈周-行_eval.csv:100,assets/eval_v13_seen.csv,,,,,,,,0.001,,0.9999,shards_fs6_沈周-行_std,,other:fewshot:assets/fs6_沈周-行_eval.csv:100 ass,True,std,False,False,True,4
assets/results/v15_fs6_沈周-行_row_pt_lr0.001s3k/20260921-023156-v15-fs6,assets/results/v15_fs6_沈周-行_row_pt_lr0.001s3k,assets__results__v15_fs6_沈周-行_row_pt_lr0.001s3k__20260921-023156-v15-fs6,v15-fs6-沈周-行,assets/results/v15_fs6_沈周-行_row_pt_lr0.001s3k/20260921-023156-v15-fs6/resolved_config.json,True,1,153000,0,,,,,,,,,,,,,,,DiT-2Cond-S/2,50,153000,flow,data/50k/shards_fs6_沈周-行_std,True,data/50k/shards_fs6_沈周-行_std,,0.0,,True,,,7765,,4,False,,,assets/callig_script_id_map_fs6_沈周-行.json,,False,8,0.0,data/dino_cache/50k_v1,,,,,,,,fewshot:assets/fs6_沈周-行_eval.csv:100,assets/eval_v13_seen.csv,,,,,,,,0.001,,0.9999,shards_fs6_沈周-行_std,,other:fewshot:assets/fs6_沈周-行_eval.csv:100 ass,True,std,False,False,True,4
assets/results/v15_fs6_沈周-行_row_pt_lr0.001scale_0921-040243/20260921-040246-v15-fs6,assets/results/v15_fs6_沈周-行_row_pt_lr0.001scale_0921-040243,assets__results__v15_fs6_沈周-行_row_pt_lr0.001scale_0921-040243__20260921-040246-v15-fs6,v15-fs6-沈周-行,assets/results/v15_fs6_沈周-行_row_pt_lr0.001scale_0921-040243/20260921-040246-v15-fs6/resolved_config.json,True,1,152000,0,,,,,,,,,,,,,,,DiT-2Cond-S/2,50,152000,flow,data/50k/shards_fs6_沈周-行_std,True,data/50k/shards_fs6_沈周-行_std,,0.0,,True,,,7765,,4,False,,,assets/callig_script_id_map_fs6_沈周-行.json,,False,8,0.0,data/dino_cache/50k_v1,,,,,,,,fewshot:assets/fs6_沈周-行_eval.csv:100,assets/eval_v13_seen.csv,,,,,,,,0.001,,0.9999,shards_fs6_沈周-行_std,,other:fewshot:assets/fs6_沈周-行_eval.csv:100 ass,True,std,False,False,True,4
assets/results/v15_fs6_沈周-行_row_pt_lr0.003s1k/20260921-022849-v15-fs6,assets/results/v15_fs6_沈周-行_row_pt_lr0.003s1k,assets__results__v15_fs6_沈周-行_row_pt_lr0.003s1k__20260921-022849-v15-fs6,v15-fs6-沈周-行,assets/results/v15_fs6_沈周-行_row_pt_lr0.003s1k/20260921-022849-v15-fs6/resolved_config.json,True,1,151000,0,,,,,,,,,,,,,,,DiT-2Cond-S/2,50,151000,flow,data/50k/shards_fs6_沈周-行_std,True,data/50k/shards_fs6_沈周-行_std,,0.0,,True,,,7765,,4,False,,,assets/callig_script_id_map_fs6_沈周-行.json,,False,8,0.0,data/dino_cache/50k_v1,,,,,,,,fewshot:assets/fs6_沈周-行_eval.csv:100,assets/eval_v13_seen.csv,,,,,,,,0.003,,0.9999,shards_fs6_沈周-行_std,,other:fewshot:assets/fs6_沈周-行_eval.csv:100 ass,True,std,False,False,True,4
assets/results/v15_fs_伊秉绶/20260920-224704-v15a-multistyle-k4-pool,assets/results/v15_fs_伊秉绶,assets__results__v15_fs_伊秉绶__20260920-224704-v15a-multistyle-k4-pool,v15a-multistyle-k4-pool,assets/results/v15_fs_伊秉绶/20260920-224704-v15a-multistyle-k4-pool/resolved_config.json,True,1,150200,0,,,,,,,,,,,,,,,DiT-2Cond-S/2,50,150200,flow,data/50k/shards_std,True,data/50k/shards_std,,0.0,,True,,,7765,,4,False,,,assets/callig_script_id_map_fs15_伊秉绶.json,,False,8,0.03,data/dino_cache/50k_v1,,,,,,,,fewshot:assets/fs50_伊秉绶_eval.csv:100,assets/eval_v13_seen.csv,,,,,,,,0.0001,,0.9999,shards_std,,other:fewshot:assets/fs50_伊秉绶_eval.csv:100 ass,True,std,False,False,True,4
assets/results/v15_fs_伊秉绶/20260920-234249-v15a-multistyle-k4-pool,assets/results/v15_fs_伊秉绶,assets__results__v15_fs_伊秉绶__20260920-234249-v15a-multistyle-k4-pool,v15a-multistyle-k4-pool,assets/results/v15_fs_伊秉绶/20260920-234249-v15a-multistyle-k4-pool/resolved_config.json,True,1,152000,0,,,,,,,,,,,,,,,DiT-2Cond-S/2,50,152000,flow,data/50k/shards_std,True,data/50k/shards_std,,0.0,,True,,,7765,,4,False,,,assets/callig_script_id_map_fs15_伊秉绶.json,,False,8,0.03,data/dino_cache/50k_v1,,,,,,,,fewshot:assets/fs50_伊秉绶_eval.csv:100,assets/eval_v13_seen.csv,,,,,,,,0.001,,0.9999,shards_std,,other:fewshot:assets/fs50_伊秉绶_eval.csv:100 ass,True,std,False,False,True,4
assets/results/v15_fs_伊秉绶/20260921-000927-v15a-multistyle-k4-pool,assets/results/v15_fs_伊秉绶,assets__results__v15_fs_伊秉绶__20260921-000927-v15a-multistyle-k4-pool,v15a-multistyle-k4-pool,assets/results/v15_fs_伊秉绶/20260921-000927-v15a-multistyle-k4-pool/resolved_config.json,True,0,,0,,,,,,,,,,,,,,,DiT-2Cond-S/2,256,200000,flow,data/50k/shards_std,True,data/50k/shards_std,,0.0,,True,,,7765,,4,False,,,assets/callig_script_id_map_fs15_伊秉绶.json,,False,8,0.03,data/dino_cache/50k_v1,,,,,,,,fewshot:assets/fs50_伊秉绶_eval.csv:100,assets/eval_v13_seen.csv,,,,,,,,0.001,,0.9999,shards_std,,other:fewshot:assets/fs50_伊秉绶_eval.csv:100 ass,True,std,False,False,True,4
assets/results/v15_fs_伊秉绶/20260921-001311-v15a-multistyle-k4-pool,assets/results/v15_fs_伊秉绶,assets__results__v15_fs_伊秉绶__20260921-001311-v15a-multistyle-k4-pool,v15a-multistyle-k4-pool,assets/results/v15_fs_伊秉绶/20260921-001311-v15a-multistyle-k4-pool/resolved_config.json,True,0,,0,,,,,,,,,,,,,,,DiT-2Cond-S/2,256,200000,flow,data/50k/shards_std,True,data/50k/shards_std,,0.0,,True,,,7765,,4,False,,,assets/callig_script_id_map_fs15_伊秉绶.json,,False,8,0.03,data/dino_cache/50k_v1,,,,,,,,fewshot:assets/fs50_伊秉绶_eval.csv:100,assets/eval_v13_seen.csv,,,,,,,,0.001,,0.9999,shards_std,,other:fewshot:assets/fs50_伊秉绶_eval.csv:100 ass,True,std,False,False,True,4
assets/results/v15_fs_伊秉绶/20260921-002611-v15a-multistyle-k4-pool,assets/results/v15_fs_伊秉绶,assets__results__v15_fs_伊秉绶__20260921-002611-v15a-multistyle-k4-pool,v15a-multistyle-k4-pool,assets/results/v15_fs_伊秉绶/20260921-002611-v15a-multistyle-k4-pool/resolved_config.json,True,0,,0,,,,,,,,,,,,,,,DiT-2Cond-S/2,256,200000,flow,data/50k/shards_std,True,data/50k/shards_std,,0.0,,True,,,7765,,4,False,,,assets/callig_script_id_map_fs15_伊秉绶.json,,False,8,0.03,data/dino_cache/50k_v1,,,,,,,,fewshot:assets/fs50_伊秉绶_eval.csv:100,assets/eval_v13_seen.csv,,,,,,,,0.003,,0.9999,shards_std,,other:fewshot:assets/fs50_伊秉绶_eval.csv:100 ass,True,std,False,False,True,4
assets/results/v15_fs_宋高宗/20260920-225900-v15a-multistyle-k4-pool,assets/results/v15_fs_宋高宗,assets__results__v15_fs_宋高宗__20260920-225900-v15a-multistyle-k4-pool,v15a-multistyle-k4-pool,assets/results/v15_fs_宋高宗/20260920-225900-v15a-multistyle-k4-pool/resolved_config.json,True,1,150200,0,,,,,,,,,,,,,,,DiT-2Cond-S/2,50,150200,flow,data/50k/shards_std,True,data/50k/shards_std,,0.0,,True,,,7765,,4,False,,,assets/callig_script_id_map_fs15_宋高宗.json,,False,8,0.03,data/dino_cache/50k_v1,,,,,,,,fewshot:assets/fs50_宋高宗_eval.csv:100,assets/eval_v13_seen.csv,,,,,,,,0.0001,,0.9999,shards_std,,other:fewshot:assets/fs50_宋高宗_eval.csv:100 ass,True,std,False,False,True,4
assets/results/v15_fs_徐渭/20260920-225512-v15a-multistyle-k4-pool,assets/results/v15_fs_徐渭,assets__results__v15_fs_徐渭__20260920-225512-v15a-multistyle-k4-pool,v15a-multistyle-k4-pool,assets/results/v15_fs_徐渭/20260920-225512-v15a-multistyle-k4-pool/resolved_config.json,True,1,150200,0,,,,,,,,,,,,,,,DiT-2Cond-S/2,50,150200,flow,data/50k/shards_std,True,data/50k/shards_std,,0.0,,True,,,7765,,4,False,,,assets/callig_script_id_map_fs15_徐渭.json,,False,8,0.03,data/dino_cache/50k_v1,,,,,,,,fewshot:assets/fs50_徐渭_eval.csv:100,assets/eval_v13_seen.csv,,,,,,,,0.0001,,0.9999,shards_std,,other:fewshot:assets/fs50_徐渭_eval.csv:100 asse,True,std,False,False,True,4
assets/results/v15_fs_沈周/20260920-225126-v15a-multistyle-k4-pool,assets/results/v15_fs_沈周,assets__results__v15_fs_沈周__20260920-225126-v15a-multistyle-k4-pool,v15a-multistyle-k4-pool,assets/results/v15_fs_沈周/20260920-225126-v15a-multistyle-k4-pool/resolved_config.json,True,1,150200,0,,,,,,,,,,,,,,,DiT-2Cond-S/2,50,150200,flow,data/50k/shards_std,True,data/50k/shards_std,,0.0,,True,,,7765,,4,False,,,assets/callig_script_id_map_fs15_沈周.json,,False,8,0.03,data/dino_cache/50k_v1,,,,,,,,fewshot:assets/fs50_沈周_eval.csv:100,assets/eval_v13_seen.csv,,,,,,,,0.0001,,0.9999,shards_std,,other:fewshot:assets/fs50_沈周_eval.csv:100 asse,True,std,False,False,True,4
assets/results/v15_fs_沈周/20260920-235804-v15a-multistyle-k4-pool,assets/results/v15_fs_沈周,assets__results__v15_fs_沈周__20260920-235804-v15a-multistyle-k4-pool,v15a-multistyle-k4-pool,assets/results/v15_fs_沈周/20260920-235804-v15a-multistyle-k4-pool/resolved_config.json,True,1,151400,0,,,,,,,,,,,,,,,DiT-2Cond-S/2,50,152000,flow,data/50k/shards_std,True,data/50k/shards_std,,0.0,,True,,,7765,,4,False,,,assets/callig_script_id_map_fs15_沈周.json,,False,8,0.03,data/dino_cache/50k_v1,,,,,,,,fewshot:assets/fs50_沈周_eval.csv:100,assets/eval_v13_seen.csv,,,,,,,,0.001,,0.9999,shards_std,,other:fewshot:assets/fs50_沈周_eval.csv:100 asse,True,std,False,False,True,4
assets/results/v15_fs_沈周/20260921-001046-v15a-multistyle-k4-pool,assets/results/v15_fs_沈周,assets__results__v15_fs_沈周__20260921-001046-v15a-multistyle-k4-pool,v15a-multistyle-k4-pool,assets/results/v15_fs_沈周/20260921-001046-v15a-multistyle-k4-pool/resolved_config.json,True,0,,0,,,,,,,,,,,,,,,DiT-2Cond-S/2,256,200000,flow,data/50k/shards_std,True,data/50k/shards_std,,0.0,,True,,,7765,,4,False,,,assets/callig_script_id_map_fs15_沈周.json,,False,8,0.03,data/dino_cache/50k_v1,,,,,,,,fewshot:assets/fs50_沈周_eval.csv:100,assets/eval_v13_seen.csv,,,,,,,,0.001,,0.9999,shards_std,,other:fewshot:assets/fs50_沈周_eval.csv:100 asse,True,std,False,False,True,4
assets/results/v15_multistyle_k4/20260919-221008-v15-multistyle-k4,assets/results/v15_multistyle_k4,assets__results__v15_multistyle_k4__20260919-221008-v15-multistyle-k4,v15-multistyle-k4,assets/results/v15_multistyle_k4/20260919-221008-v15-multistyle-k4/resolved_config.json,True,0,,0,,,,,,,,,,,,,,,DiT-2Cond-S/2,360,150000,flow,data/50k/shards_std,True,data/50k/shards_std,,0.0,,True,,,7765,,4,False,,,assets/callig_script_id_map.json,,False,8,0.03,data/dino_cache/50k_v1,,,,,,,,"seen:assets/eval_v13_seen.csv:20,strict:assets/eval_v13_strict.csv:250",assets/eval_v13_seen.csv,,,,,,,,5e-05,,0.9999,shards_std,,"other:seen:assets/eval_v13_seen.csv:20,strict:",True,std,False,False,True,4
assets/results/v15a_multistyle_k4/20260919-223715-v15a-multistyle-k4-pool,assets/results/v15a_multistyle_k4,assets__results__v15a_multistyle_k4__20260919-223715-v15a-multistyle-k4-pool,v15a-multistyle-k4-pool,assets/results/v15a_multistyle_k4/20260919-223715-v15a-multistyle-k4-pool/resolved_config.json,True,1,150000,0,,,,,,,,,,,,,,,DiT-2Cond-S/2,360,150000,flow,data/50k/shards_std,True,data/50k/shards_std,,0.0,,True,,,7765,,4,False,,,assets/callig_script_id_map.json,,False,8,0.03,data/dino_cache/50k_v1,,,,,,,,"seen:assets/eval_v13_seen.csv:20,strict:assets/eval_v13_strict.csv:250",assets/eval_v13_seen.csv,,,,,,,,0.0001,,0.9999,shards_std,,"other:seen:assets/eval_v13_seen.csv:20,strict:",True,std,False,False,True,4
assets/results/v15b_multistyle_k4/20260920-094046-v15b-multistyle-k4-ca,assets/results/v15b_multistyle_k4,assets__results__v15b_multistyle_k4__20260920-094046-v15b-multistyle-k4-ca,v15b-multistyle-k4-ca,assets/results/v15b_multistyle_k4/20260920-094046-v15b-multistyle-k4-ca/resolved_config.json,True,1,115000,0,,,,,,,,,,,,,,,DiT-2Cond-S/2,360,150000,flow,data/50k/shards_std,True,data/50k/shards_std,,0.0,,True,,,7765,,4,False,,,assets/callig_script_id_map.json,,False,8,0.03,data/dino_cache/50k_v1,,,,,,,,"seen:assets/eval_v13_seen.csv:20,strict:assets/eval_v13_strict.csv:250",assets/eval_v13_seen.csv,,,,,,,,0.0001,,0.9999,shards_std,,"other:seen:assets/eval_v13_seen.csv:20,strict:",True,std,False,False,True,4
assets/results/v15b_multistyle_k4/20260921-104428-v15b-multistyle-k4-ca,assets/results/v15b_multistyle_k4,assets__results__v15b_multistyle_k4__20260921-104428-v15b-multistyle-k4-ca,v15b-multistyle-k4-ca,assets/results/v15b_multistyle_k4/20260921-104428-v15b-multistyle-k4-ca/resolved_config.json,True,1,125000,0,,,,,,,,,,,,,,,DiT-2Cond-S/2,360,150000,flow,data/50k/shards_std,True,data/50k/shards_std,,0.0,,True,,,7765,,4,False,,,assets/callig_script_id_map.json,,False,8,0.03,data/dino_cache/50k_v1,,,,,,,,"seen:assets/eval_v13_seen.csv:20,strict:assets/eval_v13_strict.csv:250",assets/eval_v13_seen.csv,,,,,,,,0.0001,,0.9999,shards_std,,"other:seen:assets/eval_v13_seen.csv:20,strict:",True,std,False,False,True,4
assets/results/v15b_supcon/20260921-132816-v15b-multistyle-k4-ca,assets/results/v15b_supcon,assets__results__v15b_supcon__20260921-132816-v15b-multistyle-k4-ca,v15b-multistyle-k4-ca,assets/results/v15b_supcon/20260921-132816-v15b-multistyle-k4-ca/resolved_config.json,True,1,70000,0,,,,,,,,,,,,,,,DiT-2Cond-S/2,360,150000,flow,data/50k/shards_std,True,data/50k/shards_std,,0.0,,True,,,7765,,4,False,,,assets/callig_script_id_map.json,,False,8,0.03,data/dino_cache/50k_v1,,,,,,,,"seen:assets/eval_v13_seen.csv:20,strict:assets/eval_v13_strict.csv:250",assets/eval_v13_seen.csv,,,,,,,,0.0001,,0.9999,shards_std,,"other:seen:assets/eval_v13_seen.csv:20,strict:",True,std,False,False,True,4
assets/results/v15c_fixed/20260921-202058-v15c-multistyle-k4-ctx,assets/results/v15c_fixed,assets__results__v15c_fixed__20260921-202058-v15c-multistyle-k4-ctx,v15c-multistyle-k4-ctx,assets/results/v15c_fixed/20260921-202058-v15c-multistyle-k4-ctx/resolved_config.json,True,0,,0,,,,,,,,,,,,,,,DiT-2Cond-S/2,260,150000,flow,data/50k/shards_std_fixed,True,data/50k/shards_std_fixed,,0.0,,True,,,7765,,4,False,,,assets/callig_script_id_map.json,,False,8,0.03,data/dino_cache/50k_v1,,,,,,,,"seen:assets/eval_v13_seen_fixed.csv:20,strict:assets/eval_v13_strict_fixed.csv:250",assets/eval_v13_seen.csv,,,,,,,,7.2e-05,,0.9999,shards_std_fixed,,"other:seen:assets/eval_v13_seen_fixed.csv:20,s",True,std,False,False,True,4
assets/results/v15c_fixed/20260921-203154-v15c-multistyle-k4-ctx,assets/results/v15c_fixed,assets__results__v15c_fixed__20260921-203154-v15c-multistyle-k4-ctx,v15c-multistyle-k4-ctx,assets/results/v15c_fixed/20260921-203154-v15c-multistyle-k4-ctx/resolved_config.json,True,0,,0,,,,,,,,,,,,,,,DiT-2Cond-S/2,260,150000,flow,data/50k/shards_std_fixed,True,data/50k/shards_std_fixed,,0.0,,True,,,7765,,4,False,,,assets/callig_script_id_map.json,,False,8,0.03,data/dino_cache/50k_v1,,,,,,,,"seen:assets/eval_v13_seen_fixed.csv:20,strict:assets/eval_v13_strict_fixed.csv:250",assets/eval_v13_seen.csv,,,,,,,,7.2e-05,,0.9999,shards_std_fixed,,"other:seen:assets/eval_v13_seen_fixed.csv:20,s",True,std,False,False,True,4
assets/results/v15c_fixed/20260921-203621-v15c-multistyle-k4-ctx,assets/results/v15c_fixed,assets__results__v15c_fixed__20260921-203621-v15c-multistyle-k4-ctx,v15c-multistyle-k4-ctx,assets/results/v15c_fixed/20260921-203621-v15c-multistyle-k4-ctx/resolved_config.json,True,0,,0,,,,,,,,,,,,,,,DiT-2Cond-S/2,240,150000,flow,data/50k/shards_std_fixed,True,data/50k/shards_std_fixed,,0.0,,True,,,7765,,4,False,,,assets/callig_script_id_map.json,,False,8,0.03,data/dino_cache/50k_v1,,,,,,,,"seen:assets/eval_v13_seen_fixed.csv:20,strict:assets/eval_v13_strict_fixed.csv:250",assets/eval_v13_seen.csv,,,,,,,,7.2e-05,,0.9999,shards_std_fixed,,"other:seen:assets/eval_v13_seen_fixed.csv:20,s",True,std,False,False,True,4
assets/results/v15c_fixed/20260921-203806-v15c-multistyle-k4-ctx,assets/results/v15c_fixed,assets__results__v15c_fixed__20260921-203806-v15c-multistyle-k4-ctx,v15c-multistyle-k4-ctx,assets/results/v15c_fixed/20260921-203806-v15c-multistyle-k4-ctx/resolved_config.json,True,1,5000,0,,,,,,,,,,,,,,,DiT-2Cond-S/2,240,150000,flow,data/50k/shards_std_fixed,True,data/50k/shards_std_fixed,,0.0,,True,,,7765,,4,False,,,assets/callig_script_id_map.json,,False,8,0.03,data/dino_cache/50k_v1,,,,,,,,"seen:assets/eval_v13_seen_fixed.csv:20,strict:assets/eval_v13_strict_fixed.csv:250",assets/eval_v13_seen.csv,,,,,,,,7.2e-05,,0.9999,shards_std_fixed,,"other:seen:assets/eval_v13_seen_fixed.csv:20,s",True,std,False,False,True,4
assets/results/v15c_fixed/20260921-210139-v15c-multistyle-k4-ctx,assets/results/v15c_fixed,assets__results__v15c_fixed__20260921-210139-v15c-multistyle-k4-ctx,v15c-multistyle-k4-ctx,assets/results/v15c_fixed/20260921-210139-v15c-multistyle-k4-ctx/resolved_config.json,True,0,,0,,,,,,,,,,,,,,,DiT-2Cond-S/2,320,150000,flow,data/50k/shards_std_fixed,True,data/50k/shards_std_fixed,,0.0,,True,,,7765,,4,False,,,assets/callig_script_id_map.json,,False,8,0.03,data/dino_cache/50k_v1,,,,,,,,"seen:assets/eval_v13_seen_fixed.csv:20,strict:assets/eval_v13_strict_fixed.csv:250",assets/eval_v13_seen.csv,,,,,,,,7.2e-05,,0.9999,shards_std_fixed,,"other:seen:assets/eval_v13_seen_fixed.csv:20,s",True,std,False,False,True,4
assets/results/v15c_fixed/20260921-210505-v15c-multistyle-k4-ctx,assets/results/v15c_fixed,assets__results__v15c_fixed__20260921-210505-v15c-multistyle-k4-ctx,v15c-multistyle-k4-ctx,assets/results/v15c_fixed/20260921-210505-v15c-multistyle-k4-ctx/resolved_config.json,True,0,,0,,,,,,,,,,,,,,,DiT-2Cond-S/2,320,150000,flow,data/50k/shards_std_fixed,True,data/50k/shards_std_fixed,,0.0,,True,,,7765,,4,False,,,assets/callig_script_id_map.json,,False,8,0.03,data/dino_cache/50k_v1,,,,,,,,"seen:assets/eval_v13_seen_fixed.csv:20,strict:assets/eval_v13_strict_fixed.csv:250",assets/eval_v13_seen.csv,,,,,,,,7.2e-05,,0.9999,shards_std_fixed,,"other:seen:assets/eval_v13_seen_fixed.csv:20,s",True,std,False,False,True,4
assets/results/v15c_fixed/20260921-210834-v15c-multistyle-k4-ctx,assets/results/v15c_fixed,assets__results__v15c_fixed__20260921-210834-v15c-multistyle-k4-ctx,v15c-multistyle-k4-ctx,assets/results/v15c_fixed/20260921-210834-v15c-multistyle-k4-ctx/resolved_config.json,True,0,,0,,,,,,,,,,,,,,,DiT-2Cond-S/2,240,150000,flow,data/50k/shards_std_fixed,True,data/50k/shards_std_fixed,,0.0,,True,,,7765,,4,False,,,assets/callig_script_id_map.json,,False,8,0.03,data/dino_cache/50k_v1,,,,,,,,"seen:assets/eval_v13_seen_fixed.csv:20,strict:assets/eval_v13_strict_fixed.csv:250",assets/eval_v13_seen.csv,,,,,,,,7.2e-05,,0.9999,shards_std_fixed,,"other:seen:assets/eval_v13_seen_fixed.csv:20,s",True,std,False,False,True,4
assets/results/v15c_fixed/20260921-211107-v15c-multistyle-k4-ctx,assets/results/v15c_fixed,assets__results__v15c_fixed__20260921-211107-v15c-multistyle-k4-ctx,v15c-multistyle-k4-ctx,assets/results/v15c_fixed/20260921-211107-v15c-multistyle-k4-ctx/resolved_config.json,True,0,,0,,,,,,,,,,,,,,,DiT-2Cond-S/2,240,150000,flow,data/50k/shards_std_fixed,True,data/50k/shards_std_fixed,,0.0,,True,,,7765,,4,False,,,assets/callig_script_id_map.json,,False,8,0.03,data/dino_cache/50k_v1,,,,,,,,"seen:assets/eval_v13_seen_fixed.csv:20,strict:assets/eval_v13_strict_fixed.csv:249",assets/eval_v13_seen.csv,,,,,,,,7.2e-05,,0.9999,shards_std_fixed,,"other:seen:assets/eval_v13_seen_fixed.csv:20,s",True,std,False,False,True,4
assets/results/v15c_fixed/20260921-212312-v15c-multistyle-k4-ctx,assets/results/v15c_fixed,assets__results__v15c_fixed__20260921-212312-v15c-multistyle-k4-ctx,v15c-multistyle-k4-ctx,assets/results/v15c_fixed/20260921-212312-v15c-multistyle-k4-ctx/resolved_config.json,True,0,,0,,,,,,,,,,,,,,,DiT-2Cond-S/2,240,150000,flow,data/50k/shards_std_fixed,True,data/50k/shards_std_fixed,,0.0,,True,,,7765,,4,False,,,assets/callig_script_id_map.json,,False,8,0.03,data/dino_cache/50k_v1,,,,,,,,"seen:assets/eval_v13_seen_fixed.csv:20,strict:assets/eval_v13_strict_fixed.csv:249",assets/eval_v13_seen.csv,,,,,,,,7.2e-05,,0.9999,shards_std_fixed,,"other:seen:assets/eval_v13_seen_fixed.csv:20,s",True,std,False,False,True,4
assets/results/v15c_fixed/20260921-212920-v15c-multistyle-k4-ctx,assets/results/v15c_fixed,assets__results__v15c_fixed__20260921-212920-v15c-multistyle-k4-ctx,v15c-multistyle-k4-ctx,assets/results/v15c_fixed/20260921-212920-v15c-multistyle-k4-ctx/resolved_config.json,True,41,210000,0,,,,,,,,,,,,,,,DiT-2Cond-S/2,240,250000,flow,data/50k/shards_std_fixed,True,data/50k/shards_std_fixed,,0.0,,True,,,7765,,4,False,,,assets/callig_script_id_map.json,,False,8,0.03,data/dino_cache/50k_v1,,,,,,,,"seen:assets/eval_v13_seen_fixed.csv:20,strict:assets/eval_v13_strict_fixed.csv:249",assets/eval_v13_seen.csv,,,,,,,,7.2e-05,,0.9999,shards_std_fixed,,"other:seen:assets/eval_v13_seen_fixed.csv:20,s",True,std,False,False,True,4
assets/results/v16_fs_沈周-行_0921-130259/20260921-130302-v16-fs,assets/results/v16_fs_沈周-行_0921-130259,assets__results__v16_fs_沈周-行_0921-130259__20260921-130302-v16-fs,v16-fs-沈周-行,assets/results/v16_fs_沈周-行_0921-130259/20260921-130302-v16-fs/resolved_config.json,True,1,5000,0,,,,,,,,,,,,,,,DiT-2Cond-S/2,384,50000,flow,data/50k/shards_fs6_沈周-行_std,True,data/50k/shards_fs6_沈周-行_std,,0.0,,True,,,7765,,4,False,,,assets/callig_script_id_map_fs6_沈周-行.json,,False,8,0.0,data/dino_cache/50k_v1,,,,,,,,fewshot:assets/fs6_沈周-行_eval.csv:100,assets/eval_v13_seen.csv,,,,,,,,0.0001,,0.9999,shards_fs6_沈周-行_std,,other:fewshot:assets/fs6_沈周-行_eval.csv:100 ass,True,std,False,False,True,4
assets/results/v17_glyph_gate_f015/20260923-192611-v17-glyph-gate-f015,assets/results/v17_glyph_gate_f015,assets__results__v17_glyph_gate_f015__20260923-192611-v17-glyph-gate-f015,v17-glyph-gate-f015,assets/results/v17_glyph_gate_f015/20260923-192611-v17-glyph-gate-f015/resolved_config.json,True,5,25000,0,,,,,,,,,,,,,,,DiT-2Cond-S/2,360,100000,flow,data/50k/shards_std,True,data/50k/shards_std,,0.0,,True,,,7765,,4,False,,,assets/callig_script_id_map.json,,False,8,0.03,data/dino_cache/50k_v1,,,,,,,,"seen:assets/eval_v13_seen.csv:20,strict:assets/eval_v13_strict.csv:250",assets/eval_v13_seen.csv,,,,,,,,0.0005,,0.9999,shards_std,,"other:seen:assets/eval_v13_seen.csv:20,strict:",True,std,False,False,True,4
assets/results/v17_glyph_gate_f015/20260923-212745-v17-glyph-gate-f015,assets/results/v17_glyph_gate_f015,assets__results__v17_glyph_gate_f015__20260923-212745-v17-glyph-gate-f015,v17-glyph-gate-f015,assets/results/v17_glyph_gate_f015/20260923-212745-v17-glyph-gate-f015/resolved_config.json,True,3,15000,0,,,,,,,,,,,,,,,DiT-2Cond-S/2,360,100000,flow,data/50k/shards_std,True,data/50k/shards_std,,0.0,,True,,,7765,,4,False,,,assets/callig_script_id_map.json,,False,8,0.03,data/dino_cache/50k_v1,,,,,,,,"seen:assets/eval_v13_seen.csv:20,strict:assets/eval_v13_strict.csv:250",assets/eval_v13_seen.csv,,,,,,,,0.0005,,0.9999,shards_std,,"other:seen:assets/eval_v13_seen.csv:20,strict:",True,std,False,False,True,4
assets/results/v17_gq_100k/20260924-185401-v17-gq-100k,assets/results/v17_gq_100k,assets__results__v17_gq_100k__20260924-185401-v17-gq-100k,v17-gq-100k,assets/results/v17_gq_100k/20260924-185401-v17-gq-100k/resolved_config.json,True,8,40000,0,,,,,,,,,,,,,,,DiT-2Cond-S/2,360,100000,flow,data/50k/shards_std_fixed,True,data/50k/shards_std_fixed,,0.0,,True,,,7765,,0,False,,,assets/callig_script_id_map.json,,False,8,0.03,data/dino_cache/50k_v1,,,,,,,,"seen:assets/eval_v13_seen_fixed.csv:20,strict:assets/eval_v13_strict_fixed.csv:249",assets/eval_v13_seen_fixed.csv,,,,,,,,0.0005,,0.9999,shards_std_fixed,,"other:seen:assets/eval_v13_seen_fixed.csv:20,s",True,std,False,False,True,0
assets/results/v17_gq_100k/20260924-215740-v17-gq-100k,assets/results/v17_gq_100k,assets__results__v17_gq_100k__20260924-215740-v17-gq-100k,v17-gq-100k,assets/results/v17_gq_100k/20260924-215740-v17-gq-100k/resolved_config.json,True,9,85000,0,,,,,,,,,,,,,,,DiT-2Cond-S/2,360,100000,flow,data/50k/shards_std_fixed,True,data/50k/shards_std_fixed,,0.0,,True,,,7765,,0,False,,,assets/callig_script_id_map.json,,False,8,0.03,data/dino_cache/50k_v1,,,,,,,,"seen:assets/eval_v13_seen_fixed.csv:20,strict:assets/eval_v13_strict_fixed.csv:249",assets/eval_v13_seen_fixed.csv,,,,,,,,0.0005,,0.9999,shards_std_fixed,,"other:seen:assets/eval_v13_seen_fixed.csv:20,s",True,std,False,False,True,0
assets/results/v17_inj3_100k/20260924-101345-v17-inj3-100k,assets/results/v17_inj3_100k,assets__results__v17_inj3_100k__20260924-101345-v17-inj3-100k,v17-inj3-100k,assets/results/v17_inj3_100k/20260924-101345-v17-inj3-100k/resolved_config.json,True,5,25000,0,,,,,,,,,,,,,,,DiT-2Cond-S/2,360,100000,flow,data/50k/shards_std,True,data/50k/shards_std,,0.0,,True,,,7765,,0,False,,,assets/callig_script_id_map.json,,False,8,0.03,data/dino_cache/50k_v1,,,,,,,,"seen:assets/eval_v13_seen.csv:20,strict:assets/eval_v13_strict.csv:250",assets/eval_v13_seen.csv,,,,,,,,0.0005,,0.9999,shards_std,,"other:seen:assets/eval_v13_seen.csv:20,strict:",True,std,False,False,True,0
assets/results/v17_inj3_fixed_100k/20260924-121135-v17-inj3-fixed-100k,assets/results/v17_inj3_fixed_100k,assets__results__v17_inj3_fixed_100k__20260924-121135-v17-inj3-fixed-100k,v17-inj3-fixed-100k,assets/results/v17_inj3_fixed_100k/20260924-121135-v17-inj3-fixed-100k/resolved_config.json,True,6,55000,0,,,,,,,,,,,,,,,DiT-2Cond-S/2,360,100000,flow,data/50k/shards_std_fixed,True,data/50k/shards_std_fixed,,0.0,,True,,,7765,,0,False,,,assets/callig_script_id_map.json,,False,8,0.03,data/dino_cache/50k_v1,,,,,,,,"seen:assets/eval_v13_seen_fixed.csv:20,strict:assets/eval_v13_strict_fixed.csv:249",assets/eval_v13_seen_fixed.csv,,,,,,,,0.0005,,0.9999,shards_std_fixed,,"other:seen:assets/eval_v13_seen_fixed.csv:20,s",True,std,False,False,True,0
assets/results/v17_inj3_fixed_aug_100k/20260924-152423-v17-inj3-fixed-aug-100k,assets/results/v17_inj3_fixed_aug_100k,assets__results__v17_inj3_fixed_aug_100k__20260924-152423-v17-inj3-fixed-aug-100k,v17-inj3-fixed-aug-100k,assets/results/v17_inj3_fixed_aug_100k/20260924-152423-v17-inj3-fixed-aug-100k/resolved_config.json,True,9,100000,0,,,,,,,,,,,,,,,DiT-2Cond-S/2,360,100000,flow,data/50k/shards_std_fixed,True,data/50k/shards_std_fixed,,0.0,,True,,,7765,,0,False,,,assets/callig_script_id_map.json,,False,8,0.03,data/dino_cache/50k_v1,,,,,,,,"seen:assets/eval_v13_seen_fixed.csv:20,strict:assets/eval_v13_strict_fixed.csv:249",assets/eval_v13_seen_fixed.csv,,,,,,,,0.0005,,0.9999,shards_std_fixed,,"other:seen:assets/eval_v13_seen_fixed.csv:20,s",True,std,False,False,True,0
assets/results/v17_lca_x/20260923-231355-v17-lca-x,assets/results/v17_lca_x,assets__results__v17_lca_x__20260923-231355-v17-lca-x,v17-lca-x,assets/results/v17_lca_x/20260923-231355-v17-lca-x/resolved_config.json,True,0,,0,,,,,,,,,,,,,,,DiT-2Cond-S/2,360,40000,flow,data/50k/shards_std,True,data/50k/shards_std,,0.0,,True,,,7765,,4,False,,,assets/callig_script_id_map.json,,False,8,0.03,data/dino_cache/50k_v1,,,,,,,,"seen:assets/eval_v13_seen.csv:20,strict:assets/eval_v13_strict.csv:250",assets/eval_v13_seen.csv,,,,,,,,0.0005,,0.9999,shards_std,,"other:seen:assets/eval_v13_seen.csv:20,strict:",True,std,False,False,True,4
assets/results/v17_lca_x/20260923-231720-v17-lca-x,assets/results/v17_lca_x,assets__results__v17_lca_x__20260923-231720-v17-lca-x,v17-lca-x,assets/results/v17_lca_x/20260923-231720-v17-lca-x/resolved_config.json,True,2,10000,0,,,,,,,,,,,,,,,DiT-2Cond-S/2,360,100000,flow,data/50k/shards_std,True,data/50k/shards_std,,0.0,,True,,,7765,,4,False,,,assets/callig_script_id_map.json,,False,8,0.03,data/dino_cache/50k_v1,,,,,,,,"seen:assets/eval_v13_seen.csv:20,strict:assets/eval_v13_strict.csv:250",assets/eval_v13_seen.csv,,,,,,,,0.0005,,0.9999,shards_std,,"other:seen:assets/eval_v13_seen.csv:20,strict:",True,std,False,False,True,4
assets/results/v17_lca_x/20260924-001127-v17-lca-x,assets/results/v17_lca_x,assets__results__v17_lca_x__20260924-001127-v17-lca-x,v17-lca-x,assets/results/v17_lca_x/20260924-001127-v17-lca-x/resolved_config.json,True,1,2000,0,,,,,,,,,,,,,,,DiT-2Cond-S/2,360,2000,flow,data/50k/shards_std,True,data/50k/shards_std,,0.0,,True,,,7765,,4,False,,,assets/callig_script_id_map.json,,False,8,0.03,data/dino_cache/50k_v1,,,,,,,,"seen:assets/eval_v13_seen.csv:20,strict:assets/eval_v13_strict.csv:250",assets/eval_v13_seen.csv,,,,,,,,0.0001,,0.9999,shards_std,,"other:seen:assets/eval_v13_seen.csv:20,strict:",True,std,False,False,True,4
assets/results/v17_lca_x_s02/20260924-002900-v17-lca-x-s02,assets/results/v17_lca_x_s02,assets__results__v17_lca_x_s02__20260924-002900-v17-lca-x-s02,v17-lca-x-s02,assets/results/v17_lca_x_s02/20260924-002900-v17-lca-x-s02/resolved_config.json,True,1,2000,0,,,,,,,,,,,,,,,DiT-2Cond-S/2,360,2000,flow,data/50k/shards_std,True,data/50k/shards_std,,0.0,,True,,,7765,,4,False,,,assets/callig_script_id_map.json,,False,8,0.03,data/dino_cache/50k_v1,,,,,,,,"seen:assets/eval_v13_seen.csv:20,strict:assets/eval_v13_strict.csv:250",assets/eval_v13_seen.csv,,,,,,,,0.0001,,0.9999,shards_std,,"other:seen:assets/eval_v13_seen.csv:20,strict:",True,std,False,False,True,4
assets/results/v17_lowrank_spatial_r32/20260923-164715-v17-lowrank-spatial-r32,assets/results/v17_lowrank_spatial_r32,assets__results__v17_lowrank_spatial_r32__20260923-164715-v17-lowrank-spatial-r32,v17-lowrank-spatial-r32,assets/results/v17_lowrank_spatial_r32/20260923-164715-v17-lowrank-spatial-r32/resolved_config.json,True,7,35000,0,,,,,,,,,,,,,,,DiT-2Cond-S/2,360,100000,flow,data/50k/shards_std,True,data/50k/shards_std,,0.0,,True,,,7765,,4,False,,,assets/callig_script_id_map.json,,False,8,0.03,data/dino_cache/50k_v1,,,,,,,,"seen:assets/eval_v13_seen.csv:20,strict:assets/eval_v13_strict.csv:250",assets/eval_v13_seen.csv,,,,,,,,0.0005,,0.9999,shards_std,,"other:seen:assets/eval_v13_seen.csv:20,strict:",True,std,False,False,True,4
assets/results/v17_mid_250k/20260924-005151-v17-mid-250k,assets/results/v17_mid_250k,assets__results__v17_mid_250k__20260924-005151-v17-mid-250k,v17-mid-250k,assets/results/v17_mid_250k/20260924-005151-v17-mid-250k/resolved_config.json,True,0,,0,,,,,,,,,,,,,,,DiT-2Cond-S/2,360,250000,flow,data/50k/shards_std,True,data/50k/shards_std,data/50k/shards_instskel20,0.0,,True,,,7765,,4,False,,,assets/callig_script_id_map.json,,False,8,0.03,data/dino_cache/50k_v1,,,,,,,,"seen:assets/eval_v13_seen.csv:20,strict:assets/eval_v13_strict.csv:250",assets/eval_v13_seen.csv,,,,,,,,0.0005,,0.9999,shards_std,shards_instskel20,"other:seen:assets/eval_v13_seen.csv:20,strict:",True,std,False,False,True,4
assets/results/v17_mid_250k/20260924-005806-v17-mid-250k,assets/results/v17_mid_250k,assets__results__v17_mid_250k__20260924-005806-v17-mid-250k,v17-mid-250k,assets/results/v17_mid_250k/20260924-005806-v17-mid-250k/resolved_config.json,True,23,115000,0,,,,,,,,,,,,,,,DiT-2Cond-S/2,360,250000,flow,data/50k/shards_std,True,data/50k/shards_std,data/50k/shards_instskel20,0.0,,True,,,7765,,4,False,,,assets/callig_script_id_map.json,,False,8,0.03,data/dino_cache/50k_v1,,,,,,,,"seen:assets/eval_v13_seen.csv:20,strict:assets/eval_v13_strict.csv:250",assets/eval_v13_seen.csv,,,,,,,,0.0005,,0.9999,shards_std,shards_instskel20,"other:seen:assets/eval_v13_seen.csv:20,strict:",True,std,False,False,True,4
assets/results/v17_s2_s2z_baseline/20260923-001802-v17-s2-s2z-baseline,assets/results/v17_s2_s2z_baseline,assets__results__v17_s2_s2z_baseline__20260923-001802-v17-s2-s2z-baseline,v17-s2-s2z-baseline,assets/results/v17_s2_s2z_baseline/20260923-001802-v17-s2-s2z-baseline/resolved_config.json,True,0,,0,,,,,,,,,,,,,,,DiT-2Cond-S/2,360,60,flow,data/50k/shards_std,True,data/50k/shards_std,,0.0,,True,,,7765,,4,False,,,assets/callig_script_id_map.json,,False,8,0.03,data/dino_cache/50k_v1,,,,,,,,"seen:assets/eval_v13_seen.csv:20,strict:assets/eval_v13_strict.csv:250",assets/eval_v13_seen.csv,,,,,,,,0.0005,,0.9999,shards_std,,"other:seen:assets/eval_v13_seen.csv:20,strict:",True,std,False,False,True,4
assets/results/v17_s2_s2z_baseline/20260923-011335-v17-s2-s2z-baseline,assets/results/v17_s2_s2z_baseline,assets__results__v17_s2_s2z_baseline__20260923-011335-v17-s2-s2z-baseline,v17-s2-s2z-baseline,assets/results/v17_s2_s2z_baseline/20260923-011335-v17-s2-s2z-baseline/resolved_config.json,True,9,100000,0,,,,,,,,,,,,,,,DiT-2Cond-S/2,360,100000,flow,data/50k/shards_std,True,data/50k/shards_std,,0.0,,True,,,7765,,4,False,,,assets/callig_script_id_map.json,,False,8,0.03,data/dino_cache/50k_v1,,,,,,,,"seen:assets/eval_v13_seen.csv:20,strict:assets/eval_v13_strict.csv:250",assets/eval_v13_seen.csv,,,,,,,,0.0005,,0.9999,shards_std,,"other:seen:assets/eval_v13_seen.csv:20,strict:",True,std,False,False,True,4
assets/results/v17_s2_s2z_midskel20/20260923-124717-v17-s2-s2z-midskel20,assets/results/v17_s2_s2z_midskel20,assets__results__v17_s2_s2z_midskel20__20260923-124717-v17-s2-s2z-midskel20,v17-s2-s2z-midskel20,assets/results/v17_s2_s2z_midskel20/20260923-124717-v17-s2-s2z-midskel20/resolved_config.json,True,8,40000,0,,,,,,,,,,,,,,,DiT-2Cond-S/2,360,40000,flow,data/50k/shards_std,True,data/50k/shards_std,data/50k/shards_instskel20,0.0,,True,,,7765,,4,False,,,assets/callig_script_id_map.json,,False,8,0.03,data/dino_cache/50k_v1,,,,,,,,"seen:assets/eval_v13_seen.csv:20,strict:assets/eval_v13_strict.csv:250",assets/eval_v13_seen.csv,,,,,,,,0.0005,,0.9999,shards_std,shards_instskel20,"other:seen:assets/eval_v13_seen.csv:20,strict:",True,std,False,False,True,4
assets/results/v17_s2z_ada1_ln/20260923-083730-v17-s2z-ada1-ln,assets/results/v17_s2z_ada1_ln,assets__results__v17_s2z_ada1_ln__20260923-083730-v17-s2z-ada1-ln,v17-s2z-ada1-ln,assets/results/v17_s2z_ada1_ln/20260923-083730-v17-s2z-ada1-ln/resolved_config.json,True,8,40000,0,,,,,,,,,,,,,,,DiT-2Cond-S/2,360,100000,flow,data/50k/shards_std,True,data/50k/shards_std,,0.0,,True,,,7765,,4,False,,,assets/callig_script_id_map.json,,False,8,0.03,data/dino_cache/50k_v1,,,,,,,,"seen:assets/eval_v13_seen.csv:20,strict:assets/eval_v13_strict.csv:250",assets/eval_v13_seen.csv,,,,,,,,0.0005,,0.9999,shards_std,,"other:seen:assets/eval_v13_seen.csv:20,strict:",True,std,False,False,True,4
assets/results/v18_style_rank_200k/20260925-053359-v18-style-rank-200k,assets/results/v18_style_rank_200k,assets__results__v18_style_rank_200k__20260925-053359-v18-style-rank-200k,v18-style-rank-200k,assets/results/v18_style_rank_200k/20260925-053359-v18-style-rank-200k/resolved_config.json,True,29,145000,0,,,,,,,,,,,,,,,DiT-2Cond-S/2,360,200000,flow,data/50k/shards_std_fixed,True,data/50k/shards_std_fixed,,0.0,,True,,,7765,,0,False,,,assets/callig_script_id_map.json,,False,8,0.03,data/dino_cache/50k_v1,,,,,,,,"seen:assets/eval_v13_seen_fixed.csv:20,strict:assets/eval_v13_strict_fixed.csv:249",assets/eval_v13_seen_fixed.csv,,,,,,,,0.0005,,0.9999,shards_std_fixed,,"other:seen:assets/eval_v13_seen_fixed.csv:20,s",True,std,False,False,True,0
assets/results/v19_gq_e0_100k/20260925-165253-v19-gq-e0-100k,assets/results/v19_gq_e0_100k,assets__results__v19_gq_e0_100k__20260925-165253-v19-gq-e0-100k,v19-gq-e0-100k,assets/results/v19_gq_e0_100k/20260925-165253-v19-gq-e0-100k/resolved_config.json,True,0,,0,,,,,,,,,,,,,,,DiT-2Cond-S/2,360,100000,flow,data/50k/shards_std,True,data/50k/shards_std,,0.0,,True,,,7765,,4,False,,,assets/callig_script_id_map.json,,False,8,0.03,data/dino_cache/50k_v1,,,,,,,,"seen:assets/eval_v13_seen.csv:20,strict:assets/eval_v13_strict.csv:250",assets/eval_v13_seen.csv,,,,,,,,0.0005,,0.9999,shards_std,,"other:seen:assets/eval_v13_seen.csv:20,strict:",True,std,False,False,True,4
assets/results/v54_minimal_tables_noskel/20261005-000241-v54-minimal-tables-S-noskel-freeze,assets/results/v54_minimal_tables_noskel,assets__results__v54_minimal_tables_noskel__20261005-000241-v54-minimal-tables-S-noskel-freeze,,,False,1,5000,1,5000,5000,0.5125,5000,0.5125,0.5125,,,,,,,,,,,,,,,,,,,,,,,,,,,,,,,,,,,,,,,,,,,,,,,,,,,,,,,"unknown(老 run, 见 eval_auto json)",False,-,False,True,False,0
assets/results/v54_minimal_tables_noskel/20261005-000439-v54-minimal-tables-S-noskel-freeze,assets/results/v54_minimal_tables_noskel,assets__results__v54_minimal_tables_noskel__20261005-000439-v54-minimal-tables-S-noskel-freeze,v54-minimal-tables-S-noskel-freeze,assets/results/v54_minimal_tables_noskel/20261005-000439-v54-minimal-tables-S-noskel-freeze/resolved_config.json,True,19,100000,20,5000,100000,0.587475,95000,0.586986,0.5125,0.520363,0.536497,0.548164,0.561343,0.568889,0.578115,0.586986,,DiT-2Cond-S/2,384,150000,flow,,False,,,0.0,,False,,,4690,True,0,False,,,,,False,8,0.03,data/dino_cache/top10_v1,,,,0,,,,"eval200fix:exp-std/csv/eval200_fixed.csv:187,seen:exp-std/csv/seen20.csv:20",exp-std/csv/eval200_fixed.csv,,,,,,,,5e-05,,0.999,,,eval200fix+seen,False,-,False,True,False,0
exp-std/_attempt1/runs/20261003-030737-v46-std-adaln4-top10-p0.2,exp-std/_attempt1/runs,exp-std___attempt1__runs__20261003-030737-v46-std-adaln4-top10-p0.2,v46-std-adaln4-top10-p0.2,exp-std/_attempt1/runs/20261003-030737-v46-std-adaln4-top10-p0.2/resolved_config.json,True,2,5000,2,2500,5000,0.519214,5000,0.519214,0.519214,,,,,,,,,DiT-2Cond-S/2,384,30000,flow,exp-std/data/shards_std_w7,True,,,0.0,,True,,,35130,,4,False,,,exp-std/csv/callig_script_id_map_top10.json,,False,8,0.0,,,,,0,,,,eval200:exp-std/csv/eval200.csv:200,exp-std/csv/eval200.csv,,,,,,,,5e-05,,0.999,shards_std_w7,,other:eval200:exp-std/csv/eval200.csv:200 exp-,True,std,False,False,True,4
exp-std/runs/20261003-033702-v46-std-adaln4-top10-p0.2,exp-std/runs,exp-std__runs__20261003-033702-v46-std-adaln4-top10-p0.2,v46-std-adaln4-top10-p0.2,exp-std/runs/20261003-033702-v46-std-adaln4-top10-p0.2/resolved_config.json,True,7,17500,7,2500,17500,0.52733,17500,0.52733,0.518855,0.524979,,,,,,,,DiT-2Cond-S/2,384,30000,flow,exp-std/data/shards_std_w7,True,,,0.0,,True,,,35130,,4,False,,,exp-std/csv/callig_script_id_map_top10.json,,False,8,0.0,,,,,0,,,,eval200:exp-std/csv/eval200.csv:200,exp-std/csv/eval200.csv,,,,,,,,5e-05,,0.999,shards_std_w7,,other:eval200:exp-std/csv/eval200.csv:200 exp-,True,std,False,False,True,4
exp-std/runs/20261003-121751-v46-std-adaln4-top10-p0.4,exp-std/runs,exp-std__runs__20261003-121751-v46-std-adaln4-top10-p0.4,v46-std-adaln4-top10-p0.4,exp-std/runs/20261003-121751-v46-std-adaln4-top10-p0.4/resolved_config.json,True,0,,0,,,,,,,,,,,,,,,DiT-2Cond-S/2,384,47500,flow,exp-std/data/shards_std_w7,True,,,0.0,,True,,,35130,,4,False,,,exp-std/csv/callig_script_id_map_top10.json,,False,8,0.0,,,,,0,,,,eval200:exp-std/csv/eval200.csv:200,exp-std/csv/eval200.csv,,,,,,,,2e-05,,0.999,shards_std_w7,,other:eval200:exp-std/csv/eval200.csv:200 exp-,True,std,False,False,True,4
exp-std/runs/20261003-122355-v46-std-adaln4-top10-p0.4,exp-std/runs,exp-std__runs__20261003-122355-v46-std-adaln4-top10-p0.4,v46-std-adaln4-top10-p0.4,exp-std/runs/20261003-122355-v46-std-adaln4-top10-p0.4/resolved_config.json,True,2,22500,2,20000,22500,0.52743,22500,0.52743,,,0.526912,,,,,,,DiT-2Cond-S/2,384,47500,flow,exp-std/data/shards_std_w7,True,,,0.0,,True,,,35130,,4,False,,,exp-std/csv/callig_script_id_map_top10.json,,False,8,0.0,,,,,0,,,,eval200:exp-std/csv/eval200.csv:200,exp-std/csv/eval200.csv,,,,,,,,2e-05,,0.999,shards_std_w7,,other:eval200:exp-std/csv/eval200.csv:200 exp-,True,std,False,False,True,4
exp-std/runs_5050/20261003-130654-v46-std-adaln4-top10-p0.5,exp-std/runs_5050,exp-std__runs_5050__20261003-130654-v46-std-adaln4-top10-p0.5,v46-std-adaln4-top10-p0.5,exp-std/runs_5050/20261003-130654-v46-std-adaln4-top10-p0.5/resolved_config.json,True,0,,0,,,,,,,,,,,,,,,DiT-2Cond-S/2,384,80000,flow,exp-std/data/shards_std_w7,True,exp-std/data/shards_std_w7,,0.0,,True,,,35130,,4,False,,,exp-std/csv/callig_script_id_map_top10.json,,False,8,0.0,,,,,0,,,,eval200:exp-std/csv/eval200.csv:200,exp-std/csv/eval200.csv,,,,,,,,5e-05,,0.999,shards_std_w7,,other:eval200:exp-std/csv/eval200.csv:200 exp-,True,std,False,False,True,4
exp-std/runs_5050/20261003-130820-v46-std-adaln4-top10-p0.5,exp-std/runs_5050,exp-std__runs_5050__20261003-130820-v46-std-adaln4-top10-p0.5,v46-std-adaln4-top10-p0.5,exp-std/runs_5050/20261003-130820-v46-std-adaln4-top10-p0.5/resolved_config.json,True,16,40000,15,2500,37500,0.53512,37500,0.53512,0.523156,0.526238,0.530737,0.533843,,,,,,DiT-2Cond-S/2,384,80000,flow,exp-std/data/shards_std_w7,True,exp-std/data/shards_std_w7,,0.0,,True,,,35130,,4,False,,,exp-std/csv/callig_script_id_map_top10.json,,False,8,0.0,,,,,0,,,,eval200:exp-std/csv/eval200.csv:200,exp-std/csv/eval200.csv,,,,,,,,5e-05,,0.999,shards_std_w7,,other:eval200:exp-std/csv/eval200.csv:200 exp-,True,std,False,False,True,4
exp-std/runs_AB/20261003-212348-v50-A-space-xattn-style-adaln-top10,exp-std/runs_AB,exp-std__runs_AB__20261003-212348-v50-A-space-xattn-style-adaln-top10,v50-A-space-xattn-style-adaln-top10,exp-std/runs_AB/20261003-212348-v50-A-space-xattn-style-adaln-top10/resolved_config.json,True,0,,0,,,,,,,,,,,,,,,DiT-2Cond-Sp/2,128,100000,flow,exp-std/data/shards_std_w7,True,exp-std/data/shards_std_w7_fixed_eval200,,0.0,,True,,,35130,,12,False,,,exp-std/csv/callig_script_id_map_top10.json,,False,8,0.03,data/dino_cache/top10_v1,,,,0,,,,"eval200fix:exp-std/csv/eval200_fixed.csv:187,seen:exp-std/csv/seen20.csv:20",exp-std/csv/eval200_fixed.csv,,,,,,,,5e-05,,0.999,shards_std_w7,,eval200fix+seen,True,std,False,False,True,12
exp-std/runs_AB/20261003-212654-v50-A-space-xattn-style-adaln-top10,exp-std/runs_AB,exp-std__runs_AB__20261003-212654-v50-A-space-xattn-style-adaln-top10,v50-A-space-xattn-style-adaln-top10,exp-std/runs_AB/20261003-212654-v50-A-space-xattn-style-adaln-top10/resolved_config.json,True,3,15000,3,5000,15000,0.541571,15000,0.541571,0.53045,0.538822,,,,,,,,DiT-2Cond-Sp/2,128,100000,flow,exp-std/data/shards_std_w7,True,exp-std/data/shards_std_w7_fixed_eval200,,0.0,,True,,,35130,,12,False,,,exp-std/csv/callig_script_id_map_top10.json,,False,8,0.03,data/dino_cache/top10_v1,,,,0,,,,"eval200fix:exp-std/csv/eval200_fixed.csv:187,seen:exp-std/csv/seen20.csv:20",exp-std/csv/eval200_fixed.csv,,,,,,,,5e-05,,0.999,shards_std_w7,,eval200fix+seen,True,std,False,False,True,12
exp-std/runs_AB/20261003-224116-v50-A-space-xattn-style-adaln-top10,exp-std/runs_AB,exp-std__runs_AB__20261003-224116-v50-A-space-xattn-style-adaln-top10,v50-A-space-xattn-style-adaln-top10,exp-std/runs_AB/20261003-224116-v50-A-space-xattn-style-adaln-top10/resolved_config.json,True,4,35000,4,20000,35000,0.547142,35000,0.547142,,,0.54577,0.547142,,,,,,DiT-2Cond-Sp/2,128,100000,flow,exp-std/data/shards_std_w7,True,exp-std/data/shards_std_w7_fixed_eval200,,0.0,,True,,,35130,,12,False,,,exp-std/csv/callig_script_id_map_top10.json,,False,8,0.03,data/dino_cache/top10_v1,,,,0,,,,"eval200fix:exp-std/csv/eval200_fixed.csv:187,seen:exp-std/csv/seen20.csv:20",exp-std/csv/eval200_fixed.csv,,,,,,,,5e-05,,0.999,shards_std_w7,,eval200fix+seen,True,std,False,False,True,12
exp-std/runs_AB/20261004-000014-v50-A-space-xattn-style-adaln-top10,exp-std/runs_AB,exp-std__runs_AB__20261004-000014-v50-A-space-xattn-style-adaln-top10,v50-A-space-xattn-style-adaln-top10,exp-std/runs_AB/20261004-000014-v50-A-space-xattn-style-adaln-top10/resolved_config.json,True,4,55000,4,40000,55000,0.555321,55000,0.555321,,,,,0.554578,,,,,DiT-2Cond-Sp/2,128,100000,flow,exp-std/data/shards_std_w7,True,exp-std/data/shards_std_w7_fixed_eval200,,0.0,,True,,,35130,,12,False,,,exp-std/csv/callig_script_id_map_top10.json,,False,8,0.03,data/dino_cache/top10_v1,,,,0,,,,"eval200fix:exp-std/csv/eval200_fixed.csv:187,seen:exp-std/csv/seen20.csv:20",exp-std/csv/eval200_fixed.csv,,,,,,,,5e-05,,0.999,shards_std_w7,,eval200fix+seen,True,std,False,False,True,12
exp-std/runs_AB/20261004-020036-v52-char-supcon-table,exp-std/runs_AB,exp-std__runs_AB__20261004-020036-v52-char-supcon-table,v52-char-supcon-table,exp-std/runs_AB/20261004-020036-v52-char-supcon-table/resolved_config.json,True,0,,0,,,,,,,,,,,,,,,DiT-2Cond-Sp/2,128,100000,flow,exp-std/data/shards_std_w7,True,exp-std/data/shards_std_w7_fixed_eval200,,0.0,,False,assets/char_script_supcon_table.npy,assets/char_script_supcon_index.json,56831,,12,False,,,exp-std/csv/callig_script_id_map_top10.json,,True,8,0.03,data/dino_cache/top10_v1,,,,0,,,,"eval200fix:exp-std/csv/eval200_fixed.csv:187,seen:exp-std/csv/seen20.csv:20",exp-std/csv/eval200_fixed.csv,,,,,,,,5e-05,,0.999,shards_std_w7,,eval200fix+seen,True,std,True,True,True,12
exp-std/runs_AB/20261004-021822-v52-noskel-callig-char,exp-std/runs_AB,exp-std__runs_AB__20261004-021822-v52-noskel-callig-char,v52-noskel-callig-char,exp-std/runs_AB/20261004-021822-v52-noskel-callig-char/resolved_config.json,True,0,,0,,,,,,,,,,,,,,,DiT-2Cond-Sp/2,128,100000,flow,,False,,,0.0,,False,assets/char_script_supcon_table.npy,assets/char_script_supcon_index.json,56831,,0,False,,,exp-std/csv/callig_script_id_map_top10.json,,True,8,0.03,data/dino_cache/top10_v1,,,,0,,,,"eval200fix:exp-std/csv/eval200_fixed.csv:187,seen:exp-std/csv/seen20.csv:20",exp-std/csv/eval200_fixed.csv,,,,,,,,5e-05,,0.999,,,eval200fix+seen,False,-,True,True,True,0
exp-std/runs_AB/20261004-023155-v52-noskel-callig-char,exp-std/runs_AB,exp-std__runs_AB__20261004-023155-v52-noskel-callig-char,v52-noskel-callig-char,exp-std/runs_AB/20261004-023155-v52-noskel-callig-char/resolved_config.json,True,0,,0,,,,,,,,,,,,,,,DiT-2Cond-Sp/2,192,100000,flow,,False,,,0.0,,False,assets/char_script_supcon_table.npy,assets/char_script_supcon_index.json,56831,,0,False,,,exp-std/csv/callig_script_id_map_top10.json,,True,8,0.03,data/dino_cache/top10_v1,,,,0,,,,"eval200fix:exp-std/csv/eval200_fixed.csv:187,seen:exp-std/csv/seen20.csv:20",exp-std/csv/eval200_fixed.csv,,,,,,,,5e-05,,0.999,,,eval200fix+seen,False,-,True,True,True,0
exp-std/runs_AB/20261004-025201-v52-noskel-callig-char,exp-std/runs_AB,exp-std__runs_AB__20261004-025201-v52-noskel-callig-char,v52-noskel-callig-char,exp-std/runs_AB/20261004-025201-v52-noskel-callig-char/resolved_config.json,True,0,,0,,,,,,,,,,,,,,,DiT-2Cond-Sp/2,192,100000,flow,,False,,,0.0,,False,assets/char_script_supcon_table.npy,assets/char_script_supcon_index.json,56831,,0,False,,,exp-std/csv/callig_script_id_map_top10.json,,True,8,0.03,data/dino_cache/top10_v1,,,,0,,,,"eval200fix:exp-std/csv/eval200_fixed.csv:187,seen:exp-std/csv/seen20.csv:20",exp-std/csv/eval200_fixed.csv,,,,,,,,5e-05,,0.999,,,eval200fix+seen,False,-,True,True,True,0
exp-std/runs_AB/20261004-025959-v52-noskel-callig-char,exp-std/runs_AB,exp-std__runs_AB__20261004-025959-v52-noskel-callig-char,v52-noskel-callig-char,exp-std/runs_AB/20261004-025959-v52-noskel-callig-char/resolved_config.json,True,0,,0,,,,,,,,,,,,,,,DiT-2Cond-Sp/2,192,100000,flow,,False,,,0.0,,False,assets/char_script_supcon_table.npy,assets/char_script_supcon_index.json,56831,,0,False,,,exp-std/csv/callig_script_id_map_top10.json,,True,8,0.03,data/dino_cache/top10_v1,,,,0,,,,"eval200fix:exp-std/csv/eval200_fixed.csv:187,seen:exp-std/csv/seen20.csv:20",exp-std/csv/eval200_fixed.csv,,,,,,,,5e-05,,0.999,,,eval200fix+seen,False,-,True,True,True,0
exp-std/runs_AB/20261004-030156-v52-noskel-callig-char,exp-std/runs_AB,exp-std__runs_AB__20261004-030156-v52-noskel-callig-char,v52-noskel-callig-char,exp-std/runs_AB/20261004-030156-v52-noskel-callig-char/resolved_config.json,True,20,100000,20,5000,100000,0.582674,100000,0.582674,0.487297,0.499119,0.525041,0.537924,0.554453,0.565144,0.576335,0.582674,,DiT-2Cond-Sp/2,256,100000,flow,,False,,,0.0,,False,assets/char_script_supcon_table.npy,assets/char_script_supcon_index.json,56831,,0,False,,,exp-std/csv/callig_script_id_map_top10.json,,True,8,0.03,data/dino_cache/top10_v1,,,,0,,,,"eval200fix:exp-std/csv/eval200_fixed.csv:187,seen:exp-std/csv/seen20.csv:20",exp-std/csv/eval200_fixed.csv,,,,,,,,5e-05,,0.999,,,eval200fix+seen,False,-,True,True,True,0
exp-std/runs_AB/20261004-121031-v52-noskel-callig-char,exp-std/runs_AB,exp-std__runs_AB__20261004-121031-v52-noskel-callig-char,v52-noskel-callig-char,exp-std/runs_AB/20261004-121031-v52-noskel-callig-char/resolved_config.json,True,2,10000,2,5000,10000,0.580543,10000,0.580543,0.577168,0.580543,,,,,,,,DiT-2Cond-Sp/2,256,150000,flow,,False,,,0.0,,False,assets/char_script_supcon_table.npy,assets/char_script_supcon_index.json,56831,,0,False,,,exp-std/csv/callig_script_id_map_top10.json,,True,8,0.03,data/dino_cache/top10_v1,,,,0,,,,"eval200fix:exp-std/csv/eval200_fixed.csv:187,seen:exp-std/csv/seen20.csv:20",exp-std/csv/eval200_fixed.csv,,,,,,,,5e-05,,0.999,,,eval200fix+seen,False,-,True,True,True,0
exp-std/runs_AB/20261004-133045-v53-triple-tables-noskel,exp-std/runs_AB,exp-std__runs_AB__20261004-133045-v53-triple-tables-noskel,v53-triple-tables-noskel,exp-std/runs_AB/20261004-133045-v53-triple-tables-noskel/resolved_config.json,True,12,60000,1,5000,5000,0.510572,5000,0.510572,0.510572,,,,,,,,,DiT-2Cond-Sp/2,256,100000,flow,,False,,,0.0,,False,,,4690,True,0,False,,,,,False,8,0.03,data/dino_cache/top10_v1,,,,0,,,,"eval200fix:exp-std/csv/eval200_fixed.csv:187,seen:exp-std/csv/seen20.csv:20",exp-std/csv/eval200_fixed.csv,,,,,,,,5e-05,,0.999,,,eval200fix+seen,False,-,False,True,False,0
exp-std/runs_AB/20261004-185947-v53-triple-tables-noskel,exp-std/runs_AB,exp-std__runs_AB__20261004-185947-v53-triple-tables-noskel,v53-triple-tables-noskel,exp-std/runs_AB/20261004-185947-v53-triple-tables-noskel/resolved_config.json,True,8,100000,8,65000,100000,0.587522,100000,0.587522,,,,,,0.580097,0.584508,0.587522,,DiT-2Cond-Sp/2,256,100000,flow,,False,,,0.0,,False,,,4690,True,0,False,,,,,False,8,0.03,data/dino_cache/top10_v1,,,,0,,,,"eval200fix:exp-std/csv/eval200_fixed.csv:187,seen:exp-std/csv/seen20.csv:20",exp-std/csv/eval200_fixed.csv,,,,,,,,5e-05,,0.999,,,eval200fix+seen,False,-,False,True,False,0
exp-std/runs_AB/20261004-230616-v54-minimal-tables-S-noskel-freeze,exp-std/runs_AB,exp-std__runs_AB__20261004-230616-v54-minimal-tables-S-noskel-freeze,v54-minimal-tables-S-noskel-freeze,exp-std/runs_AB/20261004-230616-v54-minimal-tables-S-noskel-freeze/resolved_config.json,True,0,,0,,,,,,,,,,,,,,,DiT-2Cond-S/2,256,150000,flow,,False,,,0.0,,False,,,4690,True,0,False,,,,,False,8,0.03,data/dino_cache/top10_v1,,,,0,,,,"eval200fix:exp-std/csv/eval200_fixed.csv:187,seen:exp-std/csv/seen20.csv:20",exp-std/csv/eval200_fixed.csv,,,,,,,,5e-05,,0.999,,,eval200fix+seen,False,-,False,True,False,0
exp-std/runs_AB/20261004-231648-v54-minimal-tables-S-noskel-freeze,exp-std/runs_AB,exp-std__runs_AB__20261004-231648-v54-minimal-tables-S-noskel-freeze,v54-minimal-tables-S-noskel-freeze,exp-std/runs_AB/20261004-231648-v54-minimal-tables-S-noskel-freeze/resolved_config.json,True,1,5000,0,,,,,,,,,,,,,,,DiT-2Cond-S/2,384,150000,flow,,False,,,0.0,,False,,,4690,True,0,False,,,,,False,8,0.03,data/dino_cache/top10_v1,,,,0,,,,"eval200fix:exp-std/csv/eval200_fixed.csv:187,seen:exp-std/csv/seen20.csv:20",exp-std/csv/eval200_fixed.csv,,,,,,,,5e-05,,0.999,,,eval200fix+seen,False,-,False,True,False,0
exp-std/runs_branch/20261003-202948-v49branch-A_adaln_cont,exp-std/runs_branch,exp-std__runs_branch__20261003-202948-v49branch-A_adaln_cont,v49branch-A_adaln_cont,exp-std/runs_branch/20261003-202948-v49branch-A_adaln_cont/resolved_config.json,True,0,,0,,,,,,,,,,,,,,,DiT-2Cond-Sp/2,128,43000,flow,exp-std/data/shards_std_w7,True,exp-std/data/shards_std_w7_fixed_eval200,,0.0,,True,,,35130,,12,False,,,exp-std/csv/callig_script_id_map_top10.json,,False,8,0.03,data/dino_cache/top10_v1,,,,0,,,,"eval200fix:exp-std/csv/eval200_fixed.csv:187,seen:exp-std/csv/seen20.csv:20",exp-std/csv/eval200_fixed.csv,,,,,,,,5e-05,,0.999,shards_std_w7,,eval200fix+seen,True,std,False,False,True,12
exp-std/runs_branch/20261003-203240-v49branch-A_xattn_cont,exp-std/runs_branch,exp-std__runs_branch__20261003-203240-v49branch-A_xattn_cont,v49branch-A_xattn_cont,exp-std/runs_branch/20261003-203240-v49branch-A_xattn_cont/resolved_config.json,True,0,,0,,,,,,,,,,,,,,,DiT-2Cond-Sp/2,128,43000,flow,exp-std/data/shards_std_w7,True,exp-std/data/shards_std_w7_fixed_eval200,,0.0,,True,,,35130,,12,False,,,exp-std/csv/callig_script_id_map_top10.json,,False,8,0.03,data/dino_cache/top10_v1,,,,0,,,,"eval200fix:exp-std/csv/eval200_fixed.csv:187,seen:exp-std/csv/seen20.csv:20",exp-std/csv/eval200_fixed.csv,,,,,,,,5e-05,,0.999,shards_std_w7,,eval200fix+seen,True,std,False,False,True,12
exp-std/runs_purestd/20261003-160410-v46-std-adaln4-top10-p1.0,exp-std/runs_purestd,exp-std__runs_purestd__20261003-160410-v46-std-adaln4-top10-p1.0,v46-std-adaln4-top10-p1.0,exp-std/runs_purestd/20261003-160410-v46-std-adaln4-top10-p1.0/resolved_config.json,True,1,2500,0,,,,,,,,,,,,,,,DiT-2Cond-Sp/2,128,80000,flow,exp-std/data/shards_std_w7,True,exp-std/data/shards_std_w7_fixed_eval200,,0.0,,True,,,35130,,12,False,,,exp-std/csv/callig_script_id_map_top10.json,,False,8,0.0,,,,,0,,,,eval200fix:exp-std/csv/eval200_fixed.csv:187,exp-std/csv/eval200_fixed.csv,,,,,,,,5e-05,,0.999,shards_std_w7,,eval200fix+seen,True,std,False,False,True,12
exp-std/runs_purestd/20261003-162006-v46-std-adaln4-top10-p1.0,exp-std/runs_purestd,exp-std__runs_purestd__20261003-162006-v46-std-adaln4-top10-p1.0,v46-std-adaln4-top10-p1.0,exp-std/runs_purestd/20261003-162006-v46-std-adaln4-top10-p1.0/resolved_config.json,True,1,2500,0,,,,,,,,,,,,,,,DiT-2Cond-Sp/2,128,80000,flow,exp-std/data/shards_std_w7,True,exp-std/data/shards_std_w7_fixed_eval200,,0.0,,True,,,35130,,12,False,,,exp-std/csv/callig_script_id_map_top10.json,,False,8,0.03,data/dino_cache/top10_v1,,,,0,,,,eval200fix:exp-std/csv/eval200_fixed.csv:187,exp-std/csv/eval200_fixed.csv,,,,,,,,5e-05,,0.999,shards_std_w7,,eval200fix+seen,True,std,False,False,True,12
exp-std/runs_purestd/20261003-163412-v46-std-adaln4-top10-p1.0,exp-std/runs_purestd,exp-std__runs_purestd__20261003-163412-v46-std-adaln4-top10-p1.0,v46-std-adaln4-top10-p1.0,exp-std/runs_purestd/20261003-163412-v46-std-adaln4-top10-p1.0/resolved_config.json,True,10,25000,10,2500,25000,0.548474,25000,0.548474,0.531794,0.539928,0.546529,,,,,,,DiT-2Cond-Sp/2,128,80000,flow,exp-std/data/shards_std_w7,True,exp-std/data/shards_std_w7_fixed_eval200,,0.0,,True,,,35130,,12,False,,,exp-std/csv/callig_script_id_map_top10.json,,False,8,0.03,data/dino_cache/top10_v1,,,,0,,,,eval200fix:exp-std/csv/eval200_fixed.csv:187,exp-std/csv/eval200_fixed.csv,,,,,,,,5e-05,,0.999,shards_std_w7,,eval200fix+seen,True,std,False,False,True,12
exp-std/runs_purestd/20261003-182222-v46-std-adaln4-top10-p1.0,exp-std/runs_purestd,exp-std__runs_purestd__20261003-182222-v46-std-adaln4-top10-p1.0,v46-std-adaln4-top10-p1.0,exp-std/runs_purestd/20261003-182222-v46-std-adaln4-top10-p1.0/resolved_config.json,True,5,37500,5,27500,37500,0.551602,35000,0.549186,,,,0.551602,,,,,,DiT-2Cond-Sp/2,128,80000,flow,exp-std/data/shards_std_w7,True,exp-std/data/shards_std_w7_fixed_eval200,,0.0,,True,,,35130,,12,False,,,exp-std/csv/callig_script_id_map_top10.json,,False,8,0.03,data/dino_cache/top10_v1,,,,0,,,,eval200fix:exp-std/csv/eval200_fixed.csv:187,exp-std/csv/eval200_fixed.csv,,,,,,,,4e-05,,0.999,shards_std_w7,,eval200fix+seen,True,std,False,False,True,12
exp-std/runs_smoke/20261003-211720-smoke_A,exp-std/runs_smoke,exp-std__runs_smoke__20261003-211720-smoke_A,smoke_A,exp-std/runs_smoke/20261003-211720-smoke_A/resolved_config.json,True,0,,0,,,,,,,,,,,,,,,DiT-2Cond-Sp/2,32,40,flow,exp-std/data/shards_std_w7,True,exp-std/data/shards_std_w7_fixed_eval200,,0.0,,True,,,35130,,12,False,,,exp-std/csv/callig_script_id_map_top10.json,,False,8,0.03,data/dino_cache/top10_v1,,,,0,,,,"eval200fix:exp-std/csv/eval200_fixed.csv:187,seen:exp-std/csv/seen20.csv:20",exp-std/csv/eval200_fixed.csv,,,,,,,,5e-05,,0.999,shards_std_w7,,eval200fix+seen,True,std,False,False,True,12
exp-std/runs_smoke/20261003-212024-smoke_B,exp-std/runs_smoke,exp-std__runs_smoke__20261003-212024-smoke_B,smoke_B,exp-std/runs_smoke/20261003-212024-smoke_B/resolved_config.json,True,0,,0,,,,,,,,,,,,,,,DiT-2Cond-Sp/2,32,40,flow,exp-std/data/shards_std_w7,True,exp-std/data/shards_std_w7_fixed_eval200,,0.0,,True,,,35130,,12,False,,,exp-std/csv/callig_script_id_map_top10.json,,False,8,0.03,data/dino_cache/top10_v1,,,,0,,,,"eval200fix:exp-std/csv/eval200_fixed.csv:187,seen:exp-std/csv/seen20.csv:20",exp-std/csv/eval200_fixed.csv,,,,,,,,5e-05,,0.999,shards_std_w7,,eval200fix+seen,True,std,False,False,True,12
exp-std/runs_smoke/20261003-212242-smoke_B2,exp-std/runs_smoke,exp-std__runs_smoke__20261003-212242-smoke_B2,smoke_B2,exp-std/runs_smoke/20261003-212242-smoke_B2/resolved_config.json,True,0,,0,,,,,,,,,,,,,,,DiT-2Cond-Sp/2,32,40,flow,exp-std/data/shards_std_w7,True,exp-std/data/shards_std_w7_fixed_eval200,,0.0,,True,,,35130,,12,False,,,exp-std/csv/callig_script_id_map_top10.json,,False,8,0.03,data/dino_cache/top10_v1,,,,0,,,,"eval200fix:exp-std/csv/eval200_fixed.csv:187,seen:exp-std/csv/seen20.csv:20",exp-std/csv/eval200_fixed.csv,,,,,,,,5e-05,,0.999,shards_std_w7,,eval200fix+seen,True,std,False,False,True,12
exp-std/runs_smoke/20261003-222554-smoke_A192,exp-std/runs_smoke,exp-std__runs_smoke__20261003-222554-smoke_A192,smoke_A192,exp-std/runs_smoke/20261003-222554-smoke_A192/resolved_config.json,True,0,,0,,,,,,,,,,,,,,,DiT-2Cond-Sp/2,192,60,flow,exp-std/data/shards_std_w7,True,exp-std/data/shards_std_w7_fixed_eval200,,0.0,,True,,,35130,,12,False,,,exp-std/csv/callig_script_id_map_top10.json,,False,8,0.03,data/dino_cache/top10_v1,,,,0,,,,"eval200fix:exp-std/csv/eval200_fixed.csv:187,seen:exp-std/csv/seen20.csv:20",exp-std/csv/eval200_fixed.csv,,,,,,,,7.5e-05,,0.999,shards_std_w7,,eval200fix+seen,True,std,False,False,True,12
exp-std/runs_smoke/20261003-222823-smoke_A192ckpt,exp-std/runs_smoke,exp-std__runs_smoke__20261003-222823-smoke_A192ckpt,smoke_A192ckpt,exp-std/runs_smoke/20261003-222823-smoke_A192ckpt/resolved_config.json,True,0,,0,,,,,,,,,,,,,,,DiT-2Cond-Sp/2,192,60,flow,exp-std/data/shards_std_w7,True,exp-std/data/shards_std_w7_fixed_eval200,,0.0,,True,,,35130,,12,False,,,exp-std/csv/callig_script_id_map_top10.json,,False,8,0.03,data/dino_cache/top10_v1,,,,0,,,,"eval200fix:exp-std/csv/eval200_fixed.csv:187,seen:exp-std/csv/seen20.csv:20",exp-std/csv/eval200_fixed.csv,,,,,,,,7.5e-05,,0.999,shards_std_w7,,eval200fix+seen,True,std,False,False,True,12
exp-std/runs_smoke/20261003-223226-smoke_A160,exp-std/runs_smoke,exp-std__runs_smoke__20261003-223226-smoke_A160,smoke_A160,exp-std/runs_smoke/20261003-223226-smoke_A160/resolved_config.json,True,0,,0,,,,,,,,,,,,,,,DiT-2Cond-Sp/2,160,60,flow,exp-std/data/shards_std_w7,True,exp-std/data/shards_std_w7_fixed_eval200,,0.0,,True,,,35130,,12,False,,,exp-std/csv/callig_script_id_map_top10.json,,False,8,0.03,data/dino_cache/top10_v1,,,,0,,,,"eval200fix:exp-std/csv/eval200_fixed.csv:187,seen:exp-std/csv/seen20.csv:20",exp-std/csv/eval200_fixed.csv,,,,,,,,5e-05,,0.999,shards_std_w7,,eval200fix+seen,True,std,False,False,True,12
exp-std/runs_smoke/20261003-223447-scan_B144,exp-std/runs_smoke,exp-std__runs_smoke__20261003-223447-scan_B144,scan_B144,exp-std/runs_smoke/20261003-223447-scan_B144/resolved_config.json,True,0,,0,,,,,,,,,,,,,,,DiT-2Cond-Sp/2,144,40,flow,exp-std/data/shards_std_w7,True,exp-std/data/shards_std_w7_fixed_eval200,,0.0,,True,,,35130,,12,False,,,exp-std/csv/callig_script_id_map_top10.json,,False,8,0.03,data/dino_cache/top10_v1,,,,0,,,,"eval200fix:exp-std/csv/eval200_fixed.csv:187,seen:exp-std/csv/seen20.csv:20",exp-std/csv/eval200_fixed.csv,,,,,,,,5e-05,,0.999,shards_std_w7,,eval200fix+seen,True,std,False,False,True,12
exp-std/runs_smoke/20261003-223730-scan_B152,exp-std/runs_smoke,exp-std__runs_smoke__20261003-223730-scan_B152,scan_B152,exp-std/runs_smoke/20261003-223730-scan_B152/resolved_config.json,True,0,,0,,,,,,,,,,,,,,,DiT-2Cond-Sp/2,152,40,flow,exp-std/data/shards_std_w7,True,exp-std/data/shards_std_w7_fixed_eval200,,0.0,,True,,,35130,,12,False,,,exp-std/csv/callig_script_id_map_top10.json,,False,8,0.03,data/dino_cache/top10_v1,,,,0,,,,"eval200fix:exp-std/csv/eval200_fixed.csv:187,seen:exp-std/csv/seen20.csv:20",exp-std/csv/eval200_fixed.csv,,,,,,,,5e-05,,0.999,shards_std_w7,,eval200fix+seen,True,std,False,False,True,12
exp-std/runs_smoke/20261003-235153-cm_default_b192,exp-std/runs_smoke,exp-std__runs_smoke__20261003-235153-cm_default_b192,cm_default_b192,exp-std/runs_smoke/20261003-235153-cm_default_b192/resolved_config.json,True,0,,0,,,,,,,,,,,,,,,DiT-2Cond-Sp/2,192,50,flow,exp-std/data/shards_std_w7,True,exp-std/data/shards_std_w7_fixed_eval200,,0.0,,True,,,35130,,12,False,,,exp-std/csv/callig_script_id_map_top10.json,,False,8,0.03,data/dino_cache/top10_v1,,,,0,,,,"eval200fix:exp-std/csv/eval200_fixed.csv:187,seen:exp-std/csv/seen20.csv:20",exp-std/csv/eval200_fixed.csv,,,,,,,,5e-05,,0.999,shards_std_w7,,eval200fix+seen,True,std,False,False,True,12
exp-std/runs_smoke/20261003-235303-cm_reduce-overhead_b192,exp-std/runs_smoke,exp-std__runs_smoke__20261003-235303-cm_reduce-overhead_b192,cm_reduce-overhead_b192,exp-std/runs_smoke/20261003-235303-cm_reduce-overhead_b192/resolved_config.json,True,0,,0,,,,,,,,,,,,,,,DiT-2Cond-Sp/2,192,50,flow,exp-std/data/shards_std_w7,True,exp-std/data/shards_std_w7_fixed_eval200,,0.0,,True,,,35130,,12,False,,,exp-std/csv/callig_script_id_map_top10.json,,False,8,0.03,data/dino_cache/top10_v1,,,,0,,,,"eval200fix:exp-std/csv/eval200_fixed.csv:187,seen:exp-std/csv/seen20.csv:20",exp-std/csv/eval200_fixed.csv,,,,,,,,5e-05,,0.999,shards_std_w7,,eval200fix+seen,True,std,False,False,True,12
exp-std/runs_smoke/20261003-235443-cm_max-autotune-no-cudagraphs_b192,exp-std/runs_smoke,exp-std__runs_smoke__20261003-235443-cm_max-autotune-no-cudagraphs_b192,cm_max-autotune-no-cudagraphs_b192,exp-std/runs_smoke/20261003-235443-cm_max-autotune-no-cudagraphs_b192/resolved_config.json,True,0,,0,,,,,,,,,,,,,,,DiT-2Cond-Sp/2,192,50,flow,exp-std/data/shards_std_w7,True,exp-std/data/shards_std_w7_fixed_eval200,,0.0,,True,,,35130,,12,False,,,exp-std/csv/callig_script_id_map_top10.json,,False,8,0.03,data/dino_cache/top10_v1,,,,0,,,,"eval200fix:exp-std/csv/eval200_fixed.csv:187,seen:exp-std/csv/seen20.csv:20",exp-std/csv/eval200_fixed.csv,,,,,,,,5e-05,,0.999,shards_std_w7,,eval200fix+seen,True,std,False,False,True,12
exp-std/runs_smoke/20261004-015851-v52-char-supcon-table,exp-std/runs_smoke,exp-std__runs_smoke__20261004-015851-v52-char-supcon-table,v52-char-supcon-table,exp-std/runs_smoke/20261004-015851-v52-char-supcon-table/resolved_config.json,True,0,,0,,,,,,,,,,,,,,,DiT-2Cond-Sp/2,32,40,flow,exp-std/data/shards_std_w7,True,exp-std/data/shards_std_w7_fixed_eval200,,0.0,,False,assets/char_script_supcon_table.npy,assets/char_script_supcon_index.json,56831,,12,False,,,exp-std/csv/callig_script_id_map_top10.json,,True,8,0.03,data/dino_cache/top10_v1,,,,0,,,,"eval200fix:exp-std/csv/eval200_fixed.csv:187,seen:exp-std/csv/seen20.csv:20",exp-std/csv/eval200_fixed.csv,,,,,,,,5e-05,,0.999,shards_std_w7,,eval200fix+seen,True,std,True,True,True,12
exp-std/runs_smoke/20261004-015946-v52-char-supcon-table,exp-std/runs_smoke,exp-std__runs_smoke__20261004-015946-v52-char-supcon-table,v52-char-supcon-table,exp-std/runs_smoke/20261004-015946-v52-char-supcon-table/resolved_config.json,True,0,,0,,,,,,,,,,,,,,,DiT-2Cond-Sp/2,32,40,flow,exp-std/data/shards_std_w7,True,exp-std/data/shards_std_w7_fixed_eval200,,0.0,,False,assets/char_script_supcon_table.npy,assets/char_script_supcon_index.json,56831,,12,False,,,exp-std/csv/callig_script_id_map_top10.json,,True,8,0.03,data/dino_cache/top10_v1,,,,0,,,,"eval200fix:exp-std/csv/eval200_fixed.csv:187,seen:exp-std/csv/seen20.csv:20",exp-std/csv/eval200_fixed.csv,,,,,,,,5e-05,,0.999,shards_std_w7,,eval200fix+seen,True,std,True,True,True,12
exp-std/runs_smoke/20261004-021614-v52-noskel-callig-char,exp-std/runs_smoke,exp-std__runs_smoke__20261004-021614-v52-noskel-callig-char,v52-noskel-callig-char,exp-std/runs_smoke/20261004-021614-v52-noskel-callig-char/resolved_config.json,True,1,40,1,40,40,0.089088,40,0.089088,,,,,,,,,,DiT-2Cond-Sp/2,32,40,flow,,False,,,0.0,,False,assets/char_script_supcon_table.npy,assets/char_script_supcon_index.json,56831,,0,False,,,exp-std/csv/callig_script_id_map_top10.json,,True,8,0.03,data/dino_cache/top10_v1,,,,0,,,,seen:exp-std/csv/seen20.csv:20,exp-std/csv/eval200_fixed.csv,,,,,,,,5e-05,,0.999,,,eval200fix+seen,False,-,True,True,True,0
exp-std/runs_smoke/20261004-021724-v52-noskel-callig-char,exp-std/runs_smoke,exp-std__runs_smoke__20261004-021724-v52-noskel-callig-char,v52-noskel-callig-char,exp-std/runs_smoke/20261004-021724-v52-noskel-callig-char/resolved_config.json,True,1,40,1,40,40,0.089088,40,0.089088,,,,,,,,,,DiT-2Cond-Sp/2,32,40,flow,,False,,,0.0,,False,assets/char_script_supcon_table.npy,assets/char_script_supcon_index.json,56831,,0,False,,,exp-std/csv/callig_script_id_map_top10.json,,True,8,0.03,data/dino_cache/top10_v1,,,,0,,,,seen:exp-std/csv/seen20.csv:20,exp-std/csv/eval200_fixed.csv,,,,,,,,5e-05,,0.999,,,eval200fix+seen,False,-,True,True,True,0
exp-std/runs_smoke/20261004-022559-v52-noskel-callig-char,exp-std/runs_smoke,exp-std__runs_smoke__20261004-022559-v52-noskel-callig-char,v52-noskel-callig-char,exp-std/runs_smoke/20261004-022559-v52-noskel-callig-char/resolved_config.json,True,0,,0,,,,,,,,,,,,,,,DiT-2Cond-Sp/2,256,40,flow,,False,,,0.0,,False,assets/char_script_supcon_table.npy,assets/char_script_supcon_index.json,56831,,0,False,,,exp-std/csv/callig_script_id_map_top10.json,,True,8,0.03,data/dino_cache/top10_v1,,,,0,,,,seen:exp-std/csv/seen20.csv:20,exp-std/csv/eval200_fixed.csv,,,,,,,,5e-05,,0.999,,,eval200fix+seen,False,-,True,True,True,0
exp-std/runs_smoke/20261004-022642-v52-noskel-callig-char,exp-std/runs_smoke,exp-std__runs_smoke__20261004-022642-v52-noskel-callig-char,v52-noskel-callig-char,exp-std/runs_smoke/20261004-022642-v52-noskel-callig-char/resolved_config.json,True,0,,0,,,,,,,,,,,,,,,DiT-2Cond-Sp/2,384,40,flow,,False,,,0.0,,False,assets/char_script_supcon_table.npy,assets/char_script_supcon_index.json,56831,,0,False,,,exp-std/csv/callig_script_id_map_top10.json,,True,8,0.03,data/dino_cache/top10_v1,,,,0,,,,seen:exp-std/csv/seen20.csv:20,exp-std/csv/eval200_fixed.csv,,,,,,,,5e-05,,0.999,,,eval200fix+seen,False,-,True,True,True,0
exp-std/runs_smoke/20261004-022756-v52-noskel-callig-char,exp-std/runs_smoke,exp-std__runs_smoke__20261004-022756-v52-noskel-callig-char,v52-noskel-callig-char,exp-std/runs_smoke/20261004-022756-v52-noskel-callig-char/resolved_config.json,True,0,,0,,,,,,,,,,,,,,,DiT-2Cond-Sp/2,256,40,flow,,False,,,0.0,,False,assets/char_script_supcon_table.npy,assets/char_script_supcon_index.json,56831,,0,False,,,exp-std/csv/callig_script_id_map_top10.json,,True,8,0.03,data/dino_cache/top10_v1,,,,0,,,,seen:exp-std/csv/seen20.csv:20,exp-std/csv/eval200_fixed.csv,,,,,,,,5e-05,,0.999,,,eval200fix+seen,False,-,True,True,True,0
exp-std/runs_smoke/20261004-022839-v52-noskel-callig-char,exp-std/runs_smoke,exp-std__runs_smoke__20261004-022839-v52-noskel-callig-char,v52-noskel-callig-char,exp-std/runs_smoke/20261004-022839-v52-noskel-callig-char/resolved_config.json,True,0,,0,,,,,,,,,,,,,,,DiT-2Cond-Sp/2,384,40,flow,,False,,,0.0,,False,assets/char_script_supcon_table.npy,assets/char_script_supcon_index.json,56831,,0,False,,,exp-std/csv/callig_script_id_map_top10.json,,True,8,0.03,data/dino_cache/top10_v1,,,,0,,,,seen:exp-std/csv/seen20.csv:20,exp-std/csv/eval200_fixed.csv,,,,,,,,5e-05,,0.999,,,eval200fix+seen,False,-,True,True,True,0
exp-std/runs_smoke/20261004-022944-v52-noskel-callig-char,exp-std/runs_smoke,exp-std__runs_smoke__20261004-022944-v52-noskel-callig-char,v52-noskel-callig-char,exp-std/runs_smoke/20261004-022944-v52-noskel-callig-char/resolved_config.json,True,0,,0,,,,,,,,,,,,,,,DiT-2Cond-Sp/2,192,60,flow,,False,,,0.0,,False,assets/char_script_supcon_table.npy,assets/char_script_supcon_index.json,56831,,0,False,,,exp-std/csv/callig_script_id_map_top10.json,,True,8,0.03,data/dino_cache/top10_v1,,,,0,,,,"eval200fix:exp-std/csv/eval200_fixed.csv:187,seen:exp-std/csv/seen20.csv:20",exp-std/csv/eval200_fixed.csv,,,,,,,,5e-05,,0.999,,,eval200fix+seen,False,-,True,True,True,0
exp-std/runs_smoke/20261004-023031-v52-noskel-callig-char,exp-std/runs_smoke,exp-std__runs_smoke__20261004-023031-v52-noskel-callig-char,v52-noskel-callig-char,exp-std/runs_smoke/20261004-023031-v52-noskel-callig-char/resolved_config.json,True,0,,0,,,,,,,,,,,,,,,DiT-2Cond-Sp/2,256,60,flow,,False,,,0.0,,False,assets/char_script_supcon_table.npy,assets/char_script_supcon_index.json,56831,,0,False,,,exp-std/csv/callig_script_id_map_top10.json,,True,8,0.03,data/dino_cache/top10_v1,,,,0,,,,"eval200fix:exp-std/csv/eval200_fixed.csv:187,seen:exp-std/csv/seen20.csv:20",exp-std/csv/eval200_fixed.csv,,,,,,,,5e-05,,0.999,,,eval200fix+seen,False,-,True,True,True,0
exp-std/runs_smoke/20261004-023057-v52-noskel-callig-char,exp-std/runs_smoke,exp-std__runs_smoke__20261004-023057-v52-noskel-callig-char,v52-noskel-callig-char,exp-std/runs_smoke/20261004-023057-v52-noskel-callig-char/resolved_config.json,True,1,40,1,40,40,0.089088,40,0.089088,,,,,,,,,,DiT-2Cond-Sp/2,32,40,flow,,False,,,0.0,,False,assets/char_script_supcon_table.npy,assets/char_script_supcon_index.json,56831,,0,False,,,exp-std/csv/callig_script_id_map_top10.json,,True,8,0.03,data/dino_cache/top10_v1,,,,0,,,,seen:exp-std/csv/seen20.csv:20,exp-std/csv/eval200_fixed.csv,,,,,,,,5e-05,,0.999,,,eval200fix+seen,False,-,True,True,True,0
exp-std/runs_smoke/20261004-023717-v52-noskel-callig-char,exp-std/runs_smoke,exp-std__runs_smoke__20261004-023717-v52-noskel-callig-char,v52-noskel-callig-char,exp-std/runs_smoke/20261004-023717-v52-noskel-callig-char/resolved_config.json,True,0,,0,,,,,,,,,,,,,,,DiT-2Cond-Sp/2,192,400,flow,,False,,,0.0,,False,assets/char_script_supcon_table.npy,assets/char_script_supcon_index.json,56831,,0,False,,,exp-std/csv/callig_script_id_map_top10.json,,True,8,0.03,data/dino_cache/top10_v1,,,,0,,,,"eval200fix:exp-std/csv/eval200_fixed.csv:187,seen:exp-std/csv/seen20.csv:20",exp-std/csv/eval200_fixed.csv,,,,,,,,5e-05,,0.999,,,eval200fix+seen,False,-,True,True,True,0
exp-std/runs_smoke/20261004-023923-v52-noskel-callig-char,exp-std/runs_smoke,exp-std__runs_smoke__20261004-023923-v52-noskel-callig-char,v52-noskel-callig-char,exp-std/runs_smoke/20261004-023923-v52-noskel-callig-char/resolved_config.json,True,0,,0,,,,,,,,,,,,,,,DiT-2Cond-Sp/2,192,400,flow,,False,,,0.0,,False,assets/char_script_supcon_table.npy,assets/char_script_supcon_index.json,56831,,0,False,,,exp-std/csv/callig_script_id_map_top10.json,,True,8,0.03,data/dino_cache/top10_v1,,,,0,,,,"eval200fix:exp-std/csv/eval200_fixed.csv:187,seen:exp-std/csv/seen20.csv:20",exp-std/csv/eval200_fixed.csv,,,,,,,,5e-05,,0.999,,,eval200fix+seen,False,-,True,True,True,0
exp-std/runs_smoke/20261004-024010-v52-noskel-callig-char,exp-std/runs_smoke,exp-std__runs_smoke__20261004-024010-v52-noskel-callig-char,v52-noskel-callig-char,exp-std/runs_smoke/20261004-024010-v52-noskel-callig-char/resolved_config.json,True,0,,0,,,,,,,,,,,,,,,DiT-2Cond-Sp/2,160,400,flow,,False,,,0.0,,False,assets/char_script_supcon_table.npy,assets/char_script_supcon_index.json,56831,,0,False,,,exp-std/csv/callig_script_id_map_top10.json,,True,8,0.03,data/dino_cache/top10_v1,,,,0,,,,"eval200fix:exp-std/csv/eval200_fixed.csv:187,seen:exp-std/csv/seen20.csv:20",exp-std/csv/eval200_fixed.csv,,,,,,,,5e-05,,0.999,,,eval200fix+seen,False,-,True,True,True,0
exp-std/runs_smoke/20261004-024318-v52-noskel-callig-char,exp-std/runs_smoke,exp-std__runs_smoke__20261004-024318-v52-noskel-callig-char,v52-noskel-callig-char,exp-std/runs_smoke/20261004-024318-v52-noskel-callig-char/resolved_config.json,True,0,,0,,,,,,,,,,,,,,,DiT-2Cond-Sp/2,192,300,flow,,False,,,0.0,,False,assets/char_script_supcon_table.npy,assets/char_script_supcon_index.json,56831,,0,False,,,exp-std/csv/callig_script_id_map_top10.json,,True,8,0.03,data/dino_cache/top10_v1,,,,0,,,,"eval200fix:exp-std/csv/eval200_fixed.csv:187,seen:exp-std/csv/seen20.csv:20",exp-std/csv/eval200_fixed.csv,,,,,,,,5e-05,,0.999,,,eval200fix+seen,False,-,True,True,True,0
exp-std/runs_smoke/20261004-024750-v52-noskel-callig-char,exp-std/runs_smoke,exp-std__runs_smoke__20261004-024750-v52-noskel-callig-char,v52-noskel-callig-char,exp-std/runs_smoke/20261004-024750-v52-noskel-callig-char/resolved_config.json,True,1,500,0,,,,,,,,,,,,,,,DiT-2Cond-Sp/2,192,500,flow,,False,,,0.0,,False,assets/char_script_supcon_table.npy,assets/char_script_supcon_index.json,56831,,0,False,,,exp-std/csv/callig_script_id_map_top10.json,,True,8,0.03,data/dino_cache/top10_v1,,,,0,,,,"eval200fix:exp-std/csv/eval200_fixed.csv:187,seen:exp-std/csv/seen20.csv:20",exp-std/csv/eval200_fixed.csv,,,,,,,,5e-05,,0.999,,,eval200fix+seen,False,-,True,True,True,0
exp-std/runs_smoke/20261004-025103-v52-noskel-callig-char,exp-std/runs_smoke,exp-std__runs_smoke__20261004-025103-v52-noskel-callig-char,v52-noskel-callig-char,exp-std/runs_smoke/20261004-025103-v52-noskel-callig-char/resolved_config.json,True,1,40,1,40,40,0.089085,40,0.089085,,,,,,,,,,DiT-2Cond-Sp/2,32,40,flow,,False,,,0.0,,False,assets/char_script_supcon_table.npy,assets/char_script_supcon_index.json,56831,,0,False,,,exp-std/csv/callig_script_id_map_top10.json,,True,8,0.03,data/dino_cache/top10_v1,,,,0,,,,seen:exp-std/csv/seen20.csv:20,exp-std/csv/eval200_fixed.csv,,,,,,,,5e-05,,0.999,,,eval200fix+seen,False,-,True,True,True,0
exp-std/runs_smoke/20261004-025901-v52-noskel-callig-char,exp-std/runs_smoke,exp-std__runs_smoke__20261004-025901-v52-noskel-callig-char,v52-noskel-callig-char,exp-std/runs_smoke/20261004-025901-v52-noskel-callig-char/resolved_config.json,True,1,40,1,40,40,0.089085,40,0.089085,,,,,,,,,,DiT-2Cond-Sp/2,32,40,flow,,False,,,0.0,,False,assets/char_script_supcon_table.npy,assets/char_script_supcon_index.json,56831,,0,False,,,exp-std/csv/callig_script_id_map_top10.json,,True,8,0.03,data/dino_cache/top10_v1,,,,0,,,,seen:exp-std/csv/seen20.csv:20,exp-std/csv/eval200_fixed.csv,,,,,,,,5e-05,,0.999,,,eval200fix+seen,False,-,True,True,True,0
exp-std/runs_smoke/20261004-030057-v52-noskel-callig-char,exp-std/runs_smoke,exp-std__runs_smoke__20261004-030057-v52-noskel-callig-char,v52-noskel-callig-char,exp-std/runs_smoke/20261004-030057-v52-noskel-callig-char/resolved_config.json,True,1,40,1,40,40,0.089085,40,0.089085,,,,,,,,,,DiT-2Cond-Sp/2,32,40,flow,,False,,,0.0,,False,assets/char_script_supcon_table.npy,assets/char_script_supcon_index.json,56831,,0,False,,,exp-std/csv/callig_script_id_map_top10.json,,True,8,0.03,data/dino_cache/top10_v1,,,,0,,,,seen:exp-std/csv/seen20.csv:20,exp-std/csv/eval200_fixed.csv,,,,,,,,5e-05,,0.999,,,eval200fix+seen,False,-,True,True,True,0
exp-std/runs_smoke/20261004-120933-v52-noskel-callig-char,exp-std/runs_smoke,exp-std__runs_smoke__20261004-120933-v52-noskel-callig-char,v52-noskel-callig-char,exp-std/runs_smoke/20261004-120933-v52-noskel-callig-char/resolved_config.json,True,1,40,1,40,40,0.089085,40,0.089085,,,,,,,,,,DiT-2Cond-Sp/2,32,40,flow,,False,,,0.0,,False,assets/char_script_supcon_table.npy,assets/char_script_supcon_index.json,56831,,0,False,,,exp-std/csv/callig_script_id_map_top10.json,,True,8,0.03,data/dino_cache/top10_v1,,,,0,,,,seen:exp-std/csv/seen20.csv:20,exp-std/csv/eval200_fixed.csv,,,,,,,,5e-05,,0.999,,,eval200fix+seen,False,-,True,True,True,0
exp-std/runs_smoke/20261004-125450-v53-triple-tables-noskel,exp-std/runs_smoke,exp-std__runs_smoke__20261004-125450-v53-triple-tables-noskel,v53-triple-tables-noskel,exp-std/runs_smoke/20261004-125450-v53-triple-tables-noskel/resolved_config.json,True,0,,0,,,,,,,,,,,,,,,DiT-2Cond-Sp/2,32,60,flow,,False,,,0.0,,False,,,4690,True,0,False,,,,,False,8,0.03,data/dino_cache/top10_v1,,,,0,,,,"eval200fix:exp-std/csv/eval200_fixed.csv:187,seen:exp-std/csv/seen20.csv:20",exp-std/csv/eval200_fixed.csv,,,,,,,,5e-05,,0.999,,,eval200fix+seen,False,-,False,True,False,0
exp-std/runs_smoke/20261004-125533-v53-triple-tables-noskel,exp-std/runs_smoke,exp-std__runs_smoke__20261004-125533-v53-triple-tables-noskel,v53-triple-tables-noskel,exp-std/runs_smoke/20261004-125533-v53-triple-tables-noskel/resolved_config.json,True,0,,0,,,,,,,,,,,,,,,DiT-2Cond-Sp/2,32,60,flow,,False,,,0.0,,False,,,4690,True,0,False,,,,,False,8,0.03,data/dino_cache/top10_v1,,,,0,,,,"eval200fix:exp-std/csv/eval200_fixed.csv:187,seen:exp-std/csv/seen20.csv:20",exp-std/csv/eval200_fixed.csv,,,,,,,,5e-05,,0.999,,,eval200fix+seen,False,-,False,True,False,0
exp-std/runs_smoke/20261004-125604-v53-triple-tables-noskel,exp-std/runs_smoke,exp-std__runs_smoke__20261004-125604-v53-triple-tables-noskel,v53-triple-tables-noskel,exp-std/runs_smoke/20261004-125604-v53-triple-tables-noskel/resolved_config.json,True,0,,0,,,,,,,,,,,,,,,DiT-2Cond-Sp/2,32,60,flow,,False,,,0.0,,False,,,4690,True,0,False,,,,,False,8,0.03,data/dino_cache/top10_v1,,,,0,,,,"eval200fix:exp-std/csv/eval200_fixed.csv:187,seen:exp-std/csv/seen20.csv:20",exp-std/csv/eval200_fixed.csv,,,,,,,,5e-05,,0.999,,,eval200fix+seen,False,-,False,True,False,0
exp-std/runs_smoke/20261004-125931-v53-triple-tables-noskel,exp-std/runs_smoke,exp-std__runs_smoke__20261004-125931-v53-triple-tables-noskel,v53-triple-tables-noskel,exp-std/runs_smoke/20261004-125931-v53-triple-tables-noskel/resolved_config.json,True,0,,0,,,,,,,,,,,,,,,DiT-2Cond-Sp/2,32,60,flow,,False,,,0.0,,False,,,4690,True,0,False,,,,,False,8,0.03,data/dino_cache/top10_v1,,,,0,,,,"eval200fix:exp-std/csv/eval200_fixed.csv:187,seen:exp-std/csv/seen20.csv:20",exp-std/csv/eval200_fixed.csv,,,,,,,,5e-05,,0.999,,,eval200fix+seen,False,-,False,True,False,0
exp-std/runs_smoke/20261004-130257-v53-triple-tables-noskel,exp-std/runs_smoke,exp-std__runs_smoke__20261004-130257-v53-triple-tables-noskel,v53-triple-tables-noskel,exp-std/runs_smoke/20261004-130257-v53-triple-tables-noskel/resolved_config.json,True,0,,0,,,,,,,,,,,,,,,DiT-2Cond-Sp/2,32,60,flow,,False,,,0.0,,False,,,4690,True,0,False,,,,,False,8,0.03,data/dino_cache/top10_v1,,,,0,,,,"eval200fix:exp-std/csv/eval200_fixed.csv:187,seen:exp-std/csv/seen20.csv:20",exp-std/csv/eval200_fixed.csv,,,,,,,,5e-05,,0.999,,,eval200fix+seen,False,-,False,True,False,0
exp-std/runs_smoke/20261004-131949-v53-triple-tables-noskel,exp-std/runs_smoke,exp-std__runs_smoke__20261004-131949-v53-triple-tables-noskel,v53-triple-tables-noskel,exp-std/runs_smoke/20261004-131949-v53-triple-tables-noskel/resolved_config.json,True,0,,0,,,,,,,,,,,,,,,DiT-2Cond-Sp/2,32,60,flow,,False,,,0.0,,False,,,4690,True,0,False,,,,,False,8,0.03,data/dino_cache/top10_v1,,,,0,,,,"eval200fix:exp-std/csv/eval200_fixed.csv:187,seen:exp-std/csv/seen20.csv:20",exp-std/csv/eval200_fixed.csv,,,,,,,,5e-05,,0.999,,,eval200fix+seen,False,-,False,True,False,0
exp-std/runs_smoke/20261004-132753-v53-triple-tables-noskel,exp-std/runs_smoke,exp-std__runs_smoke__20261004-132753-v53-triple-tables-noskel,v53-triple-tables-noskel,exp-std/runs_smoke/20261004-132753-v53-triple-tables-noskel/resolved_config.json,True,1,60,1,60,60,0.106313,60,0.106313,,,,,,,,,,DiT-2Cond-Sp/2,32,60,flow,,False,,,0.0,,False,,,4690,True,0,False,,,,,False,8,0.03,data/dino_cache/top10_v1,,,,0,,,,seen:exp-std/csv/seen20.csv:20,exp-std/csv/eval200_fixed.csv,,,,,,,,5e-05,,0.999,,,eval200fix+seen,False,-,False,True,False,0
exp-std/runs_smoke/20261004-185726-v53-triple-tables-noskel,exp-std/runs_smoke,exp-std__runs_smoke__20261004-185726-v53-triple-tables-noskel,v53-triple-tables-noskel,exp-std/runs_smoke/20261004-185726-v53-triple-tables-noskel/resolved_config.json,True,0,,0,,,,,,,,,,,,,,,DiT-2Cond-Sp/2,32,60050,flow,,False,,,0.0,,False,,,4690,True,0,False,,,,,False,8,0.03,data/dino_cache/top10_v1,,,,0,,,,"eval200fix:exp-std/csv/eval200_fixed.csv:187,seen:exp-std/csv/seen20.csv:20",exp-std/csv/eval200_fixed.csv,,,,,,,,5e-05,,0.999,,,eval200fix+seen,False,-,False,True,False,0
exp-std/runs_smoke/20261004-185838-v53-triple-tables-noskel,exp-std/runs_smoke,exp-std__runs_smoke__20261004-185838-v53-triple-tables-noskel,v53-triple-tables-noskel,exp-std/runs_smoke/20261004-185838-v53-triple-tables-noskel/resolved_config.json,True,0,,0,,,,,,,,,,,,,,,DiT-2Cond-Sp/2,32,60050,flow,,False,,,0.0,,False,,,4690,True,0,False,,,,,False,8,0.03,data/dino_cache/top10_v1,,,,0,,,,"eval200fix:exp-std/csv/eval200_fixed.csv:187,seen:exp-std/csv/seen20.csv:20",exp-std/csv/eval200_fixed.csv,,,,,,,,5e-05,,0.999,,,eval200fix+seen,False,-,False,True,False,0
exp-std/runs_smoke/20261004-230343-v54-minimal-tables-noskel,exp-std/runs_smoke,exp-std__runs_smoke__20261004-230343-v54-minimal-tables-noskel,v54-minimal-tables-noskel,exp-std/runs_smoke/20261004-230343-v54-minimal-tables-noskel/resolved_config.json,True,1,60,0,,,,,,,,,,,,,,,DiT-2Cond-Sp/2,32,60,flow,,False,,,0.0,,False,,,4690,True,0,False,,,,,False,8,0.03,data/dino_cache/top10_v1,,,,0,,,,seen:exp-std/csv/seen20.csv:20,exp-std/csv/eval200_fixed.csv,,,,,,,,5e-05,,0.999,,,eval200fix+seen,False,-,False,True,False,0
exp-std/runs_smoke/20261004-230508-v54-minimal-tables-S-noskel-freeze,exp-std/runs_smoke,exp-std__runs_smoke__20261004-230508-v54-minimal-tables-S-noskel-freeze,v54-minimal-tables-S-noskel-freeze,exp-std/runs_smoke/20261004-230508-v54-minimal-tables-S-noskel-freeze/resolved_config.json,True,1,60,0,,,,,,,,,,,,,,,DiT-2Cond-S/2,32,60,flow,,False,,,0.0,,False,,,4690,True,0,False,,,,,False,8,0.03,data/dino_cache/top10_v1,,,,0,,,,seen:exp-std/csv/seen20.csv:20,exp-std/csv/eval200_fixed.csv,,,,,,,,5e-05,,0.999,,,eval200fix+seen,False,-,False,True,False,0
exp-std/runs_smoke/20261004-231048-v54-minimal-tables-S-noskel-freeze,exp-std/runs_smoke,exp-std__runs_smoke__20261004-231048-v54-minimal-tables-S-noskel-freeze,v54-minimal-tables-S-noskel-freeze,exp-std/runs_smoke/20261004-231048-v54-minimal-tables-S-noskel-freeze/resolved_config.json,True,1,60,0,,,,,,,,,,,,,,,DiT-2Cond-S/2,384,60,flow,,False,,,0.0,,False,,,4690,True,0,False,,,,,False,8,0.03,data/dino_cache/top10_v1,,,,0,,,,"eval200fix:exp-std/csv/eval200_fixed.csv:187,seen:exp-std/csv/seen20.csv:20",exp-std/csv/eval200_fixed.csv,,,,,,,,5e-05,,0.999,,,eval200fix+seen,False,-,False,True,False,0
exp-std/runs_smoke/20261004-231258-v54-minimal-tables-S-noskel-freeze,exp-std/runs_smoke,exp-std__runs_smoke__20261004-231258-v54-minimal-tables-S-noskel-freeze,v54-minimal-tables-S-noskel-freeze,exp-std/runs_smoke/20261004-231258-v54-minimal-tables-S-noskel-freeze/resolved_config.json,True,1,60,0,,,,,,,,,,,,,,,DiT-2Cond-S/2,448,60,flow,,False,,,0.0,,False,,,4690,True,0,False,,,,,False,8,0.03,data/dino_cache/top10_v1,,,,0,,,,"eval200fix:exp-std/csv/eval200_fixed.csv:187,seen:exp-std/csv/seen20.csv:20",exp-std/csv/eval200_fixed.csv,,,,,,,,5e-05,,0.999,,,eval200fix+seen,False,-,False,True,False,0
exp-std/runs_smoke/20261004-231510-v54-minimal-tables-S-noskel-freeze,exp-std/runs_smoke,exp-std__runs_smoke__20261004-231510-v54-minimal-tables-S-noskel-freeze,v54-minimal-tables-S-noskel-freeze,exp-std/runs_smoke/20261004-231510-v54-minimal-tables-S-noskel-freeze/resolved_config.json,True,0,,0,,,,,,,,,,,,,,,DiT-2Cond-S/2,512,60,flow,,False,,,0.0,,False,,,4690,True,0,False,,,,,False,8,0.03,data/dino_cache/top10_v1,,,,0,,,,"eval200fix:exp-std/csv/eval200_fixed.csv:187,seen:exp-std/csv/seen20.csv:20",exp-std/csv/eval200_fixed.csv,,,,,,,,5e-05,,0.999,,,eval200fix+seen,False,-,False,True,False,0
exp-std/runs_v54_S_noskel_b384/20261004-235710-v54-minimal-tables-S-noskel-freeze,exp-std/runs_v54_S_noskel_b384,exp-std__runs_v54_S_noskel_b384__20261004-235710-v54-minimal-tables-S-noskel-freeze,v54-minimal-tables-S-noskel-freeze,exp-std/runs_v54_S_noskel_b384/20261004-235710-v54-minimal-tables-S-noskel-freeze/resolved_config.json,True,0,,0,,,,,,,,,,,,,,,DiT-2Cond-S/2,384,150000,flow,,False,,,0.0,,False,,,4690,True,0,False,,,,,False,8,0.03,data/dino_cache/top10_v1,,,,0,,,,"eval200fix:exp-std/csv/eval200_fixed.csv:187,seen:exp-std/csv/seen20.csv:20",exp-std/csv/eval200_fixed.csv,,,,,,,,5e-05,,0.999,,,eval200fix+seen,False,-,False,True,False,0
exp-std/v54,exp-std/v54,exp-std__v54,,,False,1,5000,0,,,,,,,,,,,,,,,,,,,,,,,,,,,,,,,,,,,,,,,,,,,,,,,,,,,,,,,,,,,,,"unknown(老 run, 见 eval_auto json)",False,-,False,True,False,0
