run_id,run_dir,experiment_name,step,ssim,mse
assets__results___archive___aborted___archive_v11_pretrain_S2_nostruct__20260912-121045-v11-pretrain-S2,assets/results/_archive/_aborted/_archive_v11_pretrain_S2_nostruct/20260912-121045-v11-pretrain-S2,v11-pretrain-S2,1000,0.425391,1.124197
assets__results___archive___aborted___archive_v11_struct-loss_t500__20260912-030448-v11_struct-loss,assets/results/_archive/_aborted/_archive_v11_struct-loss_t500/20260912-030448-v11_struct-loss,v11_struct-loss,392500,0.736529,0.31952
assets__results___archive___aborted___archive_v11_struct-loss_t500__20260912-030448-v11_struct-loss,assets/results/_archive/_aborted/_archive_v11_struct-loss_t500/20260912-030448-v11_struct-loss,v11_struct-loss,395000,0.742887,0.308551
assets__results___archive___aborted___archive_v11_struct-loss_t500__20260912-030448-v11_struct-loss,assets/results/_archive/_aborted/_archive_v11_struct-loss_t500/20260912-030448-v11_struct-loss,v11_struct-loss,397500,0.748182,0.297952
assets__results___archive___aborted___archive_v11_struct-loss_t500__20260912-030448-v11_struct-loss,assets/results/_archive/_aborted/_archive_v11_struct-loss_t500/20260912-030448-v11_struct-loss,v11_struct-loss,400000,0.75275,0.28782
assets__results___archive___aborted___archive_v11_struct-loss_t500__20260912-030448-v11_struct-loss,assets/results/_archive/_aborted/_archive_v11_struct-loss_t500/20260912-030448-v11_struct-loss,v11_struct-loss,402500,0.753906,0.285734
assets__results___archive___aborted___archive_v11_struct-loss_t500__20260912-030448-v11_struct-loss,assets/results/_archive/_aborted/_archive_v11_struct-loss_t500/20260912-030448-v11_struct-loss,v11_struct-loss,405000,0.755242,0.284085
assets__results___archive__c41x_sty16__20260910-150038-c41x-sty16,assets/results/_archive/c41x_sty16/20260910-150038-c41x-sty16,c41x-sty16,15000,0.476183,1.0549080431461335
assets__results___archive__c41x_sty16__20260910-150038-c41x-sty16,assets/results/_archive/c41x_sty16/20260910-150038-c41x-sty16,c41x-sty16,20000,0.475926,1.052376103401184
assets__results___archive__v10a_skel_cond_pretrain__20260906-010643-v10a-skel-cond-pretrain,assets/results/_archive/v10a_skel_cond_pretrain/20260906-010643-v10a-skel-cond-pretrain,v10a-skel-cond-pretrain,1000,0.749572,0.3521926128491759
assets__results___archive__v10a_skel_cond_pretrain__20260906-010643-v10a-skel-cond-pretrain,assets/results/_archive/v10a_skel_cond_pretrain/20260906-010643-v10a-skel-cond-pretrain,v10a-skel-cond-pretrain,2000,0.753455,0.33173393543809654
assets__results___archive__v10a_skel_cond_pretrain__20260906-010643-v10a-skel-cond-pretrain,assets/results/_archive/v10a_skel_cond_pretrain/20260906-010643-v10a-skel-cond-pretrain,v10a-skel-cond-pretrain,3000,0.751658,0.31037003684788944
assets__results___archive__v10a_skel_cond_pretrain__20260906-010643-v10a-skel-cond-pretrain,assets/results/_archive/v10a_skel_cond_pretrain/20260906-010643-v10a-skel-cond-pretrain,v10a-skel-cond-pretrain,4000,0.750489,0.2986577080190182
assets__results___archive__v10a_skel_cond_pretrain__20260906-010643-v10a-skel-cond-pretrain,assets/results/_archive/v10a_skel_cond_pretrain/20260906-010643-v10a-skel-cond-pretrain,v10a-skel-cond-pretrain,5000,0.748987,0.28751128068193793
assets__results___archive__v10a_skel_cond_pretrain__20260906-010643-v10a-skel-cond-pretrain,assets/results/_archive/v10a_skel_cond_pretrain/20260906-010643-v10a-skel-cond-pretrain,v10a-skel-cond-pretrain,7500,0.751499,0.27328402500599625
assets__results___archive__v10a_skel_cond_pretrain__20260906-010643-v10a-skel-cond-pretrain,assets/results/_archive/v10a_skel_cond_pretrain/20260906-010643-v10a-skel-cond-pretrain,v10a-skel-cond-pretrain,10000,0.758859,0.250000925604254
assets__results___archive__v10a_skel_cond_pretrain__20260906-010643-v10a-skel-cond-pretrain,assets/results/_archive/v10a_skel_cond_pretrain/20260906-010643-v10a-skel-cond-pretrain,v10a-skel-cond-pretrain,12500,0.768281,0.22312417738139628
assets__results___archive__v10a_skel_cond_pretrain__20260906-010643-v10a-skel-cond-pretrain,assets/results/_archive/v10a_skel_cond_pretrain/20260906-010643-v10a-skel-cond-pretrain,v10a-skel-cond-pretrain,15000,0.771412,0.2085640355013311
assets__results___archive__v10a_skel_cond_pretrain__20260906-010643-v10a-skel-cond-pretrain,assets/results/_archive/v10a_skel_cond_pretrain/20260906-010643-v10a-skel-cond-pretrain,v10a-skel-cond-pretrain,17500,0.782198,0.1853771312534809
assets__results___archive__v10a_skel_cond_pretrain__20260906-010643-v10a-skel-cond-pretrain,assets/results/_archive/v10a_skel_cond_pretrain/20260906-010643-v10a-skel-cond-pretrain,v10a-skel-cond-pretrain,20000,0.782171,0.172992379181087
assets__results___archive__v10a_skel_cond_pretrain__20260906-010643-v10a-skel-cond-pretrain,assets/results/_archive/v10a_skel_cond_pretrain/20260906-010643-v10a-skel-cond-pretrain,v10a-skel-cond-pretrain,22500,0.785675,0.16452750340104103
assets__results___archive__v10a_skel_cond_pretrain__20260906-054549-v10a-skel-cond-pretrain,assets/results/_archive/v10a_skel_cond_pretrain/20260906-054549-v10a-skel-cond-pretrain,v10a-skel-cond-pretrain,25000,0.785754,0.15848048850893975
assets__results___archive__v10a_skel_cond_pretrain__20260906-054549-v10a-skel-cond-pretrain,assets/results/_archive/v10a_skel_cond_pretrain/20260906-054549-v10a-skel-cond-pretrain,v10a-skel-cond-pretrain,27500,0.784059,0.15703239740803837
assets__results___archive__v10a_skel_cond_pretrain__20260906-054549-v10a-skel-cond-pretrain,assets/results/_archive/v10a_skel_cond_pretrain/20260906-054549-v10a-skel-cond-pretrain,v10a-skel-cond-pretrain,30000,0.787576,0.14572758888825774
assets__results___archive__v10a_skel_cond_pretrain__20260906-054549-v10a-skel-cond-pretrain,assets/results/_archive/v10a_skel_cond_pretrain/20260906-054549-v10a-skel-cond-pretrain,v10a-skel-cond-pretrain,32500,0.79374,0.13278223656117916
assets__results___archive__v10a_skel_cond_pretrain__20260906-054549-v10a-skel-cond-pretrain,assets/results/_archive/v10a_skel_cond_pretrain/20260906-054549-v10a-skel-cond-pretrain,v10a-skel-cond-pretrain,35000,0.800059,0.12155259924009443
assets__results___archive__v10a_skel_cond_pretrain__20260906-054549-v10a-skel-cond-pretrain,assets/results/_archive/v10a_skel_cond_pretrain/20260906-054549-v10a-skel-cond-pretrain,v10a-skel-cond-pretrain,37500,0.801478,0.11947816077619791
assets__results___archive__v10a_skel_cond_pretrain__20260906-054549-v10a-skel-cond-pretrain,assets/results/_archive/v10a_skel_cond_pretrain/20260906-054549-v10a-skel-cond-pretrain,v10a-skel-cond-pretrain,40000,0.805231,0.11450297992676496
assets__results___archive__v10a_skel_cond_pretrain__20260906-054549-v10a-skel-cond-pretrain,assets/results/_archive/v10a_skel_cond_pretrain/20260906-054549-v10a-skel-cond-pretrain,v10a-skel-cond-pretrain,42500,0.809318,0.11106163702905178
assets__results___archive__v10a_skel_cond_pretrain__20260906-054549-v10a-skel-cond-pretrain,assets/results/_archive/v10a_skel_cond_pretrain/20260906-054549-v10a-skel-cond-pretrain,v10a-skel-cond-pretrain,45000,0.814775,0.10303863457404078
assets__results___archive__v10a_skel_cond_pretrain__20260906-054549-v10a-skel-cond-pretrain,assets/results/_archive/v10a_skel_cond_pretrain/20260906-054549-v10a-skel-cond-pretrain,v10a-skel-cond-pretrain,47500,0.81736,0.09887099361047148
assets__results___archive__v10a_skel_cond_pretrain__20260906-054549-v10a-skel-cond-pretrain,assets/results/_archive/v10a_skel_cond_pretrain/20260906-054549-v10a-skel-cond-pretrain,v10a-skel-cond-pretrain,50000,0.820399,0.09664238235913217
assets__results___archive__v10a_skel_cond_pretrain__20260906-054549-v10a-skel-cond-pretrain,assets/results/_archive/v10a_skel_cond_pretrain/20260906-054549-v10a-skel-cond-pretrain,v10a-skel-cond-pretrain,52500,0.822463,0.09165206121280789
assets__results___archive__v10a_skel_cond_pretrain__20260906-054549-v10a-skel-cond-pretrain,assets/results/_archive/v10a_skel_cond_pretrain/20260906-054549-v10a-skel-cond-pretrain,v10a-skel-cond-pretrain,55000,0.823983,0.08777819936163724
assets__results___archive__v10a_skel_cond_pretrain__20260906-054549-v10a-skel-cond-pretrain,assets/results/_archive/v10a_skel_cond_pretrain/20260906-054549-v10a-skel-cond-pretrain,v10a-skel-cond-pretrain,57500,0.825876,0.08526544244028628
assets__results___archive__v10a_skel_cond_pretrain__20260906-054549-v10a-skel-cond-pretrain,assets/results/_archive/v10a_skel_cond_pretrain/20260906-054549-v10a-skel-cond-pretrain,v10a-skel-cond-pretrain,60000,0.828421,0.08258423880673944
assets__results___archive__v10a_skel_cond_pretrain__20260906-054549-v10a-skel-cond-pretrain,assets/results/_archive/v10a_skel_cond_pretrain/20260906-054549-v10a-skel-cond-pretrain,v10a-skel-cond-pretrain,62500,0.831252,0.07763207799755037
assets__results___archive__v10a_skel_cond_pretrain__20260906-054549-v10a-skel-cond-pretrain,assets/results/_archive/v10a_skel_cond_pretrain/20260906-054549-v10a-skel-cond-pretrain,v10a-skel-cond-pretrain,65000,0.827939,0.07922599678859114
assets__results___archive__v10a_skel_cond_pretrain__20260906-054549-v10a-skel-cond-pretrain,assets/results/_archive/v10a_skel_cond_pretrain/20260906-054549-v10a-skel-cond-pretrain,v10a-skel-cond-pretrain,67500,0.829664,0.07676142522133887
assets__results___archive__v10a_skel_cond_pretrain__20260906-054549-v10a-skel-cond-pretrain,assets/results/_archive/v10a_skel_cond_pretrain/20260906-054549-v10a-skel-cond-pretrain,v10a-skel-cond-pretrain,70000,0.83069,0.07507637130096555
assets__results___archive__v10a_skel_cond_pretrain__20260906-054549-v10a-skel-cond-pretrain,assets/results/_archive/v10a_skel_cond_pretrain/20260906-054549-v10a-skel-cond-pretrain,v10a-skel-cond-pretrain,72500,0.834915,0.07084161167033017
assets__results___archive__v10a_skel_cond_pretrain__20260906-054549-v10a-skel-cond-pretrain,assets/results/_archive/v10a_skel_cond_pretrain/20260906-054549-v10a-skel-cond-pretrain,v10a-skel-cond-pretrain,75000,0.836192,0.06870817605406046
assets__results___archive__v10a_skel_cond_pretrain__20260906-054549-v10a-skel-cond-pretrain,assets/results/_archive/v10a_skel_cond_pretrain/20260906-054549-v10a-skel-cond-pretrain,v10a-skel-cond-pretrain,80000,0.838135,0.0633028371911496
assets__results___archive__v10a_skel_cond_pretrain__20260906-054549-v10a-skel-cond-pretrain,assets/results/_archive/v10a_skel_cond_pretrain/20260906-054549-v10a-skel-cond-pretrain,v10a-skel-cond-pretrain,85000,0.838344,0.06067989531904459
assets__results___archive__v10a_skel_cond_pretrain__20260906-054549-v10a-skel-cond-pretrain,assets/results/_archive/v10a_skel_cond_pretrain/20260906-054549-v10a-skel-cond-pretrain,v10a-skel-cond-pretrain,90000,0.840826,0.05846040587872267
assets__results___archive__v10a_skel_cond_pretrain__20260906-054549-v10a-skel-cond-pretrain,assets/results/_archive/v10a_skel_cond_pretrain/20260906-054549-v10a-skel-cond-pretrain,v10a-skel-cond-pretrain,92500,0.841141,0.057466056244447825
assets__results___archive__v10a_skel_cond_pretrain__20260906-054549-v10a-skel-cond-pretrain,assets/results/_archive/v10a_skel_cond_pretrain/20260906-054549-v10a-skel-cond-pretrain,v10a-skel-cond-pretrain,95000,0.842176,0.05695064911618829
assets__results___archive__v10a_skel_cond_pretrain__20260906-054549-v10a-skel-cond-pretrain,assets/results/_archive/v10a_skel_cond_pretrain/20260906-054549-v10a-skel-cond-pretrain,v10a-skel-cond-pretrain,100000,0.84297,0.056455129347741606
assets__results___archive__v10a_skel_cond_pretrain__20260906-054549-v10a-skel-cond-pretrain,assets/results/_archive/v10a_skel_cond_pretrain/20260906-054549-v10a-skel-cond-pretrain,v10a-skel-cond-pretrain,102500,0.843583,0.05527161939069629
assets__results___archive__v10a_skel_cond_pretrain__20260906-054549-v10a-skel-cond-pretrain,assets/results/_archive/v10a_skel_cond_pretrain/20260906-054549-v10a-skel-cond-pretrain,v10a-skel-cond-pretrain,105000,0.844418,0.05408180924132466
assets__results___archive__v10a_skel_cond_pretrain__20260906-054549-v10a-skel-cond-pretrain,assets/results/_archive/v10a_skel_cond_pretrain/20260906-054549-v10a-skel-cond-pretrain,v10a-skel-cond-pretrain,110000,0.84583,0.051627928037196395
assets__results___archive__v10a_skel_cond_pretrain__20260906-054549-v10a-skel-cond-pretrain,assets/results/_archive/v10a_skel_cond_pretrain/20260906-054549-v10a-skel-cond-pretrain,v10a-skel-cond-pretrain,112500,0.846029,0.051580192930996416
assets__results___archive__v10a_skel_cond_pretrain__20260906-054549-v10a-skel-cond-pretrain,assets/results/_archive/v10a_skel_cond_pretrain/20260906-054549-v10a-skel-cond-pretrain,v10a-skel-cond-pretrain,115000,0.846219,0.051709335641935465
assets__results___archive__v10a_skel_cond_pretrain__20260906-054549-v10a-skel-cond-pretrain,assets/results/_archive/v10a_skel_cond_pretrain/20260906-054549-v10a-skel-cond-pretrain,v10a-skel-cond-pretrain,117500,0.846264,0.05210798499174416
assets__results___archive__v10a_skel_cond_pretrain__20260906-054549-v10a-skel-cond-pretrain,assets/results/_archive/v10a_skel_cond_pretrain/20260906-054549-v10a-skel-cond-pretrain,v10a-skel-cond-pretrain,120000,0.846611,0.05176393723115325
assets__results___archive__v10a_skel_cond_pretrain__20260906-054549-v10a-skel-cond-pretrain,assets/results/_archive/v10a_skel_cond_pretrain/20260906-054549-v10a-skel-cond-pretrain,v10a-skel-cond-pretrain,122500,0.847265,0.050820001121610406
assets__results___archive__v10a_skel_cond_pretrain__20260906-054549-v10a-skel-cond-pretrain,assets/results/_archive/v10a_skel_cond_pretrain/20260906-054549-v10a-skel-cond-pretrain,v10a-skel-cond-pretrain,125000,0.847527,0.050324662001803515
assets__results___archive__v10a_skel_cond_pretrain__20260906-054549-v10a-skel-cond-pretrain,assets/results/_archive/v10a_skel_cond_pretrain/20260906-054549-v10a-skel-cond-pretrain,v10a-skel-cond-pretrain,127500,0.847613,0.05045193589292467
assets__results___archive__v10a_skel_cond_pretrain__20260906-054549-v10a-skel-cond-pretrain,assets/results/_archive/v10a_skel_cond_pretrain/20260906-054549-v10a-skel-cond-pretrain,v10a-skel-cond-pretrain,130000,0.846921,0.05246627892367542
assets__results___archive__v10a_skel_cond_pretrain__20260906-054549-v10a-skel-cond-pretrain,assets/results/_archive/v10a_skel_cond_pretrain/20260906-054549-v10a-skel-cond-pretrain,v10a-skel-cond-pretrain,132500,0.847154,0.05187832067720592
assets__results___archive__v10a_skel_cond_pretrain__20260906-054549-v10a-skel-cond-pretrain,assets/results/_archive/v10a_skel_cond_pretrain/20260906-054549-v10a-skel-cond-pretrain,v10a-skel-cond-pretrain,135000,0.847608,0.05058169702999294
assets__results___archive__v10adino_skel_cond_pretrain__20260907-033105-v10a-dino-skel-cond-pretrain,assets/results/_archive/v10adino_skel_cond_pretrain/20260907-033105-v10a-dino-skel-cond-pretrain,v10a-dino-skel-cond-pretrain,1000,0.746119,0.36002310782670977
assets__results___archive__v10adino_skel_cond_pretrain__20260907-033105-v10a-dino-skel-cond-pretrain,assets/results/_archive/v10adino_skel_cond_pretrain/20260907-033105-v10a-dino-skel-cond-pretrain,v10a-dino-skel-cond-pretrain,2000,0.75517,0.34135040797293187
assets__results___archive__v10adino_skel_cond_pretrain__20260907-033105-v10a-dino-skel-cond-pretrain,assets/results/_archive/v10adino_skel_cond_pretrain/20260907-033105-v10a-dino-skel-cond-pretrain,v10a-dino-skel-cond-pretrain,3000,0.756918,0.32303391095250844
assets__results___archive__v10adino_skel_cond_pretrain__20260907-033105-v10a-dino-skel-cond-pretrain,assets/results/_archive/v10adino_skel_cond_pretrain/20260907-033105-v10a-dino-skel-cond-pretrain,v10a-dino-skel-cond-pretrain,4000,0.757458,0.313138224594295
assets__results___archive__v10adino_skel_cond_pretrain__20260907-033105-v10a-dino-skel-cond-pretrain,assets/results/_archive/v10adino_skel_cond_pretrain/20260907-033105-v10a-dino-skel-cond-pretrain,v10a-dino-skel-cond-pretrain,5000,0.758219,0.30329737965017556
assets__results___archive__v10adino_skel_cond_pretrain__20260907-033105-v10a-dino-skel-cond-pretrain,assets/results/_archive/v10adino_skel_cond_pretrain/20260907-033105-v10a-dino-skel-cond-pretrain,v10a-dino-skel-cond-pretrain,7500,0.756144,0.28374674458056687
assets__results___archive__v10adino_skel_cond_pretrain__20260907-033105-v10a-dino-skel-cond-pretrain,assets/results/_archive/v10adino_skel_cond_pretrain/20260907-033105-v10a-dino-skel-cond-pretrain,v10a-dino-skel-cond-pretrain,10000,0.76494,0.25139663100242615
assets__results___archive__v10adino_skel_cond_pretrain__20260907-033105-v10a-dino-skel-cond-pretrain,assets/results/_archive/v10adino_skel_cond_pretrain/20260907-033105-v10a-dino-skel-cond-pretrain,v10a-dino-skel-cond-pretrain,12500,0.760826,0.2487649217620492
assets__results___archive__v10adino_skel_cond_pretrain__20260907-033105-v10a-dino-skel-cond-pretrain,assets/results/_archive/v10adino_skel_cond_pretrain/20260907-033105-v10a-dino-skel-cond-pretrain,v10a-dino-skel-cond-pretrain,15000,0.767119,0.2218825878947973
assets__results___archive__v10adino_skel_cond_pretrain__20260907-033105-v10a-dino-skel-cond-pretrain,assets/results/_archive/v10adino_skel_cond_pretrain/20260907-033105-v10a-dino-skel-cond-pretrain,v10a-dino-skel-cond-pretrain,17500,0.772623,0.206207141764462
assets__results___archive__v10adino_skel_cond_pretrain__20260907-033105-v10a-dino-skel-cond-pretrain,assets/results/_archive/v10adino_skel_cond_pretrain/20260907-033105-v10a-dino-skel-cond-pretrain,v10a-dino-skel-cond-pretrain,20000,0.777239,0.1908800051920116
assets__results___archive__v10adino_skel_cond_pretrain__20260907-033105-v10a-dino-skel-cond-pretrain,assets/results/_archive/v10adino_skel_cond_pretrain/20260907-033105-v10a-dino-skel-cond-pretrain,v10a-dino-skel-cond-pretrain,22500,0.779026,0.18341110991314052
assets__results___archive__v10adino_skel_cond_pretrain__20260907-033105-v10a-dino-skel-cond-pretrain,assets/results/_archive/v10adino_skel_cond_pretrain/20260907-033105-v10a-dino-skel-cond-pretrain,v10a-dino-skel-cond-pretrain,25000,0.784512,0.1704314060881734
assets__results___archive__v10adino_skel_cond_pretrain__20260907-033105-v10a-dino-skel-cond-pretrain,assets/results/_archive/v10adino_skel_cond_pretrain/20260907-033105-v10a-dino-skel-cond-pretrain,v10a-dino-skel-cond-pretrain,27500,0.784314,0.1669625622779131
assets__results___archive__v10adino_skel_cond_pretrain__20260907-033105-v10a-dino-skel-cond-pretrain,assets/results/_archive/v10adino_skel_cond_pretrain/20260907-033105-v10a-dino-skel-cond-pretrain,v10a-dino-skel-cond-pretrain,30000,0.78611,0.15991349382326006
assets__results___archive__v10adino_skel_cond_pretrain__20260907-033105-v10a-dino-skel-cond-pretrain,assets/results/_archive/v10adino_skel_cond_pretrain/20260907-033105-v10a-dino-skel-cond-pretrain,v10a-dino-skel-cond-pretrain,32500,0.78675,0.14807574316859246
assets__results___archive__v10adino_skel_cond_pretrain__20260907-033105-v10a-dino-skel-cond-pretrain,assets/results/_archive/v10adino_skel_cond_pretrain/20260907-033105-v10a-dino-skel-cond-pretrain,v10a-dino-skel-cond-pretrain,35000,0.789952,0.1391943896561861
assets__results___archive__v10adino_skel_cond_pretrain__20260907-033105-v10a-dino-skel-cond-pretrain,assets/results/_archive/v10adino_skel_cond_pretrain/20260907-033105-v10a-dino-skel-cond-pretrain,v10a-dino-skel-cond-pretrain,37500,0.795636,0.1269758052006364
assets__results___archive__v10adino_skel_cond_pretrain__20260907-033105-v10a-dino-skel-cond-pretrain,assets/results/_archive/v10adino_skel_cond_pretrain/20260907-033105-v10a-dino-skel-cond-pretrain,v10a-dino-skel-cond-pretrain,40000,0.798573,0.12194343890994787
assets__results___archive__v10adino_skel_cond_pretrain__20260907-033105-v10a-dino-skel-cond-pretrain,assets/results/_archive/v10adino_skel_cond_pretrain/20260907-033105-v10a-dino-skel-cond-pretrain,v10a-dino-skel-cond-pretrain,42500,0.801224,0.11746212078258395
assets__results___archive__v10adino_skel_cond_pretrain__20260907-033105-v10a-dino-skel-cond-pretrain,assets/results/_archive/v10adino_skel_cond_pretrain/20260907-033105-v10a-dino-skel-cond-pretrain,v10a-dino-skel-cond-pretrain,45000,0.803079,0.11406768104061485
assets__results___archive__v10adino_skel_cond_pretrain__20260907-033105-v10a-dino-skel-cond-pretrain,assets/results/_archive/v10adino_skel_cond_pretrain/20260907-033105-v10a-dino-skel-cond-pretrain,v10a-dino-skel-cond-pretrain,47500,0.801902,0.11930274030193687
assets__results___archive__v10adino_skel_cond_pretrain__20260907-033105-v10a-dino-skel-cond-pretrain,assets/results/_archive/v10adino_skel_cond_pretrain/20260907-033105-v10a-dino-skel-cond-pretrain,v10a-dino-skel-cond-pretrain,50000,0.808936,0.1055143924150616
assets__results___archive__v10adino_skel_cond_pretrain__20260907-033105-v10a-dino-skel-cond-pretrain,assets/results/_archive/v10adino_skel_cond_pretrain/20260907-033105-v10a-dino-skel-cond-pretrain,v10a-dino-skel-cond-pretrain,52500,0.811744,0.10181355766952038
assets__results___archive__v10adino_skel_cond_pretrain__20260907-033105-v10a-dino-skel-cond-pretrain,assets/results/_archive/v10adino_skel_cond_pretrain/20260907-033105-v10a-dino-skel-cond-pretrain,v10a-dino-skel-cond-pretrain,55000,0.816428,0.0996295630466193
assets__results___archive__v10adino_skel_cond_pretrain__20260907-033105-v10a-dino-skel-cond-pretrain,assets/results/_archive/v10adino_skel_cond_pretrain/20260907-033105-v10a-dino-skel-cond-pretrain,v10a-dino-skel-cond-pretrain,57500,0.817039,0.09805035782977939
assets__results___archive__v10adino_skel_cond_pretrain__20260907-033105-v10a-dino-skel-cond-pretrain,assets/results/_archive/v10adino_skel_cond_pretrain/20260907-033105-v10a-dino-skel-cond-pretrain,v10a-dino-skel-cond-pretrain,60000,0.812341,0.0949547419231385
assets__results___archive__v10adino_skel_cond_pretrain__20260907-033105-v10a-dino-skel-cond-pretrain,assets/results/_archive/v10adino_skel_cond_pretrain/20260907-033105-v10a-dino-skel-cond-pretrain,v10a-dino-skel-cond-pretrain,62500,0.817342,0.09217246907763182
assets__results___archive__v10adino_skel_cond_pretrain__20260907-033105-v10a-dino-skel-cond-pretrain,assets/results/_archive/v10adino_skel_cond_pretrain/20260907-033105-v10a-dino-skel-cond-pretrain,v10a-dino-skel-cond-pretrain,65000,0.822268,0.08036565105430782
assets__results___archive__v10adino_skel_cond_pretrain__20260907-033105-v10a-dino-skel-cond-pretrain,assets/results/_archive/v10adino_skel_cond_pretrain/20260907-033105-v10a-dino-skel-cond-pretrain,v10a-dino-skel-cond-pretrain,67500,0.82624,0.07392451871186495
assets__results___archive__v10adino_skel_cond_pretrain__20260907-033105-v10a-dino-skel-cond-pretrain,assets/results/_archive/v10adino_skel_cond_pretrain/20260907-033105-v10a-dino-skel-cond-pretrain,v10a-dino-skel-cond-pretrain,70000,0.829266,0.06961355921812355
assets__results___archive__v10adino_skel_cond_pretrain__20260907-033105-v10a-dino-skel-cond-pretrain,assets/results/_archive/v10adino_skel_cond_pretrain/20260907-033105-v10a-dino-skel-cond-pretrain,v10a-dino-skel-cond-pretrain,72500,0.831155,0.06727770465426147
assets__results___archive__v10adino_skel_cond_pretrain__20260907-033105-v10a-dino-skel-cond-pretrain,assets/results/_archive/v10adino_skel_cond_pretrain/20260907-033105-v10a-dino-skel-cond-pretrain,v10a-dino-skel-cond-pretrain,75000,0.834113,0.06560049965046347
assets__results___archive__v10adino_skel_cond_pretrain__20260907-033105-v10a-dino-skel-cond-pretrain,assets/results/_archive/v10adino_skel_cond_pretrain/20260907-033105-v10a-dino-skel-cond-pretrain,v10a-dino-skel-cond-pretrain,77500,0.834833,0.06259300616569817
assets__results___archive__v10adino_skel_cond_pretrain__20260907-033105-v10a-dino-skel-cond-pretrain,assets/results/_archive/v10adino_skel_cond_pretrain/20260907-033105-v10a-dino-skel-cond-pretrain,v10a-dino-skel-cond-pretrain,80000,0.834423,0.06177404513582587
assets__results___archive__v10b_skel_only_pretrain__20260906-175850-v10b-skel-only-pretrain,assets/results/_archive/v10b_skel_only_pretrain/20260906-175850-v10b-skel-only-pretrain,v10b-skel-only-pretrain,1000,0.747127,0.36362569868564604
assets__results___archive__v10b_skel_only_pretrain__20260906-175850-v10b-skel-only-pretrain,assets/results/_archive/v10b_skel_only_pretrain/20260906-175850-v10b-skel-only-pretrain,v10b-skel-only-pretrain,3000,0.749816,0.3395371700078249
assets__results___archive__v10b_skel_only_pretrain__20260906-175850-v10b-skel-only-pretrain,assets/results/_archive/v10b_skel_only_pretrain/20260906-175850-v10b-skel-only-pretrain,v10b-skel-only-pretrain,5000,0.745531,0.32028226993978026
assets__results___archive__v10b_skel_only_pretrain__20260906-175850-v10b-skel-only-pretrain,assets/results/_archive/v10b_skel_only_pretrain/20260906-175850-v10b-skel-only-pretrain,v10b-skel-only-pretrain,10000,0.754166,0.28018465772271156
assets__results___archive__v10b_skel_only_pretrain__20260906-175850-v10b-skel-only-pretrain,assets/results/_archive/v10b_skel_only_pretrain/20260906-175850-v10b-skel-only-pretrain,v10b-skel-only-pretrain,27500,0.776072,0.19819686572998763
assets__results___archive__v10b_skel_only_pretrain__20260906-175850-v10b-skel-only-pretrain,assets/results/_archive/v10b_skel_only_pretrain/20260906-175850-v10b-skel-only-pretrain,v10b-skel-only-pretrain,30000,0.774614,0.19000744450837373
assets__results___archive__v10b_skel_only_pretrain__20260906-175850-v10b-skel-only-pretrain,assets/results/_archive/v10b_skel_only_pretrain/20260906-175850-v10b-skel-only-pretrain,v10b-skel-only-pretrain,32500,0.774796,0.18591619307175278
assets__results___archive__v10b_skel_only_pretrain__20260906-175850-v10b-skel-only-pretrain,assets/results/_archive/v10b_skel_only_pretrain/20260906-175850-v10b-skel-only-pretrain,v10b-skel-only-pretrain,35000,0.778912,0.18306008357554673
assets__results___archive__v10b_skel_only_pretrain__20260906-175850-v10b-skel-only-pretrain,assets/results/_archive/v10b_skel_only_pretrain/20260906-175850-v10b-skel-only-pretrain,v10b-skel-only-pretrain,37500,0.785581,0.15702237026765942
assets__results___archive__v10b_skel_only_pretrain__20260906-175850-v10b-skel-only-pretrain,assets/results/_archive/v10b_skel_only_pretrain/20260906-175850-v10b-skel-only-pretrain,v10b-skel-only-pretrain,40000,0.794358,0.14336569361388685
assets__results___archive__v10b_skel_only_pretrain__20260906-175850-v10b-skel-only-pretrain,assets/results/_archive/v10b_skel_only_pretrain/20260906-175850-v10b-skel-only-pretrain,v10b-skel-only-pretrain,42500,0.801822,0.12221108863130212
assets__results___archive__v10b_skel_only_pretrain__20260906-175850-v10b-skel-only-pretrain,assets/results/_archive/v10b_skel_only_pretrain/20260906-175850-v10b-skel-only-pretrain,v10b-skel-only-pretrain,45000,0.804278,0.11323893763124943
assets__results___archive__v10b_skel_only_pretrain__20260906-175850-v10b-skel-only-pretrain,assets/results/_archive/v10b_skel_only_pretrain/20260906-175850-v10b-skel-only-pretrain,v10b-skel-only-pretrain,47500,0.803919,0.11334667701274156
assets__results___archive__v10b_skel_only_pretrain__20260906-175850-v10b-skel-only-pretrain,assets/results/_archive/v10b_skel_only_pretrain/20260906-175850-v10b-skel-only-pretrain,v10b-skel-only-pretrain,50000,0.807441,0.1037837080284953
assets__results___archive__v10b_skel_only_pretrain__20260906-175850-v10b-skel-only-pretrain,assets/results/_archive/v10b_skel_only_pretrain/20260906-175850-v10b-skel-only-pretrain,v10b-skel-only-pretrain,52500,0.807585,0.09604041643440724
assets__results___archive__v10b_skel_only_pretrain__20260906-175850-v10b-skel-only-pretrain,assets/results/_archive/v10b_skel_only_pretrain/20260906-175850-v10b-skel-only-pretrain,v10b-skel-only-pretrain,55000,0.807125,0.09716634423471987
assets__results___archive__v10b_skel_only_pretrain__20260906-175850-v10b-skel-only-pretrain,assets/results/_archive/v10b_skel_only_pretrain/20260906-175850-v10b-skel-only-pretrain,v10b-skel-only-pretrain,57500,0.814311,0.09159260957501829
assets__results___archive__v10b_skel_only_pretrain__20260906-175850-v10b-skel-only-pretrain,assets/results/_archive/v10b_skel_only_pretrain/20260906-175850-v10b-skel-only-pretrain,v10b-skel-only-pretrain,60000,0.81788,0.08959724039770663
assets__results___archive__v10b_skel_only_pretrain__20260906-175850-v10b-skel-only-pretrain,assets/results/_archive/v10b_skel_only_pretrain/20260906-175850-v10b-skel-only-pretrain,v10b-skel-only-pretrain,62500,0.821017,0.08271115944720804
assets__results___archive__v10b_skel_only_pretrain__20260906-175850-v10b-skel-only-pretrain,assets/results/_archive/v10b_skel_only_pretrain/20260906-175850-v10b-skel-only-pretrain,v10b-skel-only-pretrain,65000,0.825434,0.07808261468075216
assets__results___archive__v10b_skel_only_pretrain__20260906-175850-v10b-skel-only-pretrain,assets/results/_archive/v10b_skel_only_pretrain/20260906-175850-v10b-skel-only-pretrain,v10b-skel-only-pretrain,67500,0.829792,0.07106285037472844
assets__results___archive__v10b_skel_only_pretrain__20260906-175850-v10b-skel-only-pretrain,assets/results/_archive/v10b_skel_only_pretrain/20260906-175850-v10b-skel-only-pretrain,v10b-skel-only-pretrain,70000,0.83126,0.06945706871338189
assets__results___archive__v10b_skel_only_pretrain__20260906-175850-v10b-skel-only-pretrain,assets/results/_archive/v10b_skel_only_pretrain/20260906-175850-v10b-skel-only-pretrain,v10b-skel-only-pretrain,72500,0.835473,0.06510951581411063
assets__results___archive__v10b_skel_only_pretrain__20260906-175850-v10b-skel-only-pretrain,assets/results/_archive/v10b_skel_only_pretrain/20260906-175850-v10b-skel-only-pretrain,v10b-skel-only-pretrain,75000,0.836743,0.06336871761828661
assets__results___archive__v10b_skel_only_pretrain__20260906-175850-v10b-skel-only-pretrain,assets/results/_archive/v10b_skel_only_pretrain/20260906-175850-v10b-skel-only-pretrain,v10b-skel-only-pretrain,77500,0.837918,0.061180954398587346
assets__results___archive__v10b_skel_only_pretrain__20260906-175850-v10b-skel-only-pretrain,assets/results/_archive/v10b_skel_only_pretrain/20260906-175850-v10b-skel-only-pretrain,v10b-skel-only-pretrain,80000,0.838698,0.06056614547036588
assets__results___archive__v10b_skel_only_pretrain__20260906-175850-v10b-skel-only-pretrain,assets/results/_archive/v10b_skel_only_pretrain/20260906-175850-v10b-skel-only-pretrain,v10b-skel-only-pretrain,82500,0.839661,0.05964046515524388
assets__results___archive__v10b_skel_only_pretrain__20260906-175850-v10b-skel-only-pretrain,assets/results/_archive/v10b_skel_only_pretrain/20260906-175850-v10b-skel-only-pretrain,v10b-skel-only-pretrain,85000,0.840371,0.05889490417204797
assets__results___archive__v10b_stdskel_fame3__20260907-144350-v10b-stdskel-fame3,assets/results/_archive/v10b_stdskel_fame3/20260907-144350-v10b-stdskel-fame3,v10b-stdskel-fame3,1000,0.534384,1.104625588953495
assets__results___archive__v10b_stdskel_fame3__20260907-144350-v10b-stdskel-fame3,assets/results/_archive/v10b_stdskel_fame3/20260907-144350-v10b-stdskel-fame3,v10b-stdskel-fame3,2000,0.545769,1.0851409727334975
assets__results___archive__v10b_stdskel_fame3__20260907-144350-v10b-stdskel-fame3,assets/results/_archive/v10b_stdskel_fame3/20260907-144350-v10b-stdskel-fame3,v10b-stdskel-fame3,4000,0.572875,0.9994227290153503
assets__results___archive__v10b_stdskel_fame3__20260907-144350-v10b-stdskel-fame3,assets/results/_archive/v10b_stdskel_fame3/20260907-144350-v10b-stdskel-fame3,v10b-stdskel-fame3,5000,0.576646,0.9785503870248795
assets__results___archive__v10b_stdskel_fame3__20260907-144350-v10b-stdskel-fame3,assets/results/_archive/v10b_stdskel_fame3/20260907-144350-v10b-stdskel-fame3,v10b-stdskel-fame3,7500,0.571183,1.000409089922905
assets__results___archive__v10b_stdskel_fame3__20260907-144350-v10b-stdskel-fame3,assets/results/_archive/v10b_stdskel_fame3/20260907-144350-v10b-stdskel-fame3,v10b-stdskel-fame3,10000,0.57095,0.98128083974123
assets__results___archive__v10b_stdskel_fame3__20260907-144350-v10b-stdskel-fame3,assets/results/_archive/v10b_stdskel_fame3/20260907-144350-v10b-stdskel-fame3,v10b-stdskel-fame3,12500,0.578852,0.9577509018778801
assets__results___archive__v10b_stdskel_fame3__20260907-144350-v10b-stdskel-fame3,assets/results/_archive/v10b_stdskel_fame3/20260907-144350-v10b-stdskel-fame3,v10b-stdskel-fame3,15000,0.591319,0.9315743210911751
assets__results___archive__v10b_stdskel_fame3__20260907-144350-v10b-stdskel-fame3,assets/results/_archive/v10b_stdskel_fame3/20260907-144350-v10b-stdskel-fame3,v10b-stdskel-fame3,17500,0.595013,0.9114145267009736
assets__results___archive__v10b_stdskel_fame3__20260907-144350-v10b-stdskel-fame3,assets/results/_archive/v10b_stdskel_fame3/20260907-144350-v10b-stdskel-fame3,v10b-stdskel-fame3,20000,0.600881,0.9017620864510536
assets__results___archive__v10b_stdskel_fame3__20260907-144350-v10b-stdskel-fame3,assets/results/_archive/v10b_stdskel_fame3/20260907-144350-v10b-stdskel-fame3,v10b-stdskel-fame3,22500,0.604096,0.8814525327086449
assets__results___archive__v10b_stdskel_fame3__20260907-144350-v10b-stdskel-fame3,assets/results/_archive/v10b_stdskel_fame3/20260907-144350-v10b-stdskel-fame3,v10b-stdskel-fame3,25000,0.599866,0.887125923037529
assets__results___archive__v10b_stdskel_fame3__20260907-144350-v10b-stdskel-fame3,assets/results/_archive/v10b_stdskel_fame3/20260907-144350-v10b-stdskel-fame3,v10b-stdskel-fame3,27500,0.600444,0.877167092859745
assets__results___archive__v10b_stdskel_fame3__20260907-144350-v10b-stdskel-fame3,assets/results/_archive/v10b_stdskel_fame3/20260907-144350-v10b-stdskel-fame3,v10b-stdskel-fame3,30000,0.613583,0.8499537959694863
assets__results___archive__v10b_stdskel_fame3__20260907-144350-v10b-stdskel-fame3,assets/results/_archive/v10b_stdskel_fame3/20260907-144350-v10b-stdskel-fame3,v10b-stdskel-fame3,32500,0.60321,0.8545900055766106
assets__results___archive__v10b_stdskel_fame3__20260907-144350-v10b-stdskel-fame3,assets/results/_archive/v10b_stdskel_fame3/20260907-144350-v10b-stdskel-fame3,v10b-stdskel-fame3,35000,0.610578,0.832067833840847
assets__results___archive__v10b_stdskel_fame3__20260907-144350-v10b-stdskel-fame3,assets/results/_archive/v10b_stdskel_fame3/20260907-144350-v10b-stdskel-fame3,v10b-stdskel-fame3,37500,0.609203,0.8286641952395439
assets__results___archive__v10b_stdskel_fame3__20260907-144350-v10b-stdskel-fame3,assets/results/_archive/v10b_stdskel_fame3/20260907-144350-v10b-stdskel-fame3,v10b-stdskel-fame3,40000,0.612818,0.8167402571439744
assets__results___archive__v10b_stdskel_fame3__20260907-144350-v10b-stdskel-fame3,assets/results/_archive/v10b_stdskel_fame3/20260907-144350-v10b-stdskel-fame3,v10b-stdskel-fame3,42500,0.611707,0.8155545699596405
assets__results___archive__v10b_stdskel_fame3__20260907-144350-v10b-stdskel-fame3,assets/results/_archive/v10b_stdskel_fame3/20260907-144350-v10b-stdskel-fame3,v10b-stdskel-fame3,45000,0.616595,0.8072001641988754
assets__results___archive__v10b_stdskel_fame3__20260907-144350-v10b-stdskel-fame3,assets/results/_archive/v10b_stdskel_fame3/20260907-144350-v10b-stdskel-fame3,v10b-stdskel-fame3,47500,0.617483,0.8080083349347115
assets__results___archive__v10b_stdskel_fame3__20260907-144350-v10b-stdskel-fame3,assets/results/_archive/v10b_stdskel_fame3/20260907-144350-v10b-stdskel-fame3,v10b-stdskel-fame3,50000,0.618474,0.8042712873220443
assets__results___archive__v10b_stdskel_fame3__20260907-144350-v10b-stdskel-fame3,assets/results/_archive/v10b_stdskel_fame3/20260907-144350-v10b-stdskel-fame3,v10b-stdskel-fame3,52500,0.613883,0.8139610251784325
assets__results___archive__v10b_stdskel_fame3__20260907-144350-v10b-stdskel-fame3,assets/results/_archive/v10b_stdskel_fame3/20260907-144350-v10b-stdskel-fame3,v10b-stdskel-fame3,55000,0.614261,0.8139568483829498
assets__results___archive__v10b_stdskel_fame3__20260907-144350-v10b-stdskel-fame3,assets/results/_archive/v10b_stdskel_fame3/20260907-144350-v10b-stdskel-fame3,v10b-stdskel-fame3,57500,0.610688,0.812811566889286
assets__results___archive__v10b_stdskel_fame3_c41x_cos_clean__20260910-120052-v10b-stdskel-fame3-c41x-cos-clean,assets/results/_archive/v10b_stdskel_fame3_c41x_cos_clean/20260910-120052-v10b-stdskel-fame3-c41x-cos-clean,v10b-stdskel-fame3-c41x-cos-clean,175000,0.750984,0.2799358732998371
assets__results___archive__v10b_stdskel_fame3_c41x_cos_e_struct__20260912-011838-v10b-stdskel-fame3-c41x-cos-e-struct,assets/results/_archive/v10b_stdskel_fame3_c41x_cos_e_struct/20260912-011838-v10b-stdskel-fame3-c41x-cos-e-struct,v10b-stdskel-fame3-c41x-cos-e-struct,400000,0.741302,0.293885
assets__results___archive__v10b_stdskel_fame3_c41x_cos_e_struct__20260912-011838-v10b-stdskel-fame3-c41x-cos-e-struct,assets/results/_archive/v10b_stdskel_fame3_c41x_cos_e_struct/20260912-011838-v10b-stdskel-fame3-c41x-cos-e-struct,v10b-stdskel-fame3-c41x-cos-e-struct,410000,0.734069,0.299542
assets__results___archive__v10b_stdskel_fame3_c41x_scratch__20260910-133702-v10b-stdskel-fame3-c41x-scratch,assets/results/_archive/v10b_stdskel_fame3_c41x_scratch/20260910-133702-v10b-stdskel-fame3-c41x-scratch,v10b-stdskel-fame3-c41x-scratch,1000,0.359892,1.0945082902908325
assets__results___archive__v10b_stdskel_fame3_c41x_scratch__20260910-133702-v10b-stdskel-fame3-c41x-scratch,assets/results/_archive/v10b_stdskel_fame3_c41x_scratch/20260910-133702-v10b-stdskel-fame3-c41x-scratch,v10b-stdskel-fame3-c41x-scratch,2000,0.462197,1.1082330882549285
assets__results___archive__v10b_stdskel_fame3_c41x_scratch__20260910-133702-v10b-stdskel-fame3-c41x-scratch,assets/results/_archive/v10b_stdskel_fame3_c41x_scratch/20260910-133702-v10b-stdskel-fame3-c41x-scratch,v10b-stdskel-fame3-c41x-scratch,3000,0.463433,1.1402882158756256
assets__results___archive__v10b_stdskel_fame3_c41x_scratch__20260910-133702-v10b-stdskel-fame3-c41x-scratch,assets/results/_archive/v10b_stdskel_fame3_c41x_scratch/20260910-133702-v10b-stdskel-fame3-c41x-scratch,v10b-stdskel-fame3-c41x-scratch,4000,0.473589,1.1460690438747405
assets__results___archive__v10b_stdskel_fame3_c41x_scratch__20260910-133702-v10b-stdskel-fame3-c41x-scratch,assets/results/_archive/v10b_stdskel_fame3_c41x_scratch/20260910-133702-v10b-stdskel-fame3-c41x-scratch,v10b-stdskel-fame3-c41x-scratch,5000,0.478509,1.1388853192329407
assets__results___archive__v10b_stdskel_fame3_c41x_scratch__20260910-133702-v10b-stdskel-fame3-c41x-scratch,assets/results/_archive/v10b_stdskel_fame3_c41x_scratch/20260910-133702-v10b-stdskel-fame3-c41x-scratch,v10b-stdskel-fame3-c41x-scratch,7500,0.490442,1.10758638381958
assets__results___archive__v10b_stdskel_fame3_c41x_scratch__20260910-133702-v10b-stdskel-fame3-c41x-scratch,assets/results/_archive/v10b_stdskel_fame3_c41x_scratch/20260910-133702-v10b-stdskel-fame3-c41x-scratch,v10b-stdskel-fame3-c41x-scratch,12500,0.502902,1.0629077315330506
assets__results___archive__v10b_stdskel_fame3_d01__20260907-211427-v10b-stdskel-fame3-d01,assets/results/_archive/v10b_stdskel_fame3_d01/20260907-211427-v10b-stdskel-fame3-d01,v10b-stdskel-fame3-d01,1000,0.544578,1.0824396947026254
assets__results___archive__v10b_stdskel_fame3_d01__20260907-211427-v10b-stdskel-fame3-d01,assets/results/_archive/v10b_stdskel_fame3_d01/20260907-211427-v10b-stdskel-fame3-d01,v10b-stdskel-fame3-d01,3000,0.57313,1.001929443180561
assets__results___archive__v10b_stdskel_fame3_d01__20260907-211427-v10b-stdskel-fame3-d01,assets/results/_archive/v10b_stdskel_fame3_d01/20260907-211427-v10b-stdskel-fame3-d01,v10b-stdskel-fame3-d01,5000,0.579906,0.9865018063783646
assets__results___archive__v10b_stdskel_fame3_d01__20260907-211427-v10b-stdskel-fame3-d01,assets/results/_archive/v10b_stdskel_fame3_d01/20260907-211427-v10b-stdskel-fame3-d01,v10b-stdskel-fame3-d01,7500,0.570535,1.0036646339297295
assets__results___archive__v10b_stdskel_fame3_d01__20260907-211427-v10b-stdskel-fame3-d01,assets/results/_archive/v10b_stdskel_fame3_d01/20260907-211427-v10b-stdskel-fame3-d01,v10b-stdskel-fame3-d01,10000,0.574181,0.9957807406783103
assets__results___archive__v10b_stdskel_fame3_d01__20260907-211427-v10b-stdskel-fame3-d01,assets/results/_archive/v10b_stdskel_fame3_d01/20260907-211427-v10b-stdskel-fame3-d01,v10b-stdskel-fame3-d01,15000,0.593687,0.9230165708065033
assets__results___archive__v10b_stdskel_fame3_d01__20260907-211427-v10b-stdskel-fame3-d01,assets/results/_archive/v10b_stdskel_fame3_d01/20260907-211427-v10b-stdskel-fame3-d01,v10b-stdskel-fame3-d01,17500,0.595962,0.9293392628431321
assets__results___archive__v10b_stdskel_fame3_deep__20260908-003035-v10b-stdskel-fame3-deep,assets/results/_archive/v10b_stdskel_fame3_deep/20260908-003035-v10b-stdskel-fame3-deep,v10b-stdskel-fame3-deep,1000,0.559013,1.0421069595217705
assets__results___archive__v10b_stdskel_fame3_deep__20260908-003035-v10b-stdskel-fame3-deep,assets/results/_archive/v10b_stdskel_fame3_deep/20260908-003035-v10b-stdskel-fame3-deep,v10b-stdskel-fame3-deep,3000,0.569417,1.0108850240707397
assets__results___archive__v10b_stdskel_fame3_deep__20260908-003035-v10b-stdskel-fame3-deep,assets/results/_archive/v10b_stdskel_fame3_deep/20260908-003035-v10b-stdskel-fame3-deep,v10b-stdskel-fame3-deep,5000,0.574367,0.9953014665842056
assets__results___archive__v10b_stdskel_fame3_deep__20260908-003035-v10b-stdskel-fame3-deep,assets/results/_archive/v10b_stdskel_fame3_deep/20260908-003035-v10b-stdskel-fame3-deep,v10b-stdskel-fame3-deep,7500,0.570512,1.0206449347734452
assets__results___archive__v10b_stdskel_fame3_deep__20260908-003035-v10b-stdskel-fame3-deep,assets/results/_archive/v10b_stdskel_fame3_deep/20260908-003035-v10b-stdskel-fame3-deep,v10b-stdskel-fame3-deep,10000,0.577106,0.9911022287607193
assets__results___archive__v10b_stdskel_fame3_deep__20260908-003035-v10b-stdskel-fame3-deep,assets/results/_archive/v10b_stdskel_fame3_deep/20260908-003035-v10b-stdskel-fame3-deep,v10b-stdskel-fame3-deep,12500,0.589562,0.956037726700306
assets__results___archive__v10b_stdskel_fame3_deep__20260908-003035-v10b-stdskel-fame3-deep,assets/results/_archive/v10b_stdskel_fame3_deep/20260908-003035-v10b-stdskel-fame3-deep,v10b-stdskel-fame3-deep,15000,0.59346,0.9336676603555679
assets__results___archive__v10b_stdskel_fame3_deep__20260908-003035-v10b-stdskel-fame3-deep,assets/results/_archive/v10b_stdskel_fame3_deep/20260908-003035-v10b-stdskel-fame3-deep,v10b-stdskel-fame3-deep,17500,0.598729,0.930021476149559
assets__results___archive__v10b_stdskel_fame3_deep__20260908-003035-v10b-stdskel-fame3-deep,assets/results/_archive/v10b_stdskel_fame3_deep/20260908-003035-v10b-stdskel-fame3-deep,v10b-stdskel-fame3-deep,20000,0.601552,0.9037859123945237
assets__results___archive__v10b_stdskel_fame3_deep__20260908-003035-v10b-stdskel-fame3-deep,assets/results/_archive/v10b_stdskel_fame3_deep/20260908-003035-v10b-stdskel-fame3-deep,v10b-stdskel-fame3-deep,22500,0.60238,0.8905518546700477
assets__results___archive__v10b_stdskel_fame3_deep__20260908-003035-v10b-stdskel-fame3-deep,assets/results/_archive/v10b_stdskel_fame3_deep/20260908-003035-v10b-stdskel-fame3-deep,v10b-stdskel-fame3-deep,25000,0.605953,0.8707980194687843
assets__results___archive__v10b_stdskel_fame3_deep__20260908-003035-v10b-stdskel-fame3-deep,assets/results/_archive/v10b_stdskel_fame3_deep/20260908-003035-v10b-stdskel-fame3-deep,v10b-stdskel-fame3-deep,27500,0.60887,0.8606843775510788
assets__results___archive__v10b_stdskel_fame3_deep__20260908-003035-v10b-stdskel-fame3-deep,assets/results/_archive/v10b_stdskel_fame3_deep/20260908-003035-v10b-stdskel-fame3-deep,v10b-stdskel-fame3-deep,30000,0.611722,0.8424983638525009
assets__results___archive__v10b_stdskel_fame3_mid__20260907-235343-v10b-stdskel-fame3-mid,assets/results/_archive/v10b_stdskel_fame3_mid/20260907-235343-v10b-stdskel-fame3-mid,v10b-stdskel-fame3-mid,1000,0.544927,1.0731066051125526
assets__results___archive__v10b_stdskel_fame3_scratch_sty32__20260910-173813-v10b-stdskel-fame3-scratch-sty32,assets/results/_archive/v10b_stdskel_fame3_scratch_sty32/20260910-173813-v10b-stdskel-fame3-scratch-sty32,v10b-stdskel-fame3-scratch-sty32,1000,0.366205,1.0297504365444183
assets__results___archive__v10b_stdskel_fame3_scratch_sty32__20260910-173813-v10b-stdskel-fame3-scratch-sty32,assets/results/_archive/v10b_stdskel_fame3_scratch_sty32/20260910-173813-v10b-stdskel-fame3-scratch-sty32,v10b-stdskel-fame3-scratch-sty32,2000,0.445437,1.1151775062084197
assets__results___archive__v10b_stdskel_fame3_scratch_sty32__20260910-173813-v10b-stdskel-fame3-scratch-sty32,assets/results/_archive/v10b_stdskel_fame3_scratch_sty32/20260910-173813-v10b-stdskel-fame3-scratch-sty32,v10b-stdskel-fame3-scratch-sty32,3000,0.456716,1.131670892238617
assets__results___archive__v10b_stdskel_fame3_scratch_sty32__20260910-173813-v10b-stdskel-fame3-scratch-sty32,assets/results/_archive/v10b_stdskel_fame3_scratch_sty32/20260910-173813-v10b-stdskel-fame3-scratch-sty32,v10b-stdskel-fame3-scratch-sty32,4000,0.47934,1.1060534298419953
assets__results___archive__v10b_stdskel_fame3_scratch_sty32__20260910-173813-v10b-stdskel-fame3-scratch-sty32,assets/results/_archive/v10b_stdskel_fame3_scratch_sty32/20260910-173813-v10b-stdskel-fame3-scratch-sty32,v10b-stdskel-fame3-scratch-sty32,5000,0.489969,1.0852893233299254
assets__results___archive__v10b_stdskel_fame3_scratch_sty32__20260910-173813-v10b-stdskel-fame3-scratch-sty32,assets/results/_archive/v10b_stdskel_fame3_scratch_sty32/20260910-173813-v10b-stdskel-fame3-scratch-sty32,v10b-stdskel-fame3-scratch-sty32,7500,0.507489,1.0433289051055907
assets__results___archive__v10b_stdskel_fame3_scratch_sty32__20260910-173813-v10b-stdskel-fame3-scratch-sty32,assets/results/_archive/v10b_stdskel_fame3_scratch_sty32/20260910-173813-v10b-stdskel-fame3-scratch-sty32,v10b-stdskel-fame3-scratch-sty32,10000,0.515069,1.0246823966503142
assets__results___archive__v10b_stdskel_fame3_scratch_sty32__20260910-173813-v10b-stdskel-fame3-scratch-sty32,assets/results/_archive/v10b_stdskel_fame3_scratch_sty32/20260910-173813-v10b-stdskel-fame3-scratch-sty32,v10b-stdskel-fame3-scratch-sty32,15000,0.510113,1.0400429904460906
assets__results___archive__v10b_stdskel_fame3_scratch_sty32__20260910-173813-v10b-stdskel-fame3-scratch-sty32,assets/results/_archive/v10b_stdskel_fame3_scratch_sty32/20260910-173813-v10b-stdskel-fame3-scratch-sty32,v10b-stdskel-fame3-scratch-sty32,17500,0.501881,1.0585891723632812
assets__results___archive__v10b_stdskel_fame3_scratch_sty32__20260910-173813-v10b-stdskel-fame3-scratch-sty32,assets/results/_archive/v10b_stdskel_fame3_scratch_sty32/20260910-173813-v10b-stdskel-fame3-scratch-sty32,v10b-stdskel-fame3-scratch-sty32,20000,0.506606,1.0445659160614014
assets__results___archive__v10b_stdskel_fame3_scratch_sty32__20260910-173813-v10b-stdskel-fame3-scratch-sty32,assets/results/_archive/v10b_stdskel_fame3_scratch_sty32/20260910-173813-v10b-stdskel-fame3-scratch-sty32,v10b-stdskel-fame3-scratch-sty32,22500,0.511571,1.0441389441490174
assets__results___archive__v10b_stdskel_fame3_scratch_sty32__20260910-173813-v10b-stdskel-fame3-scratch-sty32,assets/results/_archive/v10b_stdskel_fame3_scratch_sty32/20260910-173813-v10b-stdskel-fame3-scratch-sty32,v10b-stdskel-fame3-scratch-sty32,25000,0.510099,1.029779988527298
assets__results___archive__v10b_stdskel_fame3_scratch_sty32__20260910-173813-v10b-stdskel-fame3-scratch-sty32,assets/results/_archive/v10b_stdskel_fame3_scratch_sty32/20260910-173813-v10b-stdskel-fame3-scratch-sty32,v10b-stdskel-fame3-scratch-sty32,27500,0.515994,1.030864769220352
assets__results___archive__v10b_stdskel_fame3_scratch_sty32__20260910-173813-v10b-stdskel-fame3-scratch-sty32,assets/results/_archive/v10b_stdskel_fame3_scratch_sty32/20260910-173813-v10b-stdskel-fame3-scratch-sty32,v10b-stdskel-fame3-scratch-sty32,30000,0.515458,1.0276114225387574
assets__results___archive__v10b_stdskel_fame3_scratch_sty32__20260910-173813-v10b-stdskel-fame3-scratch-sty32,assets/results/_archive/v10b_stdskel_fame3_scratch_sty32/20260910-173813-v10b-stdskel-fame3-scratch-sty32,v10b-stdskel-fame3-scratch-sty32,35000,0.512317,1.0300658583641051
assets__results___archive__v10b_stdskel_fame3_scratch_sty32__20260910-173813-v10b-stdskel-fame3-scratch-sty32,assets/results/_archive/v10b_stdskel_fame3_scratch_sty32/20260910-173813-v10b-stdskel-fame3-scratch-sty32,v10b-stdskel-fame3-scratch-sty32,37500,0.516815,1.0180936276912689
assets__results___archive__v10b_stdskel_fame3_scratch_sty32__20260910-173813-v10b-stdskel-fame3-scratch-sty32,assets/results/_archive/v10b_stdskel_fame3_scratch_sty32/20260910-173813-v10b-stdskel-fame3-scratch-sty32,v10b-stdskel-fame3-scratch-sty32,40000,0.516945,1.0193081855773927
assets__results___archive__v10b_stdskel_fame3_scratch_sty32__20260910-173813-v10b-stdskel-fame3-scratch-sty32,assets/results/_archive/v10b_stdskel_fame3_scratch_sty32/20260910-173813-v10b-stdskel-fame3-scratch-sty32,v10b-stdskel-fame3-scratch-sty32,45000,0.518462,1.0149759113788606
assets__results___archive__v10b_stdskel_fame3_scratch_sty32__20260910-173813-v10b-stdskel-fame3-scratch-sty32,assets/results/_archive/v10b_stdskel_fame3_scratch_sty32/20260910-173813-v10b-stdskel-fame3-scratch-sty32,v10b-stdskel-fame3-scratch-sty32,47500,0.521211,0.9932288408279419
assets__results___archive__v10b_stdskel_fame3_scratch_sty32__20260910-205828-v10b-stdskel-fame3-scratch-sty32,assets/results/_archive/v10b_stdskel_fame3_scratch_sty32/20260910-205828-v10b-stdskel-fame3-scratch-sty32,v10b-stdskel-fame3-scratch-sty32,50000,0.520638,0.9957015573978424
assets__results___archive__v10b_stdskel_fame3_scratch_sty32__20260910-205828-v10b-stdskel-fame3-scratch-sty32,assets/results/_archive/v10b_stdskel_fame3_scratch_sty32/20260910-205828-v10b-stdskel-fame3-scratch-sty32,v10b-stdskel-fame3-scratch-sty32,55000,0.518036,0.9948258578777314
assets__results___archive__v10b_stdskel_fame3_scratch_sty32__20260910-205828-v10b-stdskel-fame3-scratch-sty32,assets/results/_archive/v10b_stdskel_fame3_scratch_sty32/20260910-205828-v10b-stdskel-fame3-scratch-sty32,v10b-stdskel-fame3-scratch-sty32,57500,0.518205,0.9962679445743561
assets__results___archive__v10b_stdskel_fame3_scratch_sty32__20260910-205828-v10b-stdskel-fame3-scratch-sty32,assets/results/_archive/v10b_stdskel_fame3_scratch_sty32/20260910-205828-v10b-stdskel-fame3-scratch-sty32,v10b-stdskel-fame3-scratch-sty32,60000,0.517405,0.998171067237854
assets__results___archive__v10b_stdskel_fame3_scratch_sty32__20260910-205828-v10b-stdskel-fame3-scratch-sty32,assets/results/_archive/v10b_stdskel_fame3_scratch_sty32/20260910-205828-v10b-stdskel-fame3-scratch-sty32,v10b-stdskel-fame3-scratch-sty32,65000,0.515911,1.002404773235321
assets__results___archive__v10b_stdskel_fame3_scratch_sty32__20260910-205828-v10b-stdskel-fame3-scratch-sty32,assets/results/_archive/v10b_stdskel_fame3_scratch_sty32/20260910-205828-v10b-stdskel-fame3-scratch-sty32,v10b-stdskel-fame3-scratch-sty32,67500,0.518258,1.000606518983841
assets__results___archive__v10b_stdskel_fame3_scratch_sty32__20260910-205828-v10b-stdskel-fame3-scratch-sty32,assets/results/_archive/v10b_stdskel_fame3_scratch_sty32/20260910-205828-v10b-stdskel-fame3-scratch-sty32,v10b-stdskel-fame3-scratch-sty32,70000,0.515896,1.0057302474975587
assets__results___archive__v10b_stdskel_fame3_scratch_sty32__20260910-224716-v10b-stdskel-fame3-scratch-sty32,assets/results/_archive/v10b_stdskel_fame3_scratch_sty32/20260910-224716-v10b-stdskel-fame3-scratch-sty32,v10b-stdskel-fame3-scratch-sty32,75000,0.517251,1.0003749132156372
assets__results___archive__v10b_stdskel_fame3_scratch_sty32__20260910-224716-v10b-stdskel-fame3-scratch-sty32,assets/results/_archive/v10b_stdskel_fame3_scratch_sty32/20260910-224716-v10b-stdskel-fame3-scratch-sty32,v10b-stdskel-fame3-scratch-sty32,77500,0.517321,1.0005603075027465
assets__results___archive__v10b_stdskel_fame3_scratch_sty32__20260910-224716-v10b-stdskel-fame3-scratch-sty32,assets/results/_archive/v10b_stdskel_fame3_scratch_sty32/20260910-224716-v10b-stdskel-fame3-scratch-sty32,v10b-stdskel-fame3-scratch-sty32,85000,0.514861,1.0081009089946746
assets__results___archive__v10b_stdskel_fame3_scratch_sty32__20260910-224716-v10b-stdskel-fame3-scratch-sty32,assets/results/_archive/v10b_stdskel_fame3_scratch_sty32/20260910-224716-v10b-stdskel-fame3-scratch-sty32,v10b-stdskel-fame3-scratch-sty32,87500,0.516032,1.006443476676941
assets__results___archive__v10b_stdskel_fame3_scratch_sty32__20260910-224716-v10b-stdskel-fame3-scratch-sty32,assets/results/_archive/v10b_stdskel_fame3_scratch_sty32/20260910-224716-v10b-stdskel-fame3-scratch-sty32,v10b-stdskel-fame3-scratch-sty32,100000,0.522132,0.9876504123210907
assets__results___archive__v10b_stdskel_fame3_scratch_sty32__20260910-224716-v10b-stdskel-fame3-scratch-sty32,assets/results/_archive/v10b_stdskel_fame3_scratch_sty32/20260910-224716-v10b-stdskel-fame3-scratch-sty32,v10b-stdskel-fame3-scratch-sty32,107500,0.52995,0.9687559485435486
assets__results___archive__v10b_stdskel_fame3_scratch_sty32__20260910-224716-v10b-stdskel-fame3-scratch-sty32,assets/results/_archive/v10b_stdskel_fame3_scratch_sty32/20260910-224716-v10b-stdskel-fame3-scratch-sty32,v10b-stdskel-fame3-scratch-sty32,110000,0.534117,0.9552089393138885
assets__results___archive__v10b_stdskel_fame3_scratch_sty32__20260910-224716-v10b-stdskel-fame3-scratch-sty32,assets/results/_archive/v10b_stdskel_fame3_scratch_sty32/20260910-224716-v10b-stdskel-fame3-scratch-sty32,v10b-stdskel-fame3-scratch-sty32,115000,0.535884,0.9460522353649139
assets__results___archive__v10b_stdskel_fame3_scratch_sty32__20260910-224716-v10b-stdskel-fame3-scratch-sty32,assets/results/_archive/v10b_stdskel_fame3_scratch_sty32/20260910-224716-v10b-stdskel-fame3-scratch-sty32,v10b-stdskel-fame3-scratch-sty32,117500,0.541018,0.9273825705051422
assets__results___archive__v10b_stdskel_fame3_scratch_sty32__20260910-224716-v10b-stdskel-fame3-scratch-sty32,assets/results/_archive/v10b_stdskel_fame3_scratch_sty32/20260910-224716-v10b-stdskel-fame3-scratch-sty32,v10b-stdskel-fame3-scratch-sty32,120000,0.544233,0.9167486310005188
assets__results___archive__v10b_stdskel_fame3_scratch_sty32__20260910-224716-v10b-stdskel-fame3-scratch-sty32,assets/results/_archive/v10b_stdskel_fame3_scratch_sty32/20260910-224716-v10b-stdskel-fame3-scratch-sty32,v10b-stdskel-fame3-scratch-sty32,125000,0.54325,0.9128006041049957
assets__results___archive__v10b_stdskel_fame3_scratch_sty32__20260910-224716-v10b-stdskel-fame3-scratch-sty32,assets/results/_archive/v10b_stdskel_fame3_scratch_sty32/20260910-224716-v10b-stdskel-fame3-scratch-sty32,v10b-stdskel-fame3-scratch-sty32,127500,0.541061,0.9061018168926239
assets__results___archive__v10b_stdskel_fame3_scratch_sty32__20260910-224716-v10b-stdskel-fame3-scratch-sty32,assets/results/_archive/v10b_stdskel_fame3_scratch_sty32/20260910-224716-v10b-stdskel-fame3-scratch-sty32,v10b-stdskel-fame3-scratch-sty32,130000,0.544477,0.8928623259067535
assets__results___archive__v10b_stdskel_fame3_scratch_sty32__20260910-224716-v10b-stdskel-fame3-scratch-sty32,assets/results/_archive/v10b_stdskel_fame3_scratch_sty32/20260910-224716-v10b-stdskel-fame3-scratch-sty32,v10b-stdskel-fame3-scratch-sty32,135000,0.542044,0.8974410355091095
assets__results___archive__v10b_stdskel_fame3_scratch_sty32__20260910-224716-v10b-stdskel-fame3-scratch-sty32,assets/results/_archive/v10b_stdskel_fame3_scratch_sty32/20260910-224716-v10b-stdskel-fame3-scratch-sty32,v10b-stdskel-fame3-scratch-sty32,137500,0.545353,0.8819024920463562
assets__results___archive__v10b_stdskel_fame3_scratch_sty32__20260910-224716-v10b-stdskel-fame3-scratch-sty32,assets/results/_archive/v10b_stdskel_fame3_scratch_sty32/20260910-224716-v10b-stdskel-fame3-scratch-sty32,v10b-stdskel-fame3-scratch-sty32,140000,0.557769,0.8371286988258362
assets__results___archive__v10b_stdskel_fame3_scratch_sty32__20260910-224716-v10b-stdskel-fame3-scratch-sty32,assets/results/_archive/v10b_stdskel_fame3_scratch_sty32/20260910-224716-v10b-stdskel-fame3-scratch-sty32,v10b-stdskel-fame3-scratch-sty32,145000,0.562013,0.8138983070850372
assets__results___archive__v10b_stdskel_fame3_scratch_sty32__20260910-224716-v10b-stdskel-fame3-scratch-sty32,assets/results/_archive/v10b_stdskel_fame3_scratch_sty32/20260910-224716-v10b-stdskel-fame3-scratch-sty32,v10b-stdskel-fame3-scratch-sty32,147500,0.56241,0.8104102134704589
assets__results___archive__v10b_stdskel_fame3_scratch_sty32__20260910-224716-v10b-stdskel-fame3-scratch-sty32,assets/results/_archive/v10b_stdskel_fame3_scratch_sty32/20260910-224716-v10b-stdskel-fame3-scratch-sty32,v10b-stdskel-fame3-scratch-sty32,150000,0.569158,0.7860382556915283
assets__results___archive__v10b_stdskel_fame3_scratch_sty32__20260910-224716-v10b-stdskel-fame3-scratch-sty32,assets/results/_archive/v10b_stdskel_fame3_scratch_sty32/20260910-224716-v10b-stdskel-fame3-scratch-sty32,v10b-stdskel-fame3-scratch-sty32,155000,0.575837,0.754854217171669
assets__results___archive__v10b_stdskel_fame3_scratch_sty32__20260910-224716-v10b-stdskel-fame3-scratch-sty32,assets/results/_archive/v10b_stdskel_fame3_scratch_sty32/20260910-224716-v10b-stdskel-fame3-scratch-sty32,v10b-stdskel-fame3-scratch-sty32,157500,0.58127,0.7328080147504806
assets__results___archive__v10b_stdskel_fame3_scratch_sty32__20260910-224716-v10b-stdskel-fame3-scratch-sty32,assets/results/_archive/v10b_stdskel_fame3_scratch_sty32/20260910-224716-v10b-stdskel-fame3-scratch-sty32,v10b-stdskel-fame3-scratch-sty32,160000,0.587117,0.716897901892662
assets__results___archive__v10b_stdskel_fame3_scratch_sty32__20260910-224716-v10b-stdskel-fame3-scratch-sty32,assets/results/_archive/v10b_stdskel_fame3_scratch_sty32/20260910-224716-v10b-stdskel-fame3-scratch-sty32,v10b-stdskel-fame3-scratch-sty32,165000,0.595896,0.6885621130466462
assets__results___archive__v10b_stdskel_fame3_scratch_sty32__20260910-224716-v10b-stdskel-fame3-scratch-sty32,assets/results/_archive/v10b_stdskel_fame3_scratch_sty32/20260910-224716-v10b-stdskel-fame3-scratch-sty32,v10b-stdskel-fame3-scratch-sty32,167500,0.602189,0.6697666436433792
assets__results___archive__v10b_stdskel_fame3_scratch_sty32__20260910-224716-v10b-stdskel-fame3-scratch-sty32,assets/results/_archive/v10b_stdskel_fame3_scratch_sty32/20260910-224716-v10b-stdskel-fame3-scratch-sty32,v10b-stdskel-fame3-scratch-sty32,170000,0.606795,0.6468641728162765
assets__results___archive__v10b_stdskel_fame3_scratch_sty32__20260910-224716-v10b-stdskel-fame3-scratch-sty32,assets/results/_archive/v10b_stdskel_fame3_scratch_sty32/20260910-224716-v10b-stdskel-fame3-scratch-sty32,v10b-stdskel-fame3-scratch-sty32,175000,0.617503,0.6096433103084564
assets__results___archive__v10b_stdskel_fame3_scratch_sty32__20260910-224716-v10b-stdskel-fame3-scratch-sty32,assets/results/_archive/v10b_stdskel_fame3_scratch_sty32/20260910-224716-v10b-stdskel-fame3-scratch-sty32,v10b-stdskel-fame3-scratch-sty32,177500,0.62991,0.5702208995819091
assets__results___archive__v10b_stdskel_fame3_scratch_sty32__20260910-224716-v10b-stdskel-fame3-scratch-sty32,assets/results/_archive/v10b_stdskel_fame3_scratch_sty32/20260910-224716-v10b-stdskel-fame3-scratch-sty32,v10b-stdskel-fame3-scratch-sty32,180000,0.636093,0.5527753710746766
assets__results___archive__v10b_stdskel_fame3_scratch_sty32__20260910-224716-v10b-stdskel-fame3-scratch-sty32,assets/results/_archive/v10b_stdskel_fame3_scratch_sty32/20260910-224716-v10b-stdskel-fame3-scratch-sty32,v10b-stdskel-fame3-scratch-sty32,185000,0.645104,0.5356969475746155
assets__results___archive__v10b_stdskel_fame3_scratch_sty32__20260910-224716-v10b-stdskel-fame3-scratch-sty32,assets/results/_archive/v10b_stdskel_fame3_scratch_sty32/20260910-224716-v10b-stdskel-fame3-scratch-sty32,v10b-stdskel-fame3-scratch-sty32,187500,0.650929,0.5208646774291992
assets__results___archive__v10b_stdskel_fame3_scratch_sty32__20260910-224716-v10b-stdskel-fame3-scratch-sty32,assets/results/_archive/v10b_stdskel_fame3_scratch_sty32/20260910-224716-v10b-stdskel-fame3-scratch-sty32,v10b-stdskel-fame3-scratch-sty32,190000,0.652926,0.5144897177815437
assets__results___archive__v10b_stdskel_fame3_scratch_sty32__20260910-224716-v10b-stdskel-fame3-scratch-sty32,assets/results/_archive/v10b_stdskel_fame3_scratch_sty32/20260910-224716-v10b-stdskel-fame3-scratch-sty32,v10b-stdskel-fame3-scratch-sty32,195000,0.662156,0.48833321034908295
assets__results___archive__v10b_stdskel_fame3_scratch_sty32__20260910-224716-v10b-stdskel-fame3-scratch-sty32,assets/results/_archive/v10b_stdskel_fame3_scratch_sty32/20260910-224716-v10b-stdskel-fame3-scratch-sty32,v10b-stdskel-fame3-scratch-sty32,197500,0.669014,0.46159247159957884
assets__results___archive__v10b_stdskel_fame3_scratch_sty32_s__20260911-075000-v10b-stdskel-fame3-scratch-sty32-s,assets/results/_archive/v10b_stdskel_fame3_scratch_sty32_s/20260911-075000-v10b-stdskel-fame3-scratch-sty32-s,v10b-stdskel-fame3-scratch-sty32-s,1000,0.35428,1.0608358204364776
assets__results___archive__v10b_stdskel_fame3_scratch_sty32_s__20260911-075000-v10b-stdskel-fame3-scratch-sty32-s,assets/results/_archive/v10b_stdskel_fame3_scratch_sty32_s/20260911-075000-v10b-stdskel-fame3-scratch-sty32-s,v10b-stdskel-fame3-scratch-sty32-s,2000,0.44878,1.0803400099277496
assets__results___archive__v10b_stdskel_fame3_scratch_sty32_s__20260911-075000-v10b-stdskel-fame3-scratch-sty32-s,assets/results/_archive/v10b_stdskel_fame3_scratch_sty32_s/20260911-075000-v10b-stdskel-fame3-scratch-sty32-s,v10b-stdskel-fame3-scratch-sty32-s,3000,0.454315,1.122344034910202
assets__results___archive__v10b_stdskel_fame3_scratch_sty32_s__20260911-075000-v10b-stdskel-fame3-scratch-sty32-s,assets/results/_archive/v10b_stdskel_fame3_scratch_sty32_s/20260911-075000-v10b-stdskel-fame3-scratch-sty32-s,v10b-stdskel-fame3-scratch-sty32-s,4000,0.460402,1.1374563872814178
assets__results___archive__v10b_stdskel_fame3_scratch_sty32_s__20260911-075000-v10b-stdskel-fame3-scratch-sty32-s,assets/results/_archive/v10b_stdskel_fame3_scratch_sty32_s/20260911-075000-v10b-stdskel-fame3-scratch-sty32-s,v10b-stdskel-fame3-scratch-sty32-s,5000,0.472699,1.1279532790184021
assets__results___archive__v10b_stdskel_fame3_scratch_sty32_s__20260911-075000-v10b-stdskel-fame3-scratch-sty32-s,assets/results/_archive/v10b_stdskel_fame3_scratch_sty32_s/20260911-075000-v10b-stdskel-fame3-scratch-sty32-s,v10b-stdskel-fame3-scratch-sty32-s,7500,0.486284,1.0910998582839966
assets__results___archive__v10b_stdskel_fame3_scratch_sty32_s__20260911-075000-v10b-stdskel-fame3-scratch-sty32-s,assets/results/_archive/v10b_stdskel_fame3_scratch_sty32_s/20260911-075000-v10b-stdskel-fame3-scratch-sty32-s,v10b-stdskel-fame3-scratch-sty32-s,10000,0.498369,1.0643520772457122
assets__results___archive__v10b_stdskel_fame3_scratch_sty32_s__20260911-075000-v10b-stdskel-fame3-scratch-sty32-s,assets/results/_archive/v10b_stdskel_fame3_scratch_sty32_s/20260911-075000-v10b-stdskel-fame3-scratch-sty32-s,v10b-stdskel-fame3-scratch-sty32-s,15000,0.512769,1.0264625430107117
assets__results___archive__v10b_stdskel_fame3_scratch_sty32_s__20260911-075000-v10b-stdskel-fame3-scratch-sty32-s,assets/results/_archive/v10b_stdskel_fame3_scratch_sty32_s/20260911-075000-v10b-stdskel-fame3-scratch-sty32-s,v10b-stdskel-fame3-scratch-sty32-s,17500,0.513222,1.0322313845157622
assets__results___archive__v10b_stdskel_fame3_scratch_sty32_s__20260911-075000-v10b-stdskel-fame3-scratch-sty32-s,assets/results/_archive/v10b_stdskel_fame3_scratch_sty32_s/20260911-075000-v10b-stdskel-fame3-scratch-sty32-s,v10b-stdskel-fame3-scratch-sty32-s,20000,0.513981,1.0357542157173156
assets__results___archive__v10b_stdskel_fame3_scratch_sty32_s__20260911-075000-v10b-stdskel-fame3-scratch-sty32-s,assets/results/_archive/v10b_stdskel_fame3_scratch_sty32_s/20260911-075000-v10b-stdskel-fame3-scratch-sty32-s,v10b-stdskel-fame3-scratch-sty32-s,25000,0.506938,1.0611432254314423
assets__results___archive__v10b_stdskel_fame3_scratch_sty32_s__20260911-075000-v10b-stdskel-fame3-scratch-sty32-s,assets/results/_archive/v10b_stdskel_fame3_scratch_sty32_s/20260911-075000-v10b-stdskel-fame3-scratch-sty32-s,v10b-stdskel-fame3-scratch-sty32-s,27500,0.503611,1.0645482778549193
assets__results___archive__v10b_stdskel_fame3_scratch_sty32_s__20260911-075000-v10b-stdskel-fame3-scratch-sty32-s,assets/results/_archive/v10b_stdskel_fame3_scratch_sty32_s/20260911-075000-v10b-stdskel-fame3-scratch-sty32-s,v10b-stdskel-fame3-scratch-sty32-s,30000,0.504801,1.0444730401039124
assets__results___archive__v10b_stdskel_fame3_scratch_sty32_s__20260911-075000-v10b-stdskel-fame3-scratch-sty32-s,assets/results/_archive/v10b_stdskel_fame3_scratch_sty32_s/20260911-075000-v10b-stdskel-fame3-scratch-sty32-s,v10b-stdskel-fame3-scratch-sty32-s,35000,0.510316,1.0338563919067383
assets__results___archive__v10b_stdskel_fame3_scratch_sty32_s__20260911-075000-v10b-stdskel-fame3-scratch-sty32-s,assets/results/_archive/v10b_stdskel_fame3_scratch_sty32_s/20260911-075000-v10b-stdskel-fame3-scratch-sty32-s,v10b-stdskel-fame3-scratch-sty32-s,37500,0.508289,1.0392597019672394
assets__results___archive__v10b_stdskel_fame3_scratch_sty32_s__20260911-075000-v10b-stdskel-fame3-scratch-sty32-s,assets/results/_archive/v10b_stdskel_fame3_scratch_sty32_s/20260911-075000-v10b-stdskel-fame3-scratch-sty32-s,v10b-stdskel-fame3-scratch-sty32-s,40000,0.51356,1.0247160494327545
assets__results___archive__v10b_stdskel_fame3_scratch_sty32_s__20260911-075000-v10b-stdskel-fame3-scratch-sty32-s,assets/results/_archive/v10b_stdskel_fame3_scratch_sty32_s/20260911-075000-v10b-stdskel-fame3-scratch-sty32-s,v10b-stdskel-fame3-scratch-sty32-s,45000,0.508195,1.0175200819969177
assets__results___archive__v10b_stdskel_fame3_scratch_sty32_s__20260911-075000-v10b-stdskel-fame3-scratch-sty32-s,assets/results/_archive/v10b_stdskel_fame3_scratch_sty32_s/20260911-075000-v10b-stdskel-fame3-scratch-sty32-s,v10b-stdskel-fame3-scratch-sty32-s,47500,0.512028,1.00713769197464
assets__results___archive__v10b_stdskel_fame3_scratch_sty32_s__20260911-075000-v10b-stdskel-fame3-scratch-sty32-s,assets/results/_archive/v10b_stdskel_fame3_scratch_sty32_s/20260911-075000-v10b-stdskel-fame3-scratch-sty32-s,v10b-stdskel-fame3-scratch-sty32-s,50000,0.511834,1.0057105779647828
assets__results___archive__v10b_stdskel_fame3_scratch_sty32_s__20260911-075000-v10b-stdskel-fame3-scratch-sty32-s,assets/results/_archive/v10b_stdskel_fame3_scratch_sty32_s/20260911-075000-v10b-stdskel-fame3-scratch-sty32-s,v10b-stdskel-fame3-scratch-sty32-s,55000,0.516876,1.0049460113048554
assets__results___archive__v10b_stdskel_fame3_scratch_sty32_s__20260911-075000-v10b-stdskel-fame3-scratch-sty32-s,assets/results/_archive/v10b_stdskel_fame3_scratch_sty32_s/20260911-075000-v10b-stdskel-fame3-scratch-sty32-s,v10b-stdskel-fame3-scratch-sty32-s,57500,0.516827,1.0039097309112548
assets__results___archive__v10b_stdskel_fame3_scratch_sty32_s__20260911-075000-v10b-stdskel-fame3-scratch-sty32-s,assets/results/_archive/v10b_stdskel_fame3_scratch_sty32_s/20260911-075000-v10b-stdskel-fame3-scratch-sty32-s,v10b-stdskel-fame3-scratch-sty32-s,60000,0.516748,1.0041851937770843
assets__results___archive__v10b_stdskel_fame3_scratch_sty32_s__20260911-075000-v10b-stdskel-fame3-scratch-sty32-s,assets/results/_archive/v10b_stdskel_fame3_scratch_sty32_s/20260911-075000-v10b-stdskel-fame3-scratch-sty32-s,v10b-stdskel-fame3-scratch-sty32-s,65000,0.513266,1.0008154690265656
assets__results___archive__v10b_stdskel_fame3_scratch_sty32_s__20260911-075000-v10b-stdskel-fame3-scratch-sty32-s,assets/results/_archive/v10b_stdskel_fame3_scratch_sty32_s/20260911-075000-v10b-stdskel-fame3-scratch-sty32-s,v10b-stdskel-fame3-scratch-sty32-s,67500,0.514184,0.9967727601528168
assets__results___archive__v10b_stdskel_fame3_scratch_sty32_s__20260911-075000-v10b-stdskel-fame3-scratch-sty32-s,assets/results/_archive/v10b_stdskel_fame3_scratch_sty32_s/20260911-075000-v10b-stdskel-fame3-scratch-sty32-s,v10b-stdskel-fame3-scratch-sty32-s,70000,0.515435,0.9917830288410187
assets__results___archive__v10b_stdskel_fame3_scratch_sty32_s__20260911-075000-v10b-stdskel-fame3-scratch-sty32-s,assets/results/_archive/v10b_stdskel_fame3_scratch_sty32_s/20260911-075000-v10b-stdskel-fame3-scratch-sty32-s,v10b-stdskel-fame3-scratch-sty32-s,75000,0.515735,0.9910538196563721
assets__results___archive__v10b_stdskel_fame3_scratch_sty32_s__20260911-075000-v10b-stdskel-fame3-scratch-sty32-s,assets/results/_archive/v10b_stdskel_fame3_scratch_sty32_s/20260911-075000-v10b-stdskel-fame3-scratch-sty32-s,v10b-stdskel-fame3-scratch-sty32-s,77500,0.517042,0.9868835389614106
assets__results___archive__v10b_stdskel_fame3_scratch_sty32_s__20260911-075000-v10b-stdskel-fame3-scratch-sty32-s,assets/results/_archive/v10b_stdskel_fame3_scratch_sty32_s/20260911-075000-v10b-stdskel-fame3-scratch-sty32-s,v10b-stdskel-fame3-scratch-sty32-s,80000,0.515755,0.989076554775238
assets__results___archive__v10b_stdskel_fame3_scratch_sty32_s__20260911-075000-v10b-stdskel-fame3-scratch-sty32-s,assets/results/_archive/v10b_stdskel_fame3_scratch_sty32_s/20260911-075000-v10b-stdskel-fame3-scratch-sty32-s,v10b-stdskel-fame3-scratch-sty32-s,85000,0.51557,1.000891673564911
assets__results___archive__v10b_stdskel_fame3_scratch_sty32_s__20260911-075000-v10b-stdskel-fame3-scratch-sty32-s,assets/results/_archive/v10b_stdskel_fame3_scratch_sty32_s/20260911-075000-v10b-stdskel-fame3-scratch-sty32-s,v10b-stdskel-fame3-scratch-sty32-s,87500,0.518023,0.9991231083869934
assets__results___archive__v10b_stdskel_fame3_scratch_sty32_s__20260911-075000-v10b-stdskel-fame3-scratch-sty32-s,assets/results/_archive/v10b_stdskel_fame3_scratch_sty32_s/20260911-075000-v10b-stdskel-fame3-scratch-sty32-s,v10b-stdskel-fame3-scratch-sty32-s,90000,0.518805,0.9965626657009125
assets__results___archive__v10b_stdskel_fame3_scratch_sty32_s__20260911-075000-v10b-stdskel-fame3-scratch-sty32-s,assets/results/_archive/v10b_stdskel_fame3_scratch_sty32_s/20260911-075000-v10b-stdskel-fame3-scratch-sty32-s,v10b-stdskel-fame3-scratch-sty32-s,95000,0.521997,0.9843597531318664
assets__results___archive__v10b_stdskel_fame3_scratch_sty32_s__20260911-075000-v10b-stdskel-fame3-scratch-sty32-s,assets/results/_archive/v10b_stdskel_fame3_scratch_sty32_s/20260911-075000-v10b-stdskel-fame3-scratch-sty32-s,v10b-stdskel-fame3-scratch-sty32-s,97500,0.523087,0.9828015446662903
assets__results___archive__v10b_stdskel_fame3_scratch_sty32_s__20260911-075000-v10b-stdskel-fame3-scratch-sty32-s,assets/results/_archive/v10b_stdskel_fame3_scratch_sty32_s/20260911-075000-v10b-stdskel-fame3-scratch-sty32-s,v10b-stdskel-fame3-scratch-sty32-s,100000,0.519736,0.9696418821811676
assets__results___archive__v10b_stdskel_fame3_scratch_sty32_s__20260911-075000-v10b-stdskel-fame3-scratch-sty32-s,assets/results/_archive/v10b_stdskel_fame3_scratch_sty32_s/20260911-075000-v10b-stdskel-fame3-scratch-sty32-s,v10b-stdskel-fame3-scratch-sty32-s,105000,0.524468,0.9738616645336151
assets__results___archive__v10b_stdskel_fame3_scratch_sty32_s__20260911-075000-v10b-stdskel-fame3-scratch-sty32-s,assets/results/_archive/v10b_stdskel_fame3_scratch_sty32_s/20260911-075000-v10b-stdskel-fame3-scratch-sty32-s,v10b-stdskel-fame3-scratch-sty32-s,107500,0.518881,0.9632688105106354
assets__results___archive__v10b_stdskel_fame3_scratch_sty32_s_aux__20260911-141832-v10b-stdskel-fame3-scratch-sty32-s-aux,assets/results/_archive/v10b_stdskel_fame3_scratch_sty32_s_aux/20260911-141832-v10b-stdskel-fame3-scratch-sty32-s-aux,v10b-stdskel-fame3-scratch-sty32-s-aux,1000,0.354901,1.0598106145858766
assets__results___archive__v10b_stdskel_fame3_scratch_sty32_s_aux__20260911-142555-v10b-stdskel-fame3-scratch-sty32-s-aux,assets/results/_archive/v10b_stdskel_fame3_scratch_sty32_s_aux/20260911-142555-v10b-stdskel-fame3-scratch-sty32-s-aux,v10b-stdskel-fame3-scratch-sty32-s-aux,1000,0.377165,0.9914039373397827
assets__results___archive__v10b_stdskel_fame3_scratch_sty32_s_aux__20260911-142555-v10b-stdskel-fame3-scratch-sty32-s-aux,assets/results/_archive/v10b_stdskel_fame3_scratch_sty32_s_aux/20260911-142555-v10b-stdskel-fame3-scratch-sty32-s-aux,v10b-stdskel-fame3-scratch-sty32-s-aux,2000,0.439175,1.0748477399349212
assets__results___archive__v10b_stdskel_fame3_scratch_sty32_s_aux__20260911-142555-v10b-stdskel-fame3-scratch-sty32-s-aux,assets/results/_archive/v10b_stdskel_fame3_scratch_sty32_s_aux/20260911-142555-v10b-stdskel-fame3-scratch-sty32-s-aux,v10b-stdskel-fame3-scratch-sty32-s-aux,3000,0.440246,1.1387416660785674
assets__results___archive__v10b_stdskel_fame3_scratch_sty32_s_aux__20260911-142555-v10b-stdskel-fame3-scratch-sty32-s-aux,assets/results/_archive/v10b_stdskel_fame3_scratch_sty32_s_aux/20260911-142555-v10b-stdskel-fame3-scratch-sty32-s-aux,v10b-stdskel-fame3-scratch-sty32-s-aux,4000,0.435384,1.1789749145507813
assets__results___archive__v10b_stdskel_fame3_scratch_sty32_s_aux__20260911-142555-v10b-stdskel-fame3-scratch-sty32-s-aux,assets/results/_archive/v10b_stdskel_fame3_scratch_sty32_s_aux/20260911-142555-v10b-stdskel-fame3-scratch-sty32-s-aux,v10b-stdskel-fame3-scratch-sty32-s-aux,5000,0.436285,1.170686376094818
assets__results___archive__v10b_stdskel_fame3_scratch_sty32_s_aux__20260911-142555-v10b-stdskel-fame3-scratch-sty32-s-aux,assets/results/_archive/v10b_stdskel_fame3_scratch_sty32_s_aux/20260911-142555-v10b-stdskel-fame3-scratch-sty32-s-aux,v10b-stdskel-fame3-scratch-sty32-s-aux,7500,0.455524,1.1535646319389343
assets__results___archive__v10b_stdskel_fame3_scratch_sty32_s_aux__20260911-142555-v10b-stdskel-fame3-scratch-sty32-s-aux,assets/results/_archive/v10b_stdskel_fame3_scratch_sty32_s_aux/20260911-142555-v10b-stdskel-fame3-scratch-sty32-s-aux,v10b-stdskel-fame3-scratch-sty32-s-aux,10000,0.459332,1.1427610099315644
assets__results___archive__v10b_stdskel_fame3_scratch_sty32_s_aux__20260911-151113-v10b-stdskel-fame3-scratch-sty32-s-aux,assets/results/_archive/v10b_stdskel_fame3_scratch_sty32_s_aux/20260911-151113-v10b-stdskel-fame3-scratch-sty32-s-aux,v10b-stdskel-fame3-scratch-sty32-s-aux,2000,0.435741,1.0944816946983338
assets__results___archive__v10b_stdskel_fame3_scratch_sty32_s_aux__20260911-151113-v10b-stdskel-fame3-scratch-sty32-s-aux,assets/results/_archive/v10b_stdskel_fame3_scratch_sty32_s_aux/20260911-151113-v10b-stdskel-fame3-scratch-sty32-s-aux,v10b-stdskel-fame3-scratch-sty32-s-aux,3000,0.438707,1.1355904936790466
assets__results___archive__v10b_stdskel_fame3_scratch_sty32_s_aux__20260911-151113-v10b-stdskel-fame3-scratch-sty32-s-aux,assets/results/_archive/v10b_stdskel_fame3_scratch_sty32_s_aux/20260911-151113-v10b-stdskel-fame3-scratch-sty32-s-aux,v10b-stdskel-fame3-scratch-sty32-s-aux,4000,0.456005,1.119949221611023
assets__results___archive__v10b_stdskel_fame3_scratch_sty32_s_aux__20260911-151113-v10b-stdskel-fame3-scratch-sty32-s-aux,assets/results/_archive/v10b_stdskel_fame3_scratch_sty32_s_aux/20260911-151113-v10b-stdskel-fame3-scratch-sty32-s-aux,v10b-stdskel-fame3-scratch-sty32-s-aux,5000,0.441605,1.163618803024292
assets__results___archive__v10b_stdskel_fame3_scratch_sty32_s_aux__20260911-151113-v10b-stdskel-fame3-scratch-sty32-s-aux,assets/results/_archive/v10b_stdskel_fame3_scratch_sty32_s_aux/20260911-151113-v10b-stdskel-fame3-scratch-sty32-s-aux,v10b-stdskel-fame3-scratch-sty32-s-aux,7500,0.446367,1.1706303477287292
assets__results___archive__v10b_stdskel_fame3_scratch_sty32_s_aux__20260911-151113-v10b-stdskel-fame3-scratch-sty32-s-aux,assets/results/_archive/v10b_stdskel_fame3_scratch_sty32_s_aux/20260911-151113-v10b-stdskel-fame3-scratch-sty32-s-aux,v10b-stdskel-fame3-scratch-sty32-s-aux,15000,0.473086,1.1185051202774048
assets__results___archive__v10b_stdskel_fame3_scratch_sty32_s_aux__20260911-151113-v10b-stdskel-fame3-scratch-sty32-s-aux,assets/results/_archive/v10b_stdskel_fame3_scratch_sty32_s_aux/20260911-151113-v10b-stdskel-fame3-scratch-sty32-s-aux,v10b-stdskel-fame3-scratch-sty32-s-aux,17500,0.474877,1.1136955082416535
assets__results___archive__v10b_stdskel_fame3_scratch_sty32_s_aux__20260911-151113-v10b-stdskel-fame3-scratch-sty32-s-aux,assets/results/_archive/v10b_stdskel_fame3_scratch_sty32_s_aux/20260911-151113-v10b-stdskel-fame3-scratch-sty32-s-aux,v10b-stdskel-fame3-scratch-sty32-s-aux,25000,0.50088,1.0680667161941528
assets__results___archive__v10b_stdskel_fame3_scratch_sty32_s_aux__20260911-151113-v10b-stdskel-fame3-scratch-sty32-s-aux,assets/results/_archive/v10b_stdskel_fame3_scratch_sty32_s_aux/20260911-151113-v10b-stdskel-fame3-scratch-sty32-s-aux,v10b-stdskel-fame3-scratch-sty32-s-aux,27500,0.490004,1.0764347970485688
assets__results___archive__v10b_stdskel_fame3_scratch_sty32_s_aux__20260911-151113-v10b-stdskel-fame3-scratch-sty32-s-aux,assets/results/_archive/v10b_stdskel_fame3_scratch_sty32_s_aux/20260911-151113-v10b-stdskel-fame3-scratch-sty32-s-aux,v10b-stdskel-fame3-scratch-sty32-s-aux,32500,0.488022,1.0799559891223907
assets__results___archive__v10b_stdskel_fame3_scratch_sty32_s_aux__20260911-151113-v10b-stdskel-fame3-scratch-sty32-s-aux,assets/results/_archive/v10b_stdskel_fame3_scratch_sty32_s_aux/20260911-151113-v10b-stdskel-fame3-scratch-sty32-s-aux,v10b-stdskel-fame3-scratch-sty32-s-aux,35000,0.507677,1.0312011420726777
assets__results___archive__v10b_stdskel_fame3_scratch_sty32_s_aux__20260911-151113-v10b-stdskel-fame3-scratch-sty32-s-aux,assets/results/_archive/v10b_stdskel_fame3_scratch_sty32_s_aux/20260911-151113-v10b-stdskel-fame3-scratch-sty32-s-aux,v10b-stdskel-fame3-scratch-sty32-s-aux,37500,0.480745,1.0999676406383514
assets__results___archive__v10b_stdskel_fame3_scratch_sty32_s_aux__20260911-180759-v10b-stdskel-fame3-scratch-sty32-s-aux,assets/results/_archive/v10b_stdskel_fame3_scratch_sty32_s_aux/20260911-180759-v10b-stdskel-fame3-scratch-sty32-s-aux,v10b-stdskel-fame3-scratch-sty32-s-aux,1000,0.369219,1.022452449798584
assets__results___archive__v10b_stdskel_fame3_scratch_sty32_s_aux__20260911-180759-v10b-stdskel-fame3-scratch-sty32-s-aux,assets/results/_archive/v10b_stdskel_fame3_scratch_sty32_s_aux/20260911-180759-v10b-stdskel-fame3-scratch-sty32-s-aux,v10b-stdskel-fame3-scratch-sty32-s-aux,2000,0.425376,1.1025798439979553
assets__results___archive__v10b_stdskel_fame3_scratch_sty32_s_aux__20260911-180759-v10b-stdskel-fame3-scratch-sty32-s-aux,assets/results/_archive/v10b_stdskel_fame3_scratch_sty32_s_aux/20260911-180759-v10b-stdskel-fame3-scratch-sty32-s-aux,v10b-stdskel-fame3-scratch-sty32-s-aux,3000,0.439057,1.1334626376628876
assets__results___archive__v10b_stdskel_fame3_scratch_sty32_s_aux__20260911-180759-v10b-stdskel-fame3-scratch-sty32-s-aux,assets/results/_archive/v10b_stdskel_fame3_scratch_sty32_s_aux/20260911-180759-v10b-stdskel-fame3-scratch-sty32-s-aux,v10b-stdskel-fame3-scratch-sty32-s-aux,4000,0.439806,1.1293131113052368
assets__results___archive__v10b_stdskel_fame3_scratch_sty32_s_aux__20260911-180759-v10b-stdskel-fame3-scratch-sty32-s-aux,assets/results/_archive/v10b_stdskel_fame3_scratch_sty32_s_aux/20260911-180759-v10b-stdskel-fame3-scratch-sty32-s-aux,v10b-stdskel-fame3-scratch-sty32-s-aux,5000,0.446716,1.155017966032028
assets__results___archive__v10b_stdskel_fame3_scratch_sty32_s_aux__20260911-180759-v10b-stdskel-fame3-scratch-sty32-s-aux,assets/results/_archive/v10b_stdskel_fame3_scratch_sty32_s_aux/20260911-180759-v10b-stdskel-fame3-scratch-sty32-s-aux,v10b-stdskel-fame3-scratch-sty32-s-aux,7500,0.445656,1.1604305863380433
assets__results___archive__v10b_stdskel_fame3_scratch_sty32_s_aux__20260911-195016-v10b-stdskel-fame3-scratch-sty32-s-aux,assets/results/_archive/v10b_stdskel_fame3_scratch_sty32_s_aux/20260911-195016-v10b-stdskel-fame3-scratch-sty32-s-aux,v10b-stdskel-fame3-scratch-sty32-s-aux,1000,0.351969,1.0236674547195435
assets__results___archive__v10b_stdskel_fame3_scratch_sty32_s_aux__20260911-201236-v10b-stdskel-fame3-scratch-sty32-s-aux,assets/results/_archive/v10b_stdskel_fame3_scratch_sty32_s_aux/20260911-201236-v10b-stdskel-fame3-scratch-sty32-s-aux,v10b-stdskel-fame3-scratch-sty32-s-aux,1000,0.344266,1.0472366988658905
assets__results___archive__v10b_stdskel_fame3_scratch_sty32_s_aux__20260911-201236-v10b-stdskel-fame3-scratch-sty32-s-aux,assets/results/_archive/v10b_stdskel_fame3_scratch_sty32_s_aux/20260911-201236-v10b-stdskel-fame3-scratch-sty32-s-aux,v10b-stdskel-fame3-scratch-sty32-s-aux,2000,0.404212,1.15793616771698
assets__results___archive__v10b_stdskel_fame3_scratch_sty32_s_aux__20260911-201236-v10b-stdskel-fame3-scratch-sty32-s-aux,assets/results/_archive/v10b_stdskel_fame3_scratch_sty32_s_aux/20260911-201236-v10b-stdskel-fame3-scratch-sty32-s-aux,v10b-stdskel-fame3-scratch-sty32-s-aux,3000,0.41625,1.1811540365219115
assets__results___archive__v10b_stdskel_fame3_scratch_sty32_s_aux__20260911-201236-v10b-stdskel-fame3-scratch-sty32-s-aux,assets/results/_archive/v10b_stdskel_fame3_scratch_sty32_s_aux/20260911-201236-v10b-stdskel-fame3-scratch-sty32-s-aux,v10b-stdskel-fame3-scratch-sty32-s-aux,5000,0.423117,1.200569
assets__results___archive__v10b_stdskel_fame3_scratch_sty32_s_aux__20260911-201236-v10b-stdskel-fame3-scratch-sty32-s-aux,assets/results/_archive/v10b_stdskel_fame3_scratch_sty32_s_aux/20260911-201236-v10b-stdskel-fame3-scratch-sty32-s-aux,v10b-stdskel-fame3-scratch-sty32-s-aux,7500,0.424111,1.21795
assets__results___archive__v10b_stdskel_fame3_scratch_sty32_s_aux__20260911-201236-v10b-stdskel-fame3-scratch-sty32-s-aux,assets/results/_archive/v10b_stdskel_fame3_scratch_sty32_s_aux/20260911-201236-v10b-stdskel-fame3-scratch-sty32-s-aux,v10b-stdskel-fame3-scratch-sty32-s-aux,10000,0.434185,1.203687
assets__results___archive__v10b_stdskel_fame3_scratch_sty32_s_aux__20260911-201236-v10b-stdskel-fame3-scratch-sty32-s-aux,assets/results/_archive/v10b_stdskel_fame3_scratch_sty32_s_aux/20260911-201236-v10b-stdskel-fame3-scratch-sty32-s-aux,v10b-stdskel-fame3-scratch-sty32-s-aux,12500,0.440851,1.19606
assets__results___archive__v10b_stdskel_fame3_scratch_sty32_s_aux__20260911-201236-v10b-stdskel-fame3-scratch-sty32-s-aux,assets/results/_archive/v10b_stdskel_fame3_scratch_sty32_s_aux/20260911-201236-v10b-stdskel-fame3-scratch-sty32-s-aux,v10b-stdskel-fame3-scratch-sty32-s-aux,15000,0.447941,1.174289
assets__results___archive__v10b_stdskel_fame3_scratch_sty32_s_aux__20260911-201236-v10b-stdskel-fame3-scratch-sty32-s-aux,assets/results/_archive/v10b_stdskel_fame3_scratch_sty32_s_aux/20260911-201236-v10b-stdskel-fame3-scratch-sty32-s-aux,v10b-stdskel-fame3-scratch-sty32-s-aux,17500,0.45885,1.151924
assets__results___archive__v10b_stdskel_fame3_scratch_sty32_s_aux__20260911-201236-v10b-stdskel-fame3-scratch-sty32-s-aux,assets/results/_archive/v10b_stdskel_fame3_scratch_sty32_s_aux/20260911-201236-v10b-stdskel-fame3-scratch-sty32-s-aux,v10b-stdskel-fame3-scratch-sty32-s-aux,20000,0.462693,1.1393
assets__results___archive__v10b_stdskel_fame3_scratch_sty32_s_aux__20260911-201236-v10b-stdskel-fame3-scratch-sty32-s-aux,assets/results/_archive/v10b_stdskel_fame3_scratch_sty32_s_aux/20260911-201236-v10b-stdskel-fame3-scratch-sty32-s-aux,v10b-stdskel-fame3-scratch-sty32-s-aux,22500,0.469785,1.12646
assets__results___archive__v10b_stdskel_fame3_scratch_sty32_s_aux__20260911-201236-v10b-stdskel-fame3-scratch-sty32-s-aux,assets/results/_archive/v10b_stdskel_fame3_scratch_sty32_s_aux/20260911-201236-v10b-stdskel-fame3-scratch-sty32-s-aux,v10b-stdskel-fame3-scratch-sty32-s-aux,25000,0.470375,1.123955
assets__results___archive__v10b_stdskel_fame3_scratch_sty32_s_aux__20260911-201236-v10b-stdskel-fame3-scratch-sty32-s-aux,assets/results/_archive/v10b_stdskel_fame3_scratch_sty32_s_aux/20260911-201236-v10b-stdskel-fame3-scratch-sty32-s-aux,v10b-stdskel-fame3-scratch-sty32-s-aux,27500,0.472588,1.120533
assets__results___archive__v10b_stdskel_fame3_scratch_sty32_s_aux__20260911-201236-v10b-stdskel-fame3-scratch-sty32-s-aux,assets/results/_archive/v10b_stdskel_fame3_scratch_sty32_s_aux/20260911-201236-v10b-stdskel-fame3-scratch-sty32-s-aux,v10b-stdskel-fame3-scratch-sty32-s-aux,30000,0.473929,1.117729
assets__results___archive__v10b_stdskel_fame3_scratch_sty32_s_aux__20260911-201236-v10b-stdskel-fame3-scratch-sty32-s-aux,assets/results/_archive/v10b_stdskel_fame3_scratch_sty32_s_aux/20260911-201236-v10b-stdskel-fame3-scratch-sty32-s-aux,v10b-stdskel-fame3-scratch-sty32-s-aux,32500,0.47297,1.121324
assets__results___archive__v10b_stdskel_fame3_scratch_sty32_s_aux__20260911-201236-v10b-stdskel-fame3-scratch-sty32-s-aux,assets/results/_archive/v10b_stdskel_fame3_scratch_sty32_s_aux/20260911-201236-v10b-stdskel-fame3-scratch-sty32-s-aux,v10b-stdskel-fame3-scratch-sty32-s-aux,35000,0.474169,1.119304
assets__results___archive__v10b_stdskel_fame3_sp2__20260908-135937-v10b-stdskel-fame3-sp2,assets/results/_archive/v10b_stdskel_fame3_sp2/20260908-135937-v10b-stdskel-fame3-sp2,v10b-stdskel-fame3-sp2,7500,0.470601,1.0770220160484314
assets__results___archive__v10b_stdskel_fame3_sp2__20260908-135937-v10b-stdskel-fame3-sp2,assets/results/_archive/v10b_stdskel_fame3_sp2/20260908-135937-v10b-stdskel-fame3-sp2,v10b-stdskel-fame3-sp2,10000,0.465413,1.0938818037509919
assets__results___archive__v10b_stdskel_fame3_sp2__20260908-135937-v10b-stdskel-fame3-sp2,assets/results/_archive/v10b_stdskel_fame3_sp2/20260908-135937-v10b-stdskel-fame3-sp2,v10b-stdskel-fame3-sp2,12500,0.469348,1.0581933915615083
assets__results___archive__v10b_stdskel_fame3_sp2__20260908-135937-v10b-stdskel-fame3-sp2,assets/results/_archive/v10b_stdskel_fame3_sp2/20260908-135937-v10b-stdskel-fame3-sp2,v10b-stdskel-fame3-sp2,15000,0.467403,1.0595364034175874
assets__results___archive__v10b_stdskel_fame3_sp2__20260908-135937-v10b-stdskel-fame3-sp2,assets/results/_archive/v10b_stdskel_fame3_sp2/20260908-135937-v10b-stdskel-fame3-sp2,v10b-stdskel-fame3-sp2,17500,0.476082,1.0484037458896638
assets__results___archive__v10b_stdskel_fame3_sp2__20260908-135937-v10b-stdskel-fame3-sp2,assets/results/_archive/v10b_stdskel_fame3_sp2/20260908-135937-v10b-stdskel-fame3-sp2,v10b-stdskel-fame3-sp2,20000,0.47295,1.0434073626995086
assets__results___archive__v10b_stdskel_fame3_sp2__20260908-135937-v10b-stdskel-fame3-sp2,assets/results/_archive/v10b_stdskel_fame3_sp2/20260908-135937-v10b-stdskel-fame3-sp2,v10b-stdskel-fame3-sp2,22500,0.480251,1.045395964384079
assets__results___archive__v10b_stdskel_fame3_sp2__20260908-135937-v10b-stdskel-fame3-sp2,assets/results/_archive/v10b_stdskel_fame3_sp2/20260908-135937-v10b-stdskel-fame3-sp2,v10b-stdskel-fame3-sp2,25000,0.479978,1.0388857781887055
assets__results___archive__v10b_stdskel_fame3_sp2__20260908-135937-v10b-stdskel-fame3-sp2,assets/results/_archive/v10b_stdskel_fame3_sp2/20260908-135937-v10b-stdskel-fame3-sp2,v10b-stdskel-fame3-sp2,27500,0.479907,1.041167038679123
assets__results___archive__v10b_stdskel_pretrain__20260907-141032-v10b-stdskel-pretrain,assets/results/_archive/v10b_stdskel_pretrain/20260907-141032-v10b-stdskel-pretrain,v10b-stdskel-pretrain,1000,0.540351,1.0738430586457253
assets__results___archive__v10b_stdskel_pretrain__20260907-141032-v10b-stdskel-pretrain,assets/results/_archive/v10b_stdskel_pretrain/20260907-141032-v10b-stdskel-pretrain,v10b-stdskel-pretrain,2000,0.55278,1.0399564808607102
assets__results___archive__v10brepa_strong__20260907-125716-v10b-repa-strong,assets/results/_archive/v10brepa_strong/20260907-125716-v10b-repa-strong,v10b-repa-strong,1000,0.748618,0.3585221930965781
assets__results___archive__v10brepa_strong__20260907-125716-v10b-repa-strong,assets/results/_archive/v10brepa_strong/20260907-125716-v10b-repa-strong,v10b-repa-strong,2000,0.75803,0.33853736594319345
assets__results___archive__v10brepa_strong__20260907-125716-v10b-repa-strong,assets/results/_archive/v10brepa_strong/20260907-125716-v10b-repa-strong,v10b-repa-strong,3000,0.758886,0.3275819097459316
assets__results___archive__v10brepa_strong__20260907-125716-v10b-repa-strong,assets/results/_archive/v10brepa_strong/20260907-125716-v10b-repa-strong,v10b-repa-strong,4000,0.75802,0.32045347943902014
assets__results___archive__v10brepa_strong__20260907-125716-v10b-repa-strong,assets/results/_archive/v10brepa_strong/20260907-125716-v10b-repa-strong,v10b-repa-strong,5000,0.7534,0.3062103246152401
assets__results___archive__v10brepa_strong__20260907-125716-v10b-repa-strong,assets/results/_archive/v10brepa_strong/20260907-125716-v10b-repa-strong,v10b-repa-strong,7500,0.753751,0.28410602666437623
assets__results___archive__v8_3stage__v8a__20260902-122709-v8a-s30-base,assets/results/_archive/v8_3stage/v8a/20260902-122709-v8a-s30-base,v8a-s30-base,1000,0.445912,1.1669964212179185
assets__results___archive__v8_3stage__v8a__20260902-122709-v8a-s30-base,assets/results/_archive/v8_3stage/v8a/20260902-122709-v8a-s30-base,v8a-s30-base,2000,0.461321,1.163922565639019
assets__results___archive__v8_3stage__v8a__20260902-123403-v8a-s30-base,assets/results/_archive/v8_3stage/v8a/20260902-123403-v8a-s30-base,v8a-s30-base,1000,0.447279,1.1655798748731614
assets__results___archive__v8_3stage__v8a__20260902-125615-v8a-s30-base,assets/results/_archive/v8_3stage/v8a/20260902-125615-v8a-s30-base,v8a-s30-base,1000,0.446794,1.1688337745666504
assets__results___archive__v8_3stage__v8a__20260902-125615-v8a-s30-base,assets/results/_archive/v8_3stage/v8a/20260902-125615-v8a-s30-base,v8a-s30-base,2000,0.46274,1.1604212527275086
assets__results___archive__v8_3stage__v8a__20260902-125615-v8a-s30-base,assets/results/_archive/v8_3stage/v8a/20260902-125615-v8a-s30-base,v8a-s30-base,3000,0.467396,1.1582486333250999
assets__results___archive__v8_3stage__v8a__20260902-125615-v8a-s30-base,assets/results/_archive/v8_3stage/v8a/20260902-125615-v8a-s30-base,v8a-s30-base,4000,0.468623,1.1602004377245902
assets__results___archive__v8_3stage__v8a__20260902-125615-v8a-s30-base,assets/results/_archive/v8_3stage/v8a/20260902-125615-v8a-s30-base,v8a-s30-base,5000,0.467276,1.163341000020504
assets__results___archive__v8_3stage__v8a__20260902-125615-v8a-s30-base,assets/results/_archive/v8_3stage/v8a/20260902-125615-v8a-s30-base,v8a-s30-base,7500,0.470045,1.1592158326506614
assets__results___archive__v8_3stage__v8a__20260902-125615-v8a-s30-base,assets/results/_archive/v8_3stage/v8a/20260902-125615-v8a-s30-base,v8a-s30-base,10000,0.472887,1.1471673412919043
assets__results___archive__v8_3stage__v8a__20260902-125615-v8a-s30-base,assets/results/_archive/v8_3stage/v8a/20260902-125615-v8a-s30-base,v8a-s30-base,12500,0.473728,1.1426396077275276
assets__results___archive__v8_3stage__v8a__20260902-125615-v8a-s30-base,assets/results/_archive/v8_3stage/v8a/20260902-125615-v8a-s30-base,v8a-s30-base,15000,0.473717,1.1379419201016425
assets__results___archive__v8_3stage__v8a__20260902-125615-v8a-s30-base,assets/results/_archive/v8_3stage/v8a/20260902-125615-v8a-s30-base,v8a-s30-base,17500,0.475276,1.1323673179745675
assets__results___archive__v8_3stage__v8a__20260902-125615-v8a-s30-base,assets/results/_archive/v8_3stage/v8a/20260902-125615-v8a-s30-base,v8a-s30-base,20000,0.476058,1.1317222424149513
assets__results___archive__v8_3stage__v8a__20260902-125615-v8a-s30-base,assets/results/_archive/v8_3stage/v8a/20260902-125615-v8a-s30-base,v8a-s30-base,22500,0.476311,1.1273022285699845
assets__results___archive__v8_3stage__v8a__20260902-125615-v8a-s30-base,assets/results/_archive/v8_3stage/v8a/20260902-125615-v8a-s30-base,v8a-s30-base,25000,0.478004,1.1209706593155861
assets__results___archive__v8_3stage__v8a__20260902-125615-v8a-s30-base,assets/results/_archive/v8_3stage/v8a/20260902-125615-v8a-s30-base,v8a-s30-base,27500,0.478855,1.1199801125526427
assets__results___archive__v8_3stage__v8a__20260902-125615-v8a-s30-base,assets/results/_archive/v8_3stage/v8a/20260902-125615-v8a-s30-base,v8a-s30-base,30000,0.481611,1.1106425343751907
assets__results___archive__v8_3stage__v8a__20260902-125615-v8a-s30-base,assets/results/_archive/v8_3stage/v8a/20260902-125615-v8a-s30-base,v8a-s30-base,32500,0.482649,1.1061753116846085
assets__results___archive__v8_3stage__v8a__20260902-125615-v8a-s30-base,assets/results/_archive/v8_3stage/v8a/20260902-125615-v8a-s30-base,v8a-s30-base,35000,0.483039,1.1054248206019401
assets__results___archive__v8_3stage__v8a__20260902-125615-v8a-s30-base,assets/results/_archive/v8_3stage/v8a/20260902-125615-v8a-s30-base,v8a-s30-base,37500,0.483441,1.1022385569810866
assets__results___archive__v8_3stage__v8a__20260902-125615-v8a-s30-base,assets/results/_archive/v8_3stage/v8a/20260902-125615-v8a-s30-base,v8a-s30-base,40000,0.484763,1.0976739164590836
assets__results___archive__v8_3stage__v8a__20260902-125615-v8a-s30-base,assets/results/_archive/v8_3stage/v8a/20260902-125615-v8a-s30-base,v8a-s30-base,42500,0.487541,1.090604722082615
assets__results___archive__v8_3stage__v8a__20260902-125615-v8a-s30-base,assets/results/_archive/v8_3stage/v8a/20260902-125615-v8a-s30-base,v8a-s30-base,45000,0.488351,1.0862574458122254
assets__results___archive__v8_3stage__v8a__20260902-125615-v8a-s30-base,assets/results/_archive/v8_3stage/v8a/20260902-125615-v8a-s30-base,v8a-s30-base,47500,0.489786,1.0823934332728387
assets__results___archive__v8_3stage__v8a__20260902-125615-v8a-s30-base,assets/results/_archive/v8_3stage/v8a/20260902-125615-v8a-s30-base,v8a-s30-base,50000,0.491324,1.079175782740116
assets__results___archive__v8_3stage__v8a__20260902-125615-v8a-s30-base,assets/results/_archive/v8_3stage/v8a/20260902-125615-v8a-s30-base,v8a-s30-base,52500,0.492995,1.0748653551340104
assets__results___archive__v8_3stage__v8a__20260902-125615-v8a-s30-base,assets/results/_archive/v8_3stage/v8a/20260902-125615-v8a-s30-base,v8a-s30-base,55000,0.494573,1.0712973200678826
assets__results___archive__v8_3stage__v8a__20260902-125615-v8a-s30-base,assets/results/_archive/v8_3stage/v8a/20260902-125615-v8a-s30-base,v8a-s30-base,57500,0.49506,1.0699663633704186
assets__results___archive__v8_3stage__v8a__20260902-125615-v8a-s30-base,assets/results/_archive/v8_3stage/v8a/20260902-125615-v8a-s30-base,v8a-s30-base,60000,0.495514,1.0669268392324447
assets__results___archive__v8_3stage__v8a__20260902-125615-v8a-s30-base,assets/results/_archive/v8_3stage/v8a/20260902-125615-v8a-s30-base,v8a-s30-base,62500,0.496243,1.06504651761055
assets__results___archive__v8_3stage__v8a__20260902-125615-v8a-s30-base,assets/results/_archive/v8_3stage/v8a/20260902-125615-v8a-s30-base,v8a-s30-base,65000,0.496994,1.0615871260166168
assets__results___archive__v8_3stage__v8a__20260902-125615-v8a-s30-base,assets/results/_archive/v8_3stage/v8a/20260902-125615-v8a-s30-base,v8a-s30-base,67500,0.497444,1.059546459376812
assets__results___archive__v8_3stage__v8a__20260902-125615-v8a-s30-base,assets/results/_archive/v8_3stage/v8a/20260902-125615-v8a-s30-base,v8a-s30-base,70000,0.498594,1.0555619981884956
assets__results___archive__v8_3stage__v8a__20260902-125615-v8a-s30-base,assets/results/_archive/v8_3stage/v8a/20260902-125615-v8a-s30-base,v8a-s30-base,72500,0.499463,1.052938171863556
assets__results___archive__v8_3stage__v8a__20260902-125615-v8a-s30-base,assets/results/_archive/v8_3stage/v8a/20260902-125615-v8a-s30-base,v8a-s30-base,75000,0.499562,1.052059064924717
assets__results___archive__v8_3stage__v8a__20260902-125615-v8a-s30-base,assets/results/_archive/v8_3stage/v8a/20260902-125615-v8a-s30-base,v8a-s30-base,77500,0.500294,1.0502740982174874
assets__results___archive__v8_3stage__v8a__20260902-125615-v8a-s30-base,assets/results/_archive/v8_3stage/v8a/20260902-125615-v8a-s30-base,v8a-s30-base,80000,0.501462,1.0474874108433723
assets__results___archive__v8_3stage__v8a__20260902-125615-v8a-s30-base,assets/results/_archive/v8_3stage/v8a/20260902-125615-v8a-s30-base,v8a-s30-base,82500,0.501919,1.0449940353035927
assets__results___archive__v8_3stage__v8a__20260902-125615-v8a-s30-base,assets/results/_archive/v8_3stage/v8a/20260902-125615-v8a-s30-base,v8a-s30-base,85000,0.501546,1.0440542157292365
assets__results___archive__v8_3stage__v8a__20260902-125615-v8a-s30-base,assets/results/_archive/v8_3stage/v8a/20260902-125615-v8a-s30-base,v8a-s30-base,87500,0.502548,1.0411590723991393
assets__results___archive__v8_3stage__v8a__20260902-125615-v8a-s30-base,assets/results/_archive/v8_3stage/v8a/20260902-125615-v8a-s30-base,v8a-s30-base,90000,0.503651,1.0385893102288246
assets__results___archive__v8_3stage__v8a__20260902-125615-v8a-s30-base,assets/results/_archive/v8_3stage/v8a/20260902-125615-v8a-s30-base,v8a-s30-base,92500,0.504132,1.037970207989216
assets__results___archive__v8_3stage__v8a__20260902-125615-v8a-s30-base,assets/results/_archive/v8_3stage/v8a/20260902-125615-v8a-s30-base,v8a-s30-base,95000,0.504501,1.0368440161943435
assets__results___archive__v8_3stage__v8a__20260902-125615-v8a-s30-base,assets/results/_archive/v8_3stage/v8a/20260902-125615-v8a-s30-base,v8a-s30-base,97500,0.504672,1.0348808019161224
assets__results___archive__v8_3stage__v8a__20260902-125615-v8a-s30-base,assets/results/_archive/v8_3stage/v8a/20260902-125615-v8a-s30-base,v8a-s30-base,100000,0.50608,1.0301493354439735
assets__results___archive__v8_3stage__v8a__20260902-125615-v8a-s30-base,assets/results/_archive/v8_3stage/v8a/20260902-125615-v8a-s30-base,v8a-s30-base,102500,0.506334,1.0296661769747735
assets__results___archive__v8_3stage__v8a__20260902-125615-v8a-s30-base,assets/results/_archive/v8_3stage/v8a/20260902-125615-v8a-s30-base,v8a-s30-base,105000,0.507096,1.0288318483829497
assets__results___archive__v8_3stage__v8a__20260902-125615-v8a-s30-base,assets/results/_archive/v8_3stage/v8a/20260902-125615-v8a-s30-base,v8a-s30-base,107500,0.507808,1.0259005222320556
assets__results___archive__v8_3stage__v8a__20260902-125615-v8a-s30-base,assets/results/_archive/v8_3stage/v8a/20260902-125615-v8a-s30-base,v8a-s30-base,110000,0.508565,1.0242636255025863
assets__results___archive__v8_3stage__v8a__20260902-125615-v8a-s30-base,assets/results/_archive/v8_3stage/v8a/20260902-125615-v8a-s30-base,v8a-s30-base,112500,0.509305,1.021431173145771
assets__results___archive__v8_3stage__v8a__20260902-125615-v8a-s30-base,assets/results/_archive/v8_3stage/v8a/20260902-125615-v8a-s30-base,v8a-s30-base,115000,0.50947,1.0210858333706856
assets__results___archive__v8_3stage__v8a__20260902-125615-v8a-s30-base,assets/results/_archive/v8_3stage/v8a/20260902-125615-v8a-s30-base,v8a-s30-base,117500,0.510223,1.018868492245674
assets__results___archive__v8_3stage__v8a__20260902-125615-v8a-s30-base,assets/results/_archive/v8_3stage/v8a/20260902-125615-v8a-s30-base,v8a-s30-base,120000,0.511777,1.0160812184512615
assets__results___archive__v8_3stage__v8a__20260902-125615-v8a-s30-base,assets/results/_archive/v8_3stage/v8a/20260902-125615-v8a-s30-base,v8a-s30-base,122500,0.512144,1.0138734991252423
assets__results___archive__v8_3stage__v8a__20260902-125615-v8a-s30-base,assets/results/_archive/v8_3stage/v8a/20260902-125615-v8a-s30-base,v8a-s30-base,125000,0.511487,1.0139172455370427
assets__results___archive__v8_3stage__v8a__20260902-125615-v8a-s30-base,assets/results/_archive/v8_3stage/v8a/20260902-125615-v8a-s30-base,v8a-s30-base,127500,0.511751,1.0117612198293209
assets__results___archive__v8_3stage__v8a__20260902-125615-v8a-s30-base,assets/results/_archive/v8_3stage/v8a/20260902-125615-v8a-s30-base,v8a-s30-base,130000,0.512106,1.0102455676198006
assets__results___archive__v8_3stage__v8a__20260902-125615-v8a-s30-base,assets/results/_archive/v8_3stage/v8a/20260902-125615-v8a-s30-base,v8a-s30-base,132500,0.512105,1.0099687300026416
assets__results___archive__v9a_repa_pretrain__20260905-004106-v9a-repa-pretrain,assets/results/_archive/v9a_repa_pretrain/20260905-004106-v9a-repa-pretrain,v9a-repa-pretrain,1000,0.449474,1.16750829744339
assets__results___archive__v9a_repa_pretrain__20260905-004106-v9a-repa-pretrain,assets/results/_archive/v9a_repa_pretrain/20260905-004106-v9a-repa-pretrain,v9a-repa-pretrain,2000,0.465631,1.1499409179091453
assets__results___archive__v9a_repa_pretrain__20260905-004106-v9a-repa-pretrain,assets/results/_archive/v9a_repa_pretrain/20260905-004106-v9a-repa-pretrain,v9a-repa-pretrain,3000,0.467768,1.1502282994389534
assets__results___archive__v9a_repa_pretrain__20260905-004106-v9a-repa-pretrain,assets/results/_archive/v9a_repa_pretrain/20260905-004106-v9a-repa-pretrain,v9a-repa-pretrain,4000,0.472721,1.1414597861170768
assets__results___archive__v9a_repa_pretrain__20260905-004106-v9a-repa-pretrain,assets/results/_archive/v9a_repa_pretrain/20260905-004106-v9a-repa-pretrain,v9a-repa-pretrain,5000,0.471687,1.1455466617941856
assets__results___archive__v9a_repa_pretrain__20260905-004106-v9a-repa-pretrain,assets/results/_archive/v9a_repa_pretrain/20260905-004106-v9a-repa-pretrain,v9a-repa-pretrain,7500,0.474193,1.1361621890068054
assets__results___archive__v9a_repa_pretrain__20260905-004106-v9a-repa-pretrain,assets/results/_archive/v9a_repa_pretrain/20260905-004106-v9a-repa-pretrain,v9a-repa-pretrain,10000,0.478976,1.1191329408288002
assets__results___archive__v9a_repa_pretrain__20260905-004106-v9a-repa-pretrain,assets/results/_archive/v9a_repa_pretrain/20260905-004106-v9a-repa-pretrain,v9a-repa-pretrain,12500,0.477931,1.112617705643177
assets__results___archive__v9a_repa_pretrain__20260905-004106-v9a-repa-pretrain,assets/results/_archive/v9a_repa_pretrain/20260905-004106-v9a-repa-pretrain,v9a-repa-pretrain,15000,0.478839,1.1090575145483017
assets__results___archive__v9a_repa_pretrain__20260905-004106-v9a-repa-pretrain,assets/results/_archive/v9a_repa_pretrain/20260905-004106-v9a-repa-pretrain,v9a-repa-pretrain,17500,0.482456,1.0955242583751679
assets__results___archive__v9a_repa_pretrain__20260905-004106-v9a-repa-pretrain,assets/results/_archive/v9a_repa_pretrain/20260905-004106-v9a-repa-pretrain,v9a-repa-pretrain,20000,0.484203,1.0926948354244232
assets__results___archive__v9a_repa_pretrain__20260905-004106-v9a-repa-pretrain,assets/results/_archive/v9a_repa_pretrain/20260905-004106-v9a-repa-pretrain,v9a-repa-pretrain,22500,0.485742,1.0870902928113937
assets__results___archive__v9a_repa_pretrain__20260905-004106-v9a-repa-pretrain,assets/results/_archive/v9a_repa_pretrain/20260905-004106-v9a-repa-pretrain,v9a-repa-pretrain,25000,0.486565,1.0840820627808572
assets__results___archive__v9a_repa_pretrain__20260905-004106-v9a-repa-pretrain,assets/results/_archive/v9a_repa_pretrain/20260905-004106-v9a-repa-pretrain,v9a-repa-pretrain,27500,0.487662,1.0803485842347145
assets__results___archive__v9a_repa_pretrain__20260905-004106-v9a-repa-pretrain,assets/results/_archive/v9a_repa_pretrain/20260905-004106-v9a-repa-pretrain,v9a-repa-pretrain,30000,0.490347,1.0740297430753707
assets__results___archive__v9a_repa_pretrain__20260905-004106-v9a-repa-pretrain,assets/results/_archive/v9a_repa_pretrain/20260905-004106-v9a-repa-pretrain,v9a-repa-pretrain,32500,0.492567,1.0661599982380867
assets__results___archive__v9a_repa_pretrain__20260905-004106-v9a-repa-pretrain,assets/results/_archive/v9a_repa_pretrain/20260905-004106-v9a-repa-pretrain,v9a-repa-pretrain,35000,0.494708,1.0596539970636367
assets__results___archive__v9a_repa_pretrain__20260905-004106-v9a-repa-pretrain,assets/results/_archive/v9a_repa_pretrain/20260905-004106-v9a-repa-pretrain,v9a-repa-pretrain,37500,0.497641,1.0515010668635367
assets__results___archive__v9a_repa_pretrain__20260905-004106-v9a-repa-pretrain,assets/results/_archive/v9a_repa_pretrain/20260905-004106-v9a-repa-pretrain,v9a-repa-pretrain,40000,0.498832,1.044720475256443
assets__results___archive__v9a_repa_pretrain__20260905-004106-v9a-repa-pretrain,assets/results/_archive/v9a_repa_pretrain/20260905-004106-v9a-repa-pretrain,v9a-repa-pretrain,42500,0.500872,1.0402893232107162
assets__results___archive__v9a_repa_pretrain__20260905-004106-v9a-repa-pretrain,assets/results/_archive/v9a_repa_pretrain/20260905-004106-v9a-repa-pretrain,v9a-repa-pretrain,45000,0.500858,1.0375403296351433
assets__results___archive__v9a_repa_pretrain__20260905-004106-v9a-repa-pretrain,assets/results/_archive/v9a_repa_pretrain/20260905-004106-v9a-repa-pretrain,v9a-repa-pretrain,47500,0.501813,1.0331330944299697
assets__results___archive__v9a_repa_pretrain__20260905-004106-v9a-repa-pretrain,assets/results/_archive/v9a_repa_pretrain/20260905-004106-v9a-repa-pretrain,v9a-repa-pretrain,50000,0.502528,1.0297667706608773
assets__results___archive__v9a_repa_pretrain__20260905-004106-v9a-repa-pretrain,assets/results/_archive/v9a_repa_pretrain/20260905-004106-v9a-repa-pretrain,v9a-repa-pretrain,52500,0.504087,1.023839381814003
assets__results___archive__v9a_repa_pretrain__20260905-004106-v9a-repa-pretrain,assets/results/_archive/v9a_repa_pretrain/20260905-004106-v9a-repa-pretrain,v9a-repa-pretrain,55000,0.504857,1.0198129339814186
assets__results___archive__v9a_repa_pretrain__20260905-004106-v9a-repa-pretrain,assets/results/_archive/v9a_repa_pretrain/20260905-004106-v9a-repa-pretrain,v9a-repa-pretrain,57500,0.505776,1.0164592579603196
assets__results___archive__v9a_repa_pretrain__20260905-004106-v9a-repa-pretrain,assets/results/_archive/v9a_repa_pretrain/20260905-004106-v9a-repa-pretrain,v9a-repa-pretrain,60000,0.505884,1.0142735829949379
assets__results___archive__v9a_repa_pretrain__20260905-004106-v9a-repa-pretrain,assets/results/_archive/v9a_repa_pretrain/20260905-004106-v9a-repa-pretrain,v9a-repa-pretrain,62500,0.506877,1.0121471375226974
assets__results___archive__v9a_repa_pretrain__20260905-004106-v9a-repa-pretrain,assets/results/_archive/v9a_repa_pretrain/20260905-004106-v9a-repa-pretrain,v9a-repa-pretrain,65000,0.507681,1.0084422234892845
assets__results___archive__v9a_repa_pretrain__20260905-004106-v9a-repa-pretrain,assets/results/_archive/v9a_repa_pretrain/20260905-004106-v9a-repa-pretrain,v9a-repa-pretrain,67500,0.509704,1.0029978268146515
assets__results___archive__v9a_repa_pretrain__20260905-004106-v9a-repa-pretrain,assets/results/_archive/v9a_repa_pretrain/20260905-004106-v9a-repa-pretrain,v9a-repa-pretrain,70000,0.510558,0.9997238280773163
assets__results___archive__v9a_repa_pretrain__20260905-004106-v9a-repa-pretrain,assets/results/_archive/v9a_repa_pretrain/20260905-004106-v9a-repa-pretrain,v9a-repa-pretrain,72500,0.511221,0.9966822830438614
assets__results___archive__v9a_repa_pretrain__20260905-004106-v9a-repa-pretrain,assets/results/_archive/v9a_repa_pretrain/20260905-004106-v9a-repa-pretrain,v9a-repa-pretrain,75000,0.511994,0.9942049732804299
assets__results___archive__v9a_repa_pretrain__20260905-004106-v9a-repa-pretrain,assets/results/_archive/v9a_repa_pretrain/20260905-004106-v9a-repa-pretrain,v9a-repa-pretrain,77500,0.511607,0.9951195365786553
assets__results___archive__v9a_repa_pretrain__20260905-004106-v9a-repa-pretrain,assets/results/_archive/v9a_repa_pretrain/20260905-004106-v9a-repa-pretrain,v9a-repa-pretrain,80000,0.511518,0.9942216192483901
assets__results___archive__v9a_repa_pretrain__20260905-004106-v9a-repa-pretrain,assets/results/_archive/v9a_repa_pretrain/20260905-004106-v9a-repa-pretrain,v9a-repa-pretrain,82500,0.512609,0.9925265499353408
assets__results___archive__v9a_repa_pretrain__20260905-004106-v9a-repa-pretrain,assets/results/_archive/v9a_repa_pretrain/20260905-004106-v9a-repa-pretrain,v9a-repa-pretrain,85000,0.513107,0.9917246333956719
assets__results___archive__v9a_repa_pretrain__20260905-004106-v9a-repa-pretrain,assets/results/_archive/v9a_repa_pretrain/20260905-004106-v9a-repa-pretrain,v9a-repa-pretrain,87500,0.513495,0.9904104869365692
assets__results___archive__v9a_repa_pretrain__20260905-004106-v9a-repa-pretrain,assets/results/_archive/v9a_repa_pretrain/20260905-004106-v9a-repa-pretrain,v9a-repa-pretrain,90000,0.514375,0.9871989983916283
assets__results___archive__v9a_repa_pretrain__20260905-004106-v9a-repa-pretrain,assets/results/_archive/v9a_repa_pretrain/20260905-004106-v9a-repa-pretrain,v9a-repa-pretrain,92500,0.514282,0.9865156679153443
assets__results___archive__v9a_repa_pretrain__20260905-004106-v9a-repa-pretrain,assets/results/_archive/v9a_repa_pretrain/20260905-004106-v9a-repa-pretrain,v9a-repa-pretrain,95000,0.514853,0.9829788378477097
assets__results___archive__v9a_repa_pretrain__20260905-004106-v9a-repa-pretrain,assets/results/_archive/v9a_repa_pretrain/20260905-004106-v9a-repa-pretrain,v9a-repa-pretrain,97500,0.51515,0.9827631446719169
assets__results___archive__v9a_repa_pretrain__20260905-004106-v9a-repa-pretrain,assets/results/_archive/v9a_repa_pretrain/20260905-004106-v9a-repa-pretrain,v9a-repa-pretrain,100000,0.51538,0.9823253900408745
assets__results___archive__v9a_repa_pretrain__20260905-004106-v9a-repa-pretrain,assets/results/_archive/v9a_repa_pretrain/20260905-004106-v9a-repa-pretrain,v9a-repa-pretrain,102500,0.515587,0.9800351646542549
assets__results___archive__v9a_repa_pretrain__20260905-004106-v9a-repa-pretrain,assets/results/_archive/v9a_repa_pretrain/20260905-004106-v9a-repa-pretrain,v9a-repa-pretrain,105000,0.516022,0.9778011720776558
assets__results___archive__v9a_repa_pretrain__20260905-004106-v9a-repa-pretrain,assets/results/_archive/v9a_repa_pretrain/20260905-004106-v9a-repa-pretrain,v9a-repa-pretrain,107500,0.516753,0.9760286509692669
assets__results___archive__v9a_repa_pretrain__20260905-004106-v9a-repa-pretrain,assets/results/_archive/v9a_repa_pretrain/20260905-004106-v9a-repa-pretrain,v9a-repa-pretrain,110000,0.516716,0.9759670047461987
assets__results___archive__v9a_repa_pretrain__20260905-004106-v9a-repa-pretrain,assets/results/_archive/v9a_repa_pretrain/20260905-004106-v9a-repa-pretrain,v9a-repa-pretrain,112500,0.517107,0.9733374730348587
assets__results___archive__v9a_repa_pretrain__20260905-004106-v9a-repa-pretrain,assets/results/_archive/v9a_repa_pretrain/20260905-004106-v9a-repa-pretrain,v9a-repa-pretrain,115000,0.518059,0.9705360875129699
assets__results___archive__v9a_repa_pretrain__20260905-004106-v9a-repa-pretrain,assets/results/_archive/v9a_repa_pretrain/20260905-004106-v9a-repa-pretrain,v9a-repa-pretrain,117500,0.51905,0.9690293942391872
assets__results___archive__v9a_repa_pretrain__20260905-004106-v9a-repa-pretrain,assets/results/_archive/v9a_repa_pretrain/20260905-004106-v9a-repa-pretrain,v9a-repa-pretrain,120000,0.51895,0.969629762262106
assets__results___archive__v9a_repa_pretrain__20260905-004106-v9a-repa-pretrain,assets/results/_archive/v9a_repa_pretrain/20260905-004106-v9a-repa-pretrain,v9a-repa-pretrain,122500,0.518655,0.9695276834964752
assets__results___archive__v9a_repa_pretrain__20260905-004106-v9a-repa-pretrain,assets/results/_archive/v9a_repa_pretrain/20260905-004106-v9a-repa-pretrain,v9a-repa-pretrain,125000,0.519406,0.9662725482583046
assets__results___archive__v9a_repa_pretrain__20260905-004106-v9a-repa-pretrain,assets/results/_archive/v9a_repa_pretrain/20260905-004106-v9a-repa-pretrain,v9a-repa-pretrain,127500,0.519699,0.9646032418310643
assets__results___archive__v9a_repa_pretrain__20260905-004106-v9a-repa-pretrain,assets/results/_archive/v9a_repa_pretrain/20260905-004106-v9a-repa-pretrain,v9a-repa-pretrain,130000,0.520379,0.9620562967658043
assets__results__v10b_stdskel_fame3_c41x__20260908-192304-v10b-stdskel-fame3-c41x,assets/results/v10b_stdskel_fame3_c41x/20260908-192304-v10b-stdskel-fame3-c41x,v10b-stdskel-fame3-c41x,30000,0.490834,1.027075433731079
assets__results__v10b_stdskel_fame3_c41x__20260908-214432-v10b-stdskel-fame3-c41x,assets/results/v10b_stdskel_fame3_c41x/20260908-214432-v10b-stdskel-fame3-c41x,v10b-stdskel-fame3-c41x,32500,0.493808,1.0178393006324769
assets__results__v10b_stdskel_fame3_c41x__20260908-214432-v10b-stdskel-fame3-c41x,assets/results/v10b_stdskel_fame3_c41x/20260908-214432-v10b-stdskel-fame3-c41x,v10b-stdskel-fame3-c41x,35000,0.492441,1.0181836366653443
assets__results__v10b_stdskel_fame3_c41x__20260908-214432-v10b-stdskel-fame3-c41x,assets/results/v10b_stdskel_fame3_c41x/20260908-214432-v10b-stdskel-fame3-c41x,v10b-stdskel-fame3-c41x,37500,0.492484,1.0127987802028655
assets__results__v10b_stdskel_fame3_c41x__20260908-214432-v10b-stdskel-fame3-c41x,assets/results/v10b_stdskel_fame3_c41x/20260908-214432-v10b-stdskel-fame3-c41x,v10b-stdskel-fame3-c41x,40000,0.49603,1.0055258691310882
assets__results__v10b_stdskel_fame3_c41x__20260908-214432-v10b-stdskel-fame3-c41x,assets/results/v10b_stdskel_fame3_c41x/20260908-214432-v10b-stdskel-fame3-c41x,v10b-stdskel-fame3-c41x,47500,0.504744,0.9645108819007874
assets__results__v10b_stdskel_fame3_c41x__20260908-214432-v10b-stdskel-fame3-c41x,assets/results/v10b_stdskel_fame3_c41x/20260908-214432-v10b-stdskel-fame3-c41x,v10b-stdskel-fame3-c41x,52500,0.509323,0.9436432480812073
assets__results__v10b_stdskel_fame3_c41x__20260908-232551-v10b-stdskel-fame3-c41x,assets/results/v10b_stdskel_fame3_c41x/20260908-232551-v10b-stdskel-fame3-c41x,v10b-stdskel-fame3-c41x,55000,0.512351,0.9296399056911469
assets__results__v10b_stdskel_fame3_c41x__20260908-232551-v10b-stdskel-fame3-c41x,assets/results/v10b_stdskel_fame3_c41x/20260908-232551-v10b-stdskel-fame3-c41x,v10b-stdskel-fame3-c41x,57500,0.516667,0.9221724450588227
assets__results__v10b_stdskel_fame3_c41x__20260908-232551-v10b-stdskel-fame3-c41x,assets/results/v10b_stdskel_fame3_c41x/20260908-232551-v10b-stdskel-fame3-c41x,v10b-stdskel-fame3-c41x,60000,0.515753,0.9149804234504699
assets__results__v10b_stdskel_fame3_c41x__20260908-232551-v10b-stdskel-fame3-c41x,assets/results/v10b_stdskel_fame3_c41x/20260908-232551-v10b-stdskel-fame3-c41x,v10b-stdskel-fame3-c41x,65000,0.533498,0.8719137519598007
assets__results__v10b_stdskel_fame3_c41x__20260908-232551-v10b-stdskel-fame3-c41x,assets/results/v10b_stdskel_fame3_c41x/20260908-232551-v10b-stdskel-fame3-c41x,v10b-stdskel-fame3-c41x,67500,0.539639,0.8527015715837478
assets__results__v10b_stdskel_fame3_c41x__20260908-232551-v10b-stdskel-fame3-c41x,assets/results/v10b_stdskel_fame3_c41x/20260908-232551-v10b-stdskel-fame3-c41x,v10b-stdskel-fame3-c41x,70000,0.546483,0.8368042081594467
assets__results__v10b_stdskel_fame3_c41x__20260908-232551-v10b-stdskel-fame3-c41x,assets/results/v10b_stdskel_fame3_c41x/20260908-232551-v10b-stdskel-fame3-c41x,v10b-stdskel-fame3-c41x,75000,0.548157,0.82582046687603
assets__results__v10b_stdskel_fame3_c41x__20260908-232551-v10b-stdskel-fame3-c41x,assets/results/v10b_stdskel_fame3_c41x/20260908-232551-v10b-stdskel-fame3-c41x,v10b-stdskel-fame3-c41x,77500,0.552247,0.8096962004899979
assets__results__v10b_stdskel_fame3_c41x__20260908-232551-v10b-stdskel-fame3-c41x,assets/results/v10b_stdskel_fame3_c41x/20260908-232551-v10b-stdskel-fame3-c41x,v10b-stdskel-fame3-c41x,80000,0.555944,0.7916965365409852
assets__results__v10b_stdskel_fame3_c41x__20260908-232551-v10b-stdskel-fame3-c41x,assets/results/v10b_stdskel_fame3_c41x/20260908-232551-v10b-stdskel-fame3-c41x,v10b-stdskel-fame3-c41x,87500,0.573647,0.7338871926069259
assets__results__v10b_stdskel_fame3_c41x__20260908-232551-v10b-stdskel-fame3-c41x,assets/results/v10b_stdskel_fame3_c41x/20260908-232551-v10b-stdskel-fame3-c41x,v10b-stdskel-fame3-c41x,90000,0.580343,0.7125801116228103
assets__results__v10b_stdskel_fame3_c41x__20260908-232551-v10b-stdskel-fame3-c41x,assets/results/v10b_stdskel_fame3_c41x/20260908-232551-v10b-stdskel-fame3-c41x,v10b-stdskel-fame3-c41x,95000,0.592159,0.668264415860176
assets__results__v10b_stdskel_fame3_c41x__20260908-232551-v10b-stdskel-fame3-c41x,assets/results/v10b_stdskel_fame3_c41x/20260908-232551-v10b-stdskel-fame3-c41x,v10b-stdskel-fame3-c41x,97500,0.598408,0.6466293618083
assets__results__v10b_stdskel_fame3_c41x__20260908-232551-v10b-stdskel-fame3-c41x,assets/results/v10b_stdskel_fame3_c41x/20260908-232551-v10b-stdskel-fame3-c41x,v10b-stdskel-fame3-c41x,100000,0.607504,0.6216402247548103
assets__results__v10b_stdskel_fame3_c41x__20260908-232551-v10b-stdskel-fame3-c41x,assets/results/v10b_stdskel_fame3_c41x/20260908-232551-v10b-stdskel-fame3-c41x,v10b-stdskel-fame3-c41x,105000,0.621632,0.5841146603226661
assets__results__v10b_stdskel_fame3_c41x__20260908-232551-v10b-stdskel-fame3-c41x,assets/results/v10b_stdskel_fame3_c41x/20260908-232551-v10b-stdskel-fame3-c41x,v10b-stdskel-fame3-c41x,107500,0.623256,0.5821231320500374
assets__results__v10b_stdskel_fame3_c41x__20260908-232551-v10b-stdskel-fame3-c41x,assets/results/v10b_stdskel_fame3_c41x/20260908-232551-v10b-stdskel-fame3-c41x,v10b-stdskel-fame3-c41x,122500,0.660114,0.49517709463834764
assets__results__v10b_stdskel_fame3_c41x__20260908-232551-v10b-stdskel-fame3-c41x,assets/results/v10b_stdskel_fame3_c41x/20260908-232551-v10b-stdskel-fame3-c41x,v10b-stdskel-fame3-c41x,125000,0.660123,0.48935040906071664
assets__results__v10b_stdskel_fame3_c41x__20260908-232551-v10b-stdskel-fame3-c41x,assets/results/v10b_stdskel_fame3_c41x/20260908-232551-v10b-stdskel-fame3-c41x,v10b-stdskel-fame3-c41x,127500,0.66276,0.4785825103521347
assets__results__v10b_stdskel_fame3_c41x__20260908-232551-v10b-stdskel-fame3-c41x,assets/results/v10b_stdskel_fame3_c41x/20260908-232551-v10b-stdskel-fame3-c41x,v10b-stdskel-fame3-c41x,130000,0.674119,0.4402958072721958
assets__results__v10b_stdskel_fame3_c41x__20260908-232551-v10b-stdskel-fame3-c41x,assets/results/v10b_stdskel_fame3_c41x/20260908-232551-v10b-stdskel-fame3-c41x,v10b-stdskel-fame3-c41x,137500,0.675533,0.44943072125315664
assets__results__v10b_stdskel_fame3_c41x__20260908-232551-v10b-stdskel-fame3-c41x,assets/results/v10b_stdskel_fame3_c41x/20260908-232551-v10b-stdskel-fame3-c41x,v10b-stdskel-fame3-c41x,140000,0.678763,0.4489237852394581
assets__results__v10b_stdskel_fame3_c41x__20260908-232551-v10b-stdskel-fame3-c41x,assets/results/v10b_stdskel_fame3_c41x/20260908-232551-v10b-stdskel-fame3-c41x,v10b-stdskel-fame3-c41x,147500,0.696897,0.3989603243768215
assets__results__v10b_stdskel_fame3_c41x__20260908-232551-v10b-stdskel-fame3-c41x,assets/results/v10b_stdskel_fame3_c41x/20260908-232551-v10b-stdskel-fame3-c41x,v10b-stdskel-fame3-c41x,150000,0.696969,0.39427360445261
assets__results__v10b_stdskel_fame3_c41x__20260908-232551-v10b-stdskel-fame3-c41x,assets/results/v10b_stdskel_fame3_c41x/20260908-232551-v10b-stdskel-fame3-c41x,v10b-stdskel-fame3-c41x,155000,0.71968,0.3372345708310604
assets__results__v10b_stdskel_fame3_c41x__20260908-232551-v10b-stdskel-fame3-c41x,assets/results/v10b_stdskel_fame3_c41x/20260908-232551-v10b-stdskel-fame3-c41x,v10b-stdskel-fame3-c41x,157500,0.727111,0.3177137985825539
assets__results__v10b_stdskel_fame3_c41x__20260908-232551-v10b-stdskel-fame3-c41x,assets/results/v10b_stdskel_fame3_c41x/20260908-232551-v10b-stdskel-fame3-c41x,v10b-stdskel-fame3-c41x,160000,0.732454,0.3017998941242695
assets__results__v10b_stdskel_fame3_c41x__20260908-232551-v10b-stdskel-fame3-c41x,assets/results/v10b_stdskel_fame3_c41x/20260908-232551-v10b-stdskel-fame3-c41x,v10b-stdskel-fame3-c41x,165000,0.741747,0.2878049351274967
assets__results__v10b_stdskel_fame3_c41x__20260908-232551-v10b-stdskel-fame3-c41x,assets/results/v10b_stdskel_fame3_c41x/20260908-232551-v10b-stdskel-fame3-c41x,v10b-stdskel-fame3-c41x,167500,0.746275,0.2769255585968494
assets__results__v10b_stdskel_fame3_c41x__20260908-232551-v10b-stdskel-fame3-c41x,assets/results/v10b_stdskel_fame3_c41x/20260908-232551-v10b-stdskel-fame3-c41x,v10b-stdskel-fame3-c41x,170000,0.736538,0.3104570940136909
assets__results__v10b_stdskel_fame3_c41x__20260908-232551-v10b-stdskel-fame3-c41x,assets/results/v10b_stdskel_fame3_c41x/20260908-232551-v10b-stdskel-fame3-c41x,v10b-stdskel-fame3-c41x,175000,0.743276,0.29275338649749755
assets__results__v10b_stdskel_fame3_c41x__20260908-232551-v10b-stdskel-fame3-c41x,assets/results/v10b_stdskel_fame3_c41x/20260908-232551-v10b-stdskel-fame3-c41x,v10b-stdskel-fame3-c41x,177500,0.743579,0.298103641718626
assets__results__v10b_stdskel_fame3_c41x__20260908-232551-v10b-stdskel-fame3-c41x,assets/results/v10b_stdskel_fame3_c41x/20260908-232551-v10b-stdskel-fame3-c41x,v10b-stdskel-fame3-c41x,180000,0.742085,0.3107802249491215
assets__results__v10b_stdskel_fame3_c41x__20260908-232551-v10b-stdskel-fame3-c41x,assets/results/v10b_stdskel_fame3_c41x/20260908-232551-v10b-stdskel-fame3-c41x,v10b-stdskel-fame3-c41x,187500,0.754684,0.28306660875678064
assets__results__v10b_stdskel_fame3_c41x__20260908-232551-v10b-stdskel-fame3-c41x,assets/results/v10b_stdskel_fame3_c41x/20260908-232551-v10b-stdskel-fame3-c41x,v10b-stdskel-fame3-c41x,190000,0.755179,0.2848030887544155
assets__results__v10b_stdskel_fame3_c41x__20260908-232551-v10b-stdskel-fame3-c41x,assets/results/v10b_stdskel_fame3_c41x/20260908-232551-v10b-stdskel-fame3-c41x,v10b-stdskel-fame3-c41x,195000,0.75984,0.2714529253542423
assets__results__v10b_stdskel_fame3_c41x__20260908-232551-v10b-stdskel-fame3-c41x,assets/results/v10b_stdskel_fame3_c41x/20260908-232551-v10b-stdskel-fame3-c41x,v10b-stdskel-fame3-c41x,197500,0.759853,0.2782870128750801
assets__results__v10b_stdskel_fame3_c41x__20260908-232551-v10b-stdskel-fame3-c41x,assets/results/v10b_stdskel_fame3_c41x/20260908-232551-v10b-stdskel-fame3-c41x,v10b-stdskel-fame3-c41x,200000,0.762505,0.2731345996260643
assets__results__v10b_stdskel_fame3_c41x__20260908-232551-v10b-stdskel-fame3-c41x,assets/results/v10b_stdskel_fame3_c41x/20260908-232551-v10b-stdskel-fame3-c41x,v10b-stdskel-fame3-c41x,205000,0.759625,0.28320729061961175
assets__results__v10b_stdskel_fame3_c41x__20260908-232551-v10b-stdskel-fame3-c41x,assets/results/v10b_stdskel_fame3_c41x/20260908-232551-v10b-stdskel-fame3-c41x,v10b-stdskel-fame3-c41x,207500,0.760183,0.2822808898985386
assets__results__v10b_stdskel_fame3_c41x__20260908-232551-v10b-stdskel-fame3-c41x,assets/results/v10b_stdskel_fame3_c41x/20260908-232551-v10b-stdskel-fame3-c41x,v10b-stdskel-fame3-c41x,212500,0.763758,0.2755143165588379
assets__results__v10b_stdskel_fame3_c41x_cos__20260909-103136-v10b-stdskel-fame3-c41x,assets/results/v10b_stdskel_fame3_c41x_cos/20260909-103136-v10b-stdskel-fame3-c41x,v10b-stdskel-fame3-c41x,102500,0.613477,0.6033310666680336
assets__results__v10b_stdskel_fame3_c41x_cos__20260909-103136-v10b-stdskel-fame3-c41x,assets/results/v10b_stdskel_fame3_c41x_cos/20260909-103136-v10b-stdskel-fame3-c41x,v10b-stdskel-fame3-c41x,105000,0.62123,0.5791374996304512
assets__results__v10b_stdskel_fame3_c41x_cos__20260909-103136-v10b-stdskel-fame3-c41x,assets/results/v10b_stdskel_fame3_c41x_cos/20260909-103136-v10b-stdskel-fame3-c41x,v10b-stdskel-fame3-c41x,107500,0.61933,0.5913373321294785
assets__results__v10b_stdskel_fame3_c41x_cos__20260909-103136-v10b-stdskel-fame3-c41x,assets/results/v10b_stdskel_fame3_c41x_cos/20260909-103136-v10b-stdskel-fame3-c41x,v10b-stdskel-fame3-c41x,112500,0.643059,0.519629143178463
assets__results__v10b_stdskel_fame3_c41x_cos__20260909-113304-v10b-stdskel-fame3-c41x,assets/results/v10b_stdskel_fame3_c41x_cos/20260909-113304-v10b-stdskel-fame3-c41x,v10b-stdskel-fame3-c41x,112500,0.644322,0.5138585671782494
assets__results__v10b_stdskel_fame3_c41x_cos__20260909-113304-v10b-stdskel-fame3-c41x,assets/results/v10b_stdskel_fame3_c41x_cos/20260909-113304-v10b-stdskel-fame3-c41x,v10b-stdskel-fame3-c41x,115000,0.658484,0.4704915478825569
assets__results__v10b_stdskel_fame3_c41x_cos__20260909-113304-v10b-stdskel-fame3-c41x,assets/results/v10b_stdskel_fame3_c41x_cos/20260909-113304-v10b-stdskel-fame3-c41x,v10b-stdskel-fame3-c41x,117500,0.664297,0.4530963659286499
assets__results__v10b_stdskel_fame3_c41x_cos__20260909-113304-v10b-stdskel-fame3-c41x,assets/results/v10b_stdskel_fame3_c41x_cos/20260909-113304-v10b-stdskel-fame3-c41x,v10b-stdskel-fame3-c41x,122500,0.681902,0.4101649150252342
assets__results__v10b_stdskel_fame3_c41x_cos__20260909-123903-v10b-stdskel-fame3-c41x,assets/results/v10b_stdskel_fame3_c41x_cos/20260909-123903-v10b-stdskel-fame3-c41x,v10b-stdskel-fame3-c41x,112500,0.646792,0.5095926582813263
assets__results__v10b_stdskel_fame3_c41x_cos__20260909-123903-v10b-stdskel-fame3-c41x,assets/results/v10b_stdskel_fame3_c41x_cos/20260909-123903-v10b-stdskel-fame3-c41x,v10b-stdskel-fame3-c41x,115000,0.662014,0.4641248509287834
assets__results__v10b_stdskel_fame3_c41x_cos__20260909-123903-v10b-stdskel-fame3-c41x,assets/results/v10b_stdskel_fame3_c41x_cos/20260909-123903-v10b-stdskel-fame3-c41x,v10b-stdskel-fame3-c41x,117500,0.670558,0.43487461358308793
assets__results__v10b_stdskel_fame3_c41x_cos__20260909-123903-v10b-stdskel-fame3-c41x,assets/results/v10b_stdskel_fame3_c41x_cos/20260909-123903-v10b-stdskel-fame3-c41x,v10b-stdskel-fame3-c41x,120000,0.674801,0.4264164164662361
assets__results__v10b_stdskel_fame3_c41x_cos__20260909-123903-v10b-stdskel-fame3-c41x,assets/results/v10b_stdskel_fame3_c41x_cos/20260909-123903-v10b-stdskel-fame3-c41x,v10b-stdskel-fame3-c41x,127500,0.700993,0.3787944369018078
assets__results__v10b_stdskel_fame3_c41x_cos__20260909-123903-v10b-stdskel-fame3-c41x,assets/results/v10b_stdskel_fame3_c41x_cos/20260909-123903-v10b-stdskel-fame3-c41x,v10b-stdskel-fame3-c41x,130000,0.704408,0.3703871317207813
assets__results__v10b_stdskel_fame3_c41x_cos__20260909-123903-v10b-stdskel-fame3-c41x,assets/results/v10b_stdskel_fame3_c41x_cos/20260909-123903-v10b-stdskel-fame3-c41x,v10b-stdskel-fame3-c41x,135000,0.71841,0.3441495470702648
assets__results__v10b_stdskel_fame3_c41x_cos__20260909-123903-v10b-stdskel-fame3-c41x,assets/results/v10b_stdskel_fame3_c41x_cos/20260909-123903-v10b-stdskel-fame3-c41x,v10b-stdskel-fame3-c41x,137500,0.723464,0.33382566943764685
assets__results__v10b_stdskel_fame3_c41x_cos__20260909-123903-v10b-stdskel-fame3-c41x,assets/results/v10b_stdskel_fame3_c41x_cos/20260909-123903-v10b-stdskel-fame3-c41x,v10b-stdskel-fame3-c41x,140000,0.729124,0.3181377939879894
assets__results__v10b_stdskel_fame3_c41x_cos__20260909-123903-v10b-stdskel-fame3-c41x,assets/results/v10b_stdskel_fame3_c41x_cos/20260909-123903-v10b-stdskel-fame3-c41x,v10b-stdskel-fame3-c41x,145000,0.738102,0.30494249761104586
assets__results__v10b_stdskel_fame3_c41x_cos__20260909-123903-v10b-stdskel-fame3-c41x,assets/results/v10b_stdskel_fame3_c41x_cos/20260909-123903-v10b-stdskel-fame3-c41x,v10b-stdskel-fame3-c41x,147500,0.742583,0.29339114502072333
assets__results__v10b_stdskel_fame3_c41x_cos__20260909-123903-v10b-stdskel-fame3-c41x,assets/results/v10b_stdskel_fame3_c41x_cos/20260909-123903-v10b-stdskel-fame3-c41x,v10b-stdskel-fame3-c41x,150000,0.746025,0.28801775351166725
assets__results__v10b_stdskel_fame3_c41x_cos__20260909-123903-v10b-stdskel-fame3-c41x,assets/results/v10b_stdskel_fame3_c41x_cos/20260909-123903-v10b-stdskel-fame3-c41x,v10b-stdskel-fame3-c41x,155000,0.750837,0.27946901842951777
assets__results__v10b_stdskel_fame3_c41x_cos__20260909-123903-v10b-stdskel-fame3-c41x,assets/results/v10b_stdskel_fame3_c41x_cos/20260909-123903-v10b-stdskel-fame3-c41x,v10b-stdskel-fame3-c41x,157500,0.75354,0.27190984711050986
assets__results__v10b_stdskel_fame3_c41x_cos__20260909-123903-v10b-stdskel-fame3-c41x,assets/results/v10b_stdskel_fame3_c41x_cos/20260909-123903-v10b-stdskel-fame3-c41x,v10b-stdskel-fame3-c41x,160000,0.754005,0.2759092874825001
assets__results__v10b_stdskel_fame3_c41x_cos__20260909-123903-v10b-stdskel-fame3-c41x,assets/results/v10b_stdskel_fame3_c41x_cos/20260909-123903-v10b-stdskel-fame3-c41x,v10b-stdskel-fame3-c41x,165000,0.755941,0.2733287699520588
assets__results__v10b_stdskel_fame3_c41x_cos__20260909-123903-v10b-stdskel-fame3-c41x,assets/results/v10b_stdskel_fame3_c41x_cos/20260909-123903-v10b-stdskel-fame3-c41x,v10b-stdskel-fame3-c41x,167500,0.758013,0.26588536649942396
assets__results__v10b_stdskel_fame3_c41x_cos__20260909-123903-v10b-stdskel-fame3-c41x,assets/results/v10b_stdskel_fame3_c41x_cos/20260909-123903-v10b-stdskel-fame3-c41x,v10b-stdskel-fame3-c41x,170000,0.76206,0.25731355249881743
assets__results__v10b_stdskel_fame3_c41x_cos__20260909-123903-v10b-stdskel-fame3-c41x,assets/results/v10b_stdskel_fame3_c41x_cos/20260909-123903-v10b-stdskel-fame3-c41x,v10b-stdskel-fame3-c41x,172500,0.764195,0.2569073423743248
assets__results__v10b_stdskel_fame3_c41x_cos_e__20260909-193018-v10b-stdskel-fame3-c41x-cos-e,assets/results/v10b_stdskel_fame3_c41x_cos_e/20260909-193018-v10b-stdskel-fame3-c41x-cos-e,v10b-stdskel-fame3-c41x-cos-e,372500,0.761015,0.277892979234457
assets__results__v10b_stdskel_fame3_c41x_cos_e__20260909-193018-v10b-stdskel-fame3-c41x-cos-e,assets/results/v10b_stdskel_fame3_c41x_cos_e/20260909-193018-v10b-stdskel-fame3-c41x-cos-e,v10b-stdskel-fame3-c41x-cos-e,375000,0.760212,0.278888438642025
assets__results__v10b_stdskel_fame3_c41x_cos_e__20260909-193018-v10b-stdskel-fame3-c41x-cos-e,assets/results/v10b_stdskel_fame3_c41x_cos_e/20260909-193018-v10b-stdskel-fame3-c41x-cos-e,v10b-stdskel-fame3-c41x-cos-e,377500,0.760373,0.2786642424762249
assets__results__v10b_stdskel_fame3_c41x_cos_e__20260909-193018-v10b-stdskel-fame3-c41x-cos-e,assets/results/v10b_stdskel_fame3_c41x_cos_e/20260909-193018-v10b-stdskel-fame3-c41x-cos-e,v10b-stdskel-fame3-c41x-cos-e,382500,0.762241,0.27615983635187147
assets__results__v10b_stdskel_fame3_c41x_cos_e__20260909-193018-v10b-stdskel-fame3-c41x-cos-e,assets/results/v10b_stdskel_fame3_c41x_cos_e/20260909-193018-v10b-stdskel-fame3-c41x-cos-e,v10b-stdskel-fame3-c41x-cos-e,385000,0.762513,0.27583918422460557
assets__results__v10b_stdskel_fame3_c41x_cos_e__20260909-193018-v10b-stdskel-fame3-c41x-cos-e,assets/results/v10b_stdskel_fame3_c41x_cos_e/20260909-193018-v10b-stdskel-fame3-c41x-cos-e,v10b-stdskel-fame3-c41x-cos-e,387500,0.763015,0.2752957195043564
assets__results__v11_pretrain_M432_adaln4_sym__20260913-140636-v11-pretrain-M432-adaln4-sym,assets/results/v11_pretrain_M432_adaln4_sym/20260913-140636-v11-pretrain-M432-adaln4-sym,v11-pretrain-M432-adaln4-sym,1000,0.386044,1.186858
assets__results__v11_pretrain_M432_adaln4_sym__20260913-140636-v11-pretrain-M432-adaln4-sym,assets/results/v11_pretrain_M432_adaln4_sym/20260913-140636-v11-pretrain-M432-adaln4-sym,v11-pretrain-M432-adaln4-sym,2000,0.420392,1.235765
assets__results__v11_pretrain_M432_adaln4_sym__20260913-140636-v11-pretrain-M432-adaln4-sym,assets/results/v11_pretrain_M432_adaln4_sym/20260913-140636-v11-pretrain-M432-adaln4-sym,v11-pretrain-M432-adaln4-sym,3000,0.427372,1.244105
assets__results__v11_pretrain_M432_adaln4_sym__20260913-142646-v11-pretrain-M432-adaln4-sym,assets/results/v11_pretrain_M432_adaln4_sym/20260913-142646-v11-pretrain-M432-adaln4-sym,v11-pretrain-M432-adaln4-sym,1000,0.386044,1.186858
assets__results__v11_pretrain_M432_adaln4_sym__20260913-142646-v11-pretrain-M432-adaln4-sym,assets/results/v11_pretrain_M432_adaln4_sym/20260913-142646-v11-pretrain-M432-adaln4-sym,v11-pretrain-M432-adaln4-sym,2000,0.420392,1.235765
assets__results__v11_pretrain_M432_adaln4_sym__20260913-142646-v11-pretrain-M432-adaln4-sym,assets/results/v11_pretrain_M432_adaln4_sym/20260913-142646-v11-pretrain-M432-adaln4-sym,v11-pretrain-M432-adaln4-sym,3000,0.427372,1.244105
assets__results__v11_pretrain_M432_adaln4_sym__20260913-142646-v11-pretrain-M432-adaln4-sym,assets/results/v11_pretrain_M432_adaln4_sym/20260913-142646-v11-pretrain-M432-adaln4-sym,v11-pretrain-M432-adaln4-sym,4000,0.418381,1.285916
assets__results__v11_pretrain_M432_adaln4_sym__20260913-142646-v11-pretrain-M432-adaln4-sym,assets/results/v11_pretrain_M432_adaln4_sym/20260913-142646-v11-pretrain-M432-adaln4-sym,v11-pretrain-M432-adaln4-sym,5000,0.428297,1.277773
assets__results__v11_pretrain_M432_adaln4_sym__20260913-142646-v11-pretrain-M432-adaln4-sym,assets/results/v11_pretrain_M432_adaln4_sym/20260913-142646-v11-pretrain-M432-adaln4-sym,v11-pretrain-M432-adaln4-sym,7500,0.434813,1.275075
assets__results__v11_pretrain_M432_adaln4_sym__20260913-142646-v11-pretrain-M432-adaln4-sym,assets/results/v11_pretrain_M432_adaln4_sym/20260913-142646-v11-pretrain-M432-adaln4-sym,v11-pretrain-M432-adaln4-sym,10000,0.45798,1.222433
assets__results__v11_pretrain_M432_adaln4_sym__20260913-142646-v11-pretrain-M432-adaln4-sym,assets/results/v11_pretrain_M432_adaln4_sym/20260913-142646-v11-pretrain-M432-adaln4-sym,v11-pretrain-M432-adaln4-sym,12500,0.466634,1.202168
assets__results__v11_pretrain_M432_adaln4_sym__20260913-142646-v11-pretrain-M432-adaln4-sym,assets/results/v11_pretrain_M432_adaln4_sym/20260913-142646-v11-pretrain-M432-adaln4-sym,v11-pretrain-M432-adaln4-sym,15000,0.470481,1.195333
assets__results__v11_pretrain_M432_adaln4_sym__20260913-142646-v11-pretrain-M432-adaln4-sym,assets/results/v11_pretrain_M432_adaln4_sym/20260913-142646-v11-pretrain-M432-adaln4-sym,v11-pretrain-M432-adaln4-sym,17500,0.474012,1.171106
assets__results__v11_pretrain_M432_adaln4_sym__20260913-161635-v11-pretrain-M432-adaln4-sym,assets/results/v11_pretrain_M432_adaln4_sym/20260913-161635-v11-pretrain-M432-adaln4-sym,v11-pretrain-M432-adaln4-sym,20000,0.474461,1.172317
assets__results__v11_pretrain_M432_adaln4_sym__20260913-161635-v11-pretrain-M432-adaln4-sym,assets/results/v11_pretrain_M432_adaln4_sym/20260913-161635-v11-pretrain-M432-adaln4-sym,v11-pretrain-M432-adaln4-sym,22500,0.472168,1.180643
assets__results__v11_pretrain_M432_adaln4_sym_noise400k__20260913-184111-v11-pretrain-M432-adaln4-sym-noise400k,assets/results/v11_pretrain_M432_adaln4_sym_noise400k/20260913-184111-v11-pretrain-M432-adaln4-sym-noise400k,v11-pretrain-M432-adaln4-sym-noise400k,45000,0.476383,1.148313
assets__results__v11_pretrain_M432_v8_auxc03s08__20260912-233358-v11-pretrain-M432-v8-auxc03s08,assets/results/v11_pretrain_M432_v8_auxc03s08/20260912-233358-v11-pretrain-M432-v8-auxc03s08,v11-pretrain-M432-v8-auxc03s08,1000,0.408697,1.102463
assets__results__v11_pretrain_M432_v8_auxc03s08__20260912-234049-v11-pretrain-M432-v8-auxc03s08,assets/results/v11_pretrain_M432_v8_auxc03s08/20260912-234049-v11-pretrain-M432-v8-auxc03s08,v11-pretrain-M432-v8-auxc03s08,1000,0.408697,1.102463
assets__results__v11_pretrain_M432_v8_auxc03s08__20260912-234049-v11-pretrain-M432-v8-auxc03s08,assets/results/v11_pretrain_M432_v8_auxc03s08/20260912-234049-v11-pretrain-M432-v8-auxc03s08,v11-pretrain-M432-v8-auxc03s08,2000,0.433972,1.163476
assets__results__v11_pretrain_M432_v8_auxc03s08__20260912-234049-v11-pretrain-M432-v8-auxc03s08,assets/results/v11_pretrain_M432_v8_auxc03s08/20260912-234049-v11-pretrain-M432-v8-auxc03s08,v11-pretrain-M432-v8-auxc03s08,3000,0.433443,1.190881
assets__results__v11_pretrain_M432_v8_auxc03s08__20260912-234049-v11-pretrain-M432-v8-auxc03s08,assets/results/v11_pretrain_M432_v8_auxc03s08/20260912-234049-v11-pretrain-M432-v8-auxc03s08,v11-pretrain-M432-v8-auxc03s08,4000,0.427071,1.21745
assets__results__v11_pretrain_M432_v8_auxc03s08__20260912-234049-v11-pretrain-M432-v8-auxc03s08,assets/results/v11_pretrain_M432_v8_auxc03s08/20260912-234049-v11-pretrain-M432-v8-auxc03s08,v11-pretrain-M432-v8-auxc03s08,5000,0.437661,1.208784
assets__results__v11_pretrain_M432_v8_auxc03s08__20260912-234049-v11-pretrain-M432-v8-auxc03s08,assets/results/v11_pretrain_M432_v8_auxc03s08/20260912-234049-v11-pretrain-M432-v8-auxc03s08,v11-pretrain-M432-v8-auxc03s08,7500,0.446612,1.175451
assets__results__v11_pretrain_M432_v8_auxc03s08__20260912-234049-v11-pretrain-M432-v8-auxc03s08,assets/results/v11_pretrain_M432_v8_auxc03s08/20260912-234049-v11-pretrain-M432-v8-auxc03s08,v11-pretrain-M432-v8-auxc03s08,10000,0.463899,1.125328
assets__results__v11_pretrain_M432_v8_auxc03s08__20260912-234049-v11-pretrain-M432-v8-auxc03s08,assets/results/v11_pretrain_M432_v8_auxc03s08/20260912-234049-v11-pretrain-M432-v8-auxc03s08,v11-pretrain-M432-v8-auxc03s08,12500,0.479394,1.076035
assets__results__v11_pretrain_M432_v8_auxc03s08__20260912-234049-v11-pretrain-M432-v8-auxc03s08,assets/results/v11_pretrain_M432_v8_auxc03s08/20260912-234049-v11-pretrain-M432-v8-auxc03s08,v11-pretrain-M432-v8-auxc03s08,15000,0.477865,1.079533
assets__results__v11_pretrain_M432_v8_auxc03s08__20260912-234049-v11-pretrain-M432-v8-auxc03s08,assets/results/v11_pretrain_M432_v8_auxc03s08/20260912-234049-v11-pretrain-M432-v8-auxc03s08,v11-pretrain-M432-v8-auxc03s08,17500,0.479116,1.068649
assets__results__v11_pretrain_M432_v8_auxc03s08__20260912-234049-v11-pretrain-M432-v8-auxc03s08,assets/results/v11_pretrain_M432_v8_auxc03s08/20260912-234049-v11-pretrain-M432-v8-auxc03s08,v11-pretrain-M432-v8-auxc03s08,20000,0.473999,1.081434
assets__results__v11_pretrain_M432_v8_auxc03s08__20260912-234049-v11-pretrain-M432-v8-auxc03s08,assets/results/v11_pretrain_M432_v8_auxc03s08/20260912-234049-v11-pretrain-M432-v8-auxc03s08,v11-pretrain-M432-v8-auxc03s08,22500,0.478881,1.083235
assets__results__v11_pretrain_M432_v8_auxc03s08__20260912-234049-v11-pretrain-M432-v8-auxc03s08,assets/results/v11_pretrain_M432_v8_auxc03s08/20260912-234049-v11-pretrain-M432-v8-auxc03s08,v11-pretrain-M432-v8-auxc03s08,25000,0.482469,1.050932
assets__results__v11_pretrain_M432_v8_auxc03s08__20260912-234049-v11-pretrain-M432-v8-auxc03s08,assets/results/v11_pretrain_M432_v8_auxc03s08/20260912-234049-v11-pretrain-M432-v8-auxc03s08,v11-pretrain-M432-v8-auxc03s08,27500,0.482519,1.050184
assets__results__v11_pretrain_M432_v8_auxc03s08__20260912-234049-v11-pretrain-M432-v8-auxc03s08,assets/results/v11_pretrain_M432_v8_auxc03s08/20260912-234049-v11-pretrain-M432-v8-auxc03s08,v11-pretrain-M432-v8-auxc03s08,30000,0.485691,1.05272
assets__results__v11_pretrain_M432_v8_sk3__20260913-023329-v11-pretrain-M432-v8-sk3,assets/results/v11_pretrain_M432_v8_sk3/20260913-023329-v11-pretrain-M432-v8-sk3,v11-pretrain-M432-v8-sk3,1000,0.4002,1.120037
assets__results__v11_pretrain_M432_v8_sk3__20260913-023329-v11-pretrain-M432-v8-sk3,assets/results/v11_pretrain_M432_v8_sk3/20260913-023329-v11-pretrain-M432-v8-sk3,v11-pretrain-M432-v8-sk3,2000,0.424243,1.174915
assets__results__v11_pretrain_M432_v8_sk3__20260913-023329-v11-pretrain-M432-v8-sk3,assets/results/v11_pretrain_M432_v8_sk3/20260913-023329-v11-pretrain-M432-v8-sk3,v11-pretrain-M432-v8-sk3,3000,0.42349,1.195868
assets__results__v11_pretrain_M432_v8_sk3__20260913-023329-v11-pretrain-M432-v8-sk3,assets/results/v11_pretrain_M432_v8_sk3/20260913-023329-v11-pretrain-M432-v8-sk3,v11-pretrain-M432-v8-sk3,4000,0.422807,1.220988
assets__results__v11_pretrain_M432_v8_sk3__20260913-023329-v11-pretrain-M432-v8-sk3,assets/results/v11_pretrain_M432_v8_sk3/20260913-023329-v11-pretrain-M432-v8-sk3,v11-pretrain-M432-v8-sk3,5000,0.44166,1.186899
assets__results__v11_pretrain_M432_v8_sk3__20260913-023329-v11-pretrain-M432-v8-sk3,assets/results/v11_pretrain_M432_v8_sk3/20260913-023329-v11-pretrain-M432-v8-sk3,v11-pretrain-M432-v8-sk3,7500,0.452683,1.166182
assets__results__v11_pretrain_M432_v8_sk3__20260913-023329-v11-pretrain-M432-v8-sk3,assets/results/v11_pretrain_M432_v8_sk3/20260913-023329-v11-pretrain-M432-v8-sk3,v11-pretrain-M432-v8-sk3,10000,0.45825,1.11428
assets__results__v11_pretrain_M432_v8_sk3__20260913-023329-v11-pretrain-M432-v8-sk3,assets/results/v11_pretrain_M432_v8_sk3/20260913-023329-v11-pretrain-M432-v8-sk3,v11-pretrain-M432-v8-sk3,12500,0.466857,1.093724
assets__results__v11_pretrain_M432_v8_sk3__20260913-023329-v11-pretrain-M432-v8-sk3,assets/results/v11_pretrain_M432_v8_sk3/20260913-023329-v11-pretrain-M432-v8-sk3,v11-pretrain-M432-v8-sk3,15000,0.467971,1.097586
assets__results__v11_pretrain_M432_v8_sk3__20260913-023329-v11-pretrain-M432-v8-sk3,assets/results/v11_pretrain_M432_v8_sk3/20260913-023329-v11-pretrain-M432-v8-sk3,v11-pretrain-M432-v8-sk3,17500,0.474619,1.079888
assets__results__v11_pretrain_M432_v8_sk3__20260913-023329-v11-pretrain-M432-v8-sk3,assets/results/v11_pretrain_M432_v8_sk3/20260913-023329-v11-pretrain-M432-v8-sk3,v11-pretrain-M432-v8-sk3,20000,0.475653,1.087488
assets__results__v11_pretrain_M432_v8_sk3__20260913-023329-v11-pretrain-M432-v8-sk3,assets/results/v11_pretrain_M432_v8_sk3/20260913-023329-v11-pretrain-M432-v8-sk3,v11-pretrain-M432-v8-sk3,22500,0.472749,1.08758
assets__results__v11_pretrain_M432_v8_sk3__20260913-023329-v11-pretrain-M432-v8-sk3,assets/results/v11_pretrain_M432_v8_sk3/20260913-023329-v11-pretrain-M432-v8-sk3,v11-pretrain-M432-v8-sk3,25000,0.471028,1.089964
assets__results__v11_pretrain_M432_v8_sk3__20260913-023329-v11-pretrain-M432-v8-sk3,assets/results/v11_pretrain_M432_v8_sk3/20260913-023329-v11-pretrain-M432-v8-sk3,v11-pretrain-M432-v8-sk3,27500,0.466578,1.080581
assets__results__v11_pretrain_M432_v8_sk3__20260913-023329-v11-pretrain-M432-v8-sk3,assets/results/v11_pretrain_M432_v8_sk3/20260913-023329-v11-pretrain-M432-v8-sk3,v11-pretrain-M432-v8-sk3,30000,0.472445,1.070902
assets__results__v11_pretrain_M432_v8_sk3__20260913-023329-v11-pretrain-M432-v8-sk3,assets/results/v11_pretrain_M432_v8_sk3/20260913-023329-v11-pretrain-M432-v8-sk3,v11-pretrain-M432-v8-sk3,32500,0.473122,1.068069
assets__results__v11_pretrain_M432_v8_sk3__20260913-023329-v11-pretrain-M432-v8-sk3,assets/results/v11_pretrain_M432_v8_sk3/20260913-023329-v11-pretrain-M432-v8-sk3,v11-pretrain-M432-v8-sk3,35000,0.476329,1.076047
assets__results__v11_pretrain_M432_v8_sk3__20260913-023329-v11-pretrain-M432-v8-sk3,assets/results/v11_pretrain_M432_v8_sk3/20260913-023329-v11-pretrain-M432-v8-sk3,v11-pretrain-M432-v8-sk3,37500,0.477986,1.072756
assets__results__v11_pretrain_M432_v8_sk3__20260913-023329-v11-pretrain-M432-v8-sk3,assets/results/v11_pretrain_M432_v8_sk3/20260913-023329-v11-pretrain-M432-v8-sk3,v11-pretrain-M432-v8-sk3,40000,0.476372,1.051007
assets__results__v11_pretrain_M432_v8_sk3__20260913-023329-v11-pretrain-M432-v8-sk3,assets/results/v11_pretrain_M432_v8_sk3/20260913-023329-v11-pretrain-M432-v8-sk3,v11-pretrain-M432-v8-sk3,42500,0.483227,1.045716
assets__results__v11_pretrain_M432_v8_sk3__20260913-023329-v11-pretrain-M432-v8-sk3,assets/results/v11_pretrain_M432_v8_sk3/20260913-023329-v11-pretrain-M432-v8-sk3,v11-pretrain-M432-v8-sk3,45000,0.482933,1.046986
assets__results__v11_pretrain_M432_v8_sk3__20260913-023329-v11-pretrain-M432-v8-sk3,assets/results/v11_pretrain_M432_v8_sk3/20260913-023329-v11-pretrain-M432-v8-sk3,v11-pretrain-M432-v8-sk3,47500,0.485807,1.039781
assets__results__v11_pretrain_M432_v8_sk3__20260913-023329-v11-pretrain-M432-v8-sk3,assets/results/v11_pretrain_M432_v8_sk3/20260913-023329-v11-pretrain-M432-v8-sk3,v11-pretrain-M432-v8-sk3,50000,0.486151,1.037488
assets__results__v11_pretrain_M432_v8_sk3__20260913-023329-v11-pretrain-M432-v8-sk3,assets/results/v11_pretrain_M432_v8_sk3/20260913-023329-v11-pretrain-M432-v8-sk3,v11-pretrain-M432-v8-sk3,52500,0.490268,1.024597
assets__results__v11_pretrain_M432_v8_sk3__20260913-023329-v11-pretrain-M432-v8-sk3,assets/results/v11_pretrain_M432_v8_sk3/20260913-023329-v11-pretrain-M432-v8-sk3,v11-pretrain-M432-v8-sk3,55000,0.486962,1.034355
assets__results__v11_pretrain_M432_v8_sk3__20260913-023329-v11-pretrain-M432-v8-sk3,assets/results/v11_pretrain_M432_v8_sk3/20260913-023329-v11-pretrain-M432-v8-sk3,v11-pretrain-M432-v8-sk3,57500,0.488245,1.025119
assets__results__v11_pretrain_M432_v8_sk3__20260913-023329-v11-pretrain-M432-v8-sk3,assets/results/v11_pretrain_M432_v8_sk3/20260913-023329-v11-pretrain-M432-v8-sk3,v11-pretrain-M432-v8-sk3,60000,0.487691,1.028399
assets__results__v11_pretrain_M432_v8_sk3__20260913-023329-v11-pretrain-M432-v8-sk3,assets/results/v11_pretrain_M432_v8_sk3/20260913-023329-v11-pretrain-M432-v8-sk3,v11-pretrain-M432-v8-sk3,62500,0.490046,1.019711
assets__results__v11_pretrain_M432_v8_sk3__20260913-023329-v11-pretrain-M432-v8-sk3,assets/results/v11_pretrain_M432_v8_sk3/20260913-023329-v11-pretrain-M432-v8-sk3,v11-pretrain-M432-v8-sk3,65000,0.488038,1.017938
assets__results__v11_pretrain_M432_v8_sk3__20260913-023329-v11-pretrain-M432-v8-sk3,assets/results/v11_pretrain_M432_v8_sk3/20260913-023329-v11-pretrain-M432-v8-sk3,v11-pretrain-M432-v8-sk3,67500,0.49199,1.010051
assets__results__v11_pretrain_M432_v8_sk3__20260913-023329-v11-pretrain-M432-v8-sk3,assets/results/v11_pretrain_M432_v8_sk3/20260913-023329-v11-pretrain-M432-v8-sk3,v11-pretrain-M432-v8-sk3,70000,0.490418,1.007903
assets__results__v11_pretrain_M432_v8_sk3__20260913-023329-v11-pretrain-M432-v8-sk3,assets/results/v11_pretrain_M432_v8_sk3/20260913-023329-v11-pretrain-M432-v8-sk3,v11-pretrain-M432-v8-sk3,72500,0.491269,1.001849
assets__results__v11_pretrain_M432_v8_sk3__20260913-023329-v11-pretrain-M432-v8-sk3,assets/results/v11_pretrain_M432_v8_sk3/20260913-023329-v11-pretrain-M432-v8-sk3,v11-pretrain-M432-v8-sk3,75000,0.491564,1.0013
assets__results__v11_pretrain_M432_v8_sk3__20260913-023329-v11-pretrain-M432-v8-sk3,assets/results/v11_pretrain_M432_v8_sk3/20260913-023329-v11-pretrain-M432-v8-sk3,v11-pretrain-M432-v8-sk3,77500,0.496029,0.996818
assets__results__v11_pretrain_M432_v8_sk3__20260913-023329-v11-pretrain-M432-v8-sk3,assets/results/v11_pretrain_M432_v8_sk3/20260913-023329-v11-pretrain-M432-v8-sk3,v11-pretrain-M432-v8-sk3,80000,0.497415,0.989613
assets__results__v11_pretrain_M432_v8_sk3__20260913-023329-v11-pretrain-M432-v8-sk3,assets/results/v11_pretrain_M432_v8_sk3/20260913-023329-v11-pretrain-M432-v8-sk3,v11-pretrain-M432-v8-sk3,82500,0.495946,0.991439
assets__results__v11_pretrain_M432_v8_sk3__20260913-023329-v11-pretrain-M432-v8-sk3,assets/results/v11_pretrain_M432_v8_sk3/20260913-023329-v11-pretrain-M432-v8-sk3,v11-pretrain-M432-v8-sk3,85000,0.499085,0.982676
assets__results__v11_pretrain_M432_v8_sk3__20260913-023329-v11-pretrain-M432-v8-sk3,assets/results/v11_pretrain_M432_v8_sk3/20260913-023329-v11-pretrain-M432-v8-sk3,v11-pretrain-M432-v8-sk3,87500,0.499931,0.986478
assets__results__v11_pretrain_M432_v8_sk3__20260913-023329-v11-pretrain-M432-v8-sk3,assets/results/v11_pretrain_M432_v8_sk3/20260913-023329-v11-pretrain-M432-v8-sk3,v11-pretrain-M432-v8-sk3,90000,0.498746,0.98943
assets__results__v11_pretrain_M432_v8_sk3__20260913-023329-v11-pretrain-M432-v8-sk3,assets/results/v11_pretrain_M432_v8_sk3/20260913-023329-v11-pretrain-M432-v8-sk3,v11-pretrain-M432-v8-sk3,92500,0.502195,0.978715
assets__results__v11_pretrain_M432_v8_sk3__20260913-023329-v11-pretrain-M432-v8-sk3,assets/results/v11_pretrain_M432_v8_sk3/20260913-023329-v11-pretrain-M432-v8-sk3,v11-pretrain-M432-v8-sk3,95000,0.500787,0.984653
assets__results__v11_pretrain_M432_v8_sk3__20260913-023329-v11-pretrain-M432-v8-sk3,assets/results/v11_pretrain_M432_v8_sk3/20260913-023329-v11-pretrain-M432-v8-sk3,v11-pretrain-M432-v8-sk3,97500,0.501571,0.979477
assets__results__v11_pretrain_M432_v8_sk3__20260913-023329-v11-pretrain-M432-v8-sk3,assets/results/v11_pretrain_M432_v8_sk3/20260913-023329-v11-pretrain-M432-v8-sk3,v11-pretrain-M432-v8-sk3,100000,0.501845,0.974899
assets__results__v11_pretrain_M432_v8_sk3__20260913-023329-v11-pretrain-M432-v8-sk3,assets/results/v11_pretrain_M432_v8_sk3/20260913-023329-v11-pretrain-M432-v8-sk3,v11-pretrain-M432-v8-sk3,102500,0.500303,0.978333
assets__results__v11_pretrain_M432_v8_sk3__20260913-023329-v11-pretrain-M432-v8-sk3,assets/results/v11_pretrain_M432_v8_sk3/20260913-023329-v11-pretrain-M432-v8-sk3,v11-pretrain-M432-v8-sk3,105000,0.504794,0.961051
assets__results__v11_pretrain_M432_v8_sk3__20260913-023329-v11-pretrain-M432-v8-sk3,assets/results/v11_pretrain_M432_v8_sk3/20260913-023329-v11-pretrain-M432-v8-sk3,v11-pretrain-M432-v8-sk3,107500,0.506625,0.953416
assets__results__v11_pretrain_M432_v8_sk3__20260913-023329-v11-pretrain-M432-v8-sk3,assets/results/v11_pretrain_M432_v8_sk3/20260913-023329-v11-pretrain-M432-v8-sk3,v11-pretrain-M432-v8-sk3,110000,0.507654,0.950433
assets__results__v11_pretrain_M432_v8_sk3__20260913-023329-v11-pretrain-M432-v8-sk3,assets/results/v11_pretrain_M432_v8_sk3/20260913-023329-v11-pretrain-M432-v8-sk3,v11-pretrain-M432-v8-sk3,112500,0.511586,0.936998
assets__results__v11_pretrain_M432_v8_sk3__20260913-023329-v11-pretrain-M432-v8-sk3,assets/results/v11_pretrain_M432_v8_sk3/20260913-023329-v11-pretrain-M432-v8-sk3,v11-pretrain-M432-v8-sk3,115000,0.51613,0.920505
assets__results__v11_pretrain_M432_v8_sk3__20260913-023329-v11-pretrain-M432-v8-sk3,assets/results/v11_pretrain_M432_v8_sk3/20260913-023329-v11-pretrain-M432-v8-sk3,v11-pretrain-M432-v8-sk3,117500,0.520611,0.898461
assets__results__v11_pretrain_M432_v8_sk3__20260913-023329-v11-pretrain-M432-v8-sk3,assets/results/v11_pretrain_M432_v8_sk3/20260913-023329-v11-pretrain-M432-v8-sk3,v11-pretrain-M432-v8-sk3,120000,0.524511,0.887373
assets__results__v11_pretrain_M432_v8_sk3__20260913-023329-v11-pretrain-M432-v8-sk3,assets/results/v11_pretrain_M432_v8_sk3/20260913-023329-v11-pretrain-M432-v8-sk3,v11-pretrain-M432-v8-sk3,122500,0.530143,0.861685
assets__results__v11_pretrain_M432_v8_sk3__20260913-023329-v11-pretrain-M432-v8-sk3,assets/results/v11_pretrain_M432_v8_sk3/20260913-023329-v11-pretrain-M432-v8-sk3,v11-pretrain-M432-v8-sk3,125000,0.534869,0.842677
assets__results__v11_pretrain_M432_v8_sk3__20260913-023329-v11-pretrain-M432-v8-sk3,assets/results/v11_pretrain_M432_v8_sk3/20260913-023329-v11-pretrain-M432-v8-sk3,v11-pretrain-M432-v8-sk3,127500,0.536003,0.834614
assets__results__v11_pretrain_M432_v8_sk3__20260913-023329-v11-pretrain-M432-v8-sk3,assets/results/v11_pretrain_M432_v8_sk3/20260913-023329-v11-pretrain-M432-v8-sk3,v11-pretrain-M432-v8-sk3,130000,0.537014,0.832824
assets__results__v11_pretrain_M432_v8_sk3__20260913-023329-v11-pretrain-M432-v8-sk3,assets/results/v11_pretrain_M432_v8_sk3/20260913-023329-v11-pretrain-M432-v8-sk3,v11-pretrain-M432-v8-sk3,132500,0.541376,0.81162
assets__results__v11_pretrain_M432_v8_sk3__20260913-023329-v11-pretrain-M432-v8-sk3,assets/results/v11_pretrain_M432_v8_sk3/20260913-023329-v11-pretrain-M432-v8-sk3,v11-pretrain-M432-v8-sk3,135000,0.549198,0.779883
assets__results__v11_pretrain_M432_v8_sk3__20260913-023329-v11-pretrain-M432-v8-sk3,assets/results/v11_pretrain_M432_v8_sk3/20260913-023329-v11-pretrain-M432-v8-sk3,v11-pretrain-M432-v8-sk3,137500,0.55222,0.771484
assets__results__v11_pretrain_M432_v8_sk3__20260913-023329-v11-pretrain-M432-v8-sk3,assets/results/v11_pretrain_M432_v8_sk3/20260913-023329-v11-pretrain-M432-v8-sk3,v11-pretrain-M432-v8-sk3,140000,0.552548,0.764788
assets__results__v11_pretrain_M432_v8_sk3__20260913-023329-v11-pretrain-M432-v8-sk3,assets/results/v11_pretrain_M432_v8_sk3/20260913-023329-v11-pretrain-M432-v8-sk3,v11-pretrain-M432-v8-sk3,142500,0.558184,0.729805
assets__results__v11_pretrain_M432_v8_sk3__20260913-023329-v11-pretrain-M432-v8-sk3,assets/results/v11_pretrain_M432_v8_sk3/20260913-023329-v11-pretrain-M432-v8-sk3,v11-pretrain-M432-v8-sk3,145000,0.558382,0.725872
assets__results__v11_pretrain_M432_v8_sk3__20260913-023329-v11-pretrain-M432-v8-sk3,assets/results/v11_pretrain_M432_v8_sk3/20260913-023329-v11-pretrain-M432-v8-sk3,v11-pretrain-M432-v8-sk3,147500,0.563023,0.713798
assets__results__v11_pretrain_M432_v8_sk3__20260913-023329-v11-pretrain-M432-v8-sk3,assets/results/v11_pretrain_M432_v8_sk3/20260913-023329-v11-pretrain-M432-v8-sk3,v11-pretrain-M432-v8-sk3,150000,0.564333,0.702768
assets__results__v11_pretrain_M432_v8_sk3__20260913-023329-v11-pretrain-M432-v8-sk3,assets/results/v11_pretrain_M432_v8_sk3/20260913-023329-v11-pretrain-M432-v8-sk3,v11-pretrain-M432-v8-sk3,152500,0.570727,0.675343
assets__results__v11_pretrain_S2_ref12ch__20260912-125224-v11-pretrain-S2-ref12ch,assets/results/v11_pretrain_S2_ref12ch/20260912-125224-v11-pretrain-S2-ref12ch,v11-pretrain-S2-ref12ch,1000,0.392255,1.057332
assets__results__v11_pretrain_S2_ref12ch__20260912-125224-v11-pretrain-S2-ref12ch,assets/results/v11_pretrain_S2_ref12ch/20260912-125224-v11-pretrain-S2-ref12ch,v11-pretrain-S2-ref12ch,2000,0.441916,1.133597
assets__results__v11_pretrain_S2_ref12ch__20260912-125224-v11-pretrain-S2-ref12ch,assets/results/v11_pretrain_S2_ref12ch/20260912-125224-v11-pretrain-S2-ref12ch,v11-pretrain-S2-ref12ch,3000,0.44082,1.172928
assets__results__v11_pretrain_S2_ref12ch__20260912-125224-v11-pretrain-S2-ref12ch,assets/results/v11_pretrain_S2_ref12ch/20260912-125224-v11-pretrain-S2-ref12ch,v11-pretrain-S2-ref12ch,4000,0.439945,1.189492
assets__results__v11_pretrain_S2_ref12ch__20260912-125224-v11-pretrain-S2-ref12ch,assets/results/v11_pretrain_S2_ref12ch/20260912-125224-v11-pretrain-S2-ref12ch,v11-pretrain-S2-ref12ch,5000,0.443205,1.195333
assets__results__v11_pretrain_S2_ref12ch__20260912-125224-v11-pretrain-S2-ref12ch,assets/results/v11_pretrain_S2_ref12ch/20260912-125224-v11-pretrain-S2-ref12ch,v11-pretrain-S2-ref12ch,7500,0.454004,1.185133
assets__results__v11_pretrain_S2_ref12ch__20260912-125224-v11-pretrain-S2-ref12ch,assets/results/v11_pretrain_S2_ref12ch/20260912-125224-v11-pretrain-S2-ref12ch,v11-pretrain-S2-ref12ch,10000,0.468222,1.154615
assets__results__v11_pretrain_S2_ref12ch__20260912-125224-v11-pretrain-S2-ref12ch,assets/results/v11_pretrain_S2_ref12ch/20260912-125224-v11-pretrain-S2-ref12ch,v11-pretrain-S2-ref12ch,12500,0.474439,1.129929
assets__results__v11_pretrain_S2_ref12ch__20260912-125224-v11-pretrain-S2-ref12ch,assets/results/v11_pretrain_S2_ref12ch/20260912-125224-v11-pretrain-S2-ref12ch,v11-pretrain-S2-ref12ch,15000,0.491475,1.084193
assets__results__v11_pretrain_S2_ref12ch__20260912-125224-v11-pretrain-S2-ref12ch,assets/results/v11_pretrain_S2_ref12ch/20260912-125224-v11-pretrain-S2-ref12ch,v11-pretrain-S2-ref12ch,17500,0.495906,1.077684
assets__results__v11_pretrain_S2_ref12ch__20260912-125224-v11-pretrain-S2-ref12ch,assets/results/v11_pretrain_S2_ref12ch/20260912-125224-v11-pretrain-S2-ref12ch,v11-pretrain-S2-ref12ch,20000,0.496457,1.079212
assets__results__v11_pretrain_S2_ref12ch__20260912-125224-v11-pretrain-S2-ref12ch,assets/results/v11_pretrain_S2_ref12ch/20260912-125224-v11-pretrain-S2-ref12ch,v11-pretrain-S2-ref12ch,22500,0.494885,1.084217
assets__results__v11_pretrain_S2_ref12ch__20260912-125224-v11-pretrain-S2-ref12ch,assets/results/v11_pretrain_S2_ref12ch/20260912-125224-v11-pretrain-S2-ref12ch,v11-pretrain-S2-ref12ch,25000,0.499153,1.071714
assets__results__v11_pretrain_S2_ref12ch__20260912-125224-v11-pretrain-S2-ref12ch,assets/results/v11_pretrain_S2_ref12ch/20260912-125224-v11-pretrain-S2-ref12ch,v11-pretrain-S2-ref12ch,27500,0.503039,1.058156
assets__results__v11_pretrain_S2_ref12ch__20260912-125224-v11-pretrain-S2-ref12ch,assets/results/v11_pretrain_S2_ref12ch/20260912-125224-v11-pretrain-S2-ref12ch,v11-pretrain-S2-ref12ch,30000,0.505628,1.04823
assets__results__v11_pretrain_S2_ref12ch__20260912-125224-v11-pretrain-S2-ref12ch,assets/results/v11_pretrain_S2_ref12ch/20260912-125224-v11-pretrain-S2-ref12ch,v11-pretrain-S2-ref12ch,32500,0.506697,1.041816
assets__results__v11_pretrain_S2_ref12ch__20260912-125224-v11-pretrain-S2-ref12ch,assets/results/v11_pretrain_S2_ref12ch/20260912-125224-v11-pretrain-S2-ref12ch,v11-pretrain-S2-ref12ch,35000,0.50418,1.054217
assets__results__v11_pretrain_S2_ref12ch__20260912-125224-v11-pretrain-S2-ref12ch,assets/results/v11_pretrain_S2_ref12ch/20260912-125224-v11-pretrain-S2-ref12ch,v11-pretrain-S2-ref12ch,37500,0.501823,1.053206
assets__results__v11_pretrain_S2_ref12ch__20260912-125224-v11-pretrain-S2-ref12ch,assets/results/v11_pretrain_S2_ref12ch/20260912-125224-v11-pretrain-S2-ref12ch,v11-pretrain-S2-ref12ch,40000,0.503323,1.046649
assets__results__v11_pretrain_S2_ref12ch__20260912-125224-v11-pretrain-S2-ref12ch,assets/results/v11_pretrain_S2_ref12ch/20260912-125224-v11-pretrain-S2-ref12ch,v11-pretrain-S2-ref12ch,42500,0.502826,1.044841
assets__results__v11_pretrain_S2_ref12ch__20260912-125224-v11-pretrain-S2-ref12ch,assets/results/v11_pretrain_S2_ref12ch/20260912-125224-v11-pretrain-S2-ref12ch,v11-pretrain-S2-ref12ch,45000,0.503725,1.037581
assets__results__v11_pretrain_S2_ref12ch__20260912-125224-v11-pretrain-S2-ref12ch,assets/results/v11_pretrain_S2_ref12ch/20260912-125224-v11-pretrain-S2-ref12ch,v11-pretrain-S2-ref12ch,47500,0.50448,1.038413
assets__results__v11_pretrain_S2_ref12ch__20260912-125224-v11-pretrain-S2-ref12ch,assets/results/v11_pretrain_S2_ref12ch/20260912-125224-v11-pretrain-S2-ref12ch,v11-pretrain-S2-ref12ch,50000,0.503426,1.041959
assets__results__v11_pretrain_S2_ref12ch__20260912-125224-v11-pretrain-S2-ref12ch,assets/results/v11_pretrain_S2_ref12ch/20260912-125224-v11-pretrain-S2-ref12ch,v11-pretrain-S2-ref12ch,52500,0.503764,1.040623
assets__results__v11_pretrain_S2_ref12ch__20260912-125224-v11-pretrain-S2-ref12ch,assets/results/v11_pretrain_S2_ref12ch/20260912-125224-v11-pretrain-S2-ref12ch,v11-pretrain-S2-ref12ch,55000,0.506677,1.031366
assets__results__v11_pretrain_S2_ref12ch__20260912-125224-v11-pretrain-S2-ref12ch,assets/results/v11_pretrain_S2_ref12ch/20260912-125224-v11-pretrain-S2-ref12ch,v11-pretrain-S2-ref12ch,57500,0.506636,1.030741
assets__results__v11_pretrain_S2_ref12ch__20260912-125224-v11-pretrain-S2-ref12ch,assets/results/v11_pretrain_S2_ref12ch/20260912-125224-v11-pretrain-S2-ref12ch,v11-pretrain-S2-ref12ch,60000,0.507872,1.026778
assets__results__v11_pretrain_S2_ref12ch__20260912-125224-v11-pretrain-S2-ref12ch,assets/results/v11_pretrain_S2_ref12ch/20260912-125224-v11-pretrain-S2-ref12ch,v11-pretrain-S2-ref12ch,62500,0.505974,1.031582
assets__results__v11_pretrain_S2_ref12ch__20260912-125224-v11-pretrain-S2-ref12ch,assets/results/v11_pretrain_S2_ref12ch/20260912-125224-v11-pretrain-S2-ref12ch,v11-pretrain-S2-ref12ch,65000,0.505875,1.031702
assets__results__v11_pretrain_S2_ref12ch__20260912-125224-v11-pretrain-S2-ref12ch,assets/results/v11_pretrain_S2_ref12ch/20260912-125224-v11-pretrain-S2-ref12ch,v11-pretrain-S2-ref12ch,67500,0.506095,1.029405
assets__results__v11_pretrain_S2_ref12ch__20260912-125224-v11-pretrain-S2-ref12ch,assets/results/v11_pretrain_S2_ref12ch/20260912-125224-v11-pretrain-S2-ref12ch,v11-pretrain-S2-ref12ch,70000,0.50881,1.020908
assets__results__v11_pretrain_S2_ref12ch__20260912-125224-v11-pretrain-S2-ref12ch,assets/results/v11_pretrain_S2_ref12ch/20260912-125224-v11-pretrain-S2-ref12ch,v11-pretrain-S2-ref12ch,72500,0.506087,1.022503
assets__results__v11_pretrain_S2_ref12ch__20260912-125224-v11-pretrain-S2-ref12ch,assets/results/v11_pretrain_S2_ref12ch/20260912-125224-v11-pretrain-S2-ref12ch,v11-pretrain-S2-ref12ch,75000,0.508886,1.014696
assets__results__v11_pretrain_S2_ref12ch__20260912-125224-v11-pretrain-S2-ref12ch,assets/results/v11_pretrain_S2_ref12ch/20260912-125224-v11-pretrain-S2-ref12ch,v11-pretrain-S2-ref12ch,77500,0.509753,1.012119
assets__results__v11_pretrain_S2_ref12ch__20260912-125224-v11-pretrain-S2-ref12ch,assets/results/v11_pretrain_S2_ref12ch/20260912-125224-v11-pretrain-S2-ref12ch,v11-pretrain-S2-ref12ch,80000,0.508023,1.016205
assets__results__v11_pretrain_S2_ref12ch__20260912-125224-v11-pretrain-S2-ref12ch,assets/results/v11_pretrain_S2_ref12ch/20260912-125224-v11-pretrain-S2-ref12ch,v11-pretrain-S2-ref12ch,82500,0.507621,1.019351
assets__results__v11_pretrain_S2_ref12ch__20260912-125224-v11-pretrain-S2-ref12ch,assets/results/v11_pretrain_S2_ref12ch/20260912-125224-v11-pretrain-S2-ref12ch,v11-pretrain-S2-ref12ch,85000,0.50826,1.018798
assets__results__v11_pretrain_S2_ref12ch__20260912-125224-v11-pretrain-S2-ref12ch,assets/results/v11_pretrain_S2_ref12ch/20260912-125224-v11-pretrain-S2-ref12ch,v11-pretrain-S2-ref12ch,87500,0.508566,1.018989
assets__results__v11_pretrain_S2_v8_aux02__20260912-172942-v11-pretrain-S2-v8-aux02,assets/results/v11_pretrain_S2_v8_aux02/20260912-172942-v11-pretrain-S2-v8-aux02,v11-pretrain-S2-v8-aux02,1000,0.402195,1.098224
assets__results__v11_pretrain_S2_v8_aux02__20260912-172942-v11-pretrain-S2-v8-aux02,assets/results/v11_pretrain_S2_v8_aux02/20260912-172942-v11-pretrain-S2-v8-aux02,v11-pretrain-S2-v8-aux02,2000,0.430227,1.170082
assets__results__v11_pretrain_S2_v8_aux02__20260912-172942-v11-pretrain-S2-v8-aux02,assets/results/v11_pretrain_S2_v8_aux02/20260912-172942-v11-pretrain-S2-v8-aux02,v11-pretrain-S2-v8-aux02,3000,0.423372,1.209062
assets__results__v11_pretrain_S2_v8_aux02__20260912-172942-v11-pretrain-S2-v8-aux02,assets/results/v11_pretrain_S2_v8_aux02/20260912-172942-v11-pretrain-S2-v8-aux02,v11-pretrain-S2-v8-aux02,4000,0.416737,1.239285
assets__results__v11_pretrain_S2_v8_aux02__20260912-172942-v11-pretrain-S2-v8-aux02,assets/results/v11_pretrain_S2_v8_aux02/20260912-172942-v11-pretrain-S2-v8-aux02,v11-pretrain-S2-v8-aux02,5000,0.426243,1.22592
assets__results__v11_pretrain_S2_v8_aux02__20260912-172942-v11-pretrain-S2-v8-aux02,assets/results/v11_pretrain_S2_v8_aux02/20260912-172942-v11-pretrain-S2-v8-aux02,v11-pretrain-S2-v8-aux02,7500,0.442588,1.191037
assets__results__v11_pretrain_S2_v8_aux02__20260912-172942-v11-pretrain-S2-v8-aux02,assets/results/v11_pretrain_S2_v8_aux02/20260912-172942-v11-pretrain-S2-v8-aux02,v11-pretrain-S2-v8-aux02,10000,0.45126,1.141526
assets__results__v11_pretrain_S2_v8_aux02__20260912-172942-v11-pretrain-S2-v8-aux02,assets/results/v11_pretrain_S2_v8_aux02/20260912-172942-v11-pretrain-S2-v8-aux02,v11-pretrain-S2-v8-aux02,12500,0.463038,1.11975
assets__results__v11_pretrain_S2_v8_aux02__20260912-172942-v11-pretrain-S2-v8-aux02,assets/results/v11_pretrain_S2_v8_aux02/20260912-172942-v11-pretrain-S2-v8-aux02,v11-pretrain-S2-v8-aux02,15000,0.466965,1.116092
assets__results__v11_pretrain_S2_v8_aux02__20260912-172942-v11-pretrain-S2-v8-aux02,assets/results/v11_pretrain_S2_v8_aux02/20260912-172942-v11-pretrain-S2-v8-aux02,v11-pretrain-S2-v8-aux02,17500,0.477398,1.10366
assets__results__v11_pretrain_S2_v8_aux02__20260912-172942-v11-pretrain-S2-v8-aux02,assets/results/v11_pretrain_S2_v8_aux02/20260912-172942-v11-pretrain-S2-v8-aux02,v11-pretrain-S2-v8-aux02,20000,0.477192,1.085698
assets__results__v11_pretrain_S2_v8_aux02__20260912-172942-v11-pretrain-S2-v8-aux02,assets/results/v11_pretrain_S2_v8_aux02/20260912-172942-v11-pretrain-S2-v8-aux02,v11-pretrain-S2-v8-aux02,22500,0.475159,1.092174
assets__results__v11_pretrain_S2_v8_aux02__20260912-172942-v11-pretrain-S2-v8-aux02,assets/results/v11_pretrain_S2_v8_aux02/20260912-172942-v11-pretrain-S2-v8-aux02,v11-pretrain-S2-v8-aux02,25000,0.475626,1.092201
assets__results__v11_pretrain_S2_v8_aux02__20260912-172942-v11-pretrain-S2-v8-aux02,assets/results/v11_pretrain_S2_v8_aux02/20260912-172942-v11-pretrain-S2-v8-aux02,v11-pretrain-S2-v8-aux02,27500,0.477408,1.092844
assets__results__v11_pretrain_S2_v8_aux02__20260912-172942-v11-pretrain-S2-v8-aux02,assets/results/v11_pretrain_S2_v8_aux02/20260912-172942-v11-pretrain-S2-v8-aux02,v11-pretrain-S2-v8-aux02,30000,0.48003,1.082419
assets__results__v11_pretrain_S2_v8_aux02__20260912-172942-v11-pretrain-S2-v8-aux02,assets/results/v11_pretrain_S2_v8_aux02/20260912-172942-v11-pretrain-S2-v8-aux02,v11-pretrain-S2-v8-aux02,32500,0.480578,1.077904
assets__results__v11_pretrain_S2_v8_aux02__20260912-172942-v11-pretrain-S2-v8-aux02,assets/results/v11_pretrain_S2_v8_aux02/20260912-172942-v11-pretrain-S2-v8-aux02,v11-pretrain-S2-v8-aux02,35000,0.478654,1.080385
assets__results__v11_pretrain_S2_v8_aux02__20260912-172942-v11-pretrain-S2-v8-aux02,assets/results/v11_pretrain_S2_v8_aux02/20260912-172942-v11-pretrain-S2-v8-aux02,v11-pretrain-S2-v8-aux02,37500,0.480428,1.081872
assets__results__v11_pretrain_S2_v8_aux02__20260912-172942-v11-pretrain-S2-v8-aux02,assets/results/v11_pretrain_S2_v8_aux02/20260912-172942-v11-pretrain-S2-v8-aux02,v11-pretrain-S2-v8-aux02,40000,0.481805,1.072759
assets__results__v11_pretrain_S2_v8_aux02__20260912-172942-v11-pretrain-S2-v8-aux02,assets/results/v11_pretrain_S2_v8_aux02/20260912-172942-v11-pretrain-S2-v8-aux02,v11-pretrain-S2-v8-aux02,42500,0.473007,1.077231
assets__results__v11_pretrain_S2_v8_aux02__20260912-172942-v11-pretrain-S2-v8-aux02,assets/results/v11_pretrain_S2_v8_aux02/20260912-172942-v11-pretrain-S2-v8-aux02,v11-pretrain-S2-v8-aux02,45000,0.472374,1.075824
assets__results__v11_pretrain_S2_v8_aux02__20260912-172942-v11-pretrain-S2-v8-aux02,assets/results/v11_pretrain_S2_v8_aux02/20260912-172942-v11-pretrain-S2-v8-aux02,v11-pretrain-S2-v8-aux02,47500,0.470302,1.071746
assets__results__v11_pretrain_S2_v8_aux02__20260912-172942-v11-pretrain-S2-v8-aux02,assets/results/v11_pretrain_S2_v8_aux02/20260912-172942-v11-pretrain-S2-v8-aux02,v11-pretrain-S2-v8-aux02,50000,0.471442,1.065557
assets__results__v11_pretrain_S2_v8_aux02__20260912-172942-v11-pretrain-S2-v8-aux02,assets/results/v11_pretrain_S2_v8_aux02/20260912-172942-v11-pretrain-S2-v8-aux02,v11-pretrain-S2-v8-aux02,52500,0.474727,1.059414
assets__results__v11_pretrain_S2_v8_aux02__20260912-172942-v11-pretrain-S2-v8-aux02,assets/results/v11_pretrain_S2_v8_aux02/20260912-172942-v11-pretrain-S2-v8-aux02,v11-pretrain-S2-v8-aux02,55000,0.476528,1.051351
assets__results__v11_pretrain_S2_v8_aux02__20260912-172942-v11-pretrain-S2-v8-aux02,assets/results/v11_pretrain_S2_v8_aux02/20260912-172942-v11-pretrain-S2-v8-aux02,v11-pretrain-S2-v8-aux02,57500,0.478411,1.046067
assets__results__v11_pretrain_S2_v8_aux02__20260912-172942-v11-pretrain-S2-v8-aux02,assets/results/v11_pretrain_S2_v8_aux02/20260912-172942-v11-pretrain-S2-v8-aux02,v11-pretrain-S2-v8-aux02,60000,0.477757,1.044233
assets__results__v11_pretrain_S2_v8_aux02__20260912-172942-v11-pretrain-S2-v8-aux02,assets/results/v11_pretrain_S2_v8_aux02/20260912-172942-v11-pretrain-S2-v8-aux02,v11-pretrain-S2-v8-aux02,62500,0.478054,1.041314
assets__results__v11_pretrain_S2_v8_aux02__20260912-172942-v11-pretrain-S2-v8-aux02,assets/results/v11_pretrain_S2_v8_aux02/20260912-172942-v11-pretrain-S2-v8-aux02,v11-pretrain-S2-v8-aux02,65000,0.4767,1.040538
assets__results__v11_pretrain_S2_v8_aux02__20260912-172942-v11-pretrain-S2-v8-aux02,assets/results/v11_pretrain_S2_v8_aux02/20260912-172942-v11-pretrain-S2-v8-aux02,v11-pretrain-S2-v8-aux02,67500,0.477799,1.032713
assets__results__v11_pretrain_S2_v8_aux02__20260912-172942-v11-pretrain-S2-v8-aux02,assets/results/v11_pretrain_S2_v8_aux02/20260912-172942-v11-pretrain-S2-v8-aux02,v11-pretrain-S2-v8-aux02,70000,0.480811,1.024433
assets__results__v11_pretrain_S2_v8_aux02__20260912-172942-v11-pretrain-S2-v8-aux02,assets/results/v11_pretrain_S2_v8_aux02/20260912-172942-v11-pretrain-S2-v8-aux02,v11-pretrain-S2-v8-aux02,72500,0.481766,1.018565
assets__results__v11_pretrain_S2_v8_aux02__20260912-172942-v11-pretrain-S2-v8-aux02,assets/results/v11_pretrain_S2_v8_aux02/20260912-172942-v11-pretrain-S2-v8-aux02,v11-pretrain-S2-v8-aux02,75000,0.483302,1.013624
assets__results__v11_pretrain_S2_v8_aux02__20260912-172942-v11-pretrain-S2-v8-aux02,assets/results/v11_pretrain_S2_v8_aux02/20260912-172942-v11-pretrain-S2-v8-aux02,v11-pretrain-S2-v8-aux02,77500,0.484062,1.008772
assets__results__v11_pretrain_S2_v8_aux02__20260912-172942-v11-pretrain-S2-v8-aux02,assets/results/v11_pretrain_S2_v8_aux02/20260912-172942-v11-pretrain-S2-v8-aux02,v11-pretrain-S2-v8-aux02,80000,0.485445,1.000293
assets__results__v11_pretrain_S2_v8_aux02__20260912-172942-v11-pretrain-S2-v8-aux02,assets/results/v11_pretrain_S2_v8_aux02/20260912-172942-v11-pretrain-S2-v8-aux02,v11-pretrain-S2-v8-aux02,82500,0.485396,1.001301
assets__results__v11_pretrain_S2_v8_aux02__20260912-172942-v11-pretrain-S2-v8-aux02,assets/results/v11_pretrain_S2_v8_aux02/20260912-172942-v11-pretrain-S2-v8-aux02,v11-pretrain-S2-v8-aux02,85000,0.488232,0.99271
assets__results__v11_pretrain_S2_v8_aux02__20260912-172942-v11-pretrain-S2-v8-aux02,assets/results/v11_pretrain_S2_v8_aux02/20260912-172942-v11-pretrain-S2-v8-aux02,v11-pretrain-S2-v8-aux02,87500,0.489768,0.988882
assets__results__v11_pretrain_S2_v8_aux02__20260912-172942-v11-pretrain-S2-v8-aux02,assets/results/v11_pretrain_S2_v8_aux02/20260912-172942-v11-pretrain-S2-v8-aux02,v11-pretrain-S2-v8-aux02,90000,0.492674,0.979714
assets__results__v11_pretrain_S2_v8_aux02__20260912-172942-v11-pretrain-S2-v8-aux02,assets/results/v11_pretrain_S2_v8_aux02/20260912-172942-v11-pretrain-S2-v8-aux02,v11-pretrain-S2-v8-aux02,92500,0.491383,0.980707
assets__results__v11_pretrain_S2_v8_aux02__20260912-172942-v11-pretrain-S2-v8-aux02,assets/results/v11_pretrain_S2_v8_aux02/20260912-172942-v11-pretrain-S2-v8-aux02,v11-pretrain-S2-v8-aux02,95000,0.490387,0.981165
assets__results__v11_pretrain_S2_v8_aux02__20260912-172942-v11-pretrain-S2-v8-aux02,assets/results/v11_pretrain_S2_v8_aux02/20260912-172942-v11-pretrain-S2-v8-aux02,v11-pretrain-S2-v8-aux02,97500,0.491306,0.979198
assets__results__v11_pretrain_S2_v8_aux02__20260912-172942-v11-pretrain-S2-v8-aux02,assets/results/v11_pretrain_S2_v8_aux02/20260912-172942-v11-pretrain-S2-v8-aux02,v11-pretrain-S2-v8-aux02,100000,0.488971,0.98694
assets__results__v11_pretrain_S2_v8_aux02__20260912-172942-v11-pretrain-S2-v8-aux02,assets/results/v11_pretrain_S2_v8_aux02/20260912-172942-v11-pretrain-S2-v8-aux02,v11-pretrain-S2-v8-aux02,102500,0.487122,0.992766
assets__results__v11_pretrain_S2_v8_aux02__20260912-172942-v11-pretrain-S2-v8-aux02,assets/results/v11_pretrain_S2_v8_aux02/20260912-172942-v11-pretrain-S2-v8-aux02,v11-pretrain-S2-v8-aux02,105000,0.486343,0.987151
assets__results__v11_pretrain_S2_v8_aux02__20260912-172942-v11-pretrain-S2-v8-aux02,assets/results/v11_pretrain_S2_v8_aux02/20260912-172942-v11-pretrain-S2-v8-aux02,v11-pretrain-S2-v8-aux02,107500,0.488083,0.986407
assets__results__v11_pretrain_S2_v8_aux02__20260912-172942-v11-pretrain-S2-v8-aux02,assets/results/v11_pretrain_S2_v8_aux02/20260912-172942-v11-pretrain-S2-v8-aux02,v11-pretrain-S2-v8-aux02,110000,0.489372,0.976494
assets__results__v11_pretrain_S2_v8_aux02__20260912-172942-v11-pretrain-S2-v8-aux02,assets/results/v11_pretrain_S2_v8_aux02/20260912-172942-v11-pretrain-S2-v8-aux02,v11-pretrain-S2-v8-aux02,112500,0.493797,0.964671
assets__results__v11_pretrain_S2_v8_aux02__20260912-172942-v11-pretrain-S2-v8-aux02,assets/results/v11_pretrain_S2_v8_aux02/20260912-172942-v11-pretrain-S2-v8-aux02,v11-pretrain-S2-v8-aux02,115000,0.494588,0.962467
assets__results__v11_pretrain_S2_v8_aux02__20260912-172942-v11-pretrain-S2-v8-aux02,assets/results/v11_pretrain_S2_v8_aux02/20260912-172942-v11-pretrain-S2-v8-aux02,v11-pretrain-S2-v8-aux02,117500,0.494073,0.959206
assets__results__v11_pretrain_S2_v8_aux02__20260912-172942-v11-pretrain-S2-v8-aux02,assets/results/v11_pretrain_S2_v8_aux02/20260912-172942-v11-pretrain-S2-v8-aux02,v11-pretrain-S2-v8-aux02,120000,0.493016,0.961121
assets__results__v11_struct-loss__20260912-042317-v11_struct-loss,assets/results/v11_struct-loss/20260912-042317-v11_struct-loss,v11_struct-loss,392500,0.735033,0.32199
assets__results__v11_struct-loss__20260912-042317-v11_struct-loss,assets/results/v11_struct-loss/20260912-042317-v11_struct-loss,v11_struct-loss,395000,0.741771,0.310162
assets__results__v11_struct-loss__20260912-042317-v11_struct-loss,assets/results/v11_struct-loss/20260912-042317-v11_struct-loss,v11_struct-loss,397500,0.748268,0.298462
assets__results__v11_struct-loss__20260912-042317-v11_struct-loss,assets/results/v11_struct-loss/20260912-042317-v11_struct-loss,v11_struct-loss,400000,0.753362,0.288794
assets__results__v11_struct-loss__20260912-042317-v11_struct-loss,assets/results/v11_struct-loss/20260912-042317-v11_struct-loss,v11_struct-loss,402500,0.756528,0.284283
assets__results__v11_struct-loss__20260912-042317-v11_struct-loss,assets/results/v11_struct-loss/20260912-042317-v11_struct-loss,v11_struct-loss,405000,0.758211,0.282496
assets__results__v11_struct-loss__20260912-042317-v11_struct-loss,assets/results/v11_struct-loss/20260912-042317-v11_struct-loss,v11_struct-loss,407500,0.759503,0.281062
assets__results__v11_struct-loss__20260912-042317-v11_struct-loss,assets/results/v11_struct-loss/20260912-042317-v11_struct-loss,v11_struct-loss,410000,0.759696,0.280717
assets__results__v11_struct-loss__20260912-042317-v11_struct-loss,assets/results/v11_struct-loss/20260912-042317-v11_struct-loss,v11_struct-loss,412500,0.758996,0.281127
assets__results__v11_struct-loss__20260912-042317-v11_struct-loss,assets/results/v11_struct-loss/20260912-042317-v11_struct-loss,v11_struct-loss,415000,0.758142,0.281473
assets__results__v11_struct-loss__20260912-042317-v11_struct-loss,assets/results/v11_struct-loss/20260912-042317-v11_struct-loss,v11_struct-loss,417500,0.759027,0.28075
assets__results__v11_struct-loss__20260912-042317-v11_struct-loss,assets/results/v11_struct-loss/20260912-042317-v11_struct-loss,v11_struct-loss,420000,0.760364,0.27926
assets__results__v11_struct-loss__20260912-042317-v11_struct-loss,assets/results/v11_struct-loss/20260912-042317-v11_struct-loss,v11_struct-loss,422500,0.759515,0.279185
assets__results__v11_struct-loss__20260912-042317-v11_struct-loss,assets/results/v11_struct-loss/20260912-042317-v11_struct-loss,v11_struct-loss,425000,0.759102,0.27922
assets__results__v11_struct-loss__20260912-042317-v11_struct-loss,assets/results/v11_struct-loss/20260912-042317-v11_struct-loss,v11_struct-loss,427500,0.759524,0.278553
assets__results__v11_struct-loss__20260912-042317-v11_struct-loss,assets/results/v11_struct-loss/20260912-042317-v11_struct-loss,v11_struct-loss,430000,0.760334,0.277404
assets__results__v11_struct-loss__20260912-042317-v11_struct-loss,assets/results/v11_struct-loss/20260912-042317-v11_struct-loss,v11_struct-loss,432500,0.76183,0.27602
assets__results__v11_struct-loss__20260912-042317-v11_struct-loss,assets/results/v11_struct-loss/20260912-042317-v11_struct-loss,v11_struct-loss,435000,0.762619,0.275406
assets__results__v11_struct-loss__20260912-042317-v11_struct-loss,assets/results/v11_struct-loss/20260912-042317-v11_struct-loss,v11_struct-loss,437500,0.763996,0.272546
assets__results__v11_struct-loss__20260912-042317-v11_struct-loss,assets/results/v11_struct-loss/20260912-042317-v11_struct-loss,v11_struct-loss,440000,0.764918,0.27121
assets__results__v11_struct-loss__20260912-042317-v11_struct-loss,assets/results/v11_struct-loss/20260912-042317-v11_struct-loss,v11_struct-loss,442500,0.766081,0.270248
assets__results__v11_struct-loss__20260912-042317-v11_struct-loss,assets/results/v11_struct-loss/20260912-042317-v11_struct-loss,v11_struct-loss,445000,0.766382,0.269687
assets__results__v11_struct-loss__20260912-042317-v11_struct-loss,assets/results/v11_struct-loss/20260912-042317-v11_struct-loss,v11_struct-loss,447500,0.766905,0.269657
assets__results__v11_struct-loss__20260912-042317-v11_struct-loss,assets/results/v11_struct-loss/20260912-042317-v11_struct-loss,v11_struct-loss,450000,0.766699,0.270028
assets__results__v11_struct-loss__20260912-042317-v11_struct-loss,assets/results/v11_struct-loss/20260912-042317-v11_struct-loss,v11_struct-loss,452500,0.766594,0.270007
assets__results__v11_struct-loss__20260912-042317-v11_struct-loss,assets/results/v11_struct-loss/20260912-042317-v11_struct-loss,v11_struct-loss,455000,0.76608,0.270244
assets__results__v11_struct-loss__20260912-042317-v11_struct-loss,assets/results/v11_struct-loss/20260912-042317-v11_struct-loss,v11_struct-loss,457500,0.76614,0.270455
assets__results__v11_struct-loss__20260912-042317-v11_struct-loss,assets/results/v11_struct-loss/20260912-042317-v11_struct-loss,v11_struct-loss,460000,0.766067,0.270359
assets__results__v11_struct-loss__20260912-042317-v11_struct-loss,assets/results/v11_struct-loss/20260912-042317-v11_struct-loss,v11_struct-loss,462500,0.766949,0.269481
assets__results__v11_struct-loss__20260912-042317-v11_struct-loss,assets/results/v11_struct-loss/20260912-042317-v11_struct-loss,v11_struct-loss,465000,0.76764,0.269317
assets__results__v11_struct-loss__20260912-042317-v11_struct-loss,assets/results/v11_struct-loss/20260912-042317-v11_struct-loss,v11_struct-loss,467500,0.768451,0.26871
assets__results__v11_struct-loss__20260912-042317-v11_struct-loss,assets/results/v11_struct-loss/20260912-042317-v11_struct-loss,v11_struct-loss,470000,0.768518,0.268861
assets__results__v11_struct-loss__20260912-042317-v11_struct-loss,assets/results/v11_struct-loss/20260912-042317-v11_struct-loss,v11_struct-loss,472500,0.767418,0.270078
assets__results__v11_struct-loss__20260912-042317-v11_struct-loss,assets/results/v11_struct-loss/20260912-042317-v11_struct-loss,v11_struct-loss,475000,0.766999,0.270675
assets__results__v11_struct-loss__20260912-042317-v11_struct-loss,assets/results/v11_struct-loss/20260912-042317-v11_struct-loss,v11_struct-loss,477500,0.766839,0.270903
assets__results__v11_struct-loss__20260912-042317-v11_struct-loss,assets/results/v11_struct-loss/20260912-042317-v11_struct-loss,v11_struct-loss,480000,0.766587,0.271159
assets__results__v11_struct-loss__20260912-042317-v11_struct-loss,assets/results/v11_struct-loss/20260912-042317-v11_struct-loss,v11_struct-loss,482500,0.767003,0.270461
assets__results__v11_struct-loss__20260912-042317-v11_struct-loss,assets/results/v11_struct-loss/20260912-042317-v11_struct-loss,v11_struct-loss,485000,0.766471,0.270997
assets__results__v11_struct-loss__20260912-042317-v11_struct-loss,assets/results/v11_struct-loss/20260912-042317-v11_struct-loss,v11_struct-loss,487500,0.765722,0.271538
assets__results__v11_struct-loss__20260912-042317-v11_struct-loss,assets/results/v11_struct-loss/20260912-042317-v11_struct-loss,v11_struct-loss,490000,0.766134,0.271299
assets__results__v11_struct-loss__20260912-042317-v11_struct-loss,assets/results/v11_struct-loss/20260912-042317-v11_struct-loss,v11_struct-loss,492500,0.766683,0.270893
assets__results__v11_struct-loss__20260912-042317-v11_struct-loss,assets/results/v11_struct-loss/20260912-042317-v11_struct-loss,v11_struct-loss,495000,0.767072,0.270159
assets__results__v11_struct-loss__20260912-042317-v11_struct-loss,assets/results/v11_struct-loss/20260912-042317-v11_struct-loss,v11_struct-loss,497500,0.767932,0.268797
assets__results__v54_minimal_tables_noskel__20261005-000241-v54-minimal-tables-S-noskel-freeze,assets/results/v54_minimal_tables_noskel/20261005-000241-v54-minimal-tables-S-noskel-freeze,,5000,0.5125,
assets__results__v54_minimal_tables_noskel__20261005-000439-v54-minimal-tables-S-noskel-freeze,assets/results/v54_minimal_tables_noskel/20261005-000439-v54-minimal-tables-S-noskel-freeze,v54-minimal-tables-S-noskel-freeze,5000,0.5125,
assets__results__v54_minimal_tables_noskel__20261005-000439-v54-minimal-tables-S-noskel-freeze,assets/results/v54_minimal_tables_noskel/20261005-000439-v54-minimal-tables-S-noskel-freeze,v54-minimal-tables-S-noskel-freeze,10000,0.520363,1.049341920862861
assets__results__v54_minimal_tables_noskel__20261005-000439-v54-minimal-tables-S-noskel-freeze,assets/results/v54_minimal_tables_noskel/20261005-000439-v54-minimal-tables-S-noskel-freeze,v54-minimal-tables-S-noskel-freeze,15000,0.533667,1.0107336675419527
assets__results__v54_minimal_tables_noskel__20261005-000439-v54-minimal-tables-S-noskel-freeze,assets/results/v54_minimal_tables_noskel/20261005-000439-v54-minimal-tables-S-noskel-freeze,v54-minimal-tables-S-noskel-freeze,20000,0.536497,1.0025200537819277
assets__results__v54_minimal_tables_noskel__20261005-000439-v54-minimal-tables-S-noskel-freeze,assets/results/v54_minimal_tables_noskel/20261005-000439-v54-minimal-tables-S-noskel-freeze,v54-minimal-tables-S-noskel-freeze,25000,0.541917,0.9839105634765829
assets__results__v54_minimal_tables_noskel__20261005-000439-v54-minimal-tables-S-noskel-freeze,assets/results/v54_minimal_tables_noskel/20261005-000439-v54-minimal-tables-S-noskel-freeze,v54-minimal-tables-S-noskel-freeze,30000,0.545933,0.9710513912738963
assets__results__v54_minimal_tables_noskel__20261005-000439-v54-minimal-tables-S-noskel-freeze,assets/results/v54_minimal_tables_noskel/20261005-000439-v54-minimal-tables-S-noskel-freeze,v54-minimal-tables-S-noskel-freeze,35000,0.548164,0.9623182274122289
assets__results__v54_minimal_tables_noskel__20261005-000439-v54-minimal-tables-S-noskel-freeze,assets/results/v54_minimal_tables_noskel/20261005-000439-v54-minimal-tables-S-noskel-freeze,v54-minimal-tables-S-noskel-freeze,40000,0.552058,0.9488878073220585
assets__results__v54_minimal_tables_noskel__20261005-000439-v54-minimal-tables-S-noskel-freeze,assets/results/v54_minimal_tables_noskel/20261005-000439-v54-minimal-tables-S-noskel-freeze,v54-minimal-tables-S-noskel-freeze,45000,0.556469,0.9318185783325033
assets__results__v54_minimal_tables_noskel__20261005-000439-v54-minimal-tables-S-noskel-freeze,assets/results/v54_minimal_tables_noskel/20261005-000439-v54-minimal-tables-S-noskel-freeze,v54-minimal-tables-S-noskel-freeze,50000,0.561343,0.9184928069458925
assets__results__v54_minimal_tables_noskel__20261005-000439-v54-minimal-tables-S-noskel-freeze,assets/results/v54_minimal_tables_noskel/20261005-000439-v54-minimal-tables-S-noskel-freeze,v54-minimal-tables-S-noskel-freeze,55000,0.563797,0.9069637587682449
assets__results__v54_minimal_tables_noskel__20261005-000439-v54-minimal-tables-S-noskel-freeze,assets/results/v54_minimal_tables_noskel/20261005-000439-v54-minimal-tables-S-noskel-freeze,v54-minimal-tables-S-noskel-freeze,60000,0.567367,0.8943464835697317
assets__results__v54_minimal_tables_noskel__20261005-000439-v54-minimal-tables-S-noskel-freeze,assets/results/v54_minimal_tables_noskel/20261005-000439-v54-minimal-tables-S-noskel-freeze,v54-minimal-tables-S-noskel-freeze,65000,0.568889,0.8873747894789445
assets__results__v54_minimal_tables_noskel__20261005-000439-v54-minimal-tables-S-noskel-freeze,assets/results/v54_minimal_tables_noskel/20261005-000439-v54-minimal-tables-S-noskel-freeze,v54-minimal-tables-S-noskel-freeze,70000,0.571332,0.8763818068300339
assets__results__v54_minimal_tables_noskel__20261005-000439-v54-minimal-tables-S-noskel-freeze,assets/results/v54_minimal_tables_noskel/20261005-000439-v54-minimal-tables-S-noskel-freeze,v54-minimal-tables-S-noskel-freeze,75000,0.576737,0.8583757827944934
assets__results__v54_minimal_tables_noskel__20261005-000439-v54-minimal-tables-S-noskel-freeze,assets/results/v54_minimal_tables_noskel/20261005-000439-v54-minimal-tables-S-noskel-freeze,v54-minimal-tables-S-noskel-freeze,80000,0.578115,0.8535253043799477
assets__results__v54_minimal_tables_noskel__20261005-000439-v54-minimal-tables-S-noskel-freeze,assets/results/v54_minimal_tables_noskel/20261005-000439-v54-minimal-tables-S-noskel-freeze,v54-minimal-tables-S-noskel-freeze,85000,0.581784,0.8407148565838044
assets__results__v54_minimal_tables_noskel__20261005-000439-v54-minimal-tables-S-noskel-freeze,assets/results/v54_minimal_tables_noskel/20261005-000439-v54-minimal-tables-S-noskel-freeze,v54-minimal-tables-S-noskel-freeze,90000,0.584644,0.8298292647708546
assets__results__v54_minimal_tables_noskel__20261005-000439-v54-minimal-tables-S-noskel-freeze,assets/results/v54_minimal_tables_noskel/20261005-000439-v54-minimal-tables-S-noskel-freeze,v54-minimal-tables-S-noskel-freeze,95000,0.587475,0.818474246378251
assets__results__v54_minimal_tables_noskel__20261005-000439-v54-minimal-tables-S-noskel-freeze,assets/results/v54_minimal_tables_noskel/20261005-000439-v54-minimal-tables-S-noskel-freeze,v54-minimal-tables-S-noskel-freeze,100000,0.586986,0.8192157958918077
exp-std___attempt1__runs__20261003-030737-v46-std-adaln4-top10-p0.2,exp-std/_attempt1/runs/20261003-030737-v46-std-adaln4-top10-p0.2,v46-std-adaln4-top10-p0.2,2500,0.516799,1.0068124389648438
exp-std___attempt1__runs__20261003-030737-v46-std-adaln4-top10-p0.2,exp-std/_attempt1/runs/20261003-030737-v46-std-adaln4-top10-p0.2,v46-std-adaln4-top10-p0.2,5000,0.519214,1.0250490295886994
exp-std__runs__20261003-033702-v46-std-adaln4-top10-p0.2,exp-std/runs/20261003-033702-v46-std-adaln4-top10-p0.2,v46-std-adaln4-top10-p0.2,2500,0.516546,1.0073192313313484
exp-std__runs__20261003-033702-v46-std-adaln4-top10-p0.2,exp-std/runs/20261003-033702-v46-std-adaln4-top10-p0.2,v46-std-adaln4-top10-p0.2,5000,0.518855,1.0261875285208226
exp-std__runs__20261003-033702-v46-std-adaln4-top10-p0.2,exp-std/runs/20261003-033702-v46-std-adaln4-top10-p0.2,v46-std-adaln4-top10-p0.2,7500,0.523971,1.0244316996634006
exp-std__runs__20261003-033702-v46-std-adaln4-top10-p0.2,exp-std/runs/20261003-033702-v46-std-adaln4-top10-p0.2,v46-std-adaln4-top10-p0.2,10000,0.524979,1.0285696840286256
exp-std__runs__20261003-033702-v46-std-adaln4-top10-p0.2,exp-std/runs/20261003-033702-v46-std-adaln4-top10-p0.2,v46-std-adaln4-top10-p0.2,12500,0.524679,1.0313386337459087
exp-std__runs__20261003-033702-v46-std-adaln4-top10-p0.2,exp-std/runs/20261003-033702-v46-std-adaln4-top10-p0.2,v46-std-adaln4-top10-p0.2,15000,0.526249,1.0251997490227223
exp-std__runs__20261003-033702-v46-std-adaln4-top10-p0.2,exp-std/runs/20261003-033702-v46-std-adaln4-top10-p0.2,v46-std-adaln4-top10-p0.2,17500,0.52733,1.0243806165456772
exp-std__runs__20261003-122355-v46-std-adaln4-top10-p0.4,exp-std/runs/20261003-122355-v46-std-adaln4-top10-p0.4,v46-std-adaln4-top10-p0.4,20000,0.526912,1.026316538900137
exp-std__runs__20261003-122355-v46-std-adaln4-top10-p0.4,exp-std/runs/20261003-122355-v46-std-adaln4-top10-p0.4,v46-std-adaln4-top10-p0.4,22500,0.52743,1.0255681608617306
exp-std__runs_5050__20261003-130820-v46-std-adaln4-top10-p0.5,exp-std/runs_5050/20261003-130820-v46-std-adaln4-top10-p0.5,v46-std-adaln4-top10-p0.5,2500,0.515735,1.0186369997262954
exp-std__runs_5050__20261003-130820-v46-std-adaln4-top10-p0.5,exp-std/runs_5050/20261003-130820-v46-std-adaln4-top10-p0.5,v46-std-adaln4-top10-p0.5,5000,0.523156,1.0247266103327275
exp-std__runs_5050__20261003-130820-v46-std-adaln4-top10-p0.5,exp-std/runs_5050/20261003-130820-v46-std-adaln4-top10-p0.5,v46-std-adaln4-top10-p0.5,7500,0.525229,1.0249480226635932
exp-std__runs_5050__20261003-130820-v46-std-adaln4-top10-p0.5,exp-std/runs_5050/20261003-130820-v46-std-adaln4-top10-p0.5,v46-std-adaln4-top10-p0.5,10000,0.526238,1.0282912987470627
exp-std__runs_5050__20261003-130820-v46-std-adaln4-top10-p0.5,exp-std/runs_5050/20261003-130820-v46-std-adaln4-top10-p0.5,v46-std-adaln4-top10-p0.5,12500,0.523861,1.036402777582407
exp-std__runs_5050__20261003-130820-v46-std-adaln4-top10-p0.5,exp-std/runs_5050/20261003-130820-v46-std-adaln4-top10-p0.5,v46-std-adaln4-top10-p0.5,15000,0.527106,1.0277008992433547
exp-std__runs_5050__20261003-130820-v46-std-adaln4-top10-p0.5,exp-std/runs_5050/20261003-130820-v46-std-adaln4-top10-p0.5,v46-std-adaln4-top10-p0.5,17500,0.528675,1.0217444805800915
exp-std__runs_5050__20261003-130820-v46-std-adaln4-top10-p0.5,exp-std/runs_5050/20261003-130820-v46-std-adaln4-top10-p0.5,v46-std-adaln4-top10-p0.5,20000,0.530737,1.0185109986364842
exp-std__runs_5050__20261003-130820-v46-std-adaln4-top10-p0.5,exp-std/runs_5050/20261003-130820-v46-std-adaln4-top10-p0.5,v46-std-adaln4-top10-p0.5,22500,0.530253,1.0193604469299316
exp-std__runs_5050__20261003-130820-v46-std-adaln4-top10-p0.5,exp-std/runs_5050/20261003-130820-v46-std-adaln4-top10-p0.5,v46-std-adaln4-top10-p0.5,25000,0.530406,1.020270074903965
exp-std__runs_5050__20261003-130820-v46-std-adaln4-top10-p0.5,exp-std/runs_5050/20261003-130820-v46-std-adaln4-top10-p0.5,v46-std-adaln4-top10-p0.5,27500,0.532522,1.0156411477923393
exp-std__runs_5050__20261003-130820-v46-std-adaln4-top10-p0.5,exp-std/runs_5050/20261003-130820-v46-std-adaln4-top10-p0.5,v46-std-adaln4-top10-p0.5,30000,0.532191,1.0142634595930575
exp-std__runs_5050__20261003-130820-v46-std-adaln4-top10-p0.5,exp-std/runs_5050/20261003-130820-v46-std-adaln4-top10-p0.5,v46-std-adaln4-top10-p0.5,32500,0.532443,1.013688676059246
exp-std__runs_5050__20261003-130820-v46-std-adaln4-top10-p0.5,exp-std/runs_5050/20261003-130820-v46-std-adaln4-top10-p0.5,v46-std-adaln4-top10-p0.5,35000,0.533843,1.0107873840630055
exp-std__runs_5050__20261003-130820-v46-std-adaln4-top10-p0.5,exp-std/runs_5050/20261003-130820-v46-std-adaln4-top10-p0.5,v46-std-adaln4-top10-p0.5,37500,0.53512,1.0054484127461911
exp-std__runs_AB__20261003-212654-v50-A-space-xattn-style-adaln-top10,exp-std/runs_AB/20261003-212654-v50-A-space-xattn-style-adaln-top10,v50-A-space-xattn-style-adaln-top10,5000,0.53045,0.9948942422229339
exp-std__runs_AB__20261003-212654-v50-A-space-xattn-style-adaln-top10,exp-std/runs_AB/20261003-212654-v50-A-space-xattn-style-adaln-top10,v50-A-space-xattn-style-adaln-top10,10000,0.538822,0.9825137585879647
exp-std__runs_AB__20261003-212654-v50-A-space-xattn-style-adaln-top10,exp-std/runs_AB/20261003-212654-v50-A-space-xattn-style-adaln-top10,v50-A-space-xattn-style-adaln-top10,15000,0.541571,0.977684401254603
exp-std__runs_AB__20261003-224116-v50-A-space-xattn-style-adaln-top10,exp-std/runs_AB/20261003-224116-v50-A-space-xattn-style-adaln-top10,v50-A-space-xattn-style-adaln-top10,20000,0.54577,0.9634194303961361
exp-std__runs_AB__20261003-224116-v50-A-space-xattn-style-adaln-top10,exp-std/runs_AB/20261003-224116-v50-A-space-xattn-style-adaln-top10,v50-A-space-xattn-style-adaln-top10,25000,0.543823,0.9739332940170472
exp-std__runs_AB__20261003-224116-v50-A-space-xattn-style-adaln-top10,exp-std/runs_AB/20261003-224116-v50-A-space-xattn-style-adaln-top10,v50-A-space-xattn-style-adaln-top10,30000,0.546533,0.9587777266527879
exp-std__runs_AB__20261003-224116-v50-A-space-xattn-style-adaln-top10,exp-std/runs_AB/20261003-224116-v50-A-space-xattn-style-adaln-top10,v50-A-space-xattn-style-adaln-top10,35000,0.547142,0.9570661204702714
exp-std__runs_AB__20261004-000014-v50-A-space-xattn-style-adaln-top10,exp-std/runs_AB/20261004-000014-v50-A-space-xattn-style-adaln-top10,v50-A-space-xattn-style-adaln-top10,40000,0.54815,0.95064870558958
exp-std__runs_AB__20261004-000014-v50-A-space-xattn-style-adaln-top10,exp-std/runs_AB/20261004-000014-v50-A-space-xattn-style-adaln-top10,v50-A-space-xattn-style-adaln-top10,45000,0.554,0.9332518713040785
exp-std__runs_AB__20261004-000014-v50-A-space-xattn-style-adaln-top10,exp-std/runs_AB/20261004-000014-v50-A-space-xattn-style-adaln-top10,v50-A-space-xattn-style-adaln-top10,50000,0.554578,0.924052287869275
exp-std__runs_AB__20261004-000014-v50-A-space-xattn-style-adaln-top10,exp-std/runs_AB/20261004-000014-v50-A-space-xattn-style-adaln-top10,v50-A-space-xattn-style-adaln-top10,55000,0.555321,0.9184081461977831
exp-std__runs_AB__20261004-030156-v52-noskel-callig-char,exp-std/runs_AB/20261004-030156-v52-noskel-callig-char,v52-noskel-callig-char,5000,0.487297,1.1392489145783817
exp-std__runs_AB__20261004-030156-v52-noskel-callig-char,exp-std/runs_AB/20261004-030156-v52-noskel-callig-char,v52-noskel-callig-char,10000,0.499119,1.115139323759844
exp-std__runs_AB__20261004-030156-v52-noskel-callig-char,exp-std/runs_AB/20261004-030156-v52-noskel-callig-char,v52-noskel-callig-char,15000,0.515809,1.074696949299644
exp-std__runs_AB__20261004-030156-v52-noskel-callig-char,exp-std/runs_AB/20261004-030156-v52-noskel-callig-char,v52-noskel-callig-char,20000,0.525041,1.050252513292639
exp-std__runs_AB__20261004-030156-v52-noskel-callig-char,exp-std/runs_AB/20261004-030156-v52-noskel-callig-char,v52-noskel-callig-char,25000,0.530647,1.033553070563046
exp-std__runs_AB__20261004-030156-v52-noskel-callig-char,exp-std/runs_AB/20261004-030156-v52-noskel-callig-char,v52-noskel-callig-char,30000,0.533453,1.0265481738164464
exp-std__runs_AB__20261004-030156-v52-noskel-callig-char,exp-std/runs_AB/20261004-030156-v52-noskel-callig-char,v52-noskel-callig-char,35000,0.537924,1.0060336538814605
exp-std__runs_AB__20261004-030156-v52-noskel-callig-char,exp-std/runs_AB/20261004-030156-v52-noskel-callig-char,v52-noskel-callig-char,40000,0.544376,0.976879793214288
exp-std__runs_AB__20261004-030156-v52-noskel-callig-char,exp-std/runs_AB/20261004-030156-v52-noskel-callig-char,v52-noskel-callig-char,45000,0.547938,0.9649449269720577
exp-std__runs_AB__20261004-030156-v52-noskel-callig-char,exp-std/runs_AB/20261004-030156-v52-noskel-callig-char,v52-noskel-callig-char,50000,0.554453,0.9395583343697104
exp-std__runs_AB__20261004-030156-v52-noskel-callig-char,exp-std/runs_AB/20261004-030156-v52-noskel-callig-char,v52-noskel-callig-char,55000,0.556846,0.9303289208820159
exp-std__runs_AB__20261004-030156-v52-noskel-callig-char,exp-std/runs_AB/20261004-030156-v52-noskel-callig-char,v52-noskel-callig-char,60000,0.561584,0.9108572589522377
exp-std__runs_AB__20261004-030156-v52-noskel-callig-char,exp-std/runs_AB/20261004-030156-v52-noskel-callig-char,v52-noskel-callig-char,65000,0.565144,0.9002332755907334
exp-std__runs_AB__20261004-030156-v52-noskel-callig-char,exp-std/runs_AB/20261004-030156-v52-noskel-callig-char,v52-noskel-callig-char,70000,0.570627,0.88080623459051
exp-std__runs_AB__20261004-030156-v52-noskel-callig-char,exp-std/runs_AB/20261004-030156-v52-noskel-callig-char,v52-noskel-callig-char,75000,0.573552,0.8688484484499152
exp-std__runs_AB__20261004-030156-v52-noskel-callig-char,exp-std/runs_AB/20261004-030156-v52-noskel-callig-char,v52-noskel-callig-char,80000,0.576335,0.858135653370842
exp-std__runs_AB__20261004-030156-v52-noskel-callig-char,exp-std/runs_AB/20261004-030156-v52-noskel-callig-char,v52-noskel-callig-char,85000,0.579632,0.8478299808055959
exp-std__runs_AB__20261004-030156-v52-noskel-callig-char,exp-std/runs_AB/20261004-030156-v52-noskel-callig-char,v52-noskel-callig-char,90000,0.580829,0.8423412883664197
exp-std__runs_AB__20261004-030156-v52-noskel-callig-char,exp-std/runs_AB/20261004-030156-v52-noskel-callig-char,v52-noskel-callig-char,95000,0.582036,0.8384265928344931
exp-std__runs_AB__20261004-030156-v52-noskel-callig-char,exp-std/runs_AB/20261004-030156-v52-noskel-callig-char,v52-noskel-callig-char,100000,0.582674,0.8368152013436996
exp-std__runs_AB__20261004-121031-v52-noskel-callig-char,exp-std/runs_AB/20261004-121031-v52-noskel-callig-char,v52-noskel-callig-char,5000,0.577168,0.8580816582562452
exp-std__runs_AB__20261004-121031-v52-noskel-callig-char,exp-std/runs_AB/20261004-121031-v52-noskel-callig-char,v52-noskel-callig-char,10000,0.580543,0.8478491808322661
exp-std__runs_AB__20261004-133045-v53-triple-tables-noskel,exp-std/runs_AB/20261004-133045-v53-triple-tables-noskel,v53-triple-tables-noskel,5000,0.510572,1.0727170348804902
exp-std__runs_AB__20261004-185947-v53-triple-tables-noskel,exp-std/runs_AB/20261004-185947-v53-triple-tables-noskel,v53-triple-tables-noskel,65000,0.580097,0.8420315841461885
exp-std__runs_AB__20261004-185947-v53-triple-tables-noskel,exp-std/runs_AB/20261004-185947-v53-triple-tables-noskel,v53-triple-tables-noskel,70000,0.581866,0.8377403644795086
exp-std__runs_AB__20261004-185947-v53-triple-tables-noskel,exp-std/runs_AB/20261004-185947-v53-triple-tables-noskel,v53-triple-tables-noskel,75000,0.583048,0.8319314645732788
exp-std__runs_AB__20261004-185947-v53-triple-tables-noskel,exp-std/runs_AB/20261004-185947-v53-triple-tables-noskel,v53-triple-tables-noskel,80000,0.584508,0.8243042119843437
exp-std__runs_AB__20261004-185947-v53-triple-tables-noskel,exp-std/runs_AB/20261004-185947-v53-triple-tables-noskel,v53-triple-tables-noskel,85000,0.585383,0.8202351827353718
exp-std__runs_AB__20261004-185947-v53-triple-tables-noskel,exp-std/runs_AB/20261004-185947-v53-triple-tables-noskel,v53-triple-tables-noskel,90000,0.586453,0.8176630203099174
exp-std__runs_AB__20261004-185947-v53-triple-tables-noskel,exp-std/runs_AB/20261004-185947-v53-triple-tables-noskel,v53-triple-tables-noskel,95000,0.587063,0.8128352437347652
exp-std__runs_AB__20261004-185947-v53-triple-tables-noskel,exp-std/runs_AB/20261004-185947-v53-triple-tables-noskel,v53-triple-tables-noskel,100000,0.587522,0.8102104394910807
exp-std__runs_purestd__20261003-163412-v46-std-adaln4-top10-p1.0,exp-std/runs_purestd/20261003-163412-v46-std-adaln4-top10-p1.0,v46-std-adaln4-top10-p1.0,2500,0.509033,1.0215491161626928
exp-std__runs_purestd__20261003-163412-v46-std-adaln4-top10-p1.0,exp-std/runs_purestd/20261003-163412-v46-std-adaln4-top10-p1.0,v46-std-adaln4-top10-p1.0,5000,0.531794,0.9955601281023281
exp-std__runs_purestd__20261003-163412-v46-std-adaln4-top10-p1.0,exp-std/runs_purestd/20261003-163412-v46-std-adaln4-top10-p1.0,v46-std-adaln4-top10-p1.0,7500,0.534232,0.9913949807059956
exp-std__runs_purestd__20261003-163412-v46-std-adaln4-top10-p1.0,exp-std/runs_purestd/20261003-163412-v46-std-adaln4-top10-p1.0,v46-std-adaln4-top10-p1.0,10000,0.539928,0.9787068559842951
exp-std__runs_purestd__20261003-163412-v46-std-adaln4-top10-p1.0,exp-std/runs_purestd/20261003-163412-v46-std-adaln4-top10-p1.0,v46-std-adaln4-top10-p1.0,12500,0.542311,0.9741679014050387
exp-std__runs_purestd__20261003-163412-v46-std-adaln4-top10-p1.0,exp-std/runs_purestd/20261003-163412-v46-std-adaln4-top10-p1.0,v46-std-adaln4-top10-p1.0,15000,0.544762,0.9680055411741695
exp-std__runs_purestd__20261003-163412-v46-std-adaln4-top10-p1.0,exp-std/runs_purestd/20261003-163412-v46-std-adaln4-top10-p1.0,v46-std-adaln4-top10-p1.0,17500,0.544223,0.9664449758708158
exp-std__runs_purestd__20261003-163412-v46-std-adaln4-top10-p1.0,exp-std/runs_purestd/20261003-163412-v46-std-adaln4-top10-p1.0,v46-std-adaln4-top10-p1.0,20000,0.546529,0.9593371709081578
exp-std__runs_purestd__20261003-163412-v46-std-adaln4-top10-p1.0,exp-std/runs_purestd/20261003-163412-v46-std-adaln4-top10-p1.0,v46-std-adaln4-top10-p1.0,22500,0.545718,0.9596685931325596
exp-std__runs_purestd__20261003-163412-v46-std-adaln4-top10-p1.0,exp-std/runs_purestd/20261003-163412-v46-std-adaln4-top10-p1.0,v46-std-adaln4-top10-p1.0,25000,0.548474,0.9497916035473666
exp-std__runs_purestd__20261003-182222-v46-std-adaln4-top10-p1.0,exp-std/runs_purestd/20261003-182222-v46-std-adaln4-top10-p1.0,v46-std-adaln4-top10-p1.0,27500,0.548962,0.9474838782440532
exp-std__runs_purestd__20261003-182222-v46-std-adaln4-top10-p1.0,exp-std/runs_purestd/20261003-182222-v46-std-adaln4-top10-p1.0,v46-std-adaln4-top10-p1.0,30000,0.54745,0.9514614152398339
exp-std__runs_purestd__20261003-182222-v46-std-adaln4-top10-p1.0,exp-std/runs_purestd/20261003-182222-v46-std-adaln4-top10-p1.0,v46-std-adaln4-top10-p1.0,32500,0.548837,0.9431614243091746
exp-std__runs_purestd__20261003-182222-v46-std-adaln4-top10-p1.0,exp-std/runs_purestd/20261003-182222-v46-std-adaln4-top10-p1.0,v46-std-adaln4-top10-p1.0,35000,0.551602,0.9381001813207718
exp-std__runs_purestd__20261003-182222-v46-std-adaln4-top10-p1.0,exp-std/runs_purestd/20261003-182222-v46-std-adaln4-top10-p1.0,v46-std-adaln4-top10-p1.0,37500,0.549186,0.9468525903110199
exp-std__runs_smoke__20261004-021614-v52-noskel-callig-char,exp-std/runs_smoke/20261004-021614-v52-noskel-callig-char,v52-noskel-callig-char,40,0.089088,1.1389751940965653
exp-std__runs_smoke__20261004-021724-v52-noskel-callig-char,exp-std/runs_smoke/20261004-021724-v52-noskel-callig-char,v52-noskel-callig-char,40,0.089088,1.1389752000570297
exp-std__runs_smoke__20261004-023057-v52-noskel-callig-char,exp-std/runs_smoke/20261004-023057-v52-noskel-callig-char,v52-noskel-callig-char,40,0.089088,1.1389751940965653
exp-std__runs_smoke__20261004-025103-v52-noskel-callig-char,exp-std/runs_smoke/20261004-025103-v52-noskel-callig-char,v52-noskel-callig-char,40,0.089085,1.138958153128624
exp-std__runs_smoke__20261004-025901-v52-noskel-callig-char,exp-std/runs_smoke/20261004-025901-v52-noskel-callig-char,v52-noskel-callig-char,40,0.089085,1.138958153128624
exp-std__runs_smoke__20261004-030057-v52-noskel-callig-char,exp-std/runs_smoke/20261004-030057-v52-noskel-callig-char,v52-noskel-callig-char,40,0.089085,1.138958153128624
exp-std__runs_smoke__20261004-120933-v52-noskel-callig-char,exp-std/runs_smoke/20261004-120933-v52-noskel-callig-char,v52-noskel-callig-char,40,0.089085,1.138958153128624
exp-std__runs_smoke__20261004-132753-v53-triple-tables-noskel,exp-std/runs_smoke/20261004-132753-v53-triple-tables-noskel,v53-triple-tables-noskel,60,0.106313,1.309488645195961
