source,calligrapher,script,character,source_file,width,height,is_inverted,ink_ratio,dirt_ratio,quality,issues,salvage_action,is_salvageable
mccd_salvage,于右任,楷,㑺,G:\GitHub\DiT\MCCD\MCCD\MCCD-Calligrapher\calligrapher_dataset\于右任\㑺-楷-近-于右任-161426.png,260,308,False,0.177,0.0008,clean,none,direct_use,True
mccd_salvage,于右任,行,一,G:\GitHub\DiT\MCCD\MCCD\MCCD-Calligrapher\calligrapher_dataset\于右任\一-行-近-于右任-475.png,202,105,False,0.381,0.0,clean,none,direct_use,True
mccd_salvage,于右任,行,一,G:\GitHub\DiT\MCCD\MCCD\MCCD-Calligrapher\calligrapher_dataset\于右任\一-行-近-于右任-476.png,204,105,False,0.4991,0.0,clean,none,direct_use,True
mccd_salvage,于右任,行,丁,G:\GitHub\DiT\MCCD\MCCD\MCCD-Calligrapher\calligrapher_dataset\于右任\丁-行-近-于右任-698.png,202,296,False,0.1796,0.0,clean,none,direct_use,True
mccd_salvage,于右任,行,七,G:\GitHub\DiT\MCCD\MCCD\MCCD-Calligrapher\calligrapher_dataset\于右任\七-行-近-于右任-904.png,239,307,False,0.3143,0.0,clean,none,direct_use,True
mccd_salvage,于右任,行,且,G:\GitHub\DiT\MCCD\MCCD\MCCD-Calligrapher\calligrapher_dataset\于右任\且-行-近-于右任-3874.png,282,185,False,0.3905,0.0,clean,none,direct_use,True
mccd_salvage,于右任,行,並,G:\GitHub\DiT\MCCD\MCCD\MCCD-Calligrapher\calligrapher_dataset\于右任\並-行-近-于右任-4505.png,172,306,False,0.3104,0.0,clean,none,direct_use,True
mccd_salvage,于右任,行,之,G:\GitHub\DiT\MCCD\MCCD\MCCD-Calligrapher\calligrapher_dataset\于右任\之-行-近-于右任-6966.png,207,272,False,0.1467,0.0,clean,none,direct_use,True
mccd_salvage,于右任,行,九,G:\GitHub\DiT\MCCD\MCCD\MCCD-Calligrapher\calligrapher_dataset\于右任\九-行-近-于右任-8199.png,171,199,False,0.4543,0.0,clean,none,direct_use,True
mccd_salvage,于右任,楷,于,G:\GitHub\DiT\MCCD\MCCD\MCCD-Calligrapher\calligrapher_dataset\于右任\于-楷-近-于右任-10528.png,252,320,False,0.242,0.0013,clean,none,direct_use,True
mccd_salvage,于右任,行,亡,G:\GitHub\DiT\MCCD\MCCD\MCCD-Calligrapher\calligrapher_dataset\于右任\亡-行-近-于右任-12189.png,188,214,False,0.3242,0.0,clean,none,direct_use,True
mccd_salvage,于右任,行,京,G:\GitHub\DiT\MCCD\MCCD\MCCD-Calligrapher\calligrapher_dataset\于右任\京-行-近-于右任-13084.png,191,312,False,0.4042,0.0,clean,none,direct_use,True
mccd_salvage,于右任,行,以,G:\GitHub\DiT\MCCD\MCCD\MCCD-Calligrapher\calligrapher_dataset\于右任\以-行-近-于右任-15754.png,220,153,False,0.121,0.0,clean,none,direct_use,True
mccd_salvage,于右任,行,以,G:\GitHub\DiT\MCCD\MCCD\MCCD-Calligrapher\calligrapher_dataset\于右任\以-行-近-于右任-15755.png,241,167,False,0.1751,0.0,clean,none,direct_use,True
mccd_salvage,于右任,楷,任,G:\GitHub\DiT\MCCD\MCCD\MCCD-Calligrapher\calligrapher_dataset\于右任\任-楷-近-于右任-16071.png,285,198,False,0.2882,0.0004,clean,none,direct_use,True
mccd_salvage,于右任,行,任,G:\GitHub\DiT\MCCD\MCCD\MCCD-Calligrapher\calligrapher_dataset\于右任\任-行-近-于右任-16086.png,186,180,False,0.3419,0.0,clean,none,direct_use,True
mccd_salvage,于右任,行,伯,G:\GitHub\DiT\MCCD\MCCD\MCCD-Calligrapher\calligrapher_dataset\于右任\伯-行-近-于右任-16718.png,234,194,False,0.4883,0.0,clean,none,direct_use,True
mccd_salvage,于右任,行,先,G:\GitHub\DiT\MCCD\MCCD\MCCD-Calligrapher\calligrapher_dataset\于右任\先-行-近-于右任-24392.png,158,223,False,0.1461,0.0,clean,none,direct_use,True
mccd_salvage,于右任,行,分,G:\GitHub\DiT\MCCD\MCCD\MCCD-Calligrapher\calligrapher_dataset\于右任\分-行-近-于右任-30336.png,231,282,False,0.1802,0.0,clean,none,direct_use,True
mccd_salvage,于右任,行,分,G:\GitHub\DiT\MCCD\MCCD\MCCD-Calligrapher\calligrapher_dataset\于右任\分-行-近-于右任-30337.png,179,284,False,0.1532,0.0,clean,none,direct_use,True
mccd_salvage,于右任,楷,判,G:\GitHub\DiT\MCCD\MCCD\MCCD-Calligrapher\calligrapher_dataset\于右任\判-楷-近-于右任-30938.png,268,228,False,0.2833,0.0003,clean,none,direct_use,True
mccd_salvage,于右任,楷,勝,G:\GitHub\DiT\MCCD\MCCD\MCCD-Calligrapher\calligrapher_dataset\于右任\勝-楷-近-于右任-33782.png,268,226,False,0.1387,0.0046,clean,none,direct_use,True
mccd_salvage,于右任,楷,勳,G:\GitHub\DiT\MCCD\MCCD\MCCD-Calligrapher\calligrapher_dataset\于右任\勳-楷-近-于右任-34152.png,284,237,False,0.212,0.0003,clean,none,direct_use,True
mccd_salvage,于右任,楷,匡,G:\GitHub\DiT\MCCD\MCCD\MCCD-Calligrapher\calligrapher_dataset\于右任\匡-楷-近-于右任-35212.png,265,290,False,0.2677,0.0074,clean,none,direct_use,True
mccd_salvage,于右任,楷,匪,G:\GitHub\DiT\MCCD\MCCD\MCCD-Calligrapher\calligrapher_dataset\于右任\匪-楷-近-于右任-35301.png,274,222,False,0.1994,0.0,clean,none,direct_use,True
mccd_salvage,于右任,行,參,G:\GitHub\DiT\MCCD\MCCD\MCCD-Calligrapher\calligrapher_dataset\于右任\參-行-近-于右任-39537.png,219,237,False,0.3985,0.0,clean,none,direct_use,True
mccd_salvage,于右任,行,叄,G:\GitHub\DiT\MCCD\MCCD\MCCD-Calligrapher\calligrapher_dataset\于右任\叄-行-近-于右任-39622.png,219,237,False,0.3985,0.0,clean,none,direct_use,True
mccd_salvage,于右任,行,及,G:\GitHub\DiT\MCCD\MCCD\MCCD-Calligrapher\calligrapher_dataset\于右任\及-行-近-于右任-40520.png,244,288,False,0.3311,0.0,clean,none,direct_use,True
mccd_salvage,于右任,楷,右,G:\GitHub\DiT\MCCD\MCCD\MCCD-Calligrapher\calligrapher_dataset\于右任\右-楷-近-于右任-43080.png,292,203,False,0.2718,0.0,clean,none,direct_use,True
mccd_salvage,于右任,行,同,G:\GitHub\DiT\MCCD\MCCD\MCCD-Calligrapher\calligrapher_dataset\于右任\同-行-近-于右任-44278.png,199,190,False,0.3407,0.0,clean,none,direct_use,True
mccd_salvage,于右任,楷,吝,G:\GitHub\DiT\MCCD\MCCD\MCCD-Calligrapher\calligrapher_dataset\于右任\吝-楷-近-于右任-45331.png,283,216,False,0.2217,0.004,clean,none,direct_use,True
mccd_salvage,于右任,楷,噫,G:\GitHub\DiT\MCCD\MCCD\MCCD-Calligrapher\calligrapher_dataset\于右任\噫-楷-近-于右任-51878.png,279,258,False,0.2631,0.0,clean,none,direct_use,True
mccd_salvage,于右任,行,塔,G:\GitHub\DiT\MCCD\MCCD\MCCD-Calligrapher\calligrapher_dataset\于右任\塔-行-近-于右任-56638.png,262,204,False,0.3147,0.0,clean,none,direct_use,True
mccd_salvage,于右任,行,奸,G:\GitHub\DiT\MCCD\MCCD\MCCD-Calligrapher\calligrapher_dataset\于右任\奸-行-近-于右任-63386.png,251,308,False,0.2311,0.0,clean,none,direct_use,True
mccd_salvage,于右任,楷,季,G:\GitHub\DiT\MCCD\MCCD\MCCD-Calligrapher\calligrapher_dataset\于右任\季-楷-近-于右任-68814.png,257,388,False,0.2663,0.002,clean,none,direct_use,True
mccd_salvage,于右任,楷,害,G:\GitHub\DiT\MCCD\MCCD\MCCD-Calligrapher\calligrapher_dataset\于右任\害-楷-近-于右任-72343.png,278,266,False,0.1892,0.0038,clean,none,direct_use,True
mccd_salvage,于右任,楷,寥,G:\GitHub\DiT\MCCD\MCCD\MCCD-Calligrapher\calligrapher_dataset\于右任\寥-楷-近-于右任-74067.png,234,272,False,0.1677,0.0022,clean,none,direct_use,True
mccd_salvage,于右任,楷,尤,G:\GitHub\DiT\MCCD\MCCD\MCCD-Calligrapher\calligrapher_dataset\于右任\尤-楷-近-于右任-77259.png,253,196,False,0.2331,0.0,clean,none,direct_use,True
mccd_salvage,于右任,楷,岸,G:\GitHub\DiT\MCCD\MCCD\MCCD-Calligrapher\calligrapher_dataset\于右任\岸-楷-近-于右任-79603.png,258,252,False,0.1391,0.0,clean,none,direct_use,True
mccd_salvage,于右任,楷,巖,G:\GitHub\DiT\MCCD\MCCD\MCCD-Calligrapher\calligrapher_dataset\于右任\巖-楷-近-于右任-80879.png,280,295,False,0.2781,0.0008,clean,none,direct_use,True
mccd_salvage,于右任,行,巖,G:\GitHub\DiT\MCCD\MCCD\MCCD-Calligrapher\calligrapher_dataset\于右任\巖-行-近-于右任-80887.png,208,226,False,0.3565,0.0,clean,none,direct_use,True
mccd_salvage,于右任,行,左,G:\GitHub\DiT\MCCD\MCCD\MCCD-Calligrapher\calligrapher_dataset\于右任\左-行-近-于右任-81751.png,180,276,False,0.2963,0.0,clean,none,direct_use,True
mccd_salvage,于右任,行,弱,G:\GitHub\DiT\MCCD\MCCD\MCCD-Calligrapher\calligrapher_dataset\于右任\弱-行-近-于右任-89797.png,255,287,False,0.3027,0.0,clean,none,direct_use,True
mccd_salvage,于右任,楷,張,G:\GitHub\DiT\MCCD\MCCD\MCCD-Calligrapher\calligrapher_dataset\于右任\張-楷-近-于右任-89914.png,283,213,False,0.2541,0.0017,clean,none,direct_use,True
mccd_salvage,于右任,楷,彖,G:\GitHub\DiT\MCCD\MCCD\MCCD-Calligrapher\calligrapher_dataset\于右任\彖-楷-近-于右任-90673.png,249,271,False,0.2542,0.0,clean,none,direct_use,True
mccd_salvage,于右任,行,性,G:\GitHub\DiT\MCCD\MCCD\MCCD-Calligrapher\calligrapher_dataset\于右任\性-行-近-于右任-96781.png,224,224,False,0.2738,0.0,clean,none,direct_use,True
mccd_salvage,于右任,楷,愈,G:\GitHub\DiT\MCCD\MCCD\MCCD-Calligrapher\calligrapher_dataset\于右任\愈-楷-近-于右任-99582.png,297,257,False,0.1352,0.0015,clean,none,direct_use,True
mccd_salvage,于右任,行,戰,G:\GitHub\DiT\MCCD\MCCD\MCCD-Calligrapher\calligrapher_dataset\于右任\戰-行-近-于右任-2893.png,211,270,False,0.2061,0.0,clean,none,direct_use,True
mccd_salvage,于右任,行,攘,G:\GitHub\DiT\MCCD\MCCD\MCCD-Calligrapher\calligrapher_dataset\于右任\攘-行-近-于右任-921.png,248,272,False,0.2433,0.0,clean,none,direct_use,True
mccd_salvage,于右任,行,攻,G:\GitHub\DiT\MCCD\MCCD\MCCD-Calligrapher\calligrapher_dataset\于右任\攻-行-近-于右任-1571.png,263,191,False,0.1965,0.0,clean,none,direct_use,True
mccd_salvage,于右任,楷,救,G:\GitHub\DiT\MCCD\MCCD\MCCD-Calligrapher\calligrapher_dataset\于右任\救-楷-近-于右任-2286.png,278,129,False,0.1546,0.0036,clean,none,direct_use,True
mccd_salvage,于右任,行,料,G:\GitHub\DiT\MCCD\MCCD\MCCD-Calligrapher\calligrapher_dataset\于右任\料-行-近-于右任-4457.png,214,343,False,0.2544,0.0,clean,none,direct_use,True
mccd_salvage,于右任,楷,昌,G:\GitHub\DiT\MCCD\MCCD\MCCD-Calligrapher\calligrapher_dataset\于右任\昌-楷-近-于右任-1926.png,275,281,False,0.3856,0.0002,clean,none,direct_use,True
mccd_salvage,于右任,行,昔,G:\GitHub\DiT\MCCD\MCCD\MCCD-Calligrapher\calligrapher_dataset\于右任\昔-行-近-于右任-2649.png,156,306,False,0.2383,0.0,clean,none,direct_use,True
mccd_salvage,于右任,行,月,G:\GitHub\DiT\MCCD\MCCD\MCCD-Calligrapher\calligrapher_dataset\于右任\月-行-近-于右任-7802.png,173,285,False,0.4192,0.0,clean,none,direct_use,True
mccd_salvage,于右任,楷,校,G:\GitHub\DiT\MCCD\MCCD\MCCD-Calligrapher\calligrapher_dataset\于右任\校-楷-近-于右任-12660.png,283,153,False,0.1017,0.0016,clean,none,direct_use,True
mccd_salvage,于右任,楷,楷,G:\GitHub\DiT\MCCD\MCCD\MCCD-Calligrapher\calligrapher_dataset\于右任\楷-楷-近-于右任-15437.png,259,189,False,0.1846,0.0,clean,none,direct_use,True
mccd_salvage,于右任,楷,權,G:\GitHub\DiT\MCCD\MCCD\MCCD-Calligrapher\calligrapher_dataset\于右任\權-楷-近-于右任-17869.png,286,269,False,0.2831,0.0016,clean,none,direct_use,True
mccd_salvage,于右任,楷,歟,G:\GitHub\DiT\MCCD\MCCD\MCCD-Calligrapher\calligrapher_dataset\于右任\歟-楷-近-于右任-18789.png,279,205,False,0.2185,0.0001,clean,none,direct_use,True
mccd_salvage,于右任,楷,殺,G:\GitHub\DiT\MCCD\MCCD\MCCD-Calligrapher\calligrapher_dataset\于右任\殺-楷-近-于右任-21594.png,272,182,False,0.2793,0.0041,clean,none,direct_use,True
mccd_salvage,于右任,楷,殽,G:\GitHub\DiT\MCCD\MCCD\MCCD-Calligrapher\calligrapher_dataset\于右任\殽-楷-近-于右任-21645.png,262,188,False,0.2313,0.0,clean,none,direct_use,True
mccd_salvage,于右任,楷,毅,G:\GitHub\DiT\MCCD\MCCD\MCCD-Calligrapher\calligrapher_dataset\于右任\毅-楷-近-于右任-21861.png,252,208,False,0.1014,0.004,clean,none,direct_use,True
mccd_salvage,于右任,行,毛,G:\GitHub\DiT\MCCD\MCCD\MCCD-Calligrapher\calligrapher_dataset\于右任\毛-行-近-于右任-22997.png,156,352,False,0.2735,0.0,clean,none,direct_use,True
mccd_salvage,于右任,行,江,G:\GitHub\DiT\MCCD\MCCD\MCCD-Calligrapher\calligrapher_dataset\于右任\江-行-近-于右任-25318.png,198,222,False,0.2525,0.0,clean,none,direct_use,True
mccd_salvage,于右任,行,法,G:\GitHub\DiT\MCCD\MCCD\MCCD-Calligrapher\calligrapher_dataset\于右任\法-行-近-于右任-26863.png,200,184,False,0.2634,0.0,clean,none,direct_use,True
mccd_salvage,于右任,楷,洛,G:\GitHub\DiT\MCCD\MCCD\MCCD-Calligrapher\calligrapher_dataset\于右任\洛-楷-近-于右任-27551.png,295,197,False,0.2231,0.0,clean,none,direct_use,True
mccd_salvage,于右任,楷,淖,G:\GitHub\DiT\MCCD\MCCD\MCCD-Calligrapher\calligrapher_dataset\于右任\淖-楷-近-于右任-29294.png,256,279,False,0.2481,0.001,clean,none,direct_use,True
mccd_salvage,于右任,楷,湯,G:\GitHub\DiT\MCCD\MCCD\MCCD-Calligrapher\calligrapher_dataset\于右任\湯-楷-近-于右任-31382.png,288,261,False,0.3289,0.0061,clean,none,direct_use,True
mccd_salvage,于右任,楷,源,G:\GitHub\DiT\MCCD\MCCD\MCCD-Calligrapher\calligrapher_dataset\于右任\源-楷-近-于右任-31480.png,291,254,False,0.2822,0.0013,clean,none,direct_use,True
mccd_salvage,于右任,楷,溢,G:\GitHub\DiT\MCCD\MCCD\MCCD-Calligrapher\calligrapher_dataset\于右任\溢-楷-近-于右任-31611.png,268,205,False,0.1869,0.002,clean,none,direct_use,True
mccd_salvage,于右任,楷,炳,G:\GitHub\DiT\MCCD\MCCD\MCCD-Calligrapher\calligrapher_dataset\于右任\炳-楷-近-于右任-35492.png,278,209,False,0.213,0.0006,clean,none,direct_use,True
mccd_salvage,于右任,楷,焚,G:\GitHub\DiT\MCCD\MCCD\MCCD-Calligrapher\calligrapher_dataset\于右任\焚-楷-近-于右任-36754.png,265,304,False,0.2182,0.0022,clean,none,direct_use,True
mccd_salvage,于右任,楷,状,G:\GitHub\DiT\MCCD\MCCD\MCCD-Calligrapher\calligrapher_dataset\于右任\状-楷-近-于右任-41903.png,299,179,False,0.2601,0.0,clean,none,direct_use,True
mccd_salvage,于右任,楷,狀,G:\GitHub\DiT\MCCD\MCCD\MCCD-Calligrapher\calligrapher_dataset\于右任\狀-楷-近-于右任-41976.png,299,179,False,0.2601,0.0,clean,none,direct_use,True
mccd_salvage,于右任,行,玉,G:\GitHub\DiT\MCCD\MCCD\MCCD-Calligrapher\calligrapher_dataset\于右任\玉-行-近-于右任-43964.png,207,246,False,0.2923,0.0,clean,none,direct_use,True
mccd_salvage,于右任,行,王,G:\GitHub\DiT\MCCD\MCCD\MCCD-Calligrapher\calligrapher_dataset\于右任\王-行-近-于右任-44441.png,164,282,False,0.3944,0.0,clean,none,direct_use,True
mccd_salvage,于右任,楷,盪,G:\GitHub\DiT\MCCD\MCCD\MCCD-Calligrapher\calligrapher_dataset\于右任\盪-楷-近-于右任-55414.png,261,321,False,0.4199,0.0,clean,none,direct_use,True
mccd_salvage,于右任,楷,禦,G:\GitHub\DiT\MCCD\MCCD\MCCD-Calligrapher\calligrapher_dataset\于右任\禦-楷-近-于右任-62320.png,264,297,False,0.2452,0.0008,clean,none,direct_use,True
mccd_salvage,于右任,楷,種,G:\GitHub\DiT\MCCD\MCCD\MCCD-Calligrapher\calligrapher_dataset\于右任\種-楷-近-于右任-64221.png,277,239,False,0.278,0.0004,clean,none,direct_use,True
mccd_salvage,于右任,楷,究,G:\GitHub\DiT\MCCD\MCCD\MCCD-Calligrapher\calligrapher_dataset\于右任\究-楷-近-于右任-65143.png,260,300,False,0.1659,0.0,clean,none,direct_use,True
mccd_salvage,于右任,楷,窺,G:\GitHub\DiT\MCCD\MCCD\MCCD-Calligrapher\calligrapher_dataset\于右任\窺-楷-近-于右任-65783.png,271,220,False,0.275,0.0007,clean,none,direct_use,True
mccd_salvage,于右任,楷,竇,G:\GitHub\DiT\MCCD\MCCD\MCCD-Calligrapher\calligrapher_dataset\于右任\竇-楷-近-于右任-65881.png,274,385,False,0.2533,0.0013,clean,none,direct_use,True
mccd_salvage,于右任,行,策,G:\GitHub\DiT\MCCD\MCCD\MCCD-Calligrapher\calligrapher_dataset\于右任\策-行-近-于右任-67826.png,204,351,False,0.2338,0.0,clean,none,direct_use,True
mccd_salvage,于右任,楷,篆,G:\GitHub\DiT\MCCD\MCCD\MCCD-Calligrapher\calligrapher_dataset\于右任\篆-楷-近-于右任-68608.png,257,359,False,0.2735,0.003,clean,none,direct_use,True
mccd_salvage,于右任,楷,籌,G:\GitHub\DiT\MCCD\MCCD\MCCD-Calligrapher\calligrapher_dataset\于右任\籌-楷-近-于右任-69403.png,278,272,False,0.1264,0.007,clean,none,direct_use,True
mccd_salvage,于右任,楷,統,G:\GitHub\DiT\MCCD\MCCD\MCCD-Calligrapher\calligrapher_dataset\于右任\統-楷-近-于右任-72606.png,286,200,False,0.2285,0.0012,clean,none,direct_use,True
mccd_salvage,于右任,楷,綢,G:\GitHub\DiT\MCCD\MCCD\MCCD-Calligrapher\calligrapher_dataset\于右任\綢-楷-近-于右任-73272.png,280,177,False,0.1778,0.0043,clean,none,direct_use,True
mccd_salvage,于右任,楷,緖,G:\GitHub\DiT\MCCD\MCCD\MCCD-Calligrapher\calligrapher_dataset\于右任\緖-楷-近-于右任-73873.png,269,260,False,0.3234,0.0,clean,none,direct_use,True
mccd_salvage,于右任,楷,總,G:\GitHub\DiT\MCCD\MCCD\MCCD-Calligrapher\calligrapher_dataset\于右任\總-楷-近-于右任-74961.png,294,195,False,0.1562,0.0042,clean,none,direct_use,True
mccd_salvage,于右任,楷,繆,G:\GitHub\DiT\MCCD\MCCD\MCCD-Calligrapher\calligrapher_dataset\于右任\繆-楷-近-于右任-75105.png,251,183,False,0.1457,0.0009,clean,none,direct_use,True
mccd_salvage,于右任,楷,織,G:\GitHub\DiT\MCCD\MCCD\MCCD-Calligrapher\calligrapher_dataset\于右任\織-楷-近-于右任-75252.png,267,246,False,0.0991,0.0086,clean,none,direct_use,True
mccd_salvage,于右任,楷,翟,G:\GitHub\DiT\MCCD\MCCD\MCCD-Calligrapher\calligrapher_dataset\于右任\翟-楷-近-于右任-78583.png,253,299,False,0.3086,0.0009,clean,none,direct_use,True
mccd_salvage,于右任,楷,翹,G:\GitHub\DiT\MCCD\MCCD\MCCD-Calligrapher\calligrapher_dataset\于右任\翹-楷-近-于右任-78926.png,290,222,False,0.3072,0.0009,clean,none,direct_use,True
mccd_salvage,于右任,楷,耀,G:\GitHub\DiT\MCCD\MCCD\MCCD-Calligrapher\calligrapher_dataset\于右任\耀-楷-近-于右任-79110.png,268,253,False,0.2699,0.0,clean,none,direct_use,True
mccd_salvage,于右任,楷,聾,G:\GitHub\DiT\MCCD\MCCD\MCCD-Calligrapher\calligrapher_dataset\于右任\聾-楷-近-于右任-82404.png,253,259,False,0.1823,0.0048,clean,none,direct_use,True
mccd_salvage,于右任,行,肥,G:\GitHub\DiT\MCCD\MCCD\MCCD-Calligrapher\calligrapher_dataset\于右任\肥-行-近-于右任-82931.png,253,172,False,0.4157,0.0,clean,none,direct_use,True
mccd_salvage,于右任,楷,腦,G:\GitHub\DiT\MCCD\MCCD\MCCD-Calligrapher\calligrapher_dataset\于右任\腦-楷-近-于右任-84778.png,290,166,False,0.1874,0.0,clean,none,direct_use,True
mccd_salvage,于右任,楷,腹,G:\GitHub\DiT\MCCD\MCCD\MCCD-Calligrapher\calligrapher_dataset\于右任\腹-楷-近-于右任-84980.png,275,203,False,0.2356,0.0,clean,none,direct_use,True
mccd_salvage,于右任,楷,艱,G:\GitHub\DiT\MCCD\MCCD\MCCD-Calligrapher\calligrapher_dataset\于右任\艱-楷-近-于右任-89107.png,281,214,False,0.1216,0.0005,clean,none,direct_use,True
mccd_salvage,于右任,楷,苓,G:\GitHub\DiT\MCCD\MCCD\MCCD-Calligrapher\calligrapher_dataset\于右任\苓-楷-近-于右任-89966.png,269,226,False,0.1155,0.0041,clean,none,direct_use,True
mccd_salvage,于右任,行,英,G:\GitHub\DiT\MCCD\MCCD\MCCD-Calligrapher\calligrapher_dataset\于右任\英-行-近-于右任-90562.png,157,229,False,0.3206,0.0,clean,none,direct_use,True
mccd_salvage,于右任,楷,著,G:\GitHub\DiT\MCCD\MCCD\MCCD-Calligrapher\calligrapher_dataset\于右任\著-楷-近-于右任-93636.png,285,272,False,0.2364,0.0043,clean,none,direct_use,True
mccd_salvage,于右任,楷,蔚,G:\GitHub\DiT\MCCD\MCCD\MCCD-Calligrapher\calligrapher_dataset\于右任\蔚-楷-近-于右任-94963.png,249,250,False,0.108,0.0055,clean,none,direct_use,True
mccd_salvage,于右任,楷,虜,G:\GitHub\DiT\MCCD\MCCD\MCCD-Calligrapher\calligrapher_dataset\于右任\虜-楷-近-于右任-97873.png,262,340,False,0.2907,0.0,clean,none,direct_use,True
mccd_salvage,于右任,楷,衛,G:\GitHub\DiT\MCCD\MCCD\MCCD-Calligrapher\calligrapher_dataset\于右任\衛-楷-近-于右任-101323.png,281,195,False,0.2296,0.0,clean,none,direct_use,True
mccd_salvage,于右任,楷,衞,G:\GitHub\DiT\MCCD\MCCD\MCCD-Calligrapher\calligrapher_dataset\于右任\衞-楷-近-于右任-101468.png,281,195,False,0.2296,0.0,clean,none,direct_use,True
mccd_salvage,于右任,行,表,G:\GitHub\DiT\MCCD\MCCD\MCCD-Calligrapher\calligrapher_dataset\于右任\表-行-近-于右任-101851.png,202,255,False,0.2182,0.0,clean,none,direct_use,True
mccd_salvage,于右任,楷,襄,G:\GitHub\DiT\MCCD\MCCD\MCCD-Calligrapher\calligrapher_dataset\于右任\襄-楷-近-于右任-103543.png,255,328,False,0.2576,0.0,clean,none,direct_use,True
mccd_salvage,于右任,楷,豤,G:\GitHub\DiT\MCCD\MCCD\MCCD-Calligrapher\calligrapher_dataset\于右任\豤-楷-近-于右任-112639.png,283,217,False,0.2824,0.0004,clean,none,direct_use,True
mccd_salvage,于右任,楷,費,G:\GitHub\DiT\MCCD\MCCD\MCCD-Calligrapher\calligrapher_dataset\于右任\費-楷-近-于右任-114304.png,275,331,False,0.1952,0.001,clean,none,direct_use,True
mccd_salvage,于右任,楷,賑,G:\GitHub\DiT\MCCD\MCCD\MCCD-Calligrapher\calligrapher_dataset\于右任\賑-楷-近-于右任-114715.png,293,189,False,0.2348,0.0023,clean,none,direct_use,True
mccd_salvage,于右任,行,跋,G:\GitHub\DiT\MCCD\MCCD\MCCD-Calligrapher\calligrapher_dataset\于右任\跋-行-近-于右任-117243.png,206,162,False,0.356,0.0,clean,none,direct_use,True
mccd_salvage,于右任,楷,辦,G:\GitHub\DiT\MCCD\MCCD\MCCD-Calligrapher\calligrapher_dataset\于右任\辦-楷-近-于右任-121614.png,279,269,False,0.2318,0.0013,clean,none,direct_use,True
mccd_salvage,于右任,行,逾,G:\GitHub\DiT\MCCD\MCCD\MCCD-Calligrapher\calligrapher_dataset\于右任\逾-行-近-于右任-124468.png,250,227,False,0.4292,0.0,clean,none,direct_use,True
mccd_salvage,于右任,楷,遭,G:\GitHub\DiT\MCCD\MCCD\MCCD-Calligrapher\calligrapher_dataset\于右任\遭-楷-近-于右任-125918.png,277,241,False,0.1734,0.0015,clean,none,direct_use,True
mccd_salvage,于右任,楷,鄜,G:\GitHub\DiT\MCCD\MCCD\MCCD-Calligrapher\calligrapher_dataset\于右任\鄜-楷-近-于右任-129224.png,290,230,False,0.2649,0.0006,clean,none,direct_use,True
mccd_salvage,于右任,楷,鄞,G:\GitHub\DiT\MCCD\MCCD\MCCD-Calligrapher\calligrapher_dataset\于右任\鄞-楷-近-于右任-129243.png,258,271,False,0.1791,0.0029,clean,none,direct_use,True
mccd_salvage,于右任,楷,釗,G:\GitHub\DiT\MCCD\MCCD\MCCD-Calligrapher\calligrapher_dataset\于右任\釗-楷-近-于右任-131920.png,285,243,False,0.2172,0.0009,clean,none,direct_use,True
mccd_salvage,于右任,楷,錫,G:\GitHub\DiT\MCCD\MCCD\MCCD-Calligrapher\calligrapher_dataset\于右任\錫-楷-近-于右任-133728.png,240,240,False,0.1412,0.0001,clean,none,direct_use,True
mccd_salvage,于右任,楷,鎔,G:\GitHub\DiT\MCCD\MCCD\MCCD-Calligrapher\calligrapher_dataset\于右任\鎔-楷-近-于右任-134227.png,291,173,False,0.2469,0.0,clean,none,direct_use,True
mccd_salvage,于右任,楷,鎭,G:\GitHub\DiT\MCCD\MCCD\MCCD-Calligrapher\calligrapher_dataset\于右任\鎭-楷-近-于右任-134377.png,287,202,False,0.2662,0.0003,clean,none,direct_use,True
mccd_salvage,于右任,楷,鎮,G:\GitHub\DiT\MCCD\MCCD\MCCD-Calligrapher\calligrapher_dataset\于右任\鎮-楷-近-于右任-134409.png,287,202,False,0.2662,0.0003,clean,none,direct_use,True
mccd_salvage,于右任,楷,闡,G:\GitHub\DiT\MCCD\MCCD\MCCD-Calligrapher\calligrapher_dataset\于右任\闡-楷-近-于右任-137226.png,255,280,False,0.1842,0.0043,clean,none,direct_use,True
mccd_salvage,于右任,楷,附,G:\GitHub\DiT\MCCD\MCCD\MCCD-Calligrapher\calligrapher_dataset\于右任\附-楷-近-于右任-137723.png,279,236,False,0.152,0.0012,clean,none,direct_use,True
mccd_salvage,于右任,楷,降,G:\GitHub\DiT\MCCD\MCCD\MCCD-Calligrapher\calligrapher_dataset\于右任\降-楷-近-于右任-137923.png,265,294,False,0.26,0.0013,clean,none,direct_use,True
mccd_salvage,于右任,楷,陝,G:\GitHub\DiT\MCCD\MCCD\MCCD-Calligrapher\calligrapher_dataset\于右任\陝-楷-近-于右任-138074.png,257,222,False,0.2266,0.0,clean,none,direct_use,True
mccd_salvage,于右任,楷,隻,G:\GitHub\DiT\MCCD\MCCD\MCCD-Calligrapher\calligrapher_dataset\于右任\隻-楷-近-于右任-140299.png,266,265,False,0.1479,0.0024,clean,none,direct_use,True
mccd_salvage,于右任,楷,雕,G:\GitHub\DiT\MCCD\MCCD\MCCD-Calligrapher\calligrapher_dataset\于右任\雕-楷-近-于右任-140870.png,273,250,False,0.2977,0.0023,clean,none,direct_use,True
mccd_salvage,于右任,行,雪,G:\GitHub\DiT\MCCD\MCCD\MCCD-Calligrapher\calligrapher_dataset\于右任\雪-行-近-于右任-141827.png,218,213,False,0.3746,0.0,clean,none,direct_use,True
mccd_salvage,于右任,楷,靖,G:\GitHub\DiT\MCCD\MCCD\MCCD-Calligrapher\calligrapher_dataset\于右任\靖-楷-近-于右任-143421.png,253,236,False,0.0811,0.0008,clean,none,direct_use,True
mccd_salvage,于右任,行,静,G:\GitHub\DiT\MCCD\MCCD\MCCD-Calligrapher\calligrapher_dataset\于右任\静-行-近-于右任-143542.png,262,232,False,0.3981,0.0,clean,none,direct_use,True
mccd_salvage,于右任,行,靜,G:\GitHub\DiT\MCCD\MCCD\MCCD-Calligrapher\calligrapher_dataset\于右任\靜-行-近-于右任-143663.png,262,232,False,0.3981,0.0,clean,none,direct_use,True
mccd_salvage,于右任,楷,驂,G:\GitHub\DiT\MCCD\MCCD\MCCD-Calligrapher\calligrapher_dataset\于右任\驂-楷-近-于右任-151271.png,287,163,False,0.1848,0.0096,clean,none,direct_use,True
mccd_salvage,于右任,楷,鬥,G:\GitHub\DiT\MCCD\MCCD\MCCD-Calligrapher\calligrapher_dataset\于右任\鬥-楷-近-于右任-153085.png,229,214,False,0.1474,0.0024,clean,none,direct_use,True
mccd_salvage,于右任,楷,麟,G:\GitHub\DiT\MCCD\MCCD\MCCD-Calligrapher\calligrapher_dataset\于右任\麟-楷-近-于右任-157593.png,282,246,False,0.2321,0.0,clean,none,direct_use,True
mccd_salvage,于右任,楷,黷,G:\GitHub\DiT\MCCD\MCCD\MCCD-Calligrapher\calligrapher_dataset\于右任\黷-楷-近-于右任-159226.png,264,279,False,0.3121,0.001,clean,none,direct_use,True
mccd_salvage,何绍基,隶,下,G:\GitHub\DiT\MCCD\MCCD\MCCD-Calligrapher\calligrapher_dataset\何绍基\下-隶-清-何绍基-1865.png,266,143,False,0.1967,0.0,clean,none,direct_use,True
mccd_salvage,何绍基,隶,位,G:\GitHub\DiT\MCCD\MCCD\MCCD-Calligrapher\calligrapher_dataset\何绍基\位-隶-清-何绍基-17086.png,274,223,False,0.3993,0.0,clean,none,direct_use,True
mccd_salvage,何绍基,隶,位,G:\GitHub\DiT\MCCD\MCCD\MCCD-Calligrapher\calligrapher_dataset\何绍基\位-隶-清-何绍基-17087.png,274,167,False,0.241,0.0,clean,none,direct_use,True
mccd_salvage,何绍基,行,傳,G:\GitHub\DiT\MCCD\MCCD\MCCD-Calligrapher\calligrapher_dataset\何绍基\傳-行-清-何绍基-22072.png,174,244,False,0.4741,0.0,clean,none,direct_use,True
mccd_salvage,何绍基,隶,前,G:\GitHub\DiT\MCCD\MCCD\MCCD-Calligrapher\calligrapher_dataset\何绍基\前-隶-清-何绍基-32029.png,278,187,False,0.3027,0.0,clean,none,direct_use,True
mccd_salvage,何绍基,行,北,G:\GitHub\DiT\MCCD\MCCD\MCCD-Calligrapher\calligrapher_dataset\何绍基\北-行-清-何绍基-35067.png,172,173,False,0.5032,0.0,clean,none,direct_use,True
mccd_salvage,何绍基,行,南,G:\GitHub\DiT\MCCD\MCCD\MCCD-Calligrapher\calligrapher_dataset\何绍基\南-行-清-何绍基-37048.png,224,227,False,0.428,0.0,clean,none,direct_use,True
mccd_salvage,何绍基,隶,南,G:\GitHub\DiT\MCCD\MCCD\MCCD-Calligrapher\calligrapher_dataset\何绍基\南-隶-清-何绍基-36990.png,215,149,False,0.3118,0.0,clean,none,direct_use,True
mccd_salvage,何绍基,行,古,G:\GitHub\DiT\MCCD\MCCD\MCCD-Calligrapher\calligrapher_dataset\何绍基\古-行-清-何绍基-41949.png,175,190,False,0.4762,0.0,clean,none,direct_use,True
mccd_salvage,何绍基,行,品,G:\GitHub\DiT\MCCD\MCCD\MCCD-Calligrapher\calligrapher_dataset\何绍基\品-行-清-何绍基-48230.png,197,192,False,0.3791,0.0,clean,none,direct_use,True
mccd_salvage,何绍基,行,土,G:\GitHub\DiT\MCCD\MCCD\MCCD-Calligrapher\calligrapher_dataset\何绍基\土-行-清-何绍基-54097.png,245,242,False,0.2723,0.0,clean,none,direct_use,True
mccd_salvage,何绍基,行,夲,G:\GitHub\DiT\MCCD\MCCD\MCCD-Calligrapher\calligrapher_dataset\何绍基\夲-行-清-何绍基-61778.png,220,225,False,0.3775,0.0,clean,none,direct_use,True
mccd_salvage,何绍基,隶,完,G:\GitHub\DiT\MCCD\MCCD\MCCD-Calligrapher\calligrapher_dataset\何绍基\完-隶-清-何绍基-70333.png,226,171,False,0.2959,0.0006,clean,none,direct_use,True
mccd_salvage,何绍基,行,宕,G:\GitHub\DiT\MCCD\MCCD\MCCD-Calligrapher\calligrapher_dataset\何绍基\宕-行-清-何绍基-70464.png,192,204,False,0.2707,0.0,clean,none,direct_use,True
mccd_salvage,何绍基,楷,巾,G:\GitHub\DiT\MCCD\MCCD\MCCD-Calligrapher\calligrapher_dataset\何绍基\巾-楷-清-何绍基-82754.png,161,276,False,0.2622,0.0,clean,none,direct_use,True
mccd_salvage,何绍基,行,巾,G:\GitHub\DiT\MCCD\MCCD\MCCD-Calligrapher\calligrapher_dataset\何绍基\巾-行-清-何绍基-82763.png,168,290,False,0.3739,0.0,clean,none,direct_use,True
mccd_salvage,何绍基,行,往,G:\GitHub\DiT\MCCD\MCCD\MCCD-Calligrapher\calligrapher_dataset\何绍基\往-行-清-何绍基-92534.png,205,216,False,0.3448,0.0,clean,none,direct_use,True
mccd_salvage,何绍基,行,春,G:\GitHub\DiT\MCCD\MCCD\MCCD-Calligrapher\calligrapher_dataset\何绍基\春-行-清-何绍基-3053.png,264,209,False,0.2912,0.0,clean,none,direct_use,True
mccd_salvage,何绍基,隶,曰,G:\GitHub\DiT\MCCD\MCCD\MCCD-Calligrapher\calligrapher_dataset\何绍基\曰-隶-清-何绍基-6159.png,262,228,False,0.5405,0.0,clean,none,direct_use,True
mccd_salvage,何绍基,行,木,G:\GitHub\DiT\MCCD\MCCD\MCCD-Calligrapher\calligrapher_dataset\何绍基\木-行-清-何绍基-9297.png,222,271,False,0.3133,0.0,clean,none,direct_use,True
mccd_salvage,何绍基,行,本,G:\GitHub\DiT\MCCD\MCCD\MCCD-Calligrapher\calligrapher_dataset\何绍基\本-行-清-何绍基-9741.png,220,225,False,0.3775,0.0,clean,none,direct_use,True
mccd_salvage,何绍基,行,束,G:\GitHub\DiT\MCCD\MCCD\MCCD-Calligrapher\calligrapher_dataset\何绍基\束-行-清-何绍基-10560.png,219,240,False,0.3548,0.0,clean,none,direct_use,True
mccd_salvage,何绍基,行,枯,G:\GitHub\DiT\MCCD\MCCD\MCCD-Calligrapher\calligrapher_dataset\何绍基\枯-行-清-何绍基-11637.png,225,205,False,0.4591,0.0,clean,none,direct_use,True
mccd_salvage,何绍基,行,榴,G:\GitHub\DiT\MCCD\MCCD\MCCD-Calligrapher\calligrapher_dataset\何绍基\榴-行-清-何绍基-15790.png,226,219,False,0.4316,0.0,clean,none,direct_use,True
mccd_salvage,何绍基,隶,此,G:\GitHub\DiT\MCCD\MCCD\MCCD-Calligrapher\calligrapher_dataset\何绍基\此-隶-清-何绍基-19425.png,277,185,False,0.1916,0.0,clean,none,direct_use,True
mccd_salvage,何绍基,行,汝,G:\GitHub\DiT\MCCD\MCCD\MCCD-Calligrapher\calligrapher_dataset\何绍基\汝-行-清-何绍基-25204.png,253,206,False,0.3231,0.0,clean,none,direct_use,True
mccd_salvage,何绍基,行,油,G:\GitHub\DiT\MCCD\MCCD\MCCD-Calligrapher\calligrapher_dataset\何绍基\油-行-清-何绍基-26410.png,189,199,False,0.447,0.0,clean,none,direct_use,True
mccd_salvage,何绍基,行,湯,G:\GitHub\DiT\MCCD\MCCD\MCCD-Calligrapher\calligrapher_dataset\何绍基\湯-行-清-何绍基-31387.png,201,246,False,0.4935,0.0,clean,none,direct_use,True
mccd_salvage,何绍基,楷,湲,G:\GitHub\DiT\MCCD\MCCD\MCCD-Calligrapher\calligrapher_dataset\何绍基\湲-楷-清-何绍基-31413.png,232,229,False,0.3531,0.0,clean,none,direct_use,True
mccd_salvage,何绍基,行,澹,G:\GitHub\DiT\MCCD\MCCD\MCCD-Calligrapher\calligrapher_dataset\何绍基\澹-行-清-何绍基-33754.png,238,253,False,0.3977,0.0,clean,none,direct_use,True
mccd_salvage,何绍基,行,煮,G:\GitHub\DiT\MCCD\MCCD\MCCD-Calligrapher\calligrapher_dataset\何绍基\煮-行-清-何绍基-37901.png,236,240,False,0.378,0.0,clean,none,direct_use,True
mccd_salvage,何绍基,行,猿,G:\GitHub\DiT\MCCD\MCCD\MCCD-Calligrapher\calligrapher_dataset\何绍基\猿-行-清-何绍基-42858.png,264,274,False,0.3558,0.0,clean,none,direct_use,True
mccd_salvage,何绍基,行,瓶,G:\GitHub\DiT\MCCD\MCCD\MCCD-Calligrapher\calligrapher_dataset\何绍基\瓶-行-清-何绍基-46685.png,198,214,False,0.462,0.0,clean,none,direct_use,True
mccd_salvage,何绍基,行,甁,G:\GitHub\DiT\MCCD\MCCD\MCCD-Calligrapher\calligrapher_dataset\何绍基\甁-行-清-何绍基-46734.png,198,214,False,0.462,0.0,clean,none,direct_use,True
mccd_salvage,何绍基,行,甑,G:\GitHub\DiT\MCCD\MCCD\MCCD-Calligrapher\calligrapher_dataset\何绍基\甑-行-清-何绍基-46832.png,275,209,False,0.445,0.0004,clean,none,direct_use,True
mccd_salvage,何绍基,行,痕,G:\GitHub\DiT\MCCD\MCCD\MCCD-Calligrapher\calligrapher_dataset\何绍基\痕-行-清-何绍基-51493.png,227,198,False,0.4176,0.0,clean,none,direct_use,True
mccd_salvage,何绍基,楷,石,G:\GitHub\DiT\MCCD\MCCD\MCCD-Calligrapher\calligrapher_dataset\何绍基\石-楷-清-何绍基-59085.png,207,176,False,0.2685,0.0,clean,none,direct_use,True
mccd_salvage,何绍基,行,石,G:\GitHub\DiT\MCCD\MCCD\MCCD-Calligrapher\calligrapher_dataset\何绍基\石-行-清-何绍基-59113.png,174,216,False,0.1874,0.0,clean,none,direct_use,True
mccd_salvage,何绍基,隶,石,G:\GitHub\DiT\MCCD\MCCD\MCCD-Calligrapher\calligrapher_dataset\何绍基\石-隶-清-何绍基-59028.png,277,191,False,0.2339,0.0,clean,none,direct_use,True
mccd_salvage,何绍基,隶,秩,G:\GitHub\DiT\MCCD\MCCD\MCCD-Calligrapher\calligrapher_dataset\何绍基\秩-隶-清-何绍基-63658.png,277,200,False,0.4921,0.0002,clean,none,direct_use,True
mccd_salvage,何绍基,行,米,G:\GitHub\DiT\MCCD\MCCD\MCCD-Calligrapher\calligrapher_dataset\何绍基\米-行-清-何绍基-69693.png,172,194,False,0.3654,0.0,clean,none,direct_use,True
mccd_salvage,何绍基,行,紅,G:\GitHub\DiT\MCCD\MCCD\MCCD-Calligrapher\calligrapher_dataset\何绍基\紅-行-清-何绍基-70756.png,213,213,False,0.3885,0.0,clean,none,direct_use,True
mccd_salvage,何绍基,行,老,G:\GitHub\DiT\MCCD\MCCD\MCCD-Calligrapher\calligrapher_dataset\何绍基\老-行-清-何绍基-79265.png,169,213,False,0.4569,0.0,clean,none,direct_use,True
mccd_salvage,何绍基,行,者,G:\GitHub\DiT\MCCD\MCCD\MCCD-Calligrapher\calligrapher_dataset\何绍基\者-行-清-何绍基-80215.png,230,242,False,0.3879,0.0,clean,none,direct_use,True
mccd_salvage,何绍基,行,臨,G:\GitHub\DiT\MCCD\MCCD\MCCD-Calligrapher\calligrapher_dataset\何绍基\臨-行-清-何绍基-86205.png,246,233,False,0.3996,0.0,clean,none,direct_use,True
mccd_salvage,何绍基,行,蕉,G:\GitHub\DiT\MCCD\MCCD\MCCD-Calligrapher\calligrapher_dataset\何绍基\蕉-行-清-何绍基-95265.png,220,288,False,0.3751,0.0,clean,none,direct_use,True
mccd_salvage,何绍基,行,薑,G:\GitHub\DiT\MCCD\MCCD\MCCD-Calligrapher\calligrapher_dataset\何绍基\薑-行-清-何绍基-95766.png,167,231,False,0.4725,0.0,clean,none,direct_use,True
mccd_salvage,何绍基,行,行,G:\GitHub\DiT\MCCD\MCCD\MCCD-Calligrapher\calligrapher_dataset\何绍基\行-行-清-何绍基-101056.png,230,270,False,0.2383,0.0,clean,none,direct_use,True
mccd_salvage,何绍基,隶,行,G:\GitHub\DiT\MCCD\MCCD\MCCD-Calligrapher\calligrapher_dataset\何绍基\行-隶-清-何绍基-100962.png,257,161,False,0.2109,0.0,clean,none,direct_use,True
mccd_salvage,何绍基,隶,行,G:\GitHub\DiT\MCCD\MCCD\MCCD-Calligrapher\calligrapher_dataset\何绍基\行-隶-清-何绍基-100965.png,273,181,False,0.2161,0.0,clean,none,direct_use,True
mccd_salvage,何绍基,隶,行,G:\GitHub\DiT\MCCD\MCCD\MCCD-Calligrapher\calligrapher_dataset\何绍基\行-隶-清-何绍基-100974.png,294,311,False,0.2719,0.0002,clean,none,direct_use,True
mccd_salvage,何绍基,楷,軍,G:\GitHub\DiT\MCCD\MCCD\MCCD-Calligrapher\calligrapher_dataset\何绍基\軍-楷-清-何绍基-119205.png,184,255,False,0.3643,0.0,clean,none,direct_use,True
mccd_salvage,何绍基,行,載,G:\GitHub\DiT\MCCD\MCCD\MCCD-Calligrapher\calligrapher_dataset\何绍基\載-行-清-何绍基-119752.png,215,188,False,0.3794,0.0,clean,none,direct_use,True
mccd_salvage,何绍基,行,還,G:\GitHub\DiT\MCCD\MCCD\MCCD-Calligrapher\calligrapher_dataset\何绍基\還-行-清-何绍基-126627.png,259,264,False,0.3914,0.0,clean,none,direct_use,True
mccd_salvage,何绍基,楷,閒,G:\GitHub\DiT\MCCD\MCCD\MCCD-Calligrapher\calligrapher_dataset\何绍基\閒-楷-清-何绍基-136420.png,219,238,False,0.281,0.0,clean,none,direct_use,True
mccd_salvage,何绍基,隶,閒,G:\GitHub\DiT\MCCD\MCCD\MCCD-Calligrapher\calligrapher_dataset\何绍基\閒-隶-清-何绍基-136401.png,282,251,False,0.4598,0.0,clean,none,direct_use,True
mccd_salvage,何绍基,行,陽,G:\GitHub\DiT\MCCD\MCCD\MCCD-Calligrapher\calligrapher_dataset\何绍基\陽-行-清-何绍基-139086.png,221,240,False,0.5307,0.0,clean,none,direct_use,True
mccd_salvage,何绍基,行,難,G:\GitHub\DiT\MCCD\MCCD\MCCD-Calligrapher\calligrapher_dataset\何绍基\難-行-清-何绍基-141472.png,195,224,False,0.4788,0.0,clean,none,direct_use,True
mccd_salvage,何绍基,行,雪,G:\GitHub\DiT\MCCD\MCCD\MCCD-Calligrapher\calligrapher_dataset\何绍基\雪-行-清-何绍基-141823.png,243,293,False,0.4628,0.0,clean,none,direct_use,True
mccd_salvage,何绍基,行,雲,G:\GitHub\DiT\MCCD\MCCD\MCCD-Calligrapher\calligrapher_dataset\何绍基\雲-行-清-何绍基-141972.png,175,231,False,0.4217,0.0,clean,none,direct_use,True
mccd_salvage,何绍基,行,雲,G:\GitHub\DiT\MCCD\MCCD\MCCD-Calligrapher\calligrapher_dataset\何绍基\雲-行-清-何绍基-141975.png,179,194,False,0.2983,0.0,clean,none,direct_use,True
mccd_salvage,何绍基,行,飯,G:\GitHub\DiT\MCCD\MCCD\MCCD-Calligrapher\calligrapher_dataset\何绍基\飯-行-清-何绍基-148259.png,185,215,False,0.2657,0.0,clean,none,direct_use,True
mccd_salvage,何绍基,行,香,G:\GitHub\DiT\MCCD\MCCD\MCCD-Calligrapher\calligrapher_dataset\何绍基\香-行-清-何绍基-149586.png,208,233,False,0.4289,0.0003,clean,none,direct_use,True
mccd_salvage,何绍基,隶,鬲,G:\GitHub\DiT\MCCD\MCCD\MCCD-Calligrapher\calligrapher_dataset\何绍基\鬲-隶-清-何绍基-153356.png,224,211,False,0.3465,0.0,clean,none,direct_use,True
mccd_salvage,何绍基,行,魚,G:\GitHub\DiT\MCCD\MCCD\MCCD-Calligrapher\calligrapher_dataset\何绍基\魚-行-清-何绍基-153958.png,197,202,False,0.4749,0.0002,clean,none,direct_use,True
mccd_salvage,何绍基,行,鳯,G:\GitHub\DiT\MCCD\MCCD\MCCD-Calligrapher\calligrapher_dataset\何绍基\鳯-行-清-何绍基-155360.png,230,214,False,0.3679,0.0,clean,none,direct_use,True
mccd_salvage,何绍基,行,鳳,G:\GitHub\DiT\MCCD\MCCD\MCCD-Calligrapher\calligrapher_dataset\何绍基\鳳-行-清-何绍基-155442.png,230,214,False,0.3679,0.0,clean,none,direct_use,True
mccd_salvage,何绍基,行,鳴,G:\GitHub\DiT\MCCD\MCCD\MCCD-Calligrapher\calligrapher_dataset\何绍基\鳴-行-清-何绍基-155529.png,177,196,False,0.3837,0.0,clean,none,direct_use,True
mccd_salvage,何绍基,行,𦗟,G:\GitHub\DiT\MCCD\MCCD\MCCD-Calligrapher\calligrapher_dataset\何绍基\𦗟-行-清-何绍基-515.png,206,214,False,0.3196,0.0,clean,none,direct_use,True
mccd_salvage,刘墉,行,丞,G:\GitHub\DiT\MCCD\MCCD\MCCD-Calligrapher\calligrapher_dataset\刘墉\丞-行-清-刘墉-4441.png,238,284,False,0.4632,0.0004,clean,none,direct_use,True
mccd_salvage,刘墉,行,乃,G:\GitHub\DiT\MCCD\MCCD\MCCD-Calligrapher\calligrapher_dataset\刘墉\乃-行-清-刘墉-5634.png,228,287,False,0.4282,0.0,clean,none,direct_use,True
mccd_salvage,刘墉,行,乾,G:\GitHub\DiT\MCCD\MCCD\MCCD-Calligrapher\calligrapher_dataset\刘墉\乾-行-清-刘墉-9139.png,222,195,False,0.362,0.0,clean,none,direct_use,True
mccd_salvage,刘墉,行,予,G:\GitHub\DiT\MCCD\MCCD\MCCD-Calligrapher\calligrapher_dataset\刘墉\予-行-清-刘墉-9335.png,201,245,False,0.3486,0.0,clean,none,direct_use,True
mccd_salvage,刘墉,行,五,G:\GitHub\DiT\MCCD\MCCD\MCCD-Calligrapher\calligrapher_dataset\刘墉\五-行-清-刘墉-11397.png,184,203,False,0.3549,0.0,clean,none,direct_use,True
mccd_salvage,刘墉,行,似,G:\GitHub\DiT\MCCD\MCCD\MCCD-Calligrapher\calligrapher_dataset\刘墉\似-行-清-刘墉-16838.png,238,166,False,0.3651,0.0,clean,none,direct_use,True
mccd_salvage,刘墉,行,作,G:\GitHub\DiT\MCCD\MCCD\MCCD-Calligrapher\calligrapher_dataset\刘墉\作-行-清-刘墉-17854.png,176,155,False,0.3369,0.0007,clean,none,direct_use,True
mccd_salvage,刘墉,楷,僨,G:\GitHub\DiT\MCCD\MCCD\MCCD-Calligrapher\calligrapher_dataset\刘墉\僨-楷-清-刘墉-22796.png,254,247,False,0.3672,0.0,clean,none,direct_use,True
mccd_salvage,刘墉,行,出,G:\GitHub\DiT\MCCD\MCCD\MCCD-Calligrapher\calligrapher_dataset\刘墉\出-行-清-刘墉-29990.png,187,219,False,0.353,0.0,clean,none,direct_use,True
mccd_salvage,刘墉,行,初,G:\GitHub\DiT\MCCD\MCCD\MCCD-Calligrapher\calligrapher_dataset\刘墉\初-行-清-刘墉-30863.png,209,191,False,0.4355,0.0,clean,none,direct_use,True
mccd_salvage,刘墉,行,初,G:\GitHub\DiT\MCCD\MCCD\MCCD-Calligrapher\calligrapher_dataset\刘墉\初-行-清-刘墉-30864.png,186,168,False,0.3618,0.0,clean,none,direct_use,True
mccd_salvage,刘墉,行,劉,G:\GitHub\DiT\MCCD\MCCD\MCCD-Calligrapher\calligrapher_dataset\刘墉\劉-行-清-刘墉-32617.png,203,209,False,0.4001,0.0,clean,none,direct_use,True
mccd_salvage,刘墉,行,包,G:\GitHub\DiT\MCCD\MCCD\MCCD-Calligrapher\calligrapher_dataset\刘墉\包-行-清-刘墉-34630.png,173,250,False,0.3572,0.0,clean,none,direct_use,True
mccd_salvage,刘墉,行,北,G:\GitHub\DiT\MCCD\MCCD\MCCD-Calligrapher\calligrapher_dataset\刘墉\北-行-清-刘墉-35065.png,194,175,False,0.3895,0.0,clean,none,direct_use,True
mccd_salvage,刘墉,行,卧,G:\GitHub\DiT\MCCD\MCCD\MCCD-Calligrapher\calligrapher_dataset\刘墉\卧-行-清-刘墉-37483.png,234,229,False,0.4358,0.0,clean,none,direct_use,True
mccd_salvage,刘墉,行,吾,G:\GitHub\DiT\MCCD\MCCD\MCCD-Calligrapher\calligrapher_dataset\刘墉\吾-行-清-刘墉-46006.png,201,211,False,0.517,0.0,clean,none,direct_use,True
mccd_salvage,刘墉,行,味,G:\GitHub\DiT\MCCD\MCCD\MCCD-Calligrapher\calligrapher_dataset\刘墉\味-行-清-刘墉-47035.png,196,131,False,0.3692,0.0,clean,none,direct_use,True
mccd_salvage,刘墉,楷,堯,G:\GitHub\DiT\MCCD\MCCD\MCCD-Calligrapher\calligrapher_dataset\刘墉\堯-楷-清-刘墉-56384.png,163,189,False,0.2809,0.0,clean,none,direct_use,True
mccd_salvage,刘墉,行,塹,G:\GitHub\DiT\MCCD\MCCD\MCCD-Calligrapher\calligrapher_dataset\刘墉\塹-行-清-刘墉-56940.png,179,192,False,0.4463,0.0,clean,none,direct_use,True
mccd_salvage,刘墉,行,墉,G:\GitHub\DiT\MCCD\MCCD\MCCD-Calligrapher\calligrapher_dataset\刘墉\墉-行-清-刘墉-57059.png,185,210,False,0.379,0.0,clean,none,direct_use,True
mccd_salvage,刘墉,行,墉,G:\GitHub\DiT\MCCD\MCCD\MCCD-Calligrapher\calligrapher_dataset\刘墉\墉-行-清-刘墉-57060.png,191,189,False,0.5108,0.0,clean,none,direct_use,True
mccd_salvage,刘墉,行,夲,G:\GitHub\DiT\MCCD\MCCD\MCCD-Calligrapher\calligrapher_dataset\刘墉\夲-行-清-刘墉-61779.png,225,195,False,0.3528,0.0,clean,none,direct_use,True
mccd_salvage,刘墉,行,契,G:\GitHub\DiT\MCCD\MCCD\MCCD-Calligrapher\calligrapher_dataset\刘墉\契-行-清-刘墉-62400.png,196,244,False,0.5096,0.0,clean,none,direct_use,True
mccd_salvage,刘墉,楷,奪,G:\GitHub\DiT\MCCD\MCCD\MCCD-Calligrapher\calligrapher_dataset\刘墉\奪-楷-清-刘墉-62775.png,266,300,False,0.3689,0.0358,clean,none,direct_use,True
mccd_salvage,刘墉,楷,媢,G:\GitHub\DiT\MCCD\MCCD\MCCD-Calligrapher\calligrapher_dataset\刘墉\媢-楷-清-刘墉-66545.png,271,228,False,0.3437,0.0545,noisy,high_dirt_0.05,denoise_bridge,True
mccd_salvage,刘墉,楷,嫁,G:\GitHub\DiT\MCCD\MCCD\MCCD-Calligrapher\calligrapher_dataset\刘墉\嫁-楷-清-刘墉-66733.png,207,157,False,0.32,0.0,clean,none,direct_use,True
mccd_salvage,刘墉,楷,嫉,G:\GitHub\DiT\MCCD\MCCD\MCCD-Calligrapher\calligrapher_dataset\刘墉\嫉-楷-清-刘墉-66774.png,208,138,False,0.2813,0.0,clean,none,direct_use,True
mccd_salvage,刘墉,行,字,G:\GitHub\DiT\MCCD\MCCD\MCCD-Calligrapher\calligrapher_dataset\刘墉\字-行-清-刘墉-68160.png,186,208,False,0.4237,0.0,clean,none,direct_use,True
mccd_salvage,刘墉,楷,安,G:\GitHub\DiT\MCCD\MCCD\MCCD-Calligrapher\calligrapher_dataset\刘墉\安-楷-清-刘墉-70135.png,266,216,False,0.3413,0.0,clean,none,direct_use,True
mccd_salvage,刘墉,行,完,G:\GitHub\DiT\MCCD\MCCD\MCCD-Calligrapher\calligrapher_dataset\刘墉\完-行-清-刘墉-70338.png,195,263,False,0.3814,0.0,clean,none,direct_use,True
mccd_salvage,刘墉,行,宫,G:\GitHub\DiT\MCCD\MCCD\MCCD-Calligrapher\calligrapher_dataset\刘墉\宫-行-清-刘墉-71943.png,172,198,False,0.3507,0.0,clean,none,direct_use,True
mccd_salvage,刘墉,行,宮,G:\GitHub\DiT\MCCD\MCCD\MCCD-Calligrapher\calligrapher_dataset\刘墉\宮-行-清-刘墉-72140.png,172,198,False,0.3507,0.0,clean,none,direct_use,True
mccd_salvage,刘墉,楷,害,G:\GitHub\DiT\MCCD\MCCD\MCCD-Calligrapher\calligrapher_dataset\刘墉\害-楷-清-刘墉-72342.png,281,282,False,0.4768,0.0324,clean,none,direct_use,True
mccd_salvage,刘墉,行,家,G:\GitHub\DiT\MCCD\MCCD\MCCD-Calligrapher\calligrapher_dataset\刘墉\家-行-清-刘墉-72587.png,210,237,False,0.4338,0.0004,clean,none,direct_use,True
mccd_salvage,刘墉,行,師,G:\GitHub\DiT\MCCD\MCCD\MCCD-Calligrapher\calligrapher_dataset\刘墉\師-行-清-刘墉-83819.png,220,251,False,0.5197,0.0002,clean,none,direct_use,True
mccd_salvage,刘墉,行,幾,G:\GitHub\DiT\MCCD\MCCD\MCCD-Calligrapher\calligrapher_dataset\刘墉\幾-行-清-刘墉-85814.png,250,285,False,0.4177,0.0,clean,none,direct_use,True
mccd_salvage,刘墉,楷,彥,G:\GitHub\DiT\MCCD\MCCD\MCCD-Calligrapher\calligrapher_dataset\刘墉\彥-楷-清-刘墉-92041.png,163,222,False,0.3039,0.0,clean,none,direct_use,True
mccd_salvage,刘墉,楷,彦,G:\GitHub\DiT\MCCD\MCCD\MCCD-Calligrapher\calligrapher_dataset\刘墉\彦-楷-清-刘墉-92063.png,163,222,False,0.3039,0.0,clean,none,direct_use,True
mccd_salvage,刘墉,行,徑,G:\GitHub\DiT\MCCD\MCCD\MCCD-Calligrapher\calligrapher_dataset\刘墉\徑-行-清-刘墉-93070.png,214,185,False,0.3616,0.0,clean,none,direct_use,True
mccd_salvage,刘墉,行,得,G:\GitHub\DiT\MCCD\MCCD\MCCD-Calligrapher\calligrapher_dataset\刘墉\得-行-清-刘墉-93339.png,235,224,False,0.4625,0.0,clean,none,direct_use,True
mccd_salvage,刘墉,楷,從,G:\GitHub\DiT\MCCD\MCCD\MCCD-Calligrapher\calligrapher_dataset\刘墉\從-楷-清-刘墉-93718.png,274,229,False,0.3362,0.0,clean,none,direct_use,True
mccd_salvage,刘墉,楷,忒,G:\GitHub\DiT\MCCD\MCCD\MCCD-Calligrapher\calligrapher_dataset\刘墉\忒-楷-清-刘墉-95549.png,240,239,False,0.2683,0.0,clean,none,direct_use,True
mccd_salvage,刘墉,楷,忿,G:\GitHub\DiT\MCCD\MCCD\MCCD-Calligrapher\calligrapher_dataset\刘墉\忿-楷-清-刘墉-96256.png,197,211,False,0.272,0.0,clean,none,direct_use,True
mccd_salvage,刘墉,行,性,G:\GitHub\DiT\MCCD\MCCD\MCCD-Calligrapher\calligrapher_dataset\刘墉\性-行-清-刘墉-96780.png,233,246,False,0.4165,0.0,clean,none,direct_use,True
mccd_salvage,刘墉,行,恒,G:\GitHub\DiT\MCCD\MCCD\MCCD-Calligrapher\calligrapher_dataset\刘墉\恒-行-清-刘墉-97191.png,242,187,False,0.4981,0.0,clean,none,direct_use,True
mccd_salvage,刘墉,楷,恕,G:\GitHub\DiT\MCCD\MCCD\MCCD-Calligrapher\calligrapher_dataset\刘墉\恕-楷-清-刘墉-97225.png,271,213,False,0.3518,0.0,clean,none,direct_use,True
mccd_salvage,刘墉,行,恩,G:\GitHub\DiT\MCCD\MCCD\MCCD-Calligrapher\calligrapher_dataset\刘墉\恩-行-清-刘墉-97456.png,215,242,False,0.3582,0.0,clean,none,direct_use,True
mccd_salvage,刘墉,楷,悖,G:\GitHub\DiT\MCCD\MCCD\MCCD-Calligrapher\calligrapher_dataset\刘墉\悖-楷-清-刘墉-98130.png,249,215,False,0.313,0.001,clean,none,direct_use,True
mccd_salvage,刘墉,楷,惡,G:\GitHub\DiT\MCCD\MCCD\MCCD-Calligrapher\calligrapher_dataset\刘墉\惡-楷-清-刘墉-99253.png,186,193,False,0.3237,0.0,clean,none,direct_use,True
mccd_salvage,刘墉,楷,惰,G:\GitHub\DiT\MCCD\MCCD\MCCD-Calligrapher\calligrapher_dataset\刘墉\惰-楷-清-刘墉-99318.png,205,185,False,0.4144,0.0,clean,none,direct_use,True
mccd_salvage,刘墉,行,愛,G:\GitHub\DiT\MCCD\MCCD\MCCD-Calligrapher\calligrapher_dataset\刘墉\愛-行-清-刘墉-99922.png,234,246,False,0.3819,0.001,clean,none,direct_use,True
mccd_salvage,刘墉,行,愧,G:\GitHub\DiT\MCCD\MCCD\MCCD-Calligrapher\calligrapher_dataset\刘墉\愧-行-清-刘墉-100092.png,256,213,False,0.3206,0.0,clean,none,direct_use,True
mccd_salvage,刘墉,楷,慮,G:\GitHub\DiT\MCCD\MCCD\MCCD-Calligrapher\calligrapher_dataset\刘墉\慮-楷-清-刘墉-100760.png,210,222,False,0.3661,0.0004,clean,none,direct_use,True
mccd_salvage,刘墉,楷,戻,G:\GitHub\DiT\MCCD\MCCD\MCCD-Calligrapher\calligrapher_dataset\刘墉\戻-楷-清-刘墉-3338.png,248,259,False,0.3373,0.0,clean,none,direct_use,True
mccd_salvage,刘墉,楷,戾,G:\GitHub\DiT\MCCD\MCCD\MCCD-Calligrapher\calligrapher_dataset\刘墉\戾-楷-清-刘墉-3368.png,248,259,False,0.3373,0.0,clean,none,direct_use,True
mccd_salvage,刘墉,楷,敖,G:\GitHub\DiT\MCCD\MCCD\MCCD-Calligrapher\calligrapher_dataset\刘墉\敖-楷-清-刘墉-2457.png,215,139,False,0.2866,0.0,clean,none,direct_use,True
mccd_salvage,刘墉,行,數,G:\GitHub\DiT\MCCD\MCCD\MCCD-Calligrapher\calligrapher_dataset\刘墉\數-行-清-刘墉-3724.png,225,247,False,0.4195,0.0,clean,none,direct_use,True
mccd_salvage,刘墉,行,昌,G:\GitHub\DiT\MCCD\MCCD\MCCD-Calligrapher\calligrapher_dataset\刘墉\昌-行-清-刘墉-1931.png,182,252,False,0.4012,0.0,clean,none,direct_use,True
mccd_salvage,刘墉,行,書,G:\GitHub\DiT\MCCD\MCCD\MCCD-Calligrapher\calligrapher_dataset\刘墉\書-行-清-刘墉-6720.png,193,243,False,0.3005,0.0,clean,none,direct_use,True
mccd_salvage,刘墉,行,本,G:\GitHub\DiT\MCCD\MCCD\MCCD-Calligrapher\calligrapher_dataset\刘墉\本-行-清-刘墉-9742.png,225,195,False,0.3528,0.0,clean,none,direct_use,True
mccd_salvage,刘墉,行,朱,G:\GitHub\DiT\MCCD\MCCD\MCCD-Calligrapher\calligrapher_dataset\刘墉\朱-行-清-刘墉-9920.png,195,238,False,0.3036,0.0,clean,none,direct_use,True
mccd_salvage,刘墉,行,杏,G:\GitHub\DiT\MCCD\MCCD\MCCD-Calligrapher\calligrapher_dataset\刘墉\杏-行-清-刘墉-10255.png,240,265,False,0.4272,0.0,clean,none,direct_use,True
mccd_salvage,刘墉,行,枝,G:\GitHub\DiT\MCCD\MCCD\MCCD-Calligrapher\calligrapher_dataset\刘墉\枝-行-清-刘墉-11602.png,233,229,False,0.2987,0.0,clean,none,direct_use,True
mccd_salvage,刘墉,行,柳,G:\GitHub\DiT\MCCD\MCCD\MCCD-Calligrapher\calligrapher_dataset\刘墉\柳-行-清-刘墉-12426.png,249,210,False,0.4787,0.0,clean,none,direct_use,True
mccd_salvage,刘墉,楷,格,G:\GitHub\DiT\MCCD\MCCD\MCCD-Calligrapher\calligrapher_dataset\刘墉\格-楷-清-刘墉-12861.png,241,188,False,0.2944,0.0,clean,none,direct_use,True
mccd_salvage,刘墉,楷,桀,G:\GitHub\DiT\MCCD\MCCD\MCCD-Calligrapher\calligrapher_dataset\刘墉\桀-楷-清-刘墉-12921.png,212,170,False,0.3881,0.0,clean,none,direct_use,True
mccd_salvage,刘墉,楷,止,G:\GitHub\DiT\MCCD\MCCD\MCCD-Calligrapher\calligrapher_dataset\刘墉\止-楷-清-刘墉-18927.png,246,213,False,0.4156,0.0,clean,none,direct_use,True
mccd_salvage,刘墉,行,此,G:\GitHub\DiT\MCCD\MCCD\MCCD-Calligrapher\calligrapher_dataset\刘墉\此-行-清-刘墉-19480.png,247,185,False,0.3734,0.0,clean,none,direct_use,True
mccd_salvage,刘墉,楷,殆,G:\GitHub\DiT\MCCD\MCCD\MCCD-Calligrapher\calligrapher_dataset\刘墉\殆-楷-清-刘墉-21002.png,240,185,False,0.4082,0.0,clean,none,direct_use,True
mccd_salvage,刘墉,行,江,G:\GitHub\DiT\MCCD\MCCD\MCCD-Calligrapher\calligrapher_dataset\刘墉\江-行-清-刘墉-25316.png,227,204,False,0.4197,0.0,clean,none,direct_use,True
mccd_salvage,刘墉,行,波,G:\GitHub\DiT\MCCD\MCCD\MCCD-Calligrapher\calligrapher_dataset\刘墉\波-行-清-刘墉-27036.png,221,202,False,0.3436,0.0,clean,none,direct_use,True
mccd_salvage,刘墉,行,波,G:\GitHub\DiT\MCCD\MCCD\MCCD-Calligrapher\calligrapher_dataset\刘墉\波-行-清-刘墉-27037.png,222,205,False,0.2753,0.0,clean,none,direct_use,True
mccd_salvage,刘墉,行,泥,G:\GitHub\DiT\MCCD\MCCD\MCCD-Calligrapher\calligrapher_dataset\刘墉\泥-行-清-刘墉-27101.png,206,188,False,0.344,0.0,clean,none,direct_use,True
mccd_salvage,刘墉,行,泰,G:\GitHub\DiT\MCCD\MCCD\MCCD-Calligrapher\calligrapher_dataset\刘墉\泰-行-清-刘墉-27253.png,232,235,False,0.3658,0.0,clean,none,direct_use,True
mccd_salvage,刘墉,行,淥,G:\GitHub\DiT\MCCD\MCCD\MCCD-Calligrapher\calligrapher_dataset\刘墉\淥-行-清-刘墉-29447.png,229,239,False,0.4199,0.0004,clean,none,direct_use,True
mccd_salvage,刘墉,行,深,G:\GitHub\DiT\MCCD\MCCD\MCCD-Calligrapher\calligrapher_dataset\刘墉\深-行-清-刘墉-29728.png,213,202,False,0.3056,0.0003,clean,none,direct_use,True
mccd_salvage,刘墉,行,渌,G:\GitHub\DiT\MCCD\MCCD\MCCD-Calligrapher\calligrapher_dataset\刘墉\渌-行-清-刘墉-30431.png,229,239,False,0.4199,0.0004,clean,none,direct_use,True
mccd_salvage,刘墉,行,潛,G:\GitHub\DiT\MCCD\MCCD\MCCD-Calligrapher\calligrapher_dataset\刘墉\潛-行-清-刘墉-33093.png,234,243,False,0.4536,0.0,clean,none,direct_use,True
mccd_salvage,刘墉,行,為,G:\GitHub\DiT\MCCD\MCCD\MCCD-Calligrapher\calligrapher_dataset\刘墉\為-行-清-刘墉-36125.png,199,228,False,0.4483,0.0,clean,none,direct_use,True
mccd_salvage,刘墉,行,煕,G:\GitHub\DiT\MCCD\MCCD\MCCD-Calligrapher\calligrapher_dataset\刘墉\煕-行-清-刘墉-37616.png,194,164,False,0.4875,0.0,clean,none,direct_use,True
mccd_salvage,刘墉,行,熙,G:\GitHub\DiT\MCCD\MCCD\MCCD-Calligrapher\calligrapher_dataset\刘墉\熙-行-清-刘墉-38086.png,194,164,False,0.4875,0.0,clean,none,direct_use,True
mccd_salvage,刘墉,行,爪,G:\GitHub\DiT\MCCD\MCCD\MCCD-Calligrapher\calligrapher_dataset\刘墉\爪-行-清-刘墉-38983.png,214,211,False,0.1931,0.0,clean,none,direct_use,True
mccd_salvage,刘墉,行,爲,G:\GitHub\DiT\MCCD\MCCD\MCCD-Calligrapher\calligrapher_dataset\刘墉\爲-行-清-刘墉-39845.png,199,228,False,0.4483,0.0,clean,none,direct_use,True
mccd_salvage,刘墉,行,版,G:\GitHub\DiT\MCCD\MCCD\MCCD-Calligrapher\calligrapher_dataset\刘墉\版-行-清-刘墉-40567.png,250,185,False,0.4515,0.0005,clean,none,direct_use,True
mccd_salvage,刘墉,行,獲,G:\GitHub\DiT\MCCD\MCCD\MCCD-Calligrapher\calligrapher_dataset\刘墉\獲-行-清-刘墉-43254.png,187,247,False,0.459,0.0,clean,none,direct_use,True
mccd_salvage,刘墉,楷,獻,G:\GitHub\DiT\MCCD\MCCD\MCCD-Calligrapher\calligrapher_dataset\刘墉\獻-楷-清-刘墉-43471.png,222,177,False,0.3651,0.014,clean,none,direct_use,True
mccd_salvage,刘墉,楷,瑟,G:\GitHub\DiT\MCCD\MCCD\MCCD-Calligrapher\calligrapher_dataset\刘墉\瑟-楷-清-刘墉-45731.png,236,236,False,0.3263,0.0,clean,none,direct_use,True
mccd_salvage,刘墉,行,甲,G:\GitHub\DiT\MCCD\MCCD\MCCD-Calligrapher\calligrapher_dataset\刘墉\甲-行-清-刘墉-48681.png,215,251,False,0.464,0.0,clean,none,direct_use,True
mccd_salvage,刘墉,行,當,G:\GitHub\DiT\MCCD\MCCD\MCCD-Calligrapher\calligrapher_dataset\刘墉\當-行-清-刘墉-50302.png,201,252,False,0.4314,0.0,clean,none,direct_use,True
mccd_salvage,刘墉,行,當,G:\GitHub\DiT\MCCD\MCCD\MCCD-Calligrapher\calligrapher_dataset\刘墉\當-行-清-刘墉-50304.png,223,288,False,0.3192,0.0,clean,none,direct_use,True
mccd_salvage,刘墉,楷,疾,G:\GitHub\DiT\MCCD\MCCD\MCCD-Calligrapher\calligrapher_dataset\刘墉\疾-楷-清-刘墉-51262.png,288,271,False,0.4552,0.0396,clean,none,direct_use,True
mccd_salvage,刘墉,楷,矩,G:\GitHub\DiT\MCCD\MCCD\MCCD-Calligrapher\calligrapher_dataset\刘墉\矩-楷-清-刘墉-58783.png,235,155,False,0.3588,0.0,clean,none,direct_use,True
mccd_salvage,刘墉,行,石,G:\GitHub\DiT\MCCD\MCCD\MCCD-Calligrapher\calligrapher_dataset\刘墉\石-行-清-刘墉-59111.png,238,196,False,0.3506,0.0,clean,none,direct_use,True
mccd_salvage,刘墉,行,碑,G:\GitHub\DiT\MCCD\MCCD\MCCD-Calligrapher\calligrapher_dataset\刘墉\碑-行-清-刘墉-59687.png,246,190,False,0.439,0.0,clean,none,direct_use,True
mccd_salvage,刘墉,楷,磋,G:\GitHub\DiT\MCCD\MCCD\MCCD-Calligrapher\calligrapher_dataset\刘墉\磋-楷-清-刘墉-59964.png,253,253,False,0.3532,0.0003,clean,none,direct_use,True
mccd_salvage,刘墉,行,種,G:\GitHub\DiT\MCCD\MCCD\MCCD-Calligrapher\calligrapher_dataset\刘墉\種-行-清-刘墉-64230.png,267,233,False,0.4238,0.0,clean,none,direct_use,True
mccd_salvage,刘墉,楷,紂,G:\GitHub\DiT\MCCD\MCCD\MCCD-Calligrapher\calligrapher_dataset\刘墉\紂-楷-清-刘墉-70626.png,193,165,False,0.3962,0.0,clean,none,direct_use,True
mccd_salvage,刘墉,行,紅,G:\GitHub\DiT\MCCD\MCCD\MCCD-Calligrapher\calligrapher_dataset\刘墉\紅-行-清-刘墉-70754.png,266,237,False,0.4492,0.0,clean,none,direct_use,True
mccd_salvage,刘墉,楷,緍,G:\GitHub\DiT\MCCD\MCCD\MCCD-Calligrapher\calligrapher_dataset\刘墉\緍-楷-清-刘墉-73771.png,233,179,False,0.3568,0.0,clean,none,direct_use,True
mccd_salvage,刘墉,行,翰,G:\GitHub\DiT\MCCD\MCCD\MCCD-Calligrapher\calligrapher_dataset\刘墉\翰-行-清-刘墉-78841.png,227,192,False,0.4166,0.0,clean,none,direct_use,True
mccd_salvage,刘墉,行,而,G:\GitHub\DiT\MCCD\MCCD\MCCD-Calligrapher\calligrapher_dataset\刘墉\而-行-清-刘墉-80871.png,253,181,False,0.5095,0.0,clean,none,direct_use,True
mccd_salvage,刘墉,楷,肝,G:\GitHub\DiT\MCCD\MCCD\MCCD-Calligrapher\calligrapher_dataset\刘墉\肝-楷-清-刘墉-82833.png,248,182,False,0.272,0.0,clean,none,direct_use,True
mccd_salvage,刘墉,行,能,G:\GitHub\DiT\MCCD\MCCD\MCCD-Calligrapher\calligrapher_dataset\刘墉\能-行-清-刘墉-84023.png,236,220,False,0.3986,0.0003,clean,none,direct_use,True
mccd_salvage,刘墉,行,色,G:\GitHub\DiT\MCCD\MCCD\MCCD-Calligrapher\calligrapher_dataset\刘墉\色-行-清-刘墉-89197.png,230,251,False,0.2912,0.0,clean,none,direct_use,True
mccd_salvage,刘墉,行,花,G:\GitHub\DiT\MCCD\MCCD\MCCD-Calligrapher\calligrapher_dataset\刘墉\花-行-清-刘墉-89681.png,223,280,False,0.4334,0.0,clean,none,direct_use,True
mccd_salvage,刘墉,行,花,G:\GitHub\DiT\MCCD\MCCD\MCCD-Calligrapher\calligrapher_dataset\刘墉\花-行-清-刘墉-89685.png,176,220,False,0.1653,0.0,clean,none,direct_use,True
mccd_salvage,刘墉,行,茂,G:\GitHub\DiT\MCCD\MCCD\MCCD-Calligrapher\calligrapher_dataset\刘墉\茂-行-清-刘墉-90748.png,193,228,False,0.3253,0.0,clean,none,direct_use,True
mccd_salvage,刘墉,行,茂,G:\GitHub\DiT\MCCD\MCCD\MCCD-Calligrapher\calligrapher_dataset\刘墉\茂-行-清-刘墉-90749.png,170,228,False,0.4802,0.0,clean,none,direct_use,True
mccd_salvage,刘墉,行,茅,G:\GitHub\DiT\MCCD\MCCD\MCCD-Calligrapher\calligrapher_dataset\刘墉\茅-行-清-刘墉-90832.png,169,231,False,0.2445,0.0,clean,none,direct_use,True
mccd_salvage,刘墉,行,草,G:\GitHub\DiT\MCCD\MCCD\MCCD-Calligrapher\calligrapher_dataset\刘墉\草-行-清-刘墉-91336.png,231,378,False,0.3306,0.0,clean,none,direct_use,True
mccd_salvage,刘墉,行,荊,G:\GitHub\DiT\MCCD\MCCD\MCCD-Calligrapher\calligrapher_dataset\刘墉\荊-行-清-刘墉-91380.png,239,237,False,0.3313,0.0002,clean,none,direct_use,True
mccd_salvage,刘墉,行,菴,G:\GitHub\DiT\MCCD\MCCD\MCCD-Calligrapher\calligrapher_dataset\刘墉\菴-行-清-刘墉-92691.png,202,291,False,0.4707,0.0,clean,none,direct_use,True
mccd_salvage,刘墉,楷,葉,G:\GitHub\DiT\MCCD\MCCD\MCCD-Calligrapher\calligrapher_dataset\刘墉\葉-楷-清-刘墉-93524.png,222,212,False,0.3238,0.0,clean,none,direct_use,True
mccd_salvage,刘墉,行,蒙,G:\GitHub\DiT\MCCD\MCCD\MCCD-Calligrapher\calligrapher_dataset\刘墉\蒙-行-清-刘墉-94128.png,199,310,False,0.474,0.0002,clean,none,direct_use,True
mccd_salvage,刘墉,楷,藏,G:\GitHub\DiT\MCCD\MCCD\MCCD-Calligrapher\calligrapher_dataset\刘墉\藏-楷-清-刘墉-96294.png,215,198,False,0.3397,0.0,clean,none,direct_use,True
mccd_salvage,刘墉,行,藥,G:\GitHub\DiT\MCCD\MCCD\MCCD-Calligrapher\calligrapher_dataset\刘墉\藥-行-清-刘墉-96506.png,202,275,False,0.3648,0.0,clean,none,direct_use,True
mccd_salvage,刘墉,行,蘇,G:\GitHub\DiT\MCCD\MCCD\MCCD-Calligrapher\calligrapher_dataset\刘墉\蘇-行-清-刘墉-96748.png,206,223,False,0.4209,0.0,clean,none,direct_use,True
mccd_salvage,刘墉,行,行,G:\GitHub\DiT\MCCD\MCCD\MCCD-Calligrapher\calligrapher_dataset\刘墉\行-行-清-刘墉-101057.png,209,219,False,0.3473,0.0,clean,none,direct_use,True
mccd_salvage,刘墉,行,視,G:\GitHub\DiT\MCCD\MCCD\MCCD-Calligrapher\calligrapher_dataset\刘墉\視-行-清-刘墉-104874.png,247,174,False,0.4606,0.0,clean,none,direct_use,True
mccd_salvage,刘墉,行,觀,G:\GitHub\DiT\MCCD\MCCD\MCCD-Calligrapher\calligrapher_dataset\刘墉\觀-行-清-刘墉-105333.png,242,222,False,0.324,0.0,clean,none,direct_use,True
mccd_salvage,刘墉,行,誌,G:\GitHub\DiT\MCCD\MCCD\MCCD-Calligrapher\calligrapher_dataset\刘墉\誌-行-清-刘墉-108149.png,215,212,False,0.422,0.0,clean,none,direct_use,True
mccd_salvage,刘墉,楷,誓,G:\GitHub\DiT\MCCD\MCCD\MCCD-Calligrapher\calligrapher_dataset\刘墉\誓-楷-清-刘墉-108201.png,219,268,False,0.2669,0.0,clean,none,direct_use,True
mccd_salvage,刘墉,楷,諺,G:\GitHub\DiT\MCCD\MCCD\MCCD-Calligrapher\calligrapher_dataset\刘墉\諺-楷-清-刘墉-109887.png,266,244,False,0.2878,0.0005,clean,none,direct_use,True
mccd_salvage,刘墉,楷,貨,G:\GitHub\DiT\MCCD\MCCD\MCCD-Calligrapher\calligrapher_dataset\刘墉\貨-楷-清-刘墉-113786.png,250,301,False,0.3825,0.0,clean,none,direct_use,True
mccd_salvage,刘墉,楷,賢,G:\GitHub\DiT\MCCD\MCCD\MCCD-Calligrapher\calligrapher_dataset\刘墉\賢-楷-清-刘墉-115079.png,226,274,False,0.3846,0.0,clean,none,direct_use,True
mccd_salvage,刘墉,行,趁,G:\GitHub\DiT\MCCD\MCCD\MCCD-Calligrapher\calligrapher_dataset\刘墉\趁-行-清-刘墉-116513.png,273,240,False,0.3697,0.0,clean,none,direct_use,True
mccd_salvage,刘墉,行,路,G:\GitHub\DiT\MCCD\MCCD\MCCD-Calligrapher\calligrapher_dataset\刘墉\路-行-清-刘墉-117526.png,181,186,False,0.3384,0.0,clean,none,direct_use,True
mccd_salvage,刘墉,楷,辟,G:\GitHub\DiT\MCCD\MCCD\MCCD-Calligrapher\calligrapher_dataset\刘墉\辟-楷-清-刘墉-121494.png,226,229,False,0.3165,0.0,clean,none,direct_use,True
mccd_salvage,刘墉,行,迴,G:\GitHub\DiT\MCCD\MCCD\MCCD-Calligrapher\calligrapher_dataset\刘墉\迴-行-清-刘墉-122797.png,267,162,False,0.4837,0.0,clean,none,direct_use,True
mccd_salvage,刘墉,楷,迸,G:\GitHub\DiT\MCCD\MCCD\MCCD-Calligrapher\calligrapher_dataset\刘墉\迸-楷-清-刘墉-122876.png,226,179,False,0.2742,0.0,clean,none,direct_use,True
mccd_salvage,刘墉,行,追,G:\GitHub\DiT\MCCD\MCCD\MCCD-Calligrapher\calligrapher_dataset\刘墉\追-行-清-刘墉-123117.png,216,199,False,0.297,0.0003,clean,none,direct_use,True
mccd_salvage,刘墉,楷,逬,G:\GitHub\DiT\MCCD\MCCD\MCCD-Calligrapher\calligrapher_dataset\刘墉\逬-楷-清-刘墉-124147.png,226,179,False,0.2742,0.0,clean,none,direct_use,True
mccd_salvage,刘墉,行,遲,G:\GitHub\DiT\MCCD\MCCD\MCCD-Calligrapher\calligrapher_dataset\刘墉\遲-行-清-刘墉-126001.png,234,247,False,0.4425,0.0,clean,none,direct_use,True
mccd_salvage,刘墉,楷,邦,G:\GitHub\DiT\MCCD\MCCD\MCCD-Calligrapher\calligrapher_dataset\刘墉\邦-楷-清-刘墉-127400.png,239,197,False,0.2828,0.0,clean,none,direct_use,True
mccd_salvage,刘墉,楷,配,G:\GitHub\DiT\MCCD\MCCD\MCCD-Calligrapher\calligrapher_dataset\刘墉\配-楷-清-刘墉-129855.png,256,172,False,0.3867,0.0,clean,none,direct_use,True
mccd_salvage,刘墉,行,釋,G:\GitHub\DiT\MCCD\MCCD\MCCD-Calligrapher\calligrapher_dataset\刘墉\釋-行-清-刘墉-130902.png,187,180,False,0.3122,0.0,clean,none,direct_use,True
mccd_salvage,刘墉,行,金,G:\GitHub\DiT\MCCD\MCCD\MCCD-Calligrapher\calligrapher_dataset\刘墉\金-行-清-刘墉-131892.png,240,227,False,0.3968,0.0,clean,none,direct_use,True
mccd_salvage,刘墉,行,鈍,G:\GitHub\DiT\MCCD\MCCD\MCCD-Calligrapher\calligrapher_dataset\刘墉\鈍-行-清-刘墉-132182.png,205,195,False,0.434,0.0,clean,none,direct_use,True
mccd_salvage,刘墉,楷,銘,G:\GitHub\DiT\MCCD\MCCD\MCCD-Calligrapher\calligrapher_dataset\刘墉\銘-楷-清-刘墉-132951.png,279,195,False,0.3698,0.0,clean,none,direct_use,True
mccd_salvage,刘墉,行,陂,G:\GitHub\DiT\MCCD\MCCD\MCCD-Calligrapher\calligrapher_dataset\刘墉\陂-行-清-刘墉-137695.png,266,196,False,0.3908,0.0,clean,none,direct_use,True
mccd_salvage,刘墉,行,陽,G:\GitHub\DiT\MCCD\MCCD\MCCD-Calligrapher\calligrapher_dataset\刘墉\陽-行-清-刘墉-139087.png,221,234,False,0.4782,0.0,clean,none,direct_use,True
mccd_salvage,刘墉,行,陽,G:\GitHub\DiT\MCCD\MCCD\MCCD-Calligrapher\calligrapher_dataset\刘墉\陽-行-清-刘墉-139088.png,247,266,False,0.504,0.0,clean,none,direct_use,True
mccd_salvage,刘墉,行,雨,G:\GitHub\DiT\MCCD\MCCD\MCCD-Calligrapher\calligrapher_dataset\刘墉\雨-行-清-刘墉-141705.png,221,208,False,0.4473,0.0,clean,none,direct_use,True
mccd_salvage,刘墉,行,雨,G:\GitHub\DiT\MCCD\MCCD\MCCD-Calligrapher\calligrapher_dataset\刘墉\雨-行-清-刘墉-141707.png,213,200,False,0.5056,0.0,clean,none,direct_use,True
mccd_salvage,刘墉,行,雪,G:\GitHub\DiT\MCCD\MCCD\MCCD-Calligrapher\calligrapher_dataset\刘墉\雪-行-清-刘墉-141822.png,253,264,False,0.434,0.0,clean,none,direct_use,True
mccd_salvage,刘墉,行,露,G:\GitHub\DiT\MCCD\MCCD\MCCD-Calligrapher\calligrapher_dataset\刘墉\露-行-清-刘墉-142786.png,200,229,False,0.4258,0.0,clean,none,direct_use,True
mccd_salvage,刘墉,行,非,G:\GitHub\DiT\MCCD\MCCD\MCCD-Calligrapher\calligrapher_dataset\刘墉\非-行-清-刘墉-143881.png,203,198,False,0.3847,0.0,clean,none,direct_use,True
mccd_salvage,刘墉,行,頃,G:\GitHub\DiT\MCCD\MCCD\MCCD-Calligrapher\calligrapher_dataset\刘墉\頃-行-清-刘墉-145470.png,192,155,False,0.5464,0.0,clean,none,direct_use,True
mccd_salvage,刘墉,行,預,G:\GitHub\DiT\MCCD\MCCD\MCCD-Calligrapher\calligrapher_dataset\刘墉\預-行-清-刘墉-145816.png,194,161,False,0.3088,0.0004,clean,none,direct_use,True
mccd_salvage,刘墉,行,頭,G:\GitHub\DiT\MCCD\MCCD\MCCD-Calligrapher\calligrapher_dataset\刘墉\頭-行-清-刘墉-146239.png,243,240,False,0.4794,0.0,clean,none,direct_use,True
mccd_salvage,刘墉,行,香,G:\GitHub\DiT\MCCD\MCCD\MCCD-Calligrapher\calligrapher_dataset\刘墉\香-行-清-刘墉-149587.png,176,217,False,0.3598,0.0,clean,none,direct_use,True
mccd_salvage,刘墉,行,駐,G:\GitHub\DiT\MCCD\MCCD\MCCD-Calligrapher\calligrapher_dataset\刘墉\駐-行-清-刘墉-150330.png,206,224,False,0.4232,0.001,clean,none,direct_use,True
mccd_salvage,刘墉,楷,驕,G:\GitHub\DiT\MCCD\MCCD\MCCD-Calligrapher\calligrapher_dataset\刘墉\驕-楷-清-刘墉-151398.png,226,187,False,0.3275,0.0014,clean,none,direct_use,True
mccd_salvage,刘墉,行,驚,G:\GitHub\DiT\MCCD\MCCD\MCCD-Calligrapher\calligrapher_dataset\刘墉\驚-行-清-刘墉-151506.png,162,244,False,0.2936,0.0,clean,none,direct_use,True
mccd_salvage,刘墉,行,魏,G:\GitHub\DiT\MCCD\MCCD\MCCD-Calligrapher\calligrapher_dataset\刘墉\魏-行-清-刘墉-153702.png,229,161,False,0.4054,0.0,clean,none,direct_use,True
mccd_salvage,刘墉,楷,鮮,G:\GitHub\DiT\MCCD\MCCD\MCCD-Calligrapher\calligrapher_dataset\刘墉\鮮-楷-清-刘墉-154410.png,234,209,False,0.2764,0.0,clean,none,direct_use,True
mccd_salvage,刘墉,楷,鳥,G:\GitHub\DiT\MCCD\MCCD\MCCD-Calligrapher\calligrapher_dataset\刘墉\鳥-楷-清-刘墉-155178.png,226,241,False,0.3159,0.0,clean,none,direct_use,True
mccd_salvage,刘墉,行,鴻,G:\GitHub\DiT\MCCD\MCCD\MCCD-Calligrapher\calligrapher_dataset\刘墉\鴻-行-清-刘墉-155928.png,170,153,False,0.2915,0.0,clean,none,direct_use,True
mccd_salvage,刘墉,楷,黎,G:\GitHub\DiT\MCCD\MCCD\MCCD-Calligrapher\calligrapher_dataset\刘墉\黎-楷-清-刘墉-158742.png,204,192,False,0.3502,0.0,clean,none,direct_use,True
mccd_salvage,刘墉,行,默,G:\GitHub\DiT\MCCD\MCCD\MCCD-Calligrapher\calligrapher_dataset\刘墉\默-行-清-刘墉-158972.png,210,218,False,0.5313,0.0003,clean,none,direct_use,True
mccd_salvage,吴昌硕,行,㗛,G:\GitHub\DiT\MCCD\MCCD\MCCD-Calligrapher\calligrapher_dataset\吴昌硕\㗛-行-近-吴昌硕-162124.png,207,212,False,0.3926,0.0,clean,none,direct_use,True
mccd_salvage,吴昌硕,行,一,G:\GitHub\DiT\MCCD\MCCD\MCCD-Calligrapher\calligrapher_dataset\吴昌硕\一-行-近-吴昌硕-478.png,206,90,False,0.4311,0.0,clean,none,direct_use,True
mccd_salvage,吴昌硕,行,七,G:\GitHub\DiT\MCCD\MCCD\MCCD-Calligrapher\calligrapher_dataset\吴昌硕\七-行-近-吴昌硕-905.png,214,225,False,0.3594,0.0,clean,none,direct_use,True
mccd_salvage,吴昌硕,行,亂,G:\GitHub\DiT\MCCD\MCCD\MCCD-Calligrapher\calligrapher_dataset\吴昌硕\亂-行-近-吴昌硕-9223.png,191,169,False,0.4934,0.0,clean,none,direct_use,True
mccd_salvage,吴昌硕,隶,作,G:\GitHub\DiT\MCCD\MCCD\MCCD-Calligrapher\calligrapher_dataset\吴昌硕\作-隶-近-吴昌硕-17806.png,200,258,False,0.3451,0.0003,clean,none,direct_use,True
mccd_salvage,吴昌硕,行,冬,G:\GitHub\DiT\MCCD\MCCD\MCCD-Calligrapher\calligrapher_dataset\吴昌硕\冬-行-近-吴昌硕-28957.png,175,199,False,0.4283,0.0,clean,none,direct_use,True
mccd_salvage,吴昌硕,行,况,G:\GitHub\DiT\MCCD\MCCD\MCCD-Calligrapher\calligrapher_dataset\吴昌硕\况-行-近-吴昌硕-29083.png,220,210,False,0.3791,0.0,clean,none,direct_use,True
mccd_salvage,吴昌硕,行,到,G:\GitHub\DiT\MCCD\MCCD\MCCD-Calligrapher\calligrapher_dataset\吴昌硕\到-行-近-吴昌硕-31354.png,162,201,False,0.2939,0.0,clean,none,direct_use,True
mccd_salvage,吴昌硕,行,即,G:\GitHub\DiT\MCCD\MCCD\MCCD-Calligrapher\calligrapher_dataset\吴昌硕\即-行-近-吴昌硕-38141.png,164,201,False,0.4034,0.0,clean,none,direct_use,True
mccd_salvage,吴昌硕,行,器,G:\GitHub\DiT\MCCD\MCCD\MCCD-Calligrapher\calligrapher_dataset\吴昌硕\器-行-近-吴昌硕-51826.png,204,247,False,0.5317,0.0,clean,none,direct_use,True
mccd_salvage,吴昌硕,行,型,G:\GitHub\DiT\MCCD\MCCD\MCCD-Calligrapher\calligrapher_dataset\吴昌硕\型-行-近-吴昌硕-55133.png,184,203,False,0.5246,0.0,clean,none,direct_use,True
mccd_salvage,吴昌硕,行,宜,G:\GitHub\DiT\MCCD\MCCD\MCCD-Calligrapher\calligrapher_dataset\吴昌硕\宜-行-近-吴昌硕-71283.png,193,204,False,0.357,0.0,clean,none,direct_use,True
mccd_salvage,吴昌硕,行,寒,G:\GitHub\DiT\MCCD\MCCD\MCCD-Calligrapher\calligrapher_dataset\吴昌硕\寒-行-近-吴昌硕-73506.png,172,246,False,0.418,0.0,clean,none,direct_use,True
mccd_salvage,吴昌硕,行,嶁,G:\GitHub\DiT\MCCD\MCCD\MCCD-Calligrapher\calligrapher_dataset\吴昌硕\嶁-行-近-吴昌硕-80447.png,209,256,False,0.3894,0.0,clean,none,direct_use,True
mccd_salvage,吴昌硕,行,幻,G:\GitHub\DiT\MCCD\MCCD\MCCD-Calligrapher\calligrapher_dataset\吴昌硕\幻-行-近-吴昌硕-85611.png,259,209,False,0.3647,0.0005,clean,none,direct_use,True
mccd_salvage,吴昌硕,行,彌,G:\GitHub\DiT\MCCD\MCCD\MCCD-Calligrapher\calligrapher_dataset\吴昌硕\彌-行-近-吴昌硕-90340.png,204,248,False,0.4437,0.0,clean,none,direct_use,True
mccd_salvage,吴昌硕,行,徐,G:\GitHub\DiT\MCCD\MCCD\MCCD-Calligrapher\calligrapher_dataset\吴昌硕\徐-行-近-吴昌硕-93038.png,256,251,False,0.4384,0.0,clean,none,direct_use,True
mccd_salvage,吴昌硕,行,徧,G:\GitHub\DiT\MCCD\MCCD\MCCD-Calligrapher\calligrapher_dataset\吴昌硕\徧-行-近-吴昌硕-93952.png,257,221,False,0.4469,0.0,clean,none,direct_use,True
mccd_salvage,吴昌硕,行,息,G:\GitHub\DiT\MCCD\MCCD\MCCD-Calligrapher\calligrapher_dataset\吴昌硕\息-行-近-吴昌硕-97661.png,193,263,False,0.3916,0.0,clean,none,direct_use,True
mccd_salvage,吴昌硕,行,拈,G:\GitHub\DiT\MCCD\MCCD\MCCD-Calligrapher\calligrapher_dataset\吴昌硕\拈-行-近-吴昌硕-5249.png,256,242,False,0.4709,0.0,clean,none,direct_use,True
mccd_salvage,吴昌硕,行,拓,G:\GitHub\DiT\MCCD\MCCD\MCCD-Calligrapher\calligrapher_dataset\吴昌硕\拓-行-近-吴昌硕-5344.png,233,212,False,0.4498,0.0,clean,none,direct_use,True
mccd_salvage,吴昌硕,行,數,G:\GitHub\DiT\MCCD\MCCD\MCCD-Calligrapher\calligrapher_dataset\吴昌硕\數-行-近-吴昌硕-3728.png,247,287,False,0.4739,0.0,clean,none,direct_use,True
mccd_salvage,吴昌硕,行,昌,G:\GitHub\DiT\MCCD\MCCD\MCCD-Calligrapher\calligrapher_dataset\吴昌硕\昌-行-近-吴昌硕-1932.png,158,281,False,0.4788,0.0,clean,none,direct_use,True
mccd_salvage,吴昌硕,行,止,G:\GitHub\DiT\MCCD\MCCD\MCCD-Calligrapher\calligrapher_dataset\吴昌硕\止-行-近-吴昌硕-18937.png,258,217,False,0.2946,0.0,clean,none,direct_use,True
mccd_salvage,吴昌硕,行,歿,G:\GitHub\DiT\MCCD\MCCD\MCCD-Calligrapher\calligrapher_dataset\吴昌硕\歿-行-近-吴昌硕-20909.png,254,237,False,0.3858,0.0,clean,none,direct_use,True
mccd_salvage,吴昌硕,行,泉,G:\GitHub\DiT\MCCD\MCCD\MCCD-Calligrapher\calligrapher_dataset\吴昌硕\泉-行-近-吴昌硕-26733.png,174,220,False,0.3635,0.0,clean,none,direct_use,True
mccd_salvage,吴昌硕,行,涂,G:\GitHub\DiT\MCCD\MCCD\MCCD-Calligrapher\calligrapher_dataset\吴昌硕\涂-行-近-吴昌硕-28626.png,250,201,False,0.4467,0.0,clean,none,direct_use,True
mccd_salvage,吴昌硕,行,滌,G:\GitHub\DiT\MCCD\MCCD\MCCD-Calligrapher\calligrapher_dataset\吴昌硕\滌-行-近-吴昌硕-32078.png,251,207,False,0.3802,0.0,clean,none,direct_use,True
mccd_salvage,吴昌硕,行,炯,G:\GitHub\DiT\MCCD\MCCD\MCCD-Calligrapher\calligrapher_dataset\吴昌硕\炯-行-近-吴昌硕-35460.png,249,188,False,0.4225,0.0,clean,none,direct_use,True
mccd_salvage,吴昌硕,行,片,G:\GitHub\DiT\MCCD\MCCD\MCCD-Calligrapher\calligrapher_dataset\吴昌硕\片-行-近-吴昌硕-40555.png,172,345,False,0.4148,0.0,clean,none,direct_use,True
mccd_salvage,吴昌硕,行,牽,G:\GitHub\DiT\MCCD\MCCD\MCCD-Calligrapher\calligrapher_dataset\吴昌硕\牽-行-近-吴昌硕-41431.png,177,289,False,0.3248,0.0,clean,none,direct_use,True
mccd_salvage,吴昌硕,行,狂,G:\GitHub\DiT\MCCD\MCCD\MCCD-Calligrapher\calligrapher_dataset\吴昌硕\狂-行-近-吴昌硕-42025.png,223,247,False,0.4721,0.0,clean,none,direct_use,True
mccd_salvage,吴昌硕,行,猗,G:\GitHub\DiT\MCCD\MCCD\MCCD-Calligrapher\calligrapher_dataset\吴昌硕\猗-行-近-吴昌硕-42509.png,248,257,False,0.3908,0.0,clean,none,direct_use,True
mccd_salvage,吴昌硕,行,獵,G:\GitHub\DiT\MCCD\MCCD\MCCD-Calligrapher\calligrapher_dataset\吴昌硕\獵-行-近-吴昌硕-43292.png,195,254,False,0.4001,0.0,clean,none,direct_use,True
mccd_salvage,吴昌硕,行,瓏,G:\GitHub\DiT\MCCD\MCCD\MCCD-Calligrapher\calligrapher_dataset\吴昌硕\瓏-行-近-吴昌硕-46474.png,231,200,False,0.5108,0.0,clean,none,direct_use,True
mccd_salvage,吴昌硕,行,甘,G:\GitHub\DiT\MCCD\MCCD\MCCD-Calligrapher\calligrapher_dataset\吴昌硕\甘-行-近-吴昌硕-46973.png,266,248,False,0.3763,0.0,clean,none,direct_use,True
mccd_salvage,吴昌硕,行,白,G:\GitHub\DiT\MCCD\MCCD\MCCD-Calligrapher\calligrapher_dataset\吴昌硕\白-行-近-吴昌硕-53116.png,205,246,False,0.4654,0.0,clean,none,direct_use,True
mccd_salvage,吴昌硕,行,相,G:\GitHub\DiT\MCCD\MCCD\MCCD-Calligrapher\calligrapher_dataset\吴昌硕\相-行-近-吴昌硕-55945.png,213,196,False,0.5242,0.0,clean,none,direct_use,True
mccd_salvage,吴昌硕,行,眾,G:\GitHub\DiT\MCCD\MCCD\MCCD-Calligrapher\calligrapher_dataset\吴昌硕\眾-行-近-吴昌硕-57293.png,225,284,False,0.4071,0.0,clean,none,direct_use,True
mccd_salvage,吴昌硕,行,睡,G:\GitHub\DiT\MCCD\MCCD\MCCD-Calligrapher\calligrapher_dataset\吴昌硕\睡-行-近-吴昌硕-57500.png,203,214,False,0.5421,0.0,clean,none,direct_use,True
mccd_salvage,吴昌硕,行,石,G:\GitHub\DiT\MCCD\MCCD\MCCD-Calligrapher\calligrapher_dataset\吴昌硕\石-行-近-吴昌硕-59114.png,182,222,False,0.5076,0.0,clean,none,direct_use,True
mccd_salvage,吴昌硕,行,研,G:\GitHub\DiT\MCCD\MCCD\MCCD-Calligrapher\calligrapher_dataset\吴昌硕\研-行-近-吴昌硕-59255.png,239,222,False,0.3292,0.0,clean,none,direct_use,True
mccd_salvage,吴昌硕,行,硏,G:\GitHub\DiT\MCCD\MCCD\MCCD-Calligrapher\calligrapher_dataset\吴昌硕\硏-行-近-吴昌硕-59454.png,239,222,False,0.3292,0.0,clean,none,direct_use,True
mccd_salvage,吴昌硕,行,秋,G:\GitHub\DiT\MCCD\MCCD\MCCD-Calligrapher\calligrapher_dataset\吴昌硕\秋-行-近-吴昌硕-63300.png,211,221,False,0.3942,0.0,clean,none,direct_use,True
mccd_salvage,吴昌硕,行,空,G:\GitHub\DiT\MCCD\MCCD\MCCD-Calligrapher\calligrapher_dataset\吴昌硕\空-行-近-吴昌硕-65282.png,218,219,False,0.4399,0.0,clean,none,direct_use,True
mccd_salvage,吴昌硕,行,競,G:\GitHub\DiT\MCCD\MCCD\MCCD-Calligrapher\calligrapher_dataset\吴昌硕\競-行-近-吴昌硕-66871.png,253,249,False,0.4242,0.0001,clean,none,direct_use,True
mccd_salvage,吴昌硕,行,策,G:\GitHub\DiT\MCCD\MCCD\MCCD-Calligrapher\calligrapher_dataset\吴昌硕\策-行-近-吴昌硕-67825.png,156,206,False,0.302,0.0016,clean,none,direct_use,True
mccd_salvage,吴昌硕,行,節,G:\GitHub\DiT\MCCD\MCCD\MCCD-Calligrapher\calligrapher_dataset\吴昌硕\節-行-近-吴昌硕-68509.png,187,269,False,0.3689,0.0,clean,none,direct_use,True
mccd_salvage,吴昌硕,行,索,G:\GitHub\DiT\MCCD\MCCD\MCCD-Calligrapher\calligrapher_dataset\吴昌硕\索-行-近-吴昌硕-71399.png,172,265,False,0.4215,0.0,clean,none,direct_use,True
mccd_salvage,吴昌硕,行,縣,G:\GitHub\DiT\MCCD\MCCD\MCCD-Calligrapher\calligrapher_dataset\吴昌硕\縣-行-近-吴昌硕-74695.png,244,229,False,0.445,0.0,clean,none,direct_use,True
mccd_salvage,吴昌硕,行,繪,G:\GitHub\DiT\MCCD\MCCD\MCCD-Calligrapher\calligrapher_dataset\吴昌硕\繪-行-近-吴昌硕-75472.png,183,278,False,0.3916,0.0,clean,none,direct_use,True
mccd_salvage,吴昌硕,行,缶,G:\GitHub\DiT\MCCD\MCCD\MCCD-Calligrapher\calligrapher_dataset\吴昌硕\缶-行-近-吴昌硕-76010.png,229,255,False,0.3698,0.0,clean,none,direct_use,True
mccd_salvage,吴昌硕,行,羅,G:\GitHub\DiT\MCCD\MCCD\MCCD-Calligrapher\calligrapher_dataset\吴昌硕\羅-行-近-吴昌硕-76816.png,167,215,False,0.5213,0.0,clean,none,direct_use,True
mccd_salvage,吴昌硕,行,胡,G:\GitHub\DiT\MCCD\MCCD\MCCD-Calligrapher\calligrapher_dataset\吴昌硕\胡-行-近-吴昌硕-83619.png,246,205,False,0.4726,0.0,clean,none,direct_use,True
mccd_salvage,吴昌硕,行,腥,G:\GitHub\DiT\MCCD\MCCD\MCCD-Calligrapher\calligrapher_dataset\吴昌硕\腥-行-近-吴昌硕-84764.png,197,288,False,0.4772,0.0,clean,none,direct_use,True
mccd_salvage,吴昌硕,行,臣,G:\GitHub\DiT\MCCD\MCCD\MCCD-Calligrapher\calligrapher_dataset\吴昌硕\臣-行-近-吴昌硕-85928.png,181,283,False,0.5175,0.0,clean,none,direct_use,True
mccd_salvage,吴昌硕,行,自,G:\GitHub\DiT\MCCD\MCCD\MCCD-Calligrapher\calligrapher_dataset\吴昌硕\自-行-近-吴昌硕-86576.png,157,185,False,0.3089,0.0,clean,none,direct_use,True
mccd_salvage,吴昌硕,行,艱,G:\GitHub\DiT\MCCD\MCCD\MCCD-Calligrapher\calligrapher_dataset\吴昌硕\艱-行-近-吴昌硕-89116.png,226,278,False,0.5108,0.0,clean,none,direct_use,True
mccd_salvage,吴昌硕,行,苦,G:\GitHub\DiT\MCCD\MCCD\MCCD-Calligrapher\calligrapher_dataset\吴昌硕\苦-行-近-吴昌硕-90471.png,193,177,False,0.4244,0.0,clean,none,direct_use,True
mccd_salvage,吴昌硕,行,華,G:\GitHub\DiT\MCCD\MCCD\MCCD-Calligrapher\calligrapher_dataset\吴昌硕\華-行-近-吴昌硕-92611.png,164,292,False,0.3333,0.0005,clean,none,direct_use,True
mccd_salvage,吴昌硕,行,蔬,G:\GitHub\DiT\MCCD\MCCD\MCCD-Calligrapher\calligrapher_dataset\吴昌硕\蔬-行-近-吴昌硕-95136.png,198,239,False,0.5444,0.0,clean,none,direct_use,True
mccd_salvage,吴昌硕,行,藏,G:\GitHub\DiT\MCCD\MCCD\MCCD-Calligrapher\calligrapher_dataset\吴昌硕\藏-行-近-吴昌硕-96315.png,182,270,False,0.3685,0.0,clean,none,direct_use,True
mccd_salvage,吴昌硕,行,蟲,G:\GitHub\DiT\MCCD\MCCD\MCCD-Calligrapher\calligrapher_dataset\吴昌硕\蟲-行-近-吴昌硕-99994.png,243,354,False,0.3633,0.0009,clean,none,direct_use,True
mccd_salvage,吴昌硕,行,衆,G:\GitHub\DiT\MCCD\MCCD\MCCD-Calligrapher\calligrapher_dataset\吴昌硕\衆-行-近-吴昌硕-100675.png,225,284,False,0.4071,0.0,clean,none,direct_use,True
mccd_salvage,吴昌硕,行,行,G:\GitHub\DiT\MCCD\MCCD\MCCD-Calligrapher\calligrapher_dataset\吴昌硕\行-行-近-吴昌硕-101058.png,245,232,False,0.3685,0.0,clean,none,direct_use,True
mccd_salvage,吴昌硕,行,衰,G:\GitHub\DiT\MCCD\MCCD\MCCD-Calligrapher\calligrapher_dataset\吴昌硕\衰-行-近-吴昌硕-101961.png,188,251,False,0.3848,0.0,clean,none,direct_use,True
mccd_salvage,吴昌硕,行,袍,G:\GitHub\DiT\MCCD\MCCD\MCCD-Calligrapher\calligrapher_dataset\吴昌硕\袍-行-近-吴昌硕-102181.png,256,224,False,0.5047,0.0,clean,none,direct_use,True
mccd_salvage,吴昌硕,行,觀,G:\GitHub\DiT\MCCD\MCCD\MCCD-Calligrapher\calligrapher_dataset\吴昌硕\觀-行-近-吴昌硕-105336.png,204,207,False,0.5249,0.0,clean,none,direct_use,True
mccd_salvage,吴昌硕,行,解,G:\GitHub\DiT\MCCD\MCCD\MCCD-Calligrapher\calligrapher_dataset\吴昌硕\解-行-近-吴昌硕-105623.png,256,362,False,0.4625,0.0,clean,none,direct_use,True
mccd_salvage,吴昌硕,行,詁,G:\GitHub\DiT\MCCD\MCCD\MCCD-Calligrapher\calligrapher_dataset\吴昌硕\詁-行-近-吴昌硕-107163.png,251,226,False,0.416,0.0007,clean,none,direct_use,True
mccd_salvage,吴昌硕,行,詩,G:\GitHub\DiT\MCCD\MCCD\MCCD-Calligrapher\calligrapher_dataset\吴昌硕\詩-行-近-吴昌硕-107763.png,212,232,False,0.3845,0.0,clean,none,direct_use,True
mccd_salvage,吴昌硕,行,認,G:\GitHub\DiT\MCCD\MCCD\MCCD-Calligrapher\calligrapher_dataset\吴昌硕\認-行-近-吴昌硕-108156.png,238,202,False,0.4536,0.0,clean,none,direct_use,True
mccd_salvage,吴昌硕,行,誰,G:\GitHub\DiT\MCCD\MCCD\MCCD-Calligrapher\calligrapher_dataset\吴昌硕\誰-行-近-吴昌硕-108877.png,206,208,False,0.4913,0.0,clean,none,direct_use,True
mccd_salvage,吴昌硕,行,誰,G:\GitHub\DiT\MCCD\MCCD\MCCD-Calligrapher\calligrapher_dataset\吴昌硕\誰-行-近-吴昌硕-108878.png,176,184,False,0.4423,0.0,clean,none,direct_use,True
mccd_salvage,吴昌硕,行,谷,G:\GitHub\DiT\MCCD\MCCD\MCCD-Calligrapher\calligrapher_dataset\吴昌硕\谷-行-近-吴昌硕-111800.png,243,212,False,0.3894,0.0,clean,none,direct_use,True
mccd_salvage,吴昌硕,行,谿,G:\GitHub\DiT\MCCD\MCCD\MCCD-Calligrapher\calligrapher_dataset\吴昌硕\谿-行-近-吴昌硕-111875.png,194,222,False,0.416,0.0,clean,none,direct_use,True
mccd_salvage,吴昌硕,行,谿,G:\GitHub\DiT\MCCD\MCCD\MCCD-Calligrapher\calligrapher_dataset\吴昌硕\谿-行-近-吴昌硕-111876.png,230,209,False,0.4604,0.0,clean,none,direct_use,True
mccd_salvage,吴昌硕,行,豈,G:\GitHub\DiT\MCCD\MCCD\MCCD-Calligrapher\calligrapher_dataset\吴昌硕\豈-行-近-吴昌硕-112053.png,156,220,False,0.3902,0.0,clean,none,direct_use,True
mccd_salvage,吴昌硕,行,跗,G:\GitHub\DiT\MCCD\MCCD\MCCD-Calligrapher\calligrapher_dataset\吴昌硕\跗-行-近-吴昌硕-117306.png,234,174,False,0.4358,0.0,clean,none,direct_use,True
mccd_salvage,吴昌硕,行,道,G:\GitHub\DiT\MCCD\MCCD\MCCD-Calligrapher\calligrapher_dataset\吴昌硕\道-行-近-吴昌硕-125210.png,232,323,False,0.4315,0.0,clean,none,direct_use,True
mccd_salvage,吴昌硕,行,遣,G:\GitHub\DiT\MCCD\MCCD\MCCD-Calligrapher\calligrapher_dataset\吴昌硕\遣-行-近-吴昌硕-125749.png,155,207,False,0.3988,0.0,clean,none,direct_use,True
mccd_salvage,吴昌硕,行,那,G:\GitHub\DiT\MCCD\MCCD\MCCD-Calligrapher\calligrapher_dataset\吴昌硕\那-行-近-吴昌硕-127231.png,213,186,False,0.3651,0.0,clean,none,direct_use,True
mccd_salvage,吴昌硕,行,部,G:\GitHub\DiT\MCCD\MCCD\MCCD-Calligrapher\calligrapher_dataset\吴昌硕\部-行-近-吴昌硕-128374.png,216,303,False,0.2851,0.0004,clean,none,direct_use,True
mccd_salvage,吴昌硕,行,酒,G:\GitHub\DiT\MCCD\MCCD\MCCD-Calligrapher\calligrapher_dataset\吴昌硕\酒-行-近-吴昌硕-129953.png,196,205,False,0.497,0.0,clean,none,direct_use,True
mccd_salvage,吴昌硕,行,酺,G:\GitHub\DiT\MCCD\MCCD\MCCD-Calligrapher\calligrapher_dataset\吴昌硕\酺-行-近-吴昌硕-130229.png,217,210,False,0.3921,0.0,clean,none,direct_use,True
mccd_salvage,吴昌硕,行,野,G:\GitHub\DiT\MCCD\MCCD\MCCD-Calligrapher\calligrapher_dataset\吴昌硕\野-行-近-吴昌硕-131335.png,233,279,False,0.5364,0.0,clean,none,direct_use,True
mccd_salvage,吴昌硕,行,鉏,G:\GitHub\DiT\MCCD\MCCD\MCCD-Calligrapher\calligrapher_dataset\吴昌硕\鉏-行-近-吴昌硕-132527.png,264,248,False,0.4425,0.0,clean,none,direct_use,True
mccd_salvage,吴昌硕,行,鐘,G:\GitHub\DiT\MCCD\MCCD\MCCD-Calligrapher\calligrapher_dataset\吴昌硕\鐘-行-近-吴昌硕-134896.png,231,289,False,0.4752,0.0,clean,none,direct_use,True
mccd_salvage,吴昌硕,行,鐵,G:\GitHub\DiT\MCCD\MCCD\MCCD-Calligrapher\calligrapher_dataset\吴昌硕\鐵-行-近-吴昌硕-135001.png,192,217,False,0.4182,0.0033,clean,none,direct_use,True
mccd_salvage,吴昌硕,行,鑱,G:\GitHub\DiT\MCCD\MCCD\MCCD-Calligrapher\calligrapher_dataset\吴昌硕\鑱-行-近-吴昌硕-135343.png,214,230,False,0.4829,0.0004,clean,none,direct_use,True
mccd_salvage,吴昌硕,行,長,G:\GitHub\DiT\MCCD\MCCD\MCCD-Calligrapher\calligrapher_dataset\吴昌硕\長-行-近-吴昌硕-135757.png,182,204,False,0.296,0.0,clean,none,direct_use,True
mccd_salvage,吴昌硕,行,雅,G:\GitHub\DiT\MCCD\MCCD\MCCD-Calligrapher\calligrapher_dataset\吴昌硕\雅-行-近-吴昌硕-140540.png,167,246,False,0.4459,0.0,clean,none,direct_use,True
mccd_salvage,吴昌硕,行,雖,G:\GitHub\DiT\MCCD\MCCD\MCCD-Calligrapher\calligrapher_dataset\吴昌硕\雖-行-近-吴昌硕-140951.png,233,307,False,0.4475,0.0,clean,none,direct_use,True
mccd_salvage,吴昌硕,行,雪,G:\GitHub\DiT\MCCD\MCCD\MCCD-Calligrapher\calligrapher_dataset\吴昌硕\雪-行-近-吴昌硕-141826.png,242,230,False,0.3621,0.0003,clean,none,direct_use,True
mccd_salvage,吴昌硕,行,頂,G:\GitHub\DiT\MCCD\MCCD\MCCD-Calligrapher\calligrapher_dataset\吴昌硕\頂-行-近-吴昌硕-145431.png,216,181,False,0.4538,0.0,clean,none,direct_use,True
mccd_salvage,吴昌硕,行,題,G:\GitHub\DiT\MCCD\MCCD\MCCD-Calligrapher\calligrapher_dataset\吴昌硕\題-行-近-吴昌硕-146523.png,209,201,False,0.4069,0.0,clean,none,direct_use,True
mccd_salvage,吴昌硕,行,食,G:\GitHub\DiT\MCCD\MCCD\MCCD-Calligrapher\calligrapher_dataset\吴昌硕\食-行-近-吴昌硕-147937.png,162,240,False,0.2941,0.0,clean,none,direct_use,True
mccd_salvage,吴昌硕,行,飮,G:\GitHub\DiT\MCCD\MCCD\MCCD-Calligrapher\calligrapher_dataset\吴昌硕\飮-行-近-吴昌硕-148217.png,244,190,False,0.4754,0.0,clean,none,direct_use,True
mccd_salvage,吴昌硕,行,飯,G:\GitHub\DiT\MCCD\MCCD\MCCD-Calligrapher\calligrapher_dataset\吴昌硕\飯-行-近-吴昌硕-148262.png,233,163,False,0.4588,0.0,clean,none,direct_use,True
mccd_salvage,吴昌硕,行,飲,G:\GitHub\DiT\MCCD\MCCD\MCCD-Calligrapher\calligrapher_dataset\吴昌硕\飲-行-近-吴昌硕-148314.png,244,190,False,0.4754,0.0,clean,none,direct_use,True
mccd_salvage,吴昌硕,行,餓,G:\GitHub\DiT\MCCD\MCCD\MCCD-Calligrapher\calligrapher_dataset\吴昌硕\餓-行-近-吴昌硕-148595.png,256,208,False,0.3835,0.0,clean,none,direct_use,True
mccd_salvage,吴昌硕,行,高,G:\GitHub\DiT\MCCD\MCCD\MCCD-Calligrapher\calligrapher_dataset\吴昌硕\高-行-近-吴昌硕-152283.png,177,232,False,0.3611,0.0,clean,none,direct_use,True
mccd_salvage,吴昌硕,行,高,G:\GitHub\DiT\MCCD\MCCD\MCCD-Calligrapher\calligrapher_dataset\吴昌硕\高-行-近-吴昌硕-152284.png,156,177,False,0.3552,0.0,clean,none,direct_use,True
mccd_salvage,吴昌硕,行,髙,G:\GitHub\DiT\MCCD\MCCD\MCCD-Calligrapher\calligrapher_dataset\吴昌硕\髙-行-近-吴昌硕-152524.png,177,232,False,0.3611,0.0,clean,none,direct_use,True
mccd_salvage,吴昌硕,行,髙,G:\GitHub\DiT\MCCD\MCCD\MCCD-Calligrapher\calligrapher_dataset\吴昌硕\髙-行-近-吴昌硕-152525.png,156,177,False,0.3552,0.0,clean,none,direct_use,True
mccd_salvage,吴昌硕,行,鮑,G:\GitHub\DiT\MCCD\MCCD\MCCD-Calligrapher\calligrapher_dataset\吴昌硕\鮑-行-近-吴昌硕-154271.png,208,190,False,0.3451,0.0,clean,none,direct_use,True
mccd_salvage,吴昌硕,行,黃,G:\GitHub\DiT\MCCD\MCCD\MCCD-Calligrapher\calligrapher_dataset\吴昌硕\黃-行-近-吴昌硕-158185.png,156,187,False,0.4805,0.0002,clean,none,direct_use,True
mccd_salvage,吴昌硕,行,黃,G:\GitHub\DiT\MCCD\MCCD\MCCD-Calligrapher\calligrapher_dataset\吴昌硕\黃-行-近-吴昌硕-158186.png,185,228,False,0.4285,0.0,clean,none,direct_use,True
mccd_salvage,吴昌硕,行,黄,G:\GitHub\DiT\MCCD\MCCD\MCCD-Calligrapher\calligrapher_dataset\吴昌硕\黄-行-近-吴昌硕-158567.png,156,187,False,0.4805,0.0002,clean,none,direct_use,True
mccd_salvage,吴昌硕,行,黄,G:\GitHub\DiT\MCCD\MCCD\MCCD-Calligrapher\calligrapher_dataset\吴昌硕\黄-行-近-吴昌硕-158568.png,185,228,False,0.4285,0.0,clean,none,direct_use,True
mccd_salvage,吴昌硕,行,鼓,G:\GitHub\DiT\MCCD\MCCD\MCCD-Calligrapher\calligrapher_dataset\吴昌硕\鼓-行-近-吴昌硕-159848.png,160,193,False,0.4602,0.0,clean,none,direct_use,True
mccd_salvage,唐寅,行,去,G:\GitHub\DiT\MCCD\MCCD\MCCD-Calligrapher\calligrapher_dataset\唐寅\去-行-明-唐寅-39337.png,171,208,False,0.3873,0.0,clean,none,direct_use,True
mccd_salvage,唐寅,行,對,G:\GitHub\DiT\MCCD\MCCD\MCCD-Calligrapher\calligrapher_dataset\唐寅\對-行-明-唐寅-76070.png,212,227,False,0.4207,0.0,clean,none,direct_use,True
mccd_salvage,唐寅,行,帕,G:\GitHub\DiT\MCCD\MCCD\MCCD-Calligrapher\calligrapher_dataset\唐寅\帕-行-明-唐寅-83209.png,206,177,False,0.2648,0.0,clean,none,direct_use,True
mccd_salvage,唐寅,行,料,G:\GitHub\DiT\MCCD\MCCD\MCCD-Calligrapher\calligrapher_dataset\唐寅\料-行-明-唐寅-4456.png,259,254,False,0.3879,0.0,clean,none,direct_use,True
mccd_salvage,唐寅,行,日,G:\GitHub\DiT\MCCD\MCCD\MCCD-Calligrapher\calligrapher_dataset\唐寅\日-行-明-唐寅-1108.png,159,258,False,0.5431,0.0,clean,none,direct_use,True
mccd_salvage,唐寅,行,曲,G:\GitHub\DiT\MCCD\MCCD\MCCD-Calligrapher\calligrapher_dataset\唐寅\曲-行-明-唐寅-6318.png,265,217,False,0.5324,0.0,clean,none,direct_use,True
mccd_salvage,唐寅,行,有,G:\GitHub\DiT\MCCD\MCCD\MCCD-Calligrapher\calligrapher_dataset\唐寅\有-行-明-唐寅-8113.png,177,250,False,0.4308,0.0,clean,none,direct_use,True
mccd_salvage,唐寅,行,漸,G:\GitHub\DiT\MCCD\MCCD\MCCD-Calligrapher\calligrapher_dataset\唐寅\漸-行-明-唐寅-32877.png,234,201,False,0.4129,0.0,clean,none,direct_use,True
mccd_salvage,唐寅,行,白,G:\GitHub\DiT\MCCD\MCCD\MCCD-Calligrapher\calligrapher_dataset\唐寅\白-行-明-唐寅-53112.png,240,245,False,0.4646,0.0,clean,none,direct_use,True
mccd_salvage,唐寅,行,眼,G:\GitHub\DiT\MCCD\MCCD\MCCD-Calligrapher\calligrapher_dataset\唐寅\眼-行-明-唐寅-57153.png,266,265,False,0.3371,0.0,clean,none,direct_use,True
mccd_salvage,唐寅,行,空,G:\GitHub\DiT\MCCD\MCCD\MCCD-Calligrapher\calligrapher_dataset\唐寅\空-行-明-唐寅-65277.png,235,234,False,0.3688,0.0,clean,none,direct_use,True
mccd_salvage,唐寅,行,綠,G:\GitHub\DiT\MCCD\MCCD\MCCD-Calligrapher\calligrapher_dataset\唐寅\綠-行-明-唐寅-73251.png,205,217,False,0.4913,0.0,clean,none,direct_use,True
mccd_salvage,唐寅,行,纖,G:\GitHub\DiT\MCCD\MCCD\MCCD-Calligrapher\calligrapher_dataset\唐寅\纖-行-明-唐寅-75878.png,270,229,False,0.4191,0.0,clean,none,direct_use,True
mccd_salvage,唐寅,行,聽,G:\GitHub\DiT\MCCD\MCCD\MCCD-Calligrapher\calligrapher_dataset\唐寅\聽-行-明-唐寅-82362.png,223,224,False,0.489,0.0,clean,none,direct_use,True
mccd_salvage,唐寅,行,與,G:\GitHub\DiT\MCCD\MCCD\MCCD-Calligrapher\calligrapher_dataset\唐寅\與-行-明-唐寅-87696.png,259,234,False,0.3612,0.0,clean,none,direct_use,True
mccd_salvage,唐寅,行,莫,G:\GitHub\DiT\MCCD\MCCD\MCCD-Calligrapher\calligrapher_dataset\唐寅\莫-行-明-唐寅-92100.png,181,272,False,0.4389,0.0,clean,none,direct_use,True
mccd_salvage,唐寅,行,莫,G:\GitHub\DiT\MCCD\MCCD\MCCD-Calligrapher\calligrapher_dataset\唐寅\莫-行-明-唐寅-92103.png,192,332,False,0.4438,0.0,clean,none,direct_use,True
mccd_salvage,唐寅,行,調,G:\GitHub\DiT\MCCD\MCCD\MCCD-Calligrapher\calligrapher_dataset\唐寅\調-行-明-唐寅-109017.png,238,209,False,0.3709,0.0,clean,none,direct_use,True
mccd_salvage,唐寅,行,院,G:\GitHub\DiT\MCCD\MCCD\MCCD-Calligrapher\calligrapher_dataset\唐寅\院-行-明-唐寅-138215.png,203,179,False,0.2366,0.0,clean,none,direct_use,True
mccd_salvage,唐寅,行,鶯,G:\GitHub\DiT\MCCD\MCCD\MCCD-Calligrapher\calligrapher_dataset\唐寅\鶯-行-明-唐寅-156429.png,185,262,False,0.3785,0.0,clean,none,direct_use,True
mccd_salvage,唐寅,行,鶯,G:\GitHub\DiT\MCCD\MCCD\MCCD-Calligrapher\calligrapher_dataset\唐寅\鶯-行-明-唐寅-156430.png,184,248,False,0.2514,0.0,clean,none,direct_use,True
mccd_salvage,唐寅,行,𢃄,G:\GitHub\DiT\MCCD\MCCD\MCCD-Calligrapher\calligrapher_dataset\唐寅\𢃄-行-明-唐寅-562.png,192,272,False,0.4004,0.0,clean,none,direct_use,True
mccd_salvage,孙过庭,行,七,G:\GitHub\DiT\MCCD\MCCD\MCCD-Calligrapher\calligrapher_dataset\孙过庭\七-行-唐-孙过庭-898.png,245,142,False,0.3916,0.0,clean,none,direct_use,True
mccd_salvage,孙过庭,行,上,G:\GitHub\DiT\MCCD\MCCD\MCCD-Calligrapher\calligrapher_dataset\孙过庭\上-行-唐-孙过庭-1617.png,223,250,False,0.3952,0.0,clean,none,direct_use,True
mccd_salvage,孙过庭,行,井,G:\GitHub\DiT\MCCD\MCCD\MCCD-Calligrapher\calligrapher_dataset\孙过庭\井-行-唐-孙过庭-11563.png,171,202,False,0.3669,0.0,clean,none,direct_use,True
mccd_salvage,孙过庭,行,井,G:\GitHub\DiT\MCCD\MCCD\MCCD-Calligrapher\calligrapher_dataset\孙过庭\井-行-唐-孙过庭-景福殿赋-73.png,199,274,False,0.4175,0.0,clean,none,direct_use,True
mccd_salvage,孙过庭,行,以,G:\GitHub\DiT\MCCD\MCCD\MCCD-Calligrapher\calligrapher_dataset\孙过庭\以-行-唐-孙过庭-15724.png,209,147,False,0.3013,0.0313,clean,none,direct_use,True
mccd_salvage,孙过庭,行,但,G:\GitHub\DiT\MCCD\MCCD\MCCD-Calligrapher\calligrapher_dataset\孙过庭\但-行-唐-孙过庭-16984.png,219,196,False,0.3667,0.0001,clean,none,direct_use,True
mccd_salvage,孙过庭,行,兎,G:\GitHub\DiT\MCCD\MCCD\MCCD-Calligrapher\calligrapher_dataset\孙过庭\兎-行-唐-孙过庭-24975.png,180,193,False,0.2742,0.0,clean,none,direct_use,True
mccd_salvage,孙过庭,行,兔,G:\GitHub\DiT\MCCD\MCCD\MCCD-Calligrapher\calligrapher_dataset\孙过庭\兔-行-唐-孙过庭-25185.png,180,193,False,0.2742,0.0,clean,none,direct_use,True
mccd_salvage,孙过庭,行,十,G:\GitHub\DiT\MCCD\MCCD\MCCD-Calligrapher\calligrapher_dataset\孙过庭\十-行-唐-孙过庭-35861.png,203,214,False,0.3375,0.0,clean,none,direct_use,True
mccd_salvage,孙过庭,行,古,G:\GitHub\DiT\MCCD\MCCD\MCCD-Calligrapher\calligrapher_dataset\孙过庭\古-行-唐-孙过庭-41929.png,256,217,False,0.389,0.0,clean,none,direct_use,True
mccd_salvage,孙过庭,行,壯,G:\GitHub\DiT\MCCD\MCCD\MCCD-Calligrapher\calligrapher_dataset\孙过庭\壯-行-唐-孙过庭-58286.png,253,182,False,0.323,0.0,clean,none,direct_use,True
mccd_salvage,孙过庭,行,子,G:\GitHub\DiT\MCCD\MCCD\MCCD-Calligrapher\calligrapher_dataset\孙过庭\子-行-唐-孙过庭-67873.png,238,309,False,0.4362,0.0,clean,none,direct_use,True
mccd_salvage,孙过庭,行,宙,G:\GitHub\DiT\MCCD\MCCD\MCCD-Calligrapher\calligrapher_dataset\孙过庭\宙-行-唐-孙过庭-70917.png,210,230,False,0.2297,0.0,clean,none,direct_use,True
mccd_salvage,孙过庭,行,崖,G:\GitHub\DiT\MCCD\MCCD\MCCD-Calligrapher\calligrapher_dataset\孙过庭\崖-行-唐-孙过庭-80041.png,188,287,False,0.3684,0.0,clean,none,direct_use,True
mccd_salvage,孙过庭,行,徇,G:\GitHub\DiT\MCCD\MCCD\MCCD-Calligrapher\calligrapher_dataset\孙过庭\徇-行-唐-孙过庭-92694.png,189,204,False,0.4221,0.0,clean,none,direct_use,True
mccd_salvage,孙过庭,行,必,G:\GitHub\DiT\MCCD\MCCD\MCCD-Calligrapher\calligrapher_dataset\孙过庭\必-行-唐-孙过庭-95390.png,281,193,False,0.3219,0.0,clean,none,direct_use,True
mccd_salvage,孙过庭,行,必,G:\GitHub\DiT\MCCD\MCCD\MCCD-Calligrapher\calligrapher_dataset\孙过庭\必-行-唐-孙过庭-95391.png,279,205,False,0.1631,0.0,clean,none,direct_use,True
mccd_salvage,孙过庭,行,枯,G:\GitHub\DiT\MCCD\MCCD\MCCD-Calligrapher\calligrapher_dataset\孙过庭\枯-行-唐-孙过庭-11628.png,244,232,False,0.4264,0.0,clean,none,direct_use,True
mccd_salvage,孙过庭,行,標,G:\GitHub\DiT\MCCD\MCCD\MCCD-Calligrapher\calligrapher_dataset\孙过庭\標-行-唐-孙过庭-16592.png,233,252,False,0.406,0.0,clean,none,direct_use,True
mccd_salvage,孙过庭,行,消,G:\GitHub\DiT\MCCD\MCCD\MCCD-Calligrapher\calligrapher_dataset\孙过庭\消-行-唐-孙过庭-28707.png,201,271,False,0.4138,0.0,clean,none,direct_use,True
mccd_salvage,孙过庭,行,淹,G:\GitHub\DiT\MCCD\MCCD\MCCD-Calligrapher\calligrapher_dataset\孙过庭\淹-行-唐-孙过庭-30065.png,169,243,False,0.4377,0.0001,clean,none,direct_use,True
mccd_salvage,孙过庭,行,瑟,G:\GitHub\DiT\MCCD\MCCD\MCCD-Calligrapher\calligrapher_dataset\孙过庭\瑟-行-唐-孙过庭-45735.png,227,241,False,0.1495,0.0059,clean,none,direct_use,True
mccd_salvage,孙过庭,行,百,G:\GitHub\DiT\MCCD\MCCD\MCCD-Calligrapher\calligrapher_dataset\孙过庭\百-行-唐-孙过庭-53332.png,198,226,False,0.4281,0.0007,clean,none,direct_use,True
mccd_salvage,孙过庭,行,習,G:\GitHub\DiT\MCCD\MCCD\MCCD-Calligrapher\calligrapher_dataset\孙过庭\習-行-唐-孙过庭-78443.png,162,206,False,0.4058,0.0,clean,none,direct_use,True
mccd_salvage,康里巎巎,行,下,G:\GitHub\DiT\MCCD\MCCD\MCCD-Calligrapher\calligrapher_dataset\康里巎巎\下-行-元-康里巎巎-1923.png,236,289,False,0.3239,0.0,clean,none,direct_use,True
mccd_salvage,康里巎巎,行,乎,G:\GitHub\DiT\MCCD\MCCD\MCCD-Calligrapher\calligrapher_dataset\康里巎巎\乎-行-元-康里巎巎-7421.png,199,271,False,0.3458,0.0005,clean,none,direct_use,True
mccd_salvage,康里巎巎,行,仍,G:\GitHub\DiT\MCCD\MCCD\MCCD-Calligrapher\calligrapher_dataset\康里巎巎\仍-行-元-康里巎巎-14800.png,191,292,False,0.189,0.0,clean,none,direct_use,True
mccd_salvage,康里巎巎,行,再,G:\GitHub\DiT\MCCD\MCCD\MCCD-Calligrapher\calligrapher_dataset\康里巎巎\再-行-元-康里巎巎-28482.png,163,255,False,0.3099,0.0,clean,none,direct_use,True
mccd_salvage,康里巎巎,行,喋,G:\GitHub\DiT\MCCD\MCCD\MCCD-Calligrapher\calligrapher_dataset\康里巎巎\喋-行-元-康里巎巎-49930.png,200,238,False,0.1779,0.0012,clean,none,direct_use,True
mccd_salvage,康里巎巎,行,堅,G:\GitHub\DiT\MCCD\MCCD\MCCD-Calligrapher\calligrapher_dataset\康里巎巎\堅-行-元-康里巎巎-56125.png,223,285,False,0.2284,0.0007,clean,none,direct_use,True
mccd_salvage,康里巎巎,行,屈,G:\GitHub\DiT\MCCD\MCCD\MCCD-Calligrapher\calligrapher_dataset\康里巎巎\屈-行-元-康里巎巎-78119.png,169,267,False,0.4484,0.0,clean,none,direct_use,True
mccd_salvage,康里巎巎,行,州,G:\GitHub\DiT\MCCD\MCCD\MCCD-Calligrapher\calligrapher_dataset\康里巎巎\州-行-元-康里巎巎-81231.png,181,192,False,0.2246,0.0,clean,none,direct_use,True
mccd_salvage,康里巎巎,行,必,G:\GitHub\DiT\MCCD\MCCD\MCCD-Calligrapher\calligrapher_dataset\康里巎巎\必-行-元-康里巎巎-95401.png,250,178,False,0.344,0.0,clean,none,direct_use,True
mccd_salvage,康里巎巎,行,恃,G:\GitHub\DiT\MCCD\MCCD\MCCD-Calligrapher\calligrapher_dataset\康里巎巎\恃-行-元-康里巎巎-97016.png,211,304,False,0.2855,0.0,clean,none,direct_use,True
mccd_salvage,康里巎巎,行,恕,G:\GitHub\DiT\MCCD\MCCD\MCCD-Calligrapher\calligrapher_dataset\康里巎巎\恕-行-元-康里巎巎-97228.png,212,203,False,0.3502,0.0,clean,none,direct_use,True
mccd_salvage,康里巎巎,行,意,G:\GitHub\DiT\MCCD\MCCD\MCCD-Calligrapher\calligrapher_dataset\康里巎巎\意-行-元-康里巎巎-99725.png,194,258,False,0.3406,0.0,clean,none,direct_use,True
mccd_salvage,康里巎巎,行,拜,G:\GitHub\DiT\MCCD\MCCD\MCCD-Calligrapher\calligrapher_dataset\康里巎巎\拜-行-元-康里巎巎-5682.png,190,284,False,0.2415,0.0,clean,none,direct_use,True
mccd_salvage,康里巎巎,行,曉,G:\GitHub\DiT\MCCD\MCCD\MCCD-Calligrapher\calligrapher_dataset\康里巎巎\曉-行-元-康里巎巎-5536.png,224,237,False,0.3665,0.0,clean,none,direct_use,True
mccd_salvage,康里巎巎,行,書,G:\GitHub\DiT\MCCD\MCCD\MCCD-Calligrapher\calligrapher_dataset\康里巎巎\書-行-元-康里巎巎-6712.png,180,267,False,0.3532,0.0,clean,none,direct_use,True
mccd_salvage,康里巎巎,行,望,G:\GitHub\DiT\MCCD\MCCD\MCCD-Calligrapher\calligrapher_dataset\康里巎巎\望-行-元-康里巎巎-8861.png,157,274,False,0.265,0.0,clean,none,direct_use,True
mccd_salvage,康里巎巎,行,木,G:\GitHub\DiT\MCCD\MCCD\MCCD-Calligrapher\calligrapher_dataset\康里巎巎\木-行-元-康里巎巎-9291.png,271,225,False,0.233,0.0,clean,none,direct_use,True
mccd_salvage,康里巎巎,行,枻,G:\GitHub\DiT\MCCD\MCCD\MCCD-Calligrapher\calligrapher_dataset\康里巎巎\枻-行-元-康里巎巎-11770.png,205,236,False,0.3498,0.0,clean,none,direct_use,True
mccd_salvage,康里巎巎,行,江,G:\GitHub\DiT\MCCD\MCCD\MCCD-Calligrapher\calligrapher_dataset\康里巎巎\江-行-元-康里巎巎-25310.png,176,195,False,0.2516,0.0,clean,none,direct_use,True
mccd_salvage,康里巎巎,行,沐,G:\GitHub\DiT\MCCD\MCCD\MCCD-Calligrapher\calligrapher_dataset\康里巎巎\沐-行-元-康里巎巎-25849.png,221,212,False,0.3098,0.0,clean,none,direct_use,True
mccd_salvage,康里巎巎,行,法,G:\GitHub\DiT\MCCD\MCCD\MCCD-Calligrapher\calligrapher_dataset\康里巎巎\法-行-元-康里巎巎-26860.png,177,208,False,0.285,0.0,clean,none,direct_use,True
mccd_salvage,康里巎巎,行,波,G:\GitHub\DiT\MCCD\MCCD\MCCD-Calligrapher\calligrapher_dataset\康里巎巎\波-行-元-康里巎巎-27033.png,176,217,False,0.3682,0.0,clean,none,direct_use,True
mccd_salvage,康里巎巎,行,涣,G:\GitHub\DiT\MCCD\MCCD\MCCD-Calligrapher\calligrapher_dataset\康里巎巎\涣-行-元-康里巎巎-28963.png,169,224,False,0.2808,0.0,clean,none,direct_use,True
mccd_salvage,康里巎巎,行,游,G:\GitHub\DiT\MCCD\MCCD\MCCD-Calligrapher\calligrapher_dataset\康里巎巎\游-行-元-康里巎巎-30894.png,183,208,False,0.3981,0.0,clean,none,direct_use,True
mccd_salvage,康里巎巎,行,游,G:\GitHub\DiT\MCCD\MCCD\MCCD-Calligrapher\calligrapher_dataset\康里巎巎\游-行-元-康里巎巎-30895.png,248,278,False,0.3678,0.0,clean,none,direct_use,True
mccd_salvage,康里巎巎,行,煩,G:\GitHub\DiT\MCCD\MCCD\MCCD-Calligrapher\calligrapher_dataset\康里巎巎\煩-行-元-康里巎巎-37857.png,223,248,False,0.3433,0.0,clean,none,direct_use,True
mccd_salvage,康里巎巎,行,父,G:\GitHub\DiT\MCCD\MCCD\MCCD-Calligrapher\calligrapher_dataset\康里巎巎\父-行-元-康里巎巎-40198.png,234,230,False,0.3898,0.0,clean,none,direct_use,True
mccd_salvage,康里巎巎,行,玄,G:\GitHub\DiT\MCCD\MCCD\MCCD-Calligrapher\calligrapher_dataset\康里巎巎\玄-行-元-康里巎巎-43660.png,160,257,False,0.2774,0.0,clean,none,direct_use,True
mccd_salvage,康里巎巎,行,甚,G:\GitHub\DiT\MCCD\MCCD\MCCD-Calligrapher\calligrapher_dataset\康里巎巎\甚-行-元-康里巎巎-47087.png,165,289,False,0.3589,0.0009,clean,none,direct_use,True
mccd_salvage,康里巎巎,行,甚,G:\GitHub\DiT\MCCD\MCCD\MCCD-Calligrapher\calligrapher_dataset\康里巎巎\甚-行-元-康里巎巎-47088.png,157,244,False,0.3412,0.0,clean,none,direct_use,True
mccd_salvage,康里巎巎,行,畔,G:\GitHub\DiT\MCCD\MCCD\MCCD-Calligrapher\calligrapher_dataset\康里巎巎\畔-行-元-康里巎巎-49371.png,208,248,False,0.5301,0.0,clean,none,direct_use,True
mccd_salvage,康里巎巎,行,皓,G:\GitHub\DiT\MCCD\MCCD\MCCD-Calligrapher\calligrapher_dataset\康里巎巎\皓-行-元-康里巎巎-53924.png,202,243,False,0.422,0.0,clean,none,direct_use,True
mccd_salvage,康里巎巎,行,矣,G:\GitHub\DiT\MCCD\MCCD\MCCD-Calligrapher\calligrapher_dataset\康里巎巎\矣-行-元-康里巎巎-58541.png,174,302,False,0.3527,0.0,clean,none,direct_use,True
mccd_salvage,康里巎巎,行,移,G:\GitHub\DiT\MCCD\MCCD\MCCD-Calligrapher\calligrapher_dataset\康里巎巎\移-行-元-康里巎巎-63793.png,181,205,False,0.3898,0.0,clean,none,direct_use,True
mccd_salvage,康里巎巎,行,者,G:\GitHub\DiT\MCCD\MCCD\MCCD-Calligrapher\calligrapher_dataset\康里巎巎\者-行-元-康里巎巎-80201.png,158,245,False,0.2733,0.0,clean,none,direct_use,True
mccd_salvage,康里巎巎,行,者,G:\GitHub\DiT\MCCD\MCCD\MCCD-Calligrapher\calligrapher_dataset\康里巎巎\者-行-元-康里巎巎-80203.png,163,355,False,0.3124,0.0,clean,none,direct_use,True
mccd_salvage,康里巎巎,行,莞,G:\GitHub\DiT\MCCD\MCCD\MCCD-Calligrapher\calligrapher_dataset\康里巎巎\莞-行-元-康里巎巎-91880.png,168,255,False,0.363,0.0,clean,none,direct_use,True
mccd_salvage,康里巎巎,行,詩,G:\GitHub\DiT\MCCD\MCCD\MCCD-Calligrapher\calligrapher_dataset\康里巎巎\詩-行-元-康里巎巎-107751.png,235,355,False,0.3671,0.0,clean,none,direct_use,True
mccd_salvage,康里巎巎,行,麓,G:\GitHub\DiT\MCCD\MCCD\MCCD-Calligrapher\calligrapher_dataset\康里巎巎\麓-行-元-康里巎巎-157423.png,162,250,False,0.3829,0.0,clean,none,direct_use,True
mccd_salvage,张旭,楷,並,G:\GitHub\DiT\MCCD\MCCD\MCCD-Calligrapher\calligrapher_dataset\张旭\並-楷-唐-张旭-4487.png,262,239,False,0.2381,0.0,clean,none,direct_use,True
mccd_salvage,张旭,楷,也,G:\GitHub\DiT\MCCD\MCCD\MCCD-Calligrapher\calligrapher_dataset\张旭\也-楷-唐-张旭-严仁墓志-41.png,300,154,False,0.3234,0.0,clean,none,direct_use,True
mccd_salvage,张旭,楷,二,G:\GitHub\DiT\MCCD\MCCD\MCCD-Calligrapher\calligrapher_dataset\张旭\二-楷-唐-张旭-10265.png,286,185,False,0.2465,0.0317,clean,none,direct_use,True
mccd_salvage,张旭,楷,二,G:\GitHub\DiT\MCCD\MCCD\MCCD-Calligrapher\calligrapher_dataset\张旭\二-楷-唐-张旭-10269.png,283,115,False,0.1555,0.0002,clean,none,direct_use,True
mccd_salvage,张旭,楷,北,G:\GitHub\DiT\MCCD\MCCD\MCCD-Calligrapher\calligrapher_dataset\张旭\北-楷-唐-张旭-35053.png,240,203,False,0.1599,0.0058,clean,none,direct_use,True
mccd_salvage,张旭,楷,年,G:\GitHub\DiT\MCCD\MCCD\MCCD-Calligrapher\calligrapher_dataset\张旭\年-楷-唐-张旭-85232.png,250,295,False,0.2372,0.0197,clean,none,direct_use,True
mccd_salvage,张旭,楷,張,G:\GitHub\DiT\MCCD\MCCD\MCCD-Calligrapher\calligrapher_dataset\张旭\張-楷-唐-张旭-89897.png,230,236,True,0.3076,0.0214,inverted,inverted,invert_polarity,True
mccd_salvage,张旭,楷,張,G:\GitHub\DiT\MCCD\MCCD\MCCD-Calligrapher\calligrapher_dataset\张旭\張-楷-唐-张旭-89900.png,252,241,False,0.2138,0.0,clean,none,direct_use,True
mccd_salvage,张旭,楷,栖,G:\GitHub\DiT\MCCD\MCCD\MCCD-Calligrapher\calligrapher_dataset\张旭\栖-楷-唐-张旭-12539.png,292,256,False,0.266,0.0165,clean,none,direct_use,True
mccd_salvage,张旭,楷,豈,G:\GitHub\DiT\MCCD\MCCD\MCCD-Calligrapher\calligrapher_dataset\张旭\豈-楷-唐-张旭-112025.png,281,320,False,0.2669,0.0107,clean,none,direct_use,True
mccd_salvage,张旭,楷,陵,G:\GitHub\DiT\MCCD\MCCD\MCCD-Calligrapher\calligrapher_dataset\张旭\陵-楷-唐-张旭-138749.png,287,338,False,0.3299,0.0079,clean,none,direct_use,True
mccd_salvage,文徵明,行,一,G:\GitHub\DiT\MCCD\MCCD\MCCD-Calligrapher\calligrapher_dataset\文徵明\一-行-明-文徵明-472.png,277,74,False,0.4404,0.0,clean,none,direct_use,True
mccd_salvage,文徵明,行,一,G:\GitHub\DiT\MCCD\MCCD\MCCD-Calligrapher\calligrapher_dataset\文徵明\一-行-明-文徵明-473.png,196,88,False,0.5295,0.0,clean,none,direct_use,True
mccd_salvage,文徵明,行,上,G:\GitHub\DiT\MCCD\MCCD\MCCD-Calligrapher\calligrapher_dataset\文徵明\上-行-明-文徵明-1636.png,240,238,False,0.3516,0.0,clean,none,direct_use,True
mccd_salvage,文徵明,行,上,G:\GitHub\DiT\MCCD\MCCD\MCCD-Calligrapher\calligrapher_dataset\文徵明\上-行-明-文徵明-1637.png,195,189,False,0.4788,0.0,clean,none,direct_use,True
mccd_salvage,文徵明,行,中,G:\GitHub\DiT\MCCD\MCCD\MCCD-Calligrapher\calligrapher_dataset\文徵明\中-行-明-文徵明-4908.png,167,158,False,0.3703,0.0,clean,none,direct_use,True
mccd_salvage,文徵明,行,丹,G:\GitHub\DiT\MCCD\MCCD\MCCD-Calligrapher\calligrapher_dataset\文徵明\丹-行-明-文徵明-5170.png,214,200,False,0.3886,0.0,clean,none,direct_use,True
mccd_salvage,文徵明,行,主,G:\GitHub\DiT\MCCD\MCCD\MCCD-Calligrapher\calligrapher_dataset\文徵明\主-行-明-文徵明-5270.png,199,303,False,0.3985,0.0,clean,none,direct_use,True
mccd_salvage,文徵明,行,九,G:\GitHub\DiT\MCCD\MCCD\MCCD-Calligrapher\calligrapher_dataset\文徵明\九-行-明-文徵明-8198.png,228,217,False,0.3446,0.0,clean,none,direct_use,True
mccd_salvage,文徵明,行,也,G:\GitHub\DiT\MCCD\MCCD\MCCD-Calligrapher\calligrapher_dataset\文徵明\也-行-明-文徵明-8944.png,249,164,False,0.3306,0.0,clean,none,direct_use,True
mccd_salvage,文徵明,行,仲,G:\GitHub\DiT\MCCD\MCCD\MCCD-Calligrapher\calligrapher_dataset\文徵明\仲-行-明-文徵明-15942.png,197,198,False,0.3648,0.0,clean,none,direct_use,True
mccd_salvage,文徵明,行,俛,G:\GitHub\DiT\MCCD\MCCD\MCCD-Calligrapher\calligrapher_dataset\文徵明\俛-行-明-文徵明-19708.png,224,239,False,0.3794,0.0,clean,none,direct_use,True
mccd_salvage,文徵明,行,偶,G:\GitHub\DiT\MCCD\MCCD\MCCD-Calligrapher\calligrapher_dataset\文徵明\偶-行-明-文徵明-21489.png,195,159,False,0.3516,0.0,clean,none,direct_use,True
mccd_salvage,文徵明,行,冠,G:\GitHub\DiT\MCCD\MCCD\MCCD-Calligrapher\calligrapher_dataset\文徵明\冠-行-明-文徵明-28739.png,176,199,False,0.3764,0.0,clean,none,direct_use,True
mccd_salvage,文徵明,行,出,G:\GitHub\DiT\MCCD\MCCD\MCCD-Calligrapher\calligrapher_dataset\文徵明\出-行-明-文徵明-29987.png,164,168,False,0.4079,0.0,clean,none,direct_use,True
mccd_salvage,文徵明,行,十,G:\GitHub\DiT\MCCD\MCCD\MCCD-Calligrapher\calligrapher_dataset\文徵明\十-行-明-文徵明-35868.png,211,187,False,0.3699,0.0,clean,none,direct_use,True
mccd_salvage,文徵明,行,取,G:\GitHub\DiT\MCCD\MCCD\MCCD-Calligrapher\calligrapher_dataset\文徵明\取-行-明-文徵明-41078.png,239,244,False,0.3909,0.0,clean,none,direct_use,True
mccd_salvage,文徵明,隶,史,G:\GitHub\DiT\MCCD\MCCD\MCCD-Calligrapher\calligrapher_dataset\文徵明\史-隶-明-文徵明-42840.png,264,232,False,0.5215,0.0,clean,none,direct_use,True
mccd_salvage,文徵明,楷,哲,G:\GitHub\DiT\MCCD\MCCD\MCCD-Calligrapher\calligrapher_dataset\文徵明\哲-楷-明-文徵明-48621.png,229,264,False,0.2058,0.0,clean,none,direct_use,True
mccd_salvage,文徵明,行,在,G:\GitHub\DiT\MCCD\MCCD\MCCD-Calligrapher\calligrapher_dataset\文徵明\在-行-明-文徵明-54279.png,193,191,False,0.3469,0.0,clean,none,direct_use,True
mccd_salvage,文徵明,行,壬,G:\GitHub\DiT\MCCD\MCCD\MCCD-Calligrapher\calligrapher_dataset\文徵明\壬-行-明-文徵明-58197.png,165,251,False,0.4587,0.0,clean,none,direct_use,True
mccd_salvage,文徵明,行,壬,G:\GitHub\DiT\MCCD\MCCD\MCCD-Calligrapher\calligrapher_dataset\文徵明\壬-行-明-文徵明-58198.png,168,266,False,0.4523,0.0,clean,none,direct_use,True
mccd_salvage,文徵明,行,壬,G:\GitHub\DiT\MCCD\MCCD\MCCD-Calligrapher\calligrapher_dataset\文徵明\壬-行-明-文徵明-58200.png,188,328,False,0.4976,0.0,clean,none,direct_use,True
mccd_salvage,文徵明,行,奏,G:\GitHub\DiT\MCCD\MCCD\MCCD-Calligrapher\calligrapher_dataset\文徵明\奏-行-明-文徵明-62357.png,203,222,False,0.3099,0.0,clean,none,direct_use,True
mccd_salvage,文徵明,行,契,G:\GitHub\DiT\MCCD\MCCD\MCCD-Calligrapher\calligrapher_dataset\文徵明\契-行-明-文徵明-62399.png,209,256,False,0.3348,0.0,clean,none,direct_use,True
mccd_salvage,文徵明,行,子,G:\GitHub\DiT\MCCD\MCCD\MCCD-Calligrapher\calligrapher_dataset\文徵明\子-行-明-文徵明-67882.png,182,223,False,0.3333,0.0,clean,none,direct_use,True
mccd_salvage,文徵明,行,寒,G:\GitHub\DiT\MCCD\MCCD\MCCD-Calligrapher\calligrapher_dataset\文徵明\寒-行-明-文徵明-73501.png,257,241,False,0.2857,0.0,clean,none,direct_use,True
mccd_salvage,文徵明,行,工,G:\GitHub\DiT\MCCD\MCCD\MCCD-Calligrapher\calligrapher_dataset\文徵明\工-行-明-文徵明-81523.png,176,181,False,0.3666,0.0,clean,none,direct_use,True
mccd_salvage,文徵明,楷,巳,G:\GitHub\DiT\MCCD\MCCD\MCCD-Calligrapher\calligrapher_dataset\文徵明\巳-楷-明-文徵明-82518.png,230,183,False,0.4052,0.0,clean,none,direct_use,True
mccd_salvage,文徵明,行,弦,G:\GitHub\DiT\MCCD\MCCD\MCCD-Calligrapher\calligrapher_dataset\文徵明\弦-行-明-文徵明-89666.png,198,245,False,0.4755,0.0,clean,none,direct_use,True
mccd_salvage,文徵明,行,德,G:\GitHub\DiT\MCCD\MCCD\MCCD-Calligrapher\calligrapher_dataset\文徵明\德-行-明-文徵明-94781.png,235,206,False,0.3055,0.0,clean,none,direct_use,True
mccd_salvage,文徵明,行,德,G:\GitHub\DiT\MCCD\MCCD\MCCD-Calligrapher\calligrapher_dataset\文徵明\德-行-明-文徵明-94782.png,248,223,False,0.3961,0.0,clean,none,direct_use,True
mccd_salvage,文徵明,行,忘,G:\GitHub\DiT\MCCD\MCCD\MCCD-Calligrapher\calligrapher_dataset\文徵明\忘-行-明-文徵明-95815.png,244,261,False,0.3788,0.0,clean,none,direct_use,True
mccd_salvage,文徵明,行,明,G:\GitHub\DiT\MCCD\MCCD\MCCD-Calligrapher\calligrapher_dataset\文徵明\明-行-明-文徵明-2056.png,219,238,False,0.5455,0.0,clean,none,direct_use,True
mccd_salvage,文徵明,行,晦,G:\GitHub\DiT\MCCD\MCCD\MCCD-Calligrapher\calligrapher_dataset\文徵明\晦-行-明-文徵明-4520.png,213,198,False,0.3892,0.0,clean,none,direct_use,True
mccd_salvage,文徵明,行,暢,G:\GitHub\DiT\MCCD\MCCD\MCCD-Calligrapher\calligrapher_dataset\文徵明\暢-行-明-文徵明-5201.png,223,220,False,0.471,0.0,clean,none,direct_use,True
mccd_salvage,文徵明,行,曠,G:\GitHub\DiT\MCCD\MCCD\MCCD-Calligrapher\calligrapher_dataset\文徵明\曠-行-明-文徵明-5718.png,218,212,False,0.3982,0.0,clean,none,direct_use,True
mccd_salvage,文徵明,行,曲,G:\GitHub\DiT\MCCD\MCCD\MCCD-Calligrapher\calligrapher_dataset\文徵明\曲-行-明-文徵明-6319.png,230,221,False,0.5047,0.0,clean,none,direct_use,True
mccd_salvage,文徵明,行,書,G:\GitHub\DiT\MCCD\MCCD\MCCD-Calligrapher\calligrapher_dataset\文徵明\書-行-明-文徵明-6719.png,217,225,False,0.375,0.0,clean,none,direct_use,True
mccd_salvage,文徵明,行,服,G:\GitHub\DiT\MCCD\MCCD\MCCD-Calligrapher\calligrapher_dataset\文徵明\服-行-明-文徵明-8368.png,203,226,False,0.285,0.0,clean,none,direct_use,True
mccd_salvage,文徵明,隶,木,G:\GitHub\DiT\MCCD\MCCD\MCCD-Calligrapher\calligrapher_dataset\文徵明\木-隶-明-文徵明-9268.png,274,221,False,0.3654,0.0005,clean,none,direct_use,True
mccd_salvage,文徵明,行,泣,G:\GitHub\DiT\MCCD\MCCD\MCCD-Calligrapher\calligrapher_dataset\文徵明\泣-行-明-文徵明-27075.png,199,216,False,0.3855,0.0,clean,none,direct_use,True
mccd_salvage,文徵明,行,津,G:\GitHub\DiT\MCCD\MCCD\MCCD-Calligrapher\calligrapher_dataset\文徵明\津-行-明-文徵明-27677.png,217,254,False,0.3867,0.0007,clean,none,direct_use,True
mccd_salvage,文徵明,行,浦,G:\GitHub\DiT\MCCD\MCCD\MCCD-Calligrapher\calligrapher_dataset\文徵明\浦-行-明-文徵明-28231.png,243,243,False,0.4832,0.0,clean,none,direct_use,True
mccd_salvage,文徵明,行,海,G:\GitHub\DiT\MCCD\MCCD\MCCD-Calligrapher\calligrapher_dataset\文徵明\海-行-明-文徵明-28515.png,215,193,False,0.4498,0.0,clean,none,direct_use,True
mccd_salvage,文徵明,行,海,G:\GitHub\DiT\MCCD\MCCD\MCCD-Calligrapher\calligrapher_dataset\文徵明\海-行-明-文徵明-28518.png,213,220,False,0.3534,0.0033,clean,none,direct_use,True
mccd_salvage,文徵明,行,深,G:\GitHub\DiT\MCCD\MCCD\MCCD-Calligrapher\calligrapher_dataset\文徵明\深-行-明-文徵明-29726.png,164,196,False,0.483,0.0,clean,none,direct_use,True
mccd_salvage,文徵明,行,渚,G:\GitHub\DiT\MCCD\MCCD\MCCD-Calligrapher\calligrapher_dataset\文徵明\渚-行-明-文徵明-30477.png,221,249,False,0.5429,0.0001,clean,none,direct_use,True
mccd_salvage,文徵明,行,漏,G:\GitHub\DiT\MCCD\MCCD\MCCD-Calligrapher\calligrapher_dataset\文徵明\漏-行-明-文徵明-32472.png,206,201,False,0.4731,0.0003,clean,none,direct_use,True
mccd_salvage,文徵明,行,王,G:\GitHub\DiT\MCCD\MCCD\MCCD-Calligrapher\calligrapher_dataset\文徵明\王-行-明-文徵明-44439.png,163,187,False,0.394,0.0,clean,none,direct_use,True
mccd_salvage,文徵明,行,甚,G:\GitHub\DiT\MCCD\MCCD\MCCD-Calligrapher\calligrapher_dataset\文徵明\甚-行-明-文徵明-47091.png,232,281,False,0.3346,0.0002,clean,none,direct_use,True
mccd_salvage,文徵明,行,由,G:\GitHub\DiT\MCCD\MCCD\MCCD-Calligrapher\calligrapher_dataset\文徵明\由-行-明-文徵明-48453.png,248,206,False,0.5423,0.0,clean,none,direct_use,True
mccd_salvage,文徵明,行,甲,G:\GitHub\DiT\MCCD\MCCD\MCCD-Calligrapher\calligrapher_dataset\文徵明\甲-行-明-文徵明-48680.png,179,239,False,0.4538,0.0,clean,none,direct_use,True
mccd_salvage,文徵明,行,畫,G:\GitHub\DiT\MCCD\MCCD\MCCD-Calligrapher\calligrapher_dataset\文徵明\畫-行-明-文徵明-49902.png,238,211,False,0.4491,0.0,clean,none,direct_use,True
mccd_salvage,文徵明,楷,疚,G:\GitHub\DiT\MCCD\MCCD\MCCD-Calligrapher\calligrapher_dataset\文徵明\疚-楷-明-文徵明-50921.png,240,229,False,0.3082,0.0,clean,none,direct_use,True
mccd_salvage,文徵明,行,登,G:\GitHub\DiT\MCCD\MCCD\MCCD-Calligrapher\calligrapher_dataset\文徵明\登-行-明-文徵明-52657.png,242,193,False,0.3359,0.0,clean,none,direct_use,True
mccd_salvage,文徵明,行,百,G:\GitHub\DiT\MCCD\MCCD\MCCD-Calligrapher\calligrapher_dataset\文徵明\百-行-明-文徵明-53346.png,188,247,False,0.4954,0.0,clean,none,direct_use,True
mccd_salvage,文徵明,行,目,G:\GitHub\DiT\MCCD\MCCD\MCCD-Calligrapher\calligrapher_dataset\文徵明\目-行-明-文徵明-55549.png,154,181,False,0.5129,0.0,clean,none,direct_use,True
mccd_salvage,文徵明,行,眼,G:\GitHub\DiT\MCCD\MCCD\MCCD-Calligrapher\calligrapher_dataset\文徵明\眼-行-明-文徵明-57151.png,214,187,False,0.3706,0.0,clean,none,direct_use,True
mccd_salvage,文徵明,行,睡,G:\GitHub\DiT\MCCD\MCCD\MCCD-Calligrapher\calligrapher_dataset\文徵明\睡-行-明-文徵明-57498.png,259,205,False,0.4795,0.0,clean,none,direct_use,True
mccd_salvage,文徵明,行,睢,G:\GitHub\DiT\MCCD\MCCD\MCCD-Calligrapher\calligrapher_dataset\文徵明\睢-行-明-文徵明-57512.png,198,204,False,0.3746,0.0,clean,none,direct_use,True
mccd_salvage,文徵明,行,矣,G:\GitHub\DiT\MCCD\MCCD\MCCD-Calligrapher\calligrapher_dataset\文徵明\矣-行-明-文徵明-58544.png,185,252,False,0.4193,0.0003,clean,none,direct_use,True
mccd_salvage,文徵明,行,矣,G:\GitHub\DiT\MCCD\MCCD\MCCD-Calligrapher\calligrapher_dataset\文徵明\矣-行-明-文徵明-58546.png,192,268,False,0.441,0.0,clean,none,direct_use,True
mccd_salvage,文徵明,行,空,G:\GitHub\DiT\MCCD\MCCD\MCCD-Calligrapher\calligrapher_dataset\文徵明\空-行-明-文徵明-65279.png,232,258,False,0.353,0.0,clean,none,direct_use,True
mccd_salvage,文徵明,行,竹,G:\GitHub\DiT\MCCD\MCCD\MCCD-Calligrapher\calligrapher_dataset\文徵明\竹-行-明-文徵明-66964.png,249,233,False,0.3502,0.0,clean,none,direct_use,True
mccd_salvage,文徵明,行,竹,G:\GitHub\DiT\MCCD\MCCD\MCCD-Calligrapher\calligrapher_dataset\文徵明\竹-行-明-文徵明-66965.png,220,174,False,0.4532,0.0,clean,none,direct_use,True
mccd_salvage,文徵明,行,簿,G:\GitHub\DiT\MCCD\MCCD\MCCD-Calligrapher\calligrapher_dataset\文徵明\簿-行-明-文徵明-69339.png,190,332,False,0.3721,0.0,clean,none,direct_use,True
mccd_salvage,文徵明,行,絹,G:\GitHub\DiT\MCCD\MCCD\MCCD-Calligrapher\calligrapher_dataset\文徵明\絹-行-明-文徵明-72853.png,178,211,False,0.4473,0.0,clean,none,direct_use,True
mccd_salvage,文徵明,行,繡,G:\GitHub\DiT\MCCD\MCCD\MCCD-Calligrapher\calligrapher_dataset\文徵明\繡-行-明-文徵明-75383.png,227,256,False,0.5078,0.0,clean,none,direct_use,True
mccd_salvage,文徵明,行,羽,G:\GitHub\DiT\MCCD\MCCD\MCCD-Calligrapher\calligrapher_dataset\文徵明\羽-行-明-文徵明-78158.png,247,248,False,0.4746,0.0,clean,none,direct_use,True
mccd_salvage,文徵明,行,耶,G:\GitHub\DiT\MCCD\MCCD\MCCD-Calligrapher\calligrapher_dataset\文徵明\耶-行-明-文徵明-81323.png,201,256,False,0.4201,0.0,clean,none,direct_use,True
mccd_salvage,文徵明,行,腥,G:\GitHub\DiT\MCCD\MCCD\MCCD-Calligrapher\calligrapher_dataset\文徵明\腥-行-明-文徵明-84763.png,224,229,False,0.4955,0.0,clean,none,direct_use,True
mccd_salvage,文徵明,行,腹,G:\GitHub\DiT\MCCD\MCCD\MCCD-Calligrapher\calligrapher_dataset\文徵明\腹-行-明-文徵明-84985.png,231,246,False,0.437,0.0,clean,none,direct_use,True
mccd_salvage,文徵明,行,舟,G:\GitHub\DiT\MCCD\MCCD\MCCD-Calligrapher\calligrapher_dataset\文徵明\舟-行-明-文徵明-88542.png,201,264,False,0.3642,0.0,clean,none,direct_use,True
mccd_salvage,文徵明,行,舸,G:\GitHub\DiT\MCCD\MCCD\MCCD-Calligrapher\calligrapher_dataset\文徵明\舸-行-明-文徵明-88732.png,229,217,False,0.4241,0.0,clean,none,direct_use,True
mccd_salvage,文徵明,行,花,G:\GitHub\DiT\MCCD\MCCD\MCCD-Calligrapher\calligrapher_dataset\文徵明\花-行-明-文徵明-89674.png,259,257,False,0.4624,0.0,clean,none,direct_use,True
mccd_salvage,文徵明,行,號,G:\GitHub\DiT\MCCD\MCCD\MCCD-Calligrapher\calligrapher_dataset\文徵明\號-行-明-文徵明-98001.png,238,216,False,0.4439,0.0,clean,none,direct_use,True
mccd_salvage,文徵明,行,趙,G:\GitHub\DiT\MCCD\MCCD\MCCD-Calligrapher\calligrapher_dataset\文徵明\趙-行-明-文徵明-116759.png,230,200,False,0.4763,0.0,clean,none,direct_use,True
mccd_salvage,文徵明,行,辭,G:\GitHub\DiT\MCCD\MCCD\MCCD-Calligrapher\calligrapher_dataset\文徵明\辭-行-明-文徵明-121767.png,167,167,False,0.4296,0.0027,clean,none,direct_use,True
mccd_salvage,文徵明,行,通,G:\GitHub\DiT\MCCD\MCCD\MCCD-Calligrapher\calligrapher_dataset\文徵明\通-行-明-文徵明-123716.png,175,180,False,0.4073,0.0,clean,none,direct_use,True
mccd_salvage,文徵明,行,遷,G:\GitHub\DiT\MCCD\MCCD\MCCD-Calligrapher\calligrapher_dataset\文徵明\遷-行-明-文徵明-126122.png,195,210,False,0.3506,0.0008,clean,none,direct_use,True
mccd_salvage,文徵明,行,遷,G:\GitHub\DiT\MCCD\MCCD\MCCD-Calligrapher\calligrapher_dataset\文徵明\遷-行-明-文徵明-126123.png,190,236,False,0.3853,0.0,clean,none,direct_use,True
mccd_salvage,文徵明,行,鄉,G:\GitHub\DiT\MCCD\MCCD\MCCD-Calligrapher\calligrapher_dataset\文徵明\鄉-行-明-文徵明-128970.png,203,249,False,0.2933,0.0011,clean,none,direct_use,True
mccd_salvage,文徵明,行,鄉,G:\GitHub\DiT\MCCD\MCCD\MCCD-Calligrapher\calligrapher_dataset\文徵明\鄉-行-明-文徵明-128972.png,191,207,False,0.3611,0.0,clean,none,direct_use,True
mccd_salvage,文徵明,行,銷,G:\GitHub\DiT\MCCD\MCCD\MCCD-Calligrapher\calligrapher_dataset\文徵明\銷-行-明-文徵明-133092.png,243,252,False,0.395,0.0,clean,none,direct_use,True
mccd_salvage,文徵明,行,開,G:\GitHub\DiT\MCCD\MCCD\MCCD-Calligrapher\calligrapher_dataset\文徵明\開-行-明-文徵明-136234.png,246,271,False,0.4985,0.0,clean,none,direct_use,True
mccd_salvage,文徵明,行,間,G:\GitHub\DiT\MCCD\MCCD\MCCD-Calligrapher\calligrapher_dataset\文徵明\間-行-明-文徵明-136464.png,249,301,False,0.43,0.0,clean,none,direct_use,True
mccd_salvage,文徵明,行,間,G:\GitHub\DiT\MCCD\MCCD\MCCD-Calligrapher\calligrapher_dataset\文徵明\間-行-明-文徵明-136466.png,184,194,False,0.3468,0.0,clean,none,direct_use,True
mccd_salvage,文徵明,行,間,G:\GitHub\DiT\MCCD\MCCD\MCCD-Calligrapher\calligrapher_dataset\文徵明\間-行-明-文徵明-136468.png,221,231,False,0.5182,0.0001,clean,none,direct_use,True
mccd_salvage,文徵明,行,間,G:\GitHub\DiT\MCCD\MCCD\MCCD-Calligrapher\calligrapher_dataset\文徵明\間-行-明-文徵明-136469.png,208,235,False,0.4289,0.0007,clean,none,direct_use,True
mccd_salvage,文徵明,行,間,G:\GitHub\DiT\MCCD\MCCD\MCCD-Calligrapher\calligrapher_dataset\文徵明\間-行-明-文徵明-136471.png,214,207,False,0.4597,0.0,clean,none,direct_use,True
mccd_salvage,文徵明,隶,静,G:\GitHub\DiT\MCCD\MCCD\MCCD-Calligrapher\calligrapher_dataset\文徵明\静-隶-明-文徵明-143488.png,268,267,False,0.4739,0.0,clean,none,direct_use,True
mccd_salvage,智永,楷,㗛,G:\GitHub\DiT\MCCD\MCCD\MCCD-Calligrapher\calligrapher_dataset\智永\㗛-楷-隋-智永-162115.png,223,186,False,0.405,0.0011,clean,none,direct_use,True
mccd_salvage,智永,行,上,G:\GitHub\DiT\MCCD\MCCD\MCCD-Calligrapher\calligrapher_dataset\智永\上-行-隋-智永-1608.png,207,230,False,0.4455,0.0,clean,none,direct_use,True
mccd_salvage,智永,行,且,G:\GitHub\DiT\MCCD\MCCD\MCCD-Calligrapher\calligrapher_dataset\智永\且-行-隋-智永-3855.png,207,309,False,0.2456,0.0,clean,none,direct_use,True
mccd_salvage,智永,行,世,G:\GitHub\DiT\MCCD\MCCD\MCCD-Calligrapher\calligrapher_dataset\智永\世-行-隋-智永-4014.png,266,188,False,0.4486,0.0,clean,none,direct_use,True
mccd_salvage,智永,楷,主,G:\GitHub\DiT\MCCD\MCCD\MCCD-Calligrapher\calligrapher_dataset\智永\主-楷-隋-智永-5254.png,175,202,False,0.4506,0.0,clean,none,direct_use,True
mccd_salvage,智永,行,二,G:\GitHub\DiT\MCCD\MCCD\MCCD-Calligrapher\calligrapher_dataset\智永\二-行-隋-智永-10278.png,240,196,False,0.5049,0.0214,clean,none,direct_use,True
mccd_salvage,智永,行,云,G:\GitHub\DiT\MCCD\MCCD\MCCD-Calligrapher\calligrapher_dataset\智永\云-行-隋-智永-10773.png,201,259,False,0.4533,0.0,clean,none,direct_use,True
mccd_salvage,智永,楷,京,G:\GitHub\DiT\MCCD\MCCD\MCCD-Calligrapher\calligrapher_dataset\智永\京-楷-隋-智永-13059.png,245,258,False,0.3392,0.0,clean,none,direct_use,True
mccd_salvage,智永,行,京,G:\GitHub\DiT\MCCD\MCCD\MCCD-Calligrapher\calligrapher_dataset\智永\京-行-隋-智永-13072.png,195,276,False,0.4602,0.0,clean,none,direct_use,True
mccd_salvage,智永,行,任,G:\GitHub\DiT\MCCD\MCCD\MCCD-Calligrapher\calligrapher_dataset\智永\任-行-隋-智永-16077.png,251,234,False,0.4108,0.0,clean,none,direct_use,True
mccd_salvage,智永,行,伊,G:\GitHub\DiT\MCCD\MCCD\MCCD-Calligrapher\calligrapher_dataset\智永\伊-行-隋-智永-16249.png,234,235,False,0.4174,0.0,clean,none,direct_use,True
mccd_salvage,智永,行,伯,G:\GitHub\DiT\MCCD\MCCD\MCCD-Calligrapher\calligrapher_dataset\智永\伯-行-隋-智永-16717.png,266,256,False,0.3934,0.0,clean,none,direct_use,True
mccd_salvage,智永,行,佐,G:\GitHub\DiT\MCCD\MCCD\MCCD-Calligrapher\calligrapher_dataset\智永\佐-行-隋-智永-17255.png,186,200,False,0.4586,0.0,clean,none,direct_use,True
mccd_salvage,智永,楷,傅,G:\GitHub\DiT\MCCD\MCCD\MCCD-Calligrapher\calligrapher_dataset\智永\傅-楷-隋-智永-21630.png,208,223,False,0.4087,0.0,clean,none,direct_use,True
mccd_salvage,智永,楷,光,G:\GitHub\DiT\MCCD\MCCD\MCCD-Calligrapher\calligrapher_dataset\智永\光-楷-隋-智永-24557.png,247,234,False,0.3752,0.0,clean,none,direct_use,True
mccd_salvage,智永,行,入,G:\GitHub\DiT\MCCD\MCCD\MCCD-Calligrapher\calligrapher_dataset\智永\入-行-隋-智永-25438.png,209,151,False,0.3547,0.0,clean,none,direct_use,True
mccd_salvage,智永,行,典,G:\GitHub\DiT\MCCD\MCCD\MCCD-Calligrapher\calligrapher_dataset\智永\典-行-隋-智永-27747.png,241,222,False,0.3479,0.0,clean,none,direct_use,True
mccd_salvage,智永,行,典,G:\GitHub\DiT\MCCD\MCCD\MCCD-Calligrapher\calligrapher_dataset\智永\典-行-隋-智永-27748.png,208,260,False,0.1725,0.0009,clean,none,direct_use,True
mccd_salvage,智永,行,冬,G:\GitHub\DiT\MCCD\MCCD\MCCD-Calligrapher\calligrapher_dataset\智永\冬-行-隋-智永-28945.png,156,200,False,0.5167,0.0,clean,none,direct_use,True
mccd_salvage,智永,楷,出,G:\GitHub\DiT\MCCD\MCCD\MCCD-Calligrapher\calligrapher_dataset\智永\出-楷-隋-智永-29955.png,228,278,False,0.5202,0.0,clean,none,direct_use,True
mccd_salvage,智永,楷,分,G:\GitHub\DiT\MCCD\MCCD\MCCD-Calligrapher\calligrapher_dataset\智永\分-楷-隋-智永-30301.png,222,170,False,0.2284,0.0,clean,none,direct_use,True
mccd_salvage,智永,楷,利,G:\GitHub\DiT\MCCD\MCCD\MCCD-Calligrapher\calligrapher_dataset\智永\利-楷-隋-智永-31124.png,192,200,False,0.4,0.0004,clean,none,direct_use,True
mccd_salvage,智永,行,助,G:\GitHub\DiT\MCCD\MCCD\MCCD-Calligrapher\calligrapher_dataset\智永\助-行-隋-智永-33167.png,242,275,False,0.4739,0.0005,clean,none,direct_use,True
mccd_salvage,智永,行,勿,G:\GitHub\DiT\MCCD\MCCD\MCCD-Calligrapher\calligrapher_dataset\智永\勿-行-隋-智永-34500.png,243,256,False,0.5196,0.0,clean,none,direct_use,True
mccd_salvage,智永,楷,卑,G:\GitHub\DiT\MCCD\MCCD\MCCD-Calligrapher\calligrapher_dataset\智永\卑-楷-隋-智永-36627.png,177,233,False,0.381,0.0,clean,none,direct_use,True
mccd_salvage,智永,行,叛,G:\GitHub\DiT\MCCD\MCCD\MCCD-Calligrapher\calligrapher_dataset\智永\叛-行-隋-智永-41481.png,279,234,False,0.1888,0.001,clean,none,direct_use,True
mccd_salvage,智永,楷,口,G:\GitHub\DiT\MCCD\MCCD\MCCD-Calligrapher\calligrapher_dataset\智永\口-楷-隋-智永-41635.png,230,159,False,0.5007,0.0,clean,none,direct_use,True
mccd_salvage,智永,楷,右,G:\GitHub\DiT\MCCD\MCCD\MCCD-Calligrapher\calligrapher_dataset\智永\右-楷-隋-智永-43067.png,229,223,False,0.4462,0.0,clean,none,direct_use,True
mccd_salvage,智永,楷,名,G:\GitHub\DiT\MCCD\MCCD\MCCD-Calligrapher\calligrapher_dataset\智永\名-楷-隋-智永-44406.png,235,215,False,0.4758,0.0,clean,none,direct_use,True
mccd_salvage,智永,楷,君,G:\GitHub\DiT\MCCD\MCCD\MCCD-Calligrapher\calligrapher_dataset\智永\君-楷-隋-智永-45222.png,264,238,False,0.4973,0.0,clean,none,direct_use,True
mccd_salvage,智永,楷,善,G:\GitHub\DiT\MCCD\MCCD\MCCD-Calligrapher\calligrapher_dataset\智永\善-楷-隋-智永-49837.png,210,212,False,0.3712,0.0007,clean,none,direct_use,True
mccd_salvage,智永,楷,土,G:\GitHub\DiT\MCCD\MCCD\MCCD-Calligrapher\calligrapher_dataset\智永\土-楷-隋-智永-54076.png,221,209,False,0.3514,0.0,clean,none,direct_use,True
mccd_salvage,智永,行,土,G:\GitHub\DiT\MCCD\MCCD\MCCD-Calligrapher\calligrapher_dataset\智永\土-行-隋-智永-54086.png,185,187,False,0.4266,0.0,clean,none,direct_use,True
mccd_salvage,智永,楷,坐,G:\GitHub\DiT\MCCD\MCCD\MCCD-Calligrapher\calligrapher_dataset\智永\坐-楷-隋-智永-54701.png,174,178,False,0.4593,0.0,clean,none,direct_use,True
mccd_salvage,智永,楷,大,G:\GitHub\DiT\MCCD\MCCD\MCCD-Calligrapher\calligrapher_dataset\智永\大-楷-隋-智永-60498.png,199,206,False,0.3706,0.0,clean,none,direct_use,True
mccd_salvage,智永,行,好,G:\GitHub\DiT\MCCD\MCCD\MCCD-Calligrapher\calligrapher_dataset\智永\好-行-隋-智永-63571.png,210,160,False,0.5015,0.0,clean,none,direct_use,True
mccd_salvage,智永,行,姑,G:\GitHub\DiT\MCCD\MCCD\MCCD-Calligrapher\calligrapher_dataset\智永\姑-行-隋-智永-64789.png,221,168,False,0.4665,0.0,clean,none,direct_use,True
mccd_salvage,智永,楷,威,G:\GitHub\DiT\MCCD\MCCD\MCCD-Calligrapher\calligrapher_dataset\智永\威-楷-隋-智永-65549.png,236,231,False,0.4548,0.0,clean,none,direct_use,True
mccd_salvage,智永,楷,孝,G:\GitHub\DiT\MCCD\MCCD\MCCD-Calligrapher\calligrapher_dataset\智永\孝-楷-隋-智永-68450.png,168,202,False,0.3726,0.0,clean,none,direct_use,True
mccd_salvage,智永,楷,孤,G:\GitHub\DiT\MCCD\MCCD\MCCD-Calligrapher\calligrapher_dataset\智永\孤-楷-隋-智永-68870.png,194,139,False,0.4154,0.0,clean,none,direct_use,True
mccd_salvage,智永,楷,宙,G:\GitHub\DiT\MCCD\MCCD\MCCD-Calligrapher\calligrapher_dataset\智永\宙-楷-隋-智永-70909.png,262,241,False,0.479,0.0,clean,none,direct_use,True
mccd_salvage,智永,楷,宰,G:\GitHub\DiT\MCCD\MCCD\MCCD-Calligrapher\calligrapher_dataset\智永\宰-楷-隋-智永-72226.png,210,249,False,0.349,0.0,clean,none,direct_use,True
mccd_salvage,智永,楷,寸,G:\GitHub\DiT\MCCD\MCCD\MCCD-Calligrapher\calligrapher_dataset\智永\寸-楷-隋-智永-74844.png,249,221,False,0.289,0.0,clean,none,direct_use,True
mccd_salvage,智永,行,寸,G:\GitHub\DiT\MCCD\MCCD\MCCD-Calligrapher\calligrapher_dataset\智永\寸-行-隋-智永-74850.png,159,240,False,0.4446,0.0,clean,none,direct_use,True
mccd_salvage,智永,行,尹,G:\GitHub\DiT\MCCD\MCCD\MCCD-Calligrapher\calligrapher_dataset\智永\尹-行-隋-智永-77686.png,197,300,False,0.4059,0.0,clean,none,direct_use,True
mccd_salvage,智永,楷,居,G:\GitHub\DiT\MCCD\MCCD\MCCD-Calligrapher\calligrapher_dataset\智永\居-楷-隋-智永-77997.png,181,187,False,0.4444,0.0,clean,none,direct_use,True
mccd_salvage,智永,楷,左,G:\GitHub\DiT\MCCD\MCCD\MCCD-Calligrapher\calligrapher_dataset\智永\左-楷-隋-智永-81720.png,241,250,False,0.4135,0.0,clean,none,direct_use,True
mccd_salvage,智永,楷,已,G:\GitHub\DiT\MCCD\MCCD\MCCD-Calligrapher\calligrapher_dataset\智永\已-楷-隋-智永-82286.png,252,296,False,0.3657,0.0004,clean,none,direct_use,True
mccd_salvage,智永,楷,建,G:\GitHub\DiT\MCCD\MCCD\MCCD-Calligrapher\calligrapher_dataset\智永\建-楷-隋-智永-88047.png,283,253,False,0.4025,0.0,clean,none,direct_use,True
mccd_salvage,智永,楷,往,G:\GitHub\DiT\MCCD\MCCD\MCCD-Calligrapher\calligrapher_dataset\智永\往-楷-隋-智永-92510.png,191,194,False,0.3762,0.0,clean,none,direct_use,True
mccd_salvage,智永,行,性,G:\GitHub\DiT\MCCD\MCCD\MCCD-Calligrapher\calligrapher_dataset\智永\性-行-隋-智永-96768.png,239,218,False,0.4012,0.0,clean,none,direct_use,True
mccd_salvage,智永,楷,推,G:\GitHub\DiT\MCCD\MCCD\MCCD-Calligrapher\calligrapher_dataset\智永\推-楷-隋-智永-7259.png,207,219,False,0.5012,0.0,clean,none,direct_use,True
mccd_salvage,智永,楷,操,G:\GitHub\DiT\MCCD\MCCD\MCCD-Calligrapher\calligrapher_dataset\智永\操-楷-隋-智永-456.png,253,197,False,0.415,0.0,clean,none,direct_use,True
mccd_salvage,智永,楷,敕,G:\GitHub\DiT\MCCD\MCCD\MCCD-Calligrapher\calligrapher_dataset\智永\敕-楷-隋-智永-2423.png,211,224,False,0.4653,0.0,clean,none,direct_use,True
mccd_salvage,智永,楷,敢,G:\GitHub\DiT\MCCD\MCCD\MCCD-Calligrapher\calligrapher_dataset\智永\敢-楷-隋-智永-3076.png,236,172,False,0.3977,0.0004,clean,none,direct_use,True
mccd_salvage,智永,楷,敢,G:\GitHub\DiT\MCCD\MCCD\MCCD-Calligrapher\calligrapher_dataset\智永\敢-楷-隋-智永-3077.png,274,197,False,0.1415,0.0,clean,none,direct_use,True
mccd_salvage,智永,行,方,G:\GitHub\DiT\MCCD\MCCD\MCCD-Calligrapher\calligrapher_dataset\智永\方-行-隋-智永-5353.png,196,232,False,0.4804,0.0,clean,none,direct_use,True
mccd_salvage,智永,行,暎,G:\GitHub\DiT\MCCD\MCCD\MCCD-Calligrapher\calligrapher_dataset\智永\暎-行-隋-智永-5030.png,249,262,False,0.4788,0.0001,clean,none,direct_use,True
mccd_salvage,智永,楷,曜,G:\GitHub\DiT\MCCD\MCCD\MCCD-Calligrapher\calligrapher_dataset\智永\曜-楷-隋-智永-5658.png,171,191,False,0.4149,0.0,clean,none,direct_use,True
mccd_salvage,智永,楷,服,G:\GitHub\DiT\MCCD\MCCD\MCCD-Calligrapher\calligrapher_dataset\智永\服-楷-隋-智永-8353.png,184,155,False,0.4167,0.0,clean,none,direct_use,True
mccd_salvage,智永,楷,杜,G:\GitHub\DiT\MCCD\MCCD\MCCD-Calligrapher\calligrapher_dataset\智永\杜-楷-隋-智永-10435.png,241,194,False,0.3398,0.0,clean,none,direct_use,True
mccd_salvage,智永,行,桐,G:\GitHub\DiT\MCCD\MCCD\MCCD-Calligrapher\calligrapher_dataset\智永\桐-行-隋-智永-13105.png,251,196,False,0.4113,0.0,clean,none,direct_use,True
mccd_salvage,智永,行,梨,G:\GitHub\DiT\MCCD\MCCD\MCCD-Calligrapher\calligrapher_dataset\智永\梨-行-隋-智永-13703.png,250,304,False,0.2091,0.0015,clean,none,direct_use,True
mccd_salvage,智永,楷,楹,G:\GitHub\DiT\MCCD\MCCD\MCCD-Calligrapher\calligrapher_dataset\智永\楹-楷-隋-智永-15463.png,231,213,False,0.5404,0.0,clean,none,direct_use,True
mccd_salvage,智永,楷,槐,G:\GitHub\DiT\MCCD\MCCD\MCCD-Calligrapher\calligrapher_dataset\智永\槐-楷-隋-智永-15988.png,220,142,False,0.4087,0.0,clean,none,direct_use,True
mccd_salvage,智永,楷,歌,G:\GitHub\DiT\MCCD\MCCD\MCCD-Calligrapher\calligrapher_dataset\智永\歌-楷-隋-智永-18590.png,217,161,False,0.3808,0.0,clean,none,direct_use,True
mccd_salvage,智永,楷,歷,G:\GitHub\DiT\MCCD\MCCD\MCCD-Calligrapher\calligrapher_dataset\智永\歷-楷-隋-智永-20478.png,246,251,False,0.3746,0.0,clean,none,direct_use,True
mccd_salvage,智永,行,歷,G:\GitHub\DiT\MCCD\MCCD\MCCD-Calligrapher\calligrapher_dataset\智永\歷-行-隋-智永-20489.png,240,268,False,0.1663,0.0002,clean,none,direct_use,True
mccd_salvage,智永,楷,殊,G:\GitHub\DiT\MCCD\MCCD\MCCD-Calligrapher\calligrapher_dataset\智永\殊-楷-隋-智永-21051.png,196,179,False,0.3932,0.0,clean,none,direct_use,True
mccd_salvage,智永,楷,毎,G:\GitHub\DiT\MCCD\MCCD\MCCD-Calligrapher\calligrapher_dataset\智永\毎-楷-隋-智永-22445.png,225,204,False,0.369,0.0004,clean,none,direct_use,True
mccd_salvage,智永,楷,比,G:\GitHub\DiT\MCCD\MCCD\MCCD-Calligrapher\calligrapher_dataset\智永\比-楷-隋-智永-22831.png,232,194,False,0.408,0.0,clean,none,direct_use,True
mccd_salvage,智永,楷,沙,G:\GitHub\DiT\MCCD\MCCD\MCCD-Calligrapher\calligrapher_dataset\智永\沙-楷-隋-智永-25990.png,212,207,False,0.3418,0.0,clean,none,direct_use,True
mccd_salvage,智永,楷,海,G:\GitHub\DiT\MCCD\MCCD\MCCD-Calligrapher\calligrapher_dataset\智永\海-楷-隋-智永-28488.png,177,163,False,0.4431,0.0,clean,none,direct_use,True
mccd_salvage,智永,楷,深,G:\GitHub\DiT\MCCD\MCCD\MCCD-Calligrapher\calligrapher_dataset\智永\深-楷-隋-智永-29684.png,247,224,False,0.4256,0.0002,clean,none,direct_use,True
mccd_salvage,智永,楷,為,G:\GitHub\DiT\MCCD\MCCD\MCCD-Calligrapher\calligrapher_dataset\智永\為-楷-隋-智永-36068.png,253,278,False,0.4263,0.0,clean,none,direct_use,True
mccd_salvage,智永,楷,熱,G:\GitHub\DiT\MCCD\MCCD\MCCD-Calligrapher\calligrapher_dataset\智永\熱-楷-隋-智永-38213.png,252,218,False,0.4824,0.0,clean,none,direct_use,True
mccd_salvage,智永,楷,爲,G:\GitHub\DiT\MCCD\MCCD\MCCD-Calligrapher\calligrapher_dataset\智永\爲-楷-隋-智永-39788.png,253,278,False,0.4263,0.0,clean,none,direct_use,True
mccd_salvage,智永,楷,猷,G:\GitHub\DiT\MCCD\MCCD\MCCD-Calligrapher\calligrapher_dataset\智永\猷-楷-隋-智永-42811.png,197,135,False,0.3458,0.0,clean,none,direct_use,True
mccd_salvage,智永,楷,玄,G:\GitHub\DiT\MCCD\MCCD\MCCD-Calligrapher\calligrapher_dataset\智永\玄-楷-隋-智永-43641.png,268,238,False,0.3611,0.0,clean,none,direct_use,True
mccd_salvage,智永,楷,玉,G:\GitHub\DiT\MCCD\MCCD\MCCD-Calligrapher\calligrapher_dataset\智永\玉-楷-隋-智永-43935.png,195,217,False,0.5155,0.0,clean,none,direct_use,True
mccd_salvage,智永,行,玉,G:\GitHub\DiT\MCCD\MCCD\MCCD-Calligrapher\calligrapher_dataset\智永\玉-行-隋-智永-43944.png,199,256,False,0.4095,0.0,clean,none,direct_use,True
mccd_salvage,智永,楷,王,G:\GitHub\DiT\MCCD\MCCD\MCCD-Calligrapher\calligrapher_dataset\智永\王-楷-隋-智永-44408.png,221,256,False,0.4573,0.0,clean,none,direct_use,True
mccd_salvage,智永,行,理,G:\GitHub\DiT\MCCD\MCCD\MCCD-Calligrapher\calligrapher_dataset\智永\理-行-隋-智永-45213.png,273,292,False,0.5376,0.0,clean,none,direct_use,True
mccd_salvage,智永,楷,生,G:\GitHub\DiT\MCCD\MCCD\MCCD-Calligrapher\calligrapher_dataset\智永\生-楷-隋-智永-47501.png,184,242,False,0.4954,0.0,clean,none,direct_use,True
mccd_salvage,智永,楷,甲,G:\GitHub\DiT\MCCD\MCCD\MCCD-Calligrapher\calligrapher_dataset\智永\甲-楷-隋-智永-48669.png,207,189,False,0.3167,0.0,clean,none,direct_use,True
mccd_salvage,智永,行,甲,G:\GitHub\DiT\MCCD\MCCD\MCCD-Calligrapher\calligrapher_dataset\智永\甲-行-隋-智永-48675.png,244,333,False,0.4451,0.0,clean,none,direct_use,True
mccd_salvage,智永,楷,男,G:\GitHub\DiT\MCCD\MCCD\MCCD-Calligrapher\calligrapher_dataset\智永\男-楷-隋-智永-48988.png,244,330,False,0.4771,0.0,clean,none,direct_use,True
mccd_salvage,智永,楷,男,G:\GitHub\DiT\MCCD\MCCD\MCCD-Calligrapher\calligrapher_dataset\智永\男-楷-隋-智永-48995.png,174,225,False,0.4664,0.0,clean,none,direct_use,True
mccd_salvage,智永,楷,畫,G:\GitHub\DiT\MCCD\MCCD\MCCD-Calligrapher\calligrapher_dataset\智永\畫-楷-隋-智永-49885.png,248,257,False,0.4322,0.0001,clean,none,direct_use,True
mccd_salvage,智永,楷,白,G:\GitHub\DiT\MCCD\MCCD\MCCD-Calligrapher\calligrapher_dataset\智永\白-楷-隋-智永-53075.png,229,203,False,0.5092,0.0,clean,none,direct_use,True
mccd_salvage,智永,行,白,G:\GitHub\DiT\MCCD\MCCD\MCCD-Calligrapher\calligrapher_dataset\智永\白-行-隋-智永-53099.png,198,299,False,0.2173,0.0,clean,none,direct_use,True
mccd_salvage,智永,楷,百,G:\GitHub\DiT\MCCD\MCCD\MCCD-Calligrapher\calligrapher_dataset\智永\百-楷-隋-智永-53312.png,236,183,False,0.4387,0.0,clean,none,direct_use,True
mccd_salvage,智永,行,百,G:\GitHub\DiT\MCCD\MCCD\MCCD-Calligrapher\calligrapher_dataset\智永\百-行-隋-智永-53328.png,283,293,False,0.2332,0.0,clean,none,direct_use,True
mccd_salvage,智永,楷,盛,G:\GitHub\DiT\MCCD\MCCD\MCCD-Calligrapher\calligrapher_dataset\智永\盛-楷-隋-智永-54725.png,178,177,False,0.4855,0.0,clean,none,direct_use,True
mccd_salvage,智永,楷,相,G:\GitHub\DiT\MCCD\MCCD\MCCD-Calligrapher\calligrapher_dataset\智永\相-楷-隋-智永-55902.png,230,194,False,0.4012,0.0,clean,none,direct_use,True
mccd_salvage,智永,楷,省,G:\GitHub\DiT\MCCD\MCCD\MCCD-Calligrapher\calligrapher_dataset\智永\省-楷-隋-智永-56183.png,190,197,False,0.4213,0.0,clean,none,direct_use,True
mccd_salvage,智永,行,眺,G:\GitHub\DiT\MCCD\MCCD\MCCD-Calligrapher\calligrapher_dataset\智永\眺-行-隋-智永-57113.png,253,176,False,0.4661,0.0,clean,none,direct_use,True
mccd_salvage,智永,楷,矯,G:\GitHub\DiT\MCCD\MCCD\MCCD-Calligrapher\calligrapher_dataset\智永\矯-楷-隋-智永-58873.png,212,175,False,0.3868,0.0,clean,none,direct_use,True
mccd_salvage,智永,行,祀,G:\GitHub\DiT\MCCD\MCCD\MCCD-Calligrapher\calligrapher_dataset\智永\祀-行-隋-智永-60850.png,233,173,False,0.4109,0.0,clean,none,direct_use,True
mccd_salvage,智永,楷,祜,G:\GitHub\DiT\MCCD\MCCD\MCCD-Calligrapher\calligrapher_dataset\智永\祜-楷-隋-智永-61248.png,241,184,False,0.4313,0.0,clean,none,direct_use,True
mccd_salvage,智永,行,祜,G:\GitHub\DiT\MCCD\MCCD\MCCD-Calligrapher\calligrapher_dataset\智永\祜-行-隋-智永-61254.png,267,262,False,0.2455,0.0,clean,none,direct_use,True
mccd_salvage,智永,楷,福,G:\GitHub\DiT\MCCD\MCCD\MCCD-Calligrapher\calligrapher_dataset\智永\福-楷-隋-智永-62154.png,168,150,False,0.4991,0.0,clean,none,direct_use,True
mccd_salvage,智永,楷,禪,G:\GitHub\DiT\MCCD\MCCD\MCCD-Calligrapher\calligrapher_dataset\智永\禪-楷-隋-智永-62369.png,250,233,False,0.4476,0.0,clean,none,direct_use,True
mccd_salvage,智永,楷,立,G:\GitHub\DiT\MCCD\MCCD\MCCD-Calligrapher\calligrapher_dataset\智永\立-楷-隋-智永-66152.png,194,190,False,0.4003,0.0,clean,none,direct_use,True
mccd_salvage,智永,楷,章,G:\GitHub\DiT\MCCD\MCCD\MCCD-Calligrapher\calligrapher_dataset\智永\章-楷-隋-智永-66465.png,171,219,False,0.3061,0.0,clean,none,direct_use,True
mccd_salvage,智永,楷,笙,G:\GitHub\DiT\MCCD\MCCD\MCCD-Calligrapher\calligrapher_dataset\智永\笙-楷-隋-智永-67170.png,173,220,False,0.4724,0.0,clean,none,direct_use,True
mccd_salvage,智永,楷,箴,G:\GitHub\DiT\MCCD\MCCD\MCCD-Calligrapher\calligrapher_dataset\智永\箴-楷-隋-智永-68333.png,228,274,False,0.4126,0.0,clean,none,direct_use,True
mccd_salvage,智永,楷,約,G:\GitHub\DiT\MCCD\MCCD\MCCD-Calligrapher\calligrapher_dataset\智永\約-楷-隋-智永-70686.png,206,179,False,0.3799,0.0,clean,none,direct_use,True
mccd_salvage,智永,楷,紙,G:\GitHub\DiT\MCCD\MCCD\MCCD-Calligrapher\calligrapher_dataset\智永\紙-楷-隋-智永-71070.png,262,240,False,0.3827,0.0,clean,none,direct_use,True
mccd_salvage,智永,楷,素,G:\GitHub\DiT\MCCD\MCCD\MCCD-Calligrapher\calligrapher_dataset\智永\素-楷-隋-智永-71247.png,159,246,False,0.4123,0.0,clean,none,direct_use,True
mccd_salvage,智永,楷,紫,G:\GitHub\DiT\MCCD\MCCD\MCCD-Calligrapher\calligrapher_dataset\智永\紫-楷-隋-智永-71598.png,221,231,False,0.4741,0.0002,clean,none,direct_use,True
mccd_salvage,智永,楷,累,G:\GitHub\DiT\MCCD\MCCD\MCCD-Calligrapher\calligrapher_dataset\智永\累-楷-隋-智永-71665.png,199,269,False,0.5018,0.0,clean,none,direct_use,True
mccd_salvage,智永,楷,組,G:\GitHub\DiT\MCCD\MCCD\MCCD-Calligrapher\calligrapher_dataset\智永\組-楷-隋-智永-72079.png,252,197,False,0.4485,0.0,clean,none,direct_use,True
mccd_salvage,智永,楷,絜,G:\GitHub\DiT\MCCD\MCCD\MCCD-Calligrapher\calligrapher_dataset\智永\絜-楷-隋-智永-72364.png,179,219,False,0.5236,0.0,clean,none,direct_use,True
mccd_salvage,智永,楷,給,G:\GitHub\DiT\MCCD\MCCD\MCCD-Calligrapher\calligrapher_dataset\智永\給-楷-隋-智永-72471.png,271,218,False,0.4479,0.0,clean,none,direct_use,True
mccd_salvage,智永,楷,絲,G:\GitHub\DiT\MCCD\MCCD\MCCD-Calligrapher\calligrapher_dataset\智永\絲-楷-隋-智永-72682.png,225,194,False,0.4686,0.0,clean,none,direct_use,True
mccd_salvage,智永,楷,綏,G:\GitHub\DiT\MCCD\MCCD\MCCD-Calligrapher\calligrapher_dataset\智永\綏-楷-隋-智永-73007.png,268,198,False,0.481,0.0,clean,none,direct_use,True
mccd_salvage,智永,楷,綵,G:\GitHub\DiT\MCCD\MCCD\MCCD-Calligrapher\calligrapher_dataset\智永\綵-楷-隋-智永-73515.png,209,170,False,0.4091,0.0,clean,none,direct_use,True
mccd_salvage,智永,楷,義,G:\GitHub\DiT\MCCD\MCCD\MCCD-Calligrapher\calligrapher_dataset\智永\義-楷-隋-智永-77803.png,202,265,False,0.3715,0.0,clean,none,direct_use,True
mccd_salvage,智永,楷,老,G:\GitHub\DiT\MCCD\MCCD\MCCD-Calligrapher\calligrapher_dataset\智永\老-楷-隋-智永-79224.png,187,213,False,0.3716,0.0,clean,none,direct_use,True
mccd_salvage,智永,楷,荘,G:\GitHub\DiT\MCCD\MCCD\MCCD-Calligrapher\calligrapher_dataset\智永\荘-楷-隋-智永-91518.png,189,167,False,0.4028,0.0,clean,none,direct_use,True
mccd_salvage,智永,楷,莊,G:\GitHub\DiT\MCCD\MCCD\MCCD-Calligrapher\calligrapher_dataset\智永\莊-楷-隋-智永-91725.png,189,167,False,0.4028,0.0,clean,none,direct_use,True
mccd_salvage,智永,楷,西,G:\GitHub\DiT\MCCD\MCCD\MCCD-Calligrapher\calligrapher_dataset\智永\西-楷-隋-智永-104080.png,252,195,False,0.5226,0.0,clean,none,direct_use,True
mccd_salvage,智永,楷,訓,G:\GitHub\DiT\MCCD\MCCD\MCCD-Calligrapher\calligrapher_dataset\智永\訓-楷-隋-智永-106481.png,263,160,False,0.2779,0.0,clean,none,direct_use,True
mccd_salvage,智永,行,訓,G:\GitHub\DiT\MCCD\MCCD\MCCD-Calligrapher\calligrapher_dataset\智永\訓-行-隋-智永-106490.png,287,177,False,0.1282,0.0038,clean,none,direct_use,True
mccd_salvage,智永,楷,誡,G:\GitHub\DiT\MCCD\MCCD\MCCD-Calligrapher\calligrapher_dataset\智永\誡-楷-隋-智永-108483.png,268,221,False,0.3165,0.0,clean,none,direct_use,True
mccd_salvage,智永,楷,賤,G:\GitHub\DiT\MCCD\MCCD\MCCD-Calligrapher\calligrapher_dataset\智永\賤-楷-隋-智永-115183.png,217,250,False,0.382,0.0,clean,none,direct_use,True
mccd_salvage,智永,楷,輕,G:\GitHub\DiT\MCCD\MCCD\MCCD-Calligrapher\calligrapher_dataset\智永\輕-楷-隋-智永-119949.png,265,229,False,0.4135,0.0,clean,none,direct_use,True
mccd_salvage,智永,楷,達,G:\GitHub\DiT\MCCD\MCCD\MCCD-Calligrapher\calligrapher_dataset\智永\達-楷-隋-智永-125296.png,213,209,False,0.2991,0.0,clean,none,direct_use,True
mccd_salvage,智永,楷,遵,G:\GitHub\DiT\MCCD\MCCD\MCCD-Calligrapher\calligrapher_dataset\智永\遵-楷-隋-智永-126043.png,220,254,False,0.3566,0.0005,clean,none,direct_use,True
mccd_salvage,智永,楷,釣,G:\GitHub\DiT\MCCD\MCCD\MCCD-Calligrapher\calligrapher_dataset\智永\釣-楷-隋-智永-131983.png,258,206,False,0.4127,0.0,clean,none,direct_use,True
mccd_salvage,智永,楷,銀,G:\GitHub\DiT\MCCD\MCCD\MCCD-Calligrapher\calligrapher_dataset\智永\銀-楷-隋-智永-132720.png,250,185,False,0.4323,0.0,clean,none,direct_use,True
mccd_salvage,智永,楷,門,G:\GitHub\DiT\MCCD\MCCD\MCCD-Calligrapher\calligrapher_dataset\智永\門-楷-隋-智永-136017.png,210,258,False,0.3387,0.0,clean,none,direct_use,True
mccd_salvage,智永,楷,雞,G:\GitHub\DiT\MCCD\MCCD\MCCD-Calligrapher\calligrapher_dataset\智永\雞-楷-隋-智永-141230.png,230,218,False,0.4283,0.0,clean,none,direct_use,True
mccd_salvage,智永,楷,雲,G:\GitHub\DiT\MCCD\MCCD\MCCD-Calligrapher\calligrapher_dataset\智永\雲-楷-隋-智永-141927.png,190,200,False,0.4886,0.0,clean,none,direct_use,True
mccd_salvage,智永,行,雲,G:\GitHub\DiT\MCCD\MCCD\MCCD-Calligrapher\calligrapher_dataset\智永\雲-行-隋-智永-141941.png,171,221,False,0.4042,0.0,clean,none,direct_use,True
mccd_salvage,智永,楷,露,G:\GitHub\DiT\MCCD\MCCD\MCCD-Calligrapher\calligrapher_dataset\智永\露-楷-隋-智永-142757.png,245,240,False,0.4435,0.0,clean,none,direct_use,True
mccd_salvage,智永,行,音,G:\GitHub\DiT\MCCD\MCCD\MCCD-Calligrapher\calligrapher_dataset\智永\音-行-隋-智永-145237.png,164,233,False,0.4395,0.0,clean,none,direct_use,True
mccd_salvage,智永,楷,養,G:\GitHub\DiT\MCCD\MCCD\MCCD-Calligrapher\calligrapher_dataset\智永\養-楷-隋-智永-148516.png,241,259,False,0.3898,0.0001,clean,none,direct_use,True
mccd_salvage,智永,楷,黎,G:\GitHub\DiT\MCCD\MCCD\MCCD-Calligrapher\calligrapher_dataset\智永\黎-楷-隋-智永-158732.png,228,236,False,0.5268,0.0,clean,none,direct_use,True
mccd_salvage,朱耷,行,但,G:\GitHub\DiT\MCCD\MCCD\MCCD-Calligrapher\calligrapher_dataset\朱耷\但-行-明-朱耷-16997.png,210,210,False,0.4712,0.0,clean,none,direct_use,True
mccd_salvage,朱耷,行,北,G:\GitHub\DiT\MCCD\MCCD\MCCD-Calligrapher\calligrapher_dataset\朱耷\北-行-明-朱耷-35059.png,212,157,False,0.3424,0.0,clean,none,direct_use,True
mccd_salvage,朱耷,行,北,G:\GitHub\DiT\MCCD\MCCD\MCCD-Calligrapher\calligrapher_dataset\朱耷\北-行-明-朱耷-35061.png,259,217,False,0.3192,0.0,clean,none,direct_use,True
mccd_salvage,朱耷,行,己,G:\GitHub\DiT\MCCD\MCCD\MCCD-Calligrapher\calligrapher_dataset\朱耷\己-行-明-朱耷-82234.png,227,214,False,0.3439,0.0002,clean,none,direct_use,True
mccd_salvage,朱耷,行,朝,G:\GitHub\DiT\MCCD\MCCD\MCCD-Calligrapher\calligrapher_dataset\朱耷\朝-行-明-朱耷-8971.png,239,246,False,0.4142,0.0,clean,none,direct_use,True
mccd_salvage,朱耷,行,繁,G:\GitHub\DiT\MCCD\MCCD\MCCD-Calligrapher\calligrapher_dataset\朱耷\繁-行-明-朱耷-75047.png,227,219,False,0.4274,0.0,clean,none,direct_use,True
mccd_salvage,朱耷,楷,解,G:\GitHub\DiT\MCCD\MCCD\MCCD-Calligrapher\calligrapher_dataset\朱耷\解-楷-清-朱耷-105611.png,246,297,False,0.3227,0.0,clean,none,direct_use,True
mccd_salvage,李邕,楷,伯,G:\GitHub\DiT\MCCD\MCCD\MCCD-Calligrapher\calligrapher_dataset\李邕\伯-楷-唐-李邕-16700.png,268,244,False,0.3309,0.0,clean,none,direct_use,True
mccd_salvage,李邕,楷,依,G:\GitHub\DiT\MCCD\MCCD\MCCD-Calligrapher\calligrapher_dataset\李邕\依-楷-唐-李邕-18896.png,261,245,False,0.3438,0.0,clean,none,direct_use,True
mccd_salvage,李邕,行,依,G:\GitHub\DiT\MCCD\MCCD\MCCD-Calligrapher\calligrapher_dataset\李邕\依-行-唐-李邕-18902.png,286,266,False,0.2539,0.0009,clean,none,direct_use,True
mccd_salvage,李邕,楷,劣,G:\GitHub\DiT\MCCD\MCCD\MCCD-Calligrapher\calligrapher_dataset\李邕\劣-楷-唐-李邕-出师表-21.png,172,274,False,0.326,0.0003,clean,none,direct_use,True
mccd_salvage,李邕,楷,十,G:\GitHub\DiT\MCCD\MCCD\MCCD-Calligrapher\calligrapher_dataset\李邕\十-楷-唐-李邕-35839.png,283,229,False,0.2643,0.0,clean,none,direct_use,True
mccd_salvage,李邕,行,十,G:\GitHub\DiT\MCCD\MCCD\MCCD-Calligrapher\calligrapher_dataset\李邕\十-行-唐-李邕-35860.png,262,290,False,0.1961,0.0038,clean,none,direct_use,True
mccd_salvage,李邕,楷,天,G:\GitHub\DiT\MCCD\MCCD\MCCD-Calligrapher\calligrapher_dataset\李邕\天-楷-唐-李邕-61010.png,260,246,False,0.2242,0.0002,clean,none,direct_use,True
mccd_salvage,李邕,楷,寧,G:\GitHub\DiT\MCCD\MCCD\MCCD-Calligrapher\calligrapher_dataset\李邕\寧-楷-唐-李邕-74285.png,195,353,False,0.2225,0.0019,clean,none,direct_use,True
mccd_salvage,李邕,楷,己,G:\GitHub\DiT\MCCD\MCCD\MCCD-Calligrapher\calligrapher_dataset\李邕\己-楷-唐-李邕-82211.png,251,254,False,0.4056,0.0,clean,none,direct_use,True
mccd_salvage,李邕,行,文,G:\GitHub\DiT\MCCD\MCCD\MCCD-Calligrapher\calligrapher_dataset\李邕\文-行-唐-李邕-4257.png,290,251,False,0.1569,0.0012,clean,none,direct_use,True
mccd_salvage,李邕,行,監,G:\GitHub\DiT\MCCD\MCCD\MCCD-Calligrapher\calligrapher_dataset\李邕\監-行-唐-李邕-55177.png,282,360,False,0.3675,0.004,clean,none,direct_use,True
mccd_salvage,李邕,行,竹,G:\GitHub\DiT\MCCD\MCCD\MCCD-Calligrapher\calligrapher_dataset\李邕\竹-行-唐-李邕-66953.png,281,267,False,0.1882,0.0032,clean,none,direct_use,True
mccd_salvage,李邕,楷,者,G:\GitHub\DiT\MCCD\MCCD\MCCD-Calligrapher\calligrapher_dataset\李邕\者-楷-唐-李邕-80154.png,265,334,False,0.3191,0.0,clean,none,direct_use,True
mccd_salvage,李邕,行,者,G:\GitHub\DiT\MCCD\MCCD\MCCD-Calligrapher\calligrapher_dataset\李邕\者-行-唐-李邕-80169.png,258,390,False,0.3071,0.0037,clean,none,direct_use,True
mccd_salvage,李邕,行,者,G:\GitHub\DiT\MCCD\MCCD\MCCD-Calligrapher\calligrapher_dataset\李邕\者-行-唐-李邕-80171.png,269,311,False,0.1696,0.0032,clean,none,direct_use,True
mccd_salvage,李邕,行,者,G:\GitHub\DiT\MCCD\MCCD\MCCD-Calligrapher\calligrapher_dataset\李邕\者-行-唐-李邕-80177.png,265,318,False,0.1558,0.0,clean,none,direct_use,True
mccd_salvage,李邕,行,者,G:\GitHub\DiT\MCCD\MCCD\MCCD-Calligrapher\calligrapher_dataset\李邕\者-行-唐-李邕-80179.png,285,345,False,0.1299,0.0029,clean,none,direct_use,True
mccd_salvage,李邕,楷,良,G:\GitHub\DiT\MCCD\MCCD\MCCD-Calligrapher\calligrapher_dataset\李邕\良-楷-唐-李邕-89066.png,286,313,False,0.3373,0.0001,clean,none,direct_use,True
mccd_salvage,李邕,行,豈,G:\GitHub\DiT\MCCD\MCCD\MCCD-Calligrapher\calligrapher_dataset\李邕\豈-行-唐-李邕-112036.png,232,364,False,0.1495,0.0005,clean,none,direct_use,True
mccd_salvage,李邕,楷,鎭,G:\GitHub\DiT\MCCD\MCCD\MCCD-Calligrapher\calligrapher_dataset\李邕\鎭-楷-唐-李邕-134373.png,268,268,False,0.3884,0.0049,clean,none,direct_use,True
mccd_salvage,李邕,行,鎭,G:\GitHub\DiT\MCCD\MCCD\MCCD-Calligrapher\calligrapher_dataset\李邕\鎭-行-唐-李邕-134378.png,272,255,False,0.1253,0.003,clean,none,direct_use,True
mccd_salvage,李邕,行,難,G:\GitHub\DiT\MCCD\MCCD\MCCD-Calligrapher\calligrapher_dataset\李邕\難-行-唐-李邕-141443.png,265,303,False,0.1757,0.0008,clean,none,direct_use,True
mccd_salvage,李邕,行,難,G:\GitHub\DiT\MCCD\MCCD\MCCD-Calligrapher\calligrapher_dataset\李邕\難-行-唐-李邕-141448.png,289,355,False,0.3224,0.0013,clean,none,direct_use,True
mccd_salvage,李邕,行,顏,G:\GitHub\DiT\MCCD\MCCD\MCCD-Calligrapher\calligrapher_dataset\李邕\顏-行-唐-李邕-146586.png,266,285,False,0.1725,0.0027,clean,none,direct_use,True
mccd_salvage,李邕,行,顏,G:\GitHub\DiT\MCCD\MCCD\MCCD-Calligrapher\calligrapher_dataset\李邕\顏-行-唐-李邕-146587.png,289,307,False,0.1481,0.0,clean,none,direct_use,True
mccd_salvage,李邕,行,𢃄,G:\GitHub\DiT\MCCD\MCCD\MCCD-Calligrapher\calligrapher_dataset\李邕\𢃄-行-唐-李邕-558.png,213,311,False,0.281,0.0124,clean,none,direct_use,True
mccd_salvage,柳公权,楷,乍,G:\GitHub\DiT\MCCD\MCCD\MCCD-Calligrapher\calligrapher_dataset\柳公权\乍-楷-唐-柳公权-临十三行-35.png,174,256,False,0.2795,0.0,clean,none,direct_use,True
mccd_salvage,柳公权,行,代,G:\GitHub\DiT\MCCD\MCCD\MCCD-Calligrapher\calligrapher_dataset\柳公权\代-行-唐-柳公权-兰亭诗-62.png,257,279,False,0.2063,0.0017,clean,none,direct_use,True
mccd_salvage,柳公权,楷,元,G:\GitHub\DiT\MCCD\MCCD\MCCD-Calligrapher\calligrapher_dataset\柳公权\元-楷-唐-柳公权-23771.png,272,261,False,0.2037,0.0,clean,none,direct_use,True
mccd_salvage,柳公权,楷,司,G:\GitHub\DiT\MCCD\MCCD\MCCD-Calligrapher\calligrapher_dataset\柳公权\司-楷-唐-柳公权-43380.png,231,247,False,0.5211,0.0,clean,none,direct_use,True
mccd_salvage,柳公权,行,情,G:\GitHub\DiT\MCCD\MCCD\MCCD-Calligrapher\calligrapher_dataset\柳公权\情-行-唐-柳公权-蒙诏帖-71.png,223,356,False,0.3358,0.0,clean,none,direct_use,True
mccd_salvage,柳公权,楷,灾,G:\GitHub\DiT\MCCD\MCCD\MCCD-Calligrapher\calligrapher_dataset\柳公权\灾-楷-唐-柳公权-35206.png,288,284,False,0.2957,0.0017,clean,none,direct_use,True
mccd_salvage,柳公权,楷,猶,G:\GitHub\DiT\MCCD\MCCD\MCCD-Calligrapher\calligrapher_dataset\柳公权\猶-楷-唐-柳公权-42711.png,291,247,False,0.2648,0.0003,clean,none,direct_use,True
mccd_salvage,柳公权,行,猶,G:\GitHub\DiT\MCCD\MCCD\MCCD-Calligrapher\calligrapher_dataset\柳公权\猶-行-唐-柳公权-42730.png,264,323,False,0.1694,0.002,clean,none,direct_use,True
mccd_salvage,柳公权,楷,禮,G:\GitHub\DiT\MCCD\MCCD\MCCD-Calligrapher\calligrapher_dataset\柳公权\禮-楷-唐-柳公权-62467.png,267,295,False,0.2508,0.0,clean,none,direct_use,True
mccd_salvage,柳公权,楷,符,G:\GitHub\DiT\MCCD\MCCD\MCCD-Calligrapher\calligrapher_dataset\柳公权\符-楷-唐-柳公权-67276.png,283,345,False,0.2137,0.0002,clean,none,direct_use,True
mccd_salvage,柳公权,楷,鎭,G:\GitHub\DiT\MCCD\MCCD\MCCD-Calligrapher\calligrapher_dataset\柳公权\鎭-楷-唐-柳公权-134374.png,274,249,False,0.2839,0.0044,clean,none,direct_use,True
mccd_salvage,柳公权,楷,陶,G:\GitHub\DiT\MCCD\MCCD\MCCD-Calligrapher\calligrapher_dataset\柳公权\陶-楷-唐-柳公权-138808.png,263,288,False,0.3364,0.0,clean,none,direct_use,True
mccd_salvage,欧阳询,楷,九,G:\GitHub\DiT\MCCD\MCCD\MCCD-Calligrapher\calligrapher_dataset\欧阳询\九-楷-唐-欧阳询-8160.png,284,165,False,0.2958,0.0,clean,none,direct_use,True
mccd_salvage,欧阳询,行,九,G:\GitHub\DiT\MCCD\MCCD\MCCD-Calligrapher\calligrapher_dataset\欧阳询\九-行-唐-欧阳询-8179.png,253,206,False,0.3017,0.0001,clean,none,direct_use,True
mccd_salvage,欧阳询,行,余,G:\GitHub\DiT\MCCD\MCCD\MCCD-Calligrapher\calligrapher_dataset\欧阳询\余-行-唐-欧阳询-17668.png,248,192,False,0.1349,0.0005,clean,none,direct_use,True
mccd_salvage,欧阳询,楷,來,G:\GitHub\DiT\MCCD\MCCD\MCCD-Calligrapher\calligrapher_dataset\欧阳询\來-楷-唐-欧阳询-18505.png,278,285,False,0.2144,0.0,clean,none,direct_use,True
mccd_salvage,欧阳询,行,來,G:\GitHub\DiT\MCCD\MCCD\MCCD-Calligrapher\calligrapher_dataset\欧阳询\來-行-唐-欧阳询-18513.png,168,210,False,0.3388,0.0,clean,none,direct_use,True
mccd_salvage,欧阳询,楷,內,G:\GitHub\DiT\MCCD\MCCD\MCCD-Calligrapher\calligrapher_dataset\欧阳询\內-楷-唐-欧阳询-25724.png,196,322,False,0.2606,0.0007,clean,none,direct_use,True
mccd_salvage,欧阳询,楷,公,G:\GitHub\DiT\MCCD\MCCD\MCCD-Calligrapher\calligrapher_dataset\欧阳询\公-楷-唐-欧阳询-26506.png,258,173,False,0.0922,0.007,clean,none,direct_use,True
mccd_salvage,欧阳询,行,參,G:\GitHub\DiT\MCCD\MCCD\MCCD-Calligrapher\calligrapher_dataset\欧阳询\參-行-唐-欧阳询-39531.png,165,253,False,0.3966,0.0,clean,none,direct_use,True
mccd_salvage,欧阳询,行,叄,G:\GitHub\DiT\MCCD\MCCD\MCCD-Calligrapher\calligrapher_dataset\欧阳询\叄-行-唐-欧阳询-39616.png,165,253,False,0.3966,0.0,clean,none,direct_use,True
mccd_salvage,欧阳询,楷,啚,G:\GitHub\DiT\MCCD\MCCD\MCCD-Calligrapher\calligrapher_dataset\欧阳询\啚-楷-唐-欧阳询-49446.png,244,264,False,0.1936,0.0011,clean,none,direct_use,True
mccd_salvage,欧阳询,行,啚,G:\GitHub\DiT\MCCD\MCCD\MCCD-Calligrapher\calligrapher_dataset\欧阳询\啚-行-唐-欧阳询-49449.png,185,275,False,0.4909,0.0,clean,none,direct_use,True
mccd_salvage,欧阳询,楷,将,G:\GitHub\DiT\MCCD\MCCD\MCCD-Calligrapher\calligrapher_dataset\欧阳询\将-楷-唐-欧阳询-75394.png,268,257,False,0.2542,0.0,clean,none,direct_use,True
mccd_salvage,欧阳询,行,将,G:\GitHub\DiT\MCCD\MCCD\MCCD-Calligrapher\calligrapher_dataset\欧阳询\将-行-唐-欧阳询-75411.png,189,239,False,0.45,0.0,clean,none,direct_use,True
mccd_salvage,欧阳询,行,将,G:\GitHub\DiT\MCCD\MCCD\MCCD-Calligrapher\calligrapher_dataset\欧阳询\将-行-唐-欧阳询-75416.png,236,279,False,0.1967,0.0005,clean,none,direct_use,True
mccd_salvage,欧阳询,行,岡,G:\GitHub\DiT\MCCD\MCCD\MCCD-Calligrapher\calligrapher_dataset\欧阳询\岡-行-唐-欧阳询-79355.png,232,239,False,0.4887,0.0,clean,none,direct_use,True
mccd_salvage,欧阳询,行,巳,G:\GitHub\DiT\MCCD\MCCD\MCCD-Calligrapher\calligrapher_dataset\欧阳询\巳-行-唐-欧阳询-82522.png,223,240,False,0.3348,0.0002,clean,none,direct_use,True
mccd_salvage,欧阳询,楷,帛,G:\GitHub\DiT\MCCD\MCCD\MCCD-Calligrapher\calligrapher_dataset\欧阳询\帛-楷-唐-欧阳询-83353.png,172,344,True,0.1465,0.0,inverted,inverted,invert_polarity,True
mccd_salvage,欧阳询,楷,帶,G:\GitHub\DiT\MCCD\MCCD\MCCD-Calligrapher\calligrapher_dataset\欧阳询\帶-楷-唐-欧阳询-84085.png,252,353,False,0.1882,0.0,clean,none,direct_use,True
mccd_salvage,欧阳询,楷,度,G:\GitHub\DiT\MCCD\MCCD\MCCD-Calligrapher\calligrapher_dataset\欧阳询\度-楷-唐-欧阳询-86476.png,277,309,False,0.292,0.0088,clean,none,direct_use,True
mccd_salvage,欧阳询,行,形,G:\GitHub\DiT\MCCD\MCCD\MCCD-Calligrapher\calligrapher_dataset\欧阳询\形-行-唐-欧阳询-91950.png,232,273,False,0.3971,0.0,clean,none,direct_use,True
mccd_salvage,欧阳询,楷,彫,G:\GitHub\DiT\MCCD\MCCD\MCCD-Calligrapher\calligrapher_dataset\欧阳询\彫-楷-唐-欧阳询-92123.png,274,260,False,0.2113,0.0007,clean,none,direct_use,True
mccd_salvage,欧阳询,行,彫,G:\GitHub\DiT\MCCD\MCCD\MCCD-Calligrapher\calligrapher_dataset\欧阳询\彫-行-唐-欧阳询-92126.png,199,262,False,0.4182,0.0,clean,none,direct_use,True
mccd_salvage,欧阳询,行,影,G:\GitHub\DiT\MCCD\MCCD\MCCD-Calligrapher\calligrapher_dataset\欧阳询\影-行-唐-欧阳询-92272.png,238,230,False,0.3631,0.0,clean,none,direct_use,True
mccd_salvage,欧阳询,楷,後,G:\GitHub\DiT\MCCD\MCCD\MCCD-Calligrapher\calligrapher_dataset\欧阳询\後-楷-唐-欧阳询-92903.png,290,202,False,0.2241,0.0,clean,none,direct_use,True
mccd_salvage,欧阳询,行,後,G:\GitHub\DiT\MCCD\MCCD\MCCD-Calligrapher\calligrapher_dataset\欧阳询\後-行-唐-欧阳询-92928.png,234,267,False,0.3029,0.0,clean,none,direct_use,True
mccd_salvage,欧阳询,行,後,G:\GitHub\DiT\MCCD\MCCD\MCCD-Calligrapher\calligrapher_dataset\欧阳询\後-行-唐-欧阳询-92929.png,225,283,True,0.2875,0.0004,inverted,inverted,invert_polarity,True
mccd_salvage,欧阳询,行,後,G:\GitHub\DiT\MCCD\MCCD\MCCD-Calligrapher\calligrapher_dataset\欧阳询\後-行-唐-欧阳询-92932.png,298,263,False,0.2336,0.0,clean,none,direct_use,True
mccd_salvage,欧阳询,行,志,G:\GitHub\DiT\MCCD\MCCD\MCCD-Calligrapher\calligrapher_dataset\欧阳询\志-行-唐-欧阳询-95709.png,189,254,False,0.4047,0.0,clean,none,direct_use,True
mccd_salvage,欧阳询,行,想,G:\GitHub\DiT\MCCD\MCCD\MCCD-Calligrapher\calligrapher_dataset\欧阳询\想-行-唐-欧阳询-99368.png,217,251,False,0.402,0.0,clean,none,direct_use,True
mccd_salvage,欧阳询,楷,懷,G:\GitHub\DiT\MCCD\MCCD\MCCD-Calligrapher\calligrapher_dataset\欧阳询\懷-楷-唐-欧阳询-590.png,283,317,False,0.1662,0.0007,clean,none,direct_use,True
mccd_salvage,欧阳询,行,懷,G:\GitHub\DiT\MCCD\MCCD\MCCD-Calligrapher\calligrapher_dataset\欧阳询\懷-行-唐-欧阳询-604.png,271,224,False,0.1916,0.0021,clean,none,direct_use,True
mccd_salvage,欧阳询,楷,成,G:\GitHub\DiT\MCCD\MCCD\MCCD-Calligrapher\calligrapher_dataset\欧阳询\成-楷-唐-欧阳询-1800.png,261,274,False,0.2314,0.0004,clean,none,direct_use,True
mccd_salvage,欧阳询,楷,政,G:\GitHub\DiT\MCCD\MCCD\MCCD-Calligrapher\calligrapher_dataset\欧阳询\政-楷-唐-欧阳询-1730.png,258,186,False,0.1515,0.0,clean,none,direct_use,True
mccd_salvage,欧阳询,行,政,G:\GitHub\DiT\MCCD\MCCD\MCCD-Calligrapher\calligrapher_dataset\欧阳询\政-行-唐-欧阳询-1737.png,267,254,False,0.2546,0.0,clean,none,direct_use,True
mccd_salvage,欧阳询,楷,每,G:\GitHub\DiT\MCCD\MCCD\MCCD-Calligrapher\calligrapher_dataset\欧阳询\每-楷-唐-欧阳询-22564.png,275,277,False,0.2274,0.0,clean,none,direct_use,True
mccd_salvage,欧阳询,行,每,G:\GitHub\DiT\MCCD\MCCD\MCCD-Calligrapher\calligrapher_dataset\欧阳询\每-行-唐-欧阳询-22578.png,180,192,False,0.3391,0.0,clean,none,direct_use,True
mccd_salvage,欧阳询,行,毛,G:\GitHub\DiT\MCCD\MCCD\MCCD-Calligrapher\calligrapher_dataset\欧阳询\毛-行-唐-欧阳询-22993.png,157,203,False,0.4038,0.0,clean,none,direct_use,True
mccd_salvage,欧阳询,行,洞,G:\GitHub\DiT\MCCD\MCCD\MCCD-Calligrapher\calligrapher_dataset\欧阳询\洞-行-唐-欧阳询-27613.png,192,209,False,0.5175,0.0,clean,none,direct_use,True
mccd_salvage,欧阳询,楷,涌,G:\GitHub\DiT\MCCD\MCCD\MCCD-Calligrapher\calligrapher_dataset\欧阳询\涌-楷-唐-欧阳询-28828.png,235,261,False,0.2583,0.0,clean,none,direct_use,True
mccd_salvage,欧阳询,楷,濟,G:\GitHub\DiT\MCCD\MCCD\MCCD-Calligrapher\calligrapher_dataset\欧阳询\濟-楷-唐-欧阳询-34048.png,282,288,False,0.1573,0.0345,clean,none,direct_use,True
mccd_salvage,欧阳询,行,濟,G:\GitHub\DiT\MCCD\MCCD\MCCD-Calligrapher\calligrapher_dataset\欧阳询\濟-行-唐-欧阳询-34055.png,201,238,False,0.4279,0.0,clean,none,direct_use,True
mccd_salvage,欧阳询,行,無,G:\GitHub\DiT\MCCD\MCCD\MCCD-Calligrapher\calligrapher_dataset\欧阳询\無-行-唐-欧阳询-37147.png,212,245,False,0.3774,0.0,clean,none,direct_use,True
mccd_salvage,欧阳询,行,無,G:\GitHub\DiT\MCCD\MCCD\MCCD-Calligrapher\calligrapher_dataset\欧阳询\無-行-唐-欧阳询-37149.png,247,277,False,0.4546,0.0,clean,none,direct_use,True
mccd_salvage,欧阳询,行,玉,G:\GitHub\DiT\MCCD\MCCD\MCCD-Calligrapher\calligrapher_dataset\欧阳询\玉-行-唐-欧阳询-43952.png,233,307,False,0.4575,0.0,clean,none,direct_use,True
mccd_salvage,欧阳询,行,王,G:\GitHub\DiT\MCCD\MCCD\MCCD-Calligrapher\calligrapher_dataset\欧阳询\王-行-唐-欧阳询-44430.png,163,217,False,0.4794,0.0,clean,none,direct_use,True
mccd_salvage,欧阳询,楷,理,G:\GitHub\DiT\MCCD\MCCD\MCCD-Calligrapher\calligrapher_dataset\欧阳询\理-楷-唐-欧阳询-45203.png,279,223,False,0.4026,0.0,clean,none,direct_use,True
mccd_salvage,欧阳询,楷,璧,G:\GitHub\DiT\MCCD\MCCD\MCCD-Calligrapher\calligrapher_dataset\欧阳询\璧-楷-唐-欧阳询-46195.png,278,305,False,0.2143,0.0,clean,none,direct_use,True
mccd_salvage,欧阳询,行,百,G:\GitHub\DiT\MCCD\MCCD\MCCD-Calligrapher\calligrapher_dataset\欧阳询\百-行-唐-欧阳询-53335.png,207,260,False,0.4648,0.0004,clean,none,direct_use,True
mccd_salvage,欧阳询,楷,益,G:\GitHub\DiT\MCCD\MCCD\MCCD-Calligrapher\calligrapher_dataset\欧阳询\益-楷-唐-欧阳询-54520.png,268,299,False,0.1318,0.0045,clean,none,direct_use,True
mccd_salvage,欧阳询,楷,盡,G:\GitHub\DiT\MCCD\MCCD\MCCD-Calligrapher\calligrapher_dataset\欧阳询\盡-楷-唐-欧阳询-55034.png,251,306,False,0.2593,0.0,clean,none,direct_use,True
mccd_salvage,欧阳询,行,盡,G:\GitHub\DiT\MCCD\MCCD\MCCD-Calligrapher\calligrapher_dataset\欧阳询\盡-行-唐-欧阳询-55051.png,162,234,False,0.3983,0.0,clean,none,direct_use,True
mccd_salvage,欧阳询,行,盡,G:\GitHub\DiT\MCCD\MCCD\MCCD-Calligrapher\calligrapher_dataset\欧阳询\盡-行-唐-欧阳询-55052.png,218,237,False,0.1107,0.0017,clean,none,direct_use,True
mccd_salvage,欧阳询,行,磨,G:\GitHub\DiT\MCCD\MCCD\MCCD-Calligrapher\calligrapher_dataset\欧阳询\磨-行-唐-欧阳询-60117.png,187,331,False,0.1428,0.0,clean,none,direct_use,True
mccd_salvage,欧阳询,行,秋,G:\GitHub\DiT\MCCD\MCCD\MCCD-Calligrapher\calligrapher_dataset\欧阳询\秋-行-唐-欧阳询-63268.png,268,296,False,0.3534,0.0001,clean,none,direct_use,True
mccd_salvage,欧阳询,行,秋,G:\GitHub\DiT\MCCD\MCCD\MCCD-Calligrapher\calligrapher_dataset\欧阳询\秋-行-唐-欧阳询-63269.png,196,202,False,0.3205,0.0,clean,none,direct_use,True
mccd_salvage,欧阳询,行,立,G:\GitHub\DiT\MCCD\MCCD\MCCD-Calligrapher\calligrapher_dataset\欧阳询\立-行-唐-欧阳询-66167.png,215,287,False,0.4548,0.0,clean,none,direct_use,True
mccd_salvage,欧阳询,行,而,G:\GitHub\DiT\MCCD\MCCD\MCCD-Calligrapher\calligrapher_dataset\欧阳询\而-行-唐-欧阳询-80857.png,239,215,False,0.4599,0.0002,clean,none,direct_use,True
mccd_salvage,欧阳询,行,而,G:\GitHub\DiT\MCCD\MCCD\MCCD-Calligrapher\calligrapher_dataset\欧阳询\而-行-唐-欧阳询-80858.png,257,188,False,0.3656,0.0,clean,none,direct_use,True
mccd_salvage,欧阳询,楷,自,G:\GitHub\DiT\MCCD\MCCD\MCCD-Calligrapher\calligrapher_dataset\欧阳询\自-楷-唐-欧阳询-86530.png,247,323,False,0.2668,0.0,clean,none,direct_use,True
mccd_salvage,欧阳询,行,見,G:\GitHub\DiT\MCCD\MCCD\MCCD-Calligrapher\calligrapher_dataset\欧阳询\見-行-唐-欧阳询-104657.png,157,194,False,0.387,0.0,clean,none,direct_use,True
mccd_salvage,欧阳询,楷,説,G:\GitHub\DiT\MCCD\MCCD\MCCD-Calligrapher\calligrapher_dataset\欧阳询\説-楷-唐-欧阳询-108768.png,280,186,False,0.1784,0.0018,clean,none,direct_use,True
mccd_salvage,欧阳询,行,説,G:\GitHub\DiT\MCCD\MCCD\MCCD-Calligrapher\calligrapher_dataset\欧阳询\説-行-唐-欧阳询-108783.png,189,179,False,0.3241,0.0,clean,none,direct_use,True
mccd_salvage,欧阳询,楷,諒,G:\GitHub\DiT\MCCD\MCCD\MCCD-Calligrapher\calligrapher_dataset\欧阳询\諒-楷-唐-欧阳询-109344.png,297,254,False,0.182,0.0028,clean,none,direct_use,True
mccd_salvage,欧阳询,楷,譽,G:\GitHub\DiT\MCCD\MCCD\MCCD-Calligrapher\calligrapher_dataset\欧阳询\譽-楷-唐-欧阳询-111280.png,257,332,False,0.1128,0.0037,clean,none,direct_use,True
mccd_salvage,欧阳询,行,譽,G:\GitHub\DiT\MCCD\MCCD\MCCD-Calligrapher\calligrapher_dataset\欧阳询\譽-行-唐-欧阳询-111287.png,203,281,False,0.3123,0.0,clean,none,direct_use,True
mccd_salvage,欧阳询,行,讓,G:\GitHub\DiT\MCCD\MCCD\MCCD-Calligrapher\calligrapher_dataset\欧阳询\讓-行-唐-欧阳询-111563.png,212,218,False,0.4435,0.0,clean,none,direct_use,True
mccd_salvage,欧阳询,行,貌,G:\GitHub\DiT\MCCD\MCCD\MCCD-Calligrapher\calligrapher_dataset\欧阳询\貌-行-唐-欧阳询-113057.png,185,209,False,0.4788,0.0,clean,none,direct_use,True
mccd_salvage,欧阳询,楷,軍,G:\GitHub\DiT\MCCD\MCCD\MCCD-Calligrapher\calligrapher_dataset\欧阳询\軍-楷-唐-欧阳询-119196.png,231,300,False,0.1532,0.0041,clean,none,direct_use,True
mccd_salvage,欧阳询,楷,辰,G:\GitHub\DiT\MCCD\MCCD\MCCD-Calligrapher\calligrapher_dataset\欧阳询\辰-楷-唐-欧阳询-121993.png,293,247,False,0.1996,0.0056,clean,none,direct_use,True
mccd_salvage,欧阳询,行,辰,G:\GitHub\DiT\MCCD\MCCD\MCCD-Calligrapher\calligrapher_dataset\欧阳询\辰-行-唐-欧阳询-121999.png,201,233,False,0.3534,0.0,clean,none,direct_use,True
mccd_salvage,欧阳询,行,陋,G:\GitHub\DiT\MCCD\MCCD\MCCD-Calligrapher\calligrapher_dataset\欧阳询\陋-行-唐-欧阳询-137765.png,163,210,False,0.4839,0.0003,clean,none,direct_use,True
mccd_salvage,欧阳询,楷,雕,G:\GitHub\DiT\MCCD\MCCD\MCCD-Calligrapher\calligrapher_dataset\欧阳询\雕-楷-唐-欧阳询-140866.png,300,230,False,0.2711,0.0002,clean,none,direct_use,True
mccd_salvage,欧阳询,楷,難,G:\GitHub\DiT\MCCD\MCCD\MCCD-Calligrapher\calligrapher_dataset\欧阳询\難-楷-唐-欧阳询-141433.png,252,294,False,0.124,0.0,clean,none,direct_use,True
mccd_salvage,欧阳询,行,難,G:\GitHub\DiT\MCCD\MCCD\MCCD-Calligrapher\calligrapher_dataset\欧阳询\難-行-唐-欧阳询-141444.png,249,298,False,0.1965,0.0011,clean,none,direct_use,True
mccd_salvage,欧阳询,行,難,G:\GitHub\DiT\MCCD\MCCD\MCCD-Calligrapher\calligrapher_dataset\欧阳询\難-行-唐-欧阳询-141445.png,164,223,False,0.3843,0.0,clean,none,direct_use,True
mccd_salvage,欧阳询,行,難,G:\GitHub\DiT\MCCD\MCCD\MCCD-Calligrapher\calligrapher_dataset\欧阳询\難-行-唐-欧阳询-141446.png,191,209,False,0.3773,0.0,clean,none,direct_use,True
mccd_salvage,欧阳询,楷,霜,G:\GitHub\DiT\MCCD\MCCD\MCCD-Calligrapher\calligrapher_dataset\欧阳询\霜-楷-唐-欧阳询-142486.png,289,299,False,0.1796,0.0006,clean,none,direct_use,True
mccd_salvage,欧阳询,行,霜,G:\GitHub\DiT\MCCD\MCCD\MCCD-Calligrapher\calligrapher_dataset\欧阳询\霜-行-唐-欧阳询-142495.png,193,207,False,0.4299,0.0,clean,none,direct_use,True
mccd_salvage,欧阳询,楷,顧,G:\GitHub\DiT\MCCD\MCCD\MCCD-Calligrapher\calligrapher_dataset\欧阳询\顧-楷-唐-欧阳询-147051.png,272,226,False,0.2143,0.0,clean,none,direct_use,True
mccd_salvage,欧阳询,行,顧,G:\GitHub\DiT\MCCD\MCCD\MCCD-Calligrapher\calligrapher_dataset\欧阳询\顧-行-唐-欧阳询-147062.png,184,190,False,0.4696,0.0,clean,none,direct_use,True
mccd_salvage,欧阳询,行,驅,G:\GitHub\DiT\MCCD\MCCD\MCCD-Calligrapher\calligrapher_dataset\欧阳询\驅-行-唐-欧阳询-151309.png,185,191,False,0.4917,0.0,clean,none,direct_use,True
mccd_salvage,欧阳询,楷,齡,G:\GitHub\DiT\MCCD\MCCD\MCCD-Calligrapher\calligrapher_dataset\欧阳询\齡-楷-唐-欧阳询-160576.png,271,272,False,0.2056,0.0139,clean,none,direct_use,True
mccd_salvage,欧阳询,行,齡,G:\GitHub\DiT\MCCD\MCCD\MCCD-Calligrapher\calligrapher_dataset\欧阳询\齡-行-唐-欧阳询-160579.png,201,170,False,0.3165,0.0,clean,none,direct_use,True
mccd_salvage,欧阳询,楷,𦗟,G:\GitHub\DiT\MCCD\MCCD\MCCD-Calligrapher\calligrapher_dataset\欧阳询\𦗟-楷-唐-欧阳询-501.png,255,283,False,0.1495,0.0,clean,none,direct_use,True
mccd_salvage,欧阳通,楷,乃,G:\GitHub\DiT\MCCD\MCCD\MCCD-Calligrapher\calligrapher_dataset\欧阳通\乃-楷-唐-欧阳通-5599.png,292,277,False,0.1758,0.0006,clean,none,direct_use,True
mccd_salvage,欧阳通,楷,之,G:\GitHub\DiT\MCCD\MCCD\MCCD-Calligrapher\calligrapher_dataset\欧阳通\之-楷-唐-欧阳通-6885.png,292,153,False,0.1548,0.0,clean,none,direct_use,True
mccd_salvage,欧阳通,楷,之,G:\GitHub\DiT\MCCD\MCCD\MCCD-Calligrapher\calligrapher_dataset\欧阳通\之-楷-唐-欧阳通-6890.png,259,197,False,0.155,0.0005,clean,none,direct_use,True
mccd_salvage,欧阳通,楷,盧,G:\GitHub\DiT\MCCD\MCCD\MCCD-Calligrapher\calligrapher_dataset\欧阳通\盧-楷-唐-欧阳通-55327.png,268,269,False,0.2328,0.0,clean,none,direct_use,True
mccd_salvage,欧阳通,楷,祇,G:\GitHub\DiT\MCCD\MCCD\MCCD-Calligrapher\calligrapher_dataset\欧阳通\祇-楷-唐-欧阳通-60927.png,246,191,False,0.1781,0.0,clean,none,direct_use,True
mccd_salvage,沈尹默,行,仕,G:\GitHub\DiT\MCCD\MCCD\MCCD-Calligrapher\calligrapher_dataset\沈尹默\仕-行-近-沈尹默-14938.png,170,169,False,0.3055,0.0,clean,none,direct_use,True
mccd_salvage,沈尹默,行,住,G:\GitHub\DiT\MCCD\MCCD\MCCD-Calligrapher\calligrapher_dataset\沈尹默\住-行-近-沈尹默-17196.png,158,170,False,0.3402,0.0,clean,none,direct_use,True
mccd_salvage,沈尹默,行,先,G:\GitHub\DiT\MCCD\MCCD\MCCD-Calligrapher\calligrapher_dataset\沈尹默\先-行-近-沈尹默-24391.png,188,194,False,0.3706,0.0007,clean,none,direct_use,True
mccd_salvage,沈尹默,行,具,G:\GitHub\DiT\MCCD\MCCD\MCCD-Calligrapher\calligrapher_dataset\沈尹默\具-行-近-沈尹默-27635.png,154,279,False,0.507,0.0,clean,none,direct_use,True
mccd_salvage,沈尹默,行,况,G:\GitHub\DiT\MCCD\MCCD\MCCD-Calligrapher\calligrapher_dataset\沈尹默\况-行-近-沈尹默-29082.png,268,223,False,0.3693,0.0,clean,none,direct_use,True
mccd_salvage,沈尹默,行,劉,G:\GitHub\DiT\MCCD\MCCD\MCCD-Calligrapher\calligrapher_dataset\沈尹默\劉-行-近-沈尹默-32618.png,210,240,False,0.4562,0.0,clean,none,direct_use,True
mccd_salvage,沈尹默,楷,卿,G:\GitHub\DiT\MCCD\MCCD\MCCD-Calligrapher\calligrapher_dataset\沈尹默\卿-楷-近-沈尹默-38572.png,217,204,False,0.2921,0.0,clean,none,direct_use,True
mccd_salvage,沈尹默,楷,卿,G:\GitHub\DiT\MCCD\MCCD\MCCD-Calligrapher\calligrapher_dataset\沈尹默\卿-楷-近-沈尹默-38573.png,206,203,False,0.3066,0.0,clean,none,direct_use,True
mccd_salvage,沈尹默,楷,卿,G:\GitHub\DiT\MCCD\MCCD\MCCD-Calligrapher\calligrapher_dataset\沈尹默\卿-楷-近-沈尹默-38574.png,245,215,False,0.246,0.0,clean,none,direct_use,True
mccd_salvage,沈尹默,行,嗔,G:\GitHub\DiT\MCCD\MCCD\MCCD-Calligrapher\calligrapher_dataset\沈尹默\嗔-行-近-沈尹默-50752.png,231,269,False,0.3593,0.0,clean,none,direct_use,True
mccd_salvage,沈尹默,行,宙,G:\GitHub\DiT\MCCD\MCCD\MCCD-Calligrapher\calligrapher_dataset\沈尹默\宙-行-近-沈尹默-70921.png,260,234,False,0.3856,0.0,clean,none,direct_use,True
mccd_salvage,沈尹默,行,尠,G:\GitHub\DiT\MCCD\MCCD\MCCD-Calligrapher\calligrapher_dataset\沈尹默\尠-行-近-沈尹默-77226.png,222,226,False,0.3921,0.0009,clean,none,direct_use,True
mccd_salvage,沈尹默,行,就,G:\GitHub\DiT\MCCD\MCCD\MCCD-Calligrapher\calligrapher_dataset\沈尹默\就-行-近-沈尹默-77366.png,219,249,False,0.4353,0.0,clean,none,direct_use,True
mccd_salvage,沈尹默,行,工,G:\GitHub\DiT\MCCD\MCCD\MCCD-Calligrapher\calligrapher_dataset\沈尹默\工-行-近-沈尹默-81524.png,230,223,False,0.491,0.0,clean,none,direct_use,True
mccd_salvage,沈尹默,行,已,G:\GitHub\DiT\MCCD\MCCD\MCCD-Calligrapher\calligrapher_dataset\沈尹默\已-行-近-沈尹默-82317.png,161,241,False,0.532,0.0,clean,none,direct_use,True
mccd_salvage,沈尹默,行,帖,G:\GitHub\DiT\MCCD\MCCD\MCCD-Calligrapher\calligrapher_dataset\沈尹默\帖-行-近-沈尹默-83232.png,196,216,False,0.4444,0.0,clean,none,direct_use,True
mccd_salvage,沈尹默,行,帖,G:\GitHub\DiT\MCCD\MCCD\MCCD-Calligrapher\calligrapher_dataset\沈尹默\帖-行-近-沈尹默-83233.png,201,219,False,0.5307,0.0,clean,none,direct_use,True
mccd_salvage,沈尹默,行,抗,G:\GitHub\DiT\MCCD\MCCD\MCCD-Calligrapher\calligrapher_dataset\沈尹默\抗-行-近-沈尹默-4809.png,272,242,False,0.3621,0.0,clean,none,direct_use,True
mccd_salvage,沈尹默,行,摩,G:\GitHub\DiT\MCCD\MCCD\MCCD-Calligrapher\calligrapher_dataset\沈尹默\摩-行-近-沈尹默-553.png,178,298,False,0.2964,0.0,clean,none,direct_use,True
mccd_salvage,沈尹默,行,晚,G:\GitHub\DiT\MCCD\MCCD\MCCD-Calligrapher\calligrapher_dataset\沈尹默\晚-行-近-沈尹默-113.png,231,186,False,0.208,0.0,clean,none,direct_use,True
mccd_salvage,沈尹默,行,柳,G:\GitHub\DiT\MCCD\MCCD\MCCD-Calligrapher\calligrapher_dataset\沈尹默\柳-行-近-沈尹默-12429.png,238,181,False,0.5102,0.0,clean,none,direct_use,True
mccd_salvage,沈尹默,行,桓,G:\GitHub\DiT\MCCD\MCCD\MCCD-Calligrapher\calligrapher_dataset\沈尹默\桓-行-近-沈尹默-13205.png,227,222,False,0.4373,0.0,clean,none,direct_use,True
mccd_salvage,沈尹默,行,氏,G:\GitHub\DiT\MCCD\MCCD\MCCD-Calligrapher\calligrapher_dataset\沈尹默\氏-行-近-沈尹默-23384.png,222,207,False,0.3183,0.0,clean,none,direct_use,True
mccd_salvage,沈尹默,行,江,G:\GitHub\DiT\MCCD\MCCD\MCCD-Calligrapher\calligrapher_dataset\沈尹默\江-行-近-沈尹默-25319.png,246,210,False,0.5033,0.0,clean,none,direct_use,True
mccd_salvage,沈尹默,行,法,G:\GitHub\DiT\MCCD\MCCD\MCCD-Calligrapher\calligrapher_dataset\沈尹默\法-行-近-沈尹默-26864.png,205,218,False,0.4376,0.0,clean,none,direct_use,True
mccd_salvage,沈尹默,行,淡,G:\GitHub\DiT\MCCD\MCCD\MCCD-Calligrapher\calligrapher_dataset\沈尹默\淡-行-近-沈尹默-29394.png,183,229,False,0.3965,0.0,clean,none,direct_use,True
mccd_salvage,沈尹默,行,淡,G:\GitHub\DiT\MCCD\MCCD\MCCD-Calligrapher\calligrapher_dataset\沈尹默\淡-行-近-沈尹默-29395.png,177,231,False,0.2528,0.0,clean,none,direct_use,True
mccd_salvage,沈尹默,行,漆,G:\GitHub\DiT\MCCD\MCCD\MCCD-Calligrapher\calligrapher_dataset\沈尹默\漆-行-近-沈尹默-32418.png,258,269,False,0.3852,0.0,clean,none,direct_use,True
mccd_salvage,沈尹默,行,然,G:\GitHub\DiT\MCCD\MCCD\MCCD-Calligrapher\calligrapher_dataset\沈尹默\然-行-近-沈尹默-37420.png,229,228,False,0.4543,0.0,clean,none,direct_use,True
mccd_salvage,沈尹默,行,熊,G:\GitHub\DiT\MCCD\MCCD\MCCD-Calligrapher\calligrapher_dataset\沈尹默\熊-行-近-沈尹默-38017.png,209,241,False,0.542,0.0,clean,none,direct_use,True
mccd_salvage,沈尹默,行,燕,G:\GitHub\DiT\MCCD\MCCD\MCCD-Calligrapher\calligrapher_dataset\沈尹默\燕-行-近-沈尹默-38529.png,253,255,False,0.4492,0.0,clean,none,direct_use,True
mccd_salvage,沈尹默,行,爰,G:\GitHub\DiT\MCCD\MCCD\MCCD-Calligrapher\calligrapher_dataset\沈尹默\爰-行-近-沈尹默-39222.png,247,333,False,0.3017,0.0,clean,none,direct_use,True
mccd_salvage,沈尹默,楷,牽,G:\GitHub\DiT\MCCD\MCCD\MCCD-Calligrapher\calligrapher_dataset\沈尹默\牽-楷-近-沈尹默-41428.png,193,237,False,0.2658,0.0,clean,none,direct_use,True
mccd_salvage,沈尹默,行,短,G:\GitHub\DiT\MCCD\MCCD\MCCD-Calligrapher\calligrapher_dataset\沈尹默\短-行-近-沈尹默-58838.png,257,230,False,0.4357,0.0001,clean,none,direct_use,True
mccd_salvage,沈尹默,行,肚,G:\GitHub\DiT\MCCD\MCCD\MCCD-Calligrapher\calligrapher_dataset\沈尹默\肚-行-近-沈尹默-82812.png,276,258,False,0.4201,0.0,clean,none,direct_use,True
mccd_salvage,沈尹默,行,腰,G:\GitHub\DiT\MCCD\MCCD\MCCD-Calligrapher\calligrapher_dataset\沈尹默\腰-行-近-沈尹默-84828.png,171,168,False,0.4457,0.0019,clean,none,direct_use,True
mccd_salvage,沈尹默,行,菜,G:\GitHub\DiT\MCCD\MCCD\MCCD-Calligrapher\calligrapher_dataset\沈尹默\菜-行-近-沈尹默-92392.png,239,250,False,0.3822,0.0,clean,none,direct_use,True
mccd_salvage,沈尹默,行,蕭,G:\GitHub\DiT\MCCD\MCCD\MCCD-Calligrapher\calligrapher_dataset\沈尹默\蕭-行-近-沈尹默-95511.png,222,288,False,0.4408,0.0,clean,none,direct_use,True
mccd_salvage,沈尹默,行,虛,G:\GitHub\DiT\MCCD\MCCD\MCCD-Calligrapher\calligrapher_dataset\沈尹默\虛-行-近-沈尹默-97832.png,208,272,False,0.3326,0.0002,clean,none,direct_use,True
mccd_salvage,沈尹默,行,蜀,G:\GitHub\DiT\MCCD\MCCD\MCCD-Calligrapher\calligrapher_dataset\沈尹默\蜀-行-近-沈尹默-98886.png,190,242,False,0.475,0.0,clean,none,direct_use,True
mccd_salvage,沈尹默,行,西,G:\GitHub\DiT\MCCD\MCCD\MCCD-Calligrapher\calligrapher_dataset\沈尹默\西-行-近-沈尹默-104131.png,184,168,False,0.4652,0.0,clean,none,direct_use,True
mccd_salvage,沈尹默,行,賞,G:\GitHub\DiT\MCCD\MCCD\MCCD-Calligrapher\calligrapher_dataset\沈尹默\賞-行-近-沈尹默-114984.png,169,217,False,0.2932,0.0,clean,none,direct_use,True
mccd_salvage,沈尹默,行,賞,G:\GitHub\DiT\MCCD\MCCD\MCCD-Calligrapher\calligrapher_dataset\沈尹默\賞-行-近-沈尹默-114985.png,193,244,False,0.3048,0.0,clean,none,direct_use,True
mccd_salvage,沈尹默,行,贈,G:\GitHub\DiT\MCCD\MCCD\MCCD-Calligrapher\calligrapher_dataset\沈尹默\贈-行-近-沈尹默-115743.png,174,194,False,0.4737,0.0,clean,none,direct_use,True
mccd_salvage,沈尹默,行,那,G:\GitHub\DiT\MCCD\MCCD\MCCD-Calligrapher\calligrapher_dataset\沈尹默\那-行-近-沈尹默-127232.png,205,195,False,0.4817,0.0,clean,none,direct_use,True
mccd_salvage,沈尹默,行,阜,G:\GitHub\DiT\MCCD\MCCD\MCCD-Calligrapher\calligrapher_dataset\沈尹默\阜-行-近-沈尹默-137313.png,160,300,False,0.2237,0.0006,clean,none,direct_use,True
mccd_salvage,沈尹默,行,離,G:\GitHub\DiT\MCCD\MCCD\MCCD-Calligrapher\calligrapher_dataset\沈尹默\離-行-近-沈尹默-141314.png,232,205,False,0.4681,0.0,clean,none,direct_use,True
mccd_salvage,沈尹默,行,飄,G:\GitHub\DiT\MCCD\MCCD\MCCD-Calligrapher\calligrapher_dataset\沈尹默\飄-行-近-沈尹默-147614.png,255,264,False,0.4566,0.0,clean,none,direct_use,True
mccd_salvage,沈尹默,行,骸,G:\GitHub\DiT\MCCD\MCCD\MCCD-Calligrapher\calligrapher_dataset\沈尹默\骸-行-近-沈尹默-151843.png,250,236,False,0.3433,0.0,clean,none,direct_use,True
mccd_salvage,沈尹默,行,𢃄,G:\GitHub\DiT\MCCD\MCCD\MCCD-Calligrapher\calligrapher_dataset\沈尹默\𢃄-行-近-沈尹默-564.png,183,294,False,0.3729,0.0,clean,none,direct_use,True
mccd_salvage,王宠,楷,㝡,G:\GitHub\DiT\MCCD\MCCD\MCCD-Calligrapher\calligrapher_dataset\王宠\㝡-楷-明-王宠-163004.png,237,259,False,0.2832,0.0,clean,none,direct_use,True
mccd_salvage,王宠,楷,䟽,G:\GitHub\DiT\MCCD\MCCD\MCCD-Calligrapher\calligrapher_dataset\王宠\䟽-楷-明-王宠-173076.png,258,178,False,0.2982,0.0,clean,none,direct_use,True
mccd_salvage,王宠,行,九,G:\GitHub\DiT\MCCD\MCCD\MCCD-Calligrapher\calligrapher_dataset\王宠\九-行-明-王宠-8197.png,258,205,False,0.2964,0.0,clean,none,direct_use,True
mccd_salvage,王宠,行,二,G:\GitHub\DiT\MCCD\MCCD\MCCD-Calligrapher\calligrapher_dataset\王宠\二-行-明-王宠-10287.png,220,156,False,0.1571,0.0,clean,none,direct_use,True
mccd_salvage,王宠,楷,亭,G:\GitHub\DiT\MCCD\MCCD\MCCD-Calligrapher\calligrapher_dataset\王宠\亭-楷-明-王宠-13152.png,199,258,False,0.1976,0.0,clean,none,direct_use,True
mccd_salvage,王宠,行,人,G:\GitHub\DiT\MCCD\MCCD\MCCD-Calligrapher\calligrapher_dataset\王宠\人-行-明-王宠-14216.png,220,183,False,0.2004,0.0,clean,none,direct_use,True
mccd_salvage,王宠,行,余,G:\GitHub\DiT\MCCD\MCCD\MCCD-Calligrapher\calligrapher_dataset\王宠\余-行-明-王宠-17681.png,259,182,False,0.2436,0.0,clean,none,direct_use,True
mccd_salvage,王宠,行,作,G:\GitHub\DiT\MCCD\MCCD\MCCD-Calligrapher\calligrapher_dataset\王宠\作-行-明-王宠-17851.png,206,208,False,0.2522,0.0,clean,none,direct_use,True
mccd_salvage,王宠,楷,俯,G:\GitHub\DiT\MCCD\MCCD\MCCD-Calligrapher\calligrapher_dataset\王宠\俯-楷-明-王宠-20224.png,190,188,False,0.2718,0.0,clean,none,direct_use,True
mccd_salvage,王宠,楷,俶,G:\GitHub\DiT\MCCD\MCCD\MCCD-Calligrapher\calligrapher_dataset\王宠\俶-楷-明-王宠-20321.png,249,209,False,0.2639,0.0,clean,none,direct_use,True
mccd_salvage,王宠,楷,傍,G:\GitHub\DiT\MCCD\MCCD\MCCD-Calligrapher\calligrapher_dataset\王宠\傍-楷-明-王宠-21676.png,256,265,False,0.2601,0.0,clean,none,direct_use,True
mccd_salvage,王宠,楷,僊,G:\GitHub\DiT\MCCD\MCCD\MCCD-Calligrapher\calligrapher_dataset\王宠\僊-楷-明-王宠-22425.png,254,236,False,0.2335,0.0,clean,none,direct_use,True
mccd_salvage,王宠,行,僊,G:\GitHub\DiT\MCCD\MCCD\MCCD-Calligrapher\calligrapher_dataset\王宠\僊-行-明-王宠-22433.png,206,172,False,0.3745,0.0,clean,none,direct_use,True
mccd_salvage,王宠,楷,儀,G:\GitHub\DiT\MCCD\MCCD\MCCD-Calligrapher\calligrapher_dataset\王宠\儀-楷-明-王宠-22973.png,203,220,False,0.2437,0.0,clean,none,direct_use,True
mccd_salvage,王宠,楷,優,G:\GitHub\DiT\MCCD\MCCD\MCCD-Calligrapher\calligrapher_dataset\王宠\優-楷-明-王宠-23350.png,177,191,False,0.2781,0.0,clean,none,direct_use,True
mccd_salvage,王宠,楷,兩,G:\GitHub\DiT\MCCD\MCCD\MCCD-Calligrapher\calligrapher_dataset\王宠\兩-楷-明-王宠-25931.png,239,232,False,0.2811,0.0,clean,none,direct_use,True
mccd_salvage,王宠,楷,典,G:\GitHub\DiT\MCCD\MCCD\MCCD-Calligrapher\calligrapher_dataset\王宠\典-楷-明-王宠-27744.png,214,290,False,0.3156,0.0,clean,none,direct_use,True
mccd_salvage,王宠,楷,冠,G:\GitHub\DiT\MCCD\MCCD\MCCD-Calligrapher\calligrapher_dataset\王宠\冠-楷-明-王宠-28731.png,227,211,False,0.2709,0.0,clean,none,direct_use,True
mccd_salvage,王宠,楷,凊,G:\GitHub\DiT\MCCD\MCCD\MCCD-Calligrapher\calligrapher_dataset\王宠\凊-楷-明-王宠-29201.png,169,221,False,0.1914,0.0,clean,none,direct_use,True
mccd_salvage,王宠,行,凌,G:\GitHub\DiT\MCCD\MCCD\MCCD-Calligrapher\calligrapher_dataset\王宠\凌-行-明-王宠-29233.png,202,304,False,0.2042,0.0005,clean,none,direct_use,True
mccd_salvage,王宠,楷,切,G:\GitHub\DiT\MCCD\MCCD\MCCD-Calligrapher\calligrapher_dataset\王宠\切-楷-明-王宠-30399.png,247,242,False,0.2538,0.0,clean,none,direct_use,True
mccd_salvage,王宠,楷,制,G:\GitHub\DiT\MCCD\MCCD\MCCD-Calligrapher\calligrapher_dataset\王宠\制-楷-明-王宠-31453.png,237,219,False,0.2804,0.0,clean,none,direct_use,True
mccd_salvage,王宠,楷,劒,G:\GitHub\DiT\MCCD\MCCD\MCCD-Calligrapher\calligrapher_dataset\王宠\劒-楷-明-王宠-32716.png,230,211,False,0.267,0.0008,clean,none,direct_use,True
mccd_salvage,王宠,楷,助,G:\GitHub\DiT\MCCD\MCCD\MCCD-Calligrapher\calligrapher_dataset\王宠\助-楷-明-王宠-33162.png,229,232,False,0.3226,0.0,clean,none,direct_use,True
mccd_salvage,王宠,楷,勒,G:\GitHub\DiT\MCCD\MCCD\MCCD-Calligrapher\calligrapher_dataset\王宠\勒-楷-明-王宠-33538.png,263,244,False,0.2855,0.0,clean,none,direct_use,True
mccd_salvage,王宠,楷,勞,G:\GitHub\DiT\MCCD\MCCD\MCCD-Calligrapher\calligrapher_dataset\王宠\勞-楷-明-王宠-33884.png,183,244,False,0.29,0.0,clean,none,direct_use,True
mccd_salvage,王宠,行,勢,G:\GitHub\DiT\MCCD\MCCD\MCCD-Calligrapher\calligrapher_dataset\王宠\勢-行-明-王宠-33985.png,186,217,False,0.2627,0.0,clean,none,direct_use,True
mccd_salvage,王宠,行,勻,G:\GitHub\DiT\MCCD\MCCD\MCCD-Calligrapher\calligrapher_dataset\王宠\勻-行-明-王宠-34281.png,155,260,False,0.3071,0.0,clean,none,direct_use,True
mccd_salvage,王宠,行,匀,G:\GitHub\DiT\MCCD\MCCD\MCCD-Calligrapher\calligrapher_dataset\王宠\匀-行-明-王宠-34568.png,155,260,False,0.3071,0.0,clean,none,direct_use,True
mccd_salvage,王宠,行,卜,G:\GitHub\DiT\MCCD\MCCD\MCCD-Calligrapher\calligrapher_dataset\王宠\卜-行-明-王宠-37227.png,151,189,False,0.2329,0.0,clean,none,direct_use,True
mccd_salvage,王宠,行,危,G:\GitHub\DiT\MCCD\MCCD\MCCD-Calligrapher\calligrapher_dataset\王宠\危-行-明-王宠-37841.png,206,282,False,0.241,0.0,clean,none,direct_use,True
mccd_salvage,王宠,楷,厥,G:\GitHub\DiT\MCCD\MCCD\MCCD-Calligrapher\calligrapher_dataset\王宠\厥-楷-明-王宠-38995.png,193,176,False,0.232,0.0,clean,none,direct_use,True
mccd_salvage,王宠,楷,叔,G:\GitHub\DiT\MCCD\MCCD\MCCD-Calligrapher\calligrapher_dataset\王宠\叔-楷-明-王宠-40864.png,240,224,False,0.2238,0.0,clean,none,direct_use,True
mccd_salvage,王宠,楷,受,G:\GitHub\DiT\MCCD\MCCD\MCCD-Calligrapher\calligrapher_dataset\王宠\受-楷-明-王宠-41356.png,216,267,False,0.2529,0.0,clean,none,direct_use,True
mccd_salvage,王宠,行,吉,G:\GitHub\DiT\MCCD\MCCD\MCCD-Calligrapher\calligrapher_dataset\王宠\吉-行-明-王宠-44047.png,155,212,False,0.3023,0.0,clean,none,direct_use,True
mccd_salvage,王宠,楷,同,G:\GitHub\DiT\MCCD\MCCD\MCCD-Calligrapher\calligrapher_dataset\王宠\同-楷-明-王宠-44260.png,245,200,False,0.3449,0.0,clean,none,direct_use,True
mccd_salvage,王宠,楷,君,G:\GitHub\DiT\MCCD\MCCD\MCCD-Calligrapher\calligrapher_dataset\王宠\君-楷-明-王宠-45225.png,179,210,False,0.2717,0.0,clean,none,direct_use,True
mccd_salvage,王宠,行,吳,G:\GitHub\DiT\MCCD\MCCD\MCCD-Calligrapher\calligrapher_dataset\王宠\吳-行-明-王宠-45663.png,159,281,False,0.2456,0.0,clean,none,direct_use,True
mccd_salvage,王宠,行,吴,G:\GitHub\DiT\MCCD\MCCD\MCCD-Calligrapher\calligrapher_dataset\王宠\吴-行-明-王宠-45803.png,159,281,False,0.2456,0.0,clean,none,direct_use,True
mccd_salvage,王宠,行,呉,G:\GitHub\DiT\MCCD\MCCD\MCCD-Calligrapher\calligrapher_dataset\王宠\呉-行-明-王宠-46483.png,159,281,False,0.2456,0.0,clean,none,direct_use,True
mccd_salvage,王宠,楷,問,G:\GitHub\DiT\MCCD\MCCD\MCCD-Calligrapher\calligrapher_dataset\王宠\問-楷-明-王宠-49296.png,206,183,False,0.3049,0.0,clean,none,direct_use,True
mccd_salvage,王宠,楷,器,G:\GitHub\DiT\MCCD\MCCD\MCCD-Calligrapher\calligrapher_dataset\王宠\器-楷-明-王宠-51823.png,185,253,False,0.3252,0.0,clean,none,direct_use,True
mccd_salvage,王宠,楷,嚴,G:\GitHub\DiT\MCCD\MCCD\MCCD-Calligrapher\calligrapher_dataset\王宠\嚴-楷-明-王宠-52197.png,171,175,False,0.1745,0.0,clean,none,direct_use,True
mccd_salvage,王宠,楷,圖,G:\GitHub\DiT\MCCD\MCCD\MCCD-Calligrapher\calligrapher_dataset\王宠\圖-楷-明-王宠-53740.png,188,186,False,0.3997,0.0,clean,none,direct_use,True
mccd_salvage,王宠,行,在,G:\GitHub\DiT\MCCD\MCCD\MCCD-Calligrapher\calligrapher_dataset\王宠\在-行-明-王宠-54281.png,166,262,False,0.3831,0.0,clean,none,direct_use,True
mccd_salvage,王宠,行,塘,G:\GitHub\DiT\MCCD\MCCD\MCCD-Calligrapher\calligrapher_dataset\王宠\塘-行-明-王宠-56690.png,183,217,False,0.4155,0.0,clean,none,direct_use,True
mccd_salvage,王宠,行,塵,G:\GitHub\DiT\MCCD\MCCD\MCCD-Calligrapher\calligrapher_dataset\王宠\塵-行-明-王宠-56911.png,172,249,False,0.2895,0.0,clean,none,direct_use,True
mccd_salvage,王宠,楷,増,G:\GitHub\DiT\MCCD\MCCD\MCCD-Calligrapher\calligrapher_dataset\王宠\増-楷-明-王宠-57173.png,204,199,False,0.2484,0.0003,clean,none,direct_use,True
mccd_salvage,王宠,行,壑,G:\GitHub\DiT\MCCD\MCCD\MCCD-Calligrapher\calligrapher_dataset\王宠\壑-行-明-王宠-57705.png,247,341,False,0.2938,0.0,clean,none,direct_use,True
mccd_salvage,王宠,行,壬,G:\GitHub\DiT\MCCD\MCCD\MCCD-Calligrapher\calligrapher_dataset\王宠\壬-行-明-王宠-58201.png,171,285,False,0.4177,0.0,clean,none,direct_use,True
mccd_salvage,王宠,行,夕,G:\GitHub\DiT\MCCD\MCCD\MCCD-Calligrapher\calligrapher_dataset\王宠\夕-行-明-王宠-59158.png,189,240,False,0.4809,0.0,clean,none,direct_use,True
mccd_salvage,王宠,楷,存,G:\GitHub\DiT\MCCD\MCCD\MCCD-Calligrapher\calligrapher_dataset\王宠\存-楷-明-王宠-68240.png,208,241,False,0.2399,0.0,clean,none,direct_use,True
mccd_salvage,王宠,楷,孝,G:\GitHub\DiT\MCCD\MCCD\MCCD-Calligrapher\calligrapher_dataset\王宠\孝-楷-明-王宠-68462.png,212,274,False,0.2479,0.0021,clean,none,direct_use,True
mccd_salvage,王宠,楷,宣,G:\GitHub\DiT\MCCD\MCCD\MCCD-Calligrapher\calligrapher_dataset\王宠\宣-楷-明-王宠-71515.png,225,226,False,0.2217,0.0,clean,none,direct_use,True
mccd_salvage,王宠,楷,密,G:\GitHub\DiT\MCCD\MCCD\MCCD-Calligrapher\calligrapher_dataset\王宠\密-楷-明-王宠-73133.png,187,191,False,0.2983,0.0,clean,none,direct_use,True
mccd_salvage,王宠,楷,寒,G:\GitHub\DiT\MCCD\MCCD\MCCD-Calligrapher\calligrapher_dataset\王宠\寒-楷-明-王宠-73479.png,185,199,False,0.2103,0.0,clean,none,direct_use,True
mccd_salvage,王宠,楷,寫,G:\GitHub\DiT\MCCD\MCCD\MCCD-Calligrapher\calligrapher_dataset\王宠\寫-楷-明-王宠-74453.png,238,286,False,0.2285,0.0,clean,none,direct_use,True
mccd_salvage,王宠,行,寵,G:\GitHub\DiT\MCCD\MCCD\MCCD-Calligrapher\calligrapher_dataset\王宠\寵-行-明-王宠-74626.png,173,255,False,0.3694,0.0,clean,none,direct_use,True
mccd_salvage,王宠,行,寵,G:\GitHub\DiT\MCCD\MCCD\MCCD-Calligrapher\calligrapher_dataset\王宠\寵-行-明-王宠-74627.png,223,276,False,0.4122,0.0,clean,none,direct_use,True
mccd_salvage,王宠,行,寺,G:\GitHub\DiT\MCCD\MCCD\MCCD-Calligrapher\calligrapher_dataset\王宠\寺-行-明-王宠-74948.png,199,205,False,0.2636,0.0,clean,none,direct_use,True
mccd_salvage,王宠,楷,對,G:\GitHub\DiT\MCCD\MCCD\MCCD-Calligrapher\calligrapher_dataset\王宠\對-楷-明-王宠-76050.png,211,248,False,0.2872,0.0,clean,none,direct_use,True
mccd_salvage,王宠,行,對,G:\GitHub\DiT\MCCD\MCCD\MCCD-Calligrapher\calligrapher_dataset\王宠\對-行-明-王宠-76071.png,206,268,False,0.3007,0.0,clean,none,direct_use,True
mccd_salvage,王宠,行,層,G:\GitHub\DiT\MCCD\MCCD\MCCD-Calligrapher\calligrapher_dataset\王宠\層-行-明-王宠-78459.png,203,247,False,0.3306,0.0,clean,none,direct_use,True
mccd_salvage,王宠,行,山,G:\GitHub\DiT\MCCD\MCCD\MCCD-Calligrapher\calligrapher_dataset\王宠\山-行-明-王宠-79149.png,251,219,False,0.4008,0.0,clean,none,direct_use,True
mccd_salvage,王宠,楷,岡,G:\GitHub\DiT\MCCD\MCCD\MCCD-Calligrapher\calligrapher_dataset\王宠\岡-楷-明-王宠-79349.png,214,192,False,0.3668,0.0,clean,none,direct_use,True
mccd_salvage,王宠,行,峰,G:\GitHub\DiT\MCCD\MCCD\MCCD-Calligrapher\calligrapher_dataset\王宠\峰-行-明-王宠-79784.png,212,378,False,0.1864,0.0,clean,none,direct_use,True
mccd_salvage,王宠,楷,崐,G:\GitHub\DiT\MCCD\MCCD\MCCD-Calligrapher\calligrapher_dataset\王宠\崐-楷-明-王宠-79972.png,264,217,False,0.1898,0.0,clean,none,direct_use,True
mccd_salvage,王宠,行,崔,G:\GitHub\DiT\MCCD\MCCD\MCCD-Calligrapher\calligrapher_dataset\王宠\崔-行-明-王宠-80016.png,219,284,False,0.3342,0.0,clean,none,direct_use,True
mccd_salvage,王宠,楷,席,G:\GitHub\DiT\MCCD\MCCD\MCCD-Calligrapher\calligrapher_dataset\王宠\席-楷-明-王宠-83900.png,197,263,False,0.2295,0.0,clean,none,direct_use,True
mccd_salvage,王宠,行,床,G:\GitHub\DiT\MCCD\MCCD\MCCD-Calligrapher\calligrapher_dataset\王宠\床-行-明-王宠-85891.png,234,286,False,0.2516,0.0,clean,none,direct_use,True
mccd_salvage,王宠,行,床,G:\GitHub\DiT\MCCD\MCCD\MCCD-Calligrapher\calligrapher_dataset\王宠\床-行-明-王宠-85898.png,234,287,False,0.2514,0.0,clean,none,direct_use,True
mccd_salvage,王宠,楷,廟,G:\GitHub\DiT\MCCD\MCCD\MCCD-Calligrapher\calligrapher_dataset\王宠\廟-楷-明-王宠-87426.png,178,188,False,0.3265,0.0,clean,none,direct_use,True
mccd_salvage,王宠,楷,弱,G:\GitHub\DiT\MCCD\MCCD\MCCD-Calligrapher\calligrapher_dataset\王宠\弱-楷-明-王宠-89792.png,193,227,False,0.2375,0.0,clean,none,direct_use,True
mccd_salvage,王宠,楷,恭,G:\GitHub\DiT\MCCD\MCCD\MCCD-Calligrapher\calligrapher_dataset\王宠\恭-楷-明-王宠-97559.png,219,196,False,0.2273,0.0,clean,none,direct_use,True
mccd_salvage,王宠,楷,惡,G:\GitHub\DiT\MCCD\MCCD\MCCD-Calligrapher\calligrapher_dataset\王宠\惡-楷-明-王宠-99252.png,195,225,False,0.2541,0.0,clean,none,direct_use,True
mccd_salvage,王宠,楷,惻,G:\GitHub\DiT\MCCD\MCCD\MCCD-Calligrapher\calligrapher_dataset\王宠\惻-楷-明-王宠-99475.png,221,172,False,0.2579,0.0,clean,none,direct_use,True
mccd_salvage,王宠,楷,意,G:\GitHub\DiT\MCCD\MCCD\MCCD-Calligrapher\calligrapher_dataset\王宠\意-楷-明-王宠-99704.png,177,254,False,0.2811,0.0,clean,none,direct_use,True
mccd_salvage,王宠,楷,愛,G:\GitHub\DiT\MCCD\MCCD\MCCD-Calligrapher\calligrapher_dataset\王宠\愛-楷-明-王宠-99895.png,196,221,False,0.2165,0.0,clean,none,direct_use,True
mccd_salvage,王宠,楷,感,G:\GitHub\DiT\MCCD\MCCD\MCCD-Calligrapher\calligrapher_dataset\王宠\感-楷-明-王宠-100001.png,216,199,False,0.2603,0.0,clean,none,direct_use,True
mccd_salvage,王宠,楷,慈,G:\GitHub\DiT\MCCD\MCCD\MCCD-Calligrapher\calligrapher_dataset\王宠\慈-楷-明-王宠-100345.png,225,263,False,0.2076,0.0004,clean,none,direct_use,True
mccd_salvage,王宠,楷,慮,G:\GitHub\DiT\MCCD\MCCD\MCCD-Calligrapher\calligrapher_dataset\王宠\慮-楷-明-王宠-100759.png,177,187,False,0.2996,0.0,clean,none,direct_use,True
mccd_salvage,王宠,楷,慶,G:\GitHub\DiT\MCCD\MCCD\MCCD-Calligrapher\calligrapher_dataset\王宠\慶-楷-明-王宠-100947.png,188,218,False,0.2285,0.0,clean,none,direct_use,True
mccd_salvage,王宠,楷,懷,G:\GitHub\DiT\MCCD\MCCD\MCCD-Calligrapher\calligrapher_dataset\王宠\懷-楷-明-王宠-597.png,187,163,False,0.2191,0.0,clean,none,direct_use,True
mccd_salvage,王宠,楷,扶,G:\GitHub\DiT\MCCD\MCCD\MCCD-Calligrapher\calligrapher_dataset\王宠\扶-楷-明-王宠-4429.png,246,188,False,0.2192,0.0,clean,none,direct_use,True
mccd_salvage,王宠,行,捋,G:\GitHub\DiT\MCCD\MCCD\MCCD-Calligrapher\calligrapher_dataset\王宠\捋-行-明-王宠-6456.png,221,272,False,0.3655,0.0,clean,none,direct_use,True
mccd_salvage,王宠,楷,敬,G:\GitHub\DiT\MCCD\MCCD\MCCD-Calligrapher\calligrapher_dataset\王宠\敬-楷-明-王宠-3442.png,225,227,False,0.22,0.0,clean,none,direct_use,True
mccd_salvage,王宠,楷,昃,G:\GitHub\DiT\MCCD\MCCD\MCCD-Calligrapher\calligrapher_dataset\王宠\昃-楷-明-王宠-1762.png,159,198,False,0.1829,0.0,clean,none,direct_use,True
mccd_salvage,王宠,行,映,G:\GitHub\DiT\MCCD\MCCD\MCCD-Calligrapher\calligrapher_dataset\王宠\映-行-明-王宠-2924.png,265,202,False,0.4717,0.0,clean,none,direct_use,True
mccd_salvage,王宠,楷,晉,G:\GitHub\DiT\MCCD\MCCD\MCCD-Calligrapher\calligrapher_dataset\王宠\晉-楷-明-王宠-4078.png,180,209,False,0.2796,0.0,clean,none,direct_use,True
mccd_salvage,王宠,楷,晋,G:\GitHub\DiT\MCCD\MCCD\MCCD-Calligrapher\calligrapher_dataset\王宠\晋-楷-明-王宠-4249.png,180,209,False,0.2796,0.0,clean,none,direct_use,True
mccd_salvage,王宠,行,晦,G:\GitHub\DiT\MCCD\MCCD\MCCD-Calligrapher\calligrapher_dataset\王宠\晦-行-明-王宠-4519.png,199,204,False,0.3679,0.0,clean,none,direct_use,True
mccd_salvage,王宠,行,曉,G:\GitHub\DiT\MCCD\MCCD\MCCD-Calligrapher\calligrapher_dataset\王宠\曉-行-明-王宠-5538.png,234,251,False,0.38,0.0,clean,none,direct_use,True
mccd_salvage,王宠,楷,曦,G:\GitHub\DiT\MCCD\MCCD\MCCD-Calligrapher\calligrapher_dataset\王宠\曦-楷-明-王宠-5744.png,234,250,False,0.27,0.0,clean,none,direct_use,True
mccd_salvage,王宠,楷,曲,G:\GitHub\DiT\MCCD\MCCD\MCCD-Calligrapher\calligrapher_dataset\王宠\曲-楷-明-王宠-6308.png,174,162,False,0.374,0.0,clean,none,direct_use,True
mccd_salvage,王宠,楷,書,G:\GitHub\DiT\MCCD\MCCD\MCCD-Calligrapher\calligrapher_dataset\王宠\書-楷-明-王宠-6688.png,157,222,False,0.3093,0.0,clean,none,direct_use,True
mccd_salvage,王宠,行,月,G:\GitHub\DiT\MCCD\MCCD\MCCD-Calligrapher\calligrapher_dataset\王宠\月-行-明-王宠-7797.png,185,327,False,0.349,0.0,clean,none,direct_use,True
mccd_salvage,王宠,行,朱,G:\GitHub\DiT\MCCD\MCCD\MCCD-Calligrapher\calligrapher_dataset\王宠\朱-行-明-王宠-9918.png,240,220,False,0.2357,0.0,clean,none,direct_use,True
mccd_salvage,王宠,楷,枝,G:\GitHub\DiT\MCCD\MCCD\MCCD-Calligrapher\calligrapher_dataset\王宠\枝-楷-明-王宠-11593.png,201,164,False,0.2249,0.0,clean,none,direct_use,True
mccd_salvage,王宠,楷,棠,G:\GitHub\DiT\MCCD\MCCD\MCCD-Calligrapher\calligrapher_dataset\王宠\棠-楷-明-王宠-14111.png,216,260,False,0.2311,0.0,clean,none,direct_use,True
mccd_salvage,王宠,楷,楹,G:\GitHub\DiT\MCCD\MCCD\MCCD-Calligrapher\calligrapher_dataset\王宠\楹-楷-明-王宠-15469.png,220,212,False,0.3568,0.0,clean,none,direct_use,True
mccd_salvage,王宠,行,榻,G:\GitHub\DiT\MCCD\MCCD\MCCD-Calligrapher\calligrapher_dataset\王宠\榻-行-明-王宠-15821.png,253,262,False,0.4528,0.0,clean,none,direct_use,True
mccd_salvage,王宠,行,槊,G:\GitHub\DiT\MCCD\MCCD\MCCD-Calligrapher\calligrapher_dataset\王宠\槊-行-明-王宠-15917.png,169,250,False,0.3599,0.0,clean,none,direct_use,True
mccd_salvage,王宠,楷,槐,G:\GitHub\DiT\MCCD\MCCD\MCCD-Calligrapher\calligrapher_dataset\王宠\槐-楷-明-王宠-15991.png,249,181,False,0.2632,0.0,clean,none,direct_use,True
mccd_salvage,王宠,楷,樓,G:\GitHub\DiT\MCCD\MCCD\MCCD-Calligrapher\calligrapher_dataset\王宠\樓-楷-明-王宠-16527.png,243,235,False,0.3231,0.0,clean,none,direct_use,True
mccd_salvage,王宠,楷,樹,G:\GitHub\DiT\MCCD\MCCD\MCCD-Calligrapher\calligrapher_dataset\王宠\樹-楷-明-王宠-16819.png,210,178,False,0.2582,0.0,clean,none,direct_use,True
mccd_salvage,王宠,楷,欲,G:\GitHub\DiT\MCCD\MCCD\MCCD-Calligrapher\calligrapher_dataset\王宠\欲-楷-明-王宠-18263.png,253,189,False,0.1954,0.0,clean,none,direct_use,True
mccd_salvage,王宠,楷,武,G:\GitHub\DiT\MCCD\MCCD\MCCD-Calligrapher\calligrapher_dataset\王宠\武-楷-明-王宠-19824.png,211,205,False,0.233,0.0,clean,none,direct_use,True
mccd_salvage,王宠,楷,歸,G:\GitHub\DiT\MCCD\MCCD\MCCD-Calligrapher\calligrapher_dataset\王宠\歸-楷-明-王宠-20600.png,238,280,False,0.2621,0.0,clean,none,direct_use,True
mccd_salvage,王宠,楷,殷,G:\GitHub\DiT\MCCD\MCCD\MCCD-Calligrapher\calligrapher_dataset\王宠\殷-楷-明-王宠-21428.png,211,183,False,0.244,0.0,clean,none,direct_use,True
mccd_salvage,王宠,楷,母,G:\GitHub\DiT\MCCD\MCCD\MCCD-Calligrapher\calligrapher_dataset\王宠\母-楷-明-王宠-22343.png,224,171,False,0.286,0.0,clean,none,direct_use,True
mccd_salvage,王宠,楷,毎,G:\GitHub\DiT\MCCD\MCCD\MCCD-Calligrapher\calligrapher_dataset\王宠\毎-楷-明-王宠-22452.png,207,192,False,0.2998,0.0,clean,none,direct_use,True
mccd_salvage,王宠,楷,每,G:\GitHub\DiT\MCCD\MCCD\MCCD-Calligrapher\calligrapher_dataset\王宠\每-楷-明-王宠-22568.png,207,192,False,0.2998,0.0,clean,none,direct_use,True
mccd_salvage,王宠,楷,沛,G:\GitHub\DiT\MCCD\MCCD\MCCD-Calligrapher\calligrapher_dataset\王宠\沛-楷-明-王宠-26064.png,256,273,False,0.2055,0.0,clean,none,direct_use,True
mccd_salvage,王宠,行,油,G:\GitHub\DiT\MCCD\MCCD\MCCD-Calligrapher\calligrapher_dataset\王宠\油-行-明-王宠-26409.png,206,233,False,0.444,0.0,clean,none,direct_use,True
mccd_salvage,王宠,楷,治,G:\GitHub\DiT\MCCD\MCCD\MCCD-Calligrapher\calligrapher_dataset\王宠\治-楷-明-王宠-26494.png,189,195,False,0.2477,0.0,clean,none,direct_use,True
mccd_salvage,王宠,楷,海,G:\GitHub\DiT\MCCD\MCCD\MCCD-Calligrapher\calligrapher_dataset\王宠\海-楷-明-王宠-28498.png,263,205,False,0.2719,0.0,clean,none,direct_use,True
mccd_salvage,王宠,楷,涇,G:\GitHub\DiT\MCCD\MCCD\MCCD-Calligrapher\calligrapher_dataset\王宠\涇-楷-明-王宠-28666.png,274,214,False,0.208,0.0,clean,none,direct_use,True
mccd_salvage,王宠,楷,淵,G:\GitHub\DiT\MCCD\MCCD\MCCD-Calligrapher\calligrapher_dataset\王宠\淵-楷-明-王宠-29851.png,270,220,False,0.2979,0.0,clean,none,direct_use,True
mccd_salvage,王宠,楷,湯,G:\GitHub\DiT\MCCD\MCCD\MCCD-Calligrapher\calligrapher_dataset\王宠\湯-楷-明-王宠-31381.png,233,264,False,0.2373,0.0,clean,none,direct_use,True
mccd_salvage,王宠,楷,滅,G:\GitHub\DiT\MCCD\MCCD\MCCD-Calligrapher\calligrapher_dataset\王宠\滅-楷-明-王宠-31996.png,235,184,False,0.2093,0.0,clean,none,direct_use,True
mccd_salvage,王宠,行,濤,G:\GitHub\DiT\MCCD\MCCD\MCCD-Calligrapher\calligrapher_dataset\王宠\濤-行-明-王宠-34138.png,225,341,False,0.4139,0.0,clean,none,direct_use,True
mccd_salvage,王宠,楷,烝,G:\GitHub\DiT\MCCD\MCCD\MCCD-Calligrapher\calligrapher_dataset\王宠\烝-楷-明-王宠-36416.png,215,254,False,0.2235,0.0,clean,none,direct_use,True
mccd_salvage,王宠,楷,燭,G:\GitHub\DiT\MCCD\MCCD\MCCD-Calligrapher\calligrapher_dataset\王宠\燭-楷-明-王宠-38695.png,193,178,False,0.3056,0.0,clean,none,direct_use,True
mccd_salvage,王宠,楷,爵,G:\GitHub\DiT\MCCD\MCCD\MCCD-Calligrapher\calligrapher_dataset\王宠\爵-楷-明-王宠-39982.png,158,225,False,0.2629,0.0,clean,none,direct_use,True
mccd_salvage,王宠,楷,牋,G:\GitHub\DiT\MCCD\MCCD\MCCD-Calligrapher\calligrapher_dataset\王宠\牋-楷-明-王宠-40589.png,255,222,False,0.2314,0.0,clean,none,direct_use,True
mccd_salvage,王宠,楷,猶,G:\GitHub\DiT\MCCD\MCCD\MCCD-Calligrapher\calligrapher_dataset\王宠\猶-楷-明-王宠-42718.png,225,182,False,0.2571,0.0,clean,none,direct_use,True
mccd_salvage,王宠,行,猶,G:\GitHub\DiT\MCCD\MCCD\MCCD-Calligrapher\calligrapher_dataset\王宠\猶-行-明-王宠-42736.png,193,247,False,0.3351,0.0,clean,none,direct_use,True
mccd_salvage,王宠,行,王,G:\GitHub\DiT\MCCD\MCCD\MCCD-Calligrapher\calligrapher_dataset\王宠\王-行-明-王宠-44440.png,176,346,False,0.4499,0.0,clean,none,direct_use,True
mccd_salvage,王宠,楷,琁,G:\GitHub\DiT\MCCD\MCCD\MCCD-Calligrapher\calligrapher_dataset\王宠\琁-楷-明-王宠-45120.png,267,208,False,0.2814,0.0,clean,none,direct_use,True
mccd_salvage,王宠,楷,璣,G:\GitHub\DiT\MCCD\MCCD\MCCD-Calligrapher\calligrapher_dataset\王宠\璣-楷-明-王宠-46123.png,203,222,False,0.293,0.0,clean,none,direct_use,True
mccd_salvage,王宠,行,甫,G:\GitHub\DiT\MCCD\MCCD\MCCD-Calligrapher\calligrapher_dataset\王宠\甫-行-明-王宠-48055.png,220,312,False,0.4531,0.0001,clean,none,direct_use,True
mccd_salvage,王宠,楷,男,G:\GitHub\DiT\MCCD\MCCD\MCCD-Calligrapher\calligrapher_dataset\王宠\男-楷-明-王宠-48997.png,191,256,False,0.3014,0.0,clean,none,direct_use,True
mccd_salvage,王宠,楷,畏,G:\GitHub\DiT\MCCD\MCCD\MCCD-Calligrapher\calligrapher_dataset\王宠\畏-楷-明-王宠-49315.png,169,172,False,0.2385,0.0,clean,none,direct_use,True
mccd_salvage,王宠,楷,畝,G:\GitHub\DiT\MCCD\MCCD\MCCD-Calligrapher\calligrapher_dataset\王宠\畝-楷-明-王宠-49580.png,243,182,False,0.2417,0.0,clean,none,direct_use,True
mccd_salvage,王宠,楷,畫,G:\GitHub\DiT\MCCD\MCCD\MCCD-Calligrapher\calligrapher_dataset\王宠\畫-楷-明-王宠-49891.png,175,260,False,0.3119,0.0004,clean,none,direct_use,True
mccd_salvage,王宠,行,畫,G:\GitHub\DiT\MCCD\MCCD\MCCD-Calligrapher\calligrapher_dataset\王宠\畫-行-明-王宠-49901.png,166,316,False,0.4534,0.0,clean,none,direct_use,True
mccd_salvage,王宠,楷,疲,G:\GitHub\DiT\MCCD\MCCD\MCCD-Calligrapher\calligrapher_dataset\王宠\疲-楷-明-王宠-51010.png,243,189,False,0.2102,0.0,clean,none,direct_use,True
mccd_salvage,王宠,行,白,G:\GitHub\DiT\MCCD\MCCD\MCCD-Calligrapher\calligrapher_dataset\王宠\白-行-明-王宠-53114.png,223,253,False,0.4067,0.0003,clean,none,direct_use,True
mccd_salvage,王宠,楷,皇,G:\GitHub\DiT\MCCD\MCCD\MCCD-Calligrapher\calligrapher_dataset\王宠\皇-楷-明-王宠-53814.png,156,178,False,0.2352,0.0,clean,none,direct_use,True
mccd_salvage,王宠,楷,盈,G:\GitHub\DiT\MCCD\MCCD\MCCD-Calligrapher\calligrapher_dataset\王宠\盈-楷-明-王宠-54357.png,183,228,False,0.2652,0.0,clean,none,direct_use,True
mccd_salvage,王宠,楷,盖,G:\GitHub\DiT\MCCD\MCCD\MCCD-Calligrapher\calligrapher_dataset\王宠\盖-楷-明-王宠-54664.png,181,273,False,0.2908,0.0,clean,none,direct_use,True
mccd_salvage,王宠,楷,盡,G:\GitHub\DiT\MCCD\MCCD\MCCD-Calligrapher\calligrapher_dataset\王宠\盡-楷-明-王宠-55041.png,167,261,False,0.2998,0.0,clean,none,direct_use,True
mccd_salvage,王宠,行,盤,G:\GitHub\DiT\MCCD\MCCD\MCCD-Calligrapher\calligrapher_dataset\王宠\盤-行-明-王宠-55243.png,163,263,False,0.4329,0.0,clean,none,direct_use,True
mccd_salvage,王宠,楷,眠,G:\GitHub\DiT\MCCD\MCCD\MCCD-Calligrapher\calligrapher_dataset\王宠\眠-楷-明-王宠-56869.png,250,208,False,0.2152,0.0,clean,none,direct_use,True
mccd_salvage,王宠,楷,睦,G:\GitHub\DiT\MCCD\MCCD\MCCD-Calligrapher\calligrapher_dataset\王宠\睦-楷-明-王宠-57571.png,192,217,False,0.2429,0.0,clean,none,direct_use,True
mccd_salvage,王宠,楷,短,G:\GitHub\DiT\MCCD\MCCD\MCCD-Calligrapher\calligrapher_dataset\王宠\短-楷-明-王宠-58821.png,198,181,False,0.2448,0.0,clean,none,direct_use,True
mccd_salvage,王宠,楷,矯,G:\GitHub\DiT\MCCD\MCCD\MCCD-Calligrapher\calligrapher_dataset\王宠\矯-楷-明-王宠-58878.png,233,213,False,0.3005,0.0,clean,none,direct_use,True
mccd_salvage,王宠,行,石,G:\GitHub\DiT\MCCD\MCCD\MCCD-Calligrapher\calligrapher_dataset\王宠\石-行-明-王宠-59110.png,199,310,False,0.2195,0.0,clean,none,direct_use,True
mccd_salvage,王宠,行,碧,G:\GitHub\DiT\MCCD\MCCD\MCCD-Calligrapher\calligrapher_dataset\王宠\碧-行-明-王宠-59818.png,176,252,False,0.4095,0.0,clean,none,direct_use,True
mccd_salvage,王宠,楷,磐,G:\GitHub\DiT\MCCD\MCCD\MCCD-Calligrapher\calligrapher_dataset\王宠\磐-楷-明-王宠-59999.png,175,257,False,0.266,0.0,clean,none,direct_use,True
mccd_salvage,王宠,行,社,G:\GitHub\DiT\MCCD\MCCD\MCCD-Calligrapher\calligrapher_dataset\王宠\社-行-明-王宠-60710.png,242,191,False,0.3267,0.0,clean,none,direct_use,True
mccd_salvage,王宠,楷,祜,G:\GitHub\DiT\MCCD\MCCD\MCCD-Calligrapher\calligrapher_dataset\王宠\祜-楷-明-王宠-61251.png,232,222,False,0.3124,0.0,clean,none,direct_use,True
mccd_salvage,王宠,楷,祭,G:\GitHub\DiT\MCCD\MCCD\MCCD-Calligrapher\calligrapher_dataset\王宠\祭-楷-明-王宠-61703.png,179,164,False,0.2595,0.0,clean,none,direct_use,True
mccd_salvage,王宠,行,福,G:\GitHub\DiT\MCCD\MCCD\MCCD-Calligrapher\calligrapher_dataset\王宠\福-行-明-王宠-62173.png,226,360,False,0.306,0.0,clean,none,direct_use,True
mccd_salvage,王宠,行,禪,G:\GitHub\DiT\MCCD\MCCD\MCCD-Calligrapher\calligrapher_dataset\王宠\禪-行-明-王宠-62382.png,268,441,False,0.2466,0.0,clean,none,direct_use,True
mccd_salvage,王宠,楷,禹,G:\GitHub\DiT\MCCD\MCCD\MCCD-Calligrapher\calligrapher_dataset\王宠\禹-楷-明-王宠-62622.png,248,257,False,0.28,0.0,clean,none,direct_use,True
mccd_salvage,王宠,楷,禽,G:\GitHub\DiT\MCCD\MCCD\MCCD-Calligrapher\calligrapher_dataset\王宠\禽-楷-明-王宠-62751.png,229,205,False,0.2559,0.0,clean,none,direct_use,True
mccd_salvage,王宠,楷,秉,G:\GitHub\DiT\MCCD\MCCD\MCCD-Calligrapher\calligrapher_dataset\王宠\秉-楷-明-王宠-63142.png,209,254,False,0.2704,0.0,clean,none,direct_use,True
mccd_salvage,王宠,楷,穡,G:\GitHub\DiT\MCCD\MCCD\MCCD-Calligrapher\calligrapher_dataset\王宠\穡-楷-明-王宠-64966.png,264,238,False,0.3029,0.0,clean,none,direct_use,True
mccd_salvage,王宠,楷,等,G:\GitHub\DiT\MCCD\MCCD\MCCD-Calligrapher\calligrapher_dataset\王宠\等-楷-明-王宠-67605.png,156,241,False,0.2132,0.0,clean,none,direct_use,True
mccd_salvage,王宠,楷,箱,G:\GitHub\DiT\MCCD\MCCD\MCCD-Calligrapher\calligrapher_dataset\王宠\箱-楷-明-王宠-68303.png,208,241,False,0.2918,0.0,clean,none,direct_use,True
mccd_salvage,王宠,楷,籍,G:\GitHub\DiT\MCCD\MCCD\MCCD-Calligrapher\calligrapher_dataset\王宠\籍-楷-明-王宠-69436.png,210,257,False,0.2983,0.0,clean,none,direct_use,True
mccd_salvage,王宠,楷,糠,G:\GitHub\DiT\MCCD\MCCD\MCCD-Calligrapher\calligrapher_dataset\王宠\糠-楷-明-王宠-70378.png,226,234,False,0.3111,0.0,clean,none,direct_use,True
mccd_salvage,王宠,楷,索,G:\GitHub\DiT\MCCD\MCCD\MCCD-Calligrapher\calligrapher_dataset\王宠\索-楷-明-王宠-71396.png,235,287,False,0.2963,0.0,clean,none,direct_use,True
mccd_salvage,王宠,楷,組,G:\GitHub\DiT\MCCD\MCCD\MCCD-Calligrapher\calligrapher_dataset\王宠\組-楷-明-王宠-72081.png,253,208,False,0.3061,0.0,clean,none,direct_use,True
mccd_salvage,王宠,行,結,G:\GitHub\DiT\MCCD\MCCD\MCCD-Calligrapher\calligrapher_dataset\王宠\結-行-明-王宠-72199.png,179,167,False,0.3469,0.0,clean,none,direct_use,True
mccd_salvage,王宠,楷,絲,G:\GitHub\DiT\MCCD\MCCD\MCCD-Calligrapher\calligrapher_dataset\王宠\絲-楷-明-王宠-72686.png,219,172,False,0.25,0.0004,clean,none,direct_use,True
mccd_salvage,王宠,楷,綏,G:\GitHub\DiT\MCCD\MCCD\MCCD-Calligrapher\calligrapher_dataset\王宠\綏-楷-明-王宠-73013.png,258,198,False,0.3,0.0,clean,none,direct_use,True
mccd_salvage,王宠,楷,經,G:\GitHub\DiT\MCCD\MCCD\MCCD-Calligrapher\calligrapher_dataset\王宠\經-楷-明-王宠-73118.png,266,243,False,0.2719,0.0,clean,none,direct_use,True
mccd_salvage,王宠,行,綠,G:\GitHub\DiT\MCCD\MCCD\MCCD-Calligrapher\calligrapher_dataset\王宠\綠-行-明-王宠-73252.png,196,231,False,0.3065,0.0,clean,none,direct_use,True
mccd_salvage,王宠,楷,綵,G:\GitHub\DiT\MCCD\MCCD\MCCD-Calligrapher\calligrapher_dataset\王宠\綵-楷-明-王宠-73518.png,215,184,False,0.2159,0.0,clean,none,direct_use,True
mccd_salvage,王宠,楷,綺,G:\GitHub\DiT\MCCD\MCCD\MCCD-Calligrapher\calligrapher_dataset\王宠\綺-楷-明-王宠-73569.png,198,210,False,0.2345,0.0,clean,none,direct_use,True
mccd_salvage,王宠,行,緑,G:\GitHub\DiT\MCCD\MCCD\MCCD-Calligrapher\calligrapher_dataset\王宠\緑-行-明-王宠-73814.png,196,231,False,0.3065,0.0,clean,none,direct_use,True
mccd_salvage,王宠,楷,罔,G:\GitHub\DiT\MCCD\MCCD\MCCD-Calligrapher\calligrapher_dataset\王宠\罔-楷-明-王宠-76220.png,216,191,False,0.3515,0.0,clean,none,direct_use,True
mccd_salvage,王宠,楷,義,G:\GitHub\DiT\MCCD\MCCD\MCCD-Calligrapher\calligrapher_dataset\王宠\義-楷-明-王宠-77819.png,247,313,False,0.222,0.0,clean,none,direct_use,True
mccd_salvage,王宠,楷,羽,G:\GitHub\DiT\MCCD\MCCD\MCCD-Calligrapher\calligrapher_dataset\王宠\羽-楷-明-王宠-78151.png,229,212,False,0.2757,0.0,clean,none,direct_use,True
mccd_salvage,王宠,楷,習,G:\GitHub\DiT\MCCD\MCCD\MCCD-Calligrapher\calligrapher_dataset\王宠\習-楷-明-王宠-78438.png,159,195,False,0.3494,0.0,clean,none,direct_use,True
mccd_salvage,王宠,行,翠,G:\GitHub\DiT\MCCD\MCCD\MCCD-Calligrapher\calligrapher_dataset\王宠\翠-行-明-王宠-78616.png,161,336,False,0.4089,0.0,clean,none,direct_use,True
mccd_salvage,王宠,楷,翳,G:\GitHub\DiT\MCCD\MCCD\MCCD-Calligrapher\calligrapher_dataset\王宠\翳-楷-明-王宠-78883.png,194,233,False,0.3677,0.0,clean,none,direct_use,True
mccd_salvage,王宠,行,者,G:\GitHub\DiT\MCCD\MCCD\MCCD-Calligrapher\calligrapher_dataset\王宠\者-行-明-王宠-80211.png,170,277,False,0.3963,0.0,clean,none,direct_use,True
mccd_salvage,王宠,楷,職,G:\GitHub\DiT\MCCD\MCCD\MCCD-Calligrapher\calligrapher_dataset\王宠\職-楷-明-王宠-82264.png,216,183,False,0.2864,0.0,clean,none,direct_use,True
mccd_salvage,王宠,楷,聽,G:\GitHub\DiT\MCCD\MCCD\MCCD-Calligrapher\calligrapher_dataset\王宠\聽-楷-明-王宠-82347.png,218,219,False,0.3134,0.0,clean,none,direct_use,True
mccd_salvage,王宠,楷,肥,G:\GitHub\DiT\MCCD\MCCD\MCCD-Calligrapher\calligrapher_dataset\王宠\肥-楷-明-王宠-82929.png,213,148,False,0.251,0.0,clean,none,direct_use,True
mccd_salvage,王宠,楷,腸,G:\GitHub\DiT\MCCD\MCCD\MCCD-Calligrapher\calligrapher_dataset\王宠\腸-楷-明-王宠-84899.png,203,245,False,0.282,0.0,clean,none,direct_use,True
mccd_salvage,王宠,行,舟,G:\GitHub\DiT\MCCD\MCCD\MCCD-Calligrapher\calligrapher_dataset\王宠\舟-行-明-王宠-88543.png,250,229,False,0.2796,0.0,clean,none,direct_use,True
mccd_salvage,王宠,行,舟,G:\GitHub\DiT\MCCD\MCCD\MCCD-Calligrapher\calligrapher_dataset\王宠\舟-行-明-王宠-88546.png,205,260,False,0.3191,0.0,clean,none,direct_use,True
mccd_salvage,王宠,楷,芥,G:\GitHub\DiT\MCCD\MCCD\MCCD-Calligrapher\calligrapher_dataset\王宠\芥-楷-明-王宠-89562.png,193,182,False,0.1833,0.002,clean,none,direct_use,True
mccd_salvage,王宠,行,苕,G:\GitHub\DiT\MCCD\MCCD\MCCD-Calligrapher\calligrapher_dataset\王宠\苕-行-明-王宠-89995.png,160,257,False,0.2775,0.0,clean,none,direct_use,True
mccd_salvage,王宠,行,苗,G:\GitHub\DiT\MCCD\MCCD\MCCD-Calligrapher\calligrapher_dataset\王宠\苗-行-明-王宠-90023.png,169,210,False,0.3734,0.0,clean,none,direct_use,True
mccd_salvage,王宠,楷,茂,G:\GitHub\DiT\MCCD\MCCD\MCCD-Calligrapher\calligrapher_dataset\王宠\茂-楷-明-王宠-90738.png,208,232,False,0.186,0.0,clean,none,direct_use,True
mccd_salvage,王宠,行,草,G:\GitHub\DiT\MCCD\MCCD\MCCD-Calligrapher\calligrapher_dataset\王宠\草-行-明-王宠-91330.png,160,360,False,0.2459,0.0,clean,none,direct_use,True
mccd_salvage,王宠,楷,菜,G:\GitHub\DiT\MCCD\MCCD\MCCD-Calligrapher\calligrapher_dataset\王宠\菜-楷-明-王宠-92386.png,198,235,False,0.1931,0.0,clean,none,direct_use,True
mccd_salvage,王宠,行,蓮,G:\GitHub\DiT\MCCD\MCCD\MCCD-Calligrapher\calligrapher_dataset\王宠\蓮-行-明-王宠-94673.png,216,225,False,0.3342,0.0,clean,none,direct_use,True
mccd_salvage,王宠,行,蕉,G:\GitHub\DiT\MCCD\MCCD\MCCD-Calligrapher\calligrapher_dataset\王宠\蕉-行-明-王宠-95264.png,198,203,False,0.2796,0.0,clean,none,direct_use,True
mccd_salvage,王宠,楷,蕳,G:\GitHub\DiT\MCCD\MCCD\MCCD-Calligrapher\calligrapher_dataset\王宠\蕳-楷-明-王宠-95546.png,187,251,False,0.3087,0.0,clean,none,direct_use,True
mccd_salvage,王宠,楷,蘭,G:\GitHub\DiT\MCCD\MCCD\MCCD-Calligrapher\calligrapher_dataset\王宠\蘭-楷-明-王宠-96966.png,170,197,False,0.276,0.0,clean,none,direct_use,True
mccd_salvage,王宠,楷,虚,G:\GitHub\DiT\MCCD\MCCD\MCCD-Calligrapher\calligrapher_dataset\王宠\虚-楷-明-王宠-97708.png,168,207,False,0.2679,0.0,clean,none,direct_use,True
mccd_salvage,王宠,楷,虛,G:\GitHub\DiT\MCCD\MCCD\MCCD-Calligrapher\calligrapher_dataset\王宠\虛-楷-明-王宠-97814.png,168,207,False,0.2679,0.0,clean,none,direct_use,True
mccd_salvage,王宠,楷,虞,G:\GitHub\DiT\MCCD\MCCD\MCCD-Calligrapher\calligrapher_dataset\王宠\虞-楷-明-王宠-97921.png,220,268,False,0.235,0.0,clean,none,direct_use,True
mccd_salvage,王宠,行,虞,G:\GitHub\DiT\MCCD\MCCD\MCCD-Calligrapher\calligrapher_dataset\王宠\虞-行-明-王宠-97927.png,173,221,False,0.3401,0.0,clean,none,direct_use,True
mccd_salvage,王宠,楷,虢,G:\GitHub\DiT\MCCD\MCCD\MCCD-Calligrapher\calligrapher_dataset\王宠\虢-楷-明-王宠-98083.png,199,236,False,0.3025,0.0,clean,none,direct_use,True
mccd_salvage,王宠,楷,虧,G:\GitHub\DiT\MCCD\MCCD\MCCD-Calligrapher\calligrapher_dataset\王宠\虧-楷-明-王宠-98156.png,220,224,False,0.2782,0.0,clean,none,direct_use,True
mccd_salvage,王宠,楷,衡,G:\GitHub\DiT\MCCD\MCCD\MCCD-Calligrapher\calligrapher_dataset\王宠\衡-楷-明-王宠-101544.png,210,192,False,0.24,0.0,clean,none,direct_use,True
mccd_salvage,王宠,行,表,G:\GitHub\DiT\MCCD\MCCD\MCCD-Calligrapher\calligrapher_dataset\王宠\表-行-明-王宠-101849.png,181,339,False,0.2608,0.0,clean,none,direct_use,True
mccd_salvage,王宠,行,袍,G:\GitHub\DiT\MCCD\MCCD\MCCD-Calligrapher\calligrapher_dataset\王宠\袍-行-明-王宠-102180.png,210,214,False,0.2734,0.0,clean,none,direct_use,True
mccd_salvage,王宠,楷,觴,G:\GitHub\DiT\MCCD\MCCD\MCCD-Calligrapher\calligrapher_dataset\王宠\觴-楷-明-王宠-105741.png,238,241,False,0.3215,0.0,clean,none,direct_use,True
mccd_salvage,王宠,楷,諸,G:\GitHub\DiT\MCCD\MCCD\MCCD-Calligrapher\calligrapher_dataset\王宠\諸-楷-明-王宠-109821.png,222,215,False,0.3113,0.0,clean,none,direct_use,True
mccd_salvage,王宠,楷,謹,G:\GitHub\DiT\MCCD\MCCD\MCCD-Calligrapher\calligrapher_dataset\王宠\謹-楷-明-王宠-110627.png,197,202,False,0.2773,0.0,clean,none,direct_use,True
mccd_salvage,王宠,楷,讀,G:\GitHub\DiT\MCCD\MCCD\MCCD-Calligrapher\calligrapher_dataset\王宠\讀-楷-明-王宠-111336.png,244,294,False,0.2705,0.0,clean,none,direct_use,True
mccd_salvage,王宠,楷,谿,G:\GitHub\DiT\MCCD\MCCD\MCCD-Calligrapher\calligrapher_dataset\王宠\谿-楷-明-王宠-111867.png,214,224,False,0.3002,0.0,clean,none,direct_use,True
mccd_salvage,王宠,楷,貌,G:\GitHub\DiT\MCCD\MCCD\MCCD-Calligrapher\calligrapher_dataset\王宠\貌-楷-明-王宠-113055.png,212,205,False,0.2761,0.0,clean,none,direct_use,True
mccd_salvage,王宠,楷,貴,G:\GitHub\DiT\MCCD\MCCD\MCCD-Calligrapher\calligrapher_dataset\王宠\貴-楷-明-王宠-114124.png,205,268,False,0.262,0.0,clean,none,direct_use,True
mccd_salvage,王宠,楷,賊,G:\GitHub\DiT\MCCD\MCCD\MCCD-Calligrapher\calligrapher_dataset\王宠\賊-楷-明-王宠-114678.png,251,197,False,0.2846,0.0,clean,none,direct_use,True
mccd_salvage,王宠,楷,賓,G:\GitHub\DiT\MCCD\MCCD\MCCD-Calligrapher\calligrapher_dataset\王宠\賓-楷-明-王宠-114772.png,221,248,False,0.2554,0.0,clean,none,direct_use,True
mccd_salvage,王宠,楷,賞,G:\GitHub\DiT\MCCD\MCCD\MCCD-Calligrapher\calligrapher_dataset\王宠\賞-楷-明-王宠-114976.png,167,201,False,0.2687,0.0,clean,none,direct_use,True
mccd_salvage,王宠,楷,賢,G:\GitHub\DiT\MCCD\MCCD\MCCD-Calligrapher\calligrapher_dataset\王宠\賢-楷-明-王宠-115076.png,253,263,False,0.2464,0.0003,clean,none,direct_use,True
mccd_salvage,王宠,楷,賤,G:\GitHub\DiT\MCCD\MCCD\MCCD-Calligrapher\calligrapher_dataset\王宠\賤-楷-明-王宠-115192.png,248,202,False,0.2564,0.0,clean,none,direct_use,True
mccd_salvage,王宠,楷,起,G:\GitHub\DiT\MCCD\MCCD\MCCD-Calligrapher\calligrapher_dataset\王宠\起-楷-明-王宠-116448.png,248,210,False,0.1963,0.0,clean,none,direct_use,True
mccd_salvage,王宠,楷,跡,G:\GitHub\DiT\MCCD\MCCD\MCCD-Calligrapher\calligrapher_dataset\王宠\跡-楷-明-王宠-117371.png,222,175,False,0.2745,0.0,clean,none,direct_use,True
mccd_salvage,王宠,楷,踐,G:\GitHub\DiT\MCCD\MCCD\MCCD-Calligrapher\calligrapher_dataset\王宠\踐-楷-明-王宠-117697.png,213,209,False,0.2247,0.0,clean,none,direct_use,True
mccd_salvage,王宠,行,軟,G:\GitHub\DiT\MCCD\MCCD\MCCD-Calligrapher\calligrapher_dataset\王宠\軟-行-明-王宠-119371.png,221,202,False,0.3591,0.0002,clean,none,direct_use,True
mccd_salvage,王宠,楷,載,G:\GitHub\DiT\MCCD\MCCD\MCCD-Calligrapher\calligrapher_dataset\王宠\載-楷-明-王宠-119730.png,206,215,False,0.2724,0.0,clean,none,direct_use,True
mccd_salvage,王宠,楷,輦,G:\GitHub\DiT\MCCD\MCCD\MCCD-Calligrapher\calligrapher_dataset\王宠\輦-楷-明-王宠-120133.png,181,260,False,0.3341,0.0,clean,none,direct_use,True
mccd_salvage,王宠,楷,轂,G:\GitHub\DiT\MCCD\MCCD\MCCD-Calligrapher\calligrapher_dataset\王宠\轂-楷-明-王宠-120488.png,213,225,False,0.2408,0.0,clean,none,direct_use,True
mccd_salvage,王宠,楷,轉,G:\GitHub\DiT\MCCD\MCCD\MCCD-Calligrapher\calligrapher_dataset\王宠\轉-楷-明-王宠-120581.png,225,242,False,0.3208,0.0,clean,none,direct_use,True
mccd_salvage,王宠,楷,辭,G:\GitHub\DiT\MCCD\MCCD\MCCD-Calligrapher\calligrapher_dataset\王宠\辭-楷-明-王宠-121751.png,235,290,False,0.2711,0.0,clean,none,direct_use,True
mccd_salvage,王宠,行,辰,G:\GitHub\DiT\MCCD\MCCD\MCCD-Calligrapher\calligrapher_dataset\王宠\辰-行-明-王宠-122005.png,270,310,False,0.3602,0.0,clean,none,direct_use,True
mccd_salvage,王宠,楷,農,G:\GitHub\DiT\MCCD\MCCD\MCCD-Calligrapher\calligrapher_dataset\王宠\農-楷-明-王宠-122133.png,181,221,False,0.2732,0.0,clean,none,direct_use,True
mccd_salvage,王宠,楷,退,G:\GitHub\DiT\MCCD\MCCD\MCCD-Calligrapher\calligrapher_dataset\王宠\退-楷-明-王宠-123182.png,232,219,False,0.2443,0.0,clean,none,direct_use,True
mccd_salvage,王宠,行,送,G:\GitHub\DiT\MCCD\MCCD\MCCD-Calligrapher\calligrapher_dataset\王宠\送-行-明-王宠-123262.png,195,199,False,0.2783,0.0,clean,none,direct_use,True
mccd_salvage,王宠,楷,連,G:\GitHub\DiT\MCCD\MCCD\MCCD-Calligrapher\calligrapher_dataset\王宠\連-楷-明-王宠-124079.png,211,206,False,0.2596,0.0,clean,none,direct_use,True
mccd_salvage,王宠,楷,過,G:\GitHub\DiT\MCCD\MCCD\MCCD-Calligrapher\calligrapher_dataset\王宠\過-楷-明-王宠-124901.png,244,224,False,0.3022,0.0,clean,none,direct_use,True
mccd_salvage,王宠,行,過,G:\GitHub\DiT\MCCD\MCCD\MCCD-Calligrapher\calligrapher_dataset\王宠\過-行-明-王宠-124920.png,199,213,False,0.3182,0.0,clean,none,direct_use,True
mccd_salvage,王宠,楷,遐,G:\GitHub\DiT\MCCD\MCCD\MCCD-Calligrapher\calligrapher_dataset\王宠\遐-楷-明-王宠-124994.png,236,223,False,0.252,0.0,clean,none,direct_use,True
mccd_salvage,王宠,行,還,G:\GitHub\DiT\MCCD\MCCD\MCCD-Calligrapher\calligrapher_dataset\王宠\還-行-明-王宠-126617.png,258,302,False,0.2969,0.0003,clean,none,direct_use,True
mccd_salvage,王宠,楷,邇,G:\GitHub\DiT\MCCD\MCCD\MCCD-Calligrapher\calligrapher_dataset\王宠\邇-楷-明-王宠-126696.png,185,189,False,0.3134,0.0,clean,none,direct_use,True
mccd_salvage,王宠,楷,酒,G:\GitHub\DiT\MCCD\MCCD\MCCD-Calligrapher\calligrapher_dataset\王宠\酒-楷-明-王宠-129932.png,191,189,False,0.3467,0.0,clean,none,direct_use,True
mccd_salvage,王宠,行,重,G:\GitHub\DiT\MCCD\MCCD\MCCD-Calligrapher\calligrapher_dataset\王宠\重-行-明-王宠-131235.png,226,265,False,0.3003,0.0,clean,none,direct_use,True
mccd_salvage,王宠,楷,野,G:\GitHub\DiT\MCCD\MCCD\MCCD-Calligrapher\calligrapher_dataset\王宠\野-楷-明-王宠-131314.png,216,222,False,0.2276,0.0,clean,none,direct_use,True
mccd_salvage,王宠,行,金,G:\GitHub\DiT\MCCD\MCCD\MCCD-Calligrapher\calligrapher_dataset\王宠\金-行-明-王宠-131891.png,233,171,False,0.2355,0.0,clean,none,direct_use,True
mccd_salvage,王宠,楷,鑒,G:\GitHub\DiT\MCCD\MCCD\MCCD-Calligrapher\calligrapher_dataset\王宠\鑒-楷-明-王宠-135225.png,200,259,False,0.2542,0.0,clean,none,direct_use,True
mccd_salvage,王宠,行,閃,G:\GitHub\DiT\MCCD\MCCD\MCCD-Calligrapher\calligrapher_dataset\王宠\閃-行-明-王宠-136076.png,226,216,False,0.3451,0.0,clean,none,direct_use,True
mccd_salvage,王宠,楷,閏,G:\GitHub\DiT\MCCD\MCCD\MCCD-Calligrapher\calligrapher_dataset\王宠\閏-楷-明-王宠-136298.png,222,214,False,0.3169,0.0,clean,none,direct_use,True
mccd_salvage,王宠,楷,闕,G:\GitHub\DiT\MCCD\MCCD\MCCD-Calligrapher\calligrapher_dataset\王宠\闕-楷-明-王宠-137067.png,204,206,False,0.3115,0.0,clean,none,direct_use,True
mccd_salvage,王宠,楷,階,G:\GitHub\DiT\MCCD\MCCD\MCCD-Calligrapher\calligrapher_dataset\王宠\階-楷-明-王宠-139379.png,207,188,False,0.3227,0.0,clean,none,direct_use,True
mccd_salvage,王宠,楷,隨,G:\GitHub\DiT\MCCD\MCCD\MCCD-Calligrapher\calligrapher_dataset\王宠\隨-楷-明-王宠-139653.png,222,222,False,0.306,0.0,clean,none,direct_use,True
mccd_salvage,王宠,楷,隱,G:\GitHub\DiT\MCCD\MCCD\MCCD-Calligrapher\calligrapher_dataset\王宠\隱-楷-明-王宠-139839.png,184,185,False,0.2558,0.0,clean,none,direct_use,True
mccd_salvage,王宠,楷,隸,G:\GitHub\DiT\MCCD\MCCD\MCCD-Calligrapher\calligrapher_dataset\王宠\隸-楷-明-王宠-139989.png,236,245,False,0.2675,0.0,clean,none,direct_use,True
mccd_salvage,王宠,行,雀,G:\GitHub\DiT\MCCD\MCCD\MCCD-Calligrapher\calligrapher_dataset\王宠\雀-行-明-王宠-140367.png,217,380,False,0.3077,0.0,clean,none,direct_use,True
mccd_salvage,王宠,楷,雅,G:\GitHub\DiT\MCCD\MCCD\MCCD-Calligrapher\calligrapher_dataset\王宠\雅-楷-明-王宠-140517.png,246,229,False,0.2836,0.0,clean,none,direct_use,True
mccd_salvage,王宠,行,雅,G:\GitHub\DiT\MCCD\MCCD\MCCD-Calligrapher\calligrapher_dataset\王宠\雅-行-明-王宠-140537.png,195,300,False,0.3049,0.0004,clean,none,direct_use,True
mccd_salvage,王宠,楷,難,G:\GitHub\DiT\MCCD\MCCD\MCCD-Calligrapher\calligrapher_dataset\王宠\難-楷-明-王宠-141436.png,188,172,False,0.3077,0.0009,clean,none,direct_use,True
mccd_salvage,王宠,行,雨,G:\GitHub\DiT\MCCD\MCCD\MCCD-Calligrapher\calligrapher_dataset\王宠\雨-行-明-王宠-141703.png,178,192,False,0.5016,0.0,clean,none,direct_use,True
mccd_salvage,王宠,行,雲,G:\GitHub\DiT\MCCD\MCCD\MCCD-Calligrapher\calligrapher_dataset\王宠\雲-行-明-王宠-141968.png,206,291,False,0.341,0.0,clean,none,direct_use,True
mccd_salvage,王宠,行,露,G:\GitHub\DiT\MCCD\MCCD\MCCD-Calligrapher\calligrapher_dataset\王宠\露-行-明-王宠-142782.png,179,269,False,0.3546,0.0,clean,none,direct_use,True
mccd_salvage,王宠,行,露,G:\GitHub\DiT\MCCD\MCCD\MCCD-Calligrapher\calligrapher_dataset\王宠\露-行-明-王宠-142783.png,215,286,False,0.3028,0.0025,clean,none,direct_use,True
mccd_salvage,王宠,行,靄,G:\GitHub\DiT\MCCD\MCCD\MCCD-Calligrapher\calligrapher_dataset\王宠\靄-行-明-王宠-143006.png,196,318,False,0.2865,0.0,clean,none,direct_use,True
mccd_salvage,王宠,楷,靡,G:\GitHub\DiT\MCCD\MCCD\MCCD-Calligrapher\calligrapher_dataset\王宠\靡-楷-明-王宠-143967.png,191,231,False,0.2496,0.0,clean,none,direct_use,True
mccd_salvage,王宠,楷,面,G:\GitHub\DiT\MCCD\MCCD\MCCD-Calligrapher\calligrapher_dataset\王宠\面-楷-明-王宠-144057.png,206,216,False,0.3288,0.0,clean,none,direct_use,True
mccd_salvage,王宠,楷,鞠,G:\GitHub\DiT\MCCD\MCCD\MCCD-Calligrapher\calligrapher_dataset\王宠\鞠-楷-明-王宠-144559.png,230,238,False,0.2525,0.0,clean,none,direct_use,True
mccd_salvage,王宠,楷,韻,G:\GitHub\DiT\MCCD\MCCD\MCCD-Calligrapher\calligrapher_dataset\王宠\韻-楷-明-王宠-145326.png,245,219,False,0.2626,0.0,clean,none,direct_use,True
mccd_salvage,王宠,楷,頗,G:\GitHub\DiT\MCCD\MCCD\MCCD-Calligrapher\calligrapher_dataset\王宠\頗-楷-明-王宠-145976.png,197,223,False,0.2736,0.0,clean,none,direct_use,True
mccd_salvage,王宠,行,頭,G:\GitHub\DiT\MCCD\MCCD\MCCD-Calligrapher\calligrapher_dataset\王宠\頭-行-明-王宠-146234.png,192,191,False,0.4051,0.0,clean,none,direct_use,True
mccd_salvage,王宠,楷,顚,G:\GitHub\DiT\MCCD\MCCD\MCCD-Calligrapher\calligrapher_dataset\王宠\顚-楷-明-王宠-146838.png,210,189,False,0.3369,0.0,clean,none,direct_use,True
mccd_salvage,王宠,楷,顛,G:\GitHub\DiT\MCCD\MCCD\MCCD-Calligrapher\calligrapher_dataset\王宠\顛-楷-明-王宠-146882.png,210,189,False,0.3369,0.0,clean,none,direct_use,True
mccd_salvage,王宠,楷,顧,G:\GitHub\DiT\MCCD\MCCD\MCCD-Calligrapher\calligrapher_dataset\王宠\顧-楷-明-王宠-147055.png,232,221,False,0.2805,0.0,clean,none,direct_use,True
mccd_salvage,王宠,楷,颻,G:\GitHub\DiT\MCCD\MCCD\MCCD-Calligrapher\calligrapher_dataset\王宠\颻-楷-明-王宠-147545.png,221,166,False,0.3652,0.0,clean,none,direct_use,True
mccd_salvage,王宠,楷,飄,G:\GitHub\DiT\MCCD\MCCD\MCCD-Calligrapher\calligrapher_dataset\王宠\飄-楷-明-王宠-147606.png,233,188,False,0.3702,0.0,clean,none,direct_use,True
mccd_salvage,王宠,楷,飛,G:\GitHub\DiT\MCCD\MCCD\MCCD-Calligrapher\calligrapher_dataset\王宠\飛-楷-明-王宠-147723.png,189,196,False,0.2733,0.0,clean,none,direct_use,True
mccd_salvage,王宠,行,飛,G:\GitHub\DiT\MCCD\MCCD\MCCD-Calligrapher\calligrapher_dataset\王宠\飛-行-明-王宠-147751.png,191,204,False,0.251,0.0,clean,none,direct_use,True
mccd_salvage,王宠,楷,養,G:\GitHub\DiT\MCCD\MCCD\MCCD-Calligrapher\calligrapher_dataset\王宠\養-楷-明-王宠-148522.png,214,234,False,0.2269,0.0,clean,none,direct_use,True
mccd_salvage,王宠,楷,馨,G:\GitHub\DiT\MCCD\MCCD\MCCD-Calligrapher\calligrapher_dataset\王宠\馨-楷-明-王宠-149676.png,200,240,False,0.2106,0.0,clean,none,direct_use,True
mccd_salvage,王宠,楷,騎,G:\GitHub\DiT\MCCD\MCCD\MCCD-Calligrapher\calligrapher_dataset\王宠\騎-楷-明-王宠-150890.png,246,202,False,0.226,0.0,clean,none,direct_use,True
mccd_salvage,王宠,行,驂,G:\GitHub\DiT\MCCD\MCCD\MCCD-Calligrapher\calligrapher_dataset\王宠\驂-行-明-王宠-151272.png,216,172,False,0.3225,0.0024,clean,none,direct_use,True
mccd_salvage,王宠,楷,體,G:\GitHub\DiT\MCCD\MCCD\MCCD-Calligrapher\calligrapher_dataset\王宠\體-楷-明-王宠-152014.png,200,207,False,0.3442,0.0,clean,none,direct_use,True
mccd_salvage,王宠,行,高,G:\GitHub\DiT\MCCD\MCCD\MCCD-Calligrapher\calligrapher_dataset\王宠\高-行-明-王宠-152273.png,163,237,False,0.345,0.0,clean,none,direct_use,True
mccd_salvage,王宠,行,髙,G:\GitHub\DiT\MCCD\MCCD\MCCD-Calligrapher\calligrapher_dataset\王宠\髙-行-明-王宠-152514.png,163,237,False,0.345,0.0,clean,none,direct_use,True
mccd_salvage,王宠,楷,鬱,G:\GitHub\DiT\MCCD\MCCD\MCCD-Calligrapher\calligrapher_dataset\王宠\鬱-楷-明-王宠-153252.png,200,264,False,0.2823,0.0006,clean,none,direct_use,True
mccd_salvage,王宠,楷,鳥,G:\GitHub\DiT\MCCD\MCCD\MCCD-Calligrapher\calligrapher_dataset\王宠\鳥-楷-明-王宠-155175.png,160,212,False,0.2333,0.0008,clean,none,direct_use,True
mccd_salvage,王宠,楷,鳯,G:\GitHub\DiT\MCCD\MCCD\MCCD-Calligrapher\calligrapher_dataset\王宠\鳯-楷-明-王宠-155347.png,216,208,False,0.3286,0.0003,clean,none,direct_use,True
mccd_salvage,王宠,楷,鳳,G:\GitHub\DiT\MCCD\MCCD\MCCD-Calligrapher\calligrapher_dataset\王宠\鳳-楷-明-王宠-155429.png,216,208,False,0.3286,0.0003,clean,none,direct_use,True
mccd_salvage,王宠,楷,鴈,G:\GitHub\DiT\MCCD\MCCD\MCCD-Calligrapher\calligrapher_dataset\王宠\鴈-楷-明-王宠-155655.png,237,269,False,0.2709,0.0,clean,none,direct_use,True
mccd_salvage,王宠,行,鶯,G:\GitHub\DiT\MCCD\MCCD\MCCD-Calligrapher\calligrapher_dataset\王宠\鶯-行-明-王宠-156431.png,156,239,False,0.2806,0.0,clean,none,direct_use,True
mccd_salvage,王宠,楷,黎,G:\GitHub\DiT\MCCD\MCCD\MCCD-Calligrapher\calligrapher_dataset\王宠\黎-楷-明-王宠-158738.png,250,260,False,0.2256,0.0,clean,none,direct_use,True
mccd_salvage,王宠,行,齋,G:\GitHub\DiT\MCCD\MCCD\MCCD-Calligrapher\calligrapher_dataset\王宠\齋-行-明-王宠-160378.png,202,238,False,0.309,0.0,clean,none,direct_use,True
mccd_salvage,王献之,行,䟽,G:\GitHub\DiT\MCCD\MCCD\MCCD-Calligrapher\calligrapher_dataset\王献之\䟽-行-晋-王献之-173078.png,260,200,False,0.1145,0.0102,clean,none,direct_use,True
mccd_salvage,王献之,行,䟽,G:\GitHub\DiT\MCCD\MCCD\MCCD-Calligrapher\calligrapher_dataset\王献之\䟽-行-晋-王献之-173080.png,252,240,False,0.1107,0.0122,clean,none,direct_use,True
mccd_salvage,王献之,行,不,G:\GitHub\DiT\MCCD\MCCD\MCCD-Calligrapher\calligrapher_dataset\王献之\不-行-晋-王献之-中秋帖-63.png,275,583,False,0.4533,0.0,clean,none,direct_use,True
mccd_salvage,王献之,行,也,G:\GitHub\DiT\MCCD\MCCD\MCCD-Calligrapher\calligrapher_dataset\王献之\也-行-晋-王献之-8909.png,275,177,False,0.1251,0.0,clean,none,direct_use,True
mccd_salvage,王献之,行,佳,G:\GitHub\DiT\MCCD\MCCD\MCCD-Calligrapher\calligrapher_dataset\王献之\佳-行-晋-王献之-送梨帖(古摹本)-78.png,261,359,False,0.2454,0.0045,clean,none,direct_use,True
mccd_salvage,王献之,行,再,G:\GitHub\DiT\MCCD\MCCD\MCCD-Calligrapher\calligrapher_dataset\王献之\再-行-晋-王献之-28477.png,168,297,False,0.5067,0.0,clean,none,direct_use,True
mccd_salvage,王献之,行,去,G:\GitHub\DiT\MCCD\MCCD\MCCD-Calligrapher\calligrapher_dataset\王献之\去-行-晋-王献之-39327.png,237,284,False,0.1821,0.0008,clean,none,direct_use,True
mccd_salvage,王献之,行,去,G:\GitHub\DiT\MCCD\MCCD\MCCD-Calligrapher\calligrapher_dataset\王献之\去-行-晋-王献之-39328.png,256,292,False,0.184,0.0014,clean,none,direct_use,True
mccd_salvage,王献之,行,可,G:\GitHub\DiT\MCCD\MCCD\MCCD-Calligrapher\calligrapher_dataset\王献之\可-行-晋-王献之-42570.png,243,244,False,0.1505,0.0279,clean,none,direct_use,True
mccd_salvage,王献之,行,吴,G:\GitHub\DiT\MCCD\MCCD\MCCD-Calligrapher\calligrapher_dataset\王献之\吴-行-晋-王献之-45797.png,256,303,False,0.2409,0.0017,clean,none,direct_use,True
mccd_salvage,王献之,行,吴,G:\GitHub\DiT\MCCD\MCCD\MCCD-Calligrapher\calligrapher_dataset\王献之\吴-行-晋-王献之-45798.png,250,383,False,0.1343,0.0005,clean,none,direct_use,True
mccd_salvage,王献之,行,問,G:\GitHub\DiT\MCCD\MCCD\MCCD-Calligrapher\calligrapher_dataset\王献之\問-行-晋-王献之-49298.png,263,275,False,0.3359,0.0029,clean,none,direct_use,True
mccd_salvage,王献之,行,姉,G:\GitHub\DiT\MCCD\MCCD\MCCD-Calligrapher\calligrapher_dataset\王献之\姉-行-晋-王献之-64595.png,304,229,False,0.1383,0.0003,clean,none,direct_use,True
mccd_salvage,王献之,行,姉,G:\GitHub\DiT\MCCD\MCCD\MCCD-Calligrapher\calligrapher_dataset\王献之\姉-行-晋-王献之-64596.png,222,310,True,0.1471,0.0,inverted,inverted,invert_polarity,True
mccd_salvage,王献之,楷,姚,G:\GitHub\DiT\MCCD\MCCD\MCCD-Calligrapher\calligrapher_dataset\王献之\姚-楷-晋-王献之-64973.png,284,186,False,0.27,0.0176,clean,none,direct_use,True
mccd_salvage,王献之,行,嫂,G:\GitHub\DiT\MCCD\MCCD\MCCD-Calligrapher\calligrapher_dataset\王献之\嫂-行-晋-王献之-疾得损帖-33.png,371,301,True,0.1998,0.005,inverted,inverted,invert_polarity,True
mccd_salvage,王献之,楷,實,G:\GitHub\DiT\MCCD\MCCD\MCCD-Calligrapher\calligrapher_dataset\王献之\實-楷-晋-王献之-74140.png,246,284,False,0.2303,0.018,clean,none,direct_use,True
mccd_salvage,王献之,行,實,G:\GitHub\DiT\MCCD\MCCD\MCCD-Calligrapher\calligrapher_dataset\王献之\實-行-晋-王献之-74156.png,189,314,False,0.1707,0.0015,clean,none,direct_use,True
mccd_salvage,王献之,行,差,G:\GitHub\DiT\MCCD\MCCD\MCCD-Calligrapher\calligrapher_dataset\王献之\差-行-晋-王献之-散情帖-85.png,247,457,True,0.2823,0.0225,inverted,inverted,invert_polarity,True
mccd_salvage,王献之,行,慰,G:\GitHub\DiT\MCCD\MCCD\MCCD-Calligrapher\calligrapher_dataset\王献之\慰-行-晋-王献之-100807.png,292,246,False,0.1126,0.0091,clean,none,direct_use,True
mccd_salvage,王献之,行,慰,G:\GitHub\DiT\MCCD\MCCD\MCCD-Calligrapher\calligrapher_dataset\王献之\慰-行-晋-王献之-100812.png,270,295,False,0.1969,0.0009,clean,none,direct_use,True
mccd_salvage,王献之,行,明,G:\GitHub\DiT\MCCD\MCCD\MCCD-Calligrapher\calligrapher_dataset\王献之\明-行-晋-王献之-2043.png,202,254,False,0.5118,0.0,clean,none,direct_use,True
mccd_salvage,王献之,行,汝,G:\GitHub\DiT\MCCD\MCCD\MCCD-Calligrapher\calligrapher_dataset\王献之\汝-行-晋-王献之-25197.png,241,198,False,0.14,0.0,clean,none,direct_use,True
mccd_salvage,王献之,行,汝,G:\GitHub\DiT\MCCD\MCCD\MCCD-Calligrapher\calligrapher_dataset\王献之\汝-行-晋-王献之-25199.png,242,231,False,0.1702,0.0,clean,none,direct_use,True
mccd_salvage,王献之,楷,王,G:\GitHub\DiT\MCCD\MCCD\MCCD-Calligrapher\calligrapher_dataset\王献之\王-楷-晋-王献之-44395.png,274,219,False,0.3218,0.0016,clean,none,direct_use,True
mccd_salvage,王献之,行,生,G:\GitHub\DiT\MCCD\MCCD\MCCD-Calligrapher\calligrapher_dataset\王献之\生-行-晋-王献之-47517.png,224,382,False,0.3466,0.0016,clean,none,direct_use,True
mccd_salvage,王献之,行,生,G:\GitHub\DiT\MCCD\MCCD\MCCD-Calligrapher\calligrapher_dataset\王献之\生-行-晋-王献之-47518.png,249,422,False,0.1655,0.0009,clean,none,direct_use,True
mccd_salvage,王献之,行,百,G:\GitHub\DiT\MCCD\MCCD\MCCD-Calligrapher\calligrapher_dataset\王献之\百-行-晋-王献之-53327.png,181,376,False,0.5139,0.0,clean,none,direct_use,True
mccd_salvage,王献之,行,省,G:\GitHub\DiT\MCCD\MCCD\MCCD-Calligrapher\calligrapher_dataset\王献之\省-行-晋-王献之-56196.png,167,244,False,0.4685,0.0,clean,none,direct_use,True
mccd_salvage,王献之,行,等,G:\GitHub\DiT\MCCD\MCCD\MCCD-Calligrapher\calligrapher_dataset\王献之\等-行-晋-王献之-鹅群帖-66.png,221,289,False,0.3346,0.0014,clean,none,direct_use,True
mccd_salvage,王献之,行,而,G:\GitHub\DiT\MCCD\MCCD\MCCD-Calligrapher\calligrapher_dataset\王献之\而-行-晋-王献之-80844.png,270,203,False,0.1839,0.0012,clean,none,direct_use,True
mccd_salvage,王献之,行,船,G:\GitHub\DiT\MCCD\MCCD\MCCD-Calligrapher\calligrapher_dataset\王献之\船-行-晋-王献之-江州帖-52.png,356,251,True,0.2031,0.0005,inverted,inverted,invert_polarity,True
mccd_salvage,王献之,楷,良,G:\GitHub\DiT\MCCD\MCCD\MCCD-Calligrapher\calligrapher_dataset\王献之\良-楷-晋-王献之-89056.png,270,249,False,0.3573,0.0072,clean,none,direct_use,True
mccd_salvage,王献之,楷,衆,G:\GitHub\DiT\MCCD\MCCD\MCCD-Calligrapher\calligrapher_dataset\王献之\衆-楷-晋-王献之-100635.png,285,280,False,0.2106,0.0168,clean,none,direct_use,True
mccd_salvage,王献之,行,進,G:\GitHub\DiT\MCCD\MCCD\MCCD-Calligrapher\calligrapher_dataset\王献之\進-行-晋-王献之-124281.png,256,398,False,0.2278,0.0029,clean,none,direct_use,True
mccd_salvage,王献之,行,進,G:\GitHub\DiT\MCCD\MCCD\MCCD-Calligrapher\calligrapher_dataset\王献之\進-行-晋-王献之-124282.png,225,264,False,0.1077,0.008,clean,none,direct_use,True
mccd_salvage,王献之,行,遂,G:\GitHub\DiT\MCCD\MCCD\MCCD-Calligrapher\calligrapher_dataset\王献之\遂-行-晋-王献之-124551.png,200,187,False,0.2812,0.0,clean,none,direct_use,True
mccd_salvage,王献之,行,遂,G:\GitHub\DiT\MCCD\MCCD\MCCD-Calligrapher\calligrapher_dataset\王献之\遂-行-晋-王献之-124552.png,227,291,False,0.1512,0.0054,clean,none,direct_use,True
mccd_salvage,王羲之,行,七,G:\GitHub\DiT\MCCD\MCCD\MCCD-Calligrapher\calligrapher_dataset\王羲之\七-行-唐-王羲之-896.png,215,173,False,0.2676,0.0,clean,none,direct_use,True
mccd_salvage,王羲之,行,三,G:\GitHub\DiT\MCCD\MCCD\MCCD-Calligrapher\calligrapher_dataset\王羲之\三-行-唐-王羲之-1280.png,273,156,False,0.1443,0.0015,clean,none,direct_use,True
mccd_salvage,王羲之,行,上,G:\GitHub\DiT\MCCD\MCCD\MCCD-Calligrapher\calligrapher_dataset\王羲之\上-行-唐-王羲之-1614.png,201,224,False,0.2294,0.001,clean,none,direct_use,True
mccd_salvage,王羲之,行,不,G:\GitHub\DiT\MCCD\MCCD\MCCD-Calligrapher\calligrapher_dataset\王羲之\不-行-唐-王羲之-3005.png,282,222,False,0.1956,0.0,clean,none,direct_use,True
mccd_salvage,王羲之,行,不,G:\GitHub\DiT\MCCD\MCCD\MCCD-Calligrapher\calligrapher_dataset\王羲之\不-行-晋-王羲之-2997.png,272,212,False,0.2721,0.0,clean,none,direct_use,True
mccd_salvage,王羲之,行,世,G:\GitHub\DiT\MCCD\MCCD\MCCD-Calligrapher\calligrapher_dataset\王羲之\世-行-唐-王羲之-4015.png,274,227,False,0.1798,0.0028,clean,none,direct_use,True
mccd_salvage,王羲之,行,世,G:\GitHub\DiT\MCCD\MCCD\MCCD-Calligrapher\calligrapher_dataset\王羲之\世-行-晋-王羲之-4011.png,233,170,False,0.4837,0.0,clean,none,direct_use,True
mccd_salvage,王羲之,行,丘,G:\GitHub\DiT\MCCD\MCCD\MCCD-Calligrapher\calligrapher_dataset\王羲之\丘-行-唐-王羲之-4175.png,249,343,False,0.1741,0.0014,clean,none,direct_use,True
mccd_salvage,王羲之,行,丸,G:\GitHub\DiT\MCCD\MCCD\MCCD-Calligrapher\calligrapher_dataset\王羲之\丸-行-晋-王羲之-二仪日月千字文-55.png,246,219,False,0.4377,0.0,clean,none,direct_use,True
mccd_salvage,王羲之,行,之,G:\GitHub\DiT\MCCD\MCCD\MCCD-Calligrapher\calligrapher_dataset\王羲之\之-行-晋-王羲之-6912.png,213,207,False,0.4213,0.0,clean,none,direct_use,True
mccd_salvage,王羲之,行,之,G:\GitHub\DiT\MCCD\MCCD\MCCD-Calligrapher\calligrapher_dataset\王羲之\之-行-晋-王羲之-6921.png,266,246,False,0.2302,0.0,clean,none,direct_use,True
mccd_salvage,王羲之,行,九,G:\GitHub\DiT\MCCD\MCCD\MCCD-Calligrapher\calligrapher_dataset\王羲之\九-行-唐-王羲之-8181.png,279,222,False,0.2061,0.0023,clean,none,direct_use,True
mccd_salvage,王羲之,行,九,G:\GitHub\DiT\MCCD\MCCD\MCCD-Calligrapher\calligrapher_dataset\王羲之\九-行-晋-王羲之-8169.png,242,153,False,0.2234,0.0,clean,none,direct_use,True
mccd_salvage,王羲之,行,乞,G:\GitHub\DiT\MCCD\MCCD\MCCD-Calligrapher\calligrapher_dataset\王羲之\乞-行-唐-王羲之-8277.png,186,362,False,0.1454,0.0047,clean,none,direct_use,True
mccd_salvage,王羲之,行,也,G:\GitHub\DiT\MCCD\MCCD\MCCD-Calligrapher\calligrapher_dataset\王羲之\也-行-唐-王羲之-8917.png,243,206,False,0.2054,0.0,clean,none,direct_use,True
mccd_salvage,王羲之,行,也,G:\GitHub\DiT\MCCD\MCCD\MCCD-Calligrapher\calligrapher_dataset\王羲之\也-行-唐-王羲之-8922.png,211,202,False,0.1938,0.0028,clean,none,direct_use,True
mccd_salvage,王羲之,行,乾,G:\GitHub\DiT\MCCD\MCCD\MCCD-Calligrapher\calligrapher_dataset\王羲之\乾-行-唐-王羲之-9131.png,266,312,False,0.2124,0.0012,clean,none,direct_use,True
mccd_salvage,王羲之,行,乾,G:\GitHub\DiT\MCCD\MCCD\MCCD-Calligrapher\calligrapher_dataset\王羲之\乾-行-唐-王羲之-9133.png,295,318,False,0.2188,0.0012,clean,none,direct_use,True
mccd_salvage,王羲之,行,云,G:\GitHub\DiT\MCCD\MCCD\MCCD-Calligrapher\calligrapher_dataset\王羲之\云-行-唐-王羲之-10775.png,202,307,False,0.2068,0.0002,clean,none,direct_use,True
mccd_salvage,王羲之,行,云,G:\GitHub\DiT\MCCD\MCCD\MCCD-Calligrapher\calligrapher_dataset\王羲之\云-行-唐-王羲之-10777.png,175,254,False,0.124,0.0,clean,none,direct_use,True
mccd_salvage,王羲之,行,京,G:\GitHub\DiT\MCCD\MCCD\MCCD-Calligrapher\calligrapher_dataset\王羲之\京-行-唐-王羲之-13073.png,218,281,False,0.1359,0.0,clean,none,direct_use,True
mccd_salvage,王羲之,行,人,G:\GitHub\DiT\MCCD\MCCD\MCCD-Calligrapher\calligrapher_dataset\王羲之\人-行-唐-王羲之-14194.png,288,215,False,0.0899,0.0171,clean,none,direct_use,True
mccd_salvage,王羲之,行,仁,G:\GitHub\DiT\MCCD\MCCD\MCCD-Calligrapher\calligrapher_dataset\王羲之\仁-行-唐-王羲之-14388.png,230,199,False,0.0887,0.0,clean,none,direct_use,True
mccd_salvage,王羲之,行,仁,G:\GitHub\DiT\MCCD\MCCD\MCCD-Calligrapher\calligrapher_dataset\王羲之\仁-行-唐-王羲之-14395.png,236,163,False,0.1036,0.0,clean,none,direct_use,True
mccd_salvage,王羲之,行,今,G:\GitHub\DiT\MCCD\MCCD\MCCD-Calligrapher\calligrapher_dataset\王羲之\今-行-唐-王羲之-14656.png,269,223,False,0.1194,0.0043,clean,none,direct_use,True
mccd_salvage,王羲之,行,令,G:\GitHub\DiT\MCCD\MCCD\MCCD-Calligrapher\calligrapher_dataset\王羲之\令-行-唐-王羲之-15533.png,275,237,False,0.0816,0.0,clean,none,direct_use,True
mccd_salvage,王羲之,行,以,G:\GitHub\DiT\MCCD\MCCD\MCCD-Calligrapher\calligrapher_dataset\王羲之\以-行-唐-王羲之-15725.png,284,177,False,0.1205,0.0058,clean,none,direct_use,True
mccd_salvage,王羲之,行,件,G:\GitHub\DiT\MCCD\MCCD\MCCD-Calligrapher\calligrapher_dataset\王羲之\件-行-唐-王羲之-15977.png,258,339,False,0.0789,0.0029,clean,none,direct_use,True
mccd_salvage,王羲之,行,休,G:\GitHub\DiT\MCCD\MCCD\MCCD-Calligrapher\calligrapher_dataset\王羲之\休-行-唐-王羲之-16631.png,289,273,False,0.1479,0.0027,clean,none,direct_use,True
mccd_salvage,王羲之,行,住,G:\GitHub\DiT\MCCD\MCCD\MCCD-Calligrapher\calligrapher_dataset\王羲之\住-行-唐-王羲之-17189.png,265,314,False,0.168,0.0027,clean,none,direct_use,True
mccd_salvage,王羲之,行,何,G:\GitHub\DiT\MCCD\MCCD\MCCD-Calligrapher\calligrapher_dataset\王羲之\何-行-唐-王羲之-17408.png,281,252,False,0.1154,0.0064,clean,none,direct_use,True
mccd_salvage,王羲之,行,佛,G:\GitHub\DiT\MCCD\MCCD\MCCD-Calligrapher\calligrapher_dataset\王羲之\佛-行-唐-王羲之-17723.png,224,274,False,0.2611,0.0,clean,none,direct_use,True
mccd_salvage,王羲之,行,依,G:\GitHub\DiT\MCCD\MCCD\MCCD-Calligrapher\calligrapher_dataset\王羲之\依-行-唐-王羲之-18900.png,232,230,False,0.1807,0.0025,clean,none,direct_use,True
mccd_salvage,王羲之,行,依,G:\GitHub\DiT\MCCD\MCCD\MCCD-Calligrapher\calligrapher_dataset\王羲之\依-行-唐-王羲之-18901.png,280,257,False,0.1859,0.0164,clean,none,direct_use,True
mccd_salvage,王羲之,行,侯,G:\GitHub\DiT\MCCD\MCCD\MCCD-Calligrapher\calligrapher_dataset\王羲之\侯-行-晋-王羲之-19176.png,184,226,False,0.4901,0.0,clean,none,direct_use,True
mccd_salvage,王羲之,行,侶,G:\GitHub\DiT\MCCD\MCCD\MCCD-Calligrapher\calligrapher_dataset\王羲之\侶-行-唐-王羲之-19283.png,255,222,False,0.2279,0.0021,clean,none,direct_use,True
mccd_salvage,王羲之,行,備,G:\GitHub\DiT\MCCD\MCCD\MCCD-Calligrapher\calligrapher_dataset\王羲之\備-行-唐-王羲之-21878.png,289,278,False,0.2456,0.0012,clean,none,direct_use,True
mccd_salvage,王羲之,行,像,G:\GitHub\DiT\MCCD\MCCD\MCCD-Calligrapher\calligrapher_dataset\王羲之\像-行-唐-王羲之-22480.png,241,244,False,0.2311,0.0115,clean,none,direct_use,True
mccd_salvage,王羲之,行,像,G:\GitHub\DiT\MCCD\MCCD\MCCD-Calligrapher\calligrapher_dataset\王羲之\像-行-唐-王羲之-22481.png,235,260,False,0.268,0.0013,clean,none,direct_use,True
mccd_salvage,王羲之,行,像,G:\GitHub\DiT\MCCD\MCCD\MCCD-Calligrapher\calligrapher_dataset\王羲之\像-行-唐-王羲之-22483.png,260,273,False,0.161,0.0014,clean,none,direct_use,True
mccd_salvage,王羲之,行,先,G:\GitHub\DiT\MCCD\MCCD\MCCD-Calligrapher\calligrapher_dataset\王羲之\先-行-唐-王羲之-24382.png,273,302,False,0.2029,0.0058,clean,none,direct_use,True
mccd_salvage,王羲之,行,光,G:\GitHub\DiT\MCCD\MCCD\MCCD-Calligrapher\calligrapher_dataset\王羲之\光-行-唐-王羲之-24573.png,267,263,False,0.2755,0.0014,clean,none,direct_use,True
mccd_salvage,王羲之,行,兢,G:\GitHub\DiT\MCCD\MCCD\MCCD-Calligrapher\calligrapher_dataset\王羲之\兢-行-唐-王羲之-25284.png,253,231,False,0.1486,0.0172,clean,none,direct_use,True
mccd_salvage,王羲之,行,八,G:\GitHub\DiT\MCCD\MCCD\MCCD-Calligrapher\calligrapher_dataset\王羲之\八-行-唐-王羲之-26171.png,281,98,False,0.1783,0.0096,clean,none,direct_use,True
mccd_salvage,王羲之,行,八,G:\GitHub\DiT\MCCD\MCCD\MCCD-Calligrapher\calligrapher_dataset\王羲之\八-行-唐-王羲之-26176.png,286,82,False,0.2143,0.0111,clean,none,direct_use,True
mccd_salvage,王羲之,行,六,G:\GitHub\DiT\MCCD\MCCD\MCCD-Calligrapher\calligrapher_dataset\王羲之\六-行-唐-王羲之-26831.png,284,234,False,0.1863,0.0011,clean,none,direct_use,True
mccd_salvage,王羲之,行,兮,G:\GitHub\DiT\MCCD\MCCD\MCCD-Calligrapher\calligrapher_dataset\王羲之\兮-行-唐-王羲之-26956.png,221,377,False,0.1673,0.0019,clean,none,direct_use,True
mccd_salvage,王羲之,行,共,G:\GitHub\DiT\MCCD\MCCD\MCCD-Calligrapher\calligrapher_dataset\王羲之\共-行-唐-王羲之-27065.png,249,302,False,0.2197,0.0,clean,none,direct_use,True
mccd_salvage,王羲之,行,典,G:\GitHub\DiT\MCCD\MCCD\MCCD-Calligrapher\calligrapher_dataset\王羲之\典-行-唐-王羲之-27749.png,241,277,False,0.2029,0.0023,clean,none,direct_use,True
mccd_salvage,王羲之,行,内,G:\GitHub\DiT\MCCD\MCCD\MCCD-Calligrapher\calligrapher_dataset\王羲之\内-行-唐-王羲之-28216.png,268,293,False,0.2635,0.0044,clean,none,direct_use,True
mccd_salvage,王羲之,行,凡,G:\GitHub\DiT\MCCD\MCCD\MCCD-Calligrapher\calligrapher_dataset\王羲之\凡-行-唐-王羲之-29511.png,225,317,False,0.2248,0.0,clean,none,direct_use,True
mccd_salvage,王羲之,行,凡,G:\GitHub\DiT\MCCD\MCCD\MCCD-Calligrapher\calligrapher_dataset\王羲之\凡-行-唐-王羲之-29514.png,216,293,False,0.2057,0.0054,clean,none,direct_use,True
mccd_salvage,王羲之,行,分,G:\GitHub\DiT\MCCD\MCCD\MCCD-Calligrapher\calligrapher_dataset\王羲之\分-行-唐-王羲之-30321.png,257,312,False,0.1579,0.0017,clean,none,direct_use,True
mccd_salvage,王羲之,行,刋,G:\GitHub\DiT\MCCD\MCCD\MCCD-Calligrapher\calligrapher_dataset\王羲之\刋-行-唐-王羲之-30503.png,236,313,False,0.1183,0.0079,clean,none,direct_use,True
mccd_salvage,王羲之,行,刪,G:\GitHub\DiT\MCCD\MCCD\MCCD-Calligrapher\calligrapher_dataset\王羲之\刪-行-唐-王羲之-31184.png,274,313,False,0.159,0.0065,clean,none,direct_use,True
mccd_salvage,王羲之,行,刻,G:\GitHub\DiT\MCCD\MCCD\MCCD-Calligrapher\calligrapher_dataset\王羲之\刻-行-唐-王羲之-31638.png,245,290,False,0.1331,0.0075,clean,none,direct_use,True
mccd_salvage,王羲之,行,則,G:\GitHub\DiT\MCCD\MCCD\MCCD-Calligrapher\calligrapher_dataset\王羲之\則-行-唐-王羲之-31835.png,234,318,False,0.2497,0.0003,clean,none,direct_use,True
mccd_salvage,王羲之,行,前,G:\GitHub\DiT\MCCD\MCCD\MCCD-Calligrapher\calligrapher_dataset\王羲之\前-行-唐-王羲之-32070.png,226,329,False,0.1505,0.0092,clean,none,direct_use,True
mccd_salvage,王羲之,行,勒,G:\GitHub\DiT\MCCD\MCCD\MCCD-Calligrapher\calligrapher_dataset\王羲之\勒-行-唐-王羲之-33542.png,261,301,False,0.2265,0.0057,clean,none,direct_use,True
mccd_salvage,王羲之,行,動,G:\GitHub\DiT\MCCD\MCCD\MCCD-Calligrapher\calligrapher_dataset\王羲之\動-行-唐-王羲之-33599.png,259,239,False,0.2436,0.0,clean,none,direct_use,True
mccd_salvage,王羲之,行,勳,G:\GitHub\DiT\MCCD\MCCD\MCCD-Calligrapher\calligrapher_dataset\王羲之\勳-行-唐-王羲之-34153.png,296,323,False,0.144,0.0101,clean,none,direct_use,True
mccd_salvage,王羲之,行,勿,G:\GitHub\DiT\MCCD\MCCD\MCCD-Calligrapher\calligrapher_dataset\王羲之\勿-行-晋-王羲之-34497.png,202,201,False,0.4732,0.0,clean,none,direct_use,True
mccd_salvage,王羲之,楷,化,G:\GitHub\DiT\MCCD\MCCD\MCCD-Calligrapher\calligrapher_dataset\王羲之\化-楷-晋-王羲之-34845.png,222,150,False,0.2886,0.0,clean,none,direct_use,True
mccd_salvage,王羲之,行,匪,G:\GitHub\DiT\MCCD\MCCD\MCCD-Calligrapher\calligrapher_dataset\王羲之\匪-行-唐-王羲之-35303.png,241,308,False,0.2561,0.0,clean,none,direct_use,True
mccd_salvage,王羲之,行,匱,G:\GitHub\DiT\MCCD\MCCD\MCCD-Calligrapher\calligrapher_dataset\王羲之\匱-行-唐-王羲之-35365.png,208,325,False,0.3077,0.0,clean,none,direct_use,True
mccd_salvage,王羲之,行,十,G:\GitHub\DiT\MCCD\MCCD\MCCD-Calligrapher\calligrapher_dataset\王羲之\十-行-晋-王羲之-35851.png,268,305,False,0.1963,0.0001,clean,none,direct_use,True
mccd_salvage,王羲之,行,十,G:\GitHub\DiT\MCCD\MCCD\MCCD-Calligrapher\calligrapher_dataset\王羲之\十-行-晋-王羲之-35855.png,169,223,False,0.2193,0.0,clean,none,direct_use,True
mccd_salvage,王羲之,行,千,G:\GitHub\DiT\MCCD\MCCD\MCCD-Calligrapher\calligrapher_dataset\王羲之\千-行-唐-王羲之-36039.png,233,263,False,0.1,0.006,clean,none,direct_use,True
mccd_salvage,王羲之,行,卉,G:\GitHub\DiT\MCCD\MCCD\MCCD-Calligrapher\calligrapher_dataset\王羲之\卉-行-唐-王羲之-36472.png,259,361,False,0.2362,0.0032,clean,none,direct_use,True
mccd_salvage,王羲之,行,南,G:\GitHub\DiT\MCCD\MCCD\MCCD-Calligrapher\calligrapher_dataset\王羲之\南-行-唐-王羲之-37034.png,280,260,False,0.2539,0.0017,clean,none,direct_use,True
mccd_salvage,王羲之,行,南,G:\GitHub\DiT\MCCD\MCCD\MCCD-Calligrapher\calligrapher_dataset\王羲之\南-行-唐-王羲之-37035.png,286,299,False,0.2675,0.0052,clean,none,direct_use,True
mccd_salvage,王羲之,行,危,G:\GitHub\DiT\MCCD\MCCD\MCCD-Calligrapher\calligrapher_dataset\王羲之\危-行-唐-王羲之-37840.png,285,303,False,0.1972,0.0,clean,none,direct_use,True
mccd_salvage,王羲之,行,即,G:\GitHub\DiT\MCCD\MCCD\MCCD-Calligrapher\calligrapher_dataset\王羲之\即-行-唐-王羲之-38128.png,284,339,False,0.1374,0.0017,clean,none,direct_use,True
mccd_salvage,王羲之,行,即,G:\GitHub\DiT\MCCD\MCCD\MCCD-Calligrapher\calligrapher_dataset\王羲之\即-行-唐-王羲之-38129.png,301,356,False,0.1691,0.0007,clean,none,direct_use,True
mccd_salvage,王羲之,行,卿,G:\GitHub\DiT\MCCD\MCCD\MCCD-Calligrapher\calligrapher_dataset\王羲之\卿-行-晋-王羲之-38575.png,245,264,False,0.2742,0.0,clean,none,direct_use,True
mccd_salvage,王羲之,行,厭,G:\GitHub\DiT\MCCD\MCCD\MCCD-Calligrapher\calligrapher_dataset\王羲之\厭-行-唐-王羲之-39067.png,266,351,False,0.1491,0.0037,clean,none,direct_use,True
mccd_salvage,王羲之,行,及,G:\GitHub\DiT\MCCD\MCCD\MCCD-Calligrapher\calligrapher_dataset\王羲之\及-行-唐-王羲之-40512.png,273,310,False,0.2376,0.0015,clean,none,direct_use,True
mccd_salvage,王羲之,行,古,G:\GitHub\DiT\MCCD\MCCD\MCCD-Calligrapher\calligrapher_dataset\王羲之\古-行-唐-王羲之-41930.png,255,257,False,0.2039,0.0052,clean,none,direct_use,True
mccd_salvage,王羲之,行,古,G:\GitHub\DiT\MCCD\MCCD\MCCD-Calligrapher\calligrapher_dataset\王羲之\古-行-唐-王羲之-41934.png,216,229,False,0.1967,0.0,clean,none,direct_use,True
mccd_salvage,王羲之,行,右,G:\GitHub\DiT\MCCD\MCCD\MCCD-Calligrapher\calligrapher_dataset\王羲之\右-行-晋-王羲之-43081.png,214,221,False,0.5192,0.0,clean,none,direct_use,True
mccd_salvage,王羲之,行,右,G:\GitHub\DiT\MCCD\MCCD\MCCD-Calligrapher\calligrapher_dataset\王羲之\右-行-晋-王羲之-43082.png,217,224,False,0.4751,0.0,clean,none,direct_use,True
mccd_salvage,王羲之,行,吿,G:\GitHub\DiT\MCCD\MCCD\MCCD-Calligrapher\calligrapher_dataset\王羲之\吿-行-唐-王羲之-46207.png,272,332,False,0.1225,0.0023,clean,none,direct_use,True
mccd_salvage,王羲之,行,呈,G:\GitHub\DiT\MCCD\MCCD\MCCD-Calligrapher\calligrapher_dataset\王羲之\呈-行-唐-王羲之-46354.png,239,339,False,0.1903,0.0,clean,none,direct_use,True
mccd_salvage,王羲之,行,告,G:\GitHub\DiT\MCCD\MCCD\MCCD-Calligrapher\calligrapher_dataset\王羲之\告-行-唐-王羲之-46663.png,272,332,False,0.1225,0.0023,clean,none,direct_use,True
mccd_salvage,王羲之,行,周,G:\GitHub\DiT\MCCD\MCCD\MCCD-Calligrapher\calligrapher_dataset\王羲之\周-行-唐-王羲之-46947.png,205,307,False,0.2281,0.002,clean,none,direct_use,True
mccd_salvage,王羲之,行,呪,G:\GitHub\DiT\MCCD\MCCD\MCCD-Calligrapher\calligrapher_dataset\王羲之\呪-行-唐-王羲之-46979.png,293,180,False,0.2507,0.0064,clean,none,direct_use,True
mccd_salvage,王羲之,行,味,G:\GitHub\DiT\MCCD\MCCD\MCCD-Calligrapher\calligrapher_dataset\王羲之\味-行-唐-王羲之-47028.png,259,227,False,0.0908,0.0006,clean,none,direct_use,True
mccd_salvage,王羲之,行,味,G:\GitHub\DiT\MCCD\MCCD\MCCD-Calligrapher\calligrapher_dataset\王羲之\味-行-唐-王羲之-47029.png,284,260,False,0.1186,0.0006,clean,none,direct_use,True
mccd_salvage,王羲之,行,命,G:\GitHub\DiT\MCCD\MCCD\MCCD-Calligrapher\calligrapher_dataset\王羲之\命-行-唐-王羲之-47329.png,266,297,False,0.0706,0.005,clean,none,direct_use,True
mccd_salvage,王羲之,行,命,G:\GitHub\DiT\MCCD\MCCD\MCCD-Calligrapher\calligrapher_dataset\王羲之\命-行-晋-王羲之-47326.png,204,228,False,0.251,0.0,clean,none,direct_use,True
mccd_salvage,王羲之,行,哽,G:\GitHub\DiT\MCCD\MCCD\MCCD-Calligrapher\calligrapher_dataset\王羲之\哽-行-晋-王羲之-48670.png,201,223,False,0.2748,0.0,clean,none,direct_use,True
mccd_salvage,王羲之,行,唯,G:\GitHub\DiT\MCCD\MCCD\MCCD-Calligrapher\calligrapher_dataset\王羲之\唯-行-晋-王羲之-48964.png,249,292,False,0.2281,0.0002,clean,none,direct_use,True
mccd_salvage,王羲之,行,唯,G:\GitHub\DiT\MCCD\MCCD\MCCD-Calligrapher\calligrapher_dataset\王羲之\唯-行-晋-王羲之-48965.png,241,308,False,0.1892,0.0,clean,none,direct_use,True
mccd_salvage,王羲之,行,善,G:\GitHub\DiT\MCCD\MCCD\MCCD-Calligrapher\calligrapher_dataset\王羲之\善-行-唐-王羲之-49850.png,203,296,False,0.2103,0.0,clean,none,direct_use,True
mccd_salvage,王羲之,行,喻,G:\GitHub\DiT\MCCD\MCCD\MCCD-Calligrapher\calligrapher_dataset\王羲之\喻-行-唐-王羲之-50569.png,290,255,False,0.1574,0.0,clean,none,direct_use,True
mccd_salvage,王羲之,行,嗤,G:\GitHub\DiT\MCCD\MCCD\MCCD-Calligrapher\calligrapher_dataset\王羲之\嗤-行-唐-王羲之-50926.png,277,295,False,0.3111,0.0026,clean,none,direct_use,True
mccd_salvage,王羲之,行,國,G:\GitHub\DiT\MCCD\MCCD\MCCD-Calligrapher\calligrapher_dataset\王羲之\國-行-唐-王羲之-53468.png,219,261,False,0.2263,0.0038,clean,none,direct_use,True
mccd_salvage,王羲之,行,圎,G:\GitHub\DiT\MCCD\MCCD\MCCD-Calligrapher\calligrapher_dataset\王羲之\圎-行-唐-王羲之-53569.png,260,300,False,0.2163,0.0055,clean,none,direct_use,True
mccd_salvage,王羲之,行,圗,G:\GitHub\DiT\MCCD\MCCD\MCCD-Calligrapher\calligrapher_dataset\王羲之\圗-行-唐-王羲之-53834.png,263,287,False,0.2517,0.0014,clean,none,direct_use,True
mccd_salvage,王羲之,行,土,G:\GitHub\DiT\MCCD\MCCD\MCCD-Calligrapher\calligrapher_dataset\王羲之\土-行-唐-王羲之-54087.png,227,294,False,0.3174,0.0,clean,none,direct_use,True
mccd_salvage,王羲之,行,地,G:\GitHub\DiT\MCCD\MCCD\MCCD-Calligrapher\calligrapher_dataset\王羲之\地-行-唐-王羲之-54463.png,281,215,False,0.1985,0.0089,clean,none,direct_use,True
mccd_salvage,王羲之,行,坐,G:\GitHub\DiT\MCCD\MCCD\MCCD-Calligrapher\calligrapher_dataset\王羲之\坐-行-晋-王羲之-54706.png,205,221,False,0.4658,0.0,clean,none,direct_use,True
mccd_salvage,王羲之,行,垂,G:\GitHub\DiT\MCCD\MCCD\MCCD-Calligrapher\calligrapher_dataset\王羲之\垂-行-唐-王羲之-55094.png,238,338,False,0.2539,0.005,clean,none,direct_use,True
mccd_salvage,王羲之,行,埤,G:\GitHub\DiT\MCCD\MCCD\MCCD-Calligrapher\calligrapher_dataset\王羲之\埤-行-唐-王羲之-55680.png,282,295,False,0.1577,0.0024,clean,none,direct_use,True
mccd_salvage,王羲之,行,塗,G:\GitHub\DiT\MCCD\MCCD\MCCD-Calligrapher\calligrapher_dataset\王羲之\塗-行-唐-王羲之-56670.png,254,258,False,0.1616,0.0011,clean,none,direct_use,True
mccd_salvage,王羲之,行,増,G:\GitHub\DiT\MCCD\MCCD\MCCD-Calligrapher\calligrapher_dataset\王羲之\増-行-唐-王羲之-57178.png,264,296,False,0.2467,0.0,clean,none,direct_use,True
mccd_salvage,王羲之,行,墜,G:\GitHub\DiT\MCCD\MCCD\MCCD-Calligrapher\calligrapher_dataset\王羲之\墜-行-唐-王羲之-57219.png,286,376,False,0.193,0.0011,clean,none,direct_use,True
mccd_salvage,王羲之,行,增,G:\GitHub\DiT\MCCD\MCCD\MCCD-Calligrapher\calligrapher_dataset\王羲之\增-行-唐-王羲之-57269.png,264,296,False,0.2467,0.0,clean,none,direct_use,True
mccd_salvage,王羲之,行,墨,G:\GitHub\DiT\MCCD\MCCD\MCCD-Calligrapher\calligrapher_dataset\王羲之\墨-行-唐-王羲之-57385.png,238,323,False,0.2413,0.0005,clean,none,direct_use,True
mccd_salvage,王羲之,行,壽,G:\GitHub\DiT\MCCD\MCCD\MCCD-Calligrapher\calligrapher_dataset\王羲之\壽-行-唐-王羲之-58600.png,206,305,False,0.1416,0.0166,clean,none,direct_use,True
mccd_salvage,王羲之,行,外,G:\GitHub\DiT\MCCD\MCCD\MCCD-Calligrapher\calligrapher_dataset\王羲之\外-行-唐-王羲之-59292.png,269,188,False,0.1831,0.0,clean,none,direct_use,True
mccd_salvage,王羲之,行,夜,G:\GitHub\DiT\MCCD\MCCD\MCCD-Calligrapher\calligrapher_dataset\王羲之\夜-行-唐-王羲之-59794.png,241,318,False,0.1781,0.0032,clean,none,direct_use,True
mccd_salvage,王羲之,行,夢,G:\GitHub\DiT\MCCD\MCCD\MCCD-Calligrapher\calligrapher_dataset\王羲之\夢-行-唐-王羲之-59861.png,236,431,False,0.1601,0.0037,clean,none,direct_use,True
mccd_salvage,王羲之,行,大,G:\GitHub\DiT\MCCD\MCCD\MCCD-Calligrapher\calligrapher_dataset\王羲之\大-行-唐-王羲之-60515.png,296,289,False,0.1812,0.0008,clean,none,direct_use,True
mccd_salvage,王羲之,行,大,G:\GitHub\DiT\MCCD\MCCD\MCCD-Calligrapher\calligrapher_dataset\王羲之\大-行-唐-王羲之-60518.png,210,328,False,0.1677,0.0,clean,none,direct_use,True
mccd_salvage,王羲之,行,夷,G:\GitHub\DiT\MCCD\MCCD\MCCD-Calligrapher\calligrapher_dataset\王羲之\夷-行-唐-王羲之-61864.png,225,338,False,0.1291,0.0042,clean,none,direct_use,True
mccd_salvage,王羲之,行,奇,G:\GitHub\DiT\MCCD\MCCD\MCCD-Calligrapher\calligrapher_dataset\王羲之\奇-行-唐-王羲之-62066.png,254,312,False,0.1512,0.0009,clean,none,direct_use,True
mccd_salvage,王羲之,行,奉,G:\GitHub\DiT\MCCD\MCCD\MCCD-Calligrapher\calligrapher_dataset\王羲之\奉-行-唐-王羲之-62209.png,238,343,False,0.0914,0.0,clean,none,direct_use,True
mccd_salvage,王羲之,行,奏,G:\GitHub\DiT\MCCD\MCCD\MCCD-Calligrapher\calligrapher_dataset\王羲之\奏-行-唐-王羲之-62356.png,281,335,False,0.1344,0.0021,clean,none,direct_use,True
mccd_salvage,王羲之,楷,契,G:\GitHub\DiT\MCCD\MCCD\MCCD-Calligrapher\calligrapher_dataset\王羲之\契-楷-晋-王羲之-62390.png,194,205,False,0.4258,0.0,clean,none,direct_use,True
mccd_salvage,王羲之,行,奧,G:\GitHub\DiT\MCCD\MCCD\MCCD-Calligrapher\calligrapher_dataset\王羲之\奧-行-唐-王羲之-62729.png,256,325,False,0.2183,0.0007,clean,none,direct_use,True
mccd_salvage,王羲之,行,如,G:\GitHub\DiT\MCCD\MCCD\MCCD-Calligrapher\calligrapher_dataset\王羲之\如-行-唐-王羲之-63767.png,281,155,False,0.2134,0.0,clean,none,direct_use,True
mccd_salvage,王羲之,行,妙,G:\GitHub\DiT\MCCD\MCCD\MCCD-Calligrapher\calligrapher_dataset\王羲之\妙-行-唐-王羲之-64092.png,267,315,False,0.1275,0.0037,clean,none,direct_use,True
mccd_salvage,王羲之,行,字,G:\GitHub\DiT\MCCD\MCCD\MCCD-Calligrapher\calligrapher_dataset\王羲之\字-行-唐-王羲之-68152.png,238,307,False,0.1215,0.0,clean,none,direct_use,True
mccd_salvage,王羲之,行,宅,G:\GitHub\DiT\MCCD\MCCD\MCCD-Calligrapher\calligrapher_dataset\王羲之\宅-行-唐-王羲之-69692.png,258,300,False,0.2097,0.0007,clean,none,direct_use,True
mccd_salvage,王羲之,行,宇,G:\GitHub\DiT\MCCD\MCCD\MCCD-Calligrapher\calligrapher_dataset\王羲之\宇-行-唐-王羲之-69776.png,267,334,False,0.1202,0.0075,clean,none,direct_use,True
mccd_salvage,王羲之,楷,宙,G:\GitHub\DiT\MCCD\MCCD\MCCD-Calligrapher\calligrapher_dataset\王羲之\宙-楷-晋-王羲之-70907.png,225,192,False,0.4625,0.0,clean,none,direct_use,True
mccd_salvage,王羲之,行,宙,G:\GitHub\DiT\MCCD\MCCD\MCCD-Calligrapher\calligrapher_dataset\王羲之\宙-行-晋-王羲之-70914.png,214,180,False,0.5139,0.0,clean,none,direct_use,True
mccd_salvage,王羲之,行,室,G:\GitHub\DiT\MCCD\MCCD\MCCD-Calligrapher\calligrapher_dataset\王羲之\室-行-唐-王羲之-71704.png,262,378,False,0.1936,0.0007,clean,none,direct_use,True
mccd_salvage,王羲之,行,宫,G:\GitHub\DiT\MCCD\MCCD\MCCD-Calligrapher\calligrapher_dataset\王羲之\宫-行-唐-王羲之-71936.png,289,335,False,0.2199,0.0025,clean,none,direct_use,True
mccd_salvage,王羲之,行,寒,G:\GitHub\DiT\MCCD\MCCD\MCCD-Calligrapher\calligrapher_dataset\王羲之\寒-行-唐-王羲之-73488.png,265,250,False,0.2187,0.0011,clean,none,direct_use,True
mccd_salvage,王羲之,行,寜,G:\GitHub\DiT\MCCD\MCCD\MCCD-Calligrapher\calligrapher_dataset\王羲之\寜-行-唐-王羲之-73761.png,186,292,False,0.1475,0.0,clean,none,direct_use,True
mccd_salvage,王羲之,行,實,G:\GitHub\DiT\MCCD\MCCD\MCCD-Calligrapher\calligrapher_dataset\王羲之\實-行-唐-王羲之-74159.png,179,281,False,0.1493,0.008,clean,none,direct_use,True
mccd_salvage,王羲之,行,将,G:\GitHub\DiT\MCCD\MCCD\MCCD-Calligrapher\calligrapher_dataset\王羲之\将-行-晋-王羲之-75407.png,248,267,False,0.3928,0.0,clean,none,direct_use,True
mccd_salvage,王羲之,行,將,G:\GitHub\DiT\MCCD\MCCD\MCCD-Calligrapher\calligrapher_dataset\王羲之\將-行-唐-王羲之-75573.png,272,275,False,0.2411,0.0002,clean,none,direct_use,True
mccd_salvage,王羲之,行,將,G:\GitHub\DiT\MCCD\MCCD\MCCD-Calligrapher\calligrapher_dataset\王羲之\將-行-晋-王羲之-75569.png,186,242,False,0.4338,0.0,clean,none,direct_use,True
mccd_salvage,王羲之,行,對,G:\GitHub\DiT\MCCD\MCCD\MCCD-Calligrapher\calligrapher_dataset\王羲之\對-行-唐-王羲之-76053.png,233,239,False,0.2205,0.0,clean,none,direct_use,True
mccd_salvage,王羲之,行,導,G:\GitHub\DiT\MCCD\MCCD\MCCD-Calligrapher\calligrapher_dataset\王羲之\導-行-唐-王羲之-76122.png,174,299,False,0.198,0.0021,clean,none,direct_use,True
mccd_salvage,王羲之,行,尓,G:\GitHub\DiT\MCCD\MCCD\MCCD-Calligrapher\calligrapher_dataset\王羲之\尓-行-晋-王羲之-76622.png,263,209,False,0.2125,0.002,clean,none,direct_use,True
mccd_salvage,王羲之,行,尔,G:\GitHub\DiT\MCCD\MCCD\MCCD-Calligrapher\calligrapher_dataset\王羲之\尔-行-晋-王羲之-76695.png,263,209,False,0.2125,0.002,clean,none,direct_use,True
mccd_salvage,王羲之,行,峯,G:\GitHub\DiT\MCCD\MCCD\MCCD-Calligrapher\calligrapher_dataset\王羲之\峯-行-唐-王羲之-79763.png,168,382,False,0.18,0.0,clean,none,direct_use,True
mccd_salvage,王羲之,行,崇,G:\GitHub\DiT\MCCD\MCCD\MCCD-Calligrapher\calligrapher_dataset\王羲之\崇-行-唐-王羲之-79911.png,243,350,False,0.26,0.0,clean,none,direct_use,True
mccd_salvage,王羲之,行,崇,G:\GitHub\DiT\MCCD\MCCD\MCCD-Calligrapher\calligrapher_dataset\王羲之\崇-行-唐-王羲之-79913.png,232,333,False,0.2385,0.0034,clean,none,direct_use,True
mccd_salvage,王羲之,行,巡,G:\GitHub\DiT\MCCD\MCCD\MCCD-Calligrapher\calligrapher_dataset\王羲之\巡-行-唐-王羲之-81313.png,265,180,False,0.2736,0.0015,clean,none,direct_use,True
mccd_salvage,王羲之,行,己,G:\GitHub\DiT\MCCD\MCCD\MCCD-Calligrapher\calligrapher_dataset\王羲之\己-行-唐-王羲之-82227.png,252,263,False,0.2222,0.0009,clean,none,direct_use,True
mccd_salvage,王羲之,行,己,G:\GitHub\DiT\MCCD\MCCD\MCCD-Calligrapher\calligrapher_dataset\王羲之\己-行-晋-王羲之-82224.png,227,259,False,0.4083,0.0,clean,none,direct_use,True
mccd_salvage,王羲之,行,已,G:\GitHub\DiT\MCCD\MCCD\MCCD-Calligrapher\calligrapher_dataset\王羲之\已-行-晋-王羲之-82304.png,215,273,False,0.357,0.0001,clean,none,direct_use,True
mccd_salvage,王羲之,行,巻,G:\GitHub\DiT\MCCD\MCCD\MCCD-Calligrapher\calligrapher_dataset\王羲之\巻-行-唐-王羲之-82669.png,279,328,False,0.1478,0.0055,clean,none,direct_use,True
mccd_salvage,王羲之,行,帝,G:\GitHub\DiT\MCCD\MCCD\MCCD-Calligrapher\calligrapher_dataset\王羲之\帝-行-唐-王羲之-83519.png,174,363,False,0.2725,0.0,clean,none,direct_use,True
mccd_salvage,王羲之,行,師,G:\GitHub\DiT\MCCD\MCCD\MCCD-Calligrapher\calligrapher_dataset\王羲之\師-行-唐-王羲之-83801.png,233,294,False,0.17,0.0009,clean,none,direct_use,True
mccd_salvage,王羲之,行,平,G:\GitHub\DiT\MCCD\MCCD\MCCD-Calligrapher\calligrapher_dataset\王羲之\平-行-唐-王羲之-84725.png,186,314,False,0.1381,0.003,clean,none,direct_use,True
mccd_salvage,王羲之,行,年,G:\GitHub\DiT\MCCD\MCCD\MCCD-Calligrapher\calligrapher_dataset\王羲之\年-行-唐-王羲之-85245.png,182,314,False,0.1389,0.0026,clean,none,direct_use,True
mccd_salvage,王羲之,行,序,G:\GitHub\DiT\MCCD\MCCD\MCCD-Calligrapher\calligrapher_dataset\王羲之\序-行-唐-王羲之-85953.png,216,382,False,0.2762,0.0019,clean,none,direct_use,True
mccd_salvage,王羲之,行,庚,G:\GitHub\DiT\MCCD\MCCD\MCCD-Calligrapher\calligrapher_dataset\王羲之\庚-行-唐-王羲之-86254.png,219,289,False,0.2171,0.0016,clean,none,direct_use,True
mccd_salvage,王羲之,行,庭,G:\GitHub\DiT\MCCD\MCCD\MCCD-Calligrapher\calligrapher_dataset\王羲之\庭-行-唐-王羲之-86646.png,278,329,False,0.1905,0.0002,clean,none,direct_use,True
mccd_salvage,王羲之,行,庶,G:\GitHub\DiT\MCCD\MCCD\MCCD-Calligrapher\calligrapher_dataset\王羲之\庶-行-唐-王羲之-86815.png,244,293,False,0.19,0.0125,clean,none,direct_use,True
mccd_salvage,王羲之,行,廣,G:\GitHub\DiT\MCCD\MCCD\MCCD-Calligrapher\calligrapher_dataset\王羲之\廣-行-唐-王羲之-87587.png,257,295,False,0.2306,0.0033,clean,none,direct_use,True
mccd_salvage,王羲之,行,廿,G:\GitHub\DiT\MCCD\MCCD\MCCD-Calligrapher\calligrapher_dataset\王羲之\廿-行-晋-王羲之-88287.png,191,176,False,0.3974,0.0,clean,none,direct_use,True
mccd_salvage,王羲之,行,引,G:\GitHub\DiT\MCCD\MCCD\MCCD-Calligrapher\calligrapher_dataset\王羲之\引-行-唐-王羲之-88978.png,248,252,False,0.1535,0.0,clean,none,direct_use,True
mccd_salvage,王羲之,行,弘,G:\GitHub\DiT\MCCD\MCCD\MCCD-Calligrapher\calligrapher_dataset\王羲之\弘-行-唐-王羲之-89341.png,247,270,False,0.2143,0.0001,clean,none,direct_use,True
mccd_salvage,王羲之,行,張,G:\GitHub\DiT\MCCD\MCCD\MCCD-Calligrapher\calligrapher_dataset\王羲之\張-行-唐-王羲之-89919.png,263,289,False,0.173,0.0043,clean,none,direct_use,True
mccd_salvage,王羲之,行,形,G:\GitHub\DiT\MCCD\MCCD\MCCD-Calligrapher\calligrapher_dataset\王羲之\形-行-唐-王羲之-91949.png,305,272,False,0.1686,0.0021,clean,none,direct_use,True
mccd_salvage,王羲之,行,徐,G:\GitHub\DiT\MCCD\MCCD\MCCD-Calligrapher\calligrapher_dataset\王羲之\徐-行-唐-王羲之-93029.png,252,283,False,0.2053,0.0001,clean,none,direct_use,True
mccd_salvage,王羲之,行,得,G:\GitHub\DiT\MCCD\MCCD\MCCD-Calligrapher\calligrapher_dataset\王羲之\得-行-唐-王羲之-93323.png,196,324,False,0.1263,0.0096,clean,none,direct_use,True
mccd_salvage,王羲之,行,徵,G:\GitHub\DiT\MCCD\MCCD\MCCD-Calligrapher\calligrapher_dataset\王羲之\徵-行-唐-王羲之-94613.png,247,274,False,0.1661,0.0009,clean,none,direct_use,True
mccd_salvage,王羲之,行,心,G:\GitHub\DiT\MCCD\MCCD\MCCD-Calligrapher\calligrapher_dataset\王羲之\心-行-唐-王羲之-95182.png,298,150,False,0.1819,0.0033,clean,none,direct_use,True
mccd_salvage,王羲之,行,心,G:\GitHub\DiT\MCCD\MCCD\MCCD-Calligrapher\calligrapher_dataset\王羲之\心-行-唐-王羲之-95184.png,302,145,False,0.1741,0.0008,clean,none,direct_use,True
mccd_salvage,王羲之,行,志,G:\GitHub\DiT\MCCD\MCCD\MCCD-Calligrapher\calligrapher_dataset\王羲之\志-行-唐-王羲之-95715.png,260,290,False,0.1739,0.0041,clean,none,direct_use,True
mccd_salvage,王羲之,行,忠,G:\GitHub\DiT\MCCD\MCCD\MCCD-Calligrapher\calligrapher_dataset\王羲之\忠-行-唐-王羲之-95955.png,234,305,False,0.1742,0.0005,clean,none,direct_use,True
mccd_salvage,王羲之,行,念,G:\GitHub\DiT\MCCD\MCCD\MCCD-Calligrapher\calligrapher_dataset\王羲之\念-行-唐-王羲之-96143.png,296,243,False,0.0991,0.0025,clean,none,direct_use,True
mccd_salvage,王羲之,行,念,G:\GitHub\DiT\MCCD\MCCD\MCCD-Calligrapher\calligrapher_dataset\王羲之\念-行-唐-王羲之-96147.png,268,237,False,0.0936,0.0,clean,none,direct_use,True
mccd_salvage,王羲之,行,怖,G:\GitHub\DiT\MCCD\MCCD\MCCD-Calligrapher\calligrapher_dataset\王羲之\怖-行-唐-王羲之-96385.png,254,311,False,0.1499,0.0048,clean,none,direct_use,True
mccd_salvage,王羲之,行,性,G:\GitHub\DiT\MCCD\MCCD\MCCD-Calligrapher\calligrapher_dataset\王羲之\性-行-唐-王羲之-96773.png,279,237,False,0.1583,0.0099,clean,none,direct_use,True
mccd_salvage,王羲之,行,恵,G:\GitHub\DiT\MCCD\MCCD\MCCD-Calligrapher\calligrapher_dataset\王羲之\恵-行-唐-王羲之-97786.png,227,277,False,0.2211,0.0045,clean,none,direct_use,True
mccd_salvage,王羲之,行,悉,G:\GitHub\DiT\MCCD\MCCD\MCCD-Calligrapher\calligrapher_dataset\王羲之\悉-行-唐-王羲之-97976.png,210,308,False,0.1595,0.0017,clean,none,direct_use,True
mccd_salvage,王羲之,行,悲,G:\GitHub\DiT\MCCD\MCCD\MCCD-Calligrapher\calligrapher_dataset\王羲之\悲-行-唐-王羲之-98416.png,288,267,False,0.2585,0.0011,clean,none,direct_use,True
mccd_salvage,王羲之,行,意,G:\GitHub\DiT\MCCD\MCCD\MCCD-Calligrapher\calligrapher_dataset\王羲之\意-行-唐-王羲之-99710.png,236,291,False,0.1654,0.0023,clean,none,direct_use,True
mccd_salvage,王羲之,行,愛,G:\GitHub\DiT\MCCD\MCCD\MCCD-Calligrapher\calligrapher_dataset\王羲之\愛-行-唐-王羲之-99904.png,206,391,False,0.2262,0.004,clean,none,direct_use,True
mccd_salvage,王羲之,行,感,G:\GitHub\DiT\MCCD\MCCD\MCCD-Calligrapher\calligrapher_dataset\王羲之\感-行-晋-王羲之-100003.png,279,262,False,0.1208,0.0033,clean,none,direct_use,True
mccd_salvage,王羲之,行,愧,G:\GitHub\DiT\MCCD\MCCD\MCCD-Calligrapher\calligrapher_dataset\王羲之\愧-行-唐-王羲之-100084.png,269,288,False,0.1854,0.0017,clean,none,direct_use,True
mccd_salvage,王羲之,行,慙,G:\GitHub\DiT\MCCD\MCCD\MCCD-Calligrapher\calligrapher_dataset\王羲之\慙-行-唐-王羲之-100574.png,293,268,False,0.1923,0.0007,clean,none,direct_use,True
mccd_salvage,王羲之,行,慧,G:\GitHub\DiT\MCCD\MCCD\MCCD-Calligrapher\calligrapher_dataset\王羲之\慧-行-唐-王羲之-100676.png,236,346,False,0.2118,0.0047,clean,none,direct_use,True
mccd_salvage,王羲之,行,慧,G:\GitHub\DiT\MCCD\MCCD\MCCD-Calligrapher\calligrapher_dataset\王羲之\慧-行-唐-王羲之-100678.png,216,375,False,0.2587,0.0,clean,none,direct_use,True
mccd_salvage,王羲之,行,慨,G:\GitHub\DiT\MCCD\MCCD\MCCD-Calligrapher\calligrapher_dataset\王羲之\慨-行-唐-王羲之-100697.png,296,196,False,0.1598,0.002,clean,none,direct_use,True
mccd_salvage,王羲之,行,慶,G:\GitHub\DiT\MCCD\MCCD\MCCD-Calligrapher\calligrapher_dataset\王羲之\慶-行-唐-王羲之-100954.png,233,420,False,0.1465,0.0029,clean,none,direct_use,True
mccd_salvage,王羲之,行,懈,G:\GitHub\DiT\MCCD\MCCD\MCCD-Calligrapher\calligrapher_dataset\王羲之\懈-行-唐-王羲之-244.png,228,290,False,0.1206,0.0069,clean,none,direct_use,True
mccd_salvage,王羲之,行,我,G:\GitHub\DiT\MCCD\MCCD\MCCD-Calligrapher\calligrapher_dataset\王羲之\我-行-唐-王羲之-2137.png,217,271,False,0.1329,0.0015,clean,none,direct_use,True
mccd_salvage,王羲之,行,戟,G:\GitHub\DiT\MCCD\MCCD\MCCD-Calligrapher\calligrapher_dataset\王羲之\戟-行-唐-王羲之-2618.png,268,321,False,0.1863,0.0002,clean,none,direct_use,True
mccd_salvage,王羲之,行,抱,G:\GitHub\DiT\MCCD\MCCD\MCCD-Calligrapher\calligrapher_dataset\王羲之\抱-行-唐-王羲之-5052.png,289,251,False,0.2446,0.0018,clean,none,direct_use,True
mccd_salvage,王羲之,行,捜,G:\GitHub\DiT\MCCD\MCCD\MCCD-Calligrapher\calligrapher_dataset\王羲之\捜-行-唐-王羲之-6600.png,260,261,False,0.1761,0.0029,clean,none,direct_use,True
mccd_salvage,王羲之,行,掁,G:\GitHub\DiT\MCCD\MCCD\MCCD-Calligrapher\calligrapher_dataset\王羲之\掁-行-唐-王羲之-6802.png,285,282,False,0.1784,0.0075,clean,none,direct_use,True
mccd_salvage,王羲之,行,掌,G:\GitHub\DiT\MCCD\MCCD\MCCD-Calligrapher\calligrapher_dataset\王羲之\掌-行-唐-王羲之-6959.png,255,315,False,0.1005,0.0063,clean,none,direct_use,True
mccd_salvage,王羲之,行,揚,G:\GitHub\DiT\MCCD\MCCD\MCCD-Calligrapher\calligrapher_dataset\王羲之\揚-行-唐-王羲之-7620.png,225,265,False,0.2304,0.0003,clean,none,direct_use,True
mccd_salvage,王羲之,行,故,G:\GitHub\DiT\MCCD\MCCD\MCCD-Calligrapher\calligrapher_dataset\王羲之\故-行-唐-王羲之-1965.png,260,210,False,0.2587,0.0024,clean,none,direct_use,True
mccd_salvage,王羲之,行,故,G:\GitHub\DiT\MCCD\MCCD\MCCD-Calligrapher\calligrapher_dataset\王羲之\故-行-唐-王羲之-1969.png,275,185,False,0.1403,0.0013,clean,none,direct_use,True
mccd_salvage,王羲之,行,敎,G:\GitHub\DiT\MCCD\MCCD\MCCD-Calligrapher\calligrapher_dataset\王羲之\敎-行-唐-王羲之-2182.png,279,281,False,0.2425,0.0016,clean,none,direct_use,True
mccd_salvage,王羲之,行,教,G:\GitHub\DiT\MCCD\MCCD\MCCD-Calligrapher\calligrapher_dataset\王羲之\教-行-唐-王羲之-2602.png,279,281,False,0.2425,0.0016,clean,none,direct_use,True
mccd_salvage,王羲之,行,整,G:\GitHub\DiT\MCCD\MCCD\MCCD-Calligrapher\calligrapher_dataset\王羲之\整-行-唐-王羲之-3520.png,234,274,False,0.2048,0.0004,clean,none,direct_use,True
mccd_salvage,王羲之,行,敷,G:\GitHub\DiT\MCCD\MCCD\MCCD-Calligrapher\calligrapher_dataset\王羲之\敷-行-唐-王羲之-3610.png,254,276,False,0.2071,0.0025,clean,none,direct_use,True
mccd_salvage,王羲之,行,敷,G:\GitHub\DiT\MCCD\MCCD\MCCD-Calligrapher\calligrapher_dataset\王羲之\敷-行-唐-王羲之-3612.png,258,260,False,0.2309,0.0002,clean,none,direct_use,True
mccd_salvage,王羲之,行,文,G:\GitHub\DiT\MCCD\MCCD\MCCD-Calligrapher\calligrapher_dataset\王羲之\文-行-唐-王羲之-4255.png,276,204,False,0.2001,0.0005,clean,none,direct_use,True
mccd_salvage,王羲之,行,方,G:\GitHub\DiT\MCCD\MCCD\MCCD-Calligrapher\calligrapher_dataset\王羲之\方-行-唐-王羲之-5358.png,206,311,False,0.1502,0.0024,clean,none,direct_use,True
mccd_salvage,王羲之,行,日,G:\GitHub\DiT\MCCD\MCCD\MCCD-Calligrapher\calligrapher_dataset\王羲之\日-行-晋-王羲之-1077.png,213,297,False,0.4628,0.0,clean,none,direct_use,True
mccd_salvage,王羲之,行,日,G:\GitHub\DiT\MCCD\MCCD\MCCD-Calligrapher\calligrapher_dataset\王羲之\日-行-晋-王羲之-1078.png,238,277,False,0.5441,0.0021,clean,none,direct_use,True
mccd_salvage,王羲之,行,旨,G:\GitHub\DiT\MCCD\MCCD\MCCD-Calligrapher\calligrapher_dataset\王羲之\旨-行-唐-王羲之-1362.png,219,292,False,0.176,0.0077,clean,none,direct_use,True
mccd_salvage,王羲之,行,昇,G:\GitHub\DiT\MCCD\MCCD\MCCD-Calligrapher\calligrapher_dataset\王羲之\昇-行-唐-王羲之-1837.png,174,313,False,0.1904,0.0014,clean,none,direct_use,True
mccd_salvage,王羲之,行,昏,G:\GitHub\DiT\MCCD\MCCD\MCCD-Calligrapher\calligrapher_dataset\王羲之\昏-行-唐-王羲之-2158.png,216,273,False,0.2601,0.0,clean,none,direct_use,True
mccd_salvage,王羲之,行,昔,G:\GitHub\DiT\MCCD\MCCD\MCCD-Calligrapher\calligrapher_dataset\王羲之\昔-行-晋-王羲之-2636.png,191,225,False,0.3468,0.0009,clean,none,direct_use,True
mccd_salvage,王羲之,行,昔,G:\GitHub\DiT\MCCD\MCCD\MCCD-Calligrapher\calligrapher_dataset\王羲之\昔-行-晋-王羲之-2637.png,288,293,False,0.3158,0.0134,clean,none,direct_use,True
mccd_salvage,王羲之,行,昔,G:\GitHub\DiT\MCCD\MCCD\MCCD-Calligrapher\calligrapher_dataset\王羲之\昔-行-晋-王羲之-2638.png,237,265,False,0.3421,0.0,clean,none,direct_use,True
mccd_salvage,王羲之,行,是,G:\GitHub\DiT\MCCD\MCCD\MCCD-Calligrapher\calligrapher_dataset\王羲之\是-行-唐-王羲之-3573.png,263,273,False,0.1338,0.0046,clean,none,direct_use,True
mccd_salvage,王羲之,行,是,G:\GitHub\DiT\MCCD\MCCD\MCCD-Calligrapher\calligrapher_dataset\王羲之\是-行-唐-王羲之-3574.png,267,297,False,0.0967,0.007,clean,none,direct_use,True
mccd_salvage,王羲之,行,晉,G:\GitHub\DiT\MCCD\MCCD\MCCD-Calligrapher\calligrapher_dataset\王羲之\晉-行-唐-王羲之-4083.png,283,273,False,0.2178,0.0008,clean,none,direct_use,True
mccd_salvage,王羲之,行,晦,G:\GitHub\DiT\MCCD\MCCD\MCCD-Calligrapher\calligrapher_dataset\王羲之\晦-行-唐-王羲之-4513.png,284,280,False,0.2775,0.0021,clean,none,direct_use,True
mccd_salvage,王羲之,行,晴,G:\GitHub\DiT\MCCD\MCCD\MCCD-Calligrapher\calligrapher_dataset\王羲之\晴-行-晋-王羲之-4759.png,264,287,False,0.4774,0.0,clean,none,direct_use,True
mccd_salvage,王羲之,行,智,G:\GitHub\DiT\MCCD\MCCD\MCCD-Calligrapher\calligrapher_dataset\王羲之\智-行-唐-王羲之-4869.png,224,314,False,0.3201,0.0037,clean,none,direct_use,True
mccd_salvage,王羲之,行,曰,G:\GitHub\DiT\MCCD\MCCD\MCCD-Calligrapher\calligrapher_dataset\王羲之\曰-行-晋-王羲之-6210.png,236,224,False,0.3651,0.0031,clean,none,direct_use,True
mccd_salvage,王羲之,行,曽,G:\GitHub\DiT\MCCD\MCCD\MCCD-Calligrapher\calligrapher_dataset\王羲之\曽-行-唐-王羲之-6951.png,195,403,False,0.1313,0.0063,clean,none,direct_use,True
mccd_salvage,王羲之,行,有,G:\GitHub\DiT\MCCD\MCCD\MCCD-Calligrapher\calligrapher_dataset\王羲之\有-行-唐-王羲之-8099.png,229,279,False,0.145,0.0,clean,none,direct_use,True
mccd_salvage,王羲之,行,期,G:\GitHub\DiT\MCCD\MCCD\MCCD-Calligrapher\calligrapher_dataset\王羲之\期-行-唐-王羲之-9067.png,270,280,False,0.2279,0.0049,clean,none,direct_use,True
mccd_salvage,王羲之,行,末,G:\GitHub\DiT\MCCD\MCCD\MCCD-Calligrapher\calligrapher_dataset\王羲之\末-行-晋-王羲之-9650.png,250,262,False,0.163,0.0099,clean,none,direct_use,True
mccd_salvage,王羲之,行,朽,G:\GitHub\DiT\MCCD\MCCD\MCCD-Calligrapher\calligrapher_dataset\王羲之\朽-行-唐-王羲之-10018.png,213,246,False,0.2412,0.0,clean,none,direct_use,True
mccd_salvage,王羲之,行,析,G:\GitHub\DiT\MCCD\MCCD\MCCD-Calligrapher\calligrapher_dataset\王羲之\析-行-唐-王羲之-11268.png,203,275,False,0.1532,0.0029,clean,none,direct_use,True
mccd_salvage,王羲之,行,果,G:\GitHub\DiT\MCCD\MCCD\MCCD-Calligrapher\calligrapher_dataset\王羲之\果-行-唐-王羲之-11553.png,209,258,False,0.1882,0.0062,clean,none,direct_use,True
mccd_salvage,王羲之,行,柱,G:\GitHub\DiT\MCCD\MCCD\MCCD-Calligrapher\calligrapher_dataset\王羲之\柱-行-唐-王羲之-12357.png,273,265,False,0.0881,0.0077,clean,none,direct_use,True
mccd_salvage,王羲之,行,棺,G:\GitHub\DiT\MCCD\MCCD\MCCD-Calligrapher\calligrapher_dataset\王羲之\棺-行-唐-王羲之-14309.png,245,301,False,0.1259,0.0102,clean,none,direct_use,True
mccd_salvage,王羲之,行,植,G:\GitHub\DiT\MCCD\MCCD\MCCD-Calligrapher\calligrapher_dataset\王羲之\植-行-唐-王羲之-14428.png,253,266,False,0.2173,0.0026,clean,none,direct_use,True
mccd_salvage,王羲之,行,楊,G:\GitHub\DiT\MCCD\MCCD\MCCD-Calligrapher\calligrapher_dataset\王羲之\楊-行-唐-王羲之-14695.png,268,262,False,0.286,0.0022,clean,none,direct_use,True
mccd_salvage,王羲之,行,業,G:\GitHub\DiT\MCCD\MCCD\MCCD-Calligrapher\calligrapher_dataset\王羲之\業-行-唐-王羲之-15241.png,186,311,False,0.2142,0.0061,clean,none,direct_use,True
mccd_salvage,王羲之,行,樂,G:\GitHub\DiT\MCCD\MCCD\MCCD-Calligrapher\calligrapher_dataset\王羲之\樂-行-唐-王羲之-16388.png,293,232,False,0.1368,0.0091,clean,none,direct_use,True
mccd_salvage,王羲之,行,標,G:\GitHub\DiT\MCCD\MCCD\MCCD-Calligrapher\calligrapher_dataset\王羲之\標-行-唐-王羲之-16591.png,250,269,False,0.1643,0.0,clean,none,direct_use,True
mccd_salvage,王羲之,行,樹,G:\GitHub\DiT\MCCD\MCCD\MCCD-Calligrapher\calligrapher_dataset\王羲之\樹-行-唐-王羲之-16820.png,283,277,False,0.1979,0.0017,clean,none,direct_use,True
mccd_salvage,王羲之,行,殊,G:\GitHub\DiT\MCCD\MCCD\MCCD-Calligrapher\calligrapher_dataset\王羲之\殊-行-唐-王羲之-21071.png,240,239,False,0.1577,0.0172,clean,none,direct_use,True
mccd_salvage,王羲之,行,毎,G:\GitHub\DiT\MCCD\MCCD\MCCD-Calligrapher\calligrapher_dataset\王羲之\毎-行-晋-王羲之-22455.png,262,232,False,0.4769,0.0,clean,none,direct_use,True
mccd_salvage,王羲之,行,比,G:\GitHub\DiT\MCCD\MCCD\MCCD-Calligrapher\calligrapher_dataset\王羲之\比-行-晋-王羲之-22844.png,205,220,False,0.3353,0.0,clean,none,direct_use,True
mccd_salvage,王羲之,行,氏,G:\GitHub\DiT\MCCD\MCCD\MCCD-Calligrapher\calligrapher_dataset\王羲之\氏-行-唐-王羲之-23370.png,250,281,False,0.1827,0.001,clean,none,direct_use,True
mccd_salvage,王羲之,楷,氣,G:\GitHub\DiT\MCCD\MCCD\MCCD-Calligrapher\calligrapher_dataset\王羲之\氣-楷-晋-王羲之-24073.png,176,177,False,0.4018,0.0,clean,none,direct_use,True
mccd_salvage,王羲之,行,氣,G:\GitHub\DiT\MCCD\MCCD\MCCD-Calligrapher\calligrapher_dataset\王羲之\氣-行-晋-王羲之-24091.png,272,289,False,0.176,0.0025,clean,none,direct_use,True
mccd_salvage,王羲之,行,氣,G:\GitHub\DiT\MCCD\MCCD\MCCD-Calligrapher\calligrapher_dataset\王羲之\氣-行-晋-王羲之-24092.png,234,286,False,0.1225,0.0,clean,none,direct_use,True
mccd_salvage,王羲之,行,水,G:\GitHub\DiT\MCCD\MCCD\MCCD-Calligrapher\calligrapher_dataset\王羲之\水-行-唐-王羲之-24350.png,224,192,False,0.1504,0.0,clean,none,direct_use,True
mccd_salvage,王羲之,行,治,G:\GitHub\DiT\MCCD\MCCD\MCCD-Calligrapher\calligrapher_dataset\王羲之\治-行-唐-王羲之-26499.png,254,283,False,0.1859,0.0023,clean,none,direct_use,True
mccd_salvage,王羲之,行,法,G:\GitHub\DiT\MCCD\MCCD\MCCD-Calligrapher\calligrapher_dataset\王羲之\法-行-唐-王羲之-26847.png,235,209,False,0.1991,0.0,clean,none,direct_use,True
mccd_salvage,王羲之,行,泡,G:\GitHub\DiT\MCCD\MCCD\MCCD-Calligrapher\calligrapher_dataset\王羲之\泡-行-唐-王羲之-26995.png,244,218,False,0.1077,0.0,clean,none,direct_use,True
mccd_salvage,王羲之,行,波,G:\GitHub\DiT\MCCD\MCCD\MCCD-Calligrapher\calligrapher_dataset\王羲之\波-行-唐-王羲之-27028.png,283,252,False,0.1292,0.0,clean,none,direct_use,True
mccd_salvage,王羲之,行,泣,G:\GitHub\DiT\MCCD\MCCD\MCCD-Calligrapher\calligrapher_dataset\王羲之\泣-行-唐-王羲之-27074.png,254,262,False,0.1102,0.0076,clean,none,direct_use,True
mccd_salvage,王羲之,行,津,G:\GitHub\DiT\MCCD\MCCD\MCCD-Calligrapher\calligrapher_dataset\王羲之\津-行-唐-王羲之-27676.png,239,329,False,0.0967,0.0054,clean,none,direct_use,True
mccd_salvage,王羲之,行,流,G:\GitHub\DiT\MCCD\MCCD\MCCD-Calligrapher\calligrapher_dataset\王羲之\流-行-唐-王羲之-28061.png,249,196,False,0.2344,0.0,clean,none,direct_use,True
mccd_salvage,王羲之,行,海,G:\GitHub\DiT\MCCD\MCCD\MCCD-Calligrapher\calligrapher_dataset\王羲之\海-行-唐-王羲之-28506.png,190,243,False,0.1337,0.0,clean,none,direct_use,True
mccd_salvage,王羲之,行,海,G:\GitHub\DiT\MCCD\MCCD\MCCD-Calligrapher\calligrapher_dataset\王羲之\海-行-唐-王羲之-28507.png,244,197,False,0.2189,0.0058,clean,none,direct_use,True
mccd_salvage,王羲之,行,消,G:\GitHub\DiT\MCCD\MCCD\MCCD-Calligrapher\calligrapher_dataset\王羲之\消-行-晋-王羲之-28706.png,199,315,False,0.1865,0.0006,clean,none,direct_use,True
mccd_salvage,王羲之,行,涉,G:\GitHub\DiT\MCCD\MCCD\MCCD-Calligrapher\calligrapher_dataset\王羲之\涉-行-唐-王羲之-28792.png,260,260,False,0.1902,0.0026,clean,none,direct_use,True
mccd_salvage,王羲之,行,涙,G:\GitHub\DiT\MCCD\MCCD\MCCD-Calligrapher\calligrapher_dataset\王羲之\涙-行-唐-王羲之-28936.png,233,248,False,0.0846,0.0344,clean,none,direct_use,True
mccd_salvage,王羲之,行,溢,G:\GitHub\DiT\MCCD\MCCD\MCCD-Calligrapher\calligrapher_dataset\王羲之\溢-行-唐-王羲之-31614.png,271,284,False,0.2205,0.0005,clean,none,direct_use,True
mccd_salvage,王羲之,行,漢,G:\GitHub\DiT\MCCD\MCCD\MCCD-Calligrapher\calligrapher_dataset\王羲之\漢-行-唐-王羲之-32665.png,264,261,False,0.271,0.0007,clean,none,direct_use,True
mccd_salvage,王羲之,行,濕,G:\GitHub\DiT\MCCD\MCCD\MCCD-Calligrapher\calligrapher_dataset\王羲之\濕-行-唐-王羲之-33937.png,277,278,False,0.1939,0.0,clean,none,direct_use,True
mccd_salvage,王羲之,行,炬,G:\GitHub\DiT\MCCD\MCCD\MCCD-Calligrapher\calligrapher_dataset\王羲之\炬-行-唐-王羲之-35424.png,287,222,False,0.3128,0.0006,clean,none,direct_use,True
mccd_salvage,王羲之,行,為,G:\GitHub\DiT\MCCD\MCCD\MCCD-Calligrapher\calligrapher_dataset\王羲之\為-行-晋-王羲之-36085.png,168,171,False,0.4315,0.0,clean,none,direct_use,True
mccd_salvage,王羲之,行,為,G:\GitHub\DiT\MCCD\MCCD\MCCD-Calligrapher\calligrapher_dataset\王羲之\為-行-晋-王羲之-36086.png,163,193,False,0.3548,0.0,clean,none,direct_use,True
mccd_salvage,王羲之,行,為,G:\GitHub\DiT\MCCD\MCCD\MCCD-Calligrapher\calligrapher_dataset\王羲之\為-行-晋-王羲之-36089.png,159,196,False,0.4323,0.0,clean,none,direct_use,True
mccd_salvage,王羲之,行,無,G:\GitHub\DiT\MCCD\MCCD\MCCD-Calligrapher\calligrapher_dataset\王羲之\無-行-唐-王羲之-37144.png,270,287,False,0.2019,0.0018,clean,none,direct_use,True
mccd_salvage,王羲之,行,然,G:\GitHub\DiT\MCCD\MCCD\MCCD-Calligrapher\calligrapher_dataset\王羲之\然-行-晋-王羲之-37396.png,258,279,False,0.5122,0.0,clean,none,direct_use,True
mccd_salvage,王羲之,行,然,G:\GitHub\DiT\MCCD\MCCD\MCCD-Calligrapher\calligrapher_dataset\王羲之\然-行-晋-王羲之-37397.png,247,265,False,0.3992,0.0009,clean,none,direct_use,True
mccd_salvage,王羲之,行,燄,G:\GitHub\DiT\MCCD\MCCD\MCCD-Calligrapher\calligrapher_dataset\王羲之\燄-行-唐-王羲之-38351.png,288,271,False,0.2085,0.0007,clean,none,direct_use,True
mccd_salvage,王羲之,行,爲,G:\GitHub\DiT\MCCD\MCCD\MCCD-Calligrapher\calligrapher_dataset\王羲之\爲-行-唐-王羲之-39818.png,272,315,False,0.2481,0.0009,clean,none,direct_use,True
mccd_salvage,王羲之,行,爲,G:\GitHub\DiT\MCCD\MCCD\MCCD-Calligrapher\calligrapher_dataset\王羲之\爲-行-晋-王羲之-39807.png,259,276,False,0.4221,0.0,clean,none,direct_use,True
mccd_salvage,王羲之,行,爲,G:\GitHub\DiT\MCCD\MCCD\MCCD-Calligrapher\calligrapher_dataset\王羲之\爲-行-晋-王羲之-39812.png,174,226,False,0.4249,0.0,clean,none,direct_use,True
mccd_salvage,王羲之,行,物,G:\GitHub\DiT\MCCD\MCCD\MCCD-Calligrapher\calligrapher_dataset\王羲之\物-行-唐-王羲之-41240.png,297,229,False,0.1887,0.0012,clean,none,direct_use,True
mccd_salvage,王羲之,行,猶,G:\GitHub\DiT\MCCD\MCCD\MCCD-Calligrapher\calligrapher_dataset\王羲之\猶-行-唐-王羲之-42729.png,283,291,False,0.1653,0.0029,clean,none,direct_use,True
mccd_salvage,王羲之,行,獲,G:\GitHub\DiT\MCCD\MCCD\MCCD-Calligrapher\calligrapher_dataset\王羲之\獲-行-唐-王羲之-43243.png,258,316,False,0.0886,0.0145,clean,none,direct_use,True
mccd_salvage,王羲之,行,玄,G:\GitHub\DiT\MCCD\MCCD\MCCD-Calligrapher\calligrapher_dataset\王羲之\玄-行-唐-王羲之-43655.png,199,296,False,0.1811,0.0,clean,none,direct_use,True
mccd_salvage,王羲之,行,玉,G:\GitHub\DiT\MCCD\MCCD\MCCD-Calligrapher\calligrapher_dataset\王羲之\玉-行-唐-王羲之-43949.png,270,193,False,0.1753,0.0,clean,none,direct_use,True
mccd_salvage,王羲之,行,珠,G:\GitHub\DiT\MCCD\MCCD\MCCD-Calligrapher\calligrapher_dataset\王羲之\珠-行-唐-王羲之-44874.png,255,247,False,0.1828,0.0017,clean,none,direct_use,True
mccd_salvage,王羲之,行,班,G:\GitHub\DiT\MCCD\MCCD\MCCD-Calligrapher\calligrapher_dataset\王羲之\班-行-唐-王羲之-45030.png,254,199,False,0.2719,0.0012,clean,none,direct_use,True
mccd_salvage,王羲之,行,現,G:\GitHub\DiT\MCCD\MCCD\MCCD-Calligrapher\calligrapher_dataset\王羲之\現-行-唐-王羲之-45102.png,260,251,False,0.0849,0.0096,clean,none,direct_use,True
mccd_salvage,王羲之,行,理,G:\GitHub\DiT\MCCD\MCCD\MCCD-Calligrapher\calligrapher_dataset\王羲之\理-行-唐-王羲之-45216.png,220,172,False,0.2464,0.0006,clean,none,direct_use,True
mccd_salvage,王羲之,行,理,G:\GitHub\DiT\MCCD\MCCD\MCCD-Calligrapher\calligrapher_dataset\王羲之\理-行-唐-王羲之-45219.png,289,236,False,0.196,0.0019,clean,none,direct_use,True
mccd_salvage,王羲之,行,琢,G:\GitHub\DiT\MCCD\MCCD\MCCD-Calligrapher\calligrapher_dataset\王羲之\琢-行-唐-王羲之-45335.png,264,216,False,0.0923,0.007,clean,none,direct_use,True
mccd_salvage,王羲之,行,瑩,G:\GitHub\DiT\MCCD\MCCD\MCCD-Calligrapher\calligrapher_dataset\王羲之\瑩-行-唐-王羲之-45813.png,275,428,False,0.0935,0.0051,clean,none,direct_use,True
mccd_salvage,王羲之,行,璽,G:\GitHub\DiT\MCCD\MCCD\MCCD-Calligrapher\calligrapher_dataset\王羲之\璽-行-唐-王羲之-46371.png,213,391,False,0.2813,0.0013,clean,none,direct_use,True
mccd_salvage,王羲之,行,田,G:\GitHub\DiT\MCCD\MCCD\MCCD-Calligrapher\calligrapher_dataset\王羲之\田-行-唐-王羲之-48312.png,214,175,False,0.354,0.0,clean,none,direct_use,True
mccd_salvage,王羲之,楷,由,G:\GitHub\DiT\MCCD\MCCD\MCCD-Calligrapher\calligrapher_dataset\王羲之\由-楷-晋-王羲之-48431.png,173,192,False,0.5243,0.0,clean,none,direct_use,True
mccd_salvage,王羲之,行,由,G:\GitHub\DiT\MCCD\MCCD\MCCD-Calligrapher\calligrapher_dataset\王羲之\由-行-唐-王羲之-48450.png,241,321,False,0.1894,0.0003,clean,none,direct_use,True
mccd_salvage,王羲之,行,由,G:\GitHub\DiT\MCCD\MCCD\MCCD-Calligrapher\calligrapher_dataset\王羲之\由-行-晋-王羲之-48442.png,181,206,False,0.5093,0.0,clean,none,direct_use,True
mccd_salvage,王羲之,行,申,G:\GitHub\DiT\MCCD\MCCD\MCCD-Calligrapher\calligrapher_dataset\王羲之\申-行-晋-王羲之-48891.png,193,245,False,0.4302,0.0,clean,none,direct_use,True
mccd_salvage,王羲之,行,界,G:\GitHub\DiT\MCCD\MCCD\MCCD-Calligrapher\calligrapher_dataset\王羲之\界-行-唐-王羲之-49226.png,249,301,False,0.2418,0.0004,clean,none,direct_use,True
mccd_salvage,王羲之,行,異,G:\GitHub\DiT\MCCD\MCCD\MCCD-Calligrapher\calligrapher_dataset\王羲之\異-行-唐-王羲之-50157.png,286,328,False,0.2063,0.0011,clean,none,direct_use,True
mccd_salvage,王羲之,行,異,G:\GitHub\DiT\MCCD\MCCD\MCCD-Calligrapher\calligrapher_dataset\王羲之\異-行-唐-王羲之-50158.png,310,354,False,0.2264,0.0011,clean,none,direct_use,True
mccd_salvage,王羲之,行,痛,G:\GitHub\DiT\MCCD\MCCD\MCCD-Calligrapher\calligrapher_dataset\王羲之\痛-行-晋-王羲之-51543.png,213,337,False,0.2243,0.0,clean,none,direct_use,True
mccd_salvage,王羲之,行,登,G:\GitHub\DiT\MCCD\MCCD\MCCD-Calligrapher\calligrapher_dataset\王羲之\登-行-唐-王羲之-52659.png,258,259,False,0.1303,0.0006,clean,none,direct_use,True
mccd_salvage,王羲之,行,白,G:\GitHub\DiT\MCCD\MCCD\MCCD-Calligrapher\calligrapher_dataset\王羲之\白-行-晋-王羲之-53088.png,182,236,False,0.5144,0.0,clean,none,direct_use,True
mccd_salvage,王羲之,行,百,G:\GitHub\DiT\MCCD\MCCD\MCCD-Calligrapher\calligrapher_dataset\王羲之\百-行-唐-王羲之-53330.png,236,312,False,0.3022,0.0001,clean,none,direct_use,True
mccd_salvage,王羲之,行,盛,G:\GitHub\DiT\MCCD\MCCD\MCCD-Calligrapher\calligrapher_dataset\王羲之\盛-行-晋-王羲之-54740.png,193,183,False,0.3453,0.0,clean,none,direct_use,True
mccd_salvage,王羲之,行,盡,G:\GitHub\DiT\MCCD\MCCD\MCCD-Calligrapher\calligrapher_dataset\王羲之\盡-行-唐-王羲之-55050.png,216,317,False,0.2487,0.0,clean,none,direct_use,True
mccd_salvage,王羲之,行,相,G:\GitHub\DiT\MCCD\MCCD\MCCD-Calligrapher\calligrapher_dataset\王羲之\相-行-晋-王羲之-55920.png,196,180,False,0.3812,0.0,clean,none,direct_use,True
mccd_salvage,王羲之,行,眞,G:\GitHub\DiT\MCCD\MCCD\MCCD-Calligrapher\calligrapher_dataset\王羲之\眞-行-唐-王羲之-56734.png,205,420,False,0.0987,0.0108,clean,none,direct_use,True
mccd_salvage,王羲之,行,真,G:\GitHub\DiT\MCCD\MCCD\MCCD-Calligrapher\calligrapher_dataset\王羲之\真-行-唐-王羲之-56841.png,263,352,False,0.1803,0.0055,clean,none,direct_use,True
mccd_salvage,王羲之,行,眼,G:\GitHub\DiT\MCCD\MCCD\MCCD-Calligrapher\calligrapher_dataset\王羲之\眼-行-唐-王羲之-57142.png,286,276,False,0.208,0.0054,clean,none,direct_use,True
mccd_salvage,王羲之,行,眾,G:\GitHub\DiT\MCCD\MCCD\MCCD-Calligrapher\calligrapher_dataset\王羲之\眾-行-唐-王羲之-57276.png,216,274,False,0.2505,0.001,clean,none,direct_use,True
mccd_salvage,王羲之,行,瞻,G:\GitHub\DiT\MCCD\MCCD\MCCD-Calligrapher\calligrapher_dataset\王羲之\瞻-行-唐-王羲之-58030.png,216,315,False,0.2144,0.0003,clean,none,direct_use,True
mccd_salvage,王羲之,行,石,G:\GitHub\DiT\MCCD\MCCD\MCCD-Calligrapher\calligrapher_dataset\王羲之\石-行-唐-王羲之-59094.png,285,217,False,0.1546,0.0152,clean,none,direct_use,True
mccd_salvage,王羲之,行,祉,G:\GitHub\DiT\MCCD\MCCD\MCCD-Calligrapher\calligrapher_dataset\王羲之\祉-行-唐-王羲之-60973.png,279,228,False,0.214,0.0,clean,none,direct_use,True
mccd_salvage,王羲之,行,祿,G:\GitHub\DiT\MCCD\MCCD\MCCD-Calligrapher\calligrapher_dataset\王羲之\祿-行-唐-王羲之-61853.png,298,240,False,0.1939,0.0052,clean,none,direct_use,True
mccd_salvage,王羲之,行,福,G:\GitHub\DiT\MCCD\MCCD\MCCD-Calligrapher\calligrapher_dataset\王羲之\福-行-唐-王羲之-62165.png,276,322,False,0.233,0.0017,clean,none,direct_use,True
mccd_salvage,王羲之,行,秘,G:\GitHub\DiT\MCCD\MCCD\MCCD-Calligrapher\calligrapher_dataset\王羲之\秘-行-唐-王羲之-63441.png,274,224,False,0.1751,0.0,clean,none,direct_use,True
mccd_salvage,王羲之,行,種,G:\GitHub\DiT\MCCD\MCCD\MCCD-Calligrapher\calligrapher_dataset\王羲之\種-行-唐-王羲之-64222.png,267,200,False,0.1879,0.0002,clean,none,direct_use,True
mccd_salvage,王羲之,行,穎,G:\GitHub\DiT\MCCD\MCCD\MCCD-Calligrapher\calligrapher_dataset\王羲之\穎-行-唐-王羲之-64869.png,266,245,False,0.2088,0.001,clean,none,direct_use,True
mccd_salvage,王羲之,行,穸,G:\GitHub\DiT\MCCD\MCCD\MCCD-Calligrapher\calligrapher_dataset\王羲之\穸-行-唐-王羲之-65163.png,266,287,False,0.1778,0.0013,clean,none,direct_use,True
mccd_salvage,王羲之,行,空,G:\GitHub\DiT\MCCD\MCCD\MCCD-Calligrapher\calligrapher_dataset\王羲之\空-行-唐-王羲之-65259.png,244,275,False,0.182,0.0003,clean,none,direct_use,True
mccd_salvage,王羲之,行,窗,G:\GitHub\DiT\MCCD\MCCD\MCCD-Calligrapher\calligrapher_dataset\王羲之\窗-行-唐-王羲之-65565.png,260,325,False,0.1417,0.0011,clean,none,direct_use,True
mccd_salvage,王羲之,行,立,G:\GitHub\DiT\MCCD\MCCD\MCCD-Calligrapher\calligrapher_dataset\王羲之\立-行-唐-王羲之-66170.png,223,337,False,0.1805,0.0,clean,none,direct_use,True
mccd_salvage,王羲之,行,竟,G:\GitHub\DiT\MCCD\MCCD\MCCD-Calligrapher\calligrapher_dataset\王羲之\竟-行-唐-王羲之-66330.png,226,304,False,0.1028,0.0025,clean,none,direct_use,True
mccd_salvage,王羲之,行,竹,G:\GitHub\DiT\MCCD\MCCD\MCCD-Calligrapher\calligrapher_dataset\王羲之\竹-行-晋-王羲之-66949.png,275,219,False,0.1301,0.0004,clean,none,direct_use,True
mccd_salvage,王羲之,行,竹,G:\GitHub\DiT\MCCD\MCCD\MCCD-Calligrapher\calligrapher_dataset\王羲之\竹-行-晋-王羲之-66950.png,190,172,False,0.3446,0.0,clean,none,direct_use,True
mccd_salvage,王羲之,行,策,G:\GitHub\DiT\MCCD\MCCD\MCCD-Calligrapher\calligrapher_dataset\王羲之\策-行-唐-王羲之-67821.png,243,315,False,0.1774,0.0,clean,none,direct_use,True
mccd_salvage,王羲之,行,精,G:\GitHub\DiT\MCCD\MCCD\MCCD-Calligrapher\calligrapher_dataset\王羲之\精-行-唐-王羲之-70176.png,269,305,False,0.1863,0.0003,clean,none,direct_use,True
mccd_salvage,王羲之,行,精,G:\GitHub\DiT\MCCD\MCCD\MCCD-Calligrapher\calligrapher_dataset\王羲之\精-行-晋-王羲之-70173.png,195,203,False,0.4447,0.0,clean,none,direct_use,True
mccd_salvage,王羲之,行,約,G:\GitHub\DiT\MCCD\MCCD\MCCD-Calligrapher\calligrapher_dataset\王羲之\約-行-晋-王羲之-70690.png,233,229,False,0.3964,0.0009,clean,none,direct_use,True
mccd_salvage,王羲之,行,累,G:\GitHub\DiT\MCCD\MCCD\MCCD-Calligrapher\calligrapher_dataset\王羲之\累-行-唐-王羲之-71674.png,236,318,False,0.2792,0.0001,clean,none,direct_use,True
mccd_salvage,王羲之,行,終,G:\GitHub\DiT\MCCD\MCCD\MCCD-Calligrapher\calligrapher_dataset\王羲之\終-行-唐-王羲之-71952.png,282,254,False,0.14,0.0009,clean,none,direct_use,True
mccd_salvage,王羲之,行,結,G:\GitHub\DiT\MCCD\MCCD\MCCD-Calligrapher\calligrapher_dataset\王羲之\結-行-晋-王羲之-72190.png,253,264,False,0.4694,0.0001,clean,none,direct_use,True
mccd_salvage,王羲之,行,絲,G:\GitHub\DiT\MCCD\MCCD\MCCD-Calligrapher\calligrapher_dataset\王羲之\絲-行-晋-王羲之-72691.png,215,220,False,0.4866,0.0,clean,none,direct_use,True
mccd_salvage,王羲之,楷,絳,G:\GitHub\DiT\MCCD\MCCD\MCCD-Calligrapher\calligrapher_dataset\王羲之\絳-楷-晋-王羲之-72720.png,291,168,False,0.0942,0.0074,clean,none,direct_use,True
mccd_salvage,王羲之,行,經,G:\GitHub\DiT\MCCD\MCCD\MCCD-Calligrapher\calligrapher_dataset\王羲之\經-行-唐-王羲之-73122.png,268,264,False,0.1886,0.0019,clean,none,direct_use,True
mccd_salvage,王羲之,行,網,G:\GitHub\DiT\MCCD\MCCD\MCCD-Calligrapher\calligrapher_dataset\王羲之\網-行-唐-王羲之-73454.png,263,231,False,0.1348,0.0171,clean,none,direct_use,True
mccd_salvage,王羲之,行,縣,G:\GitHub\DiT\MCCD\MCCD\MCCD-Calligrapher\calligrapher_dataset\王羲之\縣-行-唐-王羲之-74688.png,264,217,False,0.1568,0.0049,clean,none,direct_use,True
mccd_salvage,王羲之,行,缺,G:\GitHub\DiT\MCCD\MCCD\MCCD-Calligrapher\calligrapher_dataset\王羲之\缺-行-唐-王羲之-76042.png,272,250,False,0.217,0.0,clean,none,direct_use,True
mccd_salvage,王羲之,行,罪,G:\GitHub\DiT\MCCD\MCCD\MCCD-Calligrapher\calligrapher_dataset\王羲之\罪-行-唐-王羲之-76441.png,306,307,False,0.2736,0.0008,clean,none,direct_use,True
mccd_salvage,王羲之,行,翰,G:\GitHub\DiT\MCCD\MCCD\MCCD-Calligrapher\calligrapher_dataset\王羲之\翰-行-唐-王羲之-78829.png,288,280,False,0.2412,0.0,clean,none,direct_use,True
mccd_salvage,王羲之,行,翹,G:\GitHub\DiT\MCCD\MCCD\MCCD-Calligrapher\calligrapher_dataset\王羲之\翹-行-唐-王羲之-78928.png,285,268,False,0.203,0.0005,clean,none,direct_use,True
mccd_salvage,王羲之,行,者,G:\GitHub\DiT\MCCD\MCCD\MCCD-Calligrapher\calligrapher_dataset\王羲之\者-行-唐-王羲之-80174.png,279,289,False,0.2178,0.002,clean,none,direct_use,True
mccd_salvage,王羲之,行,者,G:\GitHub\DiT\MCCD\MCCD\MCCD-Calligrapher\calligrapher_dataset\王羲之\者-行-唐-王羲之-80178.png,251,262,False,0.1628,0.0014,clean,none,direct_use,True
mccd_salvage,王羲之,行,而,G:\GitHub\DiT\MCCD\MCCD\MCCD-Calligrapher\calligrapher_dataset\王羲之\而-行-唐-王羲之-80845.png,290,222,False,0.1089,0.0066,clean,none,direct_use,True
mccd_salvage,王羲之,行,而,G:\GitHub\DiT\MCCD\MCCD\MCCD-Calligrapher\calligrapher_dataset\王羲之\而-行-唐-王羲之-80849.png,293,208,False,0.1463,0.0007,clean,none,direct_use,True
mccd_salvage,王羲之,行,而,G:\GitHub\DiT\MCCD\MCCD\MCCD-Calligrapher\calligrapher_dataset\王羲之\而-行-唐-王羲之-80850.png,284,258,False,0.1852,0.0001,clean,none,direct_use,True
mccd_salvage,王羲之,行,而,G:\GitHub\DiT\MCCD\MCCD\MCCD-Calligrapher\calligrapher_dataset\王羲之\而-行-唐-王羲之-80852.png,268,240,False,0.1649,0.0033,clean,none,direct_use,True
mccd_salvage,王羲之,行,而,G:\GitHub\DiT\MCCD\MCCD\MCCD-Calligrapher\calligrapher_dataset\王羲之\而-行-唐-王羲之-80853.png,302,187,False,0.1544,0.0053,clean,none,direct_use,True
mccd_salvage,王羲之,行,耳,G:\GitHub\DiT\MCCD\MCCD\MCCD-Calligrapher\calligrapher_dataset\王羲之\耳-行-唐-王羲之-81259.png,191,396,False,0.2146,0.0015,clean,none,direct_use,True
mccd_salvage,王羲之,行,耶,G:\GitHub\DiT\MCCD\MCCD\MCCD-Calligrapher\calligrapher_dataset\王羲之\耶-行-唐-王羲之-81320.png,253,437,False,0.2272,0.0008,clean,none,direct_use,True
mccd_salvage,王羲之,楷,聊,G:\GitHub\DiT\MCCD\MCCD\MCCD-Calligrapher\calligrapher_dataset\王羲之\聊-楷-晋-王羲之-81484.png,258,226,False,0.1435,0.0012,clean,none,direct_use,True
mccd_salvage,王羲之,行,聲,G:\GitHub\DiT\MCCD\MCCD\MCCD-Calligrapher\calligrapher_dataset\王羲之\聲-行-唐-王羲之-82116.png,238,415,False,0.0837,0.0007,clean,none,direct_use,True
mccd_salvage,王羲之,行,肇,G:\GitHub\DiT\MCCD\MCCD\MCCD-Calligrapher\calligrapher_dataset\王羲之\肇-行-唐-王羲之-82650.png,238,386,False,0.1371,0.0054,clean,none,direct_use,True
mccd_salvage,王羲之,行,肝,G:\GitHub\DiT\MCCD\MCCD\MCCD-Calligrapher\calligrapher_dataset\王羲之\肝-行-晋-王羲之-82834.png,193,296,False,0.4868,0.0003,clean,none,direct_use,True
mccd_salvage,王羲之,行,股,G:\GitHub\DiT\MCCD\MCCD\MCCD-Calligrapher\calligrapher_dataset\王羲之\股-行-唐-王羲之-82864.png,253,297,False,0.1769,0.0014,clean,none,direct_use,True
mccd_salvage,王羲之,行,胄,G:\GitHub\DiT\MCCD\MCCD\MCCD-Calligrapher\calligrapher_dataset\王羲之\胄-行-唐-王羲之-83393.png,244,363,False,0.0897,0.0039,clean,none,direct_use,True
mccd_salvage,王羲之,行,背,G:\GitHub\DiT\MCCD\MCCD\MCCD-Calligrapher\calligrapher_dataset\王羲之\背-行-唐-王羲之-83445.png,205,354,False,0.1002,0.0012,clean,none,direct_use,True
mccd_salvage,王羲之,行,能,G:\GitHub\DiT\MCCD\MCCD\MCCD-Calligrapher\calligrapher_dataset\王羲之\能-行-唐-王羲之-83987.png,284,269,False,0.2446,0.0003,clean,none,direct_use,True
mccd_salvage,王羲之,行,臣,G:\GitHub\DiT\MCCD\MCCD\MCCD-Calligrapher\calligrapher_dataset\王羲之\臣-行-唐-王羲之-85916.png,221,289,False,0.2744,0.0,clean,none,direct_use,True
mccd_salvage,王羲之,行,臣,G:\GitHub\DiT\MCCD\MCCD\MCCD-Calligrapher\calligrapher_dataset\王羲之\臣-行-唐-王羲之-85919.png,259,320,False,0.2107,0.0022,clean,none,direct_use,True
mccd_salvage,王羲之,行,至,G:\GitHub\DiT\MCCD\MCCD\MCCD-Calligrapher\calligrapher_dataset\王羲之\至-行-晋-王羲之-86986.png,186,284,False,0.5374,0.0005,clean,none,direct_use,True
mccd_salvage,王羲之,行,致,G:\GitHub\DiT\MCCD\MCCD\MCCD-Calligrapher\calligrapher_dataset\王羲之\致-行-唐-王羲之-87109.png,256,260,False,0.2118,0.0026,clean,none,direct_use,True
mccd_salvage,王羲之,行,臻,G:\GitHub\DiT\MCCD\MCCD\MCCD-Calligrapher\calligrapher_dataset\王羲之\臻-行-唐-王羲之-87240.png,254,335,False,0.155,0.0127,clean,none,direct_use,True
mccd_salvage,王羲之,行,舉,G:\GitHub\DiT\MCCD\MCCD\MCCD-Calligrapher\calligrapher_dataset\王羲之\舉-行-唐-王羲之-87968.png,265,339,False,0.2213,0.0022,clean,none,direct_use,True
mccd_salvage,王羲之,行,舌,G:\GitHub\DiT\MCCD\MCCD\MCCD-Calligrapher\calligrapher_dataset\王羲之\舌-行-唐-王羲之-88170.png,237,333,False,0.18,0.0,clean,none,direct_use,True
mccd_salvage,王羲之,行,舜,G:\GitHub\DiT\MCCD\MCCD\MCCD-Calligrapher\calligrapher_dataset\王羲之\舜-行-唐-王羲之-88394.png,261,387,False,0.1397,0.0011,clean,none,direct_use,True
mccd_salvage,王羲之,行,良,G:\GitHub\DiT\MCCD\MCCD\MCCD-Calligrapher\calligrapher_dataset\王羲之\良-行-晋-王羲之-89074.png,193,240,False,0.4692,0.0,clean,none,direct_use,True
mccd_salvage,王羲之,行,色,G:\GitHub\DiT\MCCD\MCCD\MCCD-Calligrapher\calligrapher_dataset\王羲之\色-行-唐-王羲之-89187.png,250,485,False,0.2423,0.0,clean,none,direct_use,True
mccd_salvage,王羲之,行,花,G:\GitHub\DiT\MCCD\MCCD\MCCD-Calligrapher\calligrapher_dataset\王羲之\花-行-唐-王羲之-89654.png,263,293,False,0.0971,0.0033,clean,none,direct_use,True
mccd_salvage,王羲之,行,苞,G:\GitHub\DiT\MCCD\MCCD\MCCD-Calligrapher\calligrapher_dataset\王羲之\苞-行-唐-王羲之-90115.png,252,441,False,0.2163,0.0,clean,none,direct_use,True
mccd_salvage,王羲之,行,茲,G:\GitHub\DiT\MCCD\MCCD\MCCD-Calligrapher\calligrapher_dataset\王羲之\茲-行-唐-王羲之-91094.png,224,376,False,0.2389,0.0,clean,none,direct_use,True
mccd_salvage,王羲之,行,荷,G:\GitHub\DiT\MCCD\MCCD\MCCD-Calligrapher\calligrapher_dataset\王羲之\荷-行-唐-王羲之-91582.png,230,311,False,0.122,0.0065,clean,none,direct_use,True
mccd_salvage,王羲之,行,莊,G:\GitHub\DiT\MCCD\MCCD\MCCD-Calligrapher\calligrapher_dataset\王羲之\莊-行-唐-王羲之-91732.png,244,328,False,0.2114,0.0006,clean,none,direct_use,True
mccd_salvage,王羲之,行,莫,G:\GitHub\DiT\MCCD\MCCD\MCCD-Calligrapher\calligrapher_dataset\王羲之\莫-行-唐-王羲之-92089.png,203,308,False,0.198,0.0,clean,none,direct_use,True
mccd_salvage,王羲之,行,莫,G:\GitHub\DiT\MCCD\MCCD\MCCD-Calligrapher\calligrapher_dataset\王羲之\莫-行-唐-王羲之-92090.png,198,305,False,0.2486,0.0047,clean,none,direct_use,True
mccd_salvage,王羲之,行,菁,G:\GitHub\DiT\MCCD\MCCD\MCCD-Calligrapher\calligrapher_dataset\王羲之\菁-行-唐-王羲之-92198.png,181,302,False,0.0759,0.0181,clean,none,direct_use,True
mccd_salvage,王羲之,行,葉,G:\GitHub\DiT\MCCD\MCCD\MCCD-Calligrapher\calligrapher_dataset\王羲之\葉-行-唐-王羲之-93527.png,232,330,False,0.1455,0.0031,clean,none,direct_use,True
mccd_salvage,王羲之,行,蓬,G:\GitHub\DiT\MCCD\MCCD\MCCD-Calligrapher\calligrapher_dataset\王羲之\蓬-行-唐-王羲之-94648.png,274,340,False,0.1691,0.0003,clean,none,direct_use,True
mccd_salvage,王羲之,行,薩,G:\GitHub\DiT\MCCD\MCCD\MCCD-Calligrapher\calligrapher_dataset\王羲之\薩-行-唐-王羲之-95980.png,246,393,False,0.2501,0.0111,clean,none,direct_use,True
mccd_salvage,王羲之,行,處,G:\GitHub\DiT\MCCD\MCCD\MCCD-Calligrapher\calligrapher_dataset\王羲之\處-行-唐-王羲之-97480.png,265,343,False,0.1642,0.0013,clean,none,direct_use,True
mccd_salvage,王羲之,行,虛,G:\GitHub\DiT\MCCD\MCCD\MCCD-Calligrapher\calligrapher_dataset\王羲之\虛-行-晋-王羲之-97817.png,169,216,False,0.3969,0.0018,clean,none,direct_use,True
mccd_salvage,王羲之,行,蜜,G:\GitHub\DiT\MCCD\MCCD\MCCD-Calligrapher\calligrapher_dataset\王羲之\蜜-行-唐-王羲之-99062.png,273,392,False,0.1684,0.0038,clean,none,direct_use,True
mccd_salvage,王羲之,行,蟲,G:\GitHub\DiT\MCCD\MCCD\MCCD-Calligrapher\calligrapher_dataset\王羲之\蟲-行-唐-王羲之-99991.png,260,331,False,0.1607,0.0021,clean,none,direct_use,True
mccd_salvage,王羲之,行,行,G:\GitHub\DiT\MCCD\MCCD\MCCD-Calligrapher\calligrapher_dataset\王羲之\行-行-唐-王羲之-101030.png,219,323,False,0.1286,0.0,clean,none,direct_use,True
mccd_salvage,王羲之,行,衣,G:\GitHub\DiT\MCCD\MCCD\MCCD-Calligrapher\calligrapher_dataset\王羲之\衣-行-唐-王羲之-101718.png,239,292,False,0.133,0.0,clean,none,direct_use,True
mccd_salvage,王羲之,行,衰,G:\GitHub\DiT\MCCD\MCCD\MCCD-Calligrapher\calligrapher_dataset\王羲之\衰-行-晋-王羲之-101948.png,228,460,False,0.1594,0.0007,clean,none,direct_use,True
mccd_salvage,王羲之,行,衰,G:\GitHub\DiT\MCCD\MCCD\MCCD-Calligrapher\calligrapher_dataset\王羲之\衰-行-晋-王羲之-101950.png,224,297,False,0.119,0.0034,clean,none,direct_use,True
mccd_salvage,王羲之,行,衽,G:\GitHub\DiT\MCCD\MCCD\MCCD-Calligrapher\calligrapher_dataset\王羲之\衽-行-唐-王羲之-102057.png,279,269,False,0.1891,0.0,clean,none,direct_use,True
mccd_salvage,王羲之,行,裁,G:\GitHub\DiT\MCCD\MCCD\MCCD-Calligrapher\calligrapher_dataset\王羲之\裁-行-唐-王羲之-102537.png,209,276,False,0.1541,0.0001,clean,none,direct_use,True
mccd_salvage,王羲之,行,裏,G:\GitHub\DiT\MCCD\MCCD\MCCD-Calligrapher\calligrapher_dataset\王羲之\裏-行-唐-王羲之-102658.png,214,415,False,0.1612,0.005,clean,none,direct_use,True
mccd_salvage,王羲之,行,製,G:\GitHub\DiT\MCCD\MCCD\MCCD-Calligrapher\calligrapher_dataset\王羲之\製-行-唐-王羲之-103063.png,268,301,False,0.1666,0.0074,clean,none,direct_use,True
mccd_salvage,王羲之,行,褒,G:\GitHub\DiT\MCCD\MCCD\MCCD-Calligrapher\calligrapher_dataset\王羲之\褒-行-唐-王羲之-103198.png,251,314,False,0.2131,0.0,clean,none,direct_use,True
mccd_salvage,王羲之,行,褚,G:\GitHub\DiT\MCCD\MCCD\MCCD-Calligrapher\calligrapher_dataset\王羲之\褚-行-晋-王羲之-103255.png,245,229,False,0.5215,0.0,clean,none,direct_use,True
mccd_salvage,王羲之,行,西,G:\GitHub\DiT\MCCD\MCCD\MCCD-Calligrapher\calligrapher_dataset\王羲之\西-行-唐-王羲之-104106.png,287,169,False,0.2214,0.0005,clean,none,direct_use,True
mccd_salvage,王羲之,行,西,G:\GitHub\DiT\MCCD\MCCD\MCCD-Calligrapher\calligrapher_dataset\王羲之\西-行-唐-王羲之-104109.png,256,241,False,0.2705,0.0,clean,none,direct_use,True
mccd_salvage,王羲之,行,覆,G:\GitHub\DiT\MCCD\MCCD\MCCD-Calligrapher\calligrapher_dataset\王羲之\覆-行-唐-王羲之-104347.png,254,427,False,0.2344,0.0002,clean,none,direct_use,True
mccd_salvage,王羲之,行,觀,G:\GitHub\DiT\MCCD\MCCD\MCCD-Calligrapher\calligrapher_dataset\王羲之\觀-行-唐-王羲之-105309.png,252,277,False,0.1913,0.0,clean,none,direct_use,True
mccd_salvage,王羲之,行,觸,G:\GitHub\DiT\MCCD\MCCD\MCCD-Calligrapher\calligrapher_dataset\王羲之\觸-行-唐-王羲之-105814.png,275,236,False,0.2532,0.0,clean,none,direct_use,True
mccd_salvage,王羲之,行,訓,G:\GitHub\DiT\MCCD\MCCD\MCCD-Calligrapher\calligrapher_dataset\王羲之\訓-行-唐-王羲之-106492.png,258,239,False,0.1929,0.0048,clean,none,direct_use,True
mccd_salvage,王羲之,行,託,G:\GitHub\DiT\MCCD\MCCD\MCCD-Calligrapher\calligrapher_dataset\王羲之\託-行-晋-王羲之-106558.png,207,175,False,0.3288,0.0,clean,none,direct_use,True
mccd_salvage,王羲之,行,託,G:\GitHub\DiT\MCCD\MCCD\MCCD-Calligrapher\calligrapher_dataset\王羲之\託-行-晋-王羲之-106559.png,176,154,False,0.2815,0.0,clean,none,direct_use,True
mccd_salvage,王羲之,行,記,G:\GitHub\DiT\MCCD\MCCD\MCCD-Calligrapher\calligrapher_dataset\王羲之\記-行-唐-王羲之-106618.png,283,257,False,0.1827,0.001,clean,none,direct_use,True
mccd_salvage,王羲之,行,詔,G:\GitHub\DiT\MCCD\MCCD\MCCD-Calligrapher\calligrapher_dataset\王羲之\詔-行-唐-王羲之-107347.png,239,282,False,0.1457,0.0008,clean,none,direct_use,True
mccd_salvage,王羲之,行,誠,G:\GitHub\DiT\MCCD\MCCD\MCCD-Calligrapher\calligrapher_dataset\王羲之\誠-行-唐-王羲之-108454.png,270,264,False,0.1809,0.0022,clean,none,direct_use,True
mccd_salvage,王羲之,行,說,G:\GitHub\DiT\MCCD\MCCD\MCCD-Calligrapher\calligrapher_dataset\王羲之\說-行-唐-王羲之-108697.png,268,218,False,0.1447,0.0034,clean,none,direct_use,True
mccd_salvage,王羲之,行,論,G:\GitHub\DiT\MCCD\MCCD\MCCD-Calligrapher\calligrapher_dataset\王羲之\論-行-唐-王羲之-109425.png,267,239,False,0.1592,0.0007,clean,none,direct_use,True
mccd_salvage,王羲之,行,論,G:\GitHub\DiT\MCCD\MCCD\MCCD-Calligrapher\calligrapher_dataset\王羲之\論-行-唐-王羲之-109426.png,248,223,False,0.2503,0.0025,clean,none,direct_use,True
mccd_salvage,王羲之,行,諱,G:\GitHub\DiT\MCCD\MCCD\MCCD-Calligrapher\calligrapher_dataset\王羲之\諱-行-唐-王羲之-109696.png,277,297,False,0.1366,0.0021,clean,none,direct_use,True
mccd_salvage,王羲之,行,諸,G:\GitHub\DiT\MCCD\MCCD\MCCD-Calligrapher\calligrapher_dataset\王羲之\諸-行-唐-王羲之-109830.png,246,311,False,0.1103,0.0049,clean,none,direct_use,True
mccd_salvage,王羲之,行,諸,G:\GitHub\DiT\MCCD\MCCD\MCCD-Calligrapher\calligrapher_dataset\王羲之\諸-行-唐-王羲之-109831.png,294,285,False,0.202,0.0007,clean,none,direct_use,True
mccd_salvage,王羲之,行,謂,G:\GitHub\DiT\MCCD\MCCD\MCCD-Calligrapher\calligrapher_dataset\王羲之\謂-行-唐-王羲之-110102.png,258,340,False,0.1793,0.0,clean,none,direct_use,True
mccd_salvage,王羲之,行,謙,G:\GitHub\DiT\MCCD\MCCD\MCCD-Calligrapher\calligrapher_dataset\王羲之\謙-行-唐-王羲之-110299.png,276,286,False,0.1234,0.0035,clean,none,direct_use,True
mccd_salvage,王羲之,行,謝,G:\GitHub\DiT\MCCD\MCCD\MCCD-Calligrapher\calligrapher_dataset\王羲之\謝-行-晋-王羲之-110398.png,234,195,False,0.3517,0.0,clean,none,direct_use,True
mccd_salvage,王羲之,行,識,G:\GitHub\DiT\MCCD\MCCD\MCCD-Calligrapher\calligrapher_dataset\王羲之\識-行-唐-王羲之-110920.png,282,315,False,0.1853,0.0011,clean,none,direct_use,True
mccd_salvage,王羲之,行,識,G:\GitHub\DiT\MCCD\MCCD\MCCD-Calligrapher\calligrapher_dataset\王羲之\識-行-唐-王羲之-110922.png,248,246,False,0.1238,0.0065,clean,none,direct_use,True
mccd_salvage,王羲之,行,譯,G:\GitHub\DiT\MCCD\MCCD\MCCD-Calligrapher\calligrapher_dataset\王羲之\譯-行-唐-王羲之-111118.png,284,318,False,0.1773,0.0022,clean,none,direct_use,True
mccd_salvage,王羲之,行,豹,G:\GitHub\DiT\MCCD\MCCD\MCCD-Calligrapher\calligrapher_dataset\王羲之\豹-行-唐-王羲之-112900.png,270,281,False,0.2089,0.0,clean,none,direct_use,True
mccd_salvage,王羲之,行,貝,G:\GitHub\DiT\MCCD\MCCD\MCCD-Calligrapher\calligrapher_dataset\王羲之\貝-行-唐-王羲之-113269.png,273,327,False,0.2351,0.0,clean,none,direct_use,True
mccd_salvage,王羲之,行,資,G:\GitHub\DiT\MCCD\MCCD\MCCD-Calligrapher\calligrapher_dataset\王羲之\資-行-唐-王羲之-114509.png,219,353,False,0.2218,0.0,clean,none,direct_use,True
mccd_salvage,王羲之,行,資,G:\GitHub\DiT\MCCD\MCCD\MCCD-Calligrapher\calligrapher_dataset\王羲之\資-行-唐-王羲之-114511.png,236,455,False,0.2025,0.0,clean,none,direct_use,True
mccd_salvage,王羲之,行,賈,G:\GitHub\DiT\MCCD\MCCD\MCCD-Calligrapher\calligrapher_dataset\王羲之\賈-行-唐-王羲之-114604.png,230,342,False,0.1914,0.0009,clean,none,direct_use,True
mccd_salvage,王羲之,行,賢,G:\GitHub\DiT\MCCD\MCCD\MCCD-Calligrapher\calligrapher_dataset\王羲之\賢-行-唐-王羲之-115091.png,238,336,False,0.2376,0.0042,clean,none,direct_use,True
mccd_salvage,王羲之,行,超,G:\GitHub\DiT\MCCD\MCCD\MCCD-Calligrapher\calligrapher_dataset\王羲之\超-行-唐-王羲之-116566.png,250,219,False,0.174,0.0,clean,none,direct_use,True
mccd_salvage,王羲之,行,趣,G:\GitHub\DiT\MCCD\MCCD\MCCD-Calligrapher\calligrapher_dataset\王羲之\趣-行-唐-王羲之-116847.png,254,254,False,0.1246,0.0,clean,none,direct_use,True
mccd_salvage,王羲之,行,踐,G:\GitHub\DiT\MCCD\MCCD\MCCD-Calligrapher\calligrapher_dataset\王羲之\踐-行-唐-王羲之-117700.png,236,316,False,0.1021,0.0188,clean,none,direct_use,True
mccd_salvage,王羲之,行,蹤,G:\GitHub\DiT\MCCD\MCCD\MCCD-Calligrapher\calligrapher_dataset\王羲之\蹤-行-唐-王羲之-118201.png,276,232,False,0.2254,0.0006,clean,none,direct_use,True
mccd_salvage,王羲之,行,軍,G:\GitHub\DiT\MCCD\MCCD\MCCD-Calligrapher\calligrapher_dataset\王羲之\軍-行-唐-王羲之-119211.png,211,405,False,0.2288,0.0009,clean,none,direct_use,True
mccd_salvage,王羲之,行,軍,G:\GitHub\DiT\MCCD\MCCD\MCCD-Calligrapher\calligrapher_dataset\王羲之\軍-行-唐-王羲之-119216.png,218,403,False,0.0923,0.0072,clean,none,direct_use,True
mccd_salvage,王羲之,行,載,G:\GitHub\DiT\MCCD\MCCD\MCCD-Calligrapher\calligrapher_dataset\王羲之\載-行-唐-王羲之-119739.png,264,294,False,0.1625,0.0028,clean,none,direct_use,True
mccd_salvage,王羲之,行,輒,G:\GitHub\DiT\MCCD\MCCD\MCCD-Calligrapher\calligrapher_dataset\王羲之\輒-行-唐-王羲之-119845.png,261,232,False,0.1854,0.0001,clean,none,direct_use,True
mccd_salvage,王羲之,行,輪,G:\GitHub\DiT\MCCD\MCCD\MCCD-Calligrapher\calligrapher_dataset\王羲之\輪-行-唐-王羲之-120223.png,289,277,False,0.2566,0.0012,clean,none,direct_use,True
mccd_salvage,王羲之,行,迎,G:\GitHub\DiT\MCCD\MCCD\MCCD-Calligrapher\calligrapher_dataset\王羲之\迎-行-唐-王羲之-122323.png,251,229,False,0.1018,0.0,clean,none,direct_use,True
mccd_salvage,王羲之,行,述,G:\GitHub\DiT\MCCD\MCCD\MCCD-Calligrapher\calligrapher_dataset\王羲之\述-行-唐-王羲之-122753.png,257,276,False,0.2534,0.0014,clean,none,direct_use,True
mccd_salvage,王羲之,行,迷,G:\GitHub\DiT\MCCD\MCCD\MCCD-Calligrapher\calligrapher_dataset\王羲之\迷-行-唐-王羲之-122854.png,282,285,False,0.1886,0.0002,clean,none,direct_use,True
mccd_salvage,王羲之,行,途,G:\GitHub\DiT\MCCD\MCCD\MCCD-Calligrapher\calligrapher_dataset\王羲之\途-行-唐-王羲之-123587.png,240,243,False,0.1609,0.0,clean,none,direct_use,True
mccd_salvage,王羲之,行,通,G:\GitHub\DiT\MCCD\MCCD\MCCD-Calligrapher\calligrapher_dataset\王羲之\通-行-唐-王羲之-123704.png,217,246,False,0.131,0.0016,clean,none,direct_use,True
mccd_salvage,王羲之,行,進,G:\GitHub\DiT\MCCD\MCCD\MCCD-Calligrapher\calligrapher_dataset\王羲之\進-行-唐-王羲之-124284.png,273,298,False,0.14,0.0024,clean,none,direct_use,True
mccd_salvage,王羲之,行,遭,G:\GitHub\DiT\MCCD\MCCD\MCCD-Calligrapher\calligrapher_dataset\王羲之\遭-行-唐-王羲之-125919.png,250,331,False,0.11,0.0114,clean,none,direct_use,True
mccd_salvage,王羲之,行,遲,G:\GitHub\DiT\MCCD\MCCD\MCCD-Calligrapher\calligrapher_dataset\王羲之\遲-行-唐-王羲之-125994.png,265,325,False,0.1567,0.0056,clean,none,direct_use,True
mccd_salvage,王羲之,行,遵,G:\GitHub\DiT\MCCD\MCCD\MCCD-Calligrapher\calligrapher_dataset\王羲之\遵-行-唐-王羲之-126053.png,289,350,False,0.1696,0.001,clean,none,direct_use,True
mccd_salvage,王羲之,行,遶,G:\GitHub\DiT\MCCD\MCCD\MCCD-Calligrapher\calligrapher_dataset\王羲之\遶-行-唐-王羲之-126070.png,252,299,False,0.1287,0.0011,clean,none,direct_use,True
mccd_salvage,王羲之,行,遺,G:\GitHub\DiT\MCCD\MCCD\MCCD-Calligrapher\calligrapher_dataset\王羲之\遺-行-唐-王羲之-126257.png,297,391,False,0.2572,0.0007,clean,none,direct_use,True
mccd_salvage,王羲之,行,還,G:\GitHub\DiT\MCCD\MCCD\MCCD-Calligrapher\calligrapher_dataset\王羲之\還-行-唐-王羲之-126597.png,288,292,False,0.2098,0.0037,clean,none,direct_use,True
mccd_salvage,王羲之,行,邊,G:\GitHub\DiT\MCCD\MCCD\MCCD-Calligrapher\calligrapher_dataset\王羲之\邊-行-唐-王羲之-126793.png,260,279,False,0.1247,0.0041,clean,none,direct_use,True
mccd_salvage,王羲之,行,郎,G:\GitHub\DiT\MCCD\MCCD\MCCD-Calligrapher\calligrapher_dataset\王羲之\郎-行-唐-王羲之-127829.png,255,372,False,0.1001,0.004,clean,none,direct_use,True
mccd_salvage,王羲之,行,郞,G:\GitHub\DiT\MCCD\MCCD\MCCD-Calligrapher\calligrapher_dataset\王羲之\郞-行-唐-王羲之-128050.png,255,372,False,0.1001,0.004,clean,none,direct_use,True
mccd_salvage,王羲之,行,釋,G:\GitHub\DiT\MCCD\MCCD\MCCD-Calligrapher\calligrapher_dataset\王羲之\釋-行-唐-王羲之-130898.png,262,306,False,0.1778,0.0003,clean,none,direct_use,True
mccd_salvage,王羲之,行,重,G:\GitHub\DiT\MCCD\MCCD\MCCD-Calligrapher\calligrapher_dataset\王羲之\重-行-唐-王羲之-131223.png,286,339,False,0.2336,0.002,clean,none,direct_use,True
mccd_salvage,王羲之,行,重,G:\GitHub\DiT\MCCD\MCCD\MCCD-Calligrapher\calligrapher_dataset\王羲之\重-行-唐-王羲之-131225.png,231,347,False,0.1806,0.0039,clean,none,direct_use,True
mccd_salvage,王羲之,行,金,G:\GitHub\DiT\MCCD\MCCD\MCCD-Calligrapher\calligrapher_dataset\王羲之\金-行-唐-王羲之-131875.png,292,192,False,0.1805,0.0164,clean,none,direct_use,True
mccd_salvage,王羲之,行,銘,G:\GitHub\DiT\MCCD\MCCD\MCCD-Calligrapher\calligrapher_dataset\王羲之\銘-行-唐-王羲之-132954.png,292,222,False,0.1848,0.0011,clean,none,direct_use,True
mccd_salvage,王羲之,行,鑑,G:\GitHub\DiT\MCCD\MCCD\MCCD-Calligrapher\calligrapher_dataset\王羲之\鑑-行-唐-王羲之-135183.png,270,187,False,0.1776,0.0001,clean,none,direct_use,True
mccd_salvage,王羲之,行,長,G:\GitHub\DiT\MCCD\MCCD\MCCD-Calligrapher\calligrapher_dataset\王羲之\長-行-唐-王羲之-135742.png,237,307,False,0.1247,0.0006,clean,none,direct_use,True
mccd_salvage,王羲之,行,門,G:\GitHub\DiT\MCCD\MCCD\MCCD-Calligrapher\calligrapher_dataset\王羲之\門-行-唐-王羲之-136031.png,232,264,False,0.1619,0.0,clean,none,direct_use,True
mccd_salvage,王羲之,行,開,G:\GitHub\DiT\MCCD\MCCD\MCCD-Calligrapher\calligrapher_dataset\王羲之\開-行-唐-王羲之-136222.png,239,304,False,0.2288,0.0,clean,none,direct_use,True
mccd_salvage,王羲之,行,闇,G:\GitHub\DiT\MCCD\MCCD\MCCD-Calligrapher\calligrapher_dataset\王羲之\闇-行-唐-王羲之-136887.png,264,312,False,0.1509,0.0076,clean,none,direct_use,True
mccd_salvage,王羲之,行,闇,G:\GitHub\DiT\MCCD\MCCD\MCCD-Calligrapher\calligrapher_dataset\王羲之\闇-行-唐-王羲之-136888.png,263,278,False,0.2764,0.0039,clean,none,direct_use,True
mccd_salvage,王羲之,行,降,G:\GitHub\DiT\MCCD\MCCD\MCCD-Calligrapher\calligrapher_dataset\王羲之\降-行-唐-王羲之-137926.png,223,305,False,0.2209,0.0,clean,none,direct_use,True
mccd_salvage,王羲之,行,陰,G:\GitHub\DiT\MCCD\MCCD\MCCD-Calligrapher\calligrapher_dataset\王羲之\陰-行-唐-王羲之-138496.png,250,231,False,0.2205,0.0,clean,none,direct_use,True
mccd_salvage,王羲之,行,陵,G:\GitHub\DiT\MCCD\MCCD\MCCD-Calligrapher\calligrapher_dataset\王羲之\陵-行-唐-王羲之-138758.png,194,319,False,0.1804,0.0,clean,none,direct_use,True
mccd_salvage,王羲之,行,陽,G:\GitHub\DiT\MCCD\MCCD\MCCD-Calligrapher\calligrapher_dataset\王羲之\陽-行-唐-王羲之-139066.png,241,352,False,0.2211,0.0006,clean,none,direct_use,True
mccd_salvage,王羲之,行,陽,G:\GitHub\DiT\MCCD\MCCD\MCCD-Calligrapher\calligrapher_dataset\王羲之\陽-行-唐-王羲之-139067.png,220,312,False,0.2327,0.0002,clean,none,direct_use,True
mccd_salvage,王羲之,行,隆,G:\GitHub\DiT\MCCD\MCCD\MCCD-Calligrapher\calligrapher_dataset\王羲之\隆-行-唐-王羲之-139273.png,279,359,False,0.1934,0.0003,clean,none,direct_use,True
mccd_salvage,王羲之,行,際,G:\GitHub\DiT\MCCD\MCCD\MCCD-Calligrapher\calligrapher_dataset\王羲之\際-行-唐-王羲之-139537.png,295,255,False,0.1593,0.0067,clean,none,direct_use,True
mccd_salvage,王羲之,行,隨,G:\GitHub\DiT\MCCD\MCCD\MCCD-Calligrapher\calligrapher_dataset\王羲之\隨-行-晋-王羲之-139659.png,202,209,False,0.5229,0.0,clean,none,direct_use,True
mccd_salvage,王羲之,行,隻,G:\GitHub\DiT\MCCD\MCCD\MCCD-Calligrapher\calligrapher_dataset\王羲之\隻-行-唐-王羲之-140300.png,257,373,False,0.1925,0.0033,clean,none,direct_use,True
mccd_salvage,王羲之,行,雅,G:\GitHub\DiT\MCCD\MCCD\MCCD-Calligrapher\calligrapher_dataset\王羲之\雅-行-唐-王羲之-140528.png,255,315,False,0.0931,0.0051,clean,none,direct_use,True
mccd_salvage,王羲之,行,雖,G:\GitHub\DiT\MCCD\MCCD\MCCD-Calligrapher\calligrapher_dataset\王羲之\雖-行-唐-王羲之-140942.png,282,276,False,0.1967,0.0009,clean,none,direct_use,True
mccd_salvage,王羲之,行,雙,G:\GitHub\DiT\MCCD\MCCD\MCCD-Calligrapher\calligrapher_dataset\王羲之\雙-行-唐-王羲之-141040.png,240,341,False,0.2174,0.0013,clean,none,direct_use,True
mccd_salvage,王羲之,行,雞,G:\GitHub\DiT\MCCD\MCCD\MCCD-Calligrapher\calligrapher_dataset\王羲之\雞-行-唐-王羲之-141240.png,248,292,False,0.2621,0.0022,clean,none,direct_use,True
mccd_salvage,王羲之,行,離,G:\GitHub\DiT\MCCD\MCCD\MCCD-Calligrapher\calligrapher_dataset\王羲之\離-行-晋-王羲之-141304.png,223,251,False,0.4976,0.0,clean,none,direct_use,True
mccd_salvage,王羲之,行,難,G:\GitHub\DiT\MCCD\MCCD\MCCD-Calligrapher\calligrapher_dataset\王羲之\難-行-唐-王羲之-141447.png,267,266,False,0.2345,0.0014,clean,none,direct_use,True
mccd_salvage,王羲之,行,雲,G:\GitHub\DiT\MCCD\MCCD\MCCD-Calligrapher\calligrapher_dataset\王羲之\雲-行-唐-王羲之-141946.png,225,306,False,0.2009,0.0002,clean,none,direct_use,True
mccd_salvage,王羲之,行,露,G:\GitHub\DiT\MCCD\MCCD\MCCD-Calligrapher\calligrapher_dataset\王羲之\露-行-唐-王羲之-142771.png,247,283,False,0.1053,0.0072,clean,none,direct_use,True
mccd_salvage,王羲之,行,非,G:\GitHub\DiT\MCCD\MCCD\MCCD-Calligrapher\calligrapher_dataset\王羲之\非-行-唐-王羲之-143858.png,268,259,False,0.2132,0.0024,clean,none,direct_use,True
mccd_salvage,王羲之,行,非,G:\GitHub\DiT\MCCD\MCCD\MCCD-Calligrapher\calligrapher_dataset\王羲之\非-行-唐-王羲之-143868.png,285,234,False,0.2035,0.0083,clean,none,direct_use,True
mccd_salvage,王羲之,行,韜,G:\GitHub\DiT\MCCD\MCCD\MCCD-Calligrapher\calligrapher_dataset\王羲之\韜-行-唐-王羲之-145057.png,257,286,False,0.1328,0.0025,clean,none,direct_use,True
mccd_salvage,王羲之,行,音,G:\GitHub\DiT\MCCD\MCCD\MCCD-Calligrapher\calligrapher_dataset\王羲之\音-行-唐-王羲之-145240.png,240,354,False,0.1403,0.0026,clean,none,direct_use,True
mccd_salvage,王羲之,行,韻,G:\GitHub\DiT\MCCD\MCCD\MCCD-Calligrapher\calligrapher_dataset\王羲之\韻-行-唐-王羲之-145329.png,285,310,False,0.2091,0.0028,clean,none,direct_use,True
mccd_salvage,王羲之,行,頌,G:\GitHub\DiT\MCCD\MCCD\MCCD-Calligrapher\calligrapher_dataset\王羲之\頌-行-唐-王羲之-145763.png,280,263,False,0.1582,0.0037,clean,none,direct_use,True
mccd_salvage,王羲之,行,頑,G:\GitHub\DiT\MCCD\MCCD\MCCD-Calligrapher\calligrapher_dataset\王羲之\頑-行-唐-王羲之-145828.png,275,272,False,0.1349,0.0049,clean,none,direct_use,True
mccd_salvage,王羲之,行,頓,G:\GitHub\DiT\MCCD\MCCD\MCCD-Calligrapher\calligrapher_dataset\王羲之\頓-行-晋-王羲之-145875.png,200,195,False,0.4752,0.0,clean,none,direct_use,True
mccd_salvage,王羲之,行,願,G:\GitHub\DiT\MCCD\MCCD\MCCD-Calligrapher\calligrapher_dataset\王羲之\願-行-唐-王羲之-146769.png,290,221,False,0.1842,0.0056,clean,none,direct_use,True
mccd_salvage,王羲之,行,類,G:\GitHub\DiT\MCCD\MCCD\MCCD-Calligrapher\calligrapher_dataset\王羲之\類-行-晋-王羲之-146952.png,241,215,False,0.5356,0.0,clean,none,direct_use,True
mccd_salvage,王羲之,行,顧,G:\GitHub\DiT\MCCD\MCCD\MCCD-Calligrapher\calligrapher_dataset\王羲之\顧-行-唐-王羲之-147060.png,293,254,False,0.152,0.002,clean,none,direct_use,True
mccd_salvage,王羲之,行,風,G:\GitHub\DiT\MCCD\MCCD\MCCD-Calligrapher\calligrapher_dataset\王羲之\風-行-唐-王羲之-147420.png,239,243,False,0.2155,0.008,clean,none,direct_use,True
mccd_salvage,王羲之,行,颯,G:\GitHub\DiT\MCCD\MCCD\MCCD-Calligrapher\calligrapher_dataset\王羲之\颯-行-唐-王羲之-147495.png,284,262,False,0.1186,0.0091,clean,none,direct_use,True
mccd_salvage,王羲之,行,飛,G:\GitHub\DiT\MCCD\MCCD\MCCD-Calligrapher\calligrapher_dataset\王羲之\飛-行-唐-王羲之-147729.png,235,312,False,0.1319,0.0002,clean,none,direct_use,True
mccd_salvage,王羲之,行,香,G:\GitHub\DiT\MCCD\MCCD\MCCD-Calligrapher\calligrapher_dataset\王羲之\香-行-唐-王羲之-149569.png,265,357,False,0.1492,0.0,clean,none,direct_use,True
mccd_salvage,王羲之,行,馳,G:\GitHub\DiT\MCCD\MCCD\MCCD-Calligrapher\calligrapher_dataset\王羲之\馳-行-唐-王羲之-150187.png,260,257,False,0.2701,0.0018,clean,none,direct_use,True
mccd_salvage,王羲之,行,騁,G:\GitHub\DiT\MCCD\MCCD\MCCD-Calligrapher\calligrapher_dataset\王羲之\騁-行-唐-王羲之-150781.png,196,207,False,0.341,0.0,clean,none,direct_use,True
mccd_salvage,王羲之,行,騁,G:\GitHub\DiT\MCCD\MCCD\MCCD-Calligrapher\calligrapher_dataset\王羲之\騁-行-晋-王羲之-150780.png,211,209,False,0.3562,0.0014,clean,none,direct_use,True
mccd_salvage,王羲之,行,騁,G:\GitHub\DiT\MCCD\MCCD\MCCD-Calligrapher\calligrapher_dataset\王羲之\騁-行-晋-王羲之-150783.png,220,209,False,0.3934,0.0,clean,none,direct_use,True
mccd_salvage,王羲之,行,騰,G:\GitHub\DiT\MCCD\MCCD\MCCD-Calligrapher\calligrapher_dataset\王羲之\騰-行-唐-王羲之-151118.png,286,290,False,0.2718,0.0015,clean,none,direct_use,True
mccd_salvage,王羲之,行,騰,G:\GitHub\DiT\MCCD\MCCD\MCCD-Calligrapher\calligrapher_dataset\王羲之\騰-行-唐-王羲之-151122.png,288,290,False,0.3029,0.0002,clean,none,direct_use,True
mccd_salvage,王羲之,行,骨,G:\GitHub\DiT\MCCD\MCCD\MCCD-Calligrapher\calligrapher_dataset\王羲之\骨-行-唐-王羲之-151730.png,254,297,False,0.1553,0.0004,clean,none,direct_use,True
mccd_salvage,王羲之,行,骨,G:\GitHub\DiT\MCCD\MCCD\MCCD-Calligrapher\calligrapher_dataset\王羲之\骨-行-唐-王羲之-151731.png,263,369,False,0.2128,0.0028,clean,none,direct_use,True
mccd_salvage,王羲之,行,鱗,G:\GitHub\DiT\MCCD\MCCD\MCCD-Calligrapher\calligrapher_dataset\王羲之\鱗-行-唐-王羲之-154963.png,282,264,False,0.1531,0.01,clean,none,direct_use,True
mccd_salvage,王羲之,行,鳴,G:\GitHub\DiT\MCCD\MCCD\MCCD-Calligrapher\calligrapher_dataset\王羲之\鳴-行-唐-王羲之-155521.png,192,245,False,0.2686,0.0,clean,none,direct_use,True
mccd_salvage,王羲之,行,鷲,G:\GitHub\DiT\MCCD\MCCD\MCCD-Calligrapher\calligrapher_dataset\王羲之\鷲-行-唐-王羲之-156791.png,194,344,False,0.2517,0.002,clean,none,direct_use,True
mccd_salvage,王羲之,行,鹿,G:\GitHub\DiT\MCCD\MCCD\MCCD-Calligrapher\calligrapher_dataset\王羲之\鹿-行-唐-王羲之-157202.png,250,267,False,0.1504,0.0037,clean,none,direct_use,True
mccd_salvage,王羲之,行,黃,G:\GitHub\DiT\MCCD\MCCD\MCCD-Calligrapher\calligrapher_dataset\王羲之\黃-行-唐-王羲之-158167.png,279,280,False,0.1256,0.0009,clean,none,direct_use,True
mccd_salvage,王羲之,行,黄,G:\GitHub\DiT\MCCD\MCCD\MCCD-Calligrapher\calligrapher_dataset\王羲之\黄-行-唐-王羲之-158549.png,279,280,False,0.1256,0.0009,clean,none,direct_use,True
mccd_salvage,王羲之,行,黔,G:\GitHub\DiT\MCCD\MCCD\MCCD-Calligrapher\calligrapher_dataset\王羲之\黔-行-唐-王羲之-158931.png,258,234,False,0.1379,0.0071,clean,none,direct_use,True
mccd_salvage,王羲之,行,鼎,G:\GitHub\DiT\MCCD\MCCD\MCCD-Calligrapher\calligrapher_dataset\王羲之\鼎-行-唐-王羲之-159709.png,170,234,False,0.1693,0.0018,clean,none,direct_use,True
mccd_salvage,王羲之,楷,𢃄,G:\GitHub\DiT\MCCD\MCCD\MCCD-Calligrapher\calligrapher_dataset\王羲之\𢃄-楷-晋-王羲之-542.png,200,293,False,0.4084,0.0,clean,none,direct_use,True
mccd_salvage,王羲之,行,𢃄,G:\GitHub\DiT\MCCD\MCCD\MCCD-Calligrapher\calligrapher_dataset\王羲之\𢃄-行-晋-王羲之-556.png,183,252,False,0.2838,0.0,clean,none,direct_use,True
mccd_salvage,王羲之,行,𢃄,G:\GitHub\DiT\MCCD\MCCD\MCCD-Calligrapher\calligrapher_dataset\王羲之\𢃄-行-晋-王羲之-557.png,156,250,False,0.2905,0.0,clean,none,direct_use,True
mccd_salvage,王铎,行,上,G:\GitHub\DiT\MCCD\MCCD\MCCD-Calligrapher\calligrapher_dataset\王铎\上-行-清-王铎-1638.png,220,208,False,0.3883,0.0,clean,none,direct_use,True
mccd_salvage,王铎,行,作,G:\GitHub\DiT\MCCD\MCCD\MCCD-Calligrapher\calligrapher_dataset\王铎\作-行-清-王铎-17853.png,175,181,False,0.3453,0.0,clean,none,direct_use,True
mccd_salvage,王铎,行,史,G:\GitHub\DiT\MCCD\MCCD\MCCD-Calligrapher\calligrapher_dataset\王铎\史-行-清-王铎-42896.png,215,178,False,0.503,0.0001,clean,none,direct_use,True
mccd_salvage,王铎,行,夕,G:\GitHub\DiT\MCCD\MCCD\MCCD-Calligrapher\calligrapher_dataset\王铎\夕-行-清-王铎-59159.png,174,222,False,0.3222,0.0,clean,none,direct_use,True
mccd_salvage,王铎,行,子,G:\GitHub\DiT\MCCD\MCCD\MCCD-Calligrapher\calligrapher_dataset\王铎\子-行-清-王铎-67884.png,184,215,False,0.4273,0.0,clean,none,direct_use,True
mccd_salvage,王铎,行,子,G:\GitHub\DiT\MCCD\MCCD\MCCD-Calligrapher\calligrapher_dataset\王铎\子-行-清-王铎-67885.png,178,228,False,0.4704,0.0,clean,none,direct_use,True
mccd_salvage,王铎,行,州,G:\GitHub\DiT\MCCD\MCCD\MCCD-Calligrapher\calligrapher_dataset\王铎\州-行-清-王铎-81236.png,248,205,False,0.3555,0.0008,clean,none,direct_use,True
mccd_salvage,王铎,行,影,G:\GitHub\DiT\MCCD\MCCD\MCCD-Calligrapher\calligrapher_dataset\王铎\影-行-清-王铎-92281.png,195,231,False,0.3064,0.0,clean,none,direct_use,True
mccd_salvage,王铎,行,故,G:\GitHub\DiT\MCCD\MCCD\MCCD-Calligrapher\calligrapher_dataset\王铎\故-行-清-王铎-1981.png,250,204,False,0.4398,0.0,clean,none,direct_use,True
mccd_salvage,王铎,行,板,G:\GitHub\DiT\MCCD\MCCD\MCCD-Calligrapher\calligrapher_dataset\王铎\板-行-清-王铎-11123.png,226,210,False,0.4339,0.0,clean,none,direct_use,True
mccd_salvage,王铎,行,樽,G:\GitHub\DiT\MCCD\MCCD\MCCD-Calligrapher\calligrapher_dataset\王铎\樽-行-清-王铎-16872.png,198,251,False,0.2969,0.0,clean,none,direct_use,True
mccd_salvage,王铎,行,比,G:\GitHub\DiT\MCCD\MCCD\MCCD-Calligrapher\calligrapher_dataset\王铎\比-行-清-王铎-22850.png,238,217,False,0.3791,0.0,clean,none,direct_use,True
mccd_salvage,王铎,行,津,G:\GitHub\DiT\MCCD\MCCD\MCCD-Calligrapher\calligrapher_dataset\王铎\津-行-清-王铎-27678.png,204,291,False,0.3933,0.0,clean,none,direct_use,True
mccd_salvage,王铎,行,物,G:\GitHub\DiT\MCCD\MCCD\MCCD-Calligrapher\calligrapher_dataset\王铎\物-行-清-王铎-41254.png,248,205,False,0.4502,0.0,clean,none,direct_use,True
mccd_salvage,王铎,行,琴,G:\GitHub\DiT\MCCD\MCCD\MCCD-Calligrapher\calligrapher_dataset\王铎\琴-行-清-王铎-45495.png,265,364,False,0.2891,0.0,clean,none,direct_use,True
mccd_salvage,王铎,行,皮,G:\GitHub\DiT\MCCD\MCCD\MCCD-Calligrapher\calligrapher_dataset\王铎\皮-行-清-王铎-54083.png,211,229,False,0.418,0.0003,clean,none,direct_use,True
mccd_salvage,王铎,行,矣,G:\GitHub\DiT\MCCD\MCCD\MCCD-Calligrapher\calligrapher_dataset\王铎\矣-行-清-王铎-58547.png,215,266,False,0.3839,0.0,clean,none,direct_use,True
mccd_salvage,王铎,行,社,G:\GitHub\DiT\MCCD\MCCD\MCCD-Calligrapher\calligrapher_dataset\王铎\社-行-清-王铎-60711.png,226,166,False,0.4066,0.0003,clean,none,direct_use,True
mccd_salvage,王铎,行,粟,G:\GitHub\DiT\MCCD\MCCD\MCCD-Calligrapher\calligrapher_dataset\王铎\粟-行-清-王铎-69874.png,169,274,False,0.4472,0.0,clean,none,direct_use,True
mccd_salvage,王铎,行,終,G:\GitHub\DiT\MCCD\MCCD\MCCD-Calligrapher\calligrapher_dataset\王铎\終-行-清-王铎-71969.png,265,302,False,0.3446,0.0,clean,none,direct_use,True
mccd_salvage,王铎,行,花,G:\GitHub\DiT\MCCD\MCCD\MCCD-Calligrapher\calligrapher_dataset\王铎\花-行-清-王铎-89686.png,209,212,False,0.3336,0.0027,clean,none,direct_use,True
mccd_salvage,王铎,行,藥,G:\GitHub\DiT\MCCD\MCCD\MCCD-Calligrapher\calligrapher_dataset\王铎\藥-行-清-王铎-96507.png,183,267,False,0.3508,0.0,clean,none,direct_use,True
mccd_salvage,王铎,行,轉,G:\GitHub\DiT\MCCD\MCCD\MCCD-Calligrapher\calligrapher_dataset\王铎\轉-行-清-王铎-120601.png,262,287,False,0.4162,0.0,clean,none,direct_use,True
mccd_salvage,王铎,行,還,G:\GitHub\DiT\MCCD\MCCD\MCCD-Calligrapher\calligrapher_dataset\王铎\還-行-清-王铎-126628.png,177,213,False,0.4148,0.004,clean,none,direct_use,True
mccd_salvage,王铎,行,馬,G:\GitHub\DiT\MCCD\MCCD\MCCD-Calligrapher\calligrapher_dataset\王铎\馬-行-清-王铎-150049.png,191,202,False,0.4882,0.0,clean,none,direct_use,True
mccd_salvage,王铎,行,馬,G:\GitHub\DiT\MCCD\MCCD\MCCD-Calligrapher\calligrapher_dataset\王铎\馬-行-清-王铎-150051.png,164,170,False,0.3749,0.0,clean,none,direct_use,True
mccd_salvage,王铎,行,鴟,G:\GitHub\DiT\MCCD\MCCD\MCCD-Calligrapher\calligrapher_dataset\王铎\鴟-行-清-王铎-155774.png,225,271,False,0.439,0.0,clean,none,direct_use,True
mccd_salvage,王铎,行,𢃄,G:\GitHub\DiT\MCCD\MCCD\MCCD-Calligrapher\calligrapher_dataset\王铎\𢃄-行-清-王铎-563.png,156,257,False,0.301,0.0,clean,none,direct_use,True
mccd_salvage,祝允明,行,乎,G:\GitHub\DiT\MCCD\MCCD\MCCD-Calligrapher\calligrapher_dataset\祝允明\乎-行-明-祝允明-7428.png,257,341,False,0.3331,0.0,clean,none,direct_use,True
mccd_salvage,祝允明,行,住,G:\GitHub\DiT\MCCD\MCCD\MCCD-Calligrapher\calligrapher_dataset\祝允明\住-行-明-祝允明-17195.png,176,228,False,0.3523,0.0,clean,none,direct_use,True
mccd_salvage,祝允明,行,又,G:\GitHub\DiT\MCCD\MCCD\MCCD-Calligrapher\calligrapher_dataset\祝允明\又-行-明-祝允明-40298.png,249,222,False,0.3271,0.0,clean,none,direct_use,True
mccd_salvage,祝允明,行,将,G:\GitHub\DiT\MCCD\MCCD\MCCD-Calligrapher\calligrapher_dataset\祝允明\将-行-明-祝允明-75425.png,225,210,False,0.5101,0.0,clean,none,direct_use,True
mccd_salvage,祝允明,行,將,G:\GitHub\DiT\MCCD\MCCD\MCCD-Calligrapher\calligrapher_dataset\祝允明\將-行-明-祝允明-75590.png,225,210,False,0.5101,0.0,clean,none,direct_use,True
mccd_salvage,祝允明,楷,書,G:\GitHub\DiT\MCCD\MCCD\MCCD-Calligrapher\calligrapher_dataset\祝允明\書-楷-明-祝允明-6689.png,200,247,False,0.3607,0.0,clean,none,direct_use,True
mccd_salvage,祝允明,楷,柔,G:\GitHub\DiT\MCCD\MCCD\MCCD-Calligrapher\calligrapher_dataset\祝允明\柔-楷-明-祝允明-12051.png,241,265,False,0.2239,0.0,clean,none,direct_use,True
mccd_salvage,祝允明,行,溟,G:\GitHub\DiT\MCCD\MCCD\MCCD-Calligrapher\calligrapher_dataset\祝允明\溟-行-明-祝允明-31585.png,250,276,False,0.3766,0.0,clean,none,direct_use,True
mccd_salvage,祝允明,楷,異,G:\GitHub\DiT\MCCD\MCCD\MCCD-Calligrapher\calligrapher_dataset\祝允明\異-楷-明-祝允明-50148.png,213,231,False,0.3756,0.0,clean,none,direct_use,True
mccd_salvage,祝允明,楷,籍,G:\GitHub\DiT\MCCD\MCCD\MCCD-Calligrapher\calligrapher_dataset\祝允明\籍-楷-明-祝允明-69438.png,185,215,False,0.3485,0.0,clean,none,direct_use,True
mccd_salvage,祝允明,楷,翳,G:\GitHub\DiT\MCCD\MCCD\MCCD-Calligrapher\calligrapher_dataset\祝允明\翳-楷-明-祝允明-78884.png,172,238,False,0.4025,0.0,clean,none,direct_use,True
mccd_salvage,祝允明,楷,與,G:\GitHub\DiT\MCCD\MCCD\MCCD-Calligrapher\calligrapher_dataset\祝允明\與-楷-明-祝允明-87677.png,260,228,False,0.3504,0.0,clean,none,direct_use,True
mccd_salvage,祝允明,楷,薄,G:\GitHub\DiT\MCCD\MCCD\MCCD-Calligrapher\calligrapher_dataset\祝允明\薄-楷-明-祝允明-95633.png,225,305,False,0.3001,0.0,clean,none,direct_use,True
mccd_salvage,祝允明,楷,辨,G:\GitHub\DiT\MCCD\MCCD\MCCD-Calligrapher\calligrapher_dataset\祝允明\辨-楷-明-祝允明-121647.png,245,229,False,0.3226,0.0,clean,none,direct_use,True
mccd_salvage,祝允明,楷,農,G:\GitHub\DiT\MCCD\MCCD\MCCD-Calligrapher\calligrapher_dataset\祝允明\農-楷-明-祝允明-122134.png,176,240,False,0.3473,0.0,clean,none,direct_use,True
mccd_salvage,祝允明,楷,過,G:\GitHub\DiT\MCCD\MCCD\MCCD-Calligrapher\calligrapher_dataset\祝允明\過-楷-明-祝允明-124900.png,215,171,False,0.3133,0.0,clean,none,direct_use,True
mccd_salvage,祝允明,楷,過,G:\GitHub\DiT\MCCD\MCCD\MCCD-Calligrapher\calligrapher_dataset\祝允明\過-楷-明-祝允明-124902.png,187,190,False,0.3491,0.0,clean,none,direct_use,True
mccd_salvage,祝允明,行,風,G:\GitHub\DiT\MCCD\MCCD\MCCD-Calligrapher\calligrapher_dataset\祝允明\風-行-明-祝允明-147435.png,186,213,False,0.4712,0.0,clean,none,direct_use,True
mccd_salvage,祝允明,楷,飛,G:\GitHub\DiT\MCCD\MCCD\MCCD-Calligrapher\calligrapher_dataset\祝允明\飛-楷-明-祝允明-147722.png,204,215,False,0.3085,0.0,clean,none,direct_use,True
mccd_salvage,祝允明,行,飛,G:\GitHub\DiT\MCCD\MCCD\MCCD-Calligrapher\calligrapher_dataset\祝允明\飛-行-明-祝允明-147748.png,193,197,False,0.4,0.0,clean,none,direct_use,True
mccd_salvage,祝允明,楷,馬,G:\GitHub\DiT\MCCD\MCCD\MCCD-Calligrapher\calligrapher_dataset\祝允明\馬-楷-明-祝允明-150016.png,199,198,False,0.2645,0.0018,clean,none,direct_use,True
mccd_salvage,米芾,行,一,G:\GitHub\DiT\MCCD\MCCD\MCCD-Calligrapher\calligrapher_dataset\米芾\一-行-宋-米芾-462.png,306,66,False,0.3366,0.0,clean,none,direct_use,True
mccd_salvage,米芾,行,一,G:\GitHub\DiT\MCCD\MCCD\MCCD-Calligrapher\calligrapher_dataset\米芾\一-行-宋-米芾-468.png,314,67,False,0.3076,0.0,clean,none,direct_use,True
mccd_salvage,米芾,行,三,G:\GitHub\DiT\MCCD\MCCD\MCCD-Calligrapher\calligrapher_dataset\米芾\三-行-宋-米芾-1291.png,242,291,False,0.3839,0.0,clean,none,direct_use,True
mccd_salvage,米芾,行,下,G:\GitHub\DiT\MCCD\MCCD\MCCD-Calligrapher\calligrapher_dataset\米芾\下-行-宋-米芾-1913.png,222,252,False,0.3698,0.0,clean,none,direct_use,True
mccd_salvage,米芾,行,不,G:\GitHub\DiT\MCCD\MCCD\MCCD-Calligrapher\calligrapher_dataset\米芾\不-行-宋-米芾-3025.png,286,294,False,0.2243,0.0001,clean,none,direct_use,True
mccd_salvage,米芾,行,与,G:\GitHub\DiT\MCCD\MCCD\MCCD-Calligrapher\calligrapher_dataset\米芾\与-行-宋-米芾-3183.png,248,344,False,0.3929,0.0,clean,none,direct_use,True
mccd_salvage,米芾,行,丹,G:\GitHub\DiT\MCCD\MCCD\MCCD-Calligrapher\calligrapher_dataset\米芾\丹-行-宋-米芾-5168.png,232,310,False,0.3549,0.0,clean,none,direct_use,True
mccd_salvage,米芾,行,主,G:\GitHub\DiT\MCCD\MCCD\MCCD-Calligrapher\calligrapher_dataset\米芾\主-行-宋-米芾-5267.png,156,435,False,0.4945,0.0,clean,none,direct_use,True
mccd_salvage,米芾,行,久,G:\GitHub\DiT\MCCD\MCCD\MCCD-Calligrapher\calligrapher_dataset\米芾\久-行-宋-米芾-5760.png,240,245,False,0.2435,0.0,clean,none,direct_use,True
mccd_salvage,米芾,行,九,G:\GitHub\DiT\MCCD\MCCD\MCCD-Calligrapher\calligrapher_dataset\米芾\九-行-宋-米芾-8189.png,259,231,False,0.375,0.0,clean,none,direct_use,True
mccd_salvage,米芾,行,五,G:\GitHub\DiT\MCCD\MCCD\MCCD-Calligrapher\calligrapher_dataset\米芾\五-行-宋-米芾-11388.png,158,170,False,0.4118,0.0,clean,none,direct_use,True
mccd_salvage,米芾,行,仕,G:\GitHub\DiT\MCCD\MCCD\MCCD-Calligrapher\calligrapher_dataset\米芾\仕-行-宋-米芾-14930.png,209,223,False,0.3739,0.0,clean,none,direct_use,True
mccd_salvage,米芾,行,仕,G:\GitHub\DiT\MCCD\MCCD\MCCD-Calligrapher\calligrapher_dataset\米芾\仕-行-宋-米芾-14932.png,204,203,False,0.4061,0.0,clean,none,direct_use,True
mccd_salvage,米芾,行,仕,G:\GitHub\DiT\MCCD\MCCD\MCCD-Calligrapher\calligrapher_dataset\米芾\仕-行-宋-米芾-14933.png,182,166,False,0.3023,0.0,clean,none,direct_use,True
mccd_salvage,米芾,行,仕,G:\GitHub\DiT\MCCD\MCCD\MCCD-Calligrapher\calligrapher_dataset\米芾\仕-行-宋-米芾-14934.png,198,176,False,0.3226,0.0,clean,none,direct_use,True
mccd_salvage,米芾,行,仕,G:\GitHub\DiT\MCCD\MCCD\MCCD-Calligrapher\calligrapher_dataset\米芾\仕-行-宋-米芾-14935.png,196,163,False,0.2904,0.0,clean,none,direct_use,True
mccd_salvage,米芾,行,仕,G:\GitHub\DiT\MCCD\MCCD\MCCD-Calligrapher\calligrapher_dataset\米芾\仕-行-宋-米芾-14936.png,251,210,False,0.2549,0.0,clean,none,direct_use,True
mccd_salvage,米芾,行,但,G:\GitHub\DiT\MCCD\MCCD\MCCD-Calligrapher\calligrapher_dataset\米芾\但-行-宋-米芾-16986.png,195,195,False,0.4946,0.0,clean,none,direct_use,True
mccd_salvage,米芾,行,佑,G:\GitHub\DiT\MCCD\MCCD\MCCD-Calligrapher\calligrapher_dataset\米芾\佑-行-宋-米芾-17280.png,236,229,False,0.4178,0.0,clean,none,direct_use,True
mccd_salvage,米芾,行,傾,G:\GitHub\DiT\MCCD\MCCD\MCCD-Calligrapher\calligrapher_dataset\米芾\傾-行-宋-米芾-22275.png,227,246,False,0.5235,0.0,clean,none,direct_use,True
mccd_salvage,米芾,行,僕,G:\GitHub\DiT\MCCD\MCCD\MCCD-Calligrapher\calligrapher_dataset\米芾\僕-行-宋-米芾-22611.png,177,188,False,0.4602,0.0,clean,none,direct_use,True
mccd_salvage,米芾,行,刀,G:\GitHub\DiT\MCCD\MCCD\MCCD-Calligrapher\calligrapher_dataset\米芾\刀-行-宋-米芾-30129.png,184,174,False,0.5006,0.0,clean,none,direct_use,True
mccd_salvage,米芾,行,初,G:\GitHub\DiT\MCCD\MCCD\MCCD-Calligrapher\calligrapher_dataset\米芾\初-行-宋-米芾-30854.png,184,174,False,0.4818,0.0,clean,none,direct_use,True
mccd_salvage,米芾,行,剡,G:\GitHub\DiT\MCCD\MCCD\MCCD-Calligrapher\calligrapher_dataset\米芾\剡-行-宋-米芾-32267.png,191,290,False,0.4893,0.0,clean,none,direct_use,True
mccd_salvage,米芾,行,十,G:\GitHub\DiT\MCCD\MCCD\MCCD-Calligrapher\calligrapher_dataset\米芾\十-行-宋-米芾-35864.png,182,184,False,0.3444,0.0004,clean,none,direct_use,True
mccd_salvage,米芾,行,即,G:\GitHub\DiT\MCCD\MCCD\MCCD-Calligrapher\calligrapher_dataset\米芾\即-行-宋-米芾-38134.png,221,325,False,0.4786,0.0,clean,none,direct_use,True
mccd_salvage,米芾,行,友,G:\GitHub\DiT\MCCD\MCCD\MCCD-Calligrapher\calligrapher_dataset\米芾\友-行-宋-米芾-40638.png,218,312,False,0.3278,0.0,clean,none,direct_use,True
mccd_salvage,米芾,行,古,G:\GitHub\DiT\MCCD\MCCD\MCCD-Calligrapher\calligrapher_dataset\米芾\古-行-宋-米芾-41935.png,233,145,False,0.2704,0.0,clean,none,direct_use,True
mccd_salvage,米芾,行,古,G:\GitHub\DiT\MCCD\MCCD\MCCD-Calligrapher\calligrapher_dataset\米芾\古-行-宋-米芾-41936.png,230,210,False,0.2666,0.0,clean,none,direct_use,True
mccd_salvage,米芾,行,古,G:\GitHub\DiT\MCCD\MCCD\MCCD-Calligrapher\calligrapher_dataset\米芾\古-行-宋-米芾-41937.png,196,198,False,0.4229,0.0,clean,none,direct_use,True
mccd_salvage,米芾,行,古,G:\GitHub\DiT\MCCD\MCCD\MCCD-Calligrapher\calligrapher_dataset\米芾\古-行-宋-米芾-41938.png,218,198,False,0.3494,0.0,clean,none,direct_use,True
mccd_salvage,米芾,行,只,G:\GitHub\DiT\MCCD\MCCD\MCCD-Calligrapher\calligrapher_dataset\米芾\只-行-宋-米芾-42153.png,159,191,False,0.3902,0.0,clean,none,direct_use,True
mccd_salvage,米芾,行,只,G:\GitHub\DiT\MCCD\MCCD\MCCD-Calligrapher\calligrapher_dataset\米芾\只-行-宋-米芾-42156.png,171,218,False,0.4118,0.0,clean,none,direct_use,True
mccd_salvage,米芾,行,只,G:\GitHub\DiT\MCCD\MCCD\MCCD-Calligrapher\calligrapher_dataset\米芾\只-行-宋-米芾-42157.png,190,180,False,0.3628,0.001,clean,none,direct_use,True
mccd_salvage,米芾,行,司,G:\GitHub\DiT\MCCD\MCCD\MCCD-Calligrapher\calligrapher_dataset\米芾\司-行-宋-米芾-43397.png,159,201,False,0.3811,0.0007,clean,none,direct_use,True
mccd_salvage,米芾,行,噉,G:\GitHub\DiT\MCCD\MCCD\MCCD-Calligrapher\calligrapher_dataset\米芾\噉-行-宋-米芾-51595.png,252,282,False,0.4503,0.0004,clean,none,direct_use,True
mccd_salvage,米芾,行,坐,G:\GitHub\DiT\MCCD\MCCD\MCCD-Calligrapher\calligrapher_dataset\米芾\坐-行-宋-米芾-54714.png,182,264,False,0.3863,0.0,clean,none,direct_use,True
mccd_salvage,米芾,行,壑,G:\GitHub\DiT\MCCD\MCCD\MCCD-Calligrapher\calligrapher_dataset\米芾\壑-行-宋-米芾-57700.png,214,283,False,0.532,0.0005,clean,none,direct_use,True
mccd_salvage,米芾,行,姿,G:\GitHub\DiT\MCCD\MCCD\MCCD-Calligrapher\calligrapher_dataset\米芾\姿-行-宋-米芾-65488.png,228,240,False,0.3018,0.0,clean,none,direct_use,True
mccd_salvage,米芾,行,威,G:\GitHub\DiT\MCCD\MCCD\MCCD-Calligrapher\calligrapher_dataset\米芾\威-行-宋-米芾-65559.png,194,184,False,0.4563,0.0,clean,none,direct_use,True
mccd_salvage,米芾,行,婦,G:\GitHub\DiT\MCCD\MCCD\MCCD-Calligrapher\calligrapher_dataset\米芾\婦-行-宋-米芾-66239.png,275,366,False,0.2503,0.0012,clean,none,direct_use,True
mccd_salvage,米芾,行,孫,G:\GitHub\DiT\MCCD\MCCD\MCCD-Calligrapher\calligrapher_dataset\米芾\孫-行-宋-米芾-69120.png,200,210,False,0.4592,0.0,clean,none,direct_use,True
mccd_salvage,米芾,行,宫,G:\GitHub\DiT\MCCD\MCCD\MCCD-Calligrapher\calligrapher_dataset\米芾\宫-行-宋-米芾-71937.png,232,223,False,0.3598,0.0001,clean,none,direct_use,True
mccd_salvage,米芾,行,宮,G:\GitHub\DiT\MCCD\MCCD\MCCD-Calligrapher\calligrapher_dataset\米芾\宮-行-宋-米芾-72134.png,232,223,False,0.3598,0.0001,clean,none,direct_use,True
mccd_salvage,米芾,行,審,G:\GitHub\DiT\MCCD\MCCD\MCCD-Calligrapher\calligrapher_dataset\米芾\審-行-宋-米芾-74380.png,193,309,False,0.4723,0.0,clean,none,direct_use,True
mccd_salvage,米芾,行,對,G:\GitHub\DiT\MCCD\MCCD\MCCD-Calligrapher\calligrapher_dataset\米芾\對-行-宋-米芾-76061.png,208,250,False,0.3205,0.0,clean,none,direct_use,True
mccd_salvage,米芾,行,對,G:\GitHub\DiT\MCCD\MCCD\MCCD-Calligrapher\calligrapher_dataset\米芾\對-行-宋-米芾-76064.png,192,287,False,0.4168,0.0,clean,none,direct_use,True
mccd_salvage,米芾,行,尪,G:\GitHub\DiT\MCCD\MCCD\MCCD-Calligrapher\calligrapher_dataset\米芾\尪-行-宋-米芾-77296.png,207,191,False,0.4383,0.0,clean,none,direct_use,True
mccd_salvage,米芾,行,尫,G:\GitHub\DiT\MCCD\MCCD\MCCD-Calligrapher\calligrapher_dataset\米芾\尫-行-宋-米芾-77305.png,207,191,False,0.4383,0.0,clean,none,direct_use,True
mccd_salvage,米芾,行,居,G:\GitHub\DiT\MCCD\MCCD\MCCD-Calligrapher\calligrapher_dataset\米芾\居-行-宋-米芾-78008.png,189,239,False,0.3926,0.0,clean,none,direct_use,True
mccd_salvage,米芾,行,居,G:\GitHub\DiT\MCCD\MCCD\MCCD-Calligrapher\calligrapher_dataset\米芾\居-行-宋-米芾-78014.png,255,327,False,0.3381,0.0,clean,none,direct_use,True
mccd_salvage,米芾,行,屈,G:\GitHub\DiT\MCCD\MCCD\MCCD-Calligrapher\calligrapher_dataset\米芾\屈-行-宋-米芾-78118.png,202,277,False,0.268,0.0,clean,none,direct_use,True
mccd_salvage,米芾,行,山,G:\GitHub\DiT\MCCD\MCCD\MCCD-Calligrapher\calligrapher_dataset\米芾\山-行-宋-米芾-79138.png,271,243,False,0.4676,0.0,clean,none,direct_use,True
mccd_salvage,米芾,行,崐,G:\GitHub\DiT\MCCD\MCCD\MCCD-Calligrapher\calligrapher_dataset\米芾\崐-行-宋-米芾-79975.png,224,222,False,0.4891,0.0,clean,none,direct_use,True
mccd_salvage,米芾,行,已,G:\GitHub\DiT\MCCD\MCCD\MCCD-Calligrapher\calligrapher_dataset\米芾\已-行-宋-米芾-82312.png,237,241,False,0.3601,0.0,clean,none,direct_use,True
mccd_salvage,米芾,行,已,G:\GitHub\DiT\MCCD\MCCD\MCCD-Calligrapher\calligrapher_dataset\米芾\已-行-宋-米芾-82313.png,237,225,False,0.4155,0.0,clean,none,direct_use,True
mccd_salvage,米芾,行,巳,G:\GitHub\DiT\MCCD\MCCD\MCCD-Calligrapher\calligrapher_dataset\米芾\巳-行-宋-米芾-82528.png,195,179,False,0.4211,0.0,clean,none,direct_use,True
mccd_salvage,米芾,行,影,G:\GitHub\DiT\MCCD\MCCD\MCCD-Calligrapher\calligrapher_dataset\米芾\影-行-宋-米芾-92274.png,255,257,False,0.3891,0.0,clean,none,direct_use,True
mccd_salvage,米芾,行,惱,G:\GitHub\DiT\MCCD\MCCD\MCCD-Calligrapher\calligrapher_dataset\米芾\惱-行-宋-米芾-99331.png,250,230,False,0.3689,0.0,clean,none,direct_use,True
mccd_salvage,米芾,行,想,G:\GitHub\DiT\MCCD\MCCD\MCCD-Calligrapher\calligrapher_dataset\米芾\想-行-宋-米芾-99376.png,254,239,False,0.4626,0.0,clean,none,direct_use,True
mccd_salvage,米芾,行,慶,G:\GitHub\DiT\MCCD\MCCD\MCCD-Calligrapher\calligrapher_dataset\米芾\慶-行-宋-米芾-100957.png,184,285,False,0.3062,0.0,clean,none,direct_use,True
mccd_salvage,米芾,行,抨,G:\GitHub\DiT\MCCD\MCCD\MCCD-Calligrapher\calligrapher_dataset\米芾\抨-行-宋-米芾-4975.png,235,245,False,0.4568,0.0,clean,none,direct_use,True
mccd_salvage,米芾,行,拍,G:\GitHub\DiT\MCCD\MCCD\MCCD-Calligrapher\calligrapher_dataset\米芾\拍-行-宋-米芾-5293.png,251,218,False,0.4561,0.0,clean,none,direct_use,True
mccd_salvage,米芾,行,拙,G:\GitHub\DiT\MCCD\MCCD\MCCD-Calligrapher\calligrapher_dataset\米芾\拙-行-宋-米芾-5443.png,251,242,False,0.4084,0.0,clean,none,direct_use,True
mccd_salvage,米芾,行,拙,G:\GitHub\DiT\MCCD\MCCD\MCCD-Calligrapher\calligrapher_dataset\米芾\拙-行-宋-米芾-5445.png,237,230,False,0.4014,0.0,clean,none,direct_use,True
mccd_salvage,米芾,楷,擁,G:\GitHub\DiT\MCCD\MCCD\MCCD-Calligrapher\calligrapher_dataset\米芾\擁-楷-宋-米芾-279.png,194,194,False,0.3898,0.0,clean,none,direct_use,True
mccd_salvage,米芾,行,敬,G:\GitHub\DiT\MCCD\MCCD\MCCD-Calligrapher\calligrapher_dataset\米芾\敬-行-宋-米芾-3451.png,232,226,False,0.4035,0.0003,clean,none,direct_use,True
mccd_salvage,米芾,行,既,G:\GitHub\DiT\MCCD\MCCD\MCCD-Calligrapher\calligrapher_dataset\米芾\既-行-宋-米芾-369.png,226,226,False,0.4763,0.0,clean,none,direct_use,True
mccd_salvage,米芾,行,旣,G:\GitHub\DiT\MCCD\MCCD\MCCD-Calligrapher\calligrapher_dataset\米芾\旣-行-宋-米芾-664.png,226,226,False,0.4763,0.0,clean,none,direct_use,True
mccd_salvage,米芾,行,時,G:\GitHub\DiT\MCCD\MCCD\MCCD-Calligrapher\calligrapher_dataset\米芾\時-行-宋-米芾-3877.png,231,297,False,0.5114,0.0,clean,none,direct_use,True
mccd_salvage,米芾,行,時,G:\GitHub\DiT\MCCD\MCCD\MCCD-Calligrapher\calligrapher_dataset\米芾\時-行-宋-米芾-3881.png,217,287,False,0.3629,0.0,clean,none,direct_use,True
mccd_salvage,米芾,行,書,G:\GitHub\DiT\MCCD\MCCD\MCCD-Calligrapher\calligrapher_dataset\米芾\書-行-宋-米芾-6707.png,200,282,False,0.337,0.0,clean,none,direct_use,True
mccd_salvage,米芾,行,會,G:\GitHub\DiT\MCCD\MCCD\MCCD-Calligrapher\calligrapher_dataset\米芾\會-行-宋-米芾-7245.png,263,252,False,0.2392,0.0,clean,none,direct_use,True
mccd_salvage,米芾,行,會,G:\GitHub\DiT\MCCD\MCCD\MCCD-Calligrapher\calligrapher_dataset\米芾\會-行-宋-米芾-7246.png,247,239,False,0.2496,0.0004,clean,none,direct_use,True
mccd_salvage,米芾,行,會,G:\GitHub\DiT\MCCD\MCCD\MCCD-Calligrapher\calligrapher_dataset\米芾\會-行-宋-米芾-7247.png,247,338,False,0.2194,0.0,clean,none,direct_use,True
mccd_salvage,米芾,行,松,G:\GitHub\DiT\MCCD\MCCD\MCCD-Calligrapher\calligrapher_dataset\米芾\松-行-宋-米芾-11084.png,262,244,False,0.4292,0.0,clean,none,direct_use,True
mccd_salvage,米芾,行,樂,G:\GitHub\DiT\MCCD\MCCD\MCCD-Calligrapher\calligrapher_dataset\米芾\樂-行-宋-米芾-16393.png,224,287,False,0.3971,0.0,clean,none,direct_use,True
mccd_salvage,米芾,行,樂,G:\GitHub\DiT\MCCD\MCCD\MCCD-Calligrapher\calligrapher_dataset\米芾\樂-行-宋-米芾-16395.png,235,299,False,0.4044,0.0,clean,none,direct_use,True
mccd_salvage,米芾,行,次,G:\GitHub\DiT\MCCD\MCCD\MCCD-Calligrapher\calligrapher_dataset\米芾\次-行-宋-米芾-18058.png,224,277,False,0.4136,0.0,clean,none,direct_use,True
mccd_salvage,米芾,行,歇,G:\GitHub\DiT\MCCD\MCCD\MCCD-Calligrapher\calligrapher_dataset\米芾\歇-行-宋-米芾-18527.png,240,224,False,0.3943,0.0,clean,none,direct_use,True
mccd_salvage,米芾,行,殿,G:\GitHub\DiT\MCCD\MCCD\MCCD-Calligrapher\calligrapher_dataset\米芾\殿-行-宋-米芾-21696.png,255,250,False,0.4317,0.0,clean,none,direct_use,True
mccd_salvage,米芾,行,殿,G:\GitHub\DiT\MCCD\MCCD\MCCD-Calligrapher\calligrapher_dataset\米芾\殿-行-宋-米芾-21697.png,252,203,False,0.3505,0.0,clean,none,direct_use,True
mccd_salvage,米芾,行,氏,G:\GitHub\DiT\MCCD\MCCD\MCCD-Calligrapher\calligrapher_dataset\米芾\氏-行-宋-米芾-23375.png,249,239,False,0.3254,0.0,clean,none,direct_use,True
mccd_salvage,米芾,行,法,G:\GitHub\DiT\MCCD\MCCD\MCCD-Calligrapher\calligrapher_dataset\米芾\法-行-宋-米芾-26854.png,212,228,False,0.4401,0.0,clean,none,direct_use,True
mccd_salvage,米芾,行,洛,G:\GitHub\DiT\MCCD\MCCD\MCCD-Calligrapher\calligrapher_dataset\米芾\洛-行-宋-米芾-27559.png,217,234,False,0.4627,0.0,clean,none,direct_use,True
mccd_salvage,米芾,行,流,G:\GitHub\DiT\MCCD\MCCD\MCCD-Calligrapher\calligrapher_dataset\米芾\流-行-宋-米芾-28067.png,241,180,False,0.2491,0.0,clean,none,direct_use,True
mccd_salvage,米芾,行,流,G:\GitHub\DiT\MCCD\MCCD\MCCD-Calligrapher\calligrapher_dataset\米芾\流-行-宋-米芾-28070.png,196,188,False,0.4535,0.0,clean,none,direct_use,True
mccd_salvage,米芾,行,浦,G:\GitHub\DiT\MCCD\MCCD\MCCD-Calligrapher\calligrapher_dataset\米芾\浦-行-宋-米芾-28227.png,175,193,False,0.3034,0.0009,clean,none,direct_use,True
mccd_salvage,米芾,行,浮,G:\GitHub\DiT\MCCD\MCCD\MCCD-Calligrapher\calligrapher_dataset\米芾\浮-行-宋-米芾-28356.png,217,303,False,0.4301,0.0,clean,none,direct_use,True
mccd_salvage,米芾,行,游,G:\GitHub\DiT\MCCD\MCCD\MCCD-Calligrapher\calligrapher_dataset\米芾\游-行-宋-米芾-30889.png,210,253,False,0.4411,0.0,clean,none,direct_use,True
mccd_salvage,米芾,行,湘,G:\GitHub\DiT\MCCD\MCCD\MCCD-Calligrapher\calligrapher_dataset\米芾\湘-行-宋-米芾-31183.png,214,201,False,0.3333,0.0003,clean,none,direct_use,True
mccd_salvage,米芾,行,溪,G:\GitHub\DiT\MCCD\MCCD\MCCD-Calligrapher\calligrapher_dataset\米芾\溪-行-宋-米芾-31681.png,263,347,False,0.4046,0.0,clean,none,direct_use,True
mccd_salvage,米芾,行,濯,G:\GitHub\DiT\MCCD\MCCD\MCCD-Calligrapher\calligrapher_dataset\米芾\濯-行-宋-米芾-34230.png,260,304,False,0.4522,0.0,clean,none,direct_use,True
mccd_salvage,米芾,行,濱,G:\GitHub\DiT\MCCD\MCCD\MCCD-Calligrapher\calligrapher_dataset\米芾\濱-行-宋-米芾-34254.png,249,383,False,0.4921,0.0,clean,none,direct_use,True
mccd_salvage,米芾,行,無,G:\GitHub\DiT\MCCD\MCCD\MCCD-Calligrapher\calligrapher_dataset\米芾\無-行-宋-米芾-37152.png,213,340,False,0.4437,0.0,clean,none,direct_use,True
mccd_salvage,米芾,行,然,G:\GitHub\DiT\MCCD\MCCD\MCCD-Calligrapher\calligrapher_dataset\米芾\然-行-宋-米芾-37410.png,249,217,False,0.4033,0.0,clean,none,direct_use,True
mccd_salvage,米芾,行,爛,G:\GitHub\DiT\MCCD\MCCD\MCCD-Calligrapher\calligrapher_dataset\米芾\爛-行-宋-米芾-38911.png,237,231,False,0.4725,0.0,clean,none,direct_use,True
mccd_salvage,米芾,行,玉,G:\GitHub\DiT\MCCD\MCCD\MCCD-Calligrapher\calligrapher_dataset\米芾\玉-行-宋-米芾-43958.png,227,242,False,0.3841,0.0,clean,none,direct_use,True
mccd_salvage,米芾,行,理,G:\GitHub\DiT\MCCD\MCCD\MCCD-Calligrapher\calligrapher_dataset\米芾\理-行-宋-米芾-45220.png,261,240,False,0.4689,0.0,clean,none,direct_use,True
mccd_salvage,米芾,行,甘,G:\GitHub\DiT\MCCD\MCCD\MCCD-Calligrapher\calligrapher_dataset\米芾\甘-行-宋-米芾-46969.png,238,195,False,0.4293,0.0,clean,none,direct_use,True
mccd_salvage,米芾,行,生,G:\GitHub\DiT\MCCD\MCCD\MCCD-Calligrapher\calligrapher_dataset\米芾\生-行-宋-米芾-47522.png,250,325,False,0.2123,0.0,clean,none,direct_use,True
mccd_salvage,米芾,行,留,G:\GitHub\DiT\MCCD\MCCD\MCCD-Calligrapher\calligrapher_dataset\米芾\留-行-宋-米芾-49467.png,181,202,False,0.4747,0.0005,clean,none,direct_use,True
mccd_salvage,米芾,行,留,G:\GitHub\DiT\MCCD\MCCD\MCCD-Calligrapher\calligrapher_dataset\米芾\留-行-宋-米芾-49468.png,227,291,False,0.5273,0.0,clean,none,direct_use,True
mccd_salvage,米芾,行,白,G:\GitHub\DiT\MCCD\MCCD\MCCD-Calligrapher\calligrapher_dataset\米芾\白-行-宋-米芾-53107.png,212,231,False,0.4725,0.0,clean,none,direct_use,True
mccd_salvage,米芾,行,白,G:\GitHub\DiT\MCCD\MCCD\MCCD-Calligrapher\calligrapher_dataset\米芾\白-行-宋-米芾-53109.png,218,230,False,0.5025,0.0,clean,none,direct_use,True
mccd_salvage,米芾,行,盡,G:\GitHub\DiT\MCCD\MCCD\MCCD-Calligrapher\calligrapher_dataset\米芾\盡-行-宋-米芾-55053.png,180,259,False,0.3502,0.001,clean,none,direct_use,True
mccd_salvage,米芾,行,盡,G:\GitHub\DiT\MCCD\MCCD\MCCD-Calligrapher\calligrapher_dataset\米芾\盡-行-宋-米芾-55054.png,198,301,False,0.3523,0.0,clean,none,direct_use,True
mccd_salvage,米芾,行,盡,G:\GitHub\DiT\MCCD\MCCD\MCCD-Calligrapher\calligrapher_dataset\米芾\盡-行-宋-米芾-55056.png,228,279,False,0.3866,0.0,clean,none,direct_use,True
mccd_salvage,米芾,行,盡,G:\GitHub\DiT\MCCD\MCCD\MCCD-Calligrapher\calligrapher_dataset\米芾\盡-行-宋-米芾-55058.png,186,222,False,0.2781,0.0,clean,none,direct_use,True
mccd_salvage,米芾,行,目,G:\GitHub\DiT\MCCD\MCCD\MCCD-Calligrapher\calligrapher_dataset\米芾\目-行-宋-米芾-55544.png,166,213,False,0.4631,0.0,clean,none,direct_use,True
mccd_salvage,米芾,行,石,G:\GitHub\DiT\MCCD\MCCD\MCCD-Calligrapher\calligrapher_dataset\米芾\石-行-宋-米芾-59095.png,235,256,False,0.449,0.0,clean,none,direct_use,True
mccd_salvage,米芾,行,研,G:\GitHub\DiT\MCCD\MCCD\MCCD-Calligrapher\calligrapher_dataset\米芾\研-行-宋-米芾-59254.png,212,246,False,0.4124,0.0,clean,none,direct_use,True
mccd_salvage,米芾,行,硏,G:\GitHub\DiT\MCCD\MCCD\MCCD-Calligrapher\calligrapher_dataset\米芾\硏-行-宋-米芾-59452.png,222,258,False,0.4333,0.0,clean,none,direct_use,True
mccd_salvage,米芾,行,立,G:\GitHub\DiT\MCCD\MCCD\MCCD-Calligrapher\calligrapher_dataset\米芾\立-行-宋-米芾-66171.png,209,247,False,0.448,0.0,clean,none,direct_use,True
mccd_salvage,米芾,行,端,G:\GitHub\DiT\MCCD\MCCD\MCCD-Calligrapher\calligrapher_dataset\米芾\端-行-宋-米芾-66750.png,234,229,False,0.3109,0.001,clean,none,direct_use,True
mccd_salvage,米芾,行,竹,G:\GitHub\DiT\MCCD\MCCD\MCCD-Calligrapher\calligrapher_dataset\米芾\竹-行-宋-米芾-66959.png,256,256,False,0.237,0.0,clean,none,direct_use,True
mccd_salvage,米芾,行,紛,G:\GitHub\DiT\MCCD\MCCD\MCCD-Calligrapher\calligrapher_dataset\米芾\紛-行-宋-米芾-71159.png,181,183,False,0.3354,0.0003,clean,none,direct_use,True
mccd_salvage,米芾,行,紛,G:\GitHub\DiT\MCCD\MCCD\MCCD-Calligrapher\calligrapher_dataset\米芾\紛-行-宋-米芾-71160.png,232,204,False,0.2562,0.0027,clean,none,direct_use,True
mccd_salvage,米芾,行,結,G:\GitHub\DiT\MCCD\MCCD\MCCD-Calligrapher\calligrapher_dataset\米芾\結-行-宋-米芾-72195.png,203,219,False,0.5211,0.0,clean,none,direct_use,True
mccd_salvage,米芾,行,群,G:\GitHub\DiT\MCCD\MCCD\MCCD-Calligrapher\calligrapher_dataset\米芾\群-行-宋-米芾-77591.png,245,306,False,0.3222,0.0,clean,none,direct_use,True
mccd_salvage,米芾,行,而,G:\GitHub\DiT\MCCD\MCCD\MCCD-Calligrapher\calligrapher_dataset\米芾\而-行-宋-米芾-80866.png,238,221,False,0.3672,0.0,clean,none,direct_use,True
mccd_salvage,米芾,行,至,G:\GitHub\DiT\MCCD\MCCD\MCCD-Calligrapher\calligrapher_dataset\米芾\至-行-宋-米芾-86996.png,188,308,False,0.5481,0.0,clean,none,direct_use,True
mccd_salvage,米芾,行,興,G:\GitHub\DiT\MCCD\MCCD\MCCD-Calligrapher\calligrapher_dataset\米芾\興-行-宋-米芾-87851.png,231,199,False,0.4337,0.0,clean,none,direct_use,True
mccd_salvage,米芾,行,舫,G:\GitHub\DiT\MCCD\MCCD\MCCD-Calligrapher\calligrapher_dataset\米芾\舫-行-宋-米芾-88594.png,219,194,False,0.4933,0.0,clean,none,direct_use,True
mccd_salvage,米芾,行,荊,G:\GitHub\DiT\MCCD\MCCD\MCCD-Calligrapher\calligrapher_dataset\米芾\荊-行-宋-米芾-91374.png,196,253,False,0.3988,0.0,clean,none,direct_use,True
mccd_salvage,米芾,行,虹,G:\GitHub\DiT\MCCD\MCCD\MCCD-Calligrapher\calligrapher_dataset\米芾\虹-行-宋-米芾-98301.png,200,217,False,0.438,0.0006,clean,none,direct_use,True
mccd_salvage,米芾,行,行,G:\GitHub\DiT\MCCD\MCCD\MCCD-Calligrapher\calligrapher_dataset\米芾\行-行-宋-米芾-101034.png,195,314,False,0.196,0.0,clean,none,direct_use,True
mccd_salvage,米芾,行,行,G:\GitHub\DiT\MCCD\MCCD\MCCD-Calligrapher\calligrapher_dataset\米芾\行-行-宋-米芾-101039.png,211,282,False,0.273,0.0,clean,none,direct_use,True
mccd_salvage,米芾,行,行,G:\GitHub\DiT\MCCD\MCCD\MCCD-Calligrapher\calligrapher_dataset\米芾\行-行-宋-米芾-101040.png,253,333,False,0.1264,0.003,clean,none,direct_use,True
mccd_salvage,米芾,行,行,G:\GitHub\DiT\MCCD\MCCD\MCCD-Calligrapher\calligrapher_dataset\米芾\行-行-宋-米芾-101041.png,241,284,False,0.3594,0.0,clean,none,direct_use,True
mccd_salvage,米芾,行,行,G:\GitHub\DiT\MCCD\MCCD\MCCD-Calligrapher\calligrapher_dataset\米芾\行-行-宋-米芾-101047.png,185,242,False,0.24,0.0,clean,none,direct_use,True
mccd_salvage,米芾,行,衢,G:\GitHub\DiT\MCCD\MCCD\MCCD-Calligrapher\calligrapher_dataset\米芾\衢-行-宋-米芾-101583.png,222,268,False,0.3886,0.001,clean,none,direct_use,True
mccd_salvage,米芾,楷,袋,G:\GitHub\DiT\MCCD\MCCD\MCCD-Calligrapher\calligrapher_dataset\米芾\袋-楷-宋-米芾-102150.png,195,190,False,0.2103,0.0,clean,none,direct_use,True
mccd_salvage,米芾,行,袋,G:\GitHub\DiT\MCCD\MCCD\MCCD-Calligrapher\calligrapher_dataset\米芾\袋-行-宋-米芾-102154.png,268,357,False,0.1179,0.0058,clean,none,direct_use,True
mccd_salvage,米芾,行,西,G:\GitHub\DiT\MCCD\MCCD\MCCD-Calligrapher\calligrapher_dataset\米芾\西-行-宋-米芾-104116.png,206,217,False,0.468,0.0,clean,none,direct_use,True
mccd_salvage,米芾,行,訪,G:\GitHub\DiT\MCCD\MCCD\MCCD-Calligrapher\calligrapher_dataset\米芾\訪-行-宋-米芾-106830.png,277,264,False,0.1917,0.0013,clean,none,direct_use,True
mccd_salvage,米芾,行,話,G:\GitHub\DiT\MCCD\MCCD\MCCD-Calligrapher\calligrapher_dataset\米芾\話-行-宋-米芾-107874.png,246,226,False,0.407,0.0,clean,none,direct_use,True
mccd_salvage,米芾,行,起,G:\GitHub\DiT\MCCD\MCCD\MCCD-Calligrapher\calligrapher_dataset\米芾\起-行-宋-米芾-116457.png,247,204,False,0.3289,0.0,clean,none,direct_use,True
mccd_salvage,米芾,行,轉,G:\GitHub\DiT\MCCD\MCCD\MCCD-Calligrapher\calligrapher_dataset\米芾\轉-行-宋-米芾-120592.png,185,240,False,0.4089,0.0,clean,none,direct_use,True
mccd_salvage,米芾,行,迢,G:\GitHub\DiT\MCCD\MCCD\MCCD-Calligrapher\calligrapher_dataset\米芾\迢-行-宋-米芾-122512.png,189,173,False,0.4863,0.0,clean,none,direct_use,True
mccd_salvage,米芾,行,逐,G:\GitHub\DiT\MCCD\MCCD\MCCD-Calligrapher\calligrapher_dataset\米芾\逐-行-宋-米芾-123538.png,234,186,False,0.3301,0.0,clean,none,direct_use,True
mccd_salvage,米芾,行,都,G:\GitHub\DiT\MCCD\MCCD\MCCD-Calligrapher\calligrapher_dataset\米芾\都-行-宋-米芾-128758.png,205,269,False,0.3384,0.0,clean,none,direct_use,True
mccd_salvage,米芾,行,酒,G:\GitHub\DiT\MCCD\MCCD\MCCD-Calligrapher\calligrapher_dataset\米芾\酒-行-宋-米芾-129937.png,256,286,False,0.54,0.0,clean,none,direct_use,True
mccd_salvage,米芾,行,里,G:\GitHub\DiT\MCCD\MCCD\MCCD-Calligrapher\calligrapher_dataset\米芾\里-行-宋-米芾-131082.png,173,225,False,0.4499,0.0,clean,none,direct_use,True
mccd_salvage,米芾,行,霞,G:\GitHub\DiT\MCCD\MCCD\MCCD-Calligrapher\calligrapher_dataset\米芾\霞-行-宋-米芾-142629.png,157,185,False,0.4075,0.0,clean,none,direct_use,True
mccd_salvage,米芾,行,靈,G:\GitHub\DiT\MCCD\MCCD\MCCD-Calligrapher\calligrapher_dataset\米芾\靈-行-宋-米芾-143106.png,169,228,False,0.4273,0.0,clean,none,direct_use,True
mccd_salvage,米芾,行,靈,G:\GitHub\DiT\MCCD\MCCD\MCCD-Calligrapher\calligrapher_dataset\米芾\靈-行-宋-米芾-143108.png,180,276,False,0.3511,0.0,clean,none,direct_use,True
mccd_salvage,米芾,行,面,G:\GitHub\DiT\MCCD\MCCD\MCCD-Calligrapher\calligrapher_dataset\米芾\面-行-宋-米芾-144070.png,175,191,False,0.345,0.0,clean,none,direct_use,True
mccd_salvage,米芾,行,駮,G:\GitHub\DiT\MCCD\MCCD\MCCD-Calligrapher\calligrapher_dataset\米芾\駮-行-宋-米芾-150670.png,213,185,False,0.43,0.0,clean,none,direct_use,True
mccd_salvage,米芾,行,龍,G:\GitHub\DiT\MCCD\MCCD\MCCD-Calligrapher\calligrapher_dataset\米芾\龍-行-宋-米芾-160836.png,231,254,False,0.4931,0.0,clean,none,direct_use,True
mccd_salvage,米芾,行,龍,G:\GitHub\DiT\MCCD\MCCD\MCCD-Calligrapher\calligrapher_dataset\米芾\龍-行-宋-米芾-160837.png,160,181,False,0.4639,0.0,clean,none,direct_use,True
mccd_salvage,米芾,行,龍,G:\GitHub\DiT\MCCD\MCCD\MCCD-Calligrapher\calligrapher_dataset\米芾\龍-行-宋-米芾-160840.png,184,199,False,0.5019,0.0,clean,none,direct_use,True
mccd_salvage,米芾,行,𦗟,G:\GitHub\DiT\MCCD\MCCD\MCCD-Calligrapher\calligrapher_dataset\米芾\𦗟-行-宋-米芾-512.png,246,262,False,0.4326,0.0,clean,none,direct_use,True
mccd_salvage,苏轼,行,不,G:\GitHub\DiT\MCCD\MCCD\MCCD-Calligrapher\calligrapher_dataset\苏轼\不-行-宋-苏轼-3014.png,251,177,False,0.4438,0.0,clean,none,direct_use,True
mccd_salvage,苏轼,行,不,G:\GitHub\DiT\MCCD\MCCD\MCCD-Calligrapher\calligrapher_dataset\苏轼\不-行-宋-苏轼-3021.png,275,250,False,0.4686,0.0,clean,none,direct_use,True
mccd_salvage,苏轼,楷,主,G:\GitHub\DiT\MCCD\MCCD\MCCD-Calligrapher\calligrapher_dataset\苏轼\主-楷-宋-苏轼-5258.png,177,227,False,0.4635,0.0,clean,none,direct_use,True
mccd_salvage,苏轼,行,之,G:\GitHub\DiT\MCCD\MCCD\MCCD-Calligrapher\calligrapher_dataset\苏轼\之-行-宋-苏轼-6946.png,205,194,False,0.5318,0.0,clean,none,direct_use,True
mccd_salvage,苏轼,行,之,G:\GitHub\DiT\MCCD\MCCD\MCCD-Calligrapher\calligrapher_dataset\苏轼\之-行-宋-苏轼-6955.png,256,207,False,0.4361,0.0,clean,none,direct_use,True
mccd_salvage,苏轼,楷,乎,G:\GitHub\DiT\MCCD\MCCD\MCCD-Calligrapher\calligrapher_dataset\苏轼\乎-楷-宋-苏轼-7406.png,232,219,False,0.2691,0.0,clean,none,direct_use,True
mccd_salvage,苏轼,行,乎,G:\GitHub\DiT\MCCD\MCCD\MCCD-Calligrapher\calligrapher_dataset\苏轼\乎-行-宋-苏轼-7418.png,235,235,False,0.3456,0.0,clean,none,direct_use,True
mccd_salvage,苏轼,行,乎,G:\GitHub\DiT\MCCD\MCCD\MCCD-Calligrapher\calligrapher_dataset\苏轼\乎-行-宋-苏轼-7419.png,208,219,False,0.2199,0.0,clean,none,direct_use,True
mccd_salvage,苏轼,行,争,G:\GitHub\DiT\MCCD\MCCD\MCCD-Calligrapher\calligrapher_dataset\苏轼\争-行-宋-苏轼-9414.png,171,252,False,0.4551,0.0,clean,none,direct_use,True
mccd_salvage,苏轼,行,二,G:\GitHub\DiT\MCCD\MCCD\MCCD-Calligrapher\calligrapher_dataset\苏轼\二-行-宋-苏轼-10283.png,189,169,False,0.5086,0.0,clean,none,direct_use,True
mccd_salvage,苏轼,行,于,G:\GitHub\DiT\MCCD\MCCD\MCCD-Calligrapher\calligrapher_dataset\苏轼\于-行-宋-苏轼-10532.png,170,214,False,0.4287,0.0,clean,none,direct_use,True
mccd_salvage,苏轼,行,云,G:\GitHub\DiT\MCCD\MCCD\MCCD-Calligrapher\calligrapher_dataset\苏轼\云-行-宋-苏轼-10778.png,173,165,False,0.4159,0.0,clean,none,direct_use,True
mccd_salvage,苏轼,行,付,G:\GitHub\DiT\MCCD\MCCD\MCCD-Calligrapher\calligrapher_dataset\苏轼\付-行-宋-苏轼-15036.png,176,204,False,0.4279,0.0,clean,none,direct_use,True
mccd_salvage,苏轼,楷,何,G:\GitHub\DiT\MCCD\MCCD\MCCD-Calligrapher\calligrapher_dataset\苏轼\何-楷-宋-苏轼-17400.png,259,160,False,0.3731,0.0,clean,none,direct_use,True
mccd_salvage,苏轼,行,何,G:\GitHub\DiT\MCCD\MCCD\MCCD-Calligrapher\calligrapher_dataset\苏轼\何-行-宋-苏轼-17414.png,281,203,False,0.1782,0.0065,clean,none,direct_use,True
mccd_salvage,苏轼,行,何,G:\GitHub\DiT\MCCD\MCCD\MCCD-Calligrapher\calligrapher_dataset\苏轼\何-行-宋-苏轼-17415.png,248,192,False,0.1992,0.0,clean,none,direct_use,True
mccd_salvage,苏轼,行,作,G:\GitHub\DiT\MCCD\MCCD\MCCD-Calligrapher\calligrapher_dataset\苏轼\作-行-宋-苏轼-17848.png,156,180,False,0.4068,0.0,clean,none,direct_use,True
mccd_salvage,苏轼,行,作,G:\GitHub\DiT\MCCD\MCCD\MCCD-Calligrapher\calligrapher_dataset\苏轼\作-行-宋-苏轼-17850.png,202,175,False,0.4565,0.0,clean,none,direct_use,True
mccd_salvage,苏轼,行,來,G:\GitHub\DiT\MCCD\MCCD\MCCD-Calligrapher\calligrapher_dataset\苏轼\來-行-宋-苏轼-18522.png,176,208,False,0.377,0.0,clean,none,direct_use,True
mccd_salvage,苏轼,行,便,G:\GitHub\DiT\MCCD\MCCD\MCCD-Calligrapher\calligrapher_dataset\苏轼\便-行-宋-苏轼-19343.png,257,144,False,0.3264,0.0,clean,none,direct_use,True
mccd_salvage,苏轼,行,俟,G:\GitHub\DiT\MCCD\MCCD\MCCD-Calligrapher\calligrapher_dataset\苏轼\俟-行-宋-苏轼-20001.png,182,170,False,0.4453,0.0,clean,none,direct_use,True
mccd_salvage,苏轼,行,俱,G:\GitHub\DiT\MCCD\MCCD\MCCD-Calligrapher\calligrapher_dataset\苏轼\俱-行-宋-苏轼-20275.png,264,238,False,0.2752,0.0,clean,none,direct_use,True
mccd_salvage,苏轼,行,兩,G:\GitHub\DiT\MCCD\MCCD\MCCD-Calligrapher\calligrapher_dataset\苏轼\兩-行-宋-苏轼-25941.png,258,190,False,0.3098,0.002,clean,none,direct_use,True
mccd_salvage,苏轼,行,兮,G:\GitHub\DiT\MCCD\MCCD\MCCD-Calligrapher\calligrapher_dataset\苏轼\兮-行-宋-苏轼-26957.png,159,227,False,0.4453,0.0,clean,none,direct_use,True
mccd_salvage,苏轼,行,出,G:\GitHub\DiT\MCCD\MCCD\MCCD-Calligrapher\calligrapher_dataset\苏轼\出-行-宋-苏轼-29979.png,166,204,False,0.4958,0.0,clean,none,direct_use,True
mccd_salvage,苏轼,行,分,G:\GitHub\DiT\MCCD\MCCD\MCCD-Calligrapher\calligrapher_dataset\苏轼\分-行-宋-苏轼-30325.png,156,159,False,0.3588,0.0,clean,none,direct_use,True
mccd_salvage,苏轼,行,制,G:\GitHub\DiT\MCCD\MCCD\MCCD-Calligrapher\calligrapher_dataset\苏轼\制-行-宋-苏轼-31458.png,195,192,False,0.51,0.0,clean,none,direct_use,True
mccd_salvage,苏轼,行,則,G:\GitHub\DiT\MCCD\MCCD\MCCD-Calligrapher\calligrapher_dataset\苏轼\則-行-宋-苏轼-31838.png,165,178,False,0.4338,0.0,clean,none,direct_use,True
mccd_salvage,苏轼,行,前,G:\GitHub\DiT\MCCD\MCCD\MCCD-Calligrapher\calligrapher_dataset\苏轼\前-行-宋-苏轼-32071.png,174,200,False,0.4305,0.0003,clean,none,direct_use,True
mccd_salvage,苏轼,行,力,G:\GitHub\DiT\MCCD\MCCD\MCCD-Calligrapher\calligrapher_dataset\苏轼\力-行-宋-苏轼-32880.png,201,242,False,0.2673,0.001,clean,none,direct_use,True
mccd_salvage,苏轼,行,十,G:\GitHub\DiT\MCCD\MCCD\MCCD-Calligrapher\calligrapher_dataset\苏轼\十-行-宋-苏轼-35862.png,299,229,False,0.2897,0.0003,clean,none,direct_use,True
mccd_salvage,苏轼,行,十,G:\GitHub\DiT\MCCD\MCCD\MCCD-Calligrapher\calligrapher_dataset\苏轼\十-行-宋-苏轼-35865.png,227,187,False,0.2969,0.0,clean,none,direct_use,True
mccd_salvage,苏轼,行,十,G:\GitHub\DiT\MCCD\MCCD\MCCD-Calligrapher\calligrapher_dataset\苏轼\十-行-宋-苏轼-35866.png,244,225,False,0.2739,0.0,clean,none,direct_use,True
mccd_salvage,苏轼,行,半,G:\GitHub\DiT\MCCD\MCCD\MCCD-Calligrapher\calligrapher_dataset\苏轼\半-行-宋-苏轼-36533.png,227,342,False,0.4675,0.0,clean,none,direct_use,True
mccd_salvage,苏轼,行,卧,G:\GitHub\DiT\MCCD\MCCD\MCCD-Calligrapher\calligrapher_dataset\苏轼\卧-行-宋-苏轼-37474.png,204,194,False,0.4427,0.0,clean,none,direct_use,True
mccd_salvage,苏轼,行,卧,G:\GitHub\DiT\MCCD\MCCD\MCCD-Calligrapher\calligrapher_dataset\苏轼\卧-行-宋-苏轼-37476.png,246,219,False,0.2974,0.0,clean,none,direct_use,True
mccd_salvage,苏轼,行,却,G:\GitHub\DiT\MCCD\MCCD\MCCD-Calligrapher\calligrapher_dataset\苏轼\却-行-宋-苏轼-38181.png,244,315,False,0.2571,0.0007,clean,none,direct_use,True
mccd_salvage,苏轼,行,友,G:\GitHub\DiT\MCCD\MCCD\MCCD-Calligrapher\calligrapher_dataset\苏轼\友-行-宋-苏轼-40639.png,239,257,False,0.4177,0.0,clean,none,direct_use,True
mccd_salvage,苏轼,楷,同,G:\GitHub\DiT\MCCD\MCCD\MCCD-Calligrapher\calligrapher_dataset\苏轼\同-楷-宋-苏轼-44256.png,215,201,False,0.4761,0.0,clean,none,direct_use,True
mccd_salvage,苏轼,行,君,G:\GitHub\DiT\MCCD\MCCD\MCCD-Calligrapher\calligrapher_dataset\苏轼\君-行-宋-苏轼-45235.png,271,308,False,0.2441,0.0,clean,none,direct_use,True
mccd_salvage,苏轼,行,哀,G:\GitHub\DiT\MCCD\MCCD\MCCD-Calligrapher\calligrapher_dataset\苏轼\哀-行-宋-苏轼-48144.png,196,228,False,0.4092,0.0,clean,none,direct_use,True
mccd_salvage,苏轼,行,商,G:\GitHub\DiT\MCCD\MCCD\MCCD-Calligrapher\calligrapher_dataset\苏轼\商-行-宋-苏轼-49201.png,226,339,False,0.339,0.0,clean,none,direct_use,True
mccd_salvage,苏轼,行,商,G:\GitHub\DiT\MCCD\MCCD\MCCD-Calligrapher\calligrapher_dataset\苏轼\商-行-宋-苏轼-49203.png,183,244,False,0.5396,0.0,clean,none,direct_use,True
mccd_salvage,苏轼,行,問,G:\GitHub\DiT\MCCD\MCCD\MCCD-Calligrapher\calligrapher_dataset\苏轼\問-行-宋-苏轼-49303.png,286,269,False,0.3756,0.0,clean,none,direct_use,True
mccd_salvage,苏轼,行,嘻,G:\GitHub\DiT\MCCD\MCCD\MCCD-Calligrapher\calligrapher_dataset\苏轼\嘻-行-宋-苏轼-51511.png,278,294,False,0.4225,0.0,clean,none,direct_use,True
mccd_salvage,苏轼,行,囚,G:\GitHub\DiT\MCCD\MCCD\MCCD-Calligrapher\calligrapher_dataset\苏轼\囚-行-宋-苏轼-52481.png,279,280,False,0.3883,0.0,clean,none,direct_use,True
mccd_salvage,苏轼,楷,在,G:\GitHub\DiT\MCCD\MCCD\MCCD-Calligrapher\calligrapher_dataset\苏轼\在-楷-宋-苏轼-54258.png,220,200,False,0.4717,0.0,clean,none,direct_use,True
mccd_salvage,苏轼,行,在,G:\GitHub\DiT\MCCD\MCCD\MCCD-Calligrapher\calligrapher_dataset\苏轼\在-行-宋-苏轼-54278.png,234,214,False,0.5131,0.0,clean,none,direct_use,True
mccd_salvage,苏轼,楷,坐,G:\GitHub\DiT\MCCD\MCCD\MCCD-Calligrapher\calligrapher_dataset\苏轼\坐-楷-宋-苏轼-54704.png,224,252,False,0.4422,0.0,clean,none,direct_use,True
mccd_salvage,苏轼,行,夀,G:\GitHub\DiT\MCCD\MCCD\MCCD-Calligrapher\calligrapher_dataset\苏轼\夀-行-宋-苏轼-58687.png,268,358,False,0.2102,0.0,clean,none,direct_use,True
mccd_salvage,苏轼,行,夀,G:\GitHub\DiT\MCCD\MCCD\MCCD-Calligrapher\calligrapher_dataset\苏轼\夀-行-宋-苏轼-58692.png,156,184,True,0.2776,0.0,inverted,inverted,invert_polarity,True
mccd_salvage,苏轼,行,夀,G:\GitHub\DiT\MCCD\MCCD\MCCD-Calligrapher\calligrapher_dataset\苏轼\夀-行-宋-苏轼-58693.png,242,242,False,0.3268,0.0019,clean,none,direct_use,True
mccd_salvage,苏轼,行,多,G:\GitHub\DiT\MCCD\MCCD\MCCD-Calligrapher\calligrapher_dataset\苏轼\多-行-宋-苏轼-59650.png,169,221,False,0.4174,0.0,clean,none,direct_use,True
mccd_salvage,苏轼,行,夜,G:\GitHub\DiT\MCCD\MCCD\MCCD-Calligrapher\calligrapher_dataset\苏轼\夜-行-宋-苏轼-59799.png,198,236,False,0.3932,0.0,clean,none,direct_use,True
mccd_salvage,苏轼,行,夜,G:\GitHub\DiT\MCCD\MCCD\MCCD-Calligrapher\calligrapher_dataset\苏轼\夜-行-宋-苏轼-59800.png,273,317,False,0.2033,0.0,clean,none,direct_use,True
mccd_salvage,苏轼,行,夜,G:\GitHub\DiT\MCCD\MCCD\MCCD-Calligrapher\calligrapher_dataset\苏轼\夜-行-宋-苏轼-59804.png,277,242,False,0.4021,0.0,clean,none,direct_use,True
mccd_salvage,苏轼,行,子,G:\GitHub\DiT\MCCD\MCCD\MCCD-Calligrapher\calligrapher_dataset\苏轼\子-行-宋-苏轼-67879.png,176,244,False,0.4313,0.0,clean,none,direct_use,True
mccd_salvage,苏轼,行,子,G:\GitHub\DiT\MCCD\MCCD\MCCD-Calligrapher\calligrapher_dataset\苏轼\子-行-宋-苏轼-67880.png,197,207,False,0.4592,0.0,clean,none,direct_use,True
mccd_salvage,苏轼,楷,孝,G:\GitHub\DiT\MCCD\MCCD\MCCD-Calligrapher\calligrapher_dataset\苏轼\孝-楷-宋-苏轼-68458.png,227,224,False,0.4162,0.0,clean,none,direct_use,True
mccd_salvage,苏轼,行,安,G:\GitHub\DiT\MCCD\MCCD\MCCD-Calligrapher\calligrapher_dataset\苏轼\安-行-宋-苏轼-70142.png,239,188,False,0.3729,0.0,clean,none,direct_use,True
mccd_salvage,苏轼,行,安,G:\GitHub\DiT\MCCD\MCCD\MCCD-Calligrapher\calligrapher_dataset\苏轼\安-行-宋-苏轼-70143.png,273,219,False,0.4558,0.0,clean,none,direct_use,True
mccd_salvage,苏轼,行,定,G:\GitHub\DiT\MCCD\MCCD\MCCD-Calligrapher\calligrapher_dataset\苏轼\定-行-宋-苏轼-71047.png,222,144,False,0.3682,0.0,clean,none,direct_use,True
mccd_salvage,苏轼,行,宫,G:\GitHub\DiT\MCCD\MCCD\MCCD-Calligrapher\calligrapher_dataset\苏轼\宫-行-宋-苏轼-71938.png,268,257,False,0.341,0.0,clean,none,direct_use,True
mccd_salvage,苏轼,行,宮,G:\GitHub\DiT\MCCD\MCCD\MCCD-Calligrapher\calligrapher_dataset\苏轼\宮-行-宋-苏轼-72135.png,268,257,False,0.341,0.0,clean,none,direct_use,True
mccd_salvage,苏轼,行,宵,G:\GitHub\DiT\MCCD\MCCD\MCCD-Calligrapher\calligrapher_dataset\苏轼\宵-行-宋-苏轼-72422.png,256,282,False,0.3899,0.0,clean,none,direct_use,True
mccd_salvage,苏轼,行,家,G:\GitHub\DiT\MCCD\MCCD\MCCD-Calligrapher\calligrapher_dataset\苏轼\家-行-宋-苏轼-72576.png,293,264,False,0.2757,0.0014,clean,none,direct_use,True
mccd_salvage,苏轼,行,家,G:\GitHub\DiT\MCCD\MCCD\MCCD-Calligrapher\calligrapher_dataset\苏轼\家-行-宋-苏轼-72577.png,253,217,False,0.1876,0.0015,clean,none,direct_use,True
mccd_salvage,苏轼,行,家,G:\GitHub\DiT\MCCD\MCCD\MCCD-Calligrapher\calligrapher_dataset\苏轼\家-行-宋-苏轼-72578.png,212,234,False,0.4102,0.0,clean,none,direct_use,True
mccd_salvage,苏轼,行,容,G:\GitHub\DiT\MCCD\MCCD\MCCD-Calligrapher\calligrapher_dataset\苏轼\容-行-宋-苏轼-72704.png,264,249,False,0.4475,0.0,clean,none,direct_use,True
mccd_salvage,苏轼,行,寰,G:\GitHub\DiT\MCCD\MCCD\MCCD-Calligrapher\calligrapher_dataset\苏轼\寰-行-宋-苏轼-74557.png,213,235,False,0.4336,0.0,clean,none,direct_use,True
mccd_salvage,苏轼,行,小,G:\GitHub\DiT\MCCD\MCCD\MCCD-Calligrapher\calligrapher_dataset\苏轼\小-行-宋-苏轼-76241.png,308,125,False,0.2234,0.0019,clean,none,direct_use,True
mccd_salvage,苏轼,行,小,G:\GitHub\DiT\MCCD\MCCD\MCCD-Calligrapher\calligrapher_dataset\苏轼\小-行-宋-苏轼-76242.png,241,122,False,0.3592,0.0,clean,none,direct_use,True
mccd_salvage,苏轼,行,小,G:\GitHub\DiT\MCCD\MCCD\MCCD-Calligrapher\calligrapher_dataset\苏轼\小-行-宋-苏轼-76243.png,280,126,False,0.2812,0.0,clean,none,direct_use,True
mccd_salvage,苏轼,行,尾,G:\GitHub\DiT\MCCD\MCCD\MCCD-Calligrapher\calligrapher_dataset\苏轼\尾-行-宋-苏轼-77868.png,249,253,False,0.1952,0.0,clean,none,direct_use,True
mccd_salvage,苏轼,行,尾,G:\GitHub\DiT\MCCD\MCCD\MCCD-Calligrapher\calligrapher_dataset\苏轼\尾-行-宋-苏轼-77871.png,280,249,False,0.1637,0.0016,clean,none,direct_use,True
mccd_salvage,苏轼,行,屋,G:\GitHub\DiT\MCCD\MCCD\MCCD-Calligrapher\calligrapher_dataset\苏轼\屋-行-宋-苏轼-78171.png,200,192,False,0.4411,0.0,clean,none,direct_use,True
mccd_salvage,苏轼,行,屋,G:\GitHub\DiT\MCCD\MCCD\MCCD-Calligrapher\calligrapher_dataset\苏轼\屋-行-宋-苏轼-78172.png,211,261,False,0.4186,0.0,clean,none,direct_use,True
mccd_salvage,苏轼,行,山,G:\GitHub\DiT\MCCD\MCCD\MCCD-Calligrapher\calligrapher_dataset\苏轼\山-行-宋-苏轼-79144.png,267,204,False,0.466,0.0,clean,none,direct_use,True
mccd_salvage,苏轼,行,州,G:\GitHub\DiT\MCCD\MCCD\MCCD-Calligrapher\calligrapher_dataset\苏轼\州-行-宋-苏轼-81226.png,228,186,False,0.2431,0.0,clean,none,direct_use,True
mccd_salvage,苏轼,行,左,G:\GitHub\DiT\MCCD\MCCD\MCCD-Calligrapher\calligrapher_dataset\苏轼\左-行-宋-苏轼-81749.png,218,208,False,0.3401,0.0,clean,none,direct_use,True
mccd_salvage,苏轼,行,己,G:\GitHub\DiT\MCCD\MCCD\MCCD-Calligrapher\calligrapher_dataset\苏轼\己-行-宋-苏轼-82232.png,167,252,False,0.4338,0.0,clean,none,direct_use,True
mccd_salvage,苏轼,行,巳,G:\GitHub\DiT\MCCD\MCCD\MCCD-Calligrapher\calligrapher_dataset\苏轼\巳-行-宋-苏轼-82524.png,167,230,False,0.4502,0.0,clean,none,direct_use,True
mccd_salvage,苏轼,行,巳,G:\GitHub\DiT\MCCD\MCCD\MCCD-Calligrapher\calligrapher_dataset\苏轼\巳-行-宋-苏轼-82526.png,196,185,False,0.4681,0.0,clean,none,direct_use,True
mccd_salvage,苏轼,行,帝,G:\GitHub\DiT\MCCD\MCCD\MCCD-Calligrapher\calligrapher_dataset\苏轼\帝-行-宋-苏轼-83525.png,230,250,False,0.3716,0.0,clean,none,direct_use,True
mccd_salvage,苏轼,楷,平,G:\GitHub\DiT\MCCD\MCCD\MCCD-Calligrapher\calligrapher_dataset\苏轼\平-楷-宋-苏轼-84706.png,236,349,False,0.245,0.0,clean,none,direct_use,True
mccd_salvage,苏轼,楷,平,G:\GitHub\DiT\MCCD\MCCD\MCCD-Calligrapher\calligrapher_dataset\苏轼\平-楷-宋-苏轼-84707.png,185,189,False,0.355,0.0,clean,none,direct_use,True
mccd_salvage,苏轼,行,幻,G:\GitHub\DiT\MCCD\MCCD\MCCD-Calligrapher\calligrapher_dataset\苏轼\幻-行-宋-苏轼-85609.png,260,219,False,0.4539,0.0,clean,none,direct_use,True
mccd_salvage,苏轼,行,幾,G:\GitHub\DiT\MCCD\MCCD\MCCD-Calligrapher\calligrapher_dataset\苏轼\幾-行-宋-苏轼-85807.png,284,288,False,0.4066,0.0,clean,none,direct_use,True
mccd_salvage,苏轼,行,弓,G:\GitHub\DiT\MCCD\MCCD\MCCD-Calligrapher\calligrapher_dataset\苏轼\弓-行-宋-苏轼-88740.png,159,238,False,0.5042,0.0,clean,none,direct_use,True
mccd_salvage,苏轼,楷,弱,G:\GitHub\DiT\MCCD\MCCD\MCCD-Calligrapher\calligrapher_dataset\苏轼\弱-楷-宋-苏轼-89789.png,245,293,False,0.512,0.0202,clean,none,direct_use,True
mccd_salvage,苏轼,行,弱,G:\GitHub\DiT\MCCD\MCCD\MCCD-Calligrapher\calligrapher_dataset\苏轼\弱-行-宋-苏轼-89795.png,277,264,False,0.2537,0.0012,clean,none,direct_use,True
mccd_salvage,苏轼,行,從,G:\GitHub\DiT\MCCD\MCCD\MCCD-Calligrapher\calligrapher_dataset\苏轼\從-行-宋-苏轼-93731.png,262,281,False,0.4723,0.0,clean,none,direct_use,True
mccd_salvage,苏轼,楷,必,G:\GitHub\DiT\MCCD\MCCD\MCCD-Calligrapher\calligrapher_dataset\苏轼\必-楷-宋-苏轼-95379.png,241,157,False,0.4209,0.0015,clean,none,direct_use,True
mccd_salvage,苏轼,行,思,G:\GitHub\DiT\MCCD\MCCD\MCCD-Calligrapher\calligrapher_dataset\苏轼\思-行-宋-苏轼-96580.png,283,261,False,0.2362,0.0032,clean,none,direct_use,True
mccd_salvage,苏轼,行,恐,G:\GitHub\DiT\MCCD\MCCD\MCCD-Calligrapher\calligrapher_dataset\苏轼\恐-行-宋-苏轼-97110.png,254,232,False,0.2141,0.0,clean,none,direct_use,True
mccd_salvage,苏轼,行,悚,G:\GitHub\DiT\MCCD\MCCD\MCCD-Calligrapher\calligrapher_dataset\苏轼\悚-行-宋-苏轼-98161.png,249,217,False,0.4352,0.0,clean,none,direct_use,True
mccd_salvage,苏轼,行,情,G:\GitHub\DiT\MCCD\MCCD\MCCD-Calligrapher\calligrapher_dataset\苏轼\情-行-宋-苏轼-98694.png,227,254,False,0.4479,0.0,clean,none,direct_use,True
mccd_salvage,苏轼,楷,惟,G:\GitHub\DiT\MCCD\MCCD\MCCD-Calligrapher\calligrapher_dataset\苏轼\惟-楷-宋-苏轼-99023.png,231,226,False,0.4846,0.0,clean,none,direct_use,True
mccd_salvage,苏轼,行,愁,G:\GitHub\DiT\MCCD\MCCD\MCCD-Calligrapher\calligrapher_dataset\苏轼\愁-行-宋-苏轼-99522.png,266,236,False,0.5334,0.0,clean,none,direct_use,True
mccd_salvage,苏轼,行,愕,G:\GitHub\DiT\MCCD\MCCD\MCCD-Calligrapher\calligrapher_dataset\苏轼\愕-行-宋-苏轼-99795.png,230,237,False,0.4567,0.0,clean,none,direct_use,True
mccd_salvage,苏轼,行,慰,G:\GitHub\DiT\MCCD\MCCD\MCCD-Calligrapher\calligrapher_dataset\苏轼\慰-行-宋-苏轼-100820.png,261,211,False,0.4493,0.0,clean,none,direct_use,True
mccd_salvage,苏轼,行,或,G:\GitHub\DiT\MCCD\MCCD\MCCD-Calligrapher\calligrapher_dataset\苏轼\或-行-宋-苏轼-2515.png,237,238,False,0.4092,0.0,clean,none,direct_use,True
mccd_salvage,苏轼,行,手,G:\GitHub\DiT\MCCD\MCCD\MCCD-Calligrapher\calligrapher_dataset\苏轼\手-行-宋-苏轼-3961.png,236,304,False,0.3523,0.0,clean,none,direct_use,True
mccd_salvage,苏轼,行,挂,G:\GitHub\DiT\MCCD\MCCD\MCCD-Calligrapher\calligrapher_dataset\苏轼\挂-行-宋-苏轼-5948.png,263,273,False,0.4416,0.0,clean,none,direct_use,True
mccd_salvage,苏轼,行,挂,G:\GitHub\DiT\MCCD\MCCD\MCCD-Calligrapher\calligrapher_dataset\苏轼\挂-行-宋-苏轼-5949.png,271,218,False,0.4609,0.0,clean,none,direct_use,True
mccd_salvage,苏轼,行,於,G:\GitHub\DiT\MCCD\MCCD\MCCD-Calligrapher\calligrapher_dataset\苏轼\於-行-宋-苏轼-6001.png,231,202,False,0.3998,0.0,clean,none,direct_use,True
mccd_salvage,苏轼,行,於,G:\GitHub\DiT\MCCD\MCCD\MCCD-Calligrapher\calligrapher_dataset\苏轼\於-行-宋-苏轼-6003.png,257,229,False,0.4249,0.0,clean,none,direct_use,True
mccd_salvage,苏轼,行,春,G:\GitHub\DiT\MCCD\MCCD\MCCD-Calligrapher\calligrapher_dataset\苏轼\春-行-宋-苏轼-3037.png,271,249,False,0.3726,0.0,clean,none,direct_use,True
mccd_salvage,苏轼,行,曰,G:\GitHub\DiT\MCCD\MCCD\MCCD-Calligrapher\calligrapher_dataset\苏轼\曰-行-宋-苏轼-6211.png,205,194,False,0.5179,0.0004,clean,none,direct_use,True
mccd_salvage,苏轼,楷,月,G:\GitHub\DiT\MCCD\MCCD\MCCD-Calligrapher\calligrapher_dataset\苏轼\月-楷-宋-苏轼-7766.png,193,282,False,0.4109,0.0,clean,none,direct_use,True
mccd_salvage,苏轼,行,月,G:\GitHub\DiT\MCCD\MCCD\MCCD-Calligrapher\calligrapher_dataset\苏轼\月-行-宋-苏轼-7787.png,195,287,False,0.3971,0.0,clean,none,direct_use,True
mccd_salvage,苏轼,楷,朋,G:\GitHub\DiT\MCCD\MCCD\MCCD-Calligrapher\calligrapher_dataset\苏轼\朋-楷-宋-苏轼-8247.png,270,227,False,0.3474,0.0,clean,none,direct_use,True
mccd_salvage,苏轼,行,朋,G:\GitHub\DiT\MCCD\MCCD\MCCD-Calligrapher\calligrapher_dataset\苏轼\朋-行-宋-苏轼-8249.png,275,180,False,0.2174,0.0,clean,none,direct_use,True
mccd_salvage,苏轼,行,朋,G:\GitHub\DiT\MCCD\MCCD\MCCD-Calligrapher\calligrapher_dataset\苏轼\朋-行-宋-苏轼-8250.png,244,243,False,0.3826,0.0,clean,none,direct_use,True
mccd_salvage,苏轼,行,望,G:\GitHub\DiT\MCCD\MCCD\MCCD-Calligrapher\calligrapher_dataset\苏轼\望-行-宋-苏轼-8857.png,214,239,False,0.4791,0.0,clean,none,direct_use,True
mccd_salvage,苏轼,行,木,G:\GitHub\DiT\MCCD\MCCD\MCCD-Calligrapher\calligrapher_dataset\苏轼\木-行-宋-苏轼-9289.png,255,200,False,0.3401,0.0,clean,none,direct_use,True
mccd_salvage,苏轼,楷,未,G:\GitHub\DiT\MCCD\MCCD\MCCD-Calligrapher\calligrapher_dataset\苏轼\未-楷-宋-苏轼-9547.png,160,208,False,0.3545,0.0,clean,none,direct_use,True
mccd_salvage,苏轼,行,未,G:\GitHub\DiT\MCCD\MCCD\MCCD-Calligrapher\calligrapher_dataset\苏轼\未-行-宋-苏轼-9562.png,183,249,False,0.4049,0.0,clean,none,direct_use,True
mccd_salvage,苏轼,行,東,G:\GitHub\DiT\MCCD\MCCD\MCCD-Calligrapher\calligrapher_dataset\苏轼\東-行-宋-苏轼-10848.png,222,265,False,0.4464,0.0,clean,none,direct_use,True
mccd_salvage,苏轼,行,松,G:\GitHub\DiT\MCCD\MCCD\MCCD-Calligrapher\calligrapher_dataset\苏轼\松-行-宋-苏轼-11083.png,255,178,False,0.4714,0.0,clean,none,direct_use,True
mccd_salvage,苏轼,行,枋,G:\GitHub\DiT\MCCD\MCCD\MCCD-Calligrapher\calligrapher_dataset\苏轼\枋-行-宋-苏轼-11209.png,213,184,False,0.5076,0.0,clean,none,direct_use,True
mccd_salvage,苏轼,行,柑,G:\GitHub\DiT\MCCD\MCCD\MCCD-Calligrapher\calligrapher_dataset\苏轼\柑-行-宋-苏轼-11980.png,216,164,False,0.4904,0.0,clean,none,direct_use,True
mccd_salvage,苏轼,行,桂,G:\GitHub\DiT\MCCD\MCCD\MCCD-Calligrapher\calligrapher_dataset\苏轼\桂-行-宋-苏轼-12951.png,231,225,False,0.4493,0.0,clean,none,direct_use,True
mccd_salvage,苏轼,行,棗,G:\GitHub\DiT\MCCD\MCCD\MCCD-Calligrapher\calligrapher_dataset\苏轼\棗-行-宋-苏轼-14020.png,218,283,False,0.4168,0.0,clean,none,direct_use,True
mccd_salvage,苏轼,行,棘,G:\GitHub\DiT\MCCD\MCCD\MCCD-Calligrapher\calligrapher_dataset\苏轼\棘-行-宋-苏轼-14048.png,231,223,False,0.3377,0.0,clean,none,direct_use,True
mccd_salvage,苏轼,行,構,G:\GitHub\DiT\MCCD\MCCD\MCCD-Calligrapher\calligrapher_dataset\苏轼\構-行-宋-苏轼-15930.png,271,273,False,0.5025,0.0,clean,none,direct_use,True
mccd_salvage,苏轼,行,樽,G:\GitHub\DiT\MCCD\MCCD\MCCD-Calligrapher\calligrapher_dataset\苏轼\樽-行-宋-苏轼-16868.png,261,300,False,0.3515,0.0001,clean,none,direct_use,True
mccd_salvage,苏轼,行,樽,G:\GitHub\DiT\MCCD\MCCD\MCCD-Calligrapher\calligrapher_dataset\苏轼\樽-行-宋-苏轼-16869.png,255,265,False,0.4642,0.0,clean,none,direct_use,True
mccd_salvage,苏轼,行,歸,G:\GitHub\DiT\MCCD\MCCD\MCCD-Calligrapher\calligrapher_dataset\苏轼\歸-行-宋-苏轼-20609.png,256,299,False,0.4426,0.0,clean,none,direct_use,True
mccd_salvage,苏轼,楷,毛,G:\GitHub\DiT\MCCD\MCCD\MCCD-Calligrapher\calligrapher_dataset\苏轼\毛-楷-宋-苏轼-22988.png,196,125,False,0.3688,0.0,clean,none,direct_use,True
mccd_salvage,苏轼,行,汙,G:\GitHub\DiT\MCCD\MCCD\MCCD-Calligrapher\calligrapher_dataset\苏轼\汙-行-宋-苏轼-25122.png,211,234,False,0.4401,0.0,clean,none,direct_use,True
mccd_salvage,苏轼,行,江,G:\GitHub\DiT\MCCD\MCCD\MCCD-Calligrapher\calligrapher_dataset\苏轼\江-行-宋-苏轼-25304.png,235,199,False,0.4,0.0,clean,none,direct_use,True
mccd_salvage,苏轼,行,江,G:\GitHub\DiT\MCCD\MCCD\MCCD-Calligrapher\calligrapher_dataset\苏轼\江-行-宋-苏轼-25305.png,245,195,False,0.3566,0.0,clean,none,direct_use,True
mccd_salvage,苏轼,行,池,G:\GitHub\DiT\MCCD\MCCD\MCCD-Calligrapher\calligrapher_dataset\苏轼\池-行-宋-苏轼-25370.png,258,180,False,0.4278,0.0,clean,none,direct_use,True
mccd_salvage,苏轼,行,法,G:\GitHub\DiT\MCCD\MCCD\MCCD-Calligrapher\calligrapher_dataset\苏轼\法-行-宋-苏轼-26856.png,215,242,False,0.4341,0.0,clean,none,direct_use,True
mccd_salvage,苏轼,行,流,G:\GitHub\DiT\MCCD\MCCD\MCCD-Calligrapher\calligrapher_dataset\苏轼\流-行-宋-苏轼-28069.png,238,180,False,0.468,0.0,clean,none,direct_use,True
mccd_salvage,苏轼,行,海,G:\GitHub\DiT\MCCD\MCCD\MCCD-Calligrapher\calligrapher_dataset\苏轼\海-行-宋-苏轼-28510.png,184,229,False,0.4707,0.0,clean,none,direct_use,True
mccd_salvage,苏轼,行,涯,G:\GitHub\DiT\MCCD\MCCD\MCCD-Calligrapher\calligrapher_dataset\苏轼\涯-行-宋-苏轼-28997.png,231,212,False,0.5457,0.0,clean,none,direct_use,True
mccd_salvage,苏轼,行,涼,G:\GitHub\DiT\MCCD\MCCD\MCCD-Calligrapher\calligrapher_dataset\苏轼\涼-行-宋-苏轼-29119.png,234,209,False,0.4122,0.0,clean,none,direct_use,True
mccd_salvage,苏轼,行,游,G:\GitHub\DiT\MCCD\MCCD\MCCD-Calligrapher\calligrapher_dataset\苏轼\游-行-宋-苏轼-30890.png,250,258,False,0.4749,0.0,clean,none,direct_use,True
mccd_salvage,苏轼,行,溪,G:\GitHub\DiT\MCCD\MCCD\MCCD-Calligrapher\calligrapher_dataset\苏轼\溪-行-宋-苏轼-31679.png,225,258,False,0.4701,0.0,clean,none,direct_use,True
mccd_salvage,苏轼,行,溪,G:\GitHub\DiT\MCCD\MCCD\MCCD-Calligrapher\calligrapher_dataset\苏轼\溪-行-宋-苏轼-31683.png,182,208,False,0.4118,0.0,clean,none,direct_use,True
mccd_salvage,苏轼,行,漲,G:\GitHub\DiT\MCCD\MCCD\MCCD-Calligrapher\calligrapher_dataset\苏轼\漲-行-宋-苏轼-32812.png,290,221,False,0.2592,0.0004,clean,none,direct_use,True
mccd_salvage,苏轼,行,潸,G:\GitHub\DiT\MCCD\MCCD\MCCD-Calligrapher\calligrapher_dataset\苏轼\潸-行-宋-苏轼-33334.png,220,205,False,0.3822,0.0,clean,none,direct_use,True
mccd_salvage,苏轼,行,潺,G:\GitHub\DiT\MCCD\MCCD\MCCD-Calligrapher\calligrapher_dataset\苏轼\潺-行-宋-苏轼-33347.png,207,219,False,0.5045,0.0,clean,none,direct_use,True
mccd_salvage,苏轼,行,濤,G:\GitHub\DiT\MCCD\MCCD\MCCD-Calligrapher\calligrapher_dataset\苏轼\濤-行-宋-苏轼-34136.png,209,216,False,0.4883,0.0,clean,none,direct_use,True
mccd_salvage,苏轼,行,灰,G:\GitHub\DiT\MCCD\MCCD\MCCD-Calligrapher\calligrapher_dataset\苏轼\灰-行-宋-苏轼-35032.png,211,190,False,0.3585,0.0,clean,none,direct_use,True
mccd_salvage,苏轼,行,然,G:\GitHub\DiT\MCCD\MCCD\MCCD-Calligrapher\calligrapher_dataset\苏轼\然-行-宋-苏轼-37407.png,251,213,False,0.4912,0.0,clean,none,direct_use,True
mccd_salvage,苏轼,行,燼,G:\GitHub\DiT\MCCD\MCCD\MCCD-Calligrapher\calligrapher_dataset\苏轼\燼-行-宋-苏轼-38775.png,238,229,False,0.4878,0.0,clean,none,direct_use,True
mccd_salvage,苏轼,行,爭,G:\GitHub\DiT\MCCD\MCCD\MCCD-Calligrapher\calligrapher_dataset\苏轼\爭-行-宋-苏轼-39052.png,171,252,False,0.4551,0.0,clean,none,direct_use,True
mccd_salvage,苏轼,行,牙,G:\GitHub\DiT\MCCD\MCCD\MCCD-Calligrapher\calligrapher_dataset\苏轼\牙-行-宋-苏轼-40719.png,182,248,False,0.4713,0.0,clean,none,direct_use,True
mccd_salvage,苏轼,行,猱,G:\GitHub\DiT\MCCD\MCCD\MCCD-Calligrapher\calligrapher_dataset\苏轼\猱-行-宋-苏轼-42636.png,261,247,False,0.4791,0.0,clean,none,direct_use,True
mccd_salvage,苏轼,行,玉,G:\GitHub\DiT\MCCD\MCCD\MCCD-Calligrapher\calligrapher_dataset\苏轼\玉-行-宋-苏轼-43956.png,231,219,False,0.366,0.0,clean,none,direct_use,True
mccd_salvage,苏轼,行,班,G:\GitHub\DiT\MCCD\MCCD\MCCD-Calligrapher\calligrapher_dataset\苏轼\班-行-宋-苏轼-45032.png,261,195,False,0.4912,0.0,clean,none,direct_use,True
mccd_salvage,苏轼,行,瑟,G:\GitHub\DiT\MCCD\MCCD\MCCD-Calligrapher\calligrapher_dataset\苏轼\瑟-行-宋-苏轼-45737.png,221,232,False,0.5215,0.0,clean,none,direct_use,True
mccd_salvage,苏轼,行,甚,G:\GitHub\DiT\MCCD\MCCD\MCCD-Calligrapher\calligrapher_dataset\苏轼\甚-行-宋-苏轼-47084.png,225,262,False,0.4026,0.0,clean,none,direct_use,True
mccd_salvage,苏轼,行,甚,G:\GitHub\DiT\MCCD\MCCD\MCCD-Calligrapher\calligrapher_dataset\苏轼\甚-行-宋-苏轼-47086.png,216,259,False,0.431,0.0,clean,none,direct_use,True
mccd_salvage,苏轼,行,生,G:\GitHub\DiT\MCCD\MCCD\MCCD-Calligrapher\calligrapher_dataset\苏轼\生-行-宋-苏轼-47519.png,193,218,False,0.4947,0.0,clean,none,direct_use,True
mccd_salvage,苏轼,行,畏,G:\GitHub\DiT\MCCD\MCCD\MCCD-Calligrapher\calligrapher_dataset\苏轼\畏-行-宋-苏轼-49320.png,265,268,False,0.4413,0.0,clean,none,direct_use,True
mccd_salvage,苏轼,行,痺,G:\GitHub\DiT\MCCD\MCCD\MCCD-Calligrapher\calligrapher_dataset\苏轼\痺-行-宋-苏轼-51704.png,232,280,False,0.5269,0.0,clean,none,direct_use,True
mccd_salvage,苏轼,行,矣,G:\GitHub\DiT\MCCD\MCCD\MCCD-Calligrapher\calligrapher_dataset\苏轼\矣-行-宋-苏轼-58538.png,202,224,False,0.3869,0.0,clean,none,direct_use,True
mccd_salvage,苏轼,行,知,G:\GitHub\DiT\MCCD\MCCD\MCCD-Calligrapher\calligrapher_dataset\苏轼\知-行-宋-苏轼-58673.png,245,199,False,0.4315,0.0,clean,none,direct_use,True
mccd_salvage,苏轼,行,石,G:\GitHub\DiT\MCCD\MCCD\MCCD-Calligrapher\calligrapher_dataset\苏轼\石-行-宋-苏轼-59096.png,210,201,False,0.3639,0.0,clean,none,direct_use,True
mccd_salvage,苏轼,行,破,G:\GitHub\DiT\MCCD\MCCD\MCCD-Calligrapher\calligrapher_dataset\苏轼\破-行-宋-苏轼-59387.png,282,174,False,0.2192,0.0,clean,none,direct_use,True
mccd_salvage,苏轼,行,禾,G:\GitHub\DiT\MCCD\MCCD\MCCD-Calligrapher\calligrapher_dataset\苏轼\禾-行-宋-苏轼-62866.png,250,207,False,0.3506,0.0,clean,none,direct_use,True
mccd_salvage,苏轼,楷,立,G:\GitHub\DiT\MCCD\MCCD\MCCD-Calligrapher\calligrapher_dataset\苏轼\立-楷-宋-苏轼-66162.png,213,272,False,0.4597,0.0,clean,none,direct_use,True
mccd_salvage,苏轼,行,立,G:\GitHub\DiT\MCCD\MCCD\MCCD-Calligrapher\calligrapher_dataset\苏轼\立-行-宋-苏轼-66174.png,179,224,False,0.4936,0.0,clean,none,direct_use,True
mccd_salvage,苏轼,行,竹,G:\GitHub\DiT\MCCD\MCCD\MCCD-Calligrapher\calligrapher_dataset\苏轼\竹-行-宋-苏轼-66956.png,266,256,False,0.4875,0.0003,clean,none,direct_use,True
mccd_salvage,苏轼,行,篤,G:\GitHub\DiT\MCCD\MCCD\MCCD-Calligrapher\calligrapher_dataset\苏轼\篤-行-宋-苏轼-68830.png,164,205,False,0.4368,0.0,clean,none,direct_use,True
mccd_salvage,苏轼,行,糾,G:\GitHub\DiT\MCCD\MCCD\MCCD-Calligrapher\calligrapher_dataset\苏轼\糾-行-宋-苏轼-70543.png,215,203,False,0.4937,0.0,clean,none,direct_use,True
mccd_salvage,苏轼,行,紜,G:\GitHub\DiT\MCCD\MCCD\MCCD-Calligrapher\calligrapher_dataset\苏轼\紜-行-宋-苏轼-71183.png,216,172,False,0.4772,0.0,clean,none,direct_use,True
mccd_salvage,苏轼,行,紫,G:\GitHub\DiT\MCCD\MCCD\MCCD-Calligrapher\calligrapher_dataset\苏轼\紫-行-宋-苏轼-71611.png,237,238,False,0.4656,0.0,clean,none,direct_use,True
mccd_salvage,苏轼,行,紹,G:\GitHub\DiT\MCCD\MCCD\MCCD-Calligrapher\calligrapher_dataset\苏轼\紹-行-宋-苏轼-71821.png,221,224,False,0.4746,0.0,clean,none,direct_use,True
mccd_salvage,苏轼,行,終,G:\GitHub\DiT\MCCD\MCCD\MCCD-Calligrapher\calligrapher_dataset\苏轼\終-行-宋-苏轼-71961.png,251,222,False,0.5211,0.0,clean,none,direct_use,True
mccd_salvage,苏轼,行,經,G:\GitHub\DiT\MCCD\MCCD\MCCD-Calligrapher\calligrapher_dataset\苏轼\經-行-宋-苏轼-73129.png,224,222,False,0.5153,0.0,clean,none,direct_use,True
mccd_salvage,苏轼,行,聖,G:\GitHub\DiT\MCCD\MCCD\MCCD-Calligrapher\calligrapher_dataset\苏轼\聖-行-宋-苏轼-81728.png,276,310,False,0.5143,0.0,clean,none,direct_use,True
mccd_salvage,苏轼,行,聚,G:\GitHub\DiT\MCCD\MCCD\MCCD-Calligrapher\calligrapher_dataset\苏轼\聚-行-宋-苏轼-81826.png,224,234,False,0.4388,0.0,clean,none,direct_use,True
mccd_salvage,苏轼,行,肴,G:\GitHub\DiT\MCCD\MCCD\MCCD-Calligrapher\calligrapher_dataset\苏轼\肴-行-宋-苏轼-83179.png,205,202,False,0.431,0.0,clean,none,direct_use,True
mccd_salvage,苏轼,行,能,G:\GitHub\DiT\MCCD\MCCD\MCCD-Calligrapher\calligrapher_dataset\苏轼\能-行-宋-苏轼-84006.png,261,245,False,0.4119,0.0,clean,none,direct_use,True
mccd_salvage,苏轼,行,膏,G:\GitHub\DiT\MCCD\MCCD\MCCD-Calligrapher\calligrapher_dataset\苏轼\膏-行-宋-苏轼-85080.png,161,301,False,0.534,0.0,clean,none,direct_use,True
mccd_salvage,苏轼,行,苔,G:\GitHub\DiT\MCCD\MCCD\MCCD-Calligrapher\calligrapher_dataset\苏轼\苔-行-宋-苏轼-89984.png,265,341,False,0.3636,0.0,clean,none,direct_use,True
mccd_salvage,苏轼,行,苦,G:\GitHub\DiT\MCCD\MCCD\MCCD-Calligrapher\calligrapher_dataset\苏轼\苦-行-宋-苏轼-90462.png,254,202,False,0.4198,0.0,clean,none,direct_use,True
mccd_salvage,苏轼,行,茆,G:\GitHub\DiT\MCCD\MCCD\MCCD-Calligrapher\calligrapher_dataset\苏轼\茆-行-宋-苏轼-90849.png,156,251,False,0.3888,0.0,clean,none,direct_use,True
mccd_salvage,苏轼,行,菜,G:\GitHub\DiT\MCCD\MCCD\MCCD-Calligrapher\calligrapher_dataset\苏轼\菜-行-宋-苏轼-92389.png,240,243,False,0.3892,0.0,clean,none,direct_use,True
mccd_salvage,苏轼,行,薛,G:\GitHub\DiT\MCCD\MCCD\MCCD-Calligrapher\calligrapher_dataset\苏轼\薛-行-宋-苏轼-95830.png,178,236,False,0.5152,0.0,clean,none,direct_use,True
mccd_salvage,苏轼,行,衡,G:\GitHub\DiT\MCCD\MCCD\MCCD-Calligrapher\calligrapher_dataset\苏轼\衡-行-宋-苏轼-101550.png,200,175,False,0.4877,0.0,clean,none,direct_use,True
mccd_salvage,苏轼,行,表,G:\GitHub\DiT\MCCD\MCCD\MCCD-Calligrapher\calligrapher_dataset\苏轼\表-行-宋-苏轼-101843.png,220,214,False,0.4367,0.0,clean,none,direct_use,True
mccd_salvage,苏轼,行,製,G:\GitHub\DiT\MCCD\MCCD\MCCD-Calligrapher\calligrapher_dataset\苏轼\製-行-宋-苏轼-103068.png,205,220,False,0.5029,0.0002,clean,none,direct_use,True
mccd_salvage,苏轼,行,褰,G:\GitHub\DiT\MCCD\MCCD\MCCD-Calligrapher\calligrapher_dataset\苏轼\褰-行-宋-苏轼-103371.png,223,244,False,0.4325,0.0,clean,none,direct_use,True
mccd_salvage,苏轼,行,西,G:\GitHub\DiT\MCCD\MCCD\MCCD-Calligrapher\calligrapher_dataset\苏轼\西-行-宋-苏轼-104111.png,183,162,False,0.4851,0.0,clean,none,direct_use,True
mccd_salvage,苏轼,行,見,G:\GitHub\DiT\MCCD\MCCD\MCCD-Calligrapher\calligrapher_dataset\苏轼\見-行-宋-苏轼-104673.png,197,233,False,0.2406,0.0,clean,none,direct_use,True
mccd_salvage,苏轼,行,親,G:\GitHub\DiT\MCCD\MCCD\MCCD-Calligrapher\calligrapher_dataset\苏轼\親-行-宋-苏轼-105047.png,234,212,False,0.4424,0.0,clean,none,direct_use,True
mccd_salvage,苏轼,行,觴,G:\GitHub\DiT\MCCD\MCCD\MCCD-Calligrapher\calligrapher_dataset\苏轼\觴-行-宋-苏轼-105750.png,260,237,False,0.4626,0.0,clean,none,direct_use,True
mccd_salvage,苏轼,楷,謹,G:\GitHub\DiT\MCCD\MCCD\MCCD-Calligrapher\calligrapher_dataset\苏轼\謹-楷-宋-苏轼-110621.png,295,244,False,0.3623,0.0003,clean,none,direct_use,True
mccd_salvage,苏轼,行,謹,G:\GitHub\DiT\MCCD\MCCD\MCCD-Calligrapher\calligrapher_dataset\苏轼\謹-行-宋-苏轼-110642.png,231,187,False,0.4178,0.0,clean,none,direct_use,True
mccd_salvage,苏轼,行,買,G:\GitHub\DiT\MCCD\MCCD\MCCD-Calligrapher\calligrapher_dataset\苏轼\買-行-宋-苏轼-114228.png,195,230,False,0.3973,0.0002,clean,none,direct_use,True
mccd_salvage,苏轼,楷,赤,G:\GitHub\DiT\MCCD\MCCD\MCCD-Calligrapher\calligrapher_dataset\苏轼\赤-楷-宋-苏轼-116053.png,198,198,False,0.3788,0.0,clean,none,direct_use,True
mccd_salvage,苏轼,行,趙,G:\GitHub\DiT\MCCD\MCCD\MCCD-Calligrapher\calligrapher_dataset\苏轼\趙-行-宋-苏轼-116749.png,292,221,False,0.2405,0.001,clean,none,direct_use,True
mccd_salvage,苏轼,行,軾,G:\GitHub\DiT\MCCD\MCCD\MCCD-Calligrapher\calligrapher_dataset\苏轼\軾-行-宋-苏轼-119565.png,269,207,False,0.4508,0.0,clean,none,direct_use,True
mccd_salvage,苏轼,行,轍,G:\GitHub\DiT\MCCD\MCCD\MCCD-Calligrapher\calligrapher_dataset\苏轼\轍-行-宋-苏轼-120637.png,278,190,False,0.4231,0.0,clean,none,direct_use,True
mccd_salvage,苏轼,行,遂,G:\GitHub\DiT\MCCD\MCCD\MCCD-Calligrapher\calligrapher_dataset\苏轼\遂-行-近-苏轼-124567.png,207,274,False,0.5227,0.0,clean,none,direct_use,True
mccd_salvage,苏轼,行,過,G:\GitHub\DiT\MCCD\MCCD\MCCD-Calligrapher\calligrapher_dataset\苏轼\過-行-宋-苏轼-124917.png,253,195,False,0.365,0.0,clean,none,direct_use,True
mccd_salvage,苏轼,行,遠,G:\GitHub\DiT\MCCD\MCCD\MCCD-Calligrapher\calligrapher_dataset\苏轼\遠-行-宋-苏轼-125629.png,194,235,False,0.4767,0.0,clean,none,direct_use,True
mccd_salvage,苏轼,行,遠,G:\GitHub\DiT\MCCD\MCCD\MCCD-Calligrapher\calligrapher_dataset\苏轼\遠-行-宋-苏轼-125631.png,251,179,False,0.3792,0.0,clean,none,direct_use,True
mccd_salvage,苏轼,行,遽,G:\GitHub\DiT\MCCD\MCCD\MCCD-Calligrapher\calligrapher_dataset\苏轼\遽-行-宋-苏轼-126347.png,200,249,False,0.484,0.0004,clean,none,direct_use,True
mccd_salvage,苏轼,行,那,G:\GitHub\DiT\MCCD\MCCD\MCCD-Calligrapher\calligrapher_dataset\苏轼\那-行-宋-苏轼-127224.png,220,177,False,0.5122,0.0,clean,none,direct_use,True
mccd_salvage,苏轼,行,郡,G:\GitHub\DiT\MCCD\MCCD\MCCD-Calligrapher\calligrapher_dataset\苏轼\郡-行-宋-苏轼-128185.png,225,312,False,0.2792,0.0,clean,none,direct_use,True
mccd_salvage,苏轼,行,郡,G:\GitHub\DiT\MCCD\MCCD\MCCD-Calligrapher\calligrapher_dataset\苏轼\郡-行-宋-苏轼-128187.png,244,249,False,0.3964,0.0,clean,none,direct_use,True
mccd_salvage,苏轼,行,鄙,G:\GitHub\DiT\MCCD\MCCD\MCCD-Calligrapher\calligrapher_dataset\苏轼\鄙-行-宋-苏轼-129198.png,194,248,False,0.4732,0.0,clean,none,direct_use,True
mccd_salvage,苏轼,行,酸,G:\GitHub\DiT\MCCD\MCCD\MCCD-Calligrapher\calligrapher_dataset\苏轼\酸-行-宋-苏轼-130208.png,229,213,False,0.4887,0.0,clean,none,direct_use,True
mccd_salvage,苏轼,楷,醉,G:\GitHub\DiT\MCCD\MCCD\MCCD-Calligrapher\calligrapher_dataset\苏轼\醉-楷-宋-苏轼-130301.png,283,292,False,0.2714,0.0,clean,none,direct_use,True
mccd_salvage,苏轼,行,醉,G:\GitHub\DiT\MCCD\MCCD\MCCD-Calligrapher\calligrapher_dataset\苏轼\醉-行-宋-苏轼-130303.png,277,252,False,0.2543,0.0,clean,none,direct_use,True
mccd_salvage,苏轼,行,醉,G:\GitHub\DiT\MCCD\MCCD\MCCD-Calligrapher\calligrapher_dataset\苏轼\醉-行-宋-苏轼-130308.png,166,189,False,0.4263,0.0,clean,none,direct_use,True
mccd_salvage,苏轼,行,釀,G:\GitHub\DiT\MCCD\MCCD\MCCD-Calligrapher\calligrapher_dataset\苏轼\釀-行-宋-苏轼-130707.png,204,194,False,0.5204,0.0,clean,none,direct_use,True
mccd_salvage,苏轼,行,釋,G:\GitHub\DiT\MCCD\MCCD\MCCD-Calligrapher\calligrapher_dataset\苏轼\釋-行-宋-苏轼-130900.png,182,198,False,0.4503,0.0,clean,none,direct_use,True
mccd_salvage,苏轼,行,釋,G:\GitHub\DiT\MCCD\MCCD\MCCD-Calligrapher\calligrapher_dataset\苏轼\釋-行-宋-苏轼-130901.png,185,196,False,0.4369,0.0,clean,none,direct_use,True
mccd_salvage,苏轼,行,鐶,G:\GitHub\DiT\MCCD\MCCD\MCCD-Calligrapher\calligrapher_dataset\苏轼\鐶-行-宋-苏轼-135023.png,233,183,False,0.5081,0.0,clean,none,direct_use,True
mccd_salvage,苏轼,行,門,G:\GitHub\DiT\MCCD\MCCD\MCCD-Calligrapher\calligrapher_dataset\苏轼\門-行-宋-苏轼-136036.png,296,278,False,0.2587,0.0,clean,none,direct_use,True
mccd_salvage,苏轼,行,附,G:\GitHub\DiT\MCCD\MCCD\MCCD-Calligrapher\calligrapher_dataset\苏轼\附-行-宋-苏轼-137728.png,248,248,False,0.2828,0.0,clean,none,direct_use,True
mccd_salvage,苏轼,行,雅,G:\GitHub\DiT\MCCD\MCCD\MCCD-Calligrapher\calligrapher_dataset\苏轼\雅-行-宋-苏轼-140532.png,237,255,False,0.534,0.0,clean,none,direct_use,True
mccd_salvage,苏轼,行,雖,G:\GitHub\DiT\MCCD\MCCD\MCCD-Calligrapher\calligrapher_dataset\苏轼\雖-行-宋-苏轼-140944.png,199,183,False,0.5489,0.0,clean,none,direct_use,True
mccd_salvage,苏轼,行,雨,G:\GitHub\DiT\MCCD\MCCD\MCCD-Calligrapher\calligrapher_dataset\苏轼\雨-行-宋-苏轼-141696.png,223,203,False,0.5171,0.0,clean,none,direct_use,True
mccd_salvage,苏轼,行,霜,G:\GitHub\DiT\MCCD\MCCD\MCCD-Calligrapher\calligrapher_dataset\苏轼\霜-行-宋-苏轼-142497.png,227,234,False,0.4805,0.0,clean,none,direct_use,True
mccd_salvage,苏轼,行,靑,G:\GitHub\DiT\MCCD\MCCD\MCCD-Calligrapher\calligrapher_dataset\苏轼\靑-行-宋-苏轼-143254.png,204,247,False,0.377,0.0021,clean,none,direct_use,True
mccd_salvage,苏轼,行,青,G:\GitHub\DiT\MCCD\MCCD\MCCD-Calligrapher\calligrapher_dataset\苏轼\青-行-宋-苏轼-143380.png,250,353,False,0.1768,0.0004,clean,none,direct_use,True
mccd_salvage,苏轼,行,非,G:\GitHub\DiT\MCCD\MCCD\MCCD-Calligrapher\calligrapher_dataset\苏轼\非-行-宋-苏轼-143873.png,260,238,False,0.4378,0.0005,clean,none,direct_use,True
mccd_salvage,苏轼,行,韻,G:\GitHub\DiT\MCCD\MCCD\MCCD-Calligrapher\calligrapher_dataset\苏轼\韻-行-宋-苏轼-145334.png,225,206,False,0.5172,0.0,clean,none,direct_use,True
mccd_salvage,苏轼,行,頑,G:\GitHub\DiT\MCCD\MCCD\MCCD-Calligrapher\calligrapher_dataset\苏轼\頑-行-宋-苏轼-145829.png,213,162,False,0.4928,0.0,clean,none,direct_use,True
mccd_salvage,苏轼,行,頻,G:\GitHub\DiT\MCCD\MCCD\MCCD-Calligrapher\calligrapher_dataset\苏轼\頻-行-宋-苏轼-146390.png,292,248,False,0.2177,0.0062,clean,none,direct_use,True
mccd_salvage,苏轼,行,顚,G:\GitHub\DiT\MCCD\MCCD\MCCD-Calligrapher\calligrapher_dataset\苏轼\顚-行-宋-苏轼-146841.png,200,177,False,0.4484,0.0,clean,none,direct_use,True
mccd_salvage,苏轼,行,顛,G:\GitHub\DiT\MCCD\MCCD\MCCD-Calligrapher\calligrapher_dataset\苏轼\顛-行-宋-苏轼-146885.png,200,177,False,0.4484,0.0,clean,none,direct_use,True
mccd_salvage,苏轼,行,飛,G:\GitHub\DiT\MCCD\MCCD\MCCD-Calligrapher\calligrapher_dataset\苏轼\飛-行-宋-苏轼-147738.png,212,188,False,0.5018,0.0,clean,none,direct_use,True
mccd_salvage,苏轼,行,飜,G:\GitHub\DiT\MCCD\MCCD\MCCD-Calligrapher\calligrapher_dataset\苏轼\飜-行-宋-苏轼-147790.png,211,218,False,0.5203,0.0,clean,none,direct_use,True
mccd_salvage,苏轼,行,飮,G:\GitHub\DiT\MCCD\MCCD\MCCD-Calligrapher\calligrapher_dataset\苏轼\飮-行-宋-苏轼-148210.png,252,187,False,0.3019,0.0,clean,none,direct_use,True
mccd_salvage,苏轼,行,飮,G:\GitHub\DiT\MCCD\MCCD\MCCD-Calligrapher\calligrapher_dataset\苏轼\飮-行-宋-苏轼-148212.png,277,223,False,0.197,0.0002,clean,none,direct_use,True
mccd_salvage,苏轼,行,飮,G:\GitHub\DiT\MCCD\MCCD\MCCD-Calligrapher\calligrapher_dataset\苏轼\飮-行-宋-苏轼-148213.png,296,263,False,0.2363,0.0004,clean,none,direct_use,True
mccd_salvage,苏轼,行,飮,G:\GitHub\DiT\MCCD\MCCD\MCCD-Calligrapher\calligrapher_dataset\苏轼\飮-行-宋-苏轼-148214.png,249,205,False,0.4057,0.0,clean,none,direct_use,True
mccd_salvage,苏轼,行,飮,G:\GitHub\DiT\MCCD\MCCD\MCCD-Calligrapher\calligrapher_dataset\苏轼\飮-行-宋-苏轼-148215.png,236,207,False,0.3971,0.0,clean,none,direct_use,True
mccd_salvage,苏轼,行,餔,G:\GitHub\DiT\MCCD\MCCD\MCCD-Calligrapher\calligrapher_dataset\苏轼\餔-行-宋-苏轼-148604.png,225,195,False,0.4073,0.0,clean,none,direct_use,True
mccd_salvage,苏轼,行,饗,G:\GitHub\DiT\MCCD\MCCD\MCCD-Calligrapher\calligrapher_dataset\苏轼\饗-行-宋-苏轼-149130.png,238,303,False,0.245,0.0003,clean,none,direct_use,True
mccd_salvage,苏轼,行,香,G:\GitHub\DiT\MCCD\MCCD\MCCD-Calligrapher\calligrapher_dataset\苏轼\香-行-宋-苏轼-149576.png,220,220,False,0.4098,0.0,clean,none,direct_use,True
mccd_salvage,苏轼,行,馳,G:\GitHub\DiT\MCCD\MCCD\MCCD-Calligrapher\calligrapher_dataset\苏轼\馳-行-宋-苏轼-150192.png,254,178,False,0.2354,0.0,clean,none,direct_use,True
mccd_salvage,苏轼,行,馳,G:\GitHub\DiT\MCCD\MCCD\MCCD-Calligrapher\calligrapher_dataset\苏轼\馳-行-宋-苏轼-150194.png,295,167,False,0.2253,0.0031,clean,none,direct_use,True
mccd_salvage,苏轼,行,高,G:\GitHub\DiT\MCCD\MCCD\MCCD-Calligrapher\calligrapher_dataset\苏轼\高-行-宋-苏轼-152269.png,234,342,False,0.299,0.0,clean,none,direct_use,True
mccd_salvage,苏轼,行,髙,G:\GitHub\DiT\MCCD\MCCD\MCCD-Calligrapher\calligrapher_dataset\苏轼\髙-行-宋-苏轼-152510.png,234,342,False,0.299,0.0,clean,none,direct_use,True
mccd_salvage,苏轼,行,鰥,G:\GitHub\DiT\MCCD\MCCD\MCCD-Calligrapher\calligrapher_dataset\苏轼\鰥-行-宋-苏轼-154784.png,235,180,False,0.4946,0.0,clean,none,direct_use,True
mccd_salvage,苏轼,行,鳯,G:\GitHub\DiT\MCCD\MCCD\MCCD-Calligrapher\calligrapher_dataset\苏轼\鳯-行-宋-苏轼-155355.png,224,172,False,0.4527,0.0,clean,none,direct_use,True
mccd_salvage,苏轼,行,鳳,G:\GitHub\DiT\MCCD\MCCD\MCCD-Calligrapher\calligrapher_dataset\苏轼\鳳-行-宋-苏轼-155437.png,224,172,False,0.4527,0.0,clean,none,direct_use,True
mccd_salvage,苏轼,楷,鵞,G:\GitHub\DiT\MCCD\MCCD\MCCD-Calligrapher\calligrapher_dataset\苏轼\鵞-楷-宋-苏轼-156072.png,274,370,False,0.2818,0.0394,clean,none,direct_use,True
mccd_salvage,苏轼,行,鵞,G:\GitHub\DiT\MCCD\MCCD\MCCD-Calligrapher\calligrapher_dataset\苏轼\鵞-行-宋-苏轼-156077.png,226,265,False,0.2202,0.0,clean,none,direct_use,True
mccd_salvage,苏轼,行,麥,G:\GitHub\DiT\MCCD\MCCD\MCCD-Calligrapher\calligrapher_dataset\苏轼\麥-行-宋-苏轼-157695.png,190,218,False,0.4631,0.0,clean,none,direct_use,True
mccd_salvage,苏轼,行,黃,G:\GitHub\DiT\MCCD\MCCD\MCCD-Calligrapher\calligrapher_dataset\苏轼\黃-行-宋-苏轼-158173.png,179,215,False,0.4707,0.0,clean,none,direct_use,True
mccd_salvage,苏轼,行,黄,G:\GitHub\DiT\MCCD\MCCD\MCCD-Calligrapher\calligrapher_dataset\苏轼\黄-行-宋-苏轼-158551.png,196,179,False,0.3792,0.0,clean,none,direct_use,True
mccd_salvage,苏轼,行,黍,G:\GitHub\DiT\MCCD\MCCD\MCCD-Calligrapher\calligrapher_dataset\苏轼\黍-行-宋-苏轼-158701.png,223,206,False,0.3817,0.0,clean,none,direct_use,True
mccd_salvage,苏轼,行,龍,G:\GitHub\DiT\MCCD\MCCD\MCCD-Calligrapher\calligrapher_dataset\苏轼\龍-行-宋-苏轼-160841.png,283,242,False,0.1587,0.0034,clean,none,direct_use,True
mccd_salvage,董其昌,行,久,G:\GitHub\DiT\MCCD\MCCD\MCCD-Calligrapher\calligrapher_dataset\董其昌\久-行-明-董其昌-5768.png,219,231,False,0.3161,0.0,clean,none,direct_use,True
mccd_salvage,董其昌,行,乙,G:\GitHub\DiT\MCCD\MCCD\MCCD-Calligrapher\calligrapher_dataset\董其昌\乙-行-明-董其昌-7906.png,206,149,False,0.5193,0.0,clean,none,direct_use,True
mccd_salvage,董其昌,楷,其,G:\GitHub\DiT\MCCD\MCCD\MCCD-Calligrapher\calligrapher_dataset\董其昌\其-楷-明-董其昌-27452.png,207,213,False,0.3029,0.0,clean,none,direct_use,True
mccd_salvage,董其昌,行,出,G:\GitHub\DiT\MCCD\MCCD\MCCD-Calligrapher\calligrapher_dataset\董其昌\出-行-明-董其昌-29985.png,251,299,False,0.4228,0.0032,clean,none,direct_use,True
mccd_salvage,董其昌,行,去,G:\GitHub\DiT\MCCD\MCCD\MCCD-Calligrapher\calligrapher_dataset\董其昌\去-行-明-董其昌-39336.png,159,182,False,0.3768,0.0,clean,none,direct_use,True
mccd_salvage,董其昌,行,問,G:\GitHub\DiT\MCCD\MCCD\MCCD-Calligrapher\calligrapher_dataset\董其昌\問-行-明-董其昌-49307.png,202,200,False,0.3711,0.0001,clean,none,direct_use,True
mccd_salvage,董其昌,行,屬,G:\GitHub\DiT\MCCD\MCCD\MCCD-Calligrapher\calligrapher_dataset\董其昌\屬-行-明-董其昌-78629.png,247,262,False,0.1429,0.0077,clean,none,direct_use,True
mccd_salvage,董其昌,行,屬,G:\GitHub\DiT\MCCD\MCCD\MCCD-Calligrapher\calligrapher_dataset\董其昌\屬-行-明-董其昌-78631.png,301,299,False,0.2548,0.0,clean,none,direct_use,True
mccd_salvage,董其昌,行,岸,G:\GitHub\DiT\MCCD\MCCD\MCCD-Calligrapher\calligrapher_dataset\董其昌\岸-行-明-董其昌-79608.png,166,327,False,0.2483,0.0009,clean,none,direct_use,True
mccd_salvage,董其昌,行,歇,G:\GitHub\DiT\MCCD\MCCD\MCCD-Calligrapher\calligrapher_dataset\董其昌\歇-行-明-董其昌-18528.png,192,227,False,0.2693,0.0018,clean,none,direct_use,True
mccd_salvage,董其昌,行,濬,G:\GitHub\DiT\MCCD\MCCD\MCCD-Calligrapher\calligrapher_dataset\董其昌\濬-行-明-董其昌-34205.png,260,227,False,0.1817,0.0015,clean,none,direct_use,True
mccd_salvage,董其昌,行,玉,G:\GitHub\DiT\MCCD\MCCD\MCCD-Calligrapher\calligrapher_dataset\董其昌\玉-行-明-董其昌-43962.png,210,260,False,0.4426,0.0,clean,none,direct_use,True
mccd_salvage,董其昌,行,秋,G:\GitHub\DiT\MCCD\MCCD\MCCD-Calligrapher\calligrapher_dataset\董其昌\秋-行-明-董其昌-63290.png,199,181,False,0.3434,0.0,clean,none,direct_use,True
mccd_salvage,董其昌,行,秋,G:\GitHub\DiT\MCCD\MCCD\MCCD-Calligrapher\calligrapher_dataset\董其昌\秋-行-明-董其昌-63297.png,224,228,False,0.3505,0.0,clean,none,direct_use,True
mccd_salvage,董其昌,行,綠,G:\GitHub\DiT\MCCD\MCCD\MCCD-Calligrapher\calligrapher_dataset\董其昌\綠-行-明-董其昌-73255.png,215,229,False,0.5074,0.0,clean,none,direct_use,True
mccd_salvage,董其昌,行,緑,G:\GitHub\DiT\MCCD\MCCD\MCCD-Calligrapher\calligrapher_dataset\董其昌\緑-行-明-董其昌-73817.png,215,229,False,0.5074,0.0,clean,none,direct_use,True
mccd_salvage,董其昌,行,送,G:\GitHub\DiT\MCCD\MCCD\MCCD-Calligrapher\calligrapher_dataset\董其昌\送-行-明-董其昌-123263.png,200,208,False,0.3707,0.0006,clean,none,direct_use,True
mccd_salvage,董其昌,行,郷,G:\GitHub\DiT\MCCD\MCCD\MCCD-Calligrapher\calligrapher_dataset\董其昌\郷-行-明-董其昌-128625.png,160,335,False,0.2835,0.0005,clean,none,direct_use,True
mccd_salvage,董其昌,行,郷,G:\GitHub\DiT\MCCD\MCCD\MCCD-Calligrapher\calligrapher_dataset\董其昌\郷-行-明-董其昌-128627.png,265,262,False,0.1541,0.0001,clean,none,direct_use,True
mccd_salvage,董其昌,行,𦗟,G:\GitHub\DiT\MCCD\MCCD\MCCD-Calligrapher\calligrapher_dataset\董其昌\𦗟-行-明-董其昌-514.png,282,277,False,0.1435,0.0086,clean,none,direct_use,True
mccd_salvage,蔡襄,楷,不,G:\GitHub\DiT\MCCD\MCCD\MCCD-Calligrapher\calligrapher_dataset\蔡襄\不-楷-宋-蔡襄-2981.png,195,190,False,0.2698,0.0,clean,none,direct_use,True
mccd_salvage,蔡襄,行,不,G:\GitHub\DiT\MCCD\MCCD\MCCD-Calligrapher\calligrapher_dataset\蔡襄\不-行-宋-蔡襄-3017.png,210,202,False,0.3093,0.0009,clean,none,direct_use,True
mccd_salvage,蔡襄,行,備,G:\GitHub\DiT\MCCD\MCCD\MCCD-Calligrapher\calligrapher_dataset\蔡襄\備-行-宋-蔡襄-21882.png,190,215,False,0.4556,0.0,clean,none,direct_use,True
mccd_salvage,蔡襄,楷,到,G:\GitHub\DiT\MCCD\MCCD\MCCD-Calligrapher\calligrapher_dataset\蔡襄\到-楷-宋-蔡襄-31336.png,232,239,False,0.3108,0.0,clean,none,direct_use,True
mccd_salvage,蔡襄,行,只,G:\GitHub\DiT\MCCD\MCCD\MCCD-Calligrapher\calligrapher_dataset\蔡襄\只-行-宋-蔡襄-42155.png,173,163,False,0.3078,0.0045,clean,none,direct_use,True
mccd_salvage,蔡襄,行,工,G:\GitHub\DiT\MCCD\MCCD\MCCD-Calligrapher\calligrapher_dataset\蔡襄\工-行-宋-蔡襄-81519.png,240,178,False,0.3779,0.0,clean,none,direct_use,True
mccd_salvage,蔡襄,楷,晨,G:\GitHub\DiT\MCCD\MCCD\MCCD-Calligrapher\calligrapher_dataset\蔡襄\晨-楷-宋-蔡襄-4566.png,213,172,False,0.2963,0.0,clean,none,direct_use,True
mccd_salvage,蔡襄,楷,曰,G:\GitHub\DiT\MCCD\MCCD\MCCD-Calligrapher\calligrapher_dataset\蔡襄\曰-楷-宋-蔡襄-6207.png,173,148,False,0.5476,0.0,clean,none,direct_use,True
mccd_salvage,蔡襄,行,楮,G:\GitHub\DiT\MCCD\MCCD\MCCD-Calligrapher\calligrapher_dataset\蔡襄\楮-行-宋-蔡襄-15271.png,226,228,False,0.428,0.0,clean,none,direct_use,True
mccd_salvage,蔡襄,行,都,G:\GitHub\DiT\MCCD\MCCD\MCCD-Calligrapher\calligrapher_dataset\蔡襄\都-行-宋-蔡襄-128759.png,181,248,False,0.2877,0.0,clean,none,direct_use,True
mccd_salvage,蔡襄,行,都,G:\GitHub\DiT\MCCD\MCCD\MCCD-Calligrapher\calligrapher_dataset\蔡襄\都-行-宋-蔡襄-128760.png,199,264,False,0.313,0.0,clean,none,direct_use,True
mccd_salvage,薛稷,楷,央,G:\GitHub\DiT\MCCD\MCCD\MCCD-Calligrapher\calligrapher_dataset\薛稷\央-楷-唐-薛稷-61611.png,273,267,False,0.1813,0.0019,clean,none,direct_use,True
mccd_salvage,薛稷,楷,赴,G:\GitHub\DiT\MCCD\MCCD\MCCD-Calligrapher\calligrapher_dataset\薛稷\赴-楷-唐-薛稷-116359.png,271,252,False,0.1921,0.0573,noisy,high_dirt_0.06,denoise_bridge,True
mccd_salvage,薛稷,楷,辟,G:\GitHub\DiT\MCCD\MCCD\MCCD-Calligrapher\calligrapher_dataset\薛稷\辟-楷-唐-薛稷-121491.png,255,292,False,0.194,0.0026,clean,none,direct_use,True
mccd_salvage,薛稷,楷,迴,G:\GitHub\DiT\MCCD\MCCD\MCCD-Calligrapher\calligrapher_dataset\薛稷\迴-楷-唐-薛稷-122789.png,277,193,False,0.2504,0.0056,clean,none,direct_use,True
mccd_salvage,虞世南,行,天,G:\GitHub\DiT\MCCD\MCCD\MCCD-Calligrapher\calligrapher_dataset\虞世南\天-行-唐-虞世南-61024.png,175,189,False,0.3344,0.0,clean,none,direct_use,True
mccd_salvage,虞世南,行,曜,G:\GitHub\DiT\MCCD\MCCD\MCCD-Calligrapher\calligrapher_dataset\虞世南\曜-行-唐-虞世南-5670.png,212,230,False,0.4851,0.0,clean,none,direct_use,True
mccd_salvage,虞世南,楷,楊,G:\GitHub\DiT\MCCD\MCCD\MCCD-Calligrapher\calligrapher_dataset\虞世南\楊-楷-唐-虞世南-14692.png,264,271,False,0.2646,0.0,clean,none,direct_use,True
mccd_salvage,虞世南,行,潢,G:\GitHub\DiT\MCCD\MCCD\MCCD-Calligrapher\calligrapher_dataset\虞世南\潢-行-唐-虞世南-33169.png,197,222,False,0.4386,0.0002,clean,none,direct_use,True
mccd_salvage,虞世南,楷,鼓,G:\GitHub\DiT\MCCD\MCCD\MCCD-Calligrapher\calligrapher_dataset\虞世南\鼓-楷-唐-虞世南-159832.png,246,249,False,0.2505,0.0,clean,none,direct_use,True
mccd_salvage,虞世南,楷,𧚍,G:\GitHub\DiT\MCCD\MCCD\MCCD-Calligrapher\calligrapher_dataset\虞世南\𧚍-楷-唐-虞世南-1992.png,263,244,False,0.1909,0.0,clean,none,direct_use,True
mccd_salvage,褚遂良,楷,万,G:\GitHub\DiT\MCCD\MCCD\MCCD-Calligrapher\calligrapher_dataset\褚遂良\万-楷-唐-褚遂良-大字阴符经-28.png,242,162,False,0.23,0.0,clean,none,direct_use,True
mccd_salvage,褚遂良,楷,世,G:\GitHub\DiT\MCCD\MCCD\MCCD-Calligrapher\calligrapher_dataset\褚遂良\世-楷-唐-褚遂良-倪宽赞-39.png,262,172,False,0.3018,0.0,clean,none,direct_use,True
mccd_salvage,褚遂良,楷,丘,G:\GitHub\DiT\MCCD\MCCD\MCCD-Calligrapher\calligrapher_dataset\褚遂良\丘-楷-唐-褚遂良-4165.png,209,135,False,0.2544,0.0,clean,none,direct_use,True
mccd_salvage,褚遂良,楷,乘,G:\GitHub\DiT\MCCD\MCCD\MCCD-Calligrapher\calligrapher_dataset\褚遂良\乘-楷-唐-褚遂良-7610.png,293,274,False,0.1373,0.0,clean,none,direct_use,True
mccd_salvage,褚遂良,楷,公,G:\GitHub\DiT\MCCD\MCCD\MCCD-Calligrapher\calligrapher_dataset\褚遂良\公-楷-唐-褚遂良-倪寛赞-51.png,290,268,False,0.275,0.0,clean,none,direct_use,True
mccd_salvage,褚遂良,楷,凝,G:\GitHub\DiT\MCCD\MCCD\MCCD-Calligrapher\calligrapher_dataset\褚遂良\凝-楷-唐-褚遂良-29331.png,283,231,False,0.177,0.0018,clean,none,direct_use,True
mccd_salvage,褚遂良,行,别,G:\GitHub\DiT\MCCD\MCCD\MCCD-Calligrapher\calligrapher_dataset\褚遂良\别-行-唐-褚遂良-31236.png,232,242,False,0.2283,0.0005,clean,none,direct_use,True
mccd_salvage,褚遂良,楷,剋,G:\GitHub\DiT\MCCD\MCCD\MCCD-Calligrapher\calligrapher_dataset\褚遂良\剋-楷-唐-褚遂良-31920.png,201,181,False,0.2011,0.0,clean,none,direct_use,True
mccd_salvage,褚遂良,楷,勝,G:\GitHub\DiT\MCCD\MCCD\MCCD-Calligrapher\calligrapher_dataset\褚遂良\勝-楷-唐-褚遂良-33776.png,293,256,False,0.346,0.0011,clean,none,direct_use,True
mccd_salvage,褚遂良,楷,古,G:\GitHub\DiT\MCCD\MCCD\MCCD-Calligrapher\calligrapher_dataset\褚遂良\古-楷-唐-褚遂良-41909.png,253,266,False,0.1228,0.0,clean,none,direct_use,True
mccd_salvage,褚遂良,楷,古,G:\GitHub\DiT\MCCD\MCCD\MCCD-Calligrapher\calligrapher_dataset\褚遂良\古-楷-唐-褚遂良-41914.png,285,259,False,0.101,0.0,clean,none,direct_use,True
mccd_salvage,褚遂良,楷,哉,G:\GitHub\DiT\MCCD\MCCD\MCCD-Calligrapher\calligrapher_dataset\褚遂良\哉-楷-唐-褚遂良-48322.png,289,305,False,0.1084,0.0002,clean,none,direct_use,True
mccd_salvage,褚遂良,行,哉,G:\GitHub\DiT\MCCD\MCCD\MCCD-Calligrapher\calligrapher_dataset\褚遂良\哉-行-唐-褚遂良-48329.png,276,296,False,0.164,0.0012,clean,none,direct_use,True
mccd_salvage,褚遂良,楷,姜,G:\GitHub\DiT\MCCD\MCCD\MCCD-Calligrapher\calligrapher_dataset\褚遂良\姜-楷-唐-褚遂良-临王献之飞鸟帖-33.png,214,252,False,0.2404,0.0,clean,none,direct_use,True
mccd_salvage,褚遂良,楷,寺,G:\GitHub\DiT\MCCD\MCCD\MCCD-Calligrapher\calligrapher_dataset\褚遂良\寺-楷-唐-褚遂良-74940.png,260,291,False,0.0765,0.0078,clean,none,direct_use,True
mccd_salvage,褚遂良,楷,忍,G:\GitHub\DiT\MCCD\MCCD\MCCD-Calligrapher\calligrapher_dataset\褚遂良\忍-楷-唐-褚遂良-95501.png,292,249,False,0.111,0.0054,clean,none,direct_use,True
mccd_salvage,褚遂良,楷,忍,G:\GitHub\DiT\MCCD\MCCD\MCCD-Calligrapher\calligrapher_dataset\褚遂良\忍-楷-唐-褚遂良-95502.png,252,244,False,0.2379,0.0027,clean,none,direct_use,True
mccd_salvage,褚遂良,楷,恒,G:\GitHub\DiT\MCCD\MCCD\MCCD-Calligrapher\calligrapher_dataset\褚遂良\恒-楷-唐-褚遂良-97186.png,292,248,False,0.1399,0.0052,clean,none,direct_use,True
mccd_salvage,褚遂良,楷,我,G:\GitHub\DiT\MCCD\MCCD\MCCD-Calligrapher\calligrapher_dataset\褚遂良\我-楷-唐-褚遂良-2129.png,262,279,False,0.0921,0.0043,clean,none,direct_use,True
mccd_salvage,褚遂良,楷,我,G:\GitHub\DiT\MCCD\MCCD\MCCD-Calligrapher\calligrapher_dataset\褚遂良\我-楷-唐-褚遂良-2131.png,216,189,False,0.2412,0.0,clean,none,direct_use,True
mccd_salvage,褚遂良,楷,招,G:\GitHub\DiT\MCCD\MCCD\MCCD-Calligrapher\calligrapher_dataset\褚遂良\招-楷-唐-褚遂良-5483.png,208,194,False,0.2932,0.0,clean,none,direct_use,True
mccd_salvage,褚遂良,楷,晦,G:\GitHub\DiT\MCCD\MCCD\MCCD-Calligrapher\calligrapher_dataset\褚遂良\晦-楷-唐-褚遂良-4508.png,275,273,False,0.1461,0.0051,clean,none,direct_use,True
mccd_salvage,褚遂良,楷,曩,G:\GitHub\DiT\MCCD\MCCD\MCCD-Calligrapher\calligrapher_dataset\褚遂良\曩-楷-唐-褚遂良-倪宽宝-20.png,238,298,False,0.3167,0.0,clean,none,direct_use,True
mccd_salvage,褚遂良,楷,枚,G:\GitHub\DiT\MCCD\MCCD\MCCD-Calligrapher\calligrapher_dataset\褚遂良\枚-楷-唐-褚遂良-倪宝赞-17.png,266,250,False,0.2027,0.0,clean,none,direct_use,True
mccd_salvage,褚遂良,楷,桑,G:\GitHub\DiT\MCCD\MCCD\MCCD-Calligrapher\calligrapher_dataset\褚遂良\桑-楷-唐-褚遂良-13154.png,201,158,False,0.216,0.0,clean,none,direct_use,True
mccd_salvage,褚遂良,楷,歳,G:\GitHub\DiT\MCCD\MCCD\MCCD-Calligrapher\calligrapher_dataset\褚遂良\歳-楷-唐-褚遂良-20376.png,210,264,False,0.0985,0.0007,clean,none,direct_use,True
mccd_salvage,褚遂良,楷,河,G:\GitHub\DiT\MCCD\MCCD\MCCD-Calligrapher\calligrapher_dataset\褚遂良\河-楷-唐-褚遂良-竹山堂聊句-43.png,266,280,False,0.3489,0.0,clean,none,direct_use,True
mccd_salvage,褚遂良,楷,為,G:\GitHub\DiT\MCCD\MCCD\MCCD-Calligrapher\calligrapher_dataset\褚遂良\為-楷-唐-褚遂良-36074.png,224,217,False,0.1888,0.0,clean,none,direct_use,True
mccd_salvage,褚遂良,行,為,G:\GitHub\DiT\MCCD\MCCD\MCCD-Calligrapher\calligrapher_dataset\褚遂良\為-行-唐-褚遂良-36096.png,223,314,False,0.2221,0.0,clean,none,direct_use,True
mccd_salvage,褚遂良,行,為,G:\GitHub\DiT\MCCD\MCCD\MCCD-Calligrapher\calligrapher_dataset\褚遂良\為-行-唐-褚遂良-36102.png,228,269,False,0.2392,0.0,clean,none,direct_use,True
mccd_salvage,褚遂良,楷,穹,G:\GitHub\DiT\MCCD\MCCD\MCCD-Calligrapher\calligrapher_dataset\褚遂良\穹-楷-唐-褚遂良-65176.png,280,318,False,0.1891,0.0008,clean,none,direct_use,True
mccd_salvage,褚遂良,楷,粤,G:\GitHub\DiT\MCCD\MCCD\MCCD-Calligrapher\calligrapher_dataset\褚遂良\粤-楷-唐-褚遂良-69907.png,221,369,False,0.1799,0.0,clean,none,direct_use,True
mccd_salvage,褚遂良,楷,絕,G:\GitHub\DiT\MCCD\MCCD\MCCD-Calligrapher\calligrapher_dataset\褚遂良\絕-楷-唐-褚遂良-72278.png,280,241,False,0.1911,0.0,clean,none,direct_use,True
mccd_salvage,褚遂良,行,絕,G:\GitHub\DiT\MCCD\MCCD\MCCD-Calligrapher\calligrapher_dataset\褚遂良\絕-行-唐-褚遂良-72287.png,244,200,False,0.1454,0.0025,clean,none,direct_use,True
mccd_salvage,褚遂良,楷,緖,G:\GitHub\DiT\MCCD\MCCD\MCCD-Calligrapher\calligrapher_dataset\褚遂良\緖-楷-唐-褚遂良-73872.png,293,242,False,0.1678,0.0,clean,none,direct_use,True
mccd_salvage,褚遂良,行,緖,G:\GitHub\DiT\MCCD\MCCD\MCCD-Calligrapher\calligrapher_dataset\褚遂良\緖-行-唐-褚遂良-73875.png,265,289,False,0.2055,0.0001,clean,none,direct_use,True
mccd_salvage,褚遂良,楷,繫,G:\GitHub\DiT\MCCD\MCCD\MCCD-Calligrapher\calligrapher_dataset\褚遂良\繫-楷-唐-褚遂良-75484.png,251,293,False,0.1141,0.0012,clean,none,direct_use,True
mccd_salvage,褚遂良,行,繫,G:\GitHub\DiT\MCCD\MCCD\MCCD-Calligrapher\calligrapher_dataset\褚遂良\繫-行-唐-褚遂良-75488.png,208,320,False,0.182,0.0,clean,none,direct_use,True
mccd_salvage,褚遂良,楷,衞,G:\GitHub\DiT\MCCD\MCCD\MCCD-Calligrapher\calligrapher_dataset\褚遂良\衞-楷-唐-褚遂良-101460.png,248,225,False,0.2231,0.0,clean,none,direct_use,True
mccd_salvage,褚遂良,楷,衞,G:\GitHub\DiT\MCCD\MCCD\MCCD-Calligrapher\calligrapher_dataset\褚遂良\衞-楷-唐-褚遂良-101461.png,296,254,False,0.1525,0.0012,clean,none,direct_use,True
mccd_salvage,褚遂良,楷,逮,G:\GitHub\DiT\MCCD\MCCD\MCCD-Calligrapher\calligrapher_dataset\褚遂良\逮-楷-唐-褚遂良-124184.png,282,281,False,0.2108,0.0065,clean,none,direct_use,True
mccd_salvage,褚遂良,楷,釐,G:\GitHub\DiT\MCCD\MCCD\MCCD-Calligrapher\calligrapher_dataset\褚遂良\釐-楷-唐-褚遂良-131508.png,270,334,False,0.2113,0.0027,clean,none,direct_use,True
mccd_salvage,褚遂良,楷,釐,G:\GitHub\DiT\MCCD\MCCD\MCCD-Calligrapher\calligrapher_dataset\褚遂良\釐-楷-唐-褚遂良-131509.png,238,325,False,0.2098,0.0002,clean,none,direct_use,True
mccd_salvage,褚遂良,楷,阜,G:\GitHub\DiT\MCCD\MCCD\MCCD-Calligrapher\calligrapher_dataset\褚遂良\阜-楷-唐-褚遂良-137300.png,253,244,False,0.0846,0.0004,clean,none,direct_use,True
mccd_salvage,褚遂良,楷,阜,G:\GitHub\DiT\MCCD\MCCD\MCCD-Calligrapher\calligrapher_dataset\褚遂良\阜-楷-唐-褚遂良-137301.png,270,269,False,0.138,0.0018,clean,none,direct_use,True
mccd_salvage,褚遂良,楷,陟,G:\GitHub\DiT\MCCD\MCCD\MCCD-Calligrapher\calligrapher_dataset\褚遂良\陟-楷-唐-褚遂良-138149.png,274,275,False,0.1898,0.0,clean,none,direct_use,True
mccd_salvage,褚遂良,楷,雷,G:\GitHub\DiT\MCCD\MCCD\MCCD-Calligrapher\calligrapher_dataset\褚遂良\雷-楷-唐-褚遂良-142086.png,267,246,False,0.3946,0.0,clean,none,direct_use,True
mccd_salvage,褚遂良,楷,青,G:\GitHub\DiT\MCCD\MCCD\MCCD-Calligrapher\calligrapher_dataset\褚遂良\青-楷-唐-褚遂良-143365.png,191,201,False,0.1991,0.0,clean,none,direct_use,True
mccd_salvage,褚遂良,楷,青,G:\GitHub\DiT\MCCD\MCCD\MCCD-Calligrapher\calligrapher_dataset\褚遂良\青-楷-唐-褚遂良-143366.png,243,315,False,0.162,0.0,clean,none,direct_use,True
mccd_salvage,褚遂良,楷,黯,G:\GitHub\DiT\MCCD\MCCD\MCCD-Calligrapher\calligrapher_dataset\褚遂良\黯-楷-唐-褚遂良-159180.png,208,201,False,0.3016,0.0,clean,none,direct_use,True
mccd_salvage,褚遂良,楷,𢈲,G:\GitHub\DiT\MCCD\MCCD\MCCD-Calligrapher\calligrapher_dataset\褚遂良\𢈲-楷-唐-褚遂良-1082.png,184,241,False,0.204,0.0,clean,none,direct_use,True
mccd_salvage,赵之谦,隶,五,G:\GitHub\DiT\MCCD\MCCD\MCCD-Calligrapher\calligrapher_dataset\赵之谦\五-隶-清-赵之谦-11317.png,278,157,True,0.5409,0.0,inverted,inverted,invert_polarity,True
mccd_salvage,赵之谦,隶,依,G:\GitHub\DiT\MCCD\MCCD\MCCD-Calligrapher\calligrapher_dataset\赵之谦\依-隶-清-赵之谦-18878.png,247,173,False,0.4657,0.0,clean,none,direct_use,True
mccd_salvage,赵之谦,隶,光,G:\GitHub\DiT\MCCD\MCCD\MCCD-Calligrapher\calligrapher_dataset\赵之谦\光-隶-清-赵之谦-24525.png,287,168,False,0.3638,0.0,clean,none,direct_use,True
mccd_salvage,赵之谦,隶,利,G:\GitHub\DiT\MCCD\MCCD\MCCD-Calligrapher\calligrapher_dataset\赵之谦\利-隶-清-赵之谦-31114.png,254,200,False,0.4497,0.0,clean,none,direct_use,True
mccd_salvage,赵之谦,楷,十,G:\GitHub\DiT\MCCD\MCCD\MCCD-Calligrapher\calligrapher_dataset\赵之谦\十-楷-清-赵之谦-35849.png,220,208,False,0.2947,0.0,clean,none,direct_use,True
mccd_salvage,赵之谦,隶,名,G:\GitHub\DiT\MCCD\MCCD\MCCD-Calligrapher\calligrapher_dataset\赵之谦\名-隶-清-赵之谦-44388.png,270,243,False,0.3329,0.0,clean,none,direct_use,True
mccd_salvage,赵之谦,楷,唐,G:\GitHub\DiT\MCCD\MCCD\MCCD-Calligrapher\calligrapher_dataset\赵之谦\唐-楷-清-赵之谦-48821.png,185,202,False,0.4522,0.0,clean,none,direct_use,True
mccd_salvage,赵之谦,隶,土,G:\GitHub\DiT\MCCD\MCCD\MCCD-Calligrapher\calligrapher_dataset\赵之谦\土-隶-清-赵之谦-54060.png,244,185,False,0.4203,0.0,clean,none,direct_use,True
mccd_salvage,赵之谦,楷,尤,G:\GitHub\DiT\MCCD\MCCD\MCCD-Calligrapher\calligrapher_dataset\赵之谦\尤-楷-清-赵之谦-77258.png,241,197,False,0.4015,0.0,clean,none,direct_use,True
mccd_salvage,赵之谦,楷,居,G:\GitHub\DiT\MCCD\MCCD\MCCD-Calligrapher\calligrapher_dataset\赵之谦\居-楷-清-赵之谦-78002.png,248,209,False,0.408,0.0,clean,none,direct_use,True
mccd_salvage,赵之谦,隶,居,G:\GitHub\DiT\MCCD\MCCD\MCCD-Calligrapher\calligrapher_dataset\赵之谦\居-隶-清-赵之谦-77984.png,219,193,False,0.4477,0.0,clean,none,direct_use,True
mccd_salvage,赵之谦,行,州,G:\GitHub\DiT\MCCD\MCCD\MCCD-Calligrapher\calligrapher_dataset\赵之谦\州-行-清-赵之谦-81237.png,251,193,False,0.4283,0.0,clean,none,direct_use,True
mccd_salvage,赵之谦,楷,已,G:\GitHub\DiT\MCCD\MCCD\MCCD-Calligrapher\calligrapher_dataset\赵之谦\已-楷-清-赵之谦-82303.png,213,224,False,0.4386,0.0,clean,none,direct_use,True
mccd_salvage,赵之谦,隶,度,G:\GitHub\DiT\MCCD\MCCD\MCCD-Calligrapher\calligrapher_dataset\赵之谦\度-隶-清-赵之谦-86448.png,246,229,False,0.4837,0.0,clean,none,direct_use,True
mccd_salvage,赵之谦,楷,張,G:\GitHub\DiT\MCCD\MCCD\MCCD-Calligrapher\calligrapher_dataset\赵之谦\張-楷-清-赵之谦-89910.png,241,204,False,0.4901,0.0,clean,none,direct_use,True
mccd_salvage,赵之谦,楷,彝,G:\GitHub\DiT\MCCD\MCCD\MCCD-Calligrapher\calligrapher_dataset\赵之谦\彝-楷-清-赵之谦-91298.png,231,219,False,0.3878,0.0,clean,none,direct_use,True
mccd_salvage,赵之谦,楷,彞,G:\GitHub\DiT\MCCD\MCCD\MCCD-Calligrapher\calligrapher_dataset\赵之谦\彞-楷-清-赵之谦-91857.png,231,219,False,0.3878,0.0,clean,none,direct_use,True
mccd_salvage,赵之谦,隶,恵,G:\GitHub\DiT\MCCD\MCCD\MCCD-Calligrapher\calligrapher_dataset\赵之谦\恵-隶-清-赵之谦-97754.png,275,188,False,0.1852,0.0,clean,none,direct_use,True
mccd_salvage,赵之谦,隶,恵,G:\GitHub\DiT\MCCD\MCCD\MCCD-Calligrapher\calligrapher_dataset\赵之谦\恵-隶-清-赵之谦-97755.png,260,189,False,0.1622,0.0,clean,none,direct_use,True
mccd_salvage,赵之谦,楷,攝,G:\GitHub\DiT\MCCD\MCCD\MCCD-Calligrapher\calligrapher_dataset\赵之谦\攝-楷-清-赵之谦-974.png,236,216,False,0.5017,0.0,clean,none,direct_use,True
mccd_salvage,赵之谦,行,昔,G:\GitHub\DiT\MCCD\MCCD\MCCD-Calligrapher\calligrapher_dataset\赵之谦\昔-行-清-赵之谦-2647.png,210,244,False,0.4766,0.0,clean,none,direct_use,True
mccd_salvage,赵之谦,楷,是,G:\GitHub\DiT\MCCD\MCCD\MCCD-Calligrapher\calligrapher_dataset\赵之谦\是-楷-清-赵之谦-3566.png,203,184,False,0.3862,0.0,clean,none,direct_use,True
mccd_salvage,赵之谦,隶,是,G:\GitHub\DiT\MCCD\MCCD\MCCD-Calligrapher\calligrapher_dataset\赵之谦\是-隶-清-赵之谦-3515.png,268,258,False,0.5125,0.0,clean,none,direct_use,True
mccd_salvage,赵之谦,楷,月,G:\GitHub\DiT\MCCD\MCCD\MCCD-Calligrapher\calligrapher_dataset\赵之谦\月-楷-清-赵之谦-7770.png,207,234,False,0.4764,0.0,clean,none,direct_use,True
mccd_salvage,赵之谦,隶,月,G:\GitHub\DiT\MCCD\MCCD\MCCD-Calligrapher\calligrapher_dataset\赵之谦\月-隶-清-赵之谦-7695.png,221,187,False,0.4699,0.0,clean,none,direct_use,True
mccd_salvage,赵之谦,隶,栽,G:\GitHub\DiT\MCCD\MCCD\MCCD-Calligrapher\calligrapher_dataset\赵之谦\栽-隶-清-赵之谦-12896.png,279,249,False,0.4682,0.0,clean,none,direct_use,True
mccd_salvage,赵之谦,楷,梵,G:\GitHub\DiT\MCCD\MCCD\MCCD-Calligrapher\calligrapher_dataset\赵之谦\梵-楷-清-赵之谦-13817.png,172,178,False,0.4515,0.0,clean,none,direct_use,True
mccd_salvage,赵之谦,行,焉,G:\GitHub\DiT\MCCD\MCCD\MCCD-Calligrapher\calligrapher_dataset\赵之谦\焉-行-清-赵之谦-36637.png,214,204,False,0.5271,0.0,clean,none,direct_use,True
mccd_salvage,赵之谦,行,熟,G:\GitHub\DiT\MCCD\MCCD\MCCD-Calligrapher\calligrapher_dataset\赵之谦\熟-行-清-赵之谦-38124.png,242,278,False,0.4983,0.0,clean,none,direct_use,True
mccd_salvage,赵之谦,楷,牽,G:\GitHub\DiT\MCCD\MCCD\MCCD-Calligrapher\calligrapher_dataset\赵之谦\牽-楷-清-赵之谦-41427.png,213,232,False,0.436,0.0,clean,none,direct_use,True
mccd_salvage,赵之谦,行,畫,G:\GitHub\DiT\MCCD\MCCD\MCCD-Calligrapher\calligrapher_dataset\赵之谦\畫-行-清-赵之谦-49906.png,177,253,False,0.4823,0.0,clean,none,direct_use,True
mccd_salvage,赵之谦,行,疏,G:\GitHub\DiT\MCCD\MCCD\MCCD-Calligrapher\calligrapher_dataset\赵之谦\疏-行-清-赵之谦-50690.png,279,196,False,0.4668,0.0,clean,none,direct_use,True
mccd_salvage,赵之谦,楷,癘,G:\GitHub\DiT\MCCD\MCCD\MCCD-Calligrapher\calligrapher_dataset\赵之谦\癘-楷-清-赵之谦-52163.png,169,226,False,0.5482,0.0,clean,none,direct_use,True
mccd_salvage,赵之谦,楷,百,G:\GitHub\DiT\MCCD\MCCD\MCCD-Calligrapher\calligrapher_dataset\赵之谦\百-楷-清-赵之谦-53325.png,260,193,False,0.4708,0.0,clean,none,direct_use,True
mccd_salvage,赵之谦,楷,瞽,G:\GitHub\DiT\MCCD\MCCD\MCCD-Calligrapher\calligrapher_dataset\赵之谦\瞽-楷-清-赵之谦-58079.png,200,210,False,0.4606,0.0,clean,none,direct_use,True
mccd_salvage,赵之谦,楷,粟,G:\GitHub\DiT\MCCD\MCCD\MCCD-Calligrapher\calligrapher_dataset\赵之谦\粟-楷-清-赵之谦-69867.png,252,223,False,0.4598,0.0,clean,none,direct_use,True
mccd_salvage,赵之谦,楷,翟,G:\GitHub\DiT\MCCD\MCCD\MCCD-Calligrapher\calligrapher_dataset\赵之谦\翟-楷-清-赵之谦-78582.png,208,187,False,0.4986,0.0,clean,none,direct_use,True
mccd_salvage,赵之谦,楷,翩,G:\GitHub\DiT\MCCD\MCCD\MCCD-Calligrapher\calligrapher_dataset\赵之谦\翩-楷-清-赵之谦-78718.png,279,212,False,0.5383,0.0,clean,none,direct_use,True
mccd_salvage,赵之谦,行,而,G:\GitHub\DiT\MCCD\MCCD\MCCD-Calligrapher\calligrapher_dataset\赵之谦\而-行-清-赵之谦-80876.png,239,147,False,0.4899,0.0,clean,none,direct_use,True
mccd_salvage,赵之谦,隶,而,G:\GitHub\DiT\MCCD\MCCD\MCCD-Calligrapher\calligrapher_dataset\赵之谦\而-隶-清-赵之谦-80803.png,271,168,False,0.3302,0.0,clean,none,direct_use,True
mccd_salvage,赵之谦,隶,良,G:\GitHub\DiT\MCCD\MCCD\MCCD-Calligrapher\calligrapher_dataset\赵之谦\良-隶-清-赵之谦-89046.png,280,248,False,0.5261,0.0,clean,none,direct_use,True
mccd_salvage,赵之谦,隶,若,G:\GitHub\DiT\MCCD\MCCD\MCCD-Calligrapher\calligrapher_dataset\赵之谦\若-隶-清-赵之谦-90333.png,260,149,False,0.325,0.0,clean,none,direct_use,True
mccd_salvage,赵之谦,隶,若,G:\GitHub\DiT\MCCD\MCCD\MCCD-Calligrapher\calligrapher_dataset\赵之谦\若-隶-清-赵之谦-90334.png,262,160,False,0.2945,0.0,clean,none,direct_use,True
mccd_salvage,赵之谦,隶,覺,G:\GitHub\DiT\MCCD\MCCD\MCCD-Calligrapher\calligrapher_dataset\赵之谦\覺-隶-清-赵之谦-105162.png,273,317,False,0.5489,0.0,clean,none,direct_use,True
mccd_salvage,赵之谦,楷,輯,G:\GitHub\DiT\MCCD\MCCD\MCCD-Calligrapher\calligrapher_dataset\赵之谦\輯-楷-清-赵之谦-120265.png,264,260,False,0.3954,0.0,clean,none,direct_use,True
mccd_salvage,赵之谦,隶,郡,G:\GitHub\DiT\MCCD\MCCD\MCCD-Calligrapher\calligrapher_dataset\赵之谦\郡-隶-清-赵之谦-128136.png,280,190,False,0.4718,0.0,clean,none,direct_use,True
mccd_salvage,赵之谦,楷,鍵,G:\GitHub\DiT\MCCD\MCCD\MCCD-Calligrapher\calligrapher_dataset\赵之谦\鍵-楷-清-赵之谦-134066.png,214,157,False,0.5051,0.0,clean,none,direct_use,True
mccd_salvage,赵之谦,隶,雀,G:\GitHub\DiT\MCCD\MCCD\MCCD-Calligrapher\calligrapher_dataset\赵之谦\雀-隶-清-赵之谦-140362.png,285,298,False,0.4968,0.0,clean,none,direct_use,True
mccd_salvage,赵之谦,行,雁,G:\GitHub\DiT\MCCD\MCCD\MCCD-Calligrapher\calligrapher_dataset\赵之谦\雁-行-清-赵之谦-140409.png,217,196,False,0.3972,0.0,clean,none,direct_use,True
mccd_salvage,赵之谦,楷,雩,G:\GitHub\DiT\MCCD\MCCD\MCCD-Calligrapher\calligrapher_dataset\赵之谦\雩-楷-清-赵之谦-141783.png,233,247,False,0.3831,0.0,clean,none,direct_use,True
mccd_salvage,赵之谦,行,首,G:\GitHub\DiT\MCCD\MCCD\MCCD-Calligrapher\calligrapher_dataset\赵之谦\首-行-清-赵之谦-149463.png,156,230,False,0.3775,0.0,clean,none,direct_use,True
mccd_salvage,赵之谦,隶,首,G:\GitHub\DiT\MCCD\MCCD\MCCD-Calligrapher\calligrapher_dataset\赵之谦\首-隶-清-赵之谦-149423.png,278,151,False,0.2195,0.0,clean,none,direct_use,True
mccd_salvage,赵之谦,楷,鬯,G:\GitHub\DiT\MCCD\MCCD\MCCD-Calligrapher\calligrapher_dataset\赵之谦\鬯-楷-清-赵之谦-153227.png,211,215,False,0.4926,0.0,clean,none,direct_use,True
mccd_salvage,赵之谦,隶,鬯,G:\GitHub\DiT\MCCD\MCCD\MCCD-Calligrapher\calligrapher_dataset\赵之谦\鬯-隶-清-赵之谦-153223.png,241,179,False,0.2093,0.0,clean,none,direct_use,True
mccd_salvage,赵之谦,楷,魚,G:\GitHub\DiT\MCCD\MCCD\MCCD-Calligrapher\calligrapher_dataset\赵之谦\魚-楷-清-赵之谦-153934.png,207,248,False,0.4111,0.0,clean,none,direct_use,True
mccd_salvage,赵之谦,行,魚,G:\GitHub\DiT\MCCD\MCCD\MCCD-Calligrapher\calligrapher_dataset\赵之谦\魚-行-清-赵之谦-153959.png,171,173,False,0.3137,0.0,clean,none,direct_use,True
mccd_salvage,赵之谦,行,黃,G:\GitHub\DiT\MCCD\MCCD\MCCD-Calligrapher\calligrapher_dataset\赵之谦\黃-行-清-赵之谦-158184.png,156,198,False,0.4644,0.0,clean,none,direct_use,True
mccd_salvage,赵之谦,隶,黔,G:\GitHub\DiT\MCCD\MCCD\MCCD-Calligrapher\calligrapher_dataset\赵之谦\黔-隶-清-赵之谦-158922.png,283,163,False,0.2898,0.0,clean,none,direct_use,True
mccd_salvage,赵之谦,隶,龍,G:\GitHub\DiT\MCCD\MCCD\MCCD-Calligrapher\calligrapher_dataset\赵之谦\龍-隶-清-赵之谦-160803.png,277,215,False,0.4477,0.0,clean,none,direct_use,True
mccd_salvage,赵佶,楷,且,G:\GitHub\DiT\MCCD\MCCD\MCCD-Calligrapher\calligrapher_dataset\赵佶\且-楷-宋-赵佶-3848.png,249,149,False,0.115,0.0,clean,none,direct_use,True
mccd_salvage,赵佶,楷,優,G:\GitHub\DiT\MCCD\MCCD\MCCD-Calligrapher\calligrapher_dataset\赵佶\優-楷-宋-赵佶-23347.png,234,261,False,0.1832,0.0,clean,none,direct_use,True
mccd_salvage,赵佶,楷,周,G:\GitHub\DiT\MCCD\MCCD\MCCD-Calligrapher\calligrapher_dataset\赵佶\周-楷-宋-赵佶-46942.png,158,192,False,0.1287,0.0231,clean,none,direct_use,True
mccd_salvage,赵佶,楷,廓,G:\GitHub\DiT\MCCD\MCCD\MCCD-Calligrapher\calligrapher_dataset\赵佶\廓-楷-宋-赵佶-87299.png,174,210,False,0.2069,0.0,clean,none,direct_use,True
mccd_salvage,赵佶,楷,暎,G:\GitHub\DiT\MCCD\MCCD\MCCD-Calligrapher\calligrapher_dataset\赵佶\暎-楷-宋-赵佶-5024.png,204,173,False,0.2416,0.0,clean,none,direct_use,True
mccd_salvage,赵佶,楷,杷,G:\GitHub\DiT\MCCD\MCCD\MCCD-Calligrapher\calligrapher_dataset\赵佶\杷-楷-宋-赵佶-10978.png,255,204,False,0.1203,0.0,clean,none,direct_use,True
mccd_salvage,赵佶,楷,比,G:\GitHub\DiT\MCCD\MCCD\MCCD-Calligrapher\calligrapher_dataset\赵佶\比-楷-宋-赵佶-22837.png,249,160,False,0.107,0.0021,clean,none,direct_use,True
mccd_salvage,赵佶,楷,煩,G:\GitHub\DiT\MCCD\MCCD\MCCD-Calligrapher\calligrapher_dataset\赵佶\煩-楷-宋-赵佶-37850.png,255,281,False,0.1732,0.0006,clean,none,direct_use,True
mccd_salvage,赵佶,楷,猷,G:\GitHub\DiT\MCCD\MCCD\MCCD-Calligrapher\calligrapher_dataset\赵佶\猷-楷-宋-赵佶-42814.png,223,168,False,0.1604,0.0032,clean,none,direct_use,True
mccd_salvage,赵佶,楷,男,G:\GitHub\DiT\MCCD\MCCD\MCCD-Calligrapher\calligrapher_dataset\赵佶\男-楷-宋-赵佶-48994.png,213,247,False,0.1583,0.0,clean,none,direct_use,True
mccd_salvage,赵佶,楷,盛,G:\GitHub\DiT\MCCD\MCCD\MCCD-Calligrapher\calligrapher_dataset\赵佶\盛-楷-宋-赵佶-54733.png,212,196,False,0.1887,0.0,clean,none,direct_use,True
mccd_salvage,赵佶,楷,祀,G:\GitHub\DiT\MCCD\MCCD\MCCD-Calligrapher\calligrapher_dataset\赵佶\祀-楷-宋-赵佶-60847.png,225,173,False,0.1365,0.0,clean,none,direct_use,True
mccd_salvage,赵佶,楷,言,G:\GitHub\DiT\MCCD\MCCD\MCCD-Calligrapher\calligrapher_dataset\赵佶\言-楷-宋-赵佶-106167.png,218,208,False,0.1226,0.0007,clean,none,direct_use,True
mccd_salvage,赵佶,楷,賞,G:\GitHub\DiT\MCCD\MCCD\MCCD-Calligrapher\calligrapher_dataset\赵佶\賞-楷-宋-赵佶-114971.png,185,218,False,0.2787,0.0,clean,none,direct_use,True
mccd_salvage,赵佶,楷,賞,G:\GitHub\DiT\MCCD\MCCD\MCCD-Calligrapher\calligrapher_dataset\赵佶\賞-楷-宋-赵佶-114972.png,168,227,False,0.1252,0.0015,clean,none,direct_use,True
mccd_salvage,赵佶,楷,逼,G:\GitHub\DiT\MCCD\MCCD\MCCD-Calligrapher\calligrapher_dataset\赵佶\逼-楷-宋-赵佶-124419.png,204,184,False,0.1438,0.0026,clean,none,direct_use,True
mccd_salvage,赵佶,楷,重,G:\GitHub\DiT\MCCD\MCCD\MCCD-Calligrapher\calligrapher_dataset\赵佶\重-楷-宋-赵佶-131215.png,251,235,False,0.1369,0.0027,clean,none,direct_use,True
mccd_salvage,赵佶,楷,闕,G:\GitHub\DiT\MCCD\MCCD\MCCD-Calligrapher\calligrapher_dataset\赵佶\闕-楷-宋-赵佶-137063.png,176,201,False,0.2636,0.0028,clean,none,direct_use,True
mccd_salvage,赵佶,楷,階,G:\GitHub\DiT\MCCD\MCCD\MCCD-Calligrapher\calligrapher_dataset\赵佶\階-楷-宋-赵佶-139377.png,226,217,False,0.1846,0.0,clean,none,direct_use,True
mccd_salvage,赵佶,楷,霄,G:\GitHub\DiT\MCCD\MCCD\MCCD-Calligrapher\calligrapher_dataset\赵佶\霄-楷-宋-赵佶-142221.png,173,295,False,0.1386,0.0028,clean,none,direct_use,True
mccd_salvage,赵佶,楷,顚,G:\GitHub\DiT\MCCD\MCCD\MCCD-Calligrapher\calligrapher_dataset\赵佶\顚-楷-宋-赵佶-146835.png,184,189,False,0.1947,0.0,clean,none,direct_use,True
mccd_salvage,赵佶,楷,飄,G:\GitHub\DiT\MCCD\MCCD\MCCD-Calligrapher\calligrapher_dataset\赵佶\飄-楷-宋-赵佶-147603.png,196,158,False,0.2353,0.0,clean,none,direct_use,True
mccd_salvage,赵佶,楷,魄,G:\GitHub\DiT\MCCD\MCCD\MCCD-Calligrapher\calligrapher_dataset\赵佶\魄-楷-宋-赵佶-153602.png,229,194,False,0.1899,0.0052,clean,none,direct_use,True
mccd_salvage,赵佶,楷,默,G:\GitHub\DiT\MCCD\MCCD\MCCD-Calligrapher\calligrapher_dataset\赵佶\默-楷-宋-赵佶-158963.png,206,203,False,0.1657,0.0026,clean,none,direct_use,True
mccd_salvage,赵孟頫,隶,㞐,G:\GitHub\DiT\MCCD\MCCD\MCCD-Calligrapher\calligrapher_dataset\赵孟𫖯\㞐-隶-元-赵孟𫖯-163300.png,235,156,False,0.3717,0.0,clean,none,direct_use,True
mccd_salvage,赵孟頫,行,七,G:\GitHub\DiT\MCCD\MCCD\MCCD-Calligrapher\calligrapher_dataset\赵孟𫖯\七-行-元-赵孟𫖯-903.png,230,144,False,0.4508,0.0,clean,none,direct_use,True
mccd_salvage,赵孟頫,楷,丈,G:\GitHub\DiT\MCCD\MCCD\MCCD-Calligrapher\calligrapher_dataset\赵孟𫖯\丈-楷-元-赵孟𫖯-1002.png,238,208,False,0.2708,0.0,clean,none,direct_use,True
mccd_salvage,赵孟頫,楷,上,G:\GitHub\DiT\MCCD\MCCD\MCCD-Calligrapher\calligrapher_dataset\赵孟𫖯\上-楷-元-赵孟𫖯-1603.png,245,162,False,0.2514,0.0,clean,none,direct_use,True
mccd_salvage,赵孟頫,隶,下,G:\GitHub\DiT\MCCD\MCCD\MCCD-Calligrapher\calligrapher_dataset\赵孟𫖯\下-隶-元-赵孟𫖯-1858.png,238,132,False,0.2672,0.0,clean,none,direct_use,True
mccd_salvage,赵孟頫,楷,不,G:\GitHub\DiT\MCCD\MCCD\MCCD-Calligrapher\calligrapher_dataset\赵孟𫖯\不-楷-元-赵孟𫖯-2983.png,258,208,False,0.3644,0.0,clean,none,direct_use,True
mccd_salvage,赵孟頫,楷,不,G:\GitHub\DiT\MCCD\MCCD\MCCD-Calligrapher\calligrapher_dataset\赵孟𫖯\不-楷-元-赵孟𫖯-2984.png,262,221,False,0.2571,0.0,clean,none,direct_use,True
mccd_salvage,赵孟頫,楷,不,G:\GitHub\DiT\MCCD\MCCD\MCCD-Calligrapher\calligrapher_dataset\赵孟𫖯\不-楷-元-赵孟𫖯-2985.png,261,189,False,0.3134,0.0,clean,none,direct_use,True
mccd_salvage,赵孟頫,隶,不,G:\GitHub\DiT\MCCD\MCCD\MCCD-Calligrapher\calligrapher_dataset\赵孟𫖯\不-隶-元-赵孟𫖯-2908.png,238,145,False,0.3431,0.0,clean,none,direct_use,True
mccd_salvage,赵孟頫,楷,丘,G:\GitHub\DiT\MCCD\MCCD\MCCD-Calligrapher\calligrapher_dataset\赵孟𫖯\丘-楷-元-赵孟𫖯-4170.png,216,172,False,0.2409,0.0,clean,none,direct_use,True
mccd_salvage,赵孟頫,隶,丙,G:\GitHub\DiT\MCCD\MCCD\MCCD-Calligrapher\calligrapher_dataset\赵孟𫖯\丙-隶-元-赵孟𫖯-4339.png,279,186,False,0.4179,0.0,clean,none,direct_use,True
mccd_salvage,赵孟頫,楷,中,G:\GitHub\DiT\MCCD\MCCD\MCCD-Calligrapher\calligrapher_dataset\赵孟𫖯\中-楷-元-赵孟𫖯-4882.png,174,179,False,0.3156,0.0,clean,none,direct_use,True
mccd_salvage,赵孟頫,行,中,G:\GitHub\DiT\MCCD\MCCD\MCCD-Calligrapher\calligrapher_dataset\赵孟𫖯\中-行-元-赵孟𫖯-4907.png,192,201,False,0.3699,0.0,clean,none,direct_use,True
mccd_salvage,赵孟頫,隶,中,G:\GitHub\DiT\MCCD\MCCD\MCCD-Calligrapher\calligrapher_dataset\赵孟𫖯\中-隶-元-赵孟𫖯-4820.png,218,199,False,0.3102,0.0,clean,none,direct_use,True
mccd_salvage,赵孟頫,隶,丸,G:\GitHub\DiT\MCCD\MCCD\MCCD-Calligrapher\calligrapher_dataset\赵孟𫖯\丸-隶-元-赵孟𫖯-5071.png,244,127,False,0.3183,0.0,clean,none,direct_use,True
mccd_salvage,赵孟頫,行,主,G:\GitHub\DiT\MCCD\MCCD\MCCD-Calligrapher\calligrapher_dataset\赵孟𫖯\主-行-元-赵孟𫖯-5269.png,202,275,False,0.4173,0.0,clean,none,direct_use,True
mccd_salvage,赵孟頫,隶,主,G:\GitHub\DiT\MCCD\MCCD\MCCD-Calligrapher\calligrapher_dataset\赵孟𫖯\主-隶-元-赵孟𫖯-5232.png,274,158,False,0.3757,0.0,clean,none,direct_use,True
mccd_salvage,赵孟頫,行,乃,G:\GitHub\DiT\MCCD\MCCD\MCCD-Calligrapher\calligrapher_dataset\赵孟𫖯\乃-行-元-赵孟𫖯-5631.png,228,227,False,0.3313,0.0,clean,none,direct_use,True
mccd_salvage,赵孟頫,行,乃,G:\GitHub\DiT\MCCD\MCCD\MCCD-Calligrapher\calligrapher_dataset\赵孟𫖯\乃-行-元-赵孟𫖯-5632.png,224,300,False,0.3499,0.0,clean,none,direct_use,True
mccd_salvage,赵孟頫,行,乎,G:\GitHub\DiT\MCCD\MCCD\MCCD-Calligrapher\calligrapher_dataset\赵孟𫖯\乎-行-元-赵孟𫖯-7422.png,218,285,False,0.2968,0.0,clean,none,direct_use,True
mccd_salvage,赵孟頫,行,九,G:\GitHub\DiT\MCCD\MCCD\MCCD-Calligrapher\calligrapher_dataset\赵孟𫖯\九-行-元-赵孟𫖯-8194.png,234,172,False,0.3517,0.0,clean,none,direct_use,True
mccd_salvage,赵孟頫,隶,九,G:\GitHub\DiT\MCCD\MCCD\MCCD-Calligrapher\calligrapher_dataset\赵孟𫖯\九-隶-元-赵孟𫖯-8115.png,269,144,False,0.3464,0.0,clean,none,direct_use,True
mccd_salvage,赵孟頫,行,乞,G:\GitHub\DiT\MCCD\MCCD\MCCD-Calligrapher\calligrapher_dataset\赵孟𫖯\乞-行-元-赵孟𫖯-8282.png,187,294,False,0.2996,0.0,clean,none,direct_use,True
mccd_salvage,赵孟頫,行,争,G:\GitHub\DiT\MCCD\MCCD\MCCD-Calligrapher\calligrapher_dataset\赵孟𫖯\争-行-元-赵孟𫖯-9417.png,157,223,False,0.2447,0.0,clean,none,direct_use,True
mccd_salvage,赵孟頫,行,事,G:\GitHub\DiT\MCCD\MCCD\MCCD-Calligrapher\calligrapher_dataset\赵孟𫖯\事-行-元-赵孟𫖯-9825.png,164,263,False,0.3004,0.0,clean,none,direct_use,True
mccd_salvage,赵孟頫,行,交,G:\GitHub\DiT\MCCD\MCCD\MCCD-Calligrapher\calligrapher_dataset\赵孟𫖯\交-行-元-赵孟𫖯-12372.png,222,246,False,0.3095,0.0,clean,none,direct_use,True
mccd_salvage,赵孟頫,行,亦,G:\GitHub\DiT\MCCD\MCCD\MCCD-Calligrapher\calligrapher_dataset\赵孟𫖯\亦-行-元-赵孟𫖯-12857.png,215,138,False,0.2425,0.0,clean,none,direct_use,True
mccd_salvage,赵孟頫,行,京,G:\GitHub\DiT\MCCD\MCCD\MCCD-Calligrapher\calligrapher_dataset\赵孟𫖯\京-行-元-赵孟𫖯-13082.png,196,271,False,0.3763,0.0,clean,none,direct_use,True
mccd_salvage,赵孟頫,楷,亭,G:\GitHub\DiT\MCCD\MCCD\MCCD-Calligrapher\calligrapher_dataset\赵孟𫖯\亭-楷-元-赵孟𫖯-13150.png,170,251,False,0.2809,0.0,clean,none,direct_use,True
mccd_salvage,赵孟頫,隶,亭,G:\GitHub\DiT\MCCD\MCCD\MCCD-Calligrapher\calligrapher_dataset\赵孟𫖯\亭-隶-元-赵孟𫖯-13134.png,254,261,False,0.4026,0.0,clean,none,direct_use,True
mccd_salvage,赵孟頫,行,亮,G:\GitHub\DiT\MCCD\MCCD\MCCD-Calligrapher\calligrapher_dataset\赵孟𫖯\亮-行-元-赵孟𫖯-13206.png,180,208,False,0.369,0.0,clean,none,direct_use,True
mccd_salvage,赵孟頫,行,仁,G:\GitHub\DiT\MCCD\MCCD\MCCD-Calligrapher\calligrapher_dataset\赵孟𫖯\仁-行-元-赵孟𫖯-14398.png,192,138,False,0.2843,0.0,clean,none,direct_use,True
mccd_salvage,赵孟頫,行,仁,G:\GitHub\DiT\MCCD\MCCD\MCCD-Calligrapher\calligrapher_dataset\赵孟𫖯\仁-行-元-赵孟𫖯-14399.png,173,169,False,0.3347,0.0,clean,none,direct_use,True
mccd_salvage,赵孟頫,隶,仁,G:\GitHub\DiT\MCCD\MCCD\MCCD-Calligrapher\calligrapher_dataset\赵孟𫖯\仁-隶-元-赵孟𫖯-14336.png,272,154,False,0.3107,0.0,clean,none,direct_use,True
mccd_salvage,赵孟頫,楷,仇,G:\GitHub\DiT\MCCD\MCCD\MCCD-Calligrapher\calligrapher_dataset\赵孟𫖯\仇-楷-元-赵孟𫖯-14475.png,202,134,False,0.291,0.0,clean,none,direct_use,True
mccd_salvage,赵孟頫,隶,仕,G:\GitHub\DiT\MCCD\MCCD\MCCD-Calligrapher\calligrapher_dataset\赵孟𫖯\仕-隶-元-赵孟𫖯-14910.png,272,138,False,0.3451,0.0,clean,none,direct_use,True
mccd_salvage,赵孟頫,楷,他,G:\GitHub\DiT\MCCD\MCCD\MCCD-Calligrapher\calligrapher_dataset\赵孟𫖯\他-楷-元-赵孟𫖯-14960.png,288,192,False,0.4131,0.0,clean,none,direct_use,True
mccd_salvage,赵孟頫,行,仗,G:\GitHub\DiT\MCCD\MCCD\MCCD-Calligrapher\calligrapher_dataset\赵孟𫖯\仗-行-元-赵孟𫖯-14999.png,247,158,False,0.3086,0.0,clean,none,direct_use,True
mccd_salvage,赵孟頫,楷,付,G:\GitHub\DiT\MCCD\MCCD\MCCD-Calligrapher\calligrapher_dataset\赵孟𫖯\付-楷-元-赵孟𫖯-15033.png,237,228,False,0.2965,0.0,clean,none,direct_use,True
mccd_salvage,赵孟頫,楷,仙,G:\GitHub\DiT\MCCD\MCCD\MCCD-Calligrapher\calligrapher_dataset\赵孟𫖯\仙-楷-元-赵孟𫖯-15060.png,238,135,False,0.2852,0.0,clean,none,direct_use,True
mccd_salvage,赵孟頫,楷,令,G:\GitHub\DiT\MCCD\MCCD\MCCD-Calligrapher\calligrapher_dataset\赵孟𫖯\令-楷-元-赵孟𫖯-15529.png,266,187,False,0.2036,0.0,clean,none,direct_use,True
mccd_salvage,赵孟頫,楷,以,G:\GitHub\DiT\MCCD\MCCD\MCCD-Calligrapher\calligrapher_dataset\赵孟𫖯\以-楷-元-赵孟𫖯-15693.png,243,133,False,0.3158,0.0,clean,none,direct_use,True
mccd_salvage,赵孟頫,楷,仲,G:\GitHub\DiT\MCCD\MCCD\MCCD-Calligrapher\calligrapher_dataset\赵孟𫖯\仲-楷-元-赵孟𫖯-15936.png,249,245,False,0.2369,0.0,clean,none,direct_use,True
mccd_salvage,赵孟頫,隶,任,G:\GitHub\DiT\MCCD\MCCD\MCCD-Calligrapher\calligrapher_dataset\赵孟𫖯\任-隶-元-赵孟𫖯-16047.png,278,150,False,0.3441,0.0,clean,none,direct_use,True
mccd_salvage,赵孟頫,行,伊,G:\GitHub\DiT\MCCD\MCCD\MCCD-Calligrapher\calligrapher_dataset\赵孟𫖯\伊-行-元-赵孟𫖯-16252.png,199,212,False,0.3348,0.0,clean,none,direct_use,True
mccd_salvage,赵孟頫,隶,伊,G:\GitHub\DiT\MCCD\MCCD\MCCD-Calligrapher\calligrapher_dataset\赵孟𫖯\伊-隶-元-赵孟𫖯-16238.png,250,158,False,0.3764,0.0,clean,none,direct_use,True
mccd_salvage,赵孟頫,楷,伏,G:\GitHub\DiT\MCCD\MCCD\MCCD-Calligrapher\calligrapher_dataset\赵孟𫖯\伏-楷-元-赵孟𫖯-16343.png,199,150,False,0.2315,0.0,clean,none,direct_use,True
mccd_salvage,赵孟頫,隶,伏,G:\GitHub\DiT\MCCD\MCCD\MCCD-Calligrapher\calligrapher_dataset\赵孟𫖯\伏-隶-元-赵孟𫖯-16327.png,237,163,False,0.298,0.0,clean,none,direct_use,True
mccd_salvage,赵孟頫,行,伐,G:\GitHub\DiT\MCCD\MCCD\MCCD-Calligrapher\calligrapher_dataset\赵孟𫖯\伐-行-元-赵孟𫖯-16499.png,185,183,False,0.2529,0.0,clean,none,direct_use,True
mccd_salvage,赵孟頫,行,伯,G:\GitHub\DiT\MCCD\MCCD\MCCD-Calligrapher\calligrapher_dataset\赵孟𫖯\伯-行-元-赵孟𫖯-16709.png,181,196,False,0.4184,0.0,clean,none,direct_use,True
mccd_salvage,赵孟頫,行,伽,G:\GitHub\DiT\MCCD\MCCD\MCCD-Calligrapher\calligrapher_dataset\赵孟𫖯\伽-行-元-赵孟𫖯-16866.png,201,149,False,0.3683,0.0,clean,none,direct_use,True
mccd_salvage,赵孟頫,行,但,G:\GitHub\DiT\MCCD\MCCD\MCCD-Calligrapher\calligrapher_dataset\赵孟𫖯\但-行-元-赵孟𫖯-16996.png,213,173,False,0.4152,0.0,clean,none,direct_use,True
mccd_salvage,赵孟頫,楷,位,G:\GitHub\DiT\MCCD\MCCD\MCCD-Calligrapher\calligrapher_dataset\赵孟𫖯\位-楷-元-赵孟𫖯-17121.png,251,178,False,0.2585,0.0,clean,none,direct_use,True
mccd_salvage,赵孟頫,行,低,G:\GitHub\DiT\MCCD\MCCD\MCCD-Calligrapher\calligrapher_dataset\赵孟𫖯\低-行-元-赵孟𫖯-17174.png,255,216,False,0.4434,0.0,clean,none,direct_use,True
mccd_salvage,赵孟頫,楷,佐,G:\GitHub\DiT\MCCD\MCCD\MCCD-Calligrapher\calligrapher_dataset\赵孟𫖯\佐-楷-元-赵孟𫖯-17251.png,217,204,False,0.2038,0.0,clean,none,direct_use,True
mccd_salvage,赵孟頫,行,何,G:\GitHub\DiT\MCCD\MCCD\MCCD-Calligrapher\calligrapher_dataset\赵孟𫖯\何-行-元-赵孟𫖯-17422.png,174,187,False,0.3004,0.0,clean,none,direct_use,True
mccd_salvage,赵孟頫,隶,何,G:\GitHub\DiT\MCCD\MCCD\MCCD-Calligrapher\calligrapher_dataset\赵孟𫖯\何-隶-元-赵孟𫖯-17366.png,256,154,False,0.3303,0.0,clean,none,direct_use,True
mccd_salvage,赵孟頫,楷,佛,G:\GitHub\DiT\MCCD\MCCD\MCCD-Calligrapher\calligrapher_dataset\赵孟𫖯\佛-楷-元-赵孟𫖯-17721.png,213,225,False,0.3954,0.0,clean,none,direct_use,True
mccd_salvage,赵孟頫,行,佛,G:\GitHub\DiT\MCCD\MCCD\MCCD-Calligrapher\calligrapher_dataset\赵孟𫖯\佛-行-元-赵孟𫖯-17727.png,208,259,False,0.2941,0.0,clean,none,direct_use,True
mccd_salvage,赵孟頫,行,佪,G:\GitHub\DiT\MCCD\MCCD\MCCD-Calligrapher\calligrapher_dataset\赵孟𫖯\佪-行-元-赵孟𫖯-17970.png,249,138,False,0.4296,0.0,clean,none,direct_use,True
mccd_salvage,赵孟頫,行,使,G:\GitHub\DiT\MCCD\MCCD\MCCD-Calligrapher\calligrapher_dataset\赵孟𫖯\使-行-元-赵孟𫖯-18236.png,224,201,False,0.3595,0.0,clean,none,direct_use,True
mccd_salvage,赵孟頫,隶,使,G:\GitHub\DiT\MCCD\MCCD\MCCD-Calligrapher\calligrapher_dataset\赵孟𫖯\使-隶-元-赵孟𫖯-18187.png,248,198,False,0.3429,0.0,clean,none,direct_use,True
mccd_salvage,赵孟頫,隶,來,G:\GitHub\DiT\MCCD\MCCD\MCCD-Calligrapher\calligrapher_dataset\赵孟𫖯\來-隶-元-赵孟𫖯-18481.png,184,196,False,0.2864,0.0,clean,none,direct_use,True
mccd_salvage,赵孟頫,隶,侈,G:\GitHub\DiT\MCCD\MCCD\MCCD-Calligrapher\calligrapher_dataset\赵孟𫖯\侈-隶-元-赵孟𫖯-18595.png,215,222,False,0.329,0.0,clean,none,direct_use,True
mccd_salvage,赵孟頫,楷,侍,G:\GitHub\DiT\MCCD\MCCD\MCCD-Calligrapher\calligrapher_dataset\赵孟𫖯\侍-楷-元-赵孟𫖯-18714.png,242,242,False,0.1862,0.0,clean,none,direct_use,True
mccd_salvage,赵孟頫,隶,侍,G:\GitHub\DiT\MCCD\MCCD\MCCD-Calligrapher\calligrapher_dataset\赵孟𫖯\侍-隶-元-赵孟𫖯-18691.png,245,176,False,0.3789,0.0,clean,none,direct_use,True
mccd_salvage,赵孟頫,行,俗,G:\GitHub\DiT\MCCD\MCCD\MCCD-Calligrapher\calligrapher_dataset\赵孟𫖯\俗-行-元-赵孟𫖯-19661.png,198,138,False,0.2824,0.0,clean,none,direct_use,True
mccd_salvage,赵孟頫,隶,俗,G:\GitHub\DiT\MCCD\MCCD\MCCD-Calligrapher\calligrapher_dataset\赵孟𫖯\俗-隶-元-赵孟𫖯-19634.png,235,149,False,0.3879,0.0,clean,none,direct_use,True
mccd_salvage,赵孟頫,楷,保,G:\GitHub\DiT\MCCD\MCCD\MCCD-Calligrapher\calligrapher_dataset\赵孟𫖯\保-楷-元-赵孟𫖯-19909.png,226,193,False,0.2636,0.0018,clean,none,direct_use,True
mccd_salvage,赵孟頫,隶,俠,G:\GitHub\DiT\MCCD\MCCD\MCCD-Calligrapher\calligrapher_dataset\赵孟𫖯\俠-隶-元-赵孟𫖯-20015.png,205,139,False,0.3964,0.0,clean,none,direct_use,True
mccd_salvage,赵孟頫,楷,信,G:\GitHub\DiT\MCCD\MCCD\MCCD-Calligrapher\calligrapher_dataset\赵孟𫖯\信-楷-元-赵孟𫖯-20101.png,197,177,False,0.2494,0.0,clean,none,direct_use,True
mccd_salvage,赵孟頫,楷,俱,G:\GitHub\DiT\MCCD\MCCD\MCCD-Calligrapher\calligrapher_dataset\赵孟𫖯\俱-楷-元-赵孟𫖯-20272.png,273,230,False,0.4466,0.0,clean,none,direct_use,True
mccd_salvage,赵孟頫,隶,俶,G:\GitHub\DiT\MCCD\MCCD\MCCD-Calligrapher\calligrapher_dataset\赵孟𫖯\俶-隶-元-赵孟𫖯-20318.png,257,176,False,0.3224,0.0,clean,none,direct_use,True
mccd_salvage,赵孟頫,行,候,G:\GitHub\DiT\MCCD\MCCD\MCCD-Calligrapher\calligrapher_dataset\赵孟𫖯\候-行-元-赵孟𫖯-20688.png,161,177,False,0.437,0.0,clean,none,direct_use,True
mccd_salvage,赵孟頫,楷,借,G:\GitHub\DiT\MCCD\MCCD\MCCD-Calligrapher\calligrapher_dataset\赵孟𫖯\借-楷-元-赵孟𫖯-20779.png,242,283,False,0.3071,0.0,clean,none,direct_use,True
mccd_salvage,赵孟頫,楷,倫,G:\GitHub\DiT\MCCD\MCCD\MCCD-Calligrapher\calligrapher_dataset\赵孟𫖯\倫-楷-元-赵孟𫖯-20937.png,245,181,False,0.3192,0.0,clean,none,direct_use,True
mccd_salvage,赵孟頫,楷,傍,G:\GitHub\DiT\MCCD\MCCD\MCCD-Calligrapher\calligrapher_dataset\赵孟𫖯\傍-楷-元-赵孟𫖯-21675.png,216,204,False,0.3434,0.0,clean,none,direct_use,True
mccd_salvage,赵孟頫,隶,傍,G:\GitHub\DiT\MCCD\MCCD\MCCD-Calligrapher\calligrapher_dataset\赵孟𫖯\傍-隶-元-赵孟𫖯-21671.png,233,194,False,0.4316,0.0,clean,none,direct_use,True
mccd_salvage,赵孟頫,楷,備,G:\GitHub\DiT\MCCD\MCCD\MCCD-Calligrapher\calligrapher_dataset\赵孟𫖯\備-楷-元-赵孟𫖯-21874.png,182,165,False,0.3279,0.0014,clean,none,direct_use,True
mccd_salvage,赵孟頫,行,備,G:\GitHub\DiT\MCCD\MCCD\MCCD-Calligrapher\calligrapher_dataset\赵孟𫖯\備-行-元-赵孟𫖯-21884.png,204,220,False,0.4785,0.0,clean,none,direct_use,True
mccd_salvage,赵孟頫,隶,催,G:\GitHub\DiT\MCCD\MCCD\MCCD-Calligrapher\calligrapher_dataset\赵孟𫖯\催-隶-元-赵孟𫖯-21939.png,276,213,False,0.3441,0.0,clean,none,direct_use,True
mccd_salvage,赵孟頫,楷,傷,G:\GitHub\DiT\MCCD\MCCD\MCCD-Calligrapher\calligrapher_dataset\赵孟𫖯\傷-楷-元-赵孟𫖯-22186.png,193,187,False,0.3138,0.0021,clean,none,direct_use,True
mccd_salvage,赵孟頫,楷,傾,G:\GitHub\DiT\MCCD\MCCD\MCCD-Calligrapher\calligrapher_dataset\赵孟𫖯\傾-楷-元-赵孟𫖯-22264.png,246,210,False,0.3427,0.0,clean,none,direct_use,True
mccd_salvage,赵孟頫,隶,傾,G:\GitHub\DiT\MCCD\MCCD\MCCD-Calligrapher\calligrapher_dataset\赵孟𫖯\傾-隶-元-赵孟𫖯-22260.png,249,174,False,0.4462,0.0,clean,none,direct_use,True
mccd_salvage,赵孟頫,楷,像,G:\GitHub\DiT\MCCD\MCCD\MCCD-Calligrapher\calligrapher_dataset\赵孟𫖯\像-楷-元-赵孟𫖯-22478.png,267,269,False,0.3506,0.0,clean,none,direct_use,True
mccd_salvage,赵孟頫,行,像,G:\GitHub\DiT\MCCD\MCCD\MCCD-Calligrapher\calligrapher_dataset\赵孟𫖯\像-行-元-赵孟𫖯-22485.png,174,205,False,0.2983,0.0016,clean,none,direct_use,True
mccd_salvage,赵孟頫,楷,僕,G:\GitHub\DiT\MCCD\MCCD\MCCD-Calligrapher\calligrapher_dataset\赵孟𫖯\僕-楷-元-赵孟𫖯-22606.png,232,234,False,0.2241,0.0015,clean,none,direct_use,True
mccd_salvage,赵孟頫,楷,價,G:\GitHub\DiT\MCCD\MCCD\MCCD-Calligrapher\calligrapher_dataset\赵孟𫖯\價-楷-元-赵孟𫖯-22897.png,261,253,False,0.3575,0.0,clean,none,direct_use,True
mccd_salvage,赵孟頫,行,儀,G:\GitHub\DiT\MCCD\MCCD\MCCD-Calligrapher\calligrapher_dataset\赵孟𫖯\儀-行-元-赵孟𫖯-22978.png,182,230,False,0.3129,0.0,clean,none,direct_use,True
mccd_salvage,赵孟頫,楷,儉,G:\GitHub\DiT\MCCD\MCCD\MCCD-Calligrapher\calligrapher_dataset\赵孟𫖯\儉-楷-元-赵孟𫖯-23111.png,269,202,False,0.1589,0.0007,clean,none,direct_use,True
mccd_salvage,赵孟頫,楷,儒,G:\GitHub\DiT\MCCD\MCCD\MCCD-Calligrapher\calligrapher_dataset\赵孟𫖯\儒-楷-元-赵孟𫖯-23181.png,214,196,False,0.4489,0.0,clean,none,direct_use,True
mccd_salvage,赵孟頫,楷,儔,G:\GitHub\DiT\MCCD\MCCD\MCCD-Calligrapher\calligrapher_dataset\赵孟𫖯\儔-楷-元-赵孟𫖯-23210.png,224,233,False,0.2737,0.0,clean,none,direct_use,True
mccd_salvage,赵孟頫,楷,優,G:\GitHub\DiT\MCCD\MCCD\MCCD-Calligrapher\calligrapher_dataset\赵孟𫖯\優-楷-元-赵孟𫖯-23349.png,206,203,False,0.3421,0.0,clean,none,direct_use,True
mccd_salvage,赵孟頫,隶,優,G:\GitHub\DiT\MCCD\MCCD\MCCD-Calligrapher\calligrapher_dataset\赵孟𫖯\優-隶-元-赵孟𫖯-23332.png,272,229,False,0.4431,0.0005,clean,none,direct_use,True
mccd_salvage,赵孟頫,楷,儲,G:\GitHub\DiT\MCCD\MCCD\MCCD-Calligrapher\calligrapher_dataset\赵孟𫖯\儲-楷-元-赵孟𫖯-23405.png,247,232,False,0.3579,0.0,clean,none,direct_use,True
mccd_salvage,赵孟頫,行,儲,G:\GitHub\DiT\MCCD\MCCD\MCCD-Calligrapher\calligrapher_dataset\赵孟𫖯\儲-行-元-赵孟𫖯-23407.png,249,213,False,0.2852,0.0006,clean,none,direct_use,True
mccd_salvage,赵孟頫,楷,兄,G:\GitHub\DiT\MCCD\MCCD\MCCD-Calligrapher\calligrapher_dataset\赵孟𫖯\兄-楷-元-赵孟𫖯-23949.png,244,197,False,0.3005,0.0,clean,none,direct_use,True
mccd_salvage,赵孟頫,行,兄,G:\GitHub\DiT\MCCD\MCCD\MCCD-Calligrapher\calligrapher_dataset\赵孟𫖯\兄-行-元-赵孟𫖯-23956.png,188,200,False,0.2669,0.0,clean,none,direct_use,True
mccd_salvage,赵孟頫,隶,兄,G:\GitHub\DiT\MCCD\MCCD\MCCD-Calligrapher\calligrapher_dataset\赵孟𫖯\兄-隶-元-赵孟𫖯-23938.png,229,152,False,0.3781,0.0,clean,none,direct_use,True
mccd_salvage,赵孟頫,楷,充,G:\GitHub\DiT\MCCD\MCCD\MCCD-Calligrapher\calligrapher_dataset\赵孟𫖯\充-楷-元-赵孟𫖯-24009.png,200,207,False,0.2895,0.0,clean,none,direct_use,True
mccd_salvage,赵孟頫,行,充,G:\GitHub\DiT\MCCD\MCCD\MCCD-Calligrapher\calligrapher_dataset\赵孟𫖯\充-行-元-赵孟𫖯-24012.png,182,156,False,0.2686,0.0,clean,none,direct_use,True
mccd_salvage,赵孟頫,楷,光,G:\GitHub\DiT\MCCD\MCCD\MCCD-Calligrapher\calligrapher_dataset\赵孟𫖯\光-楷-元-赵孟𫖯-24568.png,219,166,False,0.2489,0.0,clean,none,direct_use,True
mccd_salvage,赵孟頫,行,光,G:\GitHub\DiT\MCCD\MCCD\MCCD-Calligrapher\calligrapher_dataset\赵孟𫖯\光-行-元-赵孟𫖯-24585.png,157,164,False,0.2801,0.0,clean,none,direct_use,True
mccd_salvage,赵孟頫,行,光,G:\GitHub\DiT\MCCD\MCCD\MCCD-Calligrapher\calligrapher_dataset\赵孟𫖯\光-行-元-赵孟𫖯-24587.png,173,186,False,0.3487,0.0,clean,none,direct_use,True
mccd_salvage,赵孟頫,隶,光,G:\GitHub\DiT\MCCD\MCCD\MCCD-Calligrapher\calligrapher_dataset\赵孟𫖯\光-隶-元-赵孟𫖯-24524.png,272,216,False,0.2489,0.0,clean,none,direct_use,True
mccd_salvage,赵孟頫,楷,克,G:\GitHub\DiT\MCCD\MCCD\MCCD-Calligrapher\calligrapher_dataset\赵孟𫖯\克-楷-元-赵孟𫖯-24767.png,226,239,False,0.3726,0.0,clean,none,direct_use,True
mccd_salvage,赵孟頫,隶,克,G:\GitHub\DiT\MCCD\MCCD\MCCD-Calligrapher\calligrapher_dataset\赵孟𫖯\克-隶-元-赵孟𫖯-24750.png,221,199,False,0.2931,0.0,clean,none,direct_use,True
mccd_salvage,赵孟頫,楷,兜,G:\GitHub\DiT\MCCD\MCCD\MCCD-Calligrapher\calligrapher_dataset\赵孟𫖯\兜-楷-元-赵孟𫖯-25252.png,246,237,False,0.2656,0.0003,clean,none,direct_use,True
mccd_salvage,赵孟頫,行,內,G:\GitHub\DiT\MCCD\MCCD\MCCD-Calligrapher\calligrapher_dataset\赵孟𫖯\內-行-元-赵孟𫖯-25735.png,242,277,False,0.5132,0.0,clean,none,direct_use,True
mccd_salvage,赵孟頫,隶,內,G:\GitHub\DiT\MCCD\MCCD\MCCD-Calligrapher\calligrapher_dataset\赵孟𫖯\內-隶-元-赵孟𫖯-25692.png,263,170,False,0.3715,0.0,clean,none,direct_use,True
mccd_salvage,赵孟頫,隶,兩,G:\GitHub\DiT\MCCD\MCCD\MCCD-Calligrapher\calligrapher_dataset\赵孟𫖯\兩-隶-元-赵孟𫖯-25909.png,235,164,False,0.4403,0.0,clean,none,direct_use,True
mccd_salvage,赵孟頫,隶,八,G:\GitHub\DiT\MCCD\MCCD\MCCD-Calligrapher\calligrapher_dataset\赵孟𫖯\八-隶-元-赵孟𫖯-26135.png,260,174,False,0.2334,0.0,clean,none,direct_use,True
mccd_salvage,赵孟頫,楷,公,G:\GitHub\DiT\MCCD\MCCD\MCCD-Calligrapher\calligrapher_dataset\赵孟𫖯\公-楷-元-赵孟𫖯-26521.png,235,174,False,0.3314,0.0,clean,none,direct_use,True
mccd_salvage,赵孟頫,隶,公,G:\GitHub\DiT\MCCD\MCCD\MCCD-Calligrapher\calligrapher_dataset\赵孟𫖯\公-隶-元-赵孟𫖯-26451.png,229,153,False,0.3286,0.0,clean,none,direct_use,True
mccd_salvage,赵孟頫,楷,兵,G:\GitHub\DiT\MCCD\MCCD\MCCD-Calligrapher\calligrapher_dataset\赵孟𫖯\兵-楷-元-赵孟𫖯-27189.png,242,186,False,0.2558,0.0,clean,none,direct_use,True
mccd_salvage,赵孟頫,楷,其,G:\GitHub\DiT\MCCD\MCCD\MCCD-Calligrapher\calligrapher_dataset\赵孟𫖯\其-楷-元-赵孟𫖯-27449.png,235,224,False,0.2956,0.0,clean,none,direct_use,True
mccd_salvage,赵孟頫,楷,其,G:\GitHub\DiT\MCCD\MCCD\MCCD-Calligrapher\calligrapher_dataset\赵孟𫖯\其-楷-元-赵孟𫖯-27450.png,225,211,False,0.2976,0.0,clean,none,direct_use,True
mccd_salvage,赵孟頫,隶,其,G:\GitHub\DiT\MCCD\MCCD\MCCD-Calligrapher\calligrapher_dataset\赵孟𫖯\其-隶-元-赵孟𫖯-27374.png,238,180,False,0.4003,0.0,clean,none,direct_use,True
mccd_salvage,赵孟頫,行,具,G:\GitHub\DiT\MCCD\MCCD\MCCD-Calligrapher\calligrapher_dataset\赵孟𫖯\具-行-元-赵孟𫖯-27631.png,180,211,False,0.3377,0.0,clean,none,direct_use,True
mccd_salvage,赵孟頫,隶,具,G:\GitHub\DiT\MCCD\MCCD\MCCD-Calligrapher\calligrapher_dataset\赵孟𫖯\具-隶-元-赵孟𫖯-27608.png,259,274,False,0.3993,0.0,clean,none,direct_use,True
mccd_salvage,赵孟頫,行,典,G:\GitHub\DiT\MCCD\MCCD\MCCD-Calligrapher\calligrapher_dataset\赵孟𫖯\典-行-元-赵孟𫖯-27751.png,212,141,False,0.2838,0.0,clean,none,direct_use,True
mccd_salvage,赵孟頫,隶,典,G:\GitHub\DiT\MCCD\MCCD\MCCD-Calligrapher\calligrapher_dataset\赵孟𫖯\典-隶-元-赵孟𫖯-27721.png,281,175,False,0.3835,0.0,clean,none,direct_use,True
mccd_salvage,赵孟頫,楷,兼,G:\GitHub\DiT\MCCD\MCCD\MCCD-Calligrapher\calligrapher_dataset\赵孟𫖯\兼-楷-元-赵孟𫖯-27867.png,274,252,False,0.4414,0.0,clean,none,direct_use,True
mccd_salvage,赵孟頫,楷,内,G:\GitHub\DiT\MCCD\MCCD\MCCD-Calligrapher\calligrapher_dataset\赵孟𫖯\内-楷-元-赵孟𫖯-28211.png,205,174,False,0.3631,0.0,clean,none,direct_use,True
mccd_salvage,赵孟頫,行,内,G:\GitHub\DiT\MCCD\MCCD\MCCD-Calligrapher\calligrapher_dataset\赵孟𫖯\内-行-元-赵孟𫖯-28218.png,242,277,False,0.5132,0.0,clean,none,direct_use,True
mccd_salvage,赵孟頫,隶,再,G:\GitHub\DiT\MCCD\MCCD\MCCD-Calligrapher\calligrapher_dataset\赵孟𫖯\再-隶-元-赵孟𫖯-28462.png,272,161,False,0.4827,0.0,clean,none,direct_use,True
mccd_salvage,赵孟頫,楷,冕,G:\GitHub\DiT\MCCD\MCCD\MCCD-Calligrapher\calligrapher_dataset\赵孟𫖯\冕-楷-元-赵孟𫖯-28652.png,234,286,False,0.2926,0.0,clean,none,direct_use,True
mccd_salvage,赵孟頫,楷,冠,G:\GitHub\DiT\MCCD\MCCD\MCCD-Calligrapher\calligrapher_dataset\赵孟𫖯\冠-楷-元-赵孟𫖯-28730.png,263,211,False,0.3002,0.0003,clean,none,direct_use,True
mccd_salvage,赵孟頫,隶,冥,G:\GitHub\DiT\MCCD\MCCD\MCCD-Calligrapher\calligrapher_dataset\赵孟𫖯\冥-隶-元-赵孟𫖯-28862.png,243,204,False,0.3934,0.0,clean,none,direct_use,True
mccd_salvage,赵孟頫,行,冬,G:\GitHub\DiT\MCCD\MCCD\MCCD-Calligrapher\calligrapher_dataset\赵孟𫖯\冬-行-元-赵孟𫖯-28953.png,190,162,False,0.2744,0.0,clean,none,direct_use,True
mccd_salvage,赵孟頫,楷,况,G:\GitHub\DiT\MCCD\MCCD\MCCD-Calligrapher\calligrapher_dataset\赵孟𫖯\况-楷-元-赵孟𫖯-29065.png,241,181,False,0.3045,0.0,clean,none,direct_use,True
mccd_salvage,赵孟頫,行,况,G:\GitHub\DiT\MCCD\MCCD\MCCD-Calligrapher\calligrapher_dataset\赵孟𫖯\况-行-元-赵孟𫖯-29079.png,256,174,False,0.2905,0.0,clean,none,direct_use,True
mccd_salvage,赵孟頫,行,况,G:\GitHub\DiT\MCCD\MCCD\MCCD-Calligrapher\calligrapher_dataset\赵孟𫖯\况-行-元-赵孟𫖯-29080.png,254,199,False,0.351,0.0,clean,none,direct_use,True
mccd_salvage,赵孟頫,楷,凊,G:\GitHub\DiT\MCCD\MCCD\MCCD-Calligrapher\calligrapher_dataset\赵孟𫖯\凊-楷-元-赵孟𫖯-29199.png,176,182,False,0.2416,0.0,clean,none,direct_use,True
mccd_salvage,赵孟頫,行,凊,G:\GitHub\DiT\MCCD\MCCD\MCCD-Calligrapher\calligrapher_dataset\赵孟𫖯\凊-行-元-赵孟𫖯-29203.png,163,223,False,0.2677,0.0,clean,none,direct_use,True
mccd_salvage,赵孟頫,行,凌,G:\GitHub\DiT\MCCD\MCCD\MCCD-Calligrapher\calligrapher_dataset\赵孟𫖯\凌-行-元-赵孟𫖯-29231.png,190,165,False,0.263,0.0,clean,none,direct_use,True
mccd_salvage,赵孟頫,楷,凛,G:\GitHub\DiT\MCCD\MCCD\MCCD-Calligrapher\calligrapher_dataset\赵孟𫖯\凛-楷-元-赵孟𫖯-29316.png,212,237,False,0.3231,0.0,clean,none,direct_use,True
mccd_salvage,赵孟頫,行,凝,G:\GitHub\DiT\MCCD\MCCD\MCCD-Calligrapher\calligrapher_dataset\赵孟𫖯\凝-行-元-赵孟𫖯-29338.png,185,166,False,0.2978,0.0,clean,none,direct_use,True
mccd_salvage,赵孟頫,楷,出,G:\GitHub\DiT\MCCD\MCCD\MCCD-Calligrapher\calligrapher_dataset\赵孟𫖯\出-楷-元-赵孟𫖯-29966.png,206,193,False,0.4378,0.0,clean,none,direct_use,True
mccd_salvage,赵孟頫,楷,分,G:\GitHub\DiT\MCCD\MCCD\MCCD-Calligrapher\calligrapher_dataset\赵孟𫖯\分-楷-元-赵孟𫖯-30310.png,244,225,False,0.2566,0.0,clean,none,direct_use,True
mccd_salvage,赵孟頫,行,分,G:\GitHub\DiT\MCCD\MCCD\MCCD-Calligrapher\calligrapher_dataset\赵孟𫖯\分-行-元-赵孟𫖯-30330.png,181,126,False,0.2552,0.0,clean,none,direct_use,True
mccd_salvage,赵孟頫,行,分,G:\GitHub\DiT\MCCD\MCCD\MCCD-Calligrapher\calligrapher_dataset\赵孟𫖯\分-行-元-赵孟𫖯-30331.png,159,133,False,0.2504,0.0,clean,none,direct_use,True
mccd_salvage,赵孟頫,行,切,G:\GitHub\DiT\MCCD\MCCD\MCCD-Calligrapher\calligrapher_dataset\赵孟𫖯\切-行-元-赵孟𫖯-30408.png,187,153,False,0.313,0.0,clean,none,direct_use,True
mccd_salvage,赵孟頫,楷,刈,G:\GitHub\DiT\MCCD\MCCD\MCCD-Calligrapher\calligrapher_dataset\赵孟𫖯\刈-楷-元-赵孟𫖯-30433.png,183,201,False,0.209,0.0,clean,none,direct_use,True
mccd_salvage,赵孟頫,楷,刋,G:\GitHub\DiT\MCCD\MCCD\MCCD-Calligrapher\calligrapher_dataset\赵孟𫖯\刋-楷-元-赵孟𫖯-30501.png,191,218,False,0.3597,0.0,clean,none,direct_use,True
mccd_salvage,赵孟頫,楷,刑,G:\GitHub\DiT\MCCD\MCCD\MCCD-Calligrapher\calligrapher_dataset\赵孟𫖯\刑-楷-元-赵孟𫖯-30573.png,176,199,False,0.4533,0.0,clean,none,direct_use,True
mccd_salvage,赵孟頫,隶,刑,G:\GitHub\DiT\MCCD\MCCD\MCCD-Calligrapher\calligrapher_dataset\赵孟𫖯\刑-隶-元-赵孟𫖯-30557.png,260,158,False,0.4004,0.0,clean,none,direct_use,True
mccd_salvage,赵孟頫,楷,列,G:\GitHub\DiT\MCCD\MCCD\MCCD-Calligrapher\calligrapher_dataset\赵孟𫖯\列-楷-元-赵孟𫖯-30674.png,176,222,False,0.2723,0.0,clean,none,direct_use,True
mccd_salvage,赵孟頫,行,列,G:\GitHub\DiT\MCCD\MCCD\MCCD-Calligrapher\calligrapher_dataset\赵孟𫖯\列-行-元-赵孟𫖯-30685.png,214,222,False,0.4899,0.0001,clean,none,direct_use,True
mccd_salvage,赵孟頫,隶,列,G:\GitHub\DiT\MCCD\MCCD\MCCD-Calligrapher\calligrapher_dataset\赵孟𫖯\列-隶-元-赵孟𫖯-30655.png,218,200,False,0.2819,0.0,clean,none,direct_use,True
mccd_salvage,赵孟頫,楷,別,G:\GitHub\DiT\MCCD\MCCD\MCCD-Calligrapher\calligrapher_dataset\赵孟𫖯\別-楷-元-赵孟𫖯-30981.png,217,228,False,0.2973,0.0,clean,none,direct_use,True
mccd_salvage,赵孟頫,隶,別,G:\GitHub\DiT\MCCD\MCCD\MCCD-Calligrapher\calligrapher_dataset\赵孟𫖯\別-隶-元-赵孟𫖯-30971.png,213,151,False,0.3226,0.0,clean,none,direct_use,True
mccd_salvage,赵孟頫,楷,利,G:\GitHub\DiT\MCCD\MCCD\MCCD-Calligrapher\calligrapher_dataset\赵孟𫖯\利-楷-元-赵孟𫖯-31137.png,220,224,False,0.3209,0.0,clean,none,direct_use,True
mccd_salvage,赵孟頫,楷,别,G:\GitHub\DiT\MCCD\MCCD\MCCD-Calligrapher\calligrapher_dataset\赵孟𫖯\别-楷-元-赵孟𫖯-31224.png,217,228,False,0.2973,0.0,clean,none,direct_use,True
mccd_salvage,赵孟頫,隶,别,G:\GitHub\DiT\MCCD\MCCD\MCCD-Calligrapher\calligrapher_dataset\赵孟𫖯\别-隶-元-赵孟𫖯-31214.png,213,151,False,0.3226,0.0,clean,none,direct_use,True
mccd_salvage,赵孟頫,行,到,G:\GitHub\DiT\MCCD\MCCD\MCCD-Calligrapher\calligrapher_dataset\赵孟𫖯\到-行-元-赵孟𫖯-31350.png,164,440,False,0.2066,0.0,clean,none,direct_use,True
mccd_salvage,赵孟頫,楷,制,G:\GitHub\DiT\MCCD\MCCD\MCCD-Calligrapher\calligrapher_dataset\赵孟𫖯\制-楷-元-赵孟𫖯-31451.png,197,190,False,0.3954,0.0,clean,none,direct_use,True
mccd_salvage,赵孟頫,楷,刻,G:\GitHub\DiT\MCCD\MCCD\MCCD-Calligrapher\calligrapher_dataset\赵孟𫖯\刻-楷-元-赵孟𫖯-31630.png,208,203,False,0.3634,0.0,clean,none,direct_use,True
mccd_salvage,赵孟頫,行,刻,G:\GitHub\DiT\MCCD\MCCD\MCCD-Calligrapher\calligrapher_dataset\赵孟𫖯\刻-行-元-赵孟𫖯-31645.png,183,157,False,0.4301,0.0,clean,none,direct_use,True
mccd_salvage,赵孟頫,楷,則,G:\GitHub\DiT\MCCD\MCCD\MCCD-Calligrapher\calligrapher_dataset\赵孟𫖯\則-楷-元-赵孟𫖯-31828.png,200,225,False,0.3606,0.0,clean,none,direct_use,True
mccd_salvage,赵孟頫,楷,副,G:\GitHub\DiT\MCCD\MCCD\MCCD-Calligrapher\calligrapher_dataset\赵孟𫖯\副-楷-元-赵孟𫖯-32348.png,212,242,False,0.5104,0.0,clean,none,direct_use,True
mccd_salvage,赵孟頫,楷,剸,G:\GitHub\DiT\MCCD\MCCD\MCCD-Calligrapher\calligrapher_dataset\赵孟𫖯\剸-楷-元-赵孟𫖯-32455.png,170,182,False,0.2951,0.0,clean,none,direct_use,True
mccd_salvage,赵孟頫,楷,劉,G:\GitHub\DiT\MCCD\MCCD\MCCD-Calligrapher\calligrapher_dataset\赵孟𫖯\劉-楷-元-赵孟𫖯-32597.png,211,242,False,0.3147,0.0,clean,none,direct_use,True
mccd_salvage,赵孟頫,楷,劒,G:\GitHub\DiT\MCCD\MCCD\MCCD-Calligrapher\calligrapher_dataset\赵孟𫖯\劒-楷-元-赵孟𫖯-32715.png,228,154,False,0.2429,0.0008,clean,none,direct_use,True
mccd_salvage,赵孟頫,隶,力,G:\GitHub\DiT\MCCD\MCCD\MCCD-Calligrapher\calligrapher_dataset\赵孟𫖯\力-隶-元-赵孟𫖯-32854.png,224,192,False,0.303,0.0,clean,none,direct_use,True
mccd_salvage,赵孟頫,楷,助,G:\GitHub\DiT\MCCD\MCCD\MCCD-Calligrapher\calligrapher_dataset\赵孟𫖯\助-楷-元-赵孟𫖯-33160.png,242,174,False,0.4142,0.0,clean,none,direct_use,True
mccd_salvage,赵孟頫,隶,劭,G:\GitHub\DiT\MCCD\MCCD\MCCD-Calligrapher\calligrapher_dataset\赵孟𫖯\劭-隶-元-赵孟𫖯-33227.png,263,162,False,0.3377,0.0,clean,none,direct_use,True
mccd_salvage,赵孟頫,隶,勉,G:\GitHub\DiT\MCCD\MCCD\MCCD-Calligrapher\calligrapher_dataset\赵孟𫖯\勉-隶-元-赵孟𫖯-33398.png,249,183,False,0.372,0.0,clean,none,direct_use,True
mccd_salvage,赵孟頫,隶,勒,G:\GitHub\DiT\MCCD\MCCD\MCCD-Calligrapher\calligrapher_dataset\赵孟𫖯\勒-隶-元-赵孟𫖯-33517.png,223,187,False,0.3315,0.0,clean,none,direct_use,True
mccd_salvage,赵孟頫,楷,務,G:\GitHub\DiT\MCCD\MCCD\MCCD-Calligrapher\calligrapher_dataset\赵孟𫖯\務-楷-元-赵孟𫖯-33686.png,237,177,False,0.3457,0.0,clean,none,direct_use,True
mccd_salvage,赵孟頫,楷,勞,G:\GitHub\DiT\MCCD\MCCD\MCCD-Calligrapher\calligrapher_dataset\赵孟𫖯\勞-楷-元-赵孟𫖯-33883.png,155,177,False,0.2577,0.0,clean,none,direct_use,True
mccd_salvage,赵孟頫,楷,勢,G:\GitHub\DiT\MCCD\MCCD\MCCD-Calligrapher\calligrapher_dataset\赵孟𫖯\勢-楷-元-赵孟𫖯-33975.png,191,225,False,0.3072,0.0,clean,none,direct_use,True
mccd_salvage,赵孟頫,楷,勿,G:\GitHub\DiT\MCCD\MCCD\MCCD-Calligrapher\calligrapher_dataset\赵孟𫖯\勿-楷-元-赵孟𫖯-34489.png,220,236,False,0.2984,0.0,clean,none,direct_use,True
mccd_salvage,赵孟頫,行,勿,G:\GitHub\DiT\MCCD\MCCD\MCCD-Calligrapher\calligrapher_dataset\赵孟𫖯\勿-行-元-赵孟𫖯-34508.png,176,200,False,0.3437,0.0,clean,none,direct_use,True
mccd_salvage,赵孟頫,行,包,G:\GitHub\DiT\MCCD\MCCD\MCCD-Calligrapher\calligrapher_dataset\赵孟𫖯\包-行-元-赵孟𫖯-34629.png,177,248,False,0.3624,0.0,clean,none,direct_use,True
mccd_salvage,赵孟頫,隶,化,G:\GitHub\DiT\MCCD\MCCD\MCCD-Calligrapher\calligrapher_dataset\赵孟𫖯\化-隶-元-赵孟𫖯-34830.png,253,140,False,0.2644,0.0,clean,none,direct_use,True
mccd_salvage,赵孟頫,楷,北,G:\GitHub\DiT\MCCD\MCCD\MCCD-Calligrapher\calligrapher_dataset\赵孟𫖯\北-楷-元-赵孟𫖯-35055.png,215,199,False,0.3113,0.0,clean,none,direct_use,True
mccd_salvage,赵孟頫,行,北,G:\GitHub\DiT\MCCD\MCCD\MCCD-Calligrapher\calligrapher_dataset\赵孟𫖯\北-行-元-赵孟𫖯-35058.png,204,186,False,0.3793,0.0,clean,none,direct_use,True
mccd_salvage,赵孟頫,行,匡,G:\GitHub\DiT\MCCD\MCCD\MCCD-Calligrapher\calligrapher_dataset\赵孟𫖯\匡-行-元-赵孟𫖯-35213.png,174,193,False,0.4187,0.0,clean,none,direct_use,True
mccd_salvage,赵孟頫,隶,匡,G:\GitHub\DiT\MCCD\MCCD\MCCD-Calligrapher\calligrapher_dataset\赵孟𫖯\匡-隶-元-赵孟𫖯-35200.png,266,190,False,0.3744,0.0,clean,none,direct_use,True
mccd_salvage,赵孟頫,隶,匪,G:\GitHub\DiT\MCCD\MCCD\MCCD-Calligrapher\calligrapher_dataset\赵孟𫖯\匪-隶-元-赵孟𫖯-35279.png,219,148,False,0.4085,0.0,clean,none,direct_use,True
mccd_salvage,赵孟頫,楷,匿,G:\GitHub\DiT\MCCD\MCCD\MCCD-Calligrapher\calligrapher_dataset\赵孟𫖯\匿-楷-元-赵孟𫖯-35566.png,175,206,False,0.375,0.0004,clean,none,direct_use,True
mccd_salvage,赵孟頫,楷,千,G:\GitHub\DiT\MCCD\MCCD\MCCD-Calligrapher\calligrapher_dataset\赵孟𫖯\千-楷-元-赵孟𫖯-36037.png,166,187,False,0.2074,0.0,clean,none,direct_use,True
mccd_salvage,赵孟頫,行,千,G:\GitHub\DiT\MCCD\MCCD\MCCD-Calligrapher\calligrapher_dataset\赵孟𫖯\千-行-元-赵孟𫖯-36052.png,161,207,False,0.3937,0.0,clean,none,direct_use,True
mccd_salvage,赵孟頫,楷,升,G:\GitHub\DiT\MCCD\MCCD\MCCD-Calligrapher\calligrapher_dataset\赵孟𫖯\升-楷-元-赵孟𫖯-36261.png,210,318,False,0.3025,0.0,clean,none,direct_use,True
mccd_salvage,赵孟頫,行,升,G:\GitHub\DiT\MCCD\MCCD\MCCD-Calligrapher\calligrapher_dataset\赵孟𫖯\升-行-元-赵孟𫖯-36268.png,196,237,False,0.3667,0.0,clean,none,direct_use,True
mccd_salvage,赵孟頫,楷,南,G:\GitHub\DiT\MCCD\MCCD\MCCD-Calligrapher\calligrapher_dataset\赵孟𫖯\南-楷-元-赵孟𫖯-37029.png,215,243,False,0.4203,0.0,clean,none,direct_use,True
mccd_salvage,赵孟頫,楷,卜,G:\GitHub\DiT\MCCD\MCCD\MCCD-Calligrapher\calligrapher_dataset\赵孟𫖯\卜-楷-元-赵孟𫖯-37224.png,213,245,False,0.2766,0.0,clean,none,direct_use,True
mccd_salvage,赵孟頫,楷,卣,G:\GitHub\DiT\MCCD\MCCD\MCCD-Calligrapher\calligrapher_dataset\赵孟𫖯\卣-楷-元-赵孟𫖯-37416.png,166,228,False,0.325,0.0,clean,none,direct_use,True
mccd_salvage,赵孟頫,隶,即,G:\GitHub\DiT\MCCD\MCCD\MCCD-Calligrapher\calligrapher_dataset\赵孟𫖯\即-隶-元-赵孟𫖯-38095.png,237,185,False,0.3997,0.0,clean,none,direct_use,True
mccd_salvage,赵孟頫,行,却,G:\GitHub\DiT\MCCD\MCCD\MCCD-Calligrapher\calligrapher_dataset\赵孟𫖯\却-行-元-赵孟𫖯-38184.png,191,294,False,0.2769,0.0,clean,none,direct_use,True
mccd_salvage,赵孟頫,行,卷,G:\GitHub\DiT\MCCD\MCCD\MCCD-Calligrapher\calligrapher_dataset\赵孟𫖯\卷-行-元-赵孟𫖯-38255.png,165,162,False,0.3521,0.0,clean,none,direct_use,True
mccd_salvage,赵孟頫,楷,厚,G:\GitHub\DiT\MCCD\MCCD\MCCD-Calligrapher\calligrapher_dataset\赵孟𫖯\厚-楷-元-赵孟𫖯-38791.png,206,255,False,0.3564,0.0,clean,none,direct_use,True
mccd_salvage,赵孟頫,楷,厥,G:\GitHub\DiT\MCCD\MCCD\MCCD-Calligrapher\calligrapher_dataset\赵孟𫖯\厥-楷-元-赵孟𫖯-38994.png,205,189,False,0.2958,0.0,clean,none,direct_use,True
mccd_salvage,赵孟頫,行,去,G:\GitHub\DiT\MCCD\MCCD\MCCD-Calligrapher\calligrapher_dataset\赵孟𫖯\去-行-元-赵孟𫖯-39332.png,221,209,False,0.3304,0.0,clean,none,direct_use,True
mccd_salvage,赵孟頫,楷,又,G:\GitHub\DiT\MCCD\MCCD\MCCD-Calligrapher\calligrapher_dataset\赵孟𫖯\又-楷-元-赵孟𫖯-40289.png,241,155,False,0.3299,0.0,clean,none,direct_use,True
mccd_salvage,赵孟頫,楷,及,G:\GitHub\DiT\MCCD\MCCD\MCCD-Calligrapher\calligrapher_dataset\赵孟𫖯\及-楷-元-赵孟𫖯-40503.png,200,175,False,0.2571,0.0,clean,none,direct_use,True
mccd_salvage,赵孟頫,隶,友,G:\GitHub\DiT\MCCD\MCCD\MCCD-Calligrapher\calligrapher_dataset\赵孟𫖯\友-隶-元-赵孟𫖯-40619.png,274,190,False,0.3528,0.0,clean,none,direct_use,True
mccd_salvage,赵孟頫,行,叛,G:\GitHub\DiT\MCCD\MCCD\MCCD-Calligrapher\calligrapher_dataset\赵孟𫖯\叛-行-元-赵孟𫖯-41485.png,249,185,False,0.2882,0.0,clean,none,direct_use,True
mccd_salvage,赵孟頫,隶,古,G:\GitHub\DiT\MCCD\MCCD\MCCD-Calligrapher\calligrapher_dataset\赵孟𫖯\古-隶-元-赵孟𫖯-41880.png,260,138,False,0.3804,0.0,clean,none,direct_use,True
mccd_salvage,赵孟頫,楷,可,G:\GitHub\DiT\MCCD\MCCD\MCCD-Calligrapher\calligrapher_dataset\赵孟𫖯\可-楷-元-赵孟𫖯-42563.png,234,185,False,0.2311,0.0,clean,none,direct_use,True
mccd_salvage,赵孟頫,行,可,G:\GitHub\DiT\MCCD\MCCD\MCCD-Calligrapher\calligrapher_dataset\赵孟𫖯\可-行-元-赵孟𫖯-42587.png,211,167,False,0.3323,0.0,clean,none,direct_use,True
mccd_salvage,赵孟頫,楷,台,G:\GitHub\DiT\MCCD\MCCD\MCCD-Calligrapher\calligrapher_dataset\赵孟𫖯\台-楷-元-赵孟𫖯-42680.png,233,299,False,0.3944,0.0004,clean,none,direct_use,True
mccd_salvage,赵孟頫,楷,史,G:\GitHub\DiT\MCCD\MCCD\MCCD-Calligrapher\calligrapher_dataset\赵孟𫖯\史-楷-元-赵孟𫖯-42884.png,260,227,False,0.2707,0.0,clean,none,direct_use,True
mccd_salvage,赵孟頫,行,右,G:\GitHub\DiT\MCCD\MCCD\MCCD-Calligrapher\calligrapher_dataset\赵孟𫖯\右-行-元-赵孟𫖯-43090.png,197,187,False,0.5025,0.0,clean,none,direct_use,True
mccd_salvage,赵孟頫,隶,合,G:\GitHub\DiT\MCCD\MCCD\MCCD-Calligrapher\calligrapher_dataset\赵孟𫖯\合-隶-元-赵孟𫖯-43754.png,259,181,False,0.3346,0.0,clean,none,direct_use,True
mccd_salvage,赵孟頫,楷,吉,G:\GitHub\DiT\MCCD\MCCD\MCCD-Calligrapher\calligrapher_dataset\赵孟𫖯\吉-楷-元-赵孟𫖯-44041.png,236,247,False,0.2966,0.0,clean,none,direct_use,True
mccd_salvage,赵孟頫,楷,同,G:\GitHub\DiT\MCCD\MCCD\MCCD-Calligrapher\calligrapher_dataset\赵孟𫖯\同-楷-元-赵孟𫖯-44258.png,200,218,False,0.4827,0.0,clean,none,direct_use,True
mccd_salvage,赵孟頫,行,同,G:\GitHub\DiT\MCCD\MCCD\MCCD-Calligrapher\calligrapher_dataset\赵孟𫖯\同-行-元-赵孟𫖯-44274.png,175,195,False,0.409,0.0,clean,none,direct_use,True
mccd_salvage,赵孟頫,隶,同,G:\GitHub\DiT\MCCD\MCCD\MCCD-Calligrapher\calligrapher_dataset\赵孟𫖯\同-隶-元-赵孟𫖯-44204.png,257,158,False,0.5039,0.0,clean,none,direct_use,True
mccd_salvage,赵孟頫,隶,名,G:\GitHub\DiT\MCCD\MCCD\MCCD-Calligrapher\calligrapher_dataset\赵孟𫖯\名-隶-元-赵孟𫖯-44382.png,246,228,False,0.3712,0.0,clean,none,direct_use,True
mccd_salvage,赵孟頫,楷,吏,G:\GitHub\DiT\MCCD\MCCD\MCCD-Calligrapher\calligrapher_dataset\赵孟𫖯\吏-楷-元-赵孟𫖯-44610.png,247,215,False,0.304,0.0,clean,none,direct_use,True
mccd_salvage,赵孟頫,楷,向,G:\GitHub\DiT\MCCD\MCCD\MCCD-Calligrapher\calligrapher_dataset\赵孟𫖯\向-楷-元-赵孟𫖯-44711.png,242,214,False,0.394,0.0,clean,none,direct_use,True
mccd_salvage,赵孟頫,行,向,G:\GitHub\DiT\MCCD\MCCD\MCCD-Calligrapher\calligrapher_dataset\赵孟𫖯\向-行-元-赵孟𫖯-44721.png,266,169,False,0.4388,0.0,clean,none,direct_use,True
mccd_salvage,赵孟頫,楷,吳,G:\GitHub\DiT\MCCD\MCCD\MCCD-Calligrapher\calligrapher_dataset\赵孟𫖯\吳-楷-元-赵孟𫖯-45654.png,204,258,False,0.2964,0.0,clean,none,direct_use,True
mccd_salvage,赵孟頫,楷,吴,G:\GitHub\DiT\MCCD\MCCD\MCCD-Calligrapher\calligrapher_dataset\赵孟𫖯\吴-楷-元-赵孟𫖯-45794.png,204,258,False,0.2964,0.0,clean,none,direct_use,True
mccd_salvage,赵孟頫,楷,吸,G:\GitHub\DiT\MCCD\MCCD\MCCD-Calligrapher\calligrapher_dataset\赵孟𫖯\吸-楷-元-赵孟𫖯-45856.png,253,170,False,0.2921,0.0,clean,none,direct_use,True
mccd_salvage,赵孟頫,行,吹,G:\GitHub\DiT\MCCD\MCCD\MCCD-Calligrapher\calligrapher_dataset\赵孟𫖯\吹-行-元-赵孟𫖯-45892.png,257,164,False,0.2553,0.0,clean,none,direct_use,True
mccd_salvage,赵孟頫,隶,吹,G:\GitHub\DiT\MCCD\MCCD\MCCD-Calligrapher\calligrapher_dataset\赵孟𫖯\吹-隶-元-赵孟𫖯-45879.png,244,140,False,0.2923,0.0,clean,none,direct_use,True
mccd_salvage,赵孟頫,楷,吾,G:\GitHub\DiT\MCCD\MCCD\MCCD-Calligrapher\calligrapher_dataset\赵孟𫖯\吾-楷-元-赵孟𫖯-45989.png,228,199,False,0.3333,0.0,clean,none,direct_use,True
mccd_salvage,赵孟頫,行,吾,G:\GitHub\DiT\MCCD\MCCD\MCCD-Calligrapher\calligrapher_dataset\赵孟𫖯\吾-行-元-赵孟𫖯-46004.png,170,211,False,0.4764,0.0002,clean,none,direct_use,True
mccd_salvage,赵孟頫,行,呉,G:\GitHub\DiT\MCCD\MCCD\MCCD-Calligrapher\calligrapher_dataset\赵孟𫖯\呉-行-元-赵孟𫖯-46481.png,151,204,False,0.3976,0.0,clean,none,direct_use,True
mccd_salvage,赵孟頫,楷,呑,G:\GitHub\DiT\MCCD\MCCD\MCCD-Calligrapher\calligrapher_dataset\赵孟𫖯\呑-楷-元-赵孟𫖯-46719.png,189,152,False,0.2823,0.0,clean,none,direct_use,True
mccd_salvage,赵孟頫,隶,周,G:\GitHub\DiT\MCCD\MCCD\MCCD-Calligrapher\calligrapher_dataset\赵孟𫖯\周-隶-元-赵孟𫖯-46917.png,272,195,False,0.4642,0.0,clean,none,direct_use,True
mccd_salvage,赵孟頫,隶,周,G:\GitHub\DiT\MCCD\MCCD\MCCD-Calligrapher\calligrapher_dataset\赵孟𫖯\周-隶-元-赵孟𫖯-46918.png,284,220,False,0.4614,0.0,clean,none,direct_use,True
mccd_salvage,赵孟頫,楷,味,G:\GitHub\DiT\MCCD\MCCD\MCCD-Calligrapher\calligrapher_dataset\赵孟𫖯\味-楷-元-赵孟𫖯-47027.png,195,184,False,0.1818,0.0,clean,none,direct_use,True
mccd_salvage,赵孟頫,隶,命,G:\GitHub\DiT\MCCD\MCCD\MCCD-Calligrapher\calligrapher_dataset\赵孟𫖯\命-隶-元-赵孟𫖯-47289.png,264,203,False,0.2942,0.0,clean,none,direct_use,True
mccd_salvage,赵孟頫,行,和,G:\GitHub\DiT\MCCD\MCCD\MCCD-Calligrapher\calligrapher_dataset\赵孟𫖯\和-行-元-赵孟𫖯-47549.png,256,189,False,0.2865,0.0,clean,none,direct_use,True
mccd_salvage,赵孟頫,隶,和,G:\GitHub\DiT\MCCD\MCCD\MCCD-Calligrapher\calligrapher_dataset\赵孟𫖯\和-隶-元-赵孟𫖯-47499.png,234,129,False,0.3796,0.0,clean,none,direct_use,True
mccd_salvage,赵孟頫,行,哀,G:\GitHub\DiT\MCCD\MCCD\MCCD-Calligrapher\calligrapher_dataset\赵孟𫖯\哀-行-元-赵孟𫖯-48149.png,167,219,False,0.3533,0.0,clean,none,direct_use,True
mccd_salvage,赵孟頫,楷,品,G:\GitHub\DiT\MCCD\MCCD\MCCD-Calligrapher\calligrapher_dataset\赵孟𫖯\品-楷-元-赵孟𫖯-48220.png,260,240,False,0.493,0.0,clean,none,direct_use,True
mccd_salvage,赵孟頫,楷,品,G:\GitHub\DiT\MCCD\MCCD\MCCD-Calligrapher\calligrapher_dataset\赵孟𫖯\品-楷-元-赵孟𫖯-48221.png,264,285,False,0.3759,0.0,clean,none,direct_use,True
mccd_salvage,赵孟頫,楷,唐,G:\GitHub\DiT\MCCD\MCCD\MCCD-Calligrapher\calligrapher_dataset\赵孟𫖯\唐-楷-元-赵孟𫖯-48820.png,183,218,False,0.3354,0.0,clean,none,direct_use,True
mccd_salvage,赵孟頫,行,唐,G:\GitHub\DiT\MCCD\MCCD\MCCD-Calligrapher\calligrapher_dataset\赵孟𫖯\唐-行-元-赵孟𫖯-48825.png,208,215,False,0.3544,0.0,clean,none,direct_use,True
mccd_salvage,赵孟頫,隶,唐,G:\GitHub\DiT\MCCD\MCCD\MCCD-Calligrapher\calligrapher_dataset\赵孟𫖯\唐-隶-元-赵孟𫖯-48794.png,234,192,False,0.453,0.0,clean,none,direct_use,True
mccd_salvage,赵孟頫,行,商,G:\GitHub\DiT\MCCD\MCCD\MCCD-Calligrapher\calligrapher_dataset\赵孟𫖯\商-行-元-赵孟𫖯-49204.png,182,176,False,0.4463,0.0,clean,none,direct_use,True
mccd_salvage,赵孟頫,楷,問,G:\GitHub\DiT\MCCD\MCCD\MCCD-Calligrapher\calligrapher_dataset\赵孟𫖯\問-楷-元-赵孟𫖯-49295.png,195,203,False,0.3309,0.0,clean,none,direct_use,True
mccd_salvage,赵孟頫,楷,啟,G:\GitHub\DiT\MCCD\MCCD\MCCD-Calligrapher\calligrapher_dataset\赵孟𫖯\啟-楷-元-赵孟𫖯-49548.png,217,164,False,0.3342,0.0,clean,none,direct_use,True
mccd_salvage,赵孟頫,隶,啟,G:\GitHub\DiT\MCCD\MCCD\MCCD-Calligrapher\calligrapher_dataset\赵孟𫖯\啟-隶-元-赵孟𫖯-49534.png,250,170,False,0.4039,0.0,clean,none,direct_use,True
mccd_salvage,赵孟頫,隶,善,G:\GitHub\DiT\MCCD\MCCD\MCCD-Calligrapher\calligrapher_dataset\赵孟𫖯\善-隶-元-赵孟𫖯-49803.png,262,205,False,0.3324,0.0,clean,none,direct_use,True
mccd_salvage,赵孟頫,楷,喩,G:\GitHub\DiT\MCCD\MCCD\MCCD-Calligrapher\calligrapher_dataset\赵孟𫖯\喩-楷-元-赵孟𫖯-50240.png,281,238,False,0.2001,0.0013,clean,none,direct_use,True
mccd_salvage,赵孟頫,楷,喬,G:\GitHub\DiT\MCCD\MCCD\MCCD-Calligrapher\calligrapher_dataset\赵孟𫖯\喬-楷-元-赵孟𫖯-50442.png,202,182,False,0.2377,0.0,clean,none,direct_use,True
mccd_salvage,赵孟頫,楷,喻,G:\GitHub\DiT\MCCD\MCCD\MCCD-Calligrapher\calligrapher_dataset\赵孟𫖯\喻-楷-元-赵孟𫖯-50561.png,281,238,False,0.2001,0.0013,clean,none,direct_use,True
mccd_salvage,赵孟頫,楷,嗟,G:\GitHub\DiT\MCCD\MCCD\MCCD-Calligrapher\calligrapher_dataset\赵孟𫖯\嗟-楷-元-赵孟𫖯-50835.png,176,182,False,0.2824,0.0027,clean,none,direct_use,True
mccd_salvage,赵孟頫,隶,嘼,G:\GitHub\DiT\MCCD\MCCD\MCCD-Calligrapher\calligrapher_dataset\赵孟𫖯\嘼-隶-元-赵孟𫖯-51539.png,292,230,False,0.3955,0.0,clean,none,direct_use,True
mccd_salvage,赵孟頫,隶,器,G:\GitHub\DiT\MCCD\MCCD\MCCD-Calligrapher\calligrapher_dataset\赵孟𫖯\器-隶-元-赵孟𫖯-51800.png,218,183,False,0.3961,0.0,clean,none,direct_use,True
mccd_salvage,赵孟頫,隶,嚴,G:\GitHub\DiT\MCCD\MCCD\MCCD-Calligrapher\calligrapher_dataset\赵孟𫖯\嚴-隶-元-赵孟𫖯-52173.png,264,241,False,0.4421,0.0,clean,none,direct_use,True
mccd_salvage,赵孟頫,楷,囊,G:\GitHub\DiT\MCCD\MCCD\MCCD-Calligrapher\calligrapher_dataset\赵孟𫖯\囊-楷-元-赵孟𫖯-52351.png,172,153,False,0.2389,0.0,clean,none,direct_use,True
mccd_salvage,赵孟頫,隶,囊,G:\GitHub\DiT\MCCD\MCCD\MCCD-Calligrapher\calligrapher_dataset\赵孟𫖯\囊-隶-元-赵孟𫖯-52345.png,212,219,False,0.5016,0.0,clean,none,direct_use,True
mccd_salvage,赵孟頫,楷,囑,G:\GitHub\DiT\MCCD\MCCD\MCCD-Calligrapher\calligrapher_dataset\赵孟𫖯\囑-楷-元-赵孟𫖯-52436.png,178,159,False,0.3962,0.0,clean,none,direct_use,True
mccd_salvage,赵孟頫,楷,囚,G:\GitHub\DiT\MCCD\MCCD\MCCD-Calligrapher\calligrapher_dataset\赵孟𫖯\囚-楷-元-赵孟𫖯-52477.png,182,205,False,0.5003,0.0,clean,none,direct_use,True
mccd_salvage,赵孟頫,楷,囚,G:\GitHub\DiT\MCCD\MCCD\MCCD-Calligrapher\calligrapher_dataset\赵孟𫖯\囚-楷-元-赵孟𫖯-52478.png,171,210,False,0.2548,0.0,clean,none,direct_use,True
mccd_salvage,赵孟頫,行,回,G:\GitHub\DiT\MCCD\MCCD\MCCD-Calligrapher\calligrapher_dataset\赵孟𫖯\回-行-元-赵孟𫖯-52797.png,253,194,False,0.533,0.0,clean,none,direct_use,True
mccd_salvage,赵孟頫,隶,因,G:\GitHub\DiT\MCCD\MCCD\MCCD-Calligrapher\calligrapher_dataset\赵孟𫖯\因-隶-元-赵孟𫖯-52918.png,238,172,True,0.5209,0.0,inverted,inverted,invert_polarity,True
mccd_salvage,赵孟頫,楷,困,G:\GitHub\DiT\MCCD\MCCD\MCCD-Calligrapher\calligrapher_dataset\赵孟𫖯\困-楷-元-赵孟𫖯-53100.png,222,262,False,0.5473,0.0,clean,none,direct_use,True
mccd_salvage,赵孟頫,楷,國,G:\GitHub\DiT\MCCD\MCCD\MCCD-Calligrapher\calligrapher_dataset\赵孟𫖯\國-楷-元-赵孟𫖯-53464.png,183,179,False,0.4359,0.0,clean,none,direct_use,True
mccd_salvage,赵孟頫,楷,圍,G:\GitHub\DiT\MCCD\MCCD\MCCD-Calligrapher\calligrapher_dataset\赵孟𫖯\圍-楷-元-赵孟𫖯-53538.png,223,253,False,0.4226,0.0,clean,none,direct_use,True
mccd_salvage,赵孟頫,楷,園,G:\GitHub\DiT\MCCD\MCCD\MCCD-Calligrapher\calligrapher_dataset\赵孟𫖯\園-楷-元-赵孟𫖯-53633.png,220,222,True,0.4869,0.0009,inverted,inverted,invert_polarity,True
mccd_salvage,赵孟頫,隶,園,G:\GitHub\DiT\MCCD\MCCD\MCCD-Calligrapher\calligrapher_dataset\赵孟𫖯\園-隶-元-赵孟𫖯-53620.png,274,258,True,0.5307,0.0,inverted,inverted,invert_polarity,True
mccd_salvage,赵孟頫,行,圓,G:\GitHub\DiT\MCCD\MCCD\MCCD-Calligrapher\calligrapher_dataset\赵孟𫖯\圓-行-元-赵孟𫖯-53674.png,200,194,False,0.4897,0.0,clean,none,direct_use,True
mccd_salvage,赵孟頫,楷,團,G:\GitHub\DiT\MCCD\MCCD\MCCD-Calligrapher\calligrapher_dataset\赵孟𫖯\團-楷-元-赵孟𫖯-53873.png,181,203,False,0.2691,0.0032,clean,none,direct_use,True
mccd_salvage,赵孟頫,行,土,G:\GitHub\DiT\MCCD\MCCD\MCCD-Calligrapher\calligrapher_dataset\赵孟𫖯\土-行-元-赵孟𫖯-54093.png,195,234,False,0.357,0.0,clean,none,direct_use,True
mccd_salvage,赵孟頫,隶,在,G:\GitHub\DiT\MCCD\MCCD\MCCD-Calligrapher\calligrapher_dataset\赵孟𫖯\在-隶-元-赵孟𫖯-54218.png,272,195,False,0.2956,0.0,clean,none,direct_use,True
mccd_salvage,赵孟頫,隶,地,G:\GitHub\DiT\MCCD\MCCD\MCCD-Calligrapher\calligrapher_dataset\赵孟𫖯\地-隶-元-赵孟𫖯-54425.png,224,162,False,0.3468,0.0,clean,none,direct_use,True
mccd_salvage,赵孟頫,楷,均,G:\GitHub\DiT\MCCD\MCCD\MCCD-Calligrapher\calligrapher_dataset\赵孟𫖯\均-楷-元-赵孟𫖯-54591.png,272,227,False,0.4001,0.0,clean,none,direct_use,True
mccd_salvage,赵孟頫,行,坐,G:\GitHub\DiT\MCCD\MCCD\MCCD-Calligrapher\calligrapher_dataset\赵孟𫖯\坐-行-元-赵孟𫖯-54717.png,231,251,False,0.3245,0.0007,clean,none,direct_use,True
mccd_salvage,赵孟頫,隶,坐,G:\GitHub\DiT\MCCD\MCCD\MCCD-Calligrapher\calligrapher_dataset\赵孟𫖯\坐-隶-元-赵孟𫖯-54691.png,272,177,False,0.3471,0.0,clean,none,direct_use,True
mccd_salvage,赵孟頫,楷,垂,G:\GitHub\DiT\MCCD\MCCD\MCCD-Calligrapher\calligrapher_dataset\赵孟𫖯\垂-楷-元-赵孟𫖯-55089.png,210,195,False,0.2837,0.0,clean,none,direct_use,True
mccd_salvage,赵孟頫,楷,垓,G:\GitHub\DiT\MCCD\MCCD\MCCD-Calligrapher\calligrapher_dataset\赵孟𫖯\垓-楷-元-赵孟𫖯-55164.png,218,199,False,0.3063,0.0,clean,none,direct_use,True
mccd_salvage,赵孟頫,行,垢,G:\GitHub\DiT\MCCD\MCCD\MCCD-Calligrapher\calligrapher_dataset\赵孟𫖯\垢-行-元-赵孟𫖯-55263.png,214,151,False,0.3032,0.0,clean,none,direct_use,True
mccd_salvage,赵孟頫,隶,垢,G:\GitHub\DiT\MCCD\MCCD\MCCD-Calligrapher\calligrapher_dataset\赵孟𫖯\垢-隶-元-赵孟𫖯-55252.png,266,171,False,0.3765,0.0,clean,none,direct_use,True
mccd_salvage,赵孟頫,行,垣,G:\GitHub\DiT\MCCD\MCCD\MCCD-Calligrapher\calligrapher_dataset\赵孟𫖯\垣-行-元-赵孟𫖯-55319.png,206,178,False,0.3769,0.0,clean,none,direct_use,True
mccd_salvage,赵孟頫,隶,垣,G:\GitHub\DiT\MCCD\MCCD\MCCD-Calligrapher\calligrapher_dataset\赵孟𫖯\垣-隶-元-赵孟𫖯-55304.png,258,162,False,0.3832,0.0,clean,none,direct_use,True
mccd_salvage,赵孟頫,楷,域,G:\GitHub\DiT\MCCD\MCCD\MCCD-Calligrapher\calligrapher_dataset\赵孟𫖯\域-楷-元-赵孟𫖯-55652.png,268,254,False,0.2113,0.0,clean,none,direct_use,True
mccd_salvage,赵孟頫,楷,基,G:\GitHub\DiT\MCCD\MCCD\MCCD-Calligrapher\calligrapher_dataset\赵孟𫖯\基-楷-元-赵孟𫖯-55923.png,234,213,False,0.3193,0.0,clean,none,direct_use,True
mccd_salvage,赵孟頫,隶,堂,G:\GitHub\DiT\MCCD\MCCD\MCCD-Calligrapher\calligrapher_dataset\赵孟𫖯\堂-隶-元-赵孟𫖯-56027.png,280,251,False,0.413,0.0,clean,none,direct_use,True
mccd_salvage,赵孟頫,隶,堅,G:\GitHub\DiT\MCCD\MCCD\MCCD-Calligrapher\calligrapher_dataset\赵孟𫖯\堅-隶-元-赵孟𫖯-56111.png,266,223,False,0.4383,0.0,clean,none,direct_use,True
mccd_salvage,赵孟頫,楷,場,G:\GitHub\DiT\MCCD\MCCD\MCCD-Calligrapher\calligrapher_dataset\赵孟𫖯\場-楷-元-赵孟𫖯-56501.png,204,216,False,0.3637,0.0,clean,none,direct_use,True
mccd_salvage,赵孟頫,楷,塗,G:\GitHub\DiT\MCCD\MCCD\MCCD-Calligrapher\calligrapher_dataset\赵孟𫖯\塗-楷-元-赵孟𫖯-56668.png,214,244,False,0.3543,0.0,clean,none,direct_use,True
mccd_salvage,赵孟頫,行,塵,G:\GitHub\DiT\MCCD\MCCD\MCCD-Calligrapher\calligrapher_dataset\赵孟𫖯\塵-行-元-赵孟𫖯-56910.png,156,201,False,0.3458,0.0,clean,none,direct_use,True
mccd_salvage,赵孟頫,隶,增,G:\GitHub\DiT\MCCD\MCCD\MCCD-Calligrapher\calligrapher_dataset\赵孟𫖯\增-隶-元-赵孟𫖯-57255.png,221,199,False,0.3739,0.0,clean,none,direct_use,True
mccd_salvage,赵孟頫,楷,墻,G:\GitHub\DiT\MCCD\MCCD\MCCD-Calligrapher\calligrapher_dataset\赵孟𫖯\墻-楷-元-赵孟𫖯-57519.png,219,236,False,0.4057,0.0,clean,none,direct_use,True
mccd_salvage,赵孟頫,楷,壘,G:\GitHub\DiT\MCCD\MCCD\MCCD-Calligrapher\calligrapher_dataset\赵孟𫖯\壘-楷-元-赵孟𫖯-57755.png,182,281,False,0.3492,0.0016,clean,none,direct_use,True
mccd_salvage,赵孟頫,隶,士,G:\GitHub\DiT\MCCD\MCCD\MCCD-Calligrapher\calligrapher_dataset\赵孟𫖯\士-隶-元-赵孟𫖯-58003.png,265,108,False,0.3576,0.0,clean,none,direct_use,True
mccd_salvage,赵孟頫,楷,壽,G:\GitHub\DiT\MCCD\MCCD\MCCD-Calligrapher\calligrapher_dataset\赵孟𫖯\壽-楷-元-赵孟𫖯-58594.png,217,238,False,0.2713,0.0,clean,none,direct_use,True
mccd_salvage,赵孟頫,隶,夏,G:\GitHub\DiT\MCCD\MCCD\MCCD-Calligrapher\calligrapher_dataset\赵孟𫖯\夏-隶-元-赵孟𫖯-58885.png,248,270,False,0.428,0.0,clean,none,direct_use,True
mccd_salvage,赵孟頫,楷,夔,G:\GitHub\DiT\MCCD\MCCD\MCCD-Calligrapher\calligrapher_dataset\赵孟𫖯\夔-楷-元-赵孟𫖯-59030.png,177,220,False,0.2513,0.0,clean,none,direct_use,True
mccd_salvage,赵孟頫,行,夕,G:\GitHub\DiT\MCCD\MCCD\MCCD-Calligrapher\calligrapher_dataset\赵孟𫖯\夕-行-元-赵孟𫖯-59156.png,193,256,False,0.3632,0.0,clean,none,direct_use,True
mccd_salvage,赵孟頫,隶,外,G:\GitHub\DiT\MCCD\MCCD\MCCD-Calligrapher\calligrapher_dataset\赵孟𫖯\外-隶-元-赵孟𫖯-59265.png,264,128,False,0.329,0.0,clean,none,direct_use,True
mccd_salvage,赵孟頫,隶,外,G:\GitHub\DiT\MCCD\MCCD\MCCD-Calligrapher\calligrapher_dataset\赵孟𫖯\外-隶-元-赵孟𫖯-59266.png,282,181,False,0.2716,0.0,clean,none,direct_use,True
mccd_salvage,赵孟頫,楷,夙,G:\GitHub\DiT\MCCD\MCCD\MCCD-Calligrapher\calligrapher_dataset\赵孟𫖯\夙-楷-元-赵孟𫖯-59426.png,244,238,False,0.3327,0.0,clean,none,direct_use,True
mccd_salvage,赵孟頫,行,夙,G:\GitHub\DiT\MCCD\MCCD\MCCD-Calligrapher\calligrapher_dataset\赵孟𫖯\夙-行-元-赵孟𫖯-59431.png,199,207,False,0.4434,0.0,clean,none,direct_use,True
mccd_salvage,赵孟頫,隶,夙,G:\GitHub\DiT\MCCD\MCCD\MCCD-Calligrapher\calligrapher_dataset\赵孟𫖯\夙-隶-元-赵孟𫖯-59411.png,243,151,False,0.3716,0.0,clean,none,direct_use,True
mccd_salvage,赵孟頫,楷,大,G:\GitHub\DiT\MCCD\MCCD\MCCD-Calligrapher\calligrapher_dataset\赵孟𫖯\大-楷-元-赵孟𫖯-60507.png,222,216,False,0.2281,0.0,clean,none,direct_use,True
mccd_salvage,赵孟頫,隶,大,G:\GitHub\DiT\MCCD\MCCD\MCCD-Calligrapher\calligrapher_dataset\赵孟𫖯\大-隶-元-赵孟𫖯-60455.png,265,200,False,0.2441,0.0,clean,none,direct_use,True
mccd_salvage,赵孟頫,楷,天,G:\GitHub\DiT\MCCD\MCCD\MCCD-Calligrapher\calligrapher_dataset\赵孟𫖯\天-楷-元-赵孟𫖯-61019.png,244,190,False,0.2979,0.0,clean,none,direct_use,True
mccd_salvage,赵孟頫,隶,夲,G:\GitHub\DiT\MCCD\MCCD\MCCD-Calligrapher\calligrapher_dataset\赵孟𫖯\夲-隶-元-赵孟𫖯-61742.png,274,182,False,0.3379,0.0,clean,none,direct_use,True
mccd_salvage,赵孟頫,隶,奄,G:\GitHub\DiT\MCCD\MCCD\MCCD-Calligrapher\calligrapher_dataset\赵孟𫖯\奄-隶-元-赵孟𫖯-61996.png,228,199,False,0.3829,0.0009,clean,none,direct_use,True
mccd_salvage,赵孟頫,楷,奉,G:\GitHub\DiT\MCCD\MCCD\MCCD-Calligrapher\calligrapher_dataset\赵孟𫖯\奉-楷-元-赵孟𫖯-62201.png,256,329,False,0.3148,0.0,clean,none,direct_use,True
mccd_salvage,赵孟頫,隶,奏,G:\GitHub\DiT\MCCD\MCCD\MCCD-Calligrapher\calligrapher_dataset\赵孟𫖯\奏-隶-元-赵孟𫖯-62337.png,259,198,False,0.3999,0.0,clean,none,direct_use,True
mccd_salvage,赵孟頫,行,奘,G:\GitHub\DiT\MCCD\MCCD\MCCD-Calligrapher\calligrapher_dataset\赵孟𫖯\奘-行-元-赵孟𫖯-62502.png,183,197,False,0.3742,0.0,clean,none,direct_use,True
mccd_salvage,赵孟頫,楷,奚,G:\GitHub\DiT\MCCD\MCCD\MCCD-Calligrapher\calligrapher_dataset\赵孟𫖯\奚-楷-元-赵孟𫖯-62533.png,224,255,False,0.2673,0.0,clean,none,direct_use,True
mccd_salvage,赵孟頫,楷,奢,G:\GitHub\DiT\MCCD\MCCD\MCCD-Calligrapher\calligrapher_dataset\赵孟𫖯\奢-楷-元-赵孟𫖯-62673.png,267,345,False,0.3928,0.0,clean,none,direct_use,True
mccd_salvage,赵孟頫,楷,奮,G:\GitHub\DiT\MCCD\MCCD\MCCD-Calligrapher\calligrapher_dataset\赵孟𫖯\奮-楷-元-赵孟𫖯-62840.png,204,262,False,0.2635,0.0004,clean,none,direct_use,True
mccd_salvage,赵孟頫,楷,女,G:\GitHub\DiT\MCCD\MCCD\MCCD-Calligrapher\calligrapher_dataset\赵孟𫖯\女-楷-元-赵孟𫖯-63256.png,235,173,False,0.2172,0.0,clean,none,direct_use,True
mccd_salvage,赵孟頫,行,女,G:\GitHub\DiT\MCCD\MCCD\MCCD-Calligrapher\calligrapher_dataset\赵孟𫖯\女-行-元-赵孟𫖯-63264.png,225,149,False,0.2882,0.0,clean,none,direct_use,True
mccd_salvage,赵孟頫,隶,女,G:\GitHub\DiT\MCCD\MCCD\MCCD-Calligrapher\calligrapher_dataset\赵孟𫖯\女-隶-元-赵孟𫖯-63238.png,274,168,False,0.2513,0.0,clean,none,direct_use,True
mccd_salvage,赵孟頫,隶,如,G:\GitHub\DiT\MCCD\MCCD\MCCD-Calligrapher\calligrapher_dataset\赵孟𫖯\如-隶-元-赵孟𫖯-63705.png,258,163,False,0.3254,0.0,clean,none,direct_use,True
mccd_salvage,赵孟頫,行,妙,G:\GitHub\DiT\MCCD\MCCD\MCCD-Calligrapher\calligrapher_dataset\赵孟𫖯\妙-行-元-赵孟𫖯-64103.png,189,213,False,0.3837,0.0,clean,none,direct_use,True
mccd_salvage,赵孟頫,隶,妙,G:\GitHub\DiT\MCCD\MCCD\MCCD-Calligrapher\calligrapher_dataset\赵孟𫖯\妙-隶-元-赵孟𫖯-64072.png,260,147,False,0.2956,0.0,clean,none,direct_use,True
mccd_salvage,赵孟頫,楷,妬,G:\GitHub\DiT\MCCD\MCCD\MCCD-Calligrapher\calligrapher_dataset\赵孟𫖯\妬-楷-元-赵孟𫖯-64250.png,239,165,False,0.3464,0.0,clean,none,direct_use,True
mccd_salvage,赵孟頫,楷,始,G:\GitHub\DiT\MCCD\MCCD\MCCD-Calligrapher\calligrapher_dataset\赵孟𫖯\始-楷-元-赵孟𫖯-64684.png,276,206,False,0.3551,0.0,clean,none,direct_use,True
mccd_salvage,赵孟頫,行,始,G:\GitHub\DiT\MCCD\MCCD\MCCD-Calligrapher\calligrapher_dataset\赵孟𫖯\始-行-元-赵孟𫖯-64694.png,210,181,False,0.4289,0.0,clean,none,direct_use,True
mccd_salvage,赵孟頫,隶,始,G:\GitHub\DiT\MCCD\MCCD\MCCD-Calligrapher\calligrapher_dataset\赵孟𫖯\始-隶-元-赵孟𫖯-64656.png,262,180,False,0.3546,0.0,clean,none,direct_use,True
mccd_salvage,赵孟頫,隶,委,G:\GitHub\DiT\MCCD\MCCD\MCCD-Calligrapher\calligrapher_dataset\赵孟𫖯\委-隶-元-赵孟𫖯-64880.png,277,222,False,0.3024,0.0,clean,none,direct_use,True
mccd_salvage,赵孟頫,楷,姚,G:\GitHub\DiT\MCCD\MCCD\MCCD-Calligrapher\calligrapher_dataset\赵孟𫖯\姚-楷-元-赵孟𫖯-64974.png,250,187,False,0.4208,0.0,clean,none,direct_use,True
mccd_salvage,赵孟頫,行,姪,G:\GitHub\DiT\MCCD\MCCD\MCCD-Calligrapher\calligrapher_dataset\赵孟𫖯\姪-行-元-赵孟𫖯-65209.png,209,193,False,0.4248,0.0,clean,none,direct_use,True
mccd_salvage,赵孟頫,隶,姿,G:\GitHub\DiT\MCCD\MCCD\MCCD-Calligrapher\calligrapher_dataset\赵孟𫖯\姿-隶-元-赵孟𫖯-65472.png,274,176,False,0.341,0.0,clean,none,direct_use,True
mccd_salvage,赵孟頫,楷,威,G:\GitHub\DiT\MCCD\MCCD\MCCD-Calligrapher\calligrapher_dataset\赵孟𫖯\威-楷-元-赵孟𫖯-65553.png,215,245,False,0.2219,0.0,clean,none,direct_use,True
mccd_salvage,赵孟頫,隶,婦,G:\GitHub\DiT\MCCD\MCCD\MCCD-Calligrapher\calligrapher_dataset\赵孟𫖯\婦-隶-元-赵孟𫖯-66228.png,250,171,False,0.4877,0.0,clean,none,direct_use,True
mccd_salvage,赵孟頫,楷,媚,G:\GitHub\DiT\MCCD\MCCD\MCCD-Calligrapher\calligrapher_dataset\赵孟𫖯\媚-楷-元-赵孟𫖯-66460.png,243,211,False,0.3686,0.0,clean,none,direct_use,True
mccd_salvage,赵孟頫,楷,嫡,G:\GitHub\DiT\MCCD\MCCD\MCCD-Calligrapher\calligrapher_dataset\赵孟𫖯\嫡-楷-元-赵孟𫖯-66861.png,234,209,False,0.3581,0.0,clean,none,direct_use,True
mccd_salvage,赵孟頫,隶,嫡,G:\GitHub\DiT\MCCD\MCCD\MCCD-Calligrapher\calligrapher_dataset\赵孟𫖯\嫡-隶-元-赵孟𫖯-66856.png,276,213,False,0.4139,0.0,clean,none,direct_use,True
mccd_salvage,赵孟頫,楷,孔,G:\GitHub\DiT\MCCD\MCCD\MCCD-Calligrapher\calligrapher_dataset\赵孟𫖯\孔-楷-元-赵孟𫖯-68035.png,239,155,False,0.298,0.0,clean,none,direct_use,True
mccd_salvage,赵孟頫,行,孔,G:\GitHub\DiT\MCCD\MCCD\MCCD-Calligrapher\calligrapher_dataset\赵孟𫖯\孔-行-元-赵孟𫖯-68048.png,254,166,False,0.3603,0.0,clean,none,direct_use,True
mccd_salvage,赵孟頫,行,字,G:\GitHub\DiT\MCCD\MCCD\MCCD-Calligrapher\calligrapher_dataset\赵孟𫖯\字-行-元-赵孟𫖯-68159.png,164,220,False,0.3168,0.0,clean,none,direct_use,True
mccd_salvage,赵孟頫,隶,字,G:\GitHub\DiT\MCCD\MCCD\MCCD-Calligrapher\calligrapher_dataset\赵孟𫖯\字-隶-元-赵孟𫖯-68116.png,228,191,False,0.3381,0.0,clean,none,direct_use,True
mccd_salvage,赵孟頫,楷,存,G:\GitHub\DiT\MCCD\MCCD\MCCD-Calligrapher\calligrapher_dataset\赵孟𫖯\存-楷-元-赵孟𫖯-68239.png,199,208,False,0.3198,0.0,clean,none,direct_use,True
mccd_salvage,赵孟頫,行,存,G:\GitHub\DiT\MCCD\MCCD\MCCD-Calligrapher\calligrapher_dataset\赵孟𫖯\存-行-元-赵孟𫖯-68251.png,196,209,False,0.3334,0.0,clean,none,direct_use,True
mccd_salvage,赵孟頫,隶,存,G:\GitHub\DiT\MCCD\MCCD\MCCD-Calligrapher\calligrapher_dataset\赵孟𫖯\存-隶-元-赵孟𫖯-68218.png,256,204,False,0.3488,0.0,clean,none,direct_use,True
mccd_salvage,赵孟頫,行,孝,G:\GitHub\DiT\MCCD\MCCD\MCCD-Calligrapher\calligrapher_dataset\赵孟𫖯\孝-行-元-赵孟𫖯-68472.png,247,334,False,0.2778,0.0002,clean,none,direct_use,True
mccd_salvage,赵孟頫,楷,孟,G:\GitHub\DiT\MCCD\MCCD\MCCD-Calligrapher\calligrapher_dataset\赵孟𫖯\孟-楷-元-赵孟𫖯-68599.png,255,230,False,0.3291,0.0,clean,none,direct_use,True
mccd_salvage,赵孟頫,隶,孟,G:\GitHub\DiT\MCCD\MCCD\MCCD-Calligrapher\calligrapher_dataset\赵孟𫖯\孟-隶-元-赵孟𫖯-68580.png,246,194,False,0.4426,0.0,clean,none,direct_use,True
mccd_salvage,赵孟頫,楷,孰,G:\GitHub\DiT\MCCD\MCCD\MCCD-Calligrapher\calligrapher_dataset\赵孟𫖯\孰-楷-元-赵孟𫖯-69191.png,173,148,False,0.4439,0.0,clean,none,direct_use,True
mccd_salvage,赵孟頫,楷,學,G:\GitHub\DiT\MCCD\MCCD\MCCD-Calligrapher\calligrapher_dataset\赵孟𫖯\學-楷-元-赵孟𫖯-69352.png,202,256,False,0.3316,0.0,clean,none,direct_use,True
mccd_salvage,赵孟頫,隶,安,G:\GitHub\DiT\MCCD\MCCD\MCCD-Calligrapher\calligrapher_dataset\赵孟𫖯\安-隶-元-赵孟𫖯-70104.png,260,170,False,0.3405,0.0,clean,none,direct_use,True
mccd_salvage,赵孟頫,楷,宋,G:\GitHub\DiT\MCCD\MCCD\MCCD-Calligrapher\calligrapher_dataset\赵孟𫖯\宋-楷-元-赵孟𫖯-70268.png,252,270,False,0.199,0.0,clean,none,direct_use,True
mccd_salvage,赵孟頫,楷,宗,G:\GitHub\DiT\MCCD\MCCD\MCCD-Calligrapher\calligrapher_dataset\赵孟𫖯\宗-楷-元-赵孟𫖯-70664.png,216,234,False,0.2756,0.0,clean,none,direct_use,True
mccd_salvage,赵孟頫,隶,官,G:\GitHub\DiT\MCCD\MCCD\MCCD-Calligrapher\calligrapher_dataset\赵孟𫖯\官-隶-元-赵孟𫖯-70823.png,228,200,False,0.4204,0.0,clean,none,direct_use,True
mccd_salvage,赵孟頫,楷,宙,G:\GitHub\DiT\MCCD\MCCD\MCCD-Calligrapher\calligrapher_dataset\赵孟𫖯\宙-楷-元-赵孟𫖯-70912.png,224,209,False,0.4173,0.0,clean,none,direct_use,True
mccd_salvage,赵孟頫,行,定,G:\GitHub\DiT\MCCD\MCCD\MCCD-Calligrapher\calligrapher_dataset\赵孟𫖯\定-行-元-赵孟𫖯-71051.png,269,245,False,0.2896,0.0,clean,none,direct_use,True
mccd_salvage,赵孟頫,行,定,G:\GitHub\DiT\MCCD\MCCD\MCCD-Calligrapher\calligrapher_dataset\赵孟𫖯\定-行-元-赵孟𫖯-71053.png,168,180,False,0.3308,0.0,clean,none,direct_use,True
mccd_salvage,赵孟頫,行,宣,G:\GitHub\DiT\MCCD\MCCD\MCCD-Calligrapher\calligrapher_dataset\赵孟𫖯\宣-行-元-赵孟𫖯-71527.png,181,215,False,0.2766,0.0,clean,none,direct_use,True
mccd_salvage,赵孟頫,行,宣,G:\GitHub\DiT\MCCD\MCCD\MCCD-Calligrapher\calligrapher_dataset\赵孟𫖯\宣-行-元-赵孟𫖯-71528.png,197,238,False,0.2817,0.0009,clean,none,direct_use,True
mccd_salvage,赵孟頫,隶,宣,G:\GitHub\DiT\MCCD\MCCD\MCCD-Calligrapher\calligrapher_dataset\赵孟𫖯\宣-隶-元-赵孟𫖯-71485.png,195,171,False,0.3937,0.0,clean,none,direct_use,True
mccd_salvage,赵孟頫,隶,宫,G:\GitHub\DiT\MCCD\MCCD\MCCD-Calligrapher\calligrapher_dataset\赵孟𫖯\宫-隶-元-赵孟𫖯-71921.png,239,230,False,0.4168,0.0,clean,none,direct_use,True
mccd_salvage,赵孟頫,隶,宮,G:\GitHub\DiT\MCCD\MCCD\MCCD-Calligrapher\calligrapher_dataset\赵孟𫖯\宮-隶-元-赵孟𫖯-72118.png,239,230,False,0.4168,0.0,clean,none,direct_use,True
mccd_salvage,赵孟頫,隶,宰,G:\GitHub\DiT\MCCD\MCCD\MCCD-Calligrapher\calligrapher_dataset\赵孟𫖯\宰-隶-元-赵孟𫖯-72220.png,198,210,False,0.4272,0.0002,clean,none,direct_use,True
mccd_salvage,赵孟頫,楷,宴,G:\GitHub\DiT\MCCD\MCCD\MCCD-Calligrapher\calligrapher_dataset\赵孟𫖯\宴-楷-元-赵孟𫖯-72381.png,170,204,False,0.2954,0.0,clean,none,direct_use,True
mccd_salvage,赵孟頫,隶,家,G:\GitHub\DiT\MCCD\MCCD\MCCD-Calligrapher\calligrapher_dataset\赵孟𫖯\家-隶-元-赵孟𫖯-72534.png,213,230,False,0.3208,0.0,clean,none,direct_use,True
mccd_salvage,赵孟頫,行,寂,G:\GitHub\DiT\MCCD\MCCD\MCCD-Calligrapher\calligrapher_dataset\赵孟𫖯\寂-行-元-赵孟𫖯-72832.png,180,284,False,0.2893,0.0,clean,none,direct_use,True
mccd_salvage,赵孟頫,隶,密,G:\GitHub\DiT\MCCD\MCCD\MCCD-Calligrapher\calligrapher_dataset\赵孟𫖯\密-隶-元-赵孟𫖯-73117.png,238,183,False,0.4421,0.0,clean,none,direct_use,True
mccd_salvage,赵孟頫,楷,寐,G:\GitHub\DiT\MCCD\MCCD\MCCD-Calligrapher\calligrapher_dataset\赵孟𫖯\寐-楷-元-赵孟𫖯-73381.png,168,192,False,0.2926,0.0,clean,none,direct_use,True
mccd_salvage,赵孟頫,行,寐,G:\GitHub\DiT\MCCD\MCCD\MCCD-Calligrapher\calligrapher_dataset\赵孟𫖯\寐-行-元-赵孟𫖯-73386.png,195,212,False,0.308,0.0,clean,none,direct_use,True
mccd_salvage,赵孟頫,行,寐,G:\GitHub\DiT\MCCD\MCCD\MCCD-Calligrapher\calligrapher_dataset\赵孟𫖯\寐-行-元-赵孟𫖯-73387.png,178,209,False,0.2811,0.0,clean,none,direct_use,True
mccd_salvage,赵孟頫,隶,寓,G:\GitHub\DiT\MCCD\MCCD\MCCD-Calligrapher\calligrapher_dataset\赵孟𫖯\寓-隶-元-赵孟𫖯-73548.png,206,208,False,0.4859,0.0,clean,none,direct_use,True
mccd_salvage,赵孟頫,隶,寔,G:\GitHub\DiT\MCCD\MCCD\MCCD-Calligrapher\calligrapher_dataset\赵孟𫖯\寔-隶-元-赵孟𫖯-73583.png,231,256,False,0.3933,0.0,clean,none,direct_use,True
mccd_salvage,赵孟頫,楷,寘,G:\GitHub\DiT\MCCD\MCCD\MCCD-Calligrapher\calligrapher_dataset\赵孟𫖯\寘-楷-元-赵孟𫖯-73623.png,174,202,False,0.3498,0.0,clean,none,direct_use,True
mccd_salvage,赵孟頫,行,寜,G:\GitHub\DiT\MCCD\MCCD\MCCD-Calligrapher\calligrapher_dataset\赵孟𫖯\寜-行-元-赵孟𫖯-73765.png,183,273,False,0.3694,0.0,clean,none,direct_use,True
mccd_salvage,赵孟頫,隶,寜,G:\GitHub\DiT\MCCD\MCCD\MCCD-Calligrapher\calligrapher_dataset\赵孟𫖯\寜-隶-元-赵孟𫖯-73725.png,242,195,False,0.3878,0.0,clean,none,direct_use,True
mccd_salvage,赵孟頫,隶,察,G:\GitHub\DiT\MCCD\MCCD\MCCD-Calligrapher\calligrapher_dataset\赵孟𫖯\察-隶-元-赵孟𫖯-73843.png,250,217,False,0.4342,0.0,clean,none,direct_use,True
mccd_salvage,赵孟頫,隶,寥,G:\GitHub\DiT\MCCD\MCCD\MCCD-Calligrapher\calligrapher_dataset\赵孟𫖯\寥-隶-元-赵孟𫖯-74057.png,258,239,False,0.4012,0.0,clean,none,direct_use,True
mccd_salvage,赵孟頫,行,實,G:\GitHub\DiT\MCCD\MCCD\MCCD-Calligrapher\calligrapher_dataset\赵孟𫖯\實-行-元-赵孟𫖯-74170.png,194,297,False,0.4276,0.0,clean,none,direct_use,True
mccd_salvage,赵孟頫,隶,實,G:\GitHub\DiT\MCCD\MCCD\MCCD-Calligrapher\calligrapher_dataset\赵孟𫖯\實-隶-元-赵孟𫖯-74131.png,255,291,False,0.4285,0.0002,clean,none,direct_use,True
mccd_salvage,赵孟頫,隶,寧,G:\GitHub\DiT\MCCD\MCCD\MCCD-Calligrapher\calligrapher_dataset\赵孟𫖯\寧-隶-元-赵孟𫖯-74258.png,242,195,False,0.3878,0.0,clean,none,direct_use,True
mccd_salvage,赵孟頫,楷,寬,G:\GitHub\DiT\MCCD\MCCD\MCCD-Calligrapher\calligrapher_dataset\赵孟𫖯\寬-楷-元-赵孟𫖯-74513.png,183,206,False,0.2504,0.0,clean,none,direct_use,True
mccd_salvage,赵孟頫,楷,寳,G:\GitHub\DiT\MCCD\MCCD\MCCD-Calligrapher\calligrapher_dataset\赵孟𫖯\寳-楷-元-赵孟𫖯-74578.png,173,200,False,0.2776,0.0,clean,none,direct_use,True
mccd_salvage,赵孟頫,隶,寶,G:\GitHub\DiT\MCCD\MCCD\MCCD-Calligrapher\calligrapher_dataset\赵孟𫖯\寶-隶-元-赵孟𫖯-74765.png,245,291,False,0.535,0.0,clean,none,direct_use,True
mccd_salvage,赵孟頫,行,寸,G:\GitHub\DiT\MCCD\MCCD\MCCD-Calligrapher\calligrapher_dataset\赵孟𫖯\寸-行-元-赵孟𫖯-74856.png,230,238,False,0.2935,0.0,clean,none,direct_use,True
mccd_salvage,赵孟頫,行,寸,G:\GitHub\DiT\MCCD\MCCD\MCCD-Calligrapher\calligrapher_dataset\赵孟𫖯\寸-行-元-赵孟𫖯-74857.png,257,208,False,0.2783,0.0,clean,none,direct_use,True
mccd_salvage,赵孟頫,隶,寸,G:\GitHub\DiT\MCCD\MCCD\MCCD-Calligrapher\calligrapher_dataset\赵孟𫖯\寸-隶-元-赵孟𫖯-74840.png,279,154,False,0.2953,0.0,clean,none,direct_use,True
mccd_salvage,赵孟頫,行,封,G:\GitHub\DiT\MCCD\MCCD\MCCD-Calligrapher\calligrapher_dataset\赵孟𫖯\封-行-元-赵孟𫖯-75044.png,245,239,False,0.3325,0.0,clean,none,direct_use,True
mccd_salvage,赵孟頫,隶,封,G:\GitHub\DiT\MCCD\MCCD\MCCD-Calligrapher\calligrapher_dataset\赵孟𫖯\封-隶-元-赵孟𫖯-75017.png,256,164,False,0.3611,0.0,clean,none,direct_use,True
mccd_salvage,赵孟頫,楷,射,G:\GitHub\DiT\MCCD\MCCD\MCCD-Calligrapher\calligrapher_dataset\赵孟𫖯\射-楷-元-赵孟𫖯-75267.png,193,206,False,0.3144,0.0,clean,none,direct_use,True
mccd_salvage,赵孟頫,隶,射,G:\GitHub\DiT\MCCD\MCCD\MCCD-Calligrapher\calligrapher_dataset\赵孟𫖯\射-隶-元-赵孟𫖯-75247.png,282,166,False,0.3621,0.0001,clean,none,direct_use,True
mccd_salvage,赵孟頫,行,将,G:\GitHub\DiT\MCCD\MCCD\MCCD-Calligrapher\calligrapher_dataset\赵孟𫖯\将-行-元-赵孟𫖯-75424.png,205,236,False,0.4045,0.0001,clean,none,direct_use,True
mccd_salvage,赵孟頫,行,將,G:\GitHub\DiT\MCCD\MCCD\MCCD-Calligrapher\calligrapher_dataset\赵孟𫖯\將-行-元-赵孟𫖯-75589.png,205,236,False,0.4045,0.0001,clean,none,direct_use,True
mccd_salvage,赵孟頫,行,尉,G:\GitHub\DiT\MCCD\MCCD\MCCD-Calligrapher\calligrapher_dataset\赵孟𫖯\尉-行-元-赵孟𫖯-75748.png,230,208,False,0.3367,0.0,clean,none,direct_use,True
mccd_salvage,赵孟頫,隶,尊,G:\GitHub\DiT\MCCD\MCCD\MCCD-Calligrapher\calligrapher_dataset\赵孟𫖯\尊-隶-元-赵孟𫖯-75770.png,230,226,False,0.3814,0.0,clean,none,direct_use,True
mccd_salvage,赵孟頫,楷,導,G:\GitHub\DiT\MCCD\MCCD\MCCD-Calligrapher\calligrapher_dataset\赵孟𫖯\導-楷-元-赵孟𫖯-76120.png,224,244,False,0.2637,0.0,clean,none,direct_use,True
mccd_salvage,赵孟頫,行,導,G:\GitHub\DiT\MCCD\MCCD\MCCD-Calligrapher\calligrapher_dataset\赵孟𫖯\導-行-元-赵孟𫖯-76123.png,177,289,False,0.2653,0.0013,clean,none,direct_use,True
mccd_salvage,赵孟頫,隶,少,G:\GitHub\DiT\MCCD\MCCD\MCCD-Calligrapher\calligrapher_dataset\赵孟𫖯\少-隶-元-赵孟𫖯-76492.png,266,196,False,0.2262,0.0,clean,none,direct_use,True
mccd_salvage,赵孟頫,楷,尙,G:\GitHub\DiT\MCCD\MCCD\MCCD-Calligrapher\calligrapher_dataset\赵孟𫖯\尙-楷-元-赵孟𫖯-76884.png,206,194,False,0.3992,0.0,clean,none,direct_use,True
mccd_salvage,赵孟頫,行,尹,G:\GitHub\DiT\MCCD\MCCD\MCCD-Calligrapher\calligrapher_dataset\赵孟𫖯\尹-行-元-赵孟𫖯-77691.png,158,235,False,0.4416,0.0,clean,none,direct_use,True
mccd_salvage,赵孟頫,行,尹,G:\GitHub\DiT\MCCD\MCCD\MCCD-Calligrapher\calligrapher_dataset\赵孟𫖯\尹-行-元-赵孟𫖯-77692.png,263,242,False,0.3528,0.0,clean,none,direct_use,True
mccd_salvage,赵孟頫,隶,尹,G:\GitHub\DiT\MCCD\MCCD\MCCD-Calligrapher\calligrapher_dataset\赵孟𫖯\尹-隶-元-赵孟𫖯-77676.png,257,180,False,0.3458,0.0,clean,none,direct_use,True
mccd_salvage,赵孟頫,楷,局,G:\GitHub\DiT\MCCD\MCCD\MCCD-Calligrapher\calligrapher_dataset\赵孟𫖯\局-楷-元-赵孟𫖯-77900.png,197,206,False,0.347,0.0,clean,none,direct_use,True
mccd_salvage,赵孟頫,行,居,G:\GitHub\DiT\MCCD\MCCD\MCCD-Calligrapher\calligrapher_dataset\赵孟𫖯\居-行-元-赵孟𫖯-78015.png,250,273,False,0.4435,0.0,clean,none,direct_use,True
mccd_salvage,赵孟頫,楷,屈,G:\GitHub\DiT\MCCD\MCCD\MCCD-Calligrapher\calligrapher_dataset\赵孟𫖯\屈-楷-元-赵孟𫖯-78111.png,253,274,False,0.2806,0.0,clean,none,direct_use,True
mccd_salvage,赵孟頫,楷,屑,G:\GitHub\DiT\MCCD\MCCD\MCCD-Calligrapher\calligrapher_dataset\赵孟𫖯\屑-楷-元-赵孟𫖯-78263.png,215,271,False,0.2808,0.0014,clean,none,direct_use,True
mccd_salvage,赵孟頫,楷,屬,G:\GitHub\DiT\MCCD\MCCD\MCCD-Calligrapher\calligrapher_dataset\赵孟𫖯\屬-楷-元-赵孟𫖯-78626.png,230,289,False,0.4382,0.0,clean,none,direct_use,True
mccd_salvage,赵孟頫,楷,山,G:\GitHub\DiT\MCCD\MCCD\MCCD-Calligrapher\calligrapher_dataset\赵孟𫖯\山-楷-元-赵孟𫖯-79123.png,198,139,False,0.3329,0.0,clean,none,direct_use,True
mccd_salvage,赵孟頫,行,岡,G:\GitHub\DiT\MCCD\MCCD\MCCD-Calligrapher\calligrapher_dataset\赵孟𫖯\岡-行-元-赵孟𫖯-79358.png,236,156,False,0.5007,0.0,clean,none,direct_use,True
mccd_salvage,赵孟頫,隶,岡,G:\GitHub\DiT\MCCD\MCCD\MCCD-Calligrapher\calligrapher_dataset\赵孟𫖯\岡-隶-元-赵孟𫖯-79339.png,264,149,False,0.4216,0.0,clean,none,direct_use,True
mccd_salvage,赵孟頫,楷,岫,G:\GitHub\DiT\MCCD\MCCD\MCCD-Calligrapher\calligrapher_dataset\赵孟𫖯\岫-楷-元-赵孟𫖯-79415.png,236,140,False,0.4167,0.0,clean,none,direct_use,True
mccd_salvage,赵孟頫,隶,岱,G:\GitHub\DiT\MCCD\MCCD\MCCD-Calligrapher\calligrapher_dataset\赵孟𫖯\岱-隶-元-赵孟𫖯-79454.png,239,168,False,0.346,0.0,clean,none,direct_use,True
mccd_salvage,赵孟頫,楷,峒,G:\GitHub\DiT\MCCD\MCCD\MCCD-Calligrapher\calligrapher_dataset\赵孟𫖯\峒-楷-元-赵孟𫖯-79653.png,223,172,False,0.2694,0.0026,clean,none,direct_use,True
mccd_salvage,赵孟頫,楷,崐,G:\GitHub\DiT\MCCD\MCCD\MCCD-Calligrapher\calligrapher_dataset\赵孟𫖯\崐-楷-元-赵孟𫖯-79971.png,261,215,False,0.4183,0.0002,clean,none,direct_use,True
mccd_salvage,赵孟頫,隶,嵇,G:\GitHub\DiT\MCCD\MCCD\MCCD-Calligrapher\calligrapher_dataset\赵孟𫖯\嵇-隶-元-赵孟𫖯-80250.png,248,167,False,0.3743,0.0,clean,none,direct_use,True
mccd_salvage,赵孟頫,楷,嶺,G:\GitHub\DiT\MCCD\MCCD\MCCD-Calligrapher\calligrapher_dataset\赵孟𫖯\嶺-楷-元-赵孟𫖯-80671.png,184,214,False,0.3226,0.0,clean,none,direct_use,True
mccd_salvage,赵孟頫,隶,嶽,G:\GitHub\DiT\MCCD\MCCD\MCCD-Calligrapher\calligrapher_dataset\赵孟𫖯\嶽-隶-元-赵孟𫖯-80701.png,276,244,False,0.368,0.0,clean,none,direct_use,True
mccd_salvage,赵孟頫,楷,川,G:\GitHub\DiT\MCCD\MCCD\MCCD-Calligrapher\calligrapher_dataset\赵孟𫖯\川-楷-元-赵孟𫖯-81018.png,183,196,False,0.2889,0.0,clean,none,direct_use,True
mccd_salvage,赵孟頫,行,川,G:\GitHub\DiT\MCCD\MCCD\MCCD-Calligrapher\calligrapher_dataset\赵孟𫖯\川-行-元-赵孟𫖯-81035.png,246,171,False,0.3646,0.0,clean,none,direct_use,True
mccd_salvage,赵孟頫,隶,川,G:\GitHub\DiT\MCCD\MCCD\MCCD-Calligrapher\calligrapher_dataset\赵孟𫖯\川-隶-元-赵孟𫖯-80996.png,246,129,False,0.3106,0.0,clean,none,direct_use,True
mccd_salvage,赵孟頫,楷,州,G:\GitHub\DiT\MCCD\MCCD\MCCD-Calligrapher\calligrapher_dataset\赵孟𫖯\州-楷-元-赵孟𫖯-81198.png,265,283,False,0.3744,0.0,clean,none,direct_use,True
mccd_salvage,赵孟頫,隶,州,G:\GitHub\DiT\MCCD\MCCD\MCCD-Calligrapher\calligrapher_dataset\赵孟𫖯\州-隶-元-赵孟𫖯-81155.png,272,174,False,0.4588,0.0,clean,none,direct_use,True
mccd_salvage,赵孟頫,楷,巢,G:\GitHub\DiT\MCCD\MCCD\MCCD-Calligrapher\calligrapher_dataset\赵孟𫖯\巢-楷-元-赵孟𫖯-81351.png,171,189,False,0.2203,0.0,clean,none,direct_use,True
mccd_salvage,赵孟頫,行,工,G:\GitHub\DiT\MCCD\MCCD\MCCD-Calligrapher\calligrapher_dataset\赵孟𫖯\工-行-元-赵孟𫖯-81521.png,219,210,False,0.5107,0.0,clean,none,direct_use,True
mccd_salvage,赵孟頫,楷,左,G:\GitHub\DiT\MCCD\MCCD\MCCD-Calligrapher\calligrapher_dataset\赵孟𫖯\左-楷-元-赵孟𫖯-81726.png,187,147,False,0.2349,0.0,clean,none,direct_use,True
mccd_salvage,赵孟頫,隶,巧,G:\GitHub\DiT\MCCD\MCCD\MCCD-Calligrapher\calligrapher_dataset\赵孟𫖯\巧-隶-元-赵孟𫖯-81794.png,272,156,False,0.3416,0.0,clean,none,direct_use,True
mccd_salvage,赵孟頫,行,差,G:\GitHub\DiT\MCCD\MCCD\MCCD-Calligrapher\calligrapher_dataset\赵孟𫖯\差-行-元-赵孟𫖯-81951.png,162,257,False,0.2956,0.0,clean,none,direct_use,True
mccd_salvage,赵孟頫,楷,己,G:\GitHub\DiT\MCCD\MCCD\MCCD-Calligrapher\calligrapher_dataset\赵孟𫖯\己-楷-元-赵孟𫖯-82217.png,171,144,False,0.3366,0.0,clean,none,direct_use,True
mccd_salvage,赵孟頫,楷,己,G:\GitHub\DiT\MCCD\MCCD\MCCD-Calligrapher\calligrapher_dataset\赵孟𫖯\己-楷-元-赵孟𫖯-82219.png,217,174,False,0.2963,0.0,clean,none,direct_use,True
mccd_salvage,赵孟頫,行,己,G:\GitHub\DiT\MCCD\MCCD\MCCD-Calligrapher\calligrapher_dataset\赵孟𫖯\己-行-元-赵孟𫖯-82233.png,243,166,False,0.3484,0.0,clean,none,direct_use,True
mccd_salvage,赵孟頫,隶,己,G:\GitHub\DiT\MCCD\MCCD\MCCD-Calligrapher\calligrapher_dataset\赵孟𫖯\己-隶-元-赵孟𫖯-82189.png,251,179,False,0.3265,0.0,clean,none,direct_use,True
mccd_salvage,赵孟頫,楷,已,G:\GitHub\DiT\MCCD\MCCD\MCCD-Calligrapher\calligrapher_dataset\赵孟𫖯\已-楷-元-赵孟𫖯-82300.png,237,207,False,0.3313,0.0,clean,none,direct_use,True
mccd_salvage,赵孟頫,行,已,G:\GitHub\DiT\MCCD\MCCD\MCCD-Calligrapher\calligrapher_dataset\赵孟𫖯\已-行-元-赵孟𫖯-82315.png,239,183,False,0.2511,0.0,clean,none,direct_use,True
mccd_salvage,赵孟頫,楷,巻,G:\GitHub\DiT\MCCD\MCCD\MCCD-Calligrapher\calligrapher_dataset\赵孟𫖯\巻-楷-元-赵孟𫖯-82667.png,179,169,False,0.1937,0.0,clean,none,direct_use,True
mccd_salvage,赵孟頫,行,巻,G:\GitHub\DiT\MCCD\MCCD\MCCD-Calligrapher\calligrapher_dataset\赵孟𫖯\巻-行-元-赵孟𫖯-82675.png,165,162,False,0.3521,0.0,clean,none,direct_use,True
mccd_salvage,赵孟頫,楷,巾,G:\GitHub\DiT\MCCD\MCCD\MCCD-Calligrapher\calligrapher_dataset\赵孟𫖯\巾-楷-元-赵孟𫖯-82753.png,156,254,False,0.2902,0.0,clean,none,direct_use,True
mccd_salvage,赵孟頫,楷,希,G:\GitHub\DiT\MCCD\MCCD\MCCD-Calligrapher\calligrapher_dataset\赵孟𫖯\希-楷-元-赵孟𫖯-83156.png,178,191,False,0.2564,0.0,clean,none,direct_use,True
mccd_salvage,赵孟頫,行,希,G:\GitHub\DiT\MCCD\MCCD\MCCD-Calligrapher\calligrapher_dataset\赵孟𫖯\希-行-元-赵孟𫖯-83162.png,185,238,False,0.3359,0.0,clean,none,direct_use,True
mccd_salvage,赵孟頫,行,帖,G:\GitHub\DiT\MCCD\MCCD\MCCD-Calligrapher\calligrapher_dataset\赵孟𫖯\帖-行-元-赵孟𫖯-83225.png,203,168,False,0.3912,0.0,clean,none,direct_use,True
mccd_salvage,赵孟頫,隶,帝,G:\GitHub\DiT\MCCD\MCCD\MCCD-Calligrapher\calligrapher_dataset\赵孟𫖯\帝-隶-元-赵孟𫖯-83481.png,232,214,False,0.3997,0.0,clean,none,direct_use,True
mccd_salvage,赵孟頫,楷,帥,G:\GitHub\DiT\MCCD\MCCD\MCCD-Calligrapher\calligrapher_dataset\赵孟𫖯\帥-楷-元-赵孟𫖯-83639.png,201,223,False,0.2832,0.0,clean,none,direct_use,True
mccd_salvage,赵孟頫,楷,師,G:\GitHub\DiT\MCCD\MCCD\MCCD-Calligrapher\calligrapher_dataset\赵孟𫖯\師-楷-元-赵孟𫖯-83797.png,195,204,False,0.3859,0.0,clean,none,direct_use,True
mccd_salvage,赵孟頫,行,師,G:\GitHub\DiT\MCCD\MCCD\MCCD-Calligrapher\calligrapher_dataset\赵孟𫖯\師-行-元-赵孟𫖯-83814.png,163,223,False,0.3496,0.0,clean,none,direct_use,True
mccd_salvage,赵孟頫,行,師,G:\GitHub\DiT\MCCD\MCCD\MCCD-Calligrapher\calligrapher_dataset\赵孟𫖯\師-行-元-赵孟𫖯-83815.png,170,228,False,0.3473,0.0,clean,none,direct_use,True
mccd_salvage,赵孟頫,行,席,G:\GitHub\DiT\MCCD\MCCD\MCCD-Calligrapher\calligrapher_dataset\赵孟𫖯\席-行-元-赵孟𫖯-83905.png,164,252,False,0.3102,0.0,clean,none,direct_use,True
mccd_salvage,赵孟頫,隶,席,G:\GitHub\DiT\MCCD\MCCD\MCCD-Calligrapher\calligrapher_dataset\赵孟𫖯\席-隶-元-赵孟𫖯-83893.png,232,223,False,0.3801,0.0,clean,none,direct_use,True
mccd_salvage,赵孟頫,楷,帳,G:\GitHub\DiT\MCCD\MCCD\MCCD-Calligrapher\calligrapher_dataset\赵孟𫖯\帳-楷-元-赵孟𫖯-84022.png,261,217,False,0.3056,0.0,clean,none,direct_use,True
mccd_salvage,赵孟頫,楷,帶,G:\GitHub\DiT\MCCD\MCCD\MCCD-Calligrapher\calligrapher_dataset\赵孟𫖯\帶-楷-元-赵孟𫖯-84091.png,239,302,False,0.3538,0.0,clean,none,direct_use,True
mccd_salvage,赵孟頫,行,帶,G:\GitHub\DiT\MCCD\MCCD\MCCD-Calligrapher\calligrapher_dataset\赵孟𫖯\帶-行-元-赵孟𫖯-84098.png,158,246,False,0.2204,0.0,clean,none,direct_use,True
mccd_salvage,赵孟頫,楷,帷,G:\GitHub\DiT\MCCD\MCCD\MCCD-Calligrapher\calligrapher_dataset\赵孟𫖯\帷-楷-元-赵孟𫖯-84137.png,237,234,False,0.355,0.0002,clean,none,direct_use,True
mccd_salvage,赵孟頫,楷,常,G:\GitHub\DiT\MCCD\MCCD\MCCD-Calligrapher\calligrapher_dataset\赵孟𫖯\常-楷-元-赵孟𫖯-84219.png,200,278,False,0.2745,0.0003,clean,none,direct_use,True
mccd_salvage,赵孟頫,行,常,G:\GitHub\DiT\MCCD\MCCD\MCCD-Calligrapher\calligrapher_dataset\赵孟𫖯\常-行-元-赵孟𫖯-84232.png,162,289,False,0.2414,0.0,clean,none,direct_use,True
mccd_salvage,赵孟頫,楷,并,G:\GitHub\DiT\MCCD\MCCD\MCCD-Calligrapher\calligrapher_dataset\赵孟𫖯\并-楷-元-赵孟𫖯-85398.png,218,275,False,0.2549,0.0,clean,none,direct_use,True
mccd_salvage,赵孟頫,行,并,G:\GitHub\DiT\MCCD\MCCD\MCCD-Calligrapher\calligrapher_dataset\赵孟𫖯\并-行-元-赵孟𫖯-85401.png,170,190,False,0.357,0.0,clean,none,direct_use,True
mccd_salvage,赵孟頫,隶,并,G:\GitHub\DiT\MCCD\MCCD\MCCD-Calligrapher\calligrapher_dataset\赵孟𫖯\并-隶-元-赵孟𫖯-85383.png,269,150,False,0.3361,0.0,clean,none,direct_use,True
mccd_salvage,赵孟頫,楷,幷,G:\GitHub\DiT\MCCD\MCCD\MCCD-Calligrapher\calligrapher_dataset\赵孟𫖯\幷-楷-元-赵孟𫖯-85497.png,218,275,False,0.2549,0.0,clean,none,direct_use,True
mccd_salvage,赵孟頫,行,幷,G:\GitHub\DiT\MCCD\MCCD\MCCD-Calligrapher\calligrapher_dataset\赵孟𫖯\幷-行-元-赵孟𫖯-85500.png,170,190,False,0.357,0.0,clean,none,direct_use,True
mccd_salvage,赵孟頫,隶,幾,G:\GitHub\DiT\MCCD\MCCD\MCCD-Calligrapher\calligrapher_dataset\赵孟𫖯\幾-隶-元-赵孟𫖯-85792.png,224,223,False,0.3351,0.0,clean,none,direct_use,True
mccd_salvage,赵孟頫,行,序,G:\GitHub\DiT\MCCD\MCCD\MCCD-Calligrapher\calligrapher_dataset\赵孟𫖯\序-行-元-赵孟𫖯-85956.png,193,236,False,0.2603,0.0,clean,none,direct_use,True
mccd_salvage,赵孟頫,行,底,G:\GitHub\DiT\MCCD\MCCD\MCCD-Calligrapher\calligrapher_dataset\赵孟𫖯\底-行-元-赵孟𫖯-85990.png,246,237,False,0.3352,0.0,clean,none,direct_use,True
mccd_salvage,赵孟頫,楷,府,G:\GitHub\DiT\MCCD\MCCD\MCCD-Calligrapher\calligrapher_dataset\赵孟𫖯\府-楷-元-赵孟𫖯-86349.png,206,226,False,0.351,0.0,clean,none,direct_use,True
mccd_salvage,赵孟頫,行,府,G:\GitHub\DiT\MCCD\MCCD\MCCD-Calligrapher\calligrapher_dataset\赵孟𫖯\府-行-元-赵孟𫖯-86363.png,214,267,False,0.3228,0.0,clean,none,direct_use,True
mccd_salvage,赵孟頫,楷,庭,G:\GitHub\DiT\MCCD\MCCD\MCCD-Calligrapher\calligrapher_dataset\赵孟𫖯\庭-楷-元-赵孟𫖯-86643.png,206,214,False,0.2623,0.0,clean,none,direct_use,True
mccd_salvage,赵孟頫,行,庭,G:\GitHub\DiT\MCCD\MCCD\MCCD-Calligrapher\calligrapher_dataset\赵孟𫖯\庭-行-元-赵孟𫖯-86655.png,262,232,False,0.2288,0.0,clean,none,direct_use,True
mccd_salvage,赵孟頫,行,庶,G:\GitHub\DiT\MCCD\MCCD\MCCD-Calligrapher\calligrapher_dataset\赵孟𫖯\庶-行-元-赵孟𫖯-86817.png,243,239,False,0.2412,0.0,clean,none,direct_use,True
mccd_salvage,赵孟頫,隶,庶,G:\GitHub\DiT\MCCD\MCCD\MCCD-Calligrapher\calligrapher_dataset\赵孟𫖯\庶-隶-元-赵孟𫖯-86795.png,235,196,False,0.3592,0.0,clean,none,direct_use,True
mccd_salvage,赵孟頫,楷,康,G:\GitHub\DiT\MCCD\MCCD\MCCD-Calligrapher\calligrapher_dataset\赵孟𫖯\康-楷-元-赵孟𫖯-86925.png,168,223,False,0.2815,0.0,clean,none,direct_use,True
mccd_salvage,赵孟頫,行,康,G:\GitHub\DiT\MCCD\MCCD\MCCD-Calligrapher\calligrapher_dataset\赵孟𫖯\康-行-元-赵孟𫖯-86934.png,157,221,False,0.4012,0.0,clean,none,direct_use,True
mccd_salvage,赵孟頫,行,康,G:\GitHub\DiT\MCCD\MCCD\MCCD-Calligrapher\calligrapher_dataset\赵孟𫖯\康-行-元-赵孟𫖯-86935.png,183,227,False,0.26,0.0,clean,none,direct_use,True
mccd_salvage,赵孟頫,隶,康,G:\GitHub\DiT\MCCD\MCCD\MCCD-Calligrapher\calligrapher_dataset\赵孟𫖯\康-隶-元-赵孟𫖯-86909.png,228,203,False,0.4066,0.0,clean,none,direct_use,True
mccd_salvage,赵孟頫,隶,庸,G:\GitHub\DiT\MCCD\MCCD\MCCD-Calligrapher\calligrapher_dataset\赵孟𫖯\庸-隶-元-赵孟𫖯-86995.png,239,203,False,0.4687,0.0,clean,none,direct_use,True
mccd_salvage,赵孟頫,楷,廉,G:\GitHub\DiT\MCCD\MCCD\MCCD-Calligrapher\calligrapher_dataset\赵孟𫖯\廉-楷-元-赵孟𫖯-87152.png,177,202,False,0.3385,0.0,clean,none,direct_use,True
mccd_salvage,赵孟頫,楷,廊,G:\GitHub\DiT\MCCD\MCCD\MCCD-Calligrapher\calligrapher_dataset\赵孟𫖯\廊-楷-元-赵孟𫖯-87190.png,167,184,False,0.3571,0.0,clean,none,direct_use,True
mccd_salvage,赵孟頫,隶,廊,G:\GitHub\DiT\MCCD\MCCD\MCCD-Calligrapher\calligrapher_dataset\赵孟𫖯\廊-隶-元-赵孟𫖯-87184.png,238,190,False,0.4612,0.0,clean,none,direct_use,True
mccd_salvage,赵孟頫,楷,廡,G:\GitHub\DiT\MCCD\MCCD\MCCD-Calligrapher\calligrapher_dataset\赵孟𫖯\廡-楷-元-赵孟𫖯-87472.png,242,233,False,0.3343,0.0,clean,none,direct_use,True
mccd_salvage,赵孟頫,楷,廣,G:\GitHub\DiT\MCCD\MCCD\MCCD-Calligrapher\calligrapher_dataset\赵孟𫖯\廣-楷-元-赵孟𫖯-87581.png,176,190,False,0.3787,0.0,clean,none,direct_use,True
mccd_salvage,赵孟頫,楷,建,G:\GitHub\DiT\MCCD\MCCD\MCCD-Calligrapher\calligrapher_dataset\赵孟𫖯\建-楷-元-赵孟𫖯-88058.png,235,218,False,0.3032,0.0,clean,none,direct_use,True
mccd_salvage,赵孟頫,楷,弋,G:\GitHub\DiT\MCCD\MCCD\MCCD-Calligrapher\calligrapher_dataset\赵孟𫖯\弋-楷-元-赵孟𫖯-88535.png,221,267,False,0.2255,0.0,clean,none,direct_use,True
mccd_salvage,赵孟頫,隶,弔,G:\GitHub\DiT\MCCD\MCCD\MCCD-Calligrapher\calligrapher_dataset\赵孟𫖯\弔-隶-元-赵孟𫖯-88899.png,284,282,False,0.4022,0.0007,clean,none,direct_use,True
mccd_salvage,赵孟頫,隶,引,G:\GitHub\DiT\MCCD\MCCD\MCCD-Calligrapher\calligrapher_dataset\赵孟𫖯\引-隶-元-赵孟𫖯-88956.png,234,194,False,0.3551,0.0,clean,none,direct_use,True
mccd_salvage,赵孟頫,楷,弗,G:\GitHub\DiT\MCCD\MCCD\MCCD-Calligrapher\calligrapher_dataset\赵孟𫖯\弗-楷-元-赵孟𫖯-89240.png,174,217,False,0.4323,0.0,clean,none,direct_use,True
mccd_salvage,赵孟頫,楷,弟,G:\GitHub\DiT\MCCD\MCCD\MCCD-Calligrapher\calligrapher_dataset\赵孟𫖯\弟-楷-元-赵孟𫖯-89535.png,169,228,False,0.368,0.0,clean,none,direct_use,True
mccd_salvage,赵孟頫,隶,弦,G:\GitHub\DiT\MCCD\MCCD\MCCD-Calligrapher\calligrapher_dataset\赵孟𫖯\弦-隶-元-赵孟𫖯-89656.png,222,149,False,0.3846,0.0,clean,none,direct_use,True
mccd_salvage,赵孟頫,楷,弱,G:\GitHub\DiT\MCCD\MCCD\MCCD-Calligrapher\calligrapher_dataset\赵孟𫖯\弱-楷-元-赵孟𫖯-89790.png,203,248,False,0.3852,0.0,clean,none,direct_use,True
mccd_salvage,赵孟頫,行,弱,G:\GitHub\DiT\MCCD\MCCD\MCCD-Calligrapher\calligrapher_dataset\赵孟𫖯\弱-行-元-赵孟𫖯-89796.png,235,225,False,0.4957,0.0,clean,none,direct_use,True
mccd_salvage,赵孟頫,隶,弱,G:\GitHub\DiT\MCCD\MCCD\MCCD-Calligrapher\calligrapher_dataset\赵孟𫖯\弱-隶-元-赵孟𫖯-89773.png,227,225,False,0.4661,0.0,clean,none,direct_use,True
mccd_salvage,赵孟頫,行,强,G:\GitHub\DiT\MCCD\MCCD\MCCD-Calligrapher\calligrapher_dataset\赵孟𫖯\强-行-元-赵孟𫖯-90102.png,253,210,False,0.4499,0.0,clean,none,direct_use,True
mccd_salvage,赵孟頫,楷,彈,G:\GitHub\DiT\MCCD\MCCD\MCCD-Calligrapher\calligrapher_dataset\赵孟𫖯\彈-楷-元-赵孟𫖯-90187.png,198,243,False,0.2797,0.0,clean,none,direct_use,True
mccd_salvage,赵孟頫,行,彈,G:\GitHub\DiT\MCCD\MCCD\MCCD-Calligrapher\calligrapher_dataset\赵孟𫖯\彈-行-元-赵孟𫖯-90189.png,194,250,False,0.3035,0.0,clean,none,direct_use,True
mccd_salvage,赵孟頫,楷,形,G:\GitHub\DiT\MCCD\MCCD\MCCD-Calligrapher\calligrapher_dataset\赵孟𫖯\形-楷-元-赵孟𫖯-91940.png,195,182,False,0.2998,0.0,clean,none,direct_use,True
mccd_salvage,赵孟頫,行,形,G:\GitHub\DiT\MCCD\MCCD\MCCD-Calligrapher\calligrapher_dataset\赵孟𫖯\形-行-元-赵孟𫖯-91957.png,252,202,False,0.2833,0.0024,clean,none,direct_use,True
mccd_salvage,赵孟頫,隶,形,G:\GitHub\DiT\MCCD\MCCD\MCCD-Calligrapher\calligrapher_dataset\赵孟𫖯\形-隶-元-赵孟𫖯-91925.png,255,186,False,0.359,0.0,clean,none,direct_use,True
mccd_salvage,赵孟頫,楷,彼,G:\GitHub\DiT\MCCD\MCCD\MCCD-Calligrapher\calligrapher_dataset\赵孟𫖯\彼-楷-元-赵孟𫖯-92420.png,246,225,False,0.3418,0.0,clean,none,direct_use,True
mccd_salvage,赵孟頫,隶,彼,G:\GitHub\DiT\MCCD\MCCD\MCCD-Calligrapher\calligrapher_dataset\赵孟𫖯\彼-隶-元-赵孟𫖯-92400.png,249,168,False,0.2897,0.0,clean,none,direct_use,True
mccd_salvage,赵孟頫,隶,往,G:\GitHub\DiT\MCCD\MCCD\MCCD-Calligrapher\calligrapher_dataset\赵孟𫖯\往-隶-元-赵孟𫖯-92497.png,262,164,False,0.3265,0.0,clean,none,direct_use,True
mccd_salvage,赵孟頫,楷,征,G:\GitHub\DiT\MCCD\MCCD\MCCD-Calligrapher\calligrapher_dataset\赵孟𫖯\征-楷-元-赵孟𫖯-92615.png,234,201,False,0.3173,0.0,clean,none,direct_use,True
mccd_salvage,赵孟頫,隶,律,G:\GitHub\DiT\MCCD\MCCD\MCCD-Calligrapher\calligrapher_dataset\赵孟𫖯\律-隶-元-赵孟𫖯-92776.png,232,194,False,0.3088,0.0,clean,none,direct_use,True
mccd_salvage,赵孟頫,行,後,G:\GitHub\DiT\MCCD\MCCD\MCCD-Calligrapher\calligrapher_dataset\赵孟𫖯\後-行-元-赵孟𫖯-92941.png,210,280,False,0.3147,0.0,clean,none,direct_use,True
mccd_salvage,赵孟頫,楷,徐,G:\GitHub\DiT\MCCD\MCCD\MCCD-Calligrapher\calligrapher_dataset\赵孟𫖯\徐-楷-元-赵孟𫖯-93027.png,270,216,False,0.3353,0.0,clean,none,direct_use,True
mccd_salvage,赵孟頫,行,徒,G:\GitHub\DiT\MCCD\MCCD\MCCD-Calligrapher\calligrapher_dataset\赵孟𫖯\徒-行-元-赵孟𫖯-93186.png,260,258,False,0.3754,0.0,clean,none,direct_use,True
mccd_salvage,赵孟頫,行,得,G:\GitHub\DiT\MCCD\MCCD\MCCD-Calligrapher\calligrapher_dataset\赵孟𫖯\得-行-元-赵孟𫖯-93336.png,215,250,False,0.3906,0.0,clean,none,direct_use,True
mccd_salvage,赵孟頫,楷,從,G:\GitHub\DiT\MCCD\MCCD\MCCD-Calligrapher\calligrapher_dataset\赵孟𫖯\從-楷-元-赵孟𫖯-93717.png,242,228,False,0.3187,0.0,clean,none,direct_use,True
mccd_salvage,赵孟頫,隶,從,G:\GitHub\DiT\MCCD\MCCD\MCCD-Calligrapher\calligrapher_dataset\赵孟𫖯\從-隶-元-赵孟𫖯-93686.png,226,172,False,0.3473,0.0,clean,none,direct_use,True
mccd_salvage,赵孟頫,楷,御,G:\GitHub\DiT\MCCD\MCCD\MCCD-Calligrapher\calligrapher_dataset\赵孟𫖯\御-楷-元-赵孟𫖯-93880.png,213,252,False,0.3203,0.0,clean,none,direct_use,True
mccd_salvage,赵孟頫,楷,循,G:\GitHub\DiT\MCCD\MCCD\MCCD-Calligrapher\calligrapher_dataset\赵孟𫖯\循-楷-元-赵孟𫖯-94203.png,230,247,False,0.5446,0.0,clean,none,direct_use,True
mccd_salvage,赵孟頫,行,微,G:\GitHub\DiT\MCCD\MCCD\MCCD-Calligrapher\calligrapher_dataset\赵孟𫖯\微-行-元-赵孟𫖯-94273.png,256,255,False,0.403,0.0006,clean,none,direct_use,True
mccd_salvage,赵孟頫,隶,微,G:\GitHub\DiT\MCCD\MCCD\MCCD-Calligrapher\calligrapher_dataset\赵孟𫖯\微-隶-元-赵孟𫖯-94250.png,254,166,False,0.3693,0.0,clean,none,direct_use,True
mccd_salvage,赵孟頫,行,徴,G:\GitHub\DiT\MCCD\MCCD\MCCD-Calligrapher\calligrapher_dataset\赵孟𫖯\徴-行-元-赵孟𫖯-94557.png,232,223,False,0.3668,0.0,clean,none,direct_use,True
mccd_salvage,赵孟頫,楷,德,G:\GitHub\DiT\MCCD\MCCD\MCCD-Calligrapher\calligrapher_dataset\赵孟𫖯\德-楷-元-赵孟𫖯-94762.png,247,244,False,0.3288,0.0,clean,none,direct_use,True
mccd_salvage,赵孟頫,行,心,G:\GitHub\DiT\MCCD\MCCD\MCCD-Calligrapher\calligrapher_dataset\赵孟𫖯\心-行-元-赵孟𫖯-95194.png,267,135,False,0.3525,0.0,clean,none,direct_use,True
mccd_salvage,赵孟頫,隶,志,G:\GitHub\DiT\MCCD\MCCD\MCCD-Calligrapher\calligrapher_dataset\赵孟𫖯\志-隶-元-赵孟𫖯-95676.png,213,212,False,0.2999,0.0,clean,none,direct_use,True
mccd_salvage,赵孟頫,楷,忠,G:\GitHub\DiT\MCCD\MCCD\MCCD-Calligrapher\calligrapher_dataset\赵孟𫖯\忠-楷-元-赵孟𫖯-95953.png,213,214,False,0.3374,0.0,clean,none,direct_use,True
mccd_salvage,赵孟頫,楷,念,G:\GitHub\DiT\MCCD\MCCD\MCCD-Calligrapher\calligrapher_dataset\赵孟𫖯\念-楷-元-赵孟𫖯-96134.png,277,211,False,0.2065,0.0,clean,none,direct_use,True
mccd_salvage,赵孟頫,楷,怍,G:\GitHub\DiT\MCCD\MCCD\MCCD-Calligrapher\calligrapher_dataset\赵孟𫖯\怍-楷-元-赵孟𫖯-96286.png,217,201,False,0.2859,0.0,clean,none,direct_use,True
mccd_salvage,赵孟頫,楷,思,G:\GitHub\DiT\MCCD\MCCD\MCCD-Calligrapher\calligrapher_dataset\赵孟𫖯\思-楷-元-赵孟𫖯-96564.png,235,219,False,0.4682,0.0,clean,none,direct_use,True
mccd_salvage,赵孟頫,行,思,G:\GitHub\DiT\MCCD\MCCD\MCCD-Calligrapher\calligrapher_dataset\赵孟𫖯\思-行-元-赵孟𫖯-96584.png,248,253,False,0.4617,0.0,clean,none,direct_use,True
mccd_salvage,赵孟頫,楷,恃,G:\GitHub\DiT\MCCD\MCCD\MCCD-Calligrapher\calligrapher_dataset\赵孟𫖯\恃-楷-元-赵孟𫖯-97014.png,252,258,False,0.2468,0.0,clean,none,direct_use,True
mccd_salvage,赵孟頫,行,恐,G:\GitHub\DiT\MCCD\MCCD\MCCD-Calligrapher\calligrapher_dataset\赵孟𫖯\恐-行-元-赵孟𫖯-97115.png,249,189,False,0.4193,0.0002,clean,none,direct_use,True
mccd_salvage,赵孟頫,隶,恒,G:\GitHub\DiT\MCCD\MCCD\MCCD-Calligrapher\calligrapher_dataset\赵孟𫖯\恒-隶-元-赵孟𫖯-97175.png,255,159,False,0.3686,0.0,clean,none,direct_use,True
mccd_salvage,赵孟頫,楷,恩,G:\GitHub\DiT\MCCD\MCCD\MCCD-Calligrapher\calligrapher_dataset\赵孟𫖯\恩-楷-元-赵孟𫖯-97447.png,237,246,False,0.4618,0.0,clean,none,direct_use,True
mccd_salvage,赵孟頫,行,恬,G:\GitHub\DiT\MCCD\MCCD\MCCD-Calligrapher\calligrapher_dataset\赵孟𫖯\恬-行-元-赵孟𫖯-97504.png,241,240,False,0.3765,0.0,clean,none,direct_use,True
mccd_salvage,赵孟頫,隶,恬,G:\GitHub\DiT\MCCD\MCCD\MCCD-Calligrapher\calligrapher_dataset\赵孟𫖯\恬-隶-元-赵孟𫖯-97494.png,256,159,False,0.4187,0.0,clean,none,direct_use,True
mccd_salvage,赵孟頫,楷,恭,G:\GitHub\DiT\MCCD\MCCD\MCCD-Calligrapher\calligrapher_dataset\赵孟𫖯\恭-楷-元-赵孟𫖯-97558.png,238,205,False,0.2624,0.0,clean,none,direct_use,True
mccd_salvage,赵孟頫,隶,息,G:\GitHub\DiT\MCCD\MCCD\MCCD-Calligrapher\calligrapher_dataset\赵孟𫖯\息-隶-元-赵孟𫖯-97622.png,276,298,False,0.3489,0.0,clean,none,direct_use,True
mccd_salvage,赵孟頫,楷,恵,G:\GitHub\DiT\MCCD\MCCD\MCCD-Calligrapher\calligrapher_dataset\赵孟𫖯\恵-楷-元-赵孟𫖯-97778.png,223,236,False,0.4095,0.0,clean,none,direct_use,True
mccd_salvage,赵孟頫,行,恵,G:\GitHub\DiT\MCCD\MCCD\MCCD-Calligrapher\calligrapher_dataset\赵孟𫖯\恵-行-元-赵孟𫖯-97791.png,194,226,False,0.3106,0.0,clean,none,direct_use,True
mccd_salvage,赵孟頫,楷,悅,G:\GitHub\DiT\MCCD\MCCD\MCCD-Calligrapher\calligrapher_dataset\赵孟𫖯\悅-楷-元-赵孟𫖯-97897.png,198,140,False,0.3255,0.0,clean,none,direct_use,True
mccd_salvage,赵孟頫,行,悅,G:\GitHub\DiT\MCCD\MCCD\MCCD-Calligrapher\calligrapher_dataset\赵孟𫖯\悅-行-元-赵孟𫖯-97901.png,250,193,False,0.2872,0.0,clean,none,direct_use,True
mccd_salvage,赵孟頫,隶,悅,G:\GitHub\DiT\MCCD\MCCD\MCCD-Calligrapher\calligrapher_dataset\赵孟𫖯\悅-隶-元-赵孟𫖯-97884.png,248,178,False,0.3429,0.0,clean,none,direct_use,True
mccd_salvage,赵孟頫,行,悚,G:\GitHub\DiT\MCCD\MCCD\MCCD-Calligrapher\calligrapher_dataset\赵孟𫖯\悚-行-元-赵孟𫖯-98165.png,238,212,False,0.4563,0.0,clean,none,direct_use,True
mccd_salvage,赵孟頫,行,悟,G:\GitHub\DiT\MCCD\MCCD\MCCD-Calligrapher\calligrapher_dataset\赵孟𫖯\悟-行-元-赵孟𫖯-98218.png,238,230,False,0.3911,0.0,clean,none,direct_use,True
mccd_salvage,赵孟頫,行,悟,G:\GitHub\DiT\MCCD\MCCD\MCCD-Calligrapher\calligrapher_dataset\赵孟𫖯\悟-行-元-赵孟𫖯-98220.png,219,217,False,0.352,0.0,clean,none,direct_use,True
mccd_salvage,赵孟頫,楷,患,G:\GitHub\DiT\MCCD\MCCD\MCCD-Calligrapher\calligrapher_dataset\赵孟𫖯\患-楷-元-赵孟𫖯-98274.png,181,217,False,0.3184,0.0,clean,none,direct_use,True
mccd_salvage,赵孟頫,楷,悦,G:\GitHub\DiT\MCCD\MCCD\MCCD-Calligrapher\calligrapher_dataset\赵孟𫖯\悦-楷-元-赵孟𫖯-98326.png,198,140,False,0.3255,0.0,clean,none,direct_use,True
mccd_salvage,赵孟頫,隶,悦,G:\GitHub\DiT\MCCD\MCCD\MCCD-Calligrapher\calligrapher_dataset\赵孟𫖯\悦-隶-元-赵孟𫖯-98313.png,248,178,False,0.3429,0.0,clean,none,direct_use,True
mccd_salvage,赵孟頫,楷,悲,G:\GitHub\DiT\MCCD\MCCD\MCCD-Calligrapher\calligrapher_dataset\赵孟𫖯\悲-楷-元-赵孟𫖯-98408.png,224,242,False,0.3846,0.0,clean,none,direct_use,True
mccd_salvage,赵孟頫,隶,悲,G:\GitHub\DiT\MCCD\MCCD\MCCD-Calligrapher\calligrapher_dataset\赵孟𫖯\悲-隶-元-赵孟𫖯-98391.png,274,220,False,0.2976,0.0,clean,none,direct_use,True
mccd_salvage,赵孟頫,隶,情,G:\GitHub\DiT\MCCD\MCCD\MCCD-Calligrapher\calligrapher_dataset\赵孟𫖯\情-隶-元-赵孟𫖯-98663.png,252,211,False,0.3596,0.0,clean,none,direct_use,True
mccd_salvage,赵孟頫,楷,惑,G:\GitHub\DiT\MCCD\MCCD\MCCD-Calligrapher\calligrapher_dataset\赵孟𫖯\惑-楷-元-赵孟𫖯-98826.png,226,210,False,0.2363,0.0,clean,none,direct_use,True
mccd_salvage,赵孟頫,隶,惟,G:\GitHub\DiT\MCCD\MCCD\MCCD-Calligrapher\calligrapher_dataset\赵孟𫖯\惟-隶-元-赵孟𫖯-98989.png,255,190,False,0.365,0.0,clean,none,direct_use,True
mccd_salvage,赵孟頫,楷,惠,G:\GitHub\DiT\MCCD\MCCD\MCCD-Calligrapher\calligrapher_dataset\赵孟𫖯\惠-楷-元-赵孟𫖯-99154.png,168,202,False,0.3272,0.0,clean,none,direct_use,True
mccd_salvage,赵孟頫,楷,惡,G:\GitHub\DiT\MCCD\MCCD\MCCD-Calligrapher\calligrapher_dataset\赵孟𫖯\惡-楷-元-赵孟𫖯-99250.png,191,205,False,0.3547,0.0,clean,none,direct_use,True
mccd_salvage,赵孟頫,隶,想,G:\GitHub\DiT\MCCD\MCCD\MCCD-Calligrapher\calligrapher_dataset\赵孟𫖯\想-隶-元-赵孟𫖯-99349.png,251,200,False,0.3378,0.0,clean,none,direct_use,True
mccd_salvage,赵孟頫,楷,惶,G:\GitHub\DiT\MCCD\MCCD\MCCD-Calligrapher\calligrapher_dataset\赵孟𫖯\惶-楷-元-赵孟𫖯-99431.png,216,208,False,0.3815,0.0,clean,none,direct_use,True
mccd_salvage,赵孟頫,隶,惶,G:\GitHub\DiT\MCCD\MCCD\MCCD-Calligrapher\calligrapher_dataset\赵孟𫖯\惶-隶-元-赵孟𫖯-99425.png,267,201,False,0.4054,0.0,clean,none,direct_use,True
mccd_salvage,赵孟頫,楷,惻,G:\GitHub\DiT\MCCD\MCCD\MCCD-Calligrapher\calligrapher_dataset\赵孟𫖯\惻-楷-元-赵孟𫖯-99474.png,246,202,False,0.4198,0.0,clean,none,direct_use,True
mccd_salvage,赵孟頫,楷,愆,G:\GitHub\DiT\MCCD\MCCD\MCCD-Calligrapher\calligrapher_dataset\赵孟𫖯\愆-楷-元-赵孟𫖯-99557.png,203,210,False,0.2304,0.0008,clean,none,direct_use,True
mccd_salvage,赵孟頫,隶,意,G:\GitHub\DiT\MCCD\MCCD\MCCD-Calligrapher\calligrapher_dataset\赵孟𫖯\意-隶-元-赵孟𫖯-99682.png,201,267,False,0.3725,0.0,clean,none,direct_use,True
mccd_salvage,赵孟頫,楷,愚,G:\GitHub\DiT\MCCD\MCCD\MCCD-Calligrapher\calligrapher_dataset\赵孟𫖯\愚-楷-元-赵孟𫖯-99837.png,198,218,False,0.4046,0.0,clean,none,direct_use,True
mccd_salvage,赵孟頫,行,愚,G:\GitHub\DiT\MCCD\MCCD\MCCD-Calligrapher\calligrapher_dataset\赵孟𫖯\愚-行-元-赵孟𫖯-99842.png,186,245,False,0.3914,0.0009,clean,none,direct_use,True
mccd_salvage,赵孟頫,行,愚,G:\GitHub\DiT\MCCD\MCCD\MCCD-Calligrapher\calligrapher_dataset\赵孟𫖯\愚-行-元-赵孟𫖯-99843.png,208,267,False,0.4089,0.0,clean,none,direct_use,True
mccd_salvage,赵孟頫,行,愚,G:\GitHub\DiT\MCCD\MCCD\MCCD-Calligrapher\calligrapher_dataset\赵孟𫖯\愚-行-元-赵孟𫖯-99844.png,219,256,False,0.3856,0.0,clean,none,direct_use,True
mccd_salvage,赵孟頫,楷,愛,G:\GitHub\DiT\MCCD\MCCD\MCCD-Calligrapher\calligrapher_dataset\赵孟𫖯\愛-楷-元-赵孟𫖯-99894.png,177,219,False,0.2707,0.0,clean,none,direct_use,True
mccd_salvage,赵孟頫,隶,愳,G:\GitHub\DiT\MCCD\MCCD\MCCD-Calligrapher\calligrapher_dataset\赵孟𫖯\愳-隶-元-赵孟𫖯-100162.png,276,215,False,0.4335,0.0,clean,none,direct_use,True
mccd_salvage,赵孟頫,楷,愼,G:\GitHub\DiT\MCCD\MCCD\MCCD-Calligrapher\calligrapher_dataset\赵孟𫖯\愼-楷-元-赵孟𫖯-100238.png,231,213,False,0.3798,0.0,clean,none,direct_use,True
mccd_salvage,赵孟頫,隶,愼,G:\GitHub\DiT\MCCD\MCCD\MCCD-Calligrapher\calligrapher_dataset\赵孟𫖯\愼-隶-元-赵孟𫖯-100228.png,233,206,False,0.4205,0.0,clean,none,direct_use,True
mccd_salvage,赵孟頫,隶,慈,G:\GitHub\DiT\MCCD\MCCD\MCCD-Calligrapher\calligrapher_dataset\赵孟𫖯\慈-隶-元-赵孟𫖯-100336.png,261,294,False,0.3197,0.0,clean,none,direct_use,True
mccd_salvage,赵孟頫,楷,慎,G:\GitHub\DiT\MCCD\MCCD\MCCD-Calligrapher\calligrapher_dataset\赵孟𫖯\慎-楷-元-赵孟𫖯-100444.png,231,213,False,0.3798,0.0,clean,none,direct_use,True
mccd_salvage,赵孟頫,行,慨,G:\GitHub\DiT\MCCD\MCCD\MCCD-Calligrapher\calligrapher_dataset\赵孟𫖯\慨-行-元-赵孟𫖯-100699.png,251,211,False,0.3581,0.0,clean,none,direct_use,True
mccd_salvage,赵孟頫,行,慨,G:\GitHub\DiT\MCCD\MCCD\MCCD-Calligrapher\calligrapher_dataset\赵孟𫖯\慨-行-元-赵孟𫖯-100700.png,267,206,False,0.3356,0.0,clean,none,direct_use,True
mccd_salvage,赵孟頫,隶,慶,G:\GitHub\DiT\MCCD\MCCD\MCCD-Calligrapher\calligrapher_dataset\赵孟𫖯\慶-隶-元-赵孟𫖯-100932.png,262,254,False,0.4149,0.0,clean,none,direct_use,True
mccd_salvage,赵孟頫,楷,憂,G:\GitHub\DiT\MCCD\MCCD\MCCD-Calligrapher\calligrapher_dataset\赵孟𫖯\憂-楷-元-赵孟𫖯-101118.png,210,233,False,0.2714,0.0,clean,none,direct_use,True
mccd_salvage,赵孟頫,楷,憚,G:\GitHub\DiT\MCCD\MCCD\MCCD-Calligrapher\calligrapher_dataset\赵孟𫖯\憚-楷-元-赵孟𫖯-101359.png,179,214,False,0.2915,0.0,clean,none,direct_use,True
mccd_salvage,赵孟頫,楷,憶,G:\GitHub\DiT\MCCD\MCCD\MCCD-Calligrapher\calligrapher_dataset\赵孟𫖯\憶-楷-元-赵孟𫖯-131.png,196,194,False,0.3076,0.0,clean,none,direct_use,True
mccd_salvage,赵孟頫,行,懣,G:\GitHub\DiT\MCCD\MCCD\MCCD-Calligrapher\calligrapher_dataset\赵孟𫖯\懣-行-元-赵孟𫖯-452.png,208,220,False,0.366,0.0013,clean,none,direct_use,True
mccd_salvage,赵孟頫,隶,懸,G:\GitHub\DiT\MCCD\MCCD\MCCD-Calligrapher\calligrapher_dataset\赵孟𫖯\懸-隶-元-赵孟𫖯-644.png,234,224,False,0.3629,0.0,clean,none,direct_use,True
mccd_salvage,赵孟頫,楷,懼,G:\GitHub\DiT\MCCD\MCCD\MCCD-Calligrapher\calligrapher_dataset\赵孟𫖯\懼-楷-元-赵孟𫖯-707.png,199,205,False,0.4246,0.0,clean,none,direct_use,True
mccd_salvage,赵孟頫,楷,戍,G:\GitHub\DiT\MCCD\MCCD\MCCD-Calligrapher\calligrapher_dataset\赵孟𫖯\戍-楷-元-赵孟𫖯-1450.png,191,188,False,0.241,0.0,clean,none,direct_use,True
mccd_salvage,赵孟頫,隶,戎,G:\GitHub\DiT\MCCD\MCCD\MCCD-Calligrapher\calligrapher_dataset\赵孟𫖯\戎-隶-元-赵孟𫖯-1522.png,259,224,False,0.3455,0.0,clean,none,direct_use,True
mccd_salvage,赵孟頫,楷,我,G:\GitHub\DiT\MCCD\MCCD\MCCD-Calligrapher\calligrapher_dataset\赵孟𫖯\我-楷-元-赵孟𫖯-2133.png,227,240,False,0.2689,0.0,clean,none,direct_use,True
mccd_salvage,赵孟頫,楷,戚,G:\GitHub\DiT\MCCD\MCCD\MCCD-Calligrapher\calligrapher_dataset\赵孟𫖯\戚-楷-元-赵孟𫖯-2566.png,185,211,False,0.314,0.0,clean,none,direct_use,True
mccd_salvage,赵孟頫,隶,戚,G:\GitHub\DiT\MCCD\MCCD\MCCD-Calligrapher\calligrapher_dataset\赵孟𫖯\戚-隶-元-赵孟𫖯-2559.png,258,245,False,0.3233,0.0,clean,none,direct_use,True
mccd_salvage,赵孟頫,行,截,G:\GitHub\DiT\MCCD\MCCD\MCCD-Calligrapher\calligrapher_dataset\赵孟𫖯\截-行-元-赵孟𫖯-2799.png,186,220,False,0.3075,0.0006,clean,none,direct_use,True
mccd_salvage,赵孟頫,隶,戶,G:\GitHub\DiT\MCCD\MCCD\MCCD-Calligrapher\calligrapher_dataset\赵孟𫖯\戶-隶-元-赵孟𫖯-3065.png,274,187,False,0.3254,0.0,clean,none,direct_use,True
mccd_salvage,赵孟頫,隶,户,G:\GitHub\DiT\MCCD\MCCD\MCCD-Calligrapher\calligrapher_dataset\赵孟𫖯\户-隶-元-赵孟𫖯-3160.png,274,187,False,0.3254,0.0,clean,none,direct_use,True
mccd_salvage,赵孟頫,隶,房,G:\GitHub\DiT\MCCD\MCCD\MCCD-Calligrapher\calligrapher_dataset\赵孟𫖯\房-隶-元-赵孟𫖯-3407.png,268,173,False,0.3359,0.0,clean,none,direct_use,True
mccd_salvage,赵孟頫,楷,所,G:\GitHub\DiT\MCCD\MCCD\MCCD-Calligrapher\calligrapher_dataset\赵孟𫖯\所-楷-元-赵孟𫖯-3683.png,209,178,False,0.4352,0.0,clean,none,direct_use,True
mccd_salvage,赵孟頫,楷,所,G:\GitHub\DiT\MCCD\MCCD\MCCD-Calligrapher\calligrapher_dataset\赵孟𫖯\所-楷-元-赵孟𫖯-3684.png,193,158,False,0.4319,0.0,clean,none,direct_use,True
mccd_salvage,赵孟頫,楷,扆,G:\GitHub\DiT\MCCD\MCCD\MCCD-Calligrapher\calligrapher_dataset\赵孟𫖯\扆-楷-元-赵孟𫖯-3810.png,244,207,False,0.2426,0.0,clean,none,direct_use,True
mccd_salvage,赵孟頫,楷,手,G:\GitHub\DiT\MCCD\MCCD\MCCD-Calligrapher\calligrapher_dataset\赵孟𫖯\手-楷-元-赵孟𫖯-3952.png,179,225,False,0.2395,0.0,clean,none,direct_use,True
mccd_salvage,赵孟頫,行,手,G:\GitHub\DiT\MCCD\MCCD\MCCD-Calligrapher\calligrapher_dataset\赵孟𫖯\手-行-元-赵孟𫖯-3964.png,220,293,False,0.2057,0.0,clean,none,direct_use,True
mccd_salvage,赵孟頫,楷,才,G:\GitHub\DiT\MCCD\MCCD\MCCD-Calligrapher\calligrapher_dataset\赵孟𫖯\才-楷-元-赵孟𫖯-4217.png,165,169,False,0.2218,0.0,clean,none,direct_use,True
mccd_salvage,赵孟頫,楷,扶,G:\GitHub\DiT\MCCD\MCCD\MCCD-Calligrapher\calligrapher_dataset\赵孟𫖯\扶-楷-元-赵孟𫖯-4428.png,231,189,False,0.2845,0.0,clean,none,direct_use,True
mccd_salvage,赵孟頫,行,投,G:\GitHub\DiT\MCCD\MCCD\MCCD-Calligrapher\calligrapher_dataset\赵孟𫖯\投-行-元-赵孟𫖯-4773.png,241,230,False,0.2559,0.0,clean,none,direct_use,True
mccd_salvage,赵孟頫,行,抗,G:\GitHub\DiT\MCCD\MCCD\MCCD-Calligrapher\calligrapher_dataset\赵孟𫖯\抗-行-元-赵孟𫖯-4808.png,236,237,False,0.3903,0.0,clean,none,direct_use,True
mccd_salvage,赵孟頫,隶,抗,G:\GitHub\DiT\MCCD\MCCD\MCCD-Calligrapher\calligrapher_dataset\赵孟𫖯\抗-隶-元-赵孟𫖯-4798.png,270,211,False,0.3005,0.0,clean,none,direct_use,True
mccd_salvage,赵孟頫,行,抵,G:\GitHub\DiT\MCCD\MCCD\MCCD-Calligrapher\calligrapher_dataset\赵孟𫖯\抵-行-元-赵孟𫖯-5104.png,251,211,False,0.4182,0.0,clean,none,direct_use,True
mccd_salvage,赵孟頫,楷,抽,G:\GitHub\DiT\MCCD\MCCD\MCCD-Calligrapher\calligrapher_dataset\赵孟𫖯\抽-楷-元-赵孟𫖯-5147.png,271,226,False,0.361,0.0,clean,none,direct_use,True
mccd_salvage,赵孟頫,楷,招,G:\GitHub\DiT\MCCD\MCCD\MCCD-Calligrapher\calligrapher_dataset\赵孟𫖯\招-楷-元-赵孟𫖯-5485.png,252,210,False,0.3408,0.0004,clean,none,direct_use,True
mccd_salvage,赵孟頫,隶,招,G:\GitHub\DiT\MCCD\MCCD\MCCD-Calligrapher\calligrapher_dataset\赵孟𫖯\招-隶-元-赵孟𫖯-5475.png,251,163,False,0.3851,0.0,clean,none,direct_use,True
mccd_salvage,赵孟頫,楷,拜,G:\GitHub\DiT\MCCD\MCCD\MCCD-Calligrapher\calligrapher_dataset\赵孟𫖯\拜-楷-元-赵孟𫖯-5656.png,193,203,False,0.3138,0.0,clean,none,direct_use,True
mccd_salvage,赵孟頫,楷,拳,G:\GitHub\DiT\MCCD\MCCD\MCCD-Calligrapher\calligrapher_dataset\赵孟𫖯\拳-楷-元-赵孟𫖯-5822.png,222,281,False,0.2413,0.0013,clean,none,direct_use,True
mccd_salvage,赵孟頫,楷,指,G:\GitHub\DiT\MCCD\MCCD\MCCD-Calligrapher\calligrapher_dataset\赵孟𫖯\指-楷-元-赵孟𫖯-6015.png,258,265,False,0.3675,0.0,clean,none,direct_use,True
mccd_salvage,赵孟頫,楷,挾,G:\GitHub\DiT\MCCD\MCCD\MCCD-Calligrapher\calligrapher_dataset\赵孟𫖯\挾-楷-元-赵孟𫖯-6348.png,224,215,False,0.3718,0.0,clean,none,direct_use,True
mccd_salvage,赵孟頫,隶,捕,G:\GitHub\DiT\MCCD\MCCD\MCCD-Calligrapher\calligrapher_dataset\赵孟𫖯\捕-隶-元-赵孟𫖯-6542.png,247,178,False,0.4503,0.0,clean,none,direct_use,True
mccd_salvage,赵孟頫,楷,换,G:\GitHub\DiT\MCCD\MCCD\MCCD-Calligrapher\calligrapher_dataset\赵孟𫖯\换-楷-元-赵孟𫖯-6617.png,186,176,False,0.279,0.0,clean,none,direct_use,True
mccd_salvage,赵孟頫,楷,捷,G:\GitHub\DiT\MCCD\MCCD\MCCD-Calligrapher\calligrapher_dataset\赵孟𫖯\捷-楷-元-赵孟𫖯-6741.png,191,182,False,0.236,0.0012,clean,none,direct_use,True
mccd_salvage,赵孟頫,楷,掇,G:\GitHub\DiT\MCCD\MCCD\MCCD-Calligrapher\calligrapher_dataset\赵孟𫖯\掇-楷-元-赵孟𫖯-6851.png,267,243,False,0.5006,0.0,clean,none,direct_use,True
mccd_salvage,赵孟頫,隶,推,G:\GitHub\DiT\MCCD\MCCD\MCCD-Calligrapher\calligrapher_dataset\赵孟𫖯\推-隶-元-赵孟𫖯-7252.png,261,172,False,0.3839,0.0,clean,none,direct_use,True
mccd_salvage,赵孟頫,行,掩,G:\GitHub\DiT\MCCD\MCCD\MCCD-Calligrapher\calligrapher_dataset\赵孟𫖯\掩-行-元-赵孟𫖯-7313.png,218,204,False,0.4555,0.0,clean,none,direct_use,True
mccd_salvage,赵孟頫,楷,提,G:\GitHub\DiT\MCCD\MCCD\MCCD-Calligrapher\calligrapher_dataset\赵孟𫖯\提-楷-元-赵孟𫖯-7517.png,236,194,False,0.4051,0.0,clean,none,direct_use,True
mccd_salvage,赵孟頫,隶,摩,G:\GitHub\DiT\MCCD\MCCD\MCCD-Calligrapher\calligrapher_dataset\赵孟𫖯\摩-隶-元-赵孟𫖯-531.png,249,223,False,0.3491,0.0,clean,none,direct_use,True
mccd_salvage,赵孟頫,行,撫,G:\GitHub\DiT\MCCD\MCCD\MCCD-Calligrapher\calligrapher_dataset\赵孟𫖯\撫-行-元-赵孟𫖯-158.png,244,199,False,0.2857,0.0028,clean,none,direct_use,True
mccd_salvage,赵孟頫,楷,撲,G:\GitHub\DiT\MCCD\MCCD\MCCD-Calligrapher\calligrapher_dataset\赵孟𫖯\撲-楷-元-赵孟𫖯-239.png,216,232,False,0.2911,0.0,clean,none,direct_use,True
mccd_salvage,赵孟頫,楷,擾,G:\GitHub\DiT\MCCD\MCCD\MCCD-Calligrapher\calligrapher_dataset\赵孟𫖯\擾-楷-元-赵孟𫖯-782.png,176,170,False,0.2632,0.0003,clean,none,direct_use,True
mccd_salvage,赵孟頫,楷,擿,G:\GitHub\DiT\MCCD\MCCD\MCCD-Calligrapher\calligrapher_dataset\赵孟𫖯\擿-楷-元-赵孟𫖯-803.png,206,173,False,0.2517,0.0,clean,none,direct_use,True
mccd_salvage,赵孟頫,行,收,G:\GitHub\DiT\MCCD\MCCD\MCCD-Calligrapher\calligrapher_dataset\赵孟𫖯\收-行-元-赵孟𫖯-1229.png,207,206,False,0.4587,0.0,clean,none,direct_use,True
mccd_salvage,赵孟頫,行,收,G:\GitHub\DiT\MCCD\MCCD\MCCD-Calligrapher\calligrapher_dataset\赵孟𫖯\收-行-元-赵孟𫖯-1231.png,208,179,False,0.2754,0.0,clean,none,direct_use,True
mccd_salvage,赵孟頫,行,收,G:\GitHub\DiT\MCCD\MCCD\MCCD-Calligrapher\calligrapher_dataset\赵孟𫖯\收-行-元-赵孟𫖯-1232.png,208,214,False,0.4715,0.0,clean,none,direct_use,True
mccd_salvage,赵孟頫,行,改,G:\GitHub\DiT\MCCD\MCCD\MCCD-Calligrapher\calligrapher_dataset\赵孟𫖯\改-行-元-赵孟𫖯-1435.png,255,204,False,0.401,0.0,clean,none,direct_use,True
mccd_salvage,赵孟頫,行,改,G:\GitHub\DiT\MCCD\MCCD\MCCD-Calligrapher\calligrapher_dataset\赵孟𫖯\改-行-元-赵孟𫖯-1436.png,234,231,False,0.5373,0.0,clean,none,direct_use,True
mccd_salvage,赵孟頫,楷,故,G:\GitHub\DiT\MCCD\MCCD\MCCD-Calligrapher\calligrapher_dataset\赵孟𫖯\故-楷-元-赵孟𫖯-1952.png,211,161,False,0.3724,0.0,clean,none,direct_use,True
mccd_salvage,赵孟頫,行,故,G:\GitHub\DiT\MCCD\MCCD\MCCD-Calligrapher\calligrapher_dataset\赵孟𫖯\故-行-元-赵孟𫖯-1975.png,259,196,False,0.349,0.0,clean,none,direct_use,True
mccd_salvage,赵孟頫,楷,效,G:\GitHub\DiT\MCCD\MCCD\MCCD-Calligrapher\calligrapher_dataset\赵孟𫖯\效-楷-元-赵孟𫖯-2072.png,227,180,False,0.3008,0.0,clean,none,direct_use,True
mccd_salvage,赵孟頫,行,效,G:\GitHub\DiT\MCCD\MCCD\MCCD-Calligrapher\calligrapher_dataset\赵孟𫖯\效-行-元-赵孟𫖯-2077.png,239,198,False,0.3588,0.0,clean,none,direct_use,True
mccd_salvage,赵孟頫,隶,效,G:\GitHub\DiT\MCCD\MCCD\MCCD-Calligrapher\calligrapher_dataset\赵孟𫖯\效-隶-元-赵孟𫖯-2060.png,270,194,False,0.315,0.0,clean,none,direct_use,True
mccd_salvage,赵孟頫,行,敏,G:\GitHub\DiT\MCCD\MCCD\MCCD-Calligrapher\calligrapher_dataset\赵孟𫖯\敏-行-元-赵孟𫖯-2240.png,223,202,False,0.367,0.0,clean,none,direct_use,True
mccd_salvage,赵孟頫,隶,敕,G:\GitHub\DiT\MCCD\MCCD\MCCD-Calligrapher\calligrapher_dataset\赵孟𫖯\敕-隶-元-赵孟𫖯-2419.png,226,179,False,0.3547,0.0,clean,none,direct_use,True
mccd_salvage,赵孟頫,楷,教,G:\GitHub\DiT\MCCD\MCCD\MCCD-Calligrapher\calligrapher_dataset\赵孟𫖯\教-楷-元-赵孟𫖯-2591.png,182,182,False,0.2826,0.0,clean,none,direct_use,True
mccd_salvage,赵孟頫,行,教,G:\GitHub\DiT\MCCD\MCCD\MCCD-Calligrapher\calligrapher_dataset\赵孟𫖯\教-行-元-赵孟𫖯-2606.png,269,227,False,0.2863,0.0,clean,none,direct_use,True
mccd_salvage,赵孟頫,隶,敢,G:\GitHub\DiT\MCCD\MCCD\MCCD-Calligrapher\calligrapher_dataset\赵孟𫖯\敢-隶-元-赵孟𫖯-3063.png,256,167,False,0.2828,0.0,clean,none,direct_use,True
mccd_salvage,赵孟頫,行,散,G:\GitHub\DiT\MCCD\MCCD\MCCD-Calligrapher\calligrapher_dataset\赵孟𫖯\散-行-元-赵孟𫖯-3193.png,269,210,False,0.3603,0.0,clean,none,direct_use,True
mccd_salvage,赵孟頫,隶,散,G:\GitHub\DiT\MCCD\MCCD\MCCD-Calligrapher\calligrapher_dataset\赵孟𫖯\散-隶-元-赵孟𫖯-3147.png,243,167,False,0.3922,0.0,clean,none,direct_use,True
mccd_salvage,赵孟頫,隶,敦,G:\GitHub\DiT\MCCD\MCCD\MCCD-Calligrapher\calligrapher_dataset\赵孟𫖯\敦-隶-元-赵孟𫖯-3247.png,261,238,False,0.3466,0.0,clean,none,direct_use,True
mccd_salvage,赵孟頫,楷,敬,G:\GitHub\DiT\MCCD\MCCD\MCCD-Calligrapher\calligrapher_dataset\赵孟𫖯\敬-楷-元-赵孟𫖯-3441.png,234,179,False,0.3696,0.0,clean,none,direct_use,True
mccd_salvage,赵孟頫,隶,敬,G:\GitHub\DiT\MCCD\MCCD\MCCD-Calligrapher\calligrapher_dataset\赵孟𫖯\敬-隶-元-赵孟𫖯-3416.png,261,207,False,0.383,0.0,clean,none,direct_use,True
mccd_salvage,赵孟頫,楷,斗,G:\GitHub\DiT\MCCD\MCCD\MCCD-Calligrapher\calligrapher_dataset\赵孟𫖯\斗-楷-元-赵孟𫖯-4415.png,161,231,False,0.2115,0.0,clean,none,direct_use,True
mccd_salvage,赵孟頫,行,斜,G:\GitHub\DiT\MCCD\MCCD\MCCD-Calligrapher\calligrapher_dataset\赵孟𫖯\斜-行-元-赵孟𫖯-4482.png,259,287,False,0.2406,0.0,clean,none,direct_use,True
mccd_salvage,赵孟頫,楷,斬,G:\GitHub\DiT\MCCD\MCCD\MCCD-Calligrapher\calligrapher_dataset\赵孟𫖯\斬-楷-元-赵孟𫖯-4723.png,234,199,False,0.3454,0.0,clean,none,direct_use,True
mccd_salvage,赵孟頫,隶,新,G:\GitHub\DiT\MCCD\MCCD\MCCD-Calligrapher\calligrapher_dataset\赵孟𫖯\新-隶-元-赵孟𫖯-4959.png,254,157,False,0.2694,0.0,clean,none,direct_use,True
mccd_salvage,赵孟頫,楷,方,G:\GitHub\DiT\MCCD\MCCD\MCCD-Calligrapher\calligrapher_dataset\赵孟𫖯\方-楷-元-赵孟𫖯-5349.png,251,218,False,0.3311,0.0,clean,none,direct_use,True
mccd_salvage,赵孟頫,楷,於,G:\GitHub\DiT\MCCD\MCCD\MCCD-Calligrapher\calligrapher_dataset\赵孟𫖯\於-楷-元-赵孟𫖯-5987.png,204,246,False,0.2568,0.0,clean,none,direct_use,True
mccd_salvage,赵孟頫,楷,施,G:\GitHub\DiT\MCCD\MCCD\MCCD-Calligrapher\calligrapher_dataset\赵孟𫖯\施-楷-元-赵孟𫖯-6082.png,229,197,False,0.4045,0.0,clean,none,direct_use,True
mccd_salvage,赵孟頫,行,既,G:\GitHub\DiT\MCCD\MCCD\MCCD-Calligrapher\calligrapher_dataset\赵孟𫖯\既-行-元-赵孟𫖯-375.png,232,198,False,0.5332,0.0,clean,none,direct_use,True
mccd_salvage,赵孟頫,行,旣,G:\GitHub\DiT\MCCD\MCCD\MCCD-Calligrapher\calligrapher_dataset\赵孟𫖯\旣-行-元-赵孟𫖯-669.png,233,190,False,0.4535,0.0,clean,none,direct_use,True
mccd_salvage,赵孟頫,行,旣,G:\GitHub\DiT\MCCD\MCCD\MCCD-Calligrapher\calligrapher_dataset\赵孟𫖯\旣-行-元-赵孟𫖯-670.png,232,198,False,0.5332,0.0,clean,none,direct_use,True
mccd_salvage,赵孟頫,隶,旣,G:\GitHub\DiT\MCCD\MCCD\MCCD-Calligrapher\calligrapher_dataset\赵孟𫖯\旣-隶-元-赵孟𫖯-621.png,246,134,False,0.3994,0.0,clean,none,direct_use,True
mccd_salvage,赵孟頫,隶,旦,G:\GitHub\DiT\MCCD\MCCD\MCCD-Calligrapher\calligrapher_dataset\赵孟𫖯\旦-隶-元-赵孟𫖯-1253.png,231,152,False,0.3996,0.0,clean,none,direct_use,True
mccd_salvage,赵孟頫,楷,旨,G:\GitHub\DiT\MCCD\MCCD\MCCD-Calligrapher\calligrapher_dataset\赵孟𫖯\旨-楷-元-赵孟𫖯-1350.png,215,245,False,0.3493,0.0,clean,none,direct_use,True
mccd_salvage,赵孟頫,隶,早,G:\GitHub\DiT\MCCD\MCCD\MCCD-Calligrapher\calligrapher_dataset\赵孟𫖯\早-隶-元-赵孟𫖯-1410.png,286,170,False,0.39,0.0,clean,none,direct_use,True
mccd_salvage,赵孟頫,楷,易,G:\GitHub\DiT\MCCD\MCCD\MCCD-Calligrapher\calligrapher_dataset\赵孟𫖯\易-楷-元-赵孟𫖯-2505.png,163,228,False,0.3837,0.0,clean,none,direct_use,True
mccd_salvage,赵孟頫,隶,易,G:\GitHub\DiT\MCCD\MCCD\MCCD-Calligrapher\calligrapher_dataset\赵孟𫖯\易-隶-元-赵孟𫖯-2483.png,271,324,False,0.455,0.0,clean,none,direct_use,True
mccd_salvage,赵孟頫,楷,星,G:\GitHub\DiT\MCCD\MCCD\MCCD-Calligrapher\calligrapher_dataset\赵孟𫖯\星-楷-元-赵孟𫖯-2872.png,225,242,False,0.4187,0.0,clean,none,direct_use,True
mccd_salvage,赵孟頫,隶,星,G:\GitHub\DiT\MCCD\MCCD\MCCD-Calligrapher\calligrapher_dataset\赵孟𫖯\星-隶-元-赵孟𫖯-2862.png,270,198,False,0.3769,0.0,clean,none,direct_use,True
mccd_salvage,赵孟頫,楷,是,G:\GitHub\DiT\MCCD\MCCD\MCCD-Calligrapher\calligrapher_dataset\赵孟𫖯\是-楷-元-赵孟𫖯-3565.png,202,178,False,0.2842,0.0,clean,none,direct_use,True
mccd_salvage,赵孟頫,行,是,G:\GitHub\DiT\MCCD\MCCD\MCCD-Calligrapher\calligrapher_dataset\赵孟𫖯\是-行-元-赵孟𫖯-3582.png,261,232,False,0.3269,0.0,clean,none,direct_use,True
mccd_salvage,赵孟頫,隶,是,G:\GitHub\DiT\MCCD\MCCD\MCCD-Calligrapher\calligrapher_dataset\赵孟𫖯\是-隶-元-赵孟𫖯-3499.png,277,295,False,0.366,0.0,clean,none,direct_use,True
mccd_salvage,赵孟頫,隶,是,G:\GitHub\DiT\MCCD\MCCD\MCCD-Calligrapher\calligrapher_dataset\赵孟𫖯\是-隶-元-赵孟𫖯-3500.png,269,276,False,0.3714,0.0,clean,none,direct_use,True
mccd_salvage,赵孟頫,隶,時,G:\GitHub\DiT\MCCD\MCCD\MCCD-Calligrapher\calligrapher_dataset\赵孟𫖯\時-隶-元-赵孟𫖯-3814.png,275,183,False,0.3361,0.0,clean,none,direct_use,True
mccd_salvage,赵孟頫,行,晉,G:\GitHub\DiT\MCCD\MCCD\MCCD-Calligrapher\calligrapher_dataset\赵孟𫖯\晉-行-元-赵孟𫖯-4091.png,212,224,False,0.3498,0.0,clean,none,direct_use,True
mccd_salvage,赵孟頫,隶,晉,G:\GitHub\DiT\MCCD\MCCD\MCCD-Calligrapher\calligrapher_dataset\赵孟𫖯\晉-隶-元-赵孟𫖯-4055.png,239,205,False,0.4008,0.0,clean,none,direct_use,True
mccd_salvage,赵孟頫,行,晚,G:\GitHub\DiT\MCCD\MCCD\MCCD-Calligrapher\calligrapher_dataset\赵孟𫖯\晚-行-元-赵孟𫖯-107.png,240,271,False,0.3968,0.0,clean,none,direct_use,True
mccd_salvage,赵孟頫,楷,晦,G:\GitHub\DiT\MCCD\MCCD\MCCD-Calligrapher\calligrapher_dataset\赵孟𫖯\晦-楷-元-赵孟𫖯-4510.png,243,238,False,0.3978,0.0,clean,none,direct_use,True
mccd_salvage,赵孟頫,行,晦,G:\GitHub\DiT\MCCD\MCCD\MCCD-Calligrapher\calligrapher_dataset\赵孟𫖯\晦-行-元-赵孟𫖯-4516.png,253,228,False,0.3884,0.0,clean,none,direct_use,True
mccd_salvage,赵孟頫,行,晨,G:\GitHub\DiT\MCCD\MCCD\MCCD-Calligrapher\calligrapher_dataset\赵孟𫖯\晨-行-元-赵孟𫖯-4571.png,186,242,False,0.3149,0.0,clean,none,direct_use,True
mccd_salvage,赵孟頫,楷,晩,G:\GitHub\DiT\MCCD\MCCD\MCCD-Calligrapher\calligrapher_dataset\赵孟𫖯\晩-楷-元-赵孟𫖯-4598.png,179,149,False,0.3928,0.0,clean,none,direct_use,True
mccd_salvage,赵孟頫,行,晩,G:\GitHub\DiT\MCCD\MCCD\MCCD-Calligrapher\calligrapher_dataset\赵孟𫖯\晩-行-元-赵孟𫖯-4609.png,240,271,False,0.3968,0.0,clean,none,direct_use,True
mccd_salvage,赵孟頫,楷,景,G:\GitHub\DiT\MCCD\MCCD\MCCD-Calligrapher\calligrapher_dataset\赵孟𫖯\景-楷-元-赵孟𫖯-4710.png,173,188,False,0.3668,0.0,clean,none,direct_use,True
mccd_salvage,赵孟頫,楷,晴,G:\GitHub\DiT\MCCD\MCCD\MCCD-Calligrapher\calligrapher_dataset\赵孟𫖯\晴-楷-元-赵孟𫖯-4757.png,166,195,False,0.395,0.0,clean,none,direct_use,True
mccd_salvage,赵孟頫,楷,暇,G:\GitHub\DiT\MCCD\MCCD\MCCD-Calligrapher\calligrapher_dataset\赵孟𫖯\暇-楷-元-赵孟𫖯-4929.png,225,216,False,0.4765,0.0,clean,none,direct_use,True
mccd_salvage,赵孟頫,楷,暉,G:\GitHub\DiT\MCCD\MCCD\MCCD-Calligrapher\calligrapher_dataset\赵孟𫖯\暉-楷-元-赵孟𫖯-4971.png,247,237,False,0.3392,0.0,clean,none,direct_use,True
mccd_salvage,赵孟頫,楷,暎,G:\GitHub\DiT\MCCD\MCCD\MCCD-Calligrapher\calligrapher_dataset\赵孟𫖯\暎-楷-元-赵孟𫖯-5026.png,233,261,False,0.4155,0.0,clean,none,direct_use,True
mccd_salvage,赵孟頫,隶,暑,G:\GitHub\DiT\MCCD\MCCD\MCCD-Calligrapher\calligrapher_dataset\赵孟𫖯\暑-隶-元-赵孟𫖯-5070.png,244,276,False,0.4792,0.0,clean,none,direct_use,True
mccd_salvage,赵孟頫,楷,曜,G:\GitHub\DiT\MCCD\MCCD\MCCD-Calligrapher\calligrapher_dataset\赵孟𫖯\曜-楷-元-赵孟𫖯-5667.png,230,238,False,0.3886,0.0001,clean,none,direct_use,True
mccd_salvage,赵孟頫,楷,曠,G:\GitHub\DiT\MCCD\MCCD\MCCD-Calligrapher\calligrapher_dataset\赵孟𫖯\曠-楷-元-赵孟𫖯-5716.png,260,237,False,0.3843,0.0,clean,none,direct_use,True
mccd_salvage,赵孟頫,楷,曲,G:\GitHub\DiT\MCCD\MCCD\MCCD-Calligrapher\calligrapher_dataset\赵孟𫖯\曲-楷-元-赵孟𫖯-6307.png,198,161,False,0.5334,0.0,clean,none,direct_use,True
mccd_salvage,赵孟頫,行,曲,G:\GitHub\DiT\MCCD\MCCD\MCCD-Calligrapher\calligrapher_dataset\赵孟𫖯\曲-行-元-赵孟𫖯-6316.png,223,219,False,0.4693,0.0,clean,none,direct_use,True
mccd_salvage,赵孟頫,楷,更,G:\GitHub\DiT\MCCD\MCCD\MCCD-Calligrapher\calligrapher_dataset\赵孟𫖯\更-楷-元-赵孟𫖯-6454.png,219,208,False,0.3138,0.0,clean,none,direct_use,True
mccd_salvage,赵孟頫,楷,書,G:\GitHub\DiT\MCCD\MCCD\MCCD-Calligrapher\calligrapher_dataset\赵孟𫖯\書-楷-元-赵孟𫖯-6687.png,207,245,False,0.3219,0.0,clean,none,direct_use,True
mccd_salvage,赵孟頫,行,替,G:\GitHub\DiT\MCCD\MCCD\MCCD-Calligrapher\calligrapher_dataset\赵孟𫖯\替-行-元-赵孟𫖯-7096.png,226,263,False,0.3341,0.0,clean,none,direct_use,True
mccd_salvage,赵孟頫,隶,最,G:\GitHub\DiT\MCCD\MCCD\MCCD-Calligrapher\calligrapher_dataset\赵孟𫖯\最-隶-元-赵孟𫖯-7121.png,261,218,False,0.418,0.0,clean,none,direct_use,True
mccd_salvage,赵孟頫,楷,會,G:\GitHub\DiT\MCCD\MCCD\MCCD-Calligrapher\calligrapher_dataset\赵孟𫖯\會-楷-元-赵孟𫖯-7239.png,242,208,False,0.2757,0.0,clean,none,direct_use,True
mccd_salvage,赵孟頫,行,會,G:\GitHub\DiT\MCCD\MCCD\MCCD-Calligrapher\calligrapher_dataset\赵孟𫖯\會-行-元-赵孟𫖯-7249.png,280,215,False,0.2185,0.0,clean,none,direct_use,True
mccd_salvage,赵孟頫,行,月,G:\GitHub\DiT\MCCD\MCCD\MCCD-Calligrapher\calligrapher_dataset\赵孟𫖯\月-行-元-赵孟𫖯-7791.png,166,250,False,0.4993,0.0,clean,none,direct_use,True
mccd_salvage,赵孟頫,隶,服,G:\GitHub\DiT\MCCD\MCCD\MCCD-Calligrapher\calligrapher_dataset\赵孟𫖯\服-隶-元-赵孟𫖯-8334.png,263,149,False,0.4468,0.0,clean,none,direct_use,True
mccd_salvage,赵孟頫,隶,朗,G:\GitHub\DiT\MCCD\MCCD\MCCD-Calligrapher\calligrapher_dataset\赵孟𫖯\朗-隶-元-赵孟𫖯-8690.png,270,181,True,0.5491,0.0,inverted,inverted,invert_polarity,True
mccd_salvage,赵孟頫,隶,朙,G:\GitHub\DiT\MCCD\MCCD\MCCD-Calligrapher\calligrapher_dataset\赵孟𫖯\朙-隶-元-赵孟𫖯-8788.png,282,163,False,0.4847,0.0,clean,none,direct_use,True
mccd_salvage,赵孟頫,隶,朝,G:\GitHub\DiT\MCCD\MCCD\MCCD-Calligrapher\calligrapher_dataset\赵孟𫖯\朝-隶-元-赵孟𫖯-8928.png,272,197,False,0.4986,0.0,clean,none,direct_use,True
mccd_salvage,赵孟頫,楷,李,G:\GitHub\DiT\MCCD\MCCD\MCCD-Calligrapher\calligrapher_dataset\赵孟𫖯\李-楷-元-赵孟𫖯-10206.png,169,244,False,0.283,0.0,clean,none,direct_use,True
mccd_salvage,赵孟頫,隶,李,G:\GitHub\DiT\MCCD\MCCD\MCCD-Calligrapher\calligrapher_dataset\赵孟𫖯\李-隶-元-赵孟𫖯-10179.png,259,256,False,0.2964,0.0,clean,none,direct_use,True
mccd_salvage,赵孟頫,行,村,G:\GitHub\DiT\MCCD\MCCD\MCCD-Calligrapher\calligrapher_dataset\赵孟𫖯\村-行-元-赵孟𫖯-10318.png,248,204,False,0.3284,0.0004,clean,none,direct_use,True
mccd_salvage,赵孟頫,行,杜,G:\GitHub\DiT\MCCD\MCCD\MCCD-Calligrapher\calligrapher_dataset\赵孟𫖯\杜-行-元-赵孟𫖯-10444.png,245,200,False,0.3368,0.0002,clean,none,direct_use,True
mccd_salvage,赵孟頫,隶,杜,G:\GitHub\DiT\MCCD\MCCD\MCCD-Calligrapher\calligrapher_dataset\赵孟𫖯\杜-隶-元-赵孟𫖯-10427.png,273,153,False,0.3151,0.0,clean,none,direct_use,True
mccd_salvage,赵孟頫,隶,束,G:\GitHub\DiT\MCCD\MCCD\MCCD-Calligrapher\calligrapher_dataset\赵孟𫖯\束-隶-元-赵孟𫖯-10549.png,288,208,False,0.4333,0.0,clean,none,direct_use,True
mccd_salvage,赵孟頫,楷,杯,G:\GitHub\DiT\MCCD\MCCD\MCCD-Calligrapher\calligrapher_dataset\赵孟𫖯\杯-楷-元-赵孟𫖯-10634.png,235,170,False,0.2899,0.0,clean,none,direct_use,True
mccd_salvage,赵孟頫,隶,杯,G:\GitHub\DiT\MCCD\MCCD\MCCD-Calligrapher\calligrapher_dataset\赵孟𫖯\杯-隶-元-赵孟𫖯-10628.png,263,124,False,0.3683,0.0,clean,none,direct_use,True
mccd_salvage,赵孟頫,楷,杳,G:\GitHub\DiT\MCCD\MCCD\MCCD-Calligrapher\calligrapher_dataset\赵孟𫖯\杳-楷-元-赵孟𫖯-10932.png,246,208,False,0.2918,0.0,clean,none,direct_use,True
mccd_salvage,赵孟頫,行,杳,G:\GitHub\DiT\MCCD\MCCD\MCCD-Calligrapher\calligrapher_dataset\赵孟𫖯\杳-行-元-赵孟𫖯-10936.png,173,272,False,0.4969,0.0,clean,none,direct_use,True
mccd_salvage,赵孟頫,行,杳,G:\GitHub\DiT\MCCD\MCCD\MCCD-Calligrapher\calligrapher_dataset\赵孟𫖯\杳-行-元-赵孟𫖯-10937.png,225,262,False,0.3073,0.0,clean,none,direct_use,True
mccd_salvage,赵孟頫,隶,杳,G:\GitHub\DiT\MCCD\MCCD\MCCD-Calligrapher\calligrapher_dataset\赵孟𫖯\杳-隶-元-赵孟𫖯-10925.png,270,203,False,0.3861,0.0,clean,none,direct_use,True
mccd_salvage,赵孟頫,楷,杷,G:\GitHub\DiT\MCCD\MCCD\MCCD-Calligrapher\calligrapher_dataset\赵孟𫖯\杷-楷-元-赵孟𫖯-10979.png,215,161,False,0.2899,0.0,clean,none,direct_use,True
mccd_salvage,赵孟頫,隶,杷,G:\GitHub\DiT\MCCD\MCCD\MCCD-Calligrapher\calligrapher_dataset\赵孟𫖯\杷-隶-元-赵孟𫖯-10975.png,282,166,False,0.3624,0.0,clean,none,direct_use,True
mccd_salvage,赵孟頫,行,松,G:\GitHub\DiT\MCCD\MCCD\MCCD-Calligrapher\calligrapher_dataset\赵孟𫖯\松-行-元-赵孟𫖯-11088.png,255,206,False,0.3586,0.0,clean,none,direct_use,True
mccd_salvage,赵孟頫,隶,松,G:\GitHub\DiT\MCCD\MCCD\MCCD-Calligrapher\calligrapher_dataset\赵孟𫖯\松-隶-元-赵孟𫖯-11063.png,285,189,False,0.3277,0.0,clean,none,direct_use,True
mccd_salvage,赵孟頫,楷,枇,G:\GitHub\DiT\MCCD\MCCD\MCCD-Calligrapher\calligrapher_dataset\赵孟𫖯\枇-楷-元-赵孟𫖯-11167.png,246,216,False,0.2933,0.0,clean,none,direct_use,True
mccd_salvage,赵孟頫,行,析,G:\GitHub\DiT\MCCD\MCCD\MCCD-Calligrapher\calligrapher_dataset\赵孟𫖯\析-行-元-赵孟𫖯-11269.png,227,259,False,0.2922,0.0,clean,none,direct_use,True
mccd_salvage,赵孟頫,楷,枕,G:\GitHub\DiT\MCCD\MCCD\MCCD-Calligrapher\calligrapher_dataset\赵孟𫖯\枕-楷-元-赵孟𫖯-11309.png,230,158,False,0.315,0.0,clean,none,direct_use,True
mccd_salvage,赵孟頫,行,林,G:\GitHub\DiT\MCCD\MCCD\MCCD-Calligrapher\calligrapher_dataset\赵孟𫖯\林-行-元-赵孟𫖯-11433.png,251,178,False,0.3215,0.0,clean,none,direct_use,True
mccd_salvage,赵孟頫,隶,林,G:\GitHub\DiT\MCCD\MCCD\MCCD-Calligrapher\calligrapher_dataset\赵孟𫖯\林-隶-元-赵孟𫖯-11390.png,278,129,False,0.4081,0.0,clean,none,direct_use,True
mccd_salvage,赵孟頫,隶,果,G:\GitHub\DiT\MCCD\MCCD\MCCD-Calligrapher\calligrapher_dataset\赵孟𫖯\果-隶-元-赵孟𫖯-11536.png,274,196,False,0.4121,0.0,clean,none,direct_use,True
mccd_salvage,赵孟頫,楷,枝,G:\GitHub\DiT\MCCD\MCCD\MCCD-Calligrapher\calligrapher_dataset\赵孟𫖯\枝-楷-元-赵孟𫖯-11592.png,211,175,False,0.3438,0.0,clean,none,direct_use,True
mccd_salvage,赵孟頫,行,枝,G:\GitHub\DiT\MCCD\MCCD\MCCD-Calligrapher\calligrapher_dataset\赵孟𫖯\枝-行-元-赵孟𫖯-11598.png,266,202,False,0.3169,0.0,clean,none,direct_use,True
mccd_salvage,赵孟頫,行,枝,G:\GitHub\DiT\MCCD\MCCD\MCCD-Calligrapher\calligrapher_dataset\赵孟𫖯\枝-行-元-赵孟𫖯-11599.png,208,212,False,0.4124,0.0,clean,none,direct_use,True
mccd_salvage,赵孟頫,楷,枯,G:\GitHub\DiT\MCCD\MCCD\MCCD-Calligrapher\calligrapher_dataset\赵孟𫖯\枯-楷-元-赵孟𫖯-11627.png,239,233,False,0.4144,0.0,clean,none,direct_use,True
mccd_salvage,赵孟頫,楷,某,G:\GitHub\DiT\MCCD\MCCD\MCCD-Calligrapher\calligrapher_dataset\赵孟𫖯\某-楷-元-赵孟𫖯-11966.png,236,259,False,0.3025,0.0,clean,none,direct_use,True
mccd_salvage,赵孟頫,楷,染,G:\GitHub\DiT\MCCD\MCCD\MCCD-Calligrapher\calligrapher_dataset\赵孟𫖯\染-楷-元-赵孟𫖯-12007.png,206,181,False,0.3217,0.0,clean,none,direct_use,True
mccd_salvage,赵孟頫,隶,染,G:\GitHub\DiT\MCCD\MCCD\MCCD-Calligrapher\calligrapher_dataset\赵孟𫖯\染-隶-元-赵孟𫖯-12000.png,261,215,False,0.2704,0.0,clean,none,direct_use,True
mccd_salvage,赵孟頫,楷,柔,G:\GitHub\DiT\MCCD\MCCD\MCCD-Calligrapher\calligrapher_dataset\赵孟𫖯\柔-楷-元-赵孟𫖯-12050.png,197,232,False,0.3088,0.0,clean,none,direct_use,True
mccd_salvage,赵孟頫,楷,柝,G:\GitHub\DiT\MCCD\MCCD\MCCD-Calligrapher\calligrapher_dataset\赵孟𫖯\柝-楷-元-赵孟𫖯-12145.png,250,220,False,0.3149,0.0,clean,none,direct_use,True
mccd_salvage,赵孟頫,行,栖,G:\GitHub\DiT\MCCD\MCCD\MCCD-Calligrapher\calligrapher_dataset\赵孟𫖯\栖-行-元-赵孟𫖯-12543.png,269,221,False,0.3118,0.0,clean,none,direct_use,True
mccd_salvage,赵孟頫,楷,核,G:\GitHub\DiT\MCCD\MCCD\MCCD-Calligrapher\calligrapher_dataset\赵孟𫖯\核-楷-元-赵孟𫖯-12757.png,228,184,False,0.1868,0.007,clean,none,direct_use,True
mccd_salvage,赵孟頫,楷,桐,G:\GitHub\DiT\MCCD\MCCD\MCCD-Calligrapher\calligrapher_dataset\赵孟𫖯\桐-楷-元-赵孟𫖯-13102.png,231,156,False,0.3955,0.0,clean,none,direct_use,True
mccd_salvage,赵孟頫,行,桓,G:\GitHub\DiT\MCCD\MCCD\MCCD-Calligrapher\calligrapher_dataset\赵孟𫖯\桓-行-元-赵孟𫖯-13204.png,230,196,False,0.3414,0.0,clean,none,direct_use,True
mccd_salvage,赵孟頫,隶,桼,G:\GitHub\DiT\MCCD\MCCD\MCCD-Calligrapher\calligrapher_dataset\赵孟𫖯\桼-隶-元-赵孟𫖯-13356.png,277,245,False,0.2691,0.0,clean,none,direct_use,True
mccd_salvage,赵孟頫,楷,梁,G:\GitHub\DiT\MCCD\MCCD\MCCD-Calligrapher\calligrapher_dataset\赵孟𫖯\梁-楷-元-赵孟𫖯-13414.png,220,180,False,0.4054,0.0,clean,none,direct_use,True
mccd_salvage,赵孟頫,楷,梅,G:\GitHub\DiT\MCCD\MCCD\MCCD-Calligrapher\calligrapher_dataset\赵孟𫖯\梅-楷-元-赵孟𫖯-13464.png,213,175,False,0.3573,0.0,clean,none,direct_use,True
mccd_salvage,赵孟頫,楷,條,G:\GitHub\DiT\MCCD\MCCD\MCCD-Calligrapher\calligrapher_dataset\赵孟𫖯\條-楷-元-赵孟𫖯-13593.png,221,186,False,0.3682,0.0,clean,none,direct_use,True
mccd_salvage,赵孟頫,行,條,G:\GitHub\DiT\MCCD\MCCD\MCCD-Calligrapher\calligrapher_dataset\赵孟𫖯\條-行-元-赵孟𫖯-13598.png,237,219,False,0.2905,0.0009,clean,none,direct_use,True
mccd_salvage,赵孟頫,行,梢,G:\GitHub\DiT\MCCD\MCCD\MCCD-Calligrapher\calligrapher_dataset\赵孟𫖯\梢-行-元-赵孟𫖯-13649.png,249,216,False,0.3199,0.0,clean,none,direct_use,True
mccd_salvage,赵孟頫,行,梨,G:\GitHub\DiT\MCCD\MCCD\MCCD-Calligrapher\calligrapher_dataset\赵孟𫖯\梨-行-元-赵孟𫖯-13705.png,228,301,False,0.4717,0.0,clean,none,direct_use,True
mccd_salvage,赵孟頫,楷,棊,G:\GitHub\DiT\MCCD\MCCD\MCCD-Calligrapher\calligrapher_dataset\赵孟𫖯\棊-楷-元-赵孟𫖯-13928.png,179,217,False,0.2993,0.0,clean,none,direct_use,True
mccd_salvage,赵孟頫,行,植,G:\GitHub\DiT\MCCD\MCCD\MCCD-Calligrapher\calligrapher_dataset\赵孟𫖯\植-行-元-赵孟𫖯-14431.png,215,238,False,0.2909,0.0,clean,none,direct_use,True
mccd_salvage,赵孟頫,楷,楚,G:\GitHub\DiT\MCCD\MCCD\MCCD-Calligrapher\calligrapher_dataset\赵孟𫖯\楚-楷-元-赵孟𫖯-14995.png,213,254,False,0.3565,0.0,clean,none,direct_use,True
mccd_salvage,赵孟頫,楷,業,G:\GitHub\DiT\MCCD\MCCD\MCCD-Calligrapher\calligrapher_dataset\赵孟𫖯\業-楷-元-赵孟𫖯-15239.png,216,234,False,0.336,0.0,clean,none,direct_use,True
mccd_salvage,赵孟頫,楷,極,G:\GitHub\DiT\MCCD\MCCD\MCCD-Calligrapher\calligrapher_dataset\赵孟𫖯\極-楷-元-赵孟𫖯-15379.png,254,205,False,0.5478,0.0,clean,none,direct_use,True
mccd_salvage,赵孟頫,隶,極,G:\GitHub\DiT\MCCD\MCCD\MCCD-Calligrapher\calligrapher_dataset\赵孟𫖯\極-隶-元-赵孟𫖯-15347.png,267,151,False,0.3786,0.0,clean,none,direct_use,True
mccd_salvage,赵孟頫,楷,榴,G:\GitHub\DiT\MCCD\MCCD\MCCD-Calligrapher\calligrapher_dataset\赵孟𫖯\榴-楷-元-赵孟𫖯-15789.png,250,207,False,0.3663,0.0,clean,none,direct_use,True
mccd_salvage,赵孟頫,楷,槧,G:\GitHub\DiT\MCCD\MCCD\MCCD-Calligrapher\calligrapher_dataset\赵孟𫖯\槧-楷-元-赵孟𫖯-16057.png,246,284,False,0.3423,0.0,clean,none,direct_use,True
mccd_salvage,赵孟頫,行,樂,G:\GitHub\DiT\MCCD\MCCD\MCCD-Calligrapher\calligrapher_dataset\赵孟𫖯\樂-行-元-赵孟𫖯-16396.png,260,232,False,0.3458,0.001,clean,none,direct_use,True
mccd_salvage,赵孟頫,楷,樊,G:\GitHub\DiT\MCCD\MCCD\MCCD-Calligrapher\calligrapher_dataset\赵孟𫖯\樊-楷-元-赵孟𫖯-16477.png,246,249,False,0.3132,0.0006,clean,none,direct_use,True
mccd_salvage,赵孟頫,隶,樓,G:\GitHub\DiT\MCCD\MCCD\MCCD-Calligrapher\calligrapher_dataset\赵孟𫖯\樓-隶-元-赵孟𫖯-16520.png,247,181,False,0.3987,0.0,clean,none,direct_use,True
mccd_salvage,赵孟頫,楷,標,G:\GitHub\DiT\MCCD\MCCD\MCCD-Calligrapher\calligrapher_dataset\赵孟𫖯\標-楷-元-赵孟𫖯-16589.png,229,207,False,0.3077,0.0,clean,none,direct_use,True
mccd_salvage,赵孟頫,隶,横,G:\GitHub\DiT\MCCD\MCCD\MCCD-Calligrapher\calligrapher_dataset\赵孟𫖯\横-隶-元-赵孟𫖯-16695.png,264,196,False,0.4812,0.0,clean,none,direct_use,True
mccd_salvage,赵孟頫,楷,樹,G:\GitHub\DiT\MCCD\MCCD\MCCD-Calligrapher\calligrapher_dataset\赵孟𫖯\樹-楷-元-赵孟𫖯-16818.png,196,185,False,0.2879,0.0013,clean,none,direct_use,True
mccd_salvage,赵孟頫,隶,機,G:\GitHub\DiT\MCCD\MCCD\MCCD-Calligrapher\calligrapher_dataset\赵孟𫖯\機-隶-元-赵孟𫖯-17116.png,280,222,False,0.382,0.0,clean,none,direct_use,True
mccd_salvage,赵孟頫,楷,次,G:\GitHub\DiT\MCCD\MCCD\MCCD-Calligrapher\calligrapher_dataset\赵孟𫖯\次-楷-元-赵孟𫖯-18042.png,216,172,False,0.2789,0.0,clean,none,direct_use,True
mccd_salvage,赵孟頫,隶,次,G:\GitHub\DiT\MCCD\MCCD\MCCD-Calligrapher\calligrapher_dataset\赵孟𫖯\次-隶-元-赵孟𫖯-18012.png,268,160,False,0.3059,0.0,clean,none,direct_use,True
mccd_salvage,赵孟頫,隶,次,G:\GitHub\DiT\MCCD\MCCD\MCCD-Calligrapher\calligrapher_dataset\赵孟𫖯\次-隶-元-赵孟𫖯-18014.png,272,188,False,0.2262,0.0,clean,none,direct_use,True
mccd_salvage,赵孟頫,楷,欣,G:\GitHub\DiT\MCCD\MCCD\MCCD-Calligrapher\calligrapher_dataset\赵孟𫖯\欣-楷-元-赵孟𫖯-18105.png,228,154,False,0.3246,0.0,clean,none,direct_use,True
mccd_salvage,赵孟頫,行,欣,G:\GitHub\DiT\MCCD\MCCD\MCCD-Calligrapher\calligrapher_dataset\赵孟𫖯\欣-行-元-赵孟𫖯-18116.png,258,197,False,0.1975,0.0,clean,none,direct_use,True
mccd_salvage,赵孟頫,行,欹,G:\GitHub\DiT\MCCD\MCCD\MCCD-Calligrapher\calligrapher_dataset\赵孟𫖯\欹-行-元-赵孟𫖯-18368.png,238,212,False,0.3163,0.0,clean,none,direct_use,True
mccd_salvage,赵孟頫,隶,歌,G:\GitHub\DiT\MCCD\MCCD\MCCD-Calligrapher\calligrapher_dataset\赵孟𫖯\歌-隶-元-赵孟𫖯-18578.png,267,180,False,0.3771,0.0,clean,none,direct_use,True
mccd_salvage,赵孟頫,行,歐,G:\GitHub\DiT\MCCD\MCCD\MCCD-Calligrapher\calligrapher_dataset\赵孟𫖯\歐-行-元-赵孟𫖯-18699.png,244,199,False,0.43,0.0,clean,none,direct_use,True
mccd_salvage,赵孟頫,楷,歡,G:\GitHub\DiT\MCCD\MCCD\MCCD-Calligrapher\calligrapher_dataset\赵孟𫖯\歡-楷-元-赵孟𫖯-18821.png,209,168,False,0.3856,0.0,clean,none,direct_use,True
mccd_salvage,赵孟頫,隶,歡,G:\GitHub\DiT\MCCD\MCCD\MCCD-Calligrapher\calligrapher_dataset\赵孟𫖯\歡-隶-元-赵孟𫖯-18810.png,278,246,False,0.3073,0.0,clean,none,direct_use,True
mccd_salvage,赵孟頫,隶,止,G:\GitHub\DiT\MCCD\MCCD\MCCD-Calligrapher\calligrapher_dataset\赵孟𫖯\止-隶-元-赵孟𫖯-18915.png,274,173,False,0.3078,0.0,clean,none,direct_use,True
mccd_salvage,赵孟頫,行,此,G:\GitHub\DiT\MCCD\MCCD\MCCD-Calligrapher\calligrapher_dataset\赵孟𫖯\此-行-元-赵孟𫖯-19479.png,220,186,False,0.4037,0.0,clean,none,direct_use,True
mccd_salvage,赵孟頫,隶,此,G:\GitHub\DiT\MCCD\MCCD\MCCD-Calligrapher\calligrapher_dataset\赵孟𫖯\此-隶-元-赵孟𫖯-19418.png,272,129,False,0.3792,0.0,clean,none,direct_use,True
mccd_salvage,赵孟頫,隶,步,G:\GitHub\DiT\MCCD\MCCD\MCCD-Calligrapher\calligrapher_dataset\赵孟𫖯\步-隶-元-赵孟𫖯-19596.png,241,299,False,0.2444,0.0,clean,none,direct_use,True
mccd_salvage,赵孟頫,楷,武,G:\GitHub\DiT\MCCD\MCCD\MCCD-Calligrapher\calligrapher_dataset\赵孟𫖯\武-楷-元-赵孟𫖯-19823.png,171,223,False,0.2861,0.0,clean,none,direct_use,True
mccd_salvage,赵孟頫,隶,武,G:\GitHub\DiT\MCCD\MCCD\MCCD-Calligrapher\calligrapher_dataset\赵孟𫖯\武-隶-元-赵孟𫖯-19780.png,287,236,False,0.4086,0.0,clean,none,direct_use,True
mccd_salvage,赵孟頫,隶,歩,G:\GitHub\DiT\MCCD\MCCD\MCCD-Calligrapher\calligrapher_dataset\赵孟𫖯\歩-隶-元-赵孟𫖯-19950.png,241,299,False,0.2444,0.0,clean,none,direct_use,True
mccd_salvage,赵孟頫,楷,歲,G:\GitHub\DiT\MCCD\MCCD\MCCD-Calligrapher\calligrapher_dataset\赵孟𫖯\歲-楷-元-赵孟𫖯-20192.png,233,287,False,0.2786,0.0,clean,none,direct_use,True
mccd_salvage,赵孟頫,隶,歲,G:\GitHub\DiT\MCCD\MCCD\MCCD-Calligrapher\calligrapher_dataset\赵孟𫖯\歲-隶-元-赵孟𫖯-20152.png,234,270,False,0.3384,0.0,clean,none,direct_use,True
mccd_salvage,赵孟頫,楷,歳,G:\GitHub\DiT\MCCD\MCCD\MCCD-Calligrapher\calligrapher_dataset\赵孟𫖯\歳-楷-元-赵孟𫖯-20380.png,233,287,False,0.2786,0.0,clean,none,direct_use,True
mccd_salvage,赵孟頫,楷,歷,G:\GitHub\DiT\MCCD\MCCD\MCCD-Calligrapher\calligrapher_dataset\赵孟𫖯\歷-楷-元-赵孟𫖯-20484.png,177,171,False,0.3798,0.0,clean,none,direct_use,True
mccd_salvage,赵孟頫,隶,歷,G:\GitHub\DiT\MCCD\MCCD\MCCD-Calligrapher\calligrapher_dataset\赵孟𫖯\歷-隶-元-赵孟𫖯-20465.png,253,210,False,0.3649,0.0,clean,none,direct_use,True
mccd_salvage,赵孟頫,行,死,G:\GitHub\DiT\MCCD\MCCD\MCCD-Calligrapher\calligrapher_dataset\赵孟𫖯\死-行-元-赵孟𫖯-20856.png,243,200,False,0.3377,0.0,clean,none,direct_use,True
mccd_salvage,赵孟頫,隶,殆,G:\GitHub\DiT\MCCD\MCCD\MCCD-Calligrapher\calligrapher_dataset\赵孟𫖯\殆-隶-元-赵孟𫖯-20988.png,251,187,False,0.3764,0.0,clean,none,direct_use,True
mccd_salvage,赵孟頫,楷,殊,G:\GitHub\DiT\MCCD\MCCD\MCCD-Calligrapher\calligrapher_dataset\赵孟𫖯\殊-楷-元-赵孟𫖯-21058.png,193,122,False,0.3353,0.0,clean,none,direct_use,True
mccd_salvage,赵孟頫,行,殊,G:\GitHub\DiT\MCCD\MCCD\MCCD-Calligrapher\calligrapher_dataset\赵孟𫖯\殊-行-元-赵孟𫖯-21079.png,202,219,False,0.3631,0.0001,clean,none,direct_use,True
mccd_salvage,赵孟頫,隶,殷,G:\GitHub\DiT\MCCD\MCCD\MCCD-Calligrapher\calligrapher_dataset\赵孟𫖯\殷-隶-元-赵孟𫖯-21412.png,274,252,False,0.357,0.0,clean,none,direct_use,True
mccd_salvage,赵孟頫,楷,毀,G:\GitHub\DiT\MCCD\MCCD\MCCD-Calligrapher\calligrapher_dataset\赵孟𫖯\毀-楷-元-赵孟𫖯-21745.png,217,186,False,0.3827,0.0,clean,none,direct_use,True
mccd_salvage,赵孟頫,隶,毁,G:\GitHub\DiT\MCCD\MCCD\MCCD-Calligrapher\calligrapher_dataset\赵孟𫖯\毁-隶-元-赵孟𫖯-21787.png,258,166,False,0.3657,0.0,clean,none,direct_use,True
mccd_salvage,赵孟頫,楷,毎,G:\GitHub\DiT\MCCD\MCCD\MCCD-Calligrapher\calligrapher_dataset\赵孟𫖯\毎-楷-元-赵孟𫖯-22451.png,224,203,False,0.2701,0.0,clean,none,direct_use,True
mccd_salvage,赵孟頫,楷,每,G:\GitHub\DiT\MCCD\MCCD\MCCD-Calligrapher\calligrapher_dataset\赵孟𫖯\每-楷-元-赵孟𫖯-22566.png,221,183,False,0.2583,0.0,clean,none,direct_use,True
mccd_salvage,赵孟頫,楷,每,G:\GitHub\DiT\MCCD\MCCD\MCCD-Calligrapher\calligrapher_dataset\赵孟𫖯\每-楷-元-赵孟𫖯-22567.png,224,203,False,0.2701,0.0,clean,none,direct_use,True
mccd_salvage,赵孟頫,隶,每,G:\GitHub\DiT\MCCD\MCCD\MCCD-Calligrapher\calligrapher_dataset\赵孟𫖯\每-隶-元-赵孟𫖯-22551.png,275,179,False,0.3184,0.0,clean,none,direct_use,True
mccd_salvage,赵孟頫,楷,比,G:\GitHub\DiT\MCCD\MCCD\MCCD-Calligrapher\calligrapher_dataset\赵孟𫖯\比-楷-元-赵孟𫖯-22839.png,220,171,False,0.3966,0.0,clean,none,direct_use,True
mccd_salvage,赵孟頫,楷,毛,G:\GitHub\DiT\MCCD\MCCD\MCCD-Calligrapher\calligrapher_dataset\赵孟𫖯\毛-楷-元-赵孟𫖯-22989.png,221,158,False,0.2609,0.0,clean,none,direct_use,True
mccd_salvage,赵孟頫,行,毛,G:\GitHub\DiT\MCCD\MCCD\MCCD-Calligrapher\calligrapher_dataset\赵孟𫖯\毛-行-元-赵孟𫖯-22996.png,217,189,False,0.3727,0.0,clean,none,direct_use,True
mccd_salvage,赵孟頫,楷,氏,G:\GitHub\DiT\MCCD\MCCD\MCCD-Calligrapher\calligrapher_dataset\赵孟𫖯\氏-楷-元-赵孟𫖯-23364.png,191,179,False,0.3739,0.0,clean,none,direct_use,True
mccd_salvage,赵孟頫,隶,水,G:\GitHub\DiT\MCCD\MCCD\MCCD-Calligrapher\calligrapher_dataset\赵孟𫖯\水-隶-元-赵孟𫖯-24300.png,276,172,False,0.2638,0.0,clean,none,direct_use,True
mccd_salvage,赵孟頫,楷,永,G:\GitHub\DiT\MCCD\MCCD\MCCD-Calligrapher\calligrapher_dataset\赵孟𫖯\永-楷-元-赵孟𫖯-24726.png,234,205,False,0.2633,0.0,clean,none,direct_use,True
mccd_salvage,赵孟頫,行,永,G:\GitHub\DiT\MCCD\MCCD\MCCD-Calligrapher\calligrapher_dataset\赵孟𫖯\永-行-元-赵孟𫖯-24735.png,202,191,False,0.3051,0.0,clean,none,direct_use,True
mccd_salvage,赵孟頫,楷,求,G:\GitHub\DiT\MCCD\MCCD\MCCD-Calligrapher\calligrapher_dataset\赵孟𫖯\求-楷-元-赵孟𫖯-24945.png,192,171,False,0.3402,0.0,clean,none,direct_use,True
mccd_salvage,赵孟頫,楷,求,G:\GitHub\DiT\MCCD\MCCD\MCCD-Calligrapher\calligrapher_dataset\赵孟𫖯\求-楷-元-赵孟𫖯-24946.png,224,223,False,0.4029,0.0,clean,none,direct_use,True
mccd_salvage,赵孟頫,隶,求,G:\GitHub\DiT\MCCD\MCCD\MCCD-Calligrapher\calligrapher_dataset\赵孟𫖯\求-隶-元-赵孟𫖯-24922.png,253,188,False,0.3985,0.0,clean,none,direct_use,True
mccd_salvage,赵孟頫,行,汙,G:\GitHub\DiT\MCCD\MCCD\MCCD-Calligrapher\calligrapher_dataset\赵孟𫖯\汙-行-元-赵孟𫖯-25124.png,202,211,False,0.3313,0.0,clean,none,direct_use,True
mccd_salvage,赵孟頫,楷,池,G:\GitHub\DiT\MCCD\MCCD\MCCD-Calligrapher\calligrapher_dataset\赵孟𫖯\池-楷-元-赵孟𫖯-25367.png,249,149,False,0.3097,0.0,clean,none,direct_use,True
mccd_salvage,赵孟頫,行,池,G:\GitHub\DiT\MCCD\MCCD\MCCD-Calligrapher\calligrapher_dataset\赵孟𫖯\池-行-元-赵孟𫖯-25371.png,222,198,False,0.3584,0.0,clean,none,direct_use,True
mccd_salvage,赵孟頫,行,沈,G:\GitHub\DiT\MCCD\MCCD\MCCD-Calligrapher\calligrapher_dataset\赵孟𫖯\沈-行-元-赵孟𫖯-25775.png,262,187,False,0.3554,0.0,clean,none,direct_use,True
mccd_salvage,赵孟頫,楷,沌,G:\GitHub\DiT\MCCD\MCCD\MCCD-Calligrapher\calligrapher_dataset\赵孟𫖯\沌-楷-元-赵孟𫖯-25824.png,208,148,False,0.259,0.001,clean,none,direct_use,True
mccd_salvage,赵孟頫,楷,沙,G:\GitHub\DiT\MCCD\MCCD\MCCD-Calligrapher\calligrapher_dataset\赵孟𫖯\沙-楷-元-赵孟𫖯-25996.png,227,222,False,0.2447,0.0,clean,none,direct_use,True
mccd_salvage,赵孟頫,隶,沙,G:\GitHub\DiT\MCCD\MCCD\MCCD-Calligrapher\calligrapher_dataset\赵孟𫖯\沙-隶-元-赵孟𫖯-25982.png,267,192,False,0.2862,0.0007,clean,none,direct_use,True
mccd_salvage,赵孟頫,隶,沛,G:\GitHub\DiT\MCCD\MCCD\MCCD-Calligrapher\calligrapher_dataset\赵孟𫖯\沛-隶-元-赵孟𫖯-26049.png,271,199,False,0.3644,0.0,clean,none,direct_use,True
mccd_salvage,赵孟頫,楷,沫,G:\GitHub\DiT\MCCD\MCCD\MCCD-Calligrapher\calligrapher_dataset\赵孟𫖯\沫-楷-元-赵孟𫖯-26138.png,225,220,False,0.2552,0.0007,clean,none,direct_use,True
mccd_salvage,赵孟頫,隶,河,G:\GitHub\DiT\MCCD\MCCD\MCCD-Calligrapher\calligrapher_dataset\赵孟𫖯\河-隶-元-赵孟𫖯-26293.png,274,174,False,0.3546,0.0,clean,none,direct_use,True
mccd_salvage,赵孟頫,行,沸,G:\GitHub\DiT\MCCD\MCCD\MCCD-Calligrapher\calligrapher_dataset\赵孟𫖯\沸-行-元-赵孟𫖯-26386.png,176,211,False,0.3476,0.0,clean,none,direct_use,True
mccd_salvage,赵孟頫,行,法,G:\GitHub\DiT\MCCD\MCCD\MCCD-Calligrapher\calligrapher_dataset\赵孟𫖯\法-行-元-赵孟𫖯-26858.png,182,174,False,0.3009,0.0,clean,none,direct_use,True
mccd_salvage,赵孟頫,行,法,G:\GitHub\DiT\MCCD\MCCD\MCCD-Calligrapher\calligrapher_dataset\赵孟𫖯\法-行-元-赵孟𫖯-26859.png,196,201,False,0.4074,0.0,clean,none,direct_use,True
mccd_salvage,赵孟頫,楷,泗,G:\GitHub\DiT\MCCD\MCCD\MCCD-Calligrapher\calligrapher_dataset\赵孟𫖯\泗-楷-元-赵孟𫖯-26900.png,216,168,False,0.3168,0.0,clean,none,direct_use,True
mccd_salvage,赵孟頫,隶,洛,G:\GitHub\DiT\MCCD\MCCD\MCCD-Calligrapher\calligrapher_dataset\赵孟𫖯\洛-隶-元-赵孟𫖯-27534.png,262,200,False,0.3809,0.0,clean,none,direct_use,True
mccd_salvage,赵孟頫,行,洞,G:\GitHub\DiT\MCCD\MCCD\MCCD-Calligrapher\calligrapher_dataset\赵孟𫖯\洞-行-元-赵孟𫖯-27615.png,236,203,False,0.3876,0.0,clean,none,direct_use,True
mccd_salvage,赵孟頫,楷,洪,G:\GitHub\DiT\MCCD\MCCD\MCCD-Calligrapher\calligrapher_dataset\赵孟𫖯\洪-楷-元-赵孟𫖯-27733.png,257,217,False,0.3026,0.0,clean,none,direct_use,True
mccd_salvage,赵孟頫,楷,流,G:\GitHub\DiT\MCCD\MCCD\MCCD-Calligrapher\calligrapher_dataset\赵孟𫖯\流-楷-元-赵孟𫖯-28053.png,247,183,False,0.298,0.0,clean,none,direct_use,True
mccd_salvage,赵孟頫,行,流,G:\GitHub\DiT\MCCD\MCCD\MCCD-Calligrapher\calligrapher_dataset\赵孟𫖯\流-行-元-赵孟𫖯-28073.png,220,184,False,0.3506,0.0006,clean,none,direct_use,True
mccd_salvage,赵孟頫,隶,流,G:\GitHub\DiT\MCCD\MCCD\MCCD-Calligrapher\calligrapher_dataset\赵孟𫖯\流-隶-元-赵孟𫖯-28013.png,262,205,False,0.4089,0.0,clean,none,direct_use,True
mccd_salvage,赵孟頫,行,浄,G:\GitHub\DiT\MCCD\MCCD\MCCD-Calligrapher\calligrapher_dataset\赵孟𫖯\浄-行-元-赵孟𫖯-28138.png,183,237,False,0.2818,0.0004,clean,none,direct_use,True
mccd_salvage,赵孟頫,楷,浮,G:\GitHub\DiT\MCCD\MCCD\MCCD-Calligrapher\calligrapher_dataset\赵孟𫖯\浮-楷-元-赵孟𫖯-28343.png,215,208,False,0.2563,0.0,clean,none,direct_use,True
mccd_salvage,赵孟頫,行,浮,G:\GitHub\DiT\MCCD\MCCD\MCCD-Calligrapher\calligrapher_dataset\赵孟𫖯\浮-行-元-赵孟𫖯-28358.png,201,201,False,0.4072,0.0,clean,none,direct_use,True
mccd_salvage,赵孟頫,楷,浴,G:\GitHub\DiT\MCCD\MCCD\MCCD-Calligrapher\calligrapher_dataset\赵孟𫖯\浴-楷-元-赵孟𫖯-28421.png,252,160,False,0.2951,0.0,clean,none,direct_use,True
mccd_salvage,赵孟頫,隶,浴,G:\GitHub\DiT\MCCD\MCCD\MCCD-Calligrapher\calligrapher_dataset\赵孟𫖯\浴-隶-元-赵孟𫖯-28416.png,257,173,False,0.3692,0.0,clean,none,direct_use,True
mccd_salvage,赵孟頫,楷,海,G:\GitHub\DiT\MCCD\MCCD\MCCD-Calligrapher\calligrapher_dataset\赵孟𫖯\海-楷-元-赵孟𫖯-28497.png,248,212,False,0.3001,0.0,clean,none,direct_use,True
mccd_salvage,赵孟頫,行,涇,G:\GitHub\DiT\MCCD\MCCD\MCCD-Calligrapher\calligrapher_dataset\赵孟𫖯\涇-行-元-赵孟𫖯-28670.png,197,199,False,0.3779,0.0,clean,none,direct_use,True
mccd_salvage,赵孟頫,隶,涇,G:\GitHub\DiT\MCCD\MCCD\MCCD-Calligrapher\calligrapher_dataset\赵孟𫖯\涇-隶-元-赵孟𫖯-28660.png,275,186,False,0.3604,0.0,clean,none,direct_use,True
mccd_salvage,赵孟頫,行,涌,G:\GitHub\DiT\MCCD\MCCD\MCCD-Calligrapher\calligrapher_dataset\赵孟𫖯\涌-行-元-赵孟𫖯-28830.png,183,216,False,0.4201,0.0,clean,none,direct_use,True
mccd_salvage,赵孟頫,行,涕,G:\GitHub\DiT\MCCD\MCCD\MCCD-Calligrapher\calligrapher_dataset\赵孟𫖯\涕-行-元-赵孟𫖯-28900.png,181,223,False,0.3879,0.0004,clean,none,direct_use,True
mccd_salvage,赵孟頫,行,涼,G:\GitHub\DiT\MCCD\MCCD\MCCD-Calligrapher\calligrapher_dataset\赵孟𫖯\涼-行-元-赵孟𫖯-29121.png,192,190,False,0.4362,0.0,clean,none,direct_use,True
mccd_salvage,赵孟頫,隶,涼,G:\GitHub\DiT\MCCD\MCCD\MCCD-Calligrapher\calligrapher_dataset\赵孟𫖯\涼-隶-元-赵孟𫖯-29103.png,280,216,False,0.4464,0.0,clean,none,direct_use,True
mccd_salvage,赵孟頫,楷,淡,G:\GitHub\DiT\MCCD\MCCD\MCCD-Calligrapher\calligrapher_dataset\赵孟𫖯\淡-楷-元-赵孟𫖯-29383.png,194,164,False,0.2932,0.0,clean,none,direct_use,True
mccd_salvage,赵孟頫,行,淨,G:\GitHub\DiT\MCCD\MCCD\MCCD-Calligrapher\calligrapher_dataset\赵孟𫖯\淨-行-元-赵孟𫖯-29486.png,169,194,False,0.3648,0.0,clean,none,direct_use,True
mccd_salvage,赵孟頫,楷,淩,G:\GitHub\DiT\MCCD\MCCD\MCCD-Calligrapher\calligrapher_dataset\赵孟𫖯\淩-楷-元-赵孟𫖯-29502.png,247,226,False,0.2981,0.0,clean,none,direct_use,True
mccd_salvage,赵孟頫,楷,淫,G:\GitHub\DiT\MCCD\MCCD\MCCD-Calligrapher\calligrapher_dataset\赵孟𫖯\淫-楷-元-赵孟𫖯-29551.png,190,192,False,0.268,0.0,clean,none,direct_use,True
mccd_salvage,赵孟頫,楷,深,G:\GitHub\DiT\MCCD\MCCD\MCCD-Calligrapher\calligrapher_dataset\赵孟𫖯\深-楷-元-赵孟𫖯-29694.png,235,192,False,0.3433,0.0,clean,none,direct_use,True
mccd_salvage,赵孟頫,楷,淵,G:\GitHub\DiT\MCCD\MCCD\MCCD-Calligrapher\calligrapher_dataset\赵孟𫖯\淵-楷-元-赵孟𫖯-29850.png,256,197,False,0.4063,0.0,clean,none,direct_use,True
mccd_salvage,赵孟頫,行,淵,G:\GitHub\DiT\MCCD\MCCD\MCCD-Calligrapher\calligrapher_dataset\赵孟𫖯\淵-行-元-赵孟𫖯-29854.png,206,214,False,0.4629,0.0002,clean,none,direct_use,True
mccd_salvage,赵孟頫,楷,淸,G:\GitHub\DiT\MCCD\MCCD\MCCD-Calligrapher\calligrapher_dataset\赵孟𫖯\淸-楷-元-赵孟𫖯-30002.png,163,197,False,0.3645,0.0,clean,none,direct_use,True
mccd_salvage,赵孟頫,行,淸,G:\GitHub\DiT\MCCD\MCCD\MCCD-Calligrapher\calligrapher_dataset\赵孟𫖯\淸-行-元-赵孟𫖯-30021.png,168,234,False,0.3282,0.0,clean,none,direct_use,True
mccd_salvage,赵孟頫,楷,温,G:\GitHub\DiT\MCCD\MCCD\MCCD-Calligrapher\calligrapher_dataset\赵孟𫖯\温-楷-元-赵孟𫖯-30698.png,190,142,False,0.3446,0.0,clean,none,direct_use,True
mccd_salvage,赵孟頫,行,測,G:\GitHub\DiT\MCCD\MCCD\MCCD-Calligrapher\calligrapher_dataset\赵孟𫖯\測-行-元-赵孟𫖯-30758.png,184,198,False,0.4178,0.0,clean,none,direct_use,True
mccd_salvage,赵孟頫,楷,湯,G:\GitHub\DiT\MCCD\MCCD\MCCD-Calligrapher\calligrapher_dataset\赵孟𫖯\湯-楷-元-赵孟𫖯-31380.png,248,234,False,0.3325,0.0,clean,none,direct_use,True
mccd_salvage,赵孟頫,楷,溪,G:\GitHub\DiT\MCCD\MCCD\MCCD-Calligrapher\calligrapher_dataset\赵孟𫖯\溪-楷-元-赵孟𫖯-31671.png,221,216,False,0.3115,0.0,clean,none,direct_use,True
mccd_salvage,赵孟頫,行,溪,G:\GitHub\DiT\MCCD\MCCD\MCCD-Calligrapher\calligrapher_dataset\赵孟𫖯\溪-行-元-赵孟𫖯-31685.png,234,201,False,0.3328,0.0003,clean,none,direct_use,True
mccd_salvage,赵孟頫,楷,溫,G:\GitHub\DiT\MCCD\MCCD\MCCD-Calligrapher\calligrapher_dataset\赵孟𫖯\溫-楷-元-赵孟𫖯-31743.png,190,142,False,0.3446,0.0,clean,none,direct_use,True
mccd_salvage,赵孟頫,楷,滅,G:\GitHub\DiT\MCCD\MCCD\MCCD-Calligrapher\calligrapher_dataset\赵孟𫖯\滅-楷-元-赵孟𫖯-31995.png,234,255,False,0.281,0.0,clean,none,direct_use,True
mccd_salvage,赵孟頫,隶,滿,G:\GitHub\DiT\MCCD\MCCD\MCCD-Calligrapher\calligrapher_dataset\赵孟𫖯\滿-隶-元-赵孟𫖯-32285.png,269,178,False,0.5031,0.0007,clean,none,direct_use,True
mccd_salvage,赵孟頫,楷,漠,G:\GitHub\DiT\MCCD\MCCD\MCCD-Calligrapher\calligrapher_dataset\赵孟𫖯\漠-楷-元-赵孟𫖯-32572.png,252,265,False,0.4204,0.0,clean,none,direct_use,True
mccd_salvage,赵孟頫,隶,漠,G:\GitHub\DiT\MCCD\MCCD\MCCD-Calligrapher\calligrapher_dataset\赵孟𫖯\漠-隶-元-赵孟𫖯-32566.png,263,230,False,0.461,0.0008,clean,none,direct_use,True
mccd_salvage,赵孟頫,隶,漢,G:\GitHub\DiT\MCCD\MCCD\MCCD-Calligrapher\calligrapher_dataset\赵孟𫖯\漢-隶-元-赵孟𫖯-32627.png,271,207,False,0.447,0.0,clean,none,direct_use,True
mccd_salvage,赵孟頫,隶,潔,G:\GitHub\DiT\MCCD\MCCD\MCCD-Calligrapher\calligrapher_dataset\赵孟𫖯\潔-隶-元-赵孟𫖯-33009.png,242,215,False,0.4004,0.0,clean,none,direct_use,True
mccd_salvage,赵孟頫,楷,潘,G:\GitHub\DiT\MCCD\MCCD\MCCD-Calligrapher\calligrapher_dataset\赵孟𫖯\潘-楷-元-赵孟𫖯-33046.png,222,218,False,0.2941,0.0,clean,none,direct_use,True
mccd_salvage,赵孟頫,行,潛,G:\GitHub\DiT\MCCD\MCCD\MCCD-Calligrapher\calligrapher_dataset\赵孟𫖯\潛-行-元-赵孟𫖯-33092.png,249,268,False,0.4275,0.0,clean,none,direct_use,True
mccd_salvage,赵孟頫,隶,潛,G:\GitHub\DiT\MCCD\MCCD\MCCD-Calligrapher\calligrapher_dataset\赵孟𫖯\潛-隶-元-赵孟𫖯-33079.png,274,217,False,0.4086,0.0,clean,none,direct_use,True
mccd_salvage,赵孟頫,行,潤,G:\GitHub\DiT\MCCD\MCCD\MCCD-Calligrapher\calligrapher_dataset\赵孟𫖯\潤-行-元-赵孟𫖯-33199.png,243,248,False,0.3015,0.0,clean,none,direct_use,True
mccd_salvage,赵孟頫,楷,潰,G:\GitHub\DiT\MCCD\MCCD\MCCD-Calligrapher\calligrapher_dataset\赵孟𫖯\潰-楷-元-赵孟𫖯-33311.png,197,243,False,0.2908,0.0018,clean,none,direct_use,True
mccd_salvage,赵孟頫,隶,澄,G:\GitHub\DiT\MCCD\MCCD\MCCD-Calligrapher\calligrapher_dataset\赵孟𫖯\澄-隶-元-赵孟𫖯-33403.png,272,210,False,0.3758,0.0,clean,none,direct_use,True
mccd_salvage,赵孟頫,楷,澹,G:\GitHub\DiT\MCCD\MCCD\MCCD-Calligrapher\calligrapher_dataset\赵孟𫖯\澹-楷-元-赵孟𫖯-33749.png,196,216,False,0.3408,0.0009,clean,none,direct_use,True
mccd_salvage,赵孟頫,楷,濕,G:\GitHub\DiT\MCCD\MCCD\MCCD-Calligrapher\calligrapher_dataset\赵孟𫖯\濕-楷-元-赵孟𫖯-33936.png,263,254,False,0.2908,0.0,clean,none,direct_use,True
mccd_salvage,赵孟頫,楷,濞,G:\GitHub\DiT\MCCD\MCCD\MCCD-Calligrapher\calligrapher_dataset\赵孟𫖯\濞-楷-元-赵孟𫖯-34000.png,257,275,False,0.262,0.0,clean,none,direct_use,True
mccd_salvage,赵孟頫,楷,濡,G:\GitHub\DiT\MCCD\MCCD\MCCD-Calligrapher\calligrapher_dataset\赵孟𫖯\濡-楷-元-赵孟𫖯-34100.png,209,189,False,0.305,0.001,clean,none,direct_use,True
mccd_salvage,赵孟頫,楷,瀆,G:\GitHub\DiT\MCCD\MCCD\MCCD-Calligrapher\calligrapher_dataset\赵孟𫖯\瀆-楷-元-赵孟𫖯-34346.png,200,272,False,0.3392,0.0,clean,none,direct_use,True
mccd_salvage,赵孟頫,行,瀌,G:\GitHub\DiT\MCCD\MCCD\MCCD-Calligrapher\calligrapher_dataset\赵孟𫖯\瀌-行-元-赵孟𫖯-34386.png,241,256,False,0.5126,0.0,clean,none,direct_use,True
mccd_salvage,赵孟頫,楷,灌,G:\GitHub\DiT\MCCD\MCCD\MCCD-Calligrapher\calligrapher_dataset\赵孟𫖯\灌-楷-元-赵孟𫖯-34776.png,234,296,False,0.2749,0.0,clean,none,direct_use,True
mccd_salvage,赵孟頫,楷,灘,G:\GitHub\DiT\MCCD\MCCD\MCCD-Calligrapher\calligrapher_dataset\赵孟𫖯\灘-楷-元-赵孟𫖯-34831.png,201,199,False,0.2561,0.0015,clean,none,direct_use,True
mccd_salvage,赵孟頫,行,火,G:\GitHub\DiT\MCCD\MCCD\MCCD-Calligrapher\calligrapher_dataset\赵孟𫖯\火-行-元-赵孟𫖯-34999.png,263,191,False,0.3529,0.0,clean,none,direct_use,True
mccd_salvage,赵孟頫,隶,火,G:\GitHub\DiT\MCCD\MCCD\MCCD-Calligrapher\calligrapher_dataset\赵孟𫖯\火-隶-元-赵孟𫖯-34973.png,252,191,False,0.2426,0.0,clean,none,direct_use,True
mccd_salvage,赵孟頫,楷,為,G:\GitHub\DiT\MCCD\MCCD\MCCD-Calligrapher\calligrapher_dataset\赵孟𫖯\為-楷-元-赵孟𫖯-36082.png,228,215,False,0.349,0.0,clean,none,direct_use,True
mccd_salvage,赵孟頫,行,為,G:\GitHub\DiT\MCCD\MCCD\MCCD-Calligrapher\calligrapher_dataset\赵孟𫖯\為-行-元-赵孟𫖯-36116.png,167,213,False,0.4365,0.0,clean,none,direct_use,True
mccd_salvage,赵孟頫,隶,烝,G:\GitHub\DiT\MCCD\MCCD\MCCD-Calligrapher\calligrapher_dataset\赵孟𫖯\烝-隶-元-赵孟𫖯-36410.png,287,259,False,0.325,0.0,clean,none,direct_use,True
mccd_salvage,赵孟頫,楷,焚,G:\GitHub\DiT\MCCD\MCCD\MCCD-Calligrapher\calligrapher_dataset\赵孟𫖯\焚-楷-元-赵孟𫖯-36753.png,214,218,False,0.2464,0.0025,clean,none,direct_use,True
mccd_salvage,赵孟頫,楷,無,G:\GitHub\DiT\MCCD\MCCD\MCCD-Calligrapher\calligrapher_dataset\赵孟𫖯\無-楷-元-赵孟𫖯-37134.png,275,176,False,0.2797,0.0,clean,none,direct_use,True
mccd_salvage,赵孟頫,隶,無,G:\GitHub\DiT\MCCD\MCCD\MCCD-Calligrapher\calligrapher_dataset\赵孟𫖯\無-隶-元-赵孟𫖯-37074.png,268,196,False,0.3848,0.0,clean,none,direct_use,True
mccd_salvage,赵孟頫,楷,焦,G:\GitHub\DiT\MCCD\MCCD\MCCD-Calligrapher\calligrapher_dataset\赵孟𫖯\焦-楷-元-赵孟𫖯-37231.png,161,239,False,0.3497,0.0,clean,none,direct_use,True
mccd_salvage,赵孟頫,行,煌,G:\GitHub\DiT\MCCD\MCCD\MCCD-Calligrapher\calligrapher_dataset\赵孟𫖯\煌-行-元-赵孟𫖯-37526.png,212,248,False,0.3259,0.0,clean,none,direct_use,True
mccd_salvage,赵孟頫,隶,煌,G:\GitHub\DiT\MCCD\MCCD\MCCD-Calligrapher\calligrapher_dataset\赵孟𫖯\煌-隶-元-赵孟𫖯-37514.png,274,207,False,0.3914,0.0,clean,none,direct_use,True
mccd_salvage,赵孟頫,隶,煒,G:\GitHub\DiT\MCCD\MCCD\MCCD-Calligrapher\calligrapher_dataset\赵孟𫖯\煒-隶-元-赵孟𫖯-37574.png,285,252,False,0.3709,0.0,clean,none,direct_use,True
mccd_salvage,赵孟頫,隶,照,G:\GitHub\DiT\MCCD\MCCD\MCCD-Calligrapher\calligrapher_dataset\赵孟𫖯\照-隶-元-赵孟𫖯-37769.png,283,195,False,0.43,0.0,clean,none,direct_use,True
mccd_salvage,赵孟頫,楷,熙,G:\GitHub\DiT\MCCD\MCCD\MCCD-Calligrapher\calligrapher_dataset\赵孟𫖯\熙-楷-元-赵孟𫖯-38081.png,274,227,False,0.3358,0.0,clean,none,direct_use,True
mccd_salvage,赵孟頫,隶,熟,G:\GitHub\DiT\MCCD\MCCD\MCCD-Calligrapher\calligrapher_dataset\赵孟𫖯\熟-隶-元-赵孟𫖯-38111.png,280,225,False,0.3451,0.0,clean,none,direct_use,True
mccd_salvage,赵孟頫,楷,熱,G:\GitHub\DiT\MCCD\MCCD\MCCD-Calligrapher\calligrapher_dataset\赵孟𫖯\熱-楷-元-赵孟𫖯-38216.png,237,208,False,0.3574,0.0,clean,none,direct_use,True
mccd_salvage,赵孟頫,隶,熱,G:\GitHub\DiT\MCCD\MCCD\MCCD-Calligrapher\calligrapher_dataset\赵孟𫖯\熱-隶-元-赵孟𫖯-38211.png,272,223,False,0.3798,0.0,clean,none,direct_use,True
mccd_salvage,赵孟頫,隶,燕,G:\GitHub\DiT\MCCD\MCCD\MCCD-Calligrapher\calligrapher_dataset\赵孟𫖯\燕-隶-元-赵孟𫖯-38513.png,257,202,False,0.3855,0.0,clean,none,direct_use,True
mccd_salvage,赵孟頫,隶,燭,G:\GitHub\DiT\MCCD\MCCD\MCCD-Calligrapher\calligrapher_dataset\赵孟𫖯\燭-隶-元-赵孟𫖯-38686.png,276,216,False,0.416,0.0,clean,none,direct_use,True
mccd_salvage,赵孟頫,行,爭,G:\GitHub\DiT\MCCD\MCCD\MCCD-Calligrapher\calligrapher_dataset\赵孟𫖯\爭-行-元-赵孟𫖯-39055.png,157,223,False,0.2447,0.0,clean,none,direct_use,True
mccd_salvage,赵孟頫,楷,爲,G:\GitHub\DiT\MCCD\MCCD\MCCD-Calligrapher\calligrapher_dataset\赵孟𫖯\爲-楷-元-赵孟𫖯-39802.png,228,215,False,0.349,0.0,clean,none,direct_use,True
mccd_salvage,赵孟頫,隶,爵,G:\GitHub\DiT\MCCD\MCCD\MCCD-Calligrapher\calligrapher_dataset\赵孟𫖯\爵-隶-元-赵孟𫖯-39969.png,275,237,False,0.3684,0.0,clean,none,direct_use,True
mccd_salvage,赵孟頫,楷,父,G:\GitHub\DiT\MCCD\MCCD\MCCD-Calligrapher\calligrapher_dataset\赵孟𫖯\父-楷-元-赵孟𫖯-40189.png,267,200,False,0.2316,0.0,clean,none,direct_use,True
mccd_salvage,赵孟頫,楷,牋,G:\GitHub\DiT\MCCD\MCCD\MCCD-Calligrapher\calligrapher_dataset\赵孟𫖯\牋-楷-元-赵孟𫖯-40588.png,226,236,False,0.3053,0.0,clean,none,direct_use,True
mccd_salvage,赵孟頫,行,牟,G:\GitHub\DiT\MCCD\MCCD\MCCD-Calligrapher\calligrapher_dataset\赵孟𫖯\牟-行-元-赵孟𫖯-40940.png,173,307,False,0.4836,0.0,clean,none,direct_use,True
mccd_salvage,赵孟頫,楷,牧,G:\GitHub\DiT\MCCD\MCCD\MCCD-Calligrapher\calligrapher_dataset\赵孟𫖯\牧-楷-元-赵孟𫖯-41129.png,218,168,False,0.346,0.0,clean,none,direct_use,True
mccd_salvage,赵孟頫,楷,物,G:\GitHub\DiT\MCCD\MCCD\MCCD-Calligrapher\calligrapher_dataset\赵孟𫖯\物-楷-元-赵孟𫖯-41231.png,251,172,False,0.3246,0.0,clean,none,direct_use,True
mccd_salvage,赵孟頫,行,物,G:\GitHub\DiT\MCCD\MCCD\MCCD-Calligrapher\calligrapher_dataset\赵孟𫖯\物-行-元-赵孟𫖯-41249.png,249,183,False,0.3669,0.0002,clean,none,direct_use,True
mccd_salvage,赵孟頫,隶,物,G:\GitHub\DiT\MCCD\MCCD\MCCD-Calligrapher\calligrapher_dataset\赵孟𫖯\物-隶-元-赵孟𫖯-41199.png,266,208,False,0.3142,0.0,clean,none,direct_use,True
mccd_salvage,赵孟頫,隶,犢,G:\GitHub\DiT\MCCD\MCCD\MCCD-Calligrapher\calligrapher_dataset\赵孟𫖯\犢-隶-元-赵孟𫖯-41633.png,256,267,False,0.3799,0.0,clean,none,direct_use,True
mccd_salvage,赵孟頫,楷,犯,G:\GitHub\DiT\MCCD\MCCD\MCCD-Calligrapher\calligrapher_dataset\赵孟𫖯\犯-楷-元-赵孟𫖯-41838.png,262,174,False,0.3084,0.0,clean,none,direct_use,True
mccd_salvage,赵孟頫,行,狗,G:\GitHub\DiT\MCCD\MCCD\MCCD-Calligrapher\calligrapher_dataset\赵孟𫖯\狗-行-元-赵孟𫖯-42198.png,204,176,False,0.4095,0.0,clean,none,direct_use,True
mccd_salvage,赵孟頫,隶,猷,G:\GitHub\DiT\MCCD\MCCD\MCCD-Calligrapher\calligrapher_dataset\赵孟𫖯\猷-隶-元-赵孟𫖯-42806.png,272,198,False,0.3619,0.0,clean,none,direct_use,True
mccd_salvage,赵孟頫,楷,猾,G:\GitHub\DiT\MCCD\MCCD\MCCD-Calligrapher\calligrapher_dataset\赵孟𫖯\猾-楷-元-赵孟𫖯-42846.png,223,195,False,0.3616,0.0,clean,none,direct_use,True
mccd_salvage,赵孟頫,楷,獄,G:\GitHub\DiT\MCCD\MCCD\MCCD-Calligrapher\calligrapher_dataset\赵孟𫖯\獄-楷-元-赵孟𫖯-42914.png,207,180,False,0.4267,0.0,clean,none,direct_use,True
mccd_salvage,赵孟頫,楷,獨,G:\GitHub\DiT\MCCD\MCCD\MCCD-Calligrapher\calligrapher_dataset\赵孟𫖯\獨-楷-元-赵孟𫖯-43112.png,227,203,False,0.4844,0.0,clean,none,direct_use,True
mccd_salvage,赵孟頫,楷,獨,G:\GitHub\DiT\MCCD\MCCD\MCCD-Calligrapher\calligrapher_dataset\赵孟𫖯\獨-楷-元-赵孟𫖯-43113.png,216,223,False,0.5036,0.0,clean,none,direct_use,True
mccd_salvage,赵孟頫,隶,獨,G:\GitHub\DiT\MCCD\MCCD\MCCD-Calligrapher\calligrapher_dataset\赵孟𫖯\獨-隶-元-赵孟𫖯-43087.png,273,241,False,0.4576,0.0,clean,none,direct_use,True
mccd_salvage,赵孟頫,楷,獲,G:\GitHub\DiT\MCCD\MCCD\MCCD-Calligrapher\calligrapher_dataset\赵孟𫖯\獲-楷-元-赵孟𫖯-43237.png,194,192,False,0.3479,0.0,clean,none,direct_use,True
mccd_salvage,赵孟頫,楷,獻,G:\GitHub\DiT\MCCD\MCCD\MCCD-Calligrapher\calligrapher_dataset\赵孟𫖯\獻-楷-元-赵孟𫖯-43470.png,251,217,False,0.4465,0.0,clean,none,direct_use,True
mccd_salvage,赵孟頫,行,玄,G:\GitHub\DiT\MCCD\MCCD\MCCD-Calligrapher\calligrapher_dataset\赵孟𫖯\玄-行-元-赵孟𫖯-43658.png,181,217,False,0.3814,0.0,clean,none,direct_use,True
mccd_salvage,赵孟頫,隶,玄,G:\GitHub\DiT\MCCD\MCCD\MCCD-Calligrapher\calligrapher_dataset\赵孟𫖯\玄-隶-元-赵孟𫖯-43618.png,270,195,False,0.3557,0.0,clean,none,direct_use,True
mccd_salvage,赵孟頫,隶,率,G:\GitHub\DiT\MCCD\MCCD\MCCD-Calligrapher\calligrapher_dataset\赵孟𫖯\率-隶-元-赵孟𫖯-43765.png,263,215,False,0.3076,0.0,clean,none,direct_use,True
mccd_salvage,赵孟頫,隶,玉,G:\GitHub\DiT\MCCD\MCCD\MCCD-Calligrapher\calligrapher_dataset\赵孟𫖯\玉-隶-元-赵孟𫖯-43917.png,259,162,False,0.3189,0.0,clean,none,direct_use,True
mccd_salvage,赵孟頫,隶,王,G:\GitHub\DiT\MCCD\MCCD\MCCD-Calligrapher\calligrapher_dataset\赵孟𫖯\王-隶-元-赵孟𫖯-44365.png,261,133,False,0.3729,0.0,clean,none,direct_use,True
mccd_salvage,赵孟頫,楷,珍,G:\GitHub\DiT\MCCD\MCCD\MCCD-Calligrapher\calligrapher_dataset\赵孟𫖯\珍-楷-元-赵孟𫖯-44785.png,232,159,False,0.3271,0.0,clean,none,direct_use,True
mccd_salvage,赵孟頫,行,珍,G:\GitHub\DiT\MCCD\MCCD\MCCD-Calligrapher\calligrapher_dataset\赵孟𫖯\珍-行-元-赵孟𫖯-44799.png,255,172,False,0.3087,0.0,clean,none,direct_use,True
mccd_salvage,赵孟頫,隶,珍,G:\GitHub\DiT\MCCD\MCCD\MCCD-Calligrapher\calligrapher_dataset\赵孟𫖯\珍-隶-元-赵孟𫖯-44771.png,246,172,False,0.2658,0.0,clean,none,direct_use,True
mccd_salvage,赵孟頫,楷,珠,G:\GitHub\DiT\MCCD\MCCD\MCCD-Calligrapher\calligrapher_dataset\赵孟𫖯\珠-楷-元-赵孟𫖯-44870.png,194,173,False,0.2507,0.0,clean,none,direct_use,True
mccd_salvage,赵孟頫,隶,珠,G:\GitHub\DiT\MCCD\MCCD\MCCD-Calligrapher\calligrapher_dataset\赵孟𫖯\珠-隶-元-赵孟𫖯-44860.png,272,170,False,0.3495,0.0,clean,none,direct_use,True
mccd_salvage,赵孟頫,行,珮,G:\GitHub\DiT\MCCD\MCCD\MCCD-Calligrapher\calligrapher_dataset\赵孟𫖯\珮-行-元-赵孟𫖯-45048.png,249,248,False,0.3389,0.0012,clean,none,direct_use,True
mccd_salvage,赵孟頫,行,現,G:\GitHub\DiT\MCCD\MCCD\MCCD-Calligrapher\calligrapher_dataset\赵孟𫖯\現-行-元-赵孟𫖯-45104.png,256,226,False,0.3108,0.0,clean,none,direct_use,True
mccd_salvage,赵孟頫,楷,球,G:\GitHub\DiT\MCCD\MCCD\MCCD-Calligrapher\calligrapher_dataset\赵孟𫖯\球-楷-元-赵孟𫖯-45131.png,183,158,False,0.2879,0.0,clean,none,direct_use,True
mccd_salvage,赵孟頫,楷,琅,G:\GitHub\DiT\MCCD\MCCD\MCCD-Calligrapher\calligrapher_dataset\赵孟𫖯\琅-楷-元-赵孟𫖯-45153.png,207,189,False,0.4072,0.0,clean,none,direct_use,True
mccd_salvage,赵孟頫,隶,理,G:\GitHub\DiT\MCCD\MCCD\MCCD-Calligrapher\calligrapher_dataset\赵孟𫖯\理-隶-元-赵孟𫖯-45184.png,270,161,False,0.5107,0.0,clean,none,direct_use,True
mccd_salvage,赵孟頫,楷,琴,G:\GitHub\DiT\MCCD\MCCD\MCCD-Calligrapher\calligrapher_dataset\赵孟𫖯\琴-楷-元-赵孟𫖯-45487.png,204,213,False,0.3462,0.0027,clean,none,direct_use,True
mccd_salvage,赵孟頫,楷,瑕,G:\GitHub\DiT\MCCD\MCCD\MCCD-Calligrapher\calligrapher_dataset\赵孟𫖯\瑕-楷-元-赵孟𫖯-45634.png,251,209,False,0.2839,0.0,clean,none,direct_use,True
mccd_salvage,赵孟頫,楷,瑾,G:\GitHub\DiT\MCCD\MCCD\MCCD-Calligrapher\calligrapher_dataset\赵孟𫖯\瑾-楷-元-赵孟𫖯-45927.png,262,237,False,0.3173,0.0,clean,none,direct_use,True
mccd_salvage,赵孟頫,隶,璣,G:\GitHub\DiT\MCCD\MCCD\MCCD-Calligrapher\calligrapher_dataset\赵孟𫖯\璣-隶-元-赵孟𫖯-46117.png,241,220,False,0.3851,0.0,clean,none,direct_use,True
mccd_salvage,赵孟頫,楷,璧,G:\GitHub\DiT\MCCD\MCCD\MCCD-Calligrapher\calligrapher_dataset\赵孟𫖯\璧-楷-元-赵孟𫖯-46198.png,179,199,False,0.3178,0.0,clean,none,direct_use,True
mccd_salvage,赵孟頫,隶,璧,G:\GitHub\DiT\MCCD\MCCD\MCCD-Calligrapher\calligrapher_dataset\赵孟𫖯\璧-隶-元-赵孟𫖯-46186.png,265,222,False,0.447,0.0,clean,none,direct_use,True
mccd_salvage,赵孟頫,行,璫,G:\GitHub\DiT\MCCD\MCCD\MCCD-Calligrapher\calligrapher_dataset\赵孟𫖯\璫-行-元-赵孟𫖯-46242.png,197,216,False,0.4953,0.0,clean,none,direct_use,True
mccd_salvage,赵孟頫,楷,環,G:\GitHub\DiT\MCCD\MCCD\MCCD-Calligrapher\calligrapher_dataset\赵孟𫖯\環-楷-元-赵孟𫖯-46303.png,242,203,False,0.4173,0.0,clean,none,direct_use,True
mccd_salvage,赵孟頫,行,瓊,G:\GitHub\DiT\MCCD\MCCD\MCCD-Calligrapher\calligrapher_dataset\赵孟𫖯\瓊-行-元-赵孟𫖯-46447.png,231,225,False,0.3561,0.0,clean,none,direct_use,True
mccd_salvage,赵孟頫,隶,瓦,G:\GitHub\DiT\MCCD\MCCD\MCCD-Calligrapher\calligrapher_dataset\赵孟𫖯\瓦-隶-元-赵孟𫖯-46626.png,268,162,False,0.4125,0.0,clean,none,direct_use,True
mccd_salvage,赵孟頫,行,甑,G:\GitHub\DiT\MCCD\MCCD\MCCD-Calligrapher\calligrapher_dataset\赵孟𫖯\甑-行-元-赵孟𫖯-46831.png,234,194,False,0.4431,0.0,clean,none,direct_use,True
mccd_salvage,赵孟頫,行,甘,G:\GitHub\DiT\MCCD\MCCD\MCCD-Calligrapher\calligrapher_dataset\赵孟𫖯\甘-行-元-赵孟𫖯-46970.png,263,238,False,0.4814,0.0,clean,none,direct_use,True
mccd_salvage,赵孟頫,楷,甚,G:\GitHub\DiT\MCCD\MCCD\MCCD-Calligrapher\calligrapher_dataset\赵孟𫖯\甚-楷-元-赵孟𫖯-47060.png,223,275,False,0.4186,0.0,clean,none,direct_use,True
mccd_salvage,赵孟頫,隶,甞,G:\GitHub\DiT\MCCD\MCCD\MCCD-Calligrapher\calligrapher_dataset\赵孟𫖯\甞-隶-元-赵孟𫖯-47138.png,265,204,False,0.4411,0.0,clean,none,direct_use,True
mccd_salvage,赵孟頫,楷,甲,G:\GitHub\DiT\MCCD\MCCD\MCCD-Calligrapher\calligrapher_dataset\赵孟𫖯\甲-楷-元-赵孟𫖯-48672.png,199,218,False,0.2588,0.0,clean,none,direct_use,True
mccd_salvage,赵孟頫,楷,申,G:\GitHub\DiT\MCCD\MCCD\MCCD-Calligrapher\calligrapher_dataset\赵孟𫖯\申-楷-元-赵孟𫖯-48886.png,162,262,False,0.3018,0.0,clean,none,direct_use,True
mccd_salvage,赵孟頫,楷,畀,G:\GitHub\DiT\MCCD\MCCD\MCCD-Calligrapher\calligrapher_dataset\赵孟𫖯\畀-楷-元-赵孟𫖯-49152.png,191,181,False,0.2762,0.0,clean,none,direct_use,True
mccd_salvage,赵孟頫,行,界,G:\GitHub\DiT\MCCD\MCCD\MCCD-Calligrapher\calligrapher_dataset\赵孟𫖯\界-行-元-赵孟𫖯-49230.png,251,267,False,0.3565,0.0,clean,none,direct_use,True
mccd_salvage,赵孟頫,楷,畏,G:\GitHub\DiT\MCCD\MCCD\MCCD-Calligrapher\calligrapher_dataset\赵孟𫖯\畏-楷-元-赵孟𫖯-49313.png,213,204,False,0.3653,0.0,clean,none,direct_use,True
mccd_salvage,赵孟頫,楷,留,G:\GitHub\DiT\MCCD\MCCD\MCCD-Calligrapher\calligrapher_dataset\赵孟𫖯\留-楷-元-赵孟𫖯-49461.png,269,263,False,0.4649,0.0,clean,none,direct_use,True
mccd_salvage,赵孟頫,行,畢,G:\GitHub\DiT\MCCD\MCCD\MCCD-Calligrapher\calligrapher_dataset\赵孟𫖯\畢-行-元-赵孟𫖯-49656.png,204,317,False,0.2578,0.001,clean,none,direct_use,True
mccd_salvage,赵孟頫,隶,畫,G:\GitHub\DiT\MCCD\MCCD\MCCD-Calligrapher\calligrapher_dataset\赵孟𫖯\畫-隶-元-赵孟𫖯-49872.png,257,307,False,0.5352,0.0,clean,none,direct_use,True
mccd_salvage,赵孟頫,楷,異,G:\GitHub\DiT\MCCD\MCCD\MCCD-Calligrapher\calligrapher_dataset\赵孟𫖯\異-楷-元-赵孟𫖯-50147.png,225,206,False,0.4045,0.0,clean,none,direct_use,True
mccd_salvage,赵孟頫,楷,當,G:\GitHub\DiT\MCCD\MCCD\MCCD-Calligrapher\calligrapher_dataset\赵孟𫖯\當-楷-元-赵孟𫖯-50281.png,175,189,False,0.3612,0.0,clean,none,direct_use,True
mccd_salvage,赵孟頫,行,當,G:\GitHub\DiT\MCCD\MCCD\MCCD-Calligrapher\calligrapher_dataset\赵孟𫖯\當-行-元-赵孟𫖯-50296.png,231,266,False,0.31,0.0,clean,none,direct_use,True
mccd_salvage,赵孟頫,行,疊,G:\GitHub\DiT\MCCD\MCCD\MCCD-Calligrapher\calligrapher_dataset\赵孟𫖯\疊-行-元-赵孟𫖯-50551.png,230,332,False,0.4278,0.0,clean,none,direct_use,True
mccd_salvage,赵孟頫,楷,疑,G:\GitHub\DiT\MCCD\MCCD\MCCD-Calligrapher\calligrapher_dataset\赵孟𫖯\疑-楷-元-赵孟𫖯-50805.png,217,178,False,0.2852,0.0,clean,none,direct_use,True
mccd_salvage,赵孟頫,楷,疑,G:\GitHub\DiT\MCCD\MCCD\MCCD-Calligrapher\calligrapher_dataset\赵孟𫖯\疑-楷-元-赵孟𫖯-50806.png,229,191,False,0.3153,0.0,clean,none,direct_use,True
mccd_salvage,赵孟頫,行,疑,G:\GitHub\DiT\MCCD\MCCD\MCCD-Calligrapher\calligrapher_dataset\赵孟𫖯\疑-行-元-赵孟𫖯-50817.png,282,222,False,0.3283,0.0,clean,none,direct_use,True
mccd_salvage,赵孟頫,行,疲,G:\GitHub\DiT\MCCD\MCCD\MCCD-Calligrapher\calligrapher_dataset\赵孟𫖯\疲-行-元-赵孟𫖯-51018.png,231,202,False,0.3912,0.0,clean,none,direct_use,True
mccd_salvage,赵孟頫,行,疲,G:\GitHub\DiT\MCCD\MCCD\MCCD-Calligrapher\calligrapher_dataset\赵孟𫖯\疲-行-元-赵孟𫖯-51019.png,220,253,False,0.4703,0.0,clean,none,direct_use,True
mccd_salvage,赵孟頫,楷,疵,G:\GitHub\DiT\MCCD\MCCD\MCCD-Calligrapher\calligrapher_dataset\赵孟𫖯\疵-楷-元-赵孟𫖯-51051.png,213,235,False,0.2599,0.0,clean,none,direct_use,True
mccd_salvage,赵孟頫,楷,疽,G:\GitHub\DiT\MCCD\MCCD\MCCD-Calligrapher\calligrapher_dataset\赵孟𫖯\疽-楷-元-赵孟𫖯-51098.png,238,229,False,0.2469,0.0,clean,none,direct_use,True
mccd_salvage,赵孟頫,行,病,G:\GitHub\DiT\MCCD\MCCD\MCCD-Calligrapher\calligrapher_dataset\赵孟𫖯\病-行-元-赵孟𫖯-51387.png,224,244,False,0.3375,0.0,clean,none,direct_use,True
mccd_salvage,赵孟頫,楷,痩,G:\GitHub\DiT\MCCD\MCCD\MCCD-Calligrapher\calligrapher_dataset\赵孟𫖯\痩-楷-元-赵孟𫖯-51630.png,182,205,False,0.2431,0.0,clean,none,direct_use,True
mccd_salvage,赵孟頫,楷,瘦,G:\GitHub\DiT\MCCD\MCCD\MCCD-Calligrapher\calligrapher_dataset\赵孟𫖯\瘦-楷-元-赵孟𫖯-51916.png,182,205,False,0.2431,0.0,clean,none,direct_use,True
mccd_salvage,赵孟頫,隶,登,G:\GitHub\DiT\MCCD\MCCD\MCCD-Calligrapher\calligrapher_dataset\赵孟𫖯\登-隶-元-赵孟𫖯-52618.png,261,179,False,0.3779,0.0,clean,none,direct_use,True
mccd_salvage,赵孟頫,楷,發,G:\GitHub\DiT\MCCD\MCCD\MCCD-Calligrapher\calligrapher_dataset\赵孟𫖯\發-楷-元-赵孟𫖯-52778.png,222,224,False,0.3115,0.0,clean,none,direct_use,True
mccd_salvage,赵孟頫,隶,發,G:\GitHub\DiT\MCCD\MCCD\MCCD-Calligrapher\calligrapher_dataset\赵孟𫖯\發-隶-元-赵孟𫖯-52749.png,269,240,False,0.3308,0.0,clean,none,direct_use,True
mccd_salvage,赵孟頫,楷,百,G:\GitHub\DiT\MCCD\MCCD\MCCD-Calligrapher\calligrapher_dataset\赵孟𫖯\百-楷-元-赵孟𫖯-53324.png,202,171,False,0.3707,0.0,clean,none,direct_use,True
mccd_salvage,赵孟頫,隶,百,G:\GitHub\DiT\MCCD\MCCD\MCCD-Calligrapher\calligrapher_dataset\赵孟𫖯\百-隶-元-赵孟𫖯-53271.png,268,154,False,0.4194,0.0,clean,none,direct_use,True
mccd_salvage,赵孟頫,行,的,G:\GitHub\DiT\MCCD\MCCD\MCCD-Calligrapher\calligrapher_dataset\赵孟𫖯\的-行-元-赵孟𫖯-53428.png,220,201,False,0.4085,0.0,clean,none,direct_use,True
mccd_salvage,赵孟頫,楷,皆,G:\GitHub\DiT\MCCD\MCCD\MCCD-Calligrapher\calligrapher_dataset\赵孟𫖯\皆-楷-元-赵孟𫖯-53591.png,180,216,False,0.3534,0.0,clean,none,direct_use,True
mccd_salvage,赵孟頫,行,皆,G:\GitHub\DiT\MCCD\MCCD\MCCD-Calligrapher\calligrapher_dataset\赵孟𫖯\皆-行-元-赵孟𫖯-53609.png,193,228,False,0.4257,0.0,clean,none,direct_use,True
mccd_salvage,赵孟頫,隶,皆,G:\GitHub\DiT\MCCD\MCCD\MCCD-Calligrapher\calligrapher_dataset\赵孟𫖯\皆-隶-元-赵孟𫖯-53550.png,281,222,False,0.428,0.0,clean,none,direct_use,True
mccd_salvage,赵孟頫,楷,皇,G:\GitHub\DiT\MCCD\MCCD\MCCD-Calligrapher\calligrapher_dataset\赵孟𫖯\皇-楷-元-赵孟𫖯-53813.png,157,210,False,0.441,0.0,clean,none,direct_use,True
mccd_salvage,赵孟頫,楷,皿,G:\GitHub\DiT\MCCD\MCCD\MCCD-Calligrapher\calligrapher_dataset\赵孟𫖯\皿-楷-元-赵孟𫖯-54187.png,239,109,False,0.4031,0.0,clean,none,direct_use,True
mccd_salvage,赵孟頫,楷,盈,G:\GitHub\DiT\MCCD\MCCD\MCCD-Calligrapher\calligrapher_dataset\赵孟𫖯\盈-楷-元-赵孟𫖯-54356.png,185,208,False,0.4308,0.0,clean,none,direct_use,True
mccd_salvage,赵孟頫,楷,益,G:\GitHub\DiT\MCCD\MCCD\MCCD-Calligrapher\calligrapher_dataset\赵孟𫖯\益-楷-元-赵孟𫖯-54524.png,193,219,False,0.3209,0.0,clean,none,direct_use,True
mccd_salvage,赵孟頫,隶,盡,G:\GitHub\DiT\MCCD\MCCD\MCCD-Calligrapher\calligrapher_dataset\赵孟𫖯\盡-隶-元-赵孟𫖯-55017.png,251,216,False,0.4624,0.0,clean,none,direct_use,True
mccd_salvage,赵孟頫,隶,盤,G:\GitHub\DiT\MCCD\MCCD\MCCD-Calligrapher\calligrapher_dataset\赵孟𫖯\盤-隶-元-赵孟𫖯-55222.png,278,202,False,0.5346,0.0,clean,none,direct_use,True
mccd_salvage,赵孟頫,楷,相,G:\GitHub\DiT\MCCD\MCCD\MCCD-Calligrapher\calligrapher_dataset\赵孟𫖯\相-楷-元-赵孟𫖯-55913.png,212,175,False,0.4249,0.0,clean,none,direct_use,True
mccd_salvage,赵孟頫,行,相,G:\GitHub\DiT\MCCD\MCCD\MCCD-Calligrapher\calligrapher_dataset\赵孟𫖯\相-行-元-赵孟𫖯-55940.png,245,228,False,0.3307,0.0004,clean,none,direct_use,True
mccd_salvage,赵孟頫,隶,相,G:\GitHub\DiT\MCCD\MCCD\MCCD-Calligrapher\calligrapher_dataset\赵孟𫖯\相-隶-元-赵孟𫖯-55863.png,263,165,False,0.4193,0.0,clean,none,direct_use,True
mccd_salvage,赵孟頫,楷,眀,G:\GitHub\DiT\MCCD\MCCD\MCCD-Calligrapher\calligrapher_dataset\赵孟𫖯\眀-楷-元-赵孟𫖯-56091.png,192,170,False,0.3892,0.0,clean,none,direct_use,True
mccd_salvage,赵孟頫,隶,省,G:\GitHub\DiT\MCCD\MCCD\MCCD-Calligrapher\calligrapher_dataset\赵孟𫖯\省-隶-元-赵孟𫖯-56174.png,270,225,False,0.4289,0.0,clean,none,direct_use,True
mccd_salvage,赵孟頫,行,看,G:\GitHub\DiT\MCCD\MCCD\MCCD-Calligrapher\calligrapher_dataset\赵孟𫖯\看-行-元-赵孟𫖯-56373.png,170,214,False,0.422,0.0,clean,none,direct_use,True
mccd_salvage,赵孟頫,楷,眞,G:\GitHub\DiT\MCCD\MCCD\MCCD-Calligrapher\calligrapher_dataset\赵孟𫖯\眞-楷-元-赵孟𫖯-56725.png,234,218,False,0.2913,0.0,clean,none,direct_use,True
mccd_salvage,赵孟頫,隶,眞,G:\GitHub\DiT\MCCD\MCCD\MCCD-Calligrapher\calligrapher_dataset\赵孟𫖯\眞-隶-元-赵孟𫖯-56700.png,217,220,False,0.3761,0.0,clean,none,direct_use,True
mccd_salvage,赵孟頫,楷,真,G:\GitHub\DiT\MCCD\MCCD\MCCD-Calligrapher\calligrapher_dataset\赵孟𫖯\真-楷-元-赵孟𫖯-56830.png,234,218,False,0.2913,0.0,clean,none,direct_use,True
mccd_salvage,赵孟頫,楷,眺,G:\GitHub\DiT\MCCD\MCCD\MCCD-Calligrapher\calligrapher_dataset\赵孟𫖯\眺-楷-元-赵孟𫖯-57109.png,224,144,False,0.4618,0.0,clean,none,direct_use,True
mccd_salvage,赵孟頫,楷,睫,G:\GitHub\DiT\MCCD\MCCD\MCCD-Calligrapher\calligrapher_dataset\赵孟𫖯\睫-楷-元-赵孟𫖯-57666.png,214,168,False,0.3519,0.0,clean,none,direct_use,True
mccd_salvage,赵孟頫,隶,瞻,G:\GitHub\DiT\MCCD\MCCD\MCCD-Calligrapher\calligrapher_dataset\赵孟𫖯\瞻-隶-元-赵孟𫖯-58012.png,260,229,False,0.4766,0.0,clean,none,direct_use,True
mccd_salvage,赵孟頫,楷,矜,G:\GitHub\DiT\MCCD\MCCD\MCCD-Calligrapher\calligrapher_dataset\赵孟𫖯\矜-楷-元-赵孟𫖯-58243.png,253,142,False,0.3208,0.0,clean,none,direct_use,True
mccd_salvage,赵孟頫,楷,矢,G:\GitHub\DiT\MCCD\MCCD\MCCD-Calligrapher\calligrapher_dataset\赵孟𫖯\矢-楷-元-赵孟𫖯-58390.png,206,158,False,0.3463,0.0,clean,none,direct_use,True
mccd_salvage,赵孟頫,行,矢,G:\GitHub\DiT\MCCD\MCCD\MCCD-Calligrapher\calligrapher_dataset\赵孟𫖯\矢-行-元-赵孟𫖯-58395.png,219,186,False,0.2909,0.0,clean,none,direct_use,True
mccd_salvage,赵孟頫,行,矣,G:\GitHub\DiT\MCCD\MCCD\MCCD-Calligrapher\calligrapher_dataset\赵孟𫖯\矣-行-元-赵孟𫖯-58540.png,234,247,False,0.4368,0.0,clean,none,direct_use,True
mccd_salvage,赵孟頫,行,矣,G:\GitHub\DiT\MCCD\MCCD\MCCD-Calligrapher\calligrapher_dataset\赵孟𫖯\矣-行-元-赵孟𫖯-58542.png,197,251,False,0.3241,0.0,clean,none,direct_use,True
mccd_salvage,赵孟頫,隶,知,G:\GitHub\DiT\MCCD\MCCD\MCCD-Calligrapher\calligrapher_dataset\赵孟𫖯\知-隶-元-赵孟𫖯-58616.png,272,176,False,0.3538,0.0,clean,none,direct_use,True
mccd_salvage,赵孟頫,行,矧,G:\GitHub\DiT\MCCD\MCCD\MCCD-Calligrapher\calligrapher_dataset\赵孟𫖯\矧-行-元-赵孟𫖯-58759.png,215,227,False,0.4204,0.0,clean,none,direct_use,True
mccd_salvage,赵孟頫,楷,短,G:\GitHub\DiT\MCCD\MCCD\MCCD-Calligrapher\calligrapher_dataset\赵孟𫖯\短-楷-元-赵孟𫖯-58820.png,240,166,False,0.3943,0.0,clean,none,direct_use,True
mccd_salvage,赵孟頫,楷,矯,G:\GitHub\DiT\MCCD\MCCD\MCCD-Calligrapher\calligrapher_dataset\赵孟𫖯\矯-楷-元-赵孟𫖯-58877.png,246,176,False,0.3144,0.0,clean,none,direct_use,True
mccd_salvage,赵孟頫,楷,石,G:\GitHub\DiT\MCCD\MCCD\MCCD-Calligrapher\calligrapher_dataset\赵孟𫖯\石-楷-元-赵孟𫖯-59082.png,240,187,False,0.3733,0.0,clean,none,direct_use,True
mccd_salvage,赵孟頫,隶,石,G:\GitHub\DiT\MCCD\MCCD\MCCD-Calligrapher\calligrapher_dataset\赵孟𫖯\石-隶-元-赵孟𫖯-59019.png,272,167,False,0.4223,0.0,clean,none,direct_use,True
mccd_salvage,赵孟頫,楷,碣,G:\GitHub\DiT\MCCD\MCCD\MCCD-Calligrapher\calligrapher_dataset\赵孟𫖯\碣-楷-元-赵孟𫖯-59777.png,236,178,False,0.3579,0.0,clean,none,direct_use,True
mccd_salvage,赵孟頫,行,碣,G:\GitHub\DiT\MCCD\MCCD\MCCD-Calligrapher\calligrapher_dataset\赵孟𫖯\碣-行-元-赵孟𫖯-59781.png,252,228,False,0.4441,0.0001,clean,none,direct_use,True
mccd_salvage,赵孟頫,隶,碣,G:\GitHub\DiT\MCCD\MCCD\MCCD-Calligrapher\calligrapher_dataset\赵孟𫖯\碣-隶-元-赵孟𫖯-59771.png,283,221,False,0.4494,0.0,clean,none,direct_use,True
mccd_salvage,赵孟頫,楷,磨,G:\GitHub\DiT\MCCD\MCCD\MCCD-Calligrapher\calligrapher_dataset\赵孟𫖯\磨-楷-元-赵孟𫖯-60113.png,165,179,False,0.3198,0.0,clean,none,direct_use,True
mccd_salvage,赵孟頫,行,磨,G:\GitHub\DiT\MCCD\MCCD\MCCD-Calligrapher\calligrapher_dataset\赵孟𫖯\磨-行-元-赵孟𫖯-60120.png,209,254,False,0.2848,0.0004,clean,none,direct_use,True
mccd_salvage,赵孟頫,楷,磬,G:\GitHub\DiT\MCCD\MCCD\MCCD-Calligrapher\calligrapher_dataset\赵孟𫖯\磬-楷-元-赵孟𫖯-60165.png,287,285,False,0.3102,0.0,clean,none,direct_use,True
mccd_salvage,赵孟頫,楷,磻,G:\GitHub\DiT\MCCD\MCCD\MCCD-Calligrapher\calligrapher_dataset\赵孟𫖯\磻-楷-元-赵孟𫖯-60242.png,257,171,False,0.3194,0.0,clean,none,direct_use,True
mccd_salvage,赵孟頫,行,祀,G:\GitHub\DiT\MCCD\MCCD\MCCD-Calligrapher\calligrapher_dataset\赵孟𫖯\祀-行-元-赵孟𫖯-60855.png,247,151,False,0.3265,0.0,clean,none,direct_use,True
mccd_salvage,赵孟頫,隶,祀,G:\GitHub\DiT\MCCD\MCCD\MCCD-Calligrapher\calligrapher_dataset\赵孟𫖯\祀-隶-元-赵孟𫖯-60824.png,259,176,False,0.3589,0.0,clean,none,direct_use,True
mccd_salvage,赵孟頫,行,祐,G:\GitHub\DiT\MCCD\MCCD\MCCD-Calligrapher\calligrapher_dataset\赵孟𫖯\祐-行-元-赵孟𫖯-61042.png,240,222,False,0.4021,0.0,clean,none,direct_use,True
mccd_salvage,赵孟頫,楷,祖,G:\GitHub\DiT\MCCD\MCCD\MCCD-Calligrapher\calligrapher_dataset\赵孟𫖯\祖-楷-元-赵孟𫖯-61148.png,274,197,False,0.4886,0.0,clean,none,direct_use,True
mccd_salvage,赵孟頫,隶,祜,G:\GitHub\DiT\MCCD\MCCD\MCCD-Calligrapher\calligrapher_dataset\赵孟𫖯\祜-隶-元-赵孟𫖯-61246.png,258,188,False,0.3631,0.0,clean,none,direct_use,True
mccd_salvage,赵孟頫,楷,祝,G:\GitHub\DiT\MCCD\MCCD\MCCD-Calligrapher\calligrapher_dataset\赵孟𫖯\祝-楷-元-赵孟𫖯-61317.png,271,196,False,0.3757,0.0,clean,none,direct_use,True
mccd_salvage,赵孟頫,隶,神,G:\GitHub\DiT\MCCD\MCCD\MCCD-Calligrapher\calligrapher_dataset\赵孟𫖯\神-隶-元-赵孟𫖯-61414.png,276,228,False,0.4322,0.0,clean,none,direct_use,True
mccd_salvage,赵孟頫,楷,祭,G:\GitHub\DiT\MCCD\MCCD\MCCD-Calligrapher\calligrapher_dataset\赵孟𫖯\祭-楷-元-赵孟𫖯-61701.png,245,188,False,0.3759,0.0,clean,none,direct_use,True
mccd_salvage,赵孟頫,隶,祿,G:\GitHub\DiT\MCCD\MCCD\MCCD-Calligrapher\calligrapher_dataset\赵孟𫖯\祿-隶-元-赵孟𫖯-61833.png,273,268,False,0.3962,0.0,clean,none,direct_use,True
mccd_salvage,赵孟頫,隶,禄,G:\GitHub\DiT\MCCD\MCCD\MCCD-Calligrapher\calligrapher_dataset\赵孟𫖯\禄-隶-元-赵孟𫖯-61948.png,273,268,False,0.3962,0.0,clean,none,direct_use,True
mccd_salvage,赵孟頫,隶,禍,G:\GitHub\DiT\MCCD\MCCD\MCCD-Calligrapher\calligrapher_dataset\赵孟𫖯\禍-隶-元-赵孟𫖯-62029.png,284,242,False,0.4766,0.0,clean,none,direct_use,True
mccd_salvage,赵孟頫,行,福,G:\GitHub\DiT\MCCD\MCCD\MCCD-Calligrapher\calligrapher_dataset\赵孟𫖯\福-行-元-赵孟𫖯-62171.png,205,220,False,0.3604,0.0,clean,none,direct_use,True
mccd_salvage,赵孟頫,隶,福,G:\GitHub\DiT\MCCD\MCCD\MCCD-Calligrapher\calligrapher_dataset\赵孟𫖯\福-隶-元-赵孟𫖯-62133.png,249,205,False,0.4853,0.0,clean,none,direct_use,True
mccd_salvage,赵孟頫,隶,禪,G:\GitHub\DiT\MCCD\MCCD\MCCD-Calligrapher\calligrapher_dataset\赵孟𫖯\禪-隶-元-赵孟𫖯-62361.png,269,233,False,0.5189,0.0,clean,none,direct_use,True
mccd_salvage,赵孟頫,隶,禮,G:\GitHub\DiT\MCCD\MCCD\MCCD-Calligrapher\calligrapher_dataset\赵孟𫖯\禮-隶-元-赵孟𫖯-62440.png,260,213,False,0.4892,0.0,clean,none,direct_use,True
mccd_salvage,赵孟頫,楷,禱,G:\GitHub\DiT\MCCD\MCCD\MCCD-Calligrapher\calligrapher_dataset\赵孟𫖯\禱-楷-元-赵孟𫖯-62522.png,194,194,False,0.3943,0.0,clean,none,direct_use,True
mccd_salvage,赵孟頫,楷,秀,G:\GitHub\DiT\MCCD\MCCD\MCCD-Calligrapher\calligrapher_dataset\赵孟𫖯\秀-楷-元-赵孟𫖯-62942.png,180,225,False,0.3456,0.0,clean,none,direct_use,True
mccd_salvage,赵孟頫,楷,秀,G:\GitHub\DiT\MCCD\MCCD\MCCD-Calligrapher\calligrapher_dataset\赵孟𫖯\秀-楷-宋-赵孟𫖯-62941.png,181,236,False,0.439,0.0,clean,none,direct_use,True
mccd_salvage,赵孟頫,行,秉,G:\GitHub\DiT\MCCD\MCCD\MCCD-Calligrapher\calligrapher_dataset\赵孟𫖯\秉-行-元-赵孟𫖯-63147.png,172,291,False,0.3486,0.0004,clean,none,direct_use,True
mccd_salvage,赵孟頫,隶,秉,G:\GitHub\DiT\MCCD\MCCD\MCCD-Calligrapher\calligrapher_dataset\赵孟𫖯\秉-隶-元-赵孟𫖯-63122.png,245,220,False,0.3964,0.0,clean,none,direct_use,True
mccd_salvage,赵孟頫,行,秋,G:\GitHub\DiT\MCCD\MCCD\MCCD-Calligrapher\calligrapher_dataset\赵孟𫖯\秋-行-元-赵孟𫖯-63288.png,236,208,False,0.3868,0.0,clean,none,direct_use,True
mccd_salvage,赵孟頫,行,秋,G:\GitHub\DiT\MCCD\MCCD\MCCD-Calligrapher\calligrapher_dataset\赵孟𫖯\秋-行-元-赵孟𫖯-63289.png,191,158,False,0.387,0.0,clean,none,direct_use,True
mccd_salvage,赵孟頫,楷,秦,G:\GitHub\DiT\MCCD\MCCD\MCCD-Calligrapher\calligrapher_dataset\赵孟𫖯\秦-楷-元-赵孟𫖯-63604.png,202,211,False,0.2944,0.0,clean,none,direct_use,True
mccd_salvage,赵孟頫,隶,秦,G:\GitHub\DiT\MCCD\MCCD\MCCD-Calligrapher\calligrapher_dataset\赵孟𫖯\秦-隶-元-赵孟𫖯-63580.png,265,226,False,0.4154,0.0,clean,none,direct_use,True
mccd_salvage,赵孟頫,行,秪,G:\GitHub\DiT\MCCD\MCCD\MCCD-Calligrapher\calligrapher_dataset\赵孟𫖯\秪-行-元-赵孟𫖯-63690.png,254,220,False,0.3627,0.0,clean,none,direct_use,True
mccd_salvage,赵孟頫,楷,程,G:\GitHub\DiT\MCCD\MCCD\MCCD-Calligrapher\calligrapher_dataset\赵孟𫖯\程-楷-元-赵孟𫖯-63946.png,278,291,False,0.4364,0.0,clean,none,direct_use,True
mccd_salvage,赵孟頫,行,稚,G:\GitHub\DiT\MCCD\MCCD\MCCD-Calligrapher\calligrapher_dataset\赵孟𫖯\稚-行-元-赵孟𫖯-64099.png,257,259,False,0.3833,0.0004,clean,none,direct_use,True
mccd_salvage,赵孟頫,楷,稠,G:\GitHub\DiT\MCCD\MCCD\MCCD-Calligrapher\calligrapher_dataset\赵孟𫖯\稠-楷-元-赵孟𫖯-64157.png,226,183,False,0.3205,0.0,clean,none,direct_use,True
mccd_salvage,赵孟頫,隶,稱,G:\GitHub\DiT\MCCD\MCCD\MCCD-Calligrapher\calligrapher_dataset\赵孟𫖯\稱-隶-元-赵孟𫖯-64293.png,282,197,False,0.4219,0.0,clean,none,direct_use,True
mccd_salvage,赵孟頫,楷,稼,G:\GitHub\DiT\MCCD\MCCD\MCCD-Calligrapher\calligrapher_dataset\赵孟𫖯\稼-楷-元-赵孟𫖯-64484.png,246,183,False,0.3279,0.0,clean,none,direct_use,True
mccd_salvage,赵孟頫,隶,稼,G:\GitHub\DiT\MCCD\MCCD\MCCD-Calligrapher\calligrapher_dataset\赵孟𫖯\稼-隶-元-赵孟𫖯-64478.png,270,222,False,0.3538,0.0,clean,none,direct_use,True
mccd_salvage,赵孟頫,楷,稽,G:\GitHub\DiT\MCCD\MCCD\MCCD-Calligrapher\calligrapher_dataset\赵孟𫖯\稽-楷-元-赵孟𫖯-64537.png,230,209,False,0.4049,0.0,clean,none,direct_use,True
mccd_salvage,赵孟頫,行,稽,G:\GitHub\DiT\MCCD\MCCD\MCCD-Calligrapher\calligrapher_dataset\赵孟𫖯\稽-行-元-赵孟𫖯-64549.png,217,230,False,0.2435,0.0021,clean,none,direct_use,True
mccd_salvage,赵孟頫,隶,稾,G:\GitHub\DiT\MCCD\MCCD\MCCD-Calligrapher\calligrapher_dataset\赵孟𫖯\稾-隶-元-赵孟𫖯-64587.png,270,300,False,0.401,0.0,clean,none,direct_use,True
mccd_salvage,赵孟頫,楷,積,G:\GitHub\DiT\MCCD\MCCD\MCCD-Calligrapher\calligrapher_dataset\赵孟𫖯\積-楷-元-赵孟𫖯-64808.png,242,219,False,0.3299,0.0,clean,none,direct_use,True
mccd_salvage,赵孟頫,隶,積,G:\GitHub\DiT\MCCD\MCCD\MCCD-Calligrapher\calligrapher_dataset\赵孟𫖯\積-隶-元-赵孟𫖯-64793.png,254,230,False,0.4599,0.0,clean,none,direct_use,True
mccd_salvage,赵孟頫,楷,穠,G:\GitHub\DiT\MCCD\MCCD\MCCD-Calligrapher\calligrapher_dataset\赵孟𫖯\穠-楷-元-赵孟𫖯-64950.png,177,206,False,0.3959,0.0014,clean,none,direct_use,True
mccd_salvage,赵孟頫,行,穠,G:\GitHub\DiT\MCCD\MCCD\MCCD-Calligrapher\calligrapher_dataset\赵孟𫖯\穠-行-元-赵孟𫖯-64951.png,237,247,False,0.4605,0.0,clean,none,direct_use,True
mccd_salvage,赵孟頫,楷,穡,G:\GitHub\DiT\MCCD\MCCD\MCCD-Calligrapher\calligrapher_dataset\赵孟𫖯\穡-楷-元-赵孟𫖯-64965.png,248,195,False,0.4408,0.0,clean,none,direct_use,True
mccd_salvage,赵孟頫,行,穡,G:\GitHub\DiT\MCCD\MCCD\MCCD-Calligrapher\calligrapher_dataset\赵孟𫖯\穡-行-元-赵孟𫖯-64972.png,262,221,False,0.372,0.0,clean,none,direct_use,True
mccd_salvage,赵孟頫,隶,穡,G:\GitHub\DiT\MCCD\MCCD\MCCD-Calligrapher\calligrapher_dataset\赵孟𫖯\穡-隶-元-赵孟𫖯-64960.png,277,184,False,0.4567,0.0,clean,none,direct_use,True
mccd_salvage,赵孟頫,楷,穢,G:\GitHub\DiT\MCCD\MCCD\MCCD-Calligrapher\calligrapher_dataset\赵孟𫖯\穢-楷-元-赵孟𫖯-64995.png,201,176,False,0.3074,0.0,clean,none,direct_use,True
mccd_salvage,赵孟頫,楷,穰,G:\GitHub\DiT\MCCD\MCCD\MCCD-Calligrapher\calligrapher_dataset\赵孟𫖯\穰-楷-元-赵孟𫖯-65071.png,239,229,False,0.357,0.0,clean,none,direct_use,True
mccd_salvage,赵孟頫,楷,究,G:\GitHub\DiT\MCCD\MCCD\MCCD-Calligrapher\calligrapher_dataset\赵孟𫖯\究-楷-元-赵孟𫖯-65142.png,219,219,False,0.3698,0.0,clean,none,direct_use,True
mccd_salvage,赵孟頫,行,空,G:\GitHub\DiT\MCCD\MCCD\MCCD-Calligrapher\calligrapher_dataset\赵孟𫖯\空-行-元-赵孟𫖯-65270.png,207,202,False,0.3066,0.0,clean,none,direct_use,True
mccd_salvage,赵孟頫,行,空,G:\GitHub\DiT\MCCD\MCCD\MCCD-Calligrapher\calligrapher_dataset\赵孟𫖯\空-行-元-赵孟𫖯-65272.png,199,220,False,0.2981,0.0,clean,none,direct_use,True
mccd_salvage,赵孟頫,行,空,G:\GitHub\DiT\MCCD\MCCD\MCCD-Calligrapher\calligrapher_dataset\赵孟𫖯\空-行-元-赵孟𫖯-65275.png,204,239,False,0.2864,0.0,clean,none,direct_use,True
mccd_salvage,赵孟頫,隶,空,G:\GitHub\DiT\MCCD\MCCD\MCCD-Calligrapher\calligrapher_dataset\赵孟𫖯\空-隶-元-赵孟𫖯-65225.png,277,256,False,0.4853,0.0,clean,none,direct_use,True
mccd_salvage,赵孟頫,楷,突,G:\GitHub\DiT\MCCD\MCCD\MCCD-Calligrapher\calligrapher_dataset\赵孟𫖯\突-楷-元-赵孟𫖯-65395.png,216,235,False,0.2438,0.0017,clean,none,direct_use,True
mccd_salvage,赵孟頫,楷,窓,G:\GitHub\DiT\MCCD\MCCD\MCCD-Calligrapher\calligrapher_dataset\赵孟𫖯\窓-楷-元-赵孟𫖯-65502.png,203,214,False,0.3131,0.0023,clean,none,direct_use,True
mccd_salvage,赵孟頫,行,窺,G:\GitHub\DiT\MCCD\MCCD\MCCD-Calligrapher\calligrapher_dataset\赵孟𫖯\窺-行-元-赵孟𫖯-65786.png,251,326,False,0.3601,0.0001,clean,none,direct_use,True
mccd_salvage,赵孟頫,楷,竄,G:\GitHub\DiT\MCCD\MCCD\MCCD-Calligrapher\calligrapher_dataset\赵孟𫖯\竄-楷-元-赵孟𫖯-65849.png,218,295,False,0.2666,0.0,clean,none,direct_use,True
mccd_salvage,赵孟頫,楷,立,G:\GitHub\DiT\MCCD\MCCD\MCCD-Calligrapher\calligrapher_dataset\赵孟𫖯\立-楷-元-赵孟𫖯-66163.png,232,178,False,0.2702,0.0,clean,none,direct_use,True
mccd_salvage,赵孟頫,行,立,G:\GitHub\DiT\MCCD\MCCD\MCCD-Calligrapher\calligrapher_dataset\赵孟𫖯\立-行-元-赵孟𫖯-66176.png,185,248,False,0.2948,0.0,clean,none,direct_use,True
mccd_salvage,赵孟頫,隶,立,G:\GitHub\DiT\MCCD\MCCD\MCCD-Calligrapher\calligrapher_dataset\赵孟𫖯\立-隶-元-赵孟𫖯-66129.png,283,176,False,0.3099,0.0,clean,none,direct_use,True
mccd_salvage,赵孟頫,隶,笑,G:\GitHub\DiT\MCCD\MCCD\MCCD-Calligrapher\calligrapher_dataset\赵孟𫖯\笑-隶-元-赵孟𫖯-67126.png,266,232,False,0.3219,0.0,clean,none,direct_use,True
mccd_salvage,赵孟頫,隶,笙,G:\GitHub\DiT\MCCD\MCCD\MCCD-Calligrapher\calligrapher_dataset\赵孟𫖯\笙-隶-元-赵孟𫖯-67166.png,286,232,False,0.3301,0.0,clean,none,direct_use,True
mccd_salvage,赵孟頫,楷,筆,G:\GitHub\DiT\MCCD\MCCD\MCCD-Calligrapher\calligrapher_dataset\赵孟𫖯\筆-楷-元-赵孟𫖯-67501.png,156,278,False,0.2568,0.0,clean,none,direct_use,True
mccd_salvage,赵孟頫,隶,等,G:\GitHub\DiT\MCCD\MCCD\MCCD-Calligrapher\calligrapher_dataset\赵孟𫖯\等-隶-元-赵孟𫖯-67575.png,252,225,False,0.3776,0.0,clean,none,direct_use,True
mccd_salvage,赵孟頫,隶,筍,G:\GitHub\DiT\MCCD\MCCD\MCCD-Calligrapher\calligrapher_dataset\赵孟𫖯\筍-隶-元-赵孟𫖯-67704.png,250,225,False,0.5221,0.0,clean,none,direct_use,True
mccd_salvage,赵孟頫,隶,答,G:\GitHub\DiT\MCCD\MCCD\MCCD-Calligrapher\calligrapher_dataset\赵孟𫖯\答-隶-元-赵孟𫖯-67769.png,275,214,False,0.3691,0.0,clean,none,direct_use,True
mccd_salvage,赵孟頫,行,策,G:\GitHub\DiT\MCCD\MCCD\MCCD-Calligrapher\calligrapher_dataset\赵孟𫖯\策-行-元-赵孟𫖯-67824.png,171,212,False,0.3339,0.0,clean,none,direct_use,True
mccd_salvage,赵孟頫,隶,策,G:\GitHub\DiT\MCCD\MCCD\MCCD-Calligrapher\calligrapher_dataset\赵孟𫖯\策-隶-元-赵孟𫖯-67806.png,255,242,False,0.4055,0.0007,clean,none,direct_use,True
mccd_salvage,赵孟頫,隶,筵,G:\GitHub\DiT\MCCD\MCCD\MCCD-Calligrapher\calligrapher_dataset\赵孟𫖯\筵-隶-元-赵孟𫖯-68007.png,249,248,False,0.3021,0.0,clean,none,direct_use,True
mccd_salvage,赵孟頫,行,箠,G:\GitHub\DiT\MCCD\MCCD\MCCD-Calligrapher\calligrapher_dataset\赵孟𫖯\箠-行-元-赵孟𫖯-68213.png,211,310,False,0.4443,0.0,clean,none,direct_use,True
mccd_salvage,赵孟頫,楷,範,G:\GitHub\DiT\MCCD\MCCD\MCCD-Calligrapher\calligrapher_dataset\赵孟𫖯\範-楷-元-赵孟𫖯-68571.png,187,166,False,0.2826,0.0,clean,none,direct_use,True
mccd_salvage,赵孟頫,行,築,G:\GitHub\DiT\MCCD\MCCD\MCCD-Calligrapher\calligrapher_dataset\赵孟𫖯\築-行-元-赵孟𫖯-68678.png,194,249,False,0.3612,0.0012,clean,none,direct_use,True
mccd_salvage,赵孟頫,楷,篹,G:\GitHub\DiT\MCCD\MCCD\MCCD-Calligrapher\calligrapher_dataset\赵孟𫖯\篹-楷-元-赵孟𫖯-68927.png,215,282,False,0.285,0.0,clean,none,direct_use,True
mccd_salvage,赵孟頫,楷,籌,G:\GitHub\DiT\MCCD\MCCD\MCCD-Calligrapher\calligrapher_dataset\赵孟𫖯\籌-楷-元-赵孟𫖯-69402.png,168,218,False,0.3229,0.0,clean,none,direct_use,True
mccd_salvage,赵孟頫,楷,籍,G:\GitHub\DiT\MCCD\MCCD\MCCD-Calligrapher\calligrapher_dataset\赵孟𫖯\籍-楷-元-赵孟𫖯-69435.png,205,249,False,0.3238,0.0043,clean,none,direct_use,True
mccd_salvage,赵孟頫,行,米,G:\GitHub\DiT\MCCD\MCCD\MCCD-Calligrapher\calligrapher_dataset\赵孟𫖯\米-行-元-赵孟𫖯-69690.png,166,207,False,0.3165,0.0,clean,none,direct_use,True
mccd_salvage,赵孟頫,楷,粗,G:\GitHub\DiT\MCCD\MCCD\MCCD-Calligrapher\calligrapher_dataset\赵孟𫖯\粗-楷-元-赵孟𫖯-69795.png,275,250,False,0.4042,0.0,clean,none,direct_use,True
mccd_salvage,赵孟頫,楷,粮,G:\GitHub\DiT\MCCD\MCCD\MCCD-Calligrapher\calligrapher_dataset\赵孟𫖯\粮-楷-元-赵孟𫖯-69949.png,254,191,False,0.4245,0.0,clean,none,direct_use,True
mccd_salvage,赵孟頫,楷,精,G:\GitHub\DiT\MCCD\MCCD\MCCD-Calligrapher\calligrapher_dataset\赵孟𫖯\精-楷-元-赵孟𫖯-70167.png,241,232,False,0.3448,0.0,clean,none,direct_use,True
mccd_salvage,赵孟頫,楷,精,G:\GitHub\DiT\MCCD\MCCD\MCCD-Calligrapher\calligrapher_dataset\赵孟𫖯\精-楷-元-赵孟𫖯-70168.png,223,250,False,0.418,0.0,clean,none,direct_use,True
mccd_salvage,赵孟頫,行,精,G:\GitHub\DiT\MCCD\MCCD\MCCD-Calligrapher\calligrapher_dataset\赵孟𫖯\精-行-元-赵孟𫖯-70179.png,208,226,False,0.4086,0.0,clean,none,direct_use,True
mccd_salvage,赵孟頫,楷,糟,G:\GitHub\DiT\MCCD\MCCD\MCCD-Calligrapher\calligrapher_dataset\赵孟𫖯\糟-楷-元-赵孟𫖯-70353.png,236,225,False,0.4635,0.0,clean,none,direct_use,True
mccd_salvage,赵孟頫,隶,糟,G:\GitHub\DiT\MCCD\MCCD\MCCD-Calligrapher\calligrapher_dataset\赵孟𫖯\糟-隶-元-赵孟𫖯-70348.png,276,194,False,0.4539,0.0,clean,none,direct_use,True
mccd_salvage,赵孟頫,行,糠,G:\GitHub\DiT\MCCD\MCCD\MCCD-Calligrapher\calligrapher_dataset\赵孟𫖯\糠-行-元-赵孟𫖯-70382.png,249,232,False,0.3927,0.0,clean,none,direct_use,True
mccd_salvage,赵孟頫,隶,糧,G:\GitHub\DiT\MCCD\MCCD\MCCD-Calligrapher\calligrapher_dataset\赵孟𫖯\糧-隶-元-赵孟𫖯-70420.png,253,180,False,0.4849,0.0,clean,none,direct_use,True
mccd_salvage,赵孟頫,隶,約,G:\GitHub\DiT\MCCD\MCCD\MCCD-Calligrapher\calligrapher_dataset\赵孟𫖯\約-隶-元-赵孟𫖯-70679.png,269,213,False,0.3797,0.0,clean,none,direct_use,True
mccd_salvage,赵孟頫,楷,紉,G:\GitHub\DiT\MCCD\MCCD\MCCD-Calligrapher\calligrapher_dataset\赵孟𫖯\紉-楷-元-赵孟𫖯-70815.png,198,224,False,0.3566,0.0,clean,none,direct_use,True
mccd_salvage,赵孟頫,隶,納,G:\GitHub\DiT\MCCD\MCCD\MCCD-Calligrapher\calligrapher_dataset\赵孟𫖯\納-隶-元-赵孟𫖯-70847.png,281,233,False,0.311,0.0,clean,none,direct_use,True
mccd_salvage,赵孟頫,楷,紙,G:\GitHub\DiT\MCCD\MCCD\MCCD-Calligrapher\calligrapher_dataset\赵孟𫖯\紙-楷-元-赵孟𫖯-71073.png,226,192,False,0.3302,0.0,clean,none,direct_use,True
mccd_salvage,赵孟頫,隶,紙,G:\GitHub\DiT\MCCD\MCCD\MCCD-Calligrapher\calligrapher_dataset\赵孟𫖯\紙-隶-元-赵孟𫖯-71064.png,275,175,False,0.3242,0.0,clean,none,direct_use,True
mccd_salvage,赵孟頫,楷,紛,G:\GitHub\DiT\MCCD\MCCD\MCCD-Calligrapher\calligrapher_dataset\赵孟𫖯\紛-楷-元-赵孟𫖯-71153.png,195,141,False,0.3402,0.0,clean,none,direct_use,True
mccd_salvage,赵孟頫,隶,紡,G:\GitHub\DiT\MCCD\MCCD\MCCD-Calligrapher\calligrapher_dataset\赵孟𫖯\紡-隶-元-赵孟𫖯-71315.png,275,186,False,0.3415,0.0,clean,none,direct_use,True
mccd_salvage,赵孟頫,楷,索,G:\GitHub\DiT\MCCD\MCCD\MCCD-Calligrapher\calligrapher_dataset\赵孟𫖯\索-楷-元-赵孟𫖯-71395.png,227,300,False,0.3752,0.0,clean,none,direct_use,True
mccd_salvage,赵孟頫,隶,索,G:\GitHub\DiT\MCCD\MCCD\MCCD-Calligrapher\calligrapher_dataset\赵孟𫖯\索-隶-元-赵孟𫖯-71387.png,254,249,False,0.3845,0.0,clean,none,direct_use,True
mccd_salvage,赵孟頫,隶,紫,G:\GitHub\DiT\MCCD\MCCD\MCCD-Calligrapher\calligrapher_dataset\赵孟𫖯\紫-隶-元-赵孟𫖯-71588.png,257,248,False,0.3784,0.0,clean,none,direct_use,True
mccd_salvage,赵孟頫,行,終,G:\GitHub\DiT\MCCD\MCCD\MCCD-Calligrapher\calligrapher_dataset\赵孟𫖯\終-行-元-赵孟𫖯-71966.png,244,234,False,0.3544,0.0,clean,none,direct_use,True
mccd_salvage,赵孟頫,隶,終,G:\GitHub\DiT\MCCD\MCCD\MCCD-Calligrapher\calligrapher_dataset\赵孟𫖯\終-隶-元-赵孟𫖯-71920.png,236,243,False,0.3758,0.0,clean,none,direct_use,True
mccd_salvage,赵孟頫,隶,組,G:\GitHub\DiT\MCCD\MCCD\MCCD-Calligrapher\calligrapher_dataset\赵孟𫖯\組-隶-元-赵孟𫖯-72077.png,266,190,False,0.37,0.0,clean,none,direct_use,True
mccd_salvage,赵孟頫,行,給,G:\GitHub\DiT\MCCD\MCCD\MCCD-Calligrapher\calligrapher_dataset\赵孟𫖯\給-行-元-赵孟𫖯-72478.png,241,161,False,0.3869,0.0,clean,none,direct_use,True
mccd_salvage,赵孟頫,楷,絲,G:\GitHub\DiT\MCCD\MCCD\MCCD-Calligrapher\calligrapher_dataset\赵孟𫖯\絲-楷-元-赵孟𫖯-72684.png,250,239,False,0.4875,0.0,clean,none,direct_use,True
mccd_salvage,赵孟頫,隶,絲,G:\GitHub\DiT\MCCD\MCCD\MCCD-Calligrapher\calligrapher_dataset\赵孟𫖯\絲-隶-元-赵孟𫖯-72678.png,278,239,False,0.3316,0.0,clean,none,direct_use,True
mccd_salvage,赵孟頫,隶,綏,G:\GitHub\DiT\MCCD\MCCD\MCCD-Calligrapher\calligrapher_dataset\赵孟𫖯\綏-隶-元-赵孟𫖯-72997.png,263,196,False,0.3543,0.0002,clean,none,direct_use,True
mccd_salvage,赵孟頫,行,經,G:\GitHub\DiT\MCCD\MCCD\MCCD-Calligrapher\calligrapher_dataset\赵孟𫖯\經-行-元-赵孟𫖯-73134.png,232,198,False,0.4345,0.0,clean,none,direct_use,True
mccd_salvage,赵孟頫,隶,經,G:\GitHub\DiT\MCCD\MCCD\MCCD-Calligrapher\calligrapher_dataset\赵孟𫖯\經-隶-元-赵孟𫖯-73082.png,262,195,False,0.3692,0.0,clean,none,direct_use,True
mccd_salvage,赵孟頫,楷,綠,G:\GitHub\DiT\MCCD\MCCD\MCCD-Calligrapher\calligrapher_dataset\赵孟𫖯\綠-楷-元-赵孟𫖯-73244.png,225,242,False,0.3105,0.0,clean,none,direct_use,True
mccd_salvage,赵孟頫,行,網,G:\GitHub\DiT\MCCD\MCCD\MCCD-Calligrapher\calligrapher_dataset\赵孟𫖯\網-行-元-赵孟𫖯-73456.png,235,198,False,0.4181,0.0,clean,none,direct_use,True
mccd_salvage,赵孟頫,隶,綵,G:\GitHub\DiT\MCCD\MCCD\MCCD-Calligrapher\calligrapher_dataset\赵孟𫖯\綵-隶-元-赵孟𫖯-73513.png,289,220,False,0.349,0.0,clean,none,direct_use,True
mccd_salvage,赵孟頫,隶,綺,G:\GitHub\DiT\MCCD\MCCD\MCCD-Calligrapher\calligrapher_dataset\赵孟𫖯\綺-隶-元-赵孟𫖯-73564.png,285,210,False,0.3813,0.0,clean,none,direct_use,True
mccd_salvage,赵孟頫,楷,緑,G:\GitHub\DiT\MCCD\MCCD\MCCD-Calligrapher\calligrapher_dataset\赵孟𫖯\緑-楷-元-赵孟𫖯-73806.png,225,242,False,0.3105,0.0,clean,none,direct_use,True
mccd_salvage,赵孟頫,楷,緝,G:\GitHub\DiT\MCCD\MCCD\MCCD-Calligrapher\calligrapher_dataset\赵孟𫖯\緝-楷-元-赵孟𫖯-73940.png,206,258,False,0.2822,0.0,clean,none,direct_use,True
mccd_salvage,赵孟頫,隶,緣,G:\GitHub\DiT\MCCD\MCCD\MCCD-Calligrapher\calligrapher_dataset\赵孟𫖯\緣-隶-元-赵孟𫖯-73997.png,275,271,False,0.3738,0.0,clean,none,direct_use,True
mccd_salvage,赵孟頫,楷,練,G:\GitHub\DiT\MCCD\MCCD\MCCD-Calligrapher\calligrapher_dataset\赵孟𫖯\練-楷-元-赵孟𫖯-74183.png,232,216,False,0.2872,0.0,clean,none,direct_use,True
mccd_salvage,赵孟頫,隶,縁,G:\GitHub\DiT\MCCD\MCCD\MCCD-Calligrapher\calligrapher_dataset\赵孟𫖯\縁-隶-元-赵孟𫖯-74287.png,275,271,False,0.3738,0.0,clean,none,direct_use,True
mccd_salvage,赵孟頫,隶,縣,G:\GitHub\DiT\MCCD\MCCD\MCCD-Calligrapher\calligrapher_dataset\赵孟𫖯\縣-隶-元-赵孟𫖯-74653.png,266,208,False,0.4154,0.0,clean,none,direct_use,True
mccd_salvage,赵孟頫,行,縱,G:\GitHub\DiT\MCCD\MCCD\MCCD-Calligrapher\calligrapher_dataset\赵孟𫖯\縱-行-元-赵孟𫖯-74813.png,217,186,False,0.4917,0.0,clean,none,direct_use,True
mccd_salvage,赵孟頫,行,縻,G:\GitHub\DiT\MCCD\MCCD\MCCD-Calligrapher\calligrapher_dataset\赵孟𫖯\縻-行-元-赵孟𫖯-74928.png,170,219,False,0.3621,0.0001,clean,none,direct_use,True
mccd_salvage,赵孟頫,隶,縻,G:\GitHub\DiT\MCCD\MCCD\MCCD-Calligrapher\calligrapher_dataset\赵孟𫖯\縻-隶-元-赵孟𫖯-74921.png,228,230,False,0.3507,0.0,clean,none,direct_use,True
mccd_salvage,赵孟頫,隶,績,G:\GitHub\DiT\MCCD\MCCD\MCCD-Calligrapher\calligrapher_dataset\赵孟𫖯\績-隶-元-赵孟𫖯-74987.png,261,227,False,0.4275,0.0,clean,none,direct_use,True
mccd_salvage,赵孟頫,楷,繆,G:\GitHub\DiT\MCCD\MCCD\MCCD-Calligrapher\calligrapher_dataset\赵孟𫖯\繆-楷-元-赵孟𫖯-75104.png,263,216,False,0.2974,0.0,clean,none,direct_use,True
mccd_salvage,赵孟頫,楷,繋,G:\GitHub\DiT\MCCD\MCCD\MCCD-Calligrapher\calligrapher_dataset\赵孟𫖯\繋-楷-元-赵孟𫖯-75173.png,216,262,False,0.3277,0.0,clean,none,direct_use,True
mccd_salvage,赵孟頫,行,繋,G:\GitHub\DiT\MCCD\MCCD\MCCD-Calligrapher\calligrapher_dataset\赵孟𫖯\繋-行-元-赵孟𫖯-75178.png,216,270,False,0.4037,0.0003,clean,none,direct_use,True
mccd_salvage,赵孟頫,楷,繡,G:\GitHub\DiT\MCCD\MCCD\MCCD-Calligrapher\calligrapher_dataset\赵孟𫖯\繡-楷-元-赵孟𫖯-75380.png,202,196,False,0.376,0.0003,clean,none,direct_use,True
mccd_salvage,赵孟頫,楷,繰,G:\GitHub\DiT\MCCD\MCCD\MCCD-Calligrapher\calligrapher_dataset\赵孟𫖯\繰-楷-元-赵孟𫖯-75531.png,236,207,False,0.3528,0.0,clean,none,direct_use,True
mccd_salvage,赵孟頫,隶,續,G:\GitHub\DiT\MCCD\MCCD\MCCD-Calligrapher\calligrapher_dataset\赵孟𫖯\續-隶-元-赵孟𫖯-75730.png,268,256,False,0.476,0.0,clean,none,direct_use,True
mccd_salvage,赵孟頫,隶,纓,G:\GitHub\DiT\MCCD\MCCD\MCCD-Calligrapher\calligrapher_dataset\赵孟𫖯\纓-隶-元-赵孟𫖯-75818.png,267,168,False,0.4258,0.0,clean,none,direct_use,True
mccd_salvage,赵孟頫,楷,罔,G:\GitHub\DiT\MCCD\MCCD\MCCD-Calligrapher\calligrapher_dataset\赵孟𫖯\罔-楷-元-赵孟𫖯-76218.png,208,161,False,0.4812,0.0,clean,none,direct_use,True
mccd_salvage,赵孟頫,楷,罪,G:\GitHub\DiT\MCCD\MCCD\MCCD-Calligrapher\calligrapher_dataset\赵孟𫖯\罪-楷-元-赵孟𫖯-76436.png,236,195,False,0.4018,0.0,clean,none,direct_use,True
mccd_salvage,赵孟頫,隶,罪,G:\GitHub\DiT\MCCD\MCCD\MCCD-Calligrapher\calligrapher_dataset\赵孟𫖯\罪-隶-元-赵孟𫖯-76421.png,279,198,False,0.4747,0.0,clean,none,direct_use,True
mccd_salvage,赵孟頫,楷,罰,G:\GitHub\DiT\MCCD\MCCD\MCCD-Calligrapher\calligrapher_dataset\赵孟𫖯\罰-楷-元-赵孟𫖯-76593.png,247,280,False,0.3347,0.0,clean,none,direct_use,True
mccd_salvage,赵孟頫,楷,罷,G:\GitHub\DiT\MCCD\MCCD\MCCD-Calligrapher\calligrapher_dataset\赵孟𫖯\罷-楷-元-赵孟𫖯-76687.png,175,169,False,0.3886,0.0,clean,none,direct_use,True
mccd_salvage,赵孟頫,楷,罷,G:\GitHub\DiT\MCCD\MCCD\MCCD-Calligrapher\calligrapher_dataset\赵孟𫖯\罷-楷-元-赵孟𫖯-76688.png,197,204,False,0.5059,0.0,clean,none,direct_use,True
mccd_salvage,赵孟頫,楷,羅,G:\GitHub\DiT\MCCD\MCCD\MCCD-Calligrapher\calligrapher_dataset\赵孟𫖯\羅-楷-元-赵孟𫖯-76806.png,205,239,False,0.3223,0.0,clean,none,direct_use,True
mccd_salvage,赵孟頫,隶,羅,G:\GitHub\DiT\MCCD\MCCD\MCCD-Calligrapher\calligrapher_dataset\赵孟𫖯\羅-隶-元-赵孟𫖯-76794.png,281,270,False,0.4363,0.0,clean,none,direct_use,True
mccd_salvage,赵孟頫,行,羊,G:\GitHub\DiT\MCCD\MCCD\MCCD-Calligrapher\calligrapher_dataset\赵孟𫖯\羊-行-元-赵孟𫖯-76995.png,165,248,False,0.3024,0.0,clean,none,direct_use,True
mccd_salvage,赵孟頫,隶,羊,G:\GitHub\DiT\MCCD\MCCD\MCCD-Calligrapher\calligrapher_dataset\赵孟𫖯\羊-隶-元-赵孟𫖯-76975.png,273,229,False,0.2851,0.0,clean,none,direct_use,True
mccd_salvage,赵孟頫,隶,羌,G:\GitHub\DiT\MCCD\MCCD\MCCD-Calligrapher\calligrapher_dataset\赵孟𫖯\羌-隶-元-赵孟𫖯-77071.png,257,251,False,0.3338,0.0,clean,none,direct_use,True
mccd_salvage,赵孟頫,楷,美,G:\GitHub\DiT\MCCD\MCCD\MCCD-Calligrapher\calligrapher_dataset\赵孟𫖯\美-楷-元-赵孟𫖯-77175.png,175,191,False,0.2952,0.0,clean,none,direct_use,True
mccd_salvage,赵孟頫,隶,美,G:\GitHub\DiT\MCCD\MCCD\MCCD-Calligrapher\calligrapher_dataset\赵孟𫖯\美-隶-元-赵孟𫖯-77143.png,259,290,False,0.3568,0.0,clean,none,direct_use,True
mccd_salvage,赵孟頫,行,羔,G:\GitHub\DiT\MCCD\MCCD\MCCD-Calligrapher\calligrapher_dataset\赵孟𫖯\羔-行-元-赵孟𫖯-77274.png,251,254,False,0.2951,0.0,clean,none,direct_use,True
mccd_salvage,赵孟頫,行,羣,G:\GitHub\DiT\MCCD\MCCD\MCCD-Calligrapher\calligrapher_dataset\赵孟𫖯\羣-行-元-赵孟𫖯-77545.png,193,216,False,0.4147,0.0,clean,none,direct_use,True
mccd_salvage,赵孟頫,隶,羣,G:\GitHub\DiT\MCCD\MCCD\MCCD-Calligrapher\calligrapher_dataset\赵孟𫖯\羣-隶-元-赵孟𫖯-77516.png,252,252,False,0.4284,0.0,clean,none,direct_use,True
mccd_salvage,赵孟頫,楷,群,G:\GitHub\DiT\MCCD\MCCD\MCCD-Calligrapher\calligrapher_dataset\赵孟𫖯\群-楷-元-赵孟𫖯-77587.png,208,181,False,0.2322,0.0,clean,none,direct_use,True
mccd_salvage,赵孟頫,楷,義,G:\GitHub\DiT\MCCD\MCCD\MCCD-Calligrapher\calligrapher_dataset\赵孟𫖯\義-楷-元-赵孟𫖯-77818.png,228,296,False,0.2613,0.0,clean,none,direct_use,True
mccd_salvage,赵孟頫,行,義,G:\GitHub\DiT\MCCD\MCCD\MCCD-Calligrapher\calligrapher_dataset\赵孟𫖯\義-行-元-赵孟𫖯-77826.png,167,265,False,0.3477,0.0,clean,none,direct_use,True
mccd_salvage,赵孟頫,隶,義,G:\GitHub\DiT\MCCD\MCCD\MCCD-Calligrapher\calligrapher_dataset\赵孟𫖯\義-隶-元-赵孟𫖯-77774.png,272,331,False,0.3335,0.0,clean,none,direct_use,True
mccd_salvage,赵孟頫,行,羽,G:\GitHub\DiT\MCCD\MCCD\MCCD-Calligrapher\calligrapher_dataset\赵孟𫖯\羽-行-元-赵孟𫖯-78156.png,259,198,False,0.5433,0.0001,clean,none,direct_use,True
mccd_salvage,赵孟頫,楷,翁,G:\GitHub\DiT\MCCD\MCCD\MCCD-Calligrapher\calligrapher_dataset\赵孟𫖯\翁-楷-元-赵孟𫖯-78211.png,185,235,False,0.433,0.0,clean,none,direct_use,True
mccd_salvage,赵孟頫,行,習,G:\GitHub\DiT\MCCD\MCCD\MCCD-Calligrapher\calligrapher_dataset\赵孟𫖯\習-行-元-赵孟𫖯-78445.png,254,219,False,0.461,0.0,clean,none,direct_use,True
mccd_salvage,赵孟頫,楷,翔,G:\GitHub\DiT\MCCD\MCCD\MCCD-Calligrapher\calligrapher_dataset\赵孟𫖯\翔-楷-元-赵孟𫖯-78495.png,198,185,False,0.345,0.0,clean,none,direct_use,True
mccd_salvage,赵孟頫,行,翔,G:\GitHub\DiT\MCCD\MCCD\MCCD-Calligrapher\calligrapher_dataset\赵孟𫖯\翔-行-元-赵孟𫖯-78507.png,198,234,False,0.3688,0.0,clean,none,direct_use,True
mccd_salvage,赵孟頫,行,翔,G:\GitHub\DiT\MCCD\MCCD\MCCD-Calligrapher\calligrapher_dataset\赵孟𫖯\翔-行-元-赵孟𫖯-78508.png,253,215,False,0.4173,0.0011,clean,none,direct_use,True
mccd_salvage,赵孟頫,隶,翔,G:\GitHub\DiT\MCCD\MCCD\MCCD-Calligrapher\calligrapher_dataset\赵孟𫖯\翔-隶-元-赵孟𫖯-78480.png,275,204,False,0.4783,0.0,clean,none,direct_use,True
mccd_salvage,赵孟頫,楷,翕,G:\GitHub\DiT\MCCD\MCCD\MCCD-Calligrapher\calligrapher_dataset\赵孟𫖯\翕-楷-元-赵孟𫖯-78528.png,226,190,False,0.2486,0.0006,clean,none,direct_use,True
mccd_salvage,赵孟頫,楷,翠,G:\GitHub\DiT\MCCD\MCCD\MCCD-Calligrapher\calligrapher_dataset\赵孟𫖯\翠-楷-元-赵孟𫖯-78610.png,182,211,False,0.216,0.0,clean,none,direct_use,True
mccd_salvage,赵孟頫,隶,翠,G:\GitHub\DiT\MCCD\MCCD\MCCD-Calligrapher\calligrapher_dataset\赵孟𫖯\翠-隶-元-赵孟𫖯-78602.png,267,263,False,0.3934,0.0,clean,none,direct_use,True
mccd_salvage,赵孟頫,行,翫,G:\GitHub\DiT\MCCD\MCCD\MCCD-Calligrapher\calligrapher_dataset\赵孟𫖯\翫-行-元-赵孟𫖯-78758.png,212,150,False,0.4446,0.0,clean,none,direct_use,True
mccd_salvage,赵孟頫,行,翫,G:\GitHub\DiT\MCCD\MCCD\MCCD-Calligrapher\calligrapher_dataset\赵孟𫖯\翫-行-元-赵孟𫖯-78759.png,238,170,False,0.4199,0.0009,clean,none,direct_use,True
mccd_salvage,赵孟頫,隶,翫,G:\GitHub\DiT\MCCD\MCCD\MCCD-Calligrapher\calligrapher_dataset\赵孟𫖯\翫-隶-元-赵孟𫖯-78746.png,258,185,False,0.5328,0.0,clean,none,direct_use,True
mccd_salvage,赵孟頫,楷,翳,G:\GitHub\DiT\MCCD\MCCD\MCCD-Calligrapher\calligrapher_dataset\赵孟𫖯\翳-楷-元-赵孟𫖯-78882.png,211,216,False,0.3308,0.0,clean,none,direct_use,True
mccd_salvage,赵孟頫,隶,翳,G:\GitHub\DiT\MCCD\MCCD\MCCD-Calligrapher\calligrapher_dataset\赵孟𫖯\翳-隶-元-赵孟𫖯-78872.png,246,230,False,0.5168,0.0,clean,none,direct_use,True
mccd_salvage,赵孟頫,行,翹,G:\GitHub\DiT\MCCD\MCCD\MCCD-Calligrapher\calligrapher_dataset\赵孟𫖯\翹-行-元-赵孟𫖯-78930.png,213,217,False,0.3335,0.0,clean,none,direct_use,True
mccd_salvage,赵孟頫,楷,翼,G:\GitHub\DiT\MCCD\MCCD\MCCD-Calligrapher\calligrapher_dataset\赵孟𫖯\翼-楷-元-赵孟𫖯-79055.png,228,231,False,0.3797,0.0,clean,none,direct_use,True
mccd_salvage,赵孟頫,楷,老,G:\GitHub\DiT\MCCD\MCCD\MCCD-Calligrapher\calligrapher_dataset\赵孟𫖯\老-楷-元-赵孟𫖯-79228.png,192,208,False,0.3215,0.0,clean,none,direct_use,True
mccd_salvage,赵孟頫,行,老,G:\GitHub\DiT\MCCD\MCCD\MCCD-Calligrapher\calligrapher_dataset\赵孟𫖯\老-行-元-赵孟𫖯-79260.png,227,203,False,0.4063,0.0,clean,none,direct_use,True
mccd_salvage,赵孟頫,行,老,G:\GitHub\DiT\MCCD\MCCD\MCCD-Calligrapher\calligrapher_dataset\赵孟𫖯\老-行-元-赵孟𫖯-79262.png,203,230,False,0.4289,0.0,clean,none,direct_use,True
mccd_salvage,赵孟頫,隶,老,G:\GitHub\DiT\MCCD\MCCD\MCCD-Calligrapher\calligrapher_dataset\赵孟𫖯\老-隶-元-赵孟𫖯-79199.png,263,186,False,0.4041,0.0,clean,none,direct_use,True
mccd_salvage,赵孟頫,楷,者,G:\GitHub\DiT\MCCD\MCCD\MCCD-Calligrapher\calligrapher_dataset\赵孟𫖯\者-楷-元-赵孟𫖯-80160.png,190,174,False,0.2803,0.0,clean,none,direct_use,True
mccd_salvage,赵孟頫,行,者,G:\GitHub\DiT\MCCD\MCCD\MCCD-Calligrapher\calligrapher_dataset\赵孟𫖯\者-行-元-赵孟𫖯-80202.png,191,242,False,0.4156,0.0,clean,none,direct_use,True
mccd_salvage,赵孟頫,行,者,G:\GitHub\DiT\MCCD\MCCD\MCCD-Calligrapher\calligrapher_dataset\赵孟𫖯\者-行-元-赵孟𫖯-80204.png,206,220,False,0.4261,0.0,clean,none,direct_use,True
mccd_salvage,赵孟頫,楷,耳,G:\GitHub\DiT\MCCD\MCCD\MCCD-Calligrapher\calligrapher_dataset\赵孟𫖯\耳-楷-元-赵孟𫖯-81253.png,228,208,False,0.2883,0.0,clean,none,direct_use,True
mccd_salvage,赵孟頫,行,耶,G:\GitHub\DiT\MCCD\MCCD\MCCD-Calligrapher\calligrapher_dataset\赵孟𫖯\耶-行-元-赵孟𫖯-81322.png,197,267,False,0.3697,0.0006,clean,none,direct_use,True
mccd_salvage,赵孟頫,行,耽,G:\GitHub\DiT\MCCD\MCCD\MCCD-Calligrapher\calligrapher_dataset\赵孟𫖯\耽-行-元-赵孟𫖯-81382.png,247,243,False,0.4628,0.0003,clean,none,direct_use,True
mccd_salvage,赵孟頫,楷,聚,G:\GitHub\DiT\MCCD\MCCD\MCCD-Calligrapher\calligrapher_dataset\赵孟𫖯\聚-楷-元-赵孟𫖯-81823.png,192,204,False,0.3577,0.0,clean,none,direct_use,True
mccd_salvage,赵孟頫,隶,聞,G:\GitHub\DiT\MCCD\MCCD\MCCD-Calligrapher\calligrapher_dataset\赵孟𫖯\聞-隶-元-赵孟𫖯-81906.png,264,223,False,0.5372,0.0,clean,none,direct_use,True
mccd_salvage,赵孟頫,行,聲,G:\GitHub\DiT\MCCD\MCCD\MCCD-Calligrapher\calligrapher_dataset\赵孟𫖯\聲-行-元-赵孟𫖯-82126.png,177,283,False,0.3534,0.0,clean,none,direct_use,True
mccd_salvage,赵孟頫,隶,聲,G:\GitHub\DiT\MCCD\MCCD\MCCD-Calligrapher\calligrapher_dataset\赵孟𫖯\聲-隶-元-赵孟𫖯-82079.png,278,221,False,0.399,0.0,clean,none,direct_use,True
mccd_salvage,赵孟頫,楷,職,G:\GitHub\DiT\MCCD\MCCD\MCCD-Calligrapher\calligrapher_dataset\赵孟𫖯\職-楷-元-赵孟𫖯-82263.png,198,202,False,0.3094,0.0,clean,none,direct_use,True
mccd_salvage,赵孟頫,楷,聽,G:\GitHub\DiT\MCCD\MCCD\MCCD-Calligrapher\calligrapher_dataset\赵孟𫖯\聽-楷-元-赵孟𫖯-82346.png,178,187,False,0.313,0.0,clean,none,direct_use,True
mccd_salvage,赵孟頫,隶,聽,G:\GitHub\DiT\MCCD\MCCD\MCCD-Calligrapher\calligrapher_dataset\赵孟𫖯\聽-隶-元-赵孟𫖯-82332.png,270,233,False,0.4432,0.0,clean,none,direct_use,True
mccd_salvage,赵孟頫,楷,肅,G:\GitHub\DiT\MCCD\MCCD\MCCD-Calligrapher\calligrapher_dataset\赵孟𫖯\肅-楷-元-赵孟𫖯-82496.png,244,284,False,0.4554,0.0,clean,none,direct_use,True
mccd_salvage,赵孟頫,楷,肆,G:\GitHub\DiT\MCCD\MCCD\MCCD-Calligrapher\calligrapher_dataset\赵孟𫖯\肆-楷-元-赵孟𫖯-82543.png,241,243,False,0.2788,0.0,clean,none,direct_use,True
mccd_salvage,赵孟頫,行,肖,G:\GitHub\DiT\MCCD\MCCD\MCCD-Calligrapher\calligrapher_dataset\赵孟𫖯\肖-行-元-赵孟𫖯-82775.png,245,258,False,0.5048,0.0,clean,none,direct_use,True
mccd_salvage,赵孟頫,楷,肥,G:\GitHub\DiT\MCCD\MCCD\MCCD-Calligrapher\calligrapher_dataset\赵孟𫖯\肥-楷-元-赵孟𫖯-82928.png,256,153,False,0.3196,0.0,clean,none,direct_use,True
mccd_salvage,赵孟頫,楷,肩,G:\GitHub\DiT\MCCD\MCCD\MCCD-Calligrapher\calligrapher_dataset\赵孟𫖯\肩-楷-元-赵孟𫖯-83005.png,162,232,False,0.3002,0.0,clean,none,direct_use,True
mccd_salvage,赵孟頫,隶,育,G:\GitHub\DiT\MCCD\MCCD\MCCD-Calligrapher\calligrapher_dataset\赵孟𫖯\育-隶-元-赵孟𫖯-83138.png,257,226,False,0.3368,0.0,clean,none,direct_use,True
mccd_salvage,赵孟頫,隶,背,G:\GitHub\DiT\MCCD\MCCD\MCCD-Calligrapher\calligrapher_dataset\赵孟𫖯\背-隶-元-赵孟𫖯-83430.png,288,255,False,0.3412,0.0,clean,none,direct_use,True
mccd_salvage,赵孟頫,楷,胡,G:\GitHub\DiT\MCCD\MCCD\MCCD-Calligrapher\calligrapher_dataset\赵孟𫖯\胡-楷-元-赵孟𫖯-83613.png,234,231,False,0.4587,0.0,clean,none,direct_use,True
mccd_salvage,赵孟頫,行,能,G:\GitHub\DiT\MCCD\MCCD\MCCD-Calligrapher\calligrapher_dataset\赵孟𫖯\能-行-元-赵孟𫖯-84016.png,263,276,False,0.4067,0.0,clean,none,direct_use,True
mccd_salvage,赵孟頫,行,能,G:\GitHub\DiT\MCCD\MCCD\MCCD-Calligrapher\calligrapher_dataset\赵孟𫖯\能-行-元-赵孟𫖯-84018.png,194,181,False,0.4072,0.0,clean,none,direct_use,True
mccd_salvage,赵孟頫,行,脚,G:\GitHub\DiT\MCCD\MCCD\MCCD-Calligrapher\calligrapher_dataset\赵孟𫖯\脚-行-元-赵孟𫖯-84225.png,225,256,False,0.2977,0.0,clean,none,direct_use,True
mccd_salvage,赵孟頫,隶,脩,G:\GitHub\DiT\MCCD\MCCD\MCCD-Calligrapher\calligrapher_dataset\赵孟𫖯\脩-隶-元-赵孟𫖯-84356.png,264,199,False,0.3695,0.0,clean,none,direct_use,True
mccd_salvage,赵孟頫,楷,脱,G:\GitHub\DiT\MCCD\MCCD\MCCD-Calligrapher\calligrapher_dataset\赵孟𫖯\脱-楷-元-赵孟𫖯-84537.png,243,193,False,0.2854,0.0,clean,none,direct_use,True
mccd_salvage,赵孟頫,楷,腸,G:\GitHub\DiT\MCCD\MCCD\MCCD-Calligrapher\calligrapher_dataset\赵孟𫖯\腸-楷-元-赵孟𫖯-84897.png,235,229,False,0.4037,0.0,clean,none,direct_use,True
mccd_salvage,赵孟頫,楷,膚,G:\GitHub\DiT\MCCD\MCCD\MCCD-Calligrapher\calligrapher_dataset\赵孟𫖯\膚-楷-元-赵孟𫖯-85148.png,172,246,False,0.2814,0.0,clean,none,direct_use,True
mccd_salvage,赵孟頫,楷,膳,G:\GitHub\DiT\MCCD\MCCD\MCCD-Calligrapher\calligrapher_dataset\赵孟𫖯\膳-楷-元-赵孟𫖯-85307.png,232,213,False,0.4384,0.0,clean,none,direct_use,True
mccd_salvage,赵孟頫,隶,臣,G:\GitHub\DiT\MCCD\MCCD\MCCD-Calligrapher\calligrapher_dataset\赵孟𫖯\臣-隶-元-赵孟𫖯-85874.png,267,189,False,0.4542,0.0,clean,none,direct_use,True
mccd_salvage,赵孟頫,楷,臧,G:\GitHub\DiT\MCCD\MCCD\MCCD-Calligrapher\calligrapher_dataset\赵孟𫖯\臧-楷-元-赵孟𫖯-86086.png,252,237,False,0.289,0.0,clean,none,direct_use,True
mccd_salvage,赵孟頫,楷,臨,G:\GitHub\DiT\MCCD\MCCD\MCCD-Calligrapher\calligrapher_dataset\赵孟𫖯\臨-楷-元-赵孟𫖯-86187.png,253,191,False,0.3655,0.0,clean,none,direct_use,True
mccd_salvage,赵孟頫,行,臨,G:\GitHub\DiT\MCCD\MCCD\MCCD-Calligrapher\calligrapher_dataset\赵孟𫖯\臨-行-元-赵孟𫖯-86202.png,229,218,False,0.4885,0.0,clean,none,direct_use,True
mccd_salvage,赵孟頫,楷,致,G:\GitHub\DiT\MCCD\MCCD\MCCD-Calligrapher\calligrapher_dataset\赵孟𫖯\致-楷-元-赵孟𫖯-87102.png,258,238,False,0.2998,0.0,clean,none,direct_use,True
mccd_salvage,赵孟頫,隶,致,G:\GitHub\DiT\MCCD\MCCD\MCCD-Calligrapher\calligrapher_dataset\赵孟𫖯\致-隶-元-赵孟𫖯-87081.png,267,164,False,0.3551,0.0,clean,none,direct_use,True
mccd_salvage,赵孟頫,行,臺,G:\GitHub\DiT\MCCD\MCCD\MCCD-Calligrapher\calligrapher_dataset\赵孟𫖯\臺-行-元-赵孟𫖯-87208.png,183,248,False,0.3068,0.0,clean,none,direct_use,True
mccd_salvage,赵孟頫,行,興,G:\GitHub\DiT\MCCD\MCCD\MCCD-Calligrapher\calligrapher_dataset\赵孟𫖯\興-行-元-赵孟𫖯-87853.png,242,186,False,0.4152,0.0007,clean,none,direct_use,True
mccd_salvage,赵孟頫,隶,興,G:\GitHub\DiT\MCCD\MCCD\MCCD-Calligrapher\calligrapher_dataset\赵孟𫖯\興-隶-元-赵孟𫖯-87808.png,284,180,False,0.4093,0.0009,clean,none,direct_use,True
mccd_salvage,赵孟頫,楷,舉,G:\GitHub\DiT\MCCD\MCCD\MCCD-Calligrapher\calligrapher_dataset\赵孟𫖯\舉-楷-元-赵孟𫖯-87960.png,221,232,False,0.2645,0.0,clean,none,direct_use,True
mccd_salvage,赵孟頫,行,舉,G:\GitHub\DiT\MCCD\MCCD\MCCD-Calligrapher\calligrapher_dataset\赵孟𫖯\舉-行-元-赵孟𫖯-87972.png,223,302,False,0.3063,0.0,clean,none,direct_use,True
mccd_salvage,赵孟頫,隶,舉,G:\GitHub\DiT\MCCD\MCCD\MCCD-Calligrapher\calligrapher_dataset\赵孟𫖯\舉-隶-元-赵孟𫖯-87925.png,271,239,False,0.3679,0.0,clean,none,direct_use,True
mccd_salvage,赵孟頫,楷,舍,G:\GitHub\DiT\MCCD\MCCD\MCCD-Calligrapher\calligrapher_dataset\赵孟𫖯\舍-楷-元-赵孟𫖯-88267.png,236,175,False,0.2631,0.0,clean,none,direct_use,True
mccd_salvage,赵孟頫,行,舍,G:\GitHub\DiT\MCCD\MCCD\MCCD-Calligrapher\calligrapher_dataset\赵孟𫖯\舍-行-元-赵孟𫖯-88276.png,204,238,False,0.2951,0.0,clean,none,direct_use,True
mccd_salvage,赵孟頫,隶,舍,G:\GitHub\DiT\MCCD\MCCD\MCCD-Calligrapher\calligrapher_dataset\赵孟𫖯\舍-隶-元-赵孟𫖯-88246.png,270,226,False,0.344,0.0,clean,none,direct_use,True
mccd_salvage,赵孟頫,楷,舒,G:\GitHub\DiT\MCCD\MCCD\MCCD-Calligrapher\calligrapher_dataset\赵孟𫖯\舒-楷-元-赵孟𫖯-88336.png,220,171,False,0.205,0.0,clean,none,direct_use,True
mccd_salvage,赵孟頫,楷,舟,G:\GitHub\DiT\MCCD\MCCD\MCCD-Calligrapher\calligrapher_dataset\赵孟𫖯\舟-楷-元-赵孟𫖯-88524.png,264,220,False,0.2342,0.0,clean,none,direct_use,True
mccd_salvage,赵孟頫,楷,良,G:\GitHub\DiT\MCCD\MCCD\MCCD-Calligrapher\calligrapher_dataset\赵孟𫖯\良-楷-元-赵孟𫖯-89070.png,250,259,False,0.3484,0.0,clean,none,direct_use,True
mccd_salvage,赵孟頫,隶,良,G:\GitHub\DiT\MCCD\MCCD\MCCD-Calligrapher\calligrapher_dataset\赵孟𫖯\良-隶-元-赵孟𫖯-89040.png,209,221,False,0.4187,0.0,clean,none,direct_use,True
mccd_salvage,赵孟頫,行,艱,G:\GitHub\DiT\MCCD\MCCD\MCCD-Calligrapher\calligrapher_dataset\赵孟𫖯\艱-行-元-赵孟𫖯-89114.png,222,230,False,0.4501,0.0,clean,none,direct_use,True
mccd_salvage,赵孟頫,楷,色,G:\GitHub\DiT\MCCD\MCCD\MCCD-Calligrapher\calligrapher_dataset\赵孟𫖯\色-楷-元-赵孟𫖯-89184.png,227,218,False,0.2693,0.0,clean,none,direct_use,True
mccd_salvage,赵孟頫,隶,芥,G:\GitHub\DiT\MCCD\MCCD\MCCD-Calligrapher\calligrapher_dataset\赵孟𫖯\芥-隶-元-赵孟𫖯-89554.png,259,218,False,0.2944,0.0,clean,none,direct_use,True
mccd_salvage,赵孟頫,楷,芬,G:\GitHub\DiT\MCCD\MCCD\MCCD-Calligrapher\calligrapher_dataset\赵孟𫖯\芬-楷-元-赵孟𫖯-89609.png,184,204,False,0.2053,0.0,clean,none,direct_use,True
mccd_salvage,赵孟頫,楷,芰,G:\GitHub\DiT\MCCD\MCCD\MCCD-Calligrapher\calligrapher_dataset\赵孟𫖯\芰-楷-元-赵孟𫖯-89635.png,179,190,False,0.2128,0.0,clean,none,direct_use,True
mccd_salvage,赵孟頫,隶,若,G:\GitHub\DiT\MCCD\MCCD\MCCD-Calligrapher\calligrapher_dataset\赵孟𫖯\若-隶-元-赵孟𫖯-90329.png,287,217,False,0.4242,0.0,clean,none,direct_use,True
mccd_salvage,赵孟頫,隶,英,G:\GitHub\DiT\MCCD\MCCD\MCCD-Calligrapher\calligrapher_dataset\赵孟𫖯\英-隶-元-赵孟𫖯-90532.png,250,184,False,0.3553,0.0,clean,none,direct_use,True
mccd_salvage,赵孟頫,楷,苴,G:\GitHub\DiT\MCCD\MCCD\MCCD-Calligrapher\calligrapher_dataset\赵孟𫖯\苴-楷-元-赵孟𫖯-90594.png,252,246,False,0.248,0.0,clean,none,direct_use,True
mccd_salvage,赵孟頫,楷,茂,G:\GitHub\DiT\MCCD\MCCD\MCCD-Calligrapher\calligrapher_dataset\赵孟𫖯\茂-楷-元-赵孟𫖯-90737.png,170,213,False,0.2916,0.0,clean,none,direct_use,True
mccd_salvage,赵孟頫,隶,茂,G:\GitHub\DiT\MCCD\MCCD\MCCD-Calligrapher\calligrapher_dataset\赵孟𫖯\茂-隶-元-赵孟𫖯-90727.png,244,222,False,0.3241,0.0,clean,none,direct_use,True
mccd_salvage,赵孟頫,行,茗,G:\GitHub\DiT\MCCD\MCCD\MCCD-Calligrapher\calligrapher_dataset\赵孟𫖯\茗-行-元-赵孟𫖯-90943.png,173,201,False,0.2542,0.0,clean,none,direct_use,True
mccd_salvage,赵孟頫,楷,茹,G:\GitHub\DiT\MCCD\MCCD\MCCD-Calligrapher\calligrapher_dataset\赵孟𫖯\茹-楷-元-赵孟𫖯-91157.png,219,213,False,0.2778,0.0,clean,none,direct_use,True
mccd_salvage,赵孟頫,行,荒,G:\GitHub\DiT\MCCD\MCCD\MCCD-Calligrapher\calligrapher_dataset\赵孟𫖯\荒-行-元-赵孟𫖯-91462.png,179,231,False,0.257,0.0,clean,none,direct_use,True
mccd_salvage,赵孟頫,行,荘,G:\GitHub\DiT\MCCD\MCCD\MCCD-Calligrapher\calligrapher_dataset\赵孟𫖯\荘-行-元-赵孟𫖯-91529.png,203,274,False,0.48,0.0,clean,none,direct_use,True
mccd_salvage,赵孟頫,行,荘,G:\GitHub\DiT\MCCD\MCCD\MCCD-Calligrapher\calligrapher_dataset\赵孟𫖯\荘-行-元-赵孟𫖯-91530.png,228,248,False,0.3173,0.0,clean,none,direct_use,True
mccd_salvage,赵孟頫,隶,荷,G:\GitHub\DiT\MCCD\MCCD\MCCD-Calligrapher\calligrapher_dataset\赵孟𫖯\荷-隶-元-赵孟𫖯-91572.png,260,216,False,0.3507,0.0,clean,none,direct_use,True
mccd_salvage,赵孟頫,楷,荼,G:\GitHub\DiT\MCCD\MCCD\MCCD-Calligrapher\calligrapher_dataset\赵孟𫖯\荼-楷-元-赵孟𫖯-91639.png,254,269,False,0.2713,0.0012,clean,none,direct_use,True
mccd_salvage,赵孟頫,隶,莊,G:\GitHub\DiT\MCCD\MCCD\MCCD-Calligrapher\calligrapher_dataset\赵孟𫖯\莊-隶-元-赵孟𫖯-91718.png,264,214,False,0.3683,0.0,clean,none,direct_use,True
mccd_salvage,赵孟頫,隶,莽,G:\GitHub\DiT\MCCD\MCCD\MCCD-Calligrapher\calligrapher_dataset\赵孟𫖯\莽-隶-元-赵孟𫖯-92150.png,271,251,False,0.3594,0.0,clean,none,direct_use,True
mccd_salvage,赵孟頫,楷,菩,G:\GitHub\DiT\MCCD\MCCD\MCCD-Calligrapher\calligrapher_dataset\赵孟𫖯\菩-楷-元-赵孟𫖯-92470.png,229,237,False,0.244,0.0,clean,none,direct_use,True
mccd_salvage,赵孟頫,行,華,G:\GitHub\DiT\MCCD\MCCD\MCCD-Calligrapher\calligrapher_dataset\赵孟𫖯\華-行-元-赵孟𫖯-92606.png,221,269,False,0.2882,0.0,clean,none,direct_use,True
mccd_salvage,赵孟頫,隶,華,G:\GitHub\DiT\MCCD\MCCD\MCCD-Calligrapher\calligrapher_dataset\赵孟𫖯\華-隶-元-赵孟𫖯-92547.png,261,226,False,0.3438,0.0,clean,none,direct_use,True
mccd_salvage,赵孟頫,楷,菴,G:\GitHub\DiT\MCCD\MCCD\MCCD-Calligrapher\calligrapher_dataset\赵孟𫖯\菴-楷-元-赵孟𫖯-92688.png,212,211,False,0.2897,0.0,clean,none,direct_use,True
mccd_salvage,赵孟頫,行,萊,G:\GitHub\DiT\MCCD\MCCD\MCCD-Calligrapher\calligrapher_dataset\赵孟𫖯\萊-行-元-赵孟𫖯-92837.png,208,346,False,0.4917,0.0001,clean,none,direct_use,True
mccd_salvage,赵孟頫,楷,萬,G:\GitHub\DiT\MCCD\MCCD\MCCD-Calligrapher\calligrapher_dataset\赵孟𫖯\萬-楷-元-赵孟𫖯-93258.png,244,282,False,0.3906,0.0,clean,none,direct_use,True
mccd_salvage,赵孟頫,行,萬,G:\GitHub\DiT\MCCD\MCCD\MCCD-Calligrapher\calligrapher_dataset\赵孟𫖯\萬-行-元-赵孟𫖯-93276.png,156,224,False,0.3218,0.0,clean,none,direct_use,True
mccd_salvage,赵孟頫,隶,萬,G:\GitHub\DiT\MCCD\MCCD\MCCD-Calligrapher\calligrapher_dataset\赵孟𫖯\萬-隶-元-赵孟𫖯-93210.png,261,255,False,0.5128,0.0,clean,none,direct_use,True
mccd_salvage,赵孟頫,行,葉,G:\GitHub\DiT\MCCD\MCCD\MCCD-Calligrapher\calligrapher_dataset\赵孟𫖯\葉-行-宋-赵孟𫖯-93537.png,208,236,False,0.3641,0.0,clean,none,direct_use,True
mccd_salvage,赵孟頫,楷,葭,G:\GitHub\DiT\MCCD\MCCD\MCCD-Calligrapher\calligrapher_dataset\赵孟𫖯\葭-楷-元-赵孟𫖯-93900.png,231,218,False,0.2163,0.0,clean,none,direct_use,True
mccd_salvage,赵孟頫,隶,葴,G:\GitHub\DiT\MCCD\MCCD\MCCD-Calligrapher\calligrapher_dataset\赵孟𫖯\葴-隶-元-赵孟𫖯-93934.png,255,252,False,0.3704,0.0,clean,none,direct_use,True
mccd_salvage,赵孟頫,楷,蒸,G:\GitHub\DiT\MCCD\MCCD\MCCD-Calligrapher\calligrapher_dataset\赵孟𫖯\蒸-楷-元-赵孟𫖯-94311.png,201,200,False,0.3077,0.0,clean,none,direct_use,True
mccd_salvage,赵孟頫,楷,蒿,G:\GitHub\DiT\MCCD\MCCD\MCCD-Calligrapher\calligrapher_dataset\赵孟𫖯\蒿-楷-元-赵孟𫖯-94420.png,209,271,False,0.2697,0.0,clean,none,direct_use,True
mccd_salvage,赵孟頫,楷,蓼,G:\GitHub\DiT\MCCD\MCCD\MCCD-Calligrapher\calligrapher_dataset\赵孟𫖯\蓼-楷-元-赵孟𫖯-94755.png,223,210,False,0.2599,0.0,clean,none,direct_use,True
mccd_salvage,赵孟頫,楷,蕣,G:\GitHub\DiT\MCCD\MCCD\MCCD-Calligrapher\calligrapher_dataset\赵孟𫖯\蕣-楷-元-赵孟𫖯-95398.png,165,237,False,0.2791,0.0009,clean,none,direct_use,True
mccd_salvage,赵孟頫,楷,蕩,G:\GitHub\DiT\MCCD\MCCD\MCCD-Calligrapher\calligrapher_dataset\赵孟𫖯\蕩-楷-元-赵孟𫖯-95443.png,210,304,False,0.32,0.0,clean,none,direct_use,True
mccd_salvage,赵孟頫,行,蕪,G:\GitHub\DiT\MCCD\MCCD\MCCD-Calligrapher\calligrapher_dataset\赵孟𫖯\蕪-行-元-赵孟𫖯-95478.png,210,188,False,0.3501,0.0,clean,none,direct_use,True
mccd_salvage,赵孟頫,隶,薪,G:\GitHub\DiT\MCCD\MCCD\MCCD-Calligrapher\calligrapher_dataset\赵孟𫖯\薪-隶-元-赵孟𫖯-96006.png,261,218,False,0.3841,0.0,clean,none,direct_use,True
mccd_salvage,赵孟頫,楷,薫,G:\GitHub\DiT\MCCD\MCCD\MCCD-Calligrapher\calligrapher_dataset\赵孟𫖯\薫-楷-元-赵孟𫖯-96033.png,261,317,False,0.2973,0.0001,clean,none,direct_use,True
mccd_salvage,赵孟頫,楷,薰,G:\GitHub\DiT\MCCD\MCCD\MCCD-Calligrapher\calligrapher_dataset\赵孟𫖯\薰-楷-元-赵孟𫖯-96052.png,261,317,False,0.2973,0.0001,clean,none,direct_use,True
mccd_salvage,赵孟頫,隶,藏,G:\GitHub\DiT\MCCD\MCCD\MCCD-Calligrapher\calligrapher_dataset\赵孟𫖯\藏-隶-元-赵孟𫖯-96282.png,254,222,False,0.4377,0.0,clean,none,direct_use,True
mccd_salvage,赵孟頫,楷,藴,G:\GitHub\DiT\MCCD\MCCD\MCCD-Calligrapher\calligrapher_dataset\赵孟𫖯\藴-楷-元-赵孟𫖯-96589.png,181,229,False,0.3247,0.0,clean,none,direct_use,True
mccd_salvage,赵孟頫,楷,藻,G:\GitHub\DiT\MCCD\MCCD\MCCD-Calligrapher\calligrapher_dataset\赵孟𫖯\藻-楷-元-赵孟𫖯-96647.png,193,255,False,0.2766,0.0,clean,none,direct_use,True
mccd_salvage,赵孟頫,楷,蘭,G:\GitHub\DiT\MCCD\MCCD\MCCD-Calligrapher\calligrapher_dataset\赵孟𫖯\蘭-楷-元-赵孟𫖯-96965.png,162,233,False,0.3915,0.0,clean,none,direct_use,True
mccd_salvage,赵孟頫,行,蘭,G:\GitHub\DiT\MCCD\MCCD\MCCD-Calligrapher\calligrapher_dataset\赵孟𫖯\蘭-行-元-赵孟𫖯-96984.png,183,298,False,0.3929,0.0,clean,none,direct_use,True
mccd_salvage,赵孟頫,楷,虎,G:\GitHub\DiT\MCCD\MCCD\MCCD-Calligrapher\calligrapher_dataset\赵孟𫖯\虎-楷-元-赵孟𫖯-97260.png,182,241,False,0.2795,0.0,clean,none,direct_use,True
mccd_salvage,赵孟頫,行,處,G:\GitHub\DiT\MCCD\MCCD\MCCD-Calligrapher\calligrapher_dataset\赵孟𫖯\處-行-元-赵孟𫖯-97490.png,219,236,False,0.4473,0.0,clean,none,direct_use,True
mccd_salvage,赵孟頫,行,處,G:\GitHub\DiT\MCCD\MCCD\MCCD-Calligrapher\calligrapher_dataset\赵孟𫖯\處-行-元-赵孟𫖯-97491.png,190,208,False,0.3555,0.0,clean,none,direct_use,True
mccd_salvage,赵孟頫,隶,虖,G:\GitHub\DiT\MCCD\MCCD\MCCD-Calligrapher\calligrapher_dataset\赵孟𫖯\虖-隶-元-赵孟𫖯-97611.png,201,223,False,0.2941,0.0,clean,none,direct_use,True
mccd_salvage,赵孟頫,行,虚,G:\GitHub\DiT\MCCD\MCCD\MCCD-Calligrapher\calligrapher_dataset\赵孟𫖯\虚-行-元-赵孟𫖯-97724.png,233,268,False,0.3802,0.0,clean,none,direct_use,True
mccd_salvage,赵孟頫,隶,虚,G:\GitHub\DiT\MCCD\MCCD\MCCD-Calligrapher\calligrapher_dataset\赵孟𫖯\虚-隶-元-赵孟𫖯-97688.png,229,222,False,0.4487,0.0,clean,none,direct_use,True
mccd_salvage,赵孟頫,行,虛,G:\GitHub\DiT\MCCD\MCCD\MCCD-Calligrapher\calligrapher_dataset\赵孟𫖯\虛-行-元-赵孟𫖯-97830.png,233,268,False,0.3802,0.0,clean,none,direct_use,True
mccd_salvage,赵孟頫,隶,虛,G:\GitHub\DiT\MCCD\MCCD\MCCD-Calligrapher\calligrapher_dataset\赵孟𫖯\虛-隶-元-赵孟𫖯-97794.png,229,222,False,0.4487,0.0,clean,none,direct_use,True
mccd_salvage,赵孟頫,楷,虜,G:\GitHub\DiT\MCCD\MCCD\MCCD-Calligrapher\calligrapher_dataset\赵孟𫖯\虜-楷-元-赵孟𫖯-97872.png,156,169,False,0.2522,0.0,clean,none,direct_use,True
mccd_salvage,赵孟頫,行,虞,G:\GitHub\DiT\MCCD\MCCD\MCCD-Calligrapher\calligrapher_dataset\赵孟𫖯\虞-行-元-赵孟𫖯-97926.png,178,206,False,0.3571,0.0,clean,none,direct_use,True
mccd_salvage,赵孟頫,隶,虞,G:\GitHub\DiT\MCCD\MCCD\MCCD-Calligrapher\calligrapher_dataset\赵孟𫖯\虞-隶-元-赵孟𫖯-97904.png,256,304,False,0.4492,0.0003,clean,none,direct_use,True
mccd_salvage,赵孟頫,楷,號,G:\GitHub\DiT\MCCD\MCCD\MCCD-Calligrapher\calligrapher_dataset\赵孟𫖯\號-楷-元-赵孟𫖯-97990.png,257,297,False,0.2586,0.0,clean,none,direct_use,True
mccd_salvage,赵孟頫,行,號,G:\GitHub\DiT\MCCD\MCCD\MCCD-Calligrapher\calligrapher_dataset\赵孟𫖯\號-行-元-赵孟𫖯-97999.png,243,270,False,0.3432,0.0,clean,none,direct_use,True
mccd_salvage,赵孟頫,行,號,G:\GitHub\DiT\MCCD\MCCD\MCCD-Calligrapher\calligrapher_dataset\赵孟𫖯\號-行-元-赵孟𫖯-98000.png,267,313,False,0.4377,0.0,clean,none,direct_use,True
mccd_salvage,赵孟頫,楷,虧,G:\GitHub\DiT\MCCD\MCCD\MCCD-Calligrapher\calligrapher_dataset\赵孟𫖯\虧-楷-元-赵孟𫖯-98155.png,218,209,False,0.395,0.0,clean,none,direct_use,True
mccd_salvage,赵孟頫,楷,蛻,G:\GitHub\DiT\MCCD\MCCD\MCCD-Calligrapher\calligrapher_dataset\赵孟𫖯\蛻-楷-元-赵孟𫖯-98803.png,196,158,False,0.2809,0.0,clean,none,direct_use,True
mccd_salvage,赵孟頫,楷,蜉,G:\GitHub\DiT\MCCD\MCCD\MCCD-Calligrapher\calligrapher_dataset\赵孟𫖯\蜉-楷-元-赵孟𫖯-98939.png,207,191,False,0.2736,0.0,clean,none,direct_use,True
mccd_salvage,赵孟頫,楷,螽,G:\GitHub\DiT\MCCD\MCCD\MCCD-Calligrapher\calligrapher_dataset\赵孟𫖯\螽-楷-元-赵孟𫖯-99732.png,186,197,False,0.2431,0.0,clean,none,direct_use,True
mccd_salvage,赵孟頫,楷,蟋,G:\GitHub\DiT\MCCD\MCCD\MCCD-Calligrapher\calligrapher_dataset\赵孟𫖯\蟋-楷-元-赵孟𫖯-99821.png,278,249,False,0.3181,0.0005,clean,none,direct_use,True
mccd_salvage,赵孟頫,行,蠢,G:\GitHub\DiT\MCCD\MCCD\MCCD-Calligrapher\calligrapher_dataset\赵孟𫖯\蠢-行-元-赵孟𫖯-100265.png,218,256,False,0.3358,0.0,clean,none,direct_use,True
mccd_salvage,赵孟頫,楷,蠲,G:\GitHub\DiT\MCCD\MCCD\MCCD-Calligrapher\calligrapher_dataset\赵孟𫖯\蠲-楷-元-赵孟𫖯-100356.png,199,189,False,0.4502,0.0,clean,none,direct_use,True
mccd_salvage,赵孟頫,楷,蠻,G:\GitHub\DiT\MCCD\MCCD\MCCD-Calligrapher\calligrapher_dataset\赵孟𫖯\蠻-楷-元-赵孟𫖯-100407.png,192,201,False,0.304,0.0,clean,none,direct_use,True
mccd_salvage,赵孟頫,行,血,G:\GitHub\DiT\MCCD\MCCD\MCCD-Calligrapher\calligrapher_dataset\赵孟𫖯\血-行-元-赵孟𫖯-100513.png,239,211,False,0.3897,0.0,clean,none,direct_use,True
mccd_salvage,赵孟頫,楷,衆,G:\GitHub\DiT\MCCD\MCCD\MCCD-Calligrapher\calligrapher_dataset\赵孟𫖯\衆-楷-元-赵孟𫖯-100651.png,195,231,False,0.3777,0.0,clean,none,direct_use,True
mccd_salvage,赵孟頫,楷,衍,G:\GitHub\DiT\MCCD\MCCD\MCCD-Calligrapher\calligrapher_dataset\赵孟𫖯\衍-楷-元-赵孟𫖯-101127.png,258,204,False,0.2351,0.0006,clean,none,direct_use,True
mccd_salvage,赵孟頫,楷,術,G:\GitHub\DiT\MCCD\MCCD\MCCD-Calligrapher\calligrapher_dataset\赵孟𫖯\術-楷-元-赵孟𫖯-101182.png,221,167,False,0.3093,0.0,clean,none,direct_use,True
mccd_salvage,赵孟頫,楷,衢,G:\GitHub\DiT\MCCD\MCCD\MCCD-Calligrapher\calligrapher_dataset\赵孟𫖯\衢-楷-元-赵孟𫖯-101581.png,239,244,False,0.2535,0.0007,clean,none,direct_use,True
mccd_salvage,赵孟頫,楷,衣,G:\GitHub\DiT\MCCD\MCCD\MCCD-Calligrapher\calligrapher_dataset\赵孟𫖯\衣-楷-元-赵孟𫖯-101709.png,266,203,False,0.2405,0.0,clean,none,direct_use,True
mccd_salvage,赵孟頫,楷,表,G:\GitHub\DiT\MCCD\MCCD\MCCD-Calligrapher\calligrapher_dataset\赵孟𫖯\表-楷-元-赵孟𫖯-101829.png,237,237,False,0.29,0.0,clean,none,direct_use,True
mccd_salvage,赵孟頫,行,表,G:\GitHub\DiT\MCCD\MCCD\MCCD-Calligrapher\calligrapher_dataset\赵孟𫖯\表-行-元-赵孟𫖯-101844.png,232,233,False,0.2669,0.0,clean,none,direct_use,True
mccd_salvage,赵孟頫,行,表,G:\GitHub\DiT\MCCD\MCCD\MCCD-Calligrapher\calligrapher_dataset\赵孟𫖯\表-行-元-赵孟𫖯-101847.png,180,281,False,0.4305,0.0,clean,none,direct_use,True
mccd_salvage,赵孟頫,行,表,G:\GitHub\DiT\MCCD\MCCD\MCCD-Calligrapher\calligrapher_dataset\赵孟𫖯\表-行-元-赵孟𫖯-101848.png,199,253,False,0.2999,0.0,clean,none,direct_use,True
mccd_salvage,赵孟頫,楷,衰,G:\GitHub\DiT\MCCD\MCCD\MCCD-Calligrapher\calligrapher_dataset\赵孟𫖯\衰-楷-元-赵孟𫖯-101945.png,204,237,False,0.2338,0.0,clean,none,direct_use,True
mccd_salvage,赵孟頫,楷,袂,G:\GitHub\DiT\MCCD\MCCD\MCCD-Calligrapher\calligrapher_dataset\赵孟𫖯\袂-楷-元-赵孟𫖯-102118.png,245,194,False,0.2572,0.0,clean,none,direct_use,True
mccd_salvage,赵孟頫,行,被,G:\GitHub\DiT\MCCD\MCCD\MCCD-Calligrapher\calligrapher_dataset\赵孟𫖯\被-行-元-赵孟𫖯-102408.png,192,186,False,0.4521,0.0,clean,none,direct_use,True
mccd_salvage,赵孟頫,楷,裂,G:\GitHub\DiT\MCCD\MCCD\MCCD-Calligrapher\calligrapher_dataset\赵孟𫖯\裂-楷-元-赵孟𫖯-102555.png,188,200,False,0.3064,0.0,clean,none,direct_use,True
mccd_salvage,赵孟頫,楷,裳,G:\GitHub\DiT\MCCD\MCCD\MCCD-Calligrapher\calligrapher_dataset\赵孟𫖯\裳-楷-元-赵孟𫖯-102948.png,220,235,False,0.3711,0.0,clean,none,direct_use,True
mccd_salvage,赵孟頫,隶,裳,G:\GitHub\DiT\MCCD\MCCD\MCCD-Calligrapher\calligrapher_dataset\赵孟𫖯\裳-隶-元-赵孟𫖯-102939.png,240,238,False,0.3556,0.0,clean,none,direct_use,True
mccd_salvage,赵孟頫,楷,裴,G:\GitHub\DiT\MCCD\MCCD\MCCD-Calligrapher\calligrapher_dataset\赵孟𫖯\裴-楷-元-赵孟𫖯-102982.png,194,207,False,0.2105,0.0,clean,none,direct_use,True
mccd_salvage,赵孟頫,楷,裹,G:\GitHub\DiT\MCCD\MCCD\MCCD-Calligrapher\calligrapher_dataset\赵孟𫖯\裹-楷-元-赵孟𫖯-103021.png,199,247,False,0.2979,0.0,clean,none,direct_use,True
mccd_salvage,赵孟頫,楷,裾,G:\GitHub\DiT\MCCD\MCCD\MCCD-Calligrapher\calligrapher_dataset\赵孟𫖯\裾-楷-元-赵孟𫖯-103081.png,185,156,False,0.3959,0.0,clean,none,direct_use,True
mccd_salvage,赵孟頫,楷,褒,G:\GitHub\DiT\MCCD\MCCD\MCCD-Calligrapher\calligrapher_dataset\赵孟𫖯\褒-楷-元-赵孟𫖯-103197.png,203,237,False,0.1787,0.0,clean,none,direct_use,True
mccd_salvage,赵孟頫,楷,褚,G:\GitHub\DiT\MCCD\MCCD\MCCD-Calligrapher\calligrapher_dataset\赵孟𫖯\褚-楷-元-赵孟𫖯-103254.png,249,203,False,0.3144,0.0,clean,none,direct_use,True
mccd_salvage,赵孟頫,行,褚,G:\GitHub\DiT\MCCD\MCCD\MCCD-Calligrapher\calligrapher_dataset\赵孟𫖯\褚-行-元-赵孟𫖯-103259.png,258,211,False,0.415,0.0,clean,none,direct_use,True
mccd_salvage,赵孟頫,楷,襟,G:\GitHub\DiT\MCCD\MCCD\MCCD-Calligrapher\calligrapher_dataset\赵孟𫖯\襟-楷-元-赵孟𫖯-103697.png,258,182,False,0.2595,0.0,clean,none,direct_use,True
mccd_salvage,赵孟頫,楷,襲,G:\GitHub\DiT\MCCD\MCCD\MCCD-Calligrapher\calligrapher_dataset\赵孟𫖯\襲-楷-元-赵孟𫖯-103828.png,221,149,False,0.2391,0.0027,clean,none,direct_use,True
mccd_salvage,赵孟頫,楷,覆,G:\GitHub\DiT\MCCD\MCCD\MCCD-Calligrapher\calligrapher_dataset\赵孟𫖯\覆-楷-元-赵孟𫖯-104339.png,185,226,False,0.3194,0.0003,clean,none,direct_use,True
mccd_salvage,赵孟頫,行,覆,G:\GitHub\DiT\MCCD\MCCD\MCCD-Calligrapher\calligrapher_dataset\赵孟𫖯\覆-行-元-赵孟𫖯-104351.png,190,261,False,0.3833,0.0,clean,none,direct_use,True
mccd_salvage,赵孟頫,隶,覆,G:\GitHub\DiT\MCCD\MCCD\MCCD-Calligrapher\calligrapher_dataset\赵孟𫖯\覆-隶-元-赵孟𫖯-104328.png,282,304,False,0.4149,0.0,clean,none,direct_use,True
mccd_salvage,赵孟頫,楷,見,G:\GitHub\DiT\MCCD\MCCD\MCCD-Calligrapher\calligrapher_dataset\赵孟𫖯\見-楷-元-赵孟𫖯-104645.png,204,226,False,0.4104,0.0,clean,none,direct_use,True
mccd_salvage,赵孟頫,楷,視,G:\GitHub\DiT\MCCD\MCCD\MCCD-Calligrapher\calligrapher_dataset\赵孟𫖯\視-楷-元-赵孟𫖯-104853.png,234,158,False,0.3829,0.0,clean,none,direct_use,True
mccd_salvage,赵孟頫,行,覩,G:\GitHub\DiT\MCCD\MCCD\MCCD-Calligrapher\calligrapher_dataset\赵孟𫖯\覩-行-元-赵孟𫖯-104973.png,238,194,False,0.3,0.0,clean,none,direct_use,True
mccd_salvage,赵孟頫,楷,親,G:\GitHub\DiT\MCCD\MCCD\MCCD-Calligrapher\calligrapher_dataset\赵孟𫖯\親-楷-元-赵孟𫖯-105040.png,235,199,False,0.3652,0.0,clean,none,direct_use,True
mccd_salvage,赵孟頫,行,覺,G:\GitHub\DiT\MCCD\MCCD\MCCD-Calligrapher\calligrapher_dataset\赵孟𫖯\覺-行-元-赵孟𫖯-105178.png,165,268,False,0.4096,0.0,clean,none,direct_use,True
mccd_salvage,赵孟頫,楷,觀,G:\GitHub\DiT\MCCD\MCCD\MCCD-Calligrapher\calligrapher_dataset\赵孟𫖯\觀-楷-元-赵孟𫖯-105304.png,242,201,False,0.2955,0.0,clean,none,direct_use,True
mccd_salvage,赵孟頫,楷,觴,G:\GitHub\DiT\MCCD\MCCD\MCCD-Calligrapher\calligrapher_dataset\赵孟𫖯\觴-楷-元-赵孟𫖯-105739.png,226,258,False,0.4769,0.0,clean,none,direct_use,True
mccd_salvage,赵孟頫,楷,言,G:\GitHub\DiT\MCCD\MCCD\MCCD-Calligrapher\calligrapher_dataset\赵孟𫖯\言-楷-元-赵孟𫖯-106169.png,245,224,False,0.2295,0.0,clean,none,direct_use,True
mccd_salvage,赵孟頫,隶,言,G:\GitHub\DiT\MCCD\MCCD\MCCD-Calligrapher\calligrapher_dataset\赵孟𫖯\言-隶-元-赵孟𫖯-106127.png,257,218,False,0.3506,0.0,clean,none,direct_use,True
mccd_salvage,赵孟頫,楷,訓,G:\GitHub\DiT\MCCD\MCCD\MCCD-Calligrapher\calligrapher_dataset\赵孟𫖯\訓-楷-元-赵孟𫖯-106486.png,267,190,False,0.2528,0.0,clean,none,direct_use,True
mccd_salvage,赵孟頫,行,訓,G:\GitHub\DiT\MCCD\MCCD\MCCD-Calligrapher\calligrapher_dataset\赵孟𫖯\訓-行-元-赵孟𫖯-106493.png,266,207,False,0.2515,0.0001,clean,none,direct_use,True
mccd_salvage,赵孟頫,行,託,G:\GitHub\DiT\MCCD\MCCD\MCCD-Calligrapher\calligrapher_dataset\赵孟𫖯\託-行-元-赵孟𫖯-106564.png,271,193,False,0.2165,0.0,clean,none,direct_use,True
mccd_salvage,赵孟頫,楷,記,G:\GitHub\DiT\MCCD\MCCD\MCCD-Calligrapher\calligrapher_dataset\赵孟𫖯\記-楷-元-赵孟𫖯-106615.png,249,195,False,0.2888,0.0,clean,none,direct_use,True
mccd_salvage,赵孟頫,行,訛,G:\GitHub\DiT\MCCD\MCCD\MCCD-Calligrapher\calligrapher_dataset\赵孟𫖯\訛-行-元-赵孟𫖯-106669.png,256,182,False,0.2438,0.0,clean,none,direct_use,True
mccd_salvage,赵孟頫,楷,訟,G:\GitHub\DiT\MCCD\MCCD\MCCD-Calligrapher\calligrapher_dataset\赵孟𫖯\訟-楷-元-赵孟𫖯-106743.png,266,221,False,0.3089,0.0,clean,none,direct_use,True
mccd_salvage,赵孟頫,楷,訟,G:\GitHub\DiT\MCCD\MCCD\MCCD-Calligrapher\calligrapher_dataset\赵孟𫖯\訟-楷-元-赵孟𫖯-106744.png,229,217,False,0.302,0.0,clean,none,direct_use,True
mccd_salvage,赵孟頫,楷,訪,G:\GitHub\DiT\MCCD\MCCD\MCCD-Calligrapher\calligrapher_dataset\赵孟𫖯\訪-楷-元-赵孟𫖯-106827.png,207,191,False,0.3453,0.0,clean,none,direct_use,True
mccd_salvage,赵孟頫,楷,設,G:\GitHub\DiT\MCCD\MCCD\MCCD-Calligrapher\calligrapher_dataset\赵孟𫖯\設-楷-元-赵孟𫖯-106890.png,242,194,False,0.3499,0.0,clean,none,direct_use,True
mccd_salvage,赵孟頫,隶,設,G:\GitHub\DiT\MCCD\MCCD\MCCD-Calligrapher\calligrapher_dataset\赵孟𫖯\設-隶-元-赵孟𫖯-106873.png,252,200,False,0.3682,0.0,clean,none,direct_use,True
mccd_salvage,赵孟頫,楷,詞,G:\GitHub\DiT\MCCD\MCCD\MCCD-Calligrapher\calligrapher_dataset\赵孟𫖯\詞-楷-元-赵孟𫖯-107448.png,231,224,False,0.2375,0.0,clean,none,direct_use,True
mccd_salvage,赵孟頫,楷,詡,G:\GitHub\DiT\MCCD\MCCD\MCCD-Calligrapher\calligrapher_dataset\赵孟𫖯\詡-楷-元-赵孟𫖯-107519.png,229,165,False,0.3327,0.0,clean,none,direct_use,True
mccd_salvage,赵孟頫,楷,詩,G:\GitHub\DiT\MCCD\MCCD\MCCD-Calligrapher\calligrapher_dataset\赵孟𫖯\詩-楷-元-赵孟𫖯-107726.png,270,255,False,0.2563,0.0,clean,none,direct_use,True
mccd_salvage,赵孟頫,隶,詩,G:\GitHub\DiT\MCCD\MCCD\MCCD-Calligrapher\calligrapher_dataset\赵孟𫖯\詩-隶-元-赵孟𫖯-107688.png,291,213,False,0.3844,0.0,clean,none,direct_use,True
mccd_salvage,赵孟頫,楷,詳,G:\GitHub\DiT\MCCD\MCCD\MCCD-Calligrapher\calligrapher_dataset\赵孟𫖯\詳-楷-元-赵孟𫖯-107914.png,234,214,False,0.273,0.0,clean,none,direct_use,True
mccd_salvage,赵孟頫,行,詳,G:\GitHub\DiT\MCCD\MCCD\MCCD-Calligrapher\calligrapher_dataset\赵孟𫖯\詳-行-元-赵孟𫖯-107917.png,225,222,False,0.2597,0.0003,clean,none,direct_use,True
mccd_salvage,赵孟頫,隶,詳,G:\GitHub\DiT\MCCD\MCCD\MCCD-Calligrapher\calligrapher_dataset\赵孟𫖯\詳-隶-元-赵孟𫖯-107905.png,268,214,False,0.3544,0.0,clean,none,direct_use,True
mccd_salvage,赵孟頫,楷,誅,G:\GitHub\DiT\MCCD\MCCD\MCCD-Calligrapher\calligrapher_dataset\赵孟𫖯\誅-楷-元-赵孟𫖯-108081.png,259,191,False,0.2332,0.0,clean,none,direct_use,True
mccd_salvage,赵孟頫,隶,誅,G:\GitHub\DiT\MCCD\MCCD\MCCD-Calligrapher\calligrapher_dataset\赵孟𫖯\誅-隶-元-赵孟𫖯-108074.png,276,173,False,0.4076,0.0,clean,none,direct_use,True
mccd_salvage,赵孟頫,楷,誇,G:\GitHub\DiT\MCCD\MCCD\MCCD-Calligrapher\calligrapher_dataset\赵孟𫖯\誇-楷-元-赵孟𫖯-108104.png,189,215,False,0.2753,0.0,clean,none,direct_use,True
mccd_salvage,赵孟頫,楷,誚,G:\GitHub\DiT\MCCD\MCCD\MCCD-Calligrapher\calligrapher_dataset\赵孟𫖯\誚-楷-元-赵孟𫖯-108303.png,253,226,False,0.2543,0.0,clean,none,direct_use,True
mccd_salvage,赵孟頫,楷,語,G:\GitHub\DiT\MCCD\MCCD\MCCD-Calligrapher\calligrapher_dataset\赵孟𫖯\語-楷-元-赵孟𫖯-108356.png,249,178,False,0.3544,0.0,clean,none,direct_use,True
mccd_salvage,赵孟頫,隶,語,G:\GitHub\DiT\MCCD\MCCD\MCCD-Calligrapher\calligrapher_dataset\赵孟𫖯\語-隶-元-赵孟𫖯-108342.png,275,183,False,0.4475,0.0008,clean,none,direct_use,True
mccd_salvage,赵孟頫,楷,誠,G:\GitHub\DiT\MCCD\MCCD\MCCD-Calligrapher\calligrapher_dataset\赵孟𫖯\誠-楷-元-赵孟𫖯-108445.png,241,198,False,0.3128,0.0,clean,none,direct_use,True
mccd_salvage,赵孟頫,楷,誡,G:\GitHub\DiT\MCCD\MCCD\MCCD-Calligrapher\calligrapher_dataset\赵孟𫖯\誡-楷-元-赵孟𫖯-108487.png,234,195,False,0.2276,0.0,clean,none,direct_use,True
mccd_salvage,赵孟頫,行,誣,G:\GitHub\DiT\MCCD\MCCD\MCCD-Calligrapher\calligrapher_dataset\赵孟𫖯\誣-行-元-赵孟𫖯-108522.png,215,179,False,0.3695,0.0,clean,none,direct_use,True
mccd_salvage,赵孟頫,隶,說,G:\GitHub\DiT\MCCD\MCCD\MCCD-Calligrapher\calligrapher_dataset\赵孟𫖯\說-隶-元-赵孟𫖯-108677.png,265,163,False,0.4205,0.0,clean,none,direct_use,True
mccd_salvage,赵孟頫,楷,説,G:\GitHub\DiT\MCCD\MCCD\MCCD-Calligrapher\calligrapher_dataset\赵孟𫖯\説-楷-元-赵孟𫖯-108772.png,242,180,False,0.3413,0.0,clean,none,direct_use,True
mccd_salvage,赵孟頫,隶,説,G:\GitHub\DiT\MCCD\MCCD\MCCD-Calligrapher\calligrapher_dataset\赵孟𫖯\説-隶-元-赵孟𫖯-108761.png,265,163,False,0.4205,0.0,clean,none,direct_use,True
mccd_salvage,赵孟頫,楷,誰,G:\GitHub\DiT\MCCD\MCCD\MCCD-Calligrapher\calligrapher_dataset\赵孟𫖯\誰-楷-元-赵孟𫖯-108849.png,256,208,False,0.3018,0.0,clean,none,direct_use,True
mccd_salvage,赵孟頫,楷,調,G:\GitHub\DiT\MCCD\MCCD\MCCD-Calligrapher\calligrapher_dataset\赵孟𫖯\調-楷-元-赵孟𫖯-109012.png,220,182,False,0.3933,0.0,clean,none,direct_use,True
mccd_salvage,赵孟頫,隶,調,G:\GitHub\DiT\MCCD\MCCD\MCCD-Calligrapher\calligrapher_dataset\赵孟𫖯\調-隶-元-赵孟𫖯-109004.png,262,174,False,0.4795,0.0,clean,none,direct_use,True
mccd_salvage,赵孟頫,楷,諂,G:\GitHub\DiT\MCCD\MCCD\MCCD-Calligrapher\calligrapher_dataset\赵孟𫖯\諂-楷-元-赵孟𫖯-109042.png,234,208,False,0.2551,0.0,clean,none,direct_use,True
mccd_salvage,赵孟頫,楷,談,G:\GitHub\DiT\MCCD\MCCD\MCCD-Calligrapher\calligrapher_dataset\赵孟𫖯\談-楷-元-赵孟𫖯-109115.png,214,184,False,0.3133,0.0,clean,none,direct_use,True
mccd_salvage,赵孟頫,隶,談,G:\GitHub\DiT\MCCD\MCCD\MCCD-Calligrapher\calligrapher_dataset\赵孟𫖯\談-隶-元-赵孟𫖯-109107.png,264,191,False,0.3639,0.0,clean,none,direct_use,True
mccd_salvage,赵孟頫,楷,請,G:\GitHub\DiT\MCCD\MCCD\MCCD-Calligrapher\calligrapher_dataset\赵孟𫖯\請-楷-元-赵孟𫖯-109213.png,210,247,False,0.2699,0.0004,clean,none,direct_use,True
mccd_salvage,赵孟頫,楷,論,G:\GitHub\DiT\MCCD\MCCD\MCCD-Calligrapher\calligrapher_dataset\赵孟𫖯\論-楷-元-赵孟𫖯-109417.png,262,169,False,0.3268,0.0,clean,none,direct_use,True
mccd_salvage,赵孟頫,行,論,G:\GitHub\DiT\MCCD\MCCD\MCCD-Calligrapher\calligrapher_dataset\赵孟𫖯\論-行-元-赵孟𫖯-109430.png,202,188,False,0.284,0.0004,clean,none,direct_use,True
mccd_salvage,赵孟頫,隶,論,G:\GitHub\DiT\MCCD\MCCD\MCCD-Calligrapher\calligrapher_dataset\赵孟𫖯\論-隶-元-赵孟𫖯-109399.png,272,199,False,0.4391,0.0,clean,none,direct_use,True
mccd_salvage,赵孟頫,楷,諛,G:\GitHub\DiT\MCCD\MCCD\MCCD-Calligrapher\calligrapher_dataset\赵孟𫖯\諛-楷-元-赵孟𫖯-109473.png,246,201,False,0.2281,0.0,clean,none,direct_use,True
mccd_salvage,赵孟頫,行,諦,G:\GitHub\DiT\MCCD\MCCD\MCCD-Calligrapher\calligrapher_dataset\赵孟𫖯\諦-行-元-赵孟𫖯-109549.png,200,263,False,0.3299,0.0,clean,none,direct_use,True
mccd_salvage,赵孟頫,行,諫,G:\GitHub\DiT\MCCD\MCCD\MCCD-Calligrapher\calligrapher_dataset\赵孟𫖯\諫-行-元-赵孟𫖯-109599.png,222,231,False,0.4015,0.0,clean,none,direct_use,True
mccd_salvage,赵孟頫,楷,諭,G:\GitHub\DiT\MCCD\MCCD\MCCD-Calligrapher\calligrapher_dataset\赵孟𫖯\諭-楷-元-赵孟𫖯-109625.png,275,243,False,0.3788,0.0011,clean,none,direct_use,True
mccd_salvage,赵孟頫,行,諭,G:\GitHub\DiT\MCCD\MCCD\MCCD-Calligrapher\calligrapher_dataset\赵孟𫖯\諭-行-元-赵孟𫖯-109627.png,232,200,False,0.3721,0.0,clean,none,direct_use,True
mccd_salvage,赵孟頫,隶,諸,G:\GitHub\DiT\MCCD\MCCD\MCCD-Calligrapher\calligrapher_dataset\赵孟𫖯\諸-隶-元-赵孟𫖯-109785.png,260,199,False,0.466,0.0,clean,none,direct_use,True
mccd_salvage,赵孟頫,楷,謀,G:\GitHub\DiT\MCCD\MCCD\MCCD-Calligrapher\calligrapher_dataset\赵孟𫖯\謀-楷-元-赵孟𫖯-109958.png,213,190,False,0.2929,0.0,clean,none,direct_use,True
mccd_salvage,赵孟頫,楷,謂,G:\GitHub\DiT\MCCD\MCCD\MCCD-Calligrapher\calligrapher_dataset\赵孟𫖯\謂-楷-元-赵孟𫖯-110100.png,241,214,False,0.2896,0.0,clean,none,direct_use,True
mccd_salvage,赵孟頫,行,謂,G:\GitHub\DiT\MCCD\MCCD\MCCD-Calligrapher\calligrapher_dataset\赵孟𫖯\謂-行-元-赵孟𫖯-110108.png,203,216,False,0.4698,0.0,clean,none,direct_use,True
mccd_salvage,赵孟頫,隶,謂,G:\GitHub\DiT\MCCD\MCCD\MCCD-Calligrapher\calligrapher_dataset\赵孟𫖯\謂-隶-元-赵孟𫖯-110079.png,263,200,False,0.54,0.0,clean,none,direct_use,True
mccd_salvage,赵孟頫,楷,謙,G:\GitHub\DiT\MCCD\MCCD\MCCD-Calligrapher\calligrapher_dataset\赵孟𫖯\謙-楷-元-赵孟𫖯-110294.png,246,178,False,0.4038,0.0,clean,none,direct_use,True
mccd_salvage,赵孟頫,隶,謙,G:\GitHub\DiT\MCCD\MCCD\MCCD-Calligrapher\calligrapher_dataset\赵孟𫖯\謙-隶-元-赵孟𫖯-110281.png,269,188,False,0.4645,0.0,clean,none,direct_use,True
mccd_salvage,赵孟頫,行,謬,G:\GitHub\DiT\MCCD\MCCD\MCCD-Calligrapher\calligrapher_dataset\赵孟𫖯\謬-行-元-赵孟𫖯-110521.png,226,171,False,0.2495,0.0,clean,none,direct_use,True
mccd_salvage,赵孟頫,楷,謹,G:\GitHub\DiT\MCCD\MCCD\MCCD-Calligrapher\calligrapher_dataset\赵孟𫖯\謹-楷-元-赵孟𫖯-110625.png,229,183,False,0.3385,0.0,clean,none,direct_use,True
mccd_salvage,赵孟頫,楷,譏,G:\GitHub\DiT\MCCD\MCCD\MCCD-Calligrapher\calligrapher_dataset\赵孟𫖯\譏-楷-元-赵孟𫖯-110810.png,237,205,False,0.2727,0.0,clean,none,direct_use,True
mccd_salvage,赵孟頫,行,譏,G:\GitHub\DiT\MCCD\MCCD\MCCD-Calligrapher\calligrapher_dataset\赵孟𫖯\譏-行-宋-赵孟𫖯-110814.png,255,262,False,0.4301,0.0004,clean,none,direct_use,True
mccd_salvage,赵孟頫,行,識,G:\GitHub\DiT\MCCD\MCCD\MCCD-Calligrapher\calligrapher_dataset\赵孟𫖯\識-行-元-赵孟𫖯-110927.png,216,191,False,0.3447,0.0,clean,none,direct_use,True
mccd_salvage,赵孟頫,楷,警,G:\GitHub\DiT\MCCD\MCCD\MCCD-Calligrapher\calligrapher_dataset\赵孟𫖯\警-楷-元-赵孟𫖯-111048.png,208,235,False,0.383,0.0,clean,none,direct_use,True
mccd_salvage,赵孟頫,楷,議,G:\GitHub\DiT\MCCD\MCCD\MCCD-Calligrapher\calligrapher_dataset\赵孟𫖯\議-楷-元-赵孟𫖯-111157.png,205,209,False,0.3783,0.0,clean,none,direct_use,True
mccd_salvage,赵孟頫,隶,譽,G:\GitHub\DiT\MCCD\MCCD\MCCD-Calligrapher\calligrapher_dataset\赵孟𫖯\譽-隶-元-赵孟𫖯-111271.png,255,244,False,0.4246,0.0,clean,none,direct_use,True
mccd_salvage,赵孟頫,行,變,G:\GitHub\DiT\MCCD\MCCD\MCCD-Calligrapher\calligrapher_dataset\赵孟𫖯\變-行-元-赵孟𫖯-111438.png,272,272,False,0.3397,0.0,clean,none,direct_use,True
mccd_salvage,赵孟頫,隶,讓,G:\GitHub\DiT\MCCD\MCCD\MCCD-Calligrapher\calligrapher_dataset\赵孟𫖯\讓-隶-元-赵孟𫖯-111546.png,282,247,False,0.388,0.0,clean,none,direct_use,True
mccd_salvage,赵孟頫,行,豈,G:\GitHub\DiT\MCCD\MCCD\MCCD-Calligrapher\calligrapher_dataset\赵孟𫖯\豈-行-元-赵孟𫖯-112049.png,226,391,False,0.5233,0.0003,clean,none,direct_use,True
mccd_salvage,赵孟頫,楷,象,G:\GitHub\DiT\MCCD\MCCD\MCCD-Calligrapher\calligrapher_dataset\赵孟𫖯\象-楷-元-赵孟𫖯-112567.png,231,306,False,0.2862,0.0,clean,none,direct_use,True
mccd_salvage,赵孟頫,行,象,G:\GitHub\DiT\MCCD\MCCD\MCCD-Calligrapher\calligrapher_dataset\赵孟𫖯\象-行-元-赵孟𫖯-112582.png,171,272,False,0.3334,0.0003,clean,none,direct_use,True
mccd_salvage,赵孟頫,楷,豺,G:\GitHub\DiT\MCCD\MCCD\MCCD-Calligrapher\calligrapher_dataset\赵孟𫖯\豺-楷-元-赵孟𫖯-112919.png,180,189,False,0.3037,0.0,clean,none,direct_use,True
mccd_salvage,赵孟頫,行,貞,G:\GitHub\DiT\MCCD\MCCD\MCCD-Calligrapher\calligrapher_dataset\赵孟𫖯\貞-行-元-赵孟𫖯-113494.png,158,212,False,0.2691,0.0,clean,none,direct_use,True
mccd_salvage,赵孟頫,隶,貞,G:\GitHub\DiT\MCCD\MCCD\MCCD-Calligrapher\calligrapher_dataset\赵孟𫖯\貞-隶-元-赵孟𫖯-113458.png,259,249,False,0.448,0.0,clean,none,direct_use,True
mccd_salvage,赵孟頫,楷,負,G:\GitHub\DiT\MCCD\MCCD\MCCD-Calligrapher\calligrapher_dataset\赵孟𫖯\負-楷-元-赵孟𫖯-113560.png,220,306,False,0.3512,0.0,clean,none,direct_use,True
mccd_salvage,赵孟頫,楷,貢,G:\GitHub\DiT\MCCD\MCCD\MCCD-Calligrapher\calligrapher_dataset\赵孟𫖯\貢-楷-元-赵孟𫖯-113632.png,219,242,False,0.3138,0.0,clean,none,direct_use,True
mccd_salvage,赵孟頫,隶,貢,G:\GitHub\DiT\MCCD\MCCD\MCCD-Calligrapher\calligrapher_dataset\赵孟𫖯\貢-隶-元-赵孟𫖯-113624.png,269,232,False,0.405,0.0,clean,none,direct_use,True
mccd_salvage,赵孟頫,行,貧,G:\GitHub\DiT\MCCD\MCCD\MCCD-Calligrapher\calligrapher_dataset\赵孟𫖯\貧-行-元-赵孟𫖯-113749.png,238,246,False,0.3506,0.0,clean,none,direct_use,True
mccd_salvage,赵孟頫,行,貧,G:\GitHub\DiT\MCCD\MCCD\MCCD-Calligrapher\calligrapher_dataset\赵孟𫖯\貧-行-元-赵孟𫖯-113750.png,157,210,False,0.3426,0.0,clean,none,direct_use,True
mccd_salvage,赵孟頫,楷,資,G:\GitHub\DiT\MCCD\MCCD\MCCD-Calligrapher\calligrapher_dataset\赵孟𫖯\資-楷-元-赵孟𫖯-114503.png,204,231,False,0.254,0.0,clean,none,direct_use,True
mccd_salvage,赵孟頫,行,資,G:\GitHub\DiT\MCCD\MCCD\MCCD-Calligrapher\calligrapher_dataset\赵孟𫖯\資-行-元-赵孟𫖯-114514.png,165,199,False,0.4316,0.0,clean,none,direct_use,True
mccd_salvage,赵孟頫,隶,資,G:\GitHub\DiT\MCCD\MCCD\MCCD-Calligrapher\calligrapher_dataset\赵孟𫖯\資-隶-元-赵孟𫖯-114487.png,279,308,False,0.3499,0.0,clean,none,direct_use,True
mccd_salvage,赵孟頫,隶,賊,G:\GitHub\DiT\MCCD\MCCD\MCCD-Calligrapher\calligrapher_dataset\赵孟𫖯\賊-隶-元-赵孟𫖯-114661.png,267,199,False,0.3701,0.0,clean,none,direct_use,True
mccd_salvage,赵孟頫,隶,賓,G:\GitHub\DiT\MCCD\MCCD\MCCD-Calligrapher\calligrapher_dataset\赵孟𫖯\賓-隶-元-赵孟𫖯-114769.png,226,246,False,0.4008,0.0,clean,none,direct_use,True
mccd_salvage,赵孟頫,楷,賡,G:\GitHub\DiT\MCCD\MCCD\MCCD-Calligrapher\calligrapher_dataset\赵孟𫖯\賡-楷-元-赵孟𫖯-115007.png,195,183,False,0.2537,0.0,clean,none,direct_use,True
mccd_salvage,赵孟頫,行,賢,G:\GitHub\DiT\MCCD\MCCD\MCCD-Calligrapher\calligrapher_dataset\赵孟𫖯\賢-行-元-赵孟𫖯-115101.png,158,204,False,0.4532,0.0,clean,none,direct_use,True
mccd_salvage,赵孟頫,隶,賢,G:\GitHub\DiT\MCCD\MCCD\MCCD-Calligrapher\calligrapher_dataset\赵孟𫖯\賢-隶-元-赵孟𫖯-115042.png,264,274,False,0.3913,0.0,clean,none,direct_use,True
mccd_salvage,赵孟頫,隶,賤,G:\GitHub\DiT\MCCD\MCCD\MCCD-Calligrapher\calligrapher_dataset\赵孟𫖯\賤-隶-元-赵孟𫖯-115173.png,267,220,False,0.3758,0.0,clean,none,direct_use,True
mccd_salvage,赵孟頫,楷,賦,G:\GitHub\DiT\MCCD\MCCD\MCCD-Calligrapher\calligrapher_dataset\赵孟𫖯\賦-楷-元-赵孟𫖯-115253.png,238,195,False,0.4916,0.0,clean,none,direct_use,True
mccd_salvage,赵孟頫,行,賦,G:\GitHub\DiT\MCCD\MCCD\MCCD-Calligrapher\calligrapher_dataset\赵孟𫖯\賦-行-元-赵孟𫖯-115263.png,203,167,False,0.4223,0.0,clean,none,direct_use,True
mccd_salvage,赵孟頫,楷,賴,G:\GitHub\DiT\MCCD\MCCD\MCCD-Calligrapher\calligrapher_dataset\赵孟𫖯\賴-楷-元-赵孟𫖯-115409.png,173,185,False,0.4114,0.0,clean,none,direct_use,True
mccd_salvage,赵孟頫,行,賴,G:\GitHub\DiT\MCCD\MCCD\MCCD-Calligrapher\calligrapher_dataset\赵孟𫖯\賴-行-元-赵孟𫖯-115420.png,192,191,False,0.4786,0.0,clean,none,direct_use,True
mccd_salvage,赵孟頫,楷,贈,G:\GitHub\DiT\MCCD\MCCD\MCCD-Calligrapher\calligrapher_dataset\赵孟𫖯\贈-楷-元-赵孟𫖯-115729.png,221,242,False,0.5193,0.0,clean,none,direct_use,True
mccd_salvage,赵孟頫,楷,超,G:\GitHub\DiT\MCCD\MCCD\MCCD-Calligrapher\calligrapher_dataset\赵孟𫖯\超-楷-元-赵孟𫖯-116560.png,280,253,False,0.3081,0.0,clean,none,direct_use,True
mccd_salvage,赵孟頫,隶,超,G:\GitHub\DiT\MCCD\MCCD\MCCD-Calligrapher\calligrapher_dataset\赵孟𫖯\超-隶-元-赵孟𫖯-116543.png,270,210,False,0.3584,0.0,clean,none,direct_use,True
mccd_salvage,赵孟頫,楷,越,G:\GitHub\DiT\MCCD\MCCD\MCCD-Calligrapher\calligrapher_dataset\赵孟𫖯\越-楷-元-赵孟𫖯-116617.png,224,199,False,0.2821,0.0,clean,none,direct_use,True
mccd_salvage,赵孟頫,行,越,G:\GitHub\DiT\MCCD\MCCD\MCCD-Calligrapher\calligrapher_dataset\赵孟𫖯\越-行-元-赵孟𫖯-116621.png,190,162,False,0.3289,0.0,clean,none,direct_use,True
mccd_salvage,赵孟頫,楷,趍,G:\GitHub\DiT\MCCD\MCCD\MCCD-Calligrapher\calligrapher_dataset\赵孟𫖯\趍-楷-元-赵孟𫖯-116655.png,229,200,False,0.2477,0.0,clean,none,direct_use,True
mccd_salvage,赵孟頫,行,趙,G:\GitHub\DiT\MCCD\MCCD\MCCD-Calligrapher\calligrapher_dataset\赵孟𫖯\趙-行-元-赵孟𫖯-116751.png,210,213,False,0.4661,0.0,clean,none,direct_use,True
mccd_salvage,赵孟頫,行,趙,G:\GitHub\DiT\MCCD\MCCD\MCCD-Calligrapher\calligrapher_dataset\赵孟𫖯\趙-行-元-赵孟𫖯-116756.png,204,174,False,0.3569,0.0,clean,none,direct_use,True
mccd_salvage,赵孟頫,行,趣,G:\GitHub\DiT\MCCD\MCCD\MCCD-Calligrapher\calligrapher_dataset\赵孟𫖯\趣-行-元-赵孟𫖯-116848.png,191,173,False,0.2808,0.0003,clean,none,direct_use,True
mccd_salvage,赵孟頫,行,足,G:\GitHub\DiT\MCCD\MCCD\MCCD-Calligrapher\calligrapher_dataset\赵孟𫖯\足-行-元-赵孟𫖯-117093.png,217,192,False,0.376,0.0,clean,none,direct_use,True
mccd_salvage,赵孟頫,行,足,G:\GitHub\DiT\MCCD\MCCD\MCCD-Calligrapher\calligrapher_dataset\赵孟𫖯\足-行-元-赵孟𫖯-117094.png,217,228,False,0.4944,0.0,clean,none,direct_use,True
mccd_salvage,赵孟頫,行,足,G:\GitHub\DiT\MCCD\MCCD\MCCD-Calligrapher\calligrapher_dataset\赵孟𫖯\足-行-元-赵孟𫖯-117095.png,216,194,False,0.3097,0.0,clean,none,direct_use,True
mccd_salvage,赵孟頫,楷,距,G:\GitHub\DiT\MCCD\MCCD\MCCD-Calligrapher\calligrapher_dataset\赵孟𫖯\距-楷-元-赵孟𫖯-117345.png,237,210,False,0.5098,0.0,clean,none,direct_use,True
mccd_salvage,赵孟頫,行,跡,G:\GitHub\DiT\MCCD\MCCD\MCCD-Calligrapher\calligrapher_dataset\赵孟𫖯\跡-行-元-赵孟𫖯-117375.png,198,139,False,0.4052,0.0,clean,none,direct_use,True
mccd_salvage,赵孟頫,行,跡,G:\GitHub\DiT\MCCD\MCCD\MCCD-Calligrapher\calligrapher_dataset\赵孟𫖯\跡-行-元-赵孟𫖯-117376.png,187,143,False,0.464,0.0,clean,none,direct_use,True
mccd_salvage,赵孟頫,隶,路,G:\GitHub\DiT\MCCD\MCCD\MCCD-Calligrapher\calligrapher_dataset\赵孟𫖯\路-隶-元-赵孟𫖯-117490.png,265,148,False,0.4629,0.0,clean,none,direct_use,True
mccd_salvage,赵孟頫,行,跳,G:\GitHub\DiT\MCCD\MCCD\MCCD-Calligrapher\calligrapher_dataset\赵孟𫖯\跳-行-元-赵孟𫖯-117574.png,198,140,False,0.487,0.0,clean,none,direct_use,True
mccd_salvage,赵孟頫,楷,踐,G:\GitHub\DiT\MCCD\MCCD\MCCD-Calligrapher\calligrapher_dataset\赵孟𫖯\踐-楷-元-赵孟𫖯-117693.png,207,229,False,0.3485,0.0,clean,none,direct_use,True
mccd_salvage,赵孟頫,隶,踐,G:\GitHub\DiT\MCCD\MCCD\MCCD-Calligrapher\calligrapher_dataset\赵孟𫖯\踐-隶-元-赵孟𫖯-117683.png,263,240,False,0.3885,0.0,clean,none,direct_use,True
mccd_salvage,赵孟頫,行,蹔,G:\GitHub\DiT\MCCD\MCCD\MCCD-Calligrapher\calligrapher_dataset\赵孟𫖯\蹔-行-元-赵孟𫖯-118088.png,171,271,False,0.3001,0.0,clean,none,direct_use,True
mccd_salvage,赵孟頫,楷,躇,G:\GitHub\DiT\MCCD\MCCD\MCCD-Calligrapher\calligrapher_dataset\赵孟𫖯\躇-楷-元-赵孟𫖯-118376.png,218,219,False,0.3802,0.0009,clean,none,direct_use,True
mccd_salvage,赵孟頫,行,身,G:\GitHub\DiT\MCCD\MCCD\MCCD-Calligrapher\calligrapher_dataset\赵孟𫖯\身-行-元-赵孟𫖯-118735.png,180,272,False,0.3912,0.0,clean,none,direct_use,True
mccd_salvage,赵孟頫,隶,軍,G:\GitHub\DiT\MCCD\MCCD\MCCD-Calligrapher\calligrapher_dataset\赵孟𫖯\軍-隶-元-赵孟𫖯-119172.png,264,240,False,0.3808,0.0,clean,none,direct_use,True
mccd_salvage,赵孟頫,楷,軻,G:\GitHub\DiT\MCCD\MCCD\MCCD-Calligrapher\calligrapher_dataset\赵孟𫖯\軻-楷-元-赵孟𫖯-119518.png,219,168,False,0.3852,0.0,clean,none,direct_use,True
mccd_salvage,赵孟頫,楷,輅,G:\GitHub\DiT\MCCD\MCCD\MCCD-Calligrapher\calligrapher_dataset\赵孟𫖯\輅-楷-元-赵孟𫖯-119619.png,262,203,False,0.3157,0.0016,clean,none,direct_use,True
mccd_salvage,赵孟頫,楷,載,G:\GitHub\DiT\MCCD\MCCD\MCCD-Calligrapher\calligrapher_dataset\赵孟𫖯\載-楷-元-赵孟𫖯-119728.png,200,235,False,0.3625,0.0,clean,none,direct_use,True
mccd_salvage,赵孟頫,行,輒,G:\GitHub\DiT\MCCD\MCCD\MCCD-Calligrapher\calligrapher_dataset\赵孟𫖯\輒-行-元-赵孟𫖯-119850.png,215,229,False,0.424,0.0,clean,none,direct_use,True
mccd_salvage,赵孟頫,隶,輕,G:\GitHub\DiT\MCCD\MCCD\MCCD-Calligrapher\calligrapher_dataset\赵孟𫖯\輕-隶-元-赵孟𫖯-119940.png,250,167,False,0.4063,0.0,clean,none,direct_use,True
mccd_salvage,赵孟頫,隶,輦,G:\GitHub\DiT\MCCD\MCCD\MCCD-Calligrapher\calligrapher_dataset\赵孟𫖯\輦-隶-元-赵孟𫖯-120126.png,247,235,False,0.3813,0.0,clean,none,direct_use,True
mccd_salvage,赵孟頫,楷,輶,G:\GitHub\DiT\MCCD\MCCD\MCCD-Calligrapher\calligrapher_dataset\赵孟𫖯\輶-楷-元-赵孟𫖯-120310.png,246,234,False,0.4417,0.0,clean,none,direct_use,True
mccd_salvage,赵孟頫,楷,輿,G:\GitHub\DiT\MCCD\MCCD\MCCD-Calligrapher\calligrapher_dataset\赵孟𫖯\輿-楷-元-赵孟𫖯-120442.png,232,193,False,0.3047,0.0,clean,none,direct_use,True
mccd_salvage,赵孟頫,隶,轂,G:\GitHub\DiT\MCCD\MCCD\MCCD-Calligrapher\calligrapher_dataset\赵孟𫖯\轂-隶-元-赵孟𫖯-120481.png,257,218,False,0.4042,0.0,clean,none,direct_use,True
mccd_salvage,赵孟頫,楷,轉,G:\GitHub\DiT\MCCD\MCCD\MCCD-Calligrapher\calligrapher_dataset\赵孟𫖯\轉-楷-元-赵孟𫖯-120579.png,219,219,False,0.3808,0.0,clean,none,direct_use,True
mccd_salvage,赵孟頫,行,轉,G:\GitHub\DiT\MCCD\MCCD\MCCD-Calligrapher\calligrapher_dataset\赵孟𫖯\轉-行-元-赵孟𫖯-120597.png,197,196,False,0.374,0.0,clean,none,direct_use,True
mccd_salvage,赵孟頫,行,轉,G:\GitHub\DiT\MCCD\MCCD\MCCD-Calligrapher\calligrapher_dataset\赵孟𫖯\轉-行-元-赵孟𫖯-120598.png,179,205,False,0.4014,0.0011,clean,none,direct_use,True
mccd_salvage,赵孟頫,隶,辭,G:\GitHub\DiT\MCCD\MCCD\MCCD-Calligrapher\calligrapher_dataset\赵孟𫖯\辭-隶-元-赵孟𫖯-121716.png,255,244,False,0.4772,0.0,clean,none,direct_use,True
mccd_salvage,赵孟頫,隶,辰,G:\GitHub\DiT\MCCD\MCCD\MCCD-Calligrapher\calligrapher_dataset\赵孟𫖯\辰-隶-元-赵孟𫖯-121979.png,269,171,False,0.3423,0.0,clean,none,direct_use,True
mccd_salvage,赵孟頫,隶,辱,G:\GitHub\DiT\MCCD\MCCD\MCCD-Calligrapher\calligrapher_dataset\赵孟𫖯\辱-隶-元-赵孟𫖯-122055.png,270,218,False,0.3324,0.0,clean,none,direct_use,True
mccd_salvage,赵孟頫,楷,農,G:\GitHub\DiT\MCCD\MCCD\MCCD-Calligrapher\calligrapher_dataset\赵孟𫖯\農-楷-元-赵孟𫖯-122131.png,245,264,False,0.3225,0.0,clean,none,direct_use,True
mccd_salvage,赵孟頫,楷,迅,G:\GitHub\DiT\MCCD\MCCD\MCCD-Calligrapher\calligrapher_dataset\赵孟𫖯\迅-楷-元-赵孟𫖯-122265.png,213,162,False,0.2223,0.0,clean,none,direct_use,True
mccd_salvage,赵孟頫,隶,近,G:\GitHub\DiT\MCCD\MCCD\MCCD-Calligrapher\calligrapher_dataset\赵孟𫖯\近-隶-元-赵孟𫖯-122371.png,271,200,False,0.3413,0.0,clean,none,direct_use,True
mccd_salvage,赵孟頫,楷,述,G:\GitHub\DiT\MCCD\MCCD\MCCD-Calligrapher\calligrapher_dataset\赵孟𫖯\述-楷-元-赵孟𫖯-122744.png,237,215,False,0.3143,0.0,clean,none,direct_use,True
mccd_salvage,赵孟頫,行,迷,G:\GitHub\DiT\MCCD\MCCD\MCCD-Calligrapher\calligrapher_dataset\赵孟𫖯\迷-行-元-赵孟𫖯-122857.png,175,200,False,0.277,0.0,clean,none,direct_use,True
mccd_salvage,赵孟頫,楷,退,G:\GitHub\DiT\MCCD\MCCD\MCCD-Calligrapher\calligrapher_dataset\赵孟𫖯\退-楷-元-赵孟𫖯-123181.png,259,200,False,0.2653,0.0,clean,none,direct_use,True
mccd_salvage,赵孟頫,隶,逍,G:\GitHub\DiT\MCCD\MCCD\MCCD-Calligrapher\calligrapher_dataset\赵孟𫖯\逍-隶-元-赵孟𫖯-123477.png,258,180,False,0.3474,0.0,clean,none,direct_use,True
mccd_salvage,赵孟頫,隶,逐,G:\GitHub\DiT\MCCD\MCCD\MCCD-Calligrapher\calligrapher_dataset\赵孟𫖯\逐-隶-元-赵孟𫖯-123526.png,280,217,False,0.3401,0.0,clean,none,direct_use,True
mccd_salvage,赵孟頫,行,通,G:\GitHub\DiT\MCCD\MCCD\MCCD-Calligrapher\calligrapher_dataset\赵孟𫖯\通-行-元-赵孟𫖯-123715.png,193,183,False,0.3294,0.0015,clean,none,direct_use,True
mccd_salvage,赵孟頫,隶,通,G:\GitHub\DiT\MCCD\MCCD\MCCD-Calligrapher\calligrapher_dataset\赵孟𫖯\通-隶-元-赵孟𫖯-123674.png,262,183,False,0.3891,0.0,clean,none,direct_use,True
mccd_salvage,赵孟頫,行,逝,G:\GitHub\DiT\MCCD\MCCD\MCCD-Calligrapher\calligrapher_dataset\赵孟𫖯\逝-行-元-赵孟𫖯-123764.png,216,200,False,0.3452,0.0,clean,none,direct_use,True
mccd_salvage,赵孟頫,行,速,G:\GitHub\DiT\MCCD\MCCD\MCCD-Calligrapher\calligrapher_dataset\赵孟𫖯\速-行-元-赵孟𫖯-123825.png,220,250,False,0.4767,0.0,clean,none,direct_use,True
mccd_salvage,赵孟頫,隶,連,G:\GitHub\DiT\MCCD\MCCD\MCCD-Calligrapher\calligrapher_dataset\赵孟𫖯\連-隶-元-赵孟𫖯-124067.png,281,228,False,0.4306,0.0,clean,none,direct_use,True
mccd_salvage,赵孟頫,行,進,G:\GitHub\DiT\MCCD\MCCD\MCCD-Calligrapher\calligrapher_dataset\赵孟𫖯\進-行-元-赵孟𫖯-124288.png,278,263,False,0.281,0.0,clean,none,direct_use,True
mccd_salvage,赵孟頫,隶,逼,G:\GitHub\DiT\MCCD\MCCD\MCCD-Calligrapher\calligrapher_dataset\赵孟𫖯\逼-隶-元-赵孟𫖯-124415.png,263,208,False,0.4293,0.0,clean,none,direct_use,True
mccd_salvage,赵孟頫,楷,遇,G:\GitHub\DiT\MCCD\MCCD\MCCD-Calligrapher\calligrapher_dataset\赵孟𫖯\遇-楷-元-赵孟𫖯-124645.png,223,195,False,0.3031,0.0,clean,none,direct_use,True
mccd_salvage,赵孟頫,行,遇,G:\GitHub\DiT\MCCD\MCCD\MCCD-Calligrapher\calligrapher_dataset\赵孟𫖯\遇-行-元-赵孟𫖯-124650.png,231,175,False,0.2897,0.0,clean,none,direct_use,True
mccd_salvage,赵孟頫,隶,遊,G:\GitHub\DiT\MCCD\MCCD\MCCD-Calligrapher\calligrapher_dataset\赵孟𫖯\遊-隶-元-赵孟𫖯-124729.png,276,216,False,0.4083,0.0,clean,none,direct_use,True
mccd_salvage,赵孟頫,隶,運,G:\GitHub\DiT\MCCD\MCCD\MCCD-Calligrapher\calligrapher_dataset\赵孟𫖯\運-隶-元-赵孟𫖯-124783.png,267,238,False,0.4353,0.0,clean,none,direct_use,True
mccd_salvage,赵孟頫,隶,過,G:\GitHub\DiT\MCCD\MCCD\MCCD-Calligrapher\calligrapher_dataset\赵孟𫖯\過-隶-元-赵孟𫖯-124879.png,248,185,False,0.4112,0.0002,clean,none,direct_use,True
mccd_salvage,赵孟頫,隶,遐,G:\GitHub\DiT\MCCD\MCCD\MCCD-Calligrapher\calligrapher_dataset\赵孟𫖯\遐-隶-元-赵孟𫖯-124986.png,269,185,False,0.4443,0.0,clean,none,direct_use,True
mccd_salvage,赵孟頫,隶,達,G:\GitHub\DiT\MCCD\MCCD\MCCD-Calligrapher\calligrapher_dataset\赵孟𫖯\達-隶-元-赵孟𫖯-125282.png,273,229,False,0.3549,0.0,clean,none,direct_use,True
mccd_salvage,赵孟頫,隶,遙,G:\GitHub\DiT\MCCD\MCCD\MCCD-Calligrapher\calligrapher_dataset\赵孟𫖯\遙-隶-元-赵孟𫖯-125419.png,254,197,False,0.3906,0.0,clean,none,direct_use,True
mccd_salvage,赵孟頫,行,遠,G:\GitHub\DiT\MCCD\MCCD\MCCD-Calligrapher\calligrapher_dataset\赵孟𫖯\遠-行-元-赵孟𫖯-125633.png,243,238,False,0.3939,0.0,clean,none,direct_use,True
mccd_salvage,赵孟頫,隶,適,G:\GitHub\DiT\MCCD\MCCD\MCCD-Calligrapher\calligrapher_dataset\赵孟𫖯\適-隶-元-赵孟𫖯-125838.png,273,249,False,0.3986,0.0,clean,none,direct_use,True
mccd_salvage,赵孟頫,楷,遯,G:\GitHub\DiT\MCCD\MCCD\MCCD-Calligrapher\calligrapher_dataset\赵孟𫖯\遯-楷-元-赵孟𫖯-125944.png,198,148,False,0.3073,0.0,clean,none,direct_use,True
mccd_salvage,赵孟頫,行,遲,G:\GitHub\DiT\MCCD\MCCD\MCCD-Calligrapher\calligrapher_dataset\赵孟𫖯\遲-行-元-赵孟𫖯-125998.png,206,208,False,0.3364,0.0001,clean,none,direct_use,True
mccd_salvage,赵孟頫,行,遵,G:\GitHub\DiT\MCCD\MCCD\MCCD-Calligrapher\calligrapher_dataset\赵孟𫖯\遵-行-元-赵孟𫖯-126054.png,159,186,False,0.3365,0.0,clean,none,direct_use,True
mccd_salvage,赵孟頫,隶,遵,G:\GitHub\DiT\MCCD\MCCD\MCCD-Calligrapher\calligrapher_dataset\赵孟𫖯\遵-隶-元-赵孟𫖯-126037.png,278,253,False,0.4177,0.0,clean,none,direct_use,True
mccd_salvage,赵孟頫,行,遷,G:\GitHub\DiT\MCCD\MCCD\MCCD-Calligrapher\calligrapher_dataset\赵孟𫖯\遷-行-元-赵孟𫖯-126120.png,191,196,False,0.3225,0.0,clean,none,direct_use,True
mccd_salvage,赵孟頫,行,遷,G:\GitHub\DiT\MCCD\MCCD\MCCD-Calligrapher\calligrapher_dataset\赵孟𫖯\遷-行-元-赵孟𫖯-126121.png,202,207,False,0.3199,0.0,clean,none,direct_use,True
mccd_salvage,赵孟頫,隶,遼,G:\GitHub\DiT\MCCD\MCCD\MCCD-Calligrapher\calligrapher_dataset\赵孟𫖯\遼-隶-元-赵孟𫖯-126302.png,276,230,False,0.4113,0.0003,clean,none,direct_use,True
mccd_salvage,赵孟頫,楷,避,G:\GitHub\DiT\MCCD\MCCD\MCCD-Calligrapher\calligrapher_dataset\赵孟𫖯\避-楷-元-赵孟𫖯-126384.png,190,175,False,0.2799,0.0,clean,none,direct_use,True
mccd_salvage,赵孟頫,楷,邊,G:\GitHub\DiT\MCCD\MCCD\MCCD-Calligrapher\calligrapher_dataset\赵孟𫖯\邊-楷-元-赵孟𫖯-126788.png,274,262,False,0.1925,0.0,clean,none,direct_use,True
mccd_salvage,赵孟頫,行,邊,G:\GitHub\DiT\MCCD\MCCD\MCCD-Calligrapher\calligrapher_dataset\赵孟𫖯\邊-行-宋-赵孟𫖯-126799.png,208,293,False,0.3199,0.0,clean,none,direct_use,True
mccd_salvage,赵孟頫,楷,邑,G:\GitHub\DiT\MCCD\MCCD\MCCD-Calligrapher\calligrapher_dataset\赵孟𫖯\邑-楷-元-赵孟𫖯-127079.png,215,193,False,0.3826,0.0,clean,none,direct_use,True
mccd_salvage,赵孟頫,行,那,G:\GitHub\DiT\MCCD\MCCD\MCCD-Calligrapher\calligrapher_dataset\赵孟𫖯\那-行-元-赵孟𫖯-127227.png,202,182,False,0.4914,0.0,clean,none,direct_use,True
mccd_salvage,赵孟頫,楷,郞,G:\GitHub\DiT\MCCD\MCCD\MCCD-Calligrapher\calligrapher_dataset\赵孟𫖯\郞-楷-元-赵孟𫖯-128046.png,197,258,False,0.4002,0.0,clean,none,direct_use,True
mccd_salvage,赵孟頫,隶,郞,G:\GitHub\DiT\MCCD\MCCD\MCCD-Calligrapher\calligrapher_dataset\赵孟𫖯\郞-隶-元-赵孟𫖯-128002.png,283,171,False,0.4379,0.0,clean,none,direct_use,True
mccd_salvage,赵孟頫,楷,郡,G:\GitHub\DiT\MCCD\MCCD\MCCD-Calligrapher\calligrapher_dataset\赵孟𫖯\郡-楷-元-赵孟𫖯-128174.png,198,220,False,0.3625,0.0,clean,none,direct_use,True
mccd_salvage,赵孟頫,楷,部,G:\GitHub\DiT\MCCD\MCCD\MCCD-Calligrapher\calligrapher_dataset\赵孟𫖯\部-楷-元-赵孟𫖯-128366.png,265,288,False,0.339,0.0,clean,none,direct_use,True
mccd_salvage,赵孟頫,隶,都,G:\GitHub\DiT\MCCD\MCCD\MCCD-Calligrapher\calligrapher_dataset\赵孟𫖯\都-隶-元-赵孟𫖯-128713.png,256,187,False,0.3863,0.0,clean,none,direct_use,True
mccd_salvage,赵孟頫,楷,鄒,G:\GitHub\DiT\MCCD\MCCD\MCCD-Calligrapher\calligrapher_dataset\赵孟𫖯\鄒-楷-元-赵孟𫖯-129024.png,176,221,False,0.3145,0.0,clean,none,direct_use,True
mccd_salvage,赵孟頫,行,鄙,G:\GitHub\DiT\MCCD\MCCD\MCCD-Calligrapher\calligrapher_dataset\赵孟𫖯\鄙-行-元-赵孟𫖯-129199.png,202,200,False,0.3592,0.0,clean,none,direct_use,True
mccd_salvage,赵孟頫,楷,鄧,G:\GitHub\DiT\MCCD\MCCD\MCCD-Calligrapher\calligrapher_dataset\赵孟𫖯\鄧-楷-元-赵孟𫖯-129317.png,217,228,False,0.2701,0.0,clean,none,direct_use,True
mccd_salvage,赵孟頫,楷,鄰,G:\GitHub\DiT\MCCD\MCCD\MCCD-Calligrapher\calligrapher_dataset\赵孟𫖯\鄰-楷-元-赵孟𫖯-129437.png,185,213,False,0.4293,0.0,clean,none,direct_use,True
mccd_salvage,赵孟頫,隶,酒,G:\GitHub\DiT\MCCD\MCCD\MCCD-Calligrapher\calligrapher_dataset\赵孟𫖯\酒-隶-元-赵孟𫖯-129906.png,257,177,True,0.5303,0.0,inverted,inverted,invert_polarity,True
mccd_salvage,赵孟頫,楷,醜,G:\GitHub\DiT\MCCD\MCCD\MCCD-Calligrapher\calligrapher_dataset\赵孟𫖯\醜-楷-元-赵孟𫖯-130428.png,260,165,False,0.364,0.0,clean,none,direct_use,True
mccd_salvage,赵孟頫,楷,醢,G:\GitHub\DiT\MCCD\MCCD\MCCD-Calligrapher\calligrapher_dataset\赵孟𫖯\醢-楷-元-赵孟𫖯-130469.png,230,195,False,0.3961,0.0008,clean,none,direct_use,True
mccd_salvage,赵孟頫,楷,醯,G:\GitHub\DiT\MCCD\MCCD\MCCD-Calligrapher\calligrapher_dataset\赵孟𫖯\醯-楷-元-赵孟𫖯-130582.png,238,232,False,0.4312,0.0,clean,none,direct_use,True
mccd_salvage,赵孟頫,楷,釋,G:\GitHub\DiT\MCCD\MCCD\MCCD-Calligrapher\calligrapher_dataset\赵孟𫖯\釋-楷-元-赵孟𫖯-130896.png,228,242,False,0.3515,0.0,clean,none,direct_use,True
mccd_salvage,赵孟頫,行,里,G:\GitHub\DiT\MCCD\MCCD\MCCD-Calligrapher\calligrapher_dataset\赵孟𫖯\里-行-元-赵孟𫖯-131085.png,272,278,False,0.4524,0.0,clean,none,direct_use,True
mccd_salvage,赵孟頫,楷,重,G:\GitHub\DiT\MCCD\MCCD\MCCD-Calligrapher\calligrapher_dataset\赵孟𫖯\重-楷-元-赵孟𫖯-131216.png,220,207,False,0.3759,0.0,clean,none,direct_use,True
mccd_salvage,赵孟頫,隶,重,G:\GitHub\DiT\MCCD\MCCD\MCCD-Calligrapher\calligrapher_dataset\赵孟𫖯\重-隶-元-赵孟𫖯-131182.png,246,261,False,0.4457,0.0,clean,none,direct_use,True
mccd_salvage,赵孟頫,隶,野,G:\GitHub\DiT\MCCD\MCCD\MCCD-Calligrapher\calligrapher_dataset\赵孟𫖯\野-隶-元-赵孟𫖯-131297.png,252,207,False,0.4541,0.0,clean,none,direct_use,True
mccd_salvage,赵孟頫,楷,量,G:\GitHub\DiT\MCCD\MCCD\MCCD-Calligrapher\calligrapher_dataset\赵孟𫖯\量-楷-元-赵孟𫖯-131432.png,218,220,False,0.3877,0.0,clean,none,direct_use,True
mccd_salvage,赵孟頫,楷,釜,G:\GitHub\DiT\MCCD\MCCD\MCCD-Calligrapher\calligrapher_dataset\赵孟𫖯\釜-楷-元-赵孟𫖯-131942.png,232,192,False,0.2844,0.0,clean,none,direct_use,True
mccd_salvage,赵孟頫,隶,釣,G:\GitHub\DiT\MCCD\MCCD\MCCD-Calligrapher\calligrapher_dataset\赵孟𫖯\釣-隶-元-赵孟𫖯-131978.png,264,194,False,0.3535,0.0,clean,none,direct_use,True
mccd_salvage,赵孟頫,楷,鈇,G:\GitHub\DiT\MCCD\MCCD\MCCD-Calligrapher\calligrapher_dataset\赵孟𫖯\鈇-楷-元-赵孟𫖯-132159.png,230,158,False,0.2455,0.0,clean,none,direct_use,True
mccd_salvage,赵孟頫,楷,鈴,G:\GitHub\DiT\MCCD\MCCD\MCCD-Calligrapher\calligrapher_dataset\赵孟𫖯\鈴-楷-元-赵孟𫖯-132362.png,222,171,False,0.2215,0.0,clean,none,direct_use,True
mccd_salvage,赵孟頫,楷,鉅,G:\GitHub\DiT\MCCD\MCCD\MCCD-Calligrapher\calligrapher_dataset\赵孟𫖯\鉅-楷-元-赵孟𫖯-132441.png,256,178,False,0.3676,0.0,clean,none,direct_use,True
mccd_salvage,赵孟頫,楷,鉏,G:\GitHub\DiT\MCCD\MCCD\MCCD-Calligrapher\calligrapher_dataset\赵孟𫖯\鉏-楷-元-赵孟𫖯-132525.png,248,182,False,0.2717,0.0,clean,none,direct_use,True
mccd_salvage,赵孟頫,楷,鉤,G:\GitHub\DiT\MCCD\MCCD\MCCD-Calligrapher\calligrapher_dataset\赵孟𫖯\鉤-楷-元-赵孟𫖯-132630.png,248,212,False,0.3178,0.0,clean,none,direct_use,True
mccd_salvage,赵孟頫,隶,銀,G:\GitHub\DiT\MCCD\MCCD\MCCD-Calligrapher\calligrapher_dataset\赵孟𫖯\銀-隶-元-赵孟𫖯-132714.png,268,185,False,0.383,0.0,clean,none,direct_use,True
mccd_salvage,赵孟頫,楷,銅,G:\GitHub\DiT\MCCD\MCCD\MCCD-Calligrapher\calligrapher_dataset\赵孟𫖯\銅-楷-元-赵孟𫖯-132778.png,261,220,False,0.3306,0.0,clean,none,direct_use,True
mccd_salvage,赵孟頫,隶,銘,G:\GitHub\DiT\MCCD\MCCD\MCCD-Calligrapher\calligrapher_dataset\赵孟𫖯\銘-隶-元-赵孟𫖯-132914.png,261,211,False,0.3535,0.0,clean,none,direct_use,True
mccd_salvage,赵孟頫,楷,銜,G:\GitHub\DiT\MCCD\MCCD\MCCD-Calligrapher\calligrapher_dataset\赵孟𫖯\銜-楷-元-赵孟𫖯-133014.png,275,274,False,0.3068,0.0,clean,none,direct_use,True
mccd_salvage,赵孟頫,行,錐,G:\GitHub\DiT\MCCD\MCCD\MCCD-Calligrapher\calligrapher_dataset\赵孟𫖯\錐-行-元-赵孟𫖯-133454.png,189,212,False,0.3693,0.0,clean,none,direct_use,True
mccd_salvage,赵孟頫,楷,鍪,G:\GitHub\DiT\MCCD\MCCD\MCCD-Calligrapher\calligrapher_dataset\赵孟𫖯\鍪-楷-元-赵孟𫖯-134020.png,202,190,False,0.252,0.0004,clean,none,direct_use,True
mccd_salvage,赵孟頫,楷,鍾,G:\GitHub\DiT\MCCD\MCCD\MCCD-Calligrapher\calligrapher_dataset\赵孟𫖯\鍾-楷-元-赵孟𫖯-134144.png,242,172,False,0.4393,0.0,clean,none,direct_use,True
mccd_salvage,赵孟頫,楷,鎧,G:\GitHub\DiT\MCCD\MCCD\MCCD-Calligrapher\calligrapher_dataset\赵孟𫖯\鎧-楷-元-赵孟𫖯-134316.png,216,200,False,0.3207,0.0007,clean,none,direct_use,True
mccd_salvage,赵孟頫,楷,鎸,G:\GitHub\DiT\MCCD\MCCD\MCCD-Calligrapher\calligrapher_dataset\赵孟𫖯\鎸-楷-元-赵孟𫖯-134439.png,199,198,False,0.4234,0.0,clean,none,direct_use,True
mccd_salvage,赵孟頫,楷,鏡,G:\GitHub\DiT\MCCD\MCCD\MCCD-Calligrapher\calligrapher_dataset\赵孟𫖯\鏡-楷-元-赵孟𫖯-134600.png,250,196,False,0.3186,0.0,clean,none,direct_use,True
mccd_salvage,赵孟頫,楷,鐘,G:\GitHub\DiT\MCCD\MCCD\MCCD-Calligrapher\calligrapher_dataset\赵孟𫖯\鐘-楷-元-赵孟𫖯-134892.png,221,195,False,0.4503,0.0,clean,none,direct_use,True
mccd_salvage,赵孟頫,行,鐸,G:\GitHub\DiT\MCCD\MCCD\MCCD-Calligrapher\calligrapher_dataset\赵孟𫖯\鐸-行-元-赵孟𫖯-135043.png,178,203,False,0.3752,0.0,clean,none,direct_use,True
mccd_salvage,赵孟頫,楷,鑄,G:\GitHub\DiT\MCCD\MCCD\MCCD-Calligrapher\calligrapher_dataset\赵孟𫖯\鑄-楷-元-赵孟𫖯-135117.png,263,237,False,0.3096,0.0,clean,none,direct_use,True
mccd_salvage,赵孟頫,楷,鑑,G:\GitHub\DiT\MCCD\MCCD\MCCD-Calligrapher\calligrapher_dataset\赵孟𫖯\鑑-楷-元-赵孟𫖯-135179.png,210,151,False,0.3886,0.0,clean,none,direct_use,True
mccd_salvage,赵孟頫,行,鑑,G:\GitHub\DiT\MCCD\MCCD\MCCD-Calligrapher\calligrapher_dataset\赵孟𫖯\鑑-行-元-赵孟𫖯-135187.png,214,182,False,0.4042,0.0004,clean,none,direct_use,True
mccd_salvage,赵孟頫,隶,鑑,G:\GitHub\DiT\MCCD\MCCD\MCCD-Calligrapher\calligrapher_dataset\赵孟𫖯\鑑-隶-元-赵孟𫖯-135177.png,294,204,False,0.4368,0.0,clean,none,direct_use,True
mccd_salvage,赵孟頫,行,鑒,G:\GitHub\DiT\MCCD\MCCD\MCCD-Calligrapher\calligrapher_dataset\赵孟𫖯\鑒-行-元-赵孟𫖯-135238.png,212,199,False,0.4096,0.0,clean,none,direct_use,True
mccd_salvage,赵孟頫,楷,鑠,G:\GitHub\DiT\MCCD\MCCD\MCCD-Calligrapher\calligrapher_dataset\赵孟𫖯\鑠-楷-元-赵孟𫖯-135285.png,198,157,False,0.3495,0.0021,clean,none,direct_use,True
mccd_salvage,赵孟頫,楷,鑾,G:\GitHub\DiT\MCCD\MCCD\MCCD-Calligrapher\calligrapher_dataset\赵孟𫖯\鑾-楷-元-赵孟𫖯-135402.png,207,230,False,0.3009,0.0,clean,none,direct_use,True
mccd_salvage,赵孟頫,楷,鑿,G:\GitHub\DiT\MCCD\MCCD\MCCD-Calligrapher\calligrapher_dataset\赵孟𫖯\鑿-楷-元-赵孟𫖯-135437.png,251,247,False,0.2659,0.0013,clean,none,direct_use,True
mccd_salvage,赵孟頫,隶,長,G:\GitHub\DiT\MCCD\MCCD\MCCD-Calligrapher\calligrapher_dataset\赵孟𫖯\長-隶-元-赵孟𫖯-135659.png,264,204,False,0.3675,0.0,clean,none,direct_use,True
mccd_salvage,赵孟頫,隶,門,G:\GitHub\DiT\MCCD\MCCD\MCCD-Calligrapher\calligrapher_dataset\赵孟𫖯\門-隶-元-赵孟𫖯-135984.png,279,208,False,0.3469,0.0,clean,none,direct_use,True
mccd_salvage,赵孟頫,楷,開,G:\GitHub\DiT\MCCD\MCCD\MCCD-Calligrapher\calligrapher_dataset\赵孟𫖯\開-楷-元-赵孟𫖯-136218.png,197,234,False,0.5364,0.0,clean,none,direct_use,True
mccd_salvage,赵孟頫,楷,閏,G:\GitHub\DiT\MCCD\MCCD\MCCD-Calligrapher\calligrapher_dataset\赵孟𫖯\閏-楷-元-赵孟𫖯-136297.png,194,206,False,0.4475,0.0,clean,none,direct_use,True
mccd_salvage,赵孟頫,隶,閑,G:\GitHub\DiT\MCCD\MCCD\MCCD-Calligrapher\calligrapher_dataset\赵孟𫖯\閑-隶-元-赵孟𫖯-136320.png,286,200,False,0.4495,0.0,clean,none,direct_use,True
mccd_salvage,赵孟頫,楷,間,G:\GitHub\DiT\MCCD\MCCD\MCCD-Calligrapher\calligrapher_dataset\赵孟𫖯\間-楷-元-赵孟𫖯-136448.png,201,237,False,0.5093,0.0,clean,none,direct_use,True
mccd_salvage,赵孟頫,楷,閔,G:\GitHub\DiT\MCCD\MCCD\MCCD-Calligrapher\calligrapher_dataset\赵孟𫖯\閔-楷-元-赵孟𫖯-136511.png,228,265,False,0.3672,0.0012,clean,none,direct_use,True
mccd_salvage,赵孟頫,楷,閱,G:\GitHub\DiT\MCCD\MCCD\MCCD-Calligrapher\calligrapher_dataset\赵孟𫖯\閱-楷-元-赵孟𫖯-136741.png,185,223,False,0.4922,0.0,clean,none,direct_use,True
mccd_salvage,赵孟頫,隶,闕,G:\GitHub\DiT\MCCD\MCCD\MCCD-Calligrapher\calligrapher_dataset\赵孟𫖯\闕-隶-元-赵孟𫖯-137044.png,245,210,False,0.4292,0.0,clean,none,direct_use,True
mccd_salvage,赵孟頫,楷,關,G:\GitHub\DiT\MCCD\MCCD\MCCD-Calligrapher\calligrapher_dataset\赵孟𫖯\關-楷-元-赵孟𫖯-137160.png,206,257,False,0.2802,0.0,clean,none,direct_use,True
mccd_salvage,赵孟頫,行,關,G:\GitHub\DiT\MCCD\MCCD\MCCD-Calligrapher\calligrapher_dataset\赵孟𫖯\關-行-元-赵孟𫖯-137165.png,183,191,False,0.4647,0.0,clean,none,direct_use,True
mccd_salvage,赵孟頫,楷,闢,G:\GitHub\DiT\MCCD\MCCD\MCCD-Calligrapher\calligrapher_dataset\赵孟𫖯\闢-楷-元-赵孟𫖯-137241.png,177,208,False,0.3088,0.0,clean,none,direct_use,True
mccd_salvage,赵孟頫,楷,闥,G:\GitHub\DiT\MCCD\MCCD\MCCD-Calligrapher\calligrapher_dataset\赵孟𫖯\闥-楷-元-赵孟𫖯-137263.png,165,201,False,0.3644,0.0,clean,none,direct_use,True
mccd_salvage,赵孟頫,楷,阜,G:\GitHub\DiT\MCCD\MCCD\MCCD-Calligrapher\calligrapher_dataset\赵孟𫖯\阜-楷-元-赵孟𫖯-137305.png,207,229,False,0.2927,0.0,clean,none,direct_use,True
mccd_salvage,赵孟頫,行,阮,G:\GitHub\DiT\MCCD\MCCD\MCCD-Calligrapher\calligrapher_dataset\赵孟𫖯\阮-行-元-赵孟𫖯-137459.png,243,209,False,0.2586,0.0005,clean,none,direct_use,True
mccd_salvage,赵孟頫,楷,陂,G:\GitHub\DiT\MCCD\MCCD\MCCD-Calligrapher\calligrapher_dataset\赵孟𫖯\陂-楷-元-赵孟𫖯-137694.png,225,174,False,0.2956,0.0,clean,none,direct_use,True
mccd_salvage,赵孟頫,楷,陋,G:\GitHub\DiT\MCCD\MCCD\MCCD-Calligrapher\calligrapher_dataset\赵孟𫖯\陋-楷-元-赵孟𫖯-137762.png,264,212,False,0.4393,0.0,clean,none,direct_use,True
mccd_salvage,赵孟頫,楷,降,G:\GitHub\DiT\MCCD\MCCD\MCCD-Calligrapher\calligrapher_dataset\赵孟𫖯\降-楷-元-赵孟𫖯-137919.png,217,225,False,0.4426,0.0,clean,none,direct_use,True
mccd_salvage,赵孟頫,隶,陛,G:\GitHub\DiT\MCCD\MCCD\MCCD-Calligrapher\calligrapher_dataset\赵孟𫖯\陛-隶-元-赵孟𫖯-138035.png,265,197,False,0.4133,0.0,clean,none,direct_use,True
mccd_salvage,赵孟頫,隶,陞,G:\GitHub\DiT\MCCD\MCCD\MCCD-Calligrapher\calligrapher_dataset\赵孟𫖯\陞-隶-元-赵孟𫖯-138078.png,285,176,False,0.4406,0.0,clean,none,direct_use,True
mccd_salvage,赵孟頫,隶,陟,G:\GitHub\DiT\MCCD\MCCD\MCCD-Calligrapher\calligrapher_dataset\赵孟𫖯\陟-隶-元-赵孟𫖯-138139.png,274,251,False,0.355,0.0,clean,none,direct_use,True
mccd_salvage,赵孟頫,楷,院,G:\GitHub\DiT\MCCD\MCCD\MCCD-Calligrapher\calligrapher_dataset\赵孟𫖯\院-楷-元-赵孟𫖯-138205.png,257,238,False,0.3652,0.0,clean,none,direct_use,True
mccd_salvage,赵孟頫,楷,除,G:\GitHub\DiT\MCCD\MCCD\MCCD-Calligrapher\calligrapher_dataset\赵孟𫖯\除-楷-元-赵孟𫖯-138313.png,217,192,False,0.2493,0.0017,clean,none,direct_use,True
mccd_salvage,赵孟頫,隶,陪,G:\GitHub\DiT\MCCD\MCCD\MCCD-Calligrapher\calligrapher_dataset\赵孟𫖯\陪-隶-元-赵孟𫖯-138352.png,247,182,False,0.4312,0.0,clean,none,direct_use,True
mccd_salvage,赵孟頫,楷,陬,G:\GitHub\DiT\MCCD\MCCD\MCCD-Calligrapher\calligrapher_dataset\赵孟𫖯\陬-楷-元-赵孟𫖯-138390.png,194,163,False,0.3396,0.0,clean,none,direct_use,True
mccd_salvage,赵孟頫,楷,陰,G:\GitHub\DiT\MCCD\MCCD\MCCD-Calligrapher\calligrapher_dataset\赵孟𫖯\陰-楷-元-赵孟𫖯-138487.png,224,179,False,0.396,0.0,clean,none,direct_use,True
mccd_salvage,赵孟頫,楷,陳,G:\GitHub\DiT\MCCD\MCCD\MCCD-Calligrapher\calligrapher_dataset\赵孟𫖯\陳-楷-元-赵孟𫖯-138609.png,208,215,False,0.3281,0.0,clean,none,direct_use,True
mccd_salvage,赵孟頫,隶,陳,G:\GitHub\DiT\MCCD\MCCD\MCCD-Calligrapher\calligrapher_dataset\赵孟𫖯\陳-隶-元-赵孟𫖯-138581.png,257,206,False,0.4649,0.0,clean,none,direct_use,True
mccd_salvage,赵孟頫,楷,陶,G:\GitHub\DiT\MCCD\MCCD\MCCD-Calligrapher\calligrapher_dataset\赵孟𫖯\陶-楷-元-赵孟𫖯-138811.png,208,198,False,0.3477,0.0,clean,none,direct_use,True
mccd_salvage,赵孟頫,隶,陶,G:\GitHub\DiT\MCCD\MCCD\MCCD-Calligrapher\calligrapher_dataset\赵孟𫖯\陶-隶-元-赵孟𫖯-138797.png,249,194,False,0.4485,0.0,clean,none,direct_use,True
mccd_salvage,赵孟頫,楷,陸,G:\GitHub\DiT\MCCD\MCCD\MCCD-Calligrapher\calligrapher_dataset\赵孟𫖯\陸-楷-元-赵孟𫖯-138901.png,235,250,False,0.3539,0.0,clean,none,direct_use,True
mccd_salvage,赵孟頫,行,陽,G:\GitHub\DiT\MCCD\MCCD\MCCD-Calligrapher\calligrapher_dataset\赵孟𫖯\陽-行-元-赵孟𫖯-139081.png,207,232,False,0.4081,0.0004,clean,none,direct_use,True
mccd_salvage,赵孟頫,楷,隙,G:\GitHub\DiT\MCCD\MCCD\MCCD-Calligrapher\calligrapher_dataset\赵孟𫖯\隙-楷-元-赵孟𫖯-139513.png,222,229,False,0.3233,0.0,clean,none,direct_use,True
mccd_salvage,赵孟頫,楷,際,G:\GitHub\DiT\MCCD\MCCD\MCCD-Calligrapher\calligrapher_dataset\赵孟𫖯\際-楷-元-赵孟𫖯-139535.png,202,177,False,0.3924,0.0,clean,none,direct_use,True
mccd_salvage,赵孟頫,行,際,G:\GitHub\DiT\MCCD\MCCD\MCCD-Calligrapher\calligrapher_dataset\赵孟𫖯\際-行-元-赵孟𫖯-139540.png,207,188,False,0.3587,0.0,clean,none,direct_use,True
mccd_salvage,赵孟頫,楷,隨,G:\GitHub\DiT\MCCD\MCCD\MCCD-Calligrapher\calligrapher_dataset\赵孟𫖯\隨-楷-元-赵孟𫖯-139651.png,207,218,False,0.3203,0.0,clean,none,direct_use,True
mccd_salvage,赵孟頫,行,隨,G:\GitHub\DiT\MCCD\MCCD\MCCD-Calligrapher\calligrapher_dataset\赵孟𫖯\隨-行-元-赵孟𫖯-139669.png,248,204,False,0.388,0.0,clean,none,direct_use,True
mccd_salvage,赵孟頫,楷,隱,G:\GitHub\DiT\MCCD\MCCD\MCCD-Calligrapher\calligrapher_dataset\赵孟𫖯\隱-楷-元-赵孟𫖯-139838.png,185,176,False,0.3641,0.0,clean,none,direct_use,True
mccd_salvage,赵孟頫,行,隱,G:\GitHub\DiT\MCCD\MCCD\MCCD-Calligrapher\calligrapher_dataset\赵孟𫖯\隱-行-元-赵孟𫖯-139850.png,202,187,False,0.3422,0.0043,clean,none,direct_use,True
mccd_salvage,赵孟頫,楷,隸,G:\GitHub\DiT\MCCD\MCCD\MCCD-Calligrapher\calligrapher_dataset\赵孟𫖯\隸-楷-元-赵孟𫖯-139987.png,215,175,False,0.3469,0.0,clean,none,direct_use,True
mccd_salvage,赵孟頫,行,隻,G:\GitHub\DiT\MCCD\MCCD\MCCD-Calligrapher\calligrapher_dataset\赵孟𫖯\隻-行-元-赵孟𫖯-140301.png,174,216,False,0.2996,0.0,clean,none,direct_use,True
mccd_salvage,赵孟頫,行,雅,G:\GitHub\DiT\MCCD\MCCD\MCCD-Calligrapher\calligrapher_dataset\赵孟𫖯\雅-行-元-赵孟𫖯-140535.png,209,254,False,0.4422,0.0,clean,none,direct_use,True
mccd_salvage,赵孟頫,隶,雅,G:\GitHub\DiT\MCCD\MCCD\MCCD-Calligrapher\calligrapher_dataset\赵孟𫖯\雅-隶-元-赵孟𫖯-140486.png,255,208,False,0.3583,0.0,clean,none,direct_use,True
mccd_salvage,赵孟頫,楷,集,G:\GitHub\DiT\MCCD\MCCD\MCCD-Calligrapher\calligrapher_dataset\赵孟𫖯\集-楷-元-赵孟𫖯-140625.png,197,168,False,0.297,0.0,clean,none,direct_use,True
mccd_salvage,赵孟頫,楷,集,G:\GitHub\DiT\MCCD\MCCD\MCCD-Calligrapher\calligrapher_dataset\赵孟𫖯\集-楷-元-赵孟𫖯-140626.png,203,175,False,0.348,0.0,clean,none,direct_use,True
mccd_salvage,赵孟頫,行,雖,G:\GitHub\DiT\MCCD\MCCD\MCCD-Calligrapher\calligrapher_dataset\赵孟𫖯\雖-行-元-赵孟𫖯-140945.png,256,271,False,0.4111,0.0,clean,none,direct_use,True
mccd_salvage,赵孟頫,行,雖,G:\GitHub\DiT\MCCD\MCCD\MCCD-Calligrapher\calligrapher_dataset\赵孟𫖯\雖-行-元-赵孟𫖯-140946.png,270,244,False,0.3278,0.0,clean,none,direct_use,True
mccd_salvage,赵孟頫,楷,雙,G:\GitHub\DiT\MCCD\MCCD\MCCD-Calligrapher\calligrapher_dataset\赵孟𫖯\雙-楷-元-赵孟𫖯-141032.png,227,234,False,0.3251,0.0,clean,none,direct_use,True
mccd_salvage,赵孟頫,楷,雞,G:\GitHub\DiT\MCCD\MCCD\MCCD-Calligrapher\calligrapher_dataset\赵孟𫖯\雞-楷-元-赵孟𫖯-141233.png,219,211,False,0.3372,0.0,clean,none,direct_use,True
mccd_salvage,赵孟頫,隶,雞,G:\GitHub\DiT\MCCD\MCCD\MCCD-Calligrapher\calligrapher_dataset\赵孟𫖯\雞-隶-元-赵孟𫖯-141226.png,271,216,False,0.4041,0.0,clean,none,direct_use,True
mccd_salvage,赵孟頫,隶,離,G:\GitHub\DiT\MCCD\MCCD\MCCD-Calligrapher\calligrapher_dataset\赵孟𫖯\離-隶-元-赵孟𫖯-141281.png,264,192,False,0.3949,0.0,clean,none,direct_use,True
mccd_salvage,赵孟頫,楷,難,G:\GitHub\DiT\MCCD\MCCD\MCCD-Calligrapher\calligrapher_dataset\赵孟𫖯\難-楷-元-赵孟𫖯-141435.png,179,183,False,0.3878,0.0,clean,none,direct_use,True
mccd_salvage,赵孟頫,行,難,G:\GitHub\DiT\MCCD\MCCD\MCCD-Calligrapher\calligrapher_dataset\赵孟𫖯\難-行-元-赵孟𫖯-141461.png,202,191,False,0.37,0.0,clean,none,direct_use,True
mccd_salvage,赵孟頫,隶,難,G:\GitHub\DiT\MCCD\MCCD\MCCD-Calligrapher\calligrapher_dataset\赵孟𫖯\難-隶-元-赵孟𫖯-141409.png,265,210,False,0.3842,0.0,clean,none,direct_use,True
mccd_salvage,赵孟頫,隶,雨,G:\GitHub\DiT\MCCD\MCCD\MCCD-Calligrapher\calligrapher_dataset\赵孟𫖯\雨-隶-元-赵孟𫖯-141646.png,280,193,False,0.4636,0.0,clean,none,direct_use,True
mccd_salvage,赵孟頫,楷,雲,G:\GitHub\DiT\MCCD\MCCD\MCCD-Calligrapher\calligrapher_dataset\赵孟𫖯\雲-楷-元-赵孟𫖯-141938.png,213,222,False,0.4428,0.0,clean,none,direct_use,True
mccd_salvage,赵孟頫,楷,電,G:\GitHub\DiT\MCCD\MCCD\MCCD-Calligrapher\calligrapher_dataset\赵孟𫖯\電-楷-元-赵孟𫖯-142153.png,183,191,False,0.3342,0.0009,clean,none,direct_use,True
mccd_salvage,赵孟頫,行,霄,G:\GitHub\DiT\MCCD\MCCD\MCCD-Calligrapher\calligrapher_dataset\赵孟𫖯\霄-行-元-赵孟𫖯-142229.png,188,268,False,0.396,0.0,clean,none,direct_use,True
mccd_salvage,赵孟頫,楷,霜,G:\GitHub\DiT\MCCD\MCCD\MCCD-Calligrapher\calligrapher_dataset\赵孟𫖯\霜-楷-元-赵孟𫖯-142488.png,221,226,False,0.4209,0.0,clean,none,direct_use,True
mccd_salvage,赵孟頫,楷,霞,G:\GitHub\DiT\MCCD\MCCD\MCCD-Calligrapher\calligrapher_dataset\赵孟𫖯\霞-楷-元-赵孟𫖯-142624.png,199,221,False,0.2908,0.0,clean,none,direct_use,True
mccd_salvage,赵孟頫,楷,露,G:\GitHub\DiT\MCCD\MCCD\MCCD-Calligrapher\calligrapher_dataset\赵孟𫖯\露-楷-元-赵孟𫖯-142764.png,218,205,False,0.4157,0.0,clean,none,direct_use,True
mccd_salvage,赵孟頫,隶,露,G:\GitHub\DiT\MCCD\MCCD\MCCD-Calligrapher\calligrapher_dataset\赵孟𫖯\露-隶-元-赵孟𫖯-142749.png,272,283,False,0.3784,0.0,clean,none,direct_use,True
mccd_salvage,赵孟頫,隶,霸,G:\GitHub\DiT\MCCD\MCCD\MCCD-Calligrapher\calligrapher_dataset\赵孟𫖯\霸-隶-元-赵孟𫖯-142877.png,283,254,False,0.4556,0.0,clean,none,direct_use,True
mccd_salvage,赵孟頫,楷,霽,G:\GitHub\DiT\MCCD\MCCD\MCCD-Calligrapher\calligrapher_dataset\赵孟𫖯\霽-楷-元-赵孟𫖯-142929.png,204,207,False,0.2557,0.0,clean,none,direct_use,True
mccd_salvage,赵孟頫,楷,靈,G:\GitHub\DiT\MCCD\MCCD\MCCD-Calligrapher\calligrapher_dataset\赵孟𫖯\靈-楷-元-赵孟𫖯-143084.png,227,264,False,0.4086,0.0,clean,none,direct_use,True
mccd_salvage,赵孟頫,行,靈,G:\GitHub\DiT\MCCD\MCCD\MCCD-Calligrapher\calligrapher_dataset\赵孟𫖯\靈-行-元-赵孟𫖯-143113.png,161,230,False,0.5185,0.0,clean,none,direct_use,True
mccd_salvage,赵孟頫,隶,青,G:\GitHub\DiT\MCCD\MCCD\MCCD-Calligrapher\calligrapher_dataset\赵孟𫖯\青-隶-元-赵孟𫖯-143343.png,285,241,False,0.3542,0.0,clean,none,direct_use,True
mccd_salvage,赵孟頫,楷,静,G:\GitHub\DiT\MCCD\MCCD\MCCD-Calligrapher\calligrapher_dataset\赵孟𫖯\静-楷-元-赵孟𫖯-143514.png,205,211,False,0.3473,0.0,clean,none,direct_use,True
mccd_salvage,赵孟頫,行,面,G:\GitHub\DiT\MCCD\MCCD\MCCD-Calligrapher\calligrapher_dataset\赵孟𫖯\面-行-元-赵孟𫖯-144074.png,202,169,False,0.4359,0.0,clean,none,direct_use,True
mccd_salvage,赵孟頫,隶,面,G:\GitHub\DiT\MCCD\MCCD\MCCD-Calligrapher\calligrapher_dataset\赵孟𫖯\面-隶-元-赵孟𫖯-144035.png,270,163,False,0.464,0.0,clean,none,direct_use,True
mccd_salvage,赵孟頫,行,鞏,G:\GitHub\DiT\MCCD\MCCD\MCCD-Calligrapher\calligrapher_dataset\赵孟𫖯\鞏-行-元-赵孟𫖯-144453.png,177,230,False,0.3499,0.0,clean,none,direct_use,True
mccd_salvage,赵孟頫,楷,鞠,G:\GitHub\DiT\MCCD\MCCD\MCCD-Calligrapher\calligrapher_dataset\赵孟𫖯\鞠-楷-元-赵孟𫖯-144558.png,239,212,False,0.3617,0.0,clean,none,direct_use,True
mccd_salvage,赵孟頫,隶,鞠,G:\GitHub\DiT\MCCD\MCCD\MCCD-Calligrapher\calligrapher_dataset\赵孟𫖯\鞠-隶-元-赵孟𫖯-144548.png,281,216,False,0.4427,0.0,clean,none,direct_use,True
mccd_salvage,赵孟頫,楷,韋,G:\GitHub\DiT\MCCD\MCCD\MCCD-Calligrapher\calligrapher_dataset\赵孟𫖯\韋-楷-元-赵孟𫖯-144880.png,157,264,False,0.2905,0.0,clean,none,direct_use,True
mccd_salvage,赵孟頫,行,韜,G:\GitHub\DiT\MCCD\MCCD\MCCD-Calligrapher\calligrapher_dataset\赵孟𫖯\韜-行-元-赵孟𫖯-145058.png,219,229,False,0.4983,0.0,clean,none,direct_use,True
mccd_salvage,赵孟頫,行,音,G:\GitHub\DiT\MCCD\MCCD\MCCD-Calligrapher\calligrapher_dataset\赵孟𫖯\音-行-元-赵孟𫖯-145245.png,228,238,False,0.3615,0.0,clean,none,direct_use,True
mccd_salvage,赵孟頫,隶,音,G:\GitHub\DiT\MCCD\MCCD\MCCD-Calligrapher\calligrapher_dataset\赵孟𫖯\音-隶-元-赵孟𫖯-145214.png,254,213,False,0.418,0.0,clean,none,direct_use,True
mccd_salvage,赵孟頫,隶,韻,G:\GitHub\DiT\MCCD\MCCD\MCCD-Calligrapher\calligrapher_dataset\赵孟𫖯\韻-隶-元-赵孟𫖯-145317.png,258,225,False,0.4838,0.0,clean,none,direct_use,True
mccd_salvage,赵孟頫,楷,頓,G:\GitHub\DiT\MCCD\MCCD\MCCD-Calligrapher\calligrapher_dataset\赵孟𫖯\頓-楷-元-赵孟𫖯-145865.png,240,231,False,0.3272,0.0,clean,none,direct_use,True
mccd_salvage,赵孟頫,隶,頗,G:\GitHub\DiT\MCCD\MCCD\MCCD-Calligrapher\calligrapher_dataset\赵孟𫖯\頗-隶-元-赵孟𫖯-145965.png,273,172,False,0.4822,0.0,clean,none,direct_use,True
mccd_salvage,赵孟頫,楷,領,G:\GitHub\DiT\MCCD\MCCD\MCCD-Calligrapher\calligrapher_dataset\赵孟𫖯\領-楷-元-赵孟𫖯-146019.png,234,198,False,0.3626,0.0,clean,none,direct_use,True
mccd_salvage,赵孟頫,行,領,G:\GitHub\DiT\MCCD\MCCD\MCCD-Calligrapher\calligrapher_dataset\赵孟𫖯\領-行-元-赵孟𫖯-146029.png,226,205,False,0.3167,0.0004,clean,none,direct_use,True
mccd_salvage,赵孟頫,楷,頫,G:\GitHub\DiT\MCCD\MCCD\MCCD-Calligrapher\calligrapher_dataset\赵孟𫖯\頫-楷-元-赵孟𫖯-146171.png,222,206,False,0.534,0.0,clean,none,direct_use,True
mccd_salvage,赵孟頫,行,頫,G:\GitHub\DiT\MCCD\MCCD\MCCD-Calligrapher\calligrapher_dataset\赵孟𫖯\頫-行-元-赵孟𫖯-146174.png,232,200,False,0.4802,0.0,clean,none,direct_use,True
mccd_salvage,赵孟頫,行,頫,G:\GitHub\DiT\MCCD\MCCD\MCCD-Calligrapher\calligrapher_dataset\赵孟𫖯\頫-行-元-赵孟𫖯-146175.png,204,211,False,0.5443,0.0,clean,none,direct_use,True
mccd_salvage,赵孟頫,行,頫,G:\GitHub\DiT\MCCD\MCCD\MCCD-Calligrapher\calligrapher_dataset\赵孟𫖯\頫-行-元-赵孟𫖯-146176.png,225,208,False,0.4864,0.0,clean,none,direct_use,True
mccd_salvage,赵孟頫,楷,頭,G:\GitHub\DiT\MCCD\MCCD\MCCD-Calligrapher\calligrapher_dataset\赵孟𫖯\頭-楷-元-赵孟𫖯-146221.png,214,218,False,0.4152,0.0,clean,none,direct_use,True
mccd_salvage,赵孟頫,行,頭,G:\GitHub\DiT\MCCD\MCCD\MCCD-Calligrapher\calligrapher_dataset\赵孟𫖯\頭-行-元-赵孟𫖯-146232.png,201,190,False,0.5219,0.0,clean,none,direct_use,True
mccd_salvage,赵孟頫,楷,頸,G:\GitHub\DiT\MCCD\MCCD\MCCD-Calligrapher\calligrapher_dataset\赵孟𫖯\頸-楷-元-赵孟𫖯-146346.png,225,184,False,0.4191,0.0,clean,none,direct_use,True
mccd_salvage,赵孟頫,楷,題,G:\GitHub\DiT\MCCD\MCCD\MCCD-Calligrapher\calligrapher_dataset\赵孟𫖯\題-楷-元-赵孟𫖯-146496.png,283,216,False,0.2275,0.0615,noisy,high_dirt_0.06,denoise_bridge,True
mccd_salvage,赵孟頫,楷,願,G:\GitHub\DiT\MCCD\MCCD\MCCD-Calligrapher\calligrapher_dataset\赵孟𫖯\願-楷-元-赵孟𫖯-146761.png,190,178,False,0.4799,0.0,clean,none,direct_use,True
mccd_salvage,赵孟頫,隶,願,G:\GitHub\DiT\MCCD\MCCD\MCCD-Calligrapher\calligrapher_dataset\赵孟𫖯\願-隶-元-赵孟𫖯-146740.png,254,146,False,0.4564,0.0,clean,none,direct_use,True
mccd_salvage,赵孟頫,楷,顛,G:\GitHub\DiT\MCCD\MCCD\MCCD-Calligrapher\calligrapher_dataset\赵孟𫖯\顛-楷-元-赵孟𫖯-146880.png,218,208,False,0.3817,0.0,clean,none,direct_use,True
mccd_salvage,赵孟頫,隶,顛,G:\GitHub\DiT\MCCD\MCCD\MCCD-Calligrapher\calligrapher_dataset\赵孟𫖯\顛-隶-元-赵孟𫖯-146871.png,249,204,False,0.4573,0.0,clean,none,direct_use,True
mccd_salvage,赵孟頫,行,類,G:\GitHub\DiT\MCCD\MCCD\MCCD-Calligrapher\calligrapher_dataset\赵孟𫖯\類-行-元-赵孟𫖯-146963.png,191,191,False,0.355,0.0,clean,none,direct_use,True
mccd_salvage,赵孟頫,隶,顧,G:\GitHub\DiT\MCCD\MCCD\MCCD-Calligrapher\calligrapher_dataset\赵孟𫖯\顧-隶-元-赵孟𫖯-147036.png,249,148,False,0.4499,0.0,clean,none,direct_use,True
mccd_salvage,赵孟頫,行,顯,G:\GitHub\DiT\MCCD\MCCD\MCCD-Calligrapher\calligrapher_dataset\赵孟𫖯\顯-行-元-赵孟𫖯-147250.png,177,171,False,0.4836,0.0,clean,none,direct_use,True
mccd_salvage,赵孟頫,行,顯,G:\GitHub\DiT\MCCD\MCCD\MCCD-Calligrapher\calligrapher_dataset\赵孟𫖯\顯-行-元-赵孟𫖯-147251.png,249,253,False,0.4456,0.0,clean,none,direct_use,True
mccd_salvage,赵孟頫,隶,顰,G:\GitHub\DiT\MCCD\MCCD\MCCD-Calligrapher\calligrapher_dataset\赵孟𫖯\顰-隶-元-赵孟𫖯-147275.png,231,258,False,0.3846,0.0,clean,none,direct_use,True
mccd_salvage,赵孟頫,楷,飄,G:\GitHub\DiT\MCCD\MCCD\MCCD-Calligrapher\calligrapher_dataset\赵孟𫖯\飄-楷-元-赵孟𫖯-147604.png,257,206,False,0.3752,0.0,clean,none,direct_use,True
mccd_salvage,赵孟頫,行,飄,G:\GitHub\DiT\MCCD\MCCD\MCCD-Calligrapher\calligrapher_dataset\赵孟𫖯\飄-行-元-赵孟𫖯-147611.png,232,174,False,0.4592,0.0,clean,none,direct_use,True
mccd_salvage,赵孟頫,隶,飄,G:\GitHub\DiT\MCCD\MCCD\MCCD-Calligrapher\calligrapher_dataset\赵孟𫖯\飄-隶-元-赵孟𫖯-147594.png,246,186,False,0.4982,0.0,clean,none,direct_use,True
mccd_salvage,赵孟頫,楷,飛,G:\GitHub\DiT\MCCD\MCCD\MCCD-Calligrapher\calligrapher_dataset\赵孟𫖯\飛-楷-元-赵孟𫖯-147721.png,263,249,False,0.3435,0.0,clean,none,direct_use,True
mccd_salvage,赵孟頫,行,飛,G:\GitHub\DiT\MCCD\MCCD\MCCD-Calligrapher\calligrapher_dataset\赵孟𫖯\飛-行-元-赵孟𫖯-147744.png,205,221,False,0.3936,0.0,clean,none,direct_use,True
mccd_salvage,赵孟頫,楷,飡,G:\GitHub\DiT\MCCD\MCCD\MCCD-Calligrapher\calligrapher_dataset\赵孟𫖯\飡-楷-元-赵孟𫖯-147985.png,216,194,False,0.3072,0.0,clean,none,direct_use,True
mccd_salvage,赵孟頫,隶,飡,G:\GitHub\DiT\MCCD\MCCD\MCCD-Calligrapher\calligrapher_dataset\赵孟𫖯\飡-隶-元-赵孟𫖯-147976.png,255,212,False,0.3557,0.0,clean,none,direct_use,True
mccd_salvage,赵孟頫,行,飢,G:\GitHub\DiT\MCCD\MCCD\MCCD-Calligrapher\calligrapher_dataset\赵孟𫖯\飢-行-元-赵孟𫖯-148016.png,216,156,False,0.3632,0.0,clean,none,direct_use,True
mccd_salvage,赵孟頫,隶,飢,G:\GitHub\DiT\MCCD\MCCD\MCCD-Calligrapher\calligrapher_dataset\赵孟𫖯\飢-隶-元-赵孟𫖯-148004.png,282,166,False,0.335,0.0,clean,none,direct_use,True
mccd_salvage,赵孟頫,楷,飯,G:\GitHub\DiT\MCCD\MCCD\MCCD-Calligrapher\calligrapher_dataset\赵孟𫖯\飯-楷-元-赵孟𫖯-148252.png,278,195,False,0.3385,0.0,clean,none,direct_use,True
mccd_salvage,赵孟頫,楷,飽,G:\GitHub\DiT\MCCD\MCCD\MCCD-Calligrapher\calligrapher_dataset\赵孟𫖯\飽-楷-元-赵孟𫖯-148380.png,268,186,False,0.3473,0.0,clean,none,direct_use,True
mccd_salvage,赵孟頫,隶,飽,G:\GitHub\DiT\MCCD\MCCD\MCCD-Calligrapher\calligrapher_dataset\赵孟𫖯\飽-隶-元-赵孟𫖯-148375.png,248,151,False,0.423,0.0,clean,none,direct_use,True
mccd_salvage,赵孟頫,楷,養,G:\GitHub\DiT\MCCD\MCCD\MCCD-Calligrapher\calligrapher_dataset\赵孟𫖯\養-楷-元-赵孟𫖯-148520.png,223,218,False,0.2658,0.0,clean,none,direct_use,True
mccd_salvage,赵孟頫,楷,餘,G:\GitHub\DiT\MCCD\MCCD\MCCD-Calligrapher\calligrapher_dataset\赵孟𫖯\餘-楷-元-赵孟𫖯-148693.png,257,179,False,0.3107,0.0,clean,none,direct_use,True
mccd_salvage,赵孟頫,隶,餘,G:\GitHub\DiT\MCCD\MCCD\MCCD-Calligrapher\calligrapher_dataset\赵孟𫖯\餘-隶-元-赵孟𫖯-148666.png,259,177,False,0.3741,0.0,clean,none,direct_use,True
mccd_salvage,赵孟頫,楷,首,G:\GitHub\DiT\MCCD\MCCD\MCCD-Calligrapher\calligrapher_dataset\赵孟𫖯\首-楷-元-赵孟𫖯-149437.png,242,269,False,0.3382,0.0,clean,none,direct_use,True
mccd_salvage,赵孟頫,隶,首,G:\GitHub\DiT\MCCD\MCCD\MCCD-Calligrapher\calligrapher_dataset\赵孟𫖯\首-隶-元-赵孟𫖯-149422.png,286,232,False,0.3874,0.0,clean,none,direct_use,True
mccd_salvage,赵孟頫,行,香,G:\GitHub\DiT\MCCD\MCCD\MCCD-Calligrapher\calligrapher_dataset\赵孟𫖯\香-行-元-赵孟𫖯-149579.png,158,174,False,0.4722,0.0,clean,none,direct_use,True
mccd_salvage,赵孟頫,楷,馨,G:\GitHub\DiT\MCCD\MCCD\MCCD-Calligrapher\calligrapher_dataset\赵孟𫖯\馨-楷-元-赵孟𫖯-149674.png,235,274,False,0.3505,0.0,clean,none,direct_use,True
mccd_salvage,赵孟頫,楷,馴,G:\GitHub\DiT\MCCD\MCCD\MCCD-Calligrapher\calligrapher_dataset\赵孟𫖯\馴-楷-元-赵孟𫖯-150217.png,190,182,False,0.3287,0.0,clean,none,direct_use,True
mccd_salvage,赵孟頫,隶,駒,G:\GitHub\DiT\MCCD\MCCD\MCCD-Calligrapher\calligrapher_dataset\赵孟𫖯\駒-隶-元-赵孟𫖯-150358.png,248,183,False,0.4424,0.0,clean,none,direct_use,True
mccd_salvage,赵孟頫,隶,駝,G:\GitHub\DiT\MCCD\MCCD\MCCD-Calligrapher\calligrapher_dataset\赵孟𫖯\駝-隶-元-赵孟𫖯-150514.png,263,163,False,0.4571,0.0,clean,none,direct_use,True
mccd_salvage,赵孟頫,楷,駟,G:\GitHub\DiT\MCCD\MCCD\MCCD-Calligrapher\calligrapher_dataset\赵孟𫖯\駟-楷-元-赵孟𫖯-150542.png,245,187,False,0.3248,0.0,clean,none,direct_use,True
mccd_salvage,赵孟頫,楷,騈,G:\GitHub\DiT\MCCD\MCCD\MCCD-Calligrapher\calligrapher_dataset\赵孟𫖯\騈-楷-元-赵孟𫖯-150831.png,203,218,False,0.2934,0.0007,clean,none,direct_use,True
mccd_salvage,赵孟頫,行,騎,G:\GitHub\DiT\MCCD\MCCD\MCCD-Calligrapher\calligrapher_dataset\赵孟𫖯\騎-行-元-赵孟𫖯-150901.png,205,225,False,0.4644,0.0,clean,none,direct_use,True
mccd_salvage,赵孟頫,楷,騫,G:\GitHub\DiT\MCCD\MCCD\MCCD-Calligrapher\calligrapher_dataset\赵孟𫖯\騫-楷-元-赵孟𫖯-151049.png,184,262,False,0.3219,0.0,clean,none,direct_use,True
mccd_salvage,赵孟頫,楷,騰,G:\GitHub\DiT\MCCD\MCCD\MCCD-Calligrapher\calligrapher_dataset\赵孟𫖯\騰-楷-元-赵孟𫖯-151114.png,197,204,False,0.457,0.0002,clean,none,direct_use,True
mccd_salvage,赵孟頫,行,騰,G:\GitHub\DiT\MCCD\MCCD\MCCD-Calligrapher\calligrapher_dataset\赵孟𫖯\騰-行-元-赵孟𫖯-151127.png,274,279,False,0.3974,0.001,clean,none,direct_use,True
mccd_salvage,赵孟頫,隶,騰,G:\GitHub\DiT\MCCD\MCCD\MCCD-Calligrapher\calligrapher_dataset\赵孟𫖯\騰-隶-元-赵孟𫖯-151097.png,275,223,False,0.3523,0.0,clean,none,direct_use,True
mccd_salvage,赵孟頫,隶,騾,G:\GitHub\DiT\MCCD\MCCD\MCCD-Calligrapher\calligrapher_dataset\赵孟𫖯\騾-隶-元-赵孟𫖯-151227.png,262,195,False,0.4762,0.0,clean,none,direct_use,True
mccd_salvage,赵孟頫,隶,驅,G:\GitHub\DiT\MCCD\MCCD\MCCD-Calligrapher\calligrapher_dataset\赵孟𫖯\驅-隶-元-赵孟𫖯-151299.png,282,175,False,0.4598,0.0,clean,none,direct_use,True
mccd_salvage,赵孟頫,行,驗,G:\GitHub\DiT\MCCD\MCCD\MCCD-Calligrapher\calligrapher_dataset\赵孟𫖯\驗-行-元-赵孟𫖯-151434.png,269,193,False,0.4388,0.0,clean,none,direct_use,True
mccd_salvage,赵孟頫,隶,驚,G:\GitHub\DiT\MCCD\MCCD\MCCD-Calligrapher\calligrapher_dataset\赵孟𫖯\驚-隶-元-赵孟𫖯-151473.png,288,292,False,0.3702,0.0003,clean,none,direct_use,True
mccd_salvage,赵孟頫,楷,驛,G:\GitHub\DiT\MCCD\MCCD\MCCD-Calligrapher\calligrapher_dataset\赵孟𫖯\驛-楷-元-赵孟𫖯-151529.png,199,230,False,0.2978,0.0,clean,none,direct_use,True
mccd_salvage,赵孟頫,隶,驤,G:\GitHub\DiT\MCCD\MCCD\MCCD-Calligrapher\calligrapher_dataset\赵孟𫖯\驤-隶-元-赵孟𫖯-151609.png,282,227,False,0.511,0.0,clean,none,direct_use,True
mccd_salvage,赵孟頫,楷,驩,G:\GitHub\DiT\MCCD\MCCD\MCCD-Calligrapher\calligrapher_dataset\赵孟𫖯\驩-楷-元-赵孟𫖯-151657.png,207,233,False,0.275,0.0,clean,none,direct_use,True
mccd_salvage,赵孟頫,行,骨,G:\GitHub\DiT\MCCD\MCCD\MCCD-Calligrapher\calligrapher_dataset\赵孟𫖯\骨-行-元-赵孟𫖯-151734.png,168,217,False,0.4338,0.0,clean,none,direct_use,True
mccd_salvage,赵孟頫,行,骸,G:\GitHub\DiT\MCCD\MCCD\MCCD-Calligrapher\calligrapher_dataset\赵孟𫖯\骸-行-元-赵孟𫖯-151842.png,215,185,False,0.3716,0.0,clean,none,direct_use,True
mccd_salvage,赵孟頫,楷,體,G:\GitHub\DiT\MCCD\MCCD\MCCD-Calligrapher\calligrapher_dataset\赵孟𫖯\體-楷-元-赵孟𫖯-152012.png,224,214,False,0.4182,0.0016,clean,none,direct_use,True
mccd_salvage,赵孟頫,楷,高,G:\GitHub\DiT\MCCD\MCCD\MCCD-Calligrapher\calligrapher_dataset\赵孟𫖯\高-楷-元-赵孟𫖯-152255.png,212,229,False,0.3676,0.0,clean,none,direct_use,True
mccd_salvage,赵孟頫,隶,高,G:\GitHub\DiT\MCCD\MCCD\MCCD-Calligrapher\calligrapher_dataset\赵孟𫖯\高-隶-元-赵孟𫖯-152194.png,253,203,False,0.3797,0.0,clean,none,direct_use,True
mccd_salvage,赵孟頫,行,髙,G:\GitHub\DiT\MCCD\MCCD\MCCD-Calligrapher\calligrapher_dataset\赵孟𫖯\髙-行-元-赵孟𫖯-152512.png,179,197,False,0.2795,0.0,clean,none,direct_use,True
mccd_salvage,赵孟頫,楷,髪,G:\GitHub\DiT\MCCD\MCCD\MCCD-Calligrapher\calligrapher_dataset\赵孟𫖯\髪-楷-元-赵孟𫖯-152692.png,248,195,False,0.3112,0.0,clean,none,direct_use,True
mccd_salvage,赵孟頫,行,髪,G:\GitHub\DiT\MCCD\MCCD\MCCD-Calligrapher\calligrapher_dataset\赵孟𫖯\髪-行-元-赵孟𫖯-152705.png,225,187,False,0.3722,0.0,clean,none,direct_use,True
mccd_salvage,赵孟頫,楷,髮,G:\GitHub\DiT\MCCD\MCCD\MCCD-Calligrapher\calligrapher_dataset\赵孟𫖯\髮-楷-元-赵孟𫖯-152769.png,248,195,False,0.3112,0.0,clean,none,direct_use,True
mccd_salvage,赵孟頫,行,髮,G:\GitHub\DiT\MCCD\MCCD\MCCD-Calligrapher\calligrapher_dataset\赵孟𫖯\髮-行-元-赵孟𫖯-152782.png,225,187,False,0.3722,0.0,clean,none,direct_use,True
mccd_salvage,赵孟頫,隶,髮,G:\GitHub\DiT\MCCD\MCCD\MCCD-Calligrapher\calligrapher_dataset\赵孟𫖯\髮-隶-元-赵孟𫖯-152757.png,261,172,False,0.3609,0.0,clean,none,direct_use,True
mccd_salvage,赵孟頫,楷,鬯,G:\GitHub\DiT\MCCD\MCCD\MCCD-Calligrapher\calligrapher_dataset\赵孟𫖯\鬯-楷-元-赵孟𫖯-153226.png,202,229,False,0.2669,0.0002,clean,none,direct_use,True
mccd_salvage,赵孟頫,楷,鬱,G:\GitHub\DiT\MCCD\MCCD\MCCD-Calligrapher\calligrapher_dataset\赵孟𫖯\鬱-楷-元-赵孟𫖯-153250.png,204,256,False,0.4114,0.0,clean,none,direct_use,True
mccd_salvage,赵孟頫,楷,鬱,G:\GitHub\DiT\MCCD\MCCD\MCCD-Calligrapher\calligrapher_dataset\赵孟𫖯\鬱-楷-元-赵孟𫖯-153251.png,196,268,False,0.4007,0.0,clean,none,direct_use,True
mccd_salvage,赵孟頫,楷,鬻,G:\GitHub\DiT\MCCD\MCCD\MCCD-Calligrapher\calligrapher_dataset\赵孟𫖯\鬻-楷-元-赵孟𫖯-153430.png,179,275,False,0.3748,0.0,clean,none,direct_use,True
mccd_salvage,赵孟頫,隶,魄,G:\GitHub\DiT\MCCD\MCCD\MCCD-Calligrapher\calligrapher_dataset\赵孟𫖯\魄-隶-元-赵孟𫖯-153597.png,249,158,False,0.4314,0.0,clean,none,direct_use,True
mccd_salvage,赵孟頫,楷,魏,G:\GitHub\DiT\MCCD\MCCD\MCCD-Calligrapher\calligrapher_dataset\赵孟𫖯\魏-楷-元-赵孟𫖯-153690.png,238,158,False,0.3971,0.0,clean,none,direct_use,True
mccd_salvage,赵孟頫,楷,魚,G:\GitHub\DiT\MCCD\MCCD\MCCD-Calligrapher\calligrapher_dataset\赵孟𫖯\魚-楷-元-赵孟𫖯-153931.png,208,221,False,0.4205,0.0,clean,none,direct_use,True
mccd_salvage,赵孟頫,楷,鯊,G:\GitHub\DiT\MCCD\MCCD\MCCD-Calligrapher\calligrapher_dataset\赵孟𫖯\鯊-楷-元-赵孟𫖯-154529.png,246,246,False,0.2239,0.0035,clean,none,direct_use,True
mccd_salvage,赵孟頫,楷,鳥,G:\GitHub\DiT\MCCD\MCCD\MCCD-Calligrapher\calligrapher_dataset\赵孟𫖯\鳥-楷-元-赵孟𫖯-155174.png,183,179,False,0.3495,0.0,clean,none,direct_use,True
mccd_salvage,赵孟頫,行,鳥,G:\GitHub\DiT\MCCD\MCCD\MCCD-Calligrapher\calligrapher_dataset\赵孟𫖯\鳥-行-元-赵孟𫖯-155191.png,166,187,False,0.3316,0.0,clean,none,direct_use,True
mccd_salvage,赵孟頫,隶,鳥,G:\GitHub\DiT\MCCD\MCCD\MCCD-Calligrapher\calligrapher_dataset\赵孟𫖯\鳥-隶-元-赵孟𫖯-155157.png,234,240,False,0.4356,0.0,clean,none,direct_use,True
mccd_salvage,赵孟頫,楷,鳧,G:\GitHub\DiT\MCCD\MCCD\MCCD-Calligrapher\calligrapher_dataset\赵孟𫖯\鳧-楷-元-赵孟𫖯-155255.png,193,232,False,0.3602,0.0,clean,none,direct_use,True
mccd_salvage,赵孟頫,隶,鳯,G:\GitHub\DiT\MCCD\MCCD\MCCD-Calligrapher\calligrapher_dataset\赵孟𫖯\鳯-隶-元-赵孟𫖯-155323.png,282,222,False,0.4377,0.0,clean,none,direct_use,True
mccd_salvage,赵孟頫,楷,鳴,G:\GitHub\DiT\MCCD\MCCD\MCCD-Calligrapher\calligrapher_dataset\赵孟𫖯\鳴-楷-元-赵孟𫖯-155515.png,218,225,False,0.3302,0.0,clean,none,direct_use,True
mccd_salvage,赵孟頫,楷,鴆,G:\GitHub\DiT\MCCD\MCCD\MCCD-Calligrapher\calligrapher_dataset\赵孟𫖯\鴆-楷-元-赵孟𫖯-155623.png,254,209,False,0.3604,0.0002,clean,none,direct_use,True
mccd_salvage,赵孟頫,楷,鴟,G:\GitHub\DiT\MCCD\MCCD\MCCD-Calligrapher\calligrapher_dataset\赵孟𫖯\鴟-楷-元-赵孟𫖯-155770.png,265,228,False,0.3671,0.0,clean,none,direct_use,True
mccd_salvage,赵孟頫,楷,鵠,G:\GitHub\DiT\MCCD\MCCD\MCCD-Calligrapher\calligrapher_dataset\赵孟𫖯\鵠-楷-元-赵孟𫖯-156088.png,234,227,False,0.2652,0.0031,clean,none,direct_use,True
mccd_salvage,赵孟頫,楷,鵡,G:\GitHub\DiT\MCCD\MCCD\MCCD-Calligrapher\calligrapher_dataset\赵孟𫖯\鵡-楷-元-赵孟𫖯-156103.png,260,213,False,0.2809,0.0,clean,none,direct_use,True
mccd_salvage,赵孟頫,楷,鷗,G:\GitHub\DiT\MCCD\MCCD\MCCD-Calligrapher\calligrapher_dataset\赵孟𫖯\鷗-楷-元-赵孟𫖯-156649.png,217,209,False,0.3504,0.0,clean,none,direct_use,True
mccd_salvage,赵孟頫,楷,鷙,G:\GitHub\DiT\MCCD\MCCD\MCCD-Calligrapher\calligrapher_dataset\赵孟𫖯\鷙-楷-元-赵孟𫖯-156666.png,241,278,False,0.2543,0.0,clean,none,direct_use,True
mccd_salvage,赵孟頫,楷,鷺,G:\GitHub\DiT\MCCD\MCCD\MCCD-Calligrapher\calligrapher_dataset\赵孟𫖯\鷺-楷-元-赵孟𫖯-156844.png,187,259,False,0.3205,0.0,clean,none,direct_use,True
mccd_salvage,赵孟頫,楷,鸇,G:\GitHub\DiT\MCCD\MCCD\MCCD-Calligrapher\calligrapher_dataset\赵孟𫖯\鸇-楷-元-赵孟𫖯-156904.png,193,192,False,0.343,0.0,clean,none,direct_use,True
mccd_salvage,赵孟頫,楷,鸞,G:\GitHub\DiT\MCCD\MCCD\MCCD-Calligrapher\calligrapher_dataset\赵孟𫖯\鸞-楷-元-赵孟𫖯-157012.png,165,217,False,0.3276,0.0,clean,none,direct_use,True
mccd_salvage,赵孟頫,隶,鹹,G:\GitHub\DiT\MCCD\MCCD\MCCD-Calligrapher\calligrapher_dataset\赵孟𫖯\鹹-隶-元-赵孟𫖯-157067.png,287,216,False,0.3775,0.0,clean,none,direct_use,True
mccd_salvage,赵孟頫,楷,麗,G:\GitHub\DiT\MCCD\MCCD\MCCD-Calligrapher\calligrapher_dataset\赵孟𫖯\麗-楷-元-赵孟𫖯-157512.png,210,183,False,0.3341,0.0,clean,none,direct_use,True
mccd_salvage,赵孟頫,楷,黃,G:\GitHub\DiT\MCCD\MCCD\MCCD-Calligrapher\calligrapher_dataset\赵孟𫖯\黃-楷-元-赵孟𫖯-158154.png,211,184,False,0.3256,0.0,clean,none,direct_use,True
mccd_salvage,赵孟頫,隶,黄,G:\GitHub\DiT\MCCD\MCCD\MCCD-Calligrapher\calligrapher_dataset\赵孟𫖯\黄-隶-元-赵孟𫖯-158509.png,245,215,False,0.3723,0.0,clean,none,direct_use,True
mccd_salvage,赵孟頫,行,默,G:\GitHub\DiT\MCCD\MCCD\MCCD-Calligrapher\calligrapher_dataset\赵孟𫖯\默-行-元-赵孟𫖯-158971.png,236,230,False,0.4821,0.0,clean,none,direct_use,True
mccd_salvage,赵孟頫,隶,默,G:\GitHub\DiT\MCCD\MCCD\MCCD-Calligrapher\calligrapher_dataset\赵孟𫖯\默-隶-元-赵孟𫖯-158959.png,265,186,False,0.3825,0.0,clean,none,direct_use,True
mccd_salvage,赵孟頫,楷,黨,G:\GitHub\DiT\MCCD\MCCD\MCCD-Calligrapher\calligrapher_dataset\赵孟𫖯\黨-楷-元-赵孟𫖯-159138.png,177,204,False,0.2843,0.0,clean,none,direct_use,True
mccd_salvage,赵孟頫,楷,鼓,G:\GitHub\DiT\MCCD\MCCD\MCCD-Calligrapher\calligrapher_dataset\赵孟𫖯\鼓-楷-元-赵孟𫖯-159838.png,211,200,False,0.2961,0.0,clean,none,direct_use,True
mccd_salvage,赵孟頫,楷,齊,G:\GitHub\DiT\MCCD\MCCD\MCCD-Calligrapher\calligrapher_dataset\赵孟𫖯\齊-楷-元-赵孟𫖯-160282.png,212,195,False,0.2042,0.0,clean,none,direct_use,True
mccd_salvage,赵孟頫,楷,齋,G:\GitHub\DiT\MCCD\MCCD\MCCD-Calligrapher\calligrapher_dataset\赵孟𫖯\齋-楷-元-赵孟𫖯-160372.png,216,175,False,0.2554,0.0,clean,none,direct_use,True
mccd_salvage,赵孟頫,楷,齒,G:\GitHub\DiT\MCCD\MCCD\MCCD-Calligrapher\calligrapher_dataset\赵孟𫖯\齒-楷-元-赵孟𫖯-160481.png,235,312,False,0.3401,0.0,clean,none,direct_use,True
mccd_salvage,赵孟頫,隶,龍,G:\GitHub\DiT\MCCD\MCCD\MCCD-Calligrapher\calligrapher_dataset\赵孟𫖯\龍-隶-元-赵孟𫖯-160794.png,242,190,False,0.3781,0.0,clean,none,direct_use,True
mccd_salvage,赵孟頫,隶,𢃄,G:\GitHub\DiT\MCCD\MCCD\MCCD-Calligrapher\calligrapher_dataset\赵孟𫖯\𢃄-隶-元-赵孟𫖯-537.png,252,262,False,0.4608,0.0,clean,none,direct_use,True
mccd_salvage,赵孟頫,隶,𨔝,G:\GitHub\DiT\MCCD\MCCD\MCCD-Calligrapher\calligrapher_dataset\赵孟𫖯\𨔝-隶-元-赵孟𫖯-3999.png,268,274,False,0.4185,0.0,clean,none,direct_use,True
mccd_salvage,邓石如,隶,合,G:\GitHub\DiT\MCCD\MCCD\MCCD-Calligrapher\calligrapher_dataset\邓石如\合-隶-清-邓石如-43758.png,264,158,False,0.3887,0.0,clean,none,direct_use,True
mccd_salvage,邓石如,隶,城,G:\GitHub\DiT\MCCD\MCCD\MCCD-Calligrapher\calligrapher_dataset\邓石如\城-隶-清-邓石如-55496.png,260,203,False,0.5494,0.0,clean,none,direct_use,True
mccd_salvage,邓石如,隶,外,G:\GitHub\DiT\MCCD\MCCD\MCCD-Calligrapher\calligrapher_dataset\邓石如\外-隶-清-邓石如-59271.png,279,182,False,0.349,0.0,clean,none,direct_use,True
mccd_salvage,邓石如,隶,宋,G:\GitHub\DiT\MCCD\MCCD\MCCD-Calligrapher\calligrapher_dataset\邓石如\宋-隶-清-邓石如-70260.png,261,238,False,0.4816,0.0001,clean,none,direct_use,True
mccd_salvage,邓石如,隶,居,G:\GitHub\DiT\MCCD\MCCD\MCCD-Calligrapher\calligrapher_dataset\邓石如\居-隶-清-邓石如-77982.png,254,180,False,0.4475,0.0,clean,none,direct_use,True
mccd_salvage,邓石如,隶,山,G:\GitHub\DiT\MCCD\MCCD\MCCD-Calligrapher\calligrapher_dataset\邓石如\山-隶-清-邓石如-79068.png,245,150,False,0.4355,0.0,clean,none,direct_use,True
mccd_salvage,邓石如,隶,工,G:\GitHub\DiT\MCCD\MCCD\MCCD-Calligrapher\calligrapher_dataset\邓石如\工-隶-清-邓石如-81503.png,277,138,False,0.4447,0.0,clean,none,direct_use,True
mccd_salvage,邓石如,隶,工,G:\GitHub\DiT\MCCD\MCCD\MCCD-Calligrapher\calligrapher_dataset\邓石如\工-隶-清-邓石如-81505.png,262,118,False,0.4412,0.0,clean,none,direct_use,True
mccd_salvage,邓石如,隶,戚,G:\GitHub\DiT\MCCD\MCCD\MCCD-Calligrapher\calligrapher_dataset\邓石如\戚-隶-清-邓石如-2562.png,265,246,False,0.3571,0.0,clean,none,direct_use,True
mccd_salvage,邓石如,隶,易,G:\GitHub\DiT\MCCD\MCCD\MCCD-Calligrapher\calligrapher_dataset\邓石如\易-隶-清-邓石如-2486.png,268,340,False,0.415,0.0,clean,none,direct_use,True
mccd_salvage,邓石如,隶,春,G:\GitHub\DiT\MCCD\MCCD\MCCD-Calligrapher\calligrapher_dataset\邓石如\春-隶-清-邓石如-2991.png,260,204,False,0.497,0.0,clean,none,direct_use,True
mccd_salvage,邓石如,隶,月,G:\GitHub\DiT\MCCD\MCCD\MCCD-Calligrapher\calligrapher_dataset\邓石如\月-隶-清-邓石如-7691.png,236,251,False,0.4207,0.0,clean,none,direct_use,True
mccd_salvage,邓石如,隶,歲,G:\GitHub\DiT\MCCD\MCCD\MCCD-Calligrapher\calligrapher_dataset\邓石如\歲-隶-清-邓石如-20153.png,244,197,False,0.5174,0.0,clean,none,direct_use,True
mccd_salvage,邓石如,隶,清,G:\GitHub\DiT\MCCD\MCCD\MCCD-Calligrapher\calligrapher_dataset\邓石如\清-隶-清-邓石如-30219.png,281,254,False,0.526,0.0,clean,none,direct_use,True
mccd_salvage,邓石如,隶,烹,G:\GitHub\DiT\MCCD\MCCD\MCCD-Calligrapher\calligrapher_dataset\邓石如\烹-隶-清-邓石如-36489.png,284,236,False,0.4425,0.0,clean,none,direct_use,True
mccd_salvage,邓石如,隶,知,G:\GitHub\DiT\MCCD\MCCD\MCCD-Calligrapher\calligrapher_dataset\邓石如\知-隶-清-邓石如-58627.png,269,244,False,0.4284,0.0,clean,none,direct_use,True
mccd_salvage,邓石如,隶,聖,G:\GitHub\DiT\MCCD\MCCD\MCCD-Calligrapher\calligrapher_dataset\邓石如\聖-隶-清-邓石如-81687.png,255,230,False,0.5231,0.0,clean,none,direct_use,True
mccd_salvage,邓石如,隶,荒,G:\GitHub\DiT\MCCD\MCCD\MCCD-Calligrapher\calligrapher_dataset\邓石如\荒-隶-清-邓石如-91443.png,242,220,False,0.5003,0.0,clean,none,direct_use,True
mccd_salvage,邓石如,隶,觀,G:\GitHub\DiT\MCCD\MCCD\MCCD-Calligrapher\calligrapher_dataset\邓石如\觀-隶-清-邓石如-105286.png,283,224,False,0.4782,0.0,clean,none,direct_use,True
mccd_salvage,邓石如,隶,賤,G:\GitHub\DiT\MCCD\MCCD\MCCD-Calligrapher\calligrapher_dataset\邓石如\賤-隶-清-邓石如-115175.png,280,270,False,0.4665,0.0001,clean,none,direct_use,True
mccd_salvage,邓石如,隶,遂,G:\GitHub\DiT\MCCD\MCCD\MCCD-Calligrapher\calligrapher_dataset\邓石如\遂-隶-清-邓石如-124527.png,265,208,False,0.5065,0.0,clean,none,direct_use,True
mccd_salvage,邓石如,隶,遂,G:\GitHub\DiT\MCCD\MCCD\MCCD-Calligrapher\calligrapher_dataset\邓石如\遂-隶-清-邓石如-124530.png,231,203,False,0.4421,0.0,clean,none,direct_use,True
mccd_salvage,邓石如,隶,院,G:\GitHub\DiT\MCCD\MCCD\MCCD-Calligrapher\calligrapher_dataset\邓石如\院-隶-清-邓石如-138200.png,256,204,False,0.4914,0.0007,clean,none,direct_use,True
mccd_salvage,邓石如,隶,鰥,G:\GitHub\DiT\MCCD\MCCD\MCCD-Calligrapher\calligrapher_dataset\邓石如\鰥-隶-清-邓石如-154780.png,284,240,False,0.477,0.0,clean,none,direct_use,True
mccd_salvage,金农,隶,下,G:\GitHub\DiT\MCCD\MCCD\MCCD-Calligrapher\calligrapher_dataset\金农\下-隶-清-金农-1859.png,229,185,False,0.2871,0.0,clean,none,direct_use,True
mccd_salvage,金农,隶,下,G:\GitHub\DiT\MCCD\MCCD\MCCD-Calligrapher\calligrapher_dataset\金农\下-隶-清-金农-1868.png,254,195,False,0.2931,0.0,clean,none,direct_use,True
mccd_salvage,金农,隶,中,G:\GitHub\DiT\MCCD\MCCD\MCCD-Calligrapher\calligrapher_dataset\金农\中-隶-清-金农-4834.png,211,205,False,0.4185,0.0,clean,none,direct_use,True
mccd_salvage,金农,隶,于,G:\GitHub\DiT\MCCD\MCCD\MCCD-Calligrapher\calligrapher_dataset\金农\于-隶-清-金农-10486.png,199,189,False,0.3528,0.0014,clean,none,direct_use,True
mccd_salvage,金农,隶,亡,G:\GitHub\DiT\MCCD\MCCD\MCCD-Calligrapher\calligrapher_dataset\金农\亡-隶-清-金农-12163.png,218,196,False,0.5004,0.0,clean,none,direct_use,True
mccd_salvage,金农,楷,佀,G:\GitHub\DiT\MCCD\MCCD\MCCD-Calligrapher\calligrapher_dataset\金农\佀-楷-清-金农-16924.png,230,254,False,0.4171,0.0,clean,none,direct_use,True
mccd_salvage,金农,隶,古,G:\GitHub\DiT\MCCD\MCCD\MCCD-Calligrapher\calligrapher_dataset\金农\古-隶-清-金农-41889.png,273,264,False,0.4657,0.0,clean,none,direct_use,True
mccd_salvage,金农,隶,多,G:\GitHub\DiT\MCCD\MCCD\MCCD-Calligrapher\calligrapher_dataset\金农\多-隶-清-金农-59619.png,233,221,False,0.3331,0.0011,clean,none,direct_use,True
mccd_salvage,金农,隶,多,G:\GitHub\DiT\MCCD\MCCD\MCCD-Calligrapher\calligrapher_dataset\金农\多-隶-清-金农-59620.png,246,246,False,0.274,0.0,clean,none,direct_use,True
mccd_salvage,金农,隶,大,G:\GitHub\DiT\MCCD\MCCD\MCCD-Calligrapher\calligrapher_dataset\金农\大-隶-清-金农-60459.png,276,161,False,0.4316,0.0,clean,none,direct_use,True
mccd_salvage,金农,隶,夲,G:\GitHub\DiT\MCCD\MCCD\MCCD-Calligrapher\calligrapher_dataset\金农\夲-隶-清-金农-61745.png,290,201,False,0.432,0.0003,clean,none,direct_use,True
mccd_salvage,金农,隶,如,G:\GitHub\DiT\MCCD\MCCD\MCCD-Calligrapher\calligrapher_dataset\金农\如-隶-清-金农-63711.png,229,245,False,0.4787,0.0,clean,none,direct_use,True
mccd_salvage,金农,隶,子,G:\GitHub\DiT\MCCD\MCCD\MCCD-Calligrapher\calligrapher_dataset\金农\子-隶-清-金农-67799.png,254,213,False,0.4125,0.0004,clean,none,direct_use,True
mccd_salvage,金农,隶,山,G:\GitHub\DiT\MCCD\MCCD\MCCD-Calligrapher\calligrapher_dataset\金农\山-隶-清-金农-79082.png,269,106,False,0.3991,0.001,clean,none,direct_use,True
mccd_salvage,金农,隶,文,G:\GitHub\DiT\MCCD\MCCD\MCCD-Calligrapher\calligrapher_dataset\金农\文-隶-清-金农-4193.png,244,222,False,0.4332,0.0,clean,none,direct_use,True
mccd_salvage,金农,隶,月,G:\GitHub\DiT\MCCD\MCCD\MCCD-Calligrapher\calligrapher_dataset\金农\月-隶-清-金农-7693.png,248,227,False,0.5301,0.0,clean,none,direct_use,True
mccd_salvage,金农,隶,本,G:\GitHub\DiT\MCCD\MCCD\MCCD-Calligrapher\calligrapher_dataset\金农\本-隶-清-金农-9708.png,290,201,False,0.432,0.0003,clean,none,direct_use,True
mccd_salvage,金农,隶,棋,G:\GitHub\DiT\MCCD\MCCD\MCCD-Calligrapher\calligrapher_dataset\金农\棋-隶-清-金农-13935.png,279,157,False,0.4256,0.0003,clean,none,direct_use,True
mccd_salvage,金农,隶,榜,G:\GitHub\DiT\MCCD\MCCD\MCCD-Calligrapher\calligrapher_dataset\金农\榜-隶-清-金农-15603.png,271,190,False,0.4732,0.0,clean,none,direct_use,True
mccd_salvage,金农,隶,水,G:\GitHub\DiT\MCCD\MCCD\MCCD-Calligrapher\calligrapher_dataset\金农\水-隶-清-金农-24301.png,271,120,False,0.41,0.0,clean,none,direct_use,True
mccd_salvage,金农,隶,水,G:\GitHub\DiT\MCCD\MCCD\MCCD-Calligrapher\calligrapher_dataset\金农\水-隶-清-金农-24312.png,275,190,False,0.4723,0.0,clean,none,direct_use,True
mccd_salvage,金农,隶,沛,G:\GitHub\DiT\MCCD\MCCD\MCCD-Calligrapher\calligrapher_dataset\金农\沛-隶-清-金农-26050.png,275,159,False,0.4079,0.0,clean,none,direct_use,True
mccd_salvage,金农,隶,泄,G:\GitHub\DiT\MCCD\MCCD\MCCD-Calligrapher\calligrapher_dataset\金农\泄-隶-清-金农-26635.png,270,143,False,0.4885,0.0,clean,none,direct_use,True
mccd_salvage,金农,隶,立,G:\GitHub\DiT\MCCD\MCCD\MCCD-Calligrapher\calligrapher_dataset\金农\立-隶-清-金农-66139.png,266,263,False,0.4524,0.0,clean,none,direct_use,True
mccd_salvage,金农,隶,竹,G:\GitHub\DiT\MCCD\MCCD\MCCD-Calligrapher\calligrapher_dataset\金农\竹-隶-清-金农-66935.png,299,245,False,0.3789,0.0,clean,none,direct_use,True
mccd_salvage,金农,隶,聰,G:\GitHub\DiT\MCCD\MCCD\MCCD-Calligrapher\calligrapher_dataset\金农\聰-隶-清-金农-82033.png,289,188,False,0.5494,0.0005,clean,none,direct_use,True
mccd_salvage,金农,隶,舉,G:\GitHub\DiT\MCCD\MCCD\MCCD-Calligrapher\calligrapher_dataset\金农\舉-隶-清-金农-87930.png,249,268,False,0.5096,0.0011,clean,none,direct_use,True
mccd_salvage,金农,隶,行,G:\GitHub\DiT\MCCD\MCCD\MCCD-Calligrapher\calligrapher_dataset\金农\行-隶-清-金农-100966.png,277,147,False,0.309,0.0,clean,none,direct_use,True
mccd_salvage,金农,隶,行,G:\GitHub\DiT\MCCD\MCCD\MCCD-Calligrapher\calligrapher_dataset\金农\行-隶-清-金农-100971.png,293,166,False,0.4654,0.0,clean,none,direct_use,True
mccd_salvage,金农,隶,觀,G:\GitHub\DiT\MCCD\MCCD\MCCD-Calligrapher\calligrapher_dataset\金农\觀-隶-清-金农-105290.png,255,225,False,0.5239,0.0,clean,none,direct_use,True
mccd_salvage,金农,隶,買,G:\GitHub\DiT\MCCD\MCCD\MCCD-Calligrapher\calligrapher_dataset\金农\買-隶-清-金农-114219.png,273,246,False,0.5241,0.0,clean,none,direct_use,True
mccd_salvage,金农,隶,身,G:\GitHub\DiT\MCCD\MCCD\MCCD-Calligrapher\calligrapher_dataset\金农\身-隶-清-金农-118696.png,255,231,False,0.308,0.0,clean,none,direct_use,True
mccd_salvage,金农,隶,隨,G:\GitHub\DiT\MCCD\MCCD\MCCD-Calligrapher\calligrapher_dataset\金农\隨-隶-清-金农-139630.png,266,224,False,0.484,0.0,clean,none,direct_use,True
mccd_salvage,钟繇,楷,力,G:\GitHub\DiT\MCCD\MCCD\MCCD-Calligrapher\calligrapher_dataset\钟繇\力-楷-三国-钟繇-32859.png,163,140,False,0.4089,0.0,clean,none,direct_use,True
mccd_salvage,钟繇,楷,復,G:\GitHub\DiT\MCCD\MCCD\MCCD-Calligrapher\calligrapher_dataset\钟繇\復-楷-三国-钟繇-94072.png,259,211,False,0.2738,0.0039,clean,none,direct_use,True
mccd_salvage,钟繇,楷,復,G:\GitHub\DiT\MCCD\MCCD\MCCD-Calligrapher\calligrapher_dataset\钟繇\復-楷-三国-钟繇-94073.png,254,257,False,0.217,0.0,clean,none,direct_use,True
mccd_salvage,钟繇,行,復,G:\GitHub\DiT\MCCD\MCCD\MCCD-Calligrapher\calligrapher_dataset\钟繇\復-行-曹魏-钟繇-94092.png,208,269,False,0.1923,0.0023,clean,none,direct_use,True
mccd_salvage,钟繇,楷,臣,G:\GitHub\DiT\MCCD\MCCD\MCCD-Calligrapher\calligrapher_dataset\钟繇\臣-楷-三国-钟繇-85896.png,220,187,False,0.4769,0.0,clean,none,direct_use,True
mccd_salvage,颜真卿,行,中,G:\GitHub\DiT\MCCD\MCCD\MCCD-Calligrapher\calligrapher_dataset\颜真卿\中-行-唐-颜真卿-4888.png,254,257,False,0.3004,0.006,clean,none,direct_use,True
mccd_salvage,颜真卿,楷,乘,G:\GitHub\DiT\MCCD\MCCD\MCCD-Calligrapher\calligrapher_dataset\颜真卿\乘-楷-唐-颜真卿-7608.png,279,359,False,0.4035,0.0,clean,none,direct_use,True
mccd_salvage,颜真卿,楷,了,G:\GitHub\DiT\MCCD\MCCD\MCCD-Calligrapher\calligrapher_dataset\颜真卿\了-楷-唐-颜真卿-9272.png,230,390,False,0.2261,0.0,clean,none,direct_use,True
mccd_salvage,颜真卿,楷,介,G:\GitHub\DiT\MCCD\MCCD\MCCD-Calligrapher\calligrapher_dataset\颜真卿\介-楷-唐-颜真卿-竹山堂联句-34.png,252,214,False,0.279,0.0,clean,none,direct_use,True
mccd_salvage,颜真卿,楷,他,G:\GitHub\DiT\MCCD\MCCD\MCCD-Calligrapher\calligrapher_dataset\颜真卿\他-楷-唐-颜真卿-14953.png,282,196,False,0.2535,0.0015,clean,none,direct_use,True
mccd_salvage,颜真卿,行,使,G:\GitHub\DiT\MCCD\MCCD\MCCD-Calligrapher\calligrapher_dataset\颜真卿\使-行-唐-颜真卿-刘中使帖-63.png,226,257,False,0.3447,0.0023,clean,none,direct_use,True
mccd_salvage,颜真卿,行,俟,G:\GitHub\DiT\MCCD\MCCD\MCCD-Calligrapher\calligrapher_dataset\颜真卿\俟-行-唐-颜真卿-20000.png,196,187,False,0.3239,0.0,clean,none,direct_use,True
mccd_salvage,颜真卿,楷,倦,G:\GitHub\DiT\MCCD\MCCD\MCCD-Calligrapher\calligrapher_dataset\颜真卿\倦-楷-唐-颜真卿-20861.png,283,286,False,0.4344,0.0002,clean,none,direct_use,True
mccd_salvage,颜真卿,楷,入,G:\GitHub\DiT\MCCD\MCCD\MCCD-Calligrapher\calligrapher_dataset\颜真卿\入-楷-唐-颜真卿-裴将军诗-39.png,354,176,True,0.2794,0.0013,inverted,inverted,invert_polarity,True
mccd_salvage,颜真卿,楷,兩,G:\GitHub\DiT\MCCD\MCCD\MCCD-Calligrapher\calligrapher_dataset\颜真卿\兩-楷-唐-颜真卿-25924.png,276,285,False,0.3266,0.0,clean,none,direct_use,True
mccd_salvage,颜真卿,楷,兩,G:\GitHub\DiT\MCCD\MCCD\MCCD-Calligrapher\calligrapher_dataset\颜真卿\兩-楷-唐-颜真卿-25925.png,277,330,False,0.3556,0.0038,clean,none,direct_use,True
mccd_salvage,颜真卿,楷,公,G:\GitHub\DiT\MCCD\MCCD\MCCD-Calligrapher\calligrapher_dataset\颜真卿\公-楷-唐-颜真卿-26511.png,223,218,False,0.3787,0.0,clean,none,direct_use,True
mccd_salvage,颜真卿,楷,則,G:\GitHub\DiT\MCCD\MCCD\MCCD-Calligrapher\calligrapher_dataset\颜真卿\則-楷-唐-颜真卿-31821.png,256,290,False,0.5187,0.0,clean,none,direct_use,True
mccd_salvage,颜真卿,行,勖,G:\GitHub\DiT\MCCD\MCCD\MCCD-Calligrapher\calligrapher_dataset\颜真卿\勖-行-唐-颜真卿-刘太冲帖-19.png,258,308,False,0.3172,0.0007,clean,none,direct_use,True
mccd_salvage,颜真卿,楷,勝,G:\GitHub\DiT\MCCD\MCCD\MCCD-Calligrapher\calligrapher_dataset\颜真卿\勝-楷-唐-颜真卿-33777.png,270,251,False,0.3084,0.0022,clean,none,direct_use,True
mccd_salvage,颜真卿,楷,吏,G:\GitHub\DiT\MCCD\MCCD\MCCD-Calligrapher\calligrapher_dataset\颜真卿\吏-楷-唐-颜真卿-44606.png,206,219,False,0.361,0.0001,clean,none,direct_use,True
mccd_salvage,颜真卿,行,唯,G:\GitHub\DiT\MCCD\MCCD\MCCD-Calligrapher\calligrapher_dataset\颜真卿\唯-行-唐-颜真卿-湖州帖-65.png,223,304,False,0.3476,0.0,clean,none,direct_use,True
mccd_salvage,颜真卿,行,國,G:\GitHub\DiT\MCCD\MCCD\MCCD-Calligrapher\calligrapher_dataset\颜真卿\國-行-唐-颜真卿-53469.png,210,230,False,0.5201,0.0006,clean,none,direct_use,True
mccd_salvage,颜真卿,行,土,G:\GitHub\DiT\MCCD\MCCD\MCCD-Calligrapher\calligrapher_dataset\颜真卿\土-行-唐-颜真卿-54088.png,243,212,False,0.345,0.0,clean,none,direct_use,True
mccd_salvage,颜真卿,楷,外,G:\GitHub\DiT\MCCD\MCCD\MCCD-Calligrapher\calligrapher_dataset\颜真卿\外-楷-唐-颜真卿-59285.png,277,234,False,0.2956,0.0079,clean,none,direct_use,True
mccd_salvage,颜真卿,行,外,G:\GitHub\DiT\MCCD\MCCD\MCCD-Calligrapher\calligrapher_dataset\颜真卿\外-行-唐-颜真卿-59291.png,263,302,False,0.3788,0.0045,clean,none,direct_use,True
mccd_salvage,颜真卿,行,大,G:\GitHub\DiT\MCCD\MCCD\MCCD-Calligrapher\calligrapher_dataset\颜真卿\大-行-唐-颜真卿-60521.png,278,263,False,0.3612,0.0,clean,none,direct_use,True
mccd_salvage,颜真卿,楷,子,G:\GitHub\DiT\MCCD\MCCD\MCCD-Calligrapher\calligrapher_dataset\颜真卿\子-楷-唐-颜真卿-67848.png,204,191,False,0.2562,0.0,clean,none,direct_use,True
mccd_salvage,颜真卿,行,子,G:\GitHub\DiT\MCCD\MCCD\MCCD-Calligrapher\calligrapher_dataset\颜真卿\子-行-唐-颜真卿-67868.png,224,351,False,0.2579,0.0,clean,none,direct_use,True
mccd_salvage,颜真卿,行,子,G:\GitHub\DiT\MCCD\MCCD\MCCD-Calligrapher\calligrapher_dataset\颜真卿\子-行-唐-颜真卿-67876.png,189,228,False,0.3909,0.001,clean,none,direct_use,True
mccd_salvage,颜真卿,行,州,G:\GitHub\DiT\MCCD\MCCD\MCCD-Calligrapher\calligrapher_dataset\颜真卿\州-行-唐-颜真卿-81205.png,241,234,False,0.378,0.0,clean,none,direct_use,True
mccd_salvage,颜真卿,楷,强,G:\GitHub\DiT\MCCD\MCCD\MCCD-Calligrapher\calligrapher_dataset\颜真卿\强-楷-唐-颜真卿-90092.png,283,274,False,0.3164,0.0011,clean,none,direct_use,True
mccd_salvage,颜真卿,行,悟,G:\GitHub\DiT\MCCD\MCCD\MCCD-Calligrapher\calligrapher_dataset\颜真卿\悟-行-唐-颜真卿-98212.png,259,251,False,0.2686,0.0009,clean,none,direct_use,True
mccd_salvage,颜真卿,楷,挫,G:\GitHub\DiT\MCCD\MCCD\MCCD-Calligrapher\calligrapher_dataset\颜真卿\挫-楷-唐-颜真卿-6180.png,283,284,False,0.1944,0.0003,clean,none,direct_use,True
mccd_salvage,颜真卿,行,挫,G:\GitHub\DiT\MCCD\MCCD\MCCD-Calligrapher\calligrapher_dataset\颜真卿\挫-行-唐-颜真卿-6182.png,286,302,False,0.2689,0.0,clean,none,direct_use,True
mccd_salvage,颜真卿,行,挫,G:\GitHub\DiT\MCCD\MCCD\MCCD-Calligrapher\calligrapher_dataset\颜真卿\挫-行-唐-颜真卿-6183.png,293,262,False,0.2111,0.0,clean,none,direct_use,True
mccd_salvage,颜真卿,行,日,G:\GitHub\DiT\MCCD\MCCD\MCCD-Calligrapher\calligrapher_dataset\颜真卿\日-行-唐-颜真卿-1090.png,266,254,False,0.4006,0.0002,clean,none,direct_use,True
mccd_salvage,颜真卿,楷,晋,G:\GitHub\DiT\MCCD\MCCD\MCCD-Calligrapher\calligrapher_dataset\颜真卿\晋-楷-唐-颜真卿-4242.png,284,285,False,0.2452,0.0032,clean,none,direct_use,True
mccd_salvage,颜真卿,楷,月,G:\GitHub\DiT\MCCD\MCCD\MCCD-Calligrapher\calligrapher_dataset\颜真卿\月-楷-唐-颜真卿-7758.png,169,257,False,0.4313,0.0,clean,none,direct_use,True
mccd_salvage,颜真卿,行,月,G:\GitHub\DiT\MCCD\MCCD\MCCD-Calligrapher\calligrapher_dataset\颜真卿\月-行-唐-颜真卿-7782.png,157,304,False,0.5192,0.0,clean,none,direct_use,True
mccd_salvage,颜真卿,行,未,G:\GitHub\DiT\MCCD\MCCD\MCCD-Calligrapher\calligrapher_dataset\颜真卿\未-行-唐-颜真卿-春田帖-70.png,273,338,False,0.3064,0.0,clean,none,direct_use,True
mccd_salvage,颜真卿,楷,林,G:\GitHub\DiT\MCCD\MCCD\MCCD-Calligrapher\calligrapher_dataset\颜真卿\林-楷-唐-颜真卿-11415.png,280,243,False,0.2677,0.0,clean,none,direct_use,True
mccd_salvage,颜真卿,行,楊,G:\GitHub\DiT\MCCD\MCCD\MCCD-Calligrapher\calligrapher_dataset\颜真卿\楊-行-唐-颜真卿-14697.png,252,244,False,0.1502,0.0096,clean,none,direct_use,True
mccd_salvage,颜真卿,行,江,G:\GitHub\DiT\MCCD\MCCD\MCCD-Calligrapher\calligrapher_dataset\颜真卿\江-行-唐-颜真卿-25303.png,210,215,False,0.4015,0.0,clean,none,direct_use,True
mccd_salvage,颜真卿,楷,淸,G:\GitHub\DiT\MCCD\MCCD\MCCD-Calligrapher\calligrapher_dataset\颜真卿\淸-楷-唐-颜真卿-29997.png,185,199,False,0.3789,0.0,clean,none,direct_use,True
mccd_salvage,颜真卿,楷,清,G:\GitHub\DiT\MCCD\MCCD\MCCD-Calligrapher\calligrapher_dataset\颜真卿\清-楷-唐-颜真卿-30251.png,185,199,False,0.3789,0.0,clean,none,direct_use,True
mccd_salvage,颜真卿,行,湖,G:\GitHub\DiT\MCCD\MCCD\MCCD-Calligrapher\calligrapher_dataset\颜真卿\湖-行-唐-颜真卿-31147.png,231,232,False,0.4859,0.0013,clean,none,direct_use,True
mccd_salvage,颜真卿,楷,火,G:\GitHub\DiT\MCCD\MCCD\MCCD-Calligrapher\calligrapher_dataset\颜真卿\火-楷-唐-颜真卿-34984.png,294,271,False,0.2306,0.0006,clean,none,direct_use,True
mccd_salvage,颜真卿,行,爵,G:\GitHub\DiT\MCCD\MCCD\MCCD-Calligrapher\calligrapher_dataset\颜真卿\爵-行-唐-颜真卿-39986.png,241,322,False,0.2454,0.0016,clean,none,direct_use,True
mccd_salvage,颜真卿,行,父,G:\GitHub\DiT\MCCD\MCCD\MCCD-Calligrapher\calligrapher_dataset\颜真卿\父-行-唐-颜真卿-40195.png,258,249,False,0.2868,0.0,clean,none,direct_use,True
mccd_salvage,颜真卿,楷,猛,G:\GitHub\DiT\MCCD\MCCD\MCCD-Calligrapher\calligrapher_dataset\颜真卿\猛-楷-唐-颜真卿-42544.png,274,285,False,0.2411,0.0013,clean,none,direct_use,True
mccd_salvage,颜真卿,楷,矣,G:\GitHub\DiT\MCCD\MCCD\MCCD-Calligrapher\calligrapher_dataset\颜真卿\矣-楷-唐-颜真卿-58514.png,256,254,False,0.2595,0.0009,clean,none,direct_use,True
mccd_salvage,颜真卿,行,矣,G:\GitHub\DiT\MCCD\MCCD\MCCD-Calligrapher\calligrapher_dataset\颜真卿\矣-行-唐-颜真卿-58529.png,294,374,False,0.2052,0.001,clean,none,direct_use,True
mccd_salvage,颜真卿,行,碑,G:\GitHub\DiT\MCCD\MCCD\MCCD-Calligrapher\calligrapher_dataset\颜真卿\碑-行-唐-颜真卿-文殊帖-69.png,308,281,False,0.3121,0.0,clean,none,direct_use,True
mccd_salvage,颜真卿,楷,碧,G:\GitHub\DiT\MCCD\MCCD\MCCD-Calligrapher\calligrapher_dataset\颜真卿\碧-楷-唐-颜真卿-59810.png,291,398,False,0.3312,0.0005,clean,none,direct_use,True
mccd_salvage,颜真卿,楷,策,G:\GitHub\DiT\MCCD\MCCD\MCCD-Calligrapher\calligrapher_dataset\颜真卿\策-楷-唐-颜真卿-竹山堂联名-34.png,276,430,False,0.3696,0.0,clean,none,direct_use,True
mccd_salvage,颜真卿,楷,粤,G:\GitHub\DiT\MCCD\MCCD\MCCD-Calligrapher\calligrapher_dataset\颜真卿\粤-楷-唐-颜真卿-69910.png,261,303,False,0.1855,0.0007,clean,none,direct_use,True
mccd_salvage,颜真卿,楷,羽,G:\GitHub\DiT\MCCD\MCCD\MCCD-Calligrapher\calligrapher_dataset\颜真卿\羽-楷-唐-颜真卿-78145.png,296,259,False,0.2608,0.0027,clean,none,direct_use,True
mccd_salvage,颜真卿,楷,苟,G:\GitHub\DiT\MCCD\MCCD\MCCD-Calligrapher\calligrapher_dataset\颜真卿\苟-楷-唐-颜真卿-90133.png,288,352,False,0.363,0.0004,clean,none,direct_use,True
mccd_salvage,颜真卿,行,苟,G:\GitHub\DiT\MCCD\MCCD\MCCD-Calligrapher\calligrapher_dataset\颜真卿\苟-行-唐-颜真卿-90138.png,295,332,False,0.2154,0.0016,clean,none,direct_use,True
mccd_salvage,颜真卿,楷,贈,G:\GitHub\DiT\MCCD\MCCD\MCCD-Calligrapher\calligrapher_dataset\颜真卿\贈-楷-唐-颜真卿-115727.png,287,278,False,0.3591,0.0,clean,none,direct_use,True
mccd_salvage,颜真卿,行,贈,G:\GitHub\DiT\MCCD\MCCD\MCCD-Calligrapher\calligrapher_dataset\颜真卿\贈-行-唐-颜真卿-115731.png,205,223,False,0.4939,0.0005,clean,none,direct_use,True
mccd_salvage,颜真卿,行,車,G:\GitHub\DiT\MCCD\MCCD\MCCD-Calligrapher\calligrapher_dataset\颜真卿\車-行-唐-颜真卿-119027.png,210,434,False,0.1426,0.0003,clean,none,direct_use,True
mccd_salvage,颜真卿,行,車,G:\GitHub\DiT\MCCD\MCCD\MCCD-Calligrapher\calligrapher_dataset\颜真卿\車-行-唐-颜真卿-119028.png,156,300,False,0.3483,0.0,clean,none,direct_use,True
mccd_salvage,颜真卿,楷,銀,G:\GitHub\DiT\MCCD\MCCD\MCCD-Calligrapher\calligrapher_dataset\颜真卿\銀-楷-唐-颜真卿-132721.png,293,198,False,0.2336,0.001,clean,none,direct_use,True
mccd_salvage,颜真卿,行,銀,G:\GitHub\DiT\MCCD\MCCD\MCCD-Calligrapher\calligrapher_dataset\颜真卿\銀-行-唐-颜真卿-132728.png,236,193,False,0.3792,0.0001,clean,none,direct_use,True
mccd_salvage,颜真卿,行,銀,G:\GitHub\DiT\MCCD\MCCD\MCCD-Calligrapher\calligrapher_dataset\颜真卿\銀-行-唐-颜真卿-132729.png,234,192,False,0.3821,0.0001,clean,none,direct_use,True
mccd_salvage,颜真卿,行,銀,G:\GitHub\DiT\MCCD\MCCD\MCCD-Calligrapher\calligrapher_dataset\颜真卿\銀-行-唐-颜真卿-132730.png,281,286,False,0.2193,0.0022,clean,none,direct_use,True
mccd_salvage,颜真卿,楷,銑,G:\GitHub\DiT\MCCD\MCCD\MCCD-Calligrapher\calligrapher_dataset\颜真卿\銑-楷-唐-颜真卿-132834.png,281,251,False,0.4472,0.0038,clean,none,direct_use,True
mccd_salvage,颜真卿,楷,長,G:\GitHub\DiT\MCCD\MCCD\MCCD-Calligrapher\calligrapher_dataset\颜真卿\長-楷-唐-颜真卿-135711.png,272,277,False,0.2387,0.0032,clean,none,direct_use,True
mccd_salvage,颜真卿,行,長,G:\GitHub\DiT\MCCD\MCCD\MCCD-Calligrapher\calligrapher_dataset\颜真卿\長-行-唐-颜真卿-135729.png,264,252,False,0.1823,0.0038,clean,none,direct_use,True
mccd_salvage,颜真卿,行,長,G:\GitHub\DiT\MCCD\MCCD\MCCD-Calligrapher\calligrapher_dataset\颜真卿\長-行-唐-颜真卿-135736.png,276,279,False,0.1286,0.0052,clean,none,direct_use,True
mccd_salvage,颜真卿,行,長,G:\GitHub\DiT\MCCD\MCCD\MCCD-Calligrapher\calligrapher_dataset\颜真卿\長-行-唐-颜真卿-135740.png,225,258,False,0.1972,0.0,clean,none,direct_use,True
mccd_salvage,颜真卿,行,長,G:\GitHub\DiT\MCCD\MCCD\MCCD-Calligrapher\calligrapher_dataset\颜真卿\長-行-唐-颜真卿-135743.png,210,258,False,0.1693,0.0029,clean,none,direct_use,True
mccd_salvage,颜真卿,楷,開,G:\GitHub\DiT\MCCD\MCCD\MCCD-Calligrapher\calligrapher_dataset\颜真卿\開-楷-唐-颜真卿-136204.png,291,311,False,0.3321,0.001,clean,none,direct_use,True
mccd_salvage,颜真卿,楷,開,G:\GitHub\DiT\MCCD\MCCD\MCCD-Calligrapher\calligrapher_dataset\颜真卿\開-楷-唐-颜真卿-136209.png,223,245,False,0.4259,0.0,clean,none,direct_use,True
mccd_salvage,颜真卿,楷,開,G:\GitHub\DiT\MCCD\MCCD\MCCD-Calligrapher\calligrapher_dataset\颜真卿\開-楷-唐-颜真卿-136212.png,256,292,False,0.3759,0.0,clean,none,direct_use,True
mccd_salvage,颜真卿,行,開,G:\GitHub\DiT\MCCD\MCCD\MCCD-Calligrapher\calligrapher_dataset\颜真卿\開-行-唐-颜真卿-136221.png,234,198,False,0.4689,0.0015,clean,none,direct_use,True
mccd_salvage,颜真卿,行,開,G:\GitHub\DiT\MCCD\MCCD\MCCD-Calligrapher\calligrapher_dataset\颜真卿\開-行-唐-颜真卿-136224.png,293,219,False,0.2273,0.0008,clean,none,direct_use,True
mccd_salvage,颜真卿,行,開,G:\GitHub\DiT\MCCD\MCCD\MCCD-Calligrapher\calligrapher_dataset\颜真卿\開-行-唐-颜真卿-136225.png,218,205,False,0.5188,0.0008,clean,none,direct_use,True
mccd_salvage,颜真卿,行,開,G:\GitHub\DiT\MCCD\MCCD\MCCD-Calligrapher\calligrapher_dataset\颜真卿\開-行-唐-颜真卿-136228.png,236,214,False,0.4513,0.0001,clean,none,direct_use,True
mccd_salvage,颜真卿,行,開,G:\GitHub\DiT\MCCD\MCCD\MCCD-Calligrapher\calligrapher_dataset\颜真卿\開-行-唐-颜真卿-136229.png,298,235,False,0.1836,0.0045,clean,none,direct_use,True
mccd_salvage,颜真卿,楷,陽,G:\GitHub\DiT\MCCD\MCCD\MCCD-Calligrapher\calligrapher_dataset\颜真卿\陽-楷-唐-颜真卿-139054.png,271,322,False,0.344,0.0,clean,none,direct_use,True
mccd_salvage,颜真卿,行,隅,G:\GitHub\DiT\MCCD\MCCD\MCCD-Calligrapher\calligrapher_dataset\颜真卿\隅-行-唐-颜真卿-139232.png,274,272,False,0.5294,0.0,clean,none,direct_use,True
mccd_salvage,鲜于枢,行,二,G:\GitHub\DiT\MCCD\MCCD\MCCD-Calligrapher\calligrapher_dataset\鲜于枢\二-行-元-鲜于枢-10284.png,177,190,False,0.4167,0.0,clean,none,direct_use,True
mccd_salvage,鲜于枢,行,二,G:\GitHub\DiT\MCCD\MCCD\MCCD-Calligrapher\calligrapher_dataset\鲜于枢\二-行-元-鲜于枢-10286.png,159,165,False,0.3358,0.0,clean,none,direct_use,True
mccd_salvage,鲜于枢,行,口,G:\GitHub\DiT\MCCD\MCCD\MCCD-Calligrapher\calligrapher_dataset\鲜于枢\口-行-元-鲜于枢-41650.png,263,216,False,0.4021,0.0001,clean,none,direct_use,True
mccd_salvage,鲜于枢,行,右,G:\GitHub\DiT\MCCD\MCCD\MCCD-Calligrapher\calligrapher_dataset\鲜于枢\右-行-元-鲜于枢-43092.png,212,200,False,0.5304,0.0,clean,none,direct_use,True
mccd_salvage,鲜于枢,行,土,G:\GitHub\DiT\MCCD\MCCD\MCCD-Calligrapher\calligrapher_dataset\鲜于枢\土-行-元-鲜于枢-54091.png,249,276,False,0.2926,0.0,clean,none,direct_use,True
mccd_salvage,鲜于枢,行,曲,G:\GitHub\DiT\MCCD\MCCD\MCCD-Calligrapher\calligrapher_dataset\鲜于枢\曲-行-元-鲜于枢-6317.png,254,267,False,0.434,0.0,clean,none,direct_use,True
mccd_salvage,鲜于枢,行,月,G:\GitHub\DiT\MCCD\MCCD\MCCD-Calligrapher\calligrapher_dataset\鲜于枢\月-行-元-鲜于枢-7788.png,174,389,False,0.4892,0.0001,clean,none,direct_use,True
mccd_salvage,鲜于枢,行,月,G:\GitHub\DiT\MCCD\MCCD\MCCD-Calligrapher\calligrapher_dataset\鲜于枢\月-行-元-鲜于枢-7792.png,153,268,False,0.4409,0.0,clean,none,direct_use,True
mccd_salvage,鲜于枢,行,杜,G:\GitHub\DiT\MCCD\MCCD\MCCD-Calligrapher\calligrapher_dataset\鲜于枢\杜-行-元-鲜于枢-10445.png,292,236,False,0.3412,0.0,clean,none,direct_use,True
mccd_salvage,鲜于枢,行,歌,G:\GitHub\DiT\MCCD\MCCD\MCCD-Calligrapher\calligrapher_dataset\鲜于枢\歌-行-元-鲜于枢-18606.png,279,235,False,0.2625,0.0017,clean,none,direct_use,True
mccd_salvage,鲜于枢,行,死,G:\GitHub\DiT\MCCD\MCCD\MCCD-Calligrapher\calligrapher_dataset\鲜于枢\死-行-元-鲜于枢-20855.png,246,240,False,0.2317,0.0,clean,none,direct_use,True
mccd_salvage,鲜于枢,行,死,G:\GitHub\DiT\MCCD\MCCD\MCCD-Calligrapher\calligrapher_dataset\鲜于枢\死-行-元-鲜于枢-20858.png,203,236,False,0.3094,0.0,clean,none,direct_use,True
mccd_salvage,鲜于枢,行,玉,G:\GitHub\DiT\MCCD\MCCD\MCCD-Calligrapher\calligrapher_dataset\鲜于枢\玉-行-元-鲜于枢-43959.png,214,255,False,0.3772,0.0,clean,none,direct_use,True
mccd_salvage,鲜于枢,行,矣,G:\GitHub\DiT\MCCD\MCCD\MCCD-Calligrapher\calligrapher_dataset\鲜于枢\矣-行-元-鲜于枢-58543.png,202,256,False,0.4641,0.0,clean,none,direct_use,True
mccd_salvage,鲜于枢,行,示,G:\GitHub\DiT\MCCD\MCCD\MCCD-Calligrapher\calligrapher_dataset\鲜于枢\示-行-元-鲜于枢-60536.png,174,220,False,0.2614,0.0,clean,none,direct_use,True
mccd_salvage,鲜于枢,行,穀,G:\GitHub\DiT\MCCD\MCCD\MCCD-Calligrapher\calligrapher_dataset\鲜于枢\穀-行-元-鲜于枢-64629.png,270,350,False,0.3124,0.0,clean,none,direct_use,True
mccd_salvage,鲜于枢,行,穀,G:\GitHub\DiT\MCCD\MCCD\MCCD-Calligrapher\calligrapher_dataset\鲜于枢\穀-行-元-鲜于枢-64630.png,211,213,False,0.2936,0.0004,clean,none,direct_use,True
mccd_salvage,鲜于枢,行,肉,G:\GitHub\DiT\MCCD\MCCD\MCCD-Calligrapher\calligrapher_dataset\鲜于枢\肉-行-元-鲜于枢-82701.png,251,239,False,0.3619,0.0006,clean,none,direct_use,True
mccd_salvage,鲜于枢,行,興,G:\GitHub\DiT\MCCD\MCCD\MCCD-Calligrapher\calligrapher_dataset\鲜于枢\興-行-元-鲜于枢-87854.png,222,190,False,0.4261,0.0,clean,none,direct_use,True
mccd_salvage,黄庭坚,行,二,G:\GitHub\DiT\MCCD\MCCD\MCCD-Calligrapher\calligrapher_dataset\黄庭坚\二-行-宋-黄庭坚-10281.png,247,173,False,0.4505,0.0,clean,none,direct_use,True
mccd_salvage,黄庭坚,行,侯,G:\GitHub\DiT\MCCD\MCCD\MCCD-Calligrapher\calligrapher_dataset\黄庭坚\侯-行-宋-黄庭坚-19184.png,267,305,False,0.3205,0.0003,clean,none,direct_use,True
mccd_salvage,黄庭坚,行,出,G:\GitHub\DiT\MCCD\MCCD\MCCD-Calligrapher\calligrapher_dataset\黄庭坚\出-行-宋-黄庭坚-29981.png,179,193,False,0.503,0.0,clean,none,direct_use,True
mccd_salvage,黄庭坚,行,妍,G:\GitHub\DiT\MCCD\MCCD\MCCD-Calligrapher\calligrapher_dataset\黄庭坚\妍-行-宋-黄庭坚-64001.png,278,242,False,0.3424,0.0,clean,none,direct_use,True
mccd_salvage,黄庭坚,行,姸,G:\GitHub\DiT\MCCD\MCCD\MCCD-Calligrapher\calligrapher_dataset\黄庭坚\姸-行-宋-黄庭坚-65408.png,278,242,False,0.3424,0.0,clean,none,direct_use,True
mccd_salvage,黄庭坚,楷,寫,G:\GitHub\DiT\MCCD\MCCD\MCCD-Calligrapher\calligrapher_dataset\黄庭坚\寫-楷-宋-黄庭坚-74449.png,284,289,True,0.2306,0.0012,inverted,inverted,invert_polarity,True
mccd_salvage,黄庭坚,行,尤,G:\GitHub\DiT\MCCD\MCCD\MCCD-Calligrapher\calligrapher_dataset\黄庭坚\尤-行-宋-黄庭坚-77263.png,190,214,False,0.3481,0.0,clean,none,direct_use,True
mccd_salvage,黄庭坚,行,山,G:\GitHub\DiT\MCCD\MCCD\MCCD-Calligrapher\calligrapher_dataset\黄庭坚\山-行-宋-黄庭坚-79140.png,266,201,False,0.4678,0.0,clean,none,direct_use,True
mccd_salvage,黄庭坚,行,山,G:\GitHub\DiT\MCCD\MCCD\MCCD-Calligrapher\calligrapher_dataset\黄庭坚\山-行-宋-黄庭坚-79141.png,264,176,False,0.5323,0.0,clean,none,direct_use,True
mccd_salvage,黄庭坚,行,往,G:\GitHub\DiT\MCCD\MCCD\MCCD-Calligrapher\calligrapher_dataset\黄庭坚\往-行-宋-黄庭坚-92526.png,236,320,False,0.2668,0.0006,clean,none,direct_use,True
mccd_salvage,黄庭坚,行,往,G:\GitHub\DiT\MCCD\MCCD\MCCD-Calligrapher\calligrapher_dataset\黄庭坚\往-行-宋-黄庭坚-92529.png,260,261,False,0.3594,0.0,clean,none,direct_use,True
mccd_salvage,黄庭坚,行,復,G:\GitHub\DiT\MCCD\MCCD\MCCD-Calligrapher\calligrapher_dataset\黄庭坚\復-行-宋-黄庭坚-94106.png,167,325,False,0.3557,0.0004,clean,none,direct_use,True
mccd_salvage,黄庭坚,楷,怒,G:\GitHub\DiT\MCCD\MCCD\MCCD-Calligrapher\calligrapher_dataset\黄庭坚\怒-楷-宋-黄庭坚-96338.png,243,230,False,0.1871,0.0004,clean,none,direct_use,True
mccd_salvage,黄庭坚,行,景,G:\GitHub\DiT\MCCD\MCCD\MCCD-Calligrapher\calligrapher_dataset\黄庭坚\景-行-宋-黄庭坚-4715.png,225,223,False,0.3139,0.0,clean,none,direct_use,True
mccd_salvage,黄庭坚,楷,煢,G:\GitHub\DiT\MCCD\MCCD\MCCD-Calligrapher\calligrapher_dataset\黄庭坚\煢-楷-宋-黄庭坚-37724.png,286,283,False,0.2762,0.036,clean,none,direct_use,True
mccd_salvage,黄庭坚,行,王,G:\GitHub\DiT\MCCD\MCCD\MCCD-Calligrapher\calligrapher_dataset\黄庭坚\王-行-宋-黄庭坚-44436.png,206,287,False,0.5373,0.0,clean,none,direct_use,True
mccd_salvage,黄庭坚,行,百,G:\GitHub\DiT\MCCD\MCCD\MCCD-Calligrapher\calligrapher_dataset\黄庭坚\百-行-宋-黄庭坚-53339.png,286,196,False,0.1577,0.0049,clean,none,direct_use,True
mccd_salvage,黄庭坚,行,盲,G:\GitHub\DiT\MCCD\MCCD\MCCD-Calligrapher\calligrapher_dataset\黄庭坚\盲-行-宋-黄庭坚-55596.png,162,287,False,0.4438,0.0,clean,none,direct_use,True
mccd_salvage,黄庭坚,行,眠,G:\GitHub\DiT\MCCD\MCCD\MCCD-Calligrapher\calligrapher_dataset\黄庭坚\眠-行-宋-黄庭坚-56879.png,268,288,False,0.4391,0.0,clean,none,direct_use,True
mccd_salvage,黄庭坚,行,示,G:\GitHub\DiT\MCCD\MCCD\MCCD-Calligrapher\calligrapher_dataset\黄庭坚\示-行-宋-黄庭坚-60535.png,241,203,False,0.34,0.0,clean,none,direct_use,True
mccd_salvage,黄庭坚,行,礻,G:\GitHub\DiT\MCCD\MCCD\MCCD-Calligrapher\calligrapher_dataset\黄庭坚\礻-行-宋-黄庭坚-60638.png,241,203,False,0.34,0.0,clean,none,direct_use,True
mccd_salvage,黄庭坚,行,竊,G:\GitHub\DiT\MCCD\MCCD\MCCD-Calligrapher\calligrapher_dataset\黄庭坚\竊-行-宋-黄庭坚-65938.png,247,327,False,0.1694,0.0015,clean,none,direct_use,True
mccd_salvage,黄庭坚,行,竹,G:\GitHub\DiT\MCCD\MCCD\MCCD-Calligrapher\calligrapher_dataset\黄庭坚\竹-行-宋-黄庭坚-66960.png,276,247,False,0.3859,0.0002,clean,none,direct_use,True
mccd_salvage,黄庭坚,行,繩,G:\GitHub\DiT\MCCD\MCCD\MCCD-Calligrapher\calligrapher_dataset\黄庭坚\繩-行-宋-黄庭坚-75444.png,276,200,False,0.2827,0.0003,clean,none,direct_use,True
mccd_salvage,黄庭坚,行,繩,G:\GitHub\DiT\MCCD\MCCD\MCCD-Calligrapher\calligrapher_dataset\黄庭坚\繩-行-宋-黄庭坚-75445.png,295,208,False,0.2298,0.0007,clean,none,direct_use,True
mccd_salvage,黄庭坚,行,能,G:\GitHub\DiT\MCCD\MCCD\MCCD-Calligrapher\calligrapher_dataset\黄庭坚\能-行-宋-黄庭坚-84002.png,235,265,False,0.4102,0.0,clean,none,direct_use,True
mccd_salvage,黄庭坚,行,能,G:\GitHub\DiT\MCCD\MCCD\MCCD-Calligrapher\calligrapher_dataset\黄庭坚\能-行-宋-黄庭坚-84013.png,282,267,False,0.1986,0.0043,clean,none,direct_use,True
mccd_salvage,黄庭坚,楷,舞,G:\GitHub\DiT\MCCD\MCCD\MCCD-Calligrapher\calligrapher_dataset\黄庭坚\舞-楷-宋-黄庭坚-88430.png,280,359,False,0.2064,0.0029,clean,none,direct_use,True
mccd_salvage,黄庭坚,行,西,G:\GitHub\DiT\MCCD\MCCD\MCCD-Calligrapher\calligrapher_dataset\黄庭坚\西-行-宋-黄庭坚-104112.png,240,186,False,0.5329,0.0,clean,none,direct_use,True
mccd_salvage,黄庭坚,楷,貴,G:\GitHub\DiT\MCCD\MCCD\MCCD-Calligrapher\calligrapher_dataset\黄庭坚\貴-楷-宋-黄庭坚-114122.png,285,275,False,0.2207,0.0009,clean,none,direct_use,True
mccd_salvage,黄庭坚,行,起,G:\GitHub\DiT\MCCD\MCCD\MCCD-Calligrapher\calligrapher_dataset\黄庭坚\起-行-宋-黄庭坚-116454.png,254,167,False,0.2651,0.0,clean,none,direct_use,True
mccd_salvage,黄庭坚,行,郎,G:\GitHub\DiT\MCCD\MCCD\MCCD-Calligrapher\calligrapher_dataset\黄庭坚\郎-行-宋-黄庭坚-127831.png,195,424,False,0.2781,0.0,clean,none,direct_use,True
mccd_salvage,黄庭坚,行,郎,G:\GitHub\DiT\MCCD\MCCD\MCCD-Calligrapher\calligrapher_dataset\黄庭坚\郎-行-宋-黄庭坚-127833.png,281,307,False,0.2009,0.0012,clean,none,direct_use,True
mccd_salvage,黄庭坚,楷,頗,G:\GitHub\DiT\MCCD\MCCD\MCCD-Calligrapher\calligrapher_dataset\黄庭坚\頗-楷-宋-黄庭坚-145972.png,270,249,False,0.362,0.0,clean,none,direct_use,True
mccd_salvage,黄庭坚,行,食,G:\GitHub\DiT\MCCD\MCCD\MCCD-Calligrapher\calligrapher_dataset\黄庭坚\食-行-宋-黄庭坚-147933.png,289,241,False,0.0826,0.0191,clean,none,direct_use,True
mccd_salvage,黄庭坚,行,首,G:\GitHub\DiT\MCCD\MCCD\MCCD-Calligrapher\calligrapher_dataset\黄庭坚\首-行-宋-黄庭坚-149457.png,296,261,False,0.1696,0.0014,clean,none,direct_use,True
mccd_salvage,黄庭坚,行,鳯,G:\GitHub\DiT\MCCD\MCCD\MCCD-Calligrapher\calligrapher_dataset\黄庭坚\鳯-行-宋-黄庭坚-155354.png,248,256,False,0.3056,0.0,clean,none,direct_use,True
mccd_salvage,黄庭坚,楷,齋,G:\GitHub\DiT\MCCD\MCCD\MCCD-Calligrapher\calligrapher_dataset\黄庭坚\齋-楷-宋-黄庭坚-160369.png,286,309,False,0.3339,0.0292,clean,none,direct_use,True
hcsu_wild_salvage,于右任,楷,殉,/root/Workspace/xy/HCSU/wild_extract/于右任-楷/殉.png,186,168,True,0.2846,0.0,inverted,inverted,invert_polarity,True
hcsu_wild_salvage,于右任,楷,懷,/root/Workspace/xy/HCSU/wild_extract/于右任-楷/懷.png,315,315,True,0.1991,0.0053,inverted,inverted,invert_polarity,True
hcsu_wild_salvage,何绍基,隶,䌛,/root/Workspace/xy/HCSU/wild_extract/何绍基-隶/䌛.png,776,618,False,0.26,0.0002,clean,none,direct_use,True
hcsu_wild_salvage,何绍基,隶,乡,/root/Workspace/xy/HCSU/wild_extract/何绍基-隶/乡.png,199,148,False,0.2579,0.0,clean,none,direct_use,True
hcsu_wild_salvage,何绍基,隶,㳺,/root/Workspace/xy/HCSU/wild_extract/何绍基-隶/㳺.png,1149,898,False,0.233,0.0001,clean,none,direct_use,True
hcsu_wild_salvage,何绍基,隶,㭊,/root/Workspace/xy/HCSU/wild_extract/何绍基-隶/㭊.png,1372,1198,False,0.2626,0.0001,clean,none,direct_use,True
hcsu_wild_salvage,何绍基,隶,䜣,/root/Workspace/xy/HCSU/wild_extract/何绍基-隶/䜣.png,210,185,False,0.2221,0.0,clean,none,direct_use,True
hcsu_wild_salvage,何绍基,隶,㙯,/root/Workspace/xy/HCSU/wild_extract/何绍基-隶/㙯.png,887,787,False,0.3043,0.0036,clean,none,direct_use,True
hcsu_wild_salvage,何绍基,隶,㝢,/root/Workspace/xy/HCSU/wild_extract/何绍基-隶/㝢.png,707,691,False,0.2421,0.0001,clean,none,direct_use,True
hcsu_wild_salvage,何绍基,隶,㢘,/root/Workspace/xy/HCSU/wild_extract/何绍基-隶/㢘.png,1533,1297,False,0.3157,0.0,clean,none,direct_use,True
hcsu_wild_salvage,何绍基,隶,㽞,/root/Workspace/xy/HCSU/wild_extract/何绍基-隶/㽞.png,533,538,False,0.3172,0.0032,clean,none,direct_use,True
hcsu_wild_salvage,何绍基,隶,㩀,/root/Workspace/xy/HCSU/wild_extract/何绍基-隶/㩀.png,1127,1026,False,0.314,0.001,clean,none,direct_use,True
hcsu_wild_salvage,何绍基,隶,㤁,/root/Workspace/xy/HCSU/wild_extract/何绍基-隶/㤁.png,1582,1139,False,0.274,0.0,clean,none,direct_use,True
hcsu_wild_salvage,何绍基,隶,䖏,/root/Workspace/xy/HCSU/wild_extract/何绍基-隶/䖏.png,1421,1265,False,0.3306,0.0,clean,none,direct_use,True
hcsu_wild_salvage,何绍基,隶,㙒,/root/Workspace/xy/HCSU/wild_extract/何绍基-隶/㙒.png,913,647,False,0.3621,0.0042,clean,none,direct_use,True
hcsu_wild_salvage,何绍基,隶,尋,/root/Workspace/xy/HCSU/wild_extract/何绍基-隶/尋.png,1520,1529,False,0.239,0.0,clean,none,direct_use,True
hcsu_wild_salvage,何绍基,隶,㦤,/root/Workspace/xy/HCSU/wild_extract/何绍基-隶/㦤.png,1490,1205,False,0.261,0.0002,clean,none,direct_use,True
hcsu_wild_salvage,何绍基,隶,佚,/root/Workspace/xy/HCSU/wild_extract/何绍基-隶/佚.png,1554,1284,False,0.2688,0.0,clean,none,direct_use,True
hcsu_wild_salvage,何绍基,隶,㕘,/root/Workspace/xy/HCSU/wild_extract/何绍基-隶/㕘.png,1535,1077,False,0.2319,0.0,clean,none,direct_use,True
hcsu_wild_salvage,何绍基,隶,䜟,/root/Workspace/xy/HCSU/wild_extract/何绍基-隶/䜟.png,1569,1171,False,0.304,0.0,clean,none,direct_use,True
hcsu_wild_salvage,何绍基,隶,唫,/root/Workspace/xy/HCSU/wild_extract/何绍基-隶/唫.png,1417,1305,False,0.2887,0.0001,clean,none,direct_use,True
hcsu_wild_salvage,倪元璐,行,澆,/root/Workspace/xy/HCSU/wild_extract/倪元璐-行/澆.png,171,221,False,0.2327,0.002,clean,none,direct_use,True
hcsu_wild_salvage,倪元璐,行,價,/root/Workspace/xy/HCSU/wild_extract/倪元璐-行/價.png,172,216,False,0.2694,0.0038,clean,none,direct_use,True
hcsu_wild_salvage,倪元璐,行,掃,/root/Workspace/xy/HCSU/wild_extract/倪元璐-行/掃.png,164,208,False,0.1635,0.0317,clean,none,direct_use,True
hcsu_wild_salvage,倪元璐,行,鹍,/root/Workspace/xy/HCSU/wild_extract/倪元璐-行/鹍.png,281,274,True,0.1829,0.008,inverted,inverted,invert_polarity,True
hcsu_wild_salvage,倪元璐,行,開,/root/Workspace/xy/HCSU/wild_extract/倪元璐-行/開.png,180,226,False,0.2649,0.0073,clean,none,direct_use,True
hcsu_wild_salvage,倪元璐,行,歸,/root/Workspace/xy/HCSU/wild_extract/倪元璐-行/歸.png,170,236,False,0.2707,0.0045,clean,none,direct_use,True
hcsu_wild_salvage,倪元璐,行,間,/root/Workspace/xy/HCSU/wild_extract/倪元璐-行/間.png,150,186,False,0.3225,0.0012,clean,none,direct_use,True
hcsu_wild_salvage,倪元璐,行,認,/root/Workspace/xy/HCSU/wild_extract/倪元璐-行/認.png,172,173,False,0.1996,0.0057,clean,none,direct_use,True
hcsu_wild_salvage,倪元璐,行,蹔,/root/Workspace/xy/HCSU/wild_extract/倪元璐-行/蹔.png,148,223,False,0.2844,0.0025,clean,none,direct_use,True
hcsu_wild_salvage,倪元璐,行,蝸,/root/Workspace/xy/HCSU/wild_extract/倪元璐-行/蝸.png,208,180,False,0.3288,0.0025,clean,none,direct_use,True
hcsu_wild_salvage,倪元璐,行,詢,/root/Workspace/xy/HCSU/wild_extract/倪元璐-行/詢.png,166,183,False,0.217,0.0132,clean,none,direct_use,True
hcsu_wild_salvage,倪元璐,行,詳,/root/Workspace/xy/HCSU/wild_extract/倪元璐-行/詳.png,152,206,False,0.2557,0.011,clean,none,direct_use,True
hcsu_wild_salvage,倪元璐,行,針,/root/Workspace/xy/HCSU/wild_extract/倪元璐-行/針.png,202,202,False,0.2559,0.0017,clean,none,direct_use,True
hcsu_wild_salvage,倪元璐,行,勝,/root/Workspace/xy/HCSU/wild_extract/倪元璐-行/勝.png,166,218,False,0.2511,0.0004,clean,none,direct_use,True
hcsu_wild_salvage,倪元璐,行,攝,/root/Workspace/xy/HCSU/wild_extract/倪元璐-行/攝.png,177,233,False,0.2612,0.0062,clean,none,direct_use,True
hcsu_wild_salvage,倪元璐,行,確,/root/Workspace/xy/HCSU/wild_extract/倪元璐-行/確.png,170,157,False,0.2652,0.0007,clean,none,direct_use,True
hcsu_wild_salvage,倪元璐,行,鯨,/root/Workspace/xy/HCSU/wild_extract/倪元璐-行/鯨.png,177,243,False,0.2264,0.0043,clean,none,direct_use,True
hcsu_wild_salvage,倪元璐,行,啓,/root/Workspace/xy/HCSU/wild_extract/倪元璐-行/啓.png,160,185,False,0.2037,0.0156,clean,none,direct_use,True
hcsu_wild_salvage,倪元璐,行,動,/root/Workspace/xy/HCSU/wild_extract/倪元璐-行/動.png,157,220,False,0.3554,0.0038,clean,none,direct_use,True
hcsu_wild_salvage,倪元璐,行,親,/root/Workspace/xy/HCSU/wild_extract/倪元璐-行/親.png,202,236,False,0.2713,0.0104,clean,none,direct_use,True
hcsu_wild_salvage,倪元璐,行,禪,/root/Workspace/xy/HCSU/wild_extract/倪元璐-行/禪.png,165,228,False,0.2946,0.0023,clean,none,direct_use,True
hcsu_wild_salvage,倪元璐,行,摳,/root/Workspace/xy/HCSU/wild_extract/倪元璐-行/摳.png,195,208,False,0.2854,0.0003,clean,none,direct_use,True
hcsu_wild_salvage,倪元璐,行,領,/root/Workspace/xy/HCSU/wild_extract/倪元璐-行/領.png,215,213,False,0.2325,0.0063,clean,none,direct_use,True
hcsu_wild_salvage,倪元璐,行,謀,/root/Workspace/xy/HCSU/wild_extract/倪元璐-行/謀.png,152,200,False,0.3068,0.0029,clean,none,direct_use,True
hcsu_wild_salvage,倪元璐,行,風,/root/Workspace/xy/HCSU/wild_extract/倪元璐-行/風.png,186,155,False,0.2554,0.0023,clean,none,direct_use,True
hcsu_wild_salvage,倪元璐,行,羣,/root/Workspace/xy/HCSU/wild_extract/倪元璐-行/羣.png,283,453,False,0.2099,0.0146,clean,none,direct_use,True
hcsu_wild_salvage,倪元璐,行,隻,/root/Workspace/xy/HCSU/wild_extract/倪元璐-行/隻.png,162,194,False,0.2571,0.0001,clean,none,direct_use,True
hcsu_wild_salvage,倪元璐,行,鬘,/root/Workspace/xy/HCSU/wild_extract/倪元璐-行/鬘.png,356,579,True,0.2404,0.1824,noisy,inverted;high_dirt_0.18,invert_and_denoise,True
hcsu_wild_salvage,倪元璐,行,噓,/root/Workspace/xy/HCSU/wild_extract/倪元璐-行/噓.png,170,188,False,0.2487,0.0078,clean,none,direct_use,True
hcsu_wild_salvage,倪元璐,行,寶,/root/Workspace/xy/HCSU/wild_extract/倪元璐-行/寶.png,159,233,False,0.2906,0.001,clean,none,direct_use,True
hcsu_wild_salvage,倪元璐,行,連,/root/Workspace/xy/HCSU/wild_extract/倪元璐-行/連.png,209,193,False,0.2171,0.003,clean,none,direct_use,True
hcsu_wild_salvage,倪元璐,行,饑,/root/Workspace/xy/HCSU/wild_extract/倪元璐-行/饑.png,172,182,False,0.2204,0.0059,clean,none,direct_use,True
hcsu_wild_salvage,倪元璐,行,訊,/root/Workspace/xy/HCSU/wild_extract/倪元璐-行/訊.png,158,186,False,0.2003,0.0105,clean,none,direct_use,True
hcsu_wild_salvage,倪元璐,行,奪,/root/Workspace/xy/HCSU/wild_extract/倪元璐-行/奪.png,130,236,False,0.3331,0.0027,clean,none,direct_use,True
hcsu_wild_salvage,倪元璐,行,廣,/root/Workspace/xy/HCSU/wild_extract/倪元璐-行/廣.png,161,283,False,0.2258,0.0007,clean,none,direct_use,True
hcsu_wild_salvage,倪元璐,行,圖,/root/Workspace/xy/HCSU/wild_extract/倪元璐-行/圖.png,166,227,False,0.3074,0.0035,clean,none,direct_use,True
hcsu_wild_salvage,倪元璐,行,擾,/root/Workspace/xy/HCSU/wild_extract/倪元璐-行/擾.png,195,229,False,0.2129,0.0069,clean,none,direct_use,True
hcsu_wild_salvage,倪元璐,行,爾,/root/Workspace/xy/HCSU/wild_extract/倪元璐-行/爾.png,133,179,False,0.2928,0.0065,clean,none,direct_use,True
hcsu_wild_salvage,倪元璐,行,業,/root/Workspace/xy/HCSU/wild_extract/倪元璐-行/業.png,144,271,False,0.3219,0.0014,clean,none,direct_use,True
hcsu_wild_salvage,倪元璐,行,審,/root/Workspace/xy/HCSU/wild_extract/倪元璐-行/審.png,156,231,False,0.3551,0.0028,clean,none,direct_use,True
hcsu_wild_salvage,倪元璐,行,覈,/root/Workspace/xy/HCSU/wild_extract/倪元璐-行/覈.png,166,247,False,0.2493,0.0031,clean,none,direct_use,True
hcsu_wild_salvage,倪元璐,行,竚,/root/Workspace/xy/HCSU/wild_extract/倪元璐-行/竚.png,174,220,False,0.2637,0.003,clean,none,direct_use,True
hcsu_wild_salvage,倪元璐,行,資,/root/Workspace/xy/HCSU/wild_extract/倪元璐-行/資.png,139,176,False,0.2066,0.0152,clean,none,direct_use,True
hcsu_wild_salvage,倪元璐,行,倉,/root/Workspace/xy/HCSU/wild_extract/倪元璐-行/倉.png,149,221,False,0.2478,0.0032,clean,none,direct_use,True
hcsu_wild_salvage,倪元璐,行,銜,/root/Workspace/xy/HCSU/wild_extract/倪元璐-行/銜.png,178,246,False,0.1844,0.0228,clean,none,direct_use,True
hcsu_wild_salvage,倪元璐,行,會,/root/Workspace/xy/HCSU/wild_extract/倪元璐-行/會.png,158,213,False,0.2098,0.0061,clean,none,direct_use,True
hcsu_wild_salvage,倪元璐,行,罈,/root/Workspace/xy/HCSU/wild_extract/倪元璐-行/罈.png,191,230,False,0.2114,0.0125,clean,none,direct_use,True
hcsu_wild_salvage,倪元璐,行,轉,/root/Workspace/xy/HCSU/wild_extract/倪元璐-行/轉.png,163,198,False,0.329,0.0,clean,none,direct_use,True
hcsu_wild_salvage,倪元璐,行,勞,/root/Workspace/xy/HCSU/wild_extract/倪元璐-行/勞.png,123,255,False,0.1963,0.0148,clean,none,direct_use,True
hcsu_wild_salvage,倪元璐,行,錦,/root/Workspace/xy/HCSU/wild_extract/倪元璐-行/錦.png,205,234,False,0.2505,0.0034,clean,none,direct_use,True
hcsu_wild_salvage,倪元璐,行,談,/root/Workspace/xy/HCSU/wild_extract/倪元璐-行/談.png,202,235,False,0.2735,0.0012,clean,none,direct_use,True
hcsu_wild_salvage,倪元璐,行,貳,/root/Workspace/xy/HCSU/wild_extract/倪元璐-行/貳.png,150,223,False,0.2622,0.0021,clean,none,direct_use,True
hcsu_wild_salvage,刘墉,行,扵,/root/Workspace/xy/HCSU/wild_extract/刘墉-行/扵.png,532,583,False,0.2234,0.0,clean,none,direct_use,True
hcsu_wild_salvage,刘墉,行,唘,/root/Workspace/xy/HCSU/wild_extract/刘墉-行/唘.png,177,169,False,0.3247,0.0004,clean,none,direct_use,True
hcsu_wild_salvage,刘墉,行,勝,/root/Workspace/xy/HCSU/wild_extract/刘墉-行/勝.png,185,168,False,0.1836,0.0016,clean,none,direct_use,True
hcsu_wild_salvage,刘墉,行,進,/root/Workspace/xy/HCSU/wild_extract/刘墉-行/進.png,900,1052,False,0.3388,0.0003,clean,none,direct_use,True
hcsu_wild_salvage,刘墉,行,秊,/root/Workspace/xy/HCSU/wild_extract/刘墉-行/秊.png,176,185,False,0.2372,0.0,clean,none,direct_use,True
hcsu_wild_salvage,刘墉,行,興,/root/Workspace/xy/HCSU/wild_extract/刘墉-行/興.png,576,785,False,0.2072,0.0002,clean,none,direct_use,True
hcsu_wild_salvage,刘墉,行,缾,/root/Workspace/xy/HCSU/wild_extract/刘墉-行/缾.png,177,162,False,0.1831,0.005,clean,none,direct_use,True
hcsu_wild_salvage,刘墉,行,髙,/root/Workspace/xy/HCSU/wild_extract/刘墉-行/髙.png,141,204,False,0.2332,0.0,clean,none,direct_use,True
hcsu_wild_salvage,刘墉,行,莭,/root/Workspace/xy/HCSU/wild_extract/刘墉-行/莭.png,764,1128,False,0.3048,0.0004,clean,none,direct_use,True
hcsu_wild_salvage,刘墉,行,無,/root/Workspace/xy/HCSU/wild_extract/刘墉-行/無.png,209,152,False,0.2284,0.0001,clean,none,direct_use,True
hcsu_wild_salvage,启功,楷,董,/root/Workspace/xy/HCSU/wild_extract/启功-楷/董.png,228,298,False,0.2076,0.0,clean,none,direct_use,True
hcsu_wild_salvage,启功,楷,仲,/root/Workspace/xy/HCSU/wild_extract/启功-楷/仲.png,222,309,False,0.1112,0.0,clean,none,direct_use,True
hcsu_wild_salvage,启功,楷,适,/root/Workspace/xy/HCSU/wild_extract/启功-楷/适.png,380,349,False,0.2723,0.0076,clean,none,direct_use,True
hcsu_wild_salvage,吴昌硕,隶,牆,/root/Workspace/xy/HCSU/wild_extract/吴昌硕-隶/牆.png,195,156,False,0.3063,0.0004,clean,none,direct_use,True
hcsu_wild_salvage,吴昌硕,隶,張,/root/Workspace/xy/HCSU/wild_extract/吴昌硕-隶/張.png,228,265,False,0.4339,0.0011,clean,none,direct_use,True
hcsu_wild_salvage,唐寅,行,掃,/root/Workspace/xy/HCSU/wild_extract/唐寅-行/掃.png,259,278,False,0.2681,0.0,clean,none,direct_use,True
hcsu_wild_salvage,唐寅,行,楊,/root/Workspace/xy/HCSU/wild_extract/唐寅-行/楊.png,151,157,False,0.2707,0.0012,clean,none,direct_use,True
hcsu_wild_salvage,唐寅,行,秾,/root/Workspace/xy/HCSU/wild_extract/唐寅-行/秾.png,371,402,False,0.1482,0.0011,clean,none,direct_use,True
hcsu_wild_salvage,唐寅,行,絲,/root/Workspace/xy/HCSU/wild_extract/唐寅-行/絲.png,516,409,False,0.3143,0.0,clean,none,direct_use,True
hcsu_wild_salvage,唐寅,行,時,/root/Workspace/xy/HCSU/wild_extract/唐寅-行/時.png,297,301,True,0.2186,0.0013,inverted,inverted,invert_polarity,True
hcsu_wild_salvage,唐寅,行,䑓,/root/Workspace/xy/HCSU/wild_extract/唐寅-行/䑓.png,96,182,False,0.2317,0.0022,clean,none,direct_use,True
hcsu_wild_salvage,唐寅,行,塚,/root/Workspace/xy/HCSU/wild_extract/唐寅-行/塚.png,418,391,False,0.2622,0.0001,clean,none,direct_use,True
hcsu_wild_salvage,唐寅,行,枕,/root/Workspace/xy/HCSU/wild_extract/唐寅-行/枕.png,139,94,False,0.2038,0.0004,clean,none,direct_use,True
hcsu_wild_salvage,唐寅,行,穡,/root/Workspace/xy/HCSU/wild_extract/唐寅-行/穡.png,271,244,False,0.2893,0.0,clean,none,direct_use,True
hcsu_wild_salvage,唐寅,行,監,/root/Workspace/xy/HCSU/wild_extract/唐寅-行/監.png,185,220,False,0.2938,0.0003,clean,none,direct_use,True
hcsu_wild_salvage,唐寅,行,晻,/root/Workspace/xy/HCSU/wild_extract/唐寅-行/晻.png,372,331,False,0.2039,0.0,clean,none,direct_use,True
hcsu_wild_salvage,唐寅,行,簷,/root/Workspace/xy/HCSU/wild_extract/唐寅-行/簷.png,121,171,False,0.2648,0.0082,clean,none,direct_use,True
hcsu_wild_salvage,唐寅,行,従,/root/Workspace/xy/HCSU/wild_extract/唐寅-行/従.png,180,252,False,0.3015,0.0,clean,none,direct_use,True
hcsu_wild_salvage,唐寅,行,罥,/root/Workspace/xy/HCSU/wild_extract/唐寅-行/罥.png,237,354,False,0.3938,0.0,clean,none,direct_use,True
hcsu_wild_salvage,唐寅,行,䟽,/root/Workspace/xy/HCSU/wild_extract/唐寅-行/䟽.png,182,131,False,0.2754,0.0,clean,none,direct_use,True
hcsu_wild_salvage,唐寅,行,爛,/root/Workspace/xy/HCSU/wild_extract/唐寅-行/爛.png,83,83,False,0.272,0.0,clean,none,direct_use,True
hcsu_wild_salvage,唐寅,行,縁,/root/Workspace/xy/HCSU/wild_extract/唐寅-行/縁.png,245,219,False,0.3287,0.0,clean,none,direct_use,True
hcsu_wild_salvage,唐寅,行,惔,/root/Workspace/xy/HCSU/wild_extract/唐寅-行/惔.png,407,367,False,0.1891,0.0008,clean,none,direct_use,True
hcsu_wild_salvage,唐寅,行,帶,/root/Workspace/xy/HCSU/wild_extract/唐寅-行/帶.png,203,321,False,0.3247,0.0001,clean,none,direct_use,True
hcsu_wild_salvage,唐寅,行,終,/root/Workspace/xy/HCSU/wild_extract/唐寅-行/終.png,198,134,False,0.1876,0.0008,clean,none,direct_use,True
hcsu_wild_salvage,唐寅,行,樹,/root/Workspace/xy/HCSU/wild_extract/唐寅-行/樹.png,114,116,False,0.1923,0.0,clean,none,direct_use,True
hcsu_wild_salvage,唐寅,行,䥴,/root/Workspace/xy/HCSU/wild_extract/唐寅-行/䥴.png,227,235,False,0.2466,0.0003,clean,none,direct_use,True
hcsu_wild_salvage,唐寅,行,旅,/root/Workspace/xy/HCSU/wild_extract/唐寅-行/旅.png,251,222,False,0.1204,0.0001,clean,none,direct_use,True
hcsu_wild_salvage,唐寅,行,晉,/root/Workspace/xy/HCSU/wild_extract/唐寅-行/晉.png,233,268,False,0.2986,0.0028,clean,none,direct_use,True
hcsu_wild_salvage,唐寅,行,略,/root/Workspace/xy/HCSU/wild_extract/唐寅-行/略.png,370,427,False,0.2253,0.0,clean,none,direct_use,True
hcsu_wild_salvage,唐寅,行,氣,/root/Workspace/xy/HCSU/wild_extract/唐寅-行/氣.png,114,157,False,0.2575,0.0007,clean,none,direct_use,True
hcsu_wild_salvage,唐寅,行,盡,/root/Workspace/xy/HCSU/wild_extract/唐寅-行/盡.png,233,286,False,0.3266,0.0001,clean,none,direct_use,True
hcsu_wild_salvage,唐寅,行,眀,/root/Workspace/xy/HCSU/wild_extract/唐寅-行/眀.png,196,229,False,0.3361,0.0,clean,none,direct_use,True
hcsu_wild_salvage,唐寅,行,滄,/root/Workspace/xy/HCSU/wild_extract/唐寅-行/滄.png,222,221,False,0.2435,0.0007,clean,none,direct_use,True
hcsu_wild_salvage,唐寅,行,扠,/root/Workspace/xy/HCSU/wild_extract/唐寅-行/扠.png,115,87,False,0.1835,0.0,clean,none,direct_use,True
hcsu_wild_salvage,唐寅,行,勲,/root/Workspace/xy/HCSU/wild_extract/唐寅-行/勲.png,233,188,False,0.2088,0.0011,clean,none,direct_use,True
hcsu_wild_salvage,唐寅,行,夗,/root/Workspace/xy/HCSU/wild_extract/唐寅-行/夗.png,104,90,False,0.2179,0.0,clean,none,direct_use,True
hcsu_wild_salvage,唐寅,行,峯,/root/Workspace/xy/HCSU/wild_extract/唐寅-行/峯.png,82,109,False,0.26,0.0009,clean,none,direct_use,True
hcsu_wild_salvage,唐寅,行,湯,/root/Workspace/xy/HCSU/wild_extract/唐寅-行/湯.png,193,230,False,0.2546,0.0,clean,none,direct_use,True
hcsu_wild_salvage,唐寅,行,無,/root/Workspace/xy/HCSU/wild_extract/唐寅-行/無.png,412,406,True,0.1394,0.0028,inverted,inverted,invert_polarity,True
hcsu_wild_salvage,唐玄宗,隶,三,/root/Workspace/xy/HCSU/wild_extract/唐玄宗-隶/三.png,271,155,True,0.1787,0.0003,inverted,inverted,invert_polarity,True
hcsu_wild_salvage,唐玄宗,隶,止,/root/Workspace/xy/HCSU/wild_extract/唐玄宗-隶/止.png,652,369,True,0.2791,0.0002,inverted,inverted,invert_polarity,True
hcsu_wild_salvage,唐玄宗,隶,敢,/root/Workspace/xy/HCSU/wild_extract/唐玄宗-隶/敢.png,647,394,True,0.2755,0.0014,inverted,inverted,invert_polarity,True
hcsu_wild_salvage,唐玄宗,隶,北,/root/Workspace/xy/HCSU/wild_extract/唐玄宗-隶/北.png,650,337,True,0.2776,0.0025,inverted,inverted,invert_polarity,True
hcsu_wild_salvage,唐玄宗,隶,亨,/root/Workspace/xy/HCSU/wild_extract/唐玄宗-隶/亨.png,681,573,True,0.2082,0.0004,inverted,inverted,invert_polarity,True
hcsu_wild_salvage,唐玄宗,隶,谏,/root/Workspace/xy/HCSU/wild_extract/唐玄宗-隶/谏.png,272,187,True,0.1769,0.0001,inverted,inverted,invert_polarity,True
hcsu_wild_salvage,康里巎巎,行,教,/root/Workspace/xy/HCSU/wild_extract/康里巎巎-行/教.png,305,392,True,0.2161,0.0557,noisy,inverted;high_dirt_0.06,invert_and_denoise,True
hcsu_wild_salvage,康里巎巎,行,峩,/root/Workspace/xy/HCSU/wild_extract/康里巎巎-行/峩.png,336,592,False,0.2115,0.0,clean,none,direct_use,True
hcsu_wild_salvage,康里巎巎,行,惧,/root/Workspace/xy/HCSU/wild_extract/康里巎巎-行/惧.png,326,417,True,0.1816,0.0591,noisy,inverted;high_dirt_0.06,invert_and_denoise,True
hcsu_wild_salvage,康里巎巎,行,茟,/root/Workspace/xy/HCSU/wild_extract/康里巎巎-行/茟.png,352,874,False,0.2666,0.0003,clean,none,direct_use,True
hcsu_wild_salvage,康里巎巎,行,竒,/root/Workspace/xy/HCSU/wild_extract/康里巎巎-行/竒.png,300,513,False,0.1713,0.0004,clean,none,direct_use,True
hcsu_wild_salvage,康里巎巎,行,扵,/root/Workspace/xy/HCSU/wild_extract/康里巎巎-行/扵.png,460,590,False,0.1744,0.0063,clean,none,direct_use,True
hcsu_wild_salvage,康里巎巎,行,曉,/root/Workspace/xy/HCSU/wild_extract/康里巎巎-行/曉.png,345,320,False,0.179,0.002,clean,none,direct_use,True
hcsu_wild_salvage,康里巎巎,行,诗,/root/Workspace/xy/HCSU/wild_extract/康里巎巎-行/诗.png,348,443,False,0.2194,0.0009,clean,none,direct_use,True
hcsu_wild_salvage,康里巎巎,行,為,/root/Workspace/xy/HCSU/wild_extract/康里巎巎-行/為.png,264,462,False,0.2067,0.0002,clean,none,direct_use,True
hcsu_wild_salvage,康里巎巎,行,逥,/root/Workspace/xy/HCSU/wild_extract/康里巎巎-行/逥.png,359,319,False,0.2738,0.0001,clean,none,direct_use,True
hcsu_wild_salvage,康里巎巎,行,緌,/root/Workspace/xy/HCSU/wild_extract/康里巎巎-行/緌.png,299,427,False,0.2604,0.0004,clean,none,direct_use,True
hcsu_wild_salvage,康里巎巎,行,宣,/root/Workspace/xy/HCSU/wild_extract/康里巎巎-行/宣.png,445,551,False,0.2448,0.0005,clean,none,direct_use,True
hcsu_wild_salvage,康里巎巎,行,圡,/root/Workspace/xy/HCSU/wild_extract/康里巎巎-行/圡.png,206,241,False,0.2277,0.0,clean,none,direct_use,True
hcsu_wild_salvage,康里巎巎,行,至,/root/Workspace/xy/HCSU/wild_extract/康里巎巎-行/至.png,176,411,True,0.2004,0.0142,inverted,inverted,invert_polarity,True
hcsu_wild_salvage,康里巎巎,行,帰,/root/Workspace/xy/HCSU/wild_extract/康里巎巎-行/帰.png,296,729,False,0.1761,0.0013,clean,none,direct_use,True
hcsu_wild_salvage,康里巎巎,行,责,/root/Workspace/xy/HCSU/wild_extract/康里巎巎-行/责.png,272,503,True,0.1311,0.0343,inverted,inverted,invert_polarity,True
hcsu_wild_salvage,康里巎巎,行,吚,/root/Workspace/xy/HCSU/wild_extract/康里巎巎-行/吚.png,292,348,False,0.1635,0.0,clean,none,direct_use,True
hcsu_wild_salvage,康里巎巎,行,鴈,/root/Workspace/xy/HCSU/wild_extract/康里巎巎-行/鴈.png,276,433,False,0.1444,0.004,clean,none,direct_use,True
hcsu_wild_salvage,康里巎巎,行,歔,/root/Workspace/xy/HCSU/wild_extract/康里巎巎-行/歔.png,312,414,False,0.1851,0.0001,clean,none,direct_use,True
hcsu_wild_salvage,康里巎巎,行,郷,/root/Workspace/xy/HCSU/wild_extract/康里巎巎-行/郷.png,290,379,False,0.2465,0.0001,clean,none,direct_use,True
hcsu_wild_salvage,康里巎巎,行,壻,/root/Workspace/xy/HCSU/wild_extract/康里巎巎-行/壻.png,416,636,False,0.2024,0.0046,clean,none,direct_use,True
hcsu_wild_salvage,康里巎巎,行,聮,/root/Workspace/xy/HCSU/wild_extract/康里巎巎-行/聮.png,344,359,False,0.2704,0.0001,clean,none,direct_use,True
hcsu_wild_salvage,康里巎巎,行,侄,/root/Workspace/xy/HCSU/wild_extract/康里巎巎-行/侄.png,482,620,False,0.236,0.0014,clean,none,direct_use,True
hcsu_wild_salvage,康里巎巎,行,巎,/root/Workspace/xy/HCSU/wild_extract/康里巎巎-行/巎.png,311,429,False,0.1859,0.0014,clean,none,direct_use,True
hcsu_wild_salvage,康里巎巎,行,煑,/root/Workspace/xy/HCSU/wild_extract/康里巎巎-行/煑.png,241,416,False,0.2264,0.0006,clean,none,direct_use,True
hcsu_wild_salvage,康里巎巎,行,飜,/root/Workspace/xy/HCSU/wild_extract/康里巎巎-行/飜.png,375,418,False,0.3088,0.0002,clean,none,direct_use,True
hcsu_wild_salvage,康里巎巎,行,冝,/root/Workspace/xy/HCSU/wild_extract/康里巎巎-行/冝.png,254,365,False,0.2538,0.0017,clean,none,direct_use,True
hcsu_wild_salvage,康里巎巎,行,分,/root/Workspace/xy/HCSU/wild_extract/康里巎巎-行/分.png,259,228,True,0.2213,0.4977,noisy,inverted;high_dirt_0.50,invert_and_denoise,True
hcsu_wild_salvage,康里巎巎,行,眀,/root/Workspace/xy/HCSU/wild_extract/康里巎巎-行/眀.png,436,576,False,0.2623,0.0031,clean,none,direct_use,True
hcsu_wild_salvage,康里巎巎,行,蹷,/root/Workspace/xy/HCSU/wild_extract/康里巎巎-行/蹷.png,323,497,False,0.2212,0.001,clean,none,direct_use,True
hcsu_wild_salvage,康里巎巎,行,隣,/root/Workspace/xy/HCSU/wild_extract/康里巎巎-行/隣.png,278,445,False,0.2685,0.0003,clean,none,direct_use,True
hcsu_wild_salvage,康里巎巎,行,髙,/root/Workspace/xy/HCSU/wild_extract/康里巎巎-行/髙.png,227,375,False,0.2418,0.0013,clean,none,direct_use,True
hcsu_wild_salvage,康里巎巎,行,珮,/root/Workspace/xy/HCSU/wild_extract/康里巎巎-行/珮.png,406,389,False,0.2517,0.0011,clean,none,direct_use,True
hcsu_wild_salvage,康里巎巎,行,等,/root/Workspace/xy/HCSU/wild_extract/康里巎巎-行/等.png,231,438,True,0.163,0.0426,inverted,inverted,invert_polarity,True
hcsu_wild_salvage,康里巎巎,行,㓕,/root/Workspace/xy/HCSU/wild_extract/康里巎巎-行/㓕.png,403,433,False,0.1452,0.0005,clean,none,direct_use,True
hcsu_wild_salvage,康里巎巎,行,㺯,/root/Workspace/xy/HCSU/wild_extract/康里巎巎-行/㺯.png,274,343,False,0.1946,0.0004,clean,none,direct_use,True
hcsu_wild_salvage,康里巎巎,行,斝,/root/Workspace/xy/HCSU/wild_extract/康里巎巎-行/斝.png,279,501,False,0.2001,0.0005,clean,none,direct_use,True
hcsu_wild_salvage,文徵明,楷,崑,/root/Workspace/xy/HCSU/wild_extract/文征明-楷/崑.png,122,157,False,0.1923,0.009,clean,none,direct_use,True
hcsu_wild_salvage,文徵明,楷,尽,/root/Workspace/xy/HCSU/wild_extract/文征明-楷/尽.png,126,129,True,0.1572,0.0462,inverted,inverted,invert_polarity,True
hcsu_wild_salvage,文徵明,行,圎,/root/Workspace/xy/HCSU/wild_extract/文征明-行/圎.png,663,696,False,0.5132,0.2061,noisy,high_dirt_0.21,denoise_bridge,True
hcsu_wild_salvage,文徵明,行,嶠,/root/Workspace/xy/HCSU/wild_extract/文征明-行/嶠.png,280,360,False,0.2001,0.0,clean,none,direct_use,True
hcsu_wild_salvage,文徵明,行,嵗,/root/Workspace/xy/HCSU/wild_extract/文征明-行/嵗.png,226,311,False,0.1944,0.0043,clean,none,direct_use,True
hcsu_wild_salvage,文徵明,行,婞,/root/Workspace/xy/HCSU/wild_extract/文征明-行/婞.png,114,127,False,0.2324,0.0,clean,none,direct_use,True
hcsu_wild_salvage,文徵明,行,㟧,/root/Workspace/xy/HCSU/wild_extract/文征明-行/㟧.png,61,102,False,0.1752,0.0009,clean,none,direct_use,True
hcsu_wild_salvage,文徵明,行,寢,/root/Workspace/xy/HCSU/wild_extract/文征明-行/寢.png,348,472,False,0.2737,0.0003,clean,none,direct_use,True
hcsu_wild_salvage,文徵明,行,團,/root/Workspace/xy/HCSU/wild_extract/文征明-行/團.png,302,351,False,0.2718,0.0007,clean,none,direct_use,True
hcsu_wild_salvage,文徵明,行,㷊,/root/Workspace/xy/HCSU/wild_extract/文征明-行/㷊.png,300,301,False,0.1828,0.002,clean,none,direct_use,True
hcsu_wild_salvage,文徵明,行,島,/root/Workspace/xy/HCSU/wild_extract/文征明-行/島.png,169,309,False,0.2449,0.0,clean,none,direct_use,True
hcsu_wild_salvage,文徵明,行,䕃,/root/Workspace/xy/HCSU/wild_extract/文征明-行/䕃.png,248,353,False,0.2086,0.0016,clean,none,direct_use,True
hcsu_wild_salvage,文徵明,行,儤,/root/Workspace/xy/HCSU/wild_extract/文征明-行/儤.png,845,795,False,0.257,0.0001,clean,none,direct_use,True
hcsu_wild_salvage,文徵明,行,㪽,/root/Workspace/xy/HCSU/wild_extract/文征明-行/㪽.png,169,136,False,0.2059,0.0006,clean,none,direct_use,True
hcsu_wild_salvage,文徵明,行,乹,/root/Workspace/xy/HCSU/wild_extract/文征明-行/乹.png,341,344,False,0.2235,0.0003,clean,none,direct_use,True
hcsu_wild_salvage,文徵明,行,従,/root/Workspace/xy/HCSU/wild_extract/文征明-行/従.png,193,300,False,0.1438,0.0168,clean,none,direct_use,True
hcsu_wild_salvage,文徵明,行,㝍,/root/Workspace/xy/HCSU/wild_extract/文征明-行/㝍.png,222,241,False,0.2486,0.0,clean,none,direct_use,True
hcsu_wild_salvage,文徵明,行,墳,/root/Workspace/xy/HCSU/wild_extract/文征明-行/墳.png,244,308,False,0.2043,0.0022,clean,none,direct_use,True
hcsu_wild_salvage,文徵明,行,侘,/root/Workspace/xy/HCSU/wild_extract/文征明-行/侘.png,90,82,False,0.1909,0.0,clean,none,direct_use,True
hcsu_wild_salvage,文徵明,行,圡,/root/Workspace/xy/HCSU/wild_extract/文征明-行/圡.png,222,216,False,0.1852,0.0,clean,none,direct_use,True
hcsu_wild_salvage,文徵明,行,塵,/root/Workspace/xy/HCSU/wild_extract/文征明-行/塵.png,273,375,False,0.1996,0.0006,clean,none,direct_use,True
hcsu_wild_salvage,文徵明,行,岡,/root/Workspace/xy/HCSU/wild_extract/文征明-行/岡.png,194,213,False,0.2363,0.0001,clean,none,direct_use,True
hcsu_wild_salvage,文徵明,行,姁,/root/Workspace/xy/HCSU/wild_extract/文征明-行/姁.png,147,147,False,0.2512,0.0177,clean,none,direct_use,True
hcsu_wild_salvage,文徵明,行,㗛,/root/Workspace/xy/HCSU/wild_extract/文征明-行/㗛.png,900,822,False,0.2056,0.0009,clean,none,direct_use,True
hcsu_wild_salvage,文徵明,行,亂,/root/Workspace/xy/HCSU/wild_extract/文征明-行/亂.png,322,289,False,0.2172,0.0025,clean,none,direct_use,True
hcsu_wild_salvage,文徵明,行,囬,/root/Workspace/xy/HCSU/wild_extract/文征明-行/囬.png,799,603,False,0.3667,0.0016,clean,none,direct_use,True
hcsu_wild_salvage,文徵明,行,庫,/root/Workspace/xy/HCSU/wild_extract/文征明-行/庫.png,232,325,False,0.2253,0.0,clean,none,direct_use,True
hcsu_wild_salvage,文徵明,行,凫,/root/Workspace/xy/HCSU/wild_extract/文征明-行/凫.png,102,147,False,0.1965,0.0003,clean,none,direct_use,True
hcsu_wild_salvage,文徵明,行,厲,/root/Workspace/xy/HCSU/wild_extract/文征明-行/厲.png,251,287,False,0.2319,0.0008,clean,none,direct_use,True
hcsu_wild_salvage,文徵明,行,乱,/root/Workspace/xy/HCSU/wild_extract/文征明-行/乱.png,94,119,False,0.2246,0.002,clean,none,direct_use,True
hcsu_wild_salvage,文徵明,行,岝,/root/Workspace/xy/HCSU/wild_extract/文征明-行/岝.png,74,100,False,0.1742,0.0,clean,none,direct_use,True
hcsu_wild_salvage,文徵明,行,奮,/root/Workspace/xy/HCSU/wild_extract/文征明-行/奮.png,122,177,False,0.2673,0.0061,clean,none,direct_use,True
hcsu_wild_salvage,文徵明,行,兎,/root/Workspace/xy/HCSU/wild_extract/文征明-行/兎.png,280,315,False,0.1767,0.0015,clean,none,direct_use,True
hcsu_wild_salvage,文徵明,行,廣,/root/Workspace/xy/HCSU/wild_extract/文征明-行/廣.png,269,457,False,0.2109,0.0018,clean,none,direct_use,True
hcsu_wild_salvage,文徵明,行,㫪,/root/Workspace/xy/HCSU/wild_extract/文征明-行/㫪.png,329,500,False,0.2273,0.0002,clean,none,direct_use,True
hcsu_wild_salvage,文徵明,行,㸃,/root/Workspace/xy/HCSU/wild_extract/文征明-行/㸃.png,222,237,False,0.2428,0.0,clean,none,direct_use,True
hcsu_wild_salvage,文徵明,行,帶,/root/Workspace/xy/HCSU/wild_extract/文征明-行/帶.png,247,310,False,0.2115,0.0,clean,none,direct_use,True
hcsu_wild_salvage,文徵明,行,娀,/root/Workspace/xy/HCSU/wild_extract/文征明-行/娀.png,130,123,False,0.2765,0.0002,clean,none,direct_use,True
hcsu_wild_salvage,文徵明,行,属,/root/Workspace/xy/HCSU/wild_extract/文征明-行/属.png,134,164,False,0.1821,0.0052,clean,none,direct_use,True
hcsu_wild_salvage,文徵明,行,娛,/root/Workspace/xy/HCSU/wild_extract/文征明-行/娛.png,227,212,False,0.2347,0.001,clean,none,direct_use,True
hcsu_wild_salvage,文徵明,行,屡,/root/Workspace/xy/HCSU/wild_extract/文征明-行/屡.png,269,308,False,0.2746,0.0004,clean,none,direct_use,True
hcsu_wild_salvage,文徵明,行,寳,/root/Workspace/xy/HCSU/wild_extract/文征明-行/寳.png,219,310,False,0.1791,0.0021,clean,none,direct_use,True
hcsu_wild_salvage,文徵明,行,勸,/root/Workspace/xy/HCSU/wild_extract/文征明-行/勸.png,433,450,False,0.207,0.0002,clean,none,direct_use,True
hcsu_wild_salvage,文徵明,行,囷,/root/Workspace/xy/HCSU/wild_extract/文征明-行/囷.png,91,110,False,0.236,0.0,clean,none,direct_use,True
hcsu_wild_salvage,文徵明,行,䖏,/root/Workspace/xy/HCSU/wild_extract/文征明-行/䖏.png,164,211,False,0.1689,0.0046,clean,none,direct_use,True
hcsu_wild_salvage,文徵明,行,倣,/root/Workspace/xy/HCSU/wild_extract/文征明-行/倣.png,717,624,False,0.1863,0.0021,clean,none,direct_use,True
hcsu_wild_salvage,文徵明,行,営,/root/Workspace/xy/HCSU/wild_extract/文征明-行/営.png,224,283,False,0.236,0.0,clean,none,direct_use,True
hcsu_wild_salvage,文徵明,行,冝,/root/Workspace/xy/HCSU/wild_extract/文征明-行/冝.png,196,295,False,0.1959,0.0087,clean,none,direct_use,True
hcsu_wild_salvage,文徵明,行,墻,/root/Workspace/xy/HCSU/wild_extract/文征明-行/墻.png,274,262,False,0.2213,0.0004,clean,none,direct_use,True
hcsu_wild_salvage,文徵明,行,嶼,/root/Workspace/xy/HCSU/wild_extract/文征明-行/嶼.png,239,221,False,0.264,0.0,clean,none,direct_use,True
hcsu_wild_salvage,文徵明,行,乂,/root/Workspace/xy/HCSU/wild_extract/文征明-行/乂.png,296,238,False,0.1654,0.0283,clean,none,direct_use,True
hcsu_wild_salvage,文徵明,行,寕,/root/Workspace/xy/HCSU/wild_extract/文征明-行/寕.png,203,263,False,0.1994,0.0,clean,none,direct_use,True
hcsu_wild_salvage,文徵明,行,厪,/root/Workspace/xy/HCSU/wild_extract/文征明-行/厪.png,206,239,False,0.2325,0.0005,clean,none,direct_use,True
hcsu_wild_salvage,文徵明,行,塢,/root/Workspace/xy/HCSU/wild_extract/文征明-行/塢.png,262,252,False,0.2098,0.0015,clean,none,direct_use,True
hcsu_wild_salvage,文徵明,行,倫,/root/Workspace/xy/HCSU/wild_extract/文征明-行/倫.png,38,40,False,0.1928,0.0853,noisy,high_dirt_0.09,denoise_bridge,True
hcsu_wild_salvage,文徵明,行,㙜,/root/Workspace/xy/HCSU/wild_extract/文征明-行/㙜.png,272,396,False,0.1823,0.0004,clean,none,direct_use,True
hcsu_wild_salvage,文徵明,行,峯,/root/Workspace/xy/HCSU/wild_extract/文征明-行/峯.png,1510,2073,False,0.2372,0.0002,clean,none,direct_use,True
hcsu_wild_salvage,文徵明,行,偭,/root/Workspace/xy/HCSU/wild_extract/文征明-行/偭.png,130,95,False,0.2314,0.0,clean,none,direct_use,True
hcsu_wild_salvage,文徵明,行,㕘,/root/Workspace/xy/HCSU/wild_extract/文征明-行/㕘.png,339,307,False,0.1638,0.0002,clean,none,direct_use,True
hcsu_wild_salvage,文徵明,行,徹,/root/Workspace/xy/HCSU/wild_extract/文征明-行/徹.png,244,238,False,0.2261,0.0,clean,none,direct_use,True
hcsu_wild_salvage,文徵明,行,咲,/root/Workspace/xy/HCSU/wild_extract/文征明-行/咲.png,189,170,False,0.2089,0.0001,clean,none,direct_use,True
hcsu_wild_salvage,文徵明,行,㢤,/root/Workspace/xy/HCSU/wild_extract/文征明-行/㢤.png,152,170,False,0.195,0.0177,clean,none,direct_use,True
hcsu_wild_salvage,文徵明,行,幣,/root/Workspace/xy/HCSU/wild_extract/文征明-行/幣.png,248,470,True,0.1498,0.0859,noisy,inverted;high_dirt_0.09,invert_and_denoise,True
hcsu_wild_salvage,智永,楷,次,/root/Workspace/xy/HCSU/wild_extract/智永-楷/次.png,153,98,True,0.0993,0.0262,inverted,inverted,invert_polarity,True
hcsu_wild_salvage,智永,楷,舍,/root/Workspace/xy/HCSU/wild_extract/智永-楷/舍.png,244,200,True,0.0819,0.0385,inverted,inverted,invert_polarity,True
hcsu_wild_salvage,智永,楷,县,/root/Workspace/xy/HCSU/wild_extract/智永-楷/县.png,255,211,True,0.1123,0.1021,noisy,inverted;high_dirt_0.10,invert_and_denoise,True
hcsu_wild_salvage,智永,楷,等,/root/Workspace/xy/HCSU/wild_extract/智永-楷/等.png,177,218,True,0.0836,0.0422,inverted,inverted,invert_polarity,True
hcsu_wild_salvage,智永,楷,瑟,/root/Workspace/xy/HCSU/wild_extract/智永-楷/瑟.png,370,370,False,0.1858,0.0001,clean,none,direct_use,True
hcsu_wild_salvage,朱熹,行,辈,/root/Workspace/xy/HCSU/wild_extract/朱熹-行/辈.png,177,311,True,0.1663,0.0027,inverted,inverted,invert_polarity,True
hcsu_wild_salvage,朱熹,行,惟,/root/Workspace/xy/HCSU/wild_extract/朱熹-行/惟.png,222,288,True,0.199,0.0051,inverted,inverted,invert_polarity,True
hcsu_wild_salvage,朱熹,行,瀁,/root/Workspace/xy/HCSU/wild_extract/朱熹-行/瀁.png,324,391,True,0.1352,0.0171,inverted,inverted,invert_polarity,True
hcsu_wild_salvage,朱熹,行,藂,/root/Workspace/xy/HCSU/wild_extract/朱熹-行/藂.png,299,490,True,0.1791,0.0016,inverted,inverted,invert_polarity,True
hcsu_wild_salvage,朱熹,行,以,/root/Workspace/xy/HCSU/wild_extract/朱熹-行/以.png,202,120,True,0.165,0.0245,inverted,inverted,invert_polarity,True
hcsu_wild_salvage,朱熹,行,槃,/root/Workspace/xy/HCSU/wild_extract/朱熹-行/槃.png,291,391,True,0.1672,0.0039,inverted,inverted,invert_polarity,True
hcsu_wild_salvage,朱熹,行,勝,/root/Workspace/xy/HCSU/wild_extract/朱熹-行/勝.png,233,288,False,0.1934,0.0016,clean,none,direct_use,True
hcsu_wild_salvage,朱熹,行,倸,/root/Workspace/xy/HCSU/wild_extract/朱熹-行/倸.png,337,330,True,0.2218,0.0023,inverted,inverted,invert_polarity,True
hcsu_wild_salvage,朱熹,行,題,/root/Workspace/xy/HCSU/wild_extract/朱熹-行/題.png,624,556,False,0.3,0.0011,clean,none,direct_use,True
hcsu_wild_salvage,朱熹,行,叢,/root/Workspace/xy/HCSU/wild_extract/朱熹-行/叢.png,600,710,False,0.2611,0.0036,clean,none,direct_use,True
hcsu_wild_salvage,朱熹,行,览,/root/Workspace/xy/HCSU/wild_extract/朱熹-行/览.png,324,431,True,0.1519,0.0037,inverted,inverted,invert_polarity,True
hcsu_wild_salvage,朱熹,行,因,/root/Workspace/xy/HCSU/wild_extract/朱熹-行/因.png,194,200,True,0.3002,0.0749,noisy,inverted;high_dirt_0.07,invert_and_denoise,True
hcsu_wild_salvage,朱熹,行,楤,/root/Workspace/xy/HCSU/wild_extract/朱熹-行/楤.png,232,224,True,0.2383,0.0136,inverted,inverted,invert_polarity,True
hcsu_wild_salvage,朱熹,行,附,/root/Workspace/xy/HCSU/wild_extract/朱熹-行/附.png,203,203,True,0.1926,0.0069,inverted,inverted,invert_polarity,True
hcsu_wild_salvage,朱熹,行,琤,/root/Workspace/xy/HCSU/wild_extract/朱熹-行/琤.png,252,324,True,0.1813,0.004,inverted,inverted,invert_polarity,True
hcsu_wild_salvage,朱熹,行,均,/root/Workspace/xy/HCSU/wild_extract/朱熹-行/均.png,217,209,True,0.2529,0.0048,inverted,inverted,invert_polarity,True
hcsu_wild_salvage,朱熹,行,僭,/root/Workspace/xy/HCSU/wild_extract/朱熹-行/僭.png,231,244,True,0.2315,0.0038,inverted,inverted,invert_polarity,True
hcsu_wild_salvage,朱熹,行,濑,/root/Workspace/xy/HCSU/wild_extract/朱熹-行/濑.png,293,347,True,0.1975,0.0084,inverted,inverted,invert_polarity,True
hcsu_wild_salvage,朱熹,行,闊,/root/Workspace/xy/HCSU/wild_extract/朱熹-行/闊.png,220,236,False,0.1839,0.003,clean,none,direct_use,True
hcsu_wild_salvage,朱熹,行,專,/root/Workspace/xy/HCSU/wild_extract/朱熹-行/專.png,156,309,False,0.2364,0.0039,clean,none,direct_use,True
hcsu_wild_salvage,朱熹,行,滄,/root/Workspace/xy/HCSU/wild_extract/朱熹-行/滄.png,596,653,False,0.2778,0.0015,clean,none,direct_use,True
hcsu_wild_salvage,朱熹,行,雲,/root/Workspace/xy/HCSU/wild_extract/朱熹-行/雲.png,671,636,False,0.2385,0.0018,clean,none,direct_use,True
hcsu_wild_salvage,朱熹,行,岑,/root/Workspace/xy/HCSU/wild_extract/朱熹-行/岑.png,252,329,True,0.2125,0.004,inverted,inverted,invert_polarity,True
hcsu_wild_salvage,朱熹,行,東,/root/Workspace/xy/HCSU/wild_extract/朱熹-行/東.png,183,237,False,0.2435,0.0039,clean,none,direct_use,True
hcsu_wild_salvage,朱熹,行,臺,/root/Workspace/xy/HCSU/wild_extract/朱熹-行/臺.png,768,724,False,0.1967,0.0034,clean,none,direct_use,True
hcsu_wild_salvage,林散之,隶,彼,/root/Workspace/xy/HCSU/wild_extract/林散之-隶/彼.png,807,508,False,0.1791,0.0,clean,none,direct_use,True
hcsu_wild_salvage,林散之,隶,勤,/root/Workspace/xy/HCSU/wild_extract/林散之-隶/勤.png,603,442,False,0.1867,0.0,clean,none,direct_use,True
hcsu_wild_salvage,林散之,隶,䌛,/root/Workspace/xy/HCSU/wild_extract/林散之-隶/䌛.png,671,558,False,0.1606,0.0,clean,none,direct_use,True
hcsu_wild_salvage,林散之,隶,沙,/root/Workspace/xy/HCSU/wild_extract/林散之-隶/沙.png,664,489,False,0.1453,0.0003,clean,none,direct_use,True
hcsu_wild_salvage,林散之,隶,㭊,/root/Workspace/xy/HCSU/wild_extract/林散之-隶/㭊.png,708,514,False,0.2077,0.0,clean,none,direct_use,True
hcsu_wild_salvage,林散之,隶,淑,/root/Workspace/xy/HCSU/wild_extract/林散之-隶/淑.png,674,440,False,0.2635,0.0,clean,none,direct_use,True
hcsu_wild_salvage,林散之,隶,小,/root/Workspace/xy/HCSU/wild_extract/林散之-隶/小.png,605,354,False,0.2185,0.0,clean,none,direct_use,True
hcsu_wild_salvage,林散之,隶,秊,/root/Workspace/xy/HCSU/wild_extract/林散之-隶/秊.png,829,566,False,0.1487,0.0,clean,none,direct_use,True
hcsu_wild_salvage,林散之,隶,巳,/root/Workspace/xy/HCSU/wild_extract/林散之-隶/巳.png,548,411,False,0.3095,0.0,clean,none,direct_use,True
hcsu_wild_salvage,林散之,隶,㳅,/root/Workspace/xy/HCSU/wild_extract/林散之-隶/㳅.png,656,408,False,0.2062,0.0003,clean,none,direct_use,True
hcsu_wild_salvage,林散之,隶,郎,/root/Workspace/xy/HCSU/wild_extract/林散之-隶/郎.png,577,427,False,0.1958,0.0,clean,none,direct_use,True
hcsu_wild_salvage,林散之,隶,䧺,/root/Workspace/xy/HCSU/wild_extract/林散之-隶/䧺.png,726,518,False,0.1972,0.0,clean,none,direct_use,True
hcsu_wild_salvage,林散之,隶,㑹,/root/Workspace/xy/HCSU/wild_extract/林散之-隶/㑹.png,800,493,False,0.1751,0.0,clean,none,direct_use,True
hcsu_wild_salvage,林散之,隶,䓁,/root/Workspace/xy/HCSU/wild_extract/林散之-隶/䓁.png,368,321,False,0.2167,0.0,clean,none,direct_use,True
hcsu_wild_salvage,林散之,隶,代,/root/Workspace/xy/HCSU/wild_extract/林散之-隶/代.png,656,388,False,0.2212,0.0,clean,none,direct_use,True
hcsu_wild_salvage,林散之,隶,㕥,/root/Workspace/xy/HCSU/wild_extract/林散之-隶/㕥.png,689,357,False,0.218,0.0001,clean,none,direct_use,True
hcsu_wild_salvage,林散之,隶,㐀,/root/Workspace/xy/HCSU/wild_extract/林散之-隶/㐀.png,653,350,False,0.1988,0.0,clean,none,direct_use,True
hcsu_wild_salvage,柳公权,楷,京,/root/Workspace/xy/HCSU/wild_extract/柳公权-楷/京.png,363,404,True,0.1513,0.0175,inverted,inverted,invert_polarity,True
hcsu_wild_salvage,柳公权,楷,務,/root/Workspace/xy/HCSU/wild_extract/柳公权-楷/務.png,472,453,True,0.1772,0.0136,inverted,inverted,invert_polarity,True
hcsu_wild_salvage,柳公权,行,差,/root/Workspace/xy/HCSU/wild_extract/柳公权-行/差.png,135,243,True,0.2033,0.0202,inverted,inverted,invert_polarity,True
hcsu_wild_salvage,柳公权,行,逈,/root/Workspace/xy/HCSU/wild_extract/柳公权-行/逈.png,498,346,True,0.2467,0.0038,inverted,inverted,invert_polarity,True
hcsu_wild_salvage,柳公权,行,𫛩,/root/Workspace/xy/HCSU/wild_extract/柳公权-行/𫛩.png,409,417,True,0.2008,0.0072,inverted,inverted,invert_polarity,True
hcsu_wild_salvage,柳公权,行,少,/root/Workspace/xy/HCSU/wild_extract/柳公权-行/少.png,147,184,True,0.1417,0.0605,noisy,inverted;high_dirt_0.06,invert_and_denoise,True
hcsu_wild_salvage,柳公权,行,煴,/root/Workspace/xy/HCSU/wild_extract/柳公权-行/煴.png,532,390,True,0.2412,0.0032,inverted,inverted,invert_polarity,True
hcsu_wild_salvage,柳公权,行,小,/root/Workspace/xy/HCSU/wild_extract/柳公权-行/小.png,177,116,True,0.1077,0.1452,noisy,inverted;high_dirt_0.15,invert_and_denoise,True
hcsu_wild_salvage,柳公权,行,仆,/root/Workspace/xy/HCSU/wild_extract/柳公权-行/仆.png,167,229,True,0.2434,0.0136,inverted,inverted,invert_polarity,True
hcsu_wild_salvage,柳公权,行,百,/root/Workspace/xy/HCSU/wild_extract/柳公权-行/百.png,156,158,True,0.1567,0.0207,inverted,inverted,invert_polarity,True
hcsu_wild_salvage,柳公权,行,长,/root/Workspace/xy/HCSU/wild_extract/柳公权-行/长.png,199,237,True,0.1491,0.0203,inverted,inverted,invert_polarity,True
hcsu_wild_salvage,柳公权,行,耳,/root/Workspace/xy/HCSU/wild_extract/柳公权-行/耳.png,116,252,True,0.148,0.0183,inverted,inverted,invert_polarity,True
hcsu_wild_salvage,柳公权,行,崿,/root/Workspace/xy/HCSU/wild_extract/柳公权-行/崿.png,467,523,True,0.1687,0.0039,inverted,inverted,invert_polarity,True
hcsu_wild_salvage,柳公权,行,蒐,/root/Workspace/xy/HCSU/wild_extract/柳公权-行/蒐.png,58,68,False,0.2477,0.0,clean,none,direct_use,True
hcsu_wild_salvage,欧阳询,楷,坠,/root/Workspace/xy/HCSU/wild_extract/欧阳询-楷/坠.png,131,134,True,0.1673,0.0324,inverted,inverted,invert_polarity,True
hcsu_wild_salvage,欧阳询,楷,夏,/root/Workspace/xy/HCSU/wild_extract/欧阳询-楷/夏.png,316,357,True,0.1595,0.0191,inverted,inverted,invert_polarity,True
hcsu_wild_salvage,欧阳询,楷,刺,/root/Workspace/xy/HCSU/wild_extract/欧阳询-楷/刺.png,134,133,True,0.1447,0.0016,inverted,inverted,invert_polarity,True
hcsu_wild_salvage,欧阳询,楷,使,/root/Workspace/xy/HCSU/wild_extract/欧阳询-楷/使.png,137,127,True,0.1535,0.0041,inverted,inverted,invert_polarity,True
hcsu_wild_salvage,欧阳询,楷,但,/root/Workspace/xy/HCSU/wild_extract/欧阳询-楷/但.png,352,258,True,0.2183,0.0336,inverted,inverted,invert_polarity,True
hcsu_wild_salvage,欧阳询,楷,城,/root/Workspace/xy/HCSU/wild_extract/欧阳询-楷/城.png,347,374,True,0.1859,0.0604,noisy,inverted;high_dirt_0.06,invert_and_denoise,True
hcsu_wild_salvage,欧阳询,楷,务,/root/Workspace/xy/HCSU/wild_extract/欧阳询-楷/务.png,134,121,True,0.1428,0.06,noisy,inverted;high_dirt_0.06,invert_and_denoise,True
hcsu_wild_salvage,欧阳询,楷,平,/root/Workspace/xy/HCSU/wild_extract/欧阳询-楷/平.png,280,329,True,0.1321,0.0243,inverted,inverted,invert_polarity,True
hcsu_wild_salvage,欧阳询,楷,峥,/root/Workspace/xy/HCSU/wild_extract/欧阳询-楷/峥.png,307,348,True,0.16,0.0057,inverted,inverted,invert_polarity,True
hcsu_wild_salvage,欧阳询,楷,倒,/root/Workspace/xy/HCSU/wild_extract/欧阳询-楷/倒.png,142,130,True,0.2079,0.0047,inverted,inverted,invert_polarity,True
hcsu_wild_salvage,欧阳询,楷,动,/root/Workspace/xy/HCSU/wild_extract/欧阳询-楷/动.png,275,281,True,0.1687,0.0141,inverted,inverted,invert_polarity,True
hcsu_wild_salvage,欧阳询,楷,怖,/root/Workspace/xy/HCSU/wild_extract/欧阳询-楷/怖.png,135,150,True,0.1695,0.0058,inverted,inverted,invert_polarity,True
hcsu_wild_salvage,欧阳询,楷,即,/root/Workspace/xy/HCSU/wild_extract/欧阳询-楷/即.png,124,129,True,0.1765,0.0276,inverted,inverted,invert_polarity,True
hcsu_wild_salvage,欧阳询,楷,喈,/root/Workspace/xy/HCSU/wild_extract/欧阳询-楷/喈.png,519,624,True,0.1841,0.0134,inverted,inverted,invert_polarity,True
hcsu_wild_salvage,欧阳询,楷,勑,/root/Workspace/xy/HCSU/wild_extract/欧阳询-楷/勑.png,450,466,True,0.1659,0.0209,inverted,inverted,invert_polarity,True
hcsu_wild_salvage,欧阳询,楷,仞,/root/Workspace/xy/HCSU/wild_extract/欧阳询-楷/仞.png,287,230,True,0.1814,0.01,inverted,inverted,invert_polarity,True
hcsu_wild_salvage,欧阳询,行,民,/root/Workspace/xy/HCSU/wild_extract/欧阳询-行/民.png,239,289,False,0.2853,0.0204,clean,none,direct_use,True
hcsu_wild_salvage,欧阳询,行,㡬,/root/Workspace/xy/HCSU/wild_extract/欧阳询-行/㡬.png,260,341,False,0.25,0.0025,clean,none,direct_use,True
hcsu_wild_salvage,欧阳询,行,慶,/root/Workspace/xy/HCSU/wild_extract/欧阳询-行/慶.png,212,327,False,0.2621,0.0212,clean,none,direct_use,True
hcsu_wild_salvage,欧阳询,行,則,/root/Workspace/xy/HCSU/wild_extract/欧阳询-行/則.png,189,300,False,0.2849,0.0042,clean,none,direct_use,True
hcsu_wild_salvage,欧阳询,行,児,/root/Workspace/xy/HCSU/wild_extract/欧阳询-行/児.png,199,238,False,0.267,0.0036,clean,none,direct_use,True
hcsu_wild_salvage,欧阳询,行,剑,/root/Workspace/xy/HCSU/wild_extract/欧阳询-行/剑.png,270,317,False,0.2433,0.0423,clean,none,direct_use,True
hcsu_wild_salvage,欧阳询,行,似,/root/Workspace/xy/HCSU/wild_extract/欧阳询-行/似.png,302,260,False,0.1699,0.0127,clean,none,direct_use,True
hcsu_wild_salvage,欧阳询,行,条,/root/Workspace/xy/HCSU/wild_extract/欧阳询-行/条.png,277,318,False,0.2581,0.0197,clean,none,direct_use,True
hcsu_wild_salvage,欧阳询,行,噐,/root/Workspace/xy/HCSU/wild_extract/欧阳询-行/噐.png,203,262,False,0.3175,0.0045,clean,none,direct_use,True
hcsu_wild_salvage,欧阳询,行,怏,/root/Workspace/xy/HCSU/wild_extract/欧阳询-行/怏.png,84,86,True,0.2342,0.0603,noisy,inverted;high_dirt_0.06,invert_and_denoise,True
hcsu_wild_salvage,欧阳询,行,厯,/root/Workspace/xy/HCSU/wild_extract/欧阳询-行/厯.png,232,336,False,0.2404,0.0017,clean,none,direct_use,True
hcsu_wild_salvage,欧阳询,行,孤,/root/Workspace/xy/HCSU/wild_extract/欧阳询-行/孤.png,307,320,False,0.193,0.0157,clean,none,direct_use,True
hcsu_wild_salvage,欧阳询,行,入,/root/Workspace/xy/HCSU/wild_extract/欧阳询-行/入.png,246,118,True,0.166,0.0297,inverted,inverted,invert_polarity,True
hcsu_wild_salvage,欧阳询,行,堅,/root/Workspace/xy/HCSU/wild_extract/欧阳询-行/堅.png,208,240,False,0.3397,0.0022,clean,none,direct_use,True
hcsu_wild_salvage,欧阳询,行,流,/root/Workspace/xy/HCSU/wild_extract/欧阳询-行/流.png,69,68,True,0.2451,0.0383,inverted,inverted,invert_polarity,True
hcsu_wild_salvage,欧阳询,行,唘,/root/Workspace/xy/HCSU/wild_extract/欧阳询-行/唘.png,247,251,False,0.2472,0.0024,clean,none,direct_use,True
hcsu_wild_salvage,欧阳询,行,凉,/root/Workspace/xy/HCSU/wild_extract/欧阳询-行/凉.png,268,344,False,0.2098,0.013,clean,none,direct_use,True
hcsu_wild_salvage,欧阳询,行,撡,/root/Workspace/xy/HCSU/wild_extract/欧阳询-行/撡.png,255,296,False,0.2723,0.0038,clean,none,direct_use,True
hcsu_wild_salvage,欧阳询,行,始,/root/Workspace/xy/HCSU/wild_extract/欧阳询-行/始.png,280,265,False,0.2718,0.0331,clean,none,direct_use,True
hcsu_wild_salvage,欧阳询,行,徳,/root/Workspace/xy/HCSU/wild_extract/欧阳询-行/徳.png,254,290,False,0.2162,0.0062,clean,none,direct_use,True
hcsu_wild_salvage,欧阳询,行,彩,/root/Workspace/xy/HCSU/wild_extract/欧阳询-行/彩.png,314,314,False,0.2539,0.0121,clean,none,direct_use,True
hcsu_wild_salvage,欧阳询,行,嚬,/root/Workspace/xy/HCSU/wild_extract/欧阳询-行/嚬.png,248,287,False,0.3083,0.0022,clean,none,direct_use,True
hcsu_wild_salvage,欧阳询,行,亰,/root/Workspace/xy/HCSU/wild_extract/欧阳询-行/亰.png,191,304,False,0.2651,0.0058,clean,none,direct_use,True
hcsu_wild_salvage,欧阳询,行,囙,/root/Workspace/xy/HCSU/wild_extract/欧阳询-行/囙.png,167,235,False,0.3454,0.0052,clean,none,direct_use,True
hcsu_wild_salvage,欧阳询,行,期,/root/Workspace/xy/HCSU/wild_extract/欧阳询-行/期.png,81,89,True,0.2601,0.0347,inverted,inverted,invert_polarity,True
hcsu_wild_salvage,欧阳询,行,寔,/root/Workspace/xy/HCSU/wild_extract/欧阳询-行/寔.png,254,336,False,0.2346,0.0024,clean,none,direct_use,True
hcsu_wild_salvage,欧阳询,行,従,/root/Workspace/xy/HCSU/wild_extract/欧阳询-行/従.png,238,286,False,0.2091,0.0079,clean,none,direct_use,True
hcsu_wild_salvage,欧阳询,行,對,/root/Workspace/xy/HCSU/wild_extract/欧阳询-行/對.png,245,320,False,0.2573,0.0061,clean,none,direct_use,True
hcsu_wild_salvage,欧阳询,行,懸,/root/Workspace/xy/HCSU/wild_extract/欧阳询-行/懸.png,301,327,False,0.2482,0.0047,clean,none,direct_use,True
hcsu_wild_salvage,欧阳询,行,墳,/root/Workspace/xy/HCSU/wild_extract/欧阳询-行/墳.png,256,352,False,0.2615,0.0051,clean,none,direct_use,True
hcsu_wild_salvage,欧阳询,行,暉,/root/Workspace/xy/HCSU/wild_extract/欧阳询-行/暉.png,215,301,False,0.3249,0.0027,clean,none,direct_use,True
hcsu_wild_salvage,欧阳询,行,懼,/root/Workspace/xy/HCSU/wild_extract/欧阳询-行/懼.png,214,314,False,0.3001,0.0047,clean,none,direct_use,True
hcsu_wild_salvage,欧阳询,行,圡,/root/Workspace/xy/HCSU/wild_extract/欧阳询-行/圡.png,159,217,False,0.2251,0.0023,clean,none,direct_use,True
hcsu_wild_salvage,欧阳询,行,帳,/root/Workspace/xy/HCSU/wild_extract/欧阳询-行/帳.png,259,278,False,0.2749,0.0037,clean,none,direct_use,True
hcsu_wild_salvage,欧阳询,行,㝠,/root/Workspace/xy/HCSU/wild_extract/欧阳询-行/㝠.png,234,299,False,0.2569,0.0017,clean,none,direct_use,True
hcsu_wild_salvage,欧阳询,行,嶽,/root/Workspace/xy/HCSU/wild_extract/欧阳询-行/嶽.png,242,349,False,0.2339,0.002,clean,none,direct_use,True
hcsu_wild_salvage,欧阳询,行,劒,/root/Workspace/xy/HCSU/wild_extract/欧阳询-行/劒.png,245,253,False,0.2512,0.0137,clean,none,direct_use,True
hcsu_wild_salvage,欧阳询,行,實,/root/Workspace/xy/HCSU/wild_extract/欧阳询-行/實.png,234,342,False,0.2691,0.0023,clean,none,direct_use,True
hcsu_wild_salvage,欧阳询,行,帕,/root/Workspace/xy/HCSU/wild_extract/欧阳询-行/帕.png,370,370,False,0.0837,0.0,clean,none,direct_use,True
hcsu_wild_salvage,欧阳询,行,外,/root/Workspace/xy/HCSU/wild_extract/欧阳询-行/外.png,309,289,False,0.1809,0.1098,noisy,high_dirt_0.11,denoise_bridge,True
hcsu_wild_salvage,欧阳询,行,執,/root/Workspace/xy/HCSU/wild_extract/欧阳询-行/執.png,255,284,False,0.2466,0.002,clean,none,direct_use,True
hcsu_wild_salvage,欧阳询,行,宇,/root/Workspace/xy/HCSU/wild_extract/欧阳询-行/宇.png,74,94,True,0.1843,0.0312,inverted,inverted,invert_polarity,True
hcsu_wild_salvage,欧阳询,行,師,/root/Workspace/xy/HCSU/wild_extract/欧阳询-行/師.png,207,306,False,0.2541,0.0106,clean,none,direct_use,True
hcsu_wild_salvage,欧阳询,行,寫,/root/Workspace/xy/HCSU/wild_extract/欧阳询-行/寫.png,214,307,False,0.2952,0.0021,clean,none,direct_use,True
hcsu_wild_salvage,欧阳询,行,方,/root/Workspace/xy/HCSU/wild_extract/欧阳询-行/方.png,191,281,False,0.2512,0.0171,clean,none,direct_use,True
hcsu_wild_salvage,欧阳询,行,極,/root/Workspace/xy/HCSU/wild_extract/欧阳询-行/極.png,240,288,False,0.2734,0.0031,clean,none,direct_use,True
hcsu_wild_salvage,欧阳询,行,庆,/root/Workspace/xy/HCSU/wild_extract/欧阳询-行/庆.png,273,371,False,0.2441,0.0456,clean,none,direct_use,True
hcsu_wild_salvage,欧阳询,行,㢘,/root/Workspace/xy/HCSU/wild_extract/欧阳询-行/㢘.png,208,279,False,0.2799,0.0073,clean,none,direct_use,True
hcsu_wild_salvage,欧阳询,行,伐,/root/Workspace/xy/HCSU/wild_extract/欧阳询-行/伐.png,272,301,False,0.2067,0.0508,noisy,high_dirt_0.05,denoise_bridge,True
hcsu_wild_salvage,欧阳询,行,歌,/root/Workspace/xy/HCSU/wild_extract/欧阳询-行/歌.png,282,244,False,0.238,0.0512,noisy,high_dirt_0.05,denoise_bridge,True
hcsu_wild_salvage,欧阳询,行,傳,/root/Workspace/xy/HCSU/wild_extract/欧阳询-行/傳.png,230,305,False,0.2457,0.0033,clean,none,direct_use,True
hcsu_wild_salvage,欧阳询,行,學,/root/Workspace/xy/HCSU/wild_extract/欧阳询-行/學.png,207,344,False,0.2507,0.0039,clean,none,direct_use,True
hcsu_wild_salvage,欧阳询,行,从,/root/Workspace/xy/HCSU/wild_extract/欧阳询-行/从.png,293,325,False,0.1987,0.0105,clean,none,direct_use,True
hcsu_wild_salvage,欧阳询,行,廣,/root/Workspace/xy/HCSU/wild_extract/欧阳询-行/廣.png,242,343,False,0.2563,0.0046,clean,none,direct_use,True
hcsu_wild_salvage,欧阳询,行,克,/root/Workspace/xy/HCSU/wild_extract/欧阳询-行/克.png,237,370,False,0.2312,0.0148,clean,none,direct_use,True
hcsu_wild_salvage,欧阳询,行,廟,/root/Workspace/xy/HCSU/wild_extract/欧阳询-行/廟.png,235,338,False,0.2933,0.011,clean,none,direct_use,True
hcsu_wild_salvage,欧阳询,行,工,/root/Workspace/xy/HCSU/wild_extract/欧阳询-行/工.png,218,221,False,0.2107,0.0096,clean,none,direct_use,True
hcsu_wild_salvage,欧阳询,行,帶,/root/Workspace/xy/HCSU/wild_extract/欧阳询-行/帶.png,235,371,False,0.2427,0.0157,clean,none,direct_use,True
hcsu_wild_salvage,欧阳询,行,凌,/root/Workspace/xy/HCSU/wild_extract/欧阳询-行/凌.png,321,355,False,0.1793,0.0248,clean,none,direct_use,True
hcsu_wild_salvage,欧阳询,行,斩,/root/Workspace/xy/HCSU/wild_extract/欧阳询-行/斩.png,269,407,False,0.1938,0.0147,clean,none,direct_use,True
hcsu_wild_salvage,欧阳询,行,木,/root/Workspace/xy/HCSU/wild_extract/欧阳询-行/木.png,262,311,False,0.2035,0.0197,clean,none,direct_use,True
hcsu_wild_salvage,欧阳询,行,審,/root/Workspace/xy/HCSU/wild_extract/欧阳询-行/審.png,212,331,False,0.3134,0.0045,clean,none,direct_use,True
hcsu_wild_salvage,欧阳询,行,䢖,/root/Workspace/xy/HCSU/wild_extract/欧阳询-行/䢖.png,246,253,False,0.2525,0.0048,clean,none,direct_use,True
hcsu_wild_salvage,欧阳询,行,䖏,/root/Workspace/xy/HCSU/wild_extract/欧阳询-行/䖏.png,235,297,False,0.2472,0.0019,clean,none,direct_use,True
hcsu_wild_salvage,欧阳询,行,曠,/root/Workspace/xy/HCSU/wild_extract/欧阳询-行/曠.png,237,309,False,0.3243,0.004,clean,none,direct_use,True
hcsu_wild_salvage,欧阳询,行,㬌,/root/Workspace/xy/HCSU/wild_extract/欧阳询-行/㬌.png,225,290,False,0.2206,0.0094,clean,none,direct_use,True
hcsu_wild_salvage,欧阳询,行,務,/root/Workspace/xy/HCSU/wild_extract/欧阳询-行/務.png,231,306,False,0.2807,0.0043,clean,none,direct_use,True
hcsu_wild_salvage,欧阳询,行,㐲,/root/Workspace/xy/HCSU/wild_extract/欧阳询-行/㐲.png,227,274,False,0.1896,0.0202,clean,none,direct_use,True
hcsu_wild_salvage,欧阳询,行,沛,/root/Workspace/xy/HCSU/wild_extract/欧阳询-行/沛.png,212,359,False,0.1846,0.0115,clean,none,direct_use,True
hcsu_wild_salvage,欧阳询,行,據,/root/Workspace/xy/HCSU/wild_extract/欧阳询-行/據.png,261,282,False,0.2939,0.0039,clean,none,direct_use,True
hcsu_wild_salvage,欧阳询,行,乂,/root/Workspace/xy/HCSU/wild_extract/欧阳询-行/乂.png,273,247,False,0.1619,0.0038,clean,none,direct_use,True
hcsu_wild_salvage,欧阳询,行,恵,/root/Workspace/xy/HCSU/wild_extract/欧阳询-行/恵.png,202,312,False,0.2729,0.007,clean,none,direct_use,True
hcsu_wild_salvage,欧阳询,行,叛,/root/Workspace/xy/HCSU/wild_extract/欧阳询-行/叛.png,338,327,False,0.2347,0.012,clean,none,direct_use,True
hcsu_wild_salvage,欧阳询,行,倫,/root/Workspace/xy/HCSU/wild_extract/欧阳询-行/倫.png,288,280,False,0.25,0.0016,clean,none,direct_use,True
hcsu_wild_salvage,欧阳询,行,㝎,/root/Workspace/xy/HCSU/wild_extract/欧阳询-行/㝎.png,223,261,False,0.253,0.003,clean,none,direct_use,True
hcsu_wild_salvage,欧阳询,行,棃,/root/Workspace/xy/HCSU/wild_extract/欧阳询-行/棃.png,260,294,False,0.2589,0.0159,clean,none,direct_use,True
hcsu_wild_salvage,欧阳询,行,㓕,/root/Workspace/xy/HCSU/wild_extract/欧阳询-行/㓕.png,258,309,False,0.2469,0.0092,clean,none,direct_use,True
hcsu_wild_salvage,欧阳询,行,條,/root/Workspace/xy/HCSU/wild_extract/欧阳询-行/條.png,224,282,False,0.2683,0.0069,clean,none,direct_use,True
hcsu_wild_salvage,欧阳询,行,寵,/root/Workspace/xy/HCSU/wild_extract/欧阳询-行/寵.png,263,312,False,0.2873,0.0101,clean,none,direct_use,True
hcsu_wild_salvage,欧阳询,行,咲,/root/Workspace/xy/HCSU/wild_extract/欧阳询-行/咲.png,249,267,False,0.2233,0.0047,clean,none,direct_use,True
hcsu_wild_salvage,欧阳询,行,志,/root/Workspace/xy/HCSU/wild_extract/欧阳询-行/志.png,204,275,False,0.2785,0.0075,clean,none,direct_use,True
hcsu_wild_salvage,欧阳询,行,㝡,/root/Workspace/xy/HCSU/wild_extract/欧阳询-行/㝡.png,220,336,False,0.2569,0.0046,clean,none,direct_use,True
hcsu_wild_salvage,欧阳询,行,婦,/root/Workspace/xy/HCSU/wild_extract/欧阳询-行/婦.png,278,331,False,0.2094,0.002,clean,none,direct_use,True
hcsu_wild_salvage,王宠,楷,圭,/root/Workspace/xy/HCSU/wild_extract/王宠-楷/圭.png,92,105,False,0.2019,0.0,clean,none,direct_use,True
hcsu_wild_salvage,王宠,楷,丹,/root/Workspace/xy/HCSU/wild_extract/王宠-楷/丹.png,169,135,False,0.2028,0.0,clean,none,direct_use,True
hcsu_wild_salvage,王宠,楷,后,/root/Workspace/xy/HCSU/wild_extract/王宠-楷/后.png,155,152,False,0.1269,0.001,clean,none,direct_use,True
hcsu_wild_salvage,王宠,楷,伊,/root/Workspace/xy/HCSU/wild_extract/王宠-楷/伊.png,392,325,False,0.1709,0.0186,clean,none,direct_use,True
hcsu_wild_salvage,王宠,行,騰,/root/Workspace/xy/HCSU/wild_extract/王宠-行/騰.png,138,158,False,0.2298,0.0008,clean,none,direct_use,True
hcsu_wild_salvage,王宠,行,齊,/root/Workspace/xy/HCSU/wild_extract/王宠-行/齊.png,2347,3021,False,0.1888,0.0018,clean,none,direct_use,True
hcsu_wild_salvage,王宠,行,贈,/root/Workspace/xy/HCSU/wild_extract/王宠-行/贈.png,97,102,False,0.2536,0.0012,clean,none,direct_use,True
hcsu_wild_salvage,王宠,行,憂,/root/Workspace/xy/HCSU/wild_extract/王宠-行/憂.png,379,577,False,0.2209,0.0099,clean,none,direct_use,True
hcsu_wild_salvage,王宠,行,識,/root/Workspace/xy/HCSU/wild_extract/王宠-行/識.png,88,85,False,0.196,0.0321,clean,none,direct_use,True
hcsu_wild_salvage,王宠,行,發,/root/Workspace/xy/HCSU/wild_extract/王宠-行/發.png,386,459,False,0.1848,0.0052,clean,none,direct_use,True
hcsu_wild_salvage,王宠,行,魯,/root/Workspace/xy/HCSU/wild_extract/王宠-行/魯.png,72,86,False,0.1726,0.0243,clean,none,direct_use,True
hcsu_wild_salvage,王宠,行,當,/root/Workspace/xy/HCSU/wild_extract/王宠-行/當.png,564,718,False,0.2004,0.0,clean,none,direct_use,True
hcsu_wild_salvage,王宠,行,頭,/root/Workspace/xy/HCSU/wild_extract/王宠-行/頭.png,1744,1942,False,0.3059,0.0008,clean,none,direct_use,True
hcsu_wild_salvage,王宠,行,離,/root/Workspace/xy/HCSU/wild_extract/王宠-行/離.png,97,89,False,0.2226,0.0125,clean,none,direct_use,True
hcsu_wild_salvage,王宠,行,綺,/root/Workspace/xy/HCSU/wild_extract/王宠-行/綺.png,1525,2161,False,0.3066,0.0014,clean,none,direct_use,True
hcsu_wild_salvage,王宠,行,髮,/root/Workspace/xy/HCSU/wild_extract/王宠-行/髮.png,2464,2220,False,0.2156,0.0007,clean,none,direct_use,True
hcsu_wild_salvage,王宠,行,攢,/root/Workspace/xy/HCSU/wild_extract/王宠-行/攢.png,599,739,False,0.209,0.0038,clean,none,direct_use,True
hcsu_wild_salvage,王宠,行,淒,/root/Workspace/xy/HCSU/wild_extract/王宠-行/淒.png,118,154,False,0.1828,0.0015,clean,none,direct_use,True
hcsu_wild_salvage,王宠,行,鳥,/root/Workspace/xy/HCSU/wild_extract/王宠-行/鳥.png,84,101,False,0.1846,0.0172,clean,none,direct_use,True
hcsu_wild_salvage,王宠,行,獨,/root/Workspace/xy/HCSU/wild_extract/王宠-行/獨.png,88,88,False,0.2277,0.0011,clean,none,direct_use,True
hcsu_wild_salvage,王宠,行,澤,/root/Workspace/xy/HCSU/wild_extract/王宠-行/澤.png,142,198,False,0.2298,0.0025,clean,none,direct_use,True
hcsu_wild_salvage,王宠,行,爲,/root/Workspace/xy/HCSU/wild_extract/王宠-行/爲.png,58,84,False,0.2018,0.0183,clean,none,direct_use,True
hcsu_wild_salvage,王宠,行,驄,/root/Workspace/xy/HCSU/wild_extract/王宠-行/驄.png,736,649,False,0.2218,0.0051,clean,none,direct_use,True
hcsu_wild_salvage,王宠,行,謔,/root/Workspace/xy/HCSU/wild_extract/王宠-行/謔.png,571,605,False,0.1767,0.0061,clean,none,direct_use,True
hcsu_wild_salvage,王宠,行,長,/root/Workspace/xy/HCSU/wild_extract/王宠-行/長.png,149,176,False,0.2014,0.0004,clean,none,direct_use,True
hcsu_wild_salvage,王宠,行,獸,/root/Workspace/xy/HCSU/wild_extract/王宠-行/獸.png,84,81,False,0.1962,0.015,clean,none,direct_use,True
hcsu_wild_salvage,王宠,行,勝,/root/Workspace/xy/HCSU/wild_extract/王宠-行/勝.png,256,254,False,0.2331,0.0,clean,none,direct_use,True
hcsu_wild_salvage,王宠,行,為,/root/Workspace/xy/HCSU/wild_extract/王宠-行/為.png,71,83,False,0.2001,0.0212,clean,none,direct_use,True
hcsu_wild_salvage,王宠,行,聲,/root/Workspace/xy/HCSU/wild_extract/王宠-行/聲.png,82,135,False,0.1565,0.0121,clean,none,direct_use,True
hcsu_wild_salvage,王宠,行,輈,/root/Workspace/xy/HCSU/wild_extract/王宠-行/輈.png,467,424,False,0.2956,0.0,clean,none,direct_use,True
hcsu_wild_salvage,王宠,行,龜,/root/Workspace/xy/HCSU/wild_extract/王宠-行/龜.png,71,84,False,0.2317,0.026,clean,none,direct_use,True
hcsu_wild_salvage,王宠,行,眥,/root/Workspace/xy/HCSU/wild_extract/王宠-行/眥.png,136,188,False,0.2206,0.002,clean,none,direct_use,True
hcsu_wild_salvage,王宠,行,楨,/root/Workspace/xy/HCSU/wild_extract/王宠-行/楨.png,356,363,True,0.2325,0.1037,noisy,inverted;high_dirt_0.10,invert_and_denoise,True
hcsu_wild_salvage,王宠,行,錢,/root/Workspace/xy/HCSU/wild_extract/王宠-行/錢.png,110,103,False,0.1697,0.001,clean,none,direct_use,True
hcsu_wild_salvage,王宠,行,緱,/root/Workspace/xy/HCSU/wild_extract/王宠-行/緱.png,175,203,False,0.233,0.0014,clean,none,direct_use,True
hcsu_wild_salvage,王宠,行,艱,/root/Workspace/xy/HCSU/wild_extract/王宠-行/艱.png,511,432,False,0.1854,0.0132,clean,none,direct_use,True
hcsu_wild_salvage,王宠,行,農,/root/Workspace/xy/HCSU/wild_extract/王宠-行/農.png,661,1053,False,0.2602,0.0001,clean,none,direct_use,True
hcsu_wild_salvage,王宠,行,鷄,/root/Workspace/xy/HCSU/wild_extract/王宠-行/鷄.png,92,87,False,0.2203,0.0193,clean,none,direct_use,True
hcsu_wild_salvage,王宠,行,跃,/root/Workspace/xy/HCSU/wild_extract/王宠-行/跃.png,242,383,True,0.2481,0.0451,inverted,inverted,invert_polarity,True
hcsu_wild_salvage,王宠,行,賜,/root/Workspace/xy/HCSU/wild_extract/王宠-行/賜.png,394,425,True,0.2615,0.054,noisy,inverted;high_dirt_0.05,invert_and_denoise,True
hcsu_wild_salvage,王宠,行,號,/root/Workspace/xy/HCSU/wild_extract/王宠-行/號.png,185,259,False,0.1797,0.0035,clean,none,direct_use,True
hcsu_wild_salvage,王宠,行,漢,/root/Workspace/xy/HCSU/wild_extract/王宠-行/漢.png,81,109,False,0.1967,0.0017,clean,none,direct_use,True
hcsu_wild_salvage,王宠,行,殘,/root/Workspace/xy/HCSU/wild_extract/王宠-行/殘.png,90,88,False,0.178,0.0007,clean,none,direct_use,True
hcsu_wild_salvage,王宠,行,蓮,/root/Workspace/xy/HCSU/wild_extract/王宠-行/蓮.png,2197,2327,False,0.2644,0.0005,clean,none,direct_use,True
hcsu_wild_salvage,王宠,行,囬,/root/Workspace/xy/HCSU/wild_extract/王宠-行/囬.png,337,295,True,0.2379,0.0359,inverted,inverted,invert_polarity,True
hcsu_wild_salvage,王宠,行,繡,/root/Workspace/xy/HCSU/wild_extract/王宠-行/繡.png,146,174,False,0.2249,0.0002,clean,none,direct_use,True
hcsu_wild_salvage,王宠,行,寧,/root/Workspace/xy/HCSU/wild_extract/王宠-行/寧.png,78,105,False,0.1957,0.0,clean,none,direct_use,True
hcsu_wild_salvage,王宠,行,灑,/root/Workspace/xy/HCSU/wild_extract/王宠-行/灑.png,706,651,False,0.2194,0.0062,clean,none,direct_use,True
hcsu_wild_salvage,王宠,行,粵,/root/Workspace/xy/HCSU/wild_extract/王宠-行/粵.png,92,217,False,0.2489,0.0022,clean,none,direct_use,True
hcsu_wild_salvage,王宠,行,慘,/root/Workspace/xy/HCSU/wild_extract/王宠-行/慘.png,182,218,False,0.1298,0.0014,clean,none,direct_use,True
hcsu_wild_salvage,王宠,行,賞,/root/Workspace/xy/HCSU/wild_extract/王宠-行/賞.png,372,593,False,0.1891,0.0029,clean,none,direct_use,True
hcsu_wild_salvage,王宠,行,憐,/root/Workspace/xy/HCSU/wild_extract/王宠-行/憐.png,71,94,False,0.1641,0.0457,clean,none,direct_use,True
hcsu_wild_salvage,王宠,行,傳,/root/Workspace/xy/HCSU/wild_extract/王宠-行/傳.png,1845,2014,False,0.2196,0.0003,clean,none,direct_use,True
hcsu_wild_salvage,王宠,行,嶺,/root/Workspace/xy/HCSU/wild_extract/王宠-行/嶺.png,479,579,False,0.1681,0.0003,clean,none,direct_use,True
hcsu_wild_salvage,王宠,行,學,/root/Workspace/xy/HCSU/wild_extract/王宠-行/學.png,324,437,True,0.1984,0.1419,noisy,inverted;high_dirt_0.14,invert_and_denoise,True
hcsu_wild_salvage,王宠,行,傷,/root/Workspace/xy/HCSU/wild_extract/王宠-行/傷.png,76,83,False,0.1804,0.0,clean,none,direct_use,True
hcsu_wild_salvage,王宠,行,懇,/root/Workspace/xy/HCSU/wild_extract/王宠-行/懇.png,358,371,True,0.19,0.0505,noisy,inverted;high_dirt_0.05,invert_and_denoise,True
hcsu_wild_salvage,王宠,行,薺,/root/Workspace/xy/HCSU/wild_extract/王宠-行/薺.png,78,127,False,0.152,0.0166,clean,none,direct_use,True
hcsu_wild_salvage,王宠,行,爾,/root/Workspace/xy/HCSU/wild_extract/王宠-行/爾.png,59,87,False,0.232,0.0403,clean,none,direct_use,True
hcsu_wild_salvage,王宠,行,馬,/root/Workspace/xy/HCSU/wild_extract/王宠-行/馬.png,530,598,False,0.2833,0.0075,clean,none,direct_use,True
hcsu_wild_salvage,王宠,行,衆,/root/Workspace/xy/HCSU/wild_extract/王宠-行/衆.png,65,93,False,0.1722,0.0,clean,none,direct_use,True
hcsu_wild_salvage,王宠,行,覺,/root/Workspace/xy/HCSU/wild_extract/王宠-行/覺.png,72,92,False,0.2216,0.0061,clean,none,direct_use,True
hcsu_wild_salvage,王宠,行,鵠,/root/Workspace/xy/HCSU/wild_extract/王宠-行/鵠.png,103,88,False,0.247,0.0322,clean,none,direct_use,True
hcsu_wild_salvage,王宠,行,撓,/root/Workspace/xy/HCSU/wild_extract/王宠-行/撓.png,676,625,False,0.2,0.0166,clean,none,direct_use,True
hcsu_wild_salvage,王宠,行,漁,/root/Workspace/xy/HCSU/wild_extract/王宠-行/漁.png,160,221,False,0.2688,0.0033,clean,none,direct_use,True
hcsu_wild_salvage,王宠,行,兒,/root/Workspace/xy/HCSU/wild_extract/王宠-行/兒.png,77,68,False,0.1574,0.0231,clean,none,direct_use,True
hcsu_wild_salvage,王宠,行,義,/root/Workspace/xy/HCSU/wild_extract/王宠-行/義.png,87,110,False,0.1887,0.0188,clean,none,direct_use,True
hcsu_wild_salvage,王宠,行,滄,/root/Workspace/xy/HCSU/wild_extract/王宠-行/滄.png,157,209,False,0.2168,0.0042,clean,none,direct_use,True
hcsu_wild_salvage,王宠,行,雖,/root/Workspace/xy/HCSU/wild_extract/王宠-行/雖.png,76,70,False,0.2128,0.0,clean,none,direct_use,True
hcsu_wild_salvage,王宠,行,淪,/root/Workspace/xy/HCSU/wild_extract/王宠-行/淪.png,211,254,False,0.1947,0.0016,clean,none,direct_use,True
hcsu_wild_salvage,王宠,行,癰,/root/Workspace/xy/HCSU/wild_extract/王宠-行/癰.png,395,499,False,0.2258,0.0155,clean,none,direct_use,True
hcsu_wild_salvage,王宠,行,濺,/root/Workspace/xy/HCSU/wild_extract/王宠-行/濺.png,163,137,False,0.2004,0.002,clean,none,direct_use,True
hcsu_wild_salvage,王宠,行,湯,/root/Workspace/xy/HCSU/wild_extract/王宠-行/湯.png,130,166,False,0.2043,0.0009,clean,none,direct_use,True
hcsu_wild_salvage,王宠,行,無,/root/Workspace/xy/HCSU/wild_extract/王宠-行/無.png,93,73,False,0.1935,0.0129,clean,none,direct_use,True
hcsu_wild_salvage,王宠,行,涼,/root/Workspace/xy/HCSU/wild_extract/王宠-行/涼.png,306,341,True,0.2204,0.1393,noisy,inverted;high_dirt_0.14,invert_and_denoise,True
hcsu_wild_salvage,王献之,行,蕳,/root/Workspace/xy/HCSU/wild_extract/王献之-行/蕳.png,437,592,True,0.1899,0.0472,inverted,inverted,invert_polarity,True
hcsu_wild_salvage,王献之,行,齊,/root/Workspace/xy/HCSU/wild_extract/王献之-行/齊.png,426,460,True,0.2059,0.0558,noisy,inverted;high_dirt_0.06,invert_and_denoise,True
hcsu_wild_salvage,王献之,行,憂,/root/Workspace/xy/HCSU/wild_extract/王献之-行/憂.png,398,601,True,0.1683,0.0314,inverted,inverted,invert_polarity,True
hcsu_wild_salvage,王献之,行,臣,/root/Workspace/xy/HCSU/wild_extract/王献之-行/臣.png,147,168,True,0.1759,0.0111,inverted,inverted,invert_polarity,True
hcsu_wild_salvage,王献之,行,地,/root/Workspace/xy/HCSU/wild_extract/王献之-行/地.png,142,110,True,0.1846,0.0003,inverted,inverted,invert_polarity,True
hcsu_wild_salvage,王献之,行,懐,/root/Workspace/xy/HCSU/wild_extract/王献之-行/懐.png,359,333,True,0.0881,0.0031,inverted,inverted,invert_polarity,True
hcsu_wild_salvage,王献之,行,識,/root/Workspace/xy/HCSU/wild_extract/王献之-行/識.png,424,538,True,0.1315,0.0365,inverted,inverted,invert_polarity,True
hcsu_wild_salvage,王献之,行,內,/root/Workspace/xy/HCSU/wild_extract/王献之-行/內.png,250,259,True,0.3056,0.0389,inverted,inverted,invert_polarity,True
hcsu_wild_salvage,王献之,行,礜,/root/Workspace/xy/HCSU/wild_extract/王献之-行/礜.png,380,517,True,0.1572,0.0005,inverted,inverted,invert_polarity,True
hcsu_wild_salvage,王献之,行,收,/root/Workspace/xy/HCSU/wild_extract/王献之-行/收.png,158,142,True,0.1407,0.0206,inverted,inverted,invert_polarity,True
hcsu_wild_salvage,王献之,行,慶,/root/Workspace/xy/HCSU/wild_extract/王献之-行/慶.png,374,557,True,0.2214,0.0383,inverted,inverted,invert_polarity,True
hcsu_wild_salvage,王献之,行,不,/root/Workspace/xy/HCSU/wild_extract/王献之-行/不.png,237,221,True,0.1365,0.0213,inverted,inverted,invert_polarity,True
hcsu_wild_salvage,王献之,行,發,/root/Workspace/xy/HCSU/wild_extract/王献之-行/發.png,381,500,True,0.1882,0.0108,inverted,inverted,invert_polarity,True
hcsu_wild_salvage,王献之,行,发,/root/Workspace/xy/HCSU/wild_extract/王献之-行/发.png,262,290,True,0.1372,0.0071,inverted,inverted,invert_polarity,True
hcsu_wild_salvage,王献之,行,頭,/root/Workspace/xy/HCSU/wild_extract/王献之-行/頭.png,343,399,True,0.2441,0.0334,inverted,inverted,invert_polarity,True
hcsu_wild_salvage,王献之,行,離,/root/Workspace/xy/HCSU/wild_extract/王献之-行/離.png,425,430,True,0.2768,0.0696,noisy,inverted;high_dirt_0.07,invert_and_denoise,True
hcsu_wild_salvage,王献之,行,論,/root/Workspace/xy/HCSU/wild_extract/王献之-行/論.png,412,387,True,0.2078,0.0431,inverted,inverted,invert_polarity,True
hcsu_wild_salvage,王献之,行,䔍,/root/Workspace/xy/HCSU/wild_extract/王献之-行/䔍.png,399,562,True,0.1827,0.0348,inverted,inverted,invert_polarity,True
hcsu_wild_salvage,王献之,行,憒,/root/Workspace/xy/HCSU/wild_extract/王献之-行/憒.png,374,539,True,0.258,0.0186,inverted,inverted,invert_polarity,True
hcsu_wild_salvage,王献之,行,承,/root/Workspace/xy/HCSU/wild_extract/王献之-行/承.png,284,329,True,0.1049,0.0071,inverted,inverted,invert_polarity,True
hcsu_wild_salvage,王献之,行,惻,/root/Workspace/xy/HCSU/wild_extract/王献之-行/惻.png,447,471,True,0.2194,0.0206,inverted,inverted,invert_polarity,True
hcsu_wild_salvage,王献之,行,是,/root/Workspace/xy/HCSU/wild_extract/王献之-行/是.png,250,273,True,0.1442,0.012,inverted,inverted,invert_polarity,True
hcsu_wild_salvage,王献之,行,垂,/root/Workspace/xy/HCSU/wild_extract/王献之-行/垂.png,196,218,True,0.1555,0.009,inverted,inverted,invert_polarity,True
hcsu_wild_salvage,王献之,行,燋,/root/Workspace/xy/HCSU/wild_extract/王献之-行/燋.png,327,324,True,0.1184,0.0048,inverted,inverted,invert_polarity,True
hcsu_wild_salvage,王献之,行,嵗,/root/Workspace/xy/HCSU/wild_extract/王献之-行/嵗.png,368,405,True,0.1773,0.0353,inverted,inverted,invert_polarity,True
hcsu_wild_salvage,王献之,行,也,/root/Workspace/xy/HCSU/wild_extract/王献之-行/也.png,313,255,True,0.1114,0.0242,inverted,inverted,invert_polarity,True
hcsu_wild_salvage,王献之,行,時,/root/Workspace/xy/HCSU/wild_extract/王献之-行/時.png,366,430,True,0.2209,0.0237,inverted,inverted,invert_polarity,True
hcsu_wild_salvage,王献之,行,慰,/root/Workspace/xy/HCSU/wild_extract/王献之-行/慰.png,244,258,True,0.1647,0.0166,inverted,inverted,invert_polarity,True
hcsu_wild_salvage,王献之,行,监,/root/Workspace/xy/HCSU/wild_extract/王献之-行/监.png,314,455,True,0.1567,0.0118,inverted,inverted,invert_polarity,True
hcsu_wild_salvage,王献之,行,月,/root/Workspace/xy/HCSU/wild_extract/王献之-行/月.png,76,134,True,0.3237,0.0009,inverted,inverted,invert_polarity,True
hcsu_wild_salvage,王献之,行,诸,/root/Workspace/xy/HCSU/wild_extract/王献之-行/诸.png,295,320,True,0.1185,0.0435,inverted,inverted,invert_polarity,True
hcsu_wild_salvage,王献之,行,老,/root/Workspace/xy/HCSU/wild_extract/王献之-行/老.png,266,286,True,0.1109,0.0111,inverted,inverted,invert_polarity,True
hcsu_wild_salvage,王献之,行,軍,/root/Workspace/xy/HCSU/wild_extract/王献之-行/軍.png,344,503,True,0.2534,0.0522,noisy,inverted;high_dirt_0.05,invert_and_denoise,True
hcsu_wild_salvage,王献之,行,長,/root/Workspace/xy/HCSU/wild_extract/王献之-行/長.png,334,479,True,0.2373,0.0524,noisy,inverted;high_dirt_0.05,invert_and_denoise,True
hcsu_wild_salvage,王献之,行,寬,/root/Workspace/xy/HCSU/wild_extract/王献之-行/寬.png,436,637,True,0.1542,0.1371,noisy,inverted;high_dirt_0.14,invert_and_denoise,True
hcsu_wild_salvage,王献之,行,台,/root/Workspace/xy/HCSU/wild_extract/王献之-行/台.png,206,346,True,0.1453,0.0226,inverted,inverted,invert_polarity,True
hcsu_wild_salvage,王献之,行,圣,/root/Workspace/xy/HCSU/wild_extract/王献之-行/圣.png,203,275,True,0.1781,0.0026,inverted,inverted,invert_polarity,True
hcsu_wild_salvage,王献之,行,餘,/root/Workspace/xy/HCSU/wild_extract/王献之-行/餘.png,405,462,True,0.1615,0.0399,inverted,inverted,invert_polarity,True
hcsu_wild_salvage,王献之,行,私,/root/Workspace/xy/HCSU/wild_extract/王献之-行/私.png,239,214,True,0.1258,0.0137,inverted,inverted,invert_polarity,True
hcsu_wild_salvage,王献之,行,夕,/root/Workspace/xy/HCSU/wild_extract/王献之-行/夕.png,107,151,True,0.1492,0.0033,inverted,inverted,invert_polarity,True
hcsu_wild_salvage,王献之,行,济,/root/Workspace/xy/HCSU/wild_extract/王献之-行/济.png,142,162,True,0.1318,0.0063,inverted,inverted,invert_polarity,True
hcsu_wild_salvage,王献之,行,頓,/root/Workspace/xy/HCSU/wild_extract/王献之-行/頓.png,373,344,True,0.3103,0.0167,inverted,inverted,invert_polarity,True
hcsu_wild_salvage,王献之,行,㪽,/root/Workspace/xy/HCSU/wild_extract/王献之-行/㪽.png,432,310,True,0.2519,0.0298,inverted,inverted,invert_polarity,True
hcsu_wild_salvage,王献之,行,石,/root/Workspace/xy/HCSU/wild_extract/王献之-行/石.png,248,299,True,0.2001,0.0033,inverted,inverted,invert_polarity,True
hcsu_wild_salvage,王献之,行,華,/root/Workspace/xy/HCSU/wild_extract/王献之-行/華.png,321,633,True,0.2075,0.0125,inverted,inverted,invert_polarity,True
hcsu_wild_salvage,王献之,行,多,/root/Workspace/xy/HCSU/wild_extract/王献之-行/多.png,139,305,True,0.148,0.0048,inverted,inverted,invert_polarity,True
hcsu_wild_salvage,王献之,行,琼,/root/Workspace/xy/HCSU/wild_extract/王献之-行/琼.png,169,191,True,0.1326,0.01,inverted,inverted,invert_polarity,True
hcsu_wild_salvage,王献之,行,處,/root/Workspace/xy/HCSU/wild_extract/王献之-行/處.png,439,536,True,0.2233,0.0305,inverted,inverted,invert_polarity,True
hcsu_wild_salvage,王献之,行,艱,/root/Workspace/xy/HCSU/wild_extract/王献之-行/艱.png,592,574,True,0.2193,0.0304,inverted,inverted,invert_polarity,True
hcsu_wild_salvage,王献之,行,回,/root/Workspace/xy/HCSU/wild_extract/王献之-行/回.png,202,179,True,0.1645,0.005,inverted,inverted,invert_polarity,True
hcsu_wild_salvage,王献之,行,尔,/root/Workspace/xy/HCSU/wild_extract/王献之-行/尔.png,275,229,True,0.1172,0.0164,inverted,inverted,invert_polarity,True
hcsu_wild_salvage,王献之,行,希,/root/Workspace/xy/HCSU/wild_extract/王献之-行/希.png,273,617,True,0.1084,0.0067,inverted,inverted,invert_polarity,True
hcsu_wild_salvage,王献之,行,積,/root/Workspace/xy/HCSU/wild_extract/王献之-行/積.png,464,504,True,0.2371,0.0495,inverted,inverted,invert_polarity,True
hcsu_wild_salvage,王献之,行,简,/root/Workspace/xy/HCSU/wild_extract/王献之-行/简.png,309,375,True,0.123,0.0161,inverted,inverted,invert_polarity,True
hcsu_wild_salvage,王献之,行,懃,/root/Workspace/xy/HCSU/wild_extract/王献之-行/懃.png,92,106,True,0.1668,0.0025,inverted,inverted,invert_polarity,True
hcsu_wild_salvage,王献之,行,悬,/root/Workspace/xy/HCSU/wild_extract/王献之-行/悬.png,141,166,True,0.1814,0.0309,inverted,inverted,invert_polarity,True
hcsu_wild_salvage,王献之,行,解,/root/Workspace/xy/HCSU/wild_extract/王献之-行/解.png,219,252,True,0.1778,0.0211,inverted,inverted,invert_polarity,True
hcsu_wild_salvage,王献之,行,脓,/root/Workspace/xy/HCSU/wild_extract/王献之-行/脓.png,178,216,True,0.2005,0.0067,inverted,inverted,invert_polarity,True
hcsu_wild_salvage,王献之,行,風,/root/Workspace/xy/HCSU/wild_extract/王献之-行/風.png,363,315,True,0.2418,0.028,inverted,inverted,invert_polarity,True
hcsu_wild_salvage,王献之,行,順,/root/Workspace/xy/HCSU/wild_extract/王献之-行/順.png,431,514,True,0.2775,0.0395,inverted,inverted,invert_polarity,True
hcsu_wild_salvage,王献之,行,到,/root/Workspace/xy/HCSU/wild_extract/王献之-行/到.png,272,309,True,0.172,0.0126,inverted,inverted,invert_polarity,True
hcsu_wild_salvage,王献之,行,孫,/root/Workspace/xy/HCSU/wild_extract/王献之-行/孫.png,381,372,True,0.2139,0.0408,inverted,inverted,invert_polarity,True
hcsu_wild_salvage,王献之,行,實,/root/Workspace/xy/HCSU/wild_extract/王献之-行/實.png,361,525,True,0.1995,0.011,inverted,inverted,invert_polarity,True
hcsu_wild_salvage,王献之,行,書,/root/Workspace/xy/HCSU/wild_extract/王献之-行/書.png,478,592,True,0.1803,0.0237,inverted,inverted,invert_polarity,True
hcsu_wild_salvage,王献之,行,觸,/root/Workspace/xy/HCSU/wild_extract/王献之-行/觸.png,382,457,True,0.2441,0.0196,inverted,inverted,invert_polarity,True
hcsu_wild_salvage,王献之,行,假,/root/Workspace/xy/HCSU/wild_extract/王献之-行/假.png,248,217,True,0.1473,0.013,inverted,inverted,invert_polarity,True
hcsu_wild_salvage,王献之,行,曲,/root/Workspace/xy/HCSU/wild_extract/王献之-行/曲.png,151,151,True,0.1999,0.0022,inverted,inverted,invert_polarity,True
hcsu_wild_salvage,王献之,行,寶,/root/Workspace/xy/HCSU/wild_extract/王献之-行/寶.png,397,449,True,0.2201,0.0442,inverted,inverted,invert_polarity,True
hcsu_wild_salvage,王献之,行,姊,/root/Workspace/xy/HCSU/wild_extract/王献之-行/姊.png,345,369,True,0.1609,0.0172,inverted,inverted,invert_polarity,True
hcsu_wild_salvage,王献之,行,阿,/root/Workspace/xy/HCSU/wild_extract/王献之-行/阿.png,301,268,True,0.1685,0.0077,inverted,inverted,invert_polarity,True
hcsu_wild_salvage,王献之,行,何,/root/Workspace/xy/HCSU/wild_extract/王献之-行/何.png,359,342,True,0.1297,0.0175,inverted,inverted,invert_polarity,True
hcsu_wild_salvage,王献之,行,疢,/root/Workspace/xy/HCSU/wild_extract/王献之-行/疢.png,366,395,True,0.2226,0.0374,inverted,inverted,invert_polarity,True
hcsu_wild_salvage,王献之,行,视,/root/Workspace/xy/HCSU/wild_extract/王献之-行/视.png,295,256,True,0.1335,0.0054,inverted,inverted,invert_polarity,True
hcsu_wild_salvage,王献之,行,都,/root/Workspace/xy/HCSU/wild_extract/王献之-行/都.png,156,230,True,0.1484,0.0039,inverted,inverted,invert_polarity,True
hcsu_wild_salvage,王献之,行,經,/root/Workspace/xy/HCSU/wild_extract/王献之-行/經.png,262,359,True,0.1746,0.0352,inverted,inverted,invert_polarity,True
hcsu_wild_salvage,王献之,行,噉,/root/Workspace/xy/HCSU/wild_extract/王献之-行/噉.png,457,439,True,0.1006,0.0014,inverted,inverted,invert_polarity,True
hcsu_wild_salvage,王献之,行,防,/root/Workspace/xy/HCSU/wild_extract/王献之-行/防.png,141,150,True,0.2065,0.0268,inverted,inverted,invert_polarity,True
hcsu_wild_salvage,王献之,行,例,/root/Workspace/xy/HCSU/wild_extract/王献之-行/例.png,210,191,True,0.1325,0.0056,inverted,inverted,invert_polarity,True
hcsu_wild_salvage,王献之,行,兾,/root/Workspace/xy/HCSU/wild_extract/王献之-行/兾.png,328,494,True,0.2556,0.0361,inverted,inverted,invert_polarity,True
hcsu_wild_salvage,王献之,行,失,/root/Workspace/xy/HCSU/wild_extract/王献之-行/失.png,222,285,True,0.1583,0.0105,inverted,inverted,invert_polarity,True
hcsu_wild_salvage,王献之,行,恋,/root/Workspace/xy/HCSU/wild_extract/王献之-行/恋.png,231,234,True,0.0997,0.0859,noisy,inverted;high_dirt_0.09,invert_and_denoise,True
hcsu_wild_salvage,王献之,行,聞,/root/Workspace/xy/HCSU/wild_extract/王献之-行/聞.png,388,537,True,0.177,0.0137,inverted,inverted,invert_polarity,True
hcsu_wild_salvage,王献之,行,听,/root/Workspace/xy/HCSU/wild_extract/王献之-行/听.png,247,243,True,0.1745,0.0083,inverted,inverted,invert_polarity,True
hcsu_wild_salvage,王献之,行,創,/root/Workspace/xy/HCSU/wild_extract/王献之-行/創.png,389,405,True,0.2226,0.0286,inverted,inverted,invert_polarity,True
hcsu_wild_salvage,王献之,行,難,/root/Workspace/xy/HCSU/wild_extract/王献之-行/難.png,456,453,True,0.2136,0.0199,inverted,inverted,invert_polarity,True
hcsu_wild_salvage,王献之,行,見,/root/Workspace/xy/HCSU/wild_extract/王献之-行/見.png,331,438,True,0.2568,0.0576,noisy,inverted;high_dirt_0.06,invert_and_denoise,True
hcsu_wild_salvage,王献之,行,復,/root/Workspace/xy/HCSU/wild_extract/王献之-行/復.png,311,438,True,0.2126,0.0395,inverted,inverted,invert_polarity,True
hcsu_wild_salvage,王献之,行,倪,/root/Workspace/xy/HCSU/wild_extract/王献之-行/倪.png,357,338,True,0.1017,0.031,inverted,inverted,invert_polarity,True
hcsu_wild_salvage,王献之,行,遠,/root/Workspace/xy/HCSU/wild_extract/王献之-行/遠.png,389,396,True,0.2093,0.0328,inverted,inverted,invert_polarity,True
hcsu_wild_salvage,王献之,行,用,/root/Workspace/xy/HCSU/wild_extract/王献之-行/用.png,136,196,True,0.2157,0.0101,inverted,inverted,invert_polarity,True
hcsu_wild_salvage,王献之,行,馳,/root/Workspace/xy/HCSU/wild_extract/王献之-行/馳.png,456,399,True,0.1895,0.0354,inverted,inverted,invert_polarity,True
hcsu_wild_salvage,王献之,行,審,/root/Workspace/xy/HCSU/wild_extract/王献之-行/審.png,370,535,True,0.2404,0.0407,inverted,inverted,invert_polarity,True
hcsu_wild_salvage,王献之,行,并,/root/Workspace/xy/HCSU/wild_extract/王献之-行/并.png,203,311,True,0.1307,0.0182,inverted,inverted,invert_polarity,True
hcsu_wild_salvage,王献之,行,䓁,/root/Workspace/xy/HCSU/wild_extract/王献之-行/䓁.png,384,421,True,0.1911,0.0538,noisy,inverted;high_dirt_0.05,invert_and_denoise,True
hcsu_wild_salvage,王献之,行,應,/root/Workspace/xy/HCSU/wild_extract/王献之-行/應.png,419,474,True,0.2674,0.0314,inverted,inverted,invert_polarity,True
hcsu_wild_salvage,王献之,行,载,/root/Workspace/xy/HCSU/wild_extract/王献之-行/载.png,258,344,True,0.1531,0.0096,inverted,inverted,invert_polarity,True
hcsu_wild_salvage,王献之,行,䖏,/root/Workspace/xy/HCSU/wild_extract/王献之-行/䖏.png,504,584,True,0.1739,0.0477,inverted,inverted,invert_polarity,True
hcsu_wild_salvage,王献之,行,被,/root/Workspace/xy/HCSU/wild_extract/王献之-行/被.png,256,212,True,0.1507,0.007,inverted,inverted,invert_polarity,True
hcsu_wild_salvage,王献之,行,視,/root/Workspace/xy/HCSU/wild_extract/王献之-行/視.png,456,372,True,0.2482,0.0161,inverted,inverted,invert_polarity,True
hcsu_wild_salvage,王献之,行,泠,/root/Workspace/xy/HCSU/wild_extract/王献之-行/泠.png,357,286,True,0.1105,0.0353,inverted,inverted,invert_polarity,True
hcsu_wild_salvage,王献之,行,隕,/root/Workspace/xy/HCSU/wild_extract/王献之-行/隕.png,292,343,True,0.2861,0.0166,inverted,inverted,invert_polarity,True
hcsu_wild_salvage,王献之,行,倉,/root/Workspace/xy/HCSU/wild_extract/王献之-行/倉.png,341,402,True,0.2528,0.0307,inverted,inverted,invert_polarity,True
hcsu_wild_salvage,王献之,行,授,/root/Workspace/xy/HCSU/wild_extract/王献之-行/授.png,297,328,True,0.1445,0.0964,noisy,inverted;high_dirt_0.10,invert_and_denoise,True
hcsu_wild_salvage,王献之,行,冝,/root/Workspace/xy/HCSU/wild_extract/王献之-行/冝.png,318,381,True,0.2217,0.0157,inverted,inverted,invert_polarity,True
hcsu_wild_salvage,王献之,行,汤,/root/Workspace/xy/HCSU/wild_extract/王献之-行/汤.png,376,501,True,0.1981,0.0174,inverted,inverted,invert_polarity,True
hcsu_wild_salvage,王献之,行,急,/root/Workspace/xy/HCSU/wild_extract/王献之-行/急.png,196,239,True,0.1627,0.0185,inverted,inverted,invert_polarity,True
hcsu_wild_salvage,王献之,行,乍,/root/Workspace/xy/HCSU/wild_extract/王献之-行/乍.png,122,120,True,0.1147,0.0584,noisy,inverted;high_dirt_0.06,invert_and_denoise,True
hcsu_wild_salvage,王献之,行,與,/root/Workspace/xy/HCSU/wild_extract/王献之-行/與.png,348,480,True,0.2023,0.0343,inverted,inverted,invert_polarity,True
hcsu_wild_salvage,王献之,行,㿈,/root/Workspace/xy/HCSU/wild_extract/王献之-行/㿈.png,442,559,True,0.2551,0.0419,inverted,inverted,invert_polarity,True
hcsu_wild_salvage,王献之,行,为,/root/Workspace/xy/HCSU/wild_extract/王献之-行/为.png,227,282,True,0.1798,0.0076,inverted,inverted,invert_polarity,True
hcsu_wild_salvage,王献之,行,會,/root/Workspace/xy/HCSU/wild_extract/王献之-行/會.png,573,577,True,0.1949,0.0237,inverted,inverted,invert_polarity,True
hcsu_wild_salvage,王献之,行,懷,/root/Workspace/xy/HCSU/wild_extract/王献之-行/懷.png,438,414,True,0.1846,0.0349,inverted,inverted,invert_polarity,True
hcsu_wild_salvage,王献之,行,倫,/root/Workspace/xy/HCSU/wild_extract/王献之-行/倫.png,524,394,True,0.2087,0.0488,inverted,inverted,invert_polarity,True
hcsu_wild_salvage,王献之,行,坟,/root/Workspace/xy/HCSU/wild_extract/王献之-行/坟.png,267,303,True,0.1361,0.0081,inverted,inverted,invert_polarity,True
hcsu_wild_salvage,王献之,行,豈,/root/Workspace/xy/HCSU/wild_extract/王献之-行/豈.png,288,517,True,0.2407,0.0285,inverted,inverted,invert_polarity,True
hcsu_wild_salvage,王献之,行,惡,/root/Workspace/xy/HCSU/wild_extract/王献之-行/惡.png,484,481,True,0.1844,0.0345,inverted,inverted,invert_polarity,True
hcsu_wild_salvage,王献之,行,遣,/root/Workspace/xy/HCSU/wild_extract/王献之-行/遣.png,358,369,True,0.1376,0.0214,inverted,inverted,invert_polarity,True
hcsu_wild_salvage,王献之,行,莭,/root/Workspace/xy/HCSU/wild_extract/王献之-行/莭.png,330,537,True,0.2019,0.0427,inverted,inverted,invert_polarity,True
hcsu_wild_salvage,王献之,行,㒒,/root/Workspace/xy/HCSU/wild_extract/王献之-行/㒒.png,394,425,True,0.2301,0.02,inverted,inverted,invert_polarity,True
hcsu_wild_salvage,王献之,行,然,/root/Workspace/xy/HCSU/wild_extract/王献之-行/然.png,372,282,True,0.1133,0.0041,inverted,inverted,invert_polarity,True
hcsu_wild_salvage,王献之,行,賴,/root/Workspace/xy/HCSU/wild_extract/王献之-行/賴.png,359,380,True,0.3355,0.0105,inverted,inverted,invert_polarity,True
hcsu_wild_salvage,王羲之,楷,尊,/root/Workspace/xy/HCSU/wild_extract/王羲之-楷/尊.png,163,171,True,0.138,0.0164,inverted,inverted,invert_polarity,True
hcsu_wild_salvage,王羲之,楷,弗,/root/Workspace/xy/HCSU/wild_extract/王羲之-楷/弗.png,128,140,True,0.1455,0.0383,inverted,inverted,invert_polarity,True
hcsu_wild_salvage,王羲之,楷,妨,/root/Workspace/xy/HCSU/wild_extract/王羲之-楷/妨.png,154,129,True,0.1575,0.0591,noisy,inverted;high_dirt_0.06,invert_and_denoise,True
hcsu_wild_salvage,王羲之,楷,夙,/root/Workspace/xy/HCSU/wild_extract/王羲之-楷/夙.png,192,191,True,0.1173,0.014,inverted,inverted,invert_polarity,True
hcsu_wild_salvage,王羲之,楷,加,/root/Workspace/xy/HCSU/wild_extract/王羲之-楷/加.png,296,206,True,0.2157,0.01,inverted,inverted,invert_polarity,True
hcsu_wild_salvage,王羲之,楷,发,/root/Workspace/xy/HCSU/wild_extract/王羲之-楷/发.png,400,343,True,0.129,0.0692,noisy,inverted;high_dirt_0.07,invert_and_denoise,True
hcsu_wild_salvage,王羲之,楷,包,/root/Workspace/xy/HCSU/wild_extract/王羲之-楷/包.png,128,127,True,0.1444,0.0111,inverted,inverted,invert_polarity,True
hcsu_wild_salvage,王羲之,楷,忧,/root/Workspace/xy/HCSU/wild_extract/王羲之-楷/忧.png,131,157,True,0.1654,0.0223,inverted,inverted,invert_polarity,True
hcsu_wild_salvage,王羲之,楷,度,/root/Workspace/xy/HCSU/wild_extract/王羲之-楷/度.png,161,159,True,0.1307,0.012,inverted,inverted,invert_polarity,True
hcsu_wild_salvage,王羲之,楷,寒,/root/Workspace/xy/HCSU/wild_extract/王羲之-楷/寒.png,378,373,True,0.1514,0.0361,inverted,inverted,invert_polarity,True
hcsu_wild_salvage,王羲之,楷,新,/root/Workspace/xy/HCSU/wild_extract/王羲之-楷/新.png,137,183,True,0.1367,0.0239,inverted,inverted,invert_polarity,True
hcsu_wild_salvage,王羲之,楷,夜,/root/Workspace/xy/HCSU/wild_extract/王羲之-楷/夜.png,207,180,True,0.1845,0.0057,inverted,inverted,invert_polarity,True
hcsu_wild_salvage,王羲之,楷,後,/root/Workspace/xy/HCSU/wild_extract/王羲之-楷/後.png,337,322,True,0.1519,0.028,inverted,inverted,invert_polarity,True
hcsu_wild_salvage,王羲之,楷,時,/root/Workspace/xy/HCSU/wild_extract/王羲之-楷/時.png,309,309,True,0.1436,0.0169,inverted,inverted,invert_polarity,True
hcsu_wild_salvage,王羲之,楷,暂,/root/Workspace/xy/HCSU/wild_extract/王羲之-楷/暂.png,132,153,True,0.1559,0.0283,inverted,inverted,invert_polarity,True
hcsu_wild_salvage,王羲之,楷,博,/root/Workspace/xy/HCSU/wild_extract/王羲之-楷/博.png,135,145,True,0.133,0.0196,inverted,inverted,invert_polarity,True
hcsu_wild_salvage,王羲之,楷,抗,/root/Workspace/xy/HCSU/wild_extract/王羲之-楷/抗.png,164,131,True,0.1218,0.0401,inverted,inverted,invert_polarity,True
hcsu_wild_salvage,王羲之,楷,倦,/root/Workspace/xy/HCSU/wild_extract/王羲之-楷/倦.png,242,223,True,0.1486,0.0363,inverted,inverted,invert_polarity,True
hcsu_wild_salvage,王羲之,楷,恕,/root/Workspace/xy/HCSU/wild_extract/王羲之-楷/恕.png,143,122,True,0.1605,0.0225,inverted,inverted,invert_polarity,True
hcsu_wild_salvage,王羲之,楷,恠,/root/Workspace/xy/HCSU/wild_extract/王羲之-楷/恠.png,253,235,True,0.1469,0.006,inverted,inverted,invert_polarity,True
hcsu_wild_salvage,王羲之,楷,寢,/root/Workspace/xy/HCSU/wild_extract/王羲之-楷/寢.png,260,295,True,0.1887,0.0138,inverted,inverted,invert_polarity,True
hcsu_wild_salvage,王羲之,楷,春,/root/Workspace/xy/HCSU/wild_extract/王羲之-楷/春.png,153,133,True,0.1526,0.0251,inverted,inverted,invert_polarity,True
hcsu_wild_salvage,王羲之,楷,媟,/root/Workspace/xy/HCSU/wild_extract/王羲之-楷/媟.png,164,124,True,0.1784,0.0163,inverted,inverted,invert_polarity,True
hcsu_wild_salvage,王羲之,楷,制,/root/Workspace/xy/HCSU/wild_extract/王羲之-楷/制.png,158,132,True,0.1681,0.0091,inverted,inverted,invert_polarity,True
hcsu_wild_salvage,王羲之,楷,厚,/root/Workspace/xy/HCSU/wild_extract/王羲之-楷/厚.png,135,149,True,0.1563,0.0328,inverted,inverted,invert_polarity,True
hcsu_wild_salvage,王羲之,楷,及,/root/Workspace/xy/HCSU/wild_extract/王羲之-楷/及.png,151,124,True,0.1226,0.0161,inverted,inverted,invert_polarity,True
hcsu_wild_salvage,王羲之,楷,尺,/root/Workspace/xy/HCSU/wild_extract/王羲之-楷/尺.png,295,258,True,0.1229,0.0407,inverted,inverted,invert_polarity,True
hcsu_wild_salvage,王羲之,楷,垦,/root/Workspace/xy/HCSU/wild_extract/王羲之-楷/垦.png,126,152,True,0.1543,0.0064,inverted,inverted,invert_polarity,True
hcsu_wild_salvage,王羲之,楷,寤,/root/Workspace/xy/HCSU/wild_extract/王羲之-楷/寤.png,198,229,True,0.1568,0.0197,inverted,inverted,invert_polarity,True
hcsu_wild_salvage,王羲之,楷,他,/root/Workspace/xy/HCSU/wild_extract/王羲之-楷/他.png,151,107,True,0.1639,0.0321,inverted,inverted,invert_polarity,True
hcsu_wild_salvage,王羲之,楷,体,/root/Workspace/xy/HCSU/wild_extract/王羲之-楷/体.png,145,132,True,0.215,0.0158,inverted,inverted,invert_polarity,True
hcsu_wild_salvage,王羲之,楷,含,/root/Workspace/xy/HCSU/wild_extract/王羲之-楷/含.png,243,209,True,0.1181,0.0087,inverted,inverted,invert_polarity,True
hcsu_wild_salvage,王羲之,楷,定,/root/Workspace/xy/HCSU/wild_extract/王羲之-楷/定.png,151,142,True,0.1266,0.0144,inverted,inverted,invert_polarity,True
hcsu_wild_salvage,王羲之,楷,卧,/root/Workspace/xy/HCSU/wild_extract/王羲之-楷/卧.png,126,101,True,0.1784,0.0344,inverted,inverted,invert_polarity,True
hcsu_wild_salvage,王羲之,楷,执,/root/Workspace/xy/HCSU/wild_extract/王羲之-楷/执.png,164,137,True,0.1616,0.0185,inverted,inverted,invert_polarity,True
hcsu_wild_salvage,王羲之,楷,唯,/root/Workspace/xy/HCSU/wild_extract/王羲之-楷/唯.png,133,124,True,0.1693,0.0057,inverted,inverted,invert_polarity,True
hcsu_wild_salvage,王羲之,楷,感,/root/Workspace/xy/HCSU/wild_extract/王羲之-楷/感.png,142,152,True,0.1891,0.0113,inverted,inverted,invert_polarity,True
hcsu_wild_salvage,王羲之,楷,楼,/root/Workspace/xy/HCSU/wild_extract/王羲之-楷/楼.png,133,144,True,0.1727,0.02,inverted,inverted,invert_polarity,True
hcsu_wild_salvage,王羲之,楷,单,/root/Workspace/xy/HCSU/wild_extract/王羲之-楷/单.png,136,164,True,0.117,0.1023,noisy,inverted;high_dirt_0.10,invert_and_denoise,True
hcsu_wild_salvage,王羲之,楷,寂,/root/Workspace/xy/HCSU/wild_extract/王羲之-楷/寂.png,133,146,True,0.1554,0.0205,inverted,inverted,invert_polarity,True
hcsu_wild_salvage,王羲之,楷,丁,/root/Workspace/xy/HCSU/wild_extract/王羲之-楷/丁.png,185,136,True,0.1101,0.0061,inverted,inverted,invert_polarity,True
hcsu_wild_salvage,王羲之,楷,假,/root/Workspace/xy/HCSU/wild_extract/王羲之-楷/假.png,174,136,True,0.1372,0.0077,inverted,inverted,invert_polarity,True
hcsu_wild_salvage,王羲之,楷,姓,/root/Workspace/xy/HCSU/wild_extract/王羲之-楷/姓.png,167,118,True,0.1495,0.0163,inverted,inverted,invert_polarity,True
hcsu_wild_salvage,王羲之,楷,旋,/root/Workspace/xy/HCSU/wild_extract/王羲之-楷/旋.png,353,309,True,0.1833,0.0046,inverted,inverted,invert_polarity,True
hcsu_wild_salvage,王羲之,楷,府,/root/Workspace/xy/HCSU/wild_extract/王羲之-楷/府.png,145,114,True,0.1477,0.0565,noisy,inverted;high_dirt_0.06,invert_and_denoise,True
hcsu_wild_salvage,王羲之,楷,垢,/root/Workspace/xy/HCSU/wild_extract/王羲之-楷/垢.png,243,220,True,0.1113,0.0227,inverted,inverted,invert_polarity,True
hcsu_wild_salvage,王羲之,楷,严,/root/Workspace/xy/HCSU/wild_extract/王羲之-楷/严.png,156,143,True,0.1673,0.0171,inverted,inverted,invert_polarity,True
hcsu_wild_salvage,王羲之,楷,显,/root/Workspace/xy/HCSU/wild_extract/王羲之-楷/显.png,143,138,True,0.1649,0.0286,inverted,inverted,invert_polarity,True
hcsu_wild_salvage,王羲之,楷,抱,/root/Workspace/xy/HCSU/wild_extract/王羲之-楷/抱.png,134,105,True,0.2004,0.0305,inverted,inverted,invert_polarity,True
hcsu_wild_salvage,王羲之,楷,欢,/root/Workspace/xy/HCSU/wild_extract/王羲之-楷/欢.png,154,149,True,0.1637,0.0101,inverted,inverted,invert_polarity,True
hcsu_wild_salvage,王羲之,楷,托,/root/Workspace/xy/HCSU/wild_extract/王羲之-楷/托.png,173,116,True,0.1601,0.0109,inverted,inverted,invert_polarity,True
hcsu_wild_salvage,王羲之,楷,扉,/root/Workspace/xy/HCSU/wild_extract/王羲之-楷/扉.png,131,164,True,0.1606,0.0151,inverted,inverted,invert_polarity,True
hcsu_wild_salvage,王羲之,楷,典,/root/Workspace/xy/HCSU/wild_extract/王羲之-楷/典.png,257,229,True,0.1554,0.0046,inverted,inverted,invert_polarity,True
hcsu_wild_salvage,王羲之,楷,木,/root/Workspace/xy/HCSU/wild_extract/王羲之-楷/木.png,166,135,True,0.1248,0.0125,inverted,inverted,invert_polarity,True
hcsu_wild_salvage,王羲之,楷,嗔,/root/Workspace/xy/HCSU/wild_extract/王羲之-楷/嗔.png,144,149,True,0.1777,0.0202,inverted,inverted,invert_polarity,True
hcsu_wild_salvage,王羲之,楷,忍,/root/Workspace/xy/HCSU/wild_extract/王羲之-楷/忍.png,119,125,True,0.1913,0.0088,inverted,inverted,invert_polarity,True
hcsu_wild_salvage,王羲之,楷,况,/root/Workspace/xy/HCSU/wild_extract/王羲之-楷/况.png,154,93,True,0.1276,0.0186,inverted,inverted,invert_polarity,True
hcsu_wild_salvage,王羲之,楷,惠,/root/Workspace/xy/HCSU/wild_extract/王羲之-楷/惠.png,131,148,True,0.1563,0.0274,inverted,inverted,invert_polarity,True
hcsu_wild_salvage,王羲之,楷,冝,/root/Workspace/xy/HCSU/wild_extract/王羲之-楷/冝.png,276,289,True,0.1558,0.0258,inverted,inverted,invert_polarity,True
hcsu_wild_salvage,王羲之,楷,导,/root/Workspace/xy/HCSU/wild_extract/王羲之-楷/导.png,142,150,True,0.1759,0.004,inverted,inverted,invert_polarity,True
hcsu_wild_salvage,王羲之,楷,替,/root/Workspace/xy/HCSU/wild_extract/王羲之-楷/替.png,125,130,True,0.1724,0.0257,inverted,inverted,invert_polarity,True
hcsu_wild_salvage,王羲之,楷,害,/root/Workspace/xy/HCSU/wild_extract/王羲之-楷/害.png,135,139,True,0.1765,0.0229,inverted,inverted,invert_polarity,True
hcsu_wild_salvage,王羲之,楷,咒,/root/Workspace/xy/HCSU/wild_extract/王羲之-楷/咒.png,156,118,True,0.1328,0.0245,inverted,inverted,invert_polarity,True
hcsu_wild_salvage,王羲之,楷,归,/root/Workspace/xy/HCSU/wild_extract/王羲之-楷/归.png,145,125,True,0.1618,0.0218,inverted,inverted,invert_polarity,True
hcsu_wild_salvage,王羲之,楷,想,/root/Workspace/xy/HCSU/wild_extract/王羲之-楷/想.png,140,138,True,0.1608,0.0341,inverted,inverted,invert_polarity,True
hcsu_wild_salvage,王羲之,楷,恵,/root/Workspace/xy/HCSU/wild_extract/王羲之-楷/恵.png,266,314,True,0.1673,0.0542,noisy,inverted;high_dirt_0.05,invert_and_denoise,True
hcsu_wild_salvage,王羲之,楷,息,/root/Workspace/xy/HCSU/wild_extract/王羲之-楷/息.png,117,134,True,0.1702,0.0064,inverted,inverted,invert_polarity,True
hcsu_wild_salvage,王羲之,楷,怳,/root/Workspace/xy/HCSU/wild_extract/王羲之-楷/怳.png,267,225,True,0.1205,0.0026,inverted,inverted,invert_polarity,True
hcsu_wild_salvage,王羲之,楷,德,/root/Workspace/xy/HCSU/wild_extract/王羲之-楷/德.png,232,229,True,0.2418,0.2519,noisy,inverted;high_dirt_0.25,invert_and_denoise,True
hcsu_wild_salvage,王羲之,楷,倫,/root/Workspace/xy/HCSU/wild_extract/王羲之-楷/倫.png,275,251,True,0.1737,0.0078,inverted,inverted,invert_polarity,True
hcsu_wild_salvage,王羲之,楷,坏,/root/Workspace/xy/HCSU/wild_extract/王羲之-楷/坏.png,145,160,True,0.1574,0.0068,inverted,inverted,invert_polarity,True
hcsu_wild_salvage,王羲之,楷,乾,/root/Workspace/xy/HCSU/wild_extract/王羲之-楷/乾.png,379,327,True,0.1756,0.0159,inverted,inverted,invert_polarity,True
hcsu_wild_salvage,王羲之,楷,参,/root/Workspace/xy/HCSU/wild_extract/王羲之-楷/参.png,191,196,True,0.1167,0.0204,inverted,inverted,invert_polarity,True
hcsu_wild_salvage,王羲之,楷,俦,/root/Workspace/xy/HCSU/wild_extract/王羲之-楷/俦.png,131,139,True,0.1508,0.0273,inverted,inverted,invert_polarity,True
hcsu_wild_salvage,王羲之,行,嘗,/root/Workspace/xy/HCSU/wild_extract/王羲之-行/嘗.png,436,482,False,0.2913,0.0002,clean,none,direct_use,True
hcsu_wild_salvage,王羲之,行,卿,/root/Workspace/xy/HCSU/wild_extract/王羲之-行/卿.png,211,171,True,0.1545,0.0031,inverted,inverted,invert_polarity,True
hcsu_wild_salvage,王羲之,行,令,/root/Workspace/xy/HCSU/wild_extract/王羲之-行/令.png,315,284,True,0.1106,0.0847,noisy,inverted;high_dirt_0.08,invert_and_denoise,True
hcsu_wild_salvage,王羲之,行,影,/root/Workspace/xy/HCSU/wild_extract/王羲之-行/影.png,438,589,True,0.1326,0.137,noisy,inverted;high_dirt_0.14,invert_and_denoise,True
hcsu_wild_salvage,王羲之,行,價,/root/Workspace/xy/HCSU/wild_extract/王羲之-行/價.png,443,510,True,0.1485,0.0212,inverted,inverted,invert_polarity,True
hcsu_wild_salvage,王羲之,行,惓,/root/Workspace/xy/HCSU/wild_extract/王羲之-行/惓.png,482,479,False,0.1468,0.0028,clean,none,direct_use,True
hcsu_wild_salvage,王羲之,行,呼,/root/Workspace/xy/HCSU/wild_extract/王羲之-行/呼.png,370,370,False,0.1085,0.0003,clean,none,direct_use,True
hcsu_wild_salvage,王羲之,行,凭,/root/Workspace/xy/HCSU/wild_extract/王羲之-行/凭.png,233,325,True,0.1549,0.0223,inverted,inverted,invert_polarity,True
hcsu_wild_salvage,王羲之,行,戀,/root/Workspace/xy/HCSU/wild_extract/王羲之-行/戀.png,789,1088,True,0.1405,0.0206,inverted,inverted,invert_polarity,True
hcsu_wild_salvage,王羲之,行,尭,/root/Workspace/xy/HCSU/wild_extract/王羲之-行/尭.png,184,221,False,0.1862,0.0,clean,none,direct_use,True
hcsu_wild_salvage,王羲之,行,廗,/root/Workspace/xy/HCSU/wild_extract/王羲之-行/廗.png,232,337,True,0.2412,0.0015,inverted,inverted,invert_polarity,True
hcsu_wild_salvage,王羲之,行,墳,/root/Workspace/xy/HCSU/wild_extract/王羲之-行/墳.png,362,370,True,0.2456,0.0507,noisy,inverted;high_dirt_0.05,invert_and_denoise,True
hcsu_wild_salvage,王羲之,行,才,/root/Workspace/xy/HCSU/wild_extract/王羲之-行/才.png,216,342,True,0.1206,0.0208,inverted,inverted,invert_polarity,True
hcsu_wild_salvage,王羲之,行,彜,/root/Workspace/xy/HCSU/wild_extract/王羲之-行/彜.png,75,91,False,0.1144,0.0845,noisy,high_dirt_0.08,denoise_bridge,True
hcsu_wild_salvage,王羲之,行,剪,/root/Workspace/xy/HCSU/wild_extract/王羲之-行/剪.png,230,342,True,0.174,0.0442,inverted,inverted,invert_polarity,True
hcsu_wild_salvage,王羲之,行,崿,/root/Workspace/xy/HCSU/wild_extract/王羲之-行/崿.png,174,176,False,0.2408,0.0,clean,none,direct_use,True
hcsu_wild_salvage,王羲之,行,攬,/root/Workspace/xy/HCSU/wild_extract/王羲之-行/攬.png,489,562,False,0.2363,0.0004,clean,none,direct_use,True
hcsu_wild_salvage,王羲之,行,挍,/root/Workspace/xy/HCSU/wild_extract/王羲之-行/挍.png,242,260,True,0.1251,0.01,inverted,inverted,invert_polarity,True
hcsu_wild_salvage,王羲之,行,卌,/root/Workspace/xy/HCSU/wild_extract/王羲之-行/卌.png,259,187,False,0.187,0.0011,clean,none,direct_use,True
hcsu_wild_salvage,王羲之,行,今,/root/Workspace/xy/HCSU/wild_extract/王羲之-行/今.png,187,171,True,0.0839,0.0682,noisy,inverted;high_dirt_0.07,invert_and_denoise,True
hcsu_wild_salvage,王羲之,行,崐,/root/Workspace/xy/HCSU/wild_extract/王羲之-行/崐.png,82,86,False,0.2774,0.0,clean,none,direct_use,True
hcsu_wild_salvage,王羲之,行,卯,/root/Workspace/xy/HCSU/wild_extract/王羲之-行/卯.png,202,212,True,0.0821,0.0447,inverted,inverted,invert_polarity,True
hcsu_wild_salvage,王铎,楷,势,/root/Workspace/xy/HCSU/wild_extract/王铎-楷/势.png,159,190,True,0.107,0.022,inverted,inverted,invert_polarity,True
hcsu_wild_salvage,王铎,楷,摹,/root/Workspace/xy/HCSU/wild_extract/王铎-楷/摹.png,160,219,True,0.1057,0.0049,inverted,inverted,invert_polarity,True
hcsu_wild_salvage,王铎,楷,如,/root/Workspace/xy/HCSU/wild_extract/王铎-楷/如.png,178,114,True,0.1204,0.0065,inverted,inverted,invert_polarity,True
hcsu_wild_salvage,王铎,楷,嬢,/root/Workspace/xy/HCSU/wild_extract/王铎-楷/嬢.png,115,115,True,0.1646,0.0253,inverted,inverted,invert_polarity,True
hcsu_wild_salvage,王铎,楷,急,/root/Workspace/xy/HCSU/wild_extract/王铎-楷/急.png,151,145,True,0.1083,0.0118,inverted,inverted,invert_polarity,True
hcsu_wild_salvage,祝允明,行,粲,/root/Workspace/xy/HCSU/wild_extract/祝允明-行/粲.png,253,213,False,0.2089,0.001,clean,none,direct_use,True
hcsu_wild_salvage,祝允明,行,嵘,/root/Workspace/xy/HCSU/wild_extract/祝允明-行/嵘.png,370,370,False,0.1689,0.0,clean,none,direct_use,True
hcsu_wild_salvage,祝允明,行,勃,/root/Workspace/xy/HCSU/wild_extract/祝允明-行/勃.png,370,370,False,0.1771,0.0,clean,none,direct_use,True
hcsu_wild_salvage,祝允明,行,扵,/root/Workspace/xy/HCSU/wild_extract/祝允明-行/扵.png,291,335,False,0.1772,0.001,clean,none,direct_use,True
hcsu_wild_salvage,祝允明,行,祙,/root/Workspace/xy/HCSU/wild_extract/祝允明-行/祙.png,248,230,False,0.1917,0.0003,clean,none,direct_use,True
hcsu_wild_salvage,祝允明,行,汍,/root/Workspace/xy/HCSU/wild_extract/祝允明-行/汍.png,213,153,False,0.2006,0.0031,clean,none,direct_use,True
hcsu_wild_salvage,祝允明,行,同,/root/Workspace/xy/HCSU/wild_extract/祝允明-行/同.png,353,382,False,0.3407,0.0003,clean,none,direct_use,True
hcsu_wild_salvage,祝允明,行,㚿,/root/Workspace/xy/HCSU/wild_extract/祝允明-行/㚿.png,235,146,False,0.2284,0.0005,clean,none,direct_use,True
hcsu_wild_salvage,祝允明,行,動,/root/Workspace/xy/HCSU/wild_extract/祝允明-行/動.png,74,77,False,0.2343,0.0007,clean,none,direct_use,True
hcsu_wild_salvage,祝允明,行,皭,/root/Workspace/xy/HCSU/wild_extract/祝允明-行/皭.png,218,239,False,0.2409,0.0008,clean,none,direct_use,True
hcsu_wild_salvage,祝允明,行,囬,/root/Workspace/xy/HCSU/wild_extract/祝允明-行/囬.png,278,202,False,0.2798,0.0,clean,none,direct_use,True
hcsu_wild_salvage,祝允明,行,愛,/root/Workspace/xy/HCSU/wild_extract/祝允明-行/愛.png,419,419,False,0.2441,0.0006,clean,none,direct_use,True
hcsu_wild_salvage,祝允明,行,書,/root/Workspace/xy/HCSU/wild_extract/祝允明-行/書.png,339,403,False,0.248,0.0001,clean,none,direct_use,True
hcsu_wild_salvage,祝允明,行,槩,/root/Workspace/xy/HCSU/wild_extract/祝允明-行/槩.png,437,496,False,0.2381,0.0146,clean,none,direct_use,True
hcsu_wild_salvage,祝允明,行,絃,/root/Workspace/xy/HCSU/wild_extract/祝允明-行/絃.png,194,264,False,0.2072,0.0004,clean,none,direct_use,True
hcsu_wild_salvage,祝允明,行,圖,/root/Workspace/xy/HCSU/wild_extract/祝允明-行/圖.png,397,437,False,0.3558,0.0023,clean,none,direct_use,True
hcsu_wild_salvage,祝允明,行,異,/root/Workspace/xy/HCSU/wild_extract/祝允明-行/異.png,76,76,False,0.1984,0.0044,clean,none,direct_use,True
hcsu_wild_salvage,祝允明,行,灺,/root/Workspace/xy/HCSU/wild_extract/祝允明-行/灺.png,225,161,False,0.2118,0.0009,clean,none,direct_use,True
hcsu_wild_salvage,祝允明,行,無,/root/Workspace/xy/HCSU/wild_extract/祝允明-行/無.png,78,63,False,0.1783,0.0,clean,none,direct_use,True
hcsu_wild_salvage,祝允明,行,擬,/root/Workspace/xy/HCSU/wild_extract/祝允明-行/擬.png,356,392,False,0.2934,0.015,clean,none,direct_use,True
hcsu_wild_salvage,祝允明,行,珰,/root/Workspace/xy/HCSU/wild_extract/祝允明-行/珰.png,224,222,False,0.2516,0.001,clean,none,direct_use,True
hcsu_wild_salvage,祝允明,行,煖,/root/Workspace/xy/HCSU/wild_extract/祝允明-行/煖.png,306,260,False,0.2074,0.0015,clean,none,direct_use,True
hcsu_wild_salvage,祝允明,行,年,/root/Workspace/xy/HCSU/wild_extract/祝允明-行/年.png,195,256,False,0.2042,0.0003,clean,none,direct_use,True
hcsu_wild_salvage,米芾,行,㡬,/root/Workspace/xy/HCSU/wild_extract/米芾-行/㡬.png,392,537,False,0.2389,0.0,clean,none,direct_use,True
hcsu_wild_salvage,米芾,行,屬,/root/Workspace/xy/HCSU/wild_extract/米芾-行/屬.png,122,148,False,0.2126,0.0,clean,none,direct_use,True
hcsu_wild_salvage,米芾,行,則,/root/Workspace/xy/HCSU/wild_extract/米芾-行/則.png,103,150,False,0.2301,0.0,clean,none,direct_use,True
hcsu_wild_salvage,米芾,行,䂓,/root/Workspace/xy/HCSU/wild_extract/米芾-行/䂓.png,153,116,False,0.1703,0.0,clean,none,direct_use,True
hcsu_wild_salvage,米芾,行,乗,/root/Workspace/xy/HCSU/wild_extract/米芾-行/乗.png,103,142,False,0.2375,0.0,clean,none,direct_use,True
hcsu_wild_salvage,米芾,行,並,/root/Workspace/xy/HCSU/wild_extract/米芾-行/並.png,87,122,False,0.3173,0.0,clean,none,direct_use,True
hcsu_wild_salvage,米芾,行,効,/root/Workspace/xy/HCSU/wild_extract/米芾-行/効.png,278,360,False,0.227,0.0,clean,none,direct_use,True
hcsu_wild_salvage,米芾,行,尉,/root/Workspace/xy/HCSU/wild_extract/米芾-行/尉.png,228,267,True,0.2561,0.0143,inverted,inverted,invert_polarity,True
hcsu_wild_salvage,米芾,行,將,/root/Workspace/xy/HCSU/wild_extract/米芾-行/將.png,141,175,True,0.2186,0.0002,inverted,inverted,invert_polarity,True
hcsu_wild_salvage,米芾,行,別,/root/Workspace/xy/HCSU/wild_extract/米芾-行/別.png,93,124,False,0.2295,0.0008,clean,none,direct_use,True
hcsu_wild_salvage,米芾,行,厯,/root/Workspace/xy/HCSU/wild_extract/米芾-行/厯.png,135,152,False,0.1411,0.0014,clean,none,direct_use,True
hcsu_wild_salvage,米芾,行,嬋,/root/Workspace/xy/HCSU/wild_extract/米芾-行/嬋.png,156,191,False,0.1798,0.0039,clean,none,direct_use,True
hcsu_wild_salvage,米芾,行,婞,/root/Workspace/xy/HCSU/wild_extract/米芾-行/婞.png,198,183,False,0.1197,0.0007,clean,none,direct_use,True
hcsu_wild_salvage,米芾,行,強,/root/Workspace/xy/HCSU/wild_extract/米芾-行/強.png,175,201,True,0.1759,0.0052,inverted,inverted,invert_polarity,True
hcsu_wild_salvage,米芾,行,坱,/root/Workspace/xy/HCSU/wild_extract/米芾-行/坱.png,341,419,False,0.2768,0.0002,clean,none,direct_use,True
hcsu_wild_salvage,米芾,行,㦲,/root/Workspace/xy/HCSU/wild_extract/米芾-行/㦲.png,125,124,False,0.1282,0.0,clean,none,direct_use,True
hcsu_wild_salvage,米芾,行,唘,/root/Workspace/xy/HCSU/wild_extract/米芾-行/唘.png,572,583,False,0.4003,0.0,clean,none,direct_use,True
hcsu_wild_salvage,米芾,行,忳,/root/Workspace/xy/HCSU/wild_extract/米芾-行/忳.png,157,150,False,0.1544,0.0,clean,none,direct_use,True
hcsu_wild_salvage,米芾,行,彊,/root/Workspace/xy/HCSU/wild_extract/米芾-行/彊.png,140,151,False,0.3246,0.0001,clean,none,direct_use,True
hcsu_wild_salvage,米芾,行,左,/root/Workspace/xy/HCSU/wild_extract/米芾-行/左.png,280,392,True,0.2231,0.1274,noisy,inverted;high_dirt_0.13,invert_and_denoise,True
hcsu_wild_salvage,米芾,行,填,/root/Workspace/xy/HCSU/wild_extract/米芾-行/填.png,438,466,True,0.1802,0.0962,noisy,inverted;high_dirt_0.10,invert_and_denoise,True
hcsu_wild_salvage,米芾,行,墜,/root/Workspace/xy/HCSU/wild_extract/米芾-行/墜.png,125,150,False,0.2541,0.0,clean,none,direct_use,True
hcsu_wild_salvage,米芾,行,嵓,/root/Workspace/xy/HCSU/wild_extract/米芾-行/嵓.png,196,267,False,0.2606,0.001,clean,none,direct_use,True
hcsu_wild_salvage,米芾,行,㳺,/root/Workspace/xy/HCSU/wild_extract/米芾-行/㳺.png,134,141,False,0.2083,0.0013,clean,none,direct_use,True
hcsu_wild_salvage,米芾,行,䡖,/root/Workspace/xy/HCSU/wild_extract/米芾-行/䡖.png,240,284,False,0.3212,0.0014,clean,none,direct_use,True
hcsu_wild_salvage,米芾,行,㨫,/root/Workspace/xy/HCSU/wild_extract/米芾-行/㨫.png,201,196,False,0.2598,0.0,clean,none,direct_use,True
hcsu_wild_salvage,米芾,行,幾,/root/Workspace/xy/HCSU/wild_extract/米芾-行/幾.png,334,469,False,0.2214,0.0005,clean,none,direct_use,True
hcsu_wild_salvage,米芾,行,對,/root/Workspace/xy/HCSU/wild_extract/米芾-行/對.png,333,457,False,0.2576,0.0013,clean,none,direct_use,True
hcsu_wild_salvage,米芾,行,侘,/root/Workspace/xy/HCSU/wild_extract/米芾-行/侘.png,145,139,False,0.2182,0.0,clean,none,direct_use,True
hcsu_wild_salvage,米芾,行,䟦,/root/Workspace/xy/HCSU/wild_extract/米芾-行/䟦.png,116,119,False,0.3276,0.1442,noisy,high_dirt_0.14,denoise_bridge,True
hcsu_wild_salvage,米芾,行,䋣,/root/Workspace/xy/HCSU/wild_extract/米芾-行/䋣.png,129,113,False,0.3439,0.0,clean,none,direct_use,True
hcsu_wild_salvage,米芾,行,宗,/root/Workspace/xy/HCSU/wild_extract/米芾-行/宗.png,196,225,False,0.1795,0.0004,clean,none,direct_use,True
hcsu_wild_salvage,米芾,行,圡,/root/Workspace/xy/HCSU/wild_extract/米芾-行/圡.png,228,244,False,0.1661,0.0221,clean,none,direct_use,True
hcsu_wild_salvage,米芾,行,㬅,/root/Workspace/xy/HCSU/wild_extract/米芾-行/㬅.png,126,166,False,0.2285,0.0006,clean,none,direct_use,True
hcsu_wild_salvage,米芾,行,卓,/root/Workspace/xy/HCSU/wild_extract/米芾-行/卓.png,357,575,True,0.1868,0.0158,inverted,inverted,invert_polarity,True
hcsu_wild_salvage,米芾,行,㱕,/root/Workspace/xy/HCSU/wild_extract/米芾-行/㱕.png,136,219,False,0.2025,0.0,clean,none,direct_use,True
hcsu_wild_salvage,米芾,行,備,/root/Workspace/xy/HCSU/wild_extract/米芾-行/備.png,134,132,False,0.2243,0.0,clean,none,direct_use,True
hcsu_wild_salvage,米芾,行,厭,/root/Workspace/xy/HCSU/wild_extract/米芾-行/厭.png,186,152,False,0.2536,0.0001,clean,none,direct_use,True
hcsu_wild_salvage,米芾,行,嬃,/root/Workspace/xy/HCSU/wild_extract/米芾-行/嬃.png,138,138,False,0.2618,0.0,clean,none,direct_use,True
hcsu_wild_salvage,米芾,行,卋,/root/Workspace/xy/HCSU/wild_extract/米芾-行/卋.png,427,317,False,0.1934,0.0,clean,none,direct_use,True
hcsu_wild_salvage,米芾,行,䓇,/root/Workspace/xy/HCSU/wild_extract/米芾-行/䓇.png,121,129,False,0.2412,0.0,clean,none,direct_use,True
hcsu_wild_salvage,米芾,行,寧,/root/Workspace/xy/HCSU/wild_extract/米芾-行/寧.png,109,153,False,0.2462,0.0,clean,none,direct_use,True
hcsu_wild_salvage,米芾,行,䟽,/root/Workspace/xy/HCSU/wild_extract/米芾-行/䟽.png,158,124,False,0.2979,0.0,clean,none,direct_use,True
hcsu_wild_salvage,米芾,行,刓,/root/Workspace/xy/HCSU/wild_extract/米芾-行/刓.png,172,206,False,0.2006,0.0,clean,none,direct_use,True
hcsu_wild_salvage,米芾,行,偉,/root/Workspace/xy/HCSU/wild_extract/米芾-行/偉.png,302,419,False,0.2325,0.0068,clean,none,direct_use,True
hcsu_wild_salvage,米芾,行,依,/root/Workspace/xy/HCSU/wild_extract/米芾-行/依.png,351,341,True,0.21,0.0219,inverted,inverted,invert_polarity,True
hcsu_wild_salvage,米芾,行,佯,/root/Workspace/xy/HCSU/wild_extract/米芾-行/佯.png,372,484,True,0.1298,0.0371,inverted,inverted,invert_polarity,True
hcsu_wild_salvage,米芾,行,媭,/root/Workspace/xy/HCSU/wild_extract/米芾-行/媭.png,193,190,False,0.204,0.0,clean,none,direct_use,True
hcsu_wild_salvage,米芾,行,媮,/root/Workspace/xy/HCSU/wild_extract/米芾-行/媮.png,206,143,False,0.1561,0.0,clean,none,direct_use,True
hcsu_wild_salvage,米芾,行,娀,/root/Workspace/xy/HCSU/wild_extract/米芾-行/娀.png,157,109,False,0.2101,0.0,clean,none,direct_use,True
hcsu_wild_salvage,米芾,行,屢,/root/Workspace/xy/HCSU/wild_extract/米芾-行/屢.png,294,385,False,0.265,0.0001,clean,none,direct_use,True
hcsu_wild_salvage,米芾,行,張,/root/Workspace/xy/HCSU/wild_extract/米芾-行/張.png,324,351,False,0.2993,0.0,clean,none,direct_use,True
hcsu_wild_salvage,米芾,行,岧,/root/Workspace/xy/HCSU/wild_extract/米芾-行/岧.png,180,287,False,0.2243,0.0,clean,none,direct_use,True
hcsu_wild_salvage,米芾,行,㑹,/root/Workspace/xy/HCSU/wild_extract/米芾-行/㑹.png,355,330,False,0.1727,0.0022,clean,none,direct_use,True
hcsu_wild_salvage,米芾,行,喚,/root/Workspace/xy/HCSU/wild_extract/米芾-行/喚.png,174,181,True,0.1575,0.0038,inverted,inverted,invert_polarity,True
hcsu_wild_salvage,米芾,行,丗,/root/Workspace/xy/HCSU/wild_extract/米芾-行/丗.png,139,95,False,0.1669,0.0,clean,none,direct_use,True
hcsu_wild_salvage,米芾,行,悢,/root/Workspace/xy/HCSU/wild_extract/米芾-行/悢.png,208,208,False,0.2925,0.0,clean,none,direct_use,True
hcsu_wild_salvage,米芾,行,冝,/root/Workspace/xy/HCSU/wild_extract/米芾-行/冝.png,228,416,False,0.254,0.0002,clean,none,direct_use,True
hcsu_wild_salvage,米芾,行,幃,/root/Workspace/xy/HCSU/wild_extract/米芾-行/幃.png,110,126,False,0.2876,0.0,clean,none,direct_use,True
hcsu_wild_salvage,米芾,行,嶒,/root/Workspace/xy/HCSU/wild_extract/米芾-行/嶒.png,196,235,False,0.2559,0.0,clean,none,direct_use,True
hcsu_wild_salvage,米芾,行,儻,/root/Workspace/xy/HCSU/wild_extract/米芾-行/儻.png,328,317,False,0.1895,0.0007,clean,none,direct_use,True
hcsu_wild_salvage,米芾,行,乂,/root/Workspace/xy/HCSU/wild_extract/米芾-行/乂.png,371,243,True,0.1499,0.0058,inverted,inverted,invert_polarity,True
hcsu_wild_salvage,米芾,行,善,/root/Workspace/xy/HCSU/wild_extract/米芾-行/善.png,241,467,True,0.1879,0.0155,inverted,inverted,invert_polarity,True
hcsu_wild_salvage,米芾,行,彂,/root/Workspace/xy/HCSU/wild_extract/米芾-行/彂.png,105,155,False,0.2415,0.0043,clean,none,direct_use,True
hcsu_wild_salvage,米芾,行,宽,/root/Workspace/xy/HCSU/wild_extract/米芾-行/宽.png,337,575,True,0.2102,0.0101,inverted,inverted,invert_polarity,True
hcsu_wild_salvage,米芾,行,崙,/root/Workspace/xy/HCSU/wild_extract/米芾-行/崙.png,178,165,False,0.211,0.0,clean,none,direct_use,True
hcsu_wild_salvage,米芾,行,偭,/root/Workspace/xy/HCSU/wild_extract/米芾-行/偭.png,190,169,False,0.1998,0.0055,clean,none,direct_use,True
hcsu_wild_salvage,米芾,行,尠,/root/Workspace/xy/HCSU/wild_extract/米芾-行/尠.png,544,862,False,0.3532,0.0003,clean,none,direct_use,True
hcsu_wild_salvage,米芾,行,愚,/root/Workspace/xy/HCSU/wild_extract/米芾-行/愚.png,248,295,True,0.2085,0.0208,inverted,inverted,invert_polarity,True
hcsu_wild_salvage,米芾,行,勞,/root/Workspace/xy/HCSU/wild_extract/米芾-行/勞.png,95,156,False,0.2673,0.0088,clean,none,direct_use,True
hcsu_wild_salvage,米芾,行,凢,/root/Workspace/xy/HCSU/wild_extract/米芾-行/凢.png,377,416,False,0.2475,0.0,clean,none,direct_use,True
hcsu_wild_salvage,米芾,行,㝎,/root/Workspace/xy/HCSU/wild_extract/米芾-行/㝎.png,394,439,False,0.2281,0.0005,clean,none,direct_use,True
hcsu_wild_salvage,米芾,行,崐,/root/Workspace/xy/HCSU/wild_extract/米芾-行/崐.png,193,195,False,0.3217,0.0004,clean,none,direct_use,True
hcsu_wild_salvage,米芾,行,㕘,/root/Workspace/xy/HCSU/wild_extract/米芾-行/㕘.png,314,319,False,0.21,0.0025,clean,none,direct_use,True
hcsu_wild_salvage,米芾,行,儼,/root/Workspace/xy/HCSU/wild_extract/米芾-行/儼.png,134,137,False,0.2792,0.0,clean,none,direct_use,True
hcsu_wild_salvage,米芾,行,寵,/root/Workspace/xy/HCSU/wild_extract/米芾-行/寵.png,339,390,True,0.2764,0.0004,inverted,inverted,invert_polarity,True
hcsu_wild_salvage,米芾,行,姱,/root/Workspace/xy/HCSU/wild_extract/米芾-行/姱.png,189,180,False,0.1131,0.001,clean,none,direct_use,True
hcsu_wild_salvage,米芾,行,啔,/root/Workspace/xy/HCSU/wild_extract/米芾-行/啔.png,133,142,False,0.1407,0.0041,clean,none,direct_use,True
hcsu_wild_salvage,米芾,行,伻,/root/Workspace/xy/HCSU/wild_extract/米芾-行/伻.png,203,212,False,0.1756,0.0,clean,none,direct_use,True
hcsu_wild_salvage,苏轼,楷,坐,/root/Workspace/xy/HCSU/wild_extract/苏轼-楷/坐.png,307,276,False,0.2653,0.0002,clean,none,direct_use,True
hcsu_wild_salvage,苏轼,行,喬,/root/Workspace/xy/HCSU/wild_extract/苏轼-行/喬.png,201,270,False,0.4456,0.1959,noisy,high_dirt_0.20,denoise_bridge,True
hcsu_wild_salvage,苏轼,行,劉,/root/Workspace/xy/HCSU/wild_extract/苏轼-行/劉.png,139,161,False,0.258,0.0007,clean,none,direct_use,True
hcsu_wild_salvage,苏轼,行,巉,/root/Workspace/xy/HCSU/wild_extract/苏轼-行/巉.png,484,394,True,0.1891,0.0068,inverted,inverted,invert_polarity,True
hcsu_wild_salvage,苏轼,行,惸,/root/Workspace/xy/HCSU/wild_extract/苏轼-行/惸.png,357,354,True,0.214,0.0311,inverted,inverted,invert_polarity,True
hcsu_wild_salvage,苏轼,行,㡬,/root/Workspace/xy/HCSU/wild_extract/苏轼-行/㡬.png,262,325,True,0.2507,0.0,inverted,inverted,invert_polarity,True
hcsu_wild_salvage,苏轼,行,戰,/root/Workspace/xy/HCSU/wild_extract/苏轼-行/戰.png,139,140,False,0.372,0.001,clean,none,direct_use,True
hcsu_wild_salvage,苏轼,行,崑,/root/Workspace/xy/HCSU/wild_extract/苏轼-行/崑.png,361,552,False,0.3478,0.0,clean,none,direct_use,True
hcsu_wild_salvage,苏轼,行,問,/root/Workspace/xy/HCSU/wild_extract/苏轼-行/問.png,74,62,False,0.2343,0.0047,clean,none,direct_use,True
hcsu_wild_salvage,苏轼,行,嶇,/root/Workspace/xy/HCSU/wild_extract/苏轼-行/嶇.png,416,337,False,0.2409,0.0012,clean,none,direct_use,True
hcsu_wild_salvage,苏轼,行,嵗,/root/Workspace/xy/HCSU/wild_extract/苏轼-行/嵗.png,414,399,False,0.2098,0.0023,clean,none,direct_use,True
hcsu_wild_salvage,苏轼,行,憚,/root/Workspace/xy/HCSU/wild_extract/苏轼-行/憚.png,388,486,False,0.2033,0.0034,clean,none,direct_use,True
hcsu_wild_salvage,苏轼,行,勝,/root/Workspace/xy/HCSU/wild_extract/苏轼-行/勝.png,145,154,False,0.2642,0.0051,clean,none,direct_use,True
hcsu_wild_salvage,苏轼,行,宷,/root/Workspace/xy/HCSU/wild_extract/苏轼-行/宷.png,248,262,True,0.2243,0.0191,inverted,inverted,invert_polarity,True
hcsu_wild_salvage,苏轼,行,彙,/root/Workspace/xy/HCSU/wild_extract/苏轼-行/彙.png,124,163,False,0.1857,0.0051,clean,none,direct_use,True
hcsu_wild_salvage,苏轼,行,墜,/root/Workspace/xy/HCSU/wild_extract/苏轼-行/墜.png,177,179,False,0.3081,0.0007,clean,none,direct_use,True
hcsu_wild_salvage,苏轼,行,併,/root/Workspace/xy/HCSU/wild_extract/苏轼-行/併.png,173,166,False,0.2783,0.0008,clean,none,direct_use,True
hcsu_wild_salvage,苏轼,行,喪,/root/Workspace/xy/HCSU/wild_extract/苏轼-行/喪.png,454,365,False,0.1843,0.0015,clean,none,direct_use,True
hcsu_wild_salvage,苏轼,行,壞,/root/Workspace/xy/HCSU/wild_extract/苏轼-行/壞.png,187,155,False,0.2588,0.0003,clean,none,direct_use,True
hcsu_wild_salvage,苏轼,行,動,/root/Workspace/xy/HCSU/wild_extract/苏轼-行/動.png,207,171,False,0.2412,0.0,clean,none,direct_use,True
hcsu_wild_salvage,苏轼,行,幾,/root/Workspace/xy/HCSU/wild_extract/苏轼-行/幾.png,126,132,False,0.2787,0.0009,clean,none,direct_use,True
hcsu_wild_salvage,苏轼,行,對,/root/Workspace/xy/HCSU/wild_extract/苏轼-行/對.png,166,140,False,0.2109,0.001,clean,none,direct_use,True
hcsu_wild_salvage,苏轼,行,帳,/root/Workspace/xy/HCSU/wild_extract/苏轼-行/帳.png,404,381,False,0.3455,0.0002,clean,none,direct_use,True
hcsu_wild_salvage,苏轼,行,廢,/root/Workspace/xy/HCSU/wild_extract/苏轼-行/廢.png,129,140,False,0.26,0.0019,clean,none,direct_use,True
hcsu_wild_salvage,苏轼,行,伸,/root/Workspace/xy/HCSU/wild_extract/苏轼-行/伸.png,200,226,True,0.2725,0.3235,noisy,inverted;high_dirt_0.32,invert_and_denoise,True
hcsu_wild_salvage,苏轼,行,係,/root/Workspace/xy/HCSU/wild_extract/苏轼-行/係.png,74,76,False,0.1887,0.0,clean,none,direct_use,True
hcsu_wild_salvage,苏轼,行,寧,/root/Workspace/xy/HCSU/wild_extract/苏轼-行/寧.png,111,150,False,0.3271,0.0031,clean,none,direct_use,True
hcsu_wild_salvage,苏轼,行,愛,/root/Workspace/xy/HCSU/wild_extract/苏轼-行/愛.png,491,436,False,0.2444,0.0008,clean,none,direct_use,True
hcsu_wild_salvage,苏轼,行,孫,/root/Workspace/xy/HCSU/wild_extract/苏轼-行/孫.png,292,298,True,0.2119,0.0016,inverted,inverted,invert_polarity,True
hcsu_wild_salvage,苏轼,行,師,/root/Workspace/xy/HCSU/wild_extract/苏轼-行/師.png,340,507,False,0.2894,0.0001,clean,none,direct_use,True
hcsu_wild_salvage,苏轼,行,壈,/root/Workspace/xy/HCSU/wild_extract/苏轼-行/壈.png,256,250,True,0.2296,0.075,noisy,inverted;high_dirt_0.07,invert_and_denoise,True
hcsu_wild_salvage,苏轼,行,㸔,/root/Workspace/xy/HCSU/wild_extract/苏轼-行/㸔.png,218,247,True,0.2209,0.0,inverted,inverted,invert_polarity,True
hcsu_wild_salvage,苏轼,行,區,/root/Workspace/xy/HCSU/wild_extract/苏轼-行/區.png,231,257,False,0.3468,0.0054,clean,none,direct_use,True
hcsu_wild_salvage,苏轼,行,憺,/root/Workspace/xy/HCSU/wild_extract/苏轼-行/憺.png,254,256,True,0.1837,0.0793,noisy,inverted;high_dirt_0.08,invert_and_denoise,True
hcsu_wild_salvage,苏轼,行,傳,/root/Workspace/xy/HCSU/wild_extract/苏轼-行/傳.png,242,294,True,0.2174,0.0,inverted,inverted,invert_polarity,True
hcsu_wild_salvage,苏轼,行,懇,/root/Workspace/xy/HCSU/wild_extract/苏轼-行/懇.png,72,73,False,0.281,0.0,clean,none,direct_use,True
hcsu_wild_salvage,苏轼,行,憭,/root/Workspace/xy/HCSU/wild_extract/苏轼-行/憭.png,267,268,True,0.2166,0.045,inverted,inverted,invert_polarity,True
hcsu_wild_salvage,苏轼,行,媮,/root/Workspace/xy/HCSU/wild_extract/苏轼-行/媮.png,156,160,True,0.1373,0.0146,inverted,inverted,invert_polarity,True
hcsu_wild_salvage,苏轼,行,復,/root/Workspace/xy/HCSU/wild_extract/苏轼-行/復.png,344,401,False,0.291,0.0015,clean,none,direct_use,True
hcsu_wild_salvage,苏轼,行,嘔,/root/Workspace/xy/HCSU/wild_extract/苏轼-行/嘔.png,142,131,False,0.237,0.0086,clean,none,direct_use,True
hcsu_wild_salvage,苏轼,行,噰,/root/Workspace/xy/HCSU/wild_extract/苏轼-行/噰.png,215,233,True,0.2299,0.0912,noisy,inverted;high_dirt_0.09,invert_and_denoise,True
hcsu_wild_salvage,苏轼,行,傑,/root/Workspace/xy/HCSU/wild_extract/苏轼-行/傑.png,103,94,False,0.3058,0.0003,clean,none,direct_use,True
hcsu_wild_salvage,苏轼,行,懭,/root/Workspace/xy/HCSU/wild_extract/苏轼-行/懭.png,289,267,True,0.2306,0.0458,inverted,inverted,invert_polarity,True
hcsu_wild_salvage,苏轼,行,審,/root/Workspace/xy/HCSU/wild_extract/苏轼-行/審.png,331,354,False,0.2766,0.0006,clean,none,direct_use,True
hcsu_wild_salvage,苏轼,行,塗,/root/Workspace/xy/HCSU/wild_extract/苏轼-行/塗.png,381,363,False,0.2232,0.0009,clean,none,direct_use,True
hcsu_wild_salvage,苏轼,行,坋,/root/Workspace/xy/HCSU/wild_extract/苏轼-行/坋.png,114,120,True,0.1701,0.1001,noisy,inverted;high_dirt_0.10,invert_and_denoise,True
hcsu_wild_salvage,苏轼,行,悢,/root/Workspace/xy/HCSU/wild_extract/苏轼-行/悢.png,232,183,True,0.2099,0.1564,noisy,inverted;high_dirt_0.16,invert_and_denoise,True
hcsu_wild_salvage,苏轼,行,挐,/root/Workspace/xy/HCSU/wild_extract/苏轼-行/挐.png,235,260,True,0.1446,0.0363,inverted,inverted,invert_polarity,True
hcsu_wild_salvage,苏轼,行,抔,/root/Workspace/xy/HCSU/wild_extract/苏轼-行/抔.png,402,362,True,0.1745,0.0165,inverted,inverted,invert_polarity,True
hcsu_wild_salvage,苏轼,行,專,/root/Workspace/xy/HCSU/wild_extract/苏轼-行/專.png,100,146,False,0.2185,0.0013,clean,none,direct_use,True
hcsu_wild_salvage,苏轼,行,夢,/root/Workspace/xy/HCSU/wild_extract/苏轼-行/夢.png,158,269,False,0.2427,0.0037,clean,none,direct_use,True
hcsu_wild_salvage,苏轼,行,國,/root/Workspace/xy/HCSU/wild_extract/苏轼-行/國.png,100,138,True,0.5462,0.0008,inverted,inverted,invert_polarity,True
hcsu_wild_salvage,苏轼,行,挍,/root/Workspace/xy/HCSU/wild_extract/苏轼-行/挍.png,345,276,True,0.2098,0.0122,inverted,inverted,invert_polarity,True
hcsu_wild_salvage,苏轼,行,峯,/root/Workspace/xy/HCSU/wild_extract/苏轼-行/峯.png,238,292,True,0.2006,0.0014,inverted,inverted,invert_polarity,True
hcsu_wild_salvage,苏轼,行,勵,/root/Workspace/xy/HCSU/wild_extract/苏轼-行/勵.png,423,378,False,0.2259,0.0026,clean,none,direct_use,True
hcsu_wild_salvage,苏轼,行,惡,/root/Workspace/xy/HCSU/wild_extract/苏轼-行/惡.png,197,179,False,0.2234,0.0015,clean,none,direct_use,True
hcsu_wild_salvage,苏轼,行,㳟,/root/Workspace/xy/HCSU/wild_extract/苏轼-行/㳟.png,300,230,True,0.2023,0.1266,noisy,inverted;high_dirt_0.13,invert_and_denoise,True
hcsu_wild_salvage,苏轼,行,彿,/root/Workspace/xy/HCSU/wild_extract/苏轼-行/彿.png,263,240,True,0.1729,0.0016,inverted,inverted,invert_polarity,True
hcsu_wild_salvage,苏轼,行,婦,/root/Workspace/xy/HCSU/wild_extract/苏轼-行/婦.png,72,81,False,0.2221,0.0008,clean,none,direct_use,True
hcsu_wild_salvage,苏轼,行,凨,/root/Workspace/xy/HCSU/wild_extract/苏轼-行/凨.png,242,228,True,0.1481,0.0,inverted,inverted,invert_polarity,True
hcsu_wild_salvage,董其昌,楷,撰,/root/Workspace/xy/HCSU/wild_extract/董其昌-楷/撰.png,231,210,True,0.1606,0.0072,inverted,inverted,invert_polarity,True
hcsu_wild_salvage,董其昌,楷,炯,/root/Workspace/xy/HCSU/wild_extract/董其昌-楷/炯.png,199,168,True,0.1633,0.0022,inverted,inverted,invert_polarity,True
hcsu_wild_salvage,董其昌,楷,冬,/root/Workspace/xy/HCSU/wild_extract/董其昌-楷/冬.png,207,210,True,0.1461,0.0756,noisy,inverted;high_dirt_0.08,invert_and_denoise,True
hcsu_wild_salvage,董其昌,楷,奋,/root/Workspace/xy/HCSU/wild_extract/董其昌-楷/奋.png,230,241,True,0.1933,0.01,inverted,inverted,invert_polarity,True
hcsu_wild_salvage,董其昌,楷,亨,/root/Workspace/xy/HCSU/wild_extract/董其昌-楷/亨.png,167,215,True,0.1312,0.0042,inverted,inverted,invert_polarity,True
hcsu_wild_salvage,董其昌,楷,斧,/root/Workspace/xy/HCSU/wild_extract/董其昌-楷/斧.png,210,286,True,0.1325,0.003,inverted,inverted,invert_polarity,True
hcsu_wild_salvage,董其昌,楷,沈,/root/Workspace/xy/HCSU/wild_extract/董其昌-楷/沈.png,207,197,True,0.1591,0.0045,inverted,inverted,invert_polarity,True
hcsu_wild_salvage,董其昌,楷,九,/root/Workspace/xy/HCSU/wild_extract/董其昌-楷/九.png,125,102,True,0.2282,0.3668,noisy,inverted;high_dirt_0.37,invert_and_denoise,True
hcsu_wild_salvage,董其昌,行,婁,/root/Workspace/xy/HCSU/wild_extract/董其昌-行/婁.png,198,193,False,0.1765,0.0056,clean,none,direct_use,True
hcsu_wild_salvage,董其昌,行,巉,/root/Workspace/xy/HCSU/wild_extract/董其昌-行/巉.png,302,380,False,0.2027,0.0002,clean,none,direct_use,True
hcsu_wild_salvage,董其昌,行,屬,/root/Workspace/xy/HCSU/wild_extract/董其昌-行/屬.png,185,250,True,0.3037,0.1808,noisy,inverted;high_dirt_0.18,invert_and_denoise,True
hcsu_wild_salvage,董其昌,行,佺,/root/Workspace/xy/HCSU/wild_extract/董其昌-行/佺.png,329,293,False,0.1976,0.0,clean,none,direct_use,True
hcsu_wild_salvage,董其昌,行,內,/root/Workspace/xy/HCSU/wild_extract/董其昌-行/內.png,70,60,False,0.2602,0.0037,clean,none,direct_use,True
hcsu_wild_salvage,董其昌,行,則,/root/Workspace/xy/HCSU/wild_extract/董其昌-行/則.png,180,181,True,0.2915,0.1659,noisy,inverted;high_dirt_0.17,invert_and_denoise,True
hcsu_wild_salvage,董其昌,行,䂓,/root/Workspace/xy/HCSU/wild_extract/董其昌-行/䂓.png,385,358,False,0.2628,0.0052,clean,none,direct_use,True
hcsu_wild_salvage,董其昌,行,䌽,/root/Workspace/xy/HCSU/wild_extract/董其昌-行/䌽.png,254,274,False,0.2974,0.0004,clean,none,direct_use,True
hcsu_wild_salvage,董其昌,行,勁,/root/Workspace/xy/HCSU/wild_extract/董其昌-行/勁.png,150,164,False,0.1915,0.0017,clean,none,direct_use,True
hcsu_wild_salvage,董其昌,行,徃,/root/Workspace/xy/HCSU/wild_extract/董其昌-行/徃.png,133,151,False,0.2015,0.0069,clean,none,direct_use,True
hcsu_wild_salvage,董其昌,行,厯,/root/Workspace/xy/HCSU/wild_extract/董其昌-行/厯.png,184,188,False,0.2381,0.0016,clean,none,direct_use,True
hcsu_wild_salvage,董其昌,行,嵗,/root/Workspace/xy/HCSU/wild_extract/董其昌-行/嵗.png,197,336,False,0.2149,0.0178,clean,none,direct_use,True
hcsu_wild_salvage,董其昌,行,彈,/root/Workspace/xy/HCSU/wild_extract/董其昌-行/彈.png,606,773,True,0.2624,0.0355,inverted,inverted,invert_polarity,True
hcsu_wild_salvage,董其昌,行,場,/root/Workspace/xy/HCSU/wild_extract/董其昌-行/場.png,531,649,True,0.2522,0.0242,inverted,inverted,invert_polarity,True
hcsu_wild_salvage,董其昌,行,㧾,/root/Workspace/xy/HCSU/wild_extract/董其昌-行/㧾.png,132,151,False,0.2688,0.0,clean,none,direct_use,True
hcsu_wild_salvage,董其昌,行,帨,/root/Workspace/xy/HCSU/wild_extract/董其昌-行/帨.png,194,146,False,0.1896,0.0019,clean,none,direct_use,True
hcsu_wild_salvage,董其昌,行,優,/root/Workspace/xy/HCSU/wild_extract/董其昌-行/優.png,581,677,True,0.2245,0.0583,noisy,inverted;high_dirt_0.06,invert_and_denoise,True
hcsu_wild_salvage,董其昌,行,㧧,/root/Workspace/xy/HCSU/wild_extract/董其昌-行/㧧.png,358,372,False,0.2526,0.0001,clean,none,direct_use,True
hcsu_wild_salvage,董其昌,行,墜,/root/Workspace/xy/HCSU/wild_extract/董其昌-行/墜.png,471,690,True,0.2626,0.0135,inverted,inverted,invert_polarity,True
hcsu_wild_salvage,董其昌,行,勅,/root/Workspace/xy/HCSU/wild_extract/董其昌-行/勅.png,127,136,False,0.2056,0.0003,clean,none,direct_use,True
hcsu_wild_salvage,董其昌,行,㳺,/root/Workspace/xy/HCSU/wild_extract/董其昌-行/㳺.png,100,95,False,0.2335,0.0023,clean,none,direct_use,True
hcsu_wild_salvage,董其昌,行,啅,/root/Workspace/xy/HCSU/wild_extract/董其昌-行/啅.png,205,318,False,0.154,0.0,clean,none,direct_use,True
hcsu_wild_salvage,董其昌,行,動,/root/Workspace/xy/HCSU/wild_extract/董其昌-行/動.png,173,182,False,0.2268,0.0006,clean,none,direct_use,True
hcsu_wild_salvage,董其昌,行,對,/root/Workspace/xy/HCSU/wild_extract/董其昌-行/對.png,588,653,False,0.1645,0.0019,clean,none,direct_use,True
hcsu_wild_salvage,董其昌,行,䫙,/root/Workspace/xy/HCSU/wild_extract/董其昌-行/䫙.png,169,182,False,0.1881,0.0085,clean,none,direct_use,True
hcsu_wild_salvage,董其昌,行,圡,/root/Workspace/xy/HCSU/wild_extract/董其昌-行/圡.png,176,198,False,0.1604,0.0061,clean,none,direct_use,True
hcsu_wild_salvage,董其昌,行,勢,/root/Workspace/xy/HCSU/wild_extract/董其昌-行/勢.png,145,268,False,0.2701,0.0005,clean,none,direct_use,True
hcsu_wild_salvage,董其昌,行,卋,/root/Workspace/xy/HCSU/wild_extract/董其昌-行/卋.png,172,180,False,0.169,0.0004,clean,none,direct_use,True
hcsu_wild_salvage,董其昌,行,囬,/root/Workspace/xy/HCSU/wild_extract/董其昌-行/囬.png,273,213,False,0.3012,0.0,clean,none,direct_use,True
hcsu_wild_salvage,董其昌,行,䓤,/root/Workspace/xy/HCSU/wild_extract/董其昌-行/䓤.png,146,190,False,0.195,0.0009,clean,none,direct_use,True
hcsu_wild_salvage,董其昌,行,孫,/root/Workspace/xy/HCSU/wild_extract/董其昌-行/孫.png,247,283,False,0.2152,0.0066,clean,none,direct_use,True
hcsu_wild_salvage,董其昌,行,吚,/root/Workspace/xy/HCSU/wild_extract/董其昌-行/吚.png,154,156,False,0.0974,0.0043,clean,none,direct_use,True
hcsu_wild_salvage,董其昌,行,儀,/root/Workspace/xy/HCSU/wild_extract/董其昌-行/儀.png,183,204,False,0.171,0.0,clean,none,direct_use,True
hcsu_wild_salvage,董其昌,行,寶,/root/Workspace/xy/HCSU/wild_extract/董其昌-行/寶.png,174,220,False,0.2265,0.0017,clean,none,direct_use,True
hcsu_wild_salvage,董其昌,行,専,/root/Workspace/xy/HCSU/wild_extract/董其昌-行/専.png,300,368,False,0.2617,0.0036,clean,none,direct_use,True
hcsu_wild_salvage,董其昌,行,宻,/root/Workspace/xy/HCSU/wild_extract/董其昌-行/宻.png,165,167,False,0.2703,0.0001,clean,none,direct_use,True
hcsu_wild_salvage,董其昌,行,劍,/root/Workspace/xy/HCSU/wild_extract/董其昌-行/劍.png,200,182,False,0.1474,0.0004,clean,none,direct_use,True
hcsu_wild_salvage,董其昌,行,㽞,/root/Workspace/xy/HCSU/wild_extract/董其昌-行/㽞.png,415,535,False,0.2384,0.0018,clean,none,direct_use,True
hcsu_wild_salvage,董其昌,行,嶺,/root/Workspace/xy/HCSU/wild_extract/董其昌-行/嶺.png,163,199,False,0.1955,0.0002,clean,none,direct_use,True
hcsu_wild_salvage,董其昌,行,學,/root/Workspace/xy/HCSU/wild_extract/董其昌-行/學.png,133,208,False,0.1928,0.0024,clean,none,direct_use,True
hcsu_wild_salvage,董其昌,行,奪,/root/Workspace/xy/HCSU/wild_extract/董其昌-行/奪.png,277,325,False,0.2416,0.0019,clean,none,direct_use,True
hcsu_wild_salvage,董其昌,行,傷,/root/Workspace/xy/HCSU/wild_extract/董其昌-行/傷.png,197,217,True,0.3028,0.0575,noisy,inverted;high_dirt_0.06,invert_and_denoise,True
hcsu_wild_salvage,董其昌,行,䒕,/root/Workspace/xy/HCSU/wild_extract/董其昌-行/䒕.png,160,262,False,0.2068,0.115,noisy,high_dirt_0.12,denoise_bridge,True
hcsu_wild_salvage,董其昌,行,圖,/root/Workspace/xy/HCSU/wild_extract/董其昌-行/圖.png,148,171,False,0.3466,0.0,clean,none,direct_use,True
hcsu_wild_salvage,董其昌,行,廟,/root/Workspace/xy/HCSU/wild_extract/董其昌-行/廟.png,201,201,True,0.2883,0.0804,noisy,inverted;high_dirt_0.08,invert_and_denoise,True
hcsu_wild_salvage,董其昌,行,創,/root/Workspace/xy/HCSU/wild_extract/董其昌-行/創.png,593,604,True,0.2146,0.0153,inverted,inverted,invert_polarity,True
hcsu_wild_salvage,董其昌,行,宮,/root/Workspace/xy/HCSU/wild_extract/董其昌-行/宮.png,340,388,False,0.2185,0.0027,clean,none,direct_use,True
hcsu_wild_salvage,董其昌,行,㘴,/root/Workspace/xy/HCSU/wild_extract/董其昌-行/㘴.png,263,289,False,0.2591,0.0001,clean,none,direct_use,True
hcsu_wild_salvage,董其昌,行,張,/root/Workspace/xy/HCSU/wild_extract/董其昌-行/張.png,234,268,True,0.1937,0.1018,noisy,inverted;high_dirt_0.10,invert_and_denoise,True
hcsu_wild_salvage,董其昌,行,審,/root/Workspace/xy/HCSU/wild_extract/董其昌-行/審.png,88,135,False,0.1687,0.0274,clean,none,direct_use,True
hcsu_wild_salvage,董其昌,行,寳,/root/Workspace/xy/HCSU/wild_extract/董其昌-行/寳.png,95,126,False,0.17,0.0147,clean,none,direct_use,True
hcsu_wild_salvage,董其昌,行,䓁,/root/Workspace/xy/HCSU/wild_extract/董其昌-行/䓁.png,175,227,False,0.1878,0.0005,clean,none,direct_use,True
hcsu_wild_salvage,董其昌,行,䢖,/root/Workspace/xy/HCSU/wild_extract/董其昌-行/䢖.png,695,812,False,0.2372,0.0002,clean,none,direct_use,True
hcsu_wild_salvage,董其昌,行,堽,/root/Workspace/xy/HCSU/wild_extract/董其昌-行/堽.png,388,365,False,0.3179,0.0,clean,none,direct_use,True
hcsu_wild_salvage,董其昌,行,喚,/root/Workspace/xy/HCSU/wild_extract/董其昌-行/喚.png,153,172,False,0.1911,0.0513,noisy,high_dirt_0.05,denoise_bridge,True
hcsu_wild_salvage,董其昌,行,䖏,/root/Workspace/xy/HCSU/wild_extract/董其昌-行/䖏.png,160,216,False,0.1648,0.0026,clean,none,direct_use,True
hcsu_wild_salvage,董其昌,行,唲,/root/Workspace/xy/HCSU/wild_extract/董其昌-行/唲.png,184,157,False,0.088,0.0004,clean,none,direct_use,True
hcsu_wild_salvage,董其昌,行,彌,/root/Workspace/xy/HCSU/wild_extract/董其昌-行/彌.png,483,583,True,0.3376,0.0053,inverted,inverted,invert_polarity,True
hcsu_wild_salvage,董其昌,行,夲,/root/Workspace/xy/HCSU/wild_extract/董其昌-行/夲.png,500,559,False,0.1503,0.0047,clean,none,direct_use,True
hcsu_wild_salvage,董其昌,行,丗,/root/Workspace/xy/HCSU/wild_extract/董其昌-行/丗.png,132,66,False,0.2014,0.0,clean,none,direct_use,True
hcsu_wild_salvage,董其昌,行,千,/root/Workspace/xy/HCSU/wild_extract/董其昌-行/千.png,617,829,False,0.1053,0.0033,clean,none,direct_use,True
hcsu_wild_salvage,董其昌,行,專,/root/Workspace/xy/HCSU/wild_extract/董其昌-行/專.png,453,600,True,0.2165,0.079,noisy,inverted;high_dirt_0.08,invert_and_denoise,True
hcsu_wild_salvage,董其昌,行,啚,/root/Workspace/xy/HCSU/wild_extract/董其昌-行/啚.png,69,81,False,0.1762,0.0162,clean,none,direct_use,True
hcsu_wild_salvage,董其昌,行,彂,/root/Workspace/xy/HCSU/wild_extract/董其昌-行/彂.png,95,120,False,0.2128,0.0008,clean,none,direct_use,True
hcsu_wild_salvage,董其昌,行,塢,/root/Workspace/xy/HCSU/wild_extract/董其昌-行/塢.png,364,523,True,0.2855,0.1863,noisy,inverted;high_dirt_0.19,invert_and_denoise,True
hcsu_wild_salvage,董其昌,行,㳷,/root/Workspace/xy/HCSU/wild_extract/董其昌-行/㳷.png,138,197,False,0.1709,0.0004,clean,none,direct_use,True
hcsu_wild_salvage,董其昌,行,國,/root/Workspace/xy/HCSU/wild_extract/董其昌-行/國.png,244,301,False,0.1747,0.026,clean,none,direct_use,True
hcsu_wild_salvage,董其昌,行,嶰,/root/Workspace/xy/HCSU/wild_extract/董其昌-行/嶰.png,704,769,False,0.1734,0.0029,clean,none,direct_use,True
hcsu_wild_salvage,董其昌,行,㫁,/root/Workspace/xy/HCSU/wild_extract/董其昌-行/㫁.png,477,620,False,0.1571,0.0041,clean,none,direct_use,True
hcsu_wild_salvage,董其昌,行,寉,/root/Workspace/xy/HCSU/wild_extract/董其昌-行/寉.png,752,1027,False,0.1955,0.0134,clean,none,direct_use,True
hcsu_wild_salvage,董其昌,行,勞,/root/Workspace/xy/HCSU/wild_extract/董其昌-行/勞.png,526,705,True,0.2699,0.0415,inverted,inverted,invert_polarity,True
hcsu_wild_salvage,董其昌,行,凢,/root/Workspace/xy/HCSU/wild_extract/董其昌-行/凢.png,163,167,False,0.2124,0.0064,clean,none,direct_use,True
hcsu_wild_salvage,董其昌,行,㕘,/root/Workspace/xy/HCSU/wild_extract/董其昌-行/㕘.png,202,159,False,0.112,0.01,clean,none,direct_use,True
hcsu_wild_salvage,董其昌,行,塲,/root/Workspace/xy/HCSU/wild_extract/董其昌-行/塲.png,197,221,False,0.1781,0.0049,clean,none,direct_use,True
hcsu_wild_salvage,董其昌,行,坣,/root/Workspace/xy/HCSU/wild_extract/董其昌-行/坣.png,267,281,False,0.2053,0.0,clean,none,direct_use,True
hcsu_wild_salvage,董其昌,行,徹,/root/Workspace/xy/HCSU/wild_extract/董其昌-行/徹.png,620,587,True,0.2362,0.0448,inverted,inverted,invert_polarity,True
hcsu_wild_salvage,董其昌,行,園,/root/Workspace/xy/HCSU/wild_extract/董其昌-行/園.png,469,550,False,0.1988,0.0206,clean,none,direct_use,True
hcsu_wild_salvage,董其昌,行,導,/root/Workspace/xy/HCSU/wild_extract/董其昌-行/導.png,496,779,True,0.252,0.0346,inverted,inverted,invert_polarity,True
hcsu_wild_salvage,董其昌,行,㝡,/root/Workspace/xy/HCSU/wild_extract/董其昌-行/㝡.png,220,290,False,0.2313,0.0936,noisy,high_dirt_0.09,denoise_bridge,True
hcsu_wild_salvage,蔡襄,楷,堪,/root/Workspace/xy/HCSU/wild_extract/蔡襄-楷/堪.png,254,255,True,0.2338,0.0277,inverted,inverted,invert_polarity,True
hcsu_wild_salvage,蔡襄,楷,度,/root/Workspace/xy/HCSU/wild_extract/蔡襄-楷/度.png,245,271,True,0.2005,0.011,inverted,inverted,invert_polarity,True
hcsu_wild_salvage,蔡襄,楷,弯,/root/Workspace/xy/HCSU/wild_extract/蔡襄-楷/弯.png,212,280,True,0.2328,0.046,inverted,inverted,invert_polarity,True
hcsu_wild_salvage,蔡襄,楷,乘,/root/Workspace/xy/HCSU/wild_extract/蔡襄-楷/乘.png,269,286,True,0.2506,0.0394,inverted,inverted,invert_polarity,True
hcsu_wild_salvage,蔡襄,楷,经,/root/Workspace/xy/HCSU/wild_extract/蔡襄-楷/经.png,228,211,True,0.1893,0.0182,inverted,inverted,invert_polarity,True
hcsu_wild_salvage,蔡襄,楷,拂,/root/Workspace/xy/HCSU/wild_extract/蔡襄-楷/拂.png,247,262,True,0.2263,0.0359,inverted,inverted,invert_polarity,True
hcsu_wild_salvage,蔡襄,楷,台,/root/Workspace/xy/HCSU/wild_extract/蔡襄-楷/台.png,230,245,True,0.298,0.044,inverted,inverted,invert_polarity,True
hcsu_wild_salvage,蔡襄,楷,把,/root/Workspace/xy/HCSU/wild_extract/蔡襄-楷/把.png,254,220,True,0.2438,0.0459,inverted,inverted,invert_polarity,True
hcsu_wild_salvage,蔡襄,楷,极,/root/Workspace/xy/HCSU/wild_extract/蔡襄-楷/极.png,284,257,True,0.2706,0.0144,inverted,inverted,invert_polarity,True
hcsu_wild_salvage,蔡襄,楷,蚤,/root/Workspace/xy/HCSU/wild_extract/蔡襄-楷/蚤.png,276,287,True,0.1867,0.0372,inverted,inverted,invert_polarity,True
hcsu_wild_salvage,蔡襄,楷,贫,/root/Workspace/xy/HCSU/wild_extract/蔡襄-楷/贫.png,228,350,True,0.1955,0.0404,inverted,inverted,invert_polarity,True
hcsu_wild_salvage,蔡襄,楷,水,/root/Workspace/xy/HCSU/wild_extract/蔡襄-楷/水.png,225,227,True,0.2081,0.0379,inverted,inverted,invert_polarity,True
hcsu_wild_salvage,蔡襄,楷,呜,/root/Workspace/xy/HCSU/wild_extract/蔡襄-楷/呜.png,233,254,True,0.2805,0.018,inverted,inverted,invert_polarity,True
hcsu_wild_salvage,蔡襄,楷,碧,/root/Workspace/xy/HCSU/wild_extract/蔡襄-楷/碧.png,203,288,True,0.2725,0.008,inverted,inverted,invert_polarity,True
hcsu_wild_salvage,蔡襄,楷,堆,/root/Workspace/xy/HCSU/wild_extract/蔡襄-楷/堆.png,217,249,True,0.229,0.0233,inverted,inverted,invert_polarity,True
hcsu_wild_salvage,蔡襄,楷,男,/root/Workspace/xy/HCSU/wild_extract/蔡襄-楷/男.png,175,254,True,0.3321,0.0387,inverted,inverted,invert_polarity,True
hcsu_wild_salvage,蔡襄,楷,此,/root/Workspace/xy/HCSU/wild_extract/蔡襄-楷/此.png,239,193,True,0.2189,0.0181,inverted,inverted,invert_polarity,True
hcsu_wild_salvage,蔡襄,楷,归,/root/Workspace/xy/HCSU/wild_extract/蔡襄-楷/归.png,249,254,True,0.2339,0.0093,inverted,inverted,invert_polarity,True
hcsu_wild_salvage,蔡襄,楷,国,/root/Workspace/xy/HCSU/wild_extract/蔡襄-楷/国.png,183,225,True,0.284,0.0083,inverted,inverted,invert_polarity,True
hcsu_wild_salvage,蔡襄,楷,挹,/root/Workspace/xy/HCSU/wild_extract/蔡襄-楷/挹.png,283,271,True,0.2866,0.014,inverted,inverted,invert_polarity,True
hcsu_wild_salvage,蔡襄,行,偱,/root/Workspace/xy/HCSU/wild_extract/蔡襄-行/偱.png,295,274,False,0.2692,0.0006,clean,none,direct_use,True
hcsu_wild_salvage,蔡襄,行,議,/root/Workspace/xy/HCSU/wild_extract/蔡襄-行/議.png,367,348,False,0.1969,0.0004,clean,none,direct_use,True
hcsu_wild_salvage,蔡襄,行,則,/root/Workspace/xy/HCSU/wild_extract/蔡襄-行/則.png,297,313,False,0.2458,0.0003,clean,none,direct_use,True
hcsu_wild_salvage,蔡襄,行,児,/root/Workspace/xy/HCSU/wild_extract/蔡襄-行/児.png,45,56,False,0.1226,0.0,clean,none,direct_use,True
hcsu_wild_salvage,蔡襄,行,當,/root/Workspace/xy/HCSU/wild_extract/蔡襄-行/當.png,275,332,False,0.1569,0.0075,clean,none,direct_use,True
hcsu_wild_salvage,蔡襄,行,來,/root/Workspace/xy/HCSU/wild_extract/蔡襄-行/來.png,419,561,False,0.2032,0.0101,clean,none,direct_use,True
hcsu_wild_salvage,蔡襄,行,卻,/root/Workspace/xy/HCSU/wild_extract/蔡襄-行/卻.png,283,247,False,0.1237,0.0003,clean,none,direct_use,True
hcsu_wild_salvage,蔡襄,行,衹,/root/Workspace/xy/HCSU/wild_extract/蔡襄-行/衹.png,219,198,False,0.1285,0.0016,clean,none,direct_use,True
hcsu_wild_salvage,蔡襄,行,論,/root/Workspace/xy/HCSU/wild_extract/蔡襄-行/論.png,359,323,False,0.1789,0.0015,clean,none,direct_use,True
hcsu_wild_salvage,蔡襄,行,歸,/root/Workspace/xy/HCSU/wild_extract/蔡襄-行/歸.png,284,420,False,0.2202,0.0001,clean,none,direct_use,True
hcsu_wild_salvage,蔡襄,行,慮,/root/Workspace/xy/HCSU/wild_extract/蔡襄-行/慮.png,226,270,False,0.2173,0.0406,clean,none,direct_use,True
hcsu_wild_salvage,蔡襄,行,珎,/root/Workspace/xy/HCSU/wild_extract/蔡襄-行/珎.png,269,245,False,0.1192,0.0093,clean,none,direct_use,True
hcsu_wild_salvage,蔡襄,行,並,/root/Workspace/xy/HCSU/wild_extract/蔡襄-行/並.png,178,239,False,0.2079,0.0025,clean,none,direct_use,True
hcsu_wild_salvage,蔡襄,行,扵,/root/Workspace/xy/HCSU/wild_extract/蔡襄-行/扵.png,284,304,False,0.1834,0.0008,clean,none,direct_use,True
hcsu_wild_salvage,蔡襄,行,筦,/root/Workspace/xy/HCSU/wild_extract/蔡襄-行/筦.png,294,403,False,0.2137,0.0008,clean,none,direct_use,True
hcsu_wild_salvage,蔡襄,行,時,/root/Workspace/xy/HCSU/wild_extract/蔡襄-行/時.png,246,253,False,0.1776,0.0068,clean,none,direct_use,True
hcsu_wild_salvage,蔡襄,行,煩,/root/Workspace/xy/HCSU/wild_extract/蔡襄-行/煩.png,308,307,False,0.2267,0.0,clean,none,direct_use,True
hcsu_wild_salvage,蔡襄,行,捨,/root/Workspace/xy/HCSU/wild_extract/蔡襄-行/捨.png,403,342,False,0.221,0.0003,clean,none,direct_use,True
hcsu_wild_salvage,蔡襄,行,診,/root/Workspace/xy/HCSU/wild_extract/蔡襄-行/診.png,479,406,False,0.1489,0.0003,clean,none,direct_use,True
hcsu_wild_salvage,蔡襄,行,堅,/root/Workspace/xy/HCSU/wild_extract/蔡襄-行/堅.png,242,286,False,0.3015,0.0016,clean,none,direct_use,True
hcsu_wild_salvage,蔡襄,行,唘,/root/Workspace/xy/HCSU/wild_extract/蔡襄-行/唘.png,358,331,False,0.249,0.0009,clean,none,direct_use,True
hcsu_wild_salvage,蔡襄,行,㓜,/root/Workspace/xy/HCSU/wild_extract/蔡襄-行/㓜.png,210,185,False,0.1747,0.001,clean,none,direct_use,True
hcsu_wild_salvage,蔡襄,行,決,/root/Workspace/xy/HCSU/wild_extract/蔡襄-行/決.png,326,336,False,0.2168,0.0001,clean,none,direct_use,True
hcsu_wild_salvage,蔡襄,行,卄,/root/Workspace/xy/HCSU/wild_extract/蔡襄-行/卄.png,275,202,False,0.2329,0.0018,clean,none,direct_use,True
hcsu_wild_salvage,蔡襄,行,報,/root/Workspace/xy/HCSU/wild_extract/蔡襄-行/報.png,281,260,False,0.207,0.0021,clean,none,direct_use,True
hcsu_wild_salvage,蔡襄,行,態,/root/Workspace/xy/HCSU/wild_extract/蔡襄-行/態.png,253,301,False,0.252,0.0018,clean,none,direct_use,True
hcsu_wild_salvage,蔡襄,行,勝,/root/Workspace/xy/HCSU/wild_extract/蔡襄-行/勝.png,232,268,False,0.1714,0.0016,clean,none,direct_use,True
hcsu_wild_salvage,蔡襄,行,聲,/root/Workspace/xy/HCSU/wild_extract/蔡襄-行/聲.png,215,377,False,0.0973,0.0028,clean,none,direct_use,True
hcsu_wild_salvage,蔡襄,行,亰,/root/Workspace/xy/HCSU/wild_extract/蔡襄-行/亰.png,238,329,False,0.2571,0.0012,clean,none,direct_use,True
hcsu_wild_salvage,蔡襄,行,災,/root/Workspace/xy/HCSU/wild_extract/蔡襄-行/災.png,275,297,False,0.2209,0.0006,clean,none,direct_use,True
hcsu_wild_salvage,蔡襄,行,䝨,/root/Workspace/xy/HCSU/wild_extract/蔡襄-行/䝨.png,218,255,False,0.1033,0.0049,clean,none,direct_use,True
hcsu_wild_salvage,蔡襄,行,筯,/root/Workspace/xy/HCSU/wild_extract/蔡襄-行/筯.png,245,235,False,0.1301,0.0115,clean,none,direct_use,True
hcsu_wild_salvage,蔡襄,行,墜,/root/Workspace/xy/HCSU/wild_extract/蔡襄-行/墜.png,253,291,False,0.1417,0.0035,clean,none,direct_use,True
hcsu_wild_salvage,蔡襄,行,㳺,/root/Workspace/xy/HCSU/wild_extract/蔡襄-行/㳺.png,238,235,False,0.2185,0.0029,clean,none,direct_use,True
hcsu_wild_salvage,蔡襄,行,謹,/root/Workspace/xy/HCSU/wild_extract/蔡襄-行/謹.png,81,93,False,0.2346,0.0,clean,none,direct_use,True
hcsu_wild_salvage,蔡襄,行,啓,/root/Workspace/xy/HCSU/wild_extract/蔡襄-行/啓.png,376,332,False,0.1962,0.0005,clean,none,direct_use,True
hcsu_wild_salvage,蔡襄,行,湏,/root/Workspace/xy/HCSU/wild_extract/蔡襄-行/湏.png,260,282,False,0.2935,0.0001,clean,none,direct_use,True
hcsu_wild_salvage,蔡襄,行,胷,/root/Workspace/xy/HCSU/wild_extract/蔡襄-行/胷.png,235,297,False,0.1927,0.0004,clean,none,direct_use,True
hcsu_wild_salvage,蔡襄,行,塵,/root/Workspace/xy/HCSU/wild_extract/蔡襄-行/塵.png,287,347,False,0.2059,0.0001,clean,none,direct_use,True
hcsu_wild_salvage,蔡襄,行,瓊,/root/Workspace/xy/HCSU/wild_extract/蔡襄-行/瓊.png,280,312,False,0.2149,0.0002,clean,none,direct_use,True
hcsu_wild_salvage,蔡襄,行,號,/root/Workspace/xy/HCSU/wild_extract/蔡襄-行/號.png,304,341,False,0.1625,0.0025,clean,none,direct_use,True
hcsu_wild_salvage,蔡襄,行,勻,/root/Workspace/xy/HCSU/wild_extract/蔡襄-行/勻.png,50,72,False,0.2269,0.0012,clean,none,direct_use,True
hcsu_wild_salvage,蔡襄,行,畄,/root/Workspace/xy/HCSU/wild_extract/蔡襄-行/畄.png,221,230,False,0.2368,0.0009,clean,none,direct_use,True
hcsu_wild_salvage,蔡襄,行,書,/root/Workspace/xy/HCSU/wild_extract/蔡襄-行/書.png,299,398,False,0.186,0.0004,clean,none,direct_use,True
hcsu_wild_salvage,蔡襄,行,熱,/root/Workspace/xy/HCSU/wild_extract/蔡襄-行/熱.png,300,280,False,0.2103,0.0038,clean,none,direct_use,True
hcsu_wild_salvage,蔡襄,行,記,/root/Workspace/xy/HCSU/wild_extract/蔡襄-行/記.png,333,286,False,0.1848,0.0036,clean,none,direct_use,True
hcsu_wild_salvage,蔡襄,行,㽞,/root/Workspace/xy/HCSU/wild_extract/蔡襄-行/㽞.png,209,229,False,0.2098,0.0011,clean,none,direct_use,True
hcsu_wild_salvage,蔡襄,行,數,/root/Workspace/xy/HCSU/wild_extract/蔡襄-行/數.png,362,373,False,0.1564,0.0005,clean,none,direct_use,True
hcsu_wild_salvage,蔡襄,行,禍,/root/Workspace/xy/HCSU/wild_extract/蔡襄-行/禍.png,87,89,False,0.2929,0.0,clean,none,direct_use,True
hcsu_wild_salvage,蔡襄,行,兩,/root/Workspace/xy/HCSU/wild_extract/蔡襄-行/兩.png,198,265,False,0.2003,0.0001,clean,none,direct_use,True
hcsu_wild_salvage,蔡襄,行,範,/root/Workspace/xy/HCSU/wild_extract/蔡襄-行/範.png,317,345,False,0.176,0.0017,clean,none,direct_use,True
hcsu_wild_salvage,蔡襄,行,復,/root/Workspace/xy/HCSU/wild_extract/蔡襄-行/復.png,282,332,False,0.232,0.0,clean,none,direct_use,True
hcsu_wild_salvage,蔡襄,行,悰,/root/Workspace/xy/HCSU/wild_extract/蔡襄-行/悰.png,513,403,False,0.1896,0.0008,clean,none,direct_use,True
hcsu_wild_salvage,蔡襄,行,艷,/root/Workspace/xy/HCSU/wild_extract/蔡襄-行/艷.png,277,285,False,0.1484,0.0032,clean,none,direct_use,True
hcsu_wild_salvage,蔡襄,行,讀,/root/Workspace/xy/HCSU/wild_extract/蔡襄-行/讀.png,287,400,False,0.1795,0.0299,clean,none,direct_use,True
hcsu_wild_salvage,蔡襄,行,并,/root/Workspace/xy/HCSU/wild_extract/蔡襄-行/并.png,59,103,False,0.3095,0.0,clean,none,direct_use,True
hcsu_wild_salvage,蔡襄,行,䖏,/root/Workspace/xy/HCSU/wild_extract/蔡襄-行/䖏.png,276,429,False,0.2181,0.0019,clean,none,direct_use,True
hcsu_wild_salvage,蔡襄,行,約,/root/Workspace/xy/HCSU/wild_extract/蔡襄-行/約.png,285,294,False,0.1973,0.0011,clean,none,direct_use,True
hcsu_wild_salvage,蔡襄,行,祐,/root/Workspace/xy/HCSU/wild_extract/蔡襄-行/祐.png,166,147,False,0.1673,0.0007,clean,none,direct_use,True
hcsu_wild_salvage,蔡襄,行,讬,/root/Workspace/xy/HCSU/wild_extract/蔡襄-行/讬.png,259,210,False,0.1437,0.0008,clean,none,direct_use,True
hcsu_wild_salvage,蔡襄,行,丗,/root/Workspace/xy/HCSU/wild_extract/蔡襄-行/丗.png,270,217,False,0.1728,0.0026,clean,none,direct_use,True
hcsu_wild_salvage,蔡襄,行,曽,/root/Workspace/xy/HCSU/wild_extract/蔡襄-行/曽.png,54,79,False,0.233,0.0121,clean,none,direct_use,True
hcsu_wild_salvage,蔡襄,行,異,/root/Workspace/xy/HCSU/wild_extract/蔡襄-行/異.png,373,312,False,0.2402,0.0015,clean,none,direct_use,True
hcsu_wild_salvage,蔡襄,行,竝,/root/Workspace/xy/HCSU/wild_extract/蔡襄-行/竝.png,211,211,False,0.1697,0.0012,clean,none,direct_use,True
hcsu_wild_salvage,蔡襄,行,晝,/root/Workspace/xy/HCSU/wild_extract/蔡襄-行/晝.png,210,303,False,0.1887,0.0012,clean,none,direct_use,True
hcsu_wild_salvage,蔡襄,行,眀,/root/Workspace/xy/HCSU/wild_extract/蔡襄-行/眀.png,213,192,False,0.2543,0.0022,clean,none,direct_use,True
hcsu_wild_salvage,蔡襄,行,晹,/root/Workspace/xy/HCSU/wild_extract/蔡襄-行/晹.png,224,316,False,0.2945,0.0001,clean,none,direct_use,True
hcsu_wild_salvage,蔡襄,行,儂,/root/Workspace/xy/HCSU/wild_extract/蔡襄-行/儂.png,305,338,False,0.2342,0.0005,clean,none,direct_use,True
hcsu_wild_salvage,蔡襄,行,勞,/root/Workspace/xy/HCSU/wild_extract/蔡襄-行/勞.png,246,287,False,0.1399,0.0015,clean,none,direct_use,True
hcsu_wild_salvage,蔡襄,行,謁,/root/Workspace/xy/HCSU/wild_extract/蔡襄-行/謁.png,342,350,False,0.2407,0.0003,clean,none,direct_use,True
hcsu_wild_salvage,蔡襄,行,減,/root/Workspace/xy/HCSU/wild_extract/蔡襄-行/減.png,377,388,False,0.1881,0.0028,clean,none,direct_use,True
hcsu_wild_salvage,蔡襄,行,斝,/root/Workspace/xy/HCSU/wild_extract/蔡襄-行/斝.png,257,385,False,0.1198,0.0003,clean,none,direct_use,True
hcsu_wild_salvage,蔡襄,行,計,/root/Workspace/xy/HCSU/wild_extract/蔡襄-行/計.png,303,419,False,0.0997,0.0012,clean,none,direct_use,True
hcsu_wild_salvage,蔡襄,行,無,/root/Workspace/xy/HCSU/wild_extract/蔡襄-行/無.png,314,279,False,0.1316,0.0,clean,none,direct_use,True
hcsu_wild_salvage,蔡襄,行,東,/root/Workspace/xy/HCSU/wild_extract/蔡襄-行/東.png,194,267,False,0.1857,0.0035,clean,none,direct_use,True
hcsu_wild_salvage,蔡襄,行,覚,/root/Workspace/xy/HCSU/wild_extract/蔡襄-行/覚.png,257,271,False,0.1453,0.0098,clean,none,direct_use,True
hcsu_wild_salvage,蔡襄,行,煖,/root/Workspace/xy/HCSU/wild_extract/蔡襄-行/煖.png,297,281,False,0.2658,0.0,clean,none,direct_use,True
hcsu_wild_salvage,虞世南,楷,挺,/root/Workspace/xy/HCSU/wild_extract/虞世南-楷/挺.png,327,278,True,0.1535,0.0912,noisy,inverted;high_dirt_0.09,invert_and_denoise,True
hcsu_wild_salvage,虞世南,楷,撰,/root/Workspace/xy/HCSU/wild_extract/虞世南-楷/撰.png,122,131,True,0.2168,0.0358,inverted,inverted,invert_polarity,True
hcsu_wild_salvage,虞世南,楷,叔,/root/Workspace/xy/HCSU/wild_extract/虞世南-楷/叔.png,254,319,True,0.1607,0.0053,inverted,inverted,invert_polarity,True
hcsu_wild_salvage,虞世南,楷,穿,/root/Workspace/xy/HCSU/wild_extract/虞世南-楷/穿.png,113,155,True,0.2063,0.07,noisy,inverted;high_dirt_0.07,invert_and_denoise,True
hcsu_wild_salvage,虞世南,楷,发,/root/Workspace/xy/HCSU/wild_extract/虞世南-楷/发.png,117,136,True,0.2548,0.164,noisy,inverted;high_dirt_0.16,invert_and_denoise,True
hcsu_wild_salvage,虞世南,楷,凿,/root/Workspace/xy/HCSU/wild_extract/虞世南-楷/凿.png,156,177,True,0.2191,0.0648,noisy,inverted;high_dirt_0.06,invert_and_denoise,True
hcsu_wild_salvage,虞世南,楷,叠,/root/Workspace/xy/HCSU/wild_extract/虞世南-楷/叠.png,124,154,True,0.2601,0.0334,inverted,inverted,invert_polarity,True
hcsu_wild_salvage,虞世南,楷,岩,/root/Workspace/xy/HCSU/wild_extract/虞世南-楷/岩.png,277,318,True,0.1666,0.0099,inverted,inverted,invert_polarity,True
hcsu_wild_salvage,虞世南,楷,秘,/root/Workspace/xy/HCSU/wild_extract/虞世南-楷/秘.png,281,220,True,0.1584,0.0382,inverted,inverted,invert_polarity,True
hcsu_wild_salvage,虞世南,楷,愈,/root/Workspace/xy/HCSU/wild_extract/虞世南-楷/愈.png,333,319,True,0.0981,0.0219,inverted,inverted,invert_polarity,True
hcsu_wild_salvage,虞世南,楷,乡,/root/Workspace/xy/HCSU/wild_extract/虞世南-楷/乡.png,288,287,True,0.1916,0.0265,inverted,inverted,invert_polarity,True
hcsu_wild_salvage,虞世南,楷,守,/root/Workspace/xy/HCSU/wild_extract/虞世南-楷/守.png,133,133,True,0.1569,0.0919,noisy,inverted;high_dirt_0.09,invert_and_denoise,True
hcsu_wild_salvage,虞世南,楷,卷,/root/Workspace/xy/HCSU/wild_extract/虞世南-楷/卷.png,146,141,True,0.1773,0.0562,noisy,inverted;high_dirt_0.06,invert_and_denoise,True
hcsu_wild_salvage,虞世南,楷,拂,/root/Workspace/xy/HCSU/wild_extract/虞世南-楷/拂.png,146,135,True,0.1966,0.0542,noisy,inverted;high_dirt_0.05,invert_and_denoise,True
hcsu_wild_salvage,虞世南,楷,涧,/root/Workspace/xy/HCSU/wild_extract/虞世南-楷/涧.png,131,129,True,0.232,0.0278,inverted,inverted,invert_polarity,True
hcsu_wild_salvage,虞世南,楷,擅,/root/Workspace/xy/HCSU/wild_extract/虞世南-楷/擅.png,261,289,True,0.1744,0.0179,inverted,inverted,invert_polarity,True
hcsu_wild_salvage,虞世南,楷,比,/root/Workspace/xy/HCSU/wild_extract/虞世南-楷/比.png,129,90,True,0.1797,0.0777,noisy,inverted;high_dirt_0.08,invert_and_denoise,True
hcsu_wild_salvage,虞世南,楷,制,/root/Workspace/xy/HCSU/wild_extract/虞世南-楷/制.png,246,279,True,0.1814,0.0088,inverted,inverted,invert_polarity,True
hcsu_wild_salvage,虞世南,楷,税,/root/Workspace/xy/HCSU/wild_extract/虞世南-楷/税.png,296,246,True,0.1661,0.0994,noisy,inverted;high_dirt_0.10,invert_and_denoise,True
hcsu_wild_salvage,虞世南,楷,涤,/root/Workspace/xy/HCSU/wild_extract/虞世南-楷/涤.png,167,133,True,0.1468,0.0546,noisy,inverted;high_dirt_0.05,invert_and_denoise,True
hcsu_wild_salvage,虞世南,楷,缵,/root/Workspace/xy/HCSU/wild_extract/虞世南-楷/缵.png,293,304,True,0.1797,0.0104,inverted,inverted,invert_polarity,True
hcsu_wild_salvage,虞世南,楷,悯,/root/Workspace/xy/HCSU/wild_extract/虞世南-楷/悯.png,142,138,True,0.2204,0.0347,inverted,inverted,invert_polarity,True
hcsu_wild_salvage,虞世南,楷,恐,/root/Workspace/xy/HCSU/wild_extract/虞世南-楷/恐.png,140,113,True,0.1972,0.0705,noisy,inverted;high_dirt_0.07,invert_and_denoise,True
hcsu_wild_salvage,虞世南,楷,纠,/root/Workspace/xy/HCSU/wild_extract/虞世南-楷/纠.png,281,243,True,0.1526,0.0174,inverted,inverted,invert_polarity,True
hcsu_wild_salvage,虞世南,楷,笏,/root/Workspace/xy/HCSU/wild_extract/虞世南-楷/笏.png,204,287,True,0.2063,0.0039,inverted,inverted,invert_polarity,True
hcsu_wild_salvage,虞世南,楷,给,/root/Workspace/xy/HCSU/wild_extract/虞世南-楷/给.png,304,234,True,0.1765,0.0162,inverted,inverted,invert_polarity,True
hcsu_wild_salvage,虞世南,楷,溪,/root/Workspace/xy/HCSU/wild_extract/虞世南-楷/溪.png,124,145,True,0.1929,0.0288,inverted,inverted,invert_polarity,True
hcsu_wild_salvage,虞世南,楷,因,/root/Workspace/xy/HCSU/wild_extract/虞世南-楷/因.png,219,227,True,0.2245,0.0075,inverted,inverted,invert_polarity,True
hcsu_wild_salvage,虞世南,楷,儔,/root/Workspace/xy/HCSU/wild_extract/虞世南-楷/儔.png,330,409,True,0.2435,0.0154,inverted,inverted,invert_polarity,True
hcsu_wild_salvage,虞世南,楷,妫,/root/Workspace/xy/HCSU/wild_extract/虞世南-楷/妫.png,291,257,True,0.204,0.0086,inverted,inverted,invert_polarity,True
hcsu_wild_salvage,虞世南,楷,华,/root/Workspace/xy/HCSU/wild_extract/虞世南-楷/华.png,254,339,True,0.1613,0.0183,inverted,inverted,invert_polarity,True
hcsu_wild_salvage,虞世南,楷,书,/root/Workspace/xy/HCSU/wild_extract/虞世南-楷/书.png,266,302,True,0.1487,0.0154,inverted,inverted,invert_polarity,True
hcsu_wild_salvage,虞世南,楷,宿,/root/Workspace/xy/HCSU/wild_extract/虞世南-楷/宿.png,232,268,True,0.2149,0.0076,inverted,inverted,invert_polarity,True
hcsu_wild_salvage,虞世南,楷,敛,/root/Workspace/xy/HCSU/wild_extract/虞世南-楷/敛.png,312,260,True,0.175,0.0062,inverted,inverted,invert_polarity,True
hcsu_wild_salvage,虞世南,楷,宠,/root/Workspace/xy/HCSU/wild_extract/虞世南-楷/宠.png,262,316,True,0.1908,0.0155,inverted,inverted,invert_polarity,True
hcsu_wild_salvage,虞世南,楷,箫,/root/Workspace/xy/HCSU/wild_extract/虞世南-楷/箫.png,137,187,True,0.2715,0.0213,inverted,inverted,invert_polarity,True
hcsu_wild_salvage,虞世南,楷,优,/root/Workspace/xy/HCSU/wild_extract/虞世南-楷/优.png,278,266,True,0.1866,0.0237,inverted,inverted,invert_polarity,True
hcsu_wild_salvage,虞世南,楷,从,/root/Workspace/xy/HCSU/wild_extract/虞世南-楷/从.png,281,250,True,0.1374,0.0404,inverted,inverted,invert_polarity,True
hcsu_wild_salvage,虞世南,楷,成,/root/Workspace/xy/HCSU/wild_extract/虞世南-楷/成.png,287,326,True,0.1168,0.0074,inverted,inverted,invert_polarity,True
hcsu_wild_salvage,虞世南,楷,歭,/root/Workspace/xy/HCSU/wild_extract/虞世南-楷/歭.png,289,312,True,0.1461,0.0096,inverted,inverted,invert_polarity,True
hcsu_wild_salvage,虞世南,楷,典,/root/Workspace/xy/HCSU/wild_extract/虞世南-楷/典.png,159,117,True,0.1754,0.061,noisy,inverted;high_dirt_0.06,invert_and_denoise,True
hcsu_wild_salvage,虞世南,楷,料,/root/Workspace/xy/HCSU/wild_extract/虞世南-楷/料.png,290,273,True,0.1632,0.0231,inverted,inverted,invert_polarity,True
hcsu_wild_salvage,虞世南,楷,笼,/root/Workspace/xy/HCSU/wild_extract/虞世南-楷/笼.png,305,335,True,0.1566,0.0077,inverted,inverted,invert_polarity,True
hcsu_wild_salvage,虞世南,楷,为,/root/Workspace/xy/HCSU/wild_extract/虞世南-楷/为.png,225,284,True,0.1544,0.0163,inverted,inverted,invert_polarity,True
hcsu_wild_salvage,虞世南,楷,史,/root/Workspace/xy/HCSU/wild_extract/虞世南-楷/史.png,291,261,True,0.1434,0.0197,inverted,inverted,invert_polarity,True
hcsu_wild_salvage,虞世南,楷,抟,/root/Workspace/xy/HCSU/wild_extract/虞世南-楷/抟.png,287,316,True,0.1503,0.0134,inverted,inverted,invert_polarity,True
hcsu_wild_salvage,虞世南,楷,盘,/root/Workspace/xy/HCSU/wild_extract/虞世南-楷/盘.png,141,155,True,0.2188,0.0255,inverted,inverted,invert_polarity,True
hcsu_wild_salvage,褚遂良,楷,奸,/root/Workspace/xy/HCSU/wild_extract/褚遂良-楷/奸.png,314,244,False,0.1488,0.0322,clean,none,direct_use,True
hcsu_wild_salvage,褚遂良,楷,叽,/root/Workspace/xy/HCSU/wild_extract/褚遂良-楷/叽.png,370,370,False,0.133,0.0,clean,none,direct_use,True
hcsu_wild_salvage,褚遂良,楷,安,/root/Workspace/xy/HCSU/wild_extract/褚遂良-楷/安.png,334,243,False,0.1503,0.0255,clean,none,direct_use,True
hcsu_wild_salvage,褚遂良,楷,变,/root/Workspace/xy/HCSU/wild_extract/褚遂良-楷/变.png,281,317,False,0.1862,0.08,noisy,high_dirt_0.08,denoise_bridge,True
hcsu_wild_salvage,褚遂良,楷,亡,/root/Workspace/xy/HCSU/wild_extract/褚遂良-楷/亡.png,252,223,False,0.1982,0.0837,noisy,high_dirt_0.08,denoise_bridge,True
hcsu_wild_salvage,褚遂良,楷,五,/root/Workspace/xy/HCSU/wild_extract/褚遂良-楷/五.png,245,199,False,0.1765,0.0208,clean,none,direct_use,True
hcsu_wild_salvage,褚遂良,楷,尅,/root/Workspace/xy/HCSU/wild_extract/褚遂良-楷/尅.png,307,287,False,0.1383,0.0658,noisy,high_dirt_0.07,denoise_bridge,True
hcsu_wild_salvage,褚遂良,行,弗,/root/Workspace/xy/HCSU/wild_extract/褚遂良-行/弗.png,97,138,True,0.2134,0.2226,noisy,inverted;high_dirt_0.22,invert_and_denoise,True
hcsu_wild_salvage,褚遂良,行,先,/root/Workspace/xy/HCSU/wild_extract/褚遂良-行/先.png,116,117,True,0.2371,0.2893,noisy,inverted;high_dirt_0.29,invert_and_denoise,True
hcsu_wild_salvage,褚遂良,行,羲,/root/Workspace/xy/HCSU/wild_extract/褚遂良-行/羲.png,97,166,True,0.2094,0.2195,noisy,inverted;high_dirt_0.22,invert_and_denoise,True
hcsu_wild_salvage,褚遂良,行,惓,/root/Workspace/xy/HCSU/wild_extract/褚遂良-行/惓.png,448,393,True,0.12,0.0094,inverted,inverted,invert_polarity,True
hcsu_wild_salvage,褚遂良,行,攀,/root/Workspace/xy/HCSU/wild_extract/褚遂良-行/攀.png,149,169,True,0.2769,0.2211,noisy,inverted;high_dirt_0.22,invert_and_denoise,True
hcsu_wild_salvage,褚遂良,行,沵,/root/Workspace/xy/HCSU/wild_extract/褚遂良-行/沵.png,192,164,True,0.1734,0.0015,inverted,inverted,invert_polarity,True
hcsu_wild_salvage,褚遂良,行,哀,/root/Workspace/xy/HCSU/wild_extract/褚遂良-行/哀.png,120,150,True,0.2089,0.2731,noisy,inverted;high_dirt_0.27,invert_and_denoise,True
hcsu_wild_salvage,褚遂良,行,表,/root/Workspace/xy/HCSU/wild_extract/褚遂良-行/表.png,98,113,True,0.2339,0.1869,noisy,inverted;high_dirt_0.19,invert_and_denoise,True
hcsu_wild_salvage,褚遂良,行,蹔,/root/Workspace/xy/HCSU/wild_extract/褚遂良-行/蹔.png,302,346,False,0.3994,0.275,noisy,high_dirt_0.28,denoise_bridge,True
hcsu_wild_salvage,褚遂良,行,軍,/root/Workspace/xy/HCSU/wild_extract/褚遂良-行/軍.png,89,126,True,0.1908,0.0238,inverted,inverted,invert_polarity,True
hcsu_wild_salvage,褚遂良,行,長,/root/Workspace/xy/HCSU/wild_extract/褚遂良-行/長.png,308,247,False,0.4002,0.4393,noisy,high_dirt_0.44,denoise_bridge,True
hcsu_wild_salvage,褚遂良,行,著,/root/Workspace/xy/HCSU/wild_extract/褚遂良-行/著.png,97,137,True,0.2353,0.1439,noisy,inverted;high_dirt_0.14,invert_and_denoise,True
hcsu_wild_salvage,褚遂良,行,圣,/root/Workspace/xy/HCSU/wild_extract/褚遂良-行/圣.png,97,109,True,0.2895,0.2467,noisy,inverted;high_dirt_0.25,invert_and_denoise,True
hcsu_wild_salvage,褚遂良,行,厚,/root/Workspace/xy/HCSU/wild_extract/褚遂良-行/厚.png,107,148,True,0.2132,0.249,noisy,inverted;high_dirt_0.25,invert_and_denoise,True
hcsu_wild_salvage,褚遂良,行,畿,/root/Workspace/xy/HCSU/wild_extract/褚遂良-行/畿.png,152,205,True,0.1964,0.0547,noisy,inverted;high_dirt_0.05,invert_and_denoise,True
hcsu_wild_salvage,褚遂良,行,軨,/root/Workspace/xy/HCSU/wild_extract/褚遂良-行/軨.png,158,128,True,0.2129,0.1914,noisy,inverted;high_dirt_0.19,invert_and_denoise,True
hcsu_wild_salvage,褚遂良,行,㪽,/root/Workspace/xy/HCSU/wild_extract/褚遂良-行/㪽.png,279,185,True,0.1962,0.0067,inverted,inverted,invert_polarity,True
hcsu_wild_salvage,褚遂良,行,报,/root/Workspace/xy/HCSU/wild_extract/褚遂良-行/报.png,299,278,True,0.099,0.0442,inverted,inverted,invert_polarity,True
hcsu_wild_salvage,褚遂良,行,備,/root/Workspace/xy/HCSU/wild_extract/褚遂良-行/備.png,279,302,True,0.1012,0.013,inverted,inverted,invert_polarity,True
hcsu_wild_salvage,褚遂良,行,素,/root/Workspace/xy/HCSU/wild_extract/褚遂良-行/素.png,106,156,True,0.1918,0.1929,noisy,inverted;high_dirt_0.19,invert_and_denoise,True
hcsu_wild_salvage,褚遂良,行,璿,/root/Workspace/xy/HCSU/wild_extract/褚遂良-行/璿.png,141,144,True,0.1979,0.1568,noisy,inverted;high_dirt_0.16,invert_and_denoise,True
hcsu_wild_salvage,褚遂良,行,扆,/root/Workspace/xy/HCSU/wild_extract/褚遂良-行/扆.png,119,134,True,0.2396,0.2939,noisy,inverted;high_dirt_0.29,invert_and_denoise,True
hcsu_wild_salvage,褚遂良,行,隧,/root/Workspace/xy/HCSU/wild_extract/褚遂良-行/隧.png,136,153,True,0.2204,0.2279,noisy,inverted;high_dirt_0.23,invert_and_denoise,True
hcsu_wild_salvage,褚遂良,行,樽,/root/Workspace/xy/HCSU/wild_extract/褚遂良-行/樽.png,140,154,True,0.2256,0.1844,noisy,inverted;high_dirt_0.18,invert_and_denoise,True
hcsu_wild_salvage,褚遂良,行,傐,/root/Workspace/xy/HCSU/wild_extract/褚遂良-行/傐.png,238,259,True,0.1588,0.0496,inverted,inverted,invert_polarity,True
hcsu_wild_salvage,褚遂良,行,經,/root/Workspace/xy/HCSU/wild_extract/褚遂良-行/經.png,85,79,True,0.2134,0.0007,inverted,inverted,invert_polarity,True
hcsu_wild_salvage,褚遂良,行,觴,/root/Workspace/xy/HCSU/wild_extract/褚遂良-行/觴.png,286,311,True,0.5341,0.0052,inverted,inverted,invert_polarity,True
hcsu_wild_salvage,褚遂良,行,昏,/root/Workspace/xy/HCSU/wild_extract/褚遂良-行/昏.png,107,111,True,0.2585,0.2,noisy,inverted;high_dirt_0.20,invert_and_denoise,True
hcsu_wild_salvage,褚遂良,行,萬,/root/Workspace/xy/HCSU/wild_extract/褚遂良-行/萬.png,270,349,False,0.4193,0.3079,noisy,high_dirt_0.31,denoise_bridge,True
hcsu_wild_salvage,褚遂良,行,苍,/root/Workspace/xy/HCSU/wild_extract/褚遂良-行/苍.png,117,137,True,0.2484,0.2534,noisy,inverted;high_dirt_0.25,invert_and_denoise,True
hcsu_wild_salvage,褚遂良,行,朱,/root/Workspace/xy/HCSU/wild_extract/褚遂良-行/朱.png,124,138,True,0.1694,0.2585,noisy,inverted;high_dirt_0.26,invert_and_denoise,True
hcsu_wild_salvage,褚遂良,行,帶,/root/Workspace/xy/HCSU/wild_extract/褚遂良-行/帶.png,252,394,False,0.3986,0.2938,noisy,high_dirt_0.29,denoise_bridge,True
hcsu_wild_salvage,褚遂良,行,殤,/root/Workspace/xy/HCSU/wild_extract/褚遂良-行/殤.png,286,350,False,0.407,0.2749,noisy,high_dirt_0.27,denoise_bridge,True
hcsu_wild_salvage,褚遂良,行,阴,/root/Workspace/xy/HCSU/wild_extract/褚遂良-行/阴.png,141,127,True,0.2197,0.2527,noisy,inverted;high_dirt_0.25,invert_and_denoise,True
hcsu_wild_salvage,褚遂良,行,弄,/root/Workspace/xy/HCSU/wild_extract/褚遂良-行/弄.png,114,134,True,0.1837,0.2641,noisy,inverted;high_dirt_0.26,invert_and_denoise,True
hcsu_wild_salvage,褚遂良,行,晚,/root/Workspace/xy/HCSU/wild_extract/褚遂良-行/晚.png,118,98,True,0.2371,0.1721,noisy,inverted;high_dirt_0.17,invert_and_denoise,True
hcsu_wild_salvage,褚遂良,行,膺,/root/Workspace/xy/HCSU/wild_extract/褚遂良-行/膺.png,115,154,True,0.1921,0.1652,noisy,inverted;high_dirt_0.17,invert_and_denoise,True
hcsu_wild_salvage,褚遂良,行,盡,/root/Workspace/xy/HCSU/wild_extract/褚遂良-行/盡.png,270,342,False,0.46,0.266,noisy,high_dirt_0.27,denoise_bridge,True
hcsu_wild_salvage,褚遂良,行,與,/root/Workspace/xy/HCSU/wild_extract/褚遂良-行/與.png,280,303,True,0.5439,0.01,inverted,inverted,invert_polarity,True
hcsu_wild_salvage,褚遂良,行,臨,/root/Workspace/xy/HCSU/wild_extract/褚遂良-行/臨.png,250,260,False,0.4492,0.2622,noisy,high_dirt_0.26,denoise_bridge,True
hcsu_wild_salvage,褚遂良,行,献,/root/Workspace/xy/HCSU/wild_extract/褚遂良-行/献.png,144,140,True,0.2117,0.2081,noisy,inverted;high_dirt_0.21,invert_and_denoise,True
hcsu_wild_salvage,褚遂良,行,懷,/root/Workspace/xy/HCSU/wild_extract/褚遂良-行/懷.png,312,362,True,0.5421,0.006,inverted,inverted,invert_polarity,True
hcsu_wild_salvage,褚遂良,行,旗,/root/Workspace/xy/HCSU/wild_extract/褚遂良-行/旗.png,111,112,True,0.252,0.1998,noisy,inverted;high_dirt_0.20,invert_and_denoise,True
hcsu_wild_salvage,褚遂良,行,德,/root/Workspace/xy/HCSU/wild_extract/褚遂良-行/德.png,128,126,True,0.2473,0.2645,noisy,inverted;high_dirt_0.26,invert_and_denoise,True
hcsu_wild_salvage,褚遂良,行,睗,/root/Workspace/xy/HCSU/wild_extract/褚遂良-行/睗.png,112,135,True,0.1793,0.0782,noisy,inverted;high_dirt_0.08,invert_and_denoise,True
hcsu_wild_salvage,褚遂良,行,远,/root/Workspace/xy/HCSU/wild_extract/褚遂良-行/远.png,115,131,True,0.1946,0.1838,noisy,inverted;high_dirt_0.18,invert_and_denoise,True
hcsu_wild_salvage,褚遂良,行,録,/root/Workspace/xy/HCSU/wild_extract/褚遂良-行/録.png,303,287,False,0.485,0.2704,noisy,high_dirt_0.27,denoise_bridge,True
hcsu_wild_salvage,褚遂良,行,窳,/root/Workspace/xy/HCSU/wild_extract/褚遂良-行/窳.png,138,144,True,0.2485,0.2877,noisy,inverted;high_dirt_0.29,invert_and_denoise,True
hcsu_wild_salvage,褚遂良,行,缙,/root/Workspace/xy/HCSU/wild_extract/褚遂良-行/缙.png,136,115,True,0.2891,0.2754,noisy,inverted;high_dirt_0.28,invert_and_denoise,True
hcsu_wild_salvage,褚遂良,行,觞,/root/Workspace/xy/HCSU/wild_extract/褚遂良-行/觞.png,232,254,True,0.3139,0.1424,noisy,inverted;high_dirt_0.14,invert_and_denoise,True
hcsu_wild_salvage,褚遂良,行,革,/root/Workspace/xy/HCSU/wild_extract/褚遂良-行/革.png,111,146,True,0.2395,0.3331,noisy,inverted;high_dirt_0.33,invert_and_denoise,True
hcsu_wild_salvage,褚遂良,行,宏,/root/Workspace/xy/HCSU/wild_extract/褚遂良-行/宏.png,116,130,True,0.1942,0.2319,noisy,inverted;high_dirt_0.23,invert_and_denoise,True
hcsu_wild_salvage,赵之谦,隶,加,/root/Workspace/xy/HCSU/wild_extract/赵之谦-隶/加.png,241,203,False,0.2858,0.0001,clean,none,direct_use,True
hcsu_wild_salvage,赵之谦,隶,璧,/root/Workspace/xy/HCSU/wild_extract/赵之谦-隶/璧.png,251,208,False,0.395,0.0,clean,none,direct_use,True
hcsu_wild_salvage,赵之谦,隶,树,/root/Workspace/xy/HCSU/wild_extract/赵之谦-隶/树.png,222,136,False,0.3536,0.0,clean,none,direct_use,True
hcsu_wild_salvage,赵之谦,隶,田,/root/Workspace/xy/HCSU/wild_extract/赵之谦-隶/田.png,370,370,False,0.348,0.0,clean,none,direct_use,True
hcsu_wild_salvage,赵之谦,隶,执,/root/Workspace/xy/HCSU/wild_extract/赵之谦-隶/执.png,246,234,False,0.2738,0.002,clean,none,direct_use,True
hcsu_wild_salvage,赵之谦,隶,兼,/root/Workspace/xy/HCSU/wild_extract/赵之谦-隶/兼.png,207,188,False,0.3671,0.0,clean,none,direct_use,True
hcsu_wild_salvage,赵之谦,隶,铭,/root/Workspace/xy/HCSU/wild_extract/赵之谦-隶/铭.png,208,197,False,0.4023,0.0,clean,none,direct_use,True
hcsu_wild_salvage,赵之谦,隶,堂,/root/Workspace/xy/HCSU/wild_extract/赵之谦-隶/堂.png,370,370,False,0.2987,0.0,clean,none,direct_use,True
hcsu_wild_salvage,赵之谦,隶,逋,/root/Workspace/xy/HCSU/wild_extract/赵之谦-隶/逋.png,370,370,False,0.2469,0.0,clean,none,direct_use,True
hcsu_wild_salvage,赵之谦,隶,振,/root/Workspace/xy/HCSU/wild_extract/赵之谦-隶/振.png,227,165,False,0.435,0.0,clean,none,direct_use,True
hcsu_wild_salvage,赵之谦,隶,湖,/root/Workspace/xy/HCSU/wild_extract/赵之谦-隶/湖.png,157,150,False,0.2848,0.0,clean,none,direct_use,True
hcsu_wild_salvage,赵孟頫,楷,䙱,/root/Workspace/xy/HCSU/wild_extract/赵孟頫-楷/䙱.png,245,227,True,0.1816,0.0417,inverted,inverted,invert_polarity,True
hcsu_wild_salvage,赵孟頫,楷,䒭,/root/Workspace/xy/HCSU/wild_extract/赵孟頫-楷/䒭.png,234,239,True,0.1313,0.0497,inverted,inverted,invert_polarity,True
hcsu_wild_salvage,赵孟頫,楷,册,/root/Workspace/xy/HCSU/wild_extract/赵孟頫-楷/册.png,233,175,True,0.1575,0.0466,inverted,inverted,invert_polarity,True
hcsu_wild_salvage,赵孟頫,楷,唘,/root/Workspace/xy/HCSU/wild_extract/赵孟頫-楷/唘.png,246,194,True,0.1741,0.017,inverted,inverted,invert_polarity,True
hcsu_wild_salvage,赵孟頫,楷,卧,/root/Workspace/xy/HCSU/wild_extract/赵孟頫-楷/卧.png,126,127,True,0.2421,0.0901,noisy,inverted;high_dirt_0.09,invert_and_denoise,True
hcsu_wild_salvage,赵孟頫,楷,墠,/root/Workspace/xy/HCSU/wild_extract/赵孟頫-楷/墠.png,132,152,True,0.1968,0.0152,inverted,inverted,invert_polarity,True
hcsu_wild_salvage,赵孟頫,楷,劎,/root/Workspace/xy/HCSU/wild_extract/赵孟頫-楷/劎.png,231,193,True,0.1689,0.0104,inverted,inverted,invert_polarity,True
hcsu_wild_salvage,赵孟頫,楷,书,/root/Workspace/xy/HCSU/wild_extract/赵孟頫-楷/书.png,168,211,True,0.3692,0.1676,noisy,inverted;high_dirt_0.17,invert_and_denoise,True
hcsu_wild_salvage,赵孟頫,楷,宠,/root/Workspace/xy/HCSU/wild_extract/赵孟頫-楷/宠.png,130,138,True,0.1822,0.0104,inverted,inverted,invert_polarity,True
hcsu_wild_salvage,赵孟頫,楷,増,/root/Workspace/xy/HCSU/wild_extract/赵孟頫-楷/増.png,205,213,True,0.1533,0.0152,inverted,inverted,invert_polarity,True
hcsu_wild_salvage,赵孟頫,楷,廣,/root/Workspace/xy/HCSU/wild_extract/赵孟頫-楷/廣.png,214,253,True,0.1938,0.0278,inverted,inverted,invert_polarity,True
hcsu_wild_salvage,赵孟頫,楷,几,/root/Workspace/xy/HCSU/wild_extract/赵孟頫-楷/几.png,137,137,True,0.1499,0.0085,inverted,inverted,invert_polarity,True
hcsu_wild_salvage,赵孟頫,楷,典,/root/Workspace/xy/HCSU/wild_extract/赵孟頫-楷/典.png,119,83,True,0.2138,0.0843,noisy,inverted;high_dirt_0.08,invert_and_denoise,True
hcsu_wild_salvage,赵孟頫,楷,倉,/root/Workspace/xy/HCSU/wild_extract/赵孟頫-楷/倉.png,212,241,True,0.1468,0.0277,inverted,inverted,invert_polarity,True
hcsu_wild_salvage,赵孟頫,楷,亭,/root/Workspace/xy/HCSU/wild_extract/赵孟頫-楷/亭.png,197,247,True,0.1378,0.0116,inverted,inverted,invert_polarity,True
hcsu_wild_salvage,赵孟頫,楷,寵,/root/Workspace/xy/HCSU/wild_extract/赵孟頫-楷/寵.png,225,235,True,0.157,0.0136,inverted,inverted,invert_polarity,True
hcsu_wild_salvage,赵孟頫,隶,条,/root/Workspace/xy/HCSU/wild_extract/赵孟頫-隶/条.png,174,153,False,0.2753,0.0014,clean,none,direct_use,True
hcsu_wild_salvage,赵孟頫,隶,兵,/root/Workspace/xy/HCSU/wild_extract/赵孟頫-隶/兵.png,176,122,False,0.237,0.0,clean,none,direct_use,True
hcsu_wild_salvage,赵孟頫,隶,承,/root/Workspace/xy/HCSU/wild_extract/赵孟頫-隶/承.png,171,126,False,0.1734,0.0003,clean,none,direct_use,True
hcsu_wild_salvage,赵孟頫,隶,陛,/root/Workspace/xy/HCSU/wild_extract/赵孟頫-隶/陛.png,151,122,False,0.2815,0.0029,clean,none,direct_use,True
hcsu_wild_salvage,赵孟頫,隶,庆,/root/Workspace/xy/HCSU/wild_extract/赵孟頫-隶/庆.png,170,161,False,0.2694,0.0001,clean,none,direct_use,True
hcsu_wild_salvage,赵孟頫,隶,何,/root/Workspace/xy/HCSU/wild_extract/赵孟頫-隶/何.png,179,113,False,0.229,0.0037,clean,none,direct_use,True
hcsu_wild_salvage,赵孟頫,隶,照,/root/Workspace/xy/HCSU/wild_extract/赵孟頫-隶/照.png,161,117,False,0.2742,0.0037,clean,none,direct_use,True
hcsu_wild_salvage,赵孟頫,隶,增,/root/Workspace/xy/HCSU/wild_extract/赵孟頫-隶/增.png,158,142,False,0.2658,0.001,clean,none,direct_use,True
hcsu_wild_salvage,赵孟頫,隶,男,/root/Workspace/xy/HCSU/wild_extract/赵孟頫-隶/男.png,136,136,False,0.3199,0.0012,clean,none,direct_use,True
hcsu_wild_salvage,赵孟頫,隶,此,/root/Workspace/xy/HCSU/wild_extract/赵孟頫-隶/此.png,170,93,False,0.2497,0.001,clean,none,direct_use,True
hcsu_wild_salvage,赵孟頫,隶,升,/root/Workspace/xy/HCSU/wild_extract/赵孟頫-隶/升.png,168,110,False,0.2867,0.0004,clean,none,direct_use,True
hcsu_wild_salvage,赵孟頫,隶,腾,/root/Workspace/xy/HCSU/wild_extract/赵孟頫-隶/腾.png,171,142,False,0.2364,0.003,clean,none,direct_use,True
hcsu_wild_salvage,邓石如,隶,㡭,/root/Workspace/xy/HCSU/wild_extract/邓石如-隶/㡭.png,196,216,True,0.3287,0.0001,inverted,inverted,invert_polarity,True
hcsu_wild_salvage,邓石如,隶,尚,/root/Workspace/xy/HCSU/wild_extract/邓石如-隶/尚.png,179,180,True,0.2822,0.0,inverted,inverted,invert_polarity,True
hcsu_wild_salvage,邓石如,隶,㳺,/root/Workspace/xy/HCSU/wild_extract/邓石如-隶/㳺.png,263,168,True,0.2575,0.0,inverted,inverted,invert_polarity,True
hcsu_wild_salvage,邓石如,隶,㴱,/root/Workspace/xy/HCSU/wild_extract/邓石如-隶/㴱.png,243,177,True,0.2468,0.0031,inverted,inverted,invert_polarity,True
hcsu_wild_salvage,邓石如,隶,䧺,/root/Workspace/xy/HCSU/wild_extract/邓石如-隶/䧺.png,236,151,True,0.367,0.0,inverted,inverted,invert_polarity,True
hcsu_wild_salvage,郑板桥,行,㮣,/root/Workspace/xy/HCSU/wild_extract/郑板桥-行/㮣.png,861,1036,False,0.233,0.0009,clean,none,direct_use,True
hcsu_wild_salvage,郑板桥,行,䈥,/root/Workspace/xy/HCSU/wild_extract/郑板桥-行/䈥.png,367,459,False,0.1895,0.0,clean,none,direct_use,True
hcsu_wild_salvage,郑板桥,行,慁,/root/Workspace/xy/HCSU/wild_extract/郑板桥-行/慁.png,280,322,False,0.2346,0.0016,clean,none,direct_use,True
hcsu_wild_salvage,郑板桥,行,拏,/root/Workspace/xy/HCSU/wild_extract/郑板桥-行/拏.png,249,289,False,0.138,0.0,clean,none,direct_use,True
hcsu_wild_salvage,郑板桥,行,冭,/root/Workspace/xy/HCSU/wild_extract/郑板桥-行/冭.png,557,563,False,0.1547,0.0003,clean,none,direct_use,True
hcsu_wild_salvage,郑板桥,行,嶺,/root/Workspace/xy/HCSU/wild_extract/郑板桥-行/嶺.png,1148,1538,False,0.2641,0.0001,clean,none,direct_use,True
hcsu_wild_salvage,郑板桥,行,惔,/root/Workspace/xy/HCSU/wild_extract/郑板桥-行/惔.png,226,216,False,0.1952,0.0,clean,none,direct_use,True
hcsu_wild_salvage,郑板桥,行,倣,/root/Workspace/xy/HCSU/wild_extract/郑板桥-行/倣.png,277,219,False,0.2016,0.0,clean,none,direct_use,True
hcsu_wild_salvage,郑板桥,行,懷,/root/Workspace/xy/HCSU/wild_extract/郑板桥-行/懷.png,1288,1190,False,0.2687,0.0003,clean,none,direct_use,True
hcsu_wild_salvage,郑板桥,行,僲,/root/Workspace/xy/HCSU/wild_extract/郑板桥-行/僲.png,202,299,False,0.1818,0.0,clean,none,direct_use,True
hcsu_wild_salvage,郑板桥,行,偹,/root/Workspace/xy/HCSU/wild_extract/郑板桥-行/偹.png,255,166,False,0.2114,0.0,clean,none,direct_use,True
hcsu_wild_salvage,郑板桥,行,㕥,/root/Workspace/xy/HCSU/wild_extract/郑板桥-行/㕥.png,1062,683,False,0.1727,0.001,clean,none,direct_use,True
hcsu_wild_salvage,郑板桥,行,俸,/root/Workspace/xy/HCSU/wild_extract/郑板桥-行/俸.png,370,370,False,0.1554,0.0,clean,none,direct_use,True
hcsu_wild_salvage,金农,隶,狂,/root/Workspace/xy/HCSU/wild_extract/金农-隶/狂.png,787,700,False,0.2802,0.0057,clean,none,direct_use,True
hcsu_wild_salvage,金农,隶,障,/root/Workspace/xy/HCSU/wild_extract/金农-隶/障.png,370,370,False,0.3127,0.0,clean,none,direct_use,True
hcsu_wild_salvage,金农,隶,茟,/root/Workspace/xy/HCSU/wild_extract/金农-隶/茟.png,737,881,False,0.3734,0.0257,clean,none,direct_use,True
hcsu_wild_salvage,金农,隶,𠀌,/root/Workspace/xy/HCSU/wild_extract/金农-隶/𠀌.png,975,772,False,0.1765,0.0014,clean,none,direct_use,True
hcsu_wild_salvage,金农,隶,焉,/root/Workspace/xy/HCSU/wild_extract/金农-隶/焉.png,953,938,False,0.2857,0.0014,clean,none,direct_use,True
hcsu_wild_salvage,金农,隶,夜,/root/Workspace/xy/HCSU/wild_extract/金农-隶/夜.png,584,645,False,0.3462,0.0012,clean,none,direct_use,True
hcsu_wild_salvage,金农,隶,贄,/root/Workspace/xy/HCSU/wild_extract/金农-隶/贄.png,916,962,False,0.3033,0.0015,clean,none,direct_use,True
hcsu_wild_salvage,金农,隶,𡉵,/root/Workspace/xy/HCSU/wild_extract/金农-隶/𡉵.png,970,817,False,0.2037,0.0022,clean,none,direct_use,True
hcsu_wild_salvage,金农,隶,𦙚,/root/Workspace/xy/HCSU/wild_extract/金农-隶/𦙚.png,1000,760,False,0.2494,0.0013,clean,none,direct_use,True
hcsu_wild_salvage,金农,隶,𨹧,/root/Workspace/xy/HCSU/wild_extract/金农-隶/𨹧.png,970,805,False,0.2335,0.0015,clean,none,direct_use,True
hcsu_wild_salvage,金农,隶,䨮,/root/Workspace/xy/HCSU/wild_extract/金农-隶/䨮.png,959,1563,False,0.4879,0.002,clean,none,direct_use,True
hcsu_wild_salvage,金农,隶,𡿦,/root/Workspace/xy/HCSU/wild_extract/金农-隶/𡿦.png,935,681,False,0.2135,0.0003,clean,none,direct_use,True
hcsu_wild_salvage,金农,隶,商,/root/Workspace/xy/HCSU/wild_extract/金农-隶/商.png,970,819,False,0.325,0.0012,clean,none,direct_use,True
hcsu_wild_salvage,金农,隶,㽞,/root/Workspace/xy/HCSU/wild_extract/金农-隶/㽞.png,438,431,False,0.2941,0.0,clean,none,direct_use,True
hcsu_wild_salvage,金农,隶,姚,/root/Workspace/xy/HCSU/wild_extract/金农-隶/姚.png,579,353,False,0.2623,0.0001,clean,none,direct_use,True
hcsu_wild_salvage,金农,隶,淫,/root/Workspace/xy/HCSU/wild_extract/金农-隶/淫.png,948,761,False,0.1865,0.0017,clean,none,direct_use,True
hcsu_wild_salvage,金农,隶,䧺,/root/Workspace/xy/HCSU/wild_extract/金农-隶/䧺.png,1077,1335,False,0.3767,0.0011,clean,none,direct_use,True
hcsu_wild_salvage,金农,隶,触,/root/Workspace/xy/HCSU/wild_extract/金农-隶/触.png,370,370,False,0.2767,0.0,clean,none,direct_use,True
hcsu_wild_salvage,金农,隶,醉,/root/Workspace/xy/HCSU/wild_extract/金农-隶/醉.png,817,711,False,0.3963,0.0167,clean,none,direct_use,True
hcsu_wild_salvage,金农,隶,隺,/root/Workspace/xy/HCSU/wild_extract/金农-隶/隺.png,661,988,False,0.416,0.0006,clean,none,direct_use,True
hcsu_wild_salvage,金农,隶,印,/root/Workspace/xy/HCSU/wild_extract/金农-隶/印.png,800,702,False,0.2833,0.0026,clean,none,direct_use,True
hcsu_wild_salvage,金农,隶,㝡,/root/Workspace/xy/HCSU/wild_extract/金农-隶/㝡.png,536,461,False,0.1984,0.0,clean,none,direct_use,True
hcsu_wild_salvage,钟繇,楷,怆,/root/Workspace/xy/HCSU/wild_extract/钟繇-楷/怆.png,220,234,True,0.161,0.0241,inverted,inverted,invert_polarity,True
hcsu_wild_salvage,钟繇,楷,先,/root/Workspace/xy/HCSU/wild_extract/钟繇-楷/先.png,186,170,True,0.1341,0.0163,inverted,inverted,invert_polarity,True
hcsu_wild_salvage,钟繇,楷,望,/root/Workspace/xy/HCSU/wild_extract/钟繇-楷/望.png,134,181,True,0.1352,0.0049,inverted,inverted,invert_polarity,True
hcsu_wild_salvage,钟繇,楷,王,/root/Workspace/xy/HCSU/wild_extract/钟繇-楷/王.png,147,113,True,0.1267,0.0708,noisy,inverted;high_dirt_0.07,invert_and_denoise,True
hcsu_wild_salvage,钟繇,楷,乃,/root/Workspace/xy/HCSU/wild_extract/钟繇-楷/乃.png,188,162,True,0.1507,0.0294,inverted,inverted,invert_polarity,True
hcsu_wild_salvage,钟繇,楷,忧,/root/Workspace/xy/HCSU/wild_extract/钟繇-楷/忧.png,198,239,True,0.1185,0.0403,inverted,inverted,invert_polarity,True
hcsu_wild_salvage,钟繇,楷,胡,/root/Workspace/xy/HCSU/wild_extract/钟繇-楷/胡.png,225,177,True,0.1402,0.0127,inverted,inverted,invert_polarity,True
hcsu_wild_salvage,钟繇,楷,恩,/root/Workspace/xy/HCSU/wild_extract/钟繇-楷/恩.png,231,201,True,0.1362,0.0174,inverted,inverted,invert_polarity,True
hcsu_wild_salvage,钟繇,楷,翔,/root/Workspace/xy/HCSU/wild_extract/钟繇-楷/翔.png,186,169,True,0.1302,0.0225,inverted,inverted,invert_polarity,True
hcsu_wild_salvage,钟繇,楷,白,/root/Workspace/xy/HCSU/wild_extract/钟繇-楷/白.png,168,159,True,0.1392,0.0083,inverted,inverted,invert_polarity,True
hcsu_wild_salvage,钟繇,楷,尉,/root/Workspace/xy/HCSU/wild_extract/钟繇-楷/尉.png,181,135,True,0.1713,0.0406,inverted,inverted,invert_polarity,True
hcsu_wild_salvage,钟繇,楷,终,/root/Workspace/xy/HCSU/wild_extract/钟繇-楷/终.png,232,165,True,0.1729,0.0292,inverted,inverted,invert_polarity,True
hcsu_wild_salvage,钟繇,楷,表,/root/Workspace/xy/HCSU/wild_extract/钟繇-楷/表.png,184,187,True,0.1025,0.0349,inverted,inverted,invert_polarity,True
hcsu_wild_salvage,钟繇,楷,诏,/root/Workspace/xy/HCSU/wild_extract/钟繇-楷/诏.png,160,140,True,0.0939,0.0409,inverted,inverted,invert_polarity,True
hcsu_wild_salvage,钟繇,楷,奇,/root/Workspace/xy/HCSU/wild_extract/钟繇-楷/奇.png,157,135,True,0.1129,0.0263,inverted,inverted,invert_polarity,True
hcsu_wild_salvage,钟繇,楷,少,/root/Workspace/xy/HCSU/wild_extract/钟繇-楷/少.png,258,266,True,0.1303,0.004,inverted,inverted,invert_polarity,True
hcsu_wild_salvage,钟繇,楷,势,/root/Workspace/xy/HCSU/wild_extract/钟繇-楷/势.png,183,169,True,0.1468,0.0401,inverted,inverted,invert_polarity,True
hcsu_wild_salvage,钟繇,楷,俟,/root/Workspace/xy/HCSU/wild_extract/钟繇-楷/俟.png,204,190,True,0.1618,0.0069,inverted,inverted,invert_polarity,True
hcsu_wild_salvage,钟繇,楷,犯,/root/Workspace/xy/HCSU/wild_extract/钟繇-楷/犯.png,162,137,True,0.1583,0.0074,inverted,inverted,invert_polarity,True
hcsu_wild_salvage,钟繇,楷,使,/root/Workspace/xy/HCSU/wild_extract/钟繇-楷/使.png,159,165,True,0.1084,0.0387,inverted,inverted,invert_polarity,True
hcsu_wild_salvage,钟繇,楷,恤,/root/Workspace/xy/HCSU/wild_extract/钟繇-楷/恤.png,205,174,True,0.1692,0.0399,inverted,inverted,invert_polarity,True
hcsu_wild_salvage,钟繇,楷,须,/root/Workspace/xy/HCSU/wild_extract/钟繇-楷/须.png,166,176,True,0.1604,0.0254,inverted,inverted,invert_polarity,True
hcsu_wild_salvage,钟繇,楷,相,/root/Workspace/xy/HCSU/wild_extract/钟繇-楷/相.png,223,183,True,0.1541,0.0396,inverted,inverted,invert_polarity,True
hcsu_wild_salvage,钟繇,楷,护,/root/Workspace/xy/HCSU/wild_extract/钟繇-楷/护.png,221,183,True,0.1635,0.0244,inverted,inverted,invert_polarity,True
hcsu_wild_salvage,钟繇,楷,耄,/root/Workspace/xy/HCSU/wild_extract/钟繇-楷/耄.png,347,349,True,0.1117,0.0187,inverted,inverted,invert_polarity,True
hcsu_wild_salvage,钟繇,楷,覆,/root/Workspace/xy/HCSU/wild_extract/钟繇-楷/覆.png,210,268,True,0.1336,0.0172,inverted,inverted,invert_polarity,True
hcsu_wild_salvage,钟繇,楷,正,/root/Workspace/xy/HCSU/wild_extract/钟繇-楷/正.png,153,143,True,0.1391,0.0168,inverted,inverted,invert_polarity,True
hcsu_wild_salvage,钟繇,楷,昨,/root/Workspace/xy/HCSU/wild_extract/钟繇-楷/昨.png,163,134,True,0.1357,0.0196,inverted,inverted,invert_polarity,True
hcsu_wild_salvage,钟繇,楷,殊,/root/Workspace/xy/HCSU/wild_extract/钟繇-楷/殊.png,195,156,True,0.1599,0.0294,inverted,inverted,invert_polarity,True
hcsu_wild_salvage,钟繇,楷,凶,/root/Workspace/xy/HCSU/wild_extract/钟繇-楷/凶.png,204,142,True,0.1404,0.0076,inverted,inverted,invert_polarity,True
hcsu_wild_salvage,钟繇,楷,城,/root/Workspace/xy/HCSU/wild_extract/钟繇-楷/城.png,212,207,True,0.18,0.0139,inverted,inverted,invert_polarity,True
hcsu_wild_salvage,钟繇,楷,塞,/root/Workspace/xy/HCSU/wild_extract/钟繇-楷/塞.png,216,195,True,0.165,0.0462,inverted,inverted,invert_polarity,True
hcsu_wild_salvage,钟繇,楷,穷,/root/Workspace/xy/HCSU/wild_extract/钟繇-楷/穷.png,149,151,True,0.1578,0.0329,inverted,inverted,invert_polarity,True
hcsu_wild_salvage,钟繇,楷,羸,/root/Workspace/xy/HCSU/wild_extract/钟繇-楷/羸.png,232,346,True,0.1402,0.0113,inverted,inverted,invert_polarity,True
hcsu_wild_salvage,钟繇,楷,上,/root/Workspace/xy/HCSU/wild_extract/钟繇-楷/上.png,150,105,True,0.101,0.0082,inverted,inverted,invert_polarity,True
hcsu_wild_salvage,钟繇,楷,扑,/root/Workspace/xy/HCSU/wild_extract/钟繇-楷/扑.png,216,183,True,0.1526,0.0303,inverted,inverted,invert_polarity,True
hcsu_wild_salvage,钟繇,楷,动,/root/Workspace/xy/HCSU/wild_extract/钟繇-楷/动.png,263,242,True,0.1444,0.0941,noisy,inverted;high_dirt_0.09,invert_and_denoise,True
hcsu_wild_salvage,钟繇,楷,戚,/root/Workspace/xy/HCSU/wild_extract/钟繇-楷/戚.png,184,172,True,0.1363,0.0183,inverted,inverted,invert_polarity,True
hcsu_wild_salvage,钟繇,楷,敌,/root/Workspace/xy/HCSU/wild_extract/钟繇-楷/敌.png,165,121,True,0.1187,0.0768,noisy,inverted;high_dirt_0.08,invert_and_denoise,True
hcsu_wild_salvage,钟繇,楷,杜,/root/Workspace/xy/HCSU/wild_extract/钟繇-楷/杜.png,146,128,True,0.1111,0.0154,inverted,inverted,invert_polarity,True
hcsu_wild_salvage,钟繇,楷,蒙,/root/Workspace/xy/HCSU/wild_extract/钟繇-楷/蒙.png,153,175,True,0.1157,0.0316,inverted,inverted,invert_polarity,True
hcsu_wild_salvage,钟繇,楷,行,/root/Workspace/xy/HCSU/wild_extract/钟繇-楷/行.png,213,192,True,0.1053,0.0576,noisy,inverted;high_dirt_0.06,invert_and_denoise,True
hcsu_wild_salvage,钟繇,楷,克,/root/Workspace/xy/HCSU/wild_extract/钟繇-楷/克.png,221,190,True,0.1598,0.0161,inverted,inverted,invert_polarity,True
hcsu_wild_salvage,钟繇,楷,淫,/root/Workspace/xy/HCSU/wild_extract/钟繇-楷/淫.png,190,162,True,0.1543,0.0893,noisy,inverted;high_dirt_0.09,invert_and_denoise,True
hcsu_wild_salvage,钟繇,楷,录,/root/Workspace/xy/HCSU/wild_extract/钟繇-楷/录.png,186,146,True,0.1673,0.0048,inverted,inverted,invert_polarity,True
hcsu_wild_salvage,钟繇,楷,伫,/root/Workspace/xy/HCSU/wild_extract/钟繇-楷/伫.png,234,183,True,0.1182,0.0209,inverted,inverted,invert_polarity,True
hcsu_wild_salvage,钟繇,楷,命,/root/Workspace/xy/HCSU/wild_extract/钟繇-楷/命.png,153,149,True,0.1287,0.0065,inverted,inverted,invert_polarity,True
hcsu_wild_salvage,钟繇,楷,袭,/root/Workspace/xy/HCSU/wild_extract/钟繇-楷/袭.png,377,312,True,0.1232,0.0126,inverted,inverted,invert_polarity,True
hcsu_wild_salvage,钟繇,楷,厥,/root/Workspace/xy/HCSU/wild_extract/钟繇-楷/厥.png,231,195,True,0.1588,0.0217,inverted,inverted,invert_polarity,True
hcsu_wild_salvage,钟繇,楷,贼,/root/Workspace/xy/HCSU/wild_extract/钟繇-楷/贼.png,211,194,True,0.158,0.0172,inverted,inverted,invert_polarity,True
hcsu_wild_salvage,钟繇,楷,立,/root/Workspace/xy/HCSU/wild_extract/钟繇-楷/立.png,260,233,True,0.1297,0.0168,inverted,inverted,invert_polarity,True
hcsu_wild_salvage,钟繇,楷,数,/root/Workspace/xy/HCSU/wild_extract/钟繇-楷/数.png,220,187,True,0.1588,0.0426,inverted,inverted,invert_polarity,True
hcsu_wild_salvage,钟繇,楷,仰,/root/Workspace/xy/HCSU/wild_extract/钟繇-楷/仰.png,231,225,True,0.1215,0.0526,noisy,inverted;high_dirt_0.05,invert_and_denoise,True
hcsu_wild_salvage,钟繇,楷,当,/root/Workspace/xy/HCSU/wild_extract/钟繇-楷/当.png,196,172,True,0.1537,0.0083,inverted,inverted,invert_polarity,True
hcsu_wild_salvage,钟繇,楷,并,/root/Workspace/xy/HCSU/wild_extract/钟繇-楷/并.png,221,193,True,0.0969,0.044,inverted,inverted,invert_polarity,True
hcsu_wild_salvage,钟繇,楷,县,/root/Workspace/xy/HCSU/wild_extract/钟繇-楷/县.png,186,150,True,0.1346,0.0184,inverted,inverted,invert_polarity,True
hcsu_wild_salvage,钟繇,楷,吞,/root/Workspace/xy/HCSU/wild_extract/钟繇-楷/吞.png,221,170,True,0.1374,0.0122,inverted,inverted,invert_polarity,True
hcsu_wild_salvage,钟繇,楷,谋,/root/Workspace/xy/HCSU/wild_extract/钟繇-楷/谋.png,158,163,True,0.0959,0.0717,noisy,inverted;high_dirt_0.07,invert_and_denoise,True
hcsu_wild_salvage,钟繇,楷,旅,/root/Workspace/xy/HCSU/wild_extract/钟繇-楷/旅.png,174,146,True,0.1306,0.0057,inverted,inverted,invert_polarity,True
hcsu_wild_salvage,钟繇,楷,将,/root/Workspace/xy/HCSU/wild_extract/钟繇-楷/将.png,221,198,True,0.1222,0.0194,inverted,inverted,invert_polarity,True
hcsu_wild_salvage,钟繇,楷,壮,/root/Workspace/xy/HCSU/wild_extract/钟繇-楷/壮.png,170,106,True,0.1494,0.0126,inverted,inverted,invert_polarity,True
hcsu_wild_salvage,钟繇,楷,深,/root/Workspace/xy/HCSU/wild_extract/钟繇-楷/深.png,178,174,True,0.1075,0.0207,inverted,inverted,invert_polarity,True
hcsu_wild_salvage,钟繇,楷,晨,/root/Workspace/xy/HCSU/wild_extract/钟繇-楷/晨.png,183,220,True,0.1401,0.0071,inverted,inverted,invert_polarity,True
hcsu_wild_salvage,钟繇,楷,履,/root/Workspace/xy/HCSU/wild_extract/钟繇-楷/履.png,246,220,True,0.1467,0.0545,noisy,inverted;high_dirt_0.05,invert_and_denoise,True
hcsu_wild_salvage,钟繇,楷,未,/root/Workspace/xy/HCSU/wild_extract/钟繇-楷/未.png,298,305,True,0.1385,0.0353,inverted,inverted,invert_polarity,True
hcsu_wild_salvage,钟繇,楷,憙,/root/Workspace/xy/HCSU/wild_extract/钟繇-楷/憙.png,217,232,True,0.124,0.1229,noisy,inverted;high_dirt_0.12,invert_and_denoise,True
hcsu_wild_salvage,钟繇,楷,顿,/root/Workspace/xy/HCSU/wild_extract/钟繇-楷/顿.png,205,192,True,0.1587,0.016,inverted,inverted,invert_polarity,True
hcsu_wild_salvage,钟繇,楷,愚,/root/Workspace/xy/HCSU/wild_extract/钟繇-楷/愚.png,315,313,True,0.1829,0.0146,inverted,inverted,invert_polarity,True
hcsu_wild_salvage,钟繇,楷,俱,/root/Workspace/xy/HCSU/wild_extract/钟繇-楷/俱.png,208,190,True,0.145,0.0441,inverted,inverted,invert_polarity,True
hcsu_wild_salvage,钟繇,楷,之,/root/Workspace/xy/HCSU/wild_extract/钟繇-楷/之.png,161,131,True,0.1111,0.0269,inverted,inverted,invert_polarity,True
hcsu_wild_salvage,钟繇,楷,郡,/root/Workspace/xy/HCSU/wild_extract/钟繇-楷/郡.png,176,144,True,0.1725,0.0062,inverted,inverted,invert_polarity,True
hcsu_wild_salvage,钟繇,楷,遣,/root/Workspace/xy/HCSU/wild_extract/钟繇-楷/遣.png,167,181,True,0.1407,0.027,inverted,inverted,invert_polarity,True
hcsu_wild_salvage,钟繇,楷,君,/root/Workspace/xy/HCSU/wild_extract/钟繇-楷/君.png,187,193,True,0.1259,0.0579,noisy,inverted;high_dirt_0.06,invert_and_denoise,True
hcsu_wild_salvage,钟繇,楷,访,/root/Workspace/xy/HCSU/wild_extract/钟繇-楷/访.png,171,128,True,0.1445,0.0063,inverted,inverted,invert_polarity,True
hcsu_wild_salvage,颜真卿,楷,刺,/root/Workspace/xy/HCSU/wild_extract/颜真卿-楷/刺.png,511,575,True,0.2501,0.0086,inverted,inverted,invert_polarity,True
hcsu_wild_salvage,颜真卿,楷,垂,/root/Workspace/xy/HCSU/wild_extract/颜真卿-楷/垂.png,534,551,True,0.2535,0.0344,inverted,inverted,invert_polarity,True
hcsu_wild_salvage,颜真卿,楷,夷,/root/Workspace/xy/HCSU/wild_extract/颜真卿-楷/夷.png,561,635,True,0.3011,0.0203,inverted,inverted,invert_polarity,True
hcsu_wild_salvage,颜真卿,楷,圣,/root/Workspace/xy/HCSU/wild_extract/颜真卿-楷/圣.png,274,296,True,0.222,0.0286,inverted,inverted,invert_polarity,True
hcsu_wild_salvage,颜真卿,楷,吏,/root/Workspace/xy/HCSU/wild_extract/颜真卿-楷/吏.png,589,612,True,0.2516,0.0096,inverted,inverted,invert_polarity,True
hcsu_wild_salvage,颜真卿,楷,乞,/root/Workspace/xy/HCSU/wild_extract/颜真卿-楷/乞.png,392,378,True,0.1347,0.0158,inverted,inverted,invert_polarity,True
hcsu_wild_salvage,颜真卿,楷,人,/root/Workspace/xy/HCSU/wild_extract/颜真卿-楷/人.png,615,470,True,0.1645,0.0255,inverted,inverted,invert_polarity,True
hcsu_wild_salvage,颜真卿,楷,友,/root/Workspace/xy/HCSU/wild_extract/颜真卿-楷/友.png,494,601,True,0.2301,0.0371,inverted,inverted,invert_polarity,True
hcsu_wild_salvage,颜真卿,楷,刘,/root/Workspace/xy/HCSU/wild_extract/颜真卿-楷/刘.png,580,609,True,0.3005,0.0119,inverted,inverted,invert_polarity,True
hcsu_wild_salvage,颜真卿,楷,准,/root/Workspace/xy/HCSU/wild_extract/颜真卿-楷/准.png,557,615,True,0.2368,0.0048,inverted,inverted,invert_polarity,True
hcsu_wild_salvage,颜真卿,楷,哂,/root/Workspace/xy/HCSU/wild_extract/颜真卿-楷/哂.png,290,252,True,0.3812,0.0027,inverted,inverted,invert_polarity,True
hcsu_wild_salvage,颜真卿,楷,姊,/root/Workspace/xy/HCSU/wild_extract/颜真卿-楷/姊.png,551,575,True,0.219,0.0178,inverted,inverted,invert_polarity,True
hcsu_wild_salvage,颜真卿,楷,传,/root/Workspace/xy/HCSU/wild_extract/颜真卿-楷/传.png,644,638,True,0.233,0.0059,inverted,inverted,invert_polarity,True
hcsu_wild_salvage,颜真卿,楷,值,/root/Workspace/xy/HCSU/wild_extract/颜真卿-楷/值.png,660,689,True,0.2397,0.0145,inverted,inverted,invert_polarity,True
hcsu_wild_salvage,颜真卿,楷,吞,/root/Workspace/xy/HCSU/wild_extract/颜真卿-楷/吞.png,318,311,True,0.1655,0.076,noisy,inverted;high_dirt_0.08,invert_and_denoise,True
hcsu_wild_salvage,颜真卿,楷,升,/root/Workspace/xy/HCSU/wild_extract/颜真卿-楷/升.png,644,609,True,0.2188,0.0035,inverted,inverted,invert_polarity,True
hcsu_wild_salvage,颜真卿,行,滉,/root/Workspace/xy/HCSU/wild_extract/颜真卿-行/滉.png,115,126,False,0.2011,0.0,clean,none,direct_use,True
hcsu_wild_salvage,颜真卿,行,滯,/root/Workspace/xy/HCSU/wild_extract/颜真卿-行/滯.png,222,287,True,0.18,0.0077,inverted,inverted,invert_polarity,True
hcsu_wild_salvage,颜真卿,行,當,/root/Workspace/xy/HCSU/wild_extract/颜真卿-行/當.png,203,270,True,0.2367,0.0072,inverted,inverted,invert_polarity,True
hcsu_wild_salvage,颜真卿,行,甖,/root/Workspace/xy/HCSU/wild_extract/颜真卿-行/甖.png,146,219,False,0.29,0.0,clean,none,direct_use,True
hcsu_wild_salvage,颜真卿,行,島,/root/Workspace/xy/HCSU/wild_extract/颜真卿-行/島.png,156,297,True,0.2707,0.0045,inverted,inverted,invert_polarity,True
hcsu_wild_salvage,颜真卿,行,損,/root/Workspace/xy/HCSU/wild_extract/颜真卿-行/損.png,256,312,True,0.2612,0.0091,inverted,inverted,invert_polarity,True
hcsu_wild_salvage,颜真卿,行,排,/root/Workspace/xy/HCSU/wild_extract/颜真卿-行/排.png,252,169,True,0.1915,0.0562,noisy,inverted;high_dirt_0.06,invert_and_denoise,True
hcsu_wild_salvage,颜真卿,行,恊,/root/Workspace/xy/HCSU/wild_extract/颜真卿-行/恊.png,186,163,False,0.2208,0.0009,clean,none,direct_use,True
hcsu_wild_salvage,颜真卿,行,復,/root/Workspace/xy/HCSU/wild_extract/颜真卿-行/復.png,260,290,True,0.2423,0.0002,inverted,inverted,invert_polarity,True
hcsu_wild_salvage,颜真卿,行,綱,/root/Workspace/xy/HCSU/wild_extract/颜真卿-行/綱.png,159,129,True,0.2307,0.0093,inverted,inverted,invert_polarity,True
hcsu_wild_salvage,颜真卿,行,籒,/root/Workspace/xy/HCSU/wild_extract/颜真卿-行/籒.png,224,334,False,0.2009,0.0,clean,none,direct_use,True
hcsu_wild_salvage,颜真卿,行,纪,/root/Workspace/xy/HCSU/wild_extract/颜真卿-行/纪.png,242,179,True,0.1586,0.076,noisy,inverted;high_dirt_0.08,invert_and_denoise,True
hcsu_wild_salvage,鲜于枢,行,喬,/root/Workspace/xy/HCSU/wild_extract/鲜于枢-行/喬.png,296,340,False,0.1741,0.0027,clean,none,direct_use,True
hcsu_wild_salvage,鲜于枢,行,斸,/root/Workspace/xy/HCSU/wild_extract/鲜于枢-行/斸.png,605,796,False,0.2217,0.0006,clean,none,direct_use,True
hcsu_wild_salvage,鲜于枢,行,聲,/root/Workspace/xy/HCSU/wild_extract/鲜于枢-行/聲.png,137,246,False,0.172,0.0012,clean,none,direct_use,True
hcsu_wild_salvage,鲜于枢,行,華,/root/Workspace/xy/HCSU/wild_extract/鲜于枢-行/華.png,230,437,False,0.2383,0.001,clean,none,direct_use,True
hcsu_wild_salvage,鲜于枢,行,處,/root/Workspace/xy/HCSU/wild_extract/鲜于枢-行/處.png,346,293,False,0.1675,0.008,clean,none,direct_use,True
hcsu_wild_salvage,鲜于枢,行,縣,/root/Workspace/xy/HCSU/wild_extract/鲜于枢-行/縣.png,396,338,False,0.2012,0.0011,clean,none,direct_use,True
hcsu_wild_salvage,鲜于枢,行,書,/root/Workspace/xy/HCSU/wild_extract/鲜于枢-行/書.png,107,117,False,0.2247,0.0,clean,none,direct_use,True
hcsu_wild_salvage,鲜于枢,行,師,/root/Workspace/xy/HCSU/wild_extract/鲜于枢-行/師.png,298,426,False,0.2046,0.001,clean,none,direct_use,True
hcsu_wild_salvage,鲜于枢,行,觀,/root/Workspace/xy/HCSU/wild_extract/鲜于枢-行/觀.png,147,132,False,0.238,0.0048,clean,none,direct_use,True
hcsu_wild_salvage,鲜于枢,行,稱,/root/Workspace/xy/HCSU/wild_extract/鲜于枢-行/稱.png,351,344,False,0.2426,0.0017,clean,none,direct_use,True
hcsu_wild_salvage,鲜于枢,行,燿,/root/Workspace/xy/HCSU/wild_extract/鲜于枢-行/燿.png,129,144,True,0.1352,0.0,inverted,inverted,invert_polarity,True
hcsu_wild_salvage,鲜于枢,行,藹,/root/Workspace/xy/HCSU/wild_extract/鲜于枢-行/藹.png,130,141,False,0.1954,0.0014,clean,none,direct_use,True
hcsu_wild_salvage,鲜于枢,行,獲,/root/Workspace/xy/HCSU/wild_extract/鲜于枢-行/獲.png,129,129,False,0.2349,0.0049,clean,none,direct_use,True
hcsu_wild_salvage,鲜于枢,行,見,/root/Workspace/xy/HCSU/wild_extract/鲜于枢-行/見.png,308,324,False,0.1704,0.0031,clean,none,direct_use,True
hcsu_wild_salvage,鲜于枢,行,焜,/root/Workspace/xy/HCSU/wild_extract/鲜于枢-行/焜.png,134,122,True,0.1381,0.0186,inverted,inverted,invert_polarity,True
hcsu_wild_salvage,鲜于枢,行,祐,/root/Workspace/xy/HCSU/wild_extract/鲜于枢-行/祐.png,133,136,True,0.1728,0.0,inverted,inverted,invert_polarity,True
hcsu_wild_salvage,鲜于枢,行,淂,/root/Workspace/xy/HCSU/wild_extract/鲜于枢-行/淂.png,214,274,False,0.2692,0.0006,clean,none,direct_use,True
hcsu_wild_salvage,鲜于枢,行,與,/root/Workspace/xy/HCSU/wild_extract/鲜于枢-行/與.png,466,395,False,0.2361,0.0042,clean,none,direct_use,True
hcsu_wild_salvage,鲜于枢,行,㶁,/root/Workspace/xy/HCSU/wild_extract/鲜于枢-行/㶁.png,165,154,True,0.1641,0.0036,inverted,inverted,invert_polarity,True
hcsu_wild_salvage,鲜于枢,行,塿,/root/Workspace/xy/HCSU/wild_extract/鲜于枢-行/塿.png,686,619,False,0.2251,0.0005,clean,none,direct_use,True
hcsu_wild_salvage,鲜于枢,行,無,/root/Workspace/xy/HCSU/wild_extract/鲜于枢-行/無.png,283,307,False,0.2766,0.0002,clean,none,direct_use,True
hcsu_wild_salvage,鲜于枢,行,東,/root/Workspace/xy/HCSU/wild_extract/鲜于枢-行/東.png,276,326,False,0.2108,0.0032,clean,none,direct_use,True
hcsu_wild_salvage,黄庭坚,楷,尊,/root/Workspace/xy/HCSU/wild_extract/黄庭坚-楷/尊.png,195,252,True,0.1567,0.0204,inverted,inverted,invert_polarity,True
hcsu_wild_salvage,黄庭坚,楷,教,/root/Workspace/xy/HCSU/wild_extract/黄庭坚-楷/教.png,233,224,True,0.1674,0.013,inverted,inverted,invert_polarity,True
hcsu_wild_salvage,黄庭坚,楷,譬,/root/Workspace/xy/HCSU/wild_extract/黄庭坚-楷/譬.png,206,235,True,0.1434,0.0072,inverted,inverted,invert_polarity,True
hcsu_wild_salvage,黄庭坚,楷,收,/root/Workspace/xy/HCSU/wild_extract/黄庭坚-楷/收.png,196,131,False,0.2007,0.0002,clean,none,direct_use,True
hcsu_wild_salvage,黄庭坚,楷,耨,/root/Workspace/xy/HCSU/wild_extract/黄庭坚-楷/耨.png,240,252,True,0.1434,0.0013,inverted,inverted,invert_polarity,True
hcsu_wild_salvage,黄庭坚,楷,秦,/root/Workspace/xy/HCSU/wild_extract/黄庭坚-楷/秦.png,237,232,True,0.1609,0.0057,inverted,inverted,invert_polarity,True
hcsu_wild_salvage,黄庭坚,楷,徃,/root/Workspace/xy/HCSU/wild_extract/黄庭坚-楷/徃.png,208,168,True,0.143,0.0072,inverted,inverted,invert_polarity,True
hcsu_wild_salvage,黄庭坚,楷,薩,/root/Workspace/xy/HCSU/wild_extract/黄庭坚-楷/薩.png,153,210,True,0.228,0.0067,inverted,inverted,invert_polarity,True
hcsu_wild_salvage,黄庭坚,楷,着,/root/Workspace/xy/HCSU/wild_extract/黄庭坚-楷/着.png,215,240,True,0.1643,0.0087,inverted,inverted,invert_polarity,True
hcsu_wild_salvage,黄庭坚,楷,其,/root/Workspace/xy/HCSU/wild_extract/黄庭坚-楷/其.png,216,188,True,0.1355,0.0069,inverted,inverted,invert_polarity,True
hcsu_wild_salvage,黄庭坚,楷,獨,/root/Workspace/xy/HCSU/wild_extract/黄庭坚-楷/獨.png,197,190,True,0.2838,0.0054,inverted,inverted,invert_polarity,True
hcsu_wild_salvage,黄庭坚,楷,也,/root/Workspace/xy/HCSU/wild_extract/黄庭坚-楷/也.png,206,184,True,0.161,0.0085,inverted,inverted,invert_polarity,True
hcsu_wild_salvage,黄庭坚,楷,本,/root/Workspace/xy/HCSU/wild_extract/黄庭坚-楷/本.png,202,236,True,0.1494,0.0059,inverted,inverted,invert_polarity,True
hcsu_wild_salvage,黄庭坚,楷,孤,/root/Workspace/xy/HCSU/wild_extract/黄庭坚-楷/孤.png,261,177,True,0.1858,0.0054,inverted,inverted,invert_polarity,True
hcsu_wild_salvage,黄庭坚,楷,虗,/root/Workspace/xy/HCSU/wild_extract/黄庭坚-楷/虗.png,200,191,True,0.1695,0.0063,inverted,inverted,invert_polarity,True
hcsu_wild_salvage,黄庭坚,楷,戒,/root/Workspace/xy/HCSU/wild_extract/黄庭坚-楷/戒.png,176,232,True,0.1554,0.0659,noisy,inverted;high_dirt_0.07,invert_and_denoise,True
hcsu_wild_salvage,黄庭坚,楷,訶,/root/Workspace/xy/HCSU/wild_extract/黄庭坚-楷/訶.png,235,190,True,0.1776,0.0062,inverted,inverted,invert_polarity,True
hcsu_wild_salvage,黄庭坚,楷,捨,/root/Workspace/xy/HCSU/wild_extract/黄庭坚-楷/捨.png,232,213,True,0.1788,0.007,inverted,inverted,invert_polarity,True
hcsu_wild_salvage,黄庭坚,楷,流,/root/Workspace/xy/HCSU/wild_extract/黄庭坚-楷/流.png,208,160,True,0.1826,0.0041,inverted,inverted,invert_polarity,True
hcsu_wild_salvage,黄庭坚,楷,舍,/root/Workspace/xy/HCSU/wild_extract/黄庭坚-楷/舍.png,266,202,True,0.1483,0.013,inverted,inverted,invert_polarity,True
hcsu_wild_salvage,黄庭坚,楷,敬,/root/Workspace/xy/HCSU/wild_extract/黄庭坚-楷/敬.png,238,195,True,0.1978,0.0069,inverted,inverted,invert_polarity,True
hcsu_wild_salvage,黄庭坚,楷,昧,/root/Workspace/xy/HCSU/wild_extract/黄庭坚-楷/昧.png,224,219,True,0.1577,0.0155,inverted,inverted,invert_polarity,True
hcsu_wild_salvage,黄庭坚,楷,槃,/root/Workspace/xy/HCSU/wild_extract/黄庭坚-楷/槃.png,224,218,True,0.1718,0.0279,inverted,inverted,invert_polarity,True
hcsu_wild_salvage,黄庭坚,楷,荘,/root/Workspace/xy/HCSU/wild_extract/黄庭坚-楷/荘.png,187,198,True,0.1675,0.0148,inverted,inverted,invert_polarity,True
hcsu_wild_salvage,黄庭坚,楷,淨,/root/Workspace/xy/HCSU/wild_extract/黄庭坚-楷/淨.png,177,210,True,0.1836,0.0081,inverted,inverted,invert_polarity,True
hcsu_wild_salvage,黄庭坚,楷,伏,/root/Workspace/xy/HCSU/wild_extract/黄庭坚-楷/伏.png,216,172,True,0.1195,0.0673,noisy,inverted;high_dirt_0.07,invert_and_denoise,True
hcsu_wild_salvage,黄庭坚,楷,敷,/root/Workspace/xy/HCSU/wild_extract/黄庭坚-楷/敷.png,237,227,True,0.2034,0.0053,inverted,inverted,invert_polarity,True
hcsu_wild_salvage,黄庭坚,楷,蘭,/root/Workspace/xy/HCSU/wild_extract/黄庭坚-楷/蘭.png,167,242,True,0.1893,0.0107,inverted,inverted,invert_polarity,True
hcsu_wild_salvage,黄庭坚,楷,聲,/root/Workspace/xy/HCSU/wild_extract/黄庭坚-楷/聲.png,256,251,True,0.1678,0.0152,inverted,inverted,invert_polarity,True
hcsu_wild_salvage,黄庭坚,楷,散,/root/Workspace/xy/HCSU/wild_extract/黄庭坚-楷/散.png,273,208,True,0.1327,0.0062,inverted,inverted,invert_polarity,True
hcsu_wild_salvage,黄庭坚,楷,棠,/root/Workspace/xy/HCSU/wild_extract/黄庭坚-楷/棠.png,280,268,False,0.1775,0.0,clean,none,direct_use,True
hcsu_wild_salvage,黄庭坚,楷,汝,/root/Workspace/xy/HCSU/wild_extract/黄庭坚-楷/汝.png,201,145,True,0.147,0.0112,inverted,inverted,invert_polarity,True
hcsu_wild_salvage,黄庭坚,楷,妒,/root/Workspace/xy/HCSU/wild_extract/黄庭坚-楷/妒.png,307,334,False,0.1266,0.001,clean,none,direct_use,True
hcsu_wild_salvage,黄庭坚,楷,鳩,/root/Workspace/xy/HCSU/wild_extract/黄庭坚-楷/鳩.png,224,202,True,0.1533,0.0052,inverted,inverted,invert_polarity,True
hcsu_wild_salvage,黄庭坚,楷,凡,/root/Workspace/xy/HCSU/wild_extract/黄庭坚-楷/凡.png,176,149,True,0.1235,0.0154,inverted,inverted,invert_polarity,True
hcsu_wild_salvage,黄庭坚,楷,漢,/root/Workspace/xy/HCSU/wild_extract/黄庭坚-楷/漢.png,189,205,True,0.1911,0.0096,inverted,inverted,invert_polarity,True
hcsu_wild_salvage,黄庭坚,楷,妆,/root/Workspace/xy/HCSU/wild_extract/黄庭坚-楷/妆.png,219,205,True,0.1972,0.0085,inverted,inverted,invert_polarity,True
hcsu_wild_salvage,黄庭坚,楷,切,/root/Workspace/xy/HCSU/wild_extract/黄庭坚-楷/切.png,211,171,True,0.153,0.0179,inverted,inverted,invert_polarity,True
hcsu_wild_salvage,黄庭坚,楷,欲,/root/Workspace/xy/HCSU/wild_extract/黄庭坚-楷/欲.png,217,189,True,0.1731,0.0458,inverted,inverted,invert_polarity,True
hcsu_wild_salvage,黄庭坚,楷,賢,/root/Workspace/xy/HCSU/wild_extract/黄庭坚-楷/賢.png,179,219,True,0.2117,0.0137,inverted,inverted,invert_polarity,True
hcsu_wild_salvage,黄庭坚,楷,寧,/root/Workspace/xy/HCSU/wild_extract/黄庭坚-楷/寧.png,183,214,True,0.1546,0.0122,inverted,inverted,invert_polarity,True
hcsu_wild_salvage,黄庭坚,楷,聴,/root/Workspace/xy/HCSU/wild_extract/黄庭坚-楷/聴.png,211,179,True,0.2103,0.0048,inverted,inverted,invert_polarity,True
hcsu_wild_salvage,黄庭坚,楷,唯,/root/Workspace/xy/HCSU/wild_extract/黄庭坚-楷/唯.png,211,212,True,0.1367,0.0098,inverted,inverted,invert_polarity,True
hcsu_wild_salvage,黄庭坚,楷,给,/root/Workspace/xy/HCSU/wild_extract/黄庭坚-楷/给.png,233,169,True,0.1783,0.01,inverted,inverted,invert_polarity,True
hcsu_wild_salvage,黄庭坚,楷,欠,/root/Workspace/xy/HCSU/wild_extract/黄庭坚-楷/欠.png,149,175,True,0.1789,0.006,inverted,inverted,invert_polarity,True
hcsu_wild_salvage,黄庭坚,楷,諍,/root/Workspace/xy/HCSU/wild_extract/黄庭坚-楷/諍.png,205,210,True,0.1619,0.0197,inverted,inverted,invert_polarity,True
hcsu_wild_salvage,黄庭坚,楷,觸,/root/Workspace/xy/HCSU/wild_extract/黄庭坚-楷/觸.png,214,209,True,0.2579,0.0056,inverted,inverted,invert_polarity,True
hcsu_wild_salvage,黄庭坚,楷,濕,/root/Workspace/xy/HCSU/wild_extract/黄庭坚-楷/濕.png,211,173,True,0.1282,0.0352,inverted,inverted,invert_polarity,True
hcsu_wild_salvage,黄庭坚,楷,座,/root/Workspace/xy/HCSU/wild_extract/黄庭坚-楷/座.png,201,223,True,0.2022,0.0056,inverted,inverted,invert_polarity,True
hcsu_wild_salvage,黄庭坚,楷,哉,/root/Workspace/xy/HCSU/wild_extract/黄庭坚-楷/哉.png,188,224,True,0.1455,0.0108,inverted,inverted,invert_polarity,True
hcsu_wild_salvage,黄庭坚,楷,說,/root/Workspace/xy/HCSU/wild_extract/黄庭坚-楷/說.png,234,176,True,0.1407,0.0019,inverted,inverted,invert_polarity,True
hcsu_wild_salvage,黄庭坚,楷,女,/root/Workspace/xy/HCSU/wild_extract/黄庭坚-楷/女.png,222,147,True,0.1216,0.0073,inverted,inverted,invert_polarity,True
hcsu_wild_salvage,黄庭坚,楷,清,/root/Workspace/xy/HCSU/wild_extract/黄庭坚-楷/清.png,189,223,True,0.1652,0.0095,inverted,inverted,invert_polarity,True
hcsu_wild_salvage,黄庭坚,楷,數,/root/Workspace/xy/HCSU/wild_extract/黄庭坚-楷/數.png,238,185,True,0.1901,0.0072,inverted,inverted,invert_polarity,True
hcsu_wild_salvage,黄庭坚,楷,肩,/root/Workspace/xy/HCSU/wild_extract/黄庭坚-楷/肩.png,167,243,True,0.1743,0.0081,inverted,inverted,invert_polarity,True
hcsu_wild_salvage,黄庭坚,楷,姚,/root/Workspace/xy/HCSU/wild_extract/黄庭坚-楷/姚.png,283,190,True,0.1954,0.0059,inverted,inverted,invert_polarity,True
hcsu_wild_salvage,黄庭坚,楷,諸,/root/Workspace/xy/HCSU/wild_extract/黄庭坚-楷/諸.png,217,174,True,0.1405,0.0198,inverted,inverted,invert_polarity,True
hcsu_wild_salvage,黄庭坚,楷,施,/root/Workspace/xy/HCSU/wild_extract/黄庭坚-楷/施.png,251,159,True,0.175,0.0023,inverted,inverted,invert_polarity,True
hcsu_wild_salvage,黄庭坚,楷,摩,/root/Workspace/xy/HCSU/wild_extract/黄庭坚-楷/摩.png,181,242,True,0.2088,0.0059,inverted,inverted,invert_polarity,True
hcsu_wild_salvage,黄庭坚,楷,聞,/root/Workspace/xy/HCSU/wild_extract/黄庭坚-楷/聞.png,179,227,True,0.1893,0.0279,inverted,inverted,invert_polarity,True
hcsu_wild_salvage,黄庭坚,楷,掌,/root/Workspace/xy/HCSU/wild_extract/黄庭坚-楷/掌.png,192,262,True,0.1691,0.0095,inverted,inverted,invert_polarity,True
hcsu_wild_salvage,黄庭坚,楷,如,/root/Workspace/xy/HCSU/wild_extract/黄庭坚-楷/如.png,227,135,True,0.178,0.0033,inverted,inverted,invert_polarity,True
hcsu_wild_salvage,黄庭坚,楷,爽,/root/Workspace/xy/HCSU/wild_extract/黄庭坚-楷/爽.png,257,309,False,0.1684,0.0015,clean,none,direct_use,True
hcsu_wild_salvage,黄庭坚,楷,見,/root/Workspace/xy/HCSU/wild_extract/黄庭坚-楷/見.png,219,195,True,0.1328,0.0183,inverted,inverted,invert_polarity,True
hcsu_wild_salvage,黄庭坚,楷,思,/root/Workspace/xy/HCSU/wild_extract/黄庭坚-楷/思.png,178,183,True,0.1787,0.0094,inverted,inverted,invert_polarity,True
hcsu_wild_salvage,黄庭坚,楷,墙,/root/Workspace/xy/HCSU/wild_extract/黄庭坚-楷/墙.png,271,306,False,0.1885,0.0033,clean,none,direct_use,True
hcsu_wild_salvage,黄庭坚,楷,䖏,/root/Workspace/xy/HCSU/wild_extract/黄庭坚-楷/䖏.png,226,221,True,0.1371,0.005,inverted,inverted,invert_polarity,True
hcsu_wild_salvage,黄庭坚,楷,那,/root/Workspace/xy/HCSU/wild_extract/黄庭坚-楷/那.png,182,210,True,0.1697,0.0106,inverted,inverted,invert_polarity,True
hcsu_wild_salvage,黄庭坚,楷,樹,/root/Workspace/xy/HCSU/wild_extract/黄庭坚-楷/樹.png,216,190,True,0.1908,0.0018,inverted,inverted,invert_polarity,True
hcsu_wild_salvage,黄庭坚,楷,洗,/root/Workspace/xy/HCSU/wild_extract/黄庭坚-楷/洗.png,221,192,True,0.1784,0.0061,inverted,inverted,invert_polarity,True
hcsu_wild_salvage,黄庭坚,楷,衣,/root/Workspace/xy/HCSU/wild_extract/黄庭坚-楷/衣.png,224,203,True,0.1665,0.0066,inverted,inverted,invert_polarity,True
hcsu_wild_salvage,黄庭坚,楷,類,/root/Workspace/xy/HCSU/wild_extract/黄庭坚-楷/類.png,215,226,True,0.1735,0.0272,inverted,inverted,invert_polarity,True
hcsu_wild_salvage,黄庭坚,楷,衛,/root/Workspace/xy/HCSU/wild_extract/黄庭坚-楷/衛.png,222,221,True,0.184,0.0123,inverted,inverted,invert_polarity,True
hcsu_wild_salvage,黄庭坚,楷,樂,/root/Workspace/xy/HCSU/wild_extract/黄庭坚-楷/樂.png,205,188,True,0.1827,0.0178,inverted,inverted,invert_polarity,True
hcsu_wild_salvage,黄庭坚,楷,千,/root/Workspace/xy/HCSU/wild_extract/黄庭坚-楷/千.png,184,219,True,0.1355,0.013,inverted,inverted,invert_polarity,True
hcsu_wild_salvage,黄庭坚,楷,鉢,/root/Workspace/xy/HCSU/wild_extract/黄庭坚-楷/鉢.png,259,206,True,0.1972,0.0072,inverted,inverted,invert_polarity,True
hcsu_wild_salvage,黄庭坚,楷,况,/root/Workspace/xy/HCSU/wild_extract/黄庭坚-楷/况.png,211,174,True,0.1846,0.0274,inverted,inverted,invert_polarity,True
hcsu_wild_salvage,黄庭坚,楷,最,/root/Workspace/xy/HCSU/wild_extract/黄庭坚-楷/最.png,199,204,True,0.1258,0.0331,inverted,inverted,invert_polarity,True
hcsu_wild_salvage,黄庭坚,楷,五,/root/Workspace/xy/HCSU/wild_extract/黄庭坚-楷/五.png,226,153,True,0.1216,0.0606,noisy,inverted;high_dirt_0.06,invert_and_denoise,True
hcsu_wild_salvage,黄庭坚,楷,袒,/root/Workspace/xy/HCSU/wild_extract/黄庭坚-楷/袒.png,243,179,True,0.2001,0.0114,inverted,inverted,invert_polarity,True
hcsu_wild_salvage,黄庭坚,楷,想,/root/Workspace/xy/HCSU/wild_extract/黄庭坚-楷/想.png,188,190,True,0.1722,0.0219,inverted,inverted,invert_polarity,True
hcsu_wild_salvage,黄庭坚,楷,土,/root/Workspace/xy/HCSU/wild_extract/黄庭坚-楷/土.png,191,151,True,0.1101,0.0205,inverted,inverted,invert_polarity,True
hcsu_wild_salvage,黄庭坚,楷,句,/root/Workspace/xy/HCSU/wild_extract/黄庭坚-楷/句.png,147,159,True,0.1989,0.0067,inverted,inverted,invert_polarity,True
hcsu_wild_salvage,黄庭坚,楷,取,/root/Workspace/xy/HCSU/wild_extract/黄庭坚-楷/取.png,244,188,True,0.1428,0.0153,inverted,inverted,invert_polarity,True
hcsu_wild_salvage,黄庭坚,楷,諦,/root/Workspace/xy/HCSU/wild_extract/黄庭坚-楷/諦.png,233,202,True,0.1433,0.0142,inverted,inverted,invert_polarity,True
hcsu_wild_salvage,黄庭坚,楷,嘱,/root/Workspace/xy/HCSU/wild_extract/黄庭坚-楷/嘱.png,194,200,True,0.1755,0.0117,inverted,inverted,invert_polarity,True
hcsu_wild_salvage,黄庭坚,楷,胎,/root/Workspace/xy/HCSU/wild_extract/黄庭坚-楷/胎.png,188,172,True,0.1505,0.0255,inverted,inverted,invert_polarity,True
hcsu_wild_salvage,黄庭坚,楷,聖,/root/Workspace/xy/HCSU/wild_extract/黄庭坚-楷/聖.png,173,171,True,0.2542,0.0055,inverted,inverted,invert_polarity,True
hcsu_wild_salvage,黄庭坚,楷,剛,/root/Workspace/xy/HCSU/wild_extract/黄庭坚-楷/剛.png,224,218,True,0.1697,0.0078,inverted,inverted,invert_polarity,True
hcsu_wild_salvage,黄庭坚,楷,福,/root/Workspace/xy/HCSU/wild_extract/黄庭坚-楷/福.png,236,180,True,0.172,0.0554,noisy,inverted;high_dirt_0.06,invert_and_denoise,True
hcsu_wild_salvage,黄庭坚,楷,園,/root/Workspace/xy/HCSU/wild_extract/黄庭坚-楷/園.png,166,182,True,0.3449,0.0023,inverted,inverted,invert_polarity,True
hcsu_wild_salvage,黄庭坚,行,斵,/root/Workspace/xy/HCSU/wild_extract/黄庭坚-行/斵.png,156,205,False,0.2312,0.0015,clean,none,direct_use,True
hcsu_wild_salvage,黄庭坚,行,乗,/root/Workspace/xy/HCSU/wild_extract/黄庭坚-行/乗.png,299,268,False,0.175,0.0006,clean,none,direct_use,True
hcsu_wild_salvage,黄庭坚,行,別,/root/Workspace/xy/HCSU/wild_extract/黄庭坚-行/別.png,202,235,True,0.19,0.004,inverted,inverted,invert_polarity,True
hcsu_wild_salvage,黄庭坚,行,嵗,/root/Workspace/xy/HCSU/wild_extract/黄庭坚-行/嵗.png,109,136,False,0.1734,0.0074,clean,none,direct_use,True
hcsu_wild_salvage,黄庭坚,行,壘,/root/Workspace/xy/HCSU/wild_extract/黄庭坚-行/壘.png,125,171,False,0.3445,0.0,clean,none,direct_use,True
hcsu_wild_salvage,黄庭坚,行,媧,/root/Workspace/xy/HCSU/wild_extract/黄庭坚-行/媧.png,214,201,False,0.3078,0.0049,clean,none,direct_use,True
hcsu_wild_salvage,黄庭坚,行,優,/root/Workspace/xy/HCSU/wild_extract/黄庭坚-行/優.png,449,553,True,0.2047,0.0118,inverted,inverted,invert_polarity,True
hcsu_wild_salvage,黄庭坚,行,勦,/root/Workspace/xy/HCSU/wild_extract/黄庭坚-行/勦.png,906,764,False,0.2125,0.0005,clean,none,direct_use,True
hcsu_wild_salvage,黄庭坚,行,報,/root/Workspace/xy/HCSU/wild_extract/黄庭坚-行/報.png,180,195,False,0.2381,0.0,clean,none,direct_use,True
hcsu_wild_salvage,黄庭坚,行,徳,/root/Workspace/xy/HCSU/wild_extract/黄庭坚-行/徳.png,111,161,False,0.1782,0.0031,clean,none,direct_use,True
hcsu_wild_salvage,黄庭坚,行,從,/root/Workspace/xy/HCSU/wild_extract/黄庭坚-行/從.png,1386,1330,False,0.2103,0.0001,clean,none,direct_use,True
hcsu_wild_salvage,黄庭坚,行,旹,/root/Workspace/xy/HCSU/wild_extract/黄庭坚-行/旹.png,731,844,False,0.2238,0.007,clean,none,direct_use,True
hcsu_wild_salvage,黄庭坚,行,䕃,/root/Workspace/xy/HCSU/wild_extract/黄庭坚-行/䕃.png,138,163,False,0.2415,0.0011,clean,none,direct_use,True
hcsu_wild_salvage,黄庭坚,行,揔,/root/Workspace/xy/HCSU/wild_extract/黄庭坚-行/揔.png,185,175,False,0.2335,0.0001,clean,none,direct_use,True
hcsu_wild_salvage,黄庭坚,行,孏,/root/Workspace/xy/HCSU/wild_extract/黄庭坚-行/孏.png,48,47,False,0.266,0.0367,clean,none,direct_use,True
hcsu_wild_salvage,黄庭坚,行,佇,/root/Workspace/xy/HCSU/wild_extract/黄庭坚-行/佇.png,153,123,False,0.2222,0.0007,clean,none,direct_use,True
hcsu_wild_salvage,黄庭坚,行,多,/root/Workspace/xy/HCSU/wild_extract/黄庭坚-行/多.png,140,263,False,0.2079,0.0037,clean,none,direct_use,True
hcsu_wild_salvage,黄庭坚,行,勅,/root/Workspace/xy/HCSU/wild_extract/黄庭坚-行/勅.png,705,969,False,0.2397,0.003,clean,none,direct_use,True
hcsu_wild_salvage,黄庭坚,行,㳺,/root/Workspace/xy/HCSU/wild_extract/黄庭坚-行/㳺.png,265,236,False,0.2531,0.0045,clean,none,direct_use,True
hcsu_wild_salvage,黄庭坚,行,喪,/root/Workspace/xy/HCSU/wild_extract/黄庭坚-行/喪.png,181,235,False,0.1966,0.0,clean,none,direct_use,True
hcsu_wild_salvage,黄庭坚,行,䈥,/root/Workspace/xy/HCSU/wild_extract/黄庭坚-行/䈥.png,179,209,False,0.3342,0.0002,clean,none,direct_use,True
hcsu_wild_salvage,黄庭坚,行,廼,/root/Workspace/xy/HCSU/wild_extract/黄庭坚-行/廼.png,332,205,False,0.2559,0.0,clean,none,direct_use,True
hcsu_wild_salvage,黄庭坚,行,搖,/root/Workspace/xy/HCSU/wild_extract/黄庭坚-行/搖.png,365,327,False,0.3655,0.0003,clean,none,direct_use,True
hcsu_wild_salvage,黄庭坚,行,斮,/root/Workspace/xy/HCSU/wild_extract/黄庭坚-行/斮.png,866,915,False,0.2627,0.0003,clean,none,direct_use,True
hcsu_wild_salvage,黄庭坚,行,岡,/root/Workspace/xy/HCSU/wild_extract/黄庭坚-行/岡.png,164,191,True,0.3799,0.0,inverted,inverted,invert_polarity,True
hcsu_wild_salvage,黄庭坚,行,吳,/root/Workspace/xy/HCSU/wild_extract/黄庭坚-行/吳.png,331,276,True,0.199,0.0018,inverted,inverted,invert_polarity,True
hcsu_wild_salvage,黄庭坚,行,擇,/root/Workspace/xy/HCSU/wild_extract/黄庭坚-行/擇.png,277,337,False,0.2145,0.0022,clean,none,direct_use,True
hcsu_wild_salvage,黄庭坚,行,亂,/root/Workspace/xy/HCSU/wild_extract/黄庭坚-行/亂.png,118,124,False,0.2508,0.0,clean,none,direct_use,True
hcsu_wild_salvage,黄庭坚,行,斷,/root/Workspace/xy/HCSU/wild_extract/黄庭坚-行/斷.png,70,72,False,0.1782,0.0,clean,none,direct_use,True
hcsu_wild_salvage,黄庭坚,行,妷,/root/Workspace/xy/HCSU/wild_extract/黄庭坚-行/妷.png,1330,1253,False,0.2552,0.0005,clean,none,direct_use,True
hcsu_wild_salvage,黄庭坚,行,喫,/root/Workspace/xy/HCSU/wild_extract/黄庭坚-行/喫.png,177,157,False,0.183,0.0063,clean,none,direct_use,True
hcsu_wild_salvage,黄庭坚,行,姢,/root/Workspace/xy/HCSU/wild_extract/黄庭坚-行/姢.png,286,237,False,0.1879,0.003,clean,none,direct_use,True
hcsu_wild_salvage,黄庭坚,行,姦,/root/Workspace/xy/HCSU/wild_extract/黄庭坚-行/姦.png,346,399,True,0.1901,0.0024,inverted,inverted,invert_polarity,True
hcsu_wild_salvage,黄庭坚,行,㸔,/root/Workspace/xy/HCSU/wild_extract/黄庭坚-行/㸔.png,243,246,False,0.2161,0.0001,clean,none,direct_use,True
hcsu_wild_salvage,黄庭坚,行,數,/root/Workspace/xy/HCSU/wild_extract/黄庭坚-行/數.png,271,234,False,0.2822,0.0018,clean,none,direct_use,True
hcsu_wild_salvage,黄庭坚,行,墯,/root/Workspace/xy/HCSU/wild_extract/黄庭坚-行/墯.png,298,327,False,0.2575,0.0,clean,none,direct_use,True
hcsu_wild_salvage,黄庭坚,行,學,/root/Workspace/xy/HCSU/wild_extract/黄庭坚-行/學.png,492,531,True,0.1913,0.031,inverted,inverted,invert_polarity,True
hcsu_wild_salvage,黄庭坚,行,廣,/root/Workspace/xy/HCSU/wild_extract/黄庭坚-行/廣.png,153,168,False,0.2287,0.0049,clean,none,direct_use,True
hcsu_wild_salvage,黄庭坚,行,搆,/root/Workspace/xy/HCSU/wild_extract/黄庭坚-行/搆.png,114,133,False,0.1902,0.0049,clean,none,direct_use,True
hcsu_wild_salvage,黄庭坚,行,兩,/root/Workspace/xy/HCSU/wild_extract/黄庭坚-行/兩.png,68,55,False,0.2634,0.001,clean,none,direct_use,True
hcsu_wild_salvage,黄庭坚,行,㸃,/root/Workspace/xy/HCSU/wild_extract/黄庭坚-行/㸃.png,110,126,False,0.1715,0.0008,clean,none,direct_use,True
hcsu_wild_salvage,黄庭坚,行,懇,/root/Workspace/xy/HCSU/wild_extract/黄庭坚-行/懇.png,159,171,False,0.3544,0.0,clean,none,direct_use,True
hcsu_wild_salvage,黄庭坚,行,帖,/root/Workspace/xy/HCSU/wild_extract/黄庭坚-行/帖.png,370,370,False,0.1684,0.0,clean,none,direct_use,True
hcsu_wild_salvage,黄庭坚,行,成,/root/Workspace/xy/HCSU/wild_extract/黄庭坚-行/成.png,187,188,False,0.1964,0.0022,clean,none,direct_use,True
hcsu_wild_salvage,黄庭坚,行,晩,/root/Workspace/xy/HCSU/wild_extract/黄庭坚-行/晩.png,805,674,False,0.2277,0.0006,clean,none,direct_use,True
hcsu_wild_salvage,黄庭坚,行,懴,/root/Workspace/xy/HCSU/wild_extract/黄庭坚-行/懴.png,457,399,False,0.2704,0.0003,clean,none,direct_use,True
hcsu_wild_salvage,黄庭坚,行,妳,/root/Workspace/xy/HCSU/wild_extract/黄庭坚-行/妳.png,280,237,False,0.2891,0.0016,clean,none,direct_use,True
hcsu_wild_salvage,黄庭坚,行,㑹,/root/Workspace/xy/HCSU/wild_extract/黄庭坚-行/㑹.png,248,204,False,0.1536,0.0,clean,none,direct_use,True
hcsu_wild_salvage,黄庭坚,行,愞,/root/Workspace/xy/HCSU/wild_extract/黄庭坚-行/愞.png,292,240,False,0.2124,0.0007,clean,none,direct_use,True
hcsu_wild_salvage,黄庭坚,行,䓁,/root/Workspace/xy/HCSU/wild_extract/黄庭坚-行/䓁.png,184,201,False,0.2395,0.0,clean,none,direct_use,True
hcsu_wild_salvage,黄庭坚,行,䢖,/root/Workspace/xy/HCSU/wild_extract/黄庭坚-行/䢖.png,199,182,False,0.2324,0.0025,clean,none,direct_use,True
hcsu_wild_salvage,黄庭坚,行,䖏,/root/Workspace/xy/HCSU/wild_extract/黄庭坚-行/䖏.png,138,197,False,0.172,0.0075,clean,none,direct_use,True
hcsu_wild_salvage,黄庭坚,行,廽,/root/Workspace/xy/HCSU/wild_extract/黄庭坚-行/廽.png,118,72,False,0.1678,0.0,clean,none,direct_use,True
hcsu_wild_salvage,黄庭坚,行,㬌,/root/Workspace/xy/HCSU/wild_extract/黄庭坚-行/㬌.png,259,254,False,0.1894,0.0086,clean,none,direct_use,True
hcsu_wild_salvage,黄庭坚,行,兒,/root/Workspace/xy/HCSU/wild_extract/黄庭坚-行/兒.png,114,127,False,0.2986,0.0002,clean,none,direct_use,True
hcsu_wild_salvage,黄庭坚,行,丗,/root/Workspace/xy/HCSU/wild_extract/黄庭坚-行/丗.png,294,178,False,0.2866,0.0006,clean,none,direct_use,True
hcsu_wild_salvage,黄庭坚,行,冝,/root/Workspace/xy/HCSU/wild_extract/黄庭坚-行/冝.png,144,121,False,0.1819,0.0,clean,none,direct_use,True
hcsu_wild_salvage,黄庭坚,行,徔,/root/Workspace/xy/HCSU/wild_extract/黄庭坚-行/徔.png,138,114,False,0.2306,0.0008,clean,none,direct_use,True
hcsu_wild_salvage,黄庭坚,行,彂,/root/Workspace/xy/HCSU/wild_extract/黄庭坚-行/彂.png,1355,1505,False,0.2035,0.0004,clean,none,direct_use,True
hcsu_wild_salvage,黄庭坚,行,懷,/root/Workspace/xy/HCSU/wild_extract/黄庭坚-行/懷.png,165,173,False,0.3074,0.0001,clean,none,direct_use,True
hcsu_wild_salvage,黄庭坚,行,収,/root/Workspace/xy/HCSU/wild_extract/黄庭坚-行/収.png,109,79,False,0.206,0.0028,clean,none,direct_use,True
hcsu_wild_salvage,黄庭坚,行,嬰,/root/Workspace/xy/HCSU/wild_extract/黄庭坚-行/嬰.png,104,147,False,0.387,0.0049,clean,none,direct_use,True
hcsu_wild_salvage,黄庭坚,行,昇,/root/Workspace/xy/HCSU/wild_extract/黄庭坚-行/昇.png,375,448,True,0.1657,0.0076,inverted,inverted,invert_polarity,True
hcsu_wild_salvage,黄庭坚,行,勞,/root/Workspace/xy/HCSU/wild_extract/黄庭坚-行/勞.png,761,932,False,0.2756,0.0003,clean,none,direct_use,True
hcsu_wild_salvage,黄庭坚,行,壓,/root/Workspace/xy/HCSU/wild_extract/黄庭坚-行/壓.png,207,202,False,0.1582,0.0,clean,none,direct_use,True
hcsu_wild_salvage,黄庭坚,行,㝎,/root/Workspace/xy/HCSU/wild_extract/黄庭坚-行/㝎.png,124,96,False,0.1998,0.0156,clean,none,direct_use,True
hcsu_wild_salvage,黄庭坚,行,徑,/root/Workspace/xy/HCSU/wild_extract/黄庭坚-行/徑.png,248,219,True,0.3124,0.0006,inverted,inverted,invert_polarity,True
hcsu_wild_salvage,黄庭坚,行,啗,/root/Workspace/xy/HCSU/wild_extract/黄庭坚-行/啗.png,69,73,False,0.2033,0.0,clean,none,direct_use,True
hcsu_wild_salvage,黄庭坚,行,擕,/root/Workspace/xy/HCSU/wild_extract/黄庭坚-行/擕.png,149,190,False,0.2045,0.0121,clean,none,direct_use,True
hcsu_wild_salvage,黄庭坚,行,寵,/root/Workspace/xy/HCSU/wild_extract/黄庭坚-行/寵.png,939,1090,False,0.2508,0.0024,clean,none,direct_use,True
hcsu_wild_salvage,黄庭坚,行,園,/root/Workspace/xy/HCSU/wild_extract/黄庭坚-行/園.png,128,157,False,0.3842,0.0016,clean,none,direct_use,True
hcsu_wild_salvage,黄庭坚,行,側,/root/Workspace/xy/HCSU/wild_extract/黄庭坚-行/側.png,332,361,True,0.2052,0.0001,inverted,inverted,invert_polarity,True
hcsu_wild_salvage,黄庭坚,行,㝡,/root/Workspace/xy/HCSU/wild_extract/黄庭坚-行/㝡.png,91,108,False,0.1616,0.0019,clean,none,direct_use,True
hcsu_wild_salvage,黄庭坚,行,婦,/root/Workspace/xy/HCSU/wild_extract/黄庭坚-行/婦.png,159,189,False,0.2554,0.0005,clean,none,direct_use,True
hcsu_wild_salvage,黄庭坚,行,攣,/root/Workspace/xy/HCSU/wild_extract/黄庭坚-行/攣.png,261,301,False,0.2362,0.0016,clean,none,direct_use,True
