source_file,calligrapher,script,character,filename,source,status,width,height,outer_mean,inner_mean,is_inverted,ink_ratio,num_components,dirt_ratio,max_comp_ratio,quality,issues
/root/Workspace/xy/HCSU/wild_extract/于右任-楷/殉.png,于右任,楷,殉,殉.png,hcsu_wild_salvage,ok,186,168,56.8,84.7,True,0.2846,3,0.0,0.3827,inverted,inverted
/root/Workspace/xy/HCSU/wild_extract/于右任-楷/懷.png,于右任,楷,懷,懷.png,hcsu_wild_salvage,ok,315,315,61.8,58.9,True,0.1991,27,0.0053,0.3273,inverted,inverted
/root/Workspace/xy/HCSU/wild_extract/何绍基-楷/侖.png,何绍基,楷,侖,侖.png,hcsu_wild_salvage,ok,569,575,43.0,43.9,True,0.7362,279,0.0053,0.974,broken,inverted;too_solid
/root/Workspace/xy/HCSU/wild_extract/何绍基-隶/䌛.png,何绍基,隶,䌛,䌛.png,hcsu_wild_salvage,ok,776,618,221.5,221.8,False,0.26,11,0.0002,0.3944,clean,none
/root/Workspace/xy/HCSU/wild_extract/何绍基-隶/乡.png,何绍基,隶,乡,乡.png,hcsu_wild_salvage,ok,199,148,251.5,215.9,False,0.2579,5,0.0,0.2606,clean,none
/root/Workspace/xy/HCSU/wild_extract/何绍基-隶/㳺.png,何绍基,隶,㳺,㳺.png,hcsu_wild_salvage,ok,1149,898,211.5,211.6,False,0.233,12,0.0001,0.3991,clean,none
/root/Workspace/xy/HCSU/wild_extract/何绍基-隶/㭊.png,何绍基,隶,㭊,㭊.png,hcsu_wild_salvage,ok,1372,1198,199.0,198.8,False,0.2626,33,0.0001,0.5526,clean,none
/root/Workspace/xy/HCSU/wild_extract/何绍基-隶/䜣.png,何绍基,隶,䜣,䜣.png,hcsu_wild_salvage,ok,210,185,253.5,208.7,False,0.2221,6,0.0,0.5108,clean,none
/root/Workspace/xy/HCSU/wild_extract/何绍基-隶/扗.png,何绍基,隶,扗,扗.png,hcsu_wild_salvage,ok,649,524,86.1,87.7,True,0.7175,139,0.003,0.9942,broken,inverted;too_solid
/root/Workspace/xy/HCSU/wild_extract/何绍基-隶/㙯.png,何绍基,隶,㙯,㙯.png,hcsu_wild_salvage,ok,887,787,178.6,178.5,False,0.3043,686,0.0036,0.8011,clean,none
/root/Workspace/xy/HCSU/wild_extract/何绍基-隶/㝢.png,何绍基,隶,㝢,㝢.png,hcsu_wild_salvage,ok,707,691,229.5,229.4,False,0.2421,7,0.0001,0.6387,clean,none
/root/Workspace/xy/HCSU/wild_extract/何绍基-隶/㢘.png,何绍基,隶,㢘,㢘.png,hcsu_wild_salvage,ok,1533,1297,205.5,205.6,False,0.3157,7,0.0,0.5728,clean,none
/root/Workspace/xy/HCSU/wild_extract/何绍基-隶/㽞.png,何绍基,隶,㽞,㽞.png,hcsu_wild_salvage,ok,533,538,223.5,223.1,False,0.3172,155,0.0032,0.6136,clean,none
/root/Workspace/xy/HCSU/wild_extract/何绍基-隶/㩀.png,何绍基,隶,㩀,㩀.png,hcsu_wild_salvage,ok,1127,1026,201.6,201.8,False,0.314,247,0.001,0.6811,clean,none
/root/Workspace/xy/HCSU/wild_extract/何绍基-隶/㤁.png,何绍基,隶,㤁,㤁.png,hcsu_wild_salvage,ok,1582,1139,209.5,209.7,False,0.274,10,0.0,0.7361,clean,none
/root/Workspace/xy/HCSU/wild_extract/何绍基-隶/䖏.png,何绍基,隶,䖏,䖏.png,hcsu_wild_salvage,ok,1421,1265,210.3,210.3,False,0.3306,3,0.0,0.5074,clean,none
/root/Workspace/xy/HCSU/wild_extract/何绍基-隶/㙒.png,何绍基,隶,㙒,㙒.png,hcsu_wild_salvage,ok,913,647,168.4,168.3,False,0.3621,845,0.0042,0.8069,clean,none
/root/Workspace/xy/HCSU/wild_extract/何绍基-隶/尋.png,何绍基,隶,尋,尋.png,hcsu_wild_salvage,ok,1520,1529,215.7,215.7,False,0.239,5,0.0,0.383,clean,none
/root/Workspace/xy/HCSU/wild_extract/何绍基-隶/㦤.png,何绍基,隶,㦤,㦤.png,hcsu_wild_salvage,ok,1490,1205,199.1,199.3,False,0.261,48,0.0002,0.3099,clean,none
/root/Workspace/xy/HCSU/wild_extract/何绍基-隶/了.png,何绍基,隶,了,了.png,hcsu_wild_salvage,ok,565,579,90.0,89.7,True,0.7806,105,0.0021,0.9647,broken,inverted;too_solid
/root/Workspace/xy/HCSU/wild_extract/何绍基-隶/佚.png,何绍基,隶,佚,佚.png,hcsu_wild_salvage,ok,1554,1284,190.4,202.6,False,0.2688,11,0.0,0.6614,clean,none
/root/Workspace/xy/HCSU/wild_extract/何绍基-隶/㕘.png,何绍基,隶,㕘,㕘.png,hcsu_wild_salvage,ok,1535,1077,206.4,206.9,False,0.2319,7,0.0,0.4087,clean,none
/root/Workspace/xy/HCSU/wild_extract/何绍基-隶/䜟.png,何绍基,隶,䜟,䜟.png,hcsu_wild_salvage,ok,1569,1171,208.5,208.4,False,0.304,10,0.0,0.4799,clean,none
/root/Workspace/xy/HCSU/wild_extract/何绍基-隶/唫.png,何绍基,隶,唫,唫.png,hcsu_wild_salvage,ok,1417,1305,190.7,191.5,False,0.2887,21,0.0001,0.5102,clean,none
/root/Workspace/xy/HCSU/wild_extract/倪元璐-行/澆.png,倪元璐,行,澆,澆.png,hcsu_wild_salvage,ok,171,221,197.5,185.5,False,0.2327,7,0.002,0.7049,clean,none
/root/Workspace/xy/HCSU/wild_extract/倪元璐-行/價.png,倪元璐,行,價,價.png,hcsu_wild_salvage,ok,172,216,203.0,192.2,False,0.2694,11,0.0038,0.6026,clean,none
/root/Workspace/xy/HCSU/wild_extract/倪元璐-行/掃.png,倪元璐,行,掃,掃.png,hcsu_wild_salvage,ok,164,208,196.4,184.4,False,0.1635,37,0.0317,0.4113,clean,none
/root/Workspace/xy/HCSU/wild_extract/倪元璐-行/鹍.png,倪元璐,行,鹍,鹍.png,hcsu_wild_salvage,ok,281,274,25.1,24.0,True,0.1829,36,0.008,0.4689,inverted,inverted
/root/Workspace/xy/HCSU/wild_extract/倪元璐-行/開.png,倪元璐,行,開,開.png,hcsu_wild_salvage,ok,180,226,200.7,176.0,False,0.2649,20,0.0073,0.3584,clean,none
/root/Workspace/xy/HCSU/wild_extract/倪元璐-行/歸.png,倪元璐,行,歸,歸.png,hcsu_wild_salvage,ok,170,236,197.6,192.3,False,0.2707,21,0.0045,0.966,clean,none
/root/Workspace/xy/HCSU/wild_extract/倪元璐-行/間.png,倪元璐,行,間,間.png,hcsu_wild_salvage,ok,150,186,188.2,148.7,False,0.3225,7,0.0012,0.7026,clean,none
/root/Workspace/xy/HCSU/wild_extract/倪元璐-行/認.png,倪元璐,行,認,認.png,hcsu_wild_salvage,ok,172,173,201.0,193.3,False,0.1996,14,0.0057,0.9291,clean,none
/root/Workspace/xy/HCSU/wild_extract/倪元璐-行/蹔.png,倪元璐,行,蹔,蹔.png,hcsu_wild_salvage,ok,148,223,200.6,181.2,False,0.2844,11,0.0025,0.9975,clean,none
/root/Workspace/xy/HCSU/wild_extract/倪元璐-行/蝸.png,倪元璐,行,蝸,蝸.png,hcsu_wild_salvage,ok,208,180,200.4,177.5,False,0.3288,5,0.0025,0.9975,clean,none
/root/Workspace/xy/HCSU/wild_extract/倪元璐-行/詢.png,倪元璐,行,詢,詢.png,hcsu_wild_salvage,ok,166,183,195.5,176.8,False,0.217,28,0.0132,0.4631,clean,none
/root/Workspace/xy/HCSU/wild_extract/倪元璐-行/詳.png,倪元璐,行,詳,詳.png,hcsu_wild_salvage,ok,152,206,196.5,188.9,False,0.2557,19,0.011,0.505,clean,none
/root/Workspace/xy/HCSU/wild_extract/倪元璐-行/針.png,倪元璐,行,針,針.png,hcsu_wild_salvage,ok,202,202,198.4,192.4,False,0.2559,6,0.0017,0.6699,clean,none
/root/Workspace/xy/HCSU/wild_extract/倪元璐-行/勝.png,倪元璐,行,勝,勝.png,hcsu_wild_salvage,ok,166,218,199.7,190.6,False,0.2511,7,0.0004,0.5198,clean,none
/root/Workspace/xy/HCSU/wild_extract/倪元璐-行/攝.png,倪元璐,行,攝,攝.png,hcsu_wild_salvage,ok,177,233,198.2,180.1,False,0.2612,15,0.0062,0.6263,clean,none
/root/Workspace/xy/HCSU/wild_extract/倪元璐-行/確.png,倪元璐,行,確,確.png,hcsu_wild_salvage,ok,170,157,200.3,183.7,False,0.2652,5,0.0007,0.9993,clean,none
/root/Workspace/xy/HCSU/wild_extract/倪元璐-行/鯨.png,倪元璐,行,鯨,鯨.png,hcsu_wild_salvage,ok,177,243,199.1,191.1,False,0.2264,20,0.0043,0.5724,clean,none
/root/Workspace/xy/HCSU/wild_extract/倪元璐-行/啓.png,倪元璐,行,啓,啓.png,hcsu_wild_salvage,ok,160,185,199.3,185.1,False,0.2037,22,0.0156,0.4665,clean,none
/root/Workspace/xy/HCSU/wild_extract/倪元璐-行/動.png,倪元璐,行,動,動.png,hcsu_wild_salvage,ok,157,220,198.3,171.1,False,0.3554,10,0.0038,0.9962,clean,none
/root/Workspace/xy/HCSU/wild_extract/倪元璐-行/親.png,倪元璐,行,親,親.png,hcsu_wild_salvage,ok,202,236,198.8,194.4,False,0.2713,32,0.0104,0.4724,clean,none
/root/Workspace/xy/HCSU/wild_extract/倪元璐-行/禪.png,倪元璐,行,禪,禪.png,hcsu_wild_salvage,ok,165,228,193.3,183.1,False,0.2946,8,0.0023,0.9268,clean,none
/root/Workspace/xy/HCSU/wild_extract/倪元璐-行/摳.png,倪元璐,行,摳,摳.png,hcsu_wild_salvage,ok,195,208,193.5,183.5,False,0.2854,4,0.0003,0.9716,clean,none
/root/Workspace/xy/HCSU/wild_extract/倪元璐-行/領.png,倪元璐,行,領,領.png,hcsu_wild_salvage,ok,215,213,203.9,195.4,False,0.2325,19,0.0063,0.5399,clean,none
/root/Workspace/xy/HCSU/wild_extract/倪元璐-行/謀.png,倪元璐,行,謀,謀.png,hcsu_wild_salvage,ok,152,200,197.0,181.9,False,0.3068,7,0.0029,0.5184,clean,none
/root/Workspace/xy/HCSU/wild_extract/倪元璐-行/風.png,倪元璐,行,風,風.png,hcsu_wild_salvage,ok,186,155,185.6,184.1,False,0.2554,7,0.0023,0.9386,clean,none
/root/Workspace/xy/HCSU/wild_extract/倪元璐-行/羣.png,倪元璐,行,羣,羣.png,hcsu_wild_salvage,ok,283,453,211.9,211.3,False,0.2099,296,0.0146,0.9835,clean,none
/root/Workspace/xy/HCSU/wild_extract/倪元璐-行/隻.png,倪元璐,行,隻,隻.png,hcsu_wild_salvage,ok,162,194,194.0,186.4,False,0.2571,4,0.0001,0.9861,clean,none
/root/Workspace/xy/HCSU/wild_extract/倪元璐-行/鬘.png,倪元璐,行,鬘,鬘.png,hcsu_wild_salvage,ok,356,579,83.7,82.4,True,0.2404,2839,0.1824,0.7007,noisy,inverted;high_dirt_0.18
/root/Workspace/xy/HCSU/wild_extract/倪元璐-行/噓.png,倪元璐,行,噓,噓.png,hcsu_wild_salvage,ok,170,188,191.6,180.9,False,0.2487,19,0.0078,0.7458,clean,none
/root/Workspace/xy/HCSU/wild_extract/倪元璐-行/寶.png,倪元璐,行,寶,寶.png,hcsu_wild_salvage,ok,159,233,197.5,189.0,False,0.2906,6,0.001,0.999,clean,none
/root/Workspace/xy/HCSU/wild_extract/倪元璐-行/連.png,倪元璐,行,連,連.png,hcsu_wild_salvage,ok,209,193,200.4,184.3,False,0.2171,9,0.003,0.7664,clean,none
/root/Workspace/xy/HCSU/wild_extract/倪元璐-行/饑.png,倪元璐,行,饑,饑.png,hcsu_wild_salvage,ok,172,182,204.3,193.6,False,0.2204,12,0.0059,0.6376,clean,none
/root/Workspace/xy/HCSU/wild_extract/倪元璐-行/訊.png,倪元璐,行,訊,訊.png,hcsu_wild_salvage,ok,158,186,196.4,184.7,False,0.2003,24,0.0105,0.4727,clean,none
/root/Workspace/xy/HCSU/wild_extract/倪元璐-行/奪.png,倪元璐,行,奪,奪.png,hcsu_wild_salvage,ok,130,236,192.1,182.2,False,0.3331,10,0.0027,0.9658,clean,none
/root/Workspace/xy/HCSU/wild_extract/倪元璐-行/廣.png,倪元璐,行,廣,廣.png,hcsu_wild_salvage,ok,161,283,198.6,193.3,False,0.2258,5,0.0007,0.9847,clean,none
/root/Workspace/xy/HCSU/wild_extract/倪元璐-行/圖.png,倪元璐,行,圖,圖.png,hcsu_wild_salvage,ok,166,227,200.0,178.1,False,0.3074,12,0.0035,0.9965,clean,none
/root/Workspace/xy/HCSU/wild_extract/倪元璐-行/擾.png,倪元璐,行,擾,擾.png,hcsu_wild_salvage,ok,195,229,198.5,194.3,False,0.2129,28,0.0069,0.3659,clean,none
/root/Workspace/xy/HCSU/wild_extract/倪元璐-行/爾.png,倪元璐,行,爾,爾.png,hcsu_wild_salvage,ok,133,179,199.7,180.8,False,0.2928,8,0.0065,0.9935,clean,none
/root/Workspace/xy/HCSU/wild_extract/倪元璐-行/業.png,倪元璐,行,業,業.png,hcsu_wild_salvage,ok,144,271,199.2,189.4,False,0.3219,4,0.0014,0.5005,clean,none
/root/Workspace/xy/HCSU/wild_extract/倪元璐-行/審.png,倪元璐,行,審,審.png,hcsu_wild_salvage,ok,156,231,198.2,185.3,False,0.3551,10,0.0028,0.9909,clean,none
/root/Workspace/xy/HCSU/wild_extract/倪元璐-行/覈.png,倪元璐,行,覈,覈.png,hcsu_wild_salvage,ok,166,247,199.7,189.5,False,0.2493,8,0.0031,0.7242,clean,none
/root/Workspace/xy/HCSU/wild_extract/倪元璐-行/竚.png,倪元璐,行,竚,竚.png,hcsu_wild_salvage,ok,174,220,195.3,184.7,False,0.2637,8,0.003,0.5335,clean,none
/root/Workspace/xy/HCSU/wild_extract/倪元璐-行/資.png,倪元璐,行,資,資.png,hcsu_wild_salvage,ok,139,176,205.3,192.1,False,0.2066,14,0.0152,0.8647,clean,none
/root/Workspace/xy/HCSU/wild_extract/倪元璐-行/倉.png,倪元璐,行,倉,倉.png,hcsu_wild_salvage,ok,149,221,200.8,189.0,False,0.2478,3,0.0032,0.9968,clean,none
/root/Workspace/xy/HCSU/wild_extract/倪元璐-行/銜.png,倪元璐,行,銜,銜.png,hcsu_wild_salvage,ok,178,246,202.5,187.9,False,0.1844,44,0.0228,0.3579,clean,none
/root/Workspace/xy/HCSU/wild_extract/倪元璐-行/會.png,倪元璐,行,會,會.png,hcsu_wild_salvage,ok,158,213,200.2,184.4,False,0.2098,12,0.0061,0.9895,clean,none
/root/Workspace/xy/HCSU/wild_extract/倪元璐-行/罈.png,倪元璐,行,罈,罈.png,hcsu_wild_salvage,ok,191,230,198.0,191.8,False,0.2114,36,0.0125,0.4807,clean,none
/root/Workspace/xy/HCSU/wild_extract/倪元璐-行/轉.png,倪元璐,行,轉,轉.png,hcsu_wild_salvage,ok,163,198,197.3,182.3,False,0.329,2,0.0,0.9952,clean,none
/root/Workspace/xy/HCSU/wild_extract/倪元璐-行/勞.png,倪元璐,行,勞,勞.png,hcsu_wild_salvage,ok,123,255,194.3,188.3,False,0.1963,26,0.0148,0.89,clean,none
/root/Workspace/xy/HCSU/wild_extract/倪元璐-行/錦.png,倪元璐,行,錦,錦.png,hcsu_wild_salvage,ok,205,234,195.3,188.2,False,0.2505,21,0.0034,0.5226,clean,none
/root/Workspace/xy/HCSU/wild_extract/倪元璐-行/談.png,倪元璐,行,談,談.png,hcsu_wild_salvage,ok,202,235,195.2,189.5,False,0.2735,3,0.0012,0.9583,clean,none
/root/Workspace/xy/HCSU/wild_extract/倪元璐-行/貳.png,倪元璐,行,貳,貳.png,hcsu_wild_salvage,ok,150,223,197.8,188.4,False,0.2622,10,0.0021,0.9821,clean,none
/root/Workspace/xy/HCSU/wild_extract/刘墉-行/扵.png,刘墉,行,扵,扵.png,hcsu_wild_salvage,ok,532,583,191.2,190.9,False,0.2234,3,0.0,0.5703,clean,none
/root/Workspace/xy/HCSU/wild_extract/刘墉-行/唘.png,刘墉,行,唘,唘.png,hcsu_wild_salvage,ok,177,169,191.7,173.2,False,0.3247,3,0.0004,0.6805,clean,none
/root/Workspace/xy/HCSU/wild_extract/刘墉-行/勝.png,刘墉,行,勝,勝.png,hcsu_wild_salvage,ok,185,168,202.2,196.0,False,0.1836,7,0.0016,0.9064,clean,none
/root/Workspace/xy/HCSU/wild_extract/刘墉-行/進.png,刘墉,行,進,進.png,hcsu_wild_salvage,ok,900,1052,204.9,204.3,False,0.3388,37,0.0003,0.4208,clean,none
/root/Workspace/xy/HCSU/wild_extract/刘墉-行/秊.png,刘墉,行,秊,秊.png,hcsu_wild_salvage,ok,176,185,203.6,195.2,False,0.2372,1,0.0,1.0,clean,none
/root/Workspace/xy/HCSU/wild_extract/刘墉-行/興.png,刘墉,行,興,興.png,hcsu_wild_salvage,ok,576,785,187.7,187.1,False,0.2072,5,0.0002,0.7766,clean,none
/root/Workspace/xy/HCSU/wild_extract/刘墉-行/缾.png,刘墉,行,缾,缾.png,hcsu_wild_salvage,ok,177,162,201.4,197.2,False,0.1831,19,0.005,0.5816,clean,none
/root/Workspace/xy/HCSU/wild_extract/刘墉-行/髙.png,刘墉,行,髙,髙.png,hcsu_wild_salvage,ok,141,204,202.8,194.3,False,0.2332,2,0.0,0.9374,clean,none
/root/Workspace/xy/HCSU/wild_extract/刘墉-行/莭.png,刘墉,行,莭,莭.png,hcsu_wild_salvage,ok,764,1128,194.7,193.8,False,0.3048,23,0.0004,0.5285,clean,none
/root/Workspace/xy/HCSU/wild_extract/刘墉-行/無.png,刘墉,行,無,無.png,hcsu_wild_salvage,ok,209,152,197.0,186.4,False,0.2284,2,0.0001,0.9999,clean,none
/root/Workspace/xy/HCSU/wild_extract/启功-楷/董.png,启功,楷,董,董.png,hcsu_wild_salvage,ok,228,298,249.2,242.5,False,0.2076,1,0.0,1.0,clean,none
/root/Workspace/xy/HCSU/wild_extract/启功-楷/仲.png,启功,楷,仲,仲.png,hcsu_wild_salvage,ok,222,309,252.0,250.4,False,0.1112,2,0.0,0.6953,clean,none
/root/Workspace/xy/HCSU/wild_extract/启功-楷/适.png,启功,楷,适,适.png,hcsu_wild_salvage,ok,380,349,248.2,235.9,False,0.2723,52,0.0076,0.9924,clean,none
/root/Workspace/xy/HCSU/wild_extract/吴昌硕-隶/牆.png,吴昌硕,隶,牆,牆.png,hcsu_wild_salvage,ok,195,156,205.8,174.0,False,0.3063,4,0.0004,0.4011,clean,none
/root/Workspace/xy/HCSU/wild_extract/吴昌硕-隶/張.png,吴昌硕,隶,張,張.png,hcsu_wild_salvage,ok,228,265,196.2,164.8,False,0.4339,9,0.0011,0.6335,clean,none
/root/Workspace/xy/HCSU/wild_extract/唐寅-行/掃.png,唐寅,行,掃,掃.png,hcsu_wild_salvage,ok,259,278,218.2,205.2,False,0.2681,2,0.0,0.6849,clean,none
/root/Workspace/xy/HCSU/wild_extract/唐寅-行/楊.png,唐寅,行,楊,楊.png,hcsu_wild_salvage,ok,151,157,213.2,183.0,False,0.2707,4,0.0012,0.6778,clean,none
/root/Workspace/xy/HCSU/wild_extract/唐寅-行/秾.png,唐寅,行,秾,秾.png,hcsu_wild_salvage,ok,371,402,177.9,174.2,False,0.1482,8,0.0011,0.3353,clean,none
/root/Workspace/xy/HCSU/wild_extract/唐寅-行/絲.png,唐寅,行,絲,絲.png,hcsu_wild_salvage,ok,516,409,160.2,159.2,False,0.3143,4,0.0,0.4985,clean,none
/root/Workspace/xy/HCSU/wild_extract/唐寅-行/時.png,唐寅,行,時,時.png,hcsu_wild_salvage,ok,297,301,31.4,36.3,True,0.2186,14,0.0013,0.4982,inverted,inverted
/root/Workspace/xy/HCSU/wild_extract/唐寅-行/䑓.png,唐寅,行,䑓,䑓.png,hcsu_wild_salvage,ok,96,182,190.3,177.5,False,0.2317,5,0.0022,0.6076,clean,none
/root/Workspace/xy/HCSU/wild_extract/唐寅-行/塚.png,唐寅,行,塚,塚.png,hcsu_wild_salvage,ok,418,391,178.8,174.6,False,0.2622,4,0.0001,0.6715,clean,none
/root/Workspace/xy/HCSU/wild_extract/唐寅-行/枕.png,唐寅,行,枕,枕.png,hcsu_wild_salvage,ok,139,94,158.3,141.8,False,0.2038,4,0.0004,0.4097,clean,none
/root/Workspace/xy/HCSU/wild_extract/唐寅-行/穡.png,唐寅,行,穡,穡.png,hcsu_wild_salvage,ok,271,244,212.8,195.8,False,0.2893,2,0.0,0.5698,clean,none
/root/Workspace/xy/HCSU/wild_extract/唐寅-行/監.png,唐寅,行,監,監.png,hcsu_wild_salvage,ok,185,220,219.0,199.7,False,0.2938,3,0.0003,0.9076,clean,none
/root/Workspace/xy/HCSU/wild_extract/唐寅-行/晻.png,唐寅,行,晻,晻.png,hcsu_wild_salvage,ok,372,331,179.7,173.2,False,0.2039,5,0.0,0.4063,clean,none
/root/Workspace/xy/HCSU/wild_extract/唐寅-行/簷.png,唐寅,行,簷,簷.png,hcsu_wild_salvage,ok,121,171,167.1,148.7,False,0.2648,10,0.0082,0.8911,clean,none
/root/Workspace/xy/HCSU/wild_extract/唐寅-行/従.png,唐寅,行,従,従.png,hcsu_wild_salvage,ok,180,252,219.0,189.7,False,0.3015,4,0.0,0.7164,clean,none
/root/Workspace/xy/HCSU/wild_extract/唐寅-行/罥.png,唐寅,行,罥,罥.png,hcsu_wild_salvage,ok,237,354,179.4,165.0,False,0.3938,1,0.0,1.0,clean,none
/root/Workspace/xy/HCSU/wild_extract/唐寅-行/䟽.png,唐寅,行,䟽,䟽.png,hcsu_wild_salvage,ok,182,131,212.6,178.4,False,0.2754,4,0.0,0.4434,clean,none
/root/Workspace/xy/HCSU/wild_extract/唐寅-行/爛.png,唐寅,行,爛,爛.png,hcsu_wild_salvage,ok,83,83,177.9,128.2,False,0.272,1,0.0,1.0,clean,none
/root/Workspace/xy/HCSU/wild_extract/唐寅-行/縁.png,唐寅,行,縁,縁.png,hcsu_wild_salvage,ok,245,219,221.5,204.4,False,0.3287,1,0.0,1.0,clean,none
/root/Workspace/xy/HCSU/wild_extract/唐寅-行/惔.png,唐寅,行,惔,惔.png,hcsu_wild_salvage,ok,407,367,180.4,177.5,False,0.1891,7,0.0008,0.5942,clean,none
/root/Workspace/xy/HCSU/wild_extract/唐寅-行/帶.png,唐寅,行,帶,帶.png,hcsu_wild_salvage,ok,203,321,206.6,191.4,False,0.3247,2,0.0001,0.9999,clean,none
/root/Workspace/xy/HCSU/wild_extract/唐寅-行/終.png,唐寅,行,終,終.png,hcsu_wild_salvage,ok,198,134,217.0,188.1,False,0.1876,8,0.0008,0.4043,clean,none
/root/Workspace/xy/HCSU/wild_extract/唐寅-行/樹.png,唐寅,行,樹,樹.png,hcsu_wild_salvage,ok,114,116,183.8,158.9,False,0.1923,3,0.0,0.4982,clean,none
/root/Workspace/xy/HCSU/wild_extract/唐寅-行/䥴.png,唐寅,行,䥴,䥴.png,hcsu_wild_salvage,ok,227,235,214.9,204.7,False,0.2466,5,0.0003,0.8808,clean,none
/root/Workspace/xy/HCSU/wild_extract/唐寅-行/旅.png,唐寅,行,旅,旅.png,hcsu_wild_salvage,ok,251,222,161.6,159.0,False,0.1204,9,0.0001,0.4871,clean,none
/root/Workspace/xy/HCSU/wild_extract/唐寅-行/晉.png,唐寅,行,晉,晉.png,hcsu_wild_salvage,ok,233,268,205.9,202.3,False,0.2986,8,0.0028,0.9972,clean,none
/root/Workspace/xy/HCSU/wild_extract/唐寅-行/略.png,唐寅,行,略,略.png,hcsu_wild_salvage,ok,370,427,179.1,176.2,False,0.2253,1,0.0,1.0,clean,none
/root/Workspace/xy/HCSU/wild_extract/唐寅-行/氣.png,唐寅,行,氣,氣.png,hcsu_wild_salvage,ok,114,157,191.7,158.1,False,0.2575,3,0.0007,0.9577,clean,none
/root/Workspace/xy/HCSU/wild_extract/唐寅-行/盡.png,唐寅,行,盡,盡.png,hcsu_wild_salvage,ok,233,286,212.7,197.4,False,0.3266,3,0.0001,0.9875,clean,none
/root/Workspace/xy/HCSU/wild_extract/唐寅-行/眀.png,唐寅,行,眀,眀.png,hcsu_wild_salvage,ok,196,229,218.0,189.5,False,0.3361,2,0.0,0.5436,clean,none
/root/Workspace/xy/HCSU/wild_extract/唐寅-行/滄.png,唐寅,行,滄,滄.png,hcsu_wild_salvage,ok,222,221,216.2,186.0,False,0.2435,4,0.0007,0.4888,clean,none
/root/Workspace/xy/HCSU/wild_extract/唐寅-行/扠.png,唐寅,行,扠,扠.png,hcsu_wild_salvage,ok,115,87,147.9,133.9,False,0.1835,2,0.0,0.6029,clean,none
/root/Workspace/xy/HCSU/wild_extract/唐寅-行/勲.png,唐寅,行,勲,勲.png,hcsu_wild_salvage,ok,233,188,216.9,196.2,False,0.2088,6,0.0011,0.5941,clean,none
/root/Workspace/xy/HCSU/wild_extract/唐寅-行/夗.png,唐寅,行,夗,夗.png,hcsu_wild_salvage,ok,104,90,144.7,128.2,False,0.2179,2,0.0,0.5142,clean,none
/root/Workspace/xy/HCSU/wild_extract/唐寅-行/峯.png,唐寅,行,峯,峯.png,hcsu_wild_salvage,ok,82,109,187.8,157.2,False,0.26,2,0.0009,0.9991,clean,none
/root/Workspace/xy/HCSU/wild_extract/唐寅-行/湯.png,唐寅,行,湯,湯.png,hcsu_wild_salvage,ok,193,230,216.1,195.1,False,0.2546,2,0.0,0.7208,clean,none
/root/Workspace/xy/HCSU/wild_extract/唐寅-行/無.png,唐寅,行,無,無.png,hcsu_wild_salvage,ok,412,406,18.2,20.0,True,0.1394,16,0.0028,0.4005,inverted,inverted
/root/Workspace/xy/HCSU/wild_extract/唐玄宗-隶/三.png,唐玄宗,隶,三,三.png,hcsu_wild_salvage,ok,271,155,47.1,47.5,True,0.1787,5,0.0003,0.5095,inverted,inverted
/root/Workspace/xy/HCSU/wild_extract/唐玄宗-隶/止.png,唐玄宗,隶,止,止.png,hcsu_wild_salvage,ok,652,369,44.9,47.7,True,0.2791,11,0.0002,0.9998,inverted,inverted
/root/Workspace/xy/HCSU/wild_extract/唐玄宗-隶/敢.png,唐玄宗,隶,敢,敢.png,hcsu_wild_salvage,ok,647,394,45.0,45.1,True,0.2755,39,0.0014,0.5249,inverted,inverted
/root/Workspace/xy/HCSU/wild_extract/唐玄宗-隶/北.png,唐玄宗,隶,北,北.png,hcsu_wild_salvage,ok,650,337,52.4,53.3,True,0.2776,51,0.0025,0.5712,inverted,inverted
/root/Workspace/xy/HCSU/wild_extract/唐玄宗-隶/亨.png,唐玄宗,隶,亨,亨.png,hcsu_wild_salvage,ok,681,573,46.6,47.1,True,0.2082,16,0.0004,0.4169,inverted,inverted
/root/Workspace/xy/HCSU/wild_extract/唐玄宗-隶/谏.png,唐玄宗,隶,谏,谏.png,hcsu_wild_salvage,ok,272,187,50.7,50.5,True,0.1769,10,0.0001,0.525,inverted,inverted
/root/Workspace/xy/HCSU/wild_extract/康里巎巎-行/教.png,康里巎巎,行,教,教.png,hcsu_wild_salvage,ok,305,392,44.8,46.6,True,0.2161,1223,0.0557,0.9287,noisy,inverted;high_dirt_0.06
/root/Workspace/xy/HCSU/wild_extract/康里巎巎-行/峩.png,康里巎巎,行,峩,峩.png,hcsu_wild_salvage,ok,336,592,185.8,183.7,False,0.2115,5,0.0,0.8258,clean,none
/root/Workspace/xy/HCSU/wild_extract/康里巎巎-行/惧.png,康里巎巎,行,惧,惧.png,hcsu_wild_salvage,ok,326,417,50.4,51.6,True,0.1816,1285,0.0591,0.5978,noisy,inverted;high_dirt_0.06
/root/Workspace/xy/HCSU/wild_extract/康里巎巎-行/茟.png,康里巎巎,行,茟,茟.png,hcsu_wild_salvage,ok,352,874,185.4,185.8,False,0.2666,12,0.0003,0.9997,clean,none
/root/Workspace/xy/HCSU/wild_extract/康里巎巎-行/竒.png,康里巎巎,行,竒,竒.png,hcsu_wild_salvage,ok,300,513,195.6,195.0,False,0.1713,7,0.0004,0.9417,clean,none
/root/Workspace/xy/HCSU/wild_extract/康里巎巎-行/扵.png,康里巎巎,行,扵,扵.png,hcsu_wild_salvage,ok,460,590,173.9,173.7,False,0.1744,62,0.0063,0.9217,clean,none
/root/Workspace/xy/HCSU/wild_extract/康里巎巎-行/曉.png,康里巎巎,行,曉,曉.png,hcsu_wild_salvage,ok,345,320,192.7,190.6,False,0.179,9,0.002,0.998,clean,none
/root/Workspace/xy/HCSU/wild_extract/康里巎巎-行/诗.png,康里巎巎,行,诗,诗.png,hcsu_wild_salvage,ok,348,443,195.6,194.8,False,0.2194,5,0.0009,0.9645,clean,none
/root/Workspace/xy/HCSU/wild_extract/康里巎巎-行/為.png,康里巎巎,行,為,為.png,hcsu_wild_salvage,ok,264,462,193.8,191.0,False,0.2067,3,0.0002,0.9998,clean,none
/root/Workspace/xy/HCSU/wild_extract/康里巎巎-行/逥.png,康里巎巎,行,逥,逥.png,hcsu_wild_salvage,ok,359,319,193.7,189.1,False,0.2738,4,0.0001,0.7786,clean,none
/root/Workspace/xy/HCSU/wild_extract/康里巎巎-行/緌.png,康里巎巎,行,緌,緌.png,hcsu_wild_salvage,ok,299,427,194.8,193.6,False,0.2604,6,0.0004,0.9996,clean,none
/root/Workspace/xy/HCSU/wild_extract/康里巎巎-行/宣.png,康里巎巎,行,宣,宣.png,hcsu_wild_salvage,ok,445,551,180.9,180.3,False,0.2448,12,0.0005,0.3951,clean,none
/root/Workspace/xy/HCSU/wild_extract/康里巎巎-行/圡.png,康里巎巎,行,圡,圡.png,hcsu_wild_salvage,ok,206,241,196.2,189.9,False,0.2277,2,0.0,0.8539,clean,none
/root/Workspace/xy/HCSU/wild_extract/康里巎巎-行/至.png,康里巎巎,行,至,至.png,hcsu_wild_salvage,ok,176,411,46.1,49.5,True,0.2004,185,0.0142,0.8895,inverted,inverted
/root/Workspace/xy/HCSU/wild_extract/康里巎巎-行/帰.png,康里巎巎,行,帰,帰.png,hcsu_wild_salvage,ok,296,729,191.3,189.2,False,0.1761,13,0.0013,0.5622,clean,none
/root/Workspace/xy/HCSU/wild_extract/康里巎巎-行/责.png,康里巎巎,行,责,责.png,hcsu_wild_salvage,ok,272,503,48.8,49.8,True,0.1311,483,0.0343,0.6543,inverted,inverted
/root/Workspace/xy/HCSU/wild_extract/康里巎巎-行/吚.png,康里巎巎,行,吚,吚.png,hcsu_wild_salvage,ok,292,348,196.7,195.7,False,0.1635,2,0.0,0.7192,clean,none
/root/Workspace/xy/HCSU/wild_extract/康里巎巎-行/鴈.png,康里巎巎,行,鴈,鴈.png,hcsu_wild_salvage,ok,276,433,192.7,190.6,False,0.1444,14,0.004,0.9081,clean,none
/root/Workspace/xy/HCSU/wild_extract/康里巎巎-行/歔.png,康里巎巎,行,歔,歔.png,hcsu_wild_salvage,ok,312,414,198.3,196.6,False,0.1851,4,0.0001,0.9126,clean,none
/root/Workspace/xy/HCSU/wild_extract/康里巎巎-行/郷.png,康里巎巎,行,郷,郷.png,hcsu_wild_salvage,ok,290,379,197.5,193.3,False,0.2465,4,0.0001,0.6643,clean,none
/root/Workspace/xy/HCSU/wild_extract/康里巎巎-行/壻.png,康里巎巎,行,壻,壻.png,hcsu_wild_salvage,ok,416,636,176.9,175.2,False,0.2024,65,0.0046,0.4347,clean,none
/root/Workspace/xy/HCSU/wild_extract/康里巎巎-行/聮.png,康里巎巎,行,聮,聮.png,hcsu_wild_salvage,ok,344,359,194.7,192.5,False,0.2704,3,0.0001,0.9999,clean,none
/root/Workspace/xy/HCSU/wild_extract/康里巎巎-行/侄.png,康里巎巎,行,侄,侄.png,hcsu_wild_salvage,ok,482,620,175.1,177.4,False,0.236,31,0.0014,0.9336,clean,none
/root/Workspace/xy/HCSU/wild_extract/康里巎巎-行/巎.png,康里巎巎,行,巎,巎.png,hcsu_wild_salvage,ok,311,429,197.4,196.0,False,0.1859,7,0.0014,0.9213,clean,none
/root/Workspace/xy/HCSU/wild_extract/康里巎巎-行/煑.png,康里巎巎,行,煑,煑.png,hcsu_wild_salvage,ok,241,416,196.1,194.1,False,0.2264,6,0.0006,0.9625,clean,none
/root/Workspace/xy/HCSU/wild_extract/康里巎巎-行/飜.png,康里巎巎,行,飜,飜.png,hcsu_wild_salvage,ok,375,418,192.7,189.8,False,0.3088,3,0.0002,0.9987,clean,none
/root/Workspace/xy/HCSU/wild_extract/康里巎巎-行/冝.png,康里巎巎,行,冝,冝.png,hcsu_wild_salvage,ok,254,365,193.4,190.1,False,0.2538,5,0.0017,0.9983,clean,none
/root/Workspace/xy/HCSU/wild_extract/康里巎巎-行/分.png,康里巎巎,行,分,分.png,hcsu_wild_salvage,ok,259,228,49.0,50.4,True,0.2213,3652,0.4977,0.4066,noisy,inverted;high_dirt_0.50
/root/Workspace/xy/HCSU/wild_extract/康里巎巎-行/眀.png,康里巎巎,行,眀,眀.png,hcsu_wild_salvage,ok,436,576,180.9,180.3,False,0.2623,44,0.0031,0.531,clean,none
/root/Workspace/xy/HCSU/wild_extract/康里巎巎-行/蹷.png,康里巎巎,行,蹷,蹷.png,hcsu_wild_salvage,ok,323,497,187.1,185.7,False,0.2212,9,0.001,0.9106,clean,none
/root/Workspace/xy/HCSU/wild_extract/康里巎巎-行/隣.png,康里巎巎,行,隣,隣.png,hcsu_wild_salvage,ok,278,445,196.6,195.5,False,0.2685,3,0.0003,0.7414,clean,none
/root/Workspace/xy/HCSU/wild_extract/康里巎巎-行/髙.png,康里巎巎,行,髙,髙.png,hcsu_wild_salvage,ok,227,375,194.5,185.8,False,0.2418,6,0.0013,0.9413,clean,none
/root/Workspace/xy/HCSU/wild_extract/康里巎巎-行/珮.png,康里巎巎,行,珮,珮.png,hcsu_wild_salvage,ok,406,389,180.7,183.6,False,0.2517,15,0.0011,0.6301,clean,none
/root/Workspace/xy/HCSU/wild_extract/康里巎巎-行/等.png,康里巎巎,行,等,等.png,hcsu_wild_salvage,ok,231,438,45.9,47.5,True,0.163,576,0.0426,0.3807,inverted,inverted
/root/Workspace/xy/HCSU/wild_extract/康里巎巎-行/㓕.png,康里巎巎,行,㓕,㓕.png,hcsu_wild_salvage,ok,403,433,195.3,193.9,False,0.1452,7,0.0005,0.9966,clean,none
/root/Workspace/xy/HCSU/wild_extract/康里巎巎-行/㺯.png,康里巎巎,行,㺯,㺯.png,hcsu_wild_salvage,ok,274,343,195.9,193.4,False,0.1946,4,0.0004,0.8765,clean,none
/root/Workspace/xy/HCSU/wild_extract/康里巎巎-行/斝.png,康里巎巎,行,斝,斝.png,hcsu_wild_salvage,ok,279,501,199.3,198.2,False,0.2001,5,0.0005,0.8748,clean,none
/root/Workspace/xy/HCSU/wild_extract/文征明-楷/崑.png,文徵明,楷,崑,崑.png,hcsu_wild_salvage,ok,122,157,186.1,164.9,False,0.1923,9,0.009,0.3437,clean,none
/root/Workspace/xy/HCSU/wild_extract/文征明-楷/尽.png,文徵明,楷,尽,尽.png,hcsu_wild_salvage,ok,126,129,53.3,67.3,True,0.1572,65,0.0462,0.9538,inverted,inverted
/root/Workspace/xy/HCSU/wild_extract/文征明-行/圎.png,文徵明,行,圎,圎.png,hcsu_wild_salvage,ok,663,696,140.9,140.6,False,0.5132,23634,0.2061,0.6933,noisy,high_dirt_0.21
/root/Workspace/xy/HCSU/wild_extract/文征明-行/嶠.png,文徵明,行,嶠,嶠.png,hcsu_wild_salvage,ok,280,360,198.9,196.0,False,0.2001,2,0.0,1.0,clean,none
/root/Workspace/xy/HCSU/wild_extract/文征明-行/嵗.png,文徵明,行,嵗,嵗.png,hcsu_wild_salvage,ok,226,311,175.3,172.9,False,0.1944,17,0.0043,0.9132,clean,none
/root/Workspace/xy/HCSU/wild_extract/文征明-行/婞.png,文徵明,行,婞,婞.png,hcsu_wild_salvage,ok,114,127,236.7,213.1,False,0.2324,1,0.0,1.0,clean,none
/root/Workspace/xy/HCSU/wild_extract/文征明-行/㟧.png,文徵明,行,㟧,㟧.png,hcsu_wild_salvage,ok,61,102,215.0,176.2,False,0.1752,4,0.0009,0.5606,clean,none
/root/Workspace/xy/HCSU/wild_extract/文征明-行/寢.png,文徵明,行,寢,寢.png,hcsu_wild_salvage,ok,348,472,197.9,196.0,False,0.2737,3,0.0003,0.9553,clean,none
/root/Workspace/xy/HCSU/wild_extract/文征明-行/團.png,文徵明,行,團,團.png,hcsu_wild_salvage,ok,302,351,195.3,189.6,False,0.2718,7,0.0007,0.9993,clean,none
/root/Workspace/xy/HCSU/wild_extract/文征明-行/㷊.png,文徵明,行,㷊,㷊.png,hcsu_wild_salvage,ok,300,301,192.2,189.6,False,0.1828,8,0.002,0.998,clean,none
/root/Workspace/xy/HCSU/wild_extract/文征明-行/島.png,文徵明,行,島,島.png,hcsu_wild_salvage,ok,169,309,215.4,203.4,False,0.2449,1,0.0,1.0,clean,none
/root/Workspace/xy/HCSU/wild_extract/文征明-行/䕃.png,文徵明,行,䕃,䕃.png,hcsu_wild_salvage,ok,248,353,206.1,205.0,False,0.2086,6,0.0016,0.9984,clean,none
/root/Workspace/xy/HCSU/wild_extract/文征明-行/儤.png,文徵明,行,儤,儤.png,hcsu_wild_salvage,ok,845,795,152.4,153.0,False,0.257,8,0.0001,0.984,clean,none
/root/Workspace/xy/HCSU/wild_extract/文征明-行/㪽.png,文徵明,行,㪽,㪽.png,hcsu_wild_salvage,ok,169,136,189.8,173.0,False,0.2059,5,0.0006,0.7883,clean,none
/root/Workspace/xy/HCSU/wild_extract/文征明-行/乹.png,文徵明,行,乹,乹.png,hcsu_wild_salvage,ok,341,344,194.0,189.4,False,0.2235,6,0.0003,0.9997,clean,none
/root/Workspace/xy/HCSU/wild_extract/文征明-行/従.png,文徵明,行,従,従.png,hcsu_wild_salvage,ok,193,300,204.5,203.2,False,0.1438,20,0.0168,0.3476,clean,none
/root/Workspace/xy/HCSU/wild_extract/文征明-行/㝍.png,文徵明,行,㝍,㝍.png,hcsu_wild_salvage,ok,222,241,184.1,167.1,False,0.2486,1,0.0,1.0,clean,none
/root/Workspace/xy/HCSU/wild_extract/文征明-行/墳.png,文徵明,行,墳,墳.png,hcsu_wild_salvage,ok,244,308,168.2,171.0,False,0.2043,16,0.0022,0.7108,clean,none
/root/Workspace/xy/HCSU/wild_extract/文征明-行/侘.png,文徵明,行,侘,侘.png,hcsu_wild_salvage,ok,90,82,235.0,189.0,False,0.1909,6,0.0,0.3818,clean,none
/root/Workspace/xy/HCSU/wild_extract/文征明-行/圡.png,文徵明,行,圡,圡.png,hcsu_wild_salvage,ok,222,216,176.7,172.1,False,0.1852,2,0.0,0.9316,clean,none
/root/Workspace/xy/HCSU/wild_extract/文征明-行/塵.png,文徵明,行,塵,塵.png,hcsu_wild_salvage,ok,273,375,204.6,204.4,False,0.1996,4,0.0006,0.9994,clean,none
/root/Workspace/xy/HCSU/wild_extract/文征明-行/岡.png,文徵明,行,岡,岡.png,hcsu_wild_salvage,ok,194,213,208.2,159.9,False,0.2363,5,0.0001,0.4475,clean,none
/root/Workspace/xy/HCSU/wild_extract/文征明-行/姁.png,文徵明,行,姁,姁.png,hcsu_wild_salvage,ok,147,147,205.5,186.1,False,0.2512,12,0.0177,0.5386,clean,none
/root/Workspace/xy/HCSU/wild_extract/文征明-行/㗛.png,文徵明,行,㗛,㗛.png,hcsu_wild_salvage,ok,900,822,196.8,196.6,False,0.2056,80,0.0009,0.702,clean,none
/root/Workspace/xy/HCSU/wild_extract/文征明-行/亂.png,文徵明,行,亂,亂.png,hcsu_wild_salvage,ok,322,289,192.3,190.9,False,0.2172,9,0.0025,0.6507,clean,none
/root/Workspace/xy/HCSU/wild_extract/文征明-行/囬.png,文徵明,行,囬,囬.png,hcsu_wild_salvage,ok,799,603,176.5,176.2,False,0.3667,50,0.0016,0.9975,clean,none
/root/Workspace/xy/HCSU/wild_extract/文征明-行/庫.png,文徵明,行,庫,庫.png,hcsu_wild_salvage,ok,232,325,218.3,211.0,False,0.2253,2,0.0,0.9494,clean,none
/root/Workspace/xy/HCSU/wild_extract/文征明-行/凫.png,文徵明,行,凫,凫.png,hcsu_wild_salvage,ok,102,147,190.1,173.0,False,0.1965,4,0.0003,0.7842,clean,none
/root/Workspace/xy/HCSU/wild_extract/文征明-行/厲.png,文徵明,行,厲,厲.png,hcsu_wild_salvage,ok,251,287,176.4,169.7,False,0.2319,3,0.0008,0.9992,clean,none
/root/Workspace/xy/HCSU/wild_extract/文征明-行/乱.png,文徵明,行,乱,乱.png,hcsu_wild_salvage,ok,94,119,198.6,159.2,False,0.2246,4,0.002,0.9562,clean,none
/root/Workspace/xy/HCSU/wild_extract/文征明-行/岝.png,文徵明,行,岝,岝.png,hcsu_wild_salvage,ok,74,100,217.0,183.9,False,0.1742,2,0.0,0.557,clean,none
/root/Workspace/xy/HCSU/wild_extract/文征明-行/奮.png,文徵明,行,奮,奮.png,hcsu_wild_salvage,ok,122,177,191.5,170.1,False,0.2673,8,0.0061,0.6771,clean,none
/root/Workspace/xy/HCSU/wild_extract/文征明-行/兎.png,文徵明,行,兎,兎.png,hcsu_wild_salvage,ok,280,315,193.6,191.1,False,0.1767,3,0.0015,0.9985,clean,none
/root/Workspace/xy/HCSU/wild_extract/文征明-行/廣.png,文徵明,行,廣,廣.png,hcsu_wild_salvage,ok,269,457,197.6,196.5,False,0.2109,16,0.0018,0.8034,clean,none
/root/Workspace/xy/HCSU/wild_extract/文征明-行/㫪.png,文徵明,行,㫪,㫪.png,hcsu_wild_salvage,ok,329,500,196.2,193.2,False,0.2273,4,0.0002,0.7222,clean,none
/root/Workspace/xy/HCSU/wild_extract/文征明-行/㸃.png,文徵明,行,㸃,㸃.png,hcsu_wild_salvage,ok,222,237,181.3,172.2,False,0.2428,2,0.0,0.6553,clean,none
/root/Workspace/xy/HCSU/wild_extract/文征明-行/帶.png,文徵明,行,帶,帶.png,hcsu_wild_salvage,ok,247,310,215.1,208.9,False,0.2115,1,0.0,1.0,clean,none
/root/Workspace/xy/HCSU/wild_extract/文征明-行/娀.png,文徵明,行,娀,娀.png,hcsu_wild_salvage,ok,130,123,237.3,197.1,False,0.2765,3,0.0002,0.9586,clean,none
/root/Workspace/xy/HCSU/wild_extract/文征明-行/属.png,文徵明,行,属,属.png,hcsu_wild_salvage,ok,134,164,228.3,200.9,False,0.1821,6,0.0052,0.6133,clean,none
/root/Workspace/xy/HCSU/wild_extract/文征明-行/娛.png,文徵明,行,娛,娛.png,hcsu_wild_salvage,ok,227,212,218.9,207.6,False,0.2347,4,0.001,0.6155,clean,none
/root/Workspace/xy/HCSU/wild_extract/文征明-行/屡.png,文徵明,行,屡,屡.png,hcsu_wild_salvage,ok,269,308,197.4,191.7,False,0.2746,3,0.0004,0.9996,clean,none
/root/Workspace/xy/HCSU/wild_extract/文征明-行/寳.png,文徵明,行,寳,寳.png,hcsu_wild_salvage,ok,219,310,216.0,207.6,False,0.1791,5,0.0021,0.874,clean,none
/root/Workspace/xy/HCSU/wild_extract/文征明-行/勸.png,文徵明,行,勸,勸.png,hcsu_wild_salvage,ok,433,450,187.5,186.8,False,0.207,8,0.0002,0.6891,clean,none
/root/Workspace/xy/HCSU/wild_extract/文征明-行/囷.png,文徵明,行,囷,囷.png,hcsu_wild_salvage,ok,91,110,219.9,168.4,False,0.236,3,0.0,0.4594,clean,none
/root/Workspace/xy/HCSU/wild_extract/文征明-行/䖏.png,文徵明,行,䖏,䖏.png,hcsu_wild_salvage,ok,164,211,182.0,168.1,False,0.1689,8,0.0046,0.8279,clean,none
/root/Workspace/xy/HCSU/wild_extract/文征明-行/倣.png,文徵明,行,倣,倣.png,hcsu_wild_salvage,ok,717,624,198.2,198.1,False,0.1863,68,0.0021,0.9972,clean,none
/root/Workspace/xy/HCSU/wild_extract/文征明-行/営.png,文徵明,行,営,営.png,hcsu_wild_salvage,ok,224,283,172.7,168.3,False,0.236,2,0.0,0.5893,clean,none
/root/Workspace/xy/HCSU/wild_extract/文征明-行/冝.png,文徵明,行,冝,冝.png,hcsu_wild_salvage,ok,196,295,207.3,205.3,False,0.1959,14,0.0087,0.9054,clean,none
/root/Workspace/xy/HCSU/wild_extract/文征明-行/墻.png,文徵明,行,墻,墻.png,hcsu_wild_salvage,ok,274,262,207.5,207.1,False,0.2213,4,0.0004,0.9967,clean,none
/root/Workspace/xy/HCSU/wild_extract/文征明-行/嶼.png,文徵明,行,嶼,嶼.png,hcsu_wild_salvage,ok,239,221,216.5,198.7,False,0.264,3,0.0,0.9193,clean,none
/root/Workspace/xy/HCSU/wild_extract/文征明-行/乂.png,文徵明,行,乂,乂.png,hcsu_wild_salvage,ok,296,238,157.6,155.0,False,0.1654,110,0.0283,0.9643,clean,none
/root/Workspace/xy/HCSU/wild_extract/文征明-行/寕.png,文徵明,行,寕,寕.png,hcsu_wild_salvage,ok,203,263,214.9,204.9,False,0.1994,1,0.0,1.0,clean,none
/root/Workspace/xy/HCSU/wild_extract/文征明-行/厪.png,文徵明,行,厪,厪.png,hcsu_wild_salvage,ok,206,239,213.6,197.6,False,0.2325,5,0.0005,0.7014,clean,none
/root/Workspace/xy/HCSU/wild_extract/文征明-行/塢.png,文徵明,行,塢,塢.png,hcsu_wild_salvage,ok,262,252,207.0,205.3,False,0.2098,9,0.0015,0.6488,clean,none
/root/Workspace/xy/HCSU/wild_extract/文征明-行/倫.png,文徵明,行,倫,倫.png,hcsu_wild_salvage,ok,38,40,206.0,179.1,False,0.1928,5,0.0853,0.4778,noisy,high_dirt_0.09
/root/Workspace/xy/HCSU/wild_extract/文征明-行/㙜.png,文徵明,行,㙜,㙜.png,hcsu_wild_salvage,ok,272,396,197.3,194.7,False,0.1823,6,0.0004,0.5881,clean,none
/root/Workspace/xy/HCSU/wild_extract/文征明-行/峯.png,文徵明,行,峯,峯.png,hcsu_wild_salvage,ok,1510,2073,175.2,175.1,False,0.2372,58,0.0002,0.9997,clean,none
/root/Workspace/xy/HCSU/wild_extract/文征明-行/偭.png,文徵明,行,偭,偭.png,hcsu_wild_salvage,ok,130,95,240.8,198.1,False,0.2314,2,0.0,0.711,clean,none
/root/Workspace/xy/HCSU/wild_extract/文征明-行/㕘.png,文徵明,行,㕘,㕘.png,hcsu_wild_salvage,ok,339,307,191.0,190.6,False,0.1638,7,0.0002,0.7765,clean,none
/root/Workspace/xy/HCSU/wild_extract/文征明-行/徹.png,文徵明,行,徹,徹.png,hcsu_wild_salvage,ok,244,238,216.1,198.1,False,0.2261,4,0.0,0.7953,clean,none
/root/Workspace/xy/HCSU/wild_extract/文征明-行/咲.png,文徵明,行,咲,咲.png,hcsu_wild_salvage,ok,189,170,207.8,188.3,False,0.2089,4,0.0001,0.6907,clean,none
/root/Workspace/xy/HCSU/wild_extract/文征明-行/㢤.png,文徵明,行,㢤,㢤.png,hcsu_wild_salvage,ok,152,170,182.6,171.4,False,0.195,26,0.0177,0.645,clean,none
/root/Workspace/xy/HCSU/wild_extract/文征明-行/幣.png,文徵明,行,幣,幣.png,hcsu_wild_salvage,ok,248,470,56.5,57.1,True,0.1498,557,0.0859,0.7875,noisy,inverted;high_dirt_0.09
/root/Workspace/xy/HCSU/wild_extract/智永-楷/次.png,智永,楷,次,次.png,hcsu_wild_salvage,ok,153,98,51.0,55.7,True,0.0993,43,0.0262,0.2183,inverted,inverted
/root/Workspace/xy/HCSU/wild_extract/智永-楷/舍.png,智永,楷,舍,舍.png,hcsu_wild_salvage,ok,244,200,51.2,51.4,True,0.0819,138,0.0385,0.3201,inverted,inverted
/root/Workspace/xy/HCSU/wild_extract/智永-楷/县.png,智永,楷,县,县.png,hcsu_wild_salvage,ok,255,211,44.8,45.5,True,0.1123,490,0.1021,0.1804,noisy,inverted;high_dirt_0.10
/root/Workspace/xy/HCSU/wild_extract/智永-楷/等.png,智永,楷,等,等.png,hcsu_wild_salvage,ok,177,218,53.9,56.1,True,0.0836,88,0.0422,0.3249,inverted,inverted
/root/Workspace/xy/HCSU/wild_extract/智永-楷/瑟.png,智永,楷,瑟,瑟.png,hcsu_wild_salvage,ok,370,370,255.0,255.0,False,0.1858,4,0.0001,0.7103,clean,none
/root/Workspace/xy/HCSU/wild_extract/朱熹-行/辈.png,朱熹,行,辈,辈.png,hcsu_wild_salvage,ok,177,311,48.3,54.1,True,0.1663,19,0.0027,0.5079,inverted,inverted
/root/Workspace/xy/HCSU/wild_extract/朱熹-行/惟.png,朱熹,行,惟,惟.png,hcsu_wild_salvage,ok,222,288,50.3,55.8,True,0.199,40,0.0051,0.3854,inverted,inverted
/root/Workspace/xy/HCSU/wild_extract/朱熹-行/瀁.png,朱熹,行,瀁,瀁.png,hcsu_wild_salvage,ok,324,391,47.7,48.5,True,0.1352,115,0.0171,0.389,inverted,inverted
/root/Workspace/xy/HCSU/wild_extract/朱熹-行/藂.png,朱熹,行,藂,藂.png,hcsu_wild_salvage,ok,299,490,48.9,49.4,True,0.1791,31,0.0016,0.5086,inverted,inverted
/root/Workspace/xy/HCSU/wild_extract/朱熹-行/以.png,朱熹,行,以,以.png,hcsu_wild_salvage,ok,202,120,46.3,55.9,True,0.165,36,0.0245,0.5974,inverted,inverted
/root/Workspace/xy/HCSU/wild_extract/朱熹-行/槃.png,朱熹,行,槃,槃.png,hcsu_wild_salvage,ok,291,391,54.4,58.6,True,0.1672,29,0.0039,0.3039,inverted,inverted
/root/Workspace/xy/HCSU/wild_extract/朱熹-行/勝.png,朱熹,行,勝,勝.png,hcsu_wild_salvage,ok,233,288,157.1,156.3,False,0.1934,5,0.0016,0.9984,clean,none
/root/Workspace/xy/HCSU/wild_extract/朱熹-行/倸.png,朱熹,行,倸,倸.png,hcsu_wild_salvage,ok,337,330,56.2,57.8,True,0.2218,26,0.0023,0.4808,inverted,inverted
/root/Workspace/xy/HCSU/wild_extract/朱熹-行/題.png,朱熹,行,題,題.png,hcsu_wild_salvage,ok,624,556,155.9,155.4,False,0.3,35,0.0011,0.5651,clean,none
/root/Workspace/xy/HCSU/wild_extract/朱熹-行/叢.png,朱熹,行,叢,叢.png,hcsu_wild_salvage,ok,600,710,152.8,152.9,False,0.2611,78,0.0036,0.8855,clean,none
/root/Workspace/xy/HCSU/wild_extract/朱熹-行/览.png,朱熹,行,览,览.png,hcsu_wild_salvage,ok,324,431,70.6,71.4,True,0.1519,18,0.0037,0.6256,inverted,inverted
/root/Workspace/xy/HCSU/wild_extract/朱熹-行/因.png,朱熹,行,因,因.png,hcsu_wild_salvage,ok,194,200,84.0,86.5,True,0.3002,259,0.0749,0.4469,noisy,inverted;high_dirt_0.07
/root/Workspace/xy/HCSU/wild_extract/朱熹-行/楤.png,朱熹,行,楤,楤.png,hcsu_wild_salvage,ok,232,224,59.3,63.7,True,0.2383,63,0.0136,0.4969,inverted,inverted
/root/Workspace/xy/HCSU/wild_extract/朱熹-行/附.png,朱熹,行,附,附.png,hcsu_wild_salvage,ok,203,203,45.9,51.2,True,0.1926,51,0.0069,0.5045,inverted,inverted
/root/Workspace/xy/HCSU/wild_extract/朱熹-行/琤.png,朱熹,行,琤,琤.png,hcsu_wild_salvage,ok,252,324,51.9,55.1,True,0.1813,33,0.004,0.7944,inverted,inverted
/root/Workspace/xy/HCSU/wild_extract/朱熹-行/均.png,朱熹,行,均,均.png,hcsu_wild_salvage,ok,217,209,48.2,58.7,True,0.2529,45,0.0048,0.8783,inverted,inverted
/root/Workspace/xy/HCSU/wild_extract/朱熹-行/僭.png,朱熹,行,僭,僭.png,hcsu_wild_salvage,ok,231,244,54.9,59.3,True,0.2315,23,0.0038,0.4907,inverted,inverted
/root/Workspace/xy/HCSU/wild_extract/朱熹-行/濑.png,朱熹,行,濑,濑.png,hcsu_wild_salvage,ok,293,347,51.8,52.8,True,0.1975,68,0.0084,0.4267,inverted,inverted
/root/Workspace/xy/HCSU/wild_extract/朱熹-行/陽.png,朱熹,行,陽,陽.png,hcsu_wild_salvage,ok,188,224,125.1,123.8,True,0.7303,11,0.0007,0.9253,broken,inverted;too_solid
/root/Workspace/xy/HCSU/wild_extract/朱熹-行/闊.png,朱熹,行,闊,闊.png,hcsu_wild_salvage,ok,220,236,153.4,140.8,False,0.1839,12,0.003,0.2626,clean,none
/root/Workspace/xy/HCSU/wild_extract/朱熹-行/專.png,朱熹,行,專,專.png,hcsu_wild_salvage,ok,156,309,150.8,142.7,False,0.2364,8,0.0039,0.967,clean,none
/root/Workspace/xy/HCSU/wild_extract/朱熹-行/滄.png,朱熹,行,滄,滄.png,hcsu_wild_salvage,ok,596,653,150.9,151.1,False,0.2778,36,0.0015,0.8025,clean,none
/root/Workspace/xy/HCSU/wild_extract/朱熹-行/雲.png,朱熹,行,雲,雲.png,hcsu_wild_salvage,ok,671,636,153.1,152.4,False,0.2385,45,0.0018,0.5079,clean,none
/root/Workspace/xy/HCSU/wild_extract/朱熹-行/岑.png,朱熹,行,岑,岑.png,hcsu_wild_salvage,ok,252,329,53.1,56.2,True,0.2125,18,0.004,0.996,inverted,inverted
/root/Workspace/xy/HCSU/wild_extract/朱熹-行/東.png,朱熹,行,東,東.png,hcsu_wild_salvage,ok,183,237,142.5,139.2,False,0.2435,7,0.0039,0.9865,clean,none
/root/Workspace/xy/HCSU/wild_extract/朱熹-行/臺.png,朱熹,行,臺,臺.png,hcsu_wild_salvage,ok,768,724,150.8,148.9,False,0.1967,99,0.0034,0.4141,clean,none
/root/Workspace/xy/HCSU/wild_extract/林散之-隶/彼.png,林散之,隶,彼,彼.png,hcsu_wild_salvage,ok,807,508,231.7,231.4,False,0.1791,3,0.0,0.7077,clean,none
/root/Workspace/xy/HCSU/wild_extract/林散之-隶/勤.png,林散之,隶,勤,勤.png,hcsu_wild_salvage,ok,603,442,230.9,230.7,False,0.1867,3,0.0,0.485,clean,none
/root/Workspace/xy/HCSU/wild_extract/林散之-隶/䌛.png,林散之,隶,䌛,䌛.png,hcsu_wild_salvage,ok,671,558,217.3,217.1,False,0.1606,13,0.0,0.2724,clean,none
/root/Workspace/xy/HCSU/wild_extract/林散之-隶/沙.png,林散之,隶,沙,沙.png,hcsu_wild_salvage,ok,664,489,217.5,217.4,False,0.1453,6,0.0003,0.6617,clean,none
/root/Workspace/xy/HCSU/wild_extract/林散之-隶/㭊.png,林散之,隶,㭊,㭊.png,hcsu_wild_salvage,ok,708,514,223.2,219.5,False,0.2077,2,0.0,0.5467,clean,none
/root/Workspace/xy/HCSU/wild_extract/林散之-隶/淑.png,林散之,隶,淑,淑.png,hcsu_wild_salvage,ok,674,440,223.5,222.2,False,0.2635,6,0.0,0.7318,clean,none
/root/Workspace/xy/HCSU/wild_extract/林散之-隶/小.png,林散之,隶,小,小.png,hcsu_wild_salvage,ok,605,354,222.1,219.7,False,0.2185,3,0.0,0.3891,clean,none
/root/Workspace/xy/HCSU/wild_extract/林散之-隶/秊.png,林散之,隶,秊,秊.png,hcsu_wild_salvage,ok,829,566,228.3,229.0,False,0.1487,2,0.0,0.9891,clean,none
/root/Workspace/xy/HCSU/wild_extract/林散之-隶/巳.png,林散之,隶,巳,巳.png,hcsu_wild_salvage,ok,548,411,221.0,220.8,False,0.3095,1,0.0,1.0,clean,none
/root/Workspace/xy/HCSU/wild_extract/林散之-隶/㳅.png,林散之,隶,㳅,㳅.png,hcsu_wild_salvage,ok,656,408,219.8,220.2,False,0.2062,7,0.0003,0.5766,clean,none
/root/Workspace/xy/HCSU/wild_extract/林散之-隶/郎.png,林散之,隶,郎,郎.png,hcsu_wild_salvage,ok,577,427,229.6,229.7,False,0.1958,3,0.0,0.602,clean,none
/root/Workspace/xy/HCSU/wild_extract/林散之-隶/䧺.png,林散之,隶,䧺,䧺.png,hcsu_wild_salvage,ok,726,518,216.8,216.9,False,0.1972,3,0.0,0.6175,clean,none
/root/Workspace/xy/HCSU/wild_extract/林散之-隶/㑹.png,林散之,隶,㑹,㑹.png,hcsu_wild_salvage,ok,800,493,228.7,228.5,False,0.1751,4,0.0,0.3267,clean,none
/root/Workspace/xy/HCSU/wild_extract/林散之-隶/䓁.png,林散之,隶,䓁,䓁.png,hcsu_wild_salvage,ok,368,321,210.1,205.7,False,0.2167,3,0.0,0.6147,clean,none
/root/Workspace/xy/HCSU/wild_extract/林散之-隶/代.png,林散之,隶,代,代.png,hcsu_wild_salvage,ok,656,388,221.7,209.7,False,0.2212,2,0.0,0.6912,clean,none
/root/Workspace/xy/HCSU/wild_extract/林散之-隶/㕥.png,林散之,隶,㕥,㕥.png,hcsu_wild_salvage,ok,689,357,217.1,216.8,False,0.218,4,0.0001,0.4143,clean,none
/root/Workspace/xy/HCSU/wild_extract/林散之-隶/㐀.png,林散之,隶,㐀,㐀.png,hcsu_wild_salvage,ok,653,350,218.2,218.3,False,0.1988,1,0.0,1.0,clean,none
/root/Workspace/xy/HCSU/wild_extract/柳公权-楷/京.png,柳公权,楷,京,京.png,hcsu_wild_salvage,ok,363,404,32.2,33.4,True,0.1513,84,0.0175,0.3271,inverted,inverted
/root/Workspace/xy/HCSU/wild_extract/柳公权-楷/務.png,柳公权,楷,務,務.png,hcsu_wild_salvage,ok,472,453,2.2,5.7,True,0.1772,141,0.0136,0.3596,inverted,inverted
/root/Workspace/xy/HCSU/wild_extract/柳公权-行/差.png,柳公权,行,差,差.png,hcsu_wild_salvage,ok,135,243,37.0,32.0,True,0.2033,38,0.0202,0.948,inverted,inverted
/root/Workspace/xy/HCSU/wild_extract/柳公权-行/逈.png,柳公权,行,逈,逈.png,hcsu_wild_salvage,ok,498,346,87.7,91.9,True,0.2467,47,0.0038,0.5534,inverted,inverted
/root/Workspace/xy/HCSU/wild_extract/柳公权-行/𫛩.png,柳公权,行,𫛩,𫛩.png,hcsu_wild_salvage,ok,409,417,66.9,71.8,True,0.2008,65,0.0072,0.3213,inverted,inverted
/root/Workspace/xy/HCSU/wild_extract/柳公权-行/少.png,柳公权,行,少,少.png,hcsu_wild_salvage,ok,147,184,42.0,45.6,True,0.1417,79,0.0605,0.9395,noisy,inverted;high_dirt_0.06
/root/Workspace/xy/HCSU/wild_extract/柳公权-行/煴.png,柳公权,行,煴,煴.png,hcsu_wild_salvage,ok,532,390,83.4,84.3,True,0.2412,33,0.0032,0.3964,inverted,inverted
/root/Workspace/xy/HCSU/wild_extract/柳公权-行/小.png,柳公权,行,小,小.png,hcsu_wild_salvage,ok,177,116,41.1,42.2,True,0.1077,84,0.1452,0.3564,noisy,inverted;high_dirt_0.15
/root/Workspace/xy/HCSU/wild_extract/柳公权-行/仆.png,柳公权,行,仆,仆.png,hcsu_wild_salvage,ok,167,229,39.4,44.7,True,0.2434,38,0.0136,0.9486,inverted,inverted
/root/Workspace/xy/HCSU/wild_extract/柳公权-行/百.png,柳公权,行,百,百.png,hcsu_wild_salvage,ok,156,158,35.9,39.0,True,0.1567,15,0.0207,0.9793,inverted,inverted
/root/Workspace/xy/HCSU/wild_extract/柳公权-行/长.png,柳公权,行,长,长.png,hcsu_wild_salvage,ok,199,237,35.3,39.6,True,0.1491,38,0.0203,0.7399,inverted,inverted
/root/Workspace/xy/HCSU/wild_extract/柳公权-行/藴.png,柳公权,行,藴,藴.png,hcsu_wild_salvage,ok,210,295,98.9,96.6,True,0.6978,29,0.0022,0.9598,broken,inverted;too_solid
/root/Workspace/xy/HCSU/wild_extract/柳公权-行/耳.png,柳公权,行,耳,耳.png,hcsu_wild_salvage,ok,116,252,36.0,41.6,True,0.148,30,0.0183,0.9686,inverted,inverted
/root/Workspace/xy/HCSU/wild_extract/柳公权-行/崿.png,柳公权,行,崿,崿.png,hcsu_wild_salvage,ok,467,523,80.0,79.1,True,0.1687,33,0.0039,0.7578,inverted,inverted
/root/Workspace/xy/HCSU/wild_extract/柳公权-行/蒐.png,柳公权,行,蒐,蒐.png,hcsu_wild_salvage,ok,58,68,139.9,112.3,False,0.2477,1,0.0,1.0,clean,none
/root/Workspace/xy/HCSU/wild_extract/欧阳询-楷/坠.png,欧阳询,楷,坠,坠.png,hcsu_wild_salvage,ok,131,134,53.1,62.0,True,0.1673,46,0.0324,0.4264,inverted,inverted
/root/Workspace/xy/HCSU/wild_extract/欧阳询-楷/夏.png,欧阳询,楷,夏,夏.png,hcsu_wild_salvage,ok,316,357,40.0,40.8,True,0.1595,137,0.0191,0.9579,inverted,inverted
/root/Workspace/xy/HCSU/wild_extract/欧阳询-楷/刺.png,欧阳询,楷,刺,刺.png,hcsu_wild_salvage,ok,134,133,46.2,58.3,True,0.1447,8,0.0016,0.4141,inverted,inverted
/root/Workspace/xy/HCSU/wild_extract/欧阳询-楷/使.png,欧阳询,楷,使,使.png,hcsu_wild_salvage,ok,137,127,46.0,53.5,True,0.1535,7,0.0041,0.7035,inverted,inverted
/root/Workspace/xy/HCSU/wild_extract/欧阳询-楷/但.png,欧阳询,楷,但,但.png,hcsu_wild_salvage,ok,352,258,43.4,44.6,True,0.2183,248,0.0336,0.4388,inverted,inverted
/root/Workspace/xy/HCSU/wild_extract/欧阳询-楷/城.png,欧阳询,楷,城,城.png,hcsu_wild_salvage,ok,347,374,47.6,48.9,True,0.1859,447,0.0604,0.6157,noisy,inverted;high_dirt_0.06
/root/Workspace/xy/HCSU/wild_extract/欧阳询-楷/务.png,欧阳询,楷,务,务.png,hcsu_wild_salvage,ok,134,121,54.2,59.4,True,0.1428,56,0.06,0.3058,noisy,inverted;high_dirt_0.06
/root/Workspace/xy/HCSU/wild_extract/欧阳询-楷/平.png,欧阳询,楷,平,平.png,hcsu_wild_salvage,ok,280,329,64.1,64.3,True,0.1321,59,0.0243,0.8447,inverted,inverted
/root/Workspace/xy/HCSU/wild_extract/欧阳询-楷/峥.png,欧阳询,楷,峥,峥.png,hcsu_wild_salvage,ok,307,348,41.1,45.0,True,0.16,57,0.0057,0.4997,inverted,inverted
/root/Workspace/xy/HCSU/wild_extract/欧阳询-楷/倒.png,欧阳询,楷,倒,倒.png,hcsu_wild_salvage,ok,142,130,51.8,64.3,True,0.2079,22,0.0047,0.303,inverted,inverted
/root/Workspace/xy/HCSU/wild_extract/欧阳询-楷/动.png,欧阳询,楷,动,动.png,hcsu_wild_salvage,ok,275,281,40.2,48.3,True,0.1687,57,0.0141,0.4411,inverted,inverted
/root/Workspace/xy/HCSU/wild_extract/欧阳询-楷/怖.png,欧阳询,楷,怖,怖.png,hcsu_wild_salvage,ok,135,150,58.0,65.9,True,0.1695,24,0.0058,0.3706,inverted,inverted
/root/Workspace/xy/HCSU/wild_extract/欧阳询-楷/即.png,欧阳询,楷,即,即.png,hcsu_wild_salvage,ok,124,129,50.5,58.9,True,0.1765,77,0.0276,0.5673,inverted,inverted
/root/Workspace/xy/HCSU/wild_extract/欧阳询-楷/喈.png,欧阳询,楷,喈,喈.png,hcsu_wild_salvage,ok,519,624,35.5,36.1,True,0.1841,148,0.0134,0.3601,inverted,inverted
/root/Workspace/xy/HCSU/wild_extract/欧阳询-楷/勑.png,欧阳询,楷,勑,勑.png,hcsu_wild_salvage,ok,450,466,15.5,16.0,True,0.1659,174,0.0209,0.4226,inverted,inverted
/root/Workspace/xy/HCSU/wild_extract/欧阳询-楷/仞.png,欧阳询,楷,仞,仞.png,hcsu_wild_salvage,ok,287,230,38.0,41.3,True,0.1814,38,0.01,0.4642,inverted,inverted
/root/Workspace/xy/HCSU/wild_extract/欧阳询-行/民.png,欧阳询,行,民,民.png,hcsu_wild_salvage,ok,239,289,132.0,126.2,False,0.2853,286,0.0204,0.9742,clean,none
/root/Workspace/xy/HCSU/wild_extract/欧阳询-行/㡬.png,欧阳询,行,㡬,㡬.png,hcsu_wild_salvage,ok,260,341,170.3,167.8,False,0.25,36,0.0025,0.9929,clean,none
/root/Workspace/xy/HCSU/wild_extract/欧阳询-行/慶.png,欧阳询,行,慶,慶.png,hcsu_wild_salvage,ok,212,327,163.6,160.4,False,0.2621,235,0.0212,0.936,clean,none
/root/Workspace/xy/HCSU/wild_extract/欧阳询-行/則.png,欧阳询,行,則,則.png,hcsu_wild_salvage,ok,189,300,170.9,157.7,False,0.2849,42,0.0042,0.6023,clean,none
/root/Workspace/xy/HCSU/wild_extract/欧阳询-行/児.png,欧阳询,行,児,児.png,hcsu_wild_salvage,ok,199,238,169.8,165.2,False,0.267,21,0.0036,0.9964,clean,none
/root/Workspace/xy/HCSU/wild_extract/欧阳询-行/剑.png,欧阳询,行,剑,剑.png,hcsu_wild_salvage,ok,270,317,136.0,130.8,False,0.2433,616,0.0423,0.9577,clean,none
/root/Workspace/xy/HCSU/wild_extract/欧阳询-行/似.png,欧阳询,行,似,似.png,hcsu_wild_salvage,ok,302,260,142.2,140.2,False,0.1699,119,0.0127,0.4047,clean,none
/root/Workspace/xy/HCSU/wild_extract/欧阳询-行/条.png,欧阳询,行,条,条.png,hcsu_wild_salvage,ok,277,318,136.9,132.1,False,0.2581,315,0.0197,0.9356,clean,none
/root/Workspace/xy/HCSU/wild_extract/欧阳询-行/噐.png,欧阳询,行,噐,噐.png,hcsu_wild_salvage,ok,203,262,166.5,163.7,False,0.3175,56,0.0045,0.9854,clean,none
/root/Workspace/xy/HCSU/wild_extract/欧阳询-行/洪.png,欧阳询,行,洪,洪.png,hcsu_wild_salvage,ok,250,316,124.8,119.8,True,0.7388,243,0.0096,0.9904,broken,inverted;too_solid
/root/Workspace/xy/HCSU/wild_extract/欧阳询-行/怏.png,欧阳询,行,怏,怏.png,hcsu_wild_salvage,ok,84,86,49.1,57.5,True,0.2342,24,0.0603,0.5213,noisy,inverted;high_dirt_0.06
/root/Workspace/xy/HCSU/wild_extract/欧阳询-行/厯.png,欧阳询,行,厯,厯.png,hcsu_wild_salvage,ok,232,336,176.8,173.8,False,0.2404,17,0.0017,0.7562,clean,none
/root/Workspace/xy/HCSU/wild_extract/欧阳询-行/孤.png,欧阳询,行,孤,孤.png,hcsu_wild_salvage,ok,307,320,143.9,142.7,False,0.193,197,0.0157,0.5468,clean,none
/root/Workspace/xy/HCSU/wild_extract/欧阳询-行/入.png,欧阳询,行,入,入.png,hcsu_wild_salvage,ok,246,118,49.3,53.9,True,0.166,117,0.0297,0.9703,inverted,inverted
/root/Workspace/xy/HCSU/wild_extract/欧阳询-行/堅.png,欧阳询,行,堅,堅.png,hcsu_wild_salvage,ok,208,240,165.7,156.9,False,0.3397,28,0.0022,0.9978,clean,none
/root/Workspace/xy/HCSU/wild_extract/欧阳询-行/流.png,欧阳询,行,流,流.png,hcsu_wild_salvage,ok,69,68,47.1,54.2,True,0.2451,11,0.0383,0.4365,inverted,inverted
/root/Workspace/xy/HCSU/wild_extract/欧阳询-行/唘.png,欧阳询,行,唘,唘.png,hcsu_wild_salvage,ok,247,251,173.8,170.7,False,0.2472,21,0.0024,0.9976,clean,none
/root/Workspace/xy/HCSU/wild_extract/欧阳询-行/凉.png,欧阳询,行,凉,凉.png,hcsu_wild_salvage,ok,268,344,140.1,137.2,False,0.2098,196,0.013,0.775,clean,none
/root/Workspace/xy/HCSU/wild_extract/欧阳询-行/撡.png,欧阳询,行,撡,撡.png,hcsu_wild_salvage,ok,255,296,166.9,164.8,False,0.2723,52,0.0038,0.9769,clean,none
/root/Workspace/xy/HCSU/wild_extract/欧阳询-行/始.png,欧阳询,行,始,始.png,hcsu_wild_salvage,ok,280,265,132.5,131.3,False,0.2718,433,0.0331,0.9669,clean,none
/root/Workspace/xy/HCSU/wild_extract/欧阳询-行/徳.png,欧阳询,行,徳,徳.png,hcsu_wild_salvage,ok,254,290,169.0,165.6,False,0.2162,51,0.0062,0.8927,clean,none
/root/Workspace/xy/HCSU/wild_extract/欧阳询-行/彩.png,欧阳询,行,彩,彩.png,hcsu_wild_salvage,ok,314,314,139.2,134.9,False,0.2539,188,0.0121,0.9879,clean,none
/root/Workspace/xy/HCSU/wild_extract/欧阳询-行/嚬.png,欧阳询,行,嚬,嚬.png,hcsu_wild_salvage,ok,248,287,173.4,159.2,False,0.3083,26,0.0022,0.4666,clean,none
/root/Workspace/xy/HCSU/wild_extract/欧阳询-行/亰.png,欧阳询,行,亰,亰.png,hcsu_wild_salvage,ok,191,304,166.4,160.7,False,0.2651,66,0.0058,0.9942,clean,none
/root/Workspace/xy/HCSU/wild_extract/欧阳询-行/囙.png,欧阳询,行,囙,囙.png,hcsu_wild_salvage,ok,167,235,167.5,158.1,False,0.3454,44,0.0052,0.9948,clean,none
/root/Workspace/xy/HCSU/wild_extract/欧阳询-行/期.png,欧阳询,行,期,期.png,hcsu_wild_salvage,ok,81,89,46.7,57.7,True,0.2601,17,0.0347,0.5712,inverted,inverted
/root/Workspace/xy/HCSU/wild_extract/欧阳询-行/寔.png,欧阳询,行,寔,寔.png,hcsu_wild_salvage,ok,254,336,169.9,164.1,False,0.2346,32,0.0024,0.6594,clean,none
/root/Workspace/xy/HCSU/wild_extract/欧阳询-行/従.png,欧阳询,行,従,従.png,hcsu_wild_salvage,ok,238,286,166.5,163.9,False,0.2091,67,0.0079,0.9921,clean,none
/root/Workspace/xy/HCSU/wild_extract/欧阳询-行/對.png,欧阳询,行,對,對.png,hcsu_wild_salvage,ok,245,320,168.3,165.7,False,0.2573,76,0.0061,0.9939,clean,none
/root/Workspace/xy/HCSU/wild_extract/欧阳询-行/懸.png,欧阳询,行,懸,懸.png,hcsu_wild_salvage,ok,301,327,166.8,165.0,False,0.2482,58,0.0047,0.9305,clean,none
/root/Workspace/xy/HCSU/wild_extract/欧阳询-行/墳.png,欧阳询,行,墳,墳.png,hcsu_wild_salvage,ok,256,352,171.6,171.5,False,0.2615,59,0.0051,0.9865,clean,none
/root/Workspace/xy/HCSU/wild_extract/欧阳询-行/暉.png,欧阳询,行,暉,暉.png,hcsu_wild_salvage,ok,215,301,163.9,158.3,False,0.3249,31,0.0027,0.6492,clean,none
/root/Workspace/xy/HCSU/wild_extract/欧阳询-行/懼.png,欧阳询,行,懼,懼.png,hcsu_wild_salvage,ok,214,314,165.9,157.9,False,0.3001,74,0.0047,0.736,clean,none
/root/Workspace/xy/HCSU/wild_extract/欧阳询-行/圡.png,欧阳询,行,圡,圡.png,hcsu_wild_salvage,ok,159,217,178.5,168.8,False,0.2251,9,0.0023,0.9977,clean,none
/root/Workspace/xy/HCSU/wild_extract/欧阳询-行/帳.png,欧阳询,行,帳,帳.png,hcsu_wild_salvage,ok,259,278,170.9,166.5,False,0.2749,49,0.0037,0.944,clean,none
/root/Workspace/xy/HCSU/wild_extract/欧阳询-行/㝠.png,欧阳询,行,㝠,㝠.png,hcsu_wild_salvage,ok,234,299,173.6,169.2,False,0.2569,20,0.0017,0.597,clean,none
/root/Workspace/xy/HCSU/wild_extract/欧阳询-行/嶽.png,欧阳询,行,嶽,嶽.png,hcsu_wild_salvage,ok,242,349,177.7,173.2,False,0.2339,25,0.002,0.6087,clean,none
/root/Workspace/xy/HCSU/wild_extract/欧阳询-行/劒.png,欧阳询,行,劒,劒.png,hcsu_wild_salvage,ok,245,253,163.6,159.4,False,0.2512,133,0.0137,0.9863,clean,none
/root/Workspace/xy/HCSU/wild_extract/欧阳询-行/實.png,欧阳询,行,實,實.png,hcsu_wild_salvage,ok,234,342,174.4,168.6,False,0.2691,31,0.0023,0.6802,clean,none
/root/Workspace/xy/HCSU/wild_extract/欧阳询-行/帕.png,欧阳询,行,帕,帕.png,hcsu_wild_salvage,ok,370,370,255.0,255.0,False,0.0837,2,0.0,0.5265,clean,none
/root/Workspace/xy/HCSU/wild_extract/欧阳询-行/外.png,欧阳询,行,外,外.png,hcsu_wild_salvage,ok,309,289,135.0,132.7,False,0.1809,1169,0.1098,0.8902,noisy,high_dirt_0.11
/root/Workspace/xy/HCSU/wild_extract/欧阳询-行/執.png,欧阳询,行,執,執.png,hcsu_wild_salvage,ok,255,284,172.9,168.1,False,0.2466,13,0.002,0.998,clean,none
/root/Workspace/xy/HCSU/wild_extract/欧阳询-行/宇.png,欧阳询,行,宇,宇.png,hcsu_wild_salvage,ok,74,94,51.2,54.4,True,0.1843,20,0.0312,0.5156,inverted,inverted
/root/Workspace/xy/HCSU/wild_extract/欧阳询-行/師.png,欧阳询,行,師,師.png,hcsu_wild_salvage,ok,207,306,164.7,158.1,False,0.2541,116,0.0106,0.9894,clean,none
/root/Workspace/xy/HCSU/wild_extract/欧阳询-行/寫.png,欧阳询,行,寫,寫.png,hcsu_wild_salvage,ok,214,307,168.9,158.9,False,0.2952,33,0.0021,0.9979,clean,none
/root/Workspace/xy/HCSU/wild_extract/欧阳询-行/方.png,欧阳询,行,方,方.png,hcsu_wild_salvage,ok,191,281,139.8,134.8,False,0.2512,161,0.0171,0.9829,clean,none
/root/Workspace/xy/HCSU/wild_extract/欧阳询-行/極.png,欧阳询,行,極,極.png,hcsu_wild_salvage,ok,240,288,173.2,164.5,False,0.2734,25,0.0031,0.9969,clean,none
/root/Workspace/xy/HCSU/wild_extract/欧阳询-行/庆.png,欧阳询,行,庆,庆.png,hcsu_wild_salvage,ok,273,371,134.8,135.0,False,0.2441,705,0.0456,0.913,clean,none
/root/Workspace/xy/HCSU/wild_extract/欧阳询-行/㢘.png,欧阳询,行,㢘,㢘.png,hcsu_wild_salvage,ok,208,279,161.9,163.2,False,0.2799,69,0.0073,0.8151,clean,none
/root/Workspace/xy/HCSU/wild_extract/欧阳询-行/伐.png,欧阳询,行,伐,伐.png,hcsu_wild_salvage,ok,272,301,129.9,126.5,False,0.2067,569,0.0508,0.5815,noisy,high_dirt_0.05
/root/Workspace/xy/HCSU/wild_extract/欧阳询-行/歌.png,欧阳询,行,歌,歌.png,hcsu_wild_salvage,ok,282,244,137.5,132.0,False,0.238,477,0.0512,0.9099,noisy,high_dirt_0.05
/root/Workspace/xy/HCSU/wild_extract/欧阳询-行/傳.png,欧阳询,行,傳,傳.png,hcsu_wild_salvage,ok,230,305,168.6,166.1,False,0.2457,39,0.0033,0.9946,clean,none
/root/Workspace/xy/HCSU/wild_extract/欧阳询-行/學.png,欧阳询,行,學,學.png,hcsu_wild_salvage,ok,207,344,165.7,165.7,False,0.2507,55,0.0039,0.9049,clean,none
/root/Workspace/xy/HCSU/wild_extract/欧阳询-行/从.png,欧阳询,行,从,从.png,hcsu_wild_salvage,ok,293,325,139.6,138.2,False,0.1987,121,0.0105,0.9895,clean,none
/root/Workspace/xy/HCSU/wild_extract/欧阳询-行/廣.png,欧阳询,行,廣,廣.png,hcsu_wild_salvage,ok,242,343,170.2,168.3,False,0.2563,64,0.0046,0.9538,clean,none
/root/Workspace/xy/HCSU/wild_extract/欧阳询-行/克.png,欧阳询,行,克,克.png,hcsu_wild_salvage,ok,237,370,139.0,137.9,False,0.2312,205,0.0148,0.6693,clean,none
/root/Workspace/xy/HCSU/wild_extract/欧阳询-行/廟.png,欧阳询,行,廟,廟.png,hcsu_wild_salvage,ok,235,338,165.1,157.3,False,0.2933,157,0.011,0.5485,clean,none
/root/Workspace/xy/HCSU/wild_extract/欧阳询-行/工.png,欧阳询,行,工,工.png,hcsu_wild_salvage,ok,218,221,138.5,138.6,False,0.2107,81,0.0096,0.9904,clean,none
/root/Workspace/xy/HCSU/wild_extract/欧阳询-行/帶.png,欧阳询,行,帶,帶.png,hcsu_wild_salvage,ok,235,371,164.6,161.6,False,0.2427,213,0.0157,0.9661,clean,none
/root/Workspace/xy/HCSU/wild_extract/欧阳询-行/凌.png,欧阳询,行,凌,凌.png,hcsu_wild_salvage,ok,321,355,139.6,139.3,False,0.1793,355,0.0248,0.7537,clean,none
/root/Workspace/xy/HCSU/wild_extract/欧阳询-行/斩.png,欧阳询,行,斩,斩.png,hcsu_wild_salvage,ok,269,407,140.2,138.2,False,0.1938,242,0.0147,0.9422,clean,none
/root/Workspace/xy/HCSU/wild_extract/欧阳询-行/木.png,欧阳询,行,木,木.png,hcsu_wild_salvage,ok,262,311,139.3,134.0,False,0.2035,237,0.0197,0.9746,clean,none
/root/Workspace/xy/HCSU/wild_extract/欧阳询-行/審.png,欧阳询,行,審,審.png,hcsu_wild_salvage,ok,212,331,166.4,160.7,False,0.3134,39,0.0045,0.9955,clean,none
/root/Workspace/xy/HCSU/wild_extract/欧阳询-行/䢖.png,欧阳询,行,䢖,䢖.png,hcsu_wild_salvage,ok,246,253,166.5,163.2,False,0.2525,45,0.0048,0.9565,clean,none
/root/Workspace/xy/HCSU/wild_extract/欧阳询-行/䖏.png,欧阳询,行,䖏,䖏.png,hcsu_wild_salvage,ok,235,297,173.7,168.3,False,0.2472,19,0.0019,0.9244,clean,none
/root/Workspace/xy/HCSU/wild_extract/欧阳询-行/曠.png,欧阳询,行,曠,曠.png,hcsu_wild_salvage,ok,237,309,170.4,167.8,False,0.3243,49,0.004,0.9687,clean,none
/root/Workspace/xy/HCSU/wild_extract/欧阳询-行/㬌.png,欧阳询,行,㬌,㬌.png,hcsu_wild_salvage,ok,225,290,163.7,161.0,False,0.2206,83,0.0094,0.8464,clean,none
/root/Workspace/xy/HCSU/wild_extract/欧阳询-行/務.png,欧阳询,行,務,務.png,hcsu_wild_salvage,ok,231,306,177.0,171.3,False,0.2807,36,0.0043,0.8442,clean,none
/root/Workspace/xy/HCSU/wild_extract/欧阳询-行/㐲.png,欧阳询,行,㐲,㐲.png,hcsu_wild_salvage,ok,227,274,160.7,157.7,False,0.1896,163,0.0202,0.5887,clean,none
/root/Workspace/xy/HCSU/wild_extract/欧阳询-行/沛.png,欧阳询,行,沛,沛.png,hcsu_wild_salvage,ok,212,359,134.2,129.1,False,0.1846,98,0.0115,0.7366,clean,none
/root/Workspace/xy/HCSU/wild_extract/欧阳询-行/據.png,欧阳询,行,據,據.png,hcsu_wild_salvage,ok,261,282,168.0,164.4,False,0.2939,61,0.0039,0.9961,clean,none
/root/Workspace/xy/HCSU/wild_extract/欧阳询-行/乂.png,欧阳询,行,乂,乂.png,hcsu_wild_salvage,ok,273,247,152.3,147.7,False,0.1619,30,0.0038,0.9962,clean,none
/root/Workspace/xy/HCSU/wild_extract/欧阳询-行/恵.png,欧阳询,行,恵,恵.png,hcsu_wild_salvage,ok,202,312,171.6,163.1,False,0.2729,40,0.007,0.993,clean,none
/root/Workspace/xy/HCSU/wild_extract/欧阳询-行/叛.png,欧阳询,行,叛,叛.png,hcsu_wild_salvage,ok,338,327,140.7,136.2,False,0.2347,224,0.012,0.988,clean,none
/root/Workspace/xy/HCSU/wild_extract/欧阳询-行/倫.png,欧阳询,行,倫,倫.png,hcsu_wild_salvage,ok,288,280,175.1,171.9,False,0.25,17,0.0016,0.994,clean,none
/root/Workspace/xy/HCSU/wild_extract/欧阳询-行/㝎.png,欧阳询,行,㝎,㝎.png,hcsu_wild_salvage,ok,223,261,166.6,160.9,False,0.253,29,0.003,0.7059,clean,none
/root/Workspace/xy/HCSU/wild_extract/欧阳询-行/棃.png,欧阳询,行,棃,棃.png,hcsu_wild_salvage,ok,260,294,163.1,161.5,False,0.2589,185,0.0159,0.9037,clean,none
/root/Workspace/xy/HCSU/wild_extract/欧阳询-行/㓕.png,欧阳询,行,㓕,㓕.png,hcsu_wild_salvage,ok,258,309,160.2,161.7,False,0.2469,106,0.0092,0.8611,clean,none
/root/Workspace/xy/HCSU/wild_extract/欧阳询-行/侍.png,欧阳询,行,侍,侍.png,hcsu_wild_salvage,ok,291,321,127.4,124.5,True,0.7755,245,0.0088,0.9898,broken,inverted;too_solid
/root/Workspace/xy/HCSU/wild_extract/欧阳询-行/條.png,欧阳询,行,條,條.png,hcsu_wild_salvage,ok,224,282,164.4,159.3,False,0.2683,87,0.0069,0.9145,clean,none
/root/Workspace/xy/HCSU/wild_extract/欧阳询-行/寵.png,欧阳询,行,寵,寵.png,hcsu_wild_salvage,ok,263,312,166.0,161.1,False,0.2873,138,0.0101,0.6687,clean,none
/root/Workspace/xy/HCSU/wild_extract/欧阳询-行/咲.png,欧阳询,行,咲,咲.png,hcsu_wild_salvage,ok,249,267,172.6,168.1,False,0.2233,24,0.0047,0.7043,clean,none
/root/Workspace/xy/HCSU/wild_extract/欧阳询-行/志.png,欧阳询,行,志,志.png,hcsu_wild_salvage,ok,204,275,166.1,156.3,False,0.2785,67,0.0075,0.8459,clean,none
/root/Workspace/xy/HCSU/wild_extract/欧阳询-行/㝡.png,欧阳询,行,㝡,㝡.png,hcsu_wild_salvage,ok,220,336,172.7,168.3,False,0.2569,31,0.0046,0.9954,clean,none
/root/Workspace/xy/HCSU/wild_extract/欧阳询-行/婦.png,欧阳询,行,婦,婦.png,hcsu_wild_salvage,ok,278,331,171.5,168.9,False,0.2094,27,0.002,0.6442,clean,none
/root/Workspace/xy/HCSU/wild_extract/王宠-楷/圭.png,王宠,楷,圭,圭.png,hcsu_wild_salvage,ok,92,105,190.6,166.3,False,0.2019,1,0.0,1.0,clean,none
/root/Workspace/xy/HCSU/wild_extract/王宠-楷/丹.png,王宠,楷,丹,丹.png,hcsu_wild_salvage,ok,169,135,188.7,173.5,False,0.2028,1,0.0,1.0,clean,none
/root/Workspace/xy/HCSU/wild_extract/王宠-楷/后.png,王宠,楷,后,后.png,hcsu_wild_salvage,ok,155,152,225.9,210.5,False,0.1269,7,0.001,0.3633,clean,none
/root/Workspace/xy/HCSU/wild_extract/王宠-楷/伊.png,王宠,楷,伊,伊.png,hcsu_wild_salvage,ok,392,325,197.1,195.3,False,0.1709,234,0.0186,0.7375,clean,none
/root/Workspace/xy/HCSU/wild_extract/王宠-行/騰.png,王宠,行,騰,騰.png,hcsu_wild_salvage,ok,138,158,146.4,125.7,False,0.2298,9,0.0008,0.4919,clean,none
/root/Workspace/xy/HCSU/wild_extract/王宠-行/齊.png,王宠,行,齊,齊.png,hcsu_wild_salvage,ok,2347,3021,156.2,155.9,False,0.1888,468,0.0018,0.8842,clean,none
/root/Workspace/xy/HCSU/wild_extract/王宠-行/贈.png,王宠,行,贈,贈.png,hcsu_wild_salvage,ok,97,102,150.8,124.5,False,0.2536,6,0.0012,0.6409,clean,none
/root/Workspace/xy/HCSU/wild_extract/王宠-行/劉.png,王宠,行,劉,劉.png,hcsu_wild_salvage,ok,185,369,121.0,103.3,True,0.736,37,0.0039,0.9882,broken,inverted;too_solid
/root/Workspace/xy/HCSU/wild_extract/王宠-行/憂.png,王宠,行,憂,憂.png,hcsu_wild_salvage,ok,379,577,186.7,183.9,False,0.2209,319,0.0099,0.9888,clean,none
/root/Workspace/xy/HCSU/wild_extract/王宠-行/識.png,王宠,行,識,識.png,hcsu_wild_salvage,ok,88,85,204.8,174.5,False,0.196,9,0.0321,0.4686,clean,none
/root/Workspace/xy/HCSU/wild_extract/王宠-行/發.png,王宠,行,發,發.png,hcsu_wild_salvage,ok,386,459,199.8,198.3,False,0.1848,125,0.0052,0.7891,clean,none
/root/Workspace/xy/HCSU/wild_extract/王宠-行/魯.png,王宠,行,魯,魯.png,hcsu_wild_salvage,ok,72,86,205.1,177.9,False,0.1726,6,0.0243,0.4574,clean,none
/root/Workspace/xy/HCSU/wild_extract/王宠-行/當.png,王宠,行,當,當.png,hcsu_wild_salvage,ok,564,718,180.1,181.0,False,0.2004,3,0.0,0.6668,clean,none
/root/Workspace/xy/HCSU/wild_extract/王宠-行/頭.png,王宠,行,頭,頭.png,hcsu_wild_salvage,ok,1744,1942,178.6,178.8,False,0.3059,173,0.0008,0.6296,clean,none
/root/Workspace/xy/HCSU/wild_extract/王宠-行/離.png,王宠,行,離,離.png,hcsu_wild_salvage,ok,97,89,209.9,169.5,False,0.2226,7,0.0125,0.4922,clean,none
/root/Workspace/xy/HCSU/wild_extract/王宠-行/論.png,王宠,行,論,論.png,hcsu_wild_salvage,ok,151,140,115.1,104.7,True,0.7702,5,0.0004,0.9726,broken,inverted;too_solid
/root/Workspace/xy/HCSU/wild_extract/王宠-行/綺.png,王宠,行,綺,綺.png,hcsu_wild_salvage,ok,1525,2161,157.1,156.9,False,0.3066,337,0.0014,0.9028,clean,none
/root/Workspace/xy/HCSU/wild_extract/王宠-行/髮.png,王宠,行,髮,髮.png,hcsu_wild_salvage,ok,2464,2220,170.1,169.5,False,0.2156,201,0.0007,0.4396,clean,none
/root/Workspace/xy/HCSU/wild_extract/王宠-行/驛.png,王宠,行,驛,驛.png,hcsu_wild_salvage,ok,193,291,123.4,117.3,True,0.8138,12,0.0006,0.9917,broken,inverted;too_solid
/root/Workspace/xy/HCSU/wild_extract/王宠-行/攢.png,王宠,行,攢,攢.png,hcsu_wild_salvage,ok,599,739,172.0,171.6,False,0.209,202,0.0038,0.4568,clean,none
/root/Workspace/xy/HCSU/wild_extract/王宠-行/淒.png,王宠,行,淒,淒.png,hcsu_wild_salvage,ok,118,154,130.9,119.9,False,0.1828,6,0.0015,0.7297,clean,none
/root/Workspace/xy/HCSU/wild_extract/王宠-行/鳥.png,王宠,行,鳥,鳥.png,hcsu_wild_salvage,ok,84,101,201.8,170.2,False,0.1846,5,0.0172,0.7918,clean,none
/root/Workspace/xy/HCSU/wild_extract/王宠-行/獨.png,王宠,行,獨,獨.png,hcsu_wild_salvage,ok,88,88,204.7,167.5,False,0.2277,5,0.0011,0.4555,clean,none
/root/Workspace/xy/HCSU/wild_extract/王宠-行/場.png,王宠,行,場,場.png,hcsu_wild_salvage,ok,115,147,120.2,111.2,True,0.7795,3,0.0,0.9371,broken,inverted;too_solid
/root/Workspace/xy/HCSU/wild_extract/王宠-行/澤.png,王宠,行,澤,澤.png,hcsu_wild_salvage,ok,142,198,156.4,132.4,False,0.2298,7,0.0025,0.7234,clean,none
/root/Workspace/xy/HCSU/wild_extract/王宠-行/爲.png,王宠,行,爲,爲.png,hcsu_wild_salvage,ok,58,84,210.1,175.4,False,0.2018,5,0.0183,0.5188,clean,none
/root/Workspace/xy/HCSU/wild_extract/王宠-行/驄.png,王宠,行,驄,驄.png,hcsu_wild_salvage,ok,736,649,174.2,174.0,False,0.2218,309,0.0051,0.3958,clean,none
/root/Workspace/xy/HCSU/wild_extract/王宠-行/謔.png,王宠,行,謔,謔.png,hcsu_wild_salvage,ok,571,605,165.1,165.3,False,0.1767,267,0.0061,0.5117,clean,none
/root/Workspace/xy/HCSU/wild_extract/王宠-行/長.png,王宠,行,長,長.png,hcsu_wild_salvage,ok,149,176,145.4,134.0,False,0.2014,5,0.0004,0.5528,clean,none
/root/Workspace/xy/HCSU/wild_extract/王宠-行/獸.png,王宠,行,獸,獸.png,hcsu_wild_salvage,ok,84,81,204.5,176.6,False,0.1962,6,0.015,0.367,clean,none
/root/Workspace/xy/HCSU/wild_extract/王宠-行/勝.png,王宠,行,勝,勝.png,hcsu_wild_salvage,ok,256,254,192.7,188.9,False,0.2331,2,0.0,0.9266,clean,none
/root/Workspace/xy/HCSU/wild_extract/王宠-行/為.png,王宠,行,為,為.png,hcsu_wild_salvage,ok,71,83,201.3,170.7,False,0.2001,7,0.0212,0.8533,clean,none
/root/Workspace/xy/HCSU/wild_extract/王宠-行/聲.png,王宠,行,聲,聲.png,hcsu_wild_salvage,ok,82,135,208.2,185.2,False,0.1565,5,0.0121,0.5626,clean,none
/root/Workspace/xy/HCSU/wild_extract/王宠-行/輈.png,王宠,行,輈,輈.png,hcsu_wild_salvage,ok,467,424,168.3,167.5,False,0.2956,3,0.0,0.5494,clean,none
/root/Workspace/xy/HCSU/wild_extract/王宠-行/龜.png,王宠,行,龜,龜.png,hcsu_wild_salvage,ok,71,84,198.3,163.2,False,0.2317,4,0.026,0.9233,clean,none
/root/Workspace/xy/HCSU/wild_extract/王宠-行/眥.png,王宠,行,眥,眥.png,hcsu_wild_salvage,ok,136,188,147.1,131.8,False,0.2206,9,0.002,0.4778,clean,none
/root/Workspace/xy/HCSU/wild_extract/王宠-行/楨.png,王宠,行,楨,楨.png,hcsu_wild_salvage,ok,356,363,63.3,64.9,True,0.2325,874,0.1037,0.4182,noisy,inverted;high_dirt_0.10
/root/Workspace/xy/HCSU/wild_extract/王宠-行/錢.png,王宠,行,錢,錢.png,hcsu_wild_salvage,ok,110,103,153.4,141.4,False,0.1697,5,0.001,0.5975,clean,none
/root/Workspace/xy/HCSU/wild_extract/王宠-行/緱.png,王宠,行,緱,緱.png,hcsu_wild_salvage,ok,175,203,129.0,122.6,False,0.233,11,0.0014,0.3119,clean,none
/root/Workspace/xy/HCSU/wild_extract/王宠-行/艱.png,王宠,行,艱,艱.png,hcsu_wild_salvage,ok,511,432,204.2,203.2,False,0.1854,347,0.0132,0.4055,clean,none
/root/Workspace/xy/HCSU/wild_extract/王宠-行/農.png,王宠,行,農,農.png,hcsu_wild_salvage,ok,661,1053,186.2,186.6,False,0.2602,5,0.0001,0.5981,clean,none
/root/Workspace/xy/HCSU/wild_extract/王宠-行/鷄.png,王宠,行,鷄,鷄.png,hcsu_wild_salvage,ok,92,87,208.2,165.9,False,0.2203,10,0.0193,0.5145,clean,none
/root/Workspace/xy/HCSU/wild_extract/王宠-行/跃.png,王宠,行,跃,跃.png,hcsu_wild_salvage,ok,242,383,62.3,64.0,True,0.2481,359,0.0451,0.4587,inverted,inverted
/root/Workspace/xy/HCSU/wild_extract/王宠-行/賜.png,王宠,行,賜,賜.png,hcsu_wild_salvage,ok,394,425,60.8,62.4,True,0.2615,783,0.054,0.4998,noisy,inverted;high_dirt_0.05
/root/Workspace/xy/HCSU/wild_extract/王宠-行/號.png,王宠,行,號,號.png,hcsu_wild_salvage,ok,185,259,183.4,178.2,False,0.1797,8,0.0035,0.4151,clean,none
/root/Workspace/xy/HCSU/wild_extract/王宠-行/漢.png,王宠,行,漢,漢.png,hcsu_wild_salvage,ok,81,109,209.1,181.6,False,0.1967,7,0.0017,0.7311,clean,none
/root/Workspace/xy/HCSU/wild_extract/王宠-行/殘.png,王宠,行,殘,殘.png,hcsu_wild_salvage,ok,90,88,200.7,176.9,False,0.178,8,0.0007,0.3574,clean,none
/root/Workspace/xy/HCSU/wild_extract/王宠-行/蓮.png,王宠,行,蓮,蓮.png,hcsu_wild_salvage,ok,2197,2327,156.6,156.7,False,0.2644,140,0.0005,0.9587,clean,none
/root/Workspace/xy/HCSU/wild_extract/王宠-行/囬.png,王宠,行,囬,囬.png,hcsu_wild_salvage,ok,337,295,58.3,57.9,True,0.2379,291,0.0359,0.507,inverted,inverted
/root/Workspace/xy/HCSU/wild_extract/王宠-行/繡.png,王宠,行,繡,繡.png,hcsu_wild_salvage,ok,146,174,148.6,126.5,False,0.2249,6,0.0002,0.5517,clean,none
/root/Workspace/xy/HCSU/wild_extract/王宠-行/寧.png,王宠,行,寧,寧.png,hcsu_wild_salvage,ok,78,105,208.4,183.8,False,0.1957,7,0.0,0.2932,clean,none
/root/Workspace/xy/HCSU/wild_extract/王宠-行/灑.png,王宠,行,灑,灑.png,hcsu_wild_salvage,ok,706,651,161.0,161.1,False,0.2194,417,0.0062,0.7955,clean,none
/root/Workspace/xy/HCSU/wild_extract/王宠-行/粵.png,王宠,行,粵,粵.png,hcsu_wild_salvage,ok,92,217,219.0,188.2,False,0.2489,7,0.0022,0.4765,clean,none
/root/Workspace/xy/HCSU/wild_extract/王宠-行/慘.png,王宠,行,慘,慘.png,hcsu_wild_salvage,ok,182,218,146.4,140.2,False,0.1298,13,0.0014,0.317,clean,none
/root/Workspace/xy/HCSU/wild_extract/王宠-行/賞.png,王宠,行,賞,賞.png,hcsu_wild_salvage,ok,372,593,149.8,152.6,False,0.1891,31,0.0029,0.5123,clean,none
/root/Workspace/xy/HCSU/wild_extract/王宠-行/憐.png,王宠,行,憐,憐.png,hcsu_wild_salvage,ok,71,94,203.3,171.6,False,0.1641,9,0.0457,0.2968,clean,none
/root/Workspace/xy/HCSU/wild_extract/王宠-行/傳.png,王宠,行,傳,傳.png,hcsu_wild_salvage,ok,1845,2014,157.1,157.1,False,0.2196,87,0.0003,0.6972,clean,none
/root/Workspace/xy/HCSU/wild_extract/王宠-行/嶺.png,王宠,行,嶺,嶺.png,hcsu_wild_salvage,ok,479,579,161.4,160.9,False,0.1681,10,0.0003,0.4363,clean,none
/root/Workspace/xy/HCSU/wild_extract/王宠-行/學.png,王宠,行,學,學.png,hcsu_wild_salvage,ok,324,437,63.9,69.2,True,0.1984,1026,0.1419,0.369,noisy,inverted;high_dirt_0.14
/root/Workspace/xy/HCSU/wild_extract/王宠-行/傷.png,王宠,行,傷,傷.png,hcsu_wild_salvage,ok,76,83,205.3,176.4,False,0.1804,6,0.0,0.3981,clean,none
/root/Workspace/xy/HCSU/wild_extract/王宠-行/懇.png,王宠,行,懇,懇.png,hcsu_wild_salvage,ok,358,371,56.3,59.5,True,0.19,417,0.0505,0.4456,noisy,inverted;high_dirt_0.05
/root/Workspace/xy/HCSU/wild_extract/王宠-行/薺.png,王宠,行,薺,薺.png,hcsu_wild_salvage,ok,78,127,211.8,192.7,False,0.152,8,0.0166,0.3426,clean,none
/root/Workspace/xy/HCSU/wild_extract/王宠-行/爾.png,王宠,行,爾,爾.png,hcsu_wild_salvage,ok,59,87,198.0,164.8,False,0.232,9,0.0403,0.4912,clean,none
/root/Workspace/xy/HCSU/wild_extract/王宠-行/見.png,王宠,行,見,見.png,hcsu_wild_salvage,ok,86,132,121.1,111.0,True,0.8035,2,0.0013,0.9987,broken,inverted;too_solid
/root/Workspace/xy/HCSU/wild_extract/王宠-行/馬.png,王宠,行,馬,馬.png,hcsu_wild_salvage,ok,530,598,167.4,167.7,False,0.2833,328,0.0075,0.9925,clean,none
/root/Workspace/xy/HCSU/wild_extract/王宠-行/衆.png,王宠,行,衆,衆.png,hcsu_wild_salvage,ok,65,93,209.6,174.3,False,0.1722,7,0.0,0.3103,clean,none
/root/Workspace/xy/HCSU/wild_extract/王宠-行/覺.png,王宠,行,覺,覺.png,hcsu_wild_salvage,ok,72,92,198.8,177.7,False,0.2216,4,0.0061,0.5313,clean,none
/root/Workspace/xy/HCSU/wild_extract/王宠-行/鵠.png,王宠,行,鵠,鵠.png,hcsu_wild_salvage,ok,103,88,201.7,170.3,False,0.247,11,0.0322,0.4859,clean,none
/root/Workspace/xy/HCSU/wild_extract/王宠-行/撓.png,王宠,行,撓,撓.png,hcsu_wild_salvage,ok,676,625,167.9,167.1,False,0.2,1092,0.0166,0.6105,clean,none
/root/Workspace/xy/HCSU/wild_extract/王宠-行/曠.png,王宠,行,曠,曠.png,hcsu_wild_salvage,ok,121,145,127.2,108.8,True,0.7525,5,0.0002,0.9783,broken,inverted;too_solid
/root/Workspace/xy/HCSU/wild_extract/王宠-行/漁.png,王宠,行,漁,漁.png,hcsu_wild_salvage,ok,160,221,130.2,116.1,False,0.2688,9,0.0033,0.813,clean,none
/root/Workspace/xy/HCSU/wild_extract/王宠-行/兒.png,王宠,行,兒,兒.png,hcsu_wild_salvage,ok,77,68,208.1,179.7,False,0.1574,5,0.0231,0.4357,clean,none
/root/Workspace/xy/HCSU/wild_extract/王宠-行/義.png,王宠,行,義,義.png,hcsu_wild_salvage,ok,87,110,205.3,185.7,False,0.1887,9,0.0188,0.6667,clean,none
/root/Workspace/xy/HCSU/wild_extract/王宠-行/滄.png,王宠,行,滄,滄.png,hcsu_wild_salvage,ok,157,209,133.1,121.9,False,0.2168,11,0.0042,0.3019,clean,none
/root/Workspace/xy/HCSU/wild_extract/王宠-行/雖.png,王宠,行,雖,雖.png,hcsu_wild_salvage,ok,76,70,209.1,167.9,False,0.2128,7,0.0,0.3419,clean,none
/root/Workspace/xy/HCSU/wild_extract/王宠-行/淪.png,王宠,行,淪,淪.png,hcsu_wild_salvage,ok,211,254,133.7,125.8,False,0.1947,16,0.0016,0.5473,clean,none
/root/Workspace/xy/HCSU/wild_extract/王宠-行/癰.png,王宠,行,癰,癰.png,hcsu_wild_salvage,ok,395,499,186.2,185.6,False,0.2258,432,0.0155,0.496,clean,none
/root/Workspace/xy/HCSU/wild_extract/王宠-行/馮.png,王宠,行,馮,馮.png,hcsu_wild_salvage,ok,126,160,125.2,114.1,True,0.7541,3,0.0,0.9693,broken,inverted;too_solid
/root/Workspace/xy/HCSU/wild_extract/王宠-行/昇.png,王宠,行,昇,昇.png,hcsu_wild_salvage,ok,91,204,120.4,104.2,True,0.8139,3,0.0,0.9889,broken,inverted;too_solid
/root/Workspace/xy/HCSU/wild_extract/王宠-行/濺.png,王宠,行,濺,濺.png,hcsu_wild_salvage,ok,163,137,147.1,132.8,False,0.2004,13,0.002,0.3917,clean,none
/root/Workspace/xy/HCSU/wild_extract/王宠-行/湯.png,王宠,行,湯,湯.png,hcsu_wild_salvage,ok,130,166,144.9,125.0,False,0.2043,7,0.0009,0.7764,clean,none
/root/Workspace/xy/HCSU/wild_extract/王宠-行/無.png,王宠,行,無,無.png,hcsu_wild_salvage,ok,93,73,200.1,171.9,False,0.1935,5,0.0129,0.7405,clean,none
/root/Workspace/xy/HCSU/wild_extract/王宠-行/涼.png,王宠,行,涼,涼.png,hcsu_wild_salvage,ok,306,341,69.5,72.7,True,0.2204,844,0.1393,0.3994,noisy,inverted;high_dirt_0.14
/root/Workspace/xy/HCSU/wild_extract/王献之-行/蕳.png,王献之,行,蕳,蕳.png,hcsu_wild_salvage,ok,437,592,30.7,39.7,True,0.1899,1060,0.0472,0.3445,inverted,inverted
/root/Workspace/xy/HCSU/wild_extract/王献之-行/齊.png,王献之,行,齊,齊.png,hcsu_wild_salvage,ok,426,460,46.5,48.8,True,0.2059,1323,0.0558,0.5414,noisy,inverted;high_dirt_0.06
/root/Workspace/xy/HCSU/wild_extract/王献之-行/憂.png,王献之,行,憂,憂.png,hcsu_wild_salvage,ok,398,601,41.7,43.8,True,0.1683,730,0.0314,0.3868,inverted,inverted
/root/Workspace/xy/HCSU/wild_extract/王献之-行/臣.png,王献之,行,臣,臣.png,hcsu_wild_salvage,ok,147,168,50.5,56.3,True,0.1759,47,0.0111,0.6321,inverted,inverted
/root/Workspace/xy/HCSU/wild_extract/王献之-行/地.png,王献之,行,地,地.png,hcsu_wild_salvage,ok,142,110,28.4,36.9,True,0.1846,2,0.0003,0.9997,inverted,inverted
/root/Workspace/xy/HCSU/wild_extract/王献之-行/懐.png,王献之,行,懐,懐.png,hcsu_wild_salvage,ok,359,333,46.7,46.8,True,0.0881,22,0.0031,0.3606,inverted,inverted
/root/Workspace/xy/HCSU/wild_extract/王献之-行/識.png,王献之,行,識,識.png,hcsu_wild_salvage,ok,424,538,37.9,39.7,True,0.1315,846,0.0365,0.2781,inverted,inverted
/root/Workspace/xy/HCSU/wild_extract/王献之-行/內.png,王献之,行,內,內.png,hcsu_wild_salvage,ok,250,259,49.7,67.5,True,0.3056,438,0.0389,0.8579,inverted,inverted
/root/Workspace/xy/HCSU/wild_extract/王献之-行/礜.png,王献之,行,礜,礜.png,hcsu_wild_salvage,ok,380,517,52.2,52.2,True,0.1572,13,0.0005,0.3288,inverted,inverted
/root/Workspace/xy/HCSU/wild_extract/王献之-行/收.png,王献之,行,收,收.png,hcsu_wild_salvage,ok,158,142,49.5,55.9,True,0.1407,31,0.0206,0.3479,inverted,inverted
/root/Workspace/xy/HCSU/wild_extract/王献之-行/慶.png,王献之,行,慶,慶.png,hcsu_wild_salvage,ok,374,557,37.3,38.6,True,0.2214,1011,0.0383,0.5831,inverted,inverted
/root/Workspace/xy/HCSU/wild_extract/王献之-行/不.png,王献之,行,不,不.png,hcsu_wild_salvage,ok,237,221,45.5,50.1,True,0.1365,134,0.0213,0.7495,inverted,inverted
/root/Workspace/xy/HCSU/wild_extract/王献之-行/發.png,王献之,行,發,發.png,hcsu_wild_salvage,ok,381,500,36.7,37.7,True,0.1882,242,0.0108,0.309,inverted,inverted
/root/Workspace/xy/HCSU/wild_extract/王献之-行/发.png,王献之,行,发,发.png,hcsu_wild_salvage,ok,262,290,44.0,46.4,True,0.1372,64,0.0071,0.3955,inverted,inverted
/root/Workspace/xy/HCSU/wild_extract/王献之-行/頭.png,王献之,行,頭,頭.png,hcsu_wild_salvage,ok,343,399,53.1,59.3,True,0.2441,551,0.0334,0.5141,inverted,inverted
/root/Workspace/xy/HCSU/wild_extract/王献之-行/離.png,王献之,行,離,離.png,hcsu_wild_salvage,ok,425,430,63.7,64.3,True,0.2768,2243,0.0696,0.4378,noisy,inverted;high_dirt_0.07
/root/Workspace/xy/HCSU/wild_extract/王献之-行/論.png,王献之,行,論,論.png,hcsu_wild_salvage,ok,412,387,36.2,36.8,True,0.2078,853,0.0431,0.4395,inverted,inverted
/root/Workspace/xy/HCSU/wild_extract/王献之-行/䔍.png,王献之,行,䔍,䔍.png,hcsu_wild_salvage,ok,399,562,42.4,43.2,True,0.1827,883,0.0348,0.5282,inverted,inverted
/root/Workspace/xy/HCSU/wild_extract/王献之-行/憒.png,王献之,行,憒,憒.png,hcsu_wild_salvage,ok,374,539,39.1,43.6,True,0.258,363,0.0186,0.2855,inverted,inverted
/root/Workspace/xy/HCSU/wild_extract/王献之-行/承.png,王献之,行,承,承.png,hcsu_wild_salvage,ok,284,329,54.4,55.3,True,0.1049,58,0.0071,0.398,inverted,inverted
/root/Workspace/xy/HCSU/wild_extract/王献之-行/惻.png,王献之,行,惻,惻.png,hcsu_wild_salvage,ok,447,471,43.0,43.6,True,0.2194,290,0.0206,0.2808,inverted,inverted
/root/Workspace/xy/HCSU/wild_extract/王献之-行/是.png,王献之,行,是,是.png,hcsu_wild_salvage,ok,250,273,46.2,51.3,True,0.1442,90,0.012,0.7736,inverted,inverted
/root/Workspace/xy/HCSU/wild_extract/王献之-行/垂.png,王献之,行,垂,垂.png,hcsu_wild_salvage,ok,196,218,50.6,56.0,True,0.1555,58,0.009,0.6802,inverted,inverted
/root/Workspace/xy/HCSU/wild_extract/王献之-行/燋.png,王献之,行,燋,燋.png,hcsu_wild_salvage,ok,327,324,44.9,44.8,True,0.1184,23,0.0048,0.5263,inverted,inverted
/root/Workspace/xy/HCSU/wild_extract/王献之-行/嵗.png,王献之,行,嵗,嵗.png,hcsu_wild_salvage,ok,368,405,54.4,57.8,True,0.1773,880,0.0353,0.5696,inverted,inverted
/root/Workspace/xy/HCSU/wild_extract/王献之-行/也.png,王献之,行,也,也.png,hcsu_wild_salvage,ok,313,255,49.6,49.0,True,0.1114,135,0.0242,0.965,inverted,inverted
/root/Workspace/xy/HCSU/wild_extract/王献之-行/時.png,王献之,行,時,時.png,hcsu_wild_salvage,ok,366,430,34.9,38.4,True,0.2209,546,0.0237,0.8623,inverted,inverted
/root/Workspace/xy/HCSU/wild_extract/王献之-行/慰.png,王献之,行,慰,慰.png,hcsu_wild_salvage,ok,244,258,46.7,50.4,True,0.1647,142,0.0166,0.1792,inverted,inverted
/root/Workspace/xy/HCSU/wild_extract/王献之-行/监.png,王献之,行,监,监.png,hcsu_wild_salvage,ok,314,455,47.0,47.6,True,0.1567,231,0.0118,0.4361,inverted,inverted
/root/Workspace/xy/HCSU/wild_extract/王献之-行/月.png,王献之,行,月,月.png,hcsu_wild_salvage,ok,76,134,27.0,66.5,True,0.3237,4,0.0009,0.9991,inverted,inverted
/root/Workspace/xy/HCSU/wild_extract/王献之-行/诸.png,王献之,行,诸,诸.png,hcsu_wild_salvage,ok,295,320,54.6,55.5,True,0.1185,336,0.0435,0.3024,inverted,inverted
/root/Workspace/xy/HCSU/wild_extract/王献之-行/老.png,王献之,行,老,老.png,hcsu_wild_salvage,ok,266,286,46.6,46.6,True,0.1109,62,0.0111,0.4707,inverted,inverted
/root/Workspace/xy/HCSU/wild_extract/王献之-行/軍.png,王献之,行,軍,軍.png,hcsu_wild_salvage,ok,344,503,42.2,42.3,True,0.2534,829,0.0522,0.6733,noisy,inverted;high_dirt_0.05
/root/Workspace/xy/HCSU/wild_extract/王献之-行/長.png,王献之,行,長,長.png,hcsu_wild_salvage,ok,334,479,52.1,49.6,True,0.2373,591,0.0524,0.7494,noisy,inverted;high_dirt_0.05
/root/Workspace/xy/HCSU/wild_extract/王献之-行/寬.png,王献之,行,寬,寬.png,hcsu_wild_salvage,ok,436,637,47.9,50.5,True,0.1542,4633,0.1371,0.3115,noisy,inverted;high_dirt_0.14
/root/Workspace/xy/HCSU/wild_extract/王献之-行/台.png,王献之,行,台,台.png,hcsu_wild_salvage,ok,206,346,51.0,53.4,True,0.1453,199,0.0226,0.6219,inverted,inverted
/root/Workspace/xy/HCSU/wild_extract/王献之-行/圣.png,王献之,行,圣,圣.png,hcsu_wild_salvage,ok,203,275,46.8,50.1,True,0.1781,14,0.0026,0.364,inverted,inverted
/root/Workspace/xy/HCSU/wild_extract/王献之-行/餘.png,王献之,行,餘,餘.png,hcsu_wild_salvage,ok,405,462,40.0,41.1,True,0.1615,1048,0.0399,0.2487,inverted,inverted
/root/Workspace/xy/HCSU/wild_extract/王献之-行/私.png,王献之,行,私,私.png,hcsu_wild_salvage,ok,239,214,45.1,46.2,True,0.1258,80,0.0137,0.5873,inverted,inverted
/root/Workspace/xy/HCSU/wild_extract/王献之-行/夕.png,王献之,行,夕,夕.png,hcsu_wild_salvage,ok,107,151,31.4,40.4,True,0.1492,8,0.0033,0.6668,inverted,inverted
/root/Workspace/xy/HCSU/wild_extract/王献之-行/济.png,王献之,行,济,济.png,hcsu_wild_salvage,ok,142,162,16.8,32.4,True,0.1318,18,0.0063,0.1814,inverted,inverted
/root/Workspace/xy/HCSU/wild_extract/王献之-行/頓.png,王献之,行,頓,頓.png,hcsu_wild_salvage,ok,373,344,45.0,53.3,True,0.3103,434,0.0167,0.5964,inverted,inverted
/root/Workspace/xy/HCSU/wild_extract/王献之-行/㪽.png,王献之,行,㪽,㪽.png,hcsu_wild_salvage,ok,432,310,41.2,51.3,True,0.2519,220,0.0298,0.4316,inverted,inverted
/root/Workspace/xy/HCSU/wild_extract/王献之-行/石.png,王献之,行,石,石.png,hcsu_wild_salvage,ok,248,299,52.5,52.3,True,0.2001,44,0.0033,0.9967,inverted,inverted
/root/Workspace/xy/HCSU/wild_extract/王献之-行/華.png,王献之,行,華,華.png,hcsu_wild_salvage,ok,321,633,36.0,38.1,True,0.2075,290,0.0125,0.6753,inverted,inverted
/root/Workspace/xy/HCSU/wild_extract/王献之-行/多.png,王献之,行,多,多.png,hcsu_wild_salvage,ok,139,305,49.6,51.3,True,0.148,28,0.0048,0.9952,inverted,inverted
/root/Workspace/xy/HCSU/wild_extract/王献之-行/琼.png,王献之,行,琼,琼.png,hcsu_wild_salvage,ok,169,191,55.0,58.2,True,0.1326,40,0.01,0.2584,inverted,inverted
/root/Workspace/xy/HCSU/wild_extract/王献之-行/處.png,王献之,行,處,處.png,hcsu_wild_salvage,ok,439,536,46.2,45.6,True,0.2233,923,0.0305,0.8592,inverted,inverted
/root/Workspace/xy/HCSU/wild_extract/王献之-行/艱.png,王献之,行,艱,艱.png,hcsu_wild_salvage,ok,592,574,41.6,41.5,True,0.2193,690,0.0304,0.3362,inverted,inverted
/root/Workspace/xy/HCSU/wild_extract/王献之-行/回.png,王献之,行,回,回.png,hcsu_wild_salvage,ok,202,179,46.5,50.5,True,0.1645,30,0.005,0.3938,inverted,inverted
/root/Workspace/xy/HCSU/wild_extract/王献之-行/尔.png,王献之,行,尔,尔.png,hcsu_wild_salvage,ok,275,229,45.6,46.0,True,0.1172,92,0.0164,0.68,inverted,inverted
/root/Workspace/xy/HCSU/wild_extract/王献之-行/希.png,王献之,行,希,希.png,hcsu_wild_salvage,ok,273,617,47.7,48.0,True,0.1084,104,0.0067,0.7054,inverted,inverted
/root/Workspace/xy/HCSU/wild_extract/王献之-行/積.png,王献之,行,積,積.png,hcsu_wild_salvage,ok,464,504,56.0,57.4,True,0.2371,2326,0.0495,0.4137,inverted,inverted
/root/Workspace/xy/HCSU/wild_extract/王献之-行/简.png,王献之,行,简,简.png,hcsu_wild_salvage,ok,309,375,57.2,59.1,True,0.123,157,0.0161,0.3082,inverted,inverted
/root/Workspace/xy/HCSU/wild_extract/王献之-行/懃.png,王献之,行,懃,懃.png,hcsu_wild_salvage,ok,92,106,29.1,69.7,True,0.1668,11,0.0025,0.2649,inverted,inverted
/root/Workspace/xy/HCSU/wild_extract/王献之-行/悬.png,王献之,行,悬,悬.png,hcsu_wild_salvage,ok,141,166,28.5,42.2,True,0.1814,34,0.0309,0.4389,inverted,inverted
/root/Workspace/xy/HCSU/wild_extract/王献之-行/解.png,王献之,行,解,解.png,hcsu_wild_salvage,ok,219,252,46.1,50.7,True,0.1778,189,0.0211,0.4675,inverted,inverted
/root/Workspace/xy/HCSU/wild_extract/王献之-行/脓.png,王献之,行,脓,脓.png,hcsu_wild_salvage,ok,178,216,22.8,29.0,True,0.2005,13,0.0067,0.3073,inverted,inverted
/root/Workspace/xy/HCSU/wild_extract/王献之-行/風.png,王献之,行,風,風.png,hcsu_wild_salvage,ok,363,315,43.6,47.3,True,0.2418,621,0.028,0.8159,inverted,inverted
/root/Workspace/xy/HCSU/wild_extract/王献之-行/順.png,王献之,行,順,順.png,hcsu_wild_salvage,ok,431,514,42.3,44.5,True,0.2775,1522,0.0395,0.4978,inverted,inverted
/root/Workspace/xy/HCSU/wild_extract/王献之-行/到.png,王献之,行,到,到.png,hcsu_wild_salvage,ok,272,309,49.6,50.9,True,0.172,170,0.0126,0.492,inverted,inverted
/root/Workspace/xy/HCSU/wild_extract/王献之-行/孫.png,王献之,行,孫,孫.png,hcsu_wild_salvage,ok,381,372,44.8,47.7,True,0.2139,882,0.0408,0.3659,inverted,inverted
/root/Workspace/xy/HCSU/wild_extract/王献之-行/實.png,王献之,行,實,實.png,hcsu_wild_salvage,ok,361,525,39.7,41.7,True,0.1995,353,0.011,0.3595,inverted,inverted
/root/Workspace/xy/HCSU/wild_extract/王献之-行/書.png,王献之,行,書,書.png,hcsu_wild_salvage,ok,478,592,41.3,41.1,True,0.1803,513,0.0237,0.6872,inverted,inverted
/root/Workspace/xy/HCSU/wild_extract/王献之-行/觸.png,王献之,行,觸,觸.png,hcsu_wild_salvage,ok,382,457,39.0,40.4,True,0.2441,592,0.0196,0.3538,inverted,inverted
/root/Workspace/xy/HCSU/wild_extract/王献之-行/假.png,王献之,行,假,假.png,hcsu_wild_salvage,ok,248,217,49.0,49.2,True,0.1473,80,0.013,0.3939,inverted,inverted
/root/Workspace/xy/HCSU/wild_extract/王献之-行/曲.png,王献之,行,曲,曲.png,hcsu_wild_salvage,ok,151,151,46.5,58.2,True,0.1999,12,0.0022,0.8826,inverted,inverted
/root/Workspace/xy/HCSU/wild_extract/王献之-行/寶.png,王献之,行,寶,寶.png,hcsu_wild_salvage,ok,397,449,42.2,44.1,True,0.2201,1118,0.0442,0.3395,inverted,inverted
/root/Workspace/xy/HCSU/wild_extract/王献之-行/姊.png,王献之,行,姊,姊.png,hcsu_wild_salvage,ok,345,369,48.0,48.4,True,0.1609,323,0.0172,0.9631,inverted,inverted
/root/Workspace/xy/HCSU/wild_extract/王献之-行/阿.png,王献之,行,阿,阿.png,hcsu_wild_salvage,ok,301,268,52.0,55.4,True,0.1685,60,0.0077,0.5112,inverted,inverted
/root/Workspace/xy/HCSU/wild_extract/王献之-行/何.png,王献之,行,何,何.png,hcsu_wild_salvage,ok,359,342,46.3,46.9,True,0.1297,258,0.0175,0.9796,inverted,inverted
/root/Workspace/xy/HCSU/wild_extract/王献之-行/疢.png,王献之,行,疢,疢.png,hcsu_wild_salvage,ok,366,395,60.8,64.2,True,0.2226,649,0.0374,0.4965,inverted,inverted
/root/Workspace/xy/HCSU/wild_extract/王献之-行/视.png,王献之,行,视,视.png,hcsu_wild_salvage,ok,295,256,47.4,48.4,True,0.1335,55,0.0054,0.2812,inverted,inverted
/root/Workspace/xy/HCSU/wild_extract/王献之-行/都.png,王献之,行,都,都.png,hcsu_wild_salvage,ok,156,230,27.0,37.2,True,0.1484,4,0.0039,0.4725,inverted,inverted
/root/Workspace/xy/HCSU/wild_extract/王献之-行/經.png,王献之,行,經,經.png,hcsu_wild_salvage,ok,262,359,31.4,33.4,True,0.1746,402,0.0352,0.3223,inverted,inverted
/root/Workspace/xy/HCSU/wild_extract/王献之-行/噉.png,王献之,行,噉,噉.png,hcsu_wild_salvage,ok,457,439,48.1,47.7,True,0.1006,17,0.0014,0.3477,inverted,inverted
/root/Workspace/xy/HCSU/wild_extract/王献之-行/防.png,王献之,行,防,防.png,hcsu_wild_salvage,ok,141,150,53.0,62.5,True,0.2065,90,0.0268,0.891,inverted,inverted
/root/Workspace/xy/HCSU/wild_extract/王献之-行/例.png,王献之,行,例,例.png,hcsu_wild_salvage,ok,210,191,47.7,56.9,True,0.1325,29,0.0056,0.3314,inverted,inverted
/root/Workspace/xy/HCSU/wild_extract/王献之-行/兾.png,王献之,行,兾,兾.png,hcsu_wild_salvage,ok,328,494,48.6,49.9,True,0.2556,702,0.0361,0.9468,inverted,inverted
/root/Workspace/xy/HCSU/wild_extract/王献之-行/失.png,王献之,行,失,失.png,hcsu_wild_salvage,ok,222,285,50.0,51.0,True,0.1583,76,0.0105,0.8154,inverted,inverted
/root/Workspace/xy/HCSU/wild_extract/王献之-行/恋.png,王献之,行,恋,恋.png,hcsu_wild_salvage,ok,231,234,52.3,56.0,True,0.0997,370,0.0859,0.1475,noisy,inverted;high_dirt_0.09
/root/Workspace/xy/HCSU/wild_extract/王献之-行/聞.png,王献之,行,聞,聞.png,hcsu_wild_salvage,ok,388,537,34.9,35.1,True,0.177,239,0.0137,0.3993,inverted,inverted
/root/Workspace/xy/HCSU/wild_extract/王献之-行/听.png,王献之,行,听,听.png,hcsu_wild_salvage,ok,247,243,45.8,48.2,True,0.1745,67,0.0083,0.3918,inverted,inverted
/root/Workspace/xy/HCSU/wild_extract/王献之-行/創.png,王献之,行,創,創.png,hcsu_wild_salvage,ok,389,405,41.3,40.9,True,0.2226,876,0.0286,0.3297,inverted,inverted
/root/Workspace/xy/HCSU/wild_extract/王献之-行/難.png,王献之,行,難,難.png,hcsu_wild_salvage,ok,456,453,38.2,38.7,True,0.2136,588,0.0199,0.5198,inverted,inverted
/root/Workspace/xy/HCSU/wild_extract/王献之-行/見.png,王献之,行,見,見.png,hcsu_wild_salvage,ok,331,438,54.6,52.4,True,0.2568,633,0.0576,0.8378,noisy,inverted;high_dirt_0.06
/root/Workspace/xy/HCSU/wild_extract/王献之-行/復.png,王献之,行,復,復.png,hcsu_wild_salvage,ok,311,438,57.5,60.3,True,0.2126,457,0.0395,0.4155,inverted,inverted
/root/Workspace/xy/HCSU/wild_extract/王献之-行/倪.png,王献之,行,倪,倪.png,hcsu_wild_salvage,ok,357,338,47.3,47.2,True,0.1017,355,0.031,0.5197,inverted,inverted
/root/Workspace/xy/HCSU/wild_extract/王献之-行/遠.png,王献之,行,遠,遠.png,hcsu_wild_salvage,ok,389,396,36.9,38.5,True,0.2093,462,0.0328,0.4381,inverted,inverted
/root/Workspace/xy/HCSU/wild_extract/王献之-行/用.png,王献之,行,用,用.png,hcsu_wild_salvage,ok,136,196,48.2,70.3,True,0.2157,39,0.0101,0.3194,inverted,inverted
/root/Workspace/xy/HCSU/wild_extract/王献之-行/馳.png,王献之,行,馳,馳.png,hcsu_wild_salvage,ok,456,399,35.4,37.8,True,0.1895,447,0.0354,0.5165,inverted,inverted
/root/Workspace/xy/HCSU/wild_extract/王献之-行/審.png,王献之,行,審,審.png,hcsu_wild_salvage,ok,370,535,50.1,49.0,True,0.2404,595,0.0407,0.7544,inverted,inverted
/root/Workspace/xy/HCSU/wild_extract/王献之-行/并.png,王献之,行,并,并.png,hcsu_wild_salvage,ok,203,311,51.7,52.4,True,0.1307,117,0.0182,0.2273,inverted,inverted
/root/Workspace/xy/HCSU/wild_extract/王献之-行/䓁.png,王献之,行,䓁,䓁.png,hcsu_wild_salvage,ok,384,421,48.2,48.8,True,0.1911,1439,0.0538,0.6964,noisy,inverted;high_dirt_0.05
/root/Workspace/xy/HCSU/wild_extract/王献之-行/應.png,王献之,行,應,應.png,hcsu_wild_salvage,ok,419,474,44.9,47.3,True,0.2674,739,0.0314,0.3531,inverted,inverted
/root/Workspace/xy/HCSU/wild_extract/王献之-行/载.png,王献之,行,载,载.png,hcsu_wild_salvage,ok,258,344,46.7,47.8,True,0.1531,27,0.0096,0.4946,inverted,inverted
/root/Workspace/xy/HCSU/wild_extract/王献之-行/䖏.png,王献之,行,䖏,䖏.png,hcsu_wild_salvage,ok,504,584,38.4,39.1,True,0.1739,1367,0.0477,0.7153,inverted,inverted
/root/Workspace/xy/HCSU/wild_extract/王献之-行/被.png,王献之,行,被,被.png,hcsu_wild_salvage,ok,256,212,52.5,55.1,True,0.1507,58,0.007,0.488,inverted,inverted
/root/Workspace/xy/HCSU/wild_extract/王献之-行/視.png,王献之,行,視,視.png,hcsu_wild_salvage,ok,456,372,40.4,41.7,True,0.2482,333,0.0161,0.4418,inverted,inverted
/root/Workspace/xy/HCSU/wild_extract/王献之-行/泠.png,王献之,行,泠,泠.png,hcsu_wild_salvage,ok,357,286,50.2,50.3,True,0.1105,354,0.0353,0.232,inverted,inverted
/root/Workspace/xy/HCSU/wild_extract/王献之-行/隕.png,王献之,行,隕,隕.png,hcsu_wild_salvage,ok,292,343,31.1,44.4,True,0.2861,190,0.0166,0.2394,inverted,inverted
/root/Workspace/xy/HCSU/wild_extract/王献之-行/倉.png,王献之,行,倉,倉.png,hcsu_wild_salvage,ok,341,402,40.9,43.9,True,0.2528,789,0.0307,0.3863,inverted,inverted
/root/Workspace/xy/HCSU/wild_extract/王献之-行/授.png,王献之,行,授,授.png,hcsu_wild_salvage,ok,297,328,48.7,50.1,True,0.1445,1085,0.0964,0.4095,noisy,inverted;high_dirt_0.10
/root/Workspace/xy/HCSU/wild_extract/王献之-行/冝.png,王献之,行,冝,冝.png,hcsu_wild_salvage,ok,318,381,41.7,46.6,True,0.2217,220,0.0157,0.85,inverted,inverted
/root/Workspace/xy/HCSU/wild_extract/王献之-行/汤.png,王献之,行,汤,汤.png,hcsu_wild_salvage,ok,376,501,2.2,1.9,True,0.1981,159,0.0174,0.6598,inverted,inverted
/root/Workspace/xy/HCSU/wild_extract/王献之-行/急.png,王献之,行,急,急.png,hcsu_wild_salvage,ok,196,239,46.8,52.8,True,0.1627,128,0.0185,0.2918,inverted,inverted
/root/Workspace/xy/HCSU/wild_extract/王献之-行/乍.png,王献之,行,乍,乍.png,hcsu_wild_salvage,ok,122,120,46.9,51.2,True,0.1147,47,0.0584,0.3234,noisy,inverted;high_dirt_0.06
/root/Workspace/xy/HCSU/wild_extract/王献之-行/與.png,王献之,行,與,與.png,hcsu_wild_salvage,ok,348,480,38.0,39.2,True,0.2023,893,0.0343,0.5105,inverted,inverted
/root/Workspace/xy/HCSU/wild_extract/王献之-行/㿈.png,王献之,行,㿈,㿈.png,hcsu_wild_salvage,ok,442,559,47.7,47.8,True,0.2551,1885,0.0419,0.2996,inverted,inverted
/root/Workspace/xy/HCSU/wild_extract/王献之-行/为.png,王献之,行,为,为.png,hcsu_wild_salvage,ok,227,282,48.5,53.8,True,0.1798,65,0.0076,0.4467,inverted,inverted
/root/Workspace/xy/HCSU/wild_extract/王献之-行/會.png,王献之,行,會,會.png,hcsu_wild_salvage,ok,573,577,36.6,35.8,True,0.1949,1088,0.0237,0.4047,inverted,inverted
/root/Workspace/xy/HCSU/wild_extract/王献之-行/懷.png,王献之,行,懷,懷.png,hcsu_wild_salvage,ok,438,414,36.7,39.2,True,0.1846,796,0.0349,0.5092,inverted,inverted
/root/Workspace/xy/HCSU/wild_extract/王献之-行/倫.png,王献之,行,倫,倫.png,hcsu_wild_salvage,ok,524,394,42.7,42.9,True,0.2087,1320,0.0488,0.2949,inverted,inverted
/root/Workspace/xy/HCSU/wild_extract/王献之-行/坟.png,王献之,行,坟,坟.png,hcsu_wild_salvage,ok,267,303,47.8,49.5,True,0.1361,29,0.0081,0.2652,inverted,inverted
/root/Workspace/xy/HCSU/wild_extract/王献之-行/豈.png,王献之,行,豈,豈.png,hcsu_wild_salvage,ok,288,517,42.3,43.7,True,0.2407,480,0.0285,0.8803,inverted,inverted
/root/Workspace/xy/HCSU/wild_extract/王献之-行/惡.png,王献之,行,惡,惡.png,hcsu_wild_salvage,ok,484,481,47.8,48.0,True,0.1844,731,0.0345,0.1794,inverted,inverted
/root/Workspace/xy/HCSU/wild_extract/王献之-行/遣.png,王献之,行,遣,遣.png,hcsu_wild_salvage,ok,358,369,45.5,47.1,True,0.1376,360,0.0214,0.4232,inverted,inverted
/root/Workspace/xy/HCSU/wild_extract/王献之-行/莭.png,王献之,行,莭,莭.png,hcsu_wild_salvage,ok,330,537,53.9,59.6,True,0.2019,948,0.0427,0.3094,inverted,inverted
/root/Workspace/xy/HCSU/wild_extract/王献之-行/㒒.png,王献之,行,㒒,㒒.png,hcsu_wild_salvage,ok,394,425,52.0,54.1,True,0.2301,475,0.02,0.3124,inverted,inverted
/root/Workspace/xy/HCSU/wild_extract/王献之-行/然.png,王献之,行,然,然.png,hcsu_wild_salvage,ok,372,282,51.9,52.3,True,0.1133,16,0.0041,0.4517,inverted,inverted
/root/Workspace/xy/HCSU/wild_extract/王献之-行/賴.png,王献之,行,賴,賴.png,hcsu_wild_salvage,ok,359,380,43.0,45.4,True,0.3355,354,0.0105,0.5299,inverted,inverted
/root/Workspace/xy/HCSU/wild_extract/王羲之-楷/尊.png,王羲之,楷,尊,尊.png,hcsu_wild_salvage,ok,163,171,47.5,52.1,True,0.138,59,0.0164,0.7169,inverted,inverted
/root/Workspace/xy/HCSU/wild_extract/王羲之-楷/弗.png,王羲之,楷,弗,弗.png,hcsu_wild_salvage,ok,128,140,51.8,57.0,True,0.1455,83,0.0383,0.3244,inverted,inverted
/root/Workspace/xy/HCSU/wild_extract/王羲之-楷/妨.png,王羲之,楷,妨,妨.png,hcsu_wild_salvage,ok,154,129,46.9,51.3,True,0.1575,163,0.0591,0.7247,noisy,inverted;high_dirt_0.06
/root/Workspace/xy/HCSU/wild_extract/王羲之-楷/夙.png,王羲之,楷,夙,夙.png,hcsu_wild_salvage,ok,192,191,45.2,48.8,True,0.1173,63,0.014,0.4958,inverted,inverted
/root/Workspace/xy/HCSU/wild_extract/王羲之-楷/加.png,王羲之,楷,加,加.png,hcsu_wild_salvage,ok,296,206,24.8,26.4,True,0.2157,78,0.01,0.553,inverted,inverted
/root/Workspace/xy/HCSU/wild_extract/王羲之-楷/发.png,王羲之,楷,发,发.png,hcsu_wild_salvage,ok,400,343,21.1,22.6,True,0.129,567,0.0692,0.4294,noisy,inverted;high_dirt_0.07
/root/Workspace/xy/HCSU/wild_extract/王羲之-楷/包.png,王羲之,楷,包,包.png,hcsu_wild_salvage,ok,128,127,52.4,60.8,True,0.1444,21,0.0111,0.4774,inverted,inverted
/root/Workspace/xy/HCSU/wild_extract/王羲之-楷/忧.png,王羲之,楷,忧,忧.png,hcsu_wild_salvage,ok,131,157,49.4,57.2,True,0.1654,75,0.0223,0.1922,inverted,inverted
/root/Workspace/xy/HCSU/wild_extract/王羲之-楷/度.png,王羲之,楷,度,度.png,hcsu_wild_salvage,ok,161,159,46.8,50.9,True,0.1307,42,0.012,0.3039,inverted,inverted
/root/Workspace/xy/HCSU/wild_extract/王羲之-楷/寒.png,王羲之,楷,寒,寒.png,hcsu_wild_salvage,ok,378,373,38.0,38.8,True,0.1514,330,0.0361,0.5656,inverted,inverted
/root/Workspace/xy/HCSU/wild_extract/王羲之-楷/新.png,王羲之,楷,新,新.png,hcsu_wild_salvage,ok,137,183,47.7,53.9,True,0.1367,73,0.0239,0.2973,inverted,inverted
/root/Workspace/xy/HCSU/wild_extract/王羲之-楷/夜.png,王羲之,楷,夜,夜.png,hcsu_wild_salvage,ok,207,180,60.1,58.0,True,0.1845,17,0.0057,0.2786,inverted,inverted
/root/Workspace/xy/HCSU/wild_extract/王羲之-楷/後.png,王羲之,楷,後,後.png,hcsu_wild_salvage,ok,337,322,30.7,31.2,True,0.1519,229,0.028,0.4182,inverted,inverted
/root/Workspace/xy/HCSU/wild_extract/王羲之-楷/時.png,王羲之,楷,時,時.png,hcsu_wild_salvage,ok,309,309,22.7,23.4,True,0.1436,106,0.0169,0.2593,inverted,inverted
/root/Workspace/xy/HCSU/wild_extract/王羲之-楷/暂.png,王羲之,楷,暂,暂.png,hcsu_wild_salvage,ok,132,153,47.6,52.5,True,0.1559,55,0.0283,0.3227,inverted,inverted
/root/Workspace/xy/HCSU/wild_extract/王羲之-楷/博.png,王羲之,楷,博,博.png,hcsu_wild_salvage,ok,135,145,45.1,50.1,True,0.133,35,0.0196,0.5469,inverted,inverted
/root/Workspace/xy/HCSU/wild_extract/王羲之-楷/抗.png,王羲之,楷,抗,抗.png,hcsu_wild_salvage,ok,164,131,49.8,55.7,True,0.1218,106,0.0401,0.418,inverted,inverted
/root/Workspace/xy/HCSU/wild_extract/王羲之-楷/倦.png,王羲之,楷,倦,倦.png,hcsu_wild_salvage,ok,242,223,53.7,58.1,True,0.1486,137,0.0363,0.403,inverted,inverted
/root/Workspace/xy/HCSU/wild_extract/王羲之-楷/恕.png,王羲之,楷,恕,恕.png,hcsu_wild_salvage,ok,143,122,52.6,61.9,True,0.1605,48,0.0225,0.3721,inverted,inverted
/root/Workspace/xy/HCSU/wild_extract/王羲之-楷/恠.png,王羲之,楷,恠,恠.png,hcsu_wild_salvage,ok,253,235,23.0,25.6,True,0.1469,21,0.006,0.4514,inverted,inverted
/root/Workspace/xy/HCSU/wild_extract/王羲之-楷/寢.png,王羲之,楷,寢,寢.png,hcsu_wild_salvage,ok,260,295,28.3,35.1,True,0.1887,94,0.0138,0.251,inverted,inverted
/root/Workspace/xy/HCSU/wild_extract/王羲之-楷/春.png,王羲之,楷,春,春.png,hcsu_wild_salvage,ok,153,133,49.4,54.9,True,0.1526,36,0.0251,0.9398,inverted,inverted
/root/Workspace/xy/HCSU/wild_extract/王羲之-楷/媟.png,王羲之,楷,媟,媟.png,hcsu_wild_salvage,ok,164,124,50.3,56.0,True,0.1784,59,0.0163,0.3702,inverted,inverted
/root/Workspace/xy/HCSU/wild_extract/王羲之-楷/制.png,王羲之,楷,制,制.png,hcsu_wild_salvage,ok,158,132,49.6,55.5,True,0.1681,32,0.0091,0.3126,inverted,inverted
/root/Workspace/xy/HCSU/wild_extract/王羲之-楷/厚.png,王羲之,楷,厚,厚.png,hcsu_wild_salvage,ok,135,149,51.0,56.9,True,0.1563,68,0.0328,0.3045,inverted,inverted
/root/Workspace/xy/HCSU/wild_extract/王羲之-楷/及.png,王羲之,楷,及,及.png,hcsu_wild_salvage,ok,151,124,48.3,54.3,True,0.1226,35,0.0161,0.9839,inverted,inverted
/root/Workspace/xy/HCSU/wild_extract/王羲之-楷/尺.png,王羲之,楷,尺,尺.png,hcsu_wild_salvage,ok,295,258,33.9,38.9,True,0.1229,181,0.0407,0.3342,inverted,inverted
/root/Workspace/xy/HCSU/wild_extract/王羲之-楷/垦.png,王羲之,楷,垦,垦.png,hcsu_wild_salvage,ok,126,152,50.6,58.3,True,0.1543,28,0.0064,0.2307,inverted,inverted
/root/Workspace/xy/HCSU/wild_extract/王羲之-楷/寤.png,王羲之,楷,寤,寤.png,hcsu_wild_salvage,ok,198,229,47.9,51.6,True,0.1568,92,0.0197,0.2919,inverted,inverted
/root/Workspace/xy/HCSU/wild_extract/王羲之-楷/他.png,王羲之,楷,他,他.png,hcsu_wild_salvage,ok,151,107,48.1,57.9,True,0.1639,70,0.0321,0.6106,inverted,inverted
/root/Workspace/xy/HCSU/wild_extract/王羲之-楷/体.png,王羲之,楷,体,体.png,hcsu_wild_salvage,ok,145,132,49.7,57.4,True,0.215,62,0.0158,0.2566,inverted,inverted
/root/Workspace/xy/HCSU/wild_extract/王羲之-楷/含.png,王羲之,楷,含,含.png,hcsu_wild_salvage,ok,243,209,19.1,21.5,True,0.1181,25,0.0087,0.3082,inverted,inverted
/root/Workspace/xy/HCSU/wild_extract/王羲之-楷/定.png,王羲之,楷,定,定.png,hcsu_wild_salvage,ok,151,142,48.2,52.8,True,0.1266,30,0.0144,0.3341,inverted,inverted
/root/Workspace/xy/HCSU/wild_extract/王羲之-楷/卧.png,王羲之,楷,卧,卧.png,hcsu_wild_salvage,ok,126,101,49.8,60.8,True,0.1784,65,0.0344,0.5996,inverted,inverted
/root/Workspace/xy/HCSU/wild_extract/王羲之-楷/执.png,王羲之,楷,执,执.png,hcsu_wild_salvage,ok,164,137,46.0,52.2,True,0.1616,54,0.0185,0.3959,inverted,inverted
/root/Workspace/xy/HCSU/wild_extract/王羲之-楷/唯.png,王羲之,楷,唯,唯.png,hcsu_wild_salvage,ok,133,124,48.7,55.4,True,0.1693,16,0.0057,0.4234,inverted,inverted
/root/Workspace/xy/HCSU/wild_extract/王羲之-楷/感.png,王羲之,楷,感,感.png,hcsu_wild_salvage,ok,142,152,48.3,58.0,True,0.1891,50,0.0113,0.4809,inverted,inverted
/root/Workspace/xy/HCSU/wild_extract/王羲之-楷/楼.png,王羲之,楷,楼,楼.png,hcsu_wild_salvage,ok,133,144,49.8,54.7,True,0.1727,61,0.02,0.5434,inverted,inverted
/root/Workspace/xy/HCSU/wild_extract/王羲之-楷/单.png,王羲之,楷,单,单.png,hcsu_wild_salvage,ok,136,164,50.4,53.6,True,0.117,227,0.1023,0.5713,noisy,inverted;high_dirt_0.10
/root/Workspace/xy/HCSU/wild_extract/王羲之-楷/寂.png,王羲之,楷,寂,寂.png,hcsu_wild_salvage,ok,133,146,58.7,61.4,True,0.1554,57,0.0205,0.5994,inverted,inverted
/root/Workspace/xy/HCSU/wild_extract/王羲之-楷/丁.png,王羲之,楷,丁,丁.png,hcsu_wild_salvage,ok,185,136,54.5,58.8,True,0.1101,5,0.0061,0.5679,inverted,inverted
/root/Workspace/xy/HCSU/wild_extract/王羲之-楷/假.png,王羲之,楷,假,假.png,hcsu_wild_salvage,ok,174,136,51.4,55.1,True,0.1372,29,0.0077,0.3284,inverted,inverted
/root/Workspace/xy/HCSU/wild_extract/王羲之-楷/姓.png,王羲之,楷,姓,姓.png,hcsu_wild_salvage,ok,167,118,51.8,60.3,True,0.1495,39,0.0163,0.4849,inverted,inverted
/root/Workspace/xy/HCSU/wild_extract/王羲之-楷/旋.png,王羲之,楷,旋,旋.png,hcsu_wild_salvage,ok,353,309,19.1,22.9,True,0.1833,48,0.0046,0.4025,inverted,inverted
/root/Workspace/xy/HCSU/wild_extract/王羲之-楷/府.png,王羲之,楷,府,府.png,hcsu_wild_salvage,ok,145,114,45.5,50.8,True,0.1477,109,0.0565,0.2569,noisy,inverted;high_dirt_0.06
/root/Workspace/xy/HCSU/wild_extract/王羲之-楷/垢.png,王羲之,楷,垢,垢.png,hcsu_wild_salvage,ok,243,220,50.9,51.4,True,0.1113,130,0.0227,0.3783,inverted,inverted
/root/Workspace/xy/HCSU/wild_extract/王羲之-楷/严.png,王羲之,楷,严,严.png,hcsu_wild_salvage,ok,156,143,47.9,56.2,True,0.1673,42,0.0171,0.3108,inverted,inverted
/root/Workspace/xy/HCSU/wild_extract/王羲之-楷/显.png,王羲之,楷,显,显.png,hcsu_wild_salvage,ok,143,138,48.2,55.6,True,0.1649,42,0.0286,0.2133,inverted,inverted
/root/Workspace/xy/HCSU/wild_extract/王羲之-楷/抱.png,王羲之,楷,抱,抱.png,hcsu_wild_salvage,ok,134,105,50.6,62.6,True,0.2004,71,0.0305,0.4436,inverted,inverted
/root/Workspace/xy/HCSU/wild_extract/王羲之-楷/欢.png,王羲之,楷,欢,欢.png,hcsu_wild_salvage,ok,154,149,46.6,50.9,True,0.1637,44,0.0101,0.3858,inverted,inverted
/root/Workspace/xy/HCSU/wild_extract/王羲之-楷/托.png,王羲之,楷,托,托.png,hcsu_wild_salvage,ok,173,116,52.2,61.5,True,0.1601,33,0.0109,0.4532,inverted,inverted
/root/Workspace/xy/HCSU/wild_extract/王羲之-楷/扉.png,王羲之,楷,扉,扉.png,hcsu_wild_salvage,ok,131,164,54.5,60.1,True,0.1606,55,0.0151,0.2643,inverted,inverted
/root/Workspace/xy/HCSU/wild_extract/王羲之-楷/典.png,王羲之,楷,典,典.png,hcsu_wild_salvage,ok,257,229,15.5,18.6,True,0.1554,26,0.0046,0.8565,inverted,inverted
/root/Workspace/xy/HCSU/wild_extract/王羲之-楷/木.png,王羲之,楷,木,木.png,hcsu_wild_salvage,ok,166,135,50.8,54.0,True,0.1248,23,0.0125,0.7604,inverted,inverted
/root/Workspace/xy/HCSU/wild_extract/王羲之-楷/嗔.png,王羲之,楷,嗔,嗔.png,hcsu_wild_salvage,ok,144,149,46.6,52.8,True,0.1777,52,0.0202,0.6779,inverted,inverted
/root/Workspace/xy/HCSU/wild_extract/王羲之-楷/忍.png,王羲之,楷,忍,忍.png,hcsu_wild_salvage,ok,119,125,44.0,60.2,True,0.1913,27,0.0088,0.3634,inverted,inverted
/root/Workspace/xy/HCSU/wild_extract/王羲之-楷/况.png,王羲之,楷,况,况.png,hcsu_wild_salvage,ok,154,93,55.4,67.2,True,0.1276,35,0.0186,0.3474,inverted,inverted
/root/Workspace/xy/HCSU/wild_extract/王羲之-楷/惠.png,王羲之,楷,惠,惠.png,hcsu_wild_salvage,ok,131,148,49.6,58.1,True,0.1563,35,0.0274,0.5883,inverted,inverted
/root/Workspace/xy/HCSU/wild_extract/王羲之-楷/冝.png,王羲之,楷,冝,冝.png,hcsu_wild_salvage,ok,276,289,24.7,25.5,True,0.1558,162,0.0258,0.7196,inverted,inverted
/root/Workspace/xy/HCSU/wild_extract/王羲之-楷/导.png,王羲之,楷,导,导.png,hcsu_wild_salvage,ok,142,150,48.6,57.3,True,0.1759,22,0.004,0.3381,inverted,inverted
/root/Workspace/xy/HCSU/wild_extract/王羲之-楷/替.png,王羲之,楷,替,替.png,hcsu_wild_salvage,ok,125,130,48.9,55.1,True,0.1724,60,0.0257,0.3205,inverted,inverted
/root/Workspace/xy/HCSU/wild_extract/王羲之-楷/害.png,王羲之,楷,害,害.png,hcsu_wild_salvage,ok,135,139,48.2,55.3,True,0.1765,55,0.0229,0.3493,inverted,inverted
/root/Workspace/xy/HCSU/wild_extract/王羲之-楷/咒.png,王羲之,楷,咒,咒.png,hcsu_wild_salvage,ok,156,118,47.3,54.0,True,0.1328,60,0.0245,0.3142,inverted,inverted
/root/Workspace/xy/HCSU/wild_extract/王羲之-楷/归.png,王羲之,楷,归,归.png,hcsu_wild_salvage,ok,145,125,52.1,60.8,True,0.1618,30,0.0218,0.2278,inverted,inverted
/root/Workspace/xy/HCSU/wild_extract/王羲之-楷/想.png,王羲之,楷,想,想.png,hcsu_wild_salvage,ok,140,138,51.4,59.4,True,0.1608,80,0.0341,0.2819,inverted,inverted
/root/Workspace/xy/HCSU/wild_extract/王羲之-楷/恵.png,王羲之,楷,恵,恵.png,hcsu_wild_salvage,ok,266,314,27.5,30.0,True,0.1673,277,0.0542,0.4092,noisy,inverted;high_dirt_0.05
/root/Workspace/xy/HCSU/wild_extract/王羲之-楷/息.png,王羲之,楷,息,息.png,hcsu_wild_salvage,ok,117,134,46.4,57.3,True,0.1702,24,0.0064,0.3057,inverted,inverted
/root/Workspace/xy/HCSU/wild_extract/王羲之-楷/怳.png,王羲之,楷,怳,怳.png,hcsu_wild_salvage,ok,267,225,22.6,24.0,True,0.1205,15,0.0026,0.2944,inverted,inverted
/root/Workspace/xy/HCSU/wild_extract/王羲之-楷/德.png,王羲之,楷,德,德.png,hcsu_wild_salvage,ok,232,229,45.2,47.8,True,0.2418,1003,0.2519,0.2417,noisy,inverted;high_dirt_0.25
/root/Workspace/xy/HCSU/wild_extract/王羲之-楷/倫.png,王羲之,楷,倫,倫.png,hcsu_wild_salvage,ok,275,251,21.2,25.2,True,0.1737,31,0.0078,0.4073,inverted,inverted
/root/Workspace/xy/HCSU/wild_extract/王羲之-楷/坏.png,王羲之,楷,坏,坏.png,hcsu_wild_salvage,ok,145,160,53.0,57.6,True,0.1574,29,0.0068,0.4127,inverted,inverted
/root/Workspace/xy/HCSU/wild_extract/王羲之-楷/乾.png,王羲之,楷,乾,乾.png,hcsu_wild_salvage,ok,379,327,17.7,21.8,True,0.1756,92,0.0159,0.2931,inverted,inverted
/root/Workspace/xy/HCSU/wild_extract/王羲之-楷/参.png,王羲之,楷,参,参.png,hcsu_wild_salvage,ok,191,196,46.0,47.7,True,0.1167,28,0.0204,0.2417,inverted,inverted
/root/Workspace/xy/HCSU/wild_extract/王羲之-楷/俦.png,王羲之,楷,俦,俦.png,hcsu_wild_salvage,ok,131,139,53.1,58.7,True,0.1508,52,0.0273,0.4938,inverted,inverted
/root/Workspace/xy/HCSU/wild_extract/王羲之-行/嘗.png,王羲之,行,嘗,嘗.png,hcsu_wild_salvage,ok,436,482,171.7,170.0,False,0.2913,10,0.0002,0.9323,clean,none
/root/Workspace/xy/HCSU/wild_extract/王羲之-行/彼.png,王羲之,行,彼,彼.png,hcsu_wild_salvage,ok,129,126,106.2,101.6,True,0.8423,13,0.0015,0.9985,broken,inverted;too_solid
/root/Workspace/xy/HCSU/wild_extract/王羲之-行/卿.png,王羲之,行,卿,卿.png,hcsu_wild_salvage,ok,211,171,42.7,44.6,True,0.1545,8,0.0031,0.2315,inverted,inverted
/root/Workspace/xy/HCSU/wild_extract/王羲之-行/令.png,王羲之,行,令,令.png,hcsu_wild_salvage,ok,315,284,47.1,49.5,True,0.1106,213,0.0847,0.6545,noisy,inverted;high_dirt_0.08
/root/Workspace/xy/HCSU/wild_extract/王羲之-行/影.png,王羲之,行,影,影.png,hcsu_wild_salvage,ok,438,589,32.5,32.3,True,0.1326,1179,0.137,0.1615,noisy,inverted;high_dirt_0.14
/root/Workspace/xy/HCSU/wild_extract/王羲之-行/微.png,王羲之,行,微,微.png,hcsu_wild_salvage,ok,151,167,104.4,99.0,True,0.8268,21,0.0015,0.9985,broken,inverted;too_solid
/root/Workspace/xy/HCSU/wild_extract/王羲之-行/價.png,王羲之,行,價,價.png,hcsu_wild_salvage,ok,443,510,36.2,34.9,True,0.1485,299,0.0212,0.3453,inverted,inverted
/root/Workspace/xy/HCSU/wild_extract/王羲之-行/惓.png,王羲之,行,惓,惓.png,hcsu_wild_salvage,ok,482,479,166.5,165.5,False,0.1468,16,0.0028,0.4724,clean,none
/root/Workspace/xy/HCSU/wild_extract/王羲之-行/拔.png,王羲之,行,拔,拔.png,hcsu_wild_salvage,ok,170,154,111.3,96.9,True,0.817,11,0.0008,0.972,broken,inverted;too_solid
/root/Workspace/xy/HCSU/wild_extract/王羲之-行/乗.png,王羲之,行,乗,乗.png,hcsu_wild_salvage,ok,123,167,99.1,95.8,True,0.7745,36,0.0052,0.9901,broken,inverted;too_solid
/root/Workspace/xy/HCSU/wild_extract/王羲之-行/性.png,王羲之,行,性,性.png,hcsu_wild_salvage,ok,126,118,106.4,103.1,True,0.8607,19,0.0019,0.9952,broken,inverted;too_solid
/root/Workspace/xy/HCSU/wild_extract/王羲之-行/䒭.png,王羲之,行,䒭,䒭.png,hcsu_wild_salvage,ok,140,162,93.5,93.2,True,0.8045,46,0.0056,0.9944,broken,inverted;too_solid
/root/Workspace/xy/HCSU/wild_extract/王羲之-行/厯.png,王羲之,行,厯,厯.png,hcsu_wild_salvage,ok,143,151,115.5,114.9,True,0.8401,11,0.001,0.999,broken,inverted;too_solid
/root/Workspace/xy/HCSU/wild_extract/王羲之-行/呼.png,王羲之,行,呼,呼.png,hcsu_wild_salvage,ok,370,370,255.0,255.0,False,0.1085,3,0.0003,0.905,clean,none
/root/Workspace/xy/HCSU/wild_extract/王羲之-行/往.png,王羲之,行,往,往.png,hcsu_wild_salvage,ok,118,134,104.2,93.3,True,0.8359,8,0.0014,0.9986,broken,inverted;too_solid
/root/Workspace/xy/HCSU/wild_extract/王羲之-行/凭.png,王羲之,行,凭,凭.png,hcsu_wild_salvage,ok,233,325,34.5,34.0,True,0.1549,64,0.0223,0.3048,inverted,inverted
/root/Workspace/xy/HCSU/wild_extract/王羲之-行/扄.png,王羲之,行,扄,扄.png,hcsu_wild_salvage,ok,148,159,116.2,108.1,True,0.7993,76,0.0051,0.9949,broken,inverted;too_solid
/root/Workspace/xy/HCSU/wild_extract/王羲之-行/戀.png,王羲之,行,戀,戀.png,hcsu_wild_salvage,ok,789,1088,38.2,39.4,True,0.1405,1542,0.0206,0.2683,inverted,inverted
/root/Workspace/xy/HCSU/wild_extract/王羲之-行/搃.png,王羲之,行,搃,搃.png,hcsu_wild_salvage,ok,148,151,107.8,104.3,True,0.8162,28,0.0022,0.9978,broken,inverted;too_solid
/root/Workspace/xy/HCSU/wild_extract/王羲之-行/固.png,王羲之,行,固,固.png,hcsu_wild_salvage,ok,112,132,110.8,97.0,True,0.7468,13,0.0016,0.9891,broken,inverted;too_solid
/root/Workspace/xy/HCSU/wild_extract/王羲之-行/尭.png,王羲之,行,尭,尭.png,hcsu_wild_salvage,ok,184,221,255.0,241.9,False,0.1862,1,0.0,1.0,clean,none
/root/Workspace/xy/HCSU/wild_extract/王羲之-行/廗.png,王羲之,行,廗,廗.png,hcsu_wild_salvage,ok,232,337,46.6,48.5,True,0.2412,3,0.0015,0.9653,inverted,inverted
/root/Workspace/xy/HCSU/wild_extract/王羲之-行/撫.png,王羲之,行,撫,撫.png,hcsu_wild_salvage,ok,181,200,113.0,108.0,True,0.7959,103,0.0049,0.9951,broken,inverted;too_solid
/root/Workspace/xy/HCSU/wild_extract/王羲之-行/扸.png,王羲之,行,扸,扸.png,hcsu_wild_salvage,ok,129,151,106.0,102.7,True,0.8337,28,0.0026,0.9974,broken,inverted;too_solid
/root/Workspace/xy/HCSU/wild_extract/王羲之-行/墳.png,王羲之,行,墳,墳.png,hcsu_wild_salvage,ok,362,370,70.4,74.7,True,0.2456,670,0.0507,0.9472,noisy,inverted;high_dirt_0.05
/root/Workspace/xy/HCSU/wild_extract/王羲之-行/圡.png,王羲之,行,圡,圡.png,hcsu_wild_salvage,ok,96,110,103.8,96.0,True,0.8298,17,0.0032,0.9968,broken,inverted;too_solid
/root/Workspace/xy/HCSU/wild_extract/王羲之-行/崛.png,王羲之,行,崛,崛.png,hcsu_wild_salvage,ok,151,143,106.8,100.3,True,0.7988,15,0.0012,0.9965,broken,inverted;too_solid
/root/Workspace/xy/HCSU/wild_extract/王羲之-行/常.png,王羲之,行,常,常.png,hcsu_wild_salvage,ok,145,192,112.3,104.5,True,0.843,28,0.002,0.998,broken,inverted;too_solid
/root/Workspace/xy/HCSU/wild_extract/王羲之-行/備.png,王羲之,行,備,備.png,hcsu_wild_salvage,ok,140,145,98.0,92.8,True,0.803,11,0.0008,0.9934,broken,inverted;too_solid
/root/Workspace/xy/HCSU/wild_extract/王羲之-行/刼.png,王羲之,行,刼,刼.png,hcsu_wild_salvage,ok,129,110,103.1,97.7,True,0.821,22,0.0025,0.9975,broken,inverted;too_solid
/root/Workspace/xy/HCSU/wild_extract/王羲之-行/才.png,王羲之,行,才,才.png,hcsu_wild_salvage,ok,216,342,37.5,38.6,True,0.1206,46,0.0208,0.9746,inverted,inverted
/root/Workspace/xy/HCSU/wild_extract/王羲之-行/倒.png,王羲之,行,倒,倒.png,hcsu_wild_salvage,ok,143,156,109.5,100.8,True,0.7595,57,0.0053,0.9947,broken,inverted;too_solid
/root/Workspace/xy/HCSU/wild_extract/王羲之-行/减.png,王羲之,行,减,减.png,hcsu_wild_salvage,ok,137,129,106.4,98.7,True,0.8241,13,0.0012,0.9988,broken,inverted;too_solid
/root/Workspace/xy/HCSU/wild_extract/王羲之-行/呪.png,王羲之,行,呪,呪.png,hcsu_wild_salvage,ok,159,121,104.2,99.2,True,0.8622,9,0.0006,0.9994,broken,inverted;too_solid
/root/Workspace/xy/HCSU/wild_extract/王羲之-行/儀.png,王羲之,行,儀,儀.png,hcsu_wild_salvage,ok,151,162,102.5,98.3,True,0.8481,48,0.0046,0.9954,broken,inverted;too_solid
/root/Workspace/xy/HCSU/wild_extract/王羲之-行/敛.png,王羲之,行,敛,敛.png,hcsu_wild_salvage,ok,140,143,109.3,104.9,True,0.8077,16,0.0011,0.9989,broken,inverted;too_solid
/root/Workspace/xy/HCSU/wild_extract/王羲之-行/彜.png,王羲之,行,彜,彜.png,hcsu_wild_salvage,ok,75,91,224.5,206.6,False,0.1144,10,0.0845,0.2497,noisy,high_dirt_0.08
/root/Workspace/xy/HCSU/wild_extract/王羲之-行/兾.png,王羲之,行,兾,兾.png,hcsu_wild_salvage,ok,118,178,116.1,113.7,True,0.8164,12,0.0022,0.9978,broken,inverted;too_solid
/root/Workspace/xy/HCSU/wild_extract/王羲之-行/増.png,王羲之,行,増,増.png,hcsu_wild_salvage,ok,134,143,97.0,92.9,True,0.7873,32,0.003,0.971,broken,inverted;too_solid
/root/Workspace/xy/HCSU/wild_extract/王羲之-行/䄂.png,王羲之,行,䄂,䄂.png,hcsu_wild_salvage,ok,132,126,102.1,96.9,True,0.8077,59,0.0069,0.9672,broken,inverted;too_solid
/root/Workspace/xy/HCSU/wild_extract/王羲之-行/妙.png,王羲之,行,妙,妙.png,hcsu_wild_salvage,ok,143,154,106.0,100.0,True,0.8133,7,0.0007,0.9869,broken,inverted;too_solid
/root/Workspace/xy/HCSU/wild_extract/王羲之-行/㑹.png,王羲之,行,㑹,㑹.png,hcsu_wild_salvage,ok,151,159,104.6,104.0,True,0.8516,71,0.0058,0.967,broken,inverted;too_solid
/root/Workspace/xy/HCSU/wild_extract/王羲之-行/䓁.png,王羲之,行,䓁,䓁.png,hcsu_wild_salvage,ok,151,184,105.5,101.4,True,0.8612,36,0.0022,0.9935,broken,inverted;too_solid
/root/Workspace/xy/HCSU/wild_extract/王羲之-行/剪.png,王羲之,行,剪,剪.png,hcsu_wild_salvage,ok,230,342,42.9,43.2,True,0.174,151,0.0442,0.345,inverted,inverted
/root/Workspace/xy/HCSU/wild_extract/王羲之-行/拪.png,王羲之,行,拪,拪.png,hcsu_wild_salvage,ok,137,132,109.3,99.0,True,0.7226,38,0.0028,0.9529,broken,inverted;too_solid
/root/Workspace/xy/HCSU/wild_extract/王羲之-行/俗.png,王羲之,行,俗,俗.png,hcsu_wild_salvage,ok,143,140,108.2,105.7,True,0.8662,20,0.0016,0.9984,broken,inverted;too_solid
/root/Workspace/xy/HCSU/wild_extract/王羲之-行/㽵.png,王羲之,行,㽵,㽵.png,hcsu_wild_salvage,ok,118,143,99.8,95.1,True,0.8271,32,0.0034,0.9966,broken,inverted;too_solid
/root/Workspace/xy/HCSU/wild_extract/王羲之-行/崿.png,王羲之,行,崿,崿.png,hcsu_wild_salvage,ok,174,176,254.5,216.0,False,0.2408,3,0.0,0.6711,clean,none
/root/Workspace/xy/HCSU/wild_extract/王羲之-行/啚.png,王羲之,行,啚,啚.png,hcsu_wild_salvage,ok,121,165,112.6,106.4,True,0.8252,27,0.0019,0.9683,broken,inverted;too_solid
/root/Workspace/xy/HCSU/wild_extract/王羲之-行/序.png,王羲之,行,序,序.png,hcsu_wild_salvage,ok,107,165,94.3,89.3,True,0.8162,21,0.0023,0.9977,broken,inverted;too_solid
/root/Workspace/xy/HCSU/wild_extract/王羲之-行/攬.png,王羲之,行,攬,攬.png,hcsu_wild_salvage,ok,489,562,168.1,167.9,False,0.2363,13,0.0004,0.5472,clean,none
/root/Workspace/xy/HCSU/wild_extract/王羲之-行/憑.png,王羲之,行,憑,憑.png,hcsu_wild_salvage,ok,134,162,95.2,87.2,True,0.8028,23,0.0034,0.9658,broken,inverted;too_solid
/root/Workspace/xy/HCSU/wild_extract/王羲之-行/挍.png,王羲之,行,挍,挍.png,hcsu_wild_salvage,ok,242,260,39.8,37.8,True,0.1251,19,0.01,0.4054,inverted,inverted
/root/Workspace/xy/HCSU/wild_extract/王羲之-行/卌.png,王羲之,行,卌,卌.png,hcsu_wild_salvage,ok,259,187,238.5,241.7,False,0.187,11,0.0011,0.9201,clean,none
/root/Workspace/xy/HCSU/wild_extract/王羲之-行/今.png,王羲之,行,今,今.png,hcsu_wild_salvage,ok,187,171,47.7,48.4,True,0.0839,159,0.0682,0.6324,noisy,inverted;high_dirt_0.07
/root/Workspace/xy/HCSU/wild_extract/王羲之-行/䅶.png,王羲之,行,䅶,䅶.png,hcsu_wild_salvage,ok,137,151,111.1,101.6,True,0.7773,8,0.0006,0.9994,broken,inverted;too_solid
/root/Workspace/xy/HCSU/wild_extract/王羲之-行/䋄.png,王羲之,行,䋄,䋄.png,hcsu_wild_salvage,ok,145,132,96.9,86.9,True,0.8016,39,0.0049,0.9951,broken,inverted;too_solid
/root/Workspace/xy/HCSU/wild_extract/王羲之-行/㝎.png,王羲之,行,㝎,㝎.png,hcsu_wild_salvage,ok,121,156,104.9,104.3,True,0.8735,8,0.0005,0.9995,broken,inverted;too_solid
/root/Workspace/xy/HCSU/wild_extract/王羲之-行/崐.png,王羲之,行,崐,崐.png,hcsu_wild_salvage,ok,82,86,195.0,143.0,False,0.2774,2,0.0,0.7198,clean,none
/root/Workspace/xy/HCSU/wild_extract/王羲之-行/卯.png,王羲之,行,卯,卯.png,hcsu_wild_salvage,ok,202,212,44.7,46.5,True,0.0821,114,0.0447,0.2973,inverted,inverted
/root/Workspace/xy/HCSU/wild_extract/王羲之-行/宏.png,王羲之,行,宏,宏.png,hcsu_wild_salvage,ok,140,148,100.9,96.4,True,0.8394,50,0.0047,0.9953,broken,inverted;too_solid
/root/Workspace/xy/HCSU/wild_extract/王羲之-行/探.png,王羲之,行,探,探.png,hcsu_wild_salvage,ok,145,151,108.2,101.5,True,0.7877,12,0.0009,0.9991,broken,inverted;too_solid
/root/Workspace/xy/HCSU/wild_extract/王羲之-行/㢤.png,王羲之,行,㢤,㢤.png,hcsu_wild_salvage,ok,140,145,118.6,112.2,True,0.8599,14,0.0014,0.9986,broken,inverted;too_solid
/root/Workspace/xy/HCSU/wild_extract/王羲之-行/啔.png,王羲之,行,啔,啔.png,hcsu_wild_salvage,ok,132,148,102.6,98.2,True,0.8184,4,0.0003,0.9997,broken,inverted;too_solid
/root/Workspace/xy/HCSU/wild_extract/王铎-楷/势.png,王铎,楷,势,势.png,hcsu_wild_salvage,ok,159,190,30.9,34.9,True,0.107,21,0.022,0.2102,inverted,inverted
/root/Workspace/xy/HCSU/wild_extract/王铎-楷/摹.png,王铎,楷,摹,摹.png,hcsu_wild_salvage,ok,160,219,30.8,33.3,True,0.1057,18,0.0049,0.2314,inverted,inverted
/root/Workspace/xy/HCSU/wild_extract/王铎-楷/如.png,王铎,楷,如,如.png,hcsu_wild_salvage,ok,178,114,29.4,35.6,True,0.1204,12,0.0065,0.6729,inverted,inverted
/root/Workspace/xy/HCSU/wild_extract/王铎-楷/嬢.png,王铎,楷,嬢,嬢.png,hcsu_wild_salvage,ok,115,115,35.8,48.9,True,0.1646,9,0.0253,0.3372,inverted,inverted
/root/Workspace/xy/HCSU/wild_extract/王铎-楷/急.png,王铎,楷,急,急.png,hcsu_wild_salvage,ok,151,145,30.0,37.7,True,0.1083,21,0.0118,0.5268,inverted,inverted
/root/Workspace/xy/HCSU/wild_extract/祝允明-行/粲.png,祝允明,行,粲,粲.png,hcsu_wild_salvage,ok,253,213,149.9,143.4,False,0.2089,10,0.001,0.9444,clean,none
/root/Workspace/xy/HCSU/wild_extract/祝允明-行/嵘.png,祝允明,行,嵘,嵘.png,hcsu_wild_salvage,ok,370,370,255.0,255.0,False,0.1689,2,0.0,0.8372,clean,none
/root/Workspace/xy/HCSU/wild_extract/祝允明-行/勃.png,祝允明,行,勃,勃.png,hcsu_wild_salvage,ok,370,370,255.0,255.0,False,0.1771,1,0.0,1.0,clean,none
/root/Workspace/xy/HCSU/wild_extract/祝允明-行/扵.png,祝允明,行,扵,扵.png,hcsu_wild_salvage,ok,291,335,155.2,155.0,False,0.1772,8,0.001,0.5026,clean,none
/root/Workspace/xy/HCSU/wild_extract/祝允明-行/祙.png,祝允明,行,祙,祙.png,hcsu_wild_salvage,ok,248,230,166.0,164.3,False,0.1917,5,0.0003,0.4687,clean,none
/root/Workspace/xy/HCSU/wild_extract/祝允明-行/汍.png,祝允明,行,汍,汍.png,hcsu_wild_salvage,ok,213,153,184.2,162.8,False,0.2006,16,0.0031,0.8648,clean,none
/root/Workspace/xy/HCSU/wild_extract/祝允明-行/同.png,祝允明,行,同,同.png,hcsu_wild_salvage,ok,353,382,158.3,149.7,False,0.3407,5,0.0003,0.9961,clean,none
/root/Workspace/xy/HCSU/wild_extract/祝允明-行/㚿.png,祝允明,行,㚿,㚿.png,hcsu_wild_salvage,ok,235,146,163.5,152.5,False,0.2284,4,0.0005,0.3666,clean,none
/root/Workspace/xy/HCSU/wild_extract/祝允明-行/動.png,祝允明,行,動,動.png,hcsu_wild_salvage,ok,74,77,198.6,164.3,False,0.2343,3,0.0007,0.9199,clean,none
/root/Workspace/xy/HCSU/wild_extract/祝允明-行/皭.png,祝允明,行,皭,皭.png,hcsu_wild_salvage,ok,218,239,190.8,174.4,False,0.2409,12,0.0008,0.3909,clean,none
/root/Workspace/xy/HCSU/wild_extract/祝允明-行/囬.png,祝允明,行,囬,囬.png,hcsu_wild_salvage,ok,278,202,162.2,160.8,False,0.2798,1,0.0,1.0,clean,none
/root/Workspace/xy/HCSU/wild_extract/祝允明-行/愛.png,祝允明,行,愛,愛.png,hcsu_wild_salvage,ok,419,419,165.2,163.6,False,0.2441,5,0.0006,0.9114,clean,none
/root/Workspace/xy/HCSU/wild_extract/祝允明-行/書.png,祝允明,行,書,書.png,hcsu_wild_salvage,ok,339,403,158.9,158.3,False,0.248,4,0.0001,0.9999,clean,none
/root/Workspace/xy/HCSU/wild_extract/祝允明-行/槩.png,祝允明,行,槩,槩.png,hcsu_wild_salvage,ok,437,496,145.4,145.1,False,0.2381,436,0.0146,0.4173,clean,none
/root/Workspace/xy/HCSU/wild_extract/祝允明-行/絃.png,祝允明,行,絃,絃.png,hcsu_wild_salvage,ok,194,264,189.4,180.0,False,0.2072,5,0.0004,0.6724,clean,none
/root/Workspace/xy/HCSU/wild_extract/祝允明-行/圖.png,祝允明,行,圖,圖.png,hcsu_wild_salvage,ok,397,437,150.8,150.4,False,0.3558,115,0.0023,0.9977,clean,none
/root/Workspace/xy/HCSU/wild_extract/祝允明-行/異.png,祝允明,行,異,異.png,hcsu_wild_salvage,ok,76,76,201.5,167.9,False,0.1984,5,0.0044,0.9136,clean,none
/root/Workspace/xy/HCSU/wild_extract/祝允明-行/灺.png,祝允明,行,灺,灺.png,hcsu_wild_salvage,ok,225,161,191.9,181.0,False,0.2118,4,0.0009,0.7531,clean,none
/root/Workspace/xy/HCSU/wild_extract/祝允明-行/無.png,祝允明,行,無,無.png,hcsu_wild_salvage,ok,78,63,200.5,176.6,False,0.1783,2,0.0,0.8242,clean,none
/root/Workspace/xy/HCSU/wild_extract/祝允明-行/擬.png,祝允明,行,擬,擬.png,hcsu_wild_salvage,ok,356,392,131.9,131.8,False,0.2934,451,0.015,0.5323,clean,none
/root/Workspace/xy/HCSU/wild_extract/祝允明-行/珰.png,祝允明,行,珰,珰.png,hcsu_wild_salvage,ok,224,222,158.6,153.2,False,0.2516,10,0.001,0.3626,clean,none
/root/Workspace/xy/HCSU/wild_extract/祝允明-行/煖.png,祝允明,行,煖,煖.png,hcsu_wild_salvage,ok,306,260,193.4,187.9,False,0.2074,9,0.0015,0.9581,clean,none
/root/Workspace/xy/HCSU/wild_extract/祝允明-行/年.png,祝允明,行,年,年.png,hcsu_wild_salvage,ok,195,256,159.4,153.1,False,0.2042,3,0.0003,0.9997,clean,none
/root/Workspace/xy/HCSU/wild_extract/米芾-行/㡬.png,米芾,行,㡬,㡬.png,hcsu_wild_salvage,ok,392,537,175.9,174.9,False,0.2389,3,0.0,0.9526,clean,none
/root/Workspace/xy/HCSU/wild_extract/米芾-行/屬.png,米芾,行,屬,屬.png,hcsu_wild_salvage,ok,122,148,203.8,176.9,False,0.2126,3,0.0,0.6472,clean,none
/root/Workspace/xy/HCSU/wild_extract/米芾-行/則.png,米芾,行,則,則.png,hcsu_wild_salvage,ok,103,150,207.1,160.8,False,0.2301,3,0.0,0.5314,clean,none
/root/Workspace/xy/HCSU/wild_extract/米芾-行/䂓.png,米芾,行,䂓,䂓.png,hcsu_wild_salvage,ok,153,116,205.5,184.1,False,0.1703,2,0.0,0.9183,clean,none
/root/Workspace/xy/HCSU/wild_extract/米芾-行/乗.png,米芾,行,乗,乗.png,hcsu_wild_salvage,ok,103,142,205.5,179.2,False,0.2375,1,0.0,1.0,clean,none
/root/Workspace/xy/HCSU/wild_extract/米芾-行/並.png,米芾,行,並,並.png,hcsu_wild_salvage,ok,87,122,202.0,140.0,False,0.3173,3,0.0,0.5321,clean,none
/root/Workspace/xy/HCSU/wild_extract/米芾-行/効.png,米芾,行,効,効.png,hcsu_wild_salvage,ok,278,360,172.2,166.5,False,0.227,3,0.0,0.5036,clean,none
/root/Workspace/xy/HCSU/wild_extract/米芾-行/尉.png,米芾,行,尉,尉.png,hcsu_wild_salvage,ok,228,267,43.2,47.9,True,0.2561,79,0.0143,0.5616,inverted,inverted
/root/Workspace/xy/HCSU/wild_extract/米芾-行/將.png,米芾,行,將,將.png,hcsu_wild_salvage,ok,141,175,48.2,65.8,True,0.2186,5,0.0002,0.4482,inverted,inverted
/root/Workspace/xy/HCSU/wild_extract/米芾-行/別.png,米芾,行,別,別.png,hcsu_wild_salvage,ok,93,124,196.0,152.3,False,0.2295,6,0.0008,0.5603,clean,none
/root/Workspace/xy/HCSU/wild_extract/米芾-行/厯.png,米芾,行,厯,厯.png,hcsu_wild_salvage,ok,135,152,206.7,195.5,False,0.1411,10,0.0014,0.2145,clean,none
/root/Workspace/xy/HCSU/wild_extract/米芾-行/嬋.png,米芾,行,嬋,嬋.png,hcsu_wild_salvage,ok,156,191,202.7,191.6,False,0.1798,6,0.0039,0.6817,clean,none
/root/Workspace/xy/HCSU/wild_extract/米芾-行/婞.png,米芾,行,婞,婞.png,hcsu_wild_salvage,ok,198,183,254.1,248.5,False,0.1197,5,0.0007,0.4127,clean,none
/root/Workspace/xy/HCSU/wild_extract/米芾-行/強.png,米芾,行,強,強.png,hcsu_wild_salvage,ok,175,201,57.0,69.8,True,0.1759,24,0.0052,0.5102,inverted,inverted
/root/Workspace/xy/HCSU/wild_extract/米芾-行/坱.png,米芾,行,坱,坱.png,hcsu_wild_salvage,ok,341,419,143.4,140.3,False,0.2768,6,0.0002,0.8258,clean,none
/root/Workspace/xy/HCSU/wild_extract/米芾-行/㦲.png,米芾,行,㦲,㦲.png,hcsu_wild_salvage,ok,125,124,206.3,185.3,False,0.1282,3,0.0,0.6462,clean,none
/root/Workspace/xy/HCSU/wild_extract/米芾-行/唘.png,米芾,行,唘,唘.png,hcsu_wild_salvage,ok,572,583,165.8,165.1,False,0.4003,2,0.0,0.9993,clean,none
/root/Workspace/xy/HCSU/wild_extract/米芾-行/忳.png,米芾,行,忳,忳.png,hcsu_wild_salvage,ok,157,150,206.4,193.4,False,0.1544,2,0.0,0.5114,clean,none
/root/Workspace/xy/HCSU/wild_extract/米芾-行/彊.png,米芾,行,彊,彊.png,hcsu_wild_salvage,ok,140,151,206.8,165.4,False,0.3246,4,0.0001,0.6749,clean,none
/root/Workspace/xy/HCSU/wild_extract/米芾-行/左.png,米芾,行,左,左.png,hcsu_wild_salvage,ok,280,392,50.3,52.6,True,0.2231,942,0.1274,0.8544,noisy,inverted;high_dirt_0.13
/root/Workspace/xy/HCSU/wild_extract/米芾-行/填.png,米芾,行,填,填.png,hcsu_wild_salvage,ok,438,466,46.2,49.2,True,0.1802,1068,0.0962,0.3068,noisy,inverted;high_dirt_0.10
/root/Workspace/xy/HCSU/wild_extract/米芾-行/墜.png,米芾,行,墜,墜.png,hcsu_wild_salvage,ok,125,150,207.8,172.0,False,0.2541,6,0.0,0.543,clean,none
/root/Workspace/xy/HCSU/wild_extract/米芾-行/嵓.png,米芾,行,嵓,嵓.png,hcsu_wild_salvage,ok,196,267,255.0,244.8,False,0.2606,6,0.001,0.4666,clean,none
/root/Workspace/xy/HCSU/wild_extract/米芾-行/㳺.png,米芾,行,㳺,㳺.png,hcsu_wild_salvage,ok,134,141,208.4,183.8,False,0.2083,5,0.0013,0.8094,clean,none
/root/Workspace/xy/HCSU/wild_extract/米芾-行/䡖.png,米芾,行,䡖,䡖.png,hcsu_wild_salvage,ok,240,284,172.0,160.8,False,0.3212,10,0.0014,0.5421,clean,none
/root/Workspace/xy/HCSU/wild_extract/米芾-行/㨫.png,米芾,行,㨫,㨫.png,hcsu_wild_salvage,ok,201,196,254.8,241.6,False,0.2598,2,0.0,0.6971,clean,none
/root/Workspace/xy/HCSU/wild_extract/米芾-行/幾.png,米芾,行,幾,幾.png,hcsu_wild_salvage,ok,334,469,177.0,176.3,False,0.2214,9,0.0005,0.9522,clean,none
/root/Workspace/xy/HCSU/wild_extract/米芾-行/對.png,米芾,行,對,對.png,hcsu_wild_salvage,ok,333,457,173.0,172.1,False,0.2576,13,0.0013,0.4917,clean,none
/root/Workspace/xy/HCSU/wild_extract/米芾-行/侘.png,米芾,行,侘,侘.png,hcsu_wild_salvage,ok,145,139,206.9,188.8,False,0.2182,3,0.0,0.38,clean,none
/root/Workspace/xy/HCSU/wild_extract/米芾-行/䟦.png,米芾,行,䟦,䟦.png,hcsu_wild_salvage,ok,116,119,145.1,126.7,False,0.3276,293,0.1442,0.5166,noisy,high_dirt_0.14
/root/Workspace/xy/HCSU/wild_extract/米芾-行/䋣.png,米芾,行,䋣,䋣.png,hcsu_wild_salvage,ok,129,113,205.0,155.0,False,0.3439,2,0.0,0.5322,clean,none
/root/Workspace/xy/HCSU/wild_extract/米芾-行/宗.png,米芾,行,宗,宗.png,hcsu_wild_salvage,ok,196,225,254.7,235.6,False,0.1795,4,0.0004,0.5051,clean,none
/root/Workspace/xy/HCSU/wild_extract/米芾-行/圡.png,米芾,行,圡,圡.png,hcsu_wild_salvage,ok,228,244,197.5,189.1,False,0.1661,145,0.0221,0.9779,clean,none
/root/Workspace/xy/HCSU/wild_extract/米芾-行/㬅.png,米芾,行,㬅,㬅.png,hcsu_wild_salvage,ok,126,166,204.5,180.1,False,0.2285,3,0.0006,0.8309,clean,none
/root/Workspace/xy/HCSU/wild_extract/米芾-行/卓.png,米芾,行,卓,卓.png,hcsu_wild_salvage,ok,357,575,37.1,38.5,True,0.1868,223,0.0158,0.9342,inverted,inverted
/root/Workspace/xy/HCSU/wild_extract/米芾-行/㱕.png,米芾,行,㱕,㱕.png,hcsu_wild_salvage,ok,136,219,203.0,188.1,False,0.2025,2,0.0,0.9906,clean,none
/root/Workspace/xy/HCSU/wild_extract/米芾-行/備.png,米芾,行,備,備.png,hcsu_wild_salvage,ok,134,132,205.7,184.5,False,0.2243,2,0.0,0.7169,clean,none
/root/Workspace/xy/HCSU/wild_extract/米芾-行/厭.png,米芾,行,厭,厭.png,hcsu_wild_salvage,ok,186,152,208.0,186.5,False,0.2536,4,0.0001,0.8753,clean,none
/root/Workspace/xy/HCSU/wild_extract/米芾-行/嬃.png,米芾,行,嬃,嬃.png,hcsu_wild_salvage,ok,138,138,208.1,171.3,False,0.2618,2,0.0,0.948,clean,none
/root/Workspace/xy/HCSU/wild_extract/米芾-行/卋.png,米芾,行,卋,卋.png,hcsu_wild_salvage,ok,427,317,172.9,172.6,False,0.1934,1,0.0,1.0,clean,none
/root/Workspace/xy/HCSU/wild_extract/米芾-行/䓇.png,米芾,行,䓇,䓇.png,hcsu_wild_salvage,ok,121,129,205.3,176.3,False,0.2412,2,0.0,0.9469,clean,none
/root/Workspace/xy/HCSU/wild_extract/米芾-行/寧.png,米芾,行,寧,寧.png,hcsu_wild_salvage,ok,109,153,202.1,170.0,False,0.2462,3,0.0,0.5236,clean,none
/root/Workspace/xy/HCSU/wild_extract/米芾-行/䟽.png,米芾,行,䟽,䟽.png,hcsu_wild_salvage,ok,158,124,204.3,162.4,False,0.2979,4,0.0,0.4813,clean,none
/root/Workspace/xy/HCSU/wild_extract/米芾-行/刓.png,米芾,行,刓,刓.png,hcsu_wild_salvage,ok,172,206,246.8,214.9,False,0.2006,4,0.0,0.4579,clean,none
/root/Workspace/xy/HCSU/wild_extract/米芾-行/偉.png,米芾,行,偉,偉.png,hcsu_wild_salvage,ok,302,419,191.1,186.2,False,0.2325,44,0.0068,0.6669,clean,none
/root/Workspace/xy/HCSU/wild_extract/米芾-行/依.png,米芾,行,依,依.png,hcsu_wild_salvage,ok,351,341,40.1,42.4,True,0.21,140,0.0219,0.6479,inverted,inverted
/root/Workspace/xy/HCSU/wild_extract/米芾-行/佯.png,米芾,行,佯,佯.png,hcsu_wild_salvage,ok,372,484,46.0,46.1,True,0.1298,428,0.0371,0.4849,inverted,inverted
/root/Workspace/xy/HCSU/wild_extract/米芾-行/媭.png,米芾,行,媭,媭.png,hcsu_wild_salvage,ok,193,190,254.4,244.1,False,0.204,3,0.0,0.8718,clean,none
/root/Workspace/xy/HCSU/wild_extract/米芾-行/媮.png,米芾,行,媮,媮.png,hcsu_wild_salvage,ok,206,143,208.7,197.0,False,0.1561,4,0.0,0.5437,clean,none
/root/Workspace/xy/HCSU/wild_extract/米芾-行/娀.png,米芾,行,娀,娀.png,hcsu_wild_salvage,ok,157,109,207.9,186.9,False,0.2101,2,0.0,0.6151,clean,none
/root/Workspace/xy/HCSU/wild_extract/米芾-行/屢.png,米芾,行,屢,屢.png,hcsu_wild_salvage,ok,294,385,163.4,160.4,False,0.265,2,0.0001,0.9999,clean,none
/root/Workspace/xy/HCSU/wild_extract/米芾-行/張.png,米芾,行,張,張.png,hcsu_wild_salvage,ok,324,351,176.9,174.1,False,0.2993,3,0.0,0.616,clean,none
/root/Workspace/xy/HCSU/wild_extract/米芾-行/岧.png,米芾,行,岧,岧.png,hcsu_wild_salvage,ok,180,287,255.0,239.3,False,0.2243,2,0.0,0.9426,clean,none
/root/Workspace/xy/HCSU/wild_extract/米芾-行/㑹.png,米芾,行,㑹,㑹.png,hcsu_wild_salvage,ok,355,330,170.4,166.3,False,0.1727,16,0.0022,0.6034,clean,none
/root/Workspace/xy/HCSU/wild_extract/米芾-行/喚.png,米芾,行,喚,喚.png,hcsu_wild_salvage,ok,174,181,47.4,63.3,True,0.1575,12,0.0038,0.4778,inverted,inverted
/root/Workspace/xy/HCSU/wild_extract/米芾-行/丗.png,米芾,行,丗,丗.png,hcsu_wild_salvage,ok,139,95,208.1,187.7,False,0.1669,1,0.0,1.0,clean,none
/root/Workspace/xy/HCSU/wild_extract/米芾-行/悢.png,米芾,行,悢,悢.png,hcsu_wild_salvage,ok,208,208,247.6,209.7,False,0.2925,4,0.0,0.7196,clean,none
/root/Workspace/xy/HCSU/wild_extract/米芾-行/冝.png,米芾,行,冝,冝.png,hcsu_wild_salvage,ok,228,416,187.2,186.9,False,0.254,3,0.0002,0.9998,clean,none
/root/Workspace/xy/HCSU/wild_extract/米芾-行/幃.png,米芾,行,幃,幃.png,hcsu_wild_salvage,ok,110,126,204.5,159.5,False,0.2876,2,0.0,0.8297,clean,none
/root/Workspace/xy/HCSU/wild_extract/米芾-行/嶒.png,米芾,行,嶒,嶒.png,hcsu_wild_salvage,ok,196,235,255.0,243.4,False,0.2559,2,0.0,0.9195,clean,none
/root/Workspace/xy/HCSU/wild_extract/米芾-行/儻.png,米芾,行,儻,儻.png,hcsu_wild_salvage,ok,328,317,171.5,171.3,False,0.1895,5,0.0007,0.4987,clean,none
/root/Workspace/xy/HCSU/wild_extract/米芾-行/乂.png,米芾,行,乂,乂.png,hcsu_wild_salvage,ok,371,243,40.7,43.5,True,0.1499,33,0.0058,0.9883,inverted,inverted
/root/Workspace/xy/HCSU/wild_extract/米芾-行/善.png,米芾,行,善,善.png,hcsu_wild_salvage,ok,241,467,42.0,44.0,True,0.1879,107,0.0155,0.3825,inverted,inverted
/root/Workspace/xy/HCSU/wild_extract/米芾-行/彂.png,米芾,行,彂,彂.png,hcsu_wild_salvage,ok,105,155,175.8,154.7,False,0.2415,14,0.0043,0.8519,clean,none
/root/Workspace/xy/HCSU/wild_extract/米芾-行/宽.png,米芾,行,宽,宽.png,hcsu_wild_salvage,ok,337,575,39.0,39.2,True,0.2102,180,0.0101,0.6186,inverted,inverted
/root/Workspace/xy/HCSU/wild_extract/米芾-行/崙.png,米芾,行,崙,崙.png,hcsu_wild_salvage,ok,178,165,207.0,193.4,False,0.211,1,0.0,1.0,clean,none
/root/Workspace/xy/HCSU/wild_extract/米芾-行/偭.png,米芾,行,偭,偭.png,hcsu_wild_salvage,ok,190,169,247.9,243.4,False,0.1998,7,0.0055,0.5939,clean,none
/root/Workspace/xy/HCSU/wild_extract/米芾-行/尠.png,米芾,行,尠,尠.png,hcsu_wild_salvage,ok,544,862,169.0,169.1,False,0.3532,13,0.0003,0.9879,clean,none
/root/Workspace/xy/HCSU/wild_extract/米芾-行/愚.png,米芾,行,愚,愚.png,hcsu_wild_salvage,ok,248,295,41.3,47.5,True,0.2085,114,0.0208,0.9129,inverted,inverted
/root/Workspace/xy/HCSU/wild_extract/米芾-行/勞.png,米芾,行,勞,勞.png,hcsu_wild_salvage,ok,95,156,169.5,139.1,False,0.2673,32,0.0088,0.4591,clean,none
/root/Workspace/xy/HCSU/wild_extract/米芾-行/凢.png,米芾,行,凢,凢.png,hcsu_wild_salvage,ok,377,416,158.1,157.9,False,0.2475,3,0.0,0.8593,clean,none
/root/Workspace/xy/HCSU/wild_extract/米芾-行/㝎.png,米芾,行,㝎,㝎.png,hcsu_wild_salvage,ok,394,439,176.9,176.6,False,0.2281,9,0.0005,0.5354,clean,none
/root/Workspace/xy/HCSU/wild_extract/米芾-行/崐.png,米芾,行,崐,崐.png,hcsu_wild_salvage,ok,193,195,254.7,238.3,False,0.3217,2,0.0004,0.9996,clean,none
/root/Workspace/xy/HCSU/wild_extract/米芾-行/㕘.png,米芾,行,㕘,㕘.png,hcsu_wild_salvage,ok,314,319,191.5,183.2,False,0.21,30,0.0025,0.737,clean,none
/root/Workspace/xy/HCSU/wild_extract/米芾-行/儼.png,米芾,行,儼,儼.png,hcsu_wild_salvage,ok,134,137,201.8,169.4,False,0.2792,3,0.0,0.9198,clean,none
/root/Workspace/xy/HCSU/wild_extract/米芾-行/寵.png,米芾,行,寵,寵.png,hcsu_wild_salvage,ok,339,390,50.4,62.8,True,0.2764,9,0.0004,0.6063,inverted,inverted
/root/Workspace/xy/HCSU/wild_extract/米芾-行/姱.png,米芾,行,姱,姱.png,hcsu_wild_salvage,ok,189,180,207.5,200.7,False,0.1131,3,0.001,0.6718,clean,none
/root/Workspace/xy/HCSU/wild_extract/米芾-行/啔.png,米芾,行,啔,啔.png,hcsu_wild_salvage,ok,133,142,207.2,193.0,False,0.1407,6,0.0041,0.3391,clean,none
/root/Workspace/xy/HCSU/wild_extract/米芾-行/伻.png,米芾,行,伻,伻.png,hcsu_wild_salvage,ok,203,212,255.0,243.8,False,0.1756,3,0.0,0.6822,clean,none
/root/Workspace/xy/HCSU/wild_extract/苏轼-楷/坐.png,苏轼,楷,坐,坐.png,hcsu_wild_salvage,ok,307,276,254.8,243.8,False,0.2653,6,0.0002,0.8053,clean,none
/root/Workspace/xy/HCSU/wild_extract/苏轼-行/喬.png,苏轼,行,喬,喬.png,hcsu_wild_salvage,ok,201,270,144.1,140.9,False,0.4456,648,0.1959,0.6927,noisy,high_dirt_0.20
/root/Workspace/xy/HCSU/wild_extract/苏轼-行/劉.png,苏轼,行,劉,劉.png,hcsu_wild_salvage,ok,139,161,183.6,160.9,False,0.258,5,0.0007,0.6536,clean,none
/root/Workspace/xy/HCSU/wild_extract/苏轼-行/巉.png,苏轼,行,巉,巉.png,hcsu_wild_salvage,ok,484,394,70.0,77.3,True,0.1891,68,0.0068,0.5115,inverted,inverted
/root/Workspace/xy/HCSU/wild_extract/苏轼-行/惸.png,苏轼,行,惸,惸.png,hcsu_wild_salvage,ok,357,354,52.0,53.7,True,0.214,309,0.0311,0.5747,inverted,inverted
/root/Workspace/xy/HCSU/wild_extract/苏轼-行/㡬.png,苏轼,行,㡬,㡬.png,hcsu_wild_salvage,ok,262,325,43.0,57.7,True,0.2507,3,0.0,0.8619,inverted,inverted
/root/Workspace/xy/HCSU/wild_extract/苏轼-行/戰.png,苏轼,行,戰,戰.png,hcsu_wild_salvage,ok,139,140,212.5,154.0,False,0.372,7,0.001,0.9724,clean,none
/root/Workspace/xy/HCSU/wild_extract/苏轼-行/崑.png,苏轼,行,崑,崑.png,hcsu_wild_salvage,ok,361,552,175.1,173.9,False,0.3478,1,0.0,1.0,clean,none
/root/Workspace/xy/HCSU/wild_extract/苏轼-行/問.png,苏轼,行,問,問.png,hcsu_wild_salvage,ok,74,62,200.8,153.5,False,0.2343,6,0.0047,0.4874,clean,none
/root/Workspace/xy/HCSU/wild_extract/苏轼-行/嶇.png,苏轼,行,嶇,嶇.png,hcsu_wild_salvage,ok,416,337,182.2,182.5,False,0.2409,13,0.0012,0.7799,clean,none
/root/Workspace/xy/HCSU/wild_extract/苏轼-行/嵗.png,苏轼,行,嵗,嵗.png,hcsu_wild_salvage,ok,414,399,177.5,176.3,False,0.2098,37,0.0023,0.9553,clean,none
/root/Workspace/xy/HCSU/wild_extract/苏轼-行/憚.png,苏轼,行,憚,憚.png,hcsu_wild_salvage,ok,388,486,172.5,171.7,False,0.2033,79,0.0034,0.931,clean,none
/root/Workspace/xy/HCSU/wild_extract/苏轼-行/勝.png,苏轼,行,勝,勝.png,hcsu_wild_salvage,ok,145,154,183.5,173.6,False,0.2642,8,0.0051,0.4603,clean,none
/root/Workspace/xy/HCSU/wild_extract/苏轼-行/宷.png,苏轼,行,宷,宷.png,hcsu_wild_salvage,ok,248,262,54.9,53.7,True,0.2243,143,0.0191,0.942,inverted,inverted
/root/Workspace/xy/HCSU/wild_extract/苏轼-行/彙.png,苏轼,行,彙,彙.png,hcsu_wild_salvage,ok,124,163,180.0,167.4,False,0.1857,19,0.0051,0.5795,clean,none
/root/Workspace/xy/HCSU/wild_extract/苏轼-行/墜.png,苏轼,行,墜,墜.png,hcsu_wild_salvage,ok,177,179,213.2,191.9,False,0.3081,4,0.0007,0.6046,clean,none
/root/Workspace/xy/HCSU/wild_extract/苏轼-行/併.png,苏轼,行,併,併.png,hcsu_wild_salvage,ok,173,166,226.2,209.7,False,0.2783,4,0.0008,0.6211,clean,none
/root/Workspace/xy/HCSU/wild_extract/苏轼-行/喪.png,苏轼,行,喪,喪.png,hcsu_wild_salvage,ok,454,365,181.2,180.4,False,0.1843,21,0.0015,0.9985,clean,none
/root/Workspace/xy/HCSU/wild_extract/苏轼-行/壞.png,苏轼,行,壞,壞.png,hcsu_wild_salvage,ok,187,155,215.3,200.2,False,0.2588,3,0.0003,0.6121,clean,none
/root/Workspace/xy/HCSU/wild_extract/苏轼-行/動.png,苏轼,行,動,動.png,hcsu_wild_salvage,ok,207,171,211.3,202.3,False,0.2412,2,0.0,0.9931,clean,none
/root/Workspace/xy/HCSU/wild_extract/苏轼-行/幾.png,苏轼,行,幾,幾.png,hcsu_wild_salvage,ok,126,132,168.8,153.0,False,0.2787,6,0.0009,0.9909,clean,none
/root/Workspace/xy/HCSU/wild_extract/苏轼-行/對.png,苏轼,行,對,對.png,hcsu_wild_salvage,ok,166,140,175.6,166.0,False,0.2109,6,0.001,0.6033,clean,none
/root/Workspace/xy/HCSU/wild_extract/苏轼-行/帳.png,苏轼,行,帳,帳.png,hcsu_wild_salvage,ok,404,381,137.5,134.1,False,0.3455,7,0.0002,0.6015,clean,none
/root/Workspace/xy/HCSU/wild_extract/苏轼-行/廢.png,苏轼,行,廢,廢.png,hcsu_wild_salvage,ok,129,140,183.3,162.4,False,0.26,7,0.0019,0.8384,clean,none
/root/Workspace/xy/HCSU/wild_extract/苏轼-行/伸.png,苏轼,行,伸,伸.png,hcsu_wild_salvage,ok,200,226,93.7,98.7,True,0.2725,889,0.3235,0.4018,noisy,inverted;high_dirt_0.32
/root/Workspace/xy/HCSU/wild_extract/苏轼-行/係.png,苏轼,行,係,係.png,hcsu_wild_salvage,ok,74,76,214.2,188.0,False,0.1887,5,0.0,0.5608,clean,none
/root/Workspace/xy/HCSU/wild_extract/苏轼-行/寧.png,苏轼,行,寧,寧.png,hcsu_wild_salvage,ok,111,150,181.2,141.1,False,0.3271,8,0.0031,0.6703,clean,none
/root/Workspace/xy/HCSU/wild_extract/苏轼-行/愛.png,苏轼,行,愛,愛.png,hcsu_wild_salvage,ok,491,436,138.7,136.6,False,0.2444,17,0.0008,0.882,clean,none
/root/Workspace/xy/HCSU/wild_extract/苏轼-行/孫.png,苏轼,行,孫,孫.png,hcsu_wild_salvage,ok,292,298,31.3,43.2,True,0.2119,13,0.0016,0.4411,inverted,inverted
/root/Workspace/xy/HCSU/wild_extract/苏轼-行/師.png,苏轼,行,師,師.png,hcsu_wild_salvage,ok,340,507,140.0,137.9,False,0.2894,6,0.0001,0.9999,clean,none
/root/Workspace/xy/HCSU/wild_extract/苏轼-行/壈.png,苏轼,行,壈,壈.png,hcsu_wild_salvage,ok,256,250,61.3,64.3,True,0.2296,415,0.075,0.4097,noisy,inverted;high_dirt_0.07
/root/Workspace/xy/HCSU/wild_extract/苏轼-行/㸔.png,苏轼,行,㸔,㸔.png,hcsu_wild_salvage,ok,218,247,42.7,54.0,True,0.2209,3,0.0,0.8457,inverted,inverted
/root/Workspace/xy/HCSU/wild_extract/苏轼-行/區.png,苏轼,行,區,區.png,hcsu_wild_salvage,ok,231,257,175.9,166.8,False,0.3468,83,0.0054,0.8663,clean,none
/root/Workspace/xy/HCSU/wild_extract/苏轼-行/憺.png,苏轼,行,憺,憺.png,hcsu_wild_salvage,ok,254,256,64.2,65.8,True,0.1837,346,0.0793,0.306,noisy,inverted;high_dirt_0.08
/root/Workspace/xy/HCSU/wild_extract/苏轼-行/傳.png,苏轼,行,傳,傳.png,hcsu_wild_salvage,ok,242,294,34.4,45.7,True,0.2174,4,0.0,0.4607,inverted,inverted
/root/Workspace/xy/HCSU/wild_extract/苏轼-行/懇.png,苏轼,行,懇,懇.png,hcsu_wild_salvage,ok,72,73,189.6,138.8,False,0.281,1,0.0,1.0,clean,none
/root/Workspace/xy/HCSU/wild_extract/苏轼-行/憭.png,苏轼,行,憭,憭.png,hcsu_wild_salvage,ok,267,268,61.8,60.1,True,0.2166,263,0.045,0.6335,inverted,inverted
/root/Workspace/xy/HCSU/wild_extract/苏轼-行/媮.png,苏轼,行,媮,媮.png,hcsu_wild_salvage,ok,156,160,44.1,47.9,True,0.1373,14,0.0146,0.225,inverted,inverted
/root/Workspace/xy/HCSU/wild_extract/苏轼-行/復.png,苏轼,行,復,復.png,hcsu_wild_salvage,ok,344,401,181.6,178.8,False,0.291,21,0.0015,0.9985,clean,none
/root/Workspace/xy/HCSU/wild_extract/苏轼-行/嘔.png,苏轼,行,嘔,嘔.png,hcsu_wild_salvage,ok,142,131,170.2,153.1,False,0.237,25,0.0086,0.3376,clean,none
/root/Workspace/xy/HCSU/wild_extract/苏轼-行/噰.png,苏轼,行,噰,噰.png,hcsu_wild_salvage,ok,215,233,72.9,78.7,True,0.2299,377,0.0912,0.3964,noisy,inverted;high_dirt_0.09
/root/Workspace/xy/HCSU/wild_extract/苏轼-行/傑.png,苏轼,行,傑,傑.png,hcsu_wild_salvage,ok,103,94,217.5,144.9,False,0.3058,5,0.0003,0.7521,clean,none
/root/Workspace/xy/HCSU/wild_extract/苏轼-行/懭.png,苏轼,行,懭,懭.png,hcsu_wild_salvage,ok,289,267,65.5,70.6,True,0.2306,291,0.0458,0.3514,inverted,inverted
/root/Workspace/xy/HCSU/wild_extract/苏轼-行/審.png,苏轼,行,審,審.png,hcsu_wild_salvage,ok,331,354,186.9,183.4,False,0.2766,9,0.0006,0.9342,clean,none
/root/Workspace/xy/HCSU/wild_extract/苏轼-行/塗.png,苏轼,行,塗,塗.png,hcsu_wild_salvage,ok,381,363,177.9,177.1,False,0.2232,14,0.0009,0.557,clean,none
/root/Workspace/xy/HCSU/wild_extract/苏轼-行/坋.png,苏轼,行,坋,坋.png,hcsu_wild_salvage,ok,114,120,71.2,81.4,True,0.1701,122,0.1001,0.5346,noisy,inverted;high_dirt_0.10
/root/Workspace/xy/HCSU/wild_extract/苏轼-行/悢.png,苏轼,行,悢,悢.png,hcsu_wild_salvage,ok,232,183,73.1,78.0,True,0.2099,483,0.1564,0.4805,noisy,inverted;high_dirt_0.16
/root/Workspace/xy/HCSU/wild_extract/苏轼-行/挐.png,苏轼,行,挐,挐.png,hcsu_wild_salvage,ok,235,260,61.9,63.2,True,0.1446,154,0.0363,0.6173,inverted,inverted
/root/Workspace/xy/HCSU/wild_extract/苏轼-行/抔.png,苏轼,行,抔,抔.png,hcsu_wild_salvage,ok,402,362,30.8,32.0,True,0.1745,129,0.0165,0.5354,inverted,inverted
/root/Workspace/xy/HCSU/wild_extract/苏轼-行/專.png,苏轼,行,專,專.png,hcsu_wild_salvage,ok,100,146,171.8,160.0,False,0.2185,5,0.0013,0.9987,clean,none
/root/Workspace/xy/HCSU/wild_extract/苏轼-行/夢.png,苏轼,行,夢,夢.png,hcsu_wild_salvage,ok,158,269,166.3,158.6,False,0.2427,12,0.0037,0.9413,clean,none
/root/Workspace/xy/HCSU/wild_extract/苏轼-行/國.png,苏轼,行,國,國.png,hcsu_wild_salvage,ok,100,138,106.0,78.4,True,0.5462,12,0.0008,0.8703,inverted,inverted
/root/Workspace/xy/HCSU/wild_extract/苏轼-行/挍.png,苏轼,行,挍,挍.png,hcsu_wild_salvage,ok,345,276,57.8,61.0,True,0.2098,97,0.0122,0.3342,inverted,inverted
/root/Workspace/xy/HCSU/wild_extract/苏轼-行/峯.png,苏轼,行,峯,峯.png,hcsu_wild_salvage,ok,238,292,33.4,40.5,True,0.2006,3,0.0014,0.9853,inverted,inverted
/root/Workspace/xy/HCSU/wild_extract/苏轼-行/勵.png,苏轼,行,勵,勵.png,hcsu_wild_salvage,ok,423,378,182.6,181.9,False,0.2259,36,0.0026,0.5333,clean,none
/root/Workspace/xy/HCSU/wild_extract/苏轼-行/僕.png,苏轼,行,僕,僕.png,hcsu_wild_salvage,ok,149,157,100.3,93.8,True,0.732,9,0.0006,0.9942,broken,inverted;too_solid
/root/Workspace/xy/HCSU/wild_extract/苏轼-行/惡.png,苏轼,行,惡,惡.png,hcsu_wild_salvage,ok,197,179,194.6,184.5,False,0.2234,7,0.0015,0.9874,clean,none
/root/Workspace/xy/HCSU/wild_extract/苏轼-行/㳟.png,苏轼,行,㳟,㳟.png,hcsu_wild_salvage,ok,300,230,86.9,89.8,True,0.2023,542,0.1266,0.5009,noisy,inverted;high_dirt_0.13
/root/Workspace/xy/HCSU/wild_extract/苏轼-行/彿.png,苏轼,行,彿,彿.png,hcsu_wild_salvage,ok,263,240,52.6,55.5,True,0.1729,16,0.0016,0.6765,inverted,inverted
/root/Workspace/xy/HCSU/wild_extract/苏轼-行/婦.png,苏轼,行,婦,婦.png,hcsu_wild_salvage,ok,72,81,199.4,164.5,False,0.2221,3,0.0008,0.6942,clean,none
/root/Workspace/xy/HCSU/wild_extract/苏轼-行/凨.png,苏轼,行,凨,凨.png,hcsu_wild_salvage,ok,242,228,39.6,50.1,True,0.1481,5,0.0,0.5052,inverted,inverted
/root/Workspace/xy/HCSU/wild_extract/董其昌-楷/撰.png,董其昌,楷,撰,撰.png,hcsu_wild_salvage,ok,231,210,51.0,53.7,True,0.1606,20,0.0072,0.6496,inverted,inverted
/root/Workspace/xy/HCSU/wild_extract/董其昌-楷/炯.png,董其昌,楷,炯,炯.png,hcsu_wild_salvage,ok,199,168,47.5,56.7,True,0.1633,14,0.0022,0.328,inverted,inverted
/root/Workspace/xy/HCSU/wild_extract/董其昌-楷/冬.png,董其昌,楷,冬,冬.png,hcsu_wild_salvage,ok,207,210,51.1,54.2,True,0.1461,147,0.0756,0.7176,noisy,inverted;high_dirt_0.08
/root/Workspace/xy/HCSU/wild_extract/董其昌-楷/奋.png,董其昌,楷,奋,奋.png,hcsu_wild_salvage,ok,230,241,54.6,56.8,True,0.1933,27,0.01,0.74,inverted,inverted
/root/Workspace/xy/HCSU/wild_extract/董其昌-楷/亨.png,董其昌,楷,亨,亨.png,hcsu_wild_salvage,ok,167,215,48.9,53.4,True,0.1312,14,0.0042,0.4158,inverted,inverted
/root/Workspace/xy/HCSU/wild_extract/董其昌-楷/斧.png,董其昌,楷,斧,斧.png,hcsu_wild_salvage,ok,210,286,46.5,48.9,True,0.1325,14,0.003,0.423,inverted,inverted
/root/Workspace/xy/HCSU/wild_extract/董其昌-楷/沈.png,董其昌,楷,沈,沈.png,hcsu_wild_salvage,ok,207,197,54.2,60.6,True,0.1591,19,0.0045,0.41,inverted,inverted
/root/Workspace/xy/HCSU/wild_extract/董其昌-楷/九.png,董其昌,楷,九,九.png,hcsu_wild_salvage,ok,125,102,78.0,85.9,True,0.2282,242,0.3668,0.5947,noisy,inverted;high_dirt_0.37
/root/Workspace/xy/HCSU/wild_extract/董其昌-行/婁.png,董其昌,行,婁,婁.png,hcsu_wild_salvage,ok,198,193,175.8,170.9,False,0.1765,20,0.0056,0.9431,clean,none
/root/Workspace/xy/HCSU/wild_extract/董其昌-行/巉.png,董其昌,行,巉,巉.png,hcsu_wild_salvage,ok,302,380,179.0,176.1,False,0.2027,7,0.0002,0.708,clean,none
/root/Workspace/xy/HCSU/wild_extract/董其昌-行/地.png,董其昌,行,地,地.png,hcsu_wild_salvage,ok,174,156,118.0,112.5,True,0.7328,5,0.0013,0.9477,broken,inverted;too_solid
/root/Workspace/xy/HCSU/wild_extract/董其昌-行/屬.png,董其昌,行,屬,屬.png,hcsu_wild_salvage,ok,185,250,90.3,95.6,True,0.3037,532,0.1808,0.5335,noisy,inverted;high_dirt_0.18
/root/Workspace/xy/HCSU/wild_extract/董其昌-行/佺.png,董其昌,行,佺,佺.png,hcsu_wild_salvage,ok,329,293,157.4,157.1,False,0.1976,2,0.0,0.6894,clean,none
/root/Workspace/xy/HCSU/wild_extract/董其昌-行/內.png,董其昌,行,內,內.png,hcsu_wild_salvage,ok,70,60,196.2,157.9,False,0.2602,5,0.0037,0.9963,clean,none
/root/Workspace/xy/HCSU/wild_extract/董其昌-行/則.png,董其昌,行,則,則.png,hcsu_wild_salvage,ok,180,181,85.3,96.0,True,0.2915,352,0.1659,0.4942,noisy,inverted;high_dirt_0.17
/root/Workspace/xy/HCSU/wild_extract/董其昌-行/䂓.png,董其昌,行,䂓,䂓.png,hcsu_wild_salvage,ok,385,358,179.5,175.7,False,0.2628,78,0.0052,0.5971,clean,none
/root/Workspace/xy/HCSU/wild_extract/董其昌-行/宫.png,董其昌,行,宫,宫.png,hcsu_wild_salvage,ok,171,162,116.4,106.3,True,0.779,5,0.0005,0.9949,broken,inverted;too_solid
/root/Workspace/xy/HCSU/wild_extract/董其昌-行/䌽.png,董其昌,行,䌽,䌽.png,hcsu_wild_salvage,ok,254,274,170.4,160.8,False,0.2974,8,0.0004,0.6261,clean,none
/root/Workspace/xy/HCSU/wild_extract/董其昌-行/度.png,董其昌,行,度,度.png,hcsu_wild_salvage,ok,187,260,116.9,112.6,True,0.8055,4,0.0001,0.9969,broken,inverted;too_solid
/root/Workspace/xy/HCSU/wild_extract/董其昌-行/勁.png,董其昌,行,勁,勁.png,hcsu_wild_salvage,ok,150,164,184.9,179.6,False,0.1915,3,0.0017,0.9983,clean,none
/root/Workspace/xy/HCSU/wild_extract/董其昌-行/徃.png,董其昌,行,徃,徃.png,hcsu_wild_salvage,ok,133,151,206.9,194.0,False,0.2015,17,0.0069,0.5604,clean,none
/root/Workspace/xy/HCSU/wild_extract/董其昌-行/圎.png,董其昌,行,圎,圎.png,hcsu_wild_salvage,ok,157,198,118.7,98.2,True,0.7056,9,0.0013,0.8204,broken,inverted;too_solid
/root/Workspace/xy/HCSU/wild_extract/董其昌-行/厯.png,董其昌,行,厯,厯.png,hcsu_wild_salvage,ok,184,188,213.2,202.6,False,0.2381,5,0.0016,0.8019,clean,none
/root/Workspace/xy/HCSU/wild_extract/董其昌-行/嵗.png,董其昌,行,嵗,嵗.png,hcsu_wild_salvage,ok,197,336,225.4,210.9,False,0.2149,80,0.0178,0.4631,clean,none
/root/Workspace/xy/HCSU/wild_extract/董其昌-行/彈.png,董其昌,行,彈,彈.png,hcsu_wild_salvage,ok,606,773,85.1,85.9,True,0.2624,672,0.0355,0.5099,inverted,inverted
/root/Workspace/xy/HCSU/wild_extract/董其昌-行/場.png,董其昌,行,場,場.png,hcsu_wild_salvage,ok,531,649,82.8,83.1,True,0.2522,321,0.0242,0.6454,inverted,inverted
/root/Workspace/xy/HCSU/wild_extract/董其昌-行/㧾.png,董其昌,行,㧾,㧾.png,hcsu_wild_salvage,ok,132,151,177.2,156.8,False,0.2688,2,0.0,0.8557,clean,none
/root/Workspace/xy/HCSU/wild_extract/董其昌-行/宙.png,董其昌,行,宙,宙.png,hcsu_wild_salvage,ok,165,164,118.6,109.6,True,0.8011,4,0.0,0.9613,broken,inverted;too_solid
/root/Workspace/xy/HCSU/wild_extract/董其昌-行/制.png,董其昌,行,制,制.png,hcsu_wild_salvage,ok,180,194,115.3,107.8,True,0.7426,3,0.0,0.9892,broken,inverted;too_solid
/root/Workspace/xy/HCSU/wild_extract/董其昌-行/帨.png,董其昌,行,帨,帨.png,hcsu_wild_salvage,ok,194,146,165.8,157.3,False,0.1896,6,0.0019,0.5213,clean,none
/root/Workspace/xy/HCSU/wild_extract/董其昌-行/優.png,董其昌,行,優,優.png,hcsu_wild_salvage,ok,581,677,91.3,89.4,True,0.2245,768,0.0583,0.4207,noisy,inverted;high_dirt_0.06
/root/Workspace/xy/HCSU/wild_extract/董其昌-行/㧧.png,董其昌,行,㧧,㧧.png,hcsu_wild_salvage,ok,358,372,234.1,233.4,False,0.2526,3,0.0001,0.9999,clean,none
/root/Workspace/xy/HCSU/wild_extract/董其昌-行/墜.png,董其昌,行,墜,墜.png,hcsu_wild_salvage,ok,471,690,83.6,82.6,True,0.2626,187,0.0135,0.6971,inverted,inverted
/root/Workspace/xy/HCSU/wild_extract/董其昌-行/具.png,董其昌,行,具,具.png,hcsu_wild_salvage,ok,157,181,112.6,106.9,True,0.8185,5,0.0,0.9735,broken,inverted;too_solid
/root/Workspace/xy/HCSU/wild_extract/董其昌-行/勅.png,董其昌,行,勅,勅.png,hcsu_wild_salvage,ok,127,136,168.0,160.7,False,0.2056,2,0.0003,0.9997,clean,none
/root/Workspace/xy/HCSU/wild_extract/董其昌-行/㳺.png,董其昌,行,㳺,㳺.png,hcsu_wild_salvage,ok,100,95,138.0,114.4,False,0.2335,7,0.0023,0.835,clean,none
/root/Workspace/xy/HCSU/wild_extract/董其昌-行/啅.png,董其昌,行,啅,啅.png,hcsu_wild_salvage,ok,205,318,199.0,197.2,False,0.154,1,0.0,1.0,clean,none
/root/Workspace/xy/HCSU/wild_extract/董其昌-行/動.png,董其昌,行,動,動.png,hcsu_wild_salvage,ok,173,182,172.2,161.1,False,0.2268,5,0.0006,0.8832,clean,none
/root/Workspace/xy/HCSU/wild_extract/董其昌-行/對.png,董其昌,行,對,對.png,hcsu_wild_salvage,ok,588,653,213.6,212.2,False,0.1645,51,0.0019,0.6694,clean,none
/root/Workspace/xy/HCSU/wild_extract/董其昌-行/䫙.png,董其昌,行,䫙,䫙.png,hcsu_wild_salvage,ok,169,182,166.5,160.6,False,0.1881,8,0.0085,0.5251,clean,none
/root/Workspace/xy/HCSU/wild_extract/董其昌-行/圡.png,董其昌,行,圡,圡.png,hcsu_wild_salvage,ok,176,198,209.7,205.9,False,0.1604,8,0.0061,0.5569,clean,none
/root/Workspace/xy/HCSU/wild_extract/董其昌-行/勢.png,董其昌,行,勢,勢.png,hcsu_wild_salvage,ok,145,268,213.5,205.8,False,0.2701,4,0.0005,0.9995,clean,none
/root/Workspace/xy/HCSU/wild_extract/董其昌-行/奚.png,董其昌,行,奚,奚.png,hcsu_wild_salvage,ok,134,218,114.5,107.9,True,0.776,2,0.0,0.9974,broken,inverted;too_solid
/root/Workspace/xy/HCSU/wild_extract/董其昌-行/㱕.png,董其昌,行,㱕,㱕.png,hcsu_wild_salvage,ok,159,237,120.8,106.3,True,0.7879,4,0.0,0.9654,broken,inverted;too_solid
/root/Workspace/xy/HCSU/wild_extract/董其昌-行/嗒.png,董其昌,行,嗒,嗒.png,hcsu_wild_salvage,ok,189,188,115.1,109.2,True,0.8269,6,0.0001,0.9892,broken,inverted;too_solid
/root/Workspace/xy/HCSU/wild_extract/董其昌-行/卋.png,董其昌,行,卋,卋.png,hcsu_wild_salvage,ok,172,180,184.1,181.0,False,0.169,3,0.0004,0.9063,clean,none
/root/Workspace/xy/HCSU/wild_extract/董其昌-行/囬.png,董其昌,行,囬,囬.png,hcsu_wild_salvage,ok,273,213,230.7,228.8,False,0.3012,1,0.0,1.0,clean,none
/root/Workspace/xy/HCSU/wild_extract/董其昌-行/䓤.png,董其昌,行,䓤,䓤.png,hcsu_wild_salvage,ok,146,190,182.6,176.3,False,0.195,4,0.0009,0.6816,clean,none
/root/Workspace/xy/HCSU/wild_extract/董其昌-行/丙.png,董其昌,行,丙,丙.png,hcsu_wild_salvage,ok,283,286,109.7,109.1,True,0.775,4,0.0004,0.9996,broken,inverted;too_solid
/root/Workspace/xy/HCSU/wild_extract/董其昌-行/庵.png,董其昌,行,庵,庵.png,hcsu_wild_salvage,ok,89,100,77.3,60.7,True,0.7545,8,0.0006,0.9305,broken,inverted;too_solid
/root/Workspace/xy/HCSU/wild_extract/董其昌-行/孫.png,董其昌,行,孫,孫.png,hcsu_wild_salvage,ok,247,283,201.2,200.4,False,0.2152,19,0.0066,0.6005,clean,none
/root/Workspace/xy/HCSU/wild_extract/董其昌-行/吚.png,董其昌,行,吚,吚.png,hcsu_wild_salvage,ok,154,156,221.2,215.1,False,0.0974,8,0.0043,0.8453,clean,none
/root/Workspace/xy/HCSU/wild_extract/董其昌-行/内.png,董其昌,行,内,内.png,hcsu_wild_salvage,ok,120,138,116.6,92.8,True,0.7632,4,0.0006,0.9994,broken,inverted;too_solid
/root/Workspace/xy/HCSU/wild_extract/董其昌-行/儀.png,董其昌,行,儀,儀.png,hcsu_wild_salvage,ok,183,204,163.6,160.5,False,0.171,5,0.0,0.624,clean,none
/root/Workspace/xy/HCSU/wild_extract/董其昌-行/寶.png,董其昌,行,寶,寶.png,hcsu_wild_salvage,ok,174,220,182.4,179.4,False,0.2265,7,0.0017,0.9983,clean,none
/root/Workspace/xy/HCSU/wild_extract/董其昌-行/専.png,董其昌,行,専,専.png,hcsu_wild_salvage,ok,300,368,186.0,179.3,False,0.2617,62,0.0036,0.9964,clean,none
/root/Workspace/xy/HCSU/wild_extract/董其昌-行/宻.png,董其昌,行,宻,宻.png,hcsu_wild_salvage,ok,165,167,130.3,122.5,False,0.2703,2,0.0001,0.9999,clean,none
/root/Workspace/xy/HCSU/wild_extract/董其昌-行/劍.png,董其昌,行,劍,劍.png,hcsu_wild_salvage,ok,200,182,169.4,166.8,False,0.1474,5,0.0004,0.7346,clean,none
/root/Workspace/xy/HCSU/wild_extract/董其昌-行/嫉.png,董其昌,行,嫉,嫉.png,hcsu_wild_salvage,ok,146,130,119.3,112.7,True,0.7585,7,0.0004,0.9396,broken,inverted;too_solid
/root/Workspace/xy/HCSU/wild_extract/董其昌-行/㽞.png,董其昌,行,㽞,㽞.png,hcsu_wild_salvage,ok,415,535,224.6,224.7,False,0.2384,22,0.0018,0.5457,clean,none
/root/Workspace/xy/HCSU/wild_extract/董其昌-行/嶺.png,董其昌,行,嶺,嶺.png,hcsu_wild_salvage,ok,163,199,128.0,120.7,False,0.1955,4,0.0002,0.7764,clean,none
/root/Workspace/xy/HCSU/wild_extract/董其昌-行/學.png,董其昌,行,學,學.png,hcsu_wild_salvage,ok,133,208,184.6,178.6,False,0.1928,6,0.0024,0.9458,clean,none
/root/Workspace/xy/HCSU/wild_extract/董其昌-行/奪.png,董其昌,行,奪,奪.png,hcsu_wild_salvage,ok,277,325,161.2,154.8,False,0.2416,13,0.0019,0.6174,clean,none
/root/Workspace/xy/HCSU/wild_extract/董其昌-行/傷.png,董其昌,行,傷,傷.png,hcsu_wild_salvage,ok,197,217,75.3,76.8,True,0.3028,212,0.0575,0.6341,noisy,inverted;high_dirt_0.06
/root/Workspace/xy/HCSU/wild_extract/董其昌-行/䒕.png,董其昌,行,䒕,䒕.png,hcsu_wild_salvage,ok,160,262,201.7,196.7,False,0.2068,719,0.115,0.548,noisy,high_dirt_0.12
/root/Workspace/xy/HCSU/wild_extract/董其昌-行/录.png,董其昌,行,录,录.png,hcsu_wild_salvage,ok,444,431,100.0,100.1,True,0.7208,21,0.0005,0.98,broken,inverted;too_solid
/root/Workspace/xy/HCSU/wild_extract/董其昌-行/圖.png,董其昌,行,圖,圖.png,hcsu_wild_salvage,ok,148,171,167.3,131.6,False,0.3466,1,0.0,1.0,clean,none
/root/Workspace/xy/HCSU/wild_extract/董其昌-行/廟.png,董其昌,行,廟,廟.png,hcsu_wild_salvage,ok,201,201,68.8,81.9,True,0.2883,329,0.0804,0.7113,noisy,inverted;high_dirt_0.08
/root/Workspace/xy/HCSU/wild_extract/董其昌-行/創.png,董其昌,行,創,創.png,hcsu_wild_salvage,ok,593,604,78.0,78.4,True,0.2146,215,0.0153,0.3095,inverted,inverted
/root/Workspace/xy/HCSU/wild_extract/董其昌-行/宮.png,董其昌,行,宮,宮.png,hcsu_wild_salvage,ok,340,388,161.3,158.9,False,0.2185,22,0.0027,0.5721,clean,none
/root/Workspace/xy/HCSU/wild_extract/董其昌-行/㘴.png,董其昌,行,㘴,㘴.png,hcsu_wild_salvage,ok,263,289,235.3,231.8,False,0.2591,4,0.0001,0.863,clean,none
/root/Workspace/xy/HCSU/wild_extract/董其昌-行/張.png,董其昌,行,張,張.png,hcsu_wild_salvage,ok,234,268,53.9,54.4,True,0.1937,440,0.1018,0.8736,noisy,inverted;high_dirt_0.10
/root/Workspace/xy/HCSU/wild_extract/董其昌-行/審.png,董其昌,行,審,審.png,hcsu_wild_salvage,ok,88,135,173.2,159.9,False,0.1687,14,0.0274,0.736,clean,none
/root/Workspace/xy/HCSU/wild_extract/董其昌-行/寳.png,董其昌,行,寳,寳.png,hcsu_wild_salvage,ok,95,126,208.2,197.3,False,0.17,16,0.0147,0.602,clean,none
/root/Workspace/xy/HCSU/wild_extract/董其昌-行/䓁.png,董其昌,行,䓁,䓁.png,hcsu_wild_salvage,ok,175,227,199.5,193.8,False,0.1878,6,0.0005,0.6188,clean,none
/root/Workspace/xy/HCSU/wild_extract/董其昌-行/䢖.png,董其昌,行,䢖,䢖.png,hcsu_wild_salvage,ok,695,812,221.4,220.8,False,0.2372,10,0.0002,0.9783,clean,none
/root/Workspace/xy/HCSU/wild_extract/董其昌-行/堽.png,董其昌,行,堽,堽.png,hcsu_wild_salvage,ok,388,365,189.2,185.3,False,0.3179,3,0.0,0.549,clean,none
/root/Workspace/xy/HCSU/wild_extract/董其昌-行/喚.png,董其昌,行,喚,喚.png,hcsu_wild_salvage,ok,153,172,199.4,190.4,False,0.1911,109,0.0513,0.7035,noisy,high_dirt_0.05
/root/Workspace/xy/HCSU/wild_extract/董其昌-行/䖏.png,董其昌,行,䖏,䖏.png,hcsu_wild_salvage,ok,160,216,168.9,167.1,False,0.1648,5,0.0026,0.859,clean,none
/root/Workspace/xy/HCSU/wild_extract/董其昌-行/唲.png,董其昌,行,唲,唲.png,hcsu_wild_salvage,ok,184,157,218.4,214.3,False,0.088,7,0.0004,0.4435,clean,none
/root/Workspace/xy/HCSU/wild_extract/董其昌-行/彌.png,董其昌,行,彌,彌.png,hcsu_wild_salvage,ok,483,583,76.0,75.6,True,0.3376,89,0.0053,0.6051,inverted,inverted
/root/Workspace/xy/HCSU/wild_extract/董其昌-行/夲.png,董其昌,行,夲,夲.png,hcsu_wild_salvage,ok,500,559,226.3,225.9,False,0.1503,61,0.0047,0.6743,clean,none
/root/Workspace/xy/HCSU/wild_extract/董其昌-行/丗.png,董其昌,行,丗,丗.png,hcsu_wild_salvage,ok,132,66,192.2,162.8,False,0.2014,1,0.0,1.0,clean,none
/root/Workspace/xy/HCSU/wild_extract/董其昌-行/千.png,董其昌,行,千,千.png,hcsu_wild_salvage,ok,617,829,187.2,187.9,False,0.1053,38,0.0033,0.894,clean,none
/root/Workspace/xy/HCSU/wild_extract/董其昌-行/專.png,董其昌,行,專,專.png,hcsu_wild_salvage,ok,453,600,95.8,94.2,True,0.2165,800,0.079,0.4591,noisy,inverted;high_dirt_0.08
/root/Workspace/xy/HCSU/wild_extract/董其昌-行/啚.png,董其昌,行,啚,啚.png,hcsu_wild_salvage,ok,69,81,160.5,136.4,False,0.1762,4,0.0162,0.933,clean,none
/root/Workspace/xy/HCSU/wild_extract/董其昌-行/彂.png,董其昌,行,彂,彂.png,hcsu_wild_salvage,ok,95,120,143.8,129.6,False,0.2128,5,0.0008,0.7786,clean,none
/root/Workspace/xy/HCSU/wild_extract/董其昌-行/塢.png,董其昌,行,塢,塢.png,hcsu_wild_salvage,ok,364,523,86.1,86.2,True,0.2855,1981,0.1863,0.4605,noisy,inverted;high_dirt_0.19
/root/Workspace/xy/HCSU/wild_extract/董其昌-行/㳷.png,董其昌,行,㳷,㳷.png,hcsu_wild_salvage,ok,138,197,132.2,121.2,False,0.1709,6,0.0004,0.7615,clean,none
/root/Workspace/xy/HCSU/wild_extract/董其昌-行/國.png,董其昌,行,國,國.png,hcsu_wild_salvage,ok,244,301,199.7,198.3,False,0.1747,54,0.026,0.7057,clean,none
/root/Workspace/xy/HCSU/wild_extract/董其昌-行/句.png,董其昌,行,句,句.png,hcsu_wild_salvage,ok,415,429,104.1,103.7,True,0.7595,7,0.0003,0.9994,broken,inverted;too_solid
/root/Workspace/xy/HCSU/wild_extract/董其昌-行/嶰.png,董其昌,行,嶰,嶰.png,hcsu_wild_salvage,ok,704,769,232.9,233.0,False,0.1734,123,0.0029,0.3196,clean,none
/root/Workspace/xy/HCSU/wild_extract/董其昌-行/㫁.png,董其昌,行,㫁,㫁.png,hcsu_wild_salvage,ok,477,620,235.9,236.3,False,0.1571,83,0.0041,0.5946,clean,none
/root/Workspace/xy/HCSU/wild_extract/董其昌-行/寉.png,董其昌,行,寉,寉.png,hcsu_wild_salvage,ok,752,1027,207.1,207.1,False,0.1955,591,0.0134,0.8961,clean,none
/root/Workspace/xy/HCSU/wild_extract/董其昌-行/勞.png,董其昌,行,勞,勞.png,hcsu_wild_salvage,ok,526,705,93.7,93.8,True,0.2699,685,0.0415,0.5444,inverted,inverted
/root/Workspace/xy/HCSU/wild_extract/董其昌-行/凢.png,董其昌,行,凢,凢.png,hcsu_wild_salvage,ok,163,167,187.0,175.9,False,0.2124,38,0.0064,0.5235,clean,none
/root/Workspace/xy/HCSU/wild_extract/董其昌-行/㕘.png,董其昌,行,㕘,㕘.png,hcsu_wild_salvage,ok,202,159,185.0,183.6,False,0.112,13,0.01,0.6652,clean,none
/root/Workspace/xy/HCSU/wild_extract/董其昌-行/塲.png,董其昌,行,塲,塲.png,hcsu_wild_salvage,ok,197,221,212.8,203.9,False,0.1781,15,0.0049,0.603,clean,none
/root/Workspace/xy/HCSU/wild_extract/董其昌-行/坣.png,董其昌,行,坣,坣.png,hcsu_wild_salvage,ok,267,281,209.6,208.3,False,0.2053,1,0.0,1.0,clean,none
/root/Workspace/xy/HCSU/wild_extract/董其昌-行/徹.png,董其昌,行,徹,徹.png,hcsu_wild_salvage,ok,620,587,87.0,85.4,True,0.2362,510,0.0448,0.3571,inverted,inverted
/root/Workspace/xy/HCSU/wild_extract/董其昌-行/園.png,董其昌,行,園,園.png,hcsu_wild_salvage,ok,469,550,222.8,223.0,False,0.1988,501,0.0206,0.5437,clean,none
/root/Workspace/xy/HCSU/wild_extract/董其昌-行/導.png,董其昌,行,導,導.png,hcsu_wild_salvage,ok,496,779,93.3,94.5,True,0.252,475,0.0346,0.5398,inverted,inverted
/root/Workspace/xy/HCSU/wild_extract/董其昌-行/㝡.png,董其昌,行,㝡,㝡.png,hcsu_wild_salvage,ok,220,290,198.7,190.6,False,0.2313,1029,0.0936,0.6731,noisy,high_dirt_0.09
/root/Workspace/xy/HCSU/wild_extract/董其昌-行/徧.png,董其昌,行,徧,徧.png,hcsu_wild_salvage,ok,166,172,117.8,103.9,True,0.7072,5,0.0001,0.9452,broken,inverted;too_solid
/root/Workspace/xy/HCSU/wild_extract/蔡襄-楷/堪.png,蔡襄,楷,堪,堪.png,hcsu_wild_salvage,ok,254,255,8.5,20.2,True,0.2338,176,0.0277,0.5547,inverted,inverted
/root/Workspace/xy/HCSU/wild_extract/蔡襄-楷/度.png,蔡襄,楷,度,度.png,hcsu_wild_salvage,ok,245,271,8.3,17.5,True,0.2005,74,0.011,0.746,inverted,inverted
/root/Workspace/xy/HCSU/wild_extract/蔡襄-楷/弯.png,蔡襄,楷,弯,弯.png,hcsu_wild_salvage,ok,212,280,11.9,21.9,True,0.2328,219,0.046,0.3553,inverted,inverted
/root/Workspace/xy/HCSU/wild_extract/蔡襄-楷/乘.png,蔡襄,楷,乘,乘.png,hcsu_wild_salvage,ok,269,286,9.4,18.1,True,0.2506,302,0.0394,0.8101,inverted,inverted
/root/Workspace/xy/HCSU/wild_extract/蔡襄-楷/经.png,蔡襄,楷,经,经.png,hcsu_wild_salvage,ok,228,211,7.1,22.8,True,0.1893,87,0.0182,0.331,inverted,inverted
/root/Workspace/xy/HCSU/wild_extract/蔡襄-楷/拂.png,蔡襄,楷,拂,拂.png,hcsu_wild_salvage,ok,247,262,8.7,17.7,True,0.2263,206,0.0359,0.7651,inverted,inverted
/root/Workspace/xy/HCSU/wild_extract/蔡襄-楷/台.png,蔡襄,楷,台,台.png,hcsu_wild_salvage,ok,230,245,21.4,30.4,True,0.298,391,0.044,0.5026,inverted,inverted
/root/Workspace/xy/HCSU/wild_extract/蔡襄-楷/把.png,蔡襄,楷,把,把.png,hcsu_wild_salvage,ok,254,220,15.9,31.1,True,0.2438,265,0.0459,0.5608,inverted,inverted
/root/Workspace/xy/HCSU/wild_extract/蔡襄-楷/极.png,蔡襄,楷,极,极.png,hcsu_wild_salvage,ok,284,257,6.1,11.9,True,0.2706,113,0.0144,0.4424,inverted,inverted
/root/Workspace/xy/HCSU/wild_extract/蔡襄-楷/蚤.png,蔡襄,楷,蚤,蚤.png,hcsu_wild_salvage,ok,276,287,41.6,42.3,True,0.1867,168,0.0372,0.5924,inverted,inverted
/root/Workspace/xy/HCSU/wild_extract/蔡襄-楷/贫.png,蔡襄,楷,贫,贫.png,hcsu_wild_salvage,ok,228,350,60.6,63.4,True,0.1955,259,0.0404,0.5927,inverted,inverted
/root/Workspace/xy/HCSU/wild_extract/蔡襄-楷/水.png,蔡襄,楷,水,水.png,hcsu_wild_salvage,ok,225,227,15.0,20.2,True,0.2081,152,0.0379,0.76,inverted,inverted
/root/Workspace/xy/HCSU/wild_extract/蔡襄-楷/呜.png,蔡襄,楷,呜,呜.png,hcsu_wild_salvage,ok,233,254,13.8,25.2,True,0.2805,128,0.018,0.6832,inverted,inverted
/root/Workspace/xy/HCSU/wild_extract/蔡襄-楷/碧.png,蔡襄,楷,碧,碧.png,hcsu_wild_salvage,ok,203,288,8.9,16.1,True,0.2725,60,0.008,0.7668,inverted,inverted
/root/Workspace/xy/HCSU/wild_extract/蔡襄-楷/堆.png,蔡襄,楷,堆,堆.png,hcsu_wild_salvage,ok,217,249,6.7,13.6,True,0.229,108,0.0233,0.7292,inverted,inverted
/root/Workspace/xy/HCSU/wild_extract/蔡襄-楷/男.png,蔡襄,楷,男,男.png,hcsu_wild_salvage,ok,175,254,9.3,23.2,True,0.3321,180,0.0387,0.9613,inverted,inverted
/root/Workspace/xy/HCSU/wild_extract/蔡襄-楷/此.png,蔡襄,楷,此,此.png,hcsu_wild_salvage,ok,239,193,10.8,18.7,True,0.2189,89,0.0181,0.5409,inverted,inverted
/root/Workspace/xy/HCSU/wild_extract/蔡襄-楷/归.png,蔡襄,楷,归,归.png,hcsu_wild_salvage,ok,249,254,8.1,14.8,True,0.2339,73,0.0093,0.3755,inverted,inverted
/root/Workspace/xy/HCSU/wild_extract/蔡襄-楷/国.png,蔡襄,楷,国,国.png,hcsu_wild_salvage,ok,183,225,40.2,53.9,True,0.284,44,0.0083,0.4575,inverted,inverted
/root/Workspace/xy/HCSU/wild_extract/蔡襄-楷/挹.png,蔡襄,楷,挹,挹.png,hcsu_wild_salvage,ok,283,271,14.8,24.0,True,0.2866,172,0.014,0.4157,inverted,inverted
/root/Workspace/xy/HCSU/wild_extract/蔡襄-行/偱.png,蔡襄,行,偱,偱.png,hcsu_wild_salvage,ok,295,274,184.4,181.8,False,0.2692,9,0.0006,0.6113,clean,none
/root/Workspace/xy/HCSU/wild_extract/蔡襄-行/議.png,蔡襄,行,議,議.png,hcsu_wild_salvage,ok,367,348,200.7,196.7,False,0.1969,11,0.0004,0.5261,clean,none
/root/Workspace/xy/HCSU/wild_extract/蔡襄-行/則.png,蔡襄,行,則,則.png,hcsu_wild_salvage,ok,297,313,197.4,192.7,False,0.2458,9,0.0003,0.6617,clean,none
/root/Workspace/xy/HCSU/wild_extract/蔡襄-行/児.png,蔡襄,行,児,児.png,hcsu_wild_salvage,ok,45,56,185.4,165.3,False,0.1226,2,0.0,0.8511,clean,none
/root/Workspace/xy/HCSU/wild_extract/蔡襄-行/當.png,蔡襄,行,當,當.png,hcsu_wild_salvage,ok,275,332,153.7,151.8,False,0.1569,27,0.0075,0.5741,clean,none
/root/Workspace/xy/HCSU/wild_extract/蔡襄-行/來.png,蔡襄,行,來,來.png,hcsu_wild_salvage,ok,419,561,198.0,197.5,False,0.2032,109,0.0101,0.9666,clean,none
/root/Workspace/xy/HCSU/wild_extract/蔡襄-行/卻.png,蔡襄,行,卻,卻.png,hcsu_wild_salvage,ok,283,247,184.9,184.5,False,0.1237,2,0.0003,0.9997,clean,none
/root/Workspace/xy/HCSU/wild_extract/蔡襄-行/衹.png,蔡襄,行,衹,衹.png,hcsu_wild_salvage,ok,219,198,186.5,186.7,False,0.1285,5,0.0016,0.7495,clean,none
/root/Workspace/xy/HCSU/wild_extract/蔡襄-行/論.png,蔡襄,行,論,論.png,hcsu_wild_salvage,ok,359,323,180.2,178.0,False,0.1789,13,0.0015,0.3908,clean,none
/root/Workspace/xy/HCSU/wild_extract/蔡襄-行/歸.png,蔡襄,行,歸,歸.png,hcsu_wild_salvage,ok,284,420,192.8,192.9,False,0.2202,5,0.0001,0.7049,clean,none
/root/Workspace/xy/HCSU/wild_extract/蔡襄-行/慮.png,蔡襄,行,慮,慮.png,hcsu_wild_salvage,ok,226,270,172.6,169.7,False,0.2173,101,0.0406,0.7088,clean,none
/root/Workspace/xy/HCSU/wild_extract/蔡襄-行/珎.png,蔡襄,行,珎,珎.png,hcsu_wild_salvage,ok,269,245,199.3,198.3,False,0.1192,18,0.0093,0.2969,clean,none
/root/Workspace/xy/HCSU/wild_extract/蔡襄-行/並.png,蔡襄,行,並,並.png,hcsu_wild_salvage,ok,178,239,188.8,184.9,False,0.2079,4,0.0025,0.9299,clean,none
/root/Workspace/xy/HCSU/wild_extract/蔡襄-行/扵.png,蔡襄,行,扵,扵.png,hcsu_wild_salvage,ok,284,304,200.8,200.0,False,0.1834,4,0.0008,0.5869,clean,none
/root/Workspace/xy/HCSU/wild_extract/蔡襄-行/筦.png,蔡襄,行,筦,筦.png,hcsu_wild_salvage,ok,294,403,180.2,174.5,False,0.2137,8,0.0008,0.8233,clean,none
/root/Workspace/xy/HCSU/wild_extract/蔡襄-行/時.png,蔡襄,行,時,時.png,hcsu_wild_salvage,ok,246,253,177.7,175.4,False,0.1776,11,0.0068,0.6782,clean,none
/root/Workspace/xy/HCSU/wild_extract/蔡襄-行/煩.png,蔡襄,行,煩,煩.png,hcsu_wild_salvage,ok,308,307,185.7,184.3,False,0.2267,3,0.0,0.7024,clean,none
/root/Workspace/xy/HCSU/wild_extract/蔡襄-行/捨.png,蔡襄,行,捨,捨.png,hcsu_wild_salvage,ok,403,342,200.9,200.6,False,0.221,5,0.0003,0.652,clean,none
/root/Workspace/xy/HCSU/wild_extract/蔡襄-行/診.png,蔡襄,行,診,診.png,hcsu_wild_salvage,ok,479,406,209.4,208.8,False,0.1489,6,0.0003,0.4667,clean,none
/root/Workspace/xy/HCSU/wild_extract/蔡襄-行/堅.png,蔡襄,行,堅,堅.png,hcsu_wild_salvage,ok,242,286,200.8,197.4,False,0.3015,11,0.0016,0.9965,clean,none
/root/Workspace/xy/HCSU/wild_extract/蔡襄-行/唘.png,蔡襄,行,唘,唘.png,hcsu_wild_salvage,ok,358,331,181.3,180.8,False,0.249,10,0.0009,0.709,clean,none
/root/Workspace/xy/HCSU/wild_extract/蔡襄-行/㓜.png,蔡襄,行,㓜,㓜.png,hcsu_wild_salvage,ok,210,185,190.2,185.4,False,0.1747,5,0.001,0.6145,clean,none
/root/Workspace/xy/HCSU/wild_extract/蔡襄-行/決.png,蔡襄,行,決,決.png,hcsu_wild_salvage,ok,326,336,198.1,196.4,False,0.2168,3,0.0001,0.9658,clean,none
/root/Workspace/xy/HCSU/wild_extract/蔡襄-行/卄.png,蔡襄,行,卄,卄.png,hcsu_wild_salvage,ok,275,202,184.9,190.9,False,0.2329,5,0.0018,0.9169,clean,none
/root/Workspace/xy/HCSU/wild_extract/蔡襄-行/報.png,蔡襄,行,報,報.png,hcsu_wild_salvage,ok,281,260,180.6,177.7,False,0.207,9,0.0021,0.5529,clean,none
/root/Workspace/xy/HCSU/wild_extract/蔡襄-行/態.png,蔡襄,行,態,態.png,hcsu_wild_salvage,ok,253,301,179.5,175.4,False,0.252,14,0.0018,0.4367,clean,none
/root/Workspace/xy/HCSU/wild_extract/蔡襄-行/勝.png,蔡襄,行,勝,勝.png,hcsu_wild_salvage,ok,232,268,192.3,188.0,False,0.1714,8,0.0016,0.6882,clean,none
/root/Workspace/xy/HCSU/wild_extract/蔡襄-行/聲.png,蔡襄,行,聲,聲.png,hcsu_wild_salvage,ok,215,377,186.7,186.3,False,0.0973,10,0.0028,0.3194,clean,none
/root/Workspace/xy/HCSU/wild_extract/蔡襄-行/亰.png,蔡襄,行,亰,亰.png,hcsu_wild_salvage,ok,238,329,189.0,188.0,False,0.2571,6,0.0012,0.6775,clean,none
/root/Workspace/xy/HCSU/wild_extract/蔡襄-行/災.png,蔡襄,行,災,災.png,hcsu_wild_salvage,ok,275,297,194.8,193.8,False,0.2209,6,0.0006,0.7279,clean,none
/root/Workspace/xy/HCSU/wild_extract/蔡襄-行/䝨.png,蔡襄,行,䝨,䝨.png,hcsu_wild_salvage,ok,218,255,181.6,180.1,False,0.1033,14,0.0049,0.3681,clean,none
/root/Workspace/xy/HCSU/wild_extract/蔡襄-行/筯.png,蔡襄,行,筯,筯.png,hcsu_wild_salvage,ok,245,235,179.5,177.9,False,0.1301,20,0.0115,0.3928,clean,none
/root/Workspace/xy/HCSU/wild_extract/蔡襄-行/墜.png,蔡襄,行,墜,墜.png,hcsu_wild_salvage,ok,253,291,180.2,176.8,False,0.1417,9,0.0035,0.7746,clean,none
/root/Workspace/xy/HCSU/wild_extract/蔡襄-行/㳺.png,蔡襄,行,㳺,㳺.png,hcsu_wild_salvage,ok,238,235,178.5,175.3,False,0.2185,8,0.0029,0.8118,clean,none
/root/Workspace/xy/HCSU/wild_extract/蔡襄-行/謹.png,蔡襄,行,謹,謹.png,hcsu_wild_salvage,ok,81,93,196.2,157.4,False,0.2346,4,0.0,0.6848,clean,none
/root/Workspace/xy/HCSU/wild_extract/蔡襄-行/啓.png,蔡襄,行,啓,啓.png,hcsu_wild_salvage,ok,376,332,181.5,180.4,False,0.1962,7,0.0005,0.6114,clean,none
/root/Workspace/xy/HCSU/wild_extract/蔡襄-行/湏.png,蔡襄,行,湏,湏.png,hcsu_wild_salvage,ok,260,282,189.9,189.2,False,0.2935,5,0.0001,0.7871,clean,none
/root/Workspace/xy/HCSU/wild_extract/蔡襄-行/胷.png,蔡襄,行,胷,胷.png,hcsu_wild_salvage,ok,235,297,182.0,180.4,False,0.1927,5,0.0004,0.9996,clean,none
/root/Workspace/xy/HCSU/wild_extract/蔡襄-行/塵.png,蔡襄,行,塵,塵.png,hcsu_wild_salvage,ok,287,347,183.6,182.9,False,0.2059,5,0.0001,0.6953,clean,none
/root/Workspace/xy/HCSU/wild_extract/蔡襄-行/瓊.png,蔡襄,行,瓊,瓊.png,hcsu_wild_salvage,ok,280,312,180.8,177.5,False,0.2149,4,0.0002,0.9998,clean,none
/root/Workspace/xy/HCSU/wild_extract/蔡襄-行/號.png,蔡襄,行,號,號.png,hcsu_wild_salvage,ok,304,341,154.5,153.0,False,0.1625,14,0.0025,0.7153,clean,none
/root/Workspace/xy/HCSU/wild_extract/蔡襄-行/勻.png,蔡襄,行,勻,勻.png,hcsu_wild_salvage,ok,50,72,188.1,149.6,False,0.2269,5,0.0012,0.6291,clean,none
/root/Workspace/xy/HCSU/wild_extract/蔡襄-行/畄.png,蔡襄,行,畄,畄.png,hcsu_wild_salvage,ok,221,230,178.1,172.2,False,0.2368,4,0.0009,0.8911,clean,none
/root/Workspace/xy/HCSU/wild_extract/蔡襄-行/書.png,蔡襄,行,書,書.png,hcsu_wild_salvage,ok,299,398,178.5,177.9,False,0.186,6,0.0004,0.9979,clean,none
/root/Workspace/xy/HCSU/wild_extract/蔡襄-行/熱.png,蔡襄,行,熱,熱.png,hcsu_wild_salvage,ok,300,280,180.6,177.4,False,0.2103,26,0.0038,0.4603,clean,none
/root/Workspace/xy/HCSU/wild_extract/蔡襄-行/記.png,蔡襄,行,記,記.png,hcsu_wild_salvage,ok,333,286,181.4,179.7,False,0.1848,15,0.0036,0.615,clean,none
/root/Workspace/xy/HCSU/wild_extract/蔡襄-行/㽞.png,蔡襄,行,㽞,㽞.png,hcsu_wild_salvage,ok,209,229,181.5,179.5,False,0.2098,7,0.0011,0.6744,clean,none
/root/Workspace/xy/HCSU/wild_extract/蔡襄-行/數.png,蔡襄,行,數,數.png,hcsu_wild_salvage,ok,362,373,185.3,184.8,False,0.1564,7,0.0005,0.9995,clean,none
/root/Workspace/xy/HCSU/wild_extract/蔡襄-行/禍.png,蔡襄,行,禍,禍.png,hcsu_wild_salvage,ok,87,89,183.9,148.1,False,0.2929,4,0.0,0.631,clean,none
/root/Workspace/xy/HCSU/wild_extract/蔡襄-行/兩.png,蔡襄,行,兩,兩.png,hcsu_wild_salvage,ok,198,265,183.9,180.0,False,0.2003,3,0.0001,0.7199,clean,none
/root/Workspace/xy/HCSU/wild_extract/蔡襄-行/範.png,蔡襄,行,範,範.png,hcsu_wild_salvage,ok,317,345,158.6,157.7,False,0.176,14,0.0017,0.4421,clean,none
/root/Workspace/xy/HCSU/wild_extract/蔡襄-行/復.png,蔡襄,行,復,復.png,hcsu_wild_salvage,ok,282,332,185.8,185.5,False,0.232,2,0.0,0.9852,clean,none
/root/Workspace/xy/HCSU/wild_extract/蔡襄-行/悰.png,蔡襄,行,悰,悰.png,hcsu_wild_salvage,ok,513,403,211.2,209.1,False,0.1896,9,0.0008,0.4135,clean,none
/root/Workspace/xy/HCSU/wild_extract/蔡襄-行/艷.png,蔡襄,行,艷,艷.png,hcsu_wild_salvage,ok,277,285,183.9,184.0,False,0.1484,16,0.0032,0.3177,clean,none
/root/Workspace/xy/HCSU/wild_extract/蔡襄-行/讀.png,蔡襄,行,讀,讀.png,hcsu_wild_salvage,ok,287,400,153.2,153.4,False,0.1795,167,0.0299,0.7046,clean,none
/root/Workspace/xy/HCSU/wild_extract/蔡襄-行/并.png,蔡襄,行,并,并.png,hcsu_wild_salvage,ok,59,103,188.7,129.5,False,0.3095,1,0.0,1.0,clean,none
/root/Workspace/xy/HCSU/wild_extract/蔡襄-行/䖏.png,蔡襄,行,䖏,䖏.png,hcsu_wild_salvage,ok,276,429,185.4,184.9,False,0.2181,9,0.0019,0.946,clean,none
/root/Workspace/xy/HCSU/wild_extract/蔡襄-行/約.png,蔡襄,行,約,約.png,hcsu_wild_salvage,ok,285,294,153.9,152.8,False,0.1973,10,0.0011,0.5717,clean,none
/root/Workspace/xy/HCSU/wild_extract/蔡襄-行/祐.png,蔡襄,行,祐,祐.png,hcsu_wild_salvage,ok,166,147,174.6,170.8,False,0.1673,6,0.0007,0.4831,clean,none
/root/Workspace/xy/HCSU/wild_extract/蔡襄-行/讬.png,蔡襄,行,讬,讬.png,hcsu_wild_salvage,ok,259,210,191.9,187.6,False,0.1437,8,0.0008,0.6084,clean,none
/root/Workspace/xy/HCSU/wild_extract/蔡襄-行/丗.png,蔡襄,行,丗,丗.png,hcsu_wild_salvage,ok,270,217,157.4,157.2,False,0.1728,6,0.0026,0.9974,clean,none
/root/Workspace/xy/HCSU/wild_extract/蔡襄-行/曽.png,蔡襄,行,曽,曽.png,hcsu_wild_salvage,ok,54,79,180.5,143.7,False,0.233,8,0.0121,0.9577,clean,none
/root/Workspace/xy/HCSU/wild_extract/蔡襄-行/異.png,蔡襄,行,異,異.png,hcsu_wild_salvage,ok,373,312,193.2,191.3,False,0.2402,15,0.0015,0.935,clean,none
/root/Workspace/xy/HCSU/wild_extract/蔡襄-行/竝.png,蔡襄,行,竝,竝.png,hcsu_wild_salvage,ok,211,211,179.3,176.6,False,0.1697,5,0.0012,0.6963,clean,none
/root/Workspace/xy/HCSU/wild_extract/蔡襄-行/晝.png,蔡襄,行,晝,晝.png,hcsu_wild_salvage,ok,210,303,178.1,172.5,False,0.1887,9,0.0012,0.9988,clean,none
/root/Workspace/xy/HCSU/wild_extract/蔡襄-行/眀.png,蔡襄,行,眀,眀.png,hcsu_wild_salvage,ok,213,192,179.8,174.4,False,0.2543,8,0.0022,0.7641,clean,none
/root/Workspace/xy/HCSU/wild_extract/蔡襄-行/晹.png,蔡襄,行,晹,晹.png,hcsu_wild_salvage,ok,224,316,180.4,176.7,False,0.2945,4,0.0001,0.9999,clean,none
/root/Workspace/xy/HCSU/wild_extract/蔡襄-行/儂.png,蔡襄,行,儂,儂.png,hcsu_wild_salvage,ok,305,338,188.7,187.4,False,0.2342,5,0.0005,0.7209,clean,none
/root/Workspace/xy/HCSU/wild_extract/蔡襄-行/勞.png,蔡襄,行,勞,勞.png,hcsu_wild_salvage,ok,246,287,194.7,191.9,False,0.1399,11,0.0015,0.3983,clean,none
/root/Workspace/xy/HCSU/wild_extract/蔡襄-行/謁.png,蔡襄,行,謁,謁.png,hcsu_wild_salvage,ok,342,350,186.0,180.6,False,0.2407,5,0.0003,0.6508,clean,none
/root/Workspace/xy/HCSU/wild_extract/蔡襄-行/減.png,蔡襄,行,減,減.png,hcsu_wild_salvage,ok,377,388,199.3,198.1,False,0.1881,20,0.0028,0.7363,clean,none
/root/Workspace/xy/HCSU/wild_extract/蔡襄-行/斝.png,蔡襄,行,斝,斝.png,hcsu_wild_salvage,ok,257,385,177.2,176.7,False,0.1198,6,0.0003,0.5537,clean,none
/root/Workspace/xy/HCSU/wild_extract/蔡襄-行/計.png,蔡襄,行,計,計.png,hcsu_wild_salvage,ok,303,419,188.5,188.6,False,0.0997,11,0.0012,0.9514,clean,none
/root/Workspace/xy/HCSU/wild_extract/蔡襄-行/無.png,蔡襄,行,無,無.png,hcsu_wild_salvage,ok,314,279,180.3,179.8,False,0.1316,2,0.0,0.9654,clean,none
/root/Workspace/xy/HCSU/wild_extract/蔡襄-行/東.png,蔡襄,行,東,東.png,hcsu_wild_salvage,ok,194,267,186.0,184.7,False,0.1857,7,0.0035,0.9965,clean,none
/root/Workspace/xy/HCSU/wild_extract/蔡襄-行/覚.png,蔡襄,行,覚,覚.png,hcsu_wild_salvage,ok,257,271,184.4,176.2,False,0.1453,23,0.0098,0.636,clean,none
/root/Workspace/xy/HCSU/wild_extract/蔡襄-行/煖.png,蔡襄,行,煖,煖.png,hcsu_wild_salvage,ok,297,281,179.2,175.9,False,0.2658,6,0.0,0.508,clean,none
/root/Workspace/xy/HCSU/wild_extract/虞世南-楷/挺.png,虞世南,楷,挺,挺.png,hcsu_wild_salvage,ok,327,278,55.6,56.0,True,0.1535,860,0.0912,0.3617,noisy,inverted;high_dirt_0.09
/root/Workspace/xy/HCSU/wild_extract/虞世南-楷/撰.png,虞世南,楷,撰,撰.png,hcsu_wild_salvage,ok,122,131,49.5,58.6,True,0.2168,111,0.0358,0.3102,inverted,inverted
/root/Workspace/xy/HCSU/wild_extract/虞世南-楷/叔.png,虞世南,楷,叔,叔.png,hcsu_wild_salvage,ok,254,319,53.1,55.2,True,0.1607,61,0.0053,0.8576,inverted,inverted
/root/Workspace/xy/HCSU/wild_extract/虞世南-楷/穿.png,虞世南,楷,穿,穿.png,hcsu_wild_salvage,ok,113,155,52.6,58.1,True,0.2063,207,0.07,0.4907,noisy,inverted;high_dirt_0.07
/root/Workspace/xy/HCSU/wild_extract/虞世南-楷/发.png,虞世南,楷,发,发.png,hcsu_wild_salvage,ok,117,136,64.1,70.8,True,0.2548,314,0.164,0.3579,noisy,inverted;high_dirt_0.16
/root/Workspace/xy/HCSU/wild_extract/虞世南-楷/凿.png,虞世南,楷,凿,凿.png,hcsu_wild_salvage,ok,156,177,53.3,57.9,True,0.2191,315,0.0648,0.2241,noisy,inverted;high_dirt_0.06
/root/Workspace/xy/HCSU/wild_extract/虞世南-楷/叠.png,虞世南,楷,叠,叠.png,hcsu_wild_salvage,ok,124,154,51.4,61.1,True,0.2601,110,0.0334,0.3252,inverted,inverted
/root/Workspace/xy/HCSU/wild_extract/虞世南-楷/岩.png,虞世南,楷,岩,岩.png,hcsu_wild_salvage,ok,277,318,59.7,62.0,True,0.1666,112,0.0099,0.4801,inverted,inverted
/root/Workspace/xy/HCSU/wild_extract/虞世南-楷/秘.png,虞世南,楷,秘,秘.png,hcsu_wild_salvage,ok,281,220,50.6,52.5,True,0.1584,294,0.0382,0.4069,inverted,inverted
/root/Workspace/xy/HCSU/wild_extract/虞世南-楷/愈.png,虞世南,楷,愈,愈.png,hcsu_wild_salvage,ok,333,319,50.5,53.3,True,0.0981,180,0.0219,0.4877,inverted,inverted
/root/Workspace/xy/HCSU/wild_extract/虞世南-楷/乡.png,虞世南,楷,乡,乡.png,hcsu_wild_salvage,ok,288,287,53.1,53.5,True,0.1916,376,0.0265,0.3096,inverted,inverted
/root/Workspace/xy/HCSU/wild_extract/虞世南-楷/守.png,虞世南,楷,守,守.png,hcsu_wild_salvage,ok,133,133,52.8,57.9,True,0.1569,200,0.0919,0.3413,noisy,inverted;high_dirt_0.09
/root/Workspace/xy/HCSU/wild_extract/虞世南-楷/卷.png,虞世南,楷,卷,卷.png,hcsu_wild_salvage,ok,146,141,48.0,52.4,True,0.1773,169,0.0562,0.6225,noisy,inverted;high_dirt_0.06
/root/Workspace/xy/HCSU/wild_extract/虞世南-楷/拂.png,虞世南,楷,拂,拂.png,hcsu_wild_salvage,ok,146,135,47.4,51.5,True,0.1966,163,0.0542,0.5546,noisy,inverted;high_dirt_0.05
/root/Workspace/xy/HCSU/wild_extract/虞世南-楷/涧.png,虞世南,楷,涧,涧.png,hcsu_wild_salvage,ok,131,129,47.8,60.8,True,0.232,105,0.0278,0.2512,inverted,inverted
/root/Workspace/xy/HCSU/wild_extract/虞世南-楷/擅.png,虞世南,楷,擅,擅.png,hcsu_wild_salvage,ok,261,289,49.6,51.9,True,0.1744,196,0.0179,0.2767,inverted,inverted
/root/Workspace/xy/HCSU/wild_extract/虞世南-楷/比.png,虞世南,楷,比,比.png,hcsu_wild_salvage,ok,129,90,52.0,63.6,True,0.1797,137,0.0777,0.4909,noisy,inverted;high_dirt_0.08
/root/Workspace/xy/HCSU/wild_extract/虞世南-楷/制.png,虞世南,楷,制,制.png,hcsu_wild_salvage,ok,246,279,56.4,66.5,True,0.1814,98,0.0088,0.5823,inverted,inverted
/root/Workspace/xy/HCSU/wild_extract/虞世南-楷/税.png,虞世南,楷,税,税.png,hcsu_wild_salvage,ok,296,246,59.1,61.5,True,0.1661,909,0.0994,0.3428,noisy,inverted;high_dirt_0.10
/root/Workspace/xy/HCSU/wild_extract/虞世南-楷/涤.png,虞世南,楷,涤,涤.png,hcsu_wild_salvage,ok,167,133,55.1,59.6,True,0.1468,92,0.0546,0.2855,noisy,inverted;high_dirt_0.05
/root/Workspace/xy/HCSU/wild_extract/虞世南-楷/缵.png,虞世南,楷,缵,缵.png,hcsu_wild_salvage,ok,293,304,56.4,58.5,True,0.1797,164,0.0104,0.3058,inverted,inverted
/root/Workspace/xy/HCSU/wild_extract/虞世南-楷/悯.png,虞世南,楷,悯,悯.png,hcsu_wild_salvage,ok,142,138,53.0,59.6,True,0.2204,132,0.0347,0.3196,inverted,inverted
/root/Workspace/xy/HCSU/wild_extract/虞世南-楷/恐.png,虞世南,楷,恐,恐.png,hcsu_wild_salvage,ok,140,113,58.1,66.0,True,0.1972,169,0.0705,0.2472,noisy,inverted;high_dirt_0.07
/root/Workspace/xy/HCSU/wild_extract/虞世南-楷/纠.png,虞世南,楷,纠,纠.png,hcsu_wild_salvage,ok,281,243,56.3,59.5,True,0.1526,157,0.0174,0.4093,inverted,inverted
/root/Workspace/xy/HCSU/wild_extract/虞世南-楷/笏.png,虞世南,楷,笏,笏.png,hcsu_wild_salvage,ok,204,287,53.5,56.9,True,0.2063,30,0.0039,0.6307,inverted,inverted
/root/Workspace/xy/HCSU/wild_extract/虞世南-楷/给.png,虞世南,楷,给,给.png,hcsu_wild_salvage,ok,304,234,57.0,58.3,True,0.1765,151,0.0162,0.3175,inverted,inverted
/root/Workspace/xy/HCSU/wild_extract/虞世南-楷/溪.png,虞世南,楷,溪,溪.png,hcsu_wild_salvage,ok,124,145,48.7,56.0,True,0.1929,98,0.0288,0.2589,inverted,inverted
/root/Workspace/xy/HCSU/wild_extract/虞世南-楷/因.png,虞世南,楷,因,因.png,hcsu_wild_salvage,ok,219,227,45.0,46.7,True,0.2245,81,0.0075,0.5024,inverted,inverted
/root/Workspace/xy/HCSU/wild_extract/虞世南-楷/儔.png,虞世南,楷,儔,儔.png,hcsu_wild_salvage,ok,330,409,65.5,72.1,True,0.2435,97,0.0154,0.5339,inverted,inverted
/root/Workspace/xy/HCSU/wild_extract/虞世南-楷/妫.png,虞世南,楷,妫,妫.png,hcsu_wild_salvage,ok,291,257,57.2,62.2,True,0.204,94,0.0086,0.8711,inverted,inverted
/root/Workspace/xy/HCSU/wild_extract/虞世南-楷/华.png,虞世南,楷,华,华.png,hcsu_wild_salvage,ok,254,339,50.3,51.9,True,0.1613,201,0.0183,0.7304,inverted,inverted
/root/Workspace/xy/HCSU/wild_extract/虞世南-楷/书.png,虞世南,楷,书,书.png,hcsu_wild_salvage,ok,266,302,52.7,55.9,True,0.1487,121,0.0154,0.698,inverted,inverted
/root/Workspace/xy/HCSU/wild_extract/虞世南-楷/宿.png,虞世南,楷,宿,宿.png,hcsu_wild_salvage,ok,232,268,49.2,55.9,True,0.2149,91,0.0076,0.3509,inverted,inverted
/root/Workspace/xy/HCSU/wild_extract/虞世南-楷/敛.png,虞世南,楷,敛,敛.png,hcsu_wild_salvage,ok,312,260,53.5,56.0,True,0.175,73,0.0062,0.3115,inverted,inverted
/root/Workspace/xy/HCSU/wild_extract/虞世南-楷/宠.png,虞世南,楷,宠,宠.png,hcsu_wild_salvage,ok,262,316,56.0,59.5,True,0.1908,222,0.0155,0.2825,inverted,inverted
/root/Workspace/xy/HCSU/wild_extract/虞世南-楷/箫.png,虞世南,楷,箫,箫.png,hcsu_wild_salvage,ok,137,187,71.2,77.3,True,0.2715,28,0.0213,0.4963,inverted,inverted
/root/Workspace/xy/HCSU/wild_extract/虞世南-楷/优.png,虞世南,楷,优,优.png,hcsu_wild_salvage,ok,278,266,22.8,29.2,True,0.1866,53,0.0237,0.4123,inverted,inverted
/root/Workspace/xy/HCSU/wild_extract/虞世南-楷/从.png,虞世南,楷,从,从.png,hcsu_wild_salvage,ok,281,250,52.3,54.8,True,0.1374,300,0.0404,0.2899,inverted,inverted
/root/Workspace/xy/HCSU/wild_extract/虞世南-楷/成.png,虞世南,楷,成,成.png,hcsu_wild_salvage,ok,287,326,50.6,53.4,True,0.1168,81,0.0074,0.6398,inverted,inverted
/root/Workspace/xy/HCSU/wild_extract/虞世南-楷/歭.png,虞世南,楷,歭,歭.png,hcsu_wild_salvage,ok,289,312,52.7,54.9,True,0.1461,92,0.0096,0.3742,inverted,inverted
/root/Workspace/xy/HCSU/wild_extract/虞世南-楷/典.png,虞世南,楷,典,典.png,hcsu_wild_salvage,ok,159,117,54.0,59.7,True,0.1754,144,0.061,0.783,noisy,inverted;high_dirt_0.06
/root/Workspace/xy/HCSU/wild_extract/虞世南-楷/料.png,虞世南,楷,料,料.png,hcsu_wild_salvage,ok,290,273,53.7,56.2,True,0.1632,256,0.0231,0.4795,inverted,inverted
/root/Workspace/xy/HCSU/wild_extract/虞世南-楷/笼.png,虞世南,楷,笼,笼.png,hcsu_wild_salvage,ok,305,335,53.9,58.7,True,0.1566,79,0.0077,0.245,inverted,inverted
/root/Workspace/xy/HCSU/wild_extract/虞世南-楷/为.png,虞世南,楷,为,为.png,hcsu_wild_salvage,ok,225,284,51.2,55.1,True,0.1544,122,0.0163,0.771,inverted,inverted
/root/Workspace/xy/HCSU/wild_extract/虞世南-楷/史.png,虞世南,楷,史,史.png,hcsu_wild_salvage,ok,291,261,47.2,48.5,True,0.1434,147,0.0197,0.9803,inverted,inverted
/root/Workspace/xy/HCSU/wild_extract/虞世南-楷/抟.png,虞世南,楷,抟,抟.png,hcsu_wild_salvage,ok,287,316,51.1,52.9,True,0.1503,162,0.0134,0.4219,inverted,inverted
/root/Workspace/xy/HCSU/wild_extract/虞世南-楷/盘.png,虞世南,楷,盘,盘.png,hcsu_wild_salvage,ok,141,155,48.1,54.2,True,0.2188,100,0.0255,0.3913,inverted,inverted
/root/Workspace/xy/HCSU/wild_extract/褚遂良-楷/奸.png,褚遂良,楷,奸,奸.png,hcsu_wild_salvage,ok,314,244,139.6,134.1,False,0.1488,269,0.0322,0.4302,clean,none
/root/Workspace/xy/HCSU/wild_extract/褚遂良-楷/叽.png,褚遂良,楷,叽,叽.png,hcsu_wild_salvage,ok,370,370,255.0,253.6,False,0.133,10,0.0,0.546,clean,none
/root/Workspace/xy/HCSU/wild_extract/褚遂良-楷/安.png,褚遂良,楷,安,安.png,hcsu_wild_salvage,ok,334,243,129.2,128.2,False,0.1503,208,0.0255,0.8537,clean,none
/root/Workspace/xy/HCSU/wild_extract/褚遂良-楷/变.png,褚遂良,楷,变,变.png,hcsu_wild_salvage,ok,281,317,130.1,130.1,False,0.1862,688,0.08,0.3836,noisy,high_dirt_0.08
/root/Workspace/xy/HCSU/wild_extract/褚遂良-楷/亡.png,褚遂良,楷,亡,亡.png,hcsu_wild_salvage,ok,252,223,140.2,135.6,False,0.1982,519,0.0837,0.5583,noisy,high_dirt_0.08
/root/Workspace/xy/HCSU/wild_extract/褚遂良-楷/五.png,褚遂良,楷,五,五.png,hcsu_wild_salvage,ok,245,199,137.6,128.8,False,0.1765,121,0.0208,0.8879,clean,none
/root/Workspace/xy/HCSU/wild_extract/褚遂良-楷/尅.png,褚遂良,楷,尅,尅.png,hcsu_wild_salvage,ok,307,287,137.0,134.9,False,0.1383,455,0.0658,0.4452,noisy,high_dirt_0.07
/root/Workspace/xy/HCSU/wild_extract/褚遂良-行/弗.png,褚遂良,行,弗,弗.png,hcsu_wild_salvage,ok,97,138,68.9,72.2,True,0.2134,198,0.2226,0.7133,noisy,inverted;high_dirt_0.22
/root/Workspace/xy/HCSU/wild_extract/褚遂良-行/先.png,褚遂良,行,先,先.png,hcsu_wild_salvage,ok,116,117,70.1,75.5,True,0.2371,310,0.2893,0.683,noisy,inverted;high_dirt_0.29
/root/Workspace/xy/HCSU/wild_extract/褚遂良-行/羲.png,褚遂良,行,羲,羲.png,hcsu_wild_salvage,ok,97,166,58.4,63.9,True,0.2094,257,0.2195,0.5209,noisy,inverted;high_dirt_0.22
/root/Workspace/xy/HCSU/wild_extract/褚遂良-行/惓.png,褚遂良,行,惓,惓.png,hcsu_wild_salvage,ok,448,393,55.7,57.4,True,0.12,50,0.0094,0.297,inverted,inverted
/root/Workspace/xy/HCSU/wild_extract/褚遂良-行/攀.png,褚遂良,行,攀,攀.png,hcsu_wild_salvage,ok,149,169,67.7,76.0,True,0.2769,371,0.2211,0.5179,noisy,inverted;high_dirt_0.22
/root/Workspace/xy/HCSU/wild_extract/褚遂良-行/沵.png,褚遂良,行,沵,沵.png,hcsu_wild_salvage,ok,192,164,48.0,51.2,True,0.1734,5,0.0015,0.577,inverted,inverted
/root/Workspace/xy/HCSU/wild_extract/褚遂良-行/哀.png,褚遂良,行,哀,哀.png,hcsu_wild_salvage,ok,120,150,65.1,70.8,True,0.2089,342,0.2731,0.443,noisy,inverted;high_dirt_0.27
/root/Workspace/xy/HCSU/wild_extract/褚遂良-行/表.png,褚遂良,行,表,表.png,hcsu_wild_salvage,ok,98,113,63.8,73.0,True,0.2339,177,0.1869,0.5876,noisy,inverted;high_dirt_0.19
/root/Workspace/xy/HCSU/wild_extract/褚遂良-行/蹔.png,褚遂良,行,蹔,蹔.png,hcsu_wild_salvage,ok,302,346,131.5,129.7,False,0.3994,3018,0.275,0.6954,noisy,high_dirt_0.28
/root/Workspace/xy/HCSU/wild_extract/褚遂良-行/軍.png,褚遂良,行,軍,軍.png,hcsu_wild_salvage,ok,89,126,33.5,57.1,True,0.1908,33,0.0238,0.7771,inverted,inverted
/root/Workspace/xy/HCSU/wild_extract/褚遂良-行/長.png,褚遂良,行,長,長.png,hcsu_wild_salvage,ok,308,247,130.0,127.2,False,0.4002,2161,0.4393,0.5227,noisy,high_dirt_0.44
/root/Workspace/xy/HCSU/wild_extract/褚遂良-行/著.png,褚遂良,行,著,著.png,hcsu_wild_salvage,ok,97,137,68.9,76.0,True,0.2353,209,0.1439,0.6623,noisy,inverted;high_dirt_0.14
/root/Workspace/xy/HCSU/wild_extract/褚遂良-行/圣.png,褚遂良,行,圣,圣.png,hcsu_wild_salvage,ok,97,109,68.4,81.3,True,0.2895,249,0.2467,0.5848,noisy,inverted;high_dirt_0.25
/root/Workspace/xy/HCSU/wild_extract/褚遂良-行/厚.png,褚遂良,行,厚,厚.png,hcsu_wild_salvage,ok,107,148,60.3,64.0,True,0.2132,274,0.249,0.2926,noisy,inverted;high_dirt_0.25
/root/Workspace/xy/HCSU/wild_extract/褚遂良-行/暢.png,褚遂良,行,暢,暢.png,hcsu_wild_salvage,ok,266,301,121.1,117.0,True,0.6027,55,0.0042,0.9715,broken,inverted;too_solid
/root/Workspace/xy/HCSU/wild_extract/褚遂良-行/畿.png,褚遂良,行,畿,畿.png,hcsu_wild_salvage,ok,152,205,48.1,53.6,True,0.1964,212,0.0547,0.9129,noisy,inverted;high_dirt_0.05
/root/Workspace/xy/HCSU/wild_extract/褚遂良-行/軨.png,褚遂良,行,軨,軨.png,hcsu_wild_salvage,ok,158,128,74.8,76.7,True,0.2129,349,0.1914,0.4717,noisy,inverted;high_dirt_0.19
/root/Workspace/xy/HCSU/wild_extract/褚遂良-行/㪽.png,褚遂良,行,㪽,㪽.png,hcsu_wild_salvage,ok,279,185,81.8,83.8,True,0.1962,18,0.0067,0.324,inverted,inverted
/root/Workspace/xy/HCSU/wild_extract/褚遂良-行/报.png,褚遂良,行,报,报.png,hcsu_wild_salvage,ok,299,278,45.1,45.1,True,0.099,334,0.0442,0.518,inverted,inverted
/root/Workspace/xy/HCSU/wild_extract/褚遂良-行/備.png,褚遂良,行,備,備.png,hcsu_wild_salvage,ok,279,302,81.0,81.7,True,0.1012,27,0.013,0.2236,inverted,inverted
/root/Workspace/xy/HCSU/wild_extract/褚遂良-行/素.png,褚遂良,行,素,素.png,hcsu_wild_salvage,ok,106,156,57.5,64.2,True,0.1918,248,0.1929,0.7497,noisy,inverted;high_dirt_0.19
/root/Workspace/xy/HCSU/wild_extract/褚遂良-行/璿.png,褚遂良,行,璿,璿.png,hcsu_wild_salvage,ok,141,144,63.2,68.6,True,0.1979,256,0.1568,0.2723,noisy,inverted;high_dirt_0.16
/root/Workspace/xy/HCSU/wild_extract/褚遂良-行/扆.png,褚遂良,行,扆,扆.png,hcsu_wild_salvage,ok,119,134,84.8,89.8,True,0.2396,402,0.2939,0.2866,noisy,inverted;high_dirt_0.29
/root/Workspace/xy/HCSU/wild_extract/褚遂良-行/隧.png,褚遂良,行,隧,隧.png,hcsu_wild_salvage,ok,136,153,68.6,73.8,True,0.2204,335,0.2279,0.4376,noisy,inverted;high_dirt_0.23
/root/Workspace/xy/HCSU/wild_extract/褚遂良-行/觀.png,褚遂良,行,觀,觀.png,hcsu_wild_salvage,ok,367,353,120.0,119.5,True,0.5568,159,0.0087,0.9703,broken,inverted;too_solid
/root/Workspace/xy/HCSU/wild_extract/褚遂良-行/樽.png,褚遂良,行,樽,樽.png,hcsu_wild_salvage,ok,140,154,73.5,77.6,True,0.2256,377,0.1844,0.4852,noisy,inverted;high_dirt_0.18
/root/Workspace/xy/HCSU/wild_extract/褚遂良-行/畢.png,褚遂良,行,畢,畢.png,hcsu_wild_salvage,ok,242,425,127.3,127.3,True,0.5983,78,0.0052,0.9733,broken,inverted;too_solid
/root/Workspace/xy/HCSU/wild_extract/褚遂良-行/傐.png,褚遂良,行,傐,傐.png,hcsu_wild_salvage,ok,238,259,63.2,67.2,True,0.1588,246,0.0496,0.4728,inverted,inverted
/root/Workspace/xy/HCSU/wild_extract/褚遂良-行/經.png,褚遂良,行,經,經.png,hcsu_wild_salvage,ok,85,79,34.0,63.5,True,0.2134,7,0.0007,0.4696,inverted,inverted
/root/Workspace/xy/HCSU/wild_extract/褚遂良-行/觴.png,褚遂良,行,觴,觴.png,hcsu_wild_salvage,ok,286,311,125.3,121.4,True,0.5341,74,0.0052,0.9653,inverted,inverted
/root/Workspace/xy/HCSU/wild_extract/褚遂良-行/昏.png,褚遂良,行,昏,昏.png,hcsu_wild_salvage,ok,107,111,68.2,81.0,True,0.2585,212,0.2,0.8,noisy,inverted;high_dirt_0.20
/root/Workspace/xy/HCSU/wild_extract/褚遂良-行/嶺.png,褚遂良,行,嶺,嶺.png,hcsu_wild_salvage,ok,354,375,125.0,123.8,True,0.5703,91,0.004,0.968,broken,inverted;too_solid
/root/Workspace/xy/HCSU/wild_extract/褚遂良-行/萬.png,褚遂良,行,萬,萬.png,hcsu_wild_salvage,ok,270,349,129.9,128.6,False,0.4193,2714,0.3079,0.6859,noisy,high_dirt_0.31
/root/Workspace/xy/HCSU/wild_extract/褚遂良-行/苍.png,褚遂良,行,苍,苍.png,hcsu_wild_salvage,ok,117,137,74.0,76.1,True,0.2484,345,0.2534,0.27,noisy,inverted;high_dirt_0.25
/root/Workspace/xy/HCSU/wild_extract/褚遂良-行/朱.png,褚遂良,行,朱,朱.png,hcsu_wild_salvage,ok,124,138,63.6,66.0,True,0.1694,271,0.2585,0.7415,noisy,inverted;high_dirt_0.26
/root/Workspace/xy/HCSU/wild_extract/褚遂良-行/帶.png,褚遂良,行,帶,帶.png,hcsu_wild_salvage,ok,252,394,131.2,128.9,False,0.3986,3045,0.2938,0.6671,noisy,high_dirt_0.29
/root/Workspace/xy/HCSU/wild_extract/褚遂良-行/殤.png,褚遂良,行,殤,殤.png,hcsu_wild_salvage,ok,286,350,133.1,129.4,False,0.407,2820,0.2749,0.4417,noisy,high_dirt_0.27
/root/Workspace/xy/HCSU/wild_extract/褚遂良-行/阴.png,褚遂良,行,阴,阴.png,hcsu_wild_salvage,ok,141,127,62.7,68.9,True,0.2197,304,0.2527,0.4283,noisy,inverted;high_dirt_0.25
/root/Workspace/xy/HCSU/wild_extract/褚遂良-行/興.png,褚遂良,行,興,興.png,hcsu_wild_salvage,ok,328,324,125.5,124.1,True,0.5545,150,0.0093,0.9507,broken,inverted;too_solid
/root/Workspace/xy/HCSU/wild_extract/褚遂良-行/弄.png,褚遂良,行,弄,弄.png,hcsu_wild_salvage,ok,114,134,62.5,68.3,True,0.1837,230,0.2641,0.4166,noisy,inverted;high_dirt_0.26
/root/Workspace/xy/HCSU/wild_extract/褚遂良-行/晚.png,褚遂良,行,晚,晚.png,hcsu_wild_salvage,ok,118,98,57.8,71.7,True,0.2371,189,0.1721,0.2826,noisy,inverted;high_dirt_0.17
/root/Workspace/xy/HCSU/wild_extract/褚遂良-行/膺.png,褚遂良,行,膺,膺.png,hcsu_wild_salvage,ok,115,154,67.7,71.9,True,0.1921,260,0.1652,0.3571,noisy,inverted;high_dirt_0.17
/root/Workspace/xy/HCSU/wild_extract/褚遂良-行/盡.png,褚遂良,行,盡,盡.png,hcsu_wild_salvage,ok,270,342,131.6,127.9,False,0.46,2461,0.266,0.7295,noisy,high_dirt_0.27
/root/Workspace/xy/HCSU/wild_extract/褚遂良-行/與.png,褚遂良,行,與,與.png,hcsu_wild_salvage,ok,280,303,124.7,122.5,True,0.5439,113,0.01,0.7015,inverted,inverted
/root/Workspace/xy/HCSU/wild_extract/褚遂良-行/臨.png,褚遂良,行,臨,臨.png,hcsu_wild_salvage,ok,250,260,131.2,127.9,False,0.4492,1738,0.2622,0.7326,noisy,high_dirt_0.26
/root/Workspace/xy/HCSU/wild_extract/褚遂良-行/献.png,褚遂良,行,献,献.png,hcsu_wild_salvage,ok,144,140,67.7,73.1,True,0.2117,326,0.2081,0.4622,noisy,inverted;high_dirt_0.21
/root/Workspace/xy/HCSU/wild_extract/褚遂良-行/會.png,褚遂良,行,會,會.png,hcsu_wild_salvage,ok,407,366,119.2,118.7,True,0.6164,67,0.0035,0.9755,broken,inverted;too_solid
/root/Workspace/xy/HCSU/wild_extract/褚遂良-行/懷.png,褚遂良,行,懷,懷.png,hcsu_wild_salvage,ok,312,362,127.8,125.8,True,0.5421,117,0.006,0.9709,inverted,inverted
/root/Workspace/xy/HCSU/wild_extract/褚遂良-行/旗.png,褚遂良,行,旗,旗.png,hcsu_wild_salvage,ok,111,112,66.8,75.7,True,0.252,228,0.1998,0.632,noisy,inverted;high_dirt_0.20
/root/Workspace/xy/HCSU/wild_extract/褚遂良-行/德.png,褚遂良,行,德,德.png,hcsu_wild_salvage,ok,128,126,61.8,69.0,True,0.2473,316,0.2645,0.3094,noisy,inverted;high_dirt_0.26
/root/Workspace/xy/HCSU/wild_extract/褚遂良-行/睗.png,褚遂良,行,睗,睗.png,hcsu_wild_salvage,ok,112,135,67.3,91.6,True,0.1793,57,0.0782,0.6743,noisy,inverted;high_dirt_0.08
/root/Workspace/xy/HCSU/wild_extract/褚遂良-行/远.png,褚遂良,行,远,远.png,hcsu_wild_salvage,ok,115,131,62.1,71.5,True,0.1946,269,0.1838,0.3864,noisy,inverted;high_dirt_0.18
/root/Workspace/xy/HCSU/wild_extract/褚遂良-行/録.png,褚遂良,行,録,録.png,hcsu_wild_salvage,ok,303,287,129.8,127.8,False,0.485,2012,0.2704,0.7036,noisy,high_dirt_0.27
/root/Workspace/xy/HCSU/wild_extract/褚遂良-行/窳.png,褚遂良,行,窳,窳.png,hcsu_wild_salvage,ok,138,144,74.6,78.9,True,0.2485,405,0.2877,0.2567,noisy,inverted;high_dirt_0.29
/root/Workspace/xy/HCSU/wild_extract/褚遂良-行/缙.png,褚遂良,行,缙,缙.png,hcsu_wild_salvage,ok,136,115,77.4,85.3,True,0.2891,399,0.2754,0.3926,noisy,inverted;high_dirt_0.28
/root/Workspace/xy/HCSU/wild_extract/褚遂良-行/觞.png,褚遂良,行,觞,觞.png,hcsu_wild_salvage,ok,232,254,80.0,81.5,True,0.3139,634,0.1424,0.4285,noisy,inverted;high_dirt_0.14
/root/Workspace/xy/HCSU/wild_extract/褚遂良-行/革.png,褚遂良,行,革,革.png,hcsu_wild_salvage,ok,111,146,79.9,85.9,True,0.2395,443,0.3331,0.4271,noisy,inverted;high_dirt_0.33
/root/Workspace/xy/HCSU/wild_extract/褚遂良-行/宏.png,褚遂良,行,宏,宏.png,hcsu_wild_salvage,ok,116,130,65.3,68.7,True,0.1942,227,0.2319,0.2589,noisy,inverted;high_dirt_0.23
/root/Workspace/xy/HCSU/wild_extract/赵之谦-隶/加.png,赵之谦,隶,加,加.png,hcsu_wild_salvage,ok,241,203,243.9,213.8,False,0.2858,4,0.0001,0.6237,clean,none
/root/Workspace/xy/HCSU/wild_extract/赵之谦-隶/璧.png,赵之谦,隶,璧,璧.png,hcsu_wild_salvage,ok,251,208,250.7,211.9,False,0.395,6,0.0,0.3946,clean,none
/root/Workspace/xy/HCSU/wild_extract/赵之谦-隶/树.png,赵之谦,隶,树,树.png,hcsu_wild_salvage,ok,222,136,255.0,227.7,False,0.3536,2,0.0,0.7821,clean,none
/root/Workspace/xy/HCSU/wild_extract/赵之谦-隶/田.png,赵之谦,隶,田,田.png,hcsu_wild_salvage,ok,370,370,255.0,255.0,False,0.348,1,0.0,1.0,clean,none
/root/Workspace/xy/HCSU/wild_extract/赵之谦-隶/执.png,赵之谦,隶,执,执.png,hcsu_wild_salvage,ok,246,234,253.6,238.1,False,0.2738,7,0.002,0.6057,clean,none
/root/Workspace/xy/HCSU/wild_extract/赵之谦-隶/兼.png,赵之谦,隶,兼,兼.png,hcsu_wild_salvage,ok,207,188,255.0,226.2,False,0.3671,5,0.0,0.8476,clean,none
/root/Workspace/xy/HCSU/wild_extract/赵之谦-隶/铭.png,赵之谦,隶,铭,铭.png,hcsu_wild_salvage,ok,208,197,255.0,201.6,False,0.4023,3,0.0,0.5061,clean,none
/root/Workspace/xy/HCSU/wild_extract/赵之谦-隶/堂.png,赵之谦,隶,堂,堂.png,hcsu_wild_salvage,ok,370,370,255.0,255.0,False,0.2987,1,0.0,1.0,clean,none
/root/Workspace/xy/HCSU/wild_extract/赵之谦-隶/逋.png,赵之谦,隶,逋,逋.png,hcsu_wild_salvage,ok,370,370,255.0,255.0,False,0.2469,2,0.0,0.6681,clean,none
/root/Workspace/xy/HCSU/wild_extract/赵之谦-隶/振.png,赵之谦,隶,振,振.png,hcsu_wild_salvage,ok,227,165,253.9,189.8,False,0.435,1,0.0,1.0,clean,none
/root/Workspace/xy/HCSU/wild_extract/赵之谦-隶/湖.png,赵之谦,隶,湖,湖.png,hcsu_wild_salvage,ok,157,150,255.0,181.9,False,0.2848,5,0.0,0.4585,clean,none
/root/Workspace/xy/HCSU/wild_extract/赵孟頫-楷/䙱.png,赵孟頫,楷,䙱,䙱.png,hcsu_wild_salvage,ok,245,227,34.8,37.8,True,0.1816,293,0.0417,0.3171,inverted,inverted
/root/Workspace/xy/HCSU/wild_extract/赵孟頫-楷/䒭.png,赵孟頫,楷,䒭,䒭.png,hcsu_wild_salvage,ok,234,239,33.4,29.0,True,0.1313,137,0.0497,0.4858,inverted,inverted
/root/Workspace/xy/HCSU/wild_extract/赵孟頫-楷/册.png,赵孟頫,楷,册,册.png,hcsu_wild_salvage,ok,233,175,27.9,28.9,True,0.1575,178,0.0466,0.5281,inverted,inverted
/root/Workspace/xy/HCSU/wild_extract/赵孟頫-楷/唘.png,赵孟頫,楷,唘,唘.png,hcsu_wild_salvage,ok,246,194,30.8,28.4,True,0.1741,81,0.017,0.3979,inverted,inverted
/root/Workspace/xy/HCSU/wild_extract/赵孟頫-楷/卧.png,赵孟頫,楷,卧,卧.png,hcsu_wild_salvage,ok,126,127,63.0,79.2,True,0.2421,134,0.0901,0.556,noisy,inverted;high_dirt_0.09
/root/Workspace/xy/HCSU/wild_extract/赵孟頫-楷/墠.png,赵孟頫,楷,墠,墠.png,hcsu_wild_salvage,ok,132,152,41.3,51.1,True,0.1968,36,0.0152,0.5313,inverted,inverted
/root/Workspace/xy/HCSU/wild_extract/赵孟頫-楷/劎.png,赵孟頫,楷,劎,劎.png,hcsu_wild_salvage,ok,231,193,31.5,24.1,True,0.1689,68,0.0104,0.3768,inverted,inverted
/root/Workspace/xy/HCSU/wild_extract/赵孟頫-楷/书.png,赵孟頫,楷,书,书.png,hcsu_wild_salvage,ok,168,211,34.8,55.2,True,0.3692,803,0.1676,0.8324,noisy,inverted;high_dirt_0.17
/root/Workspace/xy/HCSU/wild_extract/赵孟頫-楷/宠.png,赵孟頫,楷,宠,宠.png,hcsu_wild_salvage,ok,130,138,28.0,46.0,True,0.1822,16,0.0104,0.1842,inverted,inverted
/root/Workspace/xy/HCSU/wild_extract/赵孟頫-楷/増.png,赵孟頫,楷,増,増.png,hcsu_wild_salvage,ok,205,213,25.2,27.5,True,0.1533,57,0.0152,0.3268,inverted,inverted
/root/Workspace/xy/HCSU/wild_extract/赵孟頫-楷/廣.png,赵孟頫,楷,廣,廣.png,hcsu_wild_salvage,ok,214,253,35.8,31.2,True,0.1938,162,0.0278,0.628,inverted,inverted
/root/Workspace/xy/HCSU/wild_extract/赵孟頫-楷/几.png,赵孟頫,楷,几,几.png,hcsu_wild_salvage,ok,137,137,25.3,35.6,True,0.1499,9,0.0085,0.2926,inverted,inverted
/root/Workspace/xy/HCSU/wild_extract/赵孟頫-楷/典.png,赵孟頫,楷,典,典.png,hcsu_wild_salvage,ok,119,83,70.0,84.5,True,0.2138,44,0.0843,0.8177,noisy,inverted;high_dirt_0.08
/root/Workspace/xy/HCSU/wild_extract/赵孟頫-楷/倉.png,赵孟頫,楷,倉,倉.png,hcsu_wild_salvage,ok,212,241,23.9,23.9,True,0.1468,124,0.0277,0.2511,inverted,inverted
/root/Workspace/xy/HCSU/wild_extract/赵孟頫-楷/亭.png,赵孟頫,楷,亭,亭.png,hcsu_wild_salvage,ok,197,247,22.7,26.0,True,0.1378,51,0.0116,0.4605,inverted,inverted
/root/Workspace/xy/HCSU/wild_extract/赵孟頫-楷/寵.png,赵孟頫,楷,寵,寵.png,hcsu_wild_salvage,ok,225,235,26.2,28.8,True,0.157,80,0.0136,0.1876,inverted,inverted
/root/Workspace/xy/HCSU/wild_extract/赵孟頫-隶/条.png,赵孟頫,隶,条,条.png,hcsu_wild_salvage,ok,174,153,164.1,142.1,False,0.2753,7,0.0014,0.6895,clean,none
/root/Workspace/xy/HCSU/wild_extract/赵孟頫-隶/兵.png,赵孟頫,隶,兵,兵.png,hcsu_wild_salvage,ok,176,122,177.0,147.1,False,0.237,3,0.0,0.8697,clean,none
/root/Workspace/xy/HCSU/wild_extract/赵孟頫-隶/承.png,赵孟頫,隶,承,承.png,hcsu_wild_salvage,ok,171,126,174.5,158.1,False,0.1734,2,0.0003,0.9997,clean,none
/root/Workspace/xy/HCSU/wild_extract/赵孟頫-隶/陛.png,赵孟頫,隶,陛,陛.png,hcsu_wild_salvage,ok,151,122,168.6,113.0,False,0.2815,15,0.0029,0.3645,clean,none
/root/Workspace/xy/HCSU/wild_extract/赵孟頫-隶/庆.png,赵孟頫,隶,庆,庆.png,hcsu_wild_salvage,ok,170,161,182.5,162.4,False,0.2694,3,0.0001,0.6501,clean,none
/root/Workspace/xy/HCSU/wild_extract/赵孟頫-隶/何.png,赵孟頫,隶,何,何.png,hcsu_wild_salvage,ok,179,113,168.8,140.7,False,0.229,13,0.0037,0.304,clean,none
/root/Workspace/xy/HCSU/wild_extract/赵孟頫-隶/照.png,赵孟頫,隶,照,照.png,hcsu_wild_salvage,ok,161,117,172.5,130.1,False,0.2742,8,0.0037,0.5211,clean,none
/root/Workspace/xy/HCSU/wild_extract/赵孟頫-隶/增.png,赵孟頫,隶,增,增.png,hcsu_wild_salvage,ok,158,142,184.1,150.7,False,0.2658,9,0.001,0.3522,clean,none
/root/Workspace/xy/HCSU/wild_extract/赵孟頫-隶/男.png,赵孟頫,隶,男,男.png,hcsu_wild_salvage,ok,136,136,177.1,134.1,False,0.3199,4,0.0012,0.9988,clean,none
/root/Workspace/xy/HCSU/wild_extract/赵孟頫-隶/此.png,赵孟頫,隶,此,此.png,hcsu_wild_salvage,ok,170,93,183.9,133.4,False,0.2497,5,0.001,0.5562,clean,none
/root/Workspace/xy/HCSU/wild_extract/赵孟頫-隶/升.png,赵孟頫,隶,升,升.png,hcsu_wild_salvage,ok,168,110,172.2,126.7,False,0.2867,6,0.0004,0.3586,clean,none
/root/Workspace/xy/HCSU/wild_extract/赵孟頫-隶/腾.png,赵孟頫,隶,腾,腾.png,hcsu_wild_salvage,ok,171,142,158.5,138.6,False,0.2364,14,0.003,0.5319,clean,none
/root/Workspace/xy/HCSU/wild_extract/邓石如-隶/㡭.png,邓石如,隶,㡭,㡭.png,hcsu_wild_salvage,ok,196,216,10.9,31.6,True,0.3287,5,0.0001,0.3594,inverted,inverted
/root/Workspace/xy/HCSU/wild_extract/邓石如-隶/尚.png,邓石如,隶,尚,尚.png,hcsu_wild_salvage,ok,179,180,16.5,46.0,True,0.2822,4,0.0,0.6753,inverted,inverted
/root/Workspace/xy/HCSU/wild_extract/邓石如-隶/㳺.png,邓石如,隶,㳺,㳺.png,hcsu_wild_salvage,ok,263,168,9.8,28.6,True,0.2575,6,0.0,0.4452,inverted,inverted
/root/Workspace/xy/HCSU/wild_extract/邓石如-隶/㴱.png,邓石如,隶,㴱,㴱.png,hcsu_wild_salvage,ok,243,177,25.3,41.2,True,0.2468,28,0.0031,0.5024,inverted,inverted
/root/Workspace/xy/HCSU/wild_extract/邓石如-隶/䧺.png,邓石如,隶,䧺,䧺.png,hcsu_wild_salvage,ok,236,151,10.5,39.9,True,0.367,1,0.0,1.0,inverted,inverted
/root/Workspace/xy/HCSU/wild_extract/郑板桥-行/㮣.png,郑板桥,行,㮣,㮣.png,hcsu_wild_salvage,ok,861,1036,184.4,184.4,False,0.233,35,0.0009,0.5938,clean,none
/root/Workspace/xy/HCSU/wild_extract/郑板桥-行/䈥.png,郑板桥,行,䈥,䈥.png,hcsu_wild_salvage,ok,367,459,253.6,241.5,False,0.1895,7,0.0,0.3739,clean,none
/root/Workspace/xy/HCSU/wild_extract/郑板桥-行/慁.png,郑板桥,行,慁,慁.png,hcsu_wild_salvage,ok,280,322,251.5,253.4,False,0.2346,5,0.0016,0.9946,clean,none
/root/Workspace/xy/HCSU/wild_extract/郑板桥-行/拏.png,郑板桥,行,拏,拏.png,hcsu_wild_salvage,ok,249,289,255.0,252.0,False,0.138,2,0.0,0.7971,clean,none
/root/Workspace/xy/HCSU/wild_extract/郑板桥-行/冭.png,郑板桥,行,冭,冭.png,hcsu_wild_salvage,ok,557,563,254.8,255.0,False,0.1547,4,0.0003,0.9497,clean,none
/root/Workspace/xy/HCSU/wild_extract/郑板桥-行/嶺.png,郑板桥,行,嶺,嶺.png,hcsu_wild_salvage,ok,1148,1538,173.3,173.4,False,0.2641,13,0.0001,0.3649,clean,none
/root/Workspace/xy/HCSU/wild_extract/郑板桥-行/惔.png,郑板桥,行,惔,惔.png,hcsu_wild_salvage,ok,226,216,255.0,243.3,False,0.1952,8,0.0,0.3668,clean,none
/root/Workspace/xy/HCSU/wild_extract/郑板桥-行/倣.png,郑板桥,行,倣,倣.png,hcsu_wild_salvage,ok,277,219,249.2,248.8,False,0.2016,6,0.0,0.7684,clean,none
/root/Workspace/xy/HCSU/wild_extract/郑板桥-行/懷.png,郑板桥,行,懷,懷.png,hcsu_wild_salvage,ok,1288,1190,186.4,186.2,False,0.2687,23,0.0003,0.5599,clean,none
/root/Workspace/xy/HCSU/wild_extract/郑板桥-行/僲.png,郑板桥,行,僲,僲.png,hcsu_wild_salvage,ok,202,299,255.0,252.2,False,0.1818,3,0.0,0.619,clean,none
/root/Workspace/xy/HCSU/wild_extract/郑板桥-行/偹.png,郑板桥,行,偹,偹.png,hcsu_wild_salvage,ok,255,166,255.0,242.3,False,0.2114,5,0.0,0.4091,clean,none
/root/Workspace/xy/HCSU/wild_extract/郑板桥-行/㕥.png,郑板桥,行,㕥,㕥.png,hcsu_wild_salvage,ok,1062,683,187.0,187.0,False,0.1727,23,0.001,0.4608,clean,none
/root/Workspace/xy/HCSU/wild_extract/郑板桥-行/俸.png,郑板桥,行,俸,俸.png,hcsu_wild_salvage,ok,370,370,255.0,255.0,False,0.1554,1,0.0,1.0,clean,none
/root/Workspace/xy/HCSU/wild_extract/金农-隶/狂.png,金农,隶,狂,狂.png,hcsu_wild_salvage,ok,787,700,162.8,166.6,False,0.2802,393,0.0057,0.5765,clean,none
/root/Workspace/xy/HCSU/wild_extract/金农-隶/障.png,金农,隶,障,障.png,hcsu_wild_salvage,ok,370,370,255.0,255.0,False,0.3127,2,0.0,0.7496,clean,none
/root/Workspace/xy/HCSU/wild_extract/金农-隶/茟.png,金农,隶,茟,茟.png,hcsu_wild_salvage,ok,737,881,172.8,171.9,False,0.3734,3305,0.0257,0.9735,clean,none
/root/Workspace/xy/HCSU/wild_extract/金农-隶/𠀌.png,金农,隶,𠀌,𠀌.png,hcsu_wild_salvage,ok,975,772,242.0,242.1,False,0.1765,39,0.0014,0.998,clean,none
/root/Workspace/xy/HCSU/wild_extract/金农-隶/焉.png,金农,隶,焉,焉.png,hcsu_wild_salvage,ok,953,938,247.1,247.3,False,0.2857,90,0.0014,0.5985,clean,none
/root/Workspace/xy/HCSU/wild_extract/金农-隶/夜.png,金农,隶,夜,夜.png,hcsu_wild_salvage,ok,584,645,199.7,199.5,False,0.3462,27,0.0012,0.997,clean,none
/root/Workspace/xy/HCSU/wild_extract/金农-隶/贄.png,金农,隶,贄,贄.png,hcsu_wild_salvage,ok,916,962,238.2,238.2,False,0.3033,179,0.0015,0.5381,clean,none
/root/Workspace/xy/HCSU/wild_extract/金农-隶/𡉵.png,金农,隶,𡉵,𡉵.png,hcsu_wild_salvage,ok,970,817,237.5,237.5,False,0.2037,127,0.0022,0.486,clean,none
/root/Workspace/xy/HCSU/wild_extract/金农-隶/𦙚.png,金农,隶,𦙚,𦙚.png,hcsu_wild_salvage,ok,1000,760,243.4,243.4,False,0.2494,135,0.0013,0.4819,clean,none
/root/Workspace/xy/HCSU/wild_extract/金农-隶/𨹧.png,金农,隶,𨹧,𨹧.png,hcsu_wild_salvage,ok,970,805,246.7,247.2,False,0.2335,110,0.0015,0.575,clean,none
/root/Workspace/xy/HCSU/wild_extract/金农-隶/䨮.png,金农,隶,䨮,䨮.png,hcsu_wild_salvage,ok,959,1563,165.2,165.0,False,0.4879,232,0.002,0.995,clean,none
/root/Workspace/xy/HCSU/wild_extract/金农-隶/𡿦.png,金农,隶,𡿦,𡿦.png,hcsu_wild_salvage,ok,935,681,248.6,248.4,False,0.2135,20,0.0003,0.9997,clean,none
/root/Workspace/xy/HCSU/wild_extract/金农-隶/商.png,金农,隶,商,商.png,hcsu_wild_salvage,ok,970,819,248.2,247.9,False,0.325,100,0.0012,0.6555,clean,none
/root/Workspace/xy/HCSU/wild_extract/金农-隶/㽞.png,金农,隶,㽞,㽞.png,hcsu_wild_salvage,ok,438,431,191.6,191.3,False,0.2941,3,0.0,0.559,clean,none
/root/Workspace/xy/HCSU/wild_extract/金农-隶/姚.png,金农,隶,姚,姚.png,hcsu_wild_salvage,ok,579,353,195.2,195.4,False,0.2623,6,0.0001,0.4306,clean,none
/root/Workspace/xy/HCSU/wild_extract/金农-隶/淫.png,金农,隶,淫,淫.png,hcsu_wild_salvage,ok,948,761,242.2,241.7,False,0.1865,74,0.0017,0.4203,clean,none
/root/Workspace/xy/HCSU/wild_extract/金农-隶/䧺.png,金农,隶,䧺,䧺.png,hcsu_wild_salvage,ok,1077,1335,161.0,160.5,False,0.3767,122,0.0011,0.9919,clean,none
/root/Workspace/xy/HCSU/wild_extract/金农-隶/触.png,金农,隶,触,触.png,hcsu_wild_salvage,ok,370,370,255.0,255.0,False,0.2767,2,0.0,0.6899,clean,none
/root/Workspace/xy/HCSU/wild_extract/金农-隶/醉.png,金农,隶,醉,醉.png,hcsu_wild_salvage,ok,817,711,168.9,166.6,False,0.3963,1835,0.0167,0.6165,clean,none
/root/Workspace/xy/HCSU/wild_extract/金农-隶/隺.png,金农,隶,隺,隺.png,hcsu_wild_salvage,ok,661,988,197.2,197.0,False,0.416,73,0.0006,0.9683,clean,none
/root/Workspace/xy/HCSU/wild_extract/金农-隶/印.png,金农,隶,印,印.png,hcsu_wild_salvage,ok,800,702,183.0,182.8,False,0.2833,242,0.0026,0.6629,clean,none
/root/Workspace/xy/HCSU/wild_extract/金农-隶/㝡.png,金农,隶,㝡,㝡.png,hcsu_wild_salvage,ok,536,461,196.4,196.7,False,0.1984,4,0.0,0.4283,clean,none
/root/Workspace/xy/HCSU/wild_extract/钟繇-楷/怆.png,钟繇,楷,怆,怆.png,hcsu_wild_salvage,ok,220,234,47.6,48.9,True,0.161,147,0.0241,0.187,inverted,inverted
/root/Workspace/xy/HCSU/wild_extract/钟繇-楷/先.png,钟繇,楷,先,先.png,hcsu_wild_salvage,ok,186,170,50.1,53.0,True,0.1341,58,0.0163,0.859,inverted,inverted
/root/Workspace/xy/HCSU/wild_extract/钟繇-楷/望.png,钟繇,楷,望,望.png,hcsu_wild_salvage,ok,134,181,50.6,51.1,True,0.1352,14,0.0049,0.4878,inverted,inverted
/root/Workspace/xy/HCSU/wild_extract/钟繇-楷/王.png,钟繇,楷,王,王.png,hcsu_wild_salvage,ok,147,113,47.8,51.3,True,0.1267,121,0.0708,0.9292,noisy,inverted;high_dirt_0.07
/root/Workspace/xy/HCSU/wild_extract/钟繇-楷/乃.png,钟繇,楷,乃,乃.png,hcsu_wild_salvage,ok,188,162,50.5,56.3,True,0.1507,100,0.0294,0.4072,inverted,inverted
/root/Workspace/xy/HCSU/wild_extract/钟繇-楷/忧.png,钟繇,楷,忧,忧.png,hcsu_wild_salvage,ok,198,239,47.8,48.9,True,0.1185,186,0.0403,0.2021,inverted,inverted
/root/Workspace/xy/HCSU/wild_extract/钟繇-楷/胡.png,钟繇,楷,胡,胡.png,hcsu_wild_salvage,ok,225,177,45.7,46.7,True,0.1402,67,0.0127,0.2658,inverted,inverted
/root/Workspace/xy/HCSU/wild_extract/钟繇-楷/恩.png,钟繇,楷,恩,恩.png,hcsu_wild_salvage,ok,231,201,43.9,44.6,True,0.1362,83,0.0174,0.4255,inverted,inverted
/root/Workspace/xy/HCSU/wild_extract/钟繇-楷/翔.png,钟繇,楷,翔,翔.png,hcsu_wild_salvage,ok,186,169,49.3,55.9,True,0.1302,85,0.0225,0.3027,inverted,inverted
/root/Workspace/xy/HCSU/wild_extract/钟繇-楷/白.png,钟繇,楷,白,白.png,hcsu_wild_salvage,ok,168,159,48.9,49.4,True,0.1392,34,0.0083,0.5008,inverted,inverted
/root/Workspace/xy/HCSU/wild_extract/钟繇-楷/尉.png,钟繇,楷,尉,尉.png,hcsu_wild_salvage,ok,181,135,46.2,50.9,True,0.1713,152,0.0406,0.3395,inverted,inverted
/root/Workspace/xy/HCSU/wild_extract/钟繇-楷/终.png,钟繇,楷,终,终.png,hcsu_wild_salvage,ok,232,165,49.7,50.9,True,0.1729,188,0.0292,0.3571,inverted,inverted
/root/Workspace/xy/HCSU/wild_extract/钟繇-楷/表.png,钟繇,楷,表,表.png,hcsu_wild_salvage,ok,184,187,51.9,53.3,True,0.1025,113,0.0349,0.6324,inverted,inverted
/root/Workspace/xy/HCSU/wild_extract/钟繇-楷/诏.png,钟繇,楷,诏,诏.png,hcsu_wild_salvage,ok,160,140,49.5,52.4,True,0.0939,84,0.0409,0.288,inverted,inverted
/root/Workspace/xy/HCSU/wild_extract/钟繇-楷/奇.png,钟繇,楷,奇,奇.png,hcsu_wild_salvage,ok,157,135,47.8,51.4,True,0.1129,44,0.0263,0.2513,inverted,inverted
/root/Workspace/xy/HCSU/wild_extract/钟繇-楷/少.png,钟繇,楷,少,少.png,hcsu_wild_salvage,ok,258,266,10.5,13.9,True,0.1303,22,0.004,0.8544,inverted,inverted
/root/Workspace/xy/HCSU/wild_extract/钟繇-楷/势.png,钟繇,楷,势,势.png,hcsu_wild_salvage,ok,183,169,47.4,49.0,True,0.1468,160,0.0401,0.3331,inverted,inverted
/root/Workspace/xy/HCSU/wild_extract/钟繇-楷/俟.png,钟繇,楷,俟,俟.png,hcsu_wild_salvage,ok,204,190,46.8,49.3,True,0.1618,45,0.0069,0.2795,inverted,inverted
/root/Workspace/xy/HCSU/wild_extract/钟繇-楷/犯.png,钟繇,楷,犯,犯.png,hcsu_wild_salvage,ok,162,137,46.7,51.4,True,0.1583,28,0.0074,0.529,inverted,inverted
/root/Workspace/xy/HCSU/wild_extract/钟繇-楷/使.png,钟繇,楷,使,使.png,hcsu_wild_salvage,ok,159,165,48.0,50.9,True,0.1084,85,0.0387,0.7229,inverted,inverted
/root/Workspace/xy/HCSU/wild_extract/钟繇-楷/恤.png,钟繇,楷,恤,恤.png,hcsu_wild_salvage,ok,205,174,52.4,54.5,True,0.1692,103,0.0399,0.648,inverted,inverted
/root/Workspace/xy/HCSU/wild_extract/钟繇-楷/须.png,钟繇,楷,须,须.png,hcsu_wild_salvage,ok,166,176,48.8,51.4,True,0.1604,113,0.0254,0.2306,inverted,inverted
/root/Workspace/xy/HCSU/wild_extract/钟繇-楷/相.png,钟繇,楷,相,相.png,hcsu_wild_salvage,ok,223,183,46.2,49.2,True,0.1541,220,0.0396,0.5023,inverted,inverted
/root/Workspace/xy/HCSU/wild_extract/钟繇-楷/护.png,钟繇,楷,护,护.png,hcsu_wild_salvage,ok,221,183,49.2,52.0,True,0.1635,89,0.0244,0.3183,inverted,inverted
/root/Workspace/xy/HCSU/wild_extract/钟繇-楷/耄.png,钟繇,楷,耄,耄.png,hcsu_wild_salvage,ok,347,349,12.3,13.3,True,0.1117,74,0.0187,0.4354,inverted,inverted
/root/Workspace/xy/HCSU/wild_extract/钟繇-楷/覆.png,钟繇,楷,覆,覆.png,hcsu_wild_salvage,ok,210,268,46.9,46.9,True,0.1336,107,0.0172,0.2449,inverted,inverted
/root/Workspace/xy/HCSU/wild_extract/钟繇-楷/正.png,钟繇,楷,正,正.png,hcsu_wild_salvage,ok,153,143,47.8,50.2,True,0.1391,39,0.0168,0.5169,inverted,inverted
/root/Workspace/xy/HCSU/wild_extract/钟繇-楷/昨.png,钟繇,楷,昨,昨.png,hcsu_wild_salvage,ok,163,134,47.4,49.8,True,0.1357,49,0.0196,0.2096,inverted,inverted
/root/Workspace/xy/HCSU/wild_extract/钟繇-楷/殊.png,钟繇,楷,殊,殊.png,hcsu_wild_salvage,ok,195,156,47.2,50.8,True,0.1599,88,0.0294,0.5511,inverted,inverted
/root/Workspace/xy/HCSU/wild_extract/钟繇-楷/凶.png,钟繇,楷,凶,凶.png,hcsu_wild_salvage,ok,204,142,46.4,47.4,True,0.1404,32,0.0076,0.4121,inverted,inverted
/root/Workspace/xy/HCSU/wild_extract/钟繇-楷/城.png,钟繇,楷,城,城.png,hcsu_wild_salvage,ok,212,207,48.3,51.9,True,0.18,81,0.0139,0.7055,inverted,inverted
/root/Workspace/xy/HCSU/wild_extract/钟繇-楷/塞.png,钟繇,楷,塞,塞.png,hcsu_wild_salvage,ok,216,195,46.2,49.9,True,0.165,218,0.0462,0.2356,inverted,inverted
/root/Workspace/xy/HCSU/wild_extract/钟繇-楷/穷.png,钟繇,楷,穷,穷.png,hcsu_wild_salvage,ok,149,151,45.9,50.5,True,0.1578,88,0.0329,0.2239,inverted,inverted
/root/Workspace/xy/HCSU/wild_extract/钟繇-楷/羸.png,钟繇,楷,羸,羸.png,hcsu_wild_salvage,ok,232,346,47.5,48.6,True,0.1402,104,0.0113,0.2051,inverted,inverted
/root/Workspace/xy/HCSU/wild_extract/钟繇-楷/上.png,钟繇,楷,上,上.png,hcsu_wild_salvage,ok,150,105,48.1,54.2,True,0.101,13,0.0082,0.8491,inverted,inverted
/root/Workspace/xy/HCSU/wild_extract/钟繇-楷/扑.png,钟繇,楷,扑,扑.png,hcsu_wild_salvage,ok,216,183,47.4,49.9,True,0.1526,169,0.0303,0.3014,inverted,inverted
/root/Workspace/xy/HCSU/wild_extract/钟繇-楷/动.png,钟繇,楷,动,动.png,hcsu_wild_salvage,ok,263,242,48.4,49.1,True,0.1444,730,0.0941,0.4086,noisy,inverted;high_dirt_0.09
/root/Workspace/xy/HCSU/wild_extract/钟繇-楷/戚.png,钟繇,楷,戚,戚.png,hcsu_wild_salvage,ok,184,172,48.5,52.9,True,0.1363,68,0.0183,0.2394,inverted,inverted
/root/Workspace/xy/HCSU/wild_extract/钟繇-楷/敌.png,钟繇,楷,敌,敌.png,hcsu_wild_salvage,ok,165,121,47.9,53.5,True,0.1187,119,0.0768,0.2499,noisy,inverted;high_dirt_0.08
/root/Workspace/xy/HCSU/wild_extract/钟繇-楷/杜.png,钟繇,楷,杜,杜.png,hcsu_wild_salvage,ok,146,128,52.3,55.8,True,0.1111,16,0.0154,0.5643,inverted,inverted
/root/Workspace/xy/HCSU/wild_extract/钟繇-楷/蒙.png,钟繇,楷,蒙,蒙.png,hcsu_wild_salvage,ok,153,175,52.4,55.0,True,0.1157,65,0.0316,0.1717,inverted,inverted
/root/Workspace/xy/HCSU/wild_extract/钟繇-楷/行.png,钟繇,楷,行,行.png,hcsu_wild_salvage,ok,213,192,47.6,47.9,True,0.1053,216,0.0576,0.3999,noisy,inverted;high_dirt_0.06
/root/Workspace/xy/HCSU/wild_extract/钟繇-楷/克.png,钟繇,楷,克,克.png,hcsu_wild_salvage,ok,221,190,49.2,51.8,True,0.1598,95,0.0161,0.5305,inverted,inverted
/root/Workspace/xy/HCSU/wild_extract/钟繇-楷/淫.png,钟繇,楷,淫,淫.png,hcsu_wild_salvage,ok,190,162,53.0,57.1,True,0.1543,378,0.0893,0.3863,noisy,inverted;high_dirt_0.09
/root/Workspace/xy/HCSU/wild_extract/钟繇-楷/录.png,钟繇,楷,录,录.png,hcsu_wild_salvage,ok,186,146,49.0,53.4,True,0.1673,20,0.0048,0.489,inverted,inverted
/root/Workspace/xy/HCSU/wild_extract/钟繇-楷/伫.png,钟繇,楷,伫,伫.png,hcsu_wild_salvage,ok,234,183,46.4,48.7,True,0.1182,106,0.0209,0.2893,inverted,inverted
/root/Workspace/xy/HCSU/wild_extract/钟繇-楷/命.png,钟繇,楷,命,命.png,hcsu_wild_salvage,ok,153,149,49.9,53.9,True,0.1287,24,0.0065,0.277,inverted,inverted
/root/Workspace/xy/HCSU/wild_extract/钟繇-楷/袭.png,钟繇,楷,袭,袭.png,hcsu_wild_salvage,ok,377,312,16.2,19.4,True,0.1232,75,0.0126,0.1727,inverted,inverted
/root/Workspace/xy/HCSU/wild_extract/钟繇-楷/厥.png,钟繇,楷,厥,厥.png,hcsu_wild_salvage,ok,231,195,49.3,52.2,True,0.1588,139,0.0217,0.2146,inverted,inverted
/root/Workspace/xy/HCSU/wild_extract/钟繇-楷/贼.png,钟繇,楷,贼,贼.png,hcsu_wild_salvage,ok,211,194,46.0,46.5,True,0.158,97,0.0172,0.3751,inverted,inverted
/root/Workspace/xy/HCSU/wild_extract/钟繇-楷/立.png,钟繇,楷,立,立.png,hcsu_wild_salvage,ok,260,233,22.7,23.9,True,0.1297,71,0.0168,0.3666,inverted,inverted
/root/Workspace/xy/HCSU/wild_extract/钟繇-楷/数.png,钟繇,楷,数,数.png,hcsu_wild_salvage,ok,220,187,50.2,52.2,True,0.1588,149,0.0426,0.2809,inverted,inverted
/root/Workspace/xy/HCSU/wild_extract/钟繇-楷/仰.png,钟繇,楷,仰,仰.png,hcsu_wild_salvage,ok,231,225,46.7,48.0,True,0.1215,263,0.0526,0.2915,noisy,inverted;high_dirt_0.05
/root/Workspace/xy/HCSU/wild_extract/钟繇-楷/当.png,钟繇,楷,当,当.png,hcsu_wild_salvage,ok,196,172,50.3,53.6,True,0.1537,43,0.0083,0.5936,inverted,inverted
/root/Workspace/xy/HCSU/wild_extract/钟繇-楷/并.png,钟繇,楷,并,并.png,hcsu_wild_salvage,ok,221,193,48.9,50.5,True,0.0969,145,0.044,0.3616,inverted,inverted
/root/Workspace/xy/HCSU/wild_extract/钟繇-楷/县.png,钟繇,楷,县,县.png,hcsu_wild_salvage,ok,186,150,47.0,50.2,True,0.1346,47,0.0184,0.1883,inverted,inverted
/root/Workspace/xy/HCSU/wild_extract/钟繇-楷/吞.png,钟繇,楷,吞,吞.png,hcsu_wild_salvage,ok,221,170,51.0,54.6,True,0.1374,51,0.0122,0.6068,inverted,inverted
/root/Workspace/xy/HCSU/wild_extract/钟繇-楷/谋.png,钟繇,楷,谋,谋.png,hcsu_wild_salvage,ok,158,163,46.3,47.7,True,0.0959,77,0.0717,0.5296,noisy,inverted;high_dirt_0.07
/root/Workspace/xy/HCSU/wild_extract/钟繇-楷/旅.png,钟繇,楷,旅,旅.png,hcsu_wild_salvage,ok,174,146,48.2,50.8,True,0.1306,23,0.0057,0.3006,inverted,inverted
/root/Workspace/xy/HCSU/wild_extract/钟繇-楷/将.png,钟繇,楷,将,将.png,hcsu_wild_salvage,ok,221,198,52.7,54.3,True,0.1222,97,0.0194,0.2731,inverted,inverted
/root/Workspace/xy/HCSU/wild_extract/钟繇-楷/壮.png,钟繇,楷,壮,壮.png,hcsu_wild_salvage,ok,170,106,47.1,48.9,True,0.1494,35,0.0126,0.5089,inverted,inverted
/root/Workspace/xy/HCSU/wild_extract/钟繇-楷/深.png,钟繇,楷,深,深.png,hcsu_wild_salvage,ok,178,174,46.2,46.9,True,0.1075,75,0.0207,0.3009,inverted,inverted
/root/Workspace/xy/HCSU/wild_extract/钟繇-楷/晨.png,钟繇,楷,晨,晨.png,hcsu_wild_salvage,ok,183,220,50.4,51.8,True,0.1401,40,0.0071,0.2981,inverted,inverted
/root/Workspace/xy/HCSU/wild_extract/钟繇-楷/履.png,钟繇,楷,履,履.png,hcsu_wild_salvage,ok,246,220,46.5,46.2,True,0.1467,373,0.0545,0.2887,noisy,inverted;high_dirt_0.05
/root/Workspace/xy/HCSU/wild_extract/钟繇-楷/未.png,钟繇,楷,未,未.png,hcsu_wild_salvage,ok,298,305,19.7,19.5,True,0.1385,142,0.0353,0.7234,inverted,inverted
/root/Workspace/xy/HCSU/wild_extract/钟繇-楷/憙.png,钟繇,楷,憙,憙.png,hcsu_wild_salvage,ok,217,232,46.4,48.8,True,0.124,654,0.1229,0.3748,noisy,inverted;high_dirt_0.12
/root/Workspace/xy/HCSU/wild_extract/钟繇-楷/顿.png,钟繇,楷,顿,顿.png,hcsu_wild_salvage,ok,205,192,50.9,51.8,True,0.1587,95,0.016,0.3321,inverted,inverted
/root/Workspace/xy/HCSU/wild_extract/钟繇-楷/愚.png,钟繇,楷,愚,愚.png,hcsu_wild_salvage,ok,315,313,17.2,23.8,True,0.1829,143,0.0146,0.714,inverted,inverted
/root/Workspace/xy/HCSU/wild_extract/钟繇-楷/俱.png,钟繇,楷,俱,俱.png,hcsu_wild_salvage,ok,208,190,46.6,46.9,True,0.145,229,0.0441,0.5167,inverted,inverted
/root/Workspace/xy/HCSU/wild_extract/钟繇-楷/之.png,钟繇,楷,之,之.png,hcsu_wild_salvage,ok,161,131,49.7,55.3,True,0.1111,56,0.0269,0.4959,inverted,inverted
/root/Workspace/xy/HCSU/wild_extract/钟繇-楷/郡.png,钟繇,楷,郡,郡.png,hcsu_wild_salvage,ok,176,144,47.8,53.9,True,0.1725,20,0.0062,0.3529,inverted,inverted
/root/Workspace/xy/HCSU/wild_extract/钟繇-楷/遣.png,钟繇,楷,遣,遣.png,hcsu_wild_salvage,ok,167,181,47.6,51.4,True,0.1407,111,0.027,0.3596,inverted,inverted
/root/Workspace/xy/HCSU/wild_extract/钟繇-楷/君.png,钟繇,楷,君,君.png,hcsu_wild_salvage,ok,187,193,52.3,53.2,True,0.1259,236,0.0579,0.4888,noisy,inverted;high_dirt_0.06
/root/Workspace/xy/HCSU/wild_extract/钟繇-楷/访.png,钟繇,楷,访,访.png,hcsu_wild_salvage,ok,171,128,47.3,53.4,True,0.1445,26,0.0063,0.2002,inverted,inverted
/root/Workspace/xy/HCSU/wild_extract/颜真卿-楷/刺.png,颜真卿,楷,刺,刺.png,hcsu_wild_salvage,ok,511,575,10.0,9.6,True,0.2501,201,0.0086,0.589,inverted,inverted
/root/Workspace/xy/HCSU/wild_extract/颜真卿-楷/垂.png,颜真卿,楷,垂,垂.png,hcsu_wild_salvage,ok,534,551,12.6,14.4,True,0.2535,992,0.0344,0.6398,inverted,inverted
/root/Workspace/xy/HCSU/wild_extract/颜真卿-楷/夷.png,颜真卿,楷,夷,夷.png,hcsu_wild_salvage,ok,561,635,13.5,13.1,True,0.3011,556,0.0203,0.9613,inverted,inverted
/root/Workspace/xy/HCSU/wild_extract/颜真卿-楷/圣.png,颜真卿,楷,圣,圣.png,hcsu_wild_salvage,ok,274,296,29.7,29.4,True,0.222,140,0.0286,0.7829,inverted,inverted
/root/Workspace/xy/HCSU/wild_extract/颜真卿-楷/吏.png,颜真卿,楷,吏,吏.png,hcsu_wild_salvage,ok,589,612,9.8,8.0,True,0.2516,263,0.0096,0.9793,inverted,inverted
/root/Workspace/xy/HCSU/wild_extract/颜真卿-楷/乞.png,颜真卿,楷,乞,乞.png,hcsu_wild_salvage,ok,392,378,66.9,66.7,True,0.1347,71,0.0158,0.6513,inverted,inverted
/root/Workspace/xy/HCSU/wild_extract/颜真卿-楷/人.png,颜真卿,楷,人,人.png,hcsu_wild_salvage,ok,615,470,20.3,21.9,True,0.1645,499,0.0255,0.9472,inverted,inverted
/root/Workspace/xy/HCSU/wild_extract/颜真卿-楷/友.png,颜真卿,楷,友,友.png,hcsu_wild_salvage,ok,494,601,44.2,43.0,True,0.2301,647,0.0371,0.9538,inverted,inverted
/root/Workspace/xy/HCSU/wild_extract/颜真卿-楷/刘.png,颜真卿,楷,刘,刘.png,hcsu_wild_salvage,ok,580,609,14.9,14.8,True,0.3005,394,0.0119,0.522,inverted,inverted
/root/Workspace/xy/HCSU/wild_extract/颜真卿-楷/准.png,颜真卿,楷,准,准.png,hcsu_wild_salvage,ok,557,615,26.7,24.4,True,0.2368,172,0.0048,0.477,inverted,inverted
/root/Workspace/xy/HCSU/wild_extract/颜真卿-楷/哂.png,颜真卿,楷,哂,哂.png,hcsu_wild_salvage,ok,290,252,53.2,57.8,True,0.3812,26,0.0027,0.994,inverted,inverted
/root/Workspace/xy/HCSU/wild_extract/颜真卿-楷/姊.png,颜真卿,楷,姊,姊.png,hcsu_wild_salvage,ok,551,575,14.3,14.4,True,0.219,261,0.0178,0.618,inverted,inverted
/root/Workspace/xy/HCSU/wild_extract/颜真卿-楷/传.png,颜真卿,楷,传,传.png,hcsu_wild_salvage,ok,644,638,15.4,15.1,True,0.233,142,0.0059,0.3378,inverted,inverted
/root/Workspace/xy/HCSU/wild_extract/颜真卿-楷/值.png,颜真卿,楷,值,值.png,hcsu_wild_salvage,ok,660,689,57.8,58.1,True,0.2397,269,0.0145,0.7338,inverted,inverted
/root/Workspace/xy/HCSU/wild_extract/颜真卿-楷/吞.png,颜真卿,楷,吞,吞.png,hcsu_wild_salvage,ok,318,311,33.0,33.6,True,0.1655,369,0.076,0.922,noisy,inverted;high_dirt_0.08
/root/Workspace/xy/HCSU/wild_extract/颜真卿-楷/升.png,颜真卿,楷,升,升.png,hcsu_wild_salvage,ok,644,609,13.2,9.3,True,0.2188,80,0.0035,0.9686,inverted,inverted
/root/Workspace/xy/HCSU/wild_extract/颜真卿-行/滉.png,颜真卿,行,滉,滉.png,hcsu_wild_salvage,ok,115,126,254.8,217.6,False,0.2011,3,0.0,0.7649,clean,none
/root/Workspace/xy/HCSU/wild_extract/颜真卿-行/滯.png,颜真卿,行,滯,滯.png,hcsu_wild_salvage,ok,222,287,61.0,69.1,True,0.18,20,0.0077,0.3485,inverted,inverted
/root/Workspace/xy/HCSU/wild_extract/颜真卿-行/當.png,颜真卿,行,當,當.png,hcsu_wild_salvage,ok,203,270,65.1,72.9,True,0.2367,34,0.0072,0.5381,inverted,inverted
/root/Workspace/xy/HCSU/wild_extract/颜真卿-行/甖.png,颜真卿,行,甖,甖.png,hcsu_wild_salvage,ok,146,219,254.9,245.6,False,0.29,1,0.0,1.0,clean,none
/root/Workspace/xy/HCSU/wild_extract/颜真卿-行/島.png,颜真卿,行,島,島.png,hcsu_wild_salvage,ok,156,297,76.5,83.6,True,0.2707,17,0.0045,0.9955,inverted,inverted
/root/Workspace/xy/HCSU/wild_extract/颜真卿-行/損.png,颜真卿,行,損,損.png,hcsu_wild_salvage,ok,256,312,79.6,80.6,True,0.2612,63,0.0091,0.5729,inverted,inverted
/root/Workspace/xy/HCSU/wild_extract/颜真卿-行/排.png,颜真卿,行,排,排.png,hcsu_wild_salvage,ok,252,169,47.8,52.5,True,0.1915,345,0.0562,0.3987,noisy,inverted;high_dirt_0.06
/root/Workspace/xy/HCSU/wild_extract/颜真卿-行/恊.png,颜真卿,行,恊,恊.png,hcsu_wild_salvage,ok,186,163,254.4,213.4,False,0.2208,6,0.0009,0.292,clean,none
/root/Workspace/xy/HCSU/wild_extract/颜真卿-行/復.png,颜真卿,行,復,復.png,hcsu_wild_salvage,ok,260,290,69.1,75.5,True,0.2423,9,0.0002,0.6689,inverted,inverted
/root/Workspace/xy/HCSU/wild_extract/颜真卿-行/綱.png,颜真卿,行,綱,綱.png,hcsu_wild_salvage,ok,159,129,90.1,126.1,True,0.2307,9,0.0093,0.7563,inverted,inverted
/root/Workspace/xy/HCSU/wild_extract/颜真卿-行/籒.png,颜真卿,行,籒,籒.png,hcsu_wild_salvage,ok,224,334,254.8,239.9,False,0.2009,3,0.0,0.5209,clean,none
/root/Workspace/xy/HCSU/wild_extract/颜真卿-行/纪.png,颜真卿,行,纪,纪.png,hcsu_wild_salvage,ok,242,179,49.1,55.0,True,0.1586,431,0.076,0.3894,noisy,inverted;high_dirt_0.08
/root/Workspace/xy/HCSU/wild_extract/鲜于枢-行/喬.png,鲜于枢,行,喬,喬.png,hcsu_wild_salvage,ok,296,340,198.8,198.2,False,0.1741,15,0.0027,0.9561,clean,none
/root/Workspace/xy/HCSU/wild_extract/鲜于枢-行/斸.png,鲜于枢,行,斸,斸.png,hcsu_wild_salvage,ok,605,796,158.4,158.2,False,0.2217,7,0.0006,0.7687,clean,none
/root/Workspace/xy/HCSU/wild_extract/鲜于枢-行/聲.png,鲜于枢,行,聲,聲.png,hcsu_wild_salvage,ok,137,246,180.9,174.9,False,0.172,6,0.0012,0.6407,clean,none
/root/Workspace/xy/HCSU/wild_extract/鲜于枢-行/華.png,鲜于枢,行,華,華.png,hcsu_wild_salvage,ok,230,437,185.5,183.0,False,0.2383,13,0.001,0.8073,clean,none
/root/Workspace/xy/HCSU/wild_extract/鲜于枢-行/處.png,鲜于枢,行,處,處.png,hcsu_wild_salvage,ok,346,293,139.3,136.2,False,0.1675,41,0.008,0.407,clean,none
/root/Workspace/xy/HCSU/wild_extract/鲜于枢-行/縣.png,鲜于枢,行,縣,縣.png,hcsu_wild_salvage,ok,396,338,194.2,192.6,False,0.2012,20,0.0011,0.4836,clean,none
/root/Workspace/xy/HCSU/wild_extract/鲜于枢-行/書.png,鲜于枢,行,書,書.png,hcsu_wild_salvage,ok,107,117,180.5,154.5,False,0.2247,1,0.0,1.0,clean,none
/root/Workspace/xy/HCSU/wild_extract/鲜于枢-行/師.png,鲜于枢,行,師,師.png,hcsu_wild_salvage,ok,298,426,195.8,193.9,False,0.2046,11,0.001,0.5445,clean,none
/root/Workspace/xy/HCSU/wild_extract/鲜于枢-行/觀.png,鲜于枢,行,觀,觀.png,hcsu_wild_salvage,ok,147,132,185.5,168.5,False,0.238,6,0.0048,0.9952,clean,none
/root/Workspace/xy/HCSU/wild_extract/鲜于枢-行/稱.png,鲜于枢,行,稱,稱.png,hcsu_wild_salvage,ok,351,344,183.8,180.6,False,0.2426,20,0.0017,0.6003,clean,none
/root/Workspace/xy/HCSU/wild_extract/鲜于枢-行/燿.png,鲜于枢,行,燿,燿.png,hcsu_wild_salvage,ok,129,144,27.6,30.6,True,0.1352,9,0.0,0.2983,inverted,inverted
/root/Workspace/xy/HCSU/wild_extract/鲜于枢-行/藹.png,鲜于枢,行,藹,藹.png,hcsu_wild_salvage,ok,130,141,183.7,167.2,False,0.1954,7,0.0014,0.6717,clean,none
/root/Workspace/xy/HCSU/wild_extract/鲜于枢-行/獲.png,鲜于枢,行,獲,獲.png,hcsu_wild_salvage,ok,129,129,185.9,167.1,False,0.2349,7,0.0049,0.6014,clean,none
/root/Workspace/xy/HCSU/wild_extract/鲜于枢-行/見.png,鲜于枢,行,見,見.png,hcsu_wild_salvage,ok,308,324,200.1,200.8,False,0.1704,18,0.0031,0.9548,clean,none
/root/Workspace/xy/HCSU/wild_extract/鲜于枢-行/焜.png,鲜于枢,行,焜,焜.png,hcsu_wild_salvage,ok,134,122,28.6,36.3,True,0.1381,9,0.0186,0.4119,inverted,inverted
/root/Workspace/xy/HCSU/wild_extract/鲜于枢-行/祐.png,鲜于枢,行,祐,祐.png,hcsu_wild_salvage,ok,133,136,34.4,40.3,True,0.1728,3,0.0,0.5496,inverted,inverted
/root/Workspace/xy/HCSU/wild_extract/鲜于枢-行/淂.png,鲜于枢,行,淂,淂.png,hcsu_wild_salvage,ok,214,274,139.8,134.5,False,0.2692,5,0.0006,0.606,clean,none
/root/Workspace/xy/HCSU/wild_extract/鲜于枢-行/與.png,鲜于枢,行,與,與.png,hcsu_wild_salvage,ok,466,395,190.9,183.8,False,0.2361,59,0.0042,0.8056,clean,none
/root/Workspace/xy/HCSU/wild_extract/鲜于枢-行/㶁.png,鲜于枢,行,㶁,㶁.png,hcsu_wild_salvage,ok,165,154,34.5,43.4,True,0.1641,9,0.0036,0.4598,inverted,inverted
/root/Workspace/xy/HCSU/wild_extract/鲜于枢-行/塿.png,鲜于枢,行,塿,塿.png,hcsu_wild_salvage,ok,686,619,158.1,158.6,False,0.2251,7,0.0005,0.7607,clean,none
/root/Workspace/xy/HCSU/wild_extract/鲜于枢-行/無.png,鲜于枢,行,無,無.png,hcsu_wild_salvage,ok,283,307,185.7,183.3,False,0.2766,3,0.0002,0.9998,clean,none
/root/Workspace/xy/HCSU/wild_extract/鲜于枢-行/東.png,鲜于枢,行,東,東.png,hcsu_wild_salvage,ok,276,326,182.6,181.7,False,0.2108,16,0.0032,0.9968,clean,none
/root/Workspace/xy/HCSU/wild_extract/黄庭坚-楷/尊.png,黄庭坚,楷,尊,尊.png,hcsu_wild_salvage,ok,195,252,62.1,64.1,True,0.1567,87,0.0204,0.5776,inverted,inverted
/root/Workspace/xy/HCSU/wild_extract/黄庭坚-楷/教.png,黄庭坚,楷,教,教.png,hcsu_wild_salvage,ok,233,224,50.7,54.7,True,0.1674,65,0.013,0.263,inverted,inverted
/root/Workspace/xy/HCSU/wild_extract/黄庭坚-楷/譬.png,黄庭坚,楷,譬,譬.png,hcsu_wild_salvage,ok,206,235,55.8,57.9,True,0.1434,41,0.0072,0.3473,inverted,inverted
/root/Workspace/xy/HCSU/wild_extract/黄庭坚-楷/收.png,黄庭坚,楷,收,收.png,hcsu_wild_salvage,ok,196,131,193.6,186.4,False,0.2007,5,0.0002,0.5183,clean,none
/root/Workspace/xy/HCSU/wild_extract/黄庭坚-楷/耨.png,黄庭坚,楷,耨,耨.png,hcsu_wild_salvage,ok,240,252,38.7,40.1,True,0.1434,14,0.0013,0.4772,inverted,inverted
/root/Workspace/xy/HCSU/wild_extract/黄庭坚-楷/秦.png,黄庭坚,楷,秦,秦.png,hcsu_wild_salvage,ok,237,232,50.0,52.5,True,0.1609,32,0.0057,0.7342,inverted,inverted
/root/Workspace/xy/HCSU/wild_extract/黄庭坚-楷/徃.png,黄庭坚,楷,徃,徃.png,hcsu_wild_salvage,ok,208,168,36.0,39.1,True,0.143,24,0.0072,0.5784,inverted,inverted
/root/Workspace/xy/HCSU/wild_extract/黄庭坚-楷/薩.png,黄庭坚,楷,薩,薩.png,hcsu_wild_salvage,ok,153,210,50.0,60.6,True,0.228,29,0.0067,0.6923,inverted,inverted
/root/Workspace/xy/HCSU/wild_extract/黄庭坚-楷/着.png,黄庭坚,楷,着,着.png,hcsu_wild_salvage,ok,215,240,53.6,55.6,True,0.1643,45,0.0087,0.7609,inverted,inverted
/root/Workspace/xy/HCSU/wild_extract/黄庭坚-楷/其.png,黄庭坚,楷,其,其.png,hcsu_wild_salvage,ok,216,188,52.0,55.5,True,0.1355,24,0.0069,0.6506,inverted,inverted
/root/Workspace/xy/HCSU/wild_extract/黄庭坚-楷/獨.png,黄庭坚,楷,獨,獨.png,hcsu_wild_salvage,ok,197,190,51.5,59.8,True,0.2838,26,0.0054,0.8877,inverted,inverted
/root/Workspace/xy/HCSU/wild_extract/黄庭坚-楷/也.png,黄庭坚,楷,也,也.png,hcsu_wild_salvage,ok,206,184,47.9,60.5,True,0.161,25,0.0085,0.9915,inverted,inverted
/root/Workspace/xy/HCSU/wild_extract/黄庭坚-楷/本.png,黄庭坚,楷,本,本.png,hcsu_wild_salvage,ok,202,236,53.1,55.9,True,0.1494,31,0.0059,0.4314,inverted,inverted
/root/Workspace/xy/HCSU/wild_extract/黄庭坚-楷/孤.png,黄庭坚,楷,孤,孤.png,hcsu_wild_salvage,ok,261,177,51.2,55.2,True,0.1858,26,0.0054,0.485,inverted,inverted
/root/Workspace/xy/HCSU/wild_extract/黄庭坚-楷/虗.png,黄庭坚,楷,虗,虗.png,hcsu_wild_salvage,ok,200,191,48.3,56.6,True,0.1695,20,0.0063,0.4143,inverted,inverted
/root/Workspace/xy/HCSU/wild_extract/黄庭坚-楷/戒.png,黄庭坚,楷,戒,戒.png,hcsu_wild_salvage,ok,176,232,63.1,65.8,True,0.1554,199,0.0659,0.6163,noisy,inverted;high_dirt_0.07
/root/Workspace/xy/HCSU/wild_extract/黄庭坚-楷/訶.png,黄庭坚,楷,訶,訶.png,hcsu_wild_salvage,ok,235,190,57.2,61.1,True,0.1776,36,0.0062,0.374,inverted,inverted
/root/Workspace/xy/HCSU/wild_extract/黄庭坚-楷/捨.png,黄庭坚,楷,捨,捨.png,hcsu_wild_salvage,ok,232,213,53.0,54.2,True,0.1788,39,0.007,0.4367,inverted,inverted
/root/Workspace/xy/HCSU/wild_extract/黄庭坚-楷/流.png,黄庭坚,楷,流,流.png,hcsu_wild_salvage,ok,208,160,32.2,40.8,True,0.1826,17,0.0041,0.3136,inverted,inverted
/root/Workspace/xy/HCSU/wild_extract/黄庭坚-楷/舍.png,黄庭坚,楷,舍,舍.png,hcsu_wild_salvage,ok,266,202,50.7,55.2,True,0.1483,63,0.013,0.3083,inverted,inverted
/root/Workspace/xy/HCSU/wild_extract/黄庭坚-楷/敬.png,黄庭坚,楷,敬,敬.png,hcsu_wild_salvage,ok,238,195,56.5,61.9,True,0.1978,37,0.0069,0.4676,inverted,inverted
/root/Workspace/xy/HCSU/wild_extract/黄庭坚-楷/昧.png,黄庭坚,楷,昧,昧.png,hcsu_wild_salvage,ok,224,219,59.4,64.9,True,0.1577,61,0.0155,0.4039,inverted,inverted
/root/Workspace/xy/HCSU/wild_extract/黄庭坚-楷/槃.png,黄庭坚,楷,槃,槃.png,hcsu_wild_salvage,ok,224,218,58.7,61.2,True,0.1718,123,0.0279,0.5671,inverted,inverted
/root/Workspace/xy/HCSU/wild_extract/黄庭坚-楷/荘.png,黄庭坚,楷,荘,荘.png,hcsu_wild_salvage,ok,187,198,58.9,61.7,True,0.1675,53,0.0148,0.3843,inverted,inverted
/root/Workspace/xy/HCSU/wild_extract/黄庭坚-楷/淨.png,黄庭坚,楷,淨,淨.png,hcsu_wild_salvage,ok,177,210,58.3,62.6,True,0.1836,39,0.0081,0.4224,inverted,inverted
/root/Workspace/xy/HCSU/wild_extract/黄庭坚-楷/伏.png,黄庭坚,楷,伏,伏.png,hcsu_wild_salvage,ok,216,172,57.8,60.6,True,0.1195,135,0.0673,0.4353,noisy,inverted;high_dirt_0.07
/root/Workspace/xy/HCSU/wild_extract/黄庭坚-楷/敷.png,黄庭坚,楷,敷,敷.png,hcsu_wild_salvage,ok,237,227,53.6,58.0,True,0.2034,40,0.0053,0.5471,inverted,inverted
/root/Workspace/xy/HCSU/wild_extract/黄庭坚-楷/蘭.png,黄庭坚,楷,蘭,蘭.png,hcsu_wild_salvage,ok,167,242,57.5,70.4,True,0.1893,57,0.0107,0.2313,inverted,inverted
/root/Workspace/xy/HCSU/wild_extract/黄庭坚-楷/聲.png,黄庭坚,楷,聲,聲.png,hcsu_wild_salvage,ok,256,251,56.9,58.6,True,0.1678,80,0.0152,0.5034,inverted,inverted
/root/Workspace/xy/HCSU/wild_extract/黄庭坚-楷/散.png,黄庭坚,楷,散,散.png,hcsu_wild_salvage,ok,273,208,38.0,41.0,True,0.1327,15,0.0062,0.239,inverted,inverted
/root/Workspace/xy/HCSU/wild_extract/黄庭坚-楷/棠.png,黄庭坚,楷,棠,棠.png,hcsu_wild_salvage,ok,280,268,192.2,190.2,False,0.1775,5,0.0,0.4897,clean,none
/root/Workspace/xy/HCSU/wild_extract/黄庭坚-楷/汝.png,黄庭坚,楷,汝,汝.png,hcsu_wild_salvage,ok,201,145,52.1,58.9,True,0.147,30,0.0112,0.4877,inverted,inverted
/root/Workspace/xy/HCSU/wild_extract/黄庭坚-楷/妒.png,黄庭坚,楷,妒,妒.png,hcsu_wild_salvage,ok,307,334,196.0,193.9,False,0.1266,7,0.001,0.5368,clean,none
/root/Workspace/xy/HCSU/wild_extract/黄庭坚-楷/鳩.png,黄庭坚,楷,鳩,鳩.png,hcsu_wild_salvage,ok,224,202,48.7,54.0,True,0.1533,23,0.0052,0.6372,inverted,inverted
/root/Workspace/xy/HCSU/wild_extract/黄庭坚-楷/凡.png,黄庭坚,楷,凡,凡.png,hcsu_wild_salvage,ok,176,149,49.4,58.1,True,0.1235,29,0.0154,0.7123,inverted,inverted
/root/Workspace/xy/HCSU/wild_extract/黄庭坚-楷/漢.png,黄庭坚,楷,漢,漢.png,hcsu_wild_salvage,ok,189,205,60.6,66.8,True,0.1911,54,0.0096,0.3539,inverted,inverted
/root/Workspace/xy/HCSU/wild_extract/黄庭坚-楷/妆.png,黄庭坚,楷,妆,妆.png,hcsu_wild_salvage,ok,219,205,54.7,57.9,True,0.1972,47,0.0085,0.9399,inverted,inverted
/root/Workspace/xy/HCSU/wild_extract/黄庭坚-楷/切.png,黄庭坚,楷,切,切.png,hcsu_wild_salvage,ok,211,171,39.1,43.0,True,0.153,40,0.0179,0.5262,inverted,inverted
/root/Workspace/xy/HCSU/wild_extract/黄庭坚-楷/欲.png,黄庭坚,楷,欲,欲.png,hcsu_wild_salvage,ok,217,189,58.7,62.6,True,0.1731,167,0.0458,0.272,inverted,inverted
/root/Workspace/xy/HCSU/wild_extract/黄庭坚-楷/賢.png,黄庭坚,楷,賢,賢.png,hcsu_wild_salvage,ok,179,219,39.6,48.4,True,0.2117,46,0.0137,0.3791,inverted,inverted
/root/Workspace/xy/HCSU/wild_extract/黄庭坚-楷/寧.png,黄庭坚,楷,寧,寧.png,hcsu_wild_salvage,ok,183,214,37.8,41.8,True,0.1546,42,0.0122,0.3814,inverted,inverted
/root/Workspace/xy/HCSU/wild_extract/黄庭坚-楷/聴.png,黄庭坚,楷,聴,聴.png,hcsu_wild_salvage,ok,211,179,53.3,59.8,True,0.2103,29,0.0048,0.3423,inverted,inverted
/root/Workspace/xy/HCSU/wild_extract/黄庭坚-楷/唯.png,黄庭坚,楷,唯,唯.png,hcsu_wild_salvage,ok,211,212,51.5,54.2,True,0.1367,43,0.0098,0.3392,inverted,inverted
/root/Workspace/xy/HCSU/wild_extract/黄庭坚-楷/给.png,黄庭坚,楷,给,给.png,hcsu_wild_salvage,ok,233,169,51.2,56.9,True,0.1783,40,0.01,0.2125,inverted,inverted
/root/Workspace/xy/HCSU/wild_extract/黄庭坚-楷/欠.png,黄庭坚,楷,欠,欠.png,hcsu_wild_salvage,ok,149,175,53.9,58.5,True,0.1789,17,0.006,0.3184,inverted,inverted
/root/Workspace/xy/HCSU/wild_extract/黄庭坚-楷/諍.png,黄庭坚,楷,諍,諍.png,hcsu_wild_salvage,ok,205,210,59.6,64.5,True,0.1619,78,0.0197,0.4129,inverted,inverted
/root/Workspace/xy/HCSU/wild_extract/黄庭坚-楷/觸.png,黄庭坚,楷,觸,觸.png,hcsu_wild_salvage,ok,214,209,56.3,60.2,True,0.2579,41,0.0056,0.3281,inverted,inverted
/root/Workspace/xy/HCSU/wild_extract/黄庭坚-楷/濕.png,黄庭坚,楷,濕,濕.png,hcsu_wild_salvage,ok,211,173,55.2,61.0,True,0.1282,98,0.0352,0.1085,inverted,inverted
/root/Workspace/xy/HCSU/wild_extract/黄庭坚-楷/座.png,黄庭坚,楷,座,座.png,hcsu_wild_salvage,ok,201,223,52.8,56.8,True,0.2022,37,0.0056,0.4706,inverted,inverted
/root/Workspace/xy/HCSU/wild_extract/黄庭坚-楷/哉.png,黄庭坚,楷,哉,哉.png,hcsu_wild_salvage,ok,188,224,54.4,58.8,True,0.1455,48,0.0108,0.4186,inverted,inverted
/root/Workspace/xy/HCSU/wild_extract/黄庭坚-楷/說.png,黄庭坚,楷,說,說.png,hcsu_wild_salvage,ok,234,176,40.2,51.5,True,0.1407,10,0.0019,0.3563,inverted,inverted
/root/Workspace/xy/HCSU/wild_extract/黄庭坚-楷/女.png,黄庭坚,楷,女,女.png,hcsu_wild_salvage,ok,222,147,53.4,56.1,True,0.1216,22,0.0073,0.9927,inverted,inverted
/root/Workspace/xy/HCSU/wild_extract/黄庭坚-楷/清.png,黄庭坚,楷,清,清.png,hcsu_wild_salvage,ok,189,223,57.8,61.7,True,0.1652,42,0.0095,0.3781,inverted,inverted
/root/Workspace/xy/HCSU/wild_extract/黄庭坚-楷/數.png,黄庭坚,楷,數,數.png,hcsu_wild_salvage,ok,238,185,54.0,59.5,True,0.1901,40,0.0072,0.5353,inverted,inverted
/root/Workspace/xy/HCSU/wild_extract/黄庭坚-楷/肩.png,黄庭坚,楷,肩,肩.png,hcsu_wild_salvage,ok,167,243,54.5,63.3,True,0.1743,41,0.0081,0.4946,inverted,inverted
/root/Workspace/xy/HCSU/wild_extract/黄庭坚-楷/姚.png,黄庭坚,楷,姚,姚.png,hcsu_wild_salvage,ok,283,190,49.8,57.7,True,0.1954,35,0.0059,0.5309,inverted,inverted
/root/Workspace/xy/HCSU/wild_extract/黄庭坚-楷/諸.png,黄庭坚,楷,諸,諸.png,hcsu_wild_salvage,ok,217,174,47.5,50.9,True,0.1405,46,0.0198,0.3997,inverted,inverted
/root/Workspace/xy/HCSU/wild_extract/黄庭坚-楷/施.png,黄庭坚,楷,施,施.png,hcsu_wild_salvage,ok,251,159,40.3,48.8,True,0.175,11,0.0023,0.3781,inverted,inverted
/root/Workspace/xy/HCSU/wild_extract/黄庭坚-楷/摩.png,黄庭坚,楷,摩,摩.png,hcsu_wild_salvage,ok,181,242,59.2,63.2,True,0.2088,37,0.0059,0.336,inverted,inverted
/root/Workspace/xy/HCSU/wild_extract/黄庭坚-楷/聞.png,黄庭坚,楷,聞,聞.png,hcsu_wild_salvage,ok,179,227,57.2,72.1,True,0.1893,109,0.0279,0.3095,inverted,inverted
/root/Workspace/xy/HCSU/wild_extract/黄庭坚-楷/掌.png,黄庭坚,楷,掌,掌.png,hcsu_wild_salvage,ok,192,262,55.2,59.5,True,0.1691,59,0.0095,0.3616,inverted,inverted
/root/Workspace/xy/HCSU/wild_extract/黄庭坚-楷/如.png,黄庭坚,楷,如,如.png,hcsu_wild_salvage,ok,227,135,33.3,39.3,True,0.178,10,0.0033,0.6016,inverted,inverted
/root/Workspace/xy/HCSU/wild_extract/黄庭坚-楷/爽.png,黄庭坚,楷,爽,爽.png,hcsu_wild_salvage,ok,257,309,194.1,193.2,False,0.1684,9,0.0015,0.442,clean,none
/root/Workspace/xy/HCSU/wild_extract/黄庭坚-楷/見.png,黄庭坚,楷,見,見.png,hcsu_wild_salvage,ok,219,195,50.2,56.0,True,0.1328,60,0.0183,0.577,inverted,inverted
/root/Workspace/xy/HCSU/wild_extract/黄庭坚-楷/思.png,黄庭坚,楷,思,思.png,hcsu_wild_salvage,ok,178,183,50.0,56.0,True,0.1787,30,0.0094,0.4377,inverted,inverted
/root/Workspace/xy/HCSU/wild_extract/黄庭坚-楷/墙.png,黄庭坚,楷,墙,墙.png,hcsu_wild_salvage,ok,271,306,189.4,188.5,False,0.1885,13,0.0033,0.3546,clean,none
/root/Workspace/xy/HCSU/wild_extract/黄庭坚-楷/䖏.png,黄庭坚,楷,䖏,䖏.png,hcsu_wild_salvage,ok,226,221,38.2,42.4,True,0.1371,13,0.005,0.3398,inverted,inverted
/root/Workspace/xy/HCSU/wild_extract/黄庭坚-楷/那.png,黄庭坚,楷,那,那.png,hcsu_wild_salvage,ok,182,210,57.0,62.1,True,0.1697,41,0.0106,0.517,inverted,inverted
/root/Workspace/xy/HCSU/wild_extract/黄庭坚-楷/樹.png,黄庭坚,楷,樹,樹.png,hcsu_wild_salvage,ok,216,190,49.0,54.0,True,0.1908,15,0.0018,0.3639,inverted,inverted
/root/Workspace/xy/HCSU/wild_extract/黄庭坚-楷/洗.png,黄庭坚,楷,洗,洗.png,hcsu_wild_salvage,ok,221,192,54.0,65.1,True,0.1784,33,0.0061,0.4464,inverted,inverted
/root/Workspace/xy/HCSU/wild_extract/黄庭坚-楷/衣.png,黄庭坚,楷,衣,衣.png,hcsu_wild_salvage,ok,224,203,53.6,57.5,True,0.1665,34,0.0066,0.6922,inverted,inverted
/root/Workspace/xy/HCSU/wild_extract/黄庭坚-楷/類.png,黄庭坚,楷,類,類.png,hcsu_wild_salvage,ok,215,226,57.6,60.5,True,0.1735,112,0.0272,0.4841,inverted,inverted
/root/Workspace/xy/HCSU/wild_extract/黄庭坚-楷/衛.png,黄庭坚,楷,衛,衛.png,hcsu_wild_salvage,ok,222,221,50.3,54.4,True,0.184,62,0.0123,0.3525,inverted,inverted
/root/Workspace/xy/HCSU/wild_extract/黄庭坚-楷/樂.png,黄庭坚,楷,樂,樂.png,hcsu_wild_salvage,ok,205,188,58.1,62.3,True,0.1827,71,0.0178,0.3877,inverted,inverted
/root/Workspace/xy/HCSU/wild_extract/黄庭坚-楷/千.png,黄庭坚,楷,千,千.png,hcsu_wild_salvage,ok,184,219,51.4,55.3,True,0.1355,38,0.013,0.7827,inverted,inverted
/root/Workspace/xy/HCSU/wild_extract/黄庭坚-楷/鉢.png,黄庭坚,楷,鉢,鉢.png,hcsu_wild_salvage,ok,259,206,50.8,53.9,True,0.1972,41,0.0072,0.5452,inverted,inverted
/root/Workspace/xy/HCSU/wild_extract/黄庭坚-楷/况.png,黄庭坚,楷,况,况.png,hcsu_wild_salvage,ok,211,174,55.3,61.3,True,0.1846,88,0.0274,0.8161,inverted,inverted
/root/Workspace/xy/HCSU/wild_extract/黄庭坚-楷/最.png,黄庭坚,楷,最,最.png,hcsu_wild_salvage,ok,199,204,60.0,63.0,True,0.1258,52,0.0331,0.5209,inverted,inverted
/root/Workspace/xy/HCSU/wild_extract/黄庭坚-楷/五.png,黄庭坚,楷,五,五.png,hcsu_wild_salvage,ok,226,153,62.8,65.9,True,0.1216,130,0.0606,0.5298,noisy,inverted;high_dirt_0.06
/root/Workspace/xy/HCSU/wild_extract/黄庭坚-楷/袒.png,黄庭坚,楷,袒,袒.png,hcsu_wild_salvage,ok,243,179,55.4,58.5,True,0.2001,56,0.0114,0.4014,inverted,inverted
/root/Workspace/xy/HCSU/wild_extract/黄庭坚-楷/想.png,黄庭坚,楷,想,想.png,hcsu_wild_salvage,ok,188,190,55.3,60.4,True,0.1722,60,0.0219,0.2949,inverted,inverted
/root/Workspace/xy/HCSU/wild_extract/黄庭坚-楷/釋.png,黄庭坚,楷,釋,釋.png,hcsu_wild_salvage,ok,203,270,97.1,93.8,True,0.7363,741,0.0332,0.9501,broken,inverted;too_solid
/root/Workspace/xy/HCSU/wild_extract/黄庭坚-楷/土.png,黄庭坚,楷,土,土.png,hcsu_wild_salvage,ok,191,151,57.7,60.9,True,0.1101,31,0.0205,0.9795,inverted,inverted
/root/Workspace/xy/HCSU/wild_extract/黄庭坚-楷/句.png,黄庭坚,楷,句,句.png,hcsu_wild_salvage,ok,147,159,47.3,53.6,True,0.1989,10,0.0067,0.4544,inverted,inverted
/root/Workspace/xy/HCSU/wild_extract/黄庭坚-楷/取.png,黄庭坚,楷,取,取.png,hcsu_wild_salvage,ok,244,188,54.3,56.7,True,0.1428,65,0.0153,0.5721,inverted,inverted
/root/Workspace/xy/HCSU/wild_extract/黄庭坚-楷/諦.png,黄庭坚,楷,諦,諦.png,hcsu_wild_salvage,ok,233,202,53.6,56.4,True,0.1433,69,0.0142,0.2377,inverted,inverted
/root/Workspace/xy/HCSU/wild_extract/黄庭坚-楷/嘱.png,黄庭坚,楷,嘱,嘱.png,hcsu_wild_salvage,ok,194,200,52.3,58.6,True,0.1755,55,0.0117,0.3968,inverted,inverted
/root/Workspace/xy/HCSU/wild_extract/黄庭坚-楷/胎.png,黄庭坚,楷,胎,胎.png,hcsu_wild_salvage,ok,188,172,56.8,61.1,True,0.1505,75,0.0255,0.3173,inverted,inverted
/root/Workspace/xy/HCSU/wild_extract/黄庭坚-楷/聖.png,黄庭坚,楷,聖,聖.png,hcsu_wild_salvage,ok,173,171,38.3,51.5,True,0.2542,35,0.0055,0.3468,inverted,inverted
/root/Workspace/xy/HCSU/wild_extract/黄庭坚-楷/剛.png,黄庭坚,楷,剛,剛.png,hcsu_wild_salvage,ok,224,218,51.8,63.3,True,0.1697,39,0.0078,0.472,inverted,inverted
/root/Workspace/xy/HCSU/wild_extract/黄庭坚-楷/福.png,黄庭坚,楷,福,福.png,hcsu_wild_salvage,ok,236,180,63.6,68.2,True,0.172,187,0.0554,0.3879,noisy,inverted;high_dirt_0.06
/root/Workspace/xy/HCSU/wild_extract/黄庭坚-楷/園.png,黄庭坚,楷,園,園.png,hcsu_wild_salvage,ok,166,182,51.4,76.8,True,0.3449,22,0.0023,0.818,inverted,inverted
/root/Workspace/xy/HCSU/wild_extract/黄庭坚-楷/鍾.png,黄庭坚,楷,鍾,鍾.png,hcsu_wild_salvage,ok,227,199,97.9,88.3,True,0.7402,794,0.0642,0.912,broken,inverted;too_solid
/root/Workspace/xy/HCSU/wild_extract/黄庭坚-行/斵.png,黄庭坚,行,斵,斵.png,hcsu_wild_salvage,ok,156,205,193.2,172.3,False,0.2312,7,0.0015,0.6517,clean,none
/root/Workspace/xy/HCSU/wild_extract/黄庭坚-行/乗.png,黄庭坚,行,乗,乗.png,hcsu_wild_salvage,ok,299,268,178.8,177.3,False,0.175,8,0.0006,0.9216,clean,none
/root/Workspace/xy/HCSU/wild_extract/黄庭坚-行/別.png,黄庭坚,行,別,別.png,hcsu_wild_salvage,ok,202,235,66.6,94.6,True,0.19,9,0.004,0.3982,inverted,inverted
/root/Workspace/xy/HCSU/wild_extract/黄庭坚-行/嵗.png,黄庭坚,行,嵗,嵗.png,hcsu_wild_salvage,ok,109,136,155.0,144.8,False,0.1734,12,0.0074,0.4051,clean,none
/root/Workspace/xy/HCSU/wild_extract/黄庭坚-行/壘.png,黄庭坚,行,壘,壘.png,hcsu_wild_salvage,ok,125,171,179.7,141.5,False,0.3445,3,0.0,0.9197,clean,none
/root/Workspace/xy/HCSU/wild_extract/黄庭坚-行/媧.png,黄庭坚,行,媧,媧.png,hcsu_wild_salvage,ok,214,201,192.0,173.2,False,0.3078,21,0.0049,0.8547,clean,none
/root/Workspace/xy/HCSU/wild_extract/黄庭坚-行/入.png,黄庭坚,行,入,入.png,hcsu_wild_salvage,ok,296,165,77.5,74.2,True,0.8285,23,0.0007,0.9993,broken,inverted;too_solid
/root/Workspace/xy/HCSU/wild_extract/黄庭坚-行/厚.png,黄庭坚,行,厚,厚.png,hcsu_wild_salvage,ok,270,293,84.4,81.5,True,0.7308,79,0.0019,0.9938,broken,inverted;too_solid
/root/Workspace/xy/HCSU/wild_extract/黄庭坚-行/優.png,黄庭坚,行,優,優.png,hcsu_wild_salvage,ok,449,553,43.2,45.0,True,0.2047,163,0.0118,0.7913,inverted,inverted
/root/Workspace/xy/HCSU/wild_extract/黄庭坚-行/勦.png,黄庭坚,行,勦,勦.png,hcsu_wild_salvage,ok,906,764,197.0,197.0,False,0.2125,21,0.0005,0.4361,clean,none
/root/Workspace/xy/HCSU/wild_extract/黄庭坚-行/報.png,黄庭坚,行,報,報.png,hcsu_wild_salvage,ok,180,195,184.3,173.3,False,0.2381,2,0.0,0.5966,clean,none
/root/Workspace/xy/HCSU/wild_extract/黄庭坚-行/徳.png,黄庭坚,行,徳,徳.png,hcsu_wild_salvage,ok,111,161,178.1,160.7,False,0.1782,10,0.0031,0.3668,clean,none
/root/Workspace/xy/HCSU/wild_extract/黄庭坚-行/又.png,黄庭坚,行,又,又.png,hcsu_wild_salvage,ok,255,185,78.2,76.3,True,0.8228,24,0.0009,0.9991,broken,inverted;too_solid
/root/Workspace/xy/HCSU/wild_extract/黄庭坚-行/從.png,黄庭坚,行,從,從.png,hcsu_wild_salvage,ok,1386,1330,180.0,180.4,False,0.2103,14,0.0001,0.9199,clean,none
/root/Workspace/xy/HCSU/wild_extract/黄庭坚-行/旹.png,黄庭坚,行,旹,旹.png,hcsu_wild_salvage,ok,731,844,190.6,190.7,False,0.2238,334,0.007,0.99,clean,none
/root/Workspace/xy/HCSU/wild_extract/黄庭坚-行/䕃.png,黄庭坚,行,䕃,䕃.png,hcsu_wild_salvage,ok,138,163,219.7,182.0,False,0.2415,3,0.0011,0.7548,clean,none
/root/Workspace/xy/HCSU/wild_extract/黄庭坚-行/揔.png,黄庭坚,行,揔,揔.png,hcsu_wild_salvage,ok,185,175,221.7,200.6,False,0.2335,3,0.0001,0.9626,clean,none
/root/Workspace/xy/HCSU/wild_extract/黄庭坚-行/乞.png,黄庭坚,行,乞,乞.png,hcsu_wild_salvage,ok,94,98,111.9,86.0,True,0.7064,3,0.0005,0.9995,broken,inverted;too_solid
/root/Workspace/xy/HCSU/wild_extract/黄庭坚-行/孏.png,黄庭坚,行,孏,孏.png,hcsu_wild_salvage,ok,48,47,136.4,94.9,False,0.266,5,0.0367,0.89,clean,none
/root/Workspace/xy/HCSU/wild_extract/黄庭坚-行/佇.png,黄庭坚,行,佇,佇.png,hcsu_wild_salvage,ok,153,123,189.1,169.4,False,0.2222,6,0.0007,0.5138,clean,none
/root/Workspace/xy/HCSU/wild_extract/黄庭坚-行/多.png,黄庭坚,行,多,多.png,hcsu_wild_salvage,ok,140,263,171.5,160.7,False,0.2079,8,0.0037,0.9317,clean,none
/root/Workspace/xy/HCSU/wild_extract/黄庭坚-行/勅.png,黄庭坚,行,勅,勅.png,hcsu_wild_salvage,ok,705,969,193.1,193.1,False,0.2397,128,0.003,0.5775,clean,none
/root/Workspace/xy/HCSU/wild_extract/黄庭坚-行/㳺.png,黄庭坚,行,㳺,㳺.png,hcsu_wild_salvage,ok,265,236,188.2,186.8,False,0.2531,15,0.0045,0.7993,clean,none
/root/Workspace/xy/HCSU/wild_extract/黄庭坚-行/喪.png,黄庭坚,行,喪,喪.png,hcsu_wild_salvage,ok,181,235,208.6,199.5,False,0.1966,4,0.0,0.8469,clean,none
/root/Workspace/xy/HCSU/wild_extract/黄庭坚-行/䈥.png,黄庭坚,行,䈥,䈥.png,hcsu_wild_salvage,ok,179,209,181.6,153.6,False,0.3342,4,0.0002,0.8897,clean,none
/root/Workspace/xy/HCSU/wild_extract/黄庭坚-行/且.png,黄庭坚,行,且,且.png,hcsu_wild_salvage,ok,164,176,73.3,68.4,True,0.6989,35,0.0023,0.9514,broken,inverted;too_solid
/root/Workspace/xy/HCSU/wild_extract/黄庭坚-行/廼.png,黄庭坚,行,廼,廼.png,hcsu_wild_salvage,ok,332,205,195.1,184.5,False,0.2559,1,0.0,1.0,clean,none
/root/Workspace/xy/HCSU/wild_extract/黄庭坚-行/他.png,黄庭坚,行,他,他.png,hcsu_wild_salvage,ok,301,217,77.2,73.5,True,0.7537,32,0.0012,0.9905,broken,inverted;too_solid
/root/Workspace/xy/HCSU/wild_extract/黄庭坚-行/占.png,黄庭坚,行,占,占.png,hcsu_wild_salvage,ok,271,393,104.1,103.6,True,0.6757,102,0.0023,0.9977,broken,inverted;too_solid
/root/Workspace/xy/HCSU/wild_extract/黄庭坚-行/快.png,黄庭坚,行,快,快.png,hcsu_wild_salvage,ok,220,193,77.1,75.2,True,0.7543,62,0.0042,0.9837,broken,inverted;too_solid
/root/Workspace/xy/HCSU/wild_extract/黄庭坚-行/搖.png,黄庭坚,行,搖,搖.png,hcsu_wild_salvage,ok,365,327,195.0,187.1,False,0.3655,7,0.0003,0.9976,clean,none
/root/Workspace/xy/HCSU/wild_extract/黄庭坚-行/凡.png,黄庭坚,行,凡,凡.png,hcsu_wild_salvage,ok,226,194,70.6,67.0,True,0.7971,32,0.0016,0.9984,broken,inverted;too_solid
/root/Workspace/xy/HCSU/wild_extract/黄庭坚-行/摹.png,黄庭坚,行,摹,摹.png,hcsu_wild_salvage,ok,298,379,75.4,74.7,True,0.7996,73,0.0013,0.9875,broken,inverted;too_solid
/root/Workspace/xy/HCSU/wild_extract/黄庭坚-行/斮.png,黄庭坚,行,斮,斮.png,hcsu_wild_salvage,ok,866,915,194.8,195.0,False,0.2627,16,0.0003,0.5496,clean,none
/root/Workspace/xy/HCSU/wild_extract/黄庭坚-行/岡.png,黄庭坚,行,岡,岡.png,hcsu_wild_salvage,ok,164,191,57.6,110.3,True,0.3799,1,0.0,1.0,inverted,inverted
/root/Workspace/xy/HCSU/wild_extract/黄庭坚-行/吳.png,黄庭坚,行,吳,吳.png,hcsu_wild_salvage,ok,331,276,44.3,52.2,True,0.199,7,0.0018,0.8233,inverted,inverted
/root/Workspace/xy/HCSU/wild_extract/黄庭坚-行/擇.png,黄庭坚,行,擇,擇.png,hcsu_wild_salvage,ok,277,337,184.6,183.4,False,0.2145,7,0.0022,0.9581,clean,none
/root/Workspace/xy/HCSU/wild_extract/黄庭坚-行/亂.png,黄庭坚,行,亂,亂.png,hcsu_wild_salvage,ok,118,124,203.9,174.5,False,0.2508,6,0.0,0.4921,clean,none
/root/Workspace/xy/HCSU/wild_extract/黄庭坚-行/斷.png,黄庭坚,行,斷,斷.png,hcsu_wild_salvage,ok,70,72,179.1,143.6,False,0.1782,5,0.0,0.5111,clean,none
/root/Workspace/xy/HCSU/wild_extract/黄庭坚-行/妷.png,黄庭坚,行,妷,妷.png,hcsu_wild_salvage,ok,1330,1253,182.1,182.0,False,0.2552,39,0.0005,0.539,clean,none
/root/Workspace/xy/HCSU/wild_extract/黄庭坚-行/喫.png,黄庭坚,行,喫,喫.png,hcsu_wild_salvage,ok,177,157,176.0,162.5,False,0.183,12,0.0063,0.6676,clean,none
/root/Workspace/xy/HCSU/wild_extract/黄庭坚-行/倚.png,黄庭坚,行,倚,倚.png,hcsu_wild_salvage,ok,265,263,80.5,77.5,True,0.7568,56,0.0016,0.9689,broken,inverted;too_solid
/root/Workspace/xy/HCSU/wild_extract/黄庭坚-行/姢.png,黄庭坚,行,姢,姢.png,hcsu_wild_salvage,ok,286,237,178.9,174.8,False,0.1879,22,0.003,0.2545,clean,none
/root/Workspace/xy/HCSU/wild_extract/黄庭坚-行/姦.png,黄庭坚,行,姦,姦.png,hcsu_wild_salvage,ok,346,399,17.8,18.0,True,0.1901,17,0.0024,0.6249,inverted,inverted
/root/Workspace/xy/HCSU/wild_extract/黄庭坚-行/㸔.png,黄庭坚,行,㸔,㸔.png,hcsu_wild_salvage,ok,243,246,191.8,182.1,False,0.2161,4,0.0001,0.8887,clean,none
/root/Workspace/xy/HCSU/wild_extract/黄庭坚-行/數.png,黄庭坚,行,數,數.png,hcsu_wild_salvage,ok,271,234,198.8,186.6,False,0.2822,6,0.0018,0.9982,clean,none
/root/Workspace/xy/HCSU/wild_extract/黄庭坚-行/墯.png,黄庭坚,行,墯,墯.png,hcsu_wild_salvage,ok,298,327,203.2,185.6,False,0.2575,5,0.0,0.3155,clean,none
/root/Workspace/xy/HCSU/wild_extract/黄庭坚-行/學.png,黄庭坚,行,學,學.png,hcsu_wild_salvage,ok,492,531,41.9,42.1,True,0.1913,278,0.031,0.4118,inverted,inverted
/root/Workspace/xy/HCSU/wild_extract/黄庭坚-行/廣.png,黄庭坚,行,廣,廣.png,hcsu_wild_salvage,ok,153,168,160.1,150.6,False,0.2287,6,0.0049,0.9951,clean,none
/root/Workspace/xy/HCSU/wild_extract/黄庭坚-行/八.png,黄庭坚,行,八,八.png,hcsu_wild_salvage,ok,127,51,109.3,91.7,True,0.8245,2,0.0002,0.9998,broken,inverted;too_solid
/root/Workspace/xy/HCSU/wild_extract/黄庭坚-行/搆.png,黄庭坚,行,搆,搆.png,hcsu_wild_salvage,ok,114,133,158.8,145.3,False,0.1902,14,0.0049,0.6557,clean,none
/root/Workspace/xy/HCSU/wild_extract/黄庭坚-行/兩.png,黄庭坚,行,兩,兩.png,hcsu_wild_salvage,ok,68,55,180.8,138.4,False,0.2634,3,0.001,0.9168,clean,none
/root/Workspace/xy/HCSU/wild_extract/黄庭坚-行/㸃.png,黄庭坚,行,㸃,㸃.png,hcsu_wild_salvage,ok,110,126,160.3,152.8,False,0.1715,7,0.0008,0.3652,clean,none
/root/Workspace/xy/HCSU/wild_extract/黄庭坚-行/掌.png,黄庭坚,行,掌,掌.png,hcsu_wild_salvage,ok,237,312,78.2,75.5,True,0.7501,78,0.0032,0.9846,broken,inverted;too_solid
/root/Workspace/xy/HCSU/wild_extract/黄庭坚-行/懇.png,黄庭坚,行,懇,懇.png,hcsu_wild_salvage,ok,159,171,226.3,172.9,False,0.3544,1,0.0,1.0,clean,none
/root/Workspace/xy/HCSU/wild_extract/黄庭坚-行/帖.png,黄庭坚,行,帖,帖.png,hcsu_wild_salvage,ok,370,370,255.0,255.0,False,0.1684,2,0.0,0.666,clean,none
/root/Workspace/xy/HCSU/wild_extract/黄庭坚-行/成.png,黄庭坚,行,成,成.png,hcsu_wild_salvage,ok,187,188,213.1,200.4,False,0.1964,7,0.0022,0.9019,clean,none
/root/Workspace/xy/HCSU/wild_extract/黄庭坚-行/晩.png,黄庭坚,行,晩,晩.png,hcsu_wild_salvage,ok,805,674,195.3,195.3,False,0.2277,16,0.0006,0.4863,clean,none
/root/Workspace/xy/HCSU/wild_extract/黄庭坚-行/懴.png,黄庭坚,行,懴,懴.png,hcsu_wild_salvage,ok,457,399,194.4,188.8,False,0.2704,16,0.0003,0.9049,clean,none
/root/Workspace/xy/HCSU/wild_extract/黄庭坚-行/忌.png,黄庭坚,行,忌,忌.png,hcsu_wild_salvage,ok,185,198,75.8,71.9,True,0.7385,34,0.0014,0.9986,broken,inverted;too_solid
/root/Workspace/xy/HCSU/wild_extract/黄庭坚-行/張.png,黄庭坚,行,張,張.png,hcsu_wild_salvage,ok,236,223,75.9,73.2,True,0.7232,60,0.0018,0.9854,broken,inverted;too_solid
/root/Workspace/xy/HCSU/wild_extract/黄庭坚-行/妳.png,黄庭坚,行,妳,妳.png,hcsu_wild_salvage,ok,280,237,179.3,173.5,False,0.2891,6,0.0016,0.9793,clean,none
/root/Workspace/xy/HCSU/wild_extract/黄庭坚-行/㑹.png,黄庭坚,行,㑹,㑹.png,hcsu_wild_salvage,ok,248,204,221.0,218.0,False,0.1536,5,0.0,0.4228,clean,none
/root/Workspace/xy/HCSU/wild_extract/黄庭坚-行/愞.png,黄庭坚,行,愞,愞.png,hcsu_wild_salvage,ok,292,240,186.7,185.8,False,0.2124,7,0.0007,0.5835,clean,none
/root/Workspace/xy/HCSU/wild_extract/黄庭坚-行/䓁.png,黄庭坚,行,䓁,䓁.png,hcsu_wild_salvage,ok,184,201,218.7,202.5,False,0.2395,2,0.0,0.9459,clean,none
/root/Workspace/xy/HCSU/wild_extract/黄庭坚-行/䢖.png,黄庭坚,行,䢖,䢖.png,hcsu_wild_salvage,ok,199,182,182.7,163.7,False,0.2324,18,0.0025,0.8859,clean,none
/root/Workspace/xy/HCSU/wild_extract/黄庭坚-行/䖏.png,黄庭坚,行,䖏,䖏.png,hcsu_wild_salvage,ok,138,197,186.7,175.2,False,0.172,10,0.0075,0.7769,clean,none
/root/Workspace/xy/HCSU/wild_extract/黄庭坚-行/廽.png,黄庭坚,行,廽,廽.png,hcsu_wild_salvage,ok,118,72,159.1,140.9,False,0.1678,2,0.0,0.5645,clean,none
/root/Workspace/xy/HCSU/wild_extract/黄庭坚-行/㬌.png,黄庭坚,行,㬌,㬌.png,hcsu_wild_salvage,ok,259,254,182.4,177.2,False,0.1894,25,0.0086,0.6611,clean,none
/root/Workspace/xy/HCSU/wild_extract/黄庭坚-行/兒.png,黄庭坚,行,兒,兒.png,hcsu_wild_salvage,ok,114,127,188.4,148.5,False,0.2986,2,0.0002,0.9998,clean,none
/root/Workspace/xy/HCSU/wild_extract/黄庭坚-行/丗.png,黄庭坚,行,丗,丗.png,hcsu_wild_salvage,ok,294,178,199.9,194.6,False,0.2866,3,0.0006,0.9699,clean,none
/root/Workspace/xy/HCSU/wild_extract/黄庭坚-行/冝.png,黄庭坚,行,冝,冝.png,hcsu_wild_salvage,ok,144,121,171.4,144.1,False,0.1819,4,0.0,0.6196,clean,none
/root/Workspace/xy/HCSU/wild_extract/黄庭坚-行/害.png,黄庭坚,行,害,害.png,hcsu_wild_salvage,ok,235,236,78.9,76.2,True,0.6926,46,0.0018,0.9982,broken,inverted;too_solid
/root/Workspace/xy/HCSU/wild_extract/黄庭坚-行/壁.png,黄庭坚,行,壁,壁.png,hcsu_wild_salvage,ok,194,200,75.7,71.9,True,0.6734,25,0.0012,0.9184,broken,inverted;too_solid
/root/Workspace/xy/HCSU/wild_extract/黄庭坚-行/徔.png,黄庭坚,行,徔,徔.png,hcsu_wild_salvage,ok,138,114,154.6,138.0,False,0.2306,5,0.0008,0.6193,clean,none
/root/Workspace/xy/HCSU/wild_extract/黄庭坚-行/彂.png,黄庭坚,行,彂,彂.png,hcsu_wild_salvage,ok,1355,1505,180.2,181.2,False,0.2035,29,0.0004,0.9917,clean,none
/root/Workspace/xy/HCSU/wild_extract/黄庭坚-行/懷.png,黄庭坚,行,懷,懷.png,hcsu_wild_salvage,ok,165,173,189.5,161.5,False,0.3074,5,0.0001,0.7586,clean,none
/root/Workspace/xy/HCSU/wild_extract/黄庭坚-行/収.png,黄庭坚,行,収,収.png,hcsu_wild_salvage,ok,109,79,181.3,151.0,False,0.206,5,0.0028,0.6003,clean,none
/root/Workspace/xy/HCSU/wild_extract/黄庭坚-行/媚.png,黄庭坚,行,媚,媚.png,hcsu_wild_salvage,ok,271,271,83.8,82.7,True,0.725,59,0.0013,0.9976,broken,inverted;too_solid
/root/Workspace/xy/HCSU/wild_extract/黄庭坚-行/嬰.png,黄庭坚,行,嬰,嬰.png,hcsu_wild_salvage,ok,104,147,214.9,150.3,False,0.387,4,0.0049,0.9576,clean,none
/root/Workspace/xy/HCSU/wild_extract/黄庭坚-行/昇.png,黄庭坚,行,昇,昇.png,hcsu_wild_salvage,ok,375,448,14.9,20.4,True,0.1657,63,0.0076,0.5234,inverted,inverted
/root/Workspace/xy/HCSU/wild_extract/黄庭坚-行/勞.png,黄庭坚,行,勞,勞.png,hcsu_wild_salvage,ok,761,932,209.0,210.5,False,0.2756,23,0.0003,0.5332,clean,none
/root/Workspace/xy/HCSU/wild_extract/黄庭坚-行/壓.png,黄庭坚,行,壓,壓.png,hcsu_wild_salvage,ok,207,202,231.0,220.1,False,0.1582,7,0.0,0.5243,clean,none
/root/Workspace/xy/HCSU/wild_extract/黄庭坚-行/㝎.png,黄庭坚,行,㝎,㝎.png,hcsu_wild_salvage,ok,124,96,194.9,161.0,False,0.1998,10,0.0156,0.3758,clean,none
/root/Workspace/xy/HCSU/wild_extract/黄庭坚-行/徑.png,黄庭坚,行,徑,徑.png,hcsu_wild_salvage,ok,248,219,65.6,82.2,True,0.3124,6,0.0006,0.4211,inverted,inverted
/root/Workspace/xy/HCSU/wild_extract/黄庭坚-行/啗.png,黄庭坚,行,啗,啗.png,hcsu_wild_salvage,ok,69,73,183.7,146.0,False,0.2033,5,0.0,0.3096,clean,none
/root/Workspace/xy/HCSU/wild_extract/黄庭坚-行/擕.png,黄庭坚,行,擕,擕.png,hcsu_wild_salvage,ok,149,190,173.1,152.9,False,0.2045,11,0.0121,0.5481,clean,none
/root/Workspace/xy/HCSU/wild_extract/黄庭坚-行/寵.png,黄庭坚,行,寵,寵.png,hcsu_wild_salvage,ok,939,1090,189.1,189.0,False,0.2508,157,0.0024,0.9975,clean,none
/root/Workspace/xy/HCSU/wild_extract/黄庭坚-行/園.png,黄庭坚,行,園,園.png,hcsu_wild_salvage,ok,128,157,183.0,113.2,False,0.3842,3,0.0016,0.9145,clean,none
/root/Workspace/xy/HCSU/wild_extract/黄庭坚-行/側.png,黄庭坚,行,側,側.png,hcsu_wild_salvage,ok,332,361,30.9,53.0,True,0.2052,8,0.0001,0.4463,inverted,inverted
/root/Workspace/xy/HCSU/wild_extract/黄庭坚-行/㝡.png,黄庭坚,行,㝡,㝡.png,hcsu_wild_salvage,ok,91,108,161.7,151.1,False,0.1616,6,0.0019,0.7916,clean,none
/root/Workspace/xy/HCSU/wild_extract/黄庭坚-行/婦.png,黄庭坚,行,婦,婦.png,hcsu_wild_salvage,ok,159,189,173.2,160.9,False,0.2554,5,0.0005,0.5415,clean,none
/root/Workspace/xy/HCSU/wild_extract/黄庭坚-行/攣.png,黄庭坚,行,攣,攣.png,hcsu_wild_salvage,ok,261,301,197.1,193.0,False,0.2362,11,0.0016,0.3684,clean,none
