source_file,calligrapher,script,character,dynasty,seq,filename,source,status,width,height,outer_mean,inner_mean,is_inverted,ink_ratio,num_components,dirt_ratio,max_comp_ratio,quality,issues
G:\GitHub\DiT\MCCD\MCCD\MCCD-Calligrapher\calligrapher_dataset\于右任\㑺-楷-近-于右任-161426.png,于右任,楷,㑺,近,161426,㑺-楷-近-于右任-161426.png,mccd_salvage,ok,260,308,235.6,228.1,False,0.177,7,0.0008,0.4182,clean,none
G:\GitHub\DiT\MCCD\MCCD\MCCD-Calligrapher\calligrapher_dataset\于右任\一-行-近-于右任-475.png,于右任,行,一,近,475,一-行-近-于右任-475.png,mccd_salvage,ok,202,105,241.7,219.3,False,0.381,1,0.0,1.0,clean,none
G:\GitHub\DiT\MCCD\MCCD\MCCD-Calligrapher\calligrapher_dataset\于右任\一-行-近-于右任-476.png,于右任,行,一,近,476,一-行-近-于右任-476.png,mccd_salvage,ok,204,105,246.7,184.5,False,0.4991,1,0.0,1.0,clean,none
G:\GitHub\DiT\MCCD\MCCD\MCCD-Calligrapher\calligrapher_dataset\于右任\丁-行-近-于右任-698.png,于右任,行,丁,近,698,丁-行-近-于右任-698.png,mccd_salvage,ok,202,296,239.2,222.1,False,0.1796,2,0.0,0.5311,clean,none
G:\GitHub\DiT\MCCD\MCCD\MCCD-Calligrapher\calligrapher_dataset\于右任\七-行-近-于右任-904.png,于右任,行,七,近,904,七-行-近-于右任-904.png,mccd_salvage,ok,239,307,230.1,205.0,False,0.3143,1,0.0,1.0,clean,none
G:\GitHub\DiT\MCCD\MCCD\MCCD-Calligrapher\calligrapher_dataset\于右任\且-行-近-于右任-3874.png,于右任,行,且,近,3874,且-行-近-于右任-3874.png,mccd_salvage,ok,282,185,217.9,177.1,False,0.3905,1,0.0,1.0,clean,none
G:\GitHub\DiT\MCCD\MCCD\MCCD-Calligrapher\calligrapher_dataset\于右任\並-行-近-于右任-4505.png,于右任,行,並,近,4505,並-行-近-于右任-4505.png,mccd_salvage,ok,172,306,224.0,198.1,False,0.3104,5,0.0,0.3306,clean,none
G:\GitHub\DiT\MCCD\MCCD\MCCD-Calligrapher\calligrapher_dataset\于右任\之-行-近-于右任-6966.png,于右任,行,之,近,6966,之-行-近-于右任-6966.png,mccd_salvage,ok,207,272,230.8,199.9,False,0.1467,2,0.0,0.8829,clean,none
G:\GitHub\DiT\MCCD\MCCD\MCCD-Calligrapher\calligrapher_dataset\于右任\九-行-近-于右任-8199.png,于右任,行,九,近,8199,九-行-近-于右任-8199.png,mccd_salvage,ok,171,199,229.0,189.3,False,0.4543,1,0.0,1.0,clean,none
G:\GitHub\DiT\MCCD\MCCD\MCCD-Calligrapher\calligrapher_dataset\于右任\于-楷-近-于右任-10528.png,于右任,楷,于,近,10528,于-楷-近-于右任-10528.png,mccd_salvage,ok,252,320,242.8,230.9,False,0.242,3,0.0013,0.9858,clean,none
G:\GitHub\DiT\MCCD\MCCD\MCCD-Calligrapher\calligrapher_dataset\于右任\亡-行-近-于右任-12189.png,于右任,行,亡,近,12189,亡-行-近-于右任-12189.png,mccd_salvage,ok,188,214,208.9,160.6,False,0.3242,3,0.0,0.6123,clean,none
G:\GitHub\DiT\MCCD\MCCD\MCCD-Calligrapher\calligrapher_dataset\于右任\京-行-近-于右任-13084.png,于右任,行,京,近,13084,京-行-近-于右任-13084.png,mccd_salvage,ok,191,312,228.4,196.5,False,0.4042,1,0.0,1.0,clean,none
G:\GitHub\DiT\MCCD\MCCD\MCCD-Calligrapher\calligrapher_dataset\于右任\以-行-近-于右任-15754.png,于右任,行,以,近,15754,以-行-近-于右任-15754.png,mccd_salvage,ok,220,153,234.6,219.3,False,0.121,3,0.0,0.5804,clean,none
G:\GitHub\DiT\MCCD\MCCD\MCCD-Calligrapher\calligrapher_dataset\于右任\以-行-近-于右任-15755.png,于右任,行,以,近,15755,以-行-近-于右任-15755.png,mccd_salvage,ok,241,167,233.3,215.1,False,0.1751,3,0.0,0.6161,clean,none
G:\GitHub\DiT\MCCD\MCCD\MCCD-Calligrapher\calligrapher_dataset\于右任\任-楷-近-于右任-16071.png,于右任,楷,任,近,16071,任-楷-近-于右任-16071.png,mccd_salvage,ok,285,198,224.2,228.7,False,0.2882,4,0.0004,0.5426,clean,none
G:\GitHub\DiT\MCCD\MCCD\MCCD-Calligrapher\calligrapher_dataset\于右任\任-行-近-于右任-16086.png,于右任,行,任,近,16086,任-行-近-于右任-16086.png,mccd_salvage,ok,186,180,231.3,205.0,False,0.3419,2,0.0,0.6227,clean,none
G:\GitHub\DiT\MCCD\MCCD\MCCD-Calligrapher\calligrapher_dataset\于右任\伯-行-近-于右任-16718.png,于右任,行,伯,近,16718,伯-行-近-于右任-16718.png,mccd_salvage,ok,234,194,224.6,167.6,False,0.4883,2,0.0,0.6739,clean,none
G:\GitHub\DiT\MCCD\MCCD\MCCD-Calligrapher\calligrapher_dataset\于右任\先-行-近-于右任-24392.png,于右任,行,先,近,24392,先-行-近-于右任-24392.png,mccd_salvage,ok,158,223,235.5,217.1,False,0.1461,2,0.0,0.7715,clean,none
G:\GitHub\DiT\MCCD\MCCD\MCCD-Calligrapher\calligrapher_dataset\于右任\分-行-近-于右任-30336.png,于右任,行,分,近,30336,分-行-近-于右任-30336.png,mccd_salvage,ok,231,282,236.1,215.5,False,0.1802,2,0.0,0.7618,clean,none
G:\GitHub\DiT\MCCD\MCCD\MCCD-Calligrapher\calligrapher_dataset\于右任\分-行-近-于右任-30337.png,于右任,行,分,近,30337,分-行-近-于右任-30337.png,mccd_salvage,ok,179,284,232.0,223.1,False,0.1532,2,0.0,0.8133,clean,none
G:\GitHub\DiT\MCCD\MCCD\MCCD-Calligrapher\calligrapher_dataset\于右任\判-楷-近-于右任-30938.png,于右任,楷,判,近,30938,判-楷-近-于右任-30938.png,mccd_salvage,ok,268,228,241.8,196.7,False,0.2833,4,0.0003,0.6697,clean,none
G:\GitHub\DiT\MCCD\MCCD\MCCD-Calligrapher\calligrapher_dataset\于右任\勝-楷-近-于右任-33782.png,于右任,楷,勝,近,33782,勝-楷-近-于右任-33782.png,mccd_salvage,ok,268,226,241.9,236.5,False,0.1387,15,0.0046,0.2378,clean,none
G:\GitHub\DiT\MCCD\MCCD\MCCD-Calligrapher\calligrapher_dataset\于右任\勳-楷-近-于右任-34152.png,于右任,楷,勳,近,34152,勳-楷-近-于右任-34152.png,mccd_salvage,ok,284,237,236.6,223.1,False,0.212,11,0.0003,0.345,clean,none
G:\GitHub\DiT\MCCD\MCCD\MCCD-Calligrapher\calligrapher_dataset\于右任\匡-楷-近-于右任-35212.png,于右任,楷,匡,近,35212,匡-楷-近-于右任-35212.png,mccd_salvage,ok,265,290,166.9,226.1,False,0.2677,17,0.0074,0.367,clean,none
G:\GitHub\DiT\MCCD\MCCD\MCCD-Calligrapher\calligrapher_dataset\于右任\匪-楷-近-于右任-35301.png,于右任,楷,匪,近,35301,匪-楷-近-于右任-35301.png,mccd_salvage,ok,274,222,231.0,229.3,False,0.1994,4,0.0,0.6527,clean,none
G:\GitHub\DiT\MCCD\MCCD\MCCD-Calligrapher\calligrapher_dataset\于右任\參-行-近-于右任-39537.png,于右任,行,參,近,39537,參-行-近-于右任-39537.png,mccd_salvage,ok,219,237,234.2,203.2,False,0.3985,1,0.0,1.0,clean,none
G:\GitHub\DiT\MCCD\MCCD\MCCD-Calligrapher\calligrapher_dataset\于右任\叄-行-近-于右任-39622.png,于右任,行,叄,近,39622,叄-行-近-于右任-39622.png,mccd_salvage,ok,219,237,234.2,203.2,False,0.3985,1,0.0,1.0,clean,none
G:\GitHub\DiT\MCCD\MCCD\MCCD-Calligrapher\calligrapher_dataset\于右任\及-行-近-于右任-40520.png,于右任,行,及,近,40520,及-行-近-于右任-40520.png,mccd_salvage,ok,244,288,239.9,211.4,False,0.3311,1,0.0,1.0,clean,none
G:\GitHub\DiT\MCCD\MCCD\MCCD-Calligrapher\calligrapher_dataset\于右任\右-楷-近-于右任-43080.png,于右任,楷,右,近,43080,右-楷-近-于右任-43080.png,mccd_salvage,ok,292,203,234.1,226.9,False,0.2718,2,0.0,0.693,clean,none
G:\GitHub\DiT\MCCD\MCCD\MCCD-Calligrapher\calligrapher_dataset\于右任\同-行-近-于右任-44278.png,于右任,行,同,近,44278,同-行-近-于右任-44278.png,mccd_salvage,ok,199,190,207.2,131.7,False,0.3407,4,0.0,0.5196,clean,none
G:\GitHub\DiT\MCCD\MCCD\MCCD-Calligrapher\calligrapher_dataset\于右任\吝-楷-近-于右任-45331.png,于右任,楷,吝,近,45331,吝-楷-近-于右任-45331.png,mccd_salvage,ok,283,216,229.4,219.0,False,0.2217,11,0.004,0.9583,clean,none
G:\GitHub\DiT\MCCD\MCCD\MCCD-Calligrapher\calligrapher_dataset\于右任\噫-楷-近-于右任-51878.png,于右任,楷,噫,近,51878,噫-楷-近-于右任-51878.png,mccd_salvage,ok,279,258,231.5,206.8,False,0.2631,5,0.0,0.4374,clean,none
G:\GitHub\DiT\MCCD\MCCD\MCCD-Calligrapher\calligrapher_dataset\于右任\塔-行-近-于右任-56638.png,于右任,行,塔,近,56638,塔-行-近-于右任-56638.png,mccd_salvage,ok,262,204,238.0,212.0,False,0.3147,4,0.0,0.5869,clean,none
G:\GitHub\DiT\MCCD\MCCD\MCCD-Calligrapher\calligrapher_dataset\于右任\奸-行-近-于右任-63386.png,于右任,行,奸,近,63386,奸-行-近-于右任-63386.png,mccd_salvage,ok,251,308,244.6,225.8,False,0.2311,2,0.0,0.526,clean,none
G:\GitHub\DiT\MCCD\MCCD\MCCD-Calligrapher\calligrapher_dataset\于右任\季-楷-近-于右任-68814.png,于右任,楷,季,近,68814,季-楷-近-于右任-68814.png,mccd_salvage,ok,257,388,243.4,229.8,False,0.2663,10,0.002,0.9403,clean,none
G:\GitHub\DiT\MCCD\MCCD\MCCD-Calligrapher\calligrapher_dataset\于右任\害-楷-近-于右任-72343.png,于右任,楷,害,近,72343,害-楷-近-于右任-72343.png,mccd_salvage,ok,278,266,200.1,232.7,False,0.1892,17,0.0038,0.2961,clean,none
G:\GitHub\DiT\MCCD\MCCD\MCCD-Calligrapher\calligrapher_dataset\于右任\寥-楷-近-于右任-74067.png,于右任,楷,寥,近,74067,寥-楷-近-于右任-74067.png,mccd_salvage,ok,234,272,242.9,216.4,False,0.1677,16,0.0022,0.1523,clean,none
G:\GitHub\DiT\MCCD\MCCD\MCCD-Calligrapher\calligrapher_dataset\于右任\尤-楷-近-于右任-77259.png,于右任,楷,尤,近,77259,尤-楷-近-于右任-77259.png,mccd_salvage,ok,253,196,217.6,191.5,False,0.2331,2,0.0,0.9053,clean,none
G:\GitHub\DiT\MCCD\MCCD\MCCD-Calligrapher\calligrapher_dataset\于右任\岸-楷-近-于右任-79603.png,于右任,楷,岸,近,79603,岸-楷-近-于右任-79603.png,mccd_salvage,ok,258,252,228.8,244.9,False,0.1391,6,0.0,0.3301,clean,none
G:\GitHub\DiT\MCCD\MCCD\MCCD-Calligrapher\calligrapher_dataset\于右任\巖-楷-近-于右任-80879.png,于右任,楷,巖,近,80879,巖-楷-近-于右任-80879.png,mccd_salvage,ok,280,295,226.1,234.5,False,0.2781,5,0.0008,0.6146,clean,none
G:\GitHub\DiT\MCCD\MCCD\MCCD-Calligrapher\calligrapher_dataset\于右任\巖-行-近-于右任-80887.png,于右任,行,巖,近,80887,巖-行-近-于右任-80887.png,mccd_salvage,ok,208,226,242.1,202.3,False,0.3565,2,0.0,0.7695,clean,none
G:\GitHub\DiT\MCCD\MCCD\MCCD-Calligrapher\calligrapher_dataset\于右任\左-行-近-于右任-81751.png,于右任,行,左,近,81751,左-行-近-于右任-81751.png,mccd_salvage,ok,180,276,239.1,220.2,False,0.2963,2,0.0,0.6659,clean,none
G:\GitHub\DiT\MCCD\MCCD\MCCD-Calligrapher\calligrapher_dataset\于右任\巨-行-近-于右任-81850.png,于右任,行,巨,近,81850,巨-行-近-于右任-81850.png,mccd_salvage,ok,191,202,216.5,122.9,False,0.5837,1,0.0,1.0,broken,too_solid
G:\GitHub\DiT\MCCD\MCCD\MCCD-Calligrapher\calligrapher_dataset\于右任\弱-行-近-于右任-89797.png,于右任,行,弱,近,89797,弱-行-近-于右任-89797.png,mccd_salvage,ok,255,287,231.9,199.1,False,0.3027,1,0.0,1.0,clean,none
G:\GitHub\DiT\MCCD\MCCD\MCCD-Calligrapher\calligrapher_dataset\于右任\張-楷-近-于右任-89914.png,于右任,楷,張,近,89914,張-楷-近-于右任-89914.png,mccd_salvage,ok,283,213,220.8,223.4,False,0.2541,5,0.0017,0.6024,clean,none
G:\GitHub\DiT\MCCD\MCCD\MCCD-Calligrapher\calligrapher_dataset\于右任\彖-楷-近-于右任-90673.png,于右任,楷,彖,近,90673,彖-楷-近-于右任-90673.png,mccd_salvage,ok,249,271,240.4,232.4,False,0.2542,2,0.0,0.9839,clean,none
G:\GitHub\DiT\MCCD\MCCD\MCCD-Calligrapher\calligrapher_dataset\于右任\性-行-近-于右任-96781.png,于右任,行,性,近,96781,性-行-近-于右任-96781.png,mccd_salvage,ok,224,224,232.6,207.6,False,0.2738,2,0.0,0.691,clean,none
G:\GitHub\DiT\MCCD\MCCD\MCCD-Calligrapher\calligrapher_dataset\于右任\愈-楷-近-于右任-99582.png,于右任,楷,愈,近,99582,愈-楷-近-于右任-99582.png,mccd_salvage,ok,297,257,231.9,236.6,False,0.1352,12,0.0015,0.2775,clean,none
G:\GitHub\DiT\MCCD\MCCD\MCCD-Calligrapher\calligrapher_dataset\于右任\戰-行-近-于右任-2893.png,于右任,行,戰,近,2893,戰-行-近-于右任-2893.png,mccd_salvage,ok,211,270,242.5,224.9,False,0.2061,4,0.0,0.6063,clean,none
G:\GitHub\DiT\MCCD\MCCD\MCCD-Calligrapher\calligrapher_dataset\于右任\攘-行-近-于右任-921.png,于右任,行,攘,近,921,攘-行-近-于右任-921.png,mccd_salvage,ok,248,272,241.4,224.7,False,0.2433,5,0.0,0.582,clean,none
G:\GitHub\DiT\MCCD\MCCD\MCCD-Calligrapher\calligrapher_dataset\于右任\攻-行-近-于右任-1571.png,于右任,行,攻,近,1571,攻-行-近-于右任-1571.png,mccd_salvage,ok,263,191,233.5,212.7,False,0.1965,3,0.0,0.5943,clean,none
G:\GitHub\DiT\MCCD\MCCD\MCCD-Calligrapher\calligrapher_dataset\于右任\救-楷-近-于右任-2286.png,于右任,楷,救,近,2286,救-楷-近-于右任-2286.png,mccd_salvage,ok,278,129,234.5,218.7,False,0.1546,13,0.0036,0.4324,clean,none
G:\GitHub\DiT\MCCD\MCCD\MCCD-Calligrapher\calligrapher_dataset\于右任\料-行-近-于右任-4457.png,于右任,行,料,近,4457,料-行-近-于右任-4457.png,mccd_salvage,ok,214,343,236.1,207.7,False,0.2544,2,0.0,0.5362,clean,none
G:\GitHub\DiT\MCCD\MCCD\MCCD-Calligrapher\calligrapher_dataset\于右任\昌-楷-近-于右任-1926.png,于右任,楷,昌,近,1926,昌-楷-近-于右任-1926.png,mccd_salvage,ok,275,281,219.6,173.3,False,0.3856,6,0.0002,0.5093,clean,none
G:\GitHub\DiT\MCCD\MCCD\MCCD-Calligrapher\calligrapher_dataset\于右任\昔-行-近-于右任-2649.png,于右任,行,昔,近,2649,昔-行-近-于右任-2649.png,mccd_salvage,ok,156,306,241.7,215.0,False,0.2383,2,0.0,0.5899,clean,none
G:\GitHub\DiT\MCCD\MCCD\MCCD-Calligrapher\calligrapher_dataset\于右任\月-行-近-于右任-7802.png,于右任,行,月,近,7802,月-行-近-于右任-7802.png,mccd_salvage,ok,173,285,228.0,187.6,False,0.4192,1,0.0,1.0,clean,none
G:\GitHub\DiT\MCCD\MCCD\MCCD-Calligrapher\calligrapher_dataset\于右任\校-楷-近-于右任-12660.png,于右任,楷,校,近,12660,校-楷-近-于右任-12660.png,mccd_salvage,ok,283,153,239.0,236.0,False,0.1017,10,0.0016,0.5014,clean,none
G:\GitHub\DiT\MCCD\MCCD\MCCD-Calligrapher\calligrapher_dataset\于右任\楷-楷-近-于右任-15437.png,于右任,楷,楷,近,15437,楷-楷-近-于右任-15437.png,mccd_salvage,ok,259,189,240.4,211.5,False,0.1846,8,0.0,0.4422,clean,none
G:\GitHub\DiT\MCCD\MCCD\MCCD-Calligrapher\calligrapher_dataset\于右任\權-楷-近-于右任-17869.png,于右任,楷,權,近,17869,權-楷-近-于右任-17869.png,mccd_salvage,ok,286,269,243.0,236.3,False,0.2831,15,0.0016,0.7156,clean,none
G:\GitHub\DiT\MCCD\MCCD\MCCD-Calligrapher\calligrapher_dataset\于右任\歟-楷-近-于右任-18789.png,于右任,楷,歟,近,18789,歟-楷-近-于右任-18789.png,mccd_salvage,ok,279,205,247.2,232.3,False,0.2185,8,0.0001,0.5606,clean,none
G:\GitHub\DiT\MCCD\MCCD\MCCD-Calligrapher\calligrapher_dataset\于右任\殺-楷-近-于右任-21594.png,于右任,楷,殺,近,21594,殺-楷-近-于右任-21594.png,mccd_salvage,ok,272,182,247.0,214.8,False,0.2793,8,0.0041,0.4238,clean,none
G:\GitHub\DiT\MCCD\MCCD\MCCD-Calligrapher\calligrapher_dataset\于右任\殽-楷-近-于右任-21645.png,于右任,楷,殽,近,21645,殽-楷-近-于右任-21645.png,mccd_salvage,ok,262,188,242.7,225.1,False,0.2313,3,0.0,0.5784,clean,none
G:\GitHub\DiT\MCCD\MCCD\MCCD-Calligrapher\calligrapher_dataset\于右任\毅-楷-近-于右任-21861.png,于右任,楷,毅,近,21861,毅-楷-近-于右任-21861.png,mccd_salvage,ok,252,208,235.3,243.9,False,0.1014,20,0.004,0.201,clean,none
G:\GitHub\DiT\MCCD\MCCD\MCCD-Calligrapher\calligrapher_dataset\于右任\毛-行-近-于右任-22997.png,于右任,行,毛,近,22997,毛-行-近-于右任-22997.png,mccd_salvage,ok,156,352,237.5,221.8,False,0.2735,2,0.0,0.7876,clean,none
G:\GitHub\DiT\MCCD\MCCD\MCCD-Calligrapher\calligrapher_dataset\于右任\江-行-近-于右任-25318.png,于右任,行,江,近,25318,江-行-近-于右任-25318.png,mccd_salvage,ok,198,222,221.0,179.7,False,0.2525,3,0.0,0.6334,clean,none
G:\GitHub\DiT\MCCD\MCCD\MCCD-Calligrapher\calligrapher_dataset\于右任\法-行-近-于右任-26863.png,于右任,行,法,近,26863,法-行-近-于右任-26863.png,mccd_salvage,ok,200,184,231.4,195.8,False,0.2634,2,0.0,0.9671,clean,none
G:\GitHub\DiT\MCCD\MCCD\MCCD-Calligrapher\calligrapher_dataset\于右任\洛-楷-近-于右任-27551.png,于右任,楷,洛,近,27551,洛-楷-近-于右任-27551.png,mccd_salvage,ok,295,197,207.9,240.3,False,0.2231,5,0.0,0.6617,clean,none
G:\GitHub\DiT\MCCD\MCCD\MCCD-Calligrapher\calligrapher_dataset\于右任\淖-楷-近-于右任-29294.png,于右任,楷,淖,近,29294,淖-楷-近-于右任-29294.png,mccd_salvage,ok,256,279,238.4,240.8,False,0.2481,10,0.001,0.8598,clean,none
G:\GitHub\DiT\MCCD\MCCD\MCCD-Calligrapher\calligrapher_dataset\于右任\湯-楷-近-于右任-31382.png,于右任,楷,湯,近,31382,湯-楷-近-于右任-31382.png,mccd_salvage,ok,288,261,233.2,210.3,False,0.3289,20,0.0061,0.8655,clean,none
G:\GitHub\DiT\MCCD\MCCD\MCCD-Calligrapher\calligrapher_dataset\于右任\源-楷-近-于右任-31480.png,于右任,楷,源,近,31480,源-楷-近-于右任-31480.png,mccd_salvage,ok,291,254,237.2,230.2,False,0.2822,18,0.0013,0.5777,clean,none
G:\GitHub\DiT\MCCD\MCCD\MCCD-Calligrapher\calligrapher_dataset\于右任\溢-楷-近-于右任-31611.png,于右任,楷,溢,近,31611,溢-楷-近-于右任-31611.png,mccd_salvage,ok,268,205,239.3,210.1,False,0.1869,8,0.002,0.4821,clean,none
G:\GitHub\DiT\MCCD\MCCD\MCCD-Calligrapher\calligrapher_dataset\于右任\炳-楷-近-于右任-35492.png,于右任,楷,炳,近,35492,炳-楷-近-于右任-35492.png,mccd_salvage,ok,278,209,234.2,224.2,False,0.213,6,0.0006,0.5379,clean,none
G:\GitHub\DiT\MCCD\MCCD\MCCD-Calligrapher\calligrapher_dataset\于右任\焚-楷-近-于右任-36754.png,于右任,楷,焚,近,36754,焚-楷-近-于右任-36754.png,mccd_salvage,ok,265,304,204.2,231.7,False,0.2182,10,0.0022,0.6875,clean,none
G:\GitHub\DiT\MCCD\MCCD\MCCD-Calligrapher\calligrapher_dataset\于右任\状-楷-近-于右任-41903.png,于右任,楷,状,近,41903,状-楷-近-于右任-41903.png,mccd_salvage,ok,299,179,233.2,216.5,False,0.2601,5,0.0,0.5398,clean,none
G:\GitHub\DiT\MCCD\MCCD\MCCD-Calligrapher\calligrapher_dataset\于右任\狀-楷-近-于右任-41976.png,于右任,楷,狀,近,41976,狀-楷-近-于右任-41976.png,mccd_salvage,ok,299,179,233.2,216.5,False,0.2601,5,0.0,0.5398,clean,none
G:\GitHub\DiT\MCCD\MCCD\MCCD-Calligrapher\calligrapher_dataset\于右任\玉-行-近-于右任-43964.png,于右任,行,玉,近,43964,玉-行-近-于右任-43964.png,mccd_salvage,ok,207,246,224.7,196.4,False,0.2923,2,0.0,0.9149,clean,none
G:\GitHub\DiT\MCCD\MCCD\MCCD-Calligrapher\calligrapher_dataset\于右任\王-行-近-于右任-44441.png,于右任,行,王,近,44441,王-行-近-于右任-44441.png,mccd_salvage,ok,164,282,228.7,199.8,False,0.3944,1,0.0,1.0,clean,none
G:\GitHub\DiT\MCCD\MCCD\MCCD-Calligrapher\calligrapher_dataset\于右任\盪-楷-近-于右任-55414.png,于右任,楷,盪,近,55414,盪-楷-近-于右任-55414.png,mccd_salvage,ok,261,321,237.2,224.4,False,0.4199,5,0.0,0.8939,clean,none
G:\GitHub\DiT\MCCD\MCCD\MCCD-Calligrapher\calligrapher_dataset\于右任\禦-楷-近-于右任-62320.png,于右任,楷,禦,近,62320,禦-楷-近-于右任-62320.png,mccd_salvage,ok,264,297,244.7,203.7,False,0.2452,10,0.0008,0.272,clean,none
G:\GitHub\DiT\MCCD\MCCD\MCCD-Calligrapher\calligrapher_dataset\于右任\種-楷-近-于右任-64221.png,于右任,楷,種,近,64221,種-楷-近-于右任-64221.png,mccd_salvage,ok,277,239,237.5,230.8,False,0.278,5,0.0004,0.506,clean,none
G:\GitHub\DiT\MCCD\MCCD\MCCD-Calligrapher\calligrapher_dataset\于右任\究-楷-近-于右任-65143.png,于右任,楷,究,近,65143,究-楷-近-于右任-65143.png,mccd_salvage,ok,260,300,223.6,222.9,False,0.1659,7,0.0,0.4752,clean,none
G:\GitHub\DiT\MCCD\MCCD\MCCD-Calligrapher\calligrapher_dataset\于右任\窺-楷-近-于右任-65783.png,于右任,楷,窺,近,65783,窺-楷-近-于右任-65783.png,mccd_salvage,ok,271,220,229.1,203.8,False,0.275,5,0.0007,0.4409,clean,none
G:\GitHub\DiT\MCCD\MCCD\MCCD-Calligrapher\calligrapher_dataset\于右任\竇-楷-近-于右任-65881.png,于右任,楷,竇,近,65881,竇-楷-近-于右任-65881.png,mccd_salvage,ok,274,385,249.3,234.2,False,0.2533,6,0.0013,0.4547,clean,none
G:\GitHub\DiT\MCCD\MCCD\MCCD-Calligrapher\calligrapher_dataset\于右任\策-行-近-于右任-67826.png,于右任,行,策,近,67826,策-行-近-于右任-67826.png,mccd_salvage,ok,204,351,242.4,201.9,False,0.2338,4,0.0,0.5279,clean,none
G:\GitHub\DiT\MCCD\MCCD\MCCD-Calligrapher\calligrapher_dataset\于右任\篆-楷-近-于右任-68608.png,于右任,楷,篆,近,68608,篆-楷-近-于右任-68608.png,mccd_salvage,ok,257,359,234.4,238.0,False,0.2735,16,0.003,0.8134,clean,none
G:\GitHub\DiT\MCCD\MCCD\MCCD-Calligrapher\calligrapher_dataset\于右任\籌-楷-近-于右任-69403.png,于右任,楷,籌,近,69403,籌-楷-近-于右任-69403.png,mccd_salvage,ok,278,272,246.8,239.1,False,0.1264,18,0.007,0.399,clean,none
G:\GitHub\DiT\MCCD\MCCD\MCCD-Calligrapher\calligrapher_dataset\于右任\統-楷-近-于右任-72606.png,于右任,楷,統,近,72606,統-楷-近-于右任-72606.png,mccd_salvage,ok,286,200,231.9,194.0,False,0.2285,11,0.0012,0.5082,clean,none
G:\GitHub\DiT\MCCD\MCCD\MCCD-Calligrapher\calligrapher_dataset\于右任\綢-楷-近-于右任-73272.png,于右任,楷,綢,近,73272,綢-楷-近-于右任-73272.png,mccd_salvage,ok,280,177,238.4,210.1,False,0.1778,18,0.0043,0.3436,clean,none
G:\GitHub\DiT\MCCD\MCCD\MCCD-Calligrapher\calligrapher_dataset\于右任\緖-楷-近-于右任-73873.png,于右任,楷,緖,近,73873,緖-楷-近-于右任-73873.png,mccd_salvage,ok,269,260,242.2,222.3,False,0.3234,5,0.0,0.6798,clean,none
G:\GitHub\DiT\MCCD\MCCD\MCCD-Calligrapher\calligrapher_dataset\于右任\總-楷-近-于右任-74961.png,于右任,楷,總,近,74961,總-楷-近-于右任-74961.png,mccd_salvage,ok,294,195,216.8,233.7,False,0.1562,18,0.0042,0.2499,clean,none
G:\GitHub\DiT\MCCD\MCCD\MCCD-Calligrapher\calligrapher_dataset\于右任\繆-楷-近-于右任-75105.png,于右任,楷,繆,近,75105,繆-楷-近-于右任-75105.png,mccd_salvage,ok,251,183,243.7,217.6,False,0.1457,18,0.0009,0.1713,clean,none
G:\GitHub\DiT\MCCD\MCCD\MCCD-Calligrapher\calligrapher_dataset\于右任\織-楷-近-于右任-75252.png,于右任,楷,織,近,75252,織-楷-近-于右任-75252.png,mccd_salvage,ok,267,246,245.7,240.8,False,0.0991,21,0.0086,0.4624,clean,none
G:\GitHub\DiT\MCCD\MCCD\MCCD-Calligrapher\calligrapher_dataset\于右任\翟-楷-近-于右任-78583.png,于右任,楷,翟,近,78583,翟-楷-近-于右任-78583.png,mccd_salvage,ok,253,299,214.9,220.5,False,0.3086,13,0.0009,0.3961,clean,none
G:\GitHub\DiT\MCCD\MCCD\MCCD-Calligrapher\calligrapher_dataset\于右任\翹-楷-近-于右任-78926.png,于右任,楷,翹,近,78926,翹-楷-近-于右任-78926.png,mccd_salvage,ok,290,222,234.0,232.8,False,0.3072,6,0.0009,0.9702,clean,none
G:\GitHub\DiT\MCCD\MCCD\MCCD-Calligrapher\calligrapher_dataset\于右任\耀-楷-近-于右任-79110.png,于右任,楷,耀,近,79110,耀-楷-近-于右任-79110.png,mccd_salvage,ok,268,253,221.7,231.8,False,0.2699,6,0.0,0.3517,clean,none
G:\GitHub\DiT\MCCD\MCCD\MCCD-Calligrapher\calligrapher_dataset\于右任\聾-楷-近-于右任-82404.png,于右任,楷,聾,近,82404,聾-楷-近-于右任-82404.png,mccd_salvage,ok,253,259,209.4,225.0,False,0.1823,23,0.0048,0.2174,clean,none
G:\GitHub\DiT\MCCD\MCCD\MCCD-Calligrapher\calligrapher_dataset\于右任\肥-行-近-于右任-82931.png,于右任,行,肥,近,82931,肥-行-近-于右任-82931.png,mccd_salvage,ok,253,172,232.3,175.2,False,0.4157,2,0.0,0.547,clean,none
G:\GitHub\DiT\MCCD\MCCD\MCCD-Calligrapher\calligrapher_dataset\于右任\腦-楷-近-于右任-84778.png,于右任,楷,腦,近,84778,腦-楷-近-于右任-84778.png,mccd_salvage,ok,290,166,242.2,220.1,False,0.1874,8,0.0,0.3862,clean,none
G:\GitHub\DiT\MCCD\MCCD\MCCD-Calligrapher\calligrapher_dataset\于右任\腹-楷-近-于右任-84980.png,于右任,楷,腹,近,84980,腹-楷-近-于右任-84980.png,mccd_salvage,ok,275,203,241.8,203.7,False,0.2356,3,0.0,0.523,clean,none
G:\GitHub\DiT\MCCD\MCCD\MCCD-Calligrapher\calligrapher_dataset\于右任\艱-楷-近-于右任-89107.png,于右任,楷,艱,近,89107,艱-楷-近-于右任-89107.png,mccd_salvage,ok,281,214,237.0,243.2,False,0.1216,12,0.0005,0.2563,clean,none
G:\GitHub\DiT\MCCD\MCCD\MCCD-Calligrapher\calligrapher_dataset\于右任\苓-楷-近-于右任-89966.png,于右任,楷,苓,近,89966,苓-楷-近-于右任-89966.png,mccd_salvage,ok,269,226,246.7,241.4,False,0.1155,11,0.0041,0.3895,clean,none
G:\GitHub\DiT\MCCD\MCCD\MCCD-Calligrapher\calligrapher_dataset\于右任\英-行-近-于右任-90562.png,于右任,行,英,近,90562,英-行-近-于右任-90562.png,mccd_salvage,ok,157,229,237.2,207.8,False,0.3206,3,0.0,0.8889,clean,none
G:\GitHub\DiT\MCCD\MCCD\MCCD-Calligrapher\calligrapher_dataset\于右任\著-楷-近-于右任-93636.png,于右任,楷,著,近,93636,著-楷-近-于右任-93636.png,mccd_salvage,ok,285,272,233.2,240.9,False,0.2364,7,0.0043,0.9649,clean,none
G:\GitHub\DiT\MCCD\MCCD\MCCD-Calligrapher\calligrapher_dataset\于右任\蔚-楷-近-于右任-94963.png,于右任,楷,蔚,近,94963,蔚-楷-近-于右任-94963.png,mccd_salvage,ok,249,250,250.9,234.9,False,0.108,15,0.0055,0.3074,clean,none
G:\GitHub\DiT\MCCD\MCCD\MCCD-Calligrapher\calligrapher_dataset\于右任\虜-楷-近-于右任-97873.png,于右任,楷,虜,近,97873,虜-楷-近-于右任-97873.png,mccd_salvage,ok,262,340,242.3,223.1,False,0.2907,6,0.0,0.565,clean,none
G:\GitHub\DiT\MCCD\MCCD\MCCD-Calligrapher\calligrapher_dataset\于右任\衛-楷-近-于右任-101323.png,于右任,楷,衛,近,101323,衛-楷-近-于右任-101323.png,mccd_salvage,ok,281,195,236.6,233.2,False,0.2296,8,0.0,0.2283,clean,none
G:\GitHub\DiT\MCCD\MCCD\MCCD-Calligrapher\calligrapher_dataset\于右任\衞-楷-近-于右任-101468.png,于右任,楷,衞,近,101468,衞-楷-近-于右任-101468.png,mccd_salvage,ok,281,195,236.6,233.2,False,0.2296,8,0.0,0.2283,clean,none
G:\GitHub\DiT\MCCD\MCCD\MCCD-Calligrapher\calligrapher_dataset\于右任\表-行-近-于右任-101851.png,于右任,行,表,近,101851,表-行-近-于右任-101851.png,mccd_salvage,ok,202,255,236.0,220.3,False,0.2182,2,0.0,0.8843,clean,none
G:\GitHub\DiT\MCCD\MCCD\MCCD-Calligrapher\calligrapher_dataset\于右任\襄-楷-近-于右任-103543.png,于右任,楷,襄,近,103543,襄-楷-近-于右任-103543.png,mccd_salvage,ok,255,328,244.1,218.3,False,0.2576,7,0.0,0.6435,clean,none
G:\GitHub\DiT\MCCD\MCCD\MCCD-Calligrapher\calligrapher_dataset\于右任\豤-楷-近-于右任-112639.png,于右任,楷,豤,近,112639,豤-楷-近-于右任-112639.png,mccd_salvage,ok,283,217,226.5,215.8,False,0.2824,7,0.0004,0.5518,clean,none
G:\GitHub\DiT\MCCD\MCCD\MCCD-Calligrapher\calligrapher_dataset\于右任\費-楷-近-于右任-114304.png,于右任,楷,費,近,114304,費-楷-近-于右任-114304.png,mccd_salvage,ok,275,331,230.3,234.2,False,0.1952,6,0.001,0.8567,clean,none
G:\GitHub\DiT\MCCD\MCCD\MCCD-Calligrapher\calligrapher_dataset\于右任\賑-楷-近-于右任-114715.png,于右任,楷,賑,近,114715,賑-楷-近-于右任-114715.png,mccd_salvage,ok,293,189,225.0,231.1,False,0.2348,9,0.0023,0.5058,clean,none
G:\GitHub\DiT\MCCD\MCCD\MCCD-Calligrapher\calligrapher_dataset\于右任\跋-行-近-于右任-117243.png,于右任,行,跋,近,117243,跋-行-近-于右任-117243.png,mccd_salvage,ok,206,162,222.7,183.4,False,0.356,4,0.0,0.5656,clean,none
G:\GitHub\DiT\MCCD\MCCD\MCCD-Calligrapher\calligrapher_dataset\于右任\辦-楷-近-于右任-121614.png,于右任,楷,辦,近,121614,辦-楷-近-于右任-121614.png,mccd_salvage,ok,279,269,212.0,237.2,False,0.2318,7,0.0013,0.5121,clean,none
G:\GitHub\DiT\MCCD\MCCD\MCCD-Calligrapher\calligrapher_dataset\于右任\逾-行-近-于右任-124468.png,于右任,行,逾,近,124468,逾-行-近-于右任-124468.png,mccd_salvage,ok,250,227,217.3,159.6,False,0.4292,1,0.0,1.0,clean,none
G:\GitHub\DiT\MCCD\MCCD\MCCD-Calligrapher\calligrapher_dataset\于右任\遭-楷-近-于右任-125918.png,于右任,楷,遭,近,125918,遭-楷-近-于右任-125918.png,mccd_salvage,ok,277,241,233.2,237.7,False,0.1734,15,0.0015,0.3285,clean,none
G:\GitHub\DiT\MCCD\MCCD\MCCD-Calligrapher\calligrapher_dataset\于右任\鄜-楷-近-于右任-129224.png,于右任,楷,鄜,近,129224,鄜-楷-近-于右任-129224.png,mccd_salvage,ok,290,230,235.3,228.6,False,0.2649,6,0.0006,0.4832,clean,none
G:\GitHub\DiT\MCCD\MCCD\MCCD-Calligrapher\calligrapher_dataset\于右任\鄞-楷-近-于右任-129243.png,于右任,楷,鄞,近,129243,鄞-楷-近-于右任-129243.png,mccd_salvage,ok,258,271,247.6,226.7,False,0.1791,11,0.0029,0.336,clean,none
G:\GitHub\DiT\MCCD\MCCD\MCCD-Calligrapher\calligrapher_dataset\于右任\釗-楷-近-于右任-131920.png,于右任,楷,釗,近,131920,釗-楷-近-于右任-131920.png,mccd_salvage,ok,285,243,217.1,197.4,False,0.2172,6,0.0009,0.3304,clean,none
G:\GitHub\DiT\MCCD\MCCD\MCCD-Calligrapher\calligrapher_dataset\于右任\錫-楷-近-于右任-133728.png,于右任,楷,錫,近,133728,錫-楷-近-于右任-133728.png,mccd_salvage,ok,240,240,234.1,235.0,False,0.1412,13,0.0001,0.2506,clean,none
G:\GitHub\DiT\MCCD\MCCD\MCCD-Calligrapher\calligrapher_dataset\于右任\鎔-楷-近-于右任-134227.png,于右任,楷,鎔,近,134227,鎔-楷-近-于右任-134227.png,mccd_salvage,ok,291,173,229.6,214.7,False,0.2469,10,0.0,0.22,clean,none
G:\GitHub\DiT\MCCD\MCCD\MCCD-Calligrapher\calligrapher_dataset\于右任\鎭-楷-近-于右任-134377.png,于右任,楷,鎭,近,134377,鎭-楷-近-于右任-134377.png,mccd_salvage,ok,287,202,233.3,214.9,False,0.2662,8,0.0003,0.4328,clean,none
G:\GitHub\DiT\MCCD\MCCD\MCCD-Calligrapher\calligrapher_dataset\于右任\鎮-楷-近-于右任-134409.png,于右任,楷,鎮,近,134409,鎮-楷-近-于右任-134409.png,mccd_salvage,ok,287,202,233.3,214.9,False,0.2662,8,0.0003,0.4328,clean,none
G:\GitHub\DiT\MCCD\MCCD\MCCD-Calligrapher\calligrapher_dataset\于右任\闡-楷-近-于右任-137226.png,于右任,楷,闡,近,137226,闡-楷-近-于右任-137226.png,mccd_salvage,ok,255,280,234.3,169.4,False,0.1842,21,0.0043,0.3089,clean,none
G:\GitHub\DiT\MCCD\MCCD\MCCD-Calligrapher\calligrapher_dataset\于右任\附-楷-近-于右任-137723.png,于右任,楷,附,近,137723,附-楷-近-于右任-137723.png,mccd_salvage,ok,279,236,250.8,227.9,False,0.152,9,0.0012,0.3917,clean,none
G:\GitHub\DiT\MCCD\MCCD\MCCD-Calligrapher\calligrapher_dataset\于右任\降-楷-近-于右任-137923.png,于右任,楷,降,近,137923,降-楷-近-于右任-137923.png,mccd_salvage,ok,265,294,248.7,217.8,False,0.26,4,0.0013,0.6752,clean,none
G:\GitHub\DiT\MCCD\MCCD\MCCD-Calligrapher\calligrapher_dataset\于右任\陝-楷-近-于右任-138074.png,于右任,楷,陝,近,138074,陝-楷-近-于右任-138074.png,mccd_salvage,ok,257,222,212.7,231.6,False,0.2266,4,0.0,0.6075,clean,none
G:\GitHub\DiT\MCCD\MCCD\MCCD-Calligrapher\calligrapher_dataset\于右任\隻-楷-近-于右任-140299.png,于右任,楷,隻,近,140299,隻-楷-近-于右任-140299.png,mccd_salvage,ok,266,265,217.2,227.3,False,0.1479,13,0.0024,0.4256,clean,none
G:\GitHub\DiT\MCCD\MCCD\MCCD-Calligrapher\calligrapher_dataset\于右任\雕-楷-近-于右任-140870.png,于右任,楷,雕,近,140870,雕-楷-近-于右任-140870.png,mccd_salvage,ok,273,250,244.1,229.2,False,0.2977,15,0.0023,0.9942,clean,none
G:\GitHub\DiT\MCCD\MCCD\MCCD-Calligrapher\calligrapher_dataset\于右任\雪-行-近-于右任-141827.png,于右任,行,雪,近,141827,雪-行-近-于右任-141827.png,mccd_salvage,ok,218,213,215.7,183.2,False,0.3746,1,0.0,1.0,clean,none
G:\GitHub\DiT\MCCD\MCCD\MCCD-Calligrapher\calligrapher_dataset\于右任\靖-楷-近-于右任-143421.png,于右任,楷,靖,近,143421,靖-楷-近-于右任-143421.png,mccd_salvage,ok,253,236,247.4,242.7,False,0.0811,15,0.0008,0.323,clean,none
G:\GitHub\DiT\MCCD\MCCD\MCCD-Calligrapher\calligrapher_dataset\于右任\静-行-近-于右任-143542.png,于右任,行,静,近,143542,静-行-近-于右任-143542.png,mccd_salvage,ok,262,232,234.3,211.3,False,0.3981,2,0.0,0.6807,clean,none
G:\GitHub\DiT\MCCD\MCCD\MCCD-Calligrapher\calligrapher_dataset\于右任\靜-行-近-于右任-143663.png,于右任,行,靜,近,143663,靜-行-近-于右任-143663.png,mccd_salvage,ok,262,232,234.3,211.3,False,0.3981,2,0.0,0.6807,clean,none
G:\GitHub\DiT\MCCD\MCCD\MCCD-Calligrapher\calligrapher_dataset\于右任\驂-楷-近-于右任-151271.png,于右任,楷,驂,近,151271,驂-楷-近-于右任-151271.png,mccd_salvage,ok,287,163,239.9,229.1,False,0.1848,21,0.0096,0.3744,clean,none
G:\GitHub\DiT\MCCD\MCCD\MCCD-Calligrapher\calligrapher_dataset\于右任\鬥-楷-近-于右任-153085.png,于右任,楷,鬥,近,153085,鬥-楷-近-于右任-153085.png,mccd_salvage,ok,229,214,206.3,196.3,False,0.1474,7,0.0024,0.3784,clean,none
G:\GitHub\DiT\MCCD\MCCD\MCCD-Calligrapher\calligrapher_dataset\于右任\麟-楷-近-于右任-157593.png,于右任,楷,麟,近,157593,麟-楷-近-于右任-157593.png,mccd_salvage,ok,282,246,220.8,246.8,False,0.2321,6,0.0,0.5206,clean,none
G:\GitHub\DiT\MCCD\MCCD\MCCD-Calligrapher\calligrapher_dataset\于右任\黷-楷-近-于右任-159226.png,于右任,楷,黷,近,159226,黷-楷-近-于右任-159226.png,mccd_salvage,ok,264,279,233.3,226.9,False,0.3121,10,0.001,0.5039,clean,none
G:\GitHub\DiT\MCCD\MCCD\MCCD-Calligrapher\calligrapher_dataset\何绍基\下-隶-清-何绍基-1865.png,何绍基,隶,下,清,1865,下-隶-清-何绍基-1865.png,mccd_salvage,ok,266,143,211.5,183.8,False,0.1967,1,0.0,1.0,clean,none
G:\GitHub\DiT\MCCD\MCCD\MCCD-Calligrapher\calligrapher_dataset\何绍基\位-隶-清-何绍基-17086.png,何绍基,隶,位,清,17086,位-隶-清-何绍基-17086.png,mccd_salvage,ok,274,223,233.5,205.5,False,0.3993,2,0.0,0.7795,clean,none
G:\GitHub\DiT\MCCD\MCCD\MCCD-Calligrapher\calligrapher_dataset\何绍基\位-隶-清-何绍基-17087.png,何绍基,隶,位,清,17087,位-隶-清-何绍基-17087.png,mccd_salvage,ok,274,167,243.2,224.8,False,0.241,3,0.0,0.6096,clean,none
G:\GitHub\DiT\MCCD\MCCD\MCCD-Calligrapher\calligrapher_dataset\何绍基\傳-行-清-何绍基-22072.png,何绍基,行,傳,清,22072,傳-行-清-何绍基-22072.png,mccd_salvage,ok,174,244,232.5,173.7,False,0.4741,1,0.0,1.0,clean,none
G:\GitHub\DiT\MCCD\MCCD\MCCD-Calligrapher\calligrapher_dataset\何绍基\前-隶-清-何绍基-32029.png,何绍基,隶,前,清,32029,前-隶-清-何绍基-32029.png,mccd_salvage,ok,278,187,237.5,200.7,False,0.3027,4,0.0,0.4626,clean,none
G:\GitHub\DiT\MCCD\MCCD\MCCD-Calligrapher\calligrapher_dataset\何绍基\北-行-清-何绍基-35067.png,何绍基,行,北,清,35067,北-行-清-何绍基-35067.png,mccd_salvage,ok,172,173,219.3,149.9,False,0.5032,2,0.0,0.5379,clean,none
G:\GitHub\DiT\MCCD\MCCD\MCCD-Calligrapher\calligrapher_dataset\何绍基\南-行-清-何绍基-37048.png,何绍基,行,南,清,37048,南-行-清-何绍基-37048.png,mccd_salvage,ok,224,227,231.8,193.5,False,0.428,1,0.0,1.0,clean,none
G:\GitHub\DiT\MCCD\MCCD\MCCD-Calligrapher\calligrapher_dataset\何绍基\南-隶-清-何绍基-36990.png,何绍基,隶,南,清,36990,南-隶-清-何绍基-36990.png,mccd_salvage,ok,215,149,238.5,186.2,False,0.3118,1,0.0,1.0,clean,none
G:\GitHub\DiT\MCCD\MCCD\MCCD-Calligrapher\calligrapher_dataset\何绍基\古-行-清-何绍基-41949.png,何绍基,行,古,清,41949,古-行-清-何绍基-41949.png,mccd_salvage,ok,175,190,228.6,171.9,False,0.4762,1,0.0,1.0,clean,none
G:\GitHub\DiT\MCCD\MCCD\MCCD-Calligrapher\calligrapher_dataset\何绍基\品-行-清-何绍基-48230.png,何绍基,行,品,清,48230,品-行-清-何绍基-48230.png,mccd_salvage,ok,197,192,224.3,180.7,False,0.3791,3,0.0,0.5025,clean,none
G:\GitHub\DiT\MCCD\MCCD\MCCD-Calligrapher\calligrapher_dataset\何绍基\園-行-清-何绍基-53639.png,何绍基,行,園,清,53639,園-行-清-何绍基-53639.png,mccd_salvage,ok,257,285,192.8,117.4,False,0.5709,1,0.0,1.0,broken,too_solid
G:\GitHub\DiT\MCCD\MCCD\MCCD-Calligrapher\calligrapher_dataset\何绍基\土-行-清-何绍基-54097.png,何绍基,行,土,清,54097,土-行-清-何绍基-54097.png,mccd_salvage,ok,245,242,223.8,197.7,False,0.2723,2,0.0,0.5481,clean,none
G:\GitHub\DiT\MCCD\MCCD\MCCD-Calligrapher\calligrapher_dataset\何绍基\夲-行-清-何绍基-61778.png,何绍基,行,夲,清,61778,夲-行-清-何绍基-61778.png,mccd_salvage,ok,220,225,242.4,223.3,False,0.3775,1,0.0,1.0,clean,none
G:\GitHub\DiT\MCCD\MCCD\MCCD-Calligrapher\calligrapher_dataset\何绍基\完-隶-清-何绍基-70333.png,何绍基,隶,完,清,70333,完-隶-清-何绍基-70333.png,mccd_salvage,ok,226,171,225.6,168.3,False,0.2959,5,0.0006,0.5681,clean,none
G:\GitHub\DiT\MCCD\MCCD\MCCD-Calligrapher\calligrapher_dataset\何绍基\宕-行-清-何绍基-70464.png,何绍基,行,宕,清,70464,宕-行-清-何绍基-70464.png,mccd_salvage,ok,192,204,242.4,213.9,False,0.2707,2,0.0,0.5106,clean,none
G:\GitHub\DiT\MCCD\MCCD\MCCD-Calligrapher\calligrapher_dataset\何绍基\巾-楷-清-何绍基-82754.png,何绍基,楷,巾,清,82754,巾-楷-清-何绍基-82754.png,mccd_salvage,ok,161,276,236.1,204.6,False,0.2622,1,0.0,1.0,clean,none
G:\GitHub\DiT\MCCD\MCCD\MCCD-Calligrapher\calligrapher_dataset\何绍基\巾-行-清-何绍基-82763.png,何绍基,行,巾,清,82763,巾-行-清-何绍基-82763.png,mccd_salvage,ok,168,290,224.6,189.2,False,0.3739,1,0.0,1.0,clean,none
G:\GitHub\DiT\MCCD\MCCD\MCCD-Calligrapher\calligrapher_dataset\何绍基\往-行-清-何绍基-92534.png,何绍基,行,往,清,92534,往-行-清-何绍基-92534.png,mccd_salvage,ok,205,216,234.0,169.7,False,0.3448,2,0.0,0.5833,clean,none
G:\GitHub\DiT\MCCD\MCCD\MCCD-Calligrapher\calligrapher_dataset\何绍基\春-行-清-何绍基-3053.png,何绍基,行,春,清,3053,春-行-清-何绍基-3053.png,mccd_salvage,ok,264,209,237.0,216.1,False,0.2912,2,0.0,0.6993,clean,none
G:\GitHub\DiT\MCCD\MCCD\MCCD-Calligrapher\calligrapher_dataset\何绍基\曰-隶-清-何绍基-6159.png,何绍基,隶,曰,清,6159,曰-隶-清-何绍基-6159.png,mccd_salvage,ok,262,228,233.1,170.1,False,0.5405,1,0.0,1.0,clean,none
G:\GitHub\DiT\MCCD\MCCD\MCCD-Calligrapher\calligrapher_dataset\何绍基\木-行-清-何绍基-9297.png,何绍基,行,木,清,9297,木-行-清-何绍基-9297.png,mccd_salvage,ok,222,271,242.5,226.2,False,0.3133,2,0.0,0.8832,clean,none
G:\GitHub\DiT\MCCD\MCCD\MCCD-Calligrapher\calligrapher_dataset\何绍基\本-行-清-何绍基-9741.png,何绍基,行,本,清,9741,本-行-清-何绍基-9741.png,mccd_salvage,ok,220,225,242.4,223.3,False,0.3775,1,0.0,1.0,clean,none
G:\GitHub\DiT\MCCD\MCCD\MCCD-Calligrapher\calligrapher_dataset\何绍基\束-行-清-何绍基-10560.png,何绍基,行,束,清,10560,束-行-清-何绍基-10560.png,mccd_salvage,ok,219,240,240.3,222.3,False,0.3548,2,0.0,0.9947,clean,none
G:\GitHub\DiT\MCCD\MCCD\MCCD-Calligrapher\calligrapher_dataset\何绍基\枯-行-清-何绍基-11637.png,何绍基,行,枯,清,11637,枯-行-清-何绍基-11637.png,mccd_salvage,ok,225,205,238.3,206.7,False,0.4591,1,0.0,1.0,clean,none
G:\GitHub\DiT\MCCD\MCCD\MCCD-Calligrapher\calligrapher_dataset\何绍基\榴-行-清-何绍基-15790.png,何绍基,行,榴,清,15790,榴-行-清-何绍基-15790.png,mccd_salvage,ok,226,219,231.2,198.1,False,0.4316,2,0.0,0.5205,clean,none
G:\GitHub\DiT\MCCD\MCCD\MCCD-Calligrapher\calligrapher_dataset\何绍基\此-隶-清-何绍基-19425.png,何绍基,隶,此,清,19425,此-隶-清-何绍基-19425.png,mccd_salvage,ok,277,185,228.1,222.7,False,0.1916,1,0.0,1.0,clean,none
G:\GitHub\DiT\MCCD\MCCD\MCCD-Calligrapher\calligrapher_dataset\何绍基\汝-行-清-何绍基-25204.png,何绍基,行,汝,清,25204,汝-行-清-何绍基-25204.png,mccd_salvage,ok,253,206,237.3,205.5,False,0.3231,3,0.0,0.6551,clean,none
G:\GitHub\DiT\MCCD\MCCD\MCCD-Calligrapher\calligrapher_dataset\何绍基\油-行-清-何绍基-26410.png,何绍基,行,油,清,26410,油-行-清-何绍基-26410.png,mccd_salvage,ok,189,199,215.7,154.6,False,0.447,3,0.0,0.7741,clean,none
G:\GitHub\DiT\MCCD\MCCD\MCCD-Calligrapher\calligrapher_dataset\何绍基\湯-行-清-何绍基-31387.png,何绍基,行,湯,清,31387,湯-行-清-何绍基-31387.png,mccd_salvage,ok,201,246,231.1,171.9,False,0.4935,3,0.0,0.5334,clean,none
G:\GitHub\DiT\MCCD\MCCD\MCCD-Calligrapher\calligrapher_dataset\何绍基\湲-楷-清-何绍基-31413.png,何绍基,楷,湲,清,31413,湲-楷-清-何绍基-31413.png,mccd_salvage,ok,232,229,229.3,169.4,False,0.3531,4,0.0,0.7789,clean,none
G:\GitHub\DiT\MCCD\MCCD\MCCD-Calligrapher\calligrapher_dataset\何绍基\澹-行-清-何绍基-33754.png,何绍基,行,澹,清,33754,澹-行-清-何绍基-33754.png,mccd_salvage,ok,238,253,230.0,193.8,False,0.3977,3,0.0,0.9254,clean,none
G:\GitHub\DiT\MCCD\MCCD\MCCD-Calligrapher\calligrapher_dataset\何绍基\煮-行-清-何绍基-37901.png,何绍基,行,煮,清,37901,煮-行-清-何绍基-37901.png,mccd_salvage,ok,236,240,240.8,226.4,False,0.378,3,0.0,0.8811,clean,none
G:\GitHub\DiT\MCCD\MCCD\MCCD-Calligrapher\calligrapher_dataset\何绍基\猿-行-清-何绍基-42858.png,何绍基,行,猿,清,42858,猿-行-清-何绍基-42858.png,mccd_salvage,ok,264,274,241.7,219.1,False,0.3558,1,0.0,1.0,clean,none
G:\GitHub\DiT\MCCD\MCCD\MCCD-Calligrapher\calligrapher_dataset\何绍基\瓶-行-清-何绍基-46685.png,何绍基,行,瓶,清,46685,瓶-行-清-何绍基-46685.png,mccd_salvage,ok,198,214,231.6,175.9,False,0.462,2,0.0,0.9469,clean,none
G:\GitHub\DiT\MCCD\MCCD\MCCD-Calligrapher\calligrapher_dataset\何绍基\甁-行-清-何绍基-46734.png,何绍基,行,甁,清,46734,甁-行-清-何绍基-46734.png,mccd_salvage,ok,198,214,231.6,175.9,False,0.462,2,0.0,0.9469,clean,none
G:\GitHub\DiT\MCCD\MCCD\MCCD-Calligrapher\calligrapher_dataset\何绍基\甑-行-清-何绍基-46832.png,何绍基,行,甑,清,46832,甑-行-清-何绍基-46832.png,mccd_salvage,ok,275,209,225.3,192.4,False,0.445,2,0.0004,0.9996,clean,none
G:\GitHub\DiT\MCCD\MCCD\MCCD-Calligrapher\calligrapher_dataset\何绍基\痕-行-清-何绍基-51493.png,何绍基,行,痕,清,51493,痕-行-清-何绍基-51493.png,mccd_salvage,ok,227,198,226.0,180.1,False,0.4176,2,0.0,0.5509,clean,none
G:\GitHub\DiT\MCCD\MCCD\MCCD-Calligrapher\calligrapher_dataset\何绍基\石-楷-清-何绍基-59085.png,何绍基,楷,石,清,59085,石-楷-清-何绍基-59085.png,mccd_salvage,ok,207,176,226.8,187.8,False,0.2685,2,0.0,0.5936,clean,none
G:\GitHub\DiT\MCCD\MCCD\MCCD-Calligrapher\calligrapher_dataset\何绍基\石-行-清-何绍基-59113.png,何绍基,行,石,清,59113,石-行-清-何绍基-59113.png,mccd_salvage,ok,174,216,241.5,194.9,False,0.1874,3,0.0,0.5141,clean,none
G:\GitHub\DiT\MCCD\MCCD\MCCD-Calligrapher\calligrapher_dataset\何绍基\石-隶-清-何绍基-59028.png,何绍基,隶,石,清,59028,石-隶-清-何绍基-59028.png,mccd_salvage,ok,277,191,230.2,186.0,False,0.2339,2,0.0,0.5492,clean,none
G:\GitHub\DiT\MCCD\MCCD\MCCD-Calligrapher\calligrapher_dataset\何绍基\秩-隶-清-何绍基-63658.png,何绍基,隶,秩,清,63658,秩-隶-清-何绍基-63658.png,mccd_salvage,ok,277,200,234.4,173.9,False,0.4921,3,0.0002,0.9241,clean,none
G:\GitHub\DiT\MCCD\MCCD\MCCD-Calligrapher\calligrapher_dataset\何绍基\米-行-清-何绍基-69693.png,何绍基,行,米,清,69693,米-行-清-何绍基-69693.png,mccd_salvage,ok,172,194,235.4,203.9,False,0.3654,2,0.0,0.8925,clean,none
G:\GitHub\DiT\MCCD\MCCD\MCCD-Calligrapher\calligrapher_dataset\何绍基\紅-行-清-何绍基-70756.png,何绍基,行,紅,清,70756,紅-行-清-何绍基-70756.png,mccd_salvage,ok,213,213,236.2,185.6,False,0.3885,2,0.0,0.5817,clean,none
G:\GitHub\DiT\MCCD\MCCD\MCCD-Calligrapher\calligrapher_dataset\何绍基\老-行-清-何绍基-79265.png,何绍基,行,老,清,79265,老-行-清-何绍基-79265.png,mccd_salvage,ok,169,213,232.6,184.7,False,0.4569,1,0.0,1.0,clean,none
G:\GitHub\DiT\MCCD\MCCD\MCCD-Calligrapher\calligrapher_dataset\何绍基\者-行-清-何绍基-80215.png,何绍基,行,者,清,80215,者-行-清-何绍基-80215.png,mccd_salvage,ok,230,242,229.9,206.3,False,0.3879,1,0.0,1.0,clean,none
G:\GitHub\DiT\MCCD\MCCD\MCCD-Calligrapher\calligrapher_dataset\何绍基\臨-行-清-何绍基-86205.png,何绍基,行,臨,清,86205,臨-行-清-何绍基-86205.png,mccd_salvage,ok,246,233,212.3,161.7,False,0.3996,6,0.0,0.5591,clean,none
G:\GitHub\DiT\MCCD\MCCD\MCCD-Calligrapher\calligrapher_dataset\何绍基\蕉-行-清-何绍基-95265.png,何绍基,行,蕉,清,95265,蕉-行-清-何绍基-95265.png,mccd_salvage,ok,220,288,235.8,202.1,False,0.3751,6,0.0,0.8596,clean,none
G:\GitHub\DiT\MCCD\MCCD\MCCD-Calligrapher\calligrapher_dataset\何绍基\薑-行-清-何绍基-95766.png,何绍基,行,薑,清,95766,薑-行-清-何绍基-95766.png,mccd_salvage,ok,167,231,225.0,178.5,False,0.4725,1,0.0,1.0,clean,none
G:\GitHub\DiT\MCCD\MCCD\MCCD-Calligrapher\calligrapher_dataset\何绍基\行-行-清-何绍基-101056.png,何绍基,行,行,清,101056,行-行-清-何绍基-101056.png,mccd_salvage,ok,230,270,240.4,227.1,False,0.2383,4,0.0,0.4268,clean,none
G:\GitHub\DiT\MCCD\MCCD\MCCD-Calligrapher\calligrapher_dataset\何绍基\行-隶-清-何绍基-100962.png,何绍基,隶,行,清,100962,行-隶-清-何绍基-100962.png,mccd_salvage,ok,257,161,234.8,215.9,False,0.2109,4,0.0,0.4321,clean,none
G:\GitHub\DiT\MCCD\MCCD\MCCD-Calligrapher\calligrapher_dataset\何绍基\行-隶-清-何绍基-100965.png,何绍基,隶,行,清,100965,行-隶-清-何绍基-100965.png,mccd_salvage,ok,273,181,239.7,195.1,False,0.2161,4,0.0,0.3871,clean,none
G:\GitHub\DiT\MCCD\MCCD\MCCD-Calligrapher\calligrapher_dataset\何绍基\行-隶-清-何绍基-100974.png,何绍基,隶,行,清,100974,行-隶-清-何绍基-100974.png,mccd_salvage,ok,294,311,239.3,215.2,False,0.2719,5,0.0002,0.3859,clean,none
G:\GitHub\DiT\MCCD\MCCD\MCCD-Calligrapher\calligrapher_dataset\何绍基\軍-楷-清-何绍基-119205.png,何绍基,楷,軍,清,119205,軍-楷-清-何绍基-119205.png,mccd_salvage,ok,184,255,227.0,193.7,False,0.3643,1,0.0,1.0,clean,none
G:\GitHub\DiT\MCCD\MCCD\MCCD-Calligrapher\calligrapher_dataset\何绍基\載-行-清-何绍基-119752.png,何绍基,行,載,清,119752,載-行-清-何绍基-119752.png,mccd_salvage,ok,215,188,230.8,191.9,False,0.3794,2,0.0,0.9482,clean,none
G:\GitHub\DiT\MCCD\MCCD\MCCD-Calligrapher\calligrapher_dataset\何绍基\還-行-清-何绍基-126627.png,何绍基,行,還,清,126627,還-行-清-何绍基-126627.png,mccd_salvage,ok,259,264,228.5,181.3,False,0.3914,5,0.0,0.9101,clean,none
G:\GitHub\DiT\MCCD\MCCD\MCCD-Calligrapher\calligrapher_dataset\何绍基\閒-楷-清-何绍基-136420.png,何绍基,楷,閒,清,136420,閒-楷-清-何绍基-136420.png,mccd_salvage,ok,219,238,206.0,149.8,False,0.281,8,0.0,0.2747,clean,none
G:\GitHub\DiT\MCCD\MCCD\MCCD-Calligrapher\calligrapher_dataset\何绍基\閒-隶-清-何绍基-136401.png,何绍基,隶,閒,清,136401,閒-隶-清-何绍基-136401.png,mccd_salvage,ok,282,251,207.1,145.6,False,0.4598,3,0.0,0.3679,clean,none
G:\GitHub\DiT\MCCD\MCCD\MCCD-Calligrapher\calligrapher_dataset\何绍基\陽-行-清-何绍基-139086.png,何绍基,行,陽,清,139086,陽-行-清-何绍基-139086.png,mccd_salvage,ok,221,240,230.8,147.2,False,0.5307,2,0.0,0.7222,clean,none
G:\GitHub\DiT\MCCD\MCCD\MCCD-Calligrapher\calligrapher_dataset\何绍基\難-行-清-何绍基-141472.png,何绍基,行,難,清,141472,難-行-清-何绍基-141472.png,mccd_salvage,ok,195,224,233.9,170.4,False,0.4788,2,0.0,0.6114,clean,none
G:\GitHub\DiT\MCCD\MCCD\MCCD-Calligrapher\calligrapher_dataset\何绍基\雪-行-清-何绍基-141823.png,何绍基,行,雪,清,141823,雪-行-清-何绍基-141823.png,mccd_salvage,ok,243,293,222.6,152.6,False,0.4628,2,0.0,0.7886,clean,none
G:\GitHub\DiT\MCCD\MCCD\MCCD-Calligrapher\calligrapher_dataset\何绍基\雲-行-清-何绍基-141972.png,何绍基,行,雲,清,141972,雲-行-清-何绍基-141972.png,mccd_salvage,ok,175,231,213.0,169.2,False,0.4217,2,0.0,0.8578,clean,none
G:\GitHub\DiT\MCCD\MCCD\MCCD-Calligrapher\calligrapher_dataset\何绍基\雲-行-清-何绍基-141975.png,何绍基,行,雲,清,141975,雲-行-清-何绍基-141975.png,mccd_salvage,ok,179,194,211.9,176.9,False,0.2983,3,0.0,0.5116,clean,none
G:\GitHub\DiT\MCCD\MCCD\MCCD-Calligrapher\calligrapher_dataset\何绍基\飯-行-清-何绍基-148259.png,何绍基,行,飯,清,148259,飯-行-清-何绍基-148259.png,mccd_salvage,ok,185,215,244.4,226.8,False,0.2657,4,0.0,0.5908,clean,none
G:\GitHub\DiT\MCCD\MCCD\MCCD-Calligrapher\calligrapher_dataset\何绍基\香-行-清-何绍基-149586.png,何绍基,行,香,清,149586,香-行-清-何绍基-149586.png,mccd_salvage,ok,208,233,233.0,191.5,False,0.4289,2,0.0003,0.9997,clean,none
G:\GitHub\DiT\MCCD\MCCD\MCCD-Calligrapher\calligrapher_dataset\何绍基\鬲-隶-清-何绍基-153356.png,何绍基,隶,鬲,清,153356,鬲-隶-清-何绍基-153356.png,mccd_salvage,ok,224,211,234.9,181.3,False,0.3465,2,0.0,0.7673,clean,none
G:\GitHub\DiT\MCCD\MCCD\MCCD-Calligrapher\calligrapher_dataset\何绍基\魚-行-清-何绍基-153958.png,何绍基,行,魚,清,153958,魚-行-清-何绍基-153958.png,mccd_salvage,ok,197,202,231.4,177.1,False,0.4749,3,0.0002,0.7971,clean,none
G:\GitHub\DiT\MCCD\MCCD\MCCD-Calligrapher\calligrapher_dataset\何绍基\鳯-行-清-何绍基-155360.png,何绍基,行,鳯,清,155360,鳯-行-清-何绍基-155360.png,mccd_salvage,ok,230,214,238.0,207.2,False,0.3679,2,0.0,0.9434,clean,none
G:\GitHub\DiT\MCCD\MCCD\MCCD-Calligrapher\calligrapher_dataset\何绍基\鳳-行-清-何绍基-155442.png,何绍基,行,鳳,清,155442,鳳-行-清-何绍基-155442.png,mccd_salvage,ok,230,214,238.0,207.2,False,0.3679,2,0.0,0.9434,clean,none
G:\GitHub\DiT\MCCD\MCCD\MCCD-Calligrapher\calligrapher_dataset\何绍基\鳴-行-清-何绍基-155529.png,何绍基,行,鳴,清,155529,鳴-行-清-何绍基-155529.png,mccd_salvage,ok,177,196,221.6,200.2,False,0.3837,2,0.0,0.8139,clean,none
G:\GitHub\DiT\MCCD\MCCD\MCCD-Calligrapher\calligrapher_dataset\何绍基\𦗟-行-清-何绍基-515.png,何绍基,行,𦗟,清,515,𦗟-行-清-何绍基-515.png,mccd_salvage,ok,206,214,234.1,199.1,False,0.3196,10,0.0,0.3814,clean,none
G:\GitHub\DiT\MCCD\MCCD\MCCD-Calligrapher\calligrapher_dataset\刘墉\丞-行-清-刘墉-4441.png,刘墉,行,丞,清,4441,丞-行-清-刘墉-4441.png,mccd_salvage,ok,238,284,221.8,175.8,False,0.4632,3,0.0004,0.6805,clean,none
G:\GitHub\DiT\MCCD\MCCD\MCCD-Calligrapher\calligrapher_dataset\刘墉\乃-行-清-刘墉-5634.png,刘墉,行,乃,清,5634,乃-行-清-刘墉-5634.png,mccd_salvage,ok,228,287,228.2,181.1,False,0.4282,1,0.0,1.0,clean,none
G:\GitHub\DiT\MCCD\MCCD\MCCD-Calligrapher\calligrapher_dataset\刘墉\乾-行-清-刘墉-9139.png,刘墉,行,乾,清,9139,乾-行-清-刘墉-9139.png,mccd_salvage,ok,222,195,233.3,190.5,False,0.362,3,0.0,0.614,clean,none
G:\GitHub\DiT\MCCD\MCCD\MCCD-Calligrapher\calligrapher_dataset\刘墉\予-行-清-刘墉-9335.png,刘墉,行,予,清,9335,予-行-清-刘墉-9335.png,mccd_salvage,ok,201,245,231.0,200.4,False,0.3486,1,0.0,1.0,clean,none
G:\GitHub\DiT\MCCD\MCCD\MCCD-Calligrapher\calligrapher_dataset\刘墉\五-行-清-刘墉-11397.png,刘墉,行,五,清,11397,五-行-清-刘墉-11397.png,mccd_salvage,ok,184,203,229.9,201.2,False,0.3549,2,0.0,0.984,clean,none
G:\GitHub\DiT\MCCD\MCCD\MCCD-Calligrapher\calligrapher_dataset\刘墉\似-行-清-刘墉-16838.png,刘墉,行,似,清,16838,似-行-清-刘墉-16838.png,mccd_salvage,ok,238,166,224.1,192.7,False,0.3651,3,0.0,0.6159,clean,none
G:\GitHub\DiT\MCCD\MCCD\MCCD-Calligrapher\calligrapher_dataset\刘墉\作-行-清-刘墉-17854.png,刘墉,行,作,清,17854,作-行-清-刘墉-17854.png,mccd_salvage,ok,176,155,229.3,196.3,False,0.3369,3,0.0007,0.6124,clean,none
G:\GitHub\DiT\MCCD\MCCD\MCCD-Calligrapher\calligrapher_dataset\刘墉\僨-楷-清-刘墉-22796.png,刘墉,楷,僨,清,22796,僨-楷-清-刘墉-22796.png,mccd_salvage,ok,254,247,240.4,221.4,False,0.3672,6,0.0,0.4168,clean,none
G:\GitHub\DiT\MCCD\MCCD\MCCD-Calligrapher\calligrapher_dataset\刘墉\出-行-清-刘墉-29990.png,刘墉,行,出,清,29990,出-行-清-刘墉-29990.png,mccd_salvage,ok,187,219,220.6,165.7,False,0.353,1,0.0,1.0,clean,none
G:\GitHub\DiT\MCCD\MCCD\MCCD-Calligrapher\calligrapher_dataset\刘墉\初-行-清-刘墉-30863.png,刘墉,行,初,清,30863,初-行-清-刘墉-30863.png,mccd_salvage,ok,209,191,232.4,177.4,False,0.4355,3,0.0,0.5106,clean,none
G:\GitHub\DiT\MCCD\MCCD\MCCD-Calligrapher\calligrapher_dataset\刘墉\初-行-清-刘墉-30864.png,刘墉,行,初,清,30864,初-行-清-刘墉-30864.png,mccd_salvage,ok,186,168,219.0,159.9,False,0.3618,4,0.0,0.5057,clean,none
G:\GitHub\DiT\MCCD\MCCD\MCCD-Calligrapher\calligrapher_dataset\刘墉\劉-行-清-刘墉-32617.png,刘墉,行,劉,清,32617,劉-行-清-刘墉-32617.png,mccd_salvage,ok,203,209,220.8,152.2,False,0.4001,3,0.0,0.3891,clean,none
G:\GitHub\DiT\MCCD\MCCD\MCCD-Calligrapher\calligrapher_dataset\刘墉\包-行-清-刘墉-34630.png,刘墉,行,包,清,34630,包-行-清-刘墉-34630.png,mccd_salvage,ok,173,250,227.1,195.7,False,0.3572,1,0.0,1.0,clean,none
G:\GitHub\DiT\MCCD\MCCD\MCCD-Calligrapher\calligrapher_dataset\刘墉\北-行-清-刘墉-35065.png,刘墉,行,北,清,35065,北-行-清-刘墉-35065.png,mccd_salvage,ok,194,175,233.2,201.0,False,0.3895,1,0.0,1.0,clean,none
G:\GitHub\DiT\MCCD\MCCD\MCCD-Calligrapher\calligrapher_dataset\刘墉\卧-行-清-刘墉-37483.png,刘墉,行,卧,清,37483,卧-行-清-刘墉-37483.png,mccd_salvage,ok,234,229,228.2,172.6,False,0.4358,3,0.0,0.7164,clean,none
G:\GitHub\DiT\MCCD\MCCD\MCCD-Calligrapher\calligrapher_dataset\刘墉\吾-行-清-刘墉-46006.png,刘墉,行,吾,清,46006,吾-行-清-刘墉-46006.png,mccd_salvage,ok,201,211,217.5,180.3,False,0.517,1,0.0,1.0,clean,none
G:\GitHub\DiT\MCCD\MCCD\MCCD-Calligrapher\calligrapher_dataset\刘墉\味-行-清-刘墉-47035.png,刘墉,行,味,清,47035,味-行-清-刘墉-47035.png,mccd_salvage,ok,196,131,225.2,183.4,False,0.3692,3,0.0,0.5992,clean,none
G:\GitHub\DiT\MCCD\MCCD\MCCD-Calligrapher\calligrapher_dataset\刘墉\堯-楷-清-刘墉-56384.png,刘墉,楷,堯,清,56384,堯-楷-清-刘墉-56384.png,mccd_salvage,ok,163,189,227.0,220.1,False,0.2809,4,0.0,0.4317,clean,none
G:\GitHub\DiT\MCCD\MCCD\MCCD-Calligrapher\calligrapher_dataset\刘墉\塹-行-清-刘墉-56940.png,刘墉,行,塹,清,56940,塹-行-清-刘墉-56940.png,mccd_salvage,ok,179,192,232.9,190.5,False,0.4463,3,0.0,0.5039,clean,none
G:\GitHub\DiT\MCCD\MCCD\MCCD-Calligrapher\calligrapher_dataset\刘墉\墉-行-清-刘墉-57059.png,刘墉,行,墉,清,57059,墉-行-清-刘墉-57059.png,mccd_salvage,ok,185,210,239.6,192.6,False,0.379,2,0.0,0.9466,clean,none
G:\GitHub\DiT\MCCD\MCCD\MCCD-Calligrapher\calligrapher_dataset\刘墉\墉-行-清-刘墉-57060.png,刘墉,行,墉,清,57060,墉-行-清-刘墉-57060.png,mccd_salvage,ok,191,189,234.8,163.3,False,0.5108,2,0.0,0.5425,clean,none
G:\GitHub\DiT\MCCD\MCCD\MCCD-Calligrapher\calligrapher_dataset\刘墉\夲-行-清-刘墉-61779.png,刘墉,行,夲,清,61779,夲-行-清-刘墉-61779.png,mccd_salvage,ok,225,195,237.6,210.3,False,0.3528,1,0.0,1.0,clean,none
G:\GitHub\DiT\MCCD\MCCD\MCCD-Calligrapher\calligrapher_dataset\刘墉\契-行-清-刘墉-62400.png,刘墉,行,契,清,62400,契-行-清-刘墉-62400.png,mccd_salvage,ok,196,244,240.4,197.2,False,0.5096,1,0.0,1.0,clean,none
G:\GitHub\DiT\MCCD\MCCD\MCCD-Calligrapher\calligrapher_dataset\刘墉\奪-楷-清-刘墉-62775.png,刘墉,楷,奪,清,62775,奪-楷-清-刘墉-62775.png,mccd_salvage,ok,266,300,137.7,164.8,False,0.3689,146,0.0358,0.4815,clean,none
G:\GitHub\DiT\MCCD\MCCD\MCCD-Calligrapher\calligrapher_dataset\刘墉\媢-楷-清-刘墉-66545.png,刘墉,楷,媢,清,66545,媢-楷-清-刘墉-66545.png,mccd_salvage,ok,271,228,222.2,192.6,False,0.3437,169,0.0545,0.3762,noisy,high_dirt_0.05
G:\GitHub\DiT\MCCD\MCCD\MCCD-Calligrapher\calligrapher_dataset\刘墉\嫁-楷-清-刘墉-66733.png,刘墉,楷,嫁,清,66733,嫁-楷-清-刘墉-66733.png,mccd_salvage,ok,207,157,233.2,208.9,False,0.32,5,0.0,0.425,clean,none
G:\GitHub\DiT\MCCD\MCCD\MCCD-Calligrapher\calligrapher_dataset\刘墉\嫉-楷-清-刘墉-66774.png,刘墉,楷,嫉,清,66774,嫉-楷-清-刘墉-66774.png,mccd_salvage,ok,208,138,226.7,205.2,False,0.2813,7,0.0,0.4874,clean,none
G:\GitHub\DiT\MCCD\MCCD\MCCD-Calligrapher\calligrapher_dataset\刘墉\字-行-清-刘墉-68160.png,刘墉,行,字,清,68160,字-行-清-刘墉-68160.png,mccd_salvage,ok,186,208,231.8,199.0,False,0.4237,2,0.0,0.5812,clean,none
G:\GitHub\DiT\MCCD\MCCD\MCCD-Calligrapher\calligrapher_dataset\刘墉\安-楷-清-刘墉-70135.png,刘墉,楷,安,清,70135,安-楷-清-刘墉-70135.png,mccd_salvage,ok,266,216,235.2,209.7,False,0.3413,1,0.0,1.0,clean,none
G:\GitHub\DiT\MCCD\MCCD\MCCD-Calligrapher\calligrapher_dataset\刘墉\完-行-清-刘墉-70338.png,刘墉,行,完,清,70338,完-行-清-刘墉-70338.png,mccd_salvage,ok,195,263,237.9,181.5,False,0.3814,3,0.0,0.5008,clean,none
G:\GitHub\DiT\MCCD\MCCD\MCCD-Calligrapher\calligrapher_dataset\刘墉\宫-行-清-刘墉-71943.png,刘墉,行,宫,清,71943,宫-行-清-刘墉-71943.png,mccd_salvage,ok,172,198,222.0,192.9,False,0.3507,3,0.0,0.6547,clean,none
G:\GitHub\DiT\MCCD\MCCD\MCCD-Calligrapher\calligrapher_dataset\刘墉\宮-行-清-刘墉-72140.png,刘墉,行,宮,清,72140,宮-行-清-刘墉-72140.png,mccd_salvage,ok,172,198,222.0,192.9,False,0.3507,3,0.0,0.6547,clean,none
G:\GitHub\DiT\MCCD\MCCD\MCCD-Calligrapher\calligrapher_dataset\刘墉\害-楷-清-刘墉-72342.png,刘墉,楷,害,清,72342,害-楷-清-刘墉-72342.png,mccd_salvage,ok,281,282,190.4,188.6,False,0.4768,190,0.0324,0.267,clean,none
G:\GitHub\DiT\MCCD\MCCD\MCCD-Calligrapher\calligrapher_dataset\刘墉\家-行-清-刘墉-72587.png,刘墉,行,家,清,72587,家-行-清-刘墉-72587.png,mccd_salvage,ok,210,237,234.0,205.0,False,0.4338,2,0.0004,0.9996,clean,none
G:\GitHub\DiT\MCCD\MCCD\MCCD-Calligrapher\calligrapher_dataset\刘墉\師-行-清-刘墉-83819.png,刘墉,行,師,清,83819,師-行-清-刘墉-83819.png,mccd_salvage,ok,220,251,215.4,140.2,False,0.5197,4,0.0002,0.5706,clean,none
G:\GitHub\DiT\MCCD\MCCD\MCCD-Calligrapher\calligrapher_dataset\刘墉\幾-行-清-刘墉-85814.png,刘墉,行,幾,清,85814,幾-行-清-刘墉-85814.png,mccd_salvage,ok,250,285,231.3,207.9,False,0.4177,2,0.0,0.9064,clean,none
G:\GitHub\DiT\MCCD\MCCD\MCCD-Calligrapher\calligrapher_dataset\刘墉\彥-楷-清-刘墉-92041.png,刘墉,楷,彥,清,92041,彥-楷-清-刘墉-92041.png,mccd_salvage,ok,163,222,233.4,197.4,False,0.3039,5,0.0,0.6973,clean,none
G:\GitHub\DiT\MCCD\MCCD\MCCD-Calligrapher\calligrapher_dataset\刘墉\彦-楷-清-刘墉-92063.png,刘墉,楷,彦,清,92063,彦-楷-清-刘墉-92063.png,mccd_salvage,ok,163,222,233.4,197.4,False,0.3039,5,0.0,0.6973,clean,none
G:\GitHub\DiT\MCCD\MCCD\MCCD-Calligrapher\calligrapher_dataset\刘墉\徑-行-清-刘墉-93070.png,刘墉,行,徑,清,93070,徑-行-清-刘墉-93070.png,mccd_salvage,ok,214,185,236.2,207.2,False,0.3616,2,0.0,0.7066,clean,none
G:\GitHub\DiT\MCCD\MCCD\MCCD-Calligrapher\calligrapher_dataset\刘墉\得-行-清-刘墉-93339.png,刘墉,行,得,清,93339,得-行-清-刘墉-93339.png,mccd_salvage,ok,235,224,234.0,188.7,False,0.4625,1,0.0,1.0,clean,none
G:\GitHub\DiT\MCCD\MCCD\MCCD-Calligrapher\calligrapher_dataset\刘墉\從-楷-清-刘墉-93718.png,刘墉,楷,從,清,93718,從-楷-清-刘墉-93718.png,mccd_salvage,ok,274,229,240.6,208.1,False,0.3362,6,0.0,0.3642,clean,none
G:\GitHub\DiT\MCCD\MCCD\MCCD-Calligrapher\calligrapher_dataset\刘墉\忒-楷-清-刘墉-95549.png,刘墉,楷,忒,清,95549,忒-楷-清-刘墉-95549.png,mccd_salvage,ok,240,239,232.0,212.5,False,0.2683,6,0.0,0.6331,clean,none
G:\GitHub\DiT\MCCD\MCCD\MCCD-Calligrapher\calligrapher_dataset\刘墉\忿-楷-清-刘墉-96256.png,刘墉,楷,忿,清,96256,忿-楷-清-刘墉-96256.png,mccd_salvage,ok,197,211,221.9,204.9,False,0.272,8,0.0,0.2129,clean,none
G:\GitHub\DiT\MCCD\MCCD\MCCD-Calligrapher\calligrapher_dataset\刘墉\性-行-清-刘墉-96780.png,刘墉,行,性,清,96780,性-行-清-刘墉-96780.png,mccd_salvage,ok,233,246,233.6,199.2,False,0.4165,2,0.0,0.9127,clean,none
G:\GitHub\DiT\MCCD\MCCD\MCCD-Calligrapher\calligrapher_dataset\刘墉\恒-行-清-刘墉-97191.png,刘墉,行,恒,清,97191,恒-行-清-刘墉-97191.png,mccd_salvage,ok,242,187,227.7,155.9,False,0.4981,3,0.0,0.4713,clean,none
G:\GitHub\DiT\MCCD\MCCD\MCCD-Calligrapher\calligrapher_dataset\刘墉\恕-楷-清-刘墉-97225.png,刘墉,楷,恕,清,97225,恕-楷-清-刘墉-97225.png,mccd_salvage,ok,271,213,235.4,192.4,False,0.3518,5,0.0,0.5523,clean,none
G:\GitHub\DiT\MCCD\MCCD\MCCD-Calligrapher\calligrapher_dataset\刘墉\恩-行-清-刘墉-97456.png,刘墉,行,恩,清,97456,恩-行-清-刘墉-97456.png,mccd_salvage,ok,215,242,231.2,192.4,False,0.3582,2,0.0,0.7232,clean,none
G:\GitHub\DiT\MCCD\MCCD\MCCD-Calligrapher\calligrapher_dataset\刘墉\悖-楷-清-刘墉-98130.png,刘墉,楷,悖,清,98130,悖-楷-清-刘墉-98130.png,mccd_salvage,ok,249,215,234.9,209.9,False,0.313,7,0.001,0.3131,clean,none
G:\GitHub\DiT\MCCD\MCCD\MCCD-Calligrapher\calligrapher_dataset\刘墉\惡-楷-清-刘墉-99253.png,刘墉,楷,惡,清,99253,惡-楷-清-刘墉-99253.png,mccd_salvage,ok,186,193,228.6,190.6,False,0.3237,5,0.0,0.6784,clean,none
G:\GitHub\DiT\MCCD\MCCD\MCCD-Calligrapher\calligrapher_dataset\刘墉\惰-楷-清-刘墉-99318.png,刘墉,楷,惰,清,99318,惰-楷-清-刘墉-99318.png,mccd_salvage,ok,205,185,221.5,159.5,False,0.4144,6,0.0,0.388,clean,none
G:\GitHub\DiT\MCCD\MCCD\MCCD-Calligrapher\calligrapher_dataset\刘墉\愛-行-清-刘墉-99922.png,刘墉,行,愛,清,99922,愛-行-清-刘墉-99922.png,mccd_salvage,ok,234,246,238.8,198.6,False,0.3819,2,0.001,0.999,clean,none
G:\GitHub\DiT\MCCD\MCCD\MCCD-Calligrapher\calligrapher_dataset\刘墉\愧-行-清-刘墉-100092.png,刘墉,行,愧,清,100092,愧-行-清-刘墉-100092.png,mccd_salvage,ok,256,213,229.3,210.6,False,0.3206,4,0.0,0.5014,clean,none
G:\GitHub\DiT\MCCD\MCCD\MCCD-Calligrapher\calligrapher_dataset\刘墉\慮-楷-清-刘墉-100760.png,刘墉,楷,慮,清,100760,慮-楷-清-刘墉-100760.png,mccd_salvage,ok,210,222,222.3,179.5,False,0.3661,8,0.0004,0.6848,clean,none
G:\GitHub\DiT\MCCD\MCCD\MCCD-Calligrapher\calligrapher_dataset\刘墉\戻-楷-清-刘墉-3338.png,刘墉,楷,戻,清,3338,戻-楷-清-刘墉-3338.png,mccd_salvage,ok,248,259,233.3,205.0,False,0.3373,4,0.0,0.4516,clean,none
G:\GitHub\DiT\MCCD\MCCD\MCCD-Calligrapher\calligrapher_dataset\刘墉\戾-楷-清-刘墉-3368.png,刘墉,楷,戾,清,3368,戾-楷-清-刘墉-3368.png,mccd_salvage,ok,248,259,233.3,205.0,False,0.3373,4,0.0,0.4516,clean,none
G:\GitHub\DiT\MCCD\MCCD\MCCD-Calligrapher\calligrapher_dataset\刘墉\拙-行-清-刘墉-5446.png,刘墉,行,拙,清,5446,拙-行-清-刘墉-5446.png,mccd_salvage,ok,228,170,222.1,149.1,False,0.5644,1,0.0,1.0,broken,too_solid
G:\GitHub\DiT\MCCD\MCCD\MCCD-Calligrapher\calligrapher_dataset\刘墉\敖-楷-清-刘墉-2457.png,刘墉,楷,敖,清,2457,敖-楷-清-刘墉-2457.png,mccd_salvage,ok,215,139,227.8,196.7,False,0.2866,4,0.0,0.6092,clean,none
G:\GitHub\DiT\MCCD\MCCD\MCCD-Calligrapher\calligrapher_dataset\刘墉\數-行-清-刘墉-3724.png,刘墉,行,數,清,3724,數-行-清-刘墉-3724.png,mccd_salvage,ok,225,247,236.9,198.9,False,0.4195,2,0.0,0.9911,clean,none
G:\GitHub\DiT\MCCD\MCCD\MCCD-Calligrapher\calligrapher_dataset\刘墉\昌-行-清-刘墉-1931.png,刘墉,行,昌,清,1931,昌-行-清-刘墉-1931.png,mccd_salvage,ok,182,252,233.4,181.9,False,0.4012,2,0.0,0.964,clean,none
G:\GitHub\DiT\MCCD\MCCD\MCCD-Calligrapher\calligrapher_dataset\刘墉\書-行-清-刘墉-6720.png,刘墉,行,書,清,6720,書-行-清-刘墉-6720.png,mccd_salvage,ok,193,243,242.7,223.3,False,0.3005,1,0.0,1.0,clean,none
G:\GitHub\DiT\MCCD\MCCD\MCCD-Calligrapher\calligrapher_dataset\刘墉\本-行-清-刘墉-9742.png,刘墉,行,本,清,9742,本-行-清-刘墉-9742.png,mccd_salvage,ok,225,195,237.6,210.3,False,0.3528,1,0.0,1.0,clean,none
G:\GitHub\DiT\MCCD\MCCD\MCCD-Calligrapher\calligrapher_dataset\刘墉\朱-行-清-刘墉-9920.png,刘墉,行,朱,清,9920,朱-行-清-刘墉-9920.png,mccd_salvage,ok,195,238,241.2,227.4,False,0.3036,1,0.0,1.0,clean,none
G:\GitHub\DiT\MCCD\MCCD\MCCD-Calligrapher\calligrapher_dataset\刘墉\杏-行-清-刘墉-10255.png,刘墉,行,杏,清,10255,杏-行-清-刘墉-10255.png,mccd_salvage,ok,240,265,238.2,210.2,False,0.4272,1,0.0,1.0,clean,none
G:\GitHub\DiT\MCCD\MCCD\MCCD-Calligrapher\calligrapher_dataset\刘墉\枝-行-清-刘墉-11602.png,刘墉,行,枝,清,11602,枝-行-清-刘墉-11602.png,mccd_salvage,ok,233,229,238.4,204.2,False,0.2987,1,0.0,1.0,clean,none
G:\GitHub\DiT\MCCD\MCCD\MCCD-Calligrapher\calligrapher_dataset\刘墉\柳-行-清-刘墉-12426.png,刘墉,行,柳,清,12426,柳-行-清-刘墉-12426.png,mccd_salvage,ok,249,210,236.6,203.0,False,0.4787,1,0.0,1.0,clean,none
G:\GitHub\DiT\MCCD\MCCD\MCCD-Calligrapher\calligrapher_dataset\刘墉\格-楷-清-刘墉-12861.png,刘墉,楷,格,清,12861,格-楷-清-刘墉-12861.png,mccd_salvage,ok,241,188,240.4,212.4,False,0.2944,5,0.0,0.4241,clean,none
G:\GitHub\DiT\MCCD\MCCD\MCCD-Calligrapher\calligrapher_dataset\刘墉\桀-楷-清-刘墉-12921.png,刘墉,楷,桀,清,12921,桀-楷-清-刘墉-12921.png,mccd_salvage,ok,212,170,232.0,196.8,False,0.3881,4,0.0,0.6471,clean,none
G:\GitHub\DiT\MCCD\MCCD\MCCD-Calligrapher\calligrapher_dataset\刘墉\止-楷-清-刘墉-18927.png,刘墉,楷,止,清,18927,止-楷-清-刘墉-18927.png,mccd_salvage,ok,246,213,231.1,154.0,False,0.4156,1,0.0,1.0,clean,none
G:\GitHub\DiT\MCCD\MCCD\MCCD-Calligrapher\calligrapher_dataset\刘墉\此-行-清-刘墉-19480.png,刘墉,行,此,清,19480,此-行-清-刘墉-19480.png,mccd_salvage,ok,247,185,227.9,205.0,False,0.3734,1,0.0,1.0,clean,none
G:\GitHub\DiT\MCCD\MCCD\MCCD-Calligrapher\calligrapher_dataset\刘墉\殆-楷-清-刘墉-21002.png,刘墉,楷,殆,清,21002,殆-楷-清-刘墉-21002.png,mccd_salvage,ok,240,185,222.7,159.9,False,0.4082,6,0.0,0.3295,clean,none
G:\GitHub\DiT\MCCD\MCCD\MCCD-Calligrapher\calligrapher_dataset\刘墉\江-行-清-刘墉-25316.png,刘墉,行,江,清,25316,江-行-清-刘墉-25316.png,mccd_salvage,ok,227,204,229.7,183.3,False,0.4197,2,0.0,0.8823,clean,none
G:\GitHub\DiT\MCCD\MCCD\MCCD-Calligrapher\calligrapher_dataset\刘墉\波-行-清-刘墉-27036.png,刘墉,行,波,清,27036,波-行-清-刘墉-27036.png,mccd_salvage,ok,221,202,232.6,183.7,False,0.3436,3,0.0,0.7484,clean,none
G:\GitHub\DiT\MCCD\MCCD\MCCD-Calligrapher\calligrapher_dataset\刘墉\波-行-清-刘墉-27037.png,刘墉,行,波,清,27037,波-行-清-刘墉-27037.png,mccd_salvage,ok,222,205,233.0,211.8,False,0.2753,5,0.0,0.8207,clean,none
G:\GitHub\DiT\MCCD\MCCD\MCCD-Calligrapher\calligrapher_dataset\刘墉\泥-行-清-刘墉-27101.png,刘墉,行,泥,清,27101,泥-行-清-刘墉-27101.png,mccd_salvage,ok,206,188,221.6,187.6,False,0.344,3,0.0,0.7221,clean,none
G:\GitHub\DiT\MCCD\MCCD\MCCD-Calligrapher\calligrapher_dataset\刘墉\泰-行-清-刘墉-27253.png,刘墉,行,泰,清,27253,泰-行-清-刘墉-27253.png,mccd_salvage,ok,232,235,245.4,222.0,False,0.3658,3,0.0,0.7004,clean,none
G:\GitHub\DiT\MCCD\MCCD\MCCD-Calligrapher\calligrapher_dataset\刘墉\淥-行-清-刘墉-29447.png,刘墉,行,淥,清,29447,淥-行-清-刘墉-29447.png,mccd_salvage,ok,229,239,236.6,176.5,False,0.4199,6,0.0004,0.7521,clean,none
G:\GitHub\DiT\MCCD\MCCD\MCCD-Calligrapher\calligrapher_dataset\刘墉\深-行-清-刘墉-29728.png,刘墉,行,深,清,29728,深-行-清-刘墉-29728.png,mccd_salvage,ok,213,202,231.9,179.8,False,0.3056,8,0.0003,0.5786,clean,none
G:\GitHub\DiT\MCCD\MCCD\MCCD-Calligrapher\calligrapher_dataset\刘墉\渌-行-清-刘墉-30431.png,刘墉,行,渌,清,30431,渌-行-清-刘墉-30431.png,mccd_salvage,ok,229,239,236.6,176.5,False,0.4199,6,0.0004,0.7521,clean,none
G:\GitHub\DiT\MCCD\MCCD\MCCD-Calligrapher\calligrapher_dataset\刘墉\潛-行-清-刘墉-33093.png,刘墉,行,潛,清,33093,潛-行-清-刘墉-33093.png,mccd_salvage,ok,234,243,221.7,163.9,False,0.4536,5,0.0,0.2852,clean,none
G:\GitHub\DiT\MCCD\MCCD\MCCD-Calligrapher\calligrapher_dataset\刘墉\為-行-清-刘墉-36125.png,刘墉,行,為,清,36125,為-行-清-刘墉-36125.png,mccd_salvage,ok,199,228,226.2,181.7,False,0.4483,1,0.0,1.0,clean,none
G:\GitHub\DiT\MCCD\MCCD\MCCD-Calligrapher\calligrapher_dataset\刘墉\煕-行-清-刘墉-37616.png,刘墉,行,煕,清,37616,煕-行-清-刘墉-37616.png,mccd_salvage,ok,194,164,221.4,150.1,False,0.4875,2,0.0,0.9155,clean,none
G:\GitHub\DiT\MCCD\MCCD\MCCD-Calligrapher\calligrapher_dataset\刘墉\熙-行-清-刘墉-38086.png,刘墉,行,熙,清,38086,熙-行-清-刘墉-38086.png,mccd_salvage,ok,194,164,221.4,150.1,False,0.4875,2,0.0,0.9155,clean,none
G:\GitHub\DiT\MCCD\MCCD\MCCD-Calligrapher\calligrapher_dataset\刘墉\爪-行-清-刘墉-38983.png,刘墉,行,爪,清,38983,爪-行-清-刘墉-38983.png,mccd_salvage,ok,214,211,242.3,223.6,False,0.1931,4,0.0,0.4067,clean,none
G:\GitHub\DiT\MCCD\MCCD\MCCD-Calligrapher\calligrapher_dataset\刘墉\爲-行-清-刘墉-39845.png,刘墉,行,爲,清,39845,爲-行-清-刘墉-39845.png,mccd_salvage,ok,199,228,226.2,181.7,False,0.4483,1,0.0,1.0,clean,none
G:\GitHub\DiT\MCCD\MCCD\MCCD-Calligrapher\calligrapher_dataset\刘墉\版-行-清-刘墉-40567.png,刘墉,行,版,清,40567,版-行-清-刘墉-40567.png,mccd_salvage,ok,250,185,223.5,159.1,False,0.4515,3,0.0005,0.5683,clean,none
G:\GitHub\DiT\MCCD\MCCD\MCCD-Calligrapher\calligrapher_dataset\刘墉\獲-行-清-刘墉-43254.png,刘墉,行,獲,清,43254,獲-行-清-刘墉-43254.png,mccd_salvage,ok,187,247,235.2,176.9,False,0.459,1,0.0,1.0,clean,none
G:\GitHub\DiT\MCCD\MCCD\MCCD-Calligrapher\calligrapher_dataset\刘墉\獻-楷-清-刘墉-43471.png,刘墉,楷,獻,清,43471,獻-楷-清-刘墉-43471.png,mccd_salvage,ok,222,177,238.0,183.7,False,0.3651,34,0.014,0.3361,clean,none
G:\GitHub\DiT\MCCD\MCCD\MCCD-Calligrapher\calligrapher_dataset\刘墉\瑟-楷-清-刘墉-45731.png,刘墉,楷,瑟,清,45731,瑟-楷-清-刘墉-45731.png,mccd_salvage,ok,236,236,239.7,193.5,False,0.3263,8,0.0,0.2921,clean,none
G:\GitHub\DiT\MCCD\MCCD\MCCD-Calligrapher\calligrapher_dataset\刘墉\甲-行-清-刘墉-48681.png,刘墉,行,甲,清,48681,甲-行-清-刘墉-48681.png,mccd_salvage,ok,215,251,215.3,155.5,False,0.464,1,0.0,1.0,clean,none
G:\GitHub\DiT\MCCD\MCCD\MCCD-Calligrapher\calligrapher_dataset\刘墉\當-行-清-刘墉-50302.png,刘墉,行,當,清,50302,當-行-清-刘墉-50302.png,mccd_salvage,ok,201,252,235.5,198.3,False,0.4314,3,0.0,0.5148,clean,none
G:\GitHub\DiT\MCCD\MCCD\MCCD-Calligrapher\calligrapher_dataset\刘墉\當-行-清-刘墉-50304.png,刘墉,行,當,清,50304,當-行-清-刘墉-50304.png,mccd_salvage,ok,223,288,234.7,200.2,False,0.3192,3,0.0,0.4723,clean,none
G:\GitHub\DiT\MCCD\MCCD\MCCD-Calligrapher\calligrapher_dataset\刘墉\疾-楷-清-刘墉-51262.png,刘墉,楷,疾,清,51262,疾-楷-清-刘墉-51262.png,mccd_salvage,ok,288,271,197.6,171.8,False,0.4552,176,0.0396,0.3964,clean,none
G:\GitHub\DiT\MCCD\MCCD\MCCD-Calligrapher\calligrapher_dataset\刘墉\矩-楷-清-刘墉-58783.png,刘墉,楷,矩,清,58783,矩-楷-清-刘墉-58783.png,mccd_salvage,ok,235,155,233.8,190.5,False,0.3588,4,0.0,0.4917,clean,none
G:\GitHub\DiT\MCCD\MCCD\MCCD-Calligrapher\calligrapher_dataset\刘墉\石-行-清-刘墉-59111.png,刘墉,行,石,清,59111,石-行-清-刘墉-59111.png,mccd_salvage,ok,238,196,225.7,190.4,False,0.3506,2,0.0,0.5949,clean,none
G:\GitHub\DiT\MCCD\MCCD\MCCD-Calligrapher\calligrapher_dataset\刘墉\碑-行-清-刘墉-59687.png,刘墉,行,碑,清,59687,碑-行-清-刘墉-59687.png,mccd_salvage,ok,246,190,226.5,173.0,False,0.439,4,0.0,0.496,clean,none
G:\GitHub\DiT\MCCD\MCCD\MCCD-Calligrapher\calligrapher_dataset\刘墉\磋-楷-清-刘墉-59964.png,刘墉,楷,磋,清,59964,磋-楷-清-刘墉-59964.png,mccd_salvage,ok,253,253,242.0,225.1,False,0.3532,6,0.0003,0.4964,clean,none
G:\GitHub\DiT\MCCD\MCCD\MCCD-Calligrapher\calligrapher_dataset\刘墉\種-行-清-刘墉-64230.png,刘墉,行,種,清,64230,種-行-清-刘墉-64230.png,mccd_salvage,ok,267,233,231.8,176.8,False,0.4238,4,0.0,0.4712,clean,none
G:\GitHub\DiT\MCCD\MCCD\MCCD-Calligrapher\calligrapher_dataset\刘墉\紂-楷-清-刘墉-70626.png,刘墉,楷,紂,清,70626,紂-楷-清-刘墉-70626.png,mccd_salvage,ok,193,165,229.2,187.8,False,0.3962,4,0.0,0.5077,clean,none
G:\GitHub\DiT\MCCD\MCCD\MCCD-Calligrapher\calligrapher_dataset\刘墉\紅-行-清-刘墉-70754.png,刘墉,行,紅,清,70754,紅-行-清-刘墉-70754.png,mccd_salvage,ok,266,237,231.3,201.8,False,0.4492,1,0.0,1.0,clean,none
G:\GitHub\DiT\MCCD\MCCD\MCCD-Calligrapher\calligrapher_dataset\刘墉\緍-楷-清-刘墉-73771.png,刘墉,楷,緍,清,73771,緍-楷-清-刘墉-73771.png,mccd_salvage,ok,233,179,228.6,178.4,False,0.3568,9,0.0,0.2794,clean,none
G:\GitHub\DiT\MCCD\MCCD\MCCD-Calligrapher\calligrapher_dataset\刘墉\翰-行-清-刘墉-78841.png,刘墉,行,翰,清,78841,翰-行-清-刘墉-78841.png,mccd_salvage,ok,227,192,217.7,167.5,False,0.4166,3,0.0,0.8356,clean,none
G:\GitHub\DiT\MCCD\MCCD\MCCD-Calligrapher\calligrapher_dataset\刘墉\而-行-清-刘墉-80871.png,刘墉,行,而,清,80871,而-行-清-刘墉-80871.png,mccd_salvage,ok,253,181,208.6,152.3,False,0.5095,2,0.0,0.813,clean,none
G:\GitHub\DiT\MCCD\MCCD\MCCD-Calligrapher\calligrapher_dataset\刘墉\肝-楷-清-刘墉-82833.png,刘墉,楷,肝,清,82833,肝-楷-清-刘墉-82833.png,mccd_salvage,ok,248,182,232.3,199.3,False,0.272,5,0.0,0.3647,clean,none
G:\GitHub\DiT\MCCD\MCCD\MCCD-Calligrapher\calligrapher_dataset\刘墉\能-行-清-刘墉-84023.png,刘墉,行,能,清,84023,能-行-清-刘墉-84023.png,mccd_salvage,ok,236,220,237.1,203.4,False,0.3986,3,0.0003,0.9442,clean,none
G:\GitHub\DiT\MCCD\MCCD\MCCD-Calligrapher\calligrapher_dataset\刘墉\色-行-清-刘墉-89197.png,刘墉,行,色,清,89197,色-行-清-刘墉-89197.png,mccd_salvage,ok,230,251,213.0,175.8,False,0.2912,1,0.0,1.0,clean,none
G:\GitHub\DiT\MCCD\MCCD\MCCD-Calligrapher\calligrapher_dataset\刘墉\花-行-清-刘墉-89681.png,刘墉,行,花,清,89681,花-行-清-刘墉-89681.png,mccd_salvage,ok,223,280,236.7,190.0,False,0.4334,3,0.0,0.8069,clean,none
G:\GitHub\DiT\MCCD\MCCD\MCCD-Calligrapher\calligrapher_dataset\刘墉\花-行-清-刘墉-89685.png,刘墉,行,花,清,89685,花-行-清-刘墉-89685.png,mccd_salvage,ok,176,220,228.8,217.0,False,0.1653,8,0.0,0.5035,clean,none
G:\GitHub\DiT\MCCD\MCCD\MCCD-Calligrapher\calligrapher_dataset\刘墉\茂-行-清-刘墉-90748.png,刘墉,行,茂,清,90748,茂-行-清-刘墉-90748.png,mccd_salvage,ok,193,228,235.9,212.6,False,0.3253,2,0.0,0.9843,clean,none
G:\GitHub\DiT\MCCD\MCCD\MCCD-Calligrapher\calligrapher_dataset\刘墉\茂-行-清-刘墉-90749.png,刘墉,行,茂,清,90749,茂-行-清-刘墉-90749.png,mccd_salvage,ok,170,228,227.1,155.1,False,0.4802,2,0.0,0.943,clean,none
G:\GitHub\DiT\MCCD\MCCD\MCCD-Calligrapher\calligrapher_dataset\刘墉\茅-行-清-刘墉-90832.png,刘墉,行,茅,清,90832,茅-行-清-刘墉-90832.png,mccd_salvage,ok,169,231,241.9,222.8,False,0.2445,4,0.0,0.546,clean,none
G:\GitHub\DiT\MCCD\MCCD\MCCD-Calligrapher\calligrapher_dataset\刘墉\草-行-清-刘墉-91336.png,刘墉,行,草,清,91336,草-行-清-刘墉-91336.png,mccd_salvage,ok,231,378,238.4,215.1,False,0.3306,2,0.0,0.6483,clean,none
G:\GitHub\DiT\MCCD\MCCD\MCCD-Calligrapher\calligrapher_dataset\刘墉\荊-行-清-刘墉-91380.png,刘墉,行,荊,清,91380,荊-行-清-刘墉-91380.png,mccd_salvage,ok,239,237,230.2,174.7,False,0.3313,4,0.0002,0.6806,clean,none
G:\GitHub\DiT\MCCD\MCCD\MCCD-Calligrapher\calligrapher_dataset\刘墉\菴-行-清-刘墉-92691.png,刘墉,行,菴,清,92691,菴-行-清-刘墉-92691.png,mccd_salvage,ok,202,291,233.9,203.3,False,0.4707,1,0.0,1.0,clean,none
G:\GitHub\DiT\MCCD\MCCD\MCCD-Calligrapher\calligrapher_dataset\刘墉\葉-楷-清-刘墉-93524.png,刘墉,楷,葉,清,93524,葉-楷-清-刘墉-93524.png,mccd_salvage,ok,222,212,238.1,217.9,False,0.3238,5,0.0,0.6803,clean,none
G:\GitHub\DiT\MCCD\MCCD\MCCD-Calligrapher\calligrapher_dataset\刘墉\蒙-行-清-刘墉-94128.png,刘墉,行,蒙,清,94128,蒙-行-清-刘墉-94128.png,mccd_salvage,ok,199,310,233.5,206.3,False,0.474,2,0.0002,0.9998,clean,none
G:\GitHub\DiT\MCCD\MCCD\MCCD-Calligrapher\calligrapher_dataset\刘墉\藏-楷-清-刘墉-96294.png,刘墉,楷,藏,清,96294,藏-楷-清-刘墉-96294.png,mccd_salvage,ok,215,198,234.1,217.6,False,0.3397,5,0.0,0.6419,clean,none
G:\GitHub\DiT\MCCD\MCCD\MCCD-Calligrapher\calligrapher_dataset\刘墉\藥-行-清-刘墉-96506.png,刘墉,行,藥,清,96506,藥-行-清-刘墉-96506.png,mccd_salvage,ok,202,275,238.1,215.0,False,0.3648,3,0.0,0.8901,clean,none
G:\GitHub\DiT\MCCD\MCCD\MCCD-Calligrapher\calligrapher_dataset\刘墉\蘇-行-清-刘墉-96748.png,刘墉,行,蘇,清,96748,蘇-行-清-刘墉-96748.png,mccd_salvage,ok,206,223,232.5,191.7,False,0.4209,3,0.0,0.6252,clean,none
G:\GitHub\DiT\MCCD\MCCD\MCCD-Calligrapher\calligrapher_dataset\刘墉\行-行-清-刘墉-101057.png,刘墉,行,行,清,101057,行-行-清-刘墉-101057.png,mccd_salvage,ok,209,219,235.2,214.1,False,0.3473,3,0.0,0.6408,clean,none
G:\GitHub\DiT\MCCD\MCCD\MCCD-Calligrapher\calligrapher_dataset\刘墉\視-行-清-刘墉-104874.png,刘墉,行,視,清,104874,視-行-清-刘墉-104874.png,mccd_salvage,ok,247,174,216.1,174.9,False,0.4606,3,0.0,0.525,clean,none
G:\GitHub\DiT\MCCD\MCCD\MCCD-Calligrapher\calligrapher_dataset\刘墉\觀-行-清-刘墉-105333.png,刘墉,行,觀,清,105333,觀-行-清-刘墉-105333.png,mccd_salvage,ok,242,222,228.1,207.3,False,0.324,4,0.0,0.6382,clean,none
G:\GitHub\DiT\MCCD\MCCD\MCCD-Calligrapher\calligrapher_dataset\刘墉\誌-行-清-刘墉-108149.png,刘墉,行,誌,清,108149,誌-行-清-刘墉-108149.png,mccd_salvage,ok,215,212,235.5,199.4,False,0.422,2,0.0,0.9029,clean,none
G:\GitHub\DiT\MCCD\MCCD\MCCD-Calligrapher\calligrapher_dataset\刘墉\誓-楷-清-刘墉-108201.png,刘墉,楷,誓,清,108201,誓-楷-清-刘墉-108201.png,mccd_salvage,ok,219,268,232.2,202.9,False,0.2669,11,0.0,0.2107,clean,none
G:\GitHub\DiT\MCCD\MCCD\MCCD-Calligrapher\calligrapher_dataset\刘墉\諺-楷-清-刘墉-109887.png,刘墉,楷,諺,清,109887,諺-楷-清-刘墉-109887.png,mccd_salvage,ok,266,244,241.7,215.6,False,0.2878,13,0.0005,0.2604,clean,none
G:\GitHub\DiT\MCCD\MCCD\MCCD-Calligrapher\calligrapher_dataset\刘墉\貨-楷-清-刘墉-113786.png,刘墉,楷,貨,清,113786,貨-楷-清-刘墉-113786.png,mccd_salvage,ok,250,301,236.2,207.8,False,0.3825,3,0.0,0.804,clean,none
G:\GitHub\DiT\MCCD\MCCD\MCCD-Calligrapher\calligrapher_dataset\刘墉\賢-楷-清-刘墉-115079.png,刘墉,楷,賢,清,115079,賢-楷-清-刘墉-115079.png,mccd_salvage,ok,226,274,229.8,191.7,False,0.3846,2,0.0,0.989,clean,none
G:\GitHub\DiT\MCCD\MCCD\MCCD-Calligrapher\calligrapher_dataset\刘墉\趁-行-清-刘墉-116513.png,刘墉,行,趁,清,116513,趁-行-清-刘墉-116513.png,mccd_salvage,ok,273,240,238.2,204.2,False,0.3697,2,0.0,0.9492,clean,none
G:\GitHub\DiT\MCCD\MCCD\MCCD-Calligrapher\calligrapher_dataset\刘墉\路-行-清-刘墉-117526.png,刘墉,行,路,清,117526,路-行-清-刘墉-117526.png,mccd_salvage,ok,181,186,234.8,199.3,False,0.3384,2,0.0,0.5737,clean,none
G:\GitHub\DiT\MCCD\MCCD\MCCD-Calligrapher\calligrapher_dataset\刘墉\辟-楷-清-刘墉-121494.png,刘墉,楷,辟,清,121494,辟-楷-清-刘墉-121494.png,mccd_salvage,ok,226,229,239.8,226.1,False,0.3165,3,0.0,0.7492,clean,none
G:\GitHub\DiT\MCCD\MCCD\MCCD-Calligrapher\calligrapher_dataset\刘墉\迴-行-清-刘墉-122797.png,刘墉,行,迴,清,122797,迴-行-清-刘墉-122797.png,mccd_salvage,ok,267,162,220.2,144.0,False,0.4837,3,0.0,0.6538,clean,none
G:\GitHub\DiT\MCCD\MCCD\MCCD-Calligrapher\calligrapher_dataset\刘墉\迸-楷-清-刘墉-122876.png,刘墉,楷,迸,清,122876,迸-楷-清-刘墉-122876.png,mccd_salvage,ok,226,179,228.2,190.9,False,0.2742,7,0.0,0.6537,clean,none
G:\GitHub\DiT\MCCD\MCCD\MCCD-Calligrapher\calligrapher_dataset\刘墉\追-行-清-刘墉-123117.png,刘墉,行,追,清,123117,追-行-清-刘墉-123117.png,mccd_salvage,ok,216,199,225.9,173.1,False,0.297,3,0.0003,0.8869,clean,none
G:\GitHub\DiT\MCCD\MCCD\MCCD-Calligrapher\calligrapher_dataset\刘墉\逬-楷-清-刘墉-124147.png,刘墉,楷,逬,清,124147,逬-楷-清-刘墉-124147.png,mccd_salvage,ok,226,179,228.2,190.9,False,0.2742,7,0.0,0.6537,clean,none
G:\GitHub\DiT\MCCD\MCCD\MCCD-Calligrapher\calligrapher_dataset\刘墉\遲-行-清-刘墉-126001.png,刘墉,行,遲,清,126001,遲-行-清-刘墉-126001.png,mccd_salvage,ok,234,247,223.8,138.9,False,0.4425,2,0.0,0.8655,clean,none
G:\GitHub\DiT\MCCD\MCCD\MCCD-Calligrapher\calligrapher_dataset\刘墉\邦-楷-清-刘墉-127400.png,刘墉,楷,邦,清,127400,邦-楷-清-刘墉-127400.png,mccd_salvage,ok,239,197,235.0,209.3,False,0.2828,4,0.0,0.5215,clean,none
G:\GitHub\DiT\MCCD\MCCD\MCCD-Calligrapher\calligrapher_dataset\刘墉\配-楷-清-刘墉-129855.png,刘墉,楷,配,清,129855,配-楷-清-刘墉-129855.png,mccd_salvage,ok,256,172,225.3,157.5,False,0.3867,5,0.0,0.3806,clean,none
G:\GitHub\DiT\MCCD\MCCD\MCCD-Calligrapher\calligrapher_dataset\刘墉\釋-行-清-刘墉-130902.png,刘墉,行,釋,清,130902,釋-行-清-刘墉-130902.png,mccd_salvage,ok,187,180,244.5,223.9,False,0.3122,4,0.0,0.5571,clean,none
G:\GitHub\DiT\MCCD\MCCD\MCCD-Calligrapher\calligrapher_dataset\刘墉\金-行-清-刘墉-131892.png,刘墉,行,金,清,131892,金-行-清-刘墉-131892.png,mccd_salvage,ok,240,227,227.4,197.7,False,0.3968,1,0.0,1.0,clean,none
G:\GitHub\DiT\MCCD\MCCD\MCCD-Calligrapher\calligrapher_dataset\刘墉\鈍-行-清-刘墉-132182.png,刘墉,行,鈍,清,132182,鈍-行-清-刘墉-132182.png,mccd_salvage,ok,205,195,234.1,200.3,False,0.434,2,0.0,0.659,clean,none
G:\GitHub\DiT\MCCD\MCCD\MCCD-Calligrapher\calligrapher_dataset\刘墉\銘-楷-清-刘墉-132951.png,刘墉,楷,銘,清,132951,銘-楷-清-刘墉-132951.png,mccd_salvage,ok,279,195,221.6,172.5,False,0.3698,7,0.0,0.3876,clean,none
G:\GitHub\DiT\MCCD\MCCD\MCCD-Calligrapher\calligrapher_dataset\刘墉\陂-行-清-刘墉-137695.png,刘墉,行,陂,清,137695,陂-行-清-刘墉-137695.png,mccd_salvage,ok,266,196,229.2,175.3,False,0.3908,2,0.0,0.7209,clean,none
G:\GitHub\DiT\MCCD\MCCD\MCCD-Calligrapher\calligrapher_dataset\刘墉\陽-行-清-刘墉-139087.png,刘墉,行,陽,清,139087,陽-行-清-刘墉-139087.png,mccd_salvage,ok,221,234,227.6,157.2,False,0.4782,2,0.0,0.6189,clean,none
G:\GitHub\DiT\MCCD\MCCD\MCCD-Calligrapher\calligrapher_dataset\刘墉\陽-行-清-刘墉-139088.png,刘墉,行,陽,清,139088,陽-行-清-刘墉-139088.png,mccd_salvage,ok,247,266,230.8,162.6,False,0.504,1,0.0,1.0,clean,none
G:\GitHub\DiT\MCCD\MCCD\MCCD-Calligrapher\calligrapher_dataset\刘墉\雞-楷-清-刘墉-141237.png,刘墉,楷,雞,清,141237,雞-楷-清-刘墉-141237.png,mccd_salvage,ok,287,245,156.1,99.8,False,0.7391,30,0.0052,0.9835,broken,too_solid
G:\GitHub\DiT\MCCD\MCCD\MCCD-Calligrapher\calligrapher_dataset\刘墉\雨-行-清-刘墉-141705.png,刘墉,行,雨,清,141705,雨-行-清-刘墉-141705.png,mccd_salvage,ok,221,208,210.9,145.5,False,0.4473,1,0.0,1.0,clean,none
G:\GitHub\DiT\MCCD\MCCD\MCCD-Calligrapher\calligrapher_dataset\刘墉\雨-行-清-刘墉-141707.png,刘墉,行,雨,清,141707,雨-行-清-刘墉-141707.png,mccd_salvage,ok,213,200,205.6,138.0,False,0.5056,2,0.0,0.9048,clean,none
G:\GitHub\DiT\MCCD\MCCD\MCCD-Calligrapher\calligrapher_dataset\刘墉\雪-行-清-刘墉-141822.png,刘墉,行,雪,清,141822,雪-行-清-刘墉-141822.png,mccd_salvage,ok,253,264,221.0,188.5,False,0.434,2,0.0,0.9481,clean,none
G:\GitHub\DiT\MCCD\MCCD\MCCD-Calligrapher\calligrapher_dataset\刘墉\露-行-清-刘墉-142786.png,刘墉,行,露,清,142786,露-行-清-刘墉-142786.png,mccd_salvage,ok,200,229,217.2,173.9,False,0.4258,3,0.0,0.5788,clean,none
G:\GitHub\DiT\MCCD\MCCD\MCCD-Calligrapher\calligrapher_dataset\刘墉\非-行-清-刘墉-143881.png,刘墉,行,非,清,143881,非-行-清-刘墉-143881.png,mccd_salvage,ok,203,198,239.6,200.2,False,0.3847,3,0.0,0.5198,clean,none
G:\GitHub\DiT\MCCD\MCCD\MCCD-Calligrapher\calligrapher_dataset\刘墉\頃-行-清-刘墉-145470.png,刘墉,行,頃,清,145470,頃-行-清-刘墉-145470.png,mccd_salvage,ok,192,155,205.9,131.8,False,0.5464,1,0.0,1.0,clean,none
G:\GitHub\DiT\MCCD\MCCD\MCCD-Calligrapher\calligrapher_dataset\刘墉\預-行-清-刘墉-145816.png,刘墉,行,預,清,145816,預-行-清-刘墉-145816.png,mccd_salvage,ok,194,161,232.2,208.8,False,0.3088,8,0.0004,0.3621,clean,none
G:\GitHub\DiT\MCCD\MCCD\MCCD-Calligrapher\calligrapher_dataset\刘墉\頭-行-清-刘墉-146239.png,刘墉,行,頭,清,146239,頭-行-清-刘墉-146239.png,mccd_salvage,ok,243,240,232.2,147.1,False,0.4794,4,0.0,0.5178,clean,none
G:\GitHub\DiT\MCCD\MCCD\MCCD-Calligrapher\calligrapher_dataset\刘墉\香-行-清-刘墉-149587.png,刘墉,行,香,清,149587,香-行-清-刘墉-149587.png,mccd_salvage,ok,176,217,237.2,214.7,False,0.3598,2,0.0,0.986,clean,none
G:\GitHub\DiT\MCCD\MCCD\MCCD-Calligrapher\calligrapher_dataset\刘墉\駐-行-清-刘墉-150330.png,刘墉,行,駐,清,150330,駐-行-清-刘墉-150330.png,mccd_salvage,ok,206,224,235.5,188.9,False,0.4232,3,0.001,0.9607,clean,none
G:\GitHub\DiT\MCCD\MCCD\MCCD-Calligrapher\calligrapher_dataset\刘墉\驕-楷-清-刘墉-151398.png,刘墉,楷,驕,清,151398,驕-楷-清-刘墉-151398.png,mccd_salvage,ok,226,187,232.5,193.7,False,0.3275,15,0.0014,0.2098,clean,none
G:\GitHub\DiT\MCCD\MCCD\MCCD-Calligrapher\calligrapher_dataset\刘墉\驚-行-清-刘墉-151506.png,刘墉,行,驚,清,151506,驚-行-清-刘墉-151506.png,mccd_salvage,ok,162,244,235.4,208.5,False,0.2936,5,0.0,0.4863,clean,none
G:\GitHub\DiT\MCCD\MCCD\MCCD-Calligrapher\calligrapher_dataset\刘墉\魏-行-清-刘墉-153702.png,刘墉,行,魏,清,153702,魏-行-清-刘墉-153702.png,mccd_salvage,ok,229,161,221.5,185.4,False,0.4054,2,0.0,0.9109,clean,none
G:\GitHub\DiT\MCCD\MCCD\MCCD-Calligrapher\calligrapher_dataset\刘墉\鮮-楷-清-刘墉-154410.png,刘墉,楷,鮮,清,154410,鮮-楷-清-刘墉-154410.png,mccd_salvage,ok,234,209,241.3,229.4,False,0.2764,10,0.0,0.3145,clean,none
G:\GitHub\DiT\MCCD\MCCD\MCCD-Calligrapher\calligrapher_dataset\刘墉\鳥-楷-清-刘墉-155178.png,刘墉,楷,鳥,清,155178,鳥-楷-清-刘墉-155178.png,mccd_salvage,ok,226,241,223.5,204.0,False,0.3159,7,0.0,0.8058,clean,none
G:\GitHub\DiT\MCCD\MCCD\MCCD-Calligrapher\calligrapher_dataset\刘墉\鴻-行-清-刘墉-155928.png,刘墉,行,鴻,清,155928,鴻-行-清-刘墉-155928.png,mccd_salvage,ok,170,153,228.9,203.6,False,0.2915,7,0.0,0.5156,clean,none
G:\GitHub\DiT\MCCD\MCCD\MCCD-Calligrapher\calligrapher_dataset\刘墉\黎-楷-清-刘墉-158742.png,刘墉,楷,黎,清,158742,黎-楷-清-刘墉-158742.png,mccd_salvage,ok,204,192,239.6,197.3,False,0.3502,7,0.0,0.3633,clean,none
G:\GitHub\DiT\MCCD\MCCD\MCCD-Calligrapher\calligrapher_dataset\刘墉\默-行-清-刘墉-158972.png,刘墉,行,默,清,158972,默-行-清-刘墉-158972.png,mccd_salvage,ok,210,218,217.5,156.3,False,0.5313,5,0.0003,0.8972,clean,none
G:\GitHub\DiT\MCCD\MCCD\MCCD-Calligrapher\calligrapher_dataset\吴昌硕\㗛-行-近-吴昌硕-162124.png,吴昌硕,行,㗛,近,162124,㗛-行-近-吴昌硕-162124.png,mccd_salvage,ok,207,212,223.2,178.4,False,0.3926,1,0.0,1.0,clean,none
G:\GitHub\DiT\MCCD\MCCD\MCCD-Calligrapher\calligrapher_dataset\吴昌硕\一-楷-清-吴昌硕-446.png,吴昌硕,楷,一,清,446,一-楷-清-吴昌硕-446.png,mccd_salvage,ok,315,74,246.1,159.6,False,0.4789,1,0.0,1.0,clean,none
G:\GitHub\DiT\MCCD\MCCD\MCCD-Calligrapher\calligrapher_dataset\吴昌硕\一-行-近-吴昌硕-478.png,吴昌硕,行,一,近,478,一-行-近-吴昌硕-478.png,mccd_salvage,ok,206,90,242.9,185.8,False,0.4311,1,0.0,1.0,clean,none
G:\GitHub\DiT\MCCD\MCCD\MCCD-Calligrapher\calligrapher_dataset\吴昌硕\七-行-近-吴昌硕-905.png,吴昌硕,行,七,近,905,七-行-近-吴昌硕-905.png,mccd_salvage,ok,214,225,228.3,195.0,False,0.3594,1,0.0,1.0,clean,none
G:\GitHub\DiT\MCCD\MCCD\MCCD-Calligrapher\calligrapher_dataset\吴昌硕\亂-行-近-吴昌硕-9223.png,吴昌硕,行,亂,近,9223,亂-行-近-吴昌硕-9223.png,mccd_salvage,ok,191,169,226.7,170.1,False,0.4934,2,0.0,0.9581,clean,none
G:\GitHub\DiT\MCCD\MCCD\MCCD-Calligrapher\calligrapher_dataset\吴昌硕\作-隶-近-吴昌硕-17806.png,吴昌硕,隶,作,近,17806,作-隶-近-吴昌硕-17806.png,mccd_salvage,ok,200,258,234.9,212.5,False,0.3451,3,0.0003,0.5894,clean,none
G:\GitHub\DiT\MCCD\MCCD\MCCD-Calligrapher\calligrapher_dataset\吴昌硕\冬-行-近-吴昌硕-28957.png,吴昌硕,行,冬,近,28957,冬-行-近-吴昌硕-28957.png,mccd_salvage,ok,175,199,231.3,188.6,False,0.4283,1,0.0,1.0,clean,none
G:\GitHub\DiT\MCCD\MCCD\MCCD-Calligrapher\calligrapher_dataset\吴昌硕\况-行-近-吴昌硕-29083.png,吴昌硕,行,况,近,29083,况-行-近-吴昌硕-29083.png,mccd_salvage,ok,220,210,221.0,176.3,False,0.3791,3,0.0,0.6728,clean,none
G:\GitHub\DiT\MCCD\MCCD\MCCD-Calligrapher\calligrapher_dataset\吴昌硕\到-行-近-吴昌硕-31354.png,吴昌硕,行,到,近,31354,到-行-近-吴昌硕-31354.png,mccd_salvage,ok,162,201,242.5,200.6,False,0.2939,2,0.0,0.6564,clean,none
G:\GitHub\DiT\MCCD\MCCD\MCCD-Calligrapher\calligrapher_dataset\吴昌硕\即-行-近-吴昌硕-38141.png,吴昌硕,行,即,近,38141,即-行-近-吴昌硕-38141.png,mccd_salvage,ok,164,201,229.7,175.0,False,0.4034,1,0.0,1.0,clean,none
G:\GitHub\DiT\MCCD\MCCD\MCCD-Calligrapher\calligrapher_dataset\吴昌硕\器-行-近-吴昌硕-51826.png,吴昌硕,行,器,近,51826,器-行-近-吴昌硕-51826.png,mccd_salvage,ok,204,247,225.3,140.5,False,0.5317,2,0.0,0.9501,clean,none
G:\GitHub\DiT\MCCD\MCCD\MCCD-Calligrapher\calligrapher_dataset\吴昌硕\型-行-近-吴昌硕-55133.png,吴昌硕,行,型,近,55133,型-行-近-吴昌硕-55133.png,mccd_salvage,ok,184,203,219.4,155.9,False,0.5246,1,0.0,1.0,clean,none
G:\GitHub\DiT\MCCD\MCCD\MCCD-Calligrapher\calligrapher_dataset\吴昌硕\宜-行-近-吴昌硕-71283.png,吴昌硕,行,宜,近,71283,宜-行-近-吴昌硕-71283.png,mccd_salvage,ok,193,204,234.3,198.7,False,0.357,1,0.0,1.0,clean,none
G:\GitHub\DiT\MCCD\MCCD\MCCD-Calligrapher\calligrapher_dataset\吴昌硕\寒-行-近-吴昌硕-73506.png,吴昌硕,行,寒,近,73506,寒-行-近-吴昌硕-73506.png,mccd_salvage,ok,172,246,240.3,189.7,False,0.418,3,0.0,0.91,clean,none
G:\GitHub\DiT\MCCD\MCCD\MCCD-Calligrapher\calligrapher_dataset\吴昌硕\嶁-行-近-吴昌硕-80447.png,吴昌硕,行,嶁,近,80447,嶁-行-近-吴昌硕-80447.png,mccd_salvage,ok,209,256,231.5,200.8,False,0.3894,1,0.0,1.0,clean,none
G:\GitHub\DiT\MCCD\MCCD\MCCD-Calligrapher\calligrapher_dataset\吴昌硕\幻-行-近-吴昌硕-85611.png,吴昌硕,行,幻,近,85611,幻-行-近-吴昌硕-85611.png,mccd_salvage,ok,259,209,225.6,176.9,False,0.3647,2,0.0005,0.9995,clean,none
G:\GitHub\DiT\MCCD\MCCD\MCCD-Calligrapher\calligrapher_dataset\吴昌硕\彌-行-近-吴昌硕-90340.png,吴昌硕,行,彌,近,90340,彌-行-近-吴昌硕-90340.png,mccd_salvage,ok,204,248,241.8,203.0,False,0.4437,1,0.0,1.0,clean,none
G:\GitHub\DiT\MCCD\MCCD\MCCD-Calligrapher\calligrapher_dataset\吴昌硕\徐-行-近-吴昌硕-93038.png,吴昌硕,行,徐,近,93038,徐-行-近-吴昌硕-93038.png,mccd_salvage,ok,256,251,238.1,214.1,False,0.4384,1,0.0,1.0,clean,none
G:\GitHub\DiT\MCCD\MCCD\MCCD-Calligrapher\calligrapher_dataset\吴昌硕\徧-行-近-吴昌硕-93952.png,吴昌硕,行,徧,近,93952,徧-行-近-吴昌硕-93952.png,mccd_salvage,ok,257,221,224.9,195.5,False,0.4469,1,0.0,1.0,clean,none
G:\GitHub\DiT\MCCD\MCCD\MCCD-Calligrapher\calligrapher_dataset\吴昌硕\息-行-近-吴昌硕-97661.png,吴昌硕,行,息,近,97661,息-行-近-吴昌硕-97661.png,mccd_salvage,ok,193,263,236.6,206.7,False,0.3916,1,0.0,1.0,clean,none
G:\GitHub\DiT\MCCD\MCCD\MCCD-Calligrapher\calligrapher_dataset\吴昌硕\拈-行-近-吴昌硕-5249.png,吴昌硕,行,拈,近,5249,拈-行-近-吴昌硕-5249.png,mccd_salvage,ok,256,242,231.2,187.3,False,0.4709,2,0.0,0.5493,clean,none
G:\GitHub\DiT\MCCD\MCCD\MCCD-Calligrapher\calligrapher_dataset\吴昌硕\拓-行-近-吴昌硕-5344.png,吴昌硕,行,拓,近,5344,拓-行-近-吴昌硕-5344.png,mccd_salvage,ok,233,212,233.7,196.1,False,0.4498,2,0.0,0.5466,clean,none
G:\GitHub\DiT\MCCD\MCCD\MCCD-Calligrapher\calligrapher_dataset\吴昌硕\數-行-近-吴昌硕-3728.png,吴昌硕,行,數,近,3728,數-行-近-吴昌硕-3728.png,mccd_salvage,ok,247,287,239.6,212.6,False,0.4739,1,0.0,1.0,clean,none
G:\GitHub\DiT\MCCD\MCCD\MCCD-Calligrapher\calligrapher_dataset\吴昌硕\昌-行-近-吴昌硕-1932.png,吴昌硕,行,昌,近,1932,昌-行-近-吴昌硕-1932.png,mccd_salvage,ok,158,281,247.5,200.8,False,0.4788,1,0.0,1.0,clean,none
G:\GitHub\DiT\MCCD\MCCD\MCCD-Calligrapher\calligrapher_dataset\吴昌硕\止-行-近-吴昌硕-18937.png,吴昌硕,行,止,近,18937,止-行-近-吴昌硕-18937.png,mccd_salvage,ok,258,217,229.3,219.9,False,0.2946,2,0.0,0.9642,clean,none
G:\GitHub\DiT\MCCD\MCCD\MCCD-Calligrapher\calligrapher_dataset\吴昌硕\歿-行-近-吴昌硕-20909.png,吴昌硕,行,歿,近,20909,歿-行-近-吴昌硕-20909.png,mccd_salvage,ok,254,237,230.0,201.1,False,0.3858,1,0.0,1.0,clean,none
G:\GitHub\DiT\MCCD\MCCD\MCCD-Calligrapher\calligrapher_dataset\吴昌硕\泉-行-近-吴昌硕-26733.png,吴昌硕,行,泉,近,26733,泉-行-近-吴昌硕-26733.png,mccd_salvage,ok,174,220,237.2,202.7,False,0.3635,1,0.0,1.0,clean,none
G:\GitHub\DiT\MCCD\MCCD\MCCD-Calligrapher\calligrapher_dataset\吴昌硕\涂-行-近-吴昌硕-28626.png,吴昌硕,行,涂,近,28626,涂-行-近-吴昌硕-28626.png,mccd_salvage,ok,250,201,214.9,185.5,False,0.4467,1,0.0,1.0,clean,none
G:\GitHub\DiT\MCCD\MCCD\MCCD-Calligrapher\calligrapher_dataset\吴昌硕\滌-行-近-吴昌硕-32078.png,吴昌硕,行,滌,近,32078,滌-行-近-吴昌硕-32078.png,mccd_salvage,ok,251,207,229.1,213.8,False,0.3802,5,0.0,0.8276,clean,none
G:\GitHub\DiT\MCCD\MCCD\MCCD-Calligrapher\calligrapher_dataset\吴昌硕\炯-行-近-吴昌硕-35460.png,吴昌硕,行,炯,近,35460,炯-行-近-吴昌硕-35460.png,mccd_salvage,ok,249,188,236.5,193.0,False,0.4225,1,0.0,1.0,clean,none
G:\GitHub\DiT\MCCD\MCCD\MCCD-Calligrapher\calligrapher_dataset\吴昌硕\片-行-近-吴昌硕-40555.png,吴昌硕,行,片,近,40555,片-行-近-吴昌硕-40555.png,mccd_salvage,ok,172,345,235.9,197.2,False,0.4148,1,0.0,1.0,clean,none
G:\GitHub\DiT\MCCD\MCCD\MCCD-Calligrapher\calligrapher_dataset\吴昌硕\牽-行-近-吴昌硕-41431.png,吴昌硕,行,牽,近,41431,牽-行-近-吴昌硕-41431.png,mccd_salvage,ok,177,289,242.8,222.3,False,0.3248,2,0.0,0.9827,clean,none
G:\GitHub\DiT\MCCD\MCCD\MCCD-Calligrapher\calligrapher_dataset\吴昌硕\狂-行-近-吴昌硕-42025.png,吴昌硕,行,狂,近,42025,狂-行-近-吴昌硕-42025.png,mccd_salvage,ok,223,247,227.8,190.2,False,0.4721,2,0.0,0.9946,clean,none
G:\GitHub\DiT\MCCD\MCCD\MCCD-Calligrapher\calligrapher_dataset\吴昌硕\猗-行-近-吴昌硕-42509.png,吴昌硕,行,猗,近,42509,猗-行-近-吴昌硕-42509.png,mccd_salvage,ok,248,257,240.1,217.9,False,0.3908,1,0.0,1.0,clean,none
G:\GitHub\DiT\MCCD\MCCD\MCCD-Calligrapher\calligrapher_dataset\吴昌硕\獵-行-近-吴昌硕-43292.png,吴昌硕,行,獵,近,43292,獵-行-近-吴昌硕-43292.png,mccd_salvage,ok,195,254,234.3,211.4,False,0.4001,2,0.0,0.9827,clean,none
G:\GitHub\DiT\MCCD\MCCD\MCCD-Calligrapher\calligrapher_dataset\吴昌硕\瓏-行-近-吴昌硕-46474.png,吴昌硕,行,瓏,近,46474,瓏-行-近-吴昌硕-46474.png,mccd_salvage,ok,231,200,232.7,176.8,False,0.5108,1,0.0,1.0,clean,none
G:\GitHub\DiT\MCCD\MCCD\MCCD-Calligrapher\calligrapher_dataset\吴昌硕\甘-行-近-吴昌硕-46973.png,吴昌硕,行,甘,近,46973,甘-行-近-吴昌硕-46973.png,mccd_salvage,ok,266,248,232.7,209.2,False,0.3763,1,0.0,1.0,clean,none
G:\GitHub\DiT\MCCD\MCCD\MCCD-Calligrapher\calligrapher_dataset\吴昌硕\白-行-近-吴昌硕-53116.png,吴昌硕,行,白,近,53116,白-行-近-吴昌硕-53116.png,mccd_salvage,ok,205,246,228.7,201.8,False,0.4654,1,0.0,1.0,clean,none
G:\GitHub\DiT\MCCD\MCCD\MCCD-Calligrapher\calligrapher_dataset\吴昌硕\百-行-近-吴昌硕-53347.png,吴昌硕,行,百,近,53347,百-行-近-吴昌硕-53347.png,mccd_salvage,ok,202,283,226.8,187.5,False,0.5513,2,0.0002,0.9998,broken,too_solid
G:\GitHub\DiT\MCCD\MCCD\MCCD-Calligrapher\calligrapher_dataset\吴昌硕\盤-行-近-吴昌硕-55246.png,吴昌硕,行,盤,近,55246,盤-行-近-吴昌硕-55246.png,mccd_salvage,ok,217,259,223.3,188.7,False,0.5665,1,0.0,1.0,broken,too_solid
G:\GitHub\DiT\MCCD\MCCD\MCCD-Calligrapher\calligrapher_dataset\吴昌硕\相-行-近-吴昌硕-55945.png,吴昌硕,行,相,近,55945,相-行-近-吴昌硕-55945.png,mccd_salvage,ok,213,196,217.3,131.6,False,0.5242,1,0.0,1.0,clean,none
G:\GitHub\DiT\MCCD\MCCD\MCCD-Calligrapher\calligrapher_dataset\吴昌硕\眾-行-近-吴昌硕-57293.png,吴昌硕,行,眾,近,57293,眾-行-近-吴昌硕-57293.png,mccd_salvage,ok,225,284,241.9,209.0,False,0.4071,1,0.0,1.0,clean,none
G:\GitHub\DiT\MCCD\MCCD\MCCD-Calligrapher\calligrapher_dataset\吴昌硕\睡-行-近-吴昌硕-57500.png,吴昌硕,行,睡,近,57500,睡-行-近-吴昌硕-57500.png,mccd_salvage,ok,203,214,222.0,168.5,False,0.5421,1,0.0,1.0,clean,none
G:\GitHub\DiT\MCCD\MCCD\MCCD-Calligrapher\calligrapher_dataset\吴昌硕\石-行-近-吴昌硕-59114.png,吴昌硕,行,石,近,59114,石-行-近-吴昌硕-59114.png,mccd_salvage,ok,182,222,227.8,180.3,False,0.5076,1,0.0,1.0,clean,none
G:\GitHub\DiT\MCCD\MCCD\MCCD-Calligrapher\calligrapher_dataset\吴昌硕\研-行-近-吴昌硕-59255.png,吴昌硕,行,研,近,59255,研-行-近-吴昌硕-59255.png,mccd_salvage,ok,239,222,236.6,219.5,False,0.3292,1,0.0,1.0,clean,none
G:\GitHub\DiT\MCCD\MCCD\MCCD-Calligrapher\calligrapher_dataset\吴昌硕\硏-行-近-吴昌硕-59454.png,吴昌硕,行,硏,近,59454,硏-行-近-吴昌硕-59454.png,mccd_salvage,ok,239,222,236.6,219.5,False,0.3292,1,0.0,1.0,clean,none
G:\GitHub\DiT\MCCD\MCCD\MCCD-Calligrapher\calligrapher_dataset\吴昌硕\秋-行-近-吴昌硕-63300.png,吴昌硕,行,秋,近,63300,秋-行-近-吴昌硕-63300.png,mccd_salvage,ok,211,221,231.4,195.9,False,0.3942,1,0.0,1.0,clean,none
G:\GitHub\DiT\MCCD\MCCD\MCCD-Calligrapher\calligrapher_dataset\吴昌硕\空-行-近-吴昌硕-65282.png,吴昌硕,行,空,近,65282,空-行-近-吴昌硕-65282.png,mccd_salvage,ok,218,219,218.1,186.5,False,0.4399,1,0.0,1.0,clean,none
G:\GitHub\DiT\MCCD\MCCD\MCCD-Calligrapher\calligrapher_dataset\吴昌硕\競-行-近-吴昌硕-66871.png,吴昌硕,行,競,近,66871,競-行-近-吴昌硕-66871.png,mccd_salvage,ok,253,249,235.1,217.6,False,0.4242,2,0.0001,0.9999,clean,none
G:\GitHub\DiT\MCCD\MCCD\MCCD-Calligrapher\calligrapher_dataset\吴昌硕\策-行-近-吴昌硕-67825.png,吴昌硕,行,策,近,67825,策-行-近-吴昌硕-67825.png,mccd_salvage,ok,156,206,247.0,226.8,False,0.302,2,0.0016,0.9984,clean,none
G:\GitHub\DiT\MCCD\MCCD\MCCD-Calligrapher\calligrapher_dataset\吴昌硕\節-行-近-吴昌硕-68509.png,吴昌硕,行,節,近,68509,節-行-近-吴昌硕-68509.png,mccd_salvage,ok,187,269,238.1,193.5,False,0.3689,1,0.0,1.0,clean,none
G:\GitHub\DiT\MCCD\MCCD\MCCD-Calligrapher\calligrapher_dataset\吴昌硕\索-行-近-吴昌硕-71399.png,吴昌硕,行,索,近,71399,索-行-近-吴昌硕-71399.png,mccd_salvage,ok,172,265,233.7,209.3,False,0.4215,1,0.0,1.0,clean,none
G:\GitHub\DiT\MCCD\MCCD\MCCD-Calligrapher\calligrapher_dataset\吴昌硕\縣-行-近-吴昌硕-74695.png,吴昌硕,行,縣,近,74695,縣-行-近-吴昌硕-74695.png,mccd_salvage,ok,244,229,235.6,199.9,False,0.445,2,0.0,0.9153,clean,none
G:\GitHub\DiT\MCCD\MCCD\MCCD-Calligrapher\calligrapher_dataset\吴昌硕\繪-行-近-吴昌硕-75472.png,吴昌硕,行,繪,近,75472,繪-行-近-吴昌硕-75472.png,mccd_salvage,ok,183,278,240.0,215.4,False,0.3916,1,0.0,1.0,clean,none
G:\GitHub\DiT\MCCD\MCCD\MCCD-Calligrapher\calligrapher_dataset\吴昌硕\缶-行-近-吴昌硕-76010.png,吴昌硕,行,缶,近,76010,缶-行-近-吴昌硕-76010.png,mccd_salvage,ok,229,255,235.1,210.0,False,0.3698,1,0.0,1.0,clean,none
G:\GitHub\DiT\MCCD\MCCD\MCCD-Calligrapher\calligrapher_dataset\吴昌硕\羅-行-近-吴昌硕-76816.png,吴昌硕,行,羅,近,76816,羅-行-近-吴昌硕-76816.png,mccd_salvage,ok,167,215,225.2,164.5,False,0.5213,2,0.0,0.962,clean,none
G:\GitHub\DiT\MCCD\MCCD\MCCD-Calligrapher\calligrapher_dataset\吴昌硕\胡-行-近-吴昌硕-83619.png,吴昌硕,行,胡,近,83619,胡-行-近-吴昌硕-83619.png,mccd_salvage,ok,246,205,237.8,186.0,False,0.4726,2,0.0,0.9976,clean,none
G:\GitHub\DiT\MCCD\MCCD\MCCD-Calligrapher\calligrapher_dataset\吴昌硕\腥-行-近-吴昌硕-84764.png,吴昌硕,行,腥,近,84764,腥-行-近-吴昌硕-84764.png,mccd_salvage,ok,197,288,236.6,208.8,False,0.4772,1,0.0,1.0,clean,none
G:\GitHub\DiT\MCCD\MCCD\MCCD-Calligrapher\calligrapher_dataset\吴昌硕\臣-行-近-吴昌硕-85928.png,吴昌硕,行,臣,近,85928,臣-行-近-吴昌硕-85928.png,mccd_salvage,ok,181,283,220.7,167.1,False,0.5175,1,0.0,1.0,clean,none
G:\GitHub\DiT\MCCD\MCCD\MCCD-Calligrapher\calligrapher_dataset\吴昌硕\自-行-近-吴昌硕-86576.png,吴昌硕,行,自,近,86576,自-行-近-吴昌硕-86576.png,mccd_salvage,ok,157,185,248.0,217.5,False,0.3089,1,0.0,1.0,clean,none
G:\GitHub\DiT\MCCD\MCCD\MCCD-Calligrapher\calligrapher_dataset\吴昌硕\艱-行-近-吴昌硕-89116.png,吴昌硕,行,艱,近,89116,艱-行-近-吴昌硕-89116.png,mccd_salvage,ok,226,278,232.0,192.7,False,0.5108,2,0.0,0.9986,clean,none
G:\GitHub\DiT\MCCD\MCCD\MCCD-Calligrapher\calligrapher_dataset\吴昌硕\苦-行-近-吴昌硕-90471.png,吴昌硕,行,苦,近,90471,苦-行-近-吴昌硕-90471.png,mccd_salvage,ok,193,177,226.3,175.7,False,0.4244,1,0.0,1.0,clean,none
G:\GitHub\DiT\MCCD\MCCD\MCCD-Calligrapher\calligrapher_dataset\吴昌硕\華-行-近-吴昌硕-92611.png,吴昌硕,行,華,近,92611,華-行-近-吴昌硕-92611.png,mccd_salvage,ok,164,292,239.0,213.6,False,0.3333,2,0.0005,0.9995,clean,none
G:\GitHub\DiT\MCCD\MCCD\MCCD-Calligrapher\calligrapher_dataset\吴昌硕\蔬-行-近-吴昌硕-95136.png,吴昌硕,行,蔬,近,95136,蔬-行-近-吴昌硕-95136.png,mccd_salvage,ok,198,239,226.7,188.7,False,0.5444,1,0.0,1.0,clean,none
G:\GitHub\DiT\MCCD\MCCD\MCCD-Calligrapher\calligrapher_dataset\吴昌硕\藉-隶-近-吴昌硕-96194.png,吴昌硕,隶,藉,近,96194,藉-隶-近-吴昌硕-96194.png,mccd_salvage,ok,280,336,238.4,203.5,False,0.5618,1,0.0,1.0,broken,too_solid
G:\GitHub\DiT\MCCD\MCCD\MCCD-Calligrapher\calligrapher_dataset\吴昌硕\藏-行-近-吴昌硕-96315.png,吴昌硕,行,藏,近,96315,藏-行-近-吴昌硕-96315.png,mccd_salvage,ok,182,270,234.8,198.9,False,0.3685,2,0.0,0.8782,clean,none
G:\GitHub\DiT\MCCD\MCCD\MCCD-Calligrapher\calligrapher_dataset\吴昌硕\蟲-行-近-吴昌硕-99994.png,吴昌硕,行,蟲,近,99994,蟲-行-近-吴昌硕-99994.png,mccd_salvage,ok,243,354,235.8,212.4,False,0.3633,3,0.0009,0.6967,clean,none
G:\GitHub\DiT\MCCD\MCCD\MCCD-Calligrapher\calligrapher_dataset\吴昌硕\衆-行-近-吴昌硕-100675.png,吴昌硕,行,衆,近,100675,衆-行-近-吴昌硕-100675.png,mccd_salvage,ok,225,284,241.9,209.0,False,0.4071,1,0.0,1.0,clean,none
G:\GitHub\DiT\MCCD\MCCD\MCCD-Calligrapher\calligrapher_dataset\吴昌硕\行-行-近-吴昌硕-101058.png,吴昌硕,行,行,近,101058,行-行-近-吴昌硕-101058.png,mccd_salvage,ok,245,232,231.6,196.5,False,0.3685,2,0.0,0.5527,clean,none
G:\GitHub\DiT\MCCD\MCCD\MCCD-Calligrapher\calligrapher_dataset\吴昌硕\衰-行-近-吴昌硕-101961.png,吴昌硕,行,衰,近,101961,衰-行-近-吴昌硕-101961.png,mccd_salvage,ok,188,251,232.5,204.3,False,0.3848,1,0.0,1.0,clean,none
G:\GitHub\DiT\MCCD\MCCD\MCCD-Calligrapher\calligrapher_dataset\吴昌硕\袍-行-近-吴昌硕-102181.png,吴昌硕,行,袍,近,102181,袍-行-近-吴昌硕-102181.png,mccd_salvage,ok,256,224,216.4,174.8,False,0.5047,2,0.0,0.9202,clean,none
G:\GitHub\DiT\MCCD\MCCD\MCCD-Calligrapher\calligrapher_dataset\吴昌硕\補-行-近-吴昌硕-102831.png,吴昌硕,行,補,近,102831,補-行-近-吴昌硕-102831.png,mccd_salvage,ok,215,200,224.3,160.1,False,0.5697,1,0.0,1.0,broken,too_solid
G:\GitHub\DiT\MCCD\MCCD\MCCD-Calligrapher\calligrapher_dataset\吴昌硕\觀-行-近-吴昌硕-105336.png,吴昌硕,行,觀,近,105336,觀-行-近-吴昌硕-105336.png,mccd_salvage,ok,204,207,230.6,187.0,False,0.5249,1,0.0,1.0,clean,none
G:\GitHub\DiT\MCCD\MCCD\MCCD-Calligrapher\calligrapher_dataset\吴昌硕\解-行-近-吴昌硕-105623.png,吴昌硕,行,解,近,105623,解-行-近-吴昌硕-105623.png,mccd_salvage,ok,256,362,238.9,204.4,False,0.4625,2,0.0,0.5156,clean,none
G:\GitHub\DiT\MCCD\MCCD\MCCD-Calligrapher\calligrapher_dataset\吴昌硕\觸-行-近-吴昌硕-105815.png,吴昌硕,行,觸,近,105815,觸-行-近-吴昌硕-105815.png,mccd_salvage,ok,169,175,215.8,131.9,False,0.5652,1,0.0,1.0,broken,too_solid
G:\GitHub\DiT\MCCD\MCCD\MCCD-Calligrapher\calligrapher_dataset\吴昌硕\詁-行-近-吴昌硕-107163.png,吴昌硕,行,詁,近,107163,詁-行-近-吴昌硕-107163.png,mccd_salvage,ok,251,226,236.2,197.2,False,0.416,4,0.0007,0.9233,clean,none
G:\GitHub\DiT\MCCD\MCCD\MCCD-Calligrapher\calligrapher_dataset\吴昌硕\詩-行-近-吴昌硕-107763.png,吴昌硕,行,詩,近,107763,詩-行-近-吴昌硕-107763.png,mccd_salvage,ok,212,232,239.0,209.8,False,0.3845,2,0.0,0.8583,clean,none
G:\GitHub\DiT\MCCD\MCCD\MCCD-Calligrapher\calligrapher_dataset\吴昌硕\認-行-近-吴昌硕-108156.png,吴昌硕,行,認,近,108156,認-行-近-吴昌硕-108156.png,mccd_salvage,ok,238,202,217.6,162.8,False,0.4536,3,0.0,0.6896,clean,none
G:\GitHub\DiT\MCCD\MCCD\MCCD-Calligrapher\calligrapher_dataset\吴昌硕\誰-行-近-吴昌硕-108877.png,吴昌硕,行,誰,近,108877,誰-行-近-吴昌硕-108877.png,mccd_salvage,ok,206,208,234.4,184.8,False,0.4913,3,0.0,0.776,clean,none
G:\GitHub\DiT\MCCD\MCCD\MCCD-Calligrapher\calligrapher_dataset\吴昌硕\誰-行-近-吴昌硕-108878.png,吴昌硕,行,誰,近,108878,誰-行-近-吴昌硕-108878.png,mccd_salvage,ok,176,184,239.8,201.6,False,0.4423,2,0.0,0.9368,clean,none
G:\GitHub\DiT\MCCD\MCCD\MCCD-Calligrapher\calligrapher_dataset\吴昌硕\谷-行-近-吴昌硕-111800.png,吴昌硕,行,谷,近,111800,谷-行-近-吴昌硕-111800.png,mccd_salvage,ok,243,212,230.9,204.6,False,0.3894,2,0.0,0.9104,clean,none
G:\GitHub\DiT\MCCD\MCCD\MCCD-Calligrapher\calligrapher_dataset\吴昌硕\谿-行-近-吴昌硕-111875.png,吴昌硕,行,谿,近,111875,谿-行-近-吴昌硕-111875.png,mccd_salvage,ok,194,222,240.6,211.3,False,0.416,2,0.0,0.9604,clean,none
G:\GitHub\DiT\MCCD\MCCD\MCCD-Calligrapher\calligrapher_dataset\吴昌硕\谿-行-近-吴昌硕-111876.png,吴昌硕,行,谿,近,111876,谿-行-近-吴昌硕-111876.png,mccd_salvage,ok,230,209,224.5,201.3,False,0.4604,1,0.0,1.0,clean,none
G:\GitHub\DiT\MCCD\MCCD\MCCD-Calligrapher\calligrapher_dataset\吴昌硕\豈-行-近-吴昌硕-112053.png,吴昌硕,行,豈,近,112053,豈-行-近-吴昌硕-112053.png,mccd_salvage,ok,156,220,239.1,210.2,False,0.3902,1,0.0,1.0,clean,none
G:\GitHub\DiT\MCCD\MCCD\MCCD-Calligrapher\calligrapher_dataset\吴昌硕\跗-行-近-吴昌硕-117306.png,吴昌硕,行,跗,近,117306,跗-行-近-吴昌硕-117306.png,mccd_salvage,ok,234,174,237.0,205.2,False,0.4358,1,0.0,1.0,clean,none
G:\GitHub\DiT\MCCD\MCCD\MCCD-Calligrapher\calligrapher_dataset\吴昌硕\道-行-近-吴昌硕-125210.png,吴昌硕,行,道,近,125210,道-行-近-吴昌硕-125210.png,mccd_salvage,ok,232,323,234.6,180.4,False,0.4315,1,0.0,1.0,clean,none
G:\GitHub\DiT\MCCD\MCCD\MCCD-Calligrapher\calligrapher_dataset\吴昌硕\遣-行-近-吴昌硕-125749.png,吴昌硕,行,遣,近,125749,遣-行-近-吴昌硕-125749.png,mccd_salvage,ok,155,207,219.9,185.2,False,0.3988,1,0.0,1.0,clean,none
G:\GitHub\DiT\MCCD\MCCD\MCCD-Calligrapher\calligrapher_dataset\吴昌硕\那-行-近-吴昌硕-127231.png,吴昌硕,行,那,近,127231,那-行-近-吴昌硕-127231.png,mccd_salvage,ok,213,186,235.4,206.6,False,0.3651,1,0.0,1.0,clean,none
G:\GitHub\DiT\MCCD\MCCD\MCCD-Calligrapher\calligrapher_dataset\吴昌硕\部-行-近-吴昌硕-128374.png,吴昌硕,行,部,近,128374,部-行-近-吴昌硕-128374.png,mccd_salvage,ok,216,303,241.4,217.0,False,0.2851,3,0.0004,0.9926,clean,none
G:\GitHub\DiT\MCCD\MCCD\MCCD-Calligrapher\calligrapher_dataset\吴昌硕\酒-行-近-吴昌硕-129953.png,吴昌硕,行,酒,近,129953,酒-行-近-吴昌硕-129953.png,mccd_salvage,ok,196,205,237.9,170.0,False,0.497,1,0.0,1.0,clean,none
G:\GitHub\DiT\MCCD\MCCD\MCCD-Calligrapher\calligrapher_dataset\吴昌硕\酺-行-近-吴昌硕-130229.png,吴昌硕,行,酺,近,130229,酺-行-近-吴昌硕-130229.png,mccd_salvage,ok,217,210,239.1,201.4,False,0.3921,3,0.0,0.5298,clean,none
G:\GitHub\DiT\MCCD\MCCD\MCCD-Calligrapher\calligrapher_dataset\吴昌硕\野-行-近-吴昌硕-131335.png,吴昌硕,行,野,近,131335,野-行-近-吴昌硕-131335.png,mccd_salvage,ok,233,279,221.0,185.8,False,0.5364,1,0.0,1.0,clean,none
G:\GitHub\DiT\MCCD\MCCD\MCCD-Calligrapher\calligrapher_dataset\吴昌硕\鉏-行-近-吴昌硕-132527.png,吴昌硕,行,鉏,近,132527,鉏-行-近-吴昌硕-132527.png,mccd_salvage,ok,264,248,226.6,196.6,False,0.4425,1,0.0,1.0,clean,none
G:\GitHub\DiT\MCCD\MCCD\MCCD-Calligrapher\calligrapher_dataset\吴昌硕\鐘-行-近-吴昌硕-134896.png,吴昌硕,行,鐘,近,134896,鐘-行-近-吴昌硕-134896.png,mccd_salvage,ok,231,289,237.7,209.5,False,0.4752,2,0.0,0.9962,clean,none
G:\GitHub\DiT\MCCD\MCCD\MCCD-Calligrapher\calligrapher_dataset\吴昌硕\鐵-行-近-吴昌硕-135001.png,吴昌硕,行,鐵,近,135001,鐵-行-近-吴昌硕-135001.png,mccd_salvage,ok,192,217,231.0,201.3,False,0.4182,4,0.0033,0.9967,clean,none
G:\GitHub\DiT\MCCD\MCCD\MCCD-Calligrapher\calligrapher_dataset\吴昌硕\鑱-行-近-吴昌硕-135343.png,吴昌硕,行,鑱,近,135343,鑱-行-近-吴昌硕-135343.png,mccd_salvage,ok,214,230,218.4,182.8,False,0.4829,2,0.0004,0.9996,clean,none
G:\GitHub\DiT\MCCD\MCCD\MCCD-Calligrapher\calligrapher_dataset\吴昌硕\長-行-近-吴昌硕-135757.png,吴昌硕,行,長,近,135757,長-行-近-吴昌硕-135757.png,mccd_salvage,ok,182,204,237.0,221.9,False,0.296,2,0.0,0.924,clean,none
G:\GitHub\DiT\MCCD\MCCD\MCCD-Calligrapher\calligrapher_dataset\吴昌硕\間-行-近-吴昌硕-136476.png,吴昌硕,行,間,近,136476,間-行-近-吴昌硕-136476.png,mccd_salvage,ok,197,194,187.7,116.7,False,0.5541,2,0.0,0.8225,broken,too_solid
G:\GitHub\DiT\MCCD\MCCD\MCCD-Calligrapher\calligrapher_dataset\吴昌硕\雅-行-近-吴昌硕-140540.png,吴昌硕,行,雅,近,140540,雅-行-近-吴昌硕-140540.png,mccd_salvage,ok,167,246,240.5,213.7,False,0.4459,1,0.0,1.0,clean,none
G:\GitHub\DiT\MCCD\MCCD\MCCD-Calligrapher\calligrapher_dataset\吴昌硕\雖-行-近-吴昌硕-140951.png,吴昌硕,行,雖,近,140951,雖-行-近-吴昌硕-140951.png,mccd_salvage,ok,233,307,237.5,211.3,False,0.4475,1,0.0,1.0,clean,none
G:\GitHub\DiT\MCCD\MCCD\MCCD-Calligrapher\calligrapher_dataset\吴昌硕\雪-行-近-吴昌硕-141826.png,吴昌硕,行,雪,近,141826,雪-行-近-吴昌硕-141826.png,mccd_salvage,ok,242,230,232.9,199.9,False,0.3621,2,0.0003,0.9997,clean,none
G:\GitHub\DiT\MCCD\MCCD\MCCD-Calligrapher\calligrapher_dataset\吴昌硕\頂-行-近-吴昌硕-145431.png,吴昌硕,行,頂,近,145431,頂-行-近-吴昌硕-145431.png,mccd_salvage,ok,216,181,216.6,168.6,False,0.4538,3,0.0,0.4939,clean,none
G:\GitHub\DiT\MCCD\MCCD\MCCD-Calligrapher\calligrapher_dataset\吴昌硕\題-行-近-吴昌硕-146523.png,吴昌硕,行,題,近,146523,題-行-近-吴昌硕-146523.png,mccd_salvage,ok,209,201,231.1,187.2,False,0.4069,3,0.0,0.9778,clean,none
G:\GitHub\DiT\MCCD\MCCD\MCCD-Calligrapher\calligrapher_dataset\吴昌硕\食-行-近-吴昌硕-147937.png,吴昌硕,行,食,近,147937,食-行-近-吴昌硕-147937.png,mccd_salvage,ok,162,240,243.5,229.6,False,0.2941,3,0.0,0.9769,clean,none
G:\GitHub\DiT\MCCD\MCCD\MCCD-Calligrapher\calligrapher_dataset\吴昌硕\飮-行-近-吴昌硕-148217.png,吴昌硕,行,飮,近,148217,飮-行-近-吴昌硕-148217.png,mccd_salvage,ok,244,190,231.9,183.5,False,0.4754,1,0.0,1.0,clean,none
G:\GitHub\DiT\MCCD\MCCD\MCCD-Calligrapher\calligrapher_dataset\吴昌硕\飯-行-近-吴昌硕-148262.png,吴昌硕,行,飯,近,148262,飯-行-近-吴昌硕-148262.png,mccd_salvage,ok,233,163,228.7,180.3,False,0.4588,1,0.0,1.0,clean,none
G:\GitHub\DiT\MCCD\MCCD\MCCD-Calligrapher\calligrapher_dataset\吴昌硕\飲-行-近-吴昌硕-148314.png,吴昌硕,行,飲,近,148314,飲-行-近-吴昌硕-148314.png,mccd_salvage,ok,244,190,231.9,183.5,False,0.4754,1,0.0,1.0,clean,none
G:\GitHub\DiT\MCCD\MCCD\MCCD-Calligrapher\calligrapher_dataset\吴昌硕\餓-行-近-吴昌硕-148595.png,吴昌硕,行,餓,近,148595,餓-行-近-吴昌硕-148595.png,mccd_salvage,ok,256,208,234.7,213.9,False,0.3835,1,0.0,1.0,clean,none
G:\GitHub\DiT\MCCD\MCCD\MCCD-Calligrapher\calligrapher_dataset\吴昌硕\騷-行-近-吴昌硕-151191.png,吴昌硕,行,騷,近,151191,騷-行-近-吴昌硕-151191.png,mccd_salvage,ok,200,207,215.8,156.1,False,0.5602,1,0.0,1.0,broken,too_solid
G:\GitHub\DiT\MCCD\MCCD\MCCD-Calligrapher\calligrapher_dataset\吴昌硕\高-行-近-吴昌硕-152283.png,吴昌硕,行,高,近,152283,高-行-近-吴昌硕-152283.png,mccd_salvage,ok,177,232,232.6,197.2,False,0.3611,1,0.0,1.0,clean,none
G:\GitHub\DiT\MCCD\MCCD\MCCD-Calligrapher\calligrapher_dataset\吴昌硕\高-行-近-吴昌硕-152284.png,吴昌硕,行,高,近,152284,高-行-近-吴昌硕-152284.png,mccd_salvage,ok,156,177,234.2,195.4,False,0.3552,1,0.0,1.0,clean,none
G:\GitHub\DiT\MCCD\MCCD\MCCD-Calligrapher\calligrapher_dataset\吴昌硕\髙-行-近-吴昌硕-152524.png,吴昌硕,行,髙,近,152524,髙-行-近-吴昌硕-152524.png,mccd_salvage,ok,177,232,232.6,197.2,False,0.3611,1,0.0,1.0,clean,none
G:\GitHub\DiT\MCCD\MCCD\MCCD-Calligrapher\calligrapher_dataset\吴昌硕\髙-行-近-吴昌硕-152525.png,吴昌硕,行,髙,近,152525,髙-行-近-吴昌硕-152525.png,mccd_salvage,ok,156,177,234.2,195.4,False,0.3552,1,0.0,1.0,clean,none
G:\GitHub\DiT\MCCD\MCCD\MCCD-Calligrapher\calligrapher_dataset\吴昌硕\鮑-行-近-吴昌硕-154271.png,吴昌硕,行,鮑,近,154271,鮑-行-近-吴昌硕-154271.png,mccd_salvage,ok,208,190,239.7,224.5,False,0.3451,2,0.0,0.5498,clean,none
G:\GitHub\DiT\MCCD\MCCD\MCCD-Calligrapher\calligrapher_dataset\吴昌硕\黃-行-近-吴昌硕-158185.png,吴昌硕,行,黃,近,158185,黃-行-近-吴昌硕-158185.png,mccd_salvage,ok,156,187,237.1,195.2,False,0.4805,2,0.0002,0.9998,clean,none
G:\GitHub\DiT\MCCD\MCCD\MCCD-Calligrapher\calligrapher_dataset\吴昌硕\黃-行-近-吴昌硕-158186.png,吴昌硕,行,黃,近,158186,黃-行-近-吴昌硕-158186.png,mccd_salvage,ok,185,228,227.6,199.5,False,0.4285,1,0.0,1.0,clean,none
G:\GitHub\DiT\MCCD\MCCD\MCCD-Calligrapher\calligrapher_dataset\吴昌硕\黄-行-近-吴昌硕-158567.png,吴昌硕,行,黄,近,158567,黄-行-近-吴昌硕-158567.png,mccd_salvage,ok,156,187,237.1,195.2,False,0.4805,2,0.0002,0.9998,clean,none
G:\GitHub\DiT\MCCD\MCCD\MCCD-Calligrapher\calligrapher_dataset\吴昌硕\黄-行-近-吴昌硕-158568.png,吴昌硕,行,黄,近,158568,黄-行-近-吴昌硕-158568.png,mccd_salvage,ok,185,228,227.6,199.5,False,0.4285,1,0.0,1.0,clean,none
G:\GitHub\DiT\MCCD\MCCD\MCCD-Calligrapher\calligrapher_dataset\吴昌硕\鼓-行-近-吴昌硕-159848.png,吴昌硕,行,鼓,近,159848,鼓-行-近-吴昌硕-159848.png,mccd_salvage,ok,160,193,231.4,204.4,False,0.4602,1,0.0,1.0,clean,none
G:\GitHub\DiT\MCCD\MCCD\MCCD-Calligrapher\calligrapher_dataset\唐寅\去-行-明-唐寅-39337.png,唐寅,行,去,明,39337,去-行-明-唐寅-39337.png,mccd_salvage,ok,171,208,236.9,199.8,False,0.3873,1,0.0,1.0,clean,none
G:\GitHub\DiT\MCCD\MCCD\MCCD-Calligrapher\calligrapher_dataset\唐寅\對-行-明-唐寅-76070.png,唐寅,行,對,明,76070,對-行-明-唐寅-76070.png,mccd_salvage,ok,212,227,243.9,213.3,False,0.4207,1,0.0,1.0,clean,none
G:\GitHub\DiT\MCCD\MCCD\MCCD-Calligrapher\calligrapher_dataset\唐寅\帕-行-明-唐寅-83209.png,唐寅,行,帕,明,83209,帕-行-明-唐寅-83209.png,mccd_salvage,ok,206,177,219.9,190.9,False,0.2648,4,0.0,0.5455,clean,none
G:\GitHub\DiT\MCCD\MCCD\MCCD-Calligrapher\calligrapher_dataset\唐寅\料-行-明-唐寅-4456.png,唐寅,行,料,明,4456,料-行-明-唐寅-4456.png,mccd_salvage,ok,259,254,239.5,215.9,False,0.3879,1,0.0,1.0,clean,none
G:\GitHub\DiT\MCCD\MCCD\MCCD-Calligrapher\calligrapher_dataset\唐寅\日-行-明-唐寅-1108.png,唐寅,行,日,明,1108,日-行-明-唐寅-1108.png,mccd_salvage,ok,159,258,237.9,175.6,False,0.5431,1,0.0,1.0,clean,none
G:\GitHub\DiT\MCCD\MCCD\MCCD-Calligrapher\calligrapher_dataset\唐寅\曲-行-明-唐寅-6318.png,唐寅,行,曲,明,6318,曲-行-明-唐寅-6318.png,mccd_salvage,ok,265,217,222.1,162.7,False,0.5324,1,0.0,1.0,clean,none
G:\GitHub\DiT\MCCD\MCCD\MCCD-Calligrapher\calligrapher_dataset\唐寅\有-行-明-唐寅-8113.png,唐寅,行,有,明,8113,有-行-明-唐寅-8113.png,mccd_salvage,ok,177,250,237.0,195.7,False,0.4308,1,0.0,1.0,clean,none
G:\GitHub\DiT\MCCD\MCCD\MCCD-Calligrapher\calligrapher_dataset\唐寅\漸-行-明-唐寅-32877.png,唐寅,行,漸,明,32877,漸-行-明-唐寅-32877.png,mccd_salvage,ok,234,201,239.4,201.8,False,0.4129,4,0.0,0.8863,clean,none
G:\GitHub\DiT\MCCD\MCCD\MCCD-Calligrapher\calligrapher_dataset\唐寅\玉-行-明-唐寅-43961.png,唐寅,行,玉,明,43961,玉-行-明-唐寅-43961.png,mccd_salvage,ok,210,271,231.0,167.3,False,0.5879,1,0.0,1.0,broken,too_solid
G:\GitHub\DiT\MCCD\MCCD\MCCD-Calligrapher\calligrapher_dataset\唐寅\白-行-明-唐寅-53112.png,唐寅,行,白,明,53112,白-行-明-唐寅-53112.png,mccd_salvage,ok,240,245,228.4,188.3,False,0.4646,1,0.0,1.0,clean,none
G:\GitHub\DiT\MCCD\MCCD\MCCD-Calligrapher\calligrapher_dataset\唐寅\眼-行-明-唐寅-57153.png,唐寅,行,眼,明,57153,眼-行-明-唐寅-57153.png,mccd_salvage,ok,266,265,230.3,183.4,False,0.3371,4,0.0,0.429,clean,none
G:\GitHub\DiT\MCCD\MCCD\MCCD-Calligrapher\calligrapher_dataset\唐寅\空-行-明-唐寅-65277.png,唐寅,行,空,明,65277,空-行-明-唐寅-65277.png,mccd_salvage,ok,235,234,224.5,180.9,False,0.3688,2,0.0,0.894,clean,none
G:\GitHub\DiT\MCCD\MCCD\MCCD-Calligrapher\calligrapher_dataset\唐寅\綠-行-明-唐寅-73251.png,唐寅,行,綠,明,73251,綠-行-明-唐寅-73251.png,mccd_salvage,ok,205,217,231.9,167.6,False,0.4913,1,0.0,1.0,clean,none
G:\GitHub\DiT\MCCD\MCCD\MCCD-Calligrapher\calligrapher_dataset\唐寅\纖-行-明-唐寅-75878.png,唐寅,行,纖,明,75878,纖-行-明-唐寅-75878.png,mccd_salvage,ok,270,229,238.7,201.9,False,0.4191,2,0.0,0.9536,clean,none
G:\GitHub\DiT\MCCD\MCCD\MCCD-Calligrapher\calligrapher_dataset\唐寅\聽-行-明-唐寅-82362.png,唐寅,行,聽,明,82362,聽-行-明-唐寅-82362.png,mccd_salvage,ok,223,224,229.6,162.5,False,0.489,2,0.0,0.9135,clean,none
G:\GitHub\DiT\MCCD\MCCD\MCCD-Calligrapher\calligrapher_dataset\唐寅\與-行-明-唐寅-87696.png,唐寅,行,與,明,87696,與-行-明-唐寅-87696.png,mccd_salvage,ok,259,234,242.7,222.3,False,0.3612,1,0.0,1.0,clean,none
G:\GitHub\DiT\MCCD\MCCD\MCCD-Calligrapher\calligrapher_dataset\唐寅\莫-行-明-唐寅-92100.png,唐寅,行,莫,明,92100,莫-行-明-唐寅-92100.png,mccd_salvage,ok,181,272,229.5,202.6,False,0.4389,2,0.0,0.9346,clean,none
G:\GitHub\DiT\MCCD\MCCD\MCCD-Calligrapher\calligrapher_dataset\唐寅\莫-行-明-唐寅-92103.png,唐寅,行,莫,明,92103,莫-行-明-唐寅-92103.png,mccd_salvage,ok,192,332,240.5,221.4,False,0.4438,1,0.0,1.0,clean,none
G:\GitHub\DiT\MCCD\MCCD\MCCD-Calligrapher\calligrapher_dataset\唐寅\調-行-明-唐寅-109017.png,唐寅,行,調,明,109017,調-行-明-唐寅-109017.png,mccd_salvage,ok,238,209,240.6,184.5,False,0.3709,5,0.0,0.6146,clean,none
G:\GitHub\DiT\MCCD\MCCD\MCCD-Calligrapher\calligrapher_dataset\唐寅\院-行-明-唐寅-138215.png,唐寅,行,院,明,138215,院-行-明-唐寅-138215.png,mccd_salvage,ok,203,179,222.9,190.4,False,0.2366,5,0.0,0.4191,clean,none
G:\GitHub\DiT\MCCD\MCCD\MCCD-Calligrapher\calligrapher_dataset\唐寅\鶯-行-明-唐寅-156429.png,唐寅,行,鶯,明,156429,鶯-行-明-唐寅-156429.png,mccd_salvage,ok,185,262,233.9,199.3,False,0.3785,2,0.0,0.9421,clean,none
G:\GitHub\DiT\MCCD\MCCD\MCCD-Calligrapher\calligrapher_dataset\唐寅\鶯-行-明-唐寅-156430.png,唐寅,行,鶯,明,156430,鶯-行-明-唐寅-156430.png,mccd_salvage,ok,184,248,233.7,220.3,False,0.2514,3,0.0,0.4818,clean,none
G:\GitHub\DiT\MCCD\MCCD\MCCD-Calligrapher\calligrapher_dataset\唐寅\𢃄-行-明-唐寅-562.png,唐寅,行,𢃄,明,562,𢃄-行-明-唐寅-562.png,mccd_salvage,ok,192,272,241.9,215.2,False,0.4004,1,0.0,1.0,clean,none
G:\GitHub\DiT\MCCD\MCCD\MCCD-Calligrapher\calligrapher_dataset\孙过庭\七-行-唐-孙过庭-898.png,孙过庭,行,七,唐,898,七-行-唐-孙过庭-898.png,mccd_salvage,ok,245,142,209.1,177.0,False,0.3916,1,0.0,1.0,clean,none
G:\GitHub\DiT\MCCD\MCCD\MCCD-Calligrapher\calligrapher_dataset\孙过庭\上-行-唐-孙过庭-1617.png,孙过庭,行,上,唐,1617,上-行-唐-孙过庭-1617.png,mccd_salvage,ok,223,250,229.2,177.3,False,0.3952,1,0.0,1.0,clean,none
G:\GitHub\DiT\MCCD\MCCD\MCCD-Calligrapher\calligrapher_dataset\孙过庭\井-行-唐-孙过庭-11563.png,孙过庭,行,井,唐,11563,井-行-唐-孙过庭-11563.png,mccd_salvage,ok,171,202,242.8,209.4,False,0.3669,1,0.0,1.0,clean,none
G:\GitHub\DiT\MCCD\MCCD\MCCD-Calligrapher\calligrapher_dataset\孙过庭\井-行-唐-孙过庭-景福殿赋-73.png,孙过庭,行,井,唐,景福殿赋,井-行-唐-孙过庭-景福殿赋-73.png,mccd_salvage,ok,199,274,246.8,221.4,False,0.4175,1,0.0,1.0,clean,none
G:\GitHub\DiT\MCCD\MCCD\MCCD-Calligrapher\calligrapher_dataset\孙过庭\以-行-唐-孙过庭-15724.png,孙过庭,行,以,唐,15724,以-行-唐-孙过庭-15724.png,mccd_salvage,ok,209,147,231.1,196.4,False,0.3013,34,0.0313,0.7138,clean,none
G:\GitHub\DiT\MCCD\MCCD\MCCD-Calligrapher\calligrapher_dataset\孙过庭\但-行-唐-孙过庭-16984.png,孙过庭,行,但,唐,16984,但-行-唐-孙过庭-16984.png,mccd_salvage,ok,219,196,218.1,150.5,False,0.3667,4,0.0001,0.6774,clean,none
G:\GitHub\DiT\MCCD\MCCD\MCCD-Calligrapher\calligrapher_dataset\孙过庭\兎-行-唐-孙过庭-24975.png,孙过庭,行,兎,唐,24975,兎-行-唐-孙过庭-24975.png,mccd_salvage,ok,180,193,237.1,210.3,False,0.2742,4,0.0,0.5198,clean,none
G:\GitHub\DiT\MCCD\MCCD\MCCD-Calligrapher\calligrapher_dataset\孙过庭\兔-行-唐-孙过庭-25185.png,孙过庭,行,兔,唐,25185,兔-行-唐-孙过庭-25185.png,mccd_salvage,ok,180,193,237.1,210.3,False,0.2742,4,0.0,0.5198,clean,none
G:\GitHub\DiT\MCCD\MCCD\MCCD-Calligrapher\calligrapher_dataset\孙过庭\十-行-唐-孙过庭-35861.png,孙过庭,行,十,唐,35861,十-行-唐-孙过庭-35861.png,mccd_salvage,ok,203,214,237.3,218.3,False,0.3375,1,0.0,1.0,clean,none
G:\GitHub\DiT\MCCD\MCCD\MCCD-Calligrapher\calligrapher_dataset\孙过庭\古-行-唐-孙过庭-41929.png,孙过庭,行,古,唐,41929,古-行-唐-孙过庭-41929.png,mccd_salvage,ok,256,217,236.2,218.1,False,0.389,1,0.0,1.0,clean,none
G:\GitHub\DiT\MCCD\MCCD\MCCD-Calligrapher\calligrapher_dataset\孙过庭\壯-行-唐-孙过庭-58286.png,孙过庭,行,壯,唐,58286,壯-行-唐-孙过庭-58286.png,mccd_salvage,ok,253,182,226.5,198.8,False,0.323,3,0.0,0.5374,clean,none
G:\GitHub\DiT\MCCD\MCCD\MCCD-Calligrapher\calligrapher_dataset\孙过庭\子-行-唐-孙过庭-67873.png,孙过庭,行,子,唐,67873,子-行-唐-孙过庭-67873.png,mccd_salvage,ok,238,309,232.1,183.3,False,0.4362,1,0.0,1.0,clean,none
G:\GitHub\DiT\MCCD\MCCD\MCCD-Calligrapher\calligrapher_dataset\孙过庭\宙-行-唐-孙过庭-70917.png,孙过庭,行,宙,唐,70917,宙-行-唐-孙过庭-70917.png,mccd_salvage,ok,210,230,235.0,209.7,False,0.2297,3,0.0,0.5363,clean,none
G:\GitHub\DiT\MCCD\MCCD\MCCD-Calligrapher\calligrapher_dataset\孙过庭\宙-行-唐-孙过庭-千字文-67.png,孙过庭,行,宙,唐,千字文,宙-行-唐-孙过庭-千字文-67.png,mccd_salvage,ok,290,327,141.4,1.7,False,0.7806,3,0.0,0.9673,broken,too_solid
G:\GitHub\DiT\MCCD\MCCD\MCCD-Calligrapher\calligrapher_dataset\孙过庭\崖-行-唐-孙过庭-80041.png,孙过庭,行,崖,唐,80041,崖-行-唐-孙过庭-80041.png,mccd_salvage,ok,188,287,247.4,217.0,False,0.3684,3,0.0,0.8304,clean,none
G:\GitHub\DiT\MCCD\MCCD\MCCD-Calligrapher\calligrapher_dataset\孙过庭\徇-行-唐-孙过庭-92694.png,孙过庭,行,徇,唐,92694,徇-行-唐-孙过庭-92694.png,mccd_salvage,ok,189,204,218.1,171.5,False,0.4221,5,0.0,0.4189,clean,none
G:\GitHub\DiT\MCCD\MCCD\MCCD-Calligrapher\calligrapher_dataset\孙过庭\必-行-唐-孙过庭-95390.png,孙过庭,行,必,唐,95390,必-行-唐-孙过庭-95390.png,mccd_salvage,ok,281,193,231.7,196.4,False,0.3219,3,0.0,0.7128,clean,none
G:\GitHub\DiT\MCCD\MCCD\MCCD-Calligrapher\calligrapher_dataset\孙过庭\必-行-唐-孙过庭-95391.png,孙过庭,行,必,唐,95391,必-行-唐-孙过庭-95391.png,mccd_salvage,ok,279,205,237.8,222.0,False,0.1631,2,0.0,0.7808,clean,none
G:\GitHub\DiT\MCCD\MCCD\MCCD-Calligrapher\calligrapher_dataset\孙过庭\枯-行-唐-孙过庭-11628.png,孙过庭,行,枯,唐,11628,枯-行-唐-孙过庭-11628.png,mccd_salvage,ok,244,232,239.6,210.5,False,0.4264,1,0.0,1.0,clean,none
G:\GitHub\DiT\MCCD\MCCD\MCCD-Calligrapher\calligrapher_dataset\孙过庭\標-行-唐-孙过庭-16592.png,孙过庭,行,標,唐,16592,標-行-唐-孙过庭-16592.png,mccd_salvage,ok,233,252,239.3,200.6,False,0.406,3,0.0,0.8601,clean,none
G:\GitHub\DiT\MCCD\MCCD\MCCD-Calligrapher\calligrapher_dataset\孙过庭\消-行-唐-孙过庭-28707.png,孙过庭,行,消,唐,28707,消-行-唐-孙过庭-28707.png,mccd_salvage,ok,201,271,214.5,169.6,False,0.4138,3,0.0,0.8455,clean,none
G:\GitHub\DiT\MCCD\MCCD\MCCD-Calligrapher\calligrapher_dataset\孙过庭\淹-行-唐-孙过庭-30065.png,孙过庭,行,淹,唐,30065,淹-行-唐-孙过庭-30065.png,mccd_salvage,ok,169,243,230.7,140.1,False,0.4377,3,0.0001,0.7477,clean,none
G:\GitHub\DiT\MCCD\MCCD\MCCD-Calligrapher\calligrapher_dataset\孙过庭\瑟-行-唐-孙过庭-45735.png,孙过庭,行,瑟,唐,45735,瑟-行-唐-孙过庭-45735.png,mccd_salvage,ok,227,241,239.1,224.2,False,0.1495,10,0.0059,0.4435,clean,none
G:\GitHub\DiT\MCCD\MCCD\MCCD-Calligrapher\calligrapher_dataset\孙过庭\百-行-唐-孙过庭-53332.png,孙过庭,行,百,唐,53332,百-行-唐-孙过庭-53332.png,mccd_salvage,ok,198,226,230.4,180.2,False,0.4281,2,0.0007,0.9993,clean,none
G:\GitHub\DiT\MCCD\MCCD\MCCD-Calligrapher\calligrapher_dataset\孙过庭\習-行-唐-孙过庭-78443.png,孙过庭,行,習,唐,78443,習-行-唐-孙过庭-78443.png,mccd_salvage,ok,162,206,222.1,174.7,False,0.4058,1,0.0,1.0,clean,none
G:\GitHub\DiT\MCCD\MCCD\MCCD-Calligrapher\calligrapher_dataset\康里巎巎\下-行-元-康里巎巎-1923.png,康里巎巎,行,下,元,1923,下-行-元-康里巎巎-1923.png,mccd_salvage,ok,236,289,233.6,210.7,False,0.3239,1,0.0,1.0,clean,none
G:\GitHub\DiT\MCCD\MCCD\MCCD-Calligrapher\calligrapher_dataset\康里巎巎\乎-行-元-康里巎巎-7421.png,康里巎巎,行,乎,元,7421,乎-行-元-康里巎巎-7421.png,mccd_salvage,ok,199,271,231.7,209.9,False,0.3458,2,0.0005,0.9995,clean,none
G:\GitHub\DiT\MCCD\MCCD\MCCD-Calligrapher\calligrapher_dataset\康里巎巎\仍-行-元-康里巎巎-14800.png,康里巎巎,行,仍,元,14800,仍-行-元-康里巎巎-14800.png,mccd_salvage,ok,191,292,235.4,213.3,False,0.189,5,0.0,0.4657,clean,none
G:\GitHub\DiT\MCCD\MCCD\MCCD-Calligrapher\calligrapher_dataset\康里巎巎\候-楷-元-康里巎巎-20683.png,康里巎巎,楷,候,元,20683,候-楷-元-康里巎巎-20683.png,mccd_salvage,ok,244,242,239.8,220.1,False,0.2852,5,0.0005,0.4709,clean,none
G:\GitHub\DiT\MCCD\MCCD\MCCD-Calligrapher\calligrapher_dataset\康里巎巎\再-行-元-康里巎巎-28482.png,康里巎巎,行,再,元,28482,再-行-元-康里巎巎-28482.png,mccd_salvage,ok,163,255,244.4,224.5,False,0.3099,1,0.0,1.0,clean,none
G:\GitHub\DiT\MCCD\MCCD\MCCD-Calligrapher\calligrapher_dataset\康里巎巎\喋-行-元-康里巎巎-49930.png,康里巎巎,行,喋,元,49930,喋-行-元-康里巎巎-49930.png,mccd_salvage,ok,200,238,227.9,221.6,False,0.1779,5,0.0012,0.7936,clean,none
G:\GitHub\DiT\MCCD\MCCD\MCCD-Calligrapher\calligrapher_dataset\康里巎巎\堅-行-元-康里巎巎-56125.png,康里巎巎,行,堅,元,56125,堅-行-元-康里巎巎-56125.png,mccd_salvage,ok,223,285,230.5,172.9,False,0.2284,7,0.0007,0.491,clean,none
G:\GitHub\DiT\MCCD\MCCD\MCCD-Calligrapher\calligrapher_dataset\康里巎巎\屈-行-元-康里巎巎-78119.png,康里巎巎,行,屈,元,78119,屈-行-元-康里巎巎-78119.png,mccd_salvage,ok,169,267,226.6,167.6,False,0.4484,1,0.0,1.0,clean,none
G:\GitHub\DiT\MCCD\MCCD\MCCD-Calligrapher\calligrapher_dataset\康里巎巎\州-行-元-康里巎巎-81231.png,康里巎巎,行,州,元,81231,州-行-元-康里巎巎-81231.png,mccd_salvage,ok,181,192,216.5,202.1,False,0.2246,5,0.0,0.3986,clean,none
G:\GitHub\DiT\MCCD\MCCD\MCCD-Calligrapher\calligrapher_dataset\康里巎巎\必-行-元-康里巎巎-95401.png,康里巎巎,行,必,元,95401,必-行-元-康里巎巎-95401.png,mccd_salvage,ok,250,178,227.1,199.3,False,0.344,1,0.0,1.0,clean,none
G:\GitHub\DiT\MCCD\MCCD\MCCD-Calligrapher\calligrapher_dataset\康里巎巎\恃-行-元-康里巎巎-97016.png,康里巎巎,行,恃,元,97016,恃-行-元-康里巎巎-97016.png,mccd_salvage,ok,211,304,242.2,197.0,False,0.2855,1,0.0,1.0,clean,none
G:\GitHub\DiT\MCCD\MCCD\MCCD-Calligrapher\calligrapher_dataset\康里巎巎\恕-行-元-康里巎巎-97228.png,康里巎巎,行,恕,元,97228,恕-行-元-康里巎巎-97228.png,mccd_salvage,ok,212,203,231.8,195.1,False,0.3502,1,0.0,1.0,clean,none
G:\GitHub\DiT\MCCD\MCCD\MCCD-Calligrapher\calligrapher_dataset\康里巎巎\意-行-元-康里巎巎-99725.png,康里巎巎,行,意,元,99725,意-行-元-康里巎巎-99725.png,mccd_salvage,ok,194,258,233.3,195.8,False,0.3406,1,0.0,1.0,clean,none
G:\GitHub\DiT\MCCD\MCCD\MCCD-Calligrapher\calligrapher_dataset\康里巎巎\拜-行-元-康里巎巎-5682.png,康里巎巎,行,拜,元,5682,拜-行-元-康里巎巎-5682.png,mccd_salvage,ok,190,284,239.8,223.9,False,0.2415,3,0.0,0.4843,clean,none
G:\GitHub\DiT\MCCD\MCCD\MCCD-Calligrapher\calligrapher_dataset\康里巎巎\曉-行-元-康里巎巎-5536.png,康里巎巎,行,曉,元,5536,曉-行-元-康里巎巎-5536.png,mccd_salvage,ok,224,237,225.7,185.6,False,0.3665,1,0.0,1.0,clean,none
G:\GitHub\DiT\MCCD\MCCD\MCCD-Calligrapher\calligrapher_dataset\康里巎巎\書-行-元-康里巎巎-6712.png,康里巎巎,行,書,元,6712,書-行-元-康里巎巎-6712.png,mccd_salvage,ok,180,267,237.9,217.0,False,0.3532,1,0.0,1.0,clean,none
G:\GitHub\DiT\MCCD\MCCD\MCCD-Calligrapher\calligrapher_dataset\康里巎巎\望-行-元-康里巎巎-8861.png,康里巎巎,行,望,元,8861,望-行-元-康里巎巎-8861.png,mccd_salvage,ok,157,274,238.3,215.8,False,0.265,3,0.0,0.9314,clean,none
G:\GitHub\DiT\MCCD\MCCD\MCCD-Calligrapher\calligrapher_dataset\康里巎巎\木-行-元-康里巎巎-9291.png,康里巎巎,行,木,元,9291,木-行-元-康里巎巎-9291.png,mccd_salvage,ok,271,225,241.9,219.8,False,0.233,2,0.0,0.8089,clean,none
G:\GitHub\DiT\MCCD\MCCD\MCCD-Calligrapher\calligrapher_dataset\康里巎巎\枻-行-元-康里巎巎-11770.png,康里巎巎,行,枻,元,11770,枻-行-元-康里巎巎-11770.png,mccd_salvage,ok,205,236,242.2,210.4,False,0.3498,1,0.0,1.0,clean,none
G:\GitHub\DiT\MCCD\MCCD\MCCD-Calligrapher\calligrapher_dataset\康里巎巎\江-行-元-康里巎巎-25310.png,康里巎巎,行,江,元,25310,江-行-元-康里巎巎-25310.png,mccd_salvage,ok,176,195,234.2,186.0,False,0.2516,3,0.0,0.6142,clean,none
G:\GitHub\DiT\MCCD\MCCD\MCCD-Calligrapher\calligrapher_dataset\康里巎巎\沐-行-元-康里巎巎-25849.png,康里巎巎,行,沐,元,25849,沐-行-元-康里巎巎-25849.png,mccd_salvage,ok,221,212,241.4,233.1,False,0.3098,3,0.0,0.6808,clean,none
G:\GitHub\DiT\MCCD\MCCD\MCCD-Calligrapher\calligrapher_dataset\康里巎巎\法-行-元-康里巎巎-26860.png,康里巎巎,行,法,元,26860,法-行-元-康里巎巎-26860.png,mccd_salvage,ok,177,208,227.7,187.7,False,0.285,4,0.0,0.6684,clean,none
G:\GitHub\DiT\MCCD\MCCD\MCCD-Calligrapher\calligrapher_dataset\康里巎巎\波-行-元-康里巎巎-27033.png,康里巎巎,行,波,元,27033,波-行-元-康里巎巎-27033.png,mccd_salvage,ok,176,217,227.2,194.9,False,0.3682,2,0.0,0.9759,clean,none
G:\GitHub\DiT\MCCD\MCCD\MCCD-Calligrapher\calligrapher_dataset\康里巎巎\洎-楷-元-康里巎巎-27389.png,康里巎巎,楷,洎,元,27389,洎-楷-元-康里巎巎-27389.png,mccd_salvage,ok,207,245,223.6,140.2,False,0.384,4,0.0,0.7266,clean,none
G:\GitHub\DiT\MCCD\MCCD\MCCD-Calligrapher\calligrapher_dataset\康里巎巎\涣-行-元-康里巎巎-28963.png,康里巎巎,行,涣,元,28963,涣-行-元-康里巎巎-28963.png,mccd_salvage,ok,169,224,229.5,190.8,False,0.2808,6,0.0,0.4344,clean,none
G:\GitHub\DiT\MCCD\MCCD\MCCD-Calligrapher\calligrapher_dataset\康里巎巎\游-行-元-康里巎巎-30894.png,康里巎巎,行,游,元,30894,游-行-元-康里巎巎-30894.png,mccd_salvage,ok,183,208,225.4,188.9,False,0.3981,2,0.0,0.9765,clean,none
G:\GitHub\DiT\MCCD\MCCD\MCCD-Calligrapher\calligrapher_dataset\康里巎巎\游-行-元-康里巎巎-30895.png,康里巎巎,行,游,元,30895,游-行-元-康里巎巎-30895.png,mccd_salvage,ok,248,278,233.6,197.9,False,0.3678,2,0.0,0.9801,clean,none
G:\GitHub\DiT\MCCD\MCCD\MCCD-Calligrapher\calligrapher_dataset\康里巎巎\煩-行-元-康里巎巎-37857.png,康里巎巎,行,煩,元,37857,煩-行-元-康里巎巎-37857.png,mccd_salvage,ok,223,248,239.8,213.2,False,0.3433,2,0.0,0.9387,clean,none
G:\GitHub\DiT\MCCD\MCCD\MCCD-Calligrapher\calligrapher_dataset\康里巎巎\父-行-元-康里巎巎-40198.png,康里巎巎,行,父,元,40198,父-行-元-康里巎巎-40198.png,mccd_salvage,ok,234,230,222.2,173.1,False,0.3898,3,0.0,0.7458,clean,none
G:\GitHub\DiT\MCCD\MCCD\MCCD-Calligrapher\calligrapher_dataset\康里巎巎\玄-行-元-康里巎巎-43660.png,康里巎巎,行,玄,元,43660,玄-行-元-康里巎巎-43660.png,mccd_salvage,ok,160,257,236.3,204.2,False,0.2774,2,0.0,0.8784,clean,none
G:\GitHub\DiT\MCCD\MCCD\MCCD-Calligrapher\calligrapher_dataset\康里巎巎\甚-行-元-康里巎巎-47087.png,康里巎巎,行,甚,元,47087,甚-行-元-康里巎巎-47087.png,mccd_salvage,ok,165,289,230.5,201.1,False,0.3589,3,0.0009,0.9991,clean,none
G:\GitHub\DiT\MCCD\MCCD\MCCD-Calligrapher\calligrapher_dataset\康里巎巎\甚-行-元-康里巎巎-47088.png,康里巎巎,行,甚,元,47088,甚-行-元-康里巎巎-47088.png,mccd_salvage,ok,157,244,235.1,209.7,False,0.3412,1,0.0,1.0,clean,none
G:\GitHub\DiT\MCCD\MCCD\MCCD-Calligrapher\calligrapher_dataset\康里巎巎\畔-行-元-康里巎巎-49371.png,康里巎巎,行,畔,元,49371,畔-行-元-康里巎巎-49371.png,mccd_salvage,ok,208,248,222.0,175.8,False,0.5301,1,0.0,1.0,clean,none
G:\GitHub\DiT\MCCD\MCCD\MCCD-Calligrapher\calligrapher_dataset\康里巎巎\皓-行-元-康里巎巎-53924.png,康里巎巎,行,皓,元,53924,皓-行-元-康里巎巎-53924.png,mccd_salvage,ok,202,243,243.1,210.1,False,0.422,1,0.0,1.0,clean,none
G:\GitHub\DiT\MCCD\MCCD\MCCD-Calligrapher\calligrapher_dataset\康里巎巎\矣-行-元-康里巎巎-58541.png,康里巎巎,行,矣,元,58541,矣-行-元-康里巎巎-58541.png,mccd_salvage,ok,174,302,243.5,223.3,False,0.3527,2,0.0,0.9274,clean,none
G:\GitHub\DiT\MCCD\MCCD\MCCD-Calligrapher\calligrapher_dataset\康里巎巎\移-行-元-康里巎巎-63793.png,康里巎巎,行,移,元,63793,移-行-元-康里巎巎-63793.png,mccd_salvage,ok,181,205,215.5,174.3,False,0.3898,2,0.0,0.6166,clean,none
G:\GitHub\DiT\MCCD\MCCD\MCCD-Calligrapher\calligrapher_dataset\康里巎巎\者-行-元-康里巎巎-80201.png,康里巎巎,行,者,元,80201,者-行-元-康里巎巎-80201.png,mccd_salvage,ok,158,245,235.1,222.9,False,0.2733,1,0.0,1.0,clean,none
G:\GitHub\DiT\MCCD\MCCD\MCCD-Calligrapher\calligrapher_dataset\康里巎巎\者-行-元-康里巎巎-80203.png,康里巎巎,行,者,元,80203,者-行-元-康里巎巎-80203.png,mccd_salvage,ok,163,355,238.2,211.4,False,0.3124,2,0.0,0.7693,clean,none
G:\GitHub\DiT\MCCD\MCCD\MCCD-Calligrapher\calligrapher_dataset\康里巎巎\莞-行-元-康里巎巎-91880.png,康里巎巎,行,莞,元,91880,莞-行-元-康里巎巎-91880.png,mccd_salvage,ok,168,255,228.3,196.1,False,0.363,1,0.0,1.0,clean,none
G:\GitHub\DiT\MCCD\MCCD\MCCD-Calligrapher\calligrapher_dataset\康里巎巎\詩-行-元-康里巎巎-107751.png,康里巎巎,行,詩,元,107751,詩-行-元-康里巎巎-107751.png,mccd_salvage,ok,235,355,244.6,225.7,False,0.3671,2,0.0,0.974,clean,none
G:\GitHub\DiT\MCCD\MCCD\MCCD-Calligrapher\calligrapher_dataset\康里巎巎\麓-行-元-康里巎巎-157423.png,康里巎巎,行,麓,元,157423,麓-行-元-康里巎巎-157423.png,mccd_salvage,ok,162,250,243.8,221.1,False,0.3829,1,0.0,1.0,clean,none
G:\GitHub\DiT\MCCD\MCCD\MCCD-Calligrapher\calligrapher_dataset\张旭\並-楷-唐-张旭-4487.png,张旭,楷,並,唐,4487,並-楷-唐-张旭-4487.png,mccd_salvage,ok,262,239,235.3,218.0,False,0.2381,6,0.0,0.3906,clean,none
G:\GitHub\DiT\MCCD\MCCD\MCCD-Calligrapher\calligrapher_dataset\张旭\也-楷-唐-张旭-严仁墓志-41.png,张旭,楷,也,唐,严仁墓志,也-楷-唐-张旭-严仁墓志-41.png,mccd_salvage,ok,300,154,216.7,163.8,False,0.3234,1,0.0,1.0,clean,none
G:\GitHub\DiT\MCCD\MCCD\MCCD-Calligrapher\calligrapher_dataset\张旭\二-楷-唐-张旭-10265.png,张旭,楷,二,唐,10265,二-楷-唐-张旭-10265.png,mccd_salvage,ok,286,185,207.2,233.7,False,0.2465,54,0.0317,0.5675,clean,none
G:\GitHub\DiT\MCCD\MCCD\MCCD-Calligrapher\calligrapher_dataset\张旭\二-楷-唐-张旭-10269.png,张旭,楷,二,唐,10269,二-楷-唐-张旭-10269.png,mccd_salvage,ok,283,115,240.8,205.4,False,0.1555,4,0.0002,0.6495,clean,none
G:\GitHub\DiT\MCCD\MCCD\MCCD-Calligrapher\calligrapher_dataset\张旭\北-楷-唐-张旭-35053.png,张旭,楷,北,唐,35053,北-楷-唐-张旭-35053.png,mccd_salvage,ok,240,203,226.7,220.4,False,0.1599,10,0.0058,0.4965,clean,none
G:\GitHub\DiT\MCCD\MCCD\MCCD-Calligrapher\calligrapher_dataset\张旭\年-楷-唐-张旭-85232.png,张旭,楷,年,唐,85232,年-楷-唐-张旭-85232.png,mccd_salvage,ok,250,295,157.6,212.8,False,0.2372,52,0.0197,0.9212,clean,none
G:\GitHub\DiT\MCCD\MCCD\MCCD-Calligrapher\calligrapher_dataset\张旭\張-楷-唐-张旭-89897.png,张旭,楷,張,唐,89897,張-楷-唐-张旭-89897.png,mccd_salvage,ok,230,236,114.3,55.1,True,0.3076,56,0.0214,0.466,inverted,inverted
G:\GitHub\DiT\MCCD\MCCD\MCCD-Calligrapher\calligrapher_dataset\张旭\張-楷-唐-张旭-89900.png,张旭,楷,張,唐,89900,張-楷-唐-张旭-89900.png,mccd_salvage,ok,252,241,234.1,207.1,False,0.2138,5,0.0,0.5897,clean,none
G:\GitHub\DiT\MCCD\MCCD\MCCD-Calligrapher\calligrapher_dataset\张旭\栖-楷-唐-张旭-12539.png,张旭,楷,栖,唐,12539,栖-楷-唐-张旭-12539.png,mccd_salvage,ok,292,256,193.9,242.2,False,0.266,40,0.0165,0.4944,clean,none
G:\GitHub\DiT\MCCD\MCCD\MCCD-Calligrapher\calligrapher_dataset\张旭\王-行-唐-张旭-古诗四帖-77.png,张旭,行,王,唐,古诗四帖,王-行-唐-张旭-古诗四帖-77.png,mccd_salvage,ok,196,347,229.4,161.6,False,0.5776,2,0.0,0.9778,broken,too_solid
G:\GitHub\DiT\MCCD\MCCD\MCCD-Calligrapher\calligrapher_dataset\张旭\豈-楷-唐-张旭-112025.png,张旭,楷,豈,唐,112025,豈-楷-唐-张旭-112025.png,mccd_salvage,ok,281,320,194.7,222.8,False,0.2669,41,0.0107,0.3165,clean,none
G:\GitHub\DiT\MCCD\MCCD\MCCD-Calligrapher\calligrapher_dataset\张旭\陵-楷-唐-张旭-138749.png,张旭,楷,陵,唐,138749,陵-楷-唐-张旭-138749.png,mccd_salvage,ok,287,338,200.6,215.9,False,0.3299,37,0.0079,0.887,clean,none
G:\GitHub\DiT\MCCD\MCCD\MCCD-Calligrapher\calligrapher_dataset\文徵明\一-行-明-文徵明-469.png,文徵明,行,一,明,469,一-行-明-文徵明-469.png,mccd_salvage,ok,208,102,220.8,135.3,False,0.6142,1,0.0,1.0,broken,too_solid
G:\GitHub\DiT\MCCD\MCCD\MCCD-Calligrapher\calligrapher_dataset\文徵明\一-行-明-文徵明-470.png,文徵明,行,一,明,470,一-行-明-文徵明-470.png,mccd_salvage,ok,210,77,215.3,125.0,False,0.5916,1,0.0,1.0,broken,too_solid
G:\GitHub\DiT\MCCD\MCCD\MCCD-Calligrapher\calligrapher_dataset\文徵明\一-行-明-文徵明-471.png,文徵明,行,一,明,471,一-行-明-文徵明-471.png,mccd_salvage,ok,225,77,204.6,103.5,False,0.6281,1,0.0,1.0,broken,too_solid
G:\GitHub\DiT\MCCD\MCCD\MCCD-Calligrapher\calligrapher_dataset\文徵明\一-行-明-文徵明-472.png,文徵明,行,一,明,472,一-行-明-文徵明-472.png,mccd_salvage,ok,277,74,224.3,159.2,False,0.4404,1,0.0,1.0,clean,none
G:\GitHub\DiT\MCCD\MCCD\MCCD-Calligrapher\calligrapher_dataset\文徵明\一-行-明-文徵明-473.png,文徵明,行,一,明,473,一-行-明-文徵明-473.png,mccd_salvage,ok,196,88,244.1,154.4,False,0.5295,1,0.0,1.0,clean,none
G:\GitHub\DiT\MCCD\MCCD\MCCD-Calligrapher\calligrapher_dataset\文徵明\上-行-明-文徵明-1636.png,文徵明,行,上,明,1636,上-行-明-文徵明-1636.png,mccd_salvage,ok,240,238,226.1,192.4,False,0.3516,1,0.0,1.0,clean,none
G:\GitHub\DiT\MCCD\MCCD\MCCD-Calligrapher\calligrapher_dataset\文徵明\上-行-明-文徵明-1637.png,文徵明,行,上,明,1637,上-行-明-文徵明-1637.png,mccd_salvage,ok,195,189,229.4,167.0,False,0.4788,1,0.0,1.0,clean,none
G:\GitHub\DiT\MCCD\MCCD\MCCD-Calligrapher\calligrapher_dataset\文徵明\中-行-明-文徵明-4908.png,文徵明,行,中,明,4908,中-行-明-文徵明-4908.png,mccd_salvage,ok,167,158,238.5,203.9,False,0.3703,1,0.0,1.0,clean,none
G:\GitHub\DiT\MCCD\MCCD\MCCD-Calligrapher\calligrapher_dataset\文徵明\丹-行-明-文徵明-5170.png,文徵明,行,丹,明,5170,丹-行-明-文徵明-5170.png,mccd_salvage,ok,214,200,238.9,207.5,False,0.3886,1,0.0,1.0,clean,none
G:\GitHub\DiT\MCCD\MCCD\MCCD-Calligrapher\calligrapher_dataset\文徵明\主-行-明-文徵明-5270.png,文徵明,行,主,明,5270,主-行-明-文徵明-5270.png,mccd_salvage,ok,199,303,226.2,174.4,False,0.3985,2,0.0,0.9035,clean,none
G:\GitHub\DiT\MCCD\MCCD\MCCD-Calligrapher\calligrapher_dataset\文徵明\九-行-明-文徵明-8198.png,文徵明,行,九,明,8198,九-行-明-文徵明-8198.png,mccd_salvage,ok,228,217,238.0,217.7,False,0.3446,2,0.0,0.9949,clean,none
G:\GitHub\DiT\MCCD\MCCD\MCCD-Calligrapher\calligrapher_dataset\文徵明\也-行-明-文徵明-8944.png,文徵明,行,也,明,8944,也-行-明-文徵明-8944.png,mccd_salvage,ok,249,164,225.8,203.9,False,0.3306,1,0.0,1.0,clean,none
G:\GitHub\DiT\MCCD\MCCD\MCCD-Calligrapher\calligrapher_dataset\文徵明\仲-行-明-文徵明-15942.png,文徵明,行,仲,明,15942,仲-行-明-文徵明-15942.png,mccd_salvage,ok,197,198,240.5,203.3,False,0.3648,2,0.0,0.7506,clean,none
G:\GitHub\DiT\MCCD\MCCD\MCCD-Calligrapher\calligrapher_dataset\文徵明\俛-行-明-文徵明-19708.png,文徵明,行,俛,明,19708,俛-行-明-文徵明-19708.png,mccd_salvage,ok,224,239,236.0,207.2,False,0.3794,2,0.0,0.6575,clean,none
G:\GitHub\DiT\MCCD\MCCD\MCCD-Calligrapher\calligrapher_dataset\文徵明\偶-行-明-文徵明-21489.png,文徵明,行,偶,明,21489,偶-行-明-文徵明-21489.png,mccd_salvage,ok,195,159,232.2,200.8,False,0.3516,2,0.0,0.7653,clean,none
G:\GitHub\DiT\MCCD\MCCD\MCCD-Calligrapher\calligrapher_dataset\文徵明\冠-行-明-文徵明-28739.png,文徵明,行,冠,明,28739,冠-行-明-文徵明-28739.png,mccd_salvage,ok,176,199,220.8,180.7,False,0.3764,2,0.0,0.7827,clean,none
G:\GitHub\DiT\MCCD\MCCD\MCCD-Calligrapher\calligrapher_dataset\文徵明\出-行-明-文徵明-29987.png,文徵明,行,出,明,29987,出-行-明-文徵明-29987.png,mccd_salvage,ok,164,168,216.7,176.9,False,0.4079,1,0.0,1.0,clean,none
G:\GitHub\DiT\MCCD\MCCD\MCCD-Calligrapher\calligrapher_dataset\文徵明\十-行-明-文徵明-35868.png,文徵明,行,十,明,35868,十-行-明-文徵明-35868.png,mccd_salvage,ok,211,187,238.2,215.5,False,0.3699,1,0.0,1.0,clean,none
G:\GitHub\DiT\MCCD\MCCD\MCCD-Calligrapher\calligrapher_dataset\文徵明\取-行-明-文徵明-41078.png,文徵明,行,取,明,41078,取-行-明-文徵明-41078.png,mccd_salvage,ok,239,244,232.3,187.9,False,0.3909,1,0.0,1.0,clean,none
G:\GitHub\DiT\MCCD\MCCD\MCCD-Calligrapher\calligrapher_dataset\文徵明\口-行-明-文徵明-41652.png,文徵明,行,口,明,41652,口-行-明-文徵明-41652.png,mccd_salvage,ok,196,160,215.1,122.1,False,0.5599,1,0.0,1.0,broken,too_solid
G:\GitHub\DiT\MCCD\MCCD\MCCD-Calligrapher\calligrapher_dataset\文徵明\口-行-明-文徵明-41653.png,文徵明,行,口,明,41653,口-行-明-文徵明-41653.png,mccd_salvage,ok,163,130,214.6,137.3,False,0.5641,1,0.0,1.0,broken,too_solid
G:\GitHub\DiT\MCCD\MCCD\MCCD-Calligrapher\calligrapher_dataset\文徵明\史-隶-明-文徵明-42840.png,文徵明,隶,史,明,42840,史-隶-明-文徵明-42840.png,mccd_salvage,ok,264,232,234.9,196.5,False,0.5215,1,0.0,1.0,clean,none
G:\GitHub\DiT\MCCD\MCCD\MCCD-Calligrapher\calligrapher_dataset\文徵明\哲-楷-明-文徵明-48621.png,文徵明,楷,哲,明,48621,哲-楷-明-文徵明-48621.png,mccd_salvage,ok,229,264,239.4,221.6,False,0.2058,7,0.0,0.4311,clean,none
G:\GitHub\DiT\MCCD\MCCD\MCCD-Calligrapher\calligrapher_dataset\文徵明\因-行-明-文徵明-52949.png,文徵明,行,因,明,52949,因-行-明-文徵明-52949.png,mccd_salvage,ok,213,246,208.4,123.4,False,0.5674,1,0.0,1.0,broken,too_solid
G:\GitHub\DiT\MCCD\MCCD\MCCD-Calligrapher\calligrapher_dataset\文徵明\在-行-明-文徵明-54279.png,文徵明,行,在,明,54279,在-行-明-文徵明-54279.png,mccd_salvage,ok,193,191,233.6,185.8,False,0.3469,2,0.0,0.5081,clean,none
G:\GitHub\DiT\MCCD\MCCD\MCCD-Calligrapher\calligrapher_dataset\文徵明\壬-行-明-文徵明-58197.png,文徵明,行,壬,明,58197,壬-行-明-文徵明-58197.png,mccd_salvage,ok,165,251,229.7,181.3,False,0.4587,1,0.0,1.0,clean,none
G:\GitHub\DiT\MCCD\MCCD\MCCD-Calligrapher\calligrapher_dataset\文徵明\壬-行-明-文徵明-58198.png,文徵明,行,壬,明,58198,壬-行-明-文徵明-58198.png,mccd_salvage,ok,168,266,242.8,208.1,False,0.4523,1,0.0,1.0,clean,none
G:\GitHub\DiT\MCCD\MCCD\MCCD-Calligrapher\calligrapher_dataset\文徵明\壬-行-明-文徵明-58200.png,文徵明,行,壬,明,58200,壬-行-明-文徵明-58200.png,mccd_salvage,ok,188,328,232.9,181.6,False,0.4976,2,0.0,0.7531,clean,none
G:\GitHub\DiT\MCCD\MCCD\MCCD-Calligrapher\calligrapher_dataset\文徵明\奏-行-明-文徵明-62357.png,文徵明,行,奏,明,62357,奏-行-明-文徵明-62357.png,mccd_salvage,ok,203,222,239.3,231.5,False,0.3099,2,0.0,0.9641,clean,none
G:\GitHub\DiT\MCCD\MCCD\MCCD-Calligrapher\calligrapher_dataset\文徵明\契-行-明-文徵明-62399.png,文徵明,行,契,明,62399,契-行-明-文徵明-62399.png,mccd_salvage,ok,209,256,240.8,221.6,False,0.3348,2,0.0,0.9304,clean,none
G:\GitHub\DiT\MCCD\MCCD\MCCD-Calligrapher\calligrapher_dataset\文徵明\子-行-明-文徵明-67882.png,文徵明,行,子,明,67882,子-行-明-文徵明-67882.png,mccd_salvage,ok,182,223,232.0,197.5,False,0.3333,1,0.0,1.0,clean,none
G:\GitHub\DiT\MCCD\MCCD\MCCD-Calligrapher\calligrapher_dataset\文徵明\寒-行-明-文徵明-73501.png,文徵明,行,寒,明,73501,寒-行-明-文徵明-73501.png,mccd_salvage,ok,257,241,235.3,203.3,False,0.2857,2,0.0,0.8901,clean,none
G:\GitHub\DiT\MCCD\MCCD\MCCD-Calligrapher\calligrapher_dataset\文徵明\工-行-明-文徵明-81523.png,文徵明,行,工,明,81523,工-行-明-文徵明-81523.png,mccd_salvage,ok,176,181,221.3,161.5,False,0.3666,1,0.0,1.0,clean,none
G:\GitHub\DiT\MCCD\MCCD\MCCD-Calligrapher\calligrapher_dataset\文徵明\巳-楷-明-文徵明-82518.png,文徵明,楷,巳,明,82518,巳-楷-明-文徵明-82518.png,mccd_salvage,ok,230,183,222.5,179.6,False,0.4052,1,0.0,1.0,clean,none
G:\GitHub\DiT\MCCD\MCCD\MCCD-Calligrapher\calligrapher_dataset\文徵明\弦-行-明-文徵明-89666.png,文徵明,行,弦,明,89666,弦-行-明-文徵明-89666.png,mccd_salvage,ok,198,245,205.9,147.5,False,0.4755,2,0.0,0.9337,clean,none
G:\GitHub\DiT\MCCD\MCCD\MCCD-Calligrapher\calligrapher_dataset\文徵明\德-行-明-文徵明-94781.png,文徵明,行,德,明,94781,德-行-明-文徵明-94781.png,mccd_salvage,ok,235,206,234.4,215.1,False,0.3055,3,0.0,0.7277,clean,none
G:\GitHub\DiT\MCCD\MCCD\MCCD-Calligrapher\calligrapher_dataset\文徵明\德-行-明-文徵明-94782.png,文徵明,行,德,明,94782,德-行-明-文徵明-94782.png,mccd_salvage,ok,248,223,226.1,194.9,False,0.3961,3,0.0,0.774,clean,none
G:\GitHub\DiT\MCCD\MCCD\MCCD-Calligrapher\calligrapher_dataset\文徵明\忘-行-明-文徵明-95815.png,文徵明,行,忘,明,95815,忘-行-明-文徵明-95815.png,mccd_salvage,ok,244,261,232.6,196.3,False,0.3788,2,0.0,0.6523,clean,none
G:\GitHub\DiT\MCCD\MCCD\MCCD-Calligrapher\calligrapher_dataset\文徵明\明-行-明-文徵明-2056.png,文徵明,行,明,明,2056,明-行-明-文徵明-2056.png,mccd_salvage,ok,219,238,222.7,140.3,False,0.5455,1,0.0,1.0,clean,none
G:\GitHub\DiT\MCCD\MCCD\MCCD-Calligrapher\calligrapher_dataset\文徵明\晦-行-明-文徵明-4520.png,文徵明,行,晦,明,4520,晦-行-明-文徵明-4520.png,mccd_salvage,ok,213,198,227.1,187.9,False,0.3892,3,0.0,0.6559,clean,none
G:\GitHub\DiT\MCCD\MCCD\MCCD-Calligrapher\calligrapher_dataset\文徵明\暢-行-明-文徵明-5201.png,文徵明,行,暢,明,5201,暢-行-明-文徵明-5201.png,mccd_salvage,ok,223,220,212.8,176.1,False,0.471,1,0.0,1.0,clean,none
G:\GitHub\DiT\MCCD\MCCD\MCCD-Calligrapher\calligrapher_dataset\文徵明\曠-行-明-文徵明-5718.png,文徵明,行,曠,明,5718,曠-行-明-文徵明-5718.png,mccd_salvage,ok,218,212,229.8,194.8,False,0.3982,1,0.0,1.0,clean,none
G:\GitHub\DiT\MCCD\MCCD\MCCD-Calligrapher\calligrapher_dataset\文徵明\曲-行-明-文徵明-6319.png,文徵明,行,曲,明,6319,曲-行-明-文徵明-6319.png,mccd_salvage,ok,230,221,208.7,155.2,False,0.5047,1,0.0,1.0,clean,none
G:\GitHub\DiT\MCCD\MCCD\MCCD-Calligrapher\calligrapher_dataset\文徵明\書-行-明-文徵明-6719.png,文徵明,行,書,明,6719,書-行-明-文徵明-6719.png,mccd_salvage,ok,217,225,241.2,210.2,False,0.375,1,0.0,1.0,clean,none
G:\GitHub\DiT\MCCD\MCCD\MCCD-Calligrapher\calligrapher_dataset\文徵明\服-行-明-文徵明-8368.png,文徵明,行,服,明,8368,服-行-明-文徵明-8368.png,mccd_salvage,ok,203,226,226.4,199.6,False,0.285,1,0.0,1.0,clean,none
G:\GitHub\DiT\MCCD\MCCD\MCCD-Calligrapher\calligrapher_dataset\文徵明\木-隶-明-文徵明-9268.png,文徵明,隶,木,明,9268,木-隶-明-文徵明-9268.png,mccd_salvage,ok,274,221,239.7,216.4,False,0.3654,3,0.0005,0.9995,clean,none
G:\GitHub\DiT\MCCD\MCCD\MCCD-Calligrapher\calligrapher_dataset\文徵明\泣-行-明-文徵明-27075.png,文徵明,行,泣,明,27075,泣-行-明-文徵明-27075.png,mccd_salvage,ok,199,216,216.7,150.8,False,0.3855,3,0.0,0.5224,clean,none
G:\GitHub\DiT\MCCD\MCCD\MCCD-Calligrapher\calligrapher_dataset\文徵明\津-行-明-文徵明-27677.png,文徵明,行,津,明,27677,津-行-明-文徵明-27677.png,mccd_salvage,ok,217,254,234.8,209.7,False,0.3867,5,0.0007,0.8249,clean,none
G:\GitHub\DiT\MCCD\MCCD\MCCD-Calligrapher\calligrapher_dataset\文徵明\浦-行-明-文徵明-28231.png,文徵明,行,浦,明,28231,浦-行-明-文徵明-28231.png,mccd_salvage,ok,243,243,220.2,145.9,False,0.4832,3,0.0,0.8907,clean,none
G:\GitHub\DiT\MCCD\MCCD\MCCD-Calligrapher\calligrapher_dataset\文徵明\海-行-明-文徵明-28515.png,文徵明,行,海,明,28515,海-行-明-文徵明-28515.png,mccd_salvage,ok,215,193,220.7,167.6,False,0.4498,1,0.0,1.0,clean,none
G:\GitHub\DiT\MCCD\MCCD\MCCD-Calligrapher\calligrapher_dataset\文徵明\海-行-明-文徵明-28518.png,文徵明,行,海,明,28518,海-行-明-文徵明-28518.png,mccd_salvage,ok,213,220,232.3,182.4,False,0.3534,7,0.0033,0.7584,clean,none
G:\GitHub\DiT\MCCD\MCCD\MCCD-Calligrapher\calligrapher_dataset\文徵明\深-行-明-文徵明-29726.png,文徵明,行,深,明,29726,深-行-明-文徵明-29726.png,mccd_salvage,ok,164,196,236.9,152.9,False,0.483,2,0.0,0.9265,clean,none
G:\GitHub\DiT\MCCD\MCCD\MCCD-Calligrapher\calligrapher_dataset\文徵明\渚-行-明-文徵明-30477.png,文徵明,行,渚,明,30477,渚-行-明-文徵明-30477.png,mccd_salvage,ok,221,249,225.1,156.8,False,0.5429,2,0.0001,0.9999,clean,none
G:\GitHub\DiT\MCCD\MCCD\MCCD-Calligrapher\calligrapher_dataset\文徵明\漏-行-明-文徵明-32472.png,文徵明,行,漏,明,32472,漏-行-明-文徵明-32472.png,mccd_salvage,ok,206,201,196.6,160.3,False,0.4731,5,0.0003,0.8436,clean,none
G:\GitHub\DiT\MCCD\MCCD\MCCD-Calligrapher\calligrapher_dataset\文徵明\王-行-明-文徵明-44439.png,文徵明,行,王,明,44439,王-行-明-文徵明-44439.png,mccd_salvage,ok,163,187,215.5,166.6,False,0.394,1,0.0,1.0,clean,none
G:\GitHub\DiT\MCCD\MCCD\MCCD-Calligrapher\calligrapher_dataset\文徵明\甚-行-明-文徵明-47091.png,文徵明,行,甚,明,47091,甚-行-明-文徵明-47091.png,mccd_salvage,ok,232,281,241.3,199.9,False,0.3346,2,0.0002,0.9998,clean,none
G:\GitHub\DiT\MCCD\MCCD\MCCD-Calligrapher\calligrapher_dataset\文徵明\由-行-明-文徵明-48453.png,文徵明,行,由,明,48453,由-行-明-文徵明-48453.png,mccd_salvage,ok,248,206,209.2,164.3,False,0.5423,1,0.0,1.0,clean,none
G:\GitHub\DiT\MCCD\MCCD\MCCD-Calligrapher\calligrapher_dataset\文徵明\甲-行-明-文徵明-48680.png,文徵明,行,甲,明,48680,甲-行-明-文徵明-48680.png,mccd_salvage,ok,179,239,226.7,182.1,False,0.4538,1,0.0,1.0,clean,none
G:\GitHub\DiT\MCCD\MCCD\MCCD-Calligrapher\calligrapher_dataset\文徵明\畫-行-明-文徵明-49902.png,文徵明,行,畫,明,49902,畫-行-明-文徵明-49902.png,mccd_salvage,ok,238,211,231.8,176.4,False,0.4491,2,0.0,0.8839,clean,none
G:\GitHub\DiT\MCCD\MCCD\MCCD-Calligrapher\calligrapher_dataset\文徵明\疚-楷-明-文徵明-50921.png,文徵明,楷,疚,明,50921,疚-楷-明-文徵明-50921.png,mccd_salvage,ok,240,229,233.5,204.6,False,0.3082,4,0.0,0.8625,clean,none
G:\GitHub\DiT\MCCD\MCCD\MCCD-Calligrapher\calligrapher_dataset\文徵明\登-行-明-文徵明-52657.png,文徵明,行,登,明,52657,登-行-明-文徵明-52657.png,mccd_salvage,ok,242,193,229.7,206.9,False,0.3359,1,0.0,1.0,clean,none
G:\GitHub\DiT\MCCD\MCCD\MCCD-Calligrapher\calligrapher_dataset\文徵明\百-行-明-文徵明-53346.png,文徵明,行,百,明,53346,百-行-明-文徵明-53346.png,mccd_salvage,ok,188,247,227.6,172.7,False,0.4954,1,0.0,1.0,clean,none
G:\GitHub\DiT\MCCD\MCCD\MCCD-Calligrapher\calligrapher_dataset\文徵明\目-行-明-文徵明-55547.png,文徵明,行,目,明,55547,目-行-明-文徵明-55547.png,mccd_salvage,ok,166,256,239.2,151.1,False,0.5898,1,0.0,1.0,broken,too_solid
G:\GitHub\DiT\MCCD\MCCD\MCCD-Calligrapher\calligrapher_dataset\文徵明\目-行-明-文徵明-55549.png,文徵明,行,目,明,55549,目-行-明-文徵明-55549.png,mccd_salvage,ok,154,181,240.1,189.9,False,0.5129,1,0.0,1.0,clean,none
G:\GitHub\DiT\MCCD\MCCD\MCCD-Calligrapher\calligrapher_dataset\文徵明\眼-行-明-文徵明-57151.png,文徵明,行,眼,明,57151,眼-行-明-文徵明-57151.png,mccd_salvage,ok,214,187,219.5,160.9,False,0.3706,1,0.0,1.0,clean,none
G:\GitHub\DiT\MCCD\MCCD\MCCD-Calligrapher\calligrapher_dataset\文徵明\睡-行-明-文徵明-57498.png,文徵明,行,睡,明,57498,睡-行-明-文徵明-57498.png,mccd_salvage,ok,259,205,230.3,186.9,False,0.4795,1,0.0,1.0,clean,none
G:\GitHub\DiT\MCCD\MCCD\MCCD-Calligrapher\calligrapher_dataset\文徵明\睢-行-明-文徵明-57512.png,文徵明,行,睢,明,57512,睢-行-明-文徵明-57512.png,mccd_salvage,ok,198,204,229.1,205.7,False,0.3746,2,0.0,0.6315,clean,none
G:\GitHub\DiT\MCCD\MCCD\MCCD-Calligrapher\calligrapher_dataset\文徵明\矣-行-明-文徵明-58544.png,文徵明,行,矣,明,58544,矣-行-明-文徵明-58544.png,mccd_salvage,ok,185,252,236.2,190.9,False,0.4193,3,0.0003,0.8669,clean,none
G:\GitHub\DiT\MCCD\MCCD\MCCD-Calligrapher\calligrapher_dataset\文徵明\矣-行-明-文徵明-58546.png,文徵明,行,矣,明,58546,矣-行-明-文徵明-58546.png,mccd_salvage,ok,192,268,238.5,209.2,False,0.441,2,0.0,0.9083,clean,none
G:\GitHub\DiT\MCCD\MCCD\MCCD-Calligrapher\calligrapher_dataset\文徵明\空-行-明-文徵明-65279.png,文徵明,行,空,明,65279,空-行-明-文徵明-65279.png,mccd_salvage,ok,232,258,224.6,192.5,False,0.353,3,0.0,0.4833,clean,none
G:\GitHub\DiT\MCCD\MCCD\MCCD-Calligrapher\calligrapher_dataset\文徵明\竹-行-明-文徵明-66964.png,文徵明,行,竹,明,66964,竹-行-明-文徵明-66964.png,mccd_salvage,ok,249,233,235.5,209.7,False,0.3502,1,0.0,1.0,clean,none
G:\GitHub\DiT\MCCD\MCCD\MCCD-Calligrapher\calligrapher_dataset\文徵明\竹-行-明-文徵明-66965.png,文徵明,行,竹,明,66965,竹-行-明-文徵明-66965.png,mccd_salvage,ok,220,174,222.8,177.0,False,0.4532,1,0.0,1.0,clean,none
G:\GitHub\DiT\MCCD\MCCD\MCCD-Calligrapher\calligrapher_dataset\文徵明\簿-行-明-文徵明-69339.png,文徵明,行,簿,明,69339,簿-行-明-文徵明-69339.png,mccd_salvage,ok,190,332,233.9,192.5,False,0.3721,3,0.0,0.6321,clean,none
G:\GitHub\DiT\MCCD\MCCD\MCCD-Calligrapher\calligrapher_dataset\文徵明\絹-行-明-文徵明-72853.png,文徵明,行,絹,明,72853,絹-行-明-文徵明-72853.png,mccd_salvage,ok,178,211,214.2,147.8,False,0.4473,2,0.0,0.5865,clean,none
G:\GitHub\DiT\MCCD\MCCD\MCCD-Calligrapher\calligrapher_dataset\文徵明\繡-行-明-文徵明-75383.png,文徵明,行,繡,明,75383,繡-行-明-文徵明-75383.png,mccd_salvage,ok,227,256,231.9,160.8,False,0.5078,1,0.0,1.0,clean,none
G:\GitHub\DiT\MCCD\MCCD\MCCD-Calligrapher\calligrapher_dataset\文徵明\羽-行-明-文徵明-78157.png,文徵明,行,羽,明,78157,羽-行-明-文徵明-78157.png,mccd_salvage,ok,245,260,209.6,124.1,False,0.5931,1,0.0,1.0,broken,too_solid
G:\GitHub\DiT\MCCD\MCCD\MCCD-Calligrapher\calligrapher_dataset\文徵明\羽-行-明-文徵明-78158.png,文徵明,行,羽,明,78158,羽-行-明-文徵明-78158.png,mccd_salvage,ok,247,248,213.1,132.5,False,0.4746,1,0.0,1.0,clean,none
G:\GitHub\DiT\MCCD\MCCD\MCCD-Calligrapher\calligrapher_dataset\文徵明\耶-行-明-文徵明-81323.png,文徵明,行,耶,明,81323,耶-行-明-文徵明-81323.png,mccd_salvage,ok,201,256,236.8,197.5,False,0.4201,1,0.0,1.0,clean,none
G:\GitHub\DiT\MCCD\MCCD\MCCD-Calligrapher\calligrapher_dataset\文徵明\腥-行-明-文徵明-84763.png,文徵明,行,腥,明,84763,腥-行-明-文徵明-84763.png,mccd_salvage,ok,224,229,232.7,171.6,False,0.4955,2,0.0,0.5677,clean,none
G:\GitHub\DiT\MCCD\MCCD\MCCD-Calligrapher\calligrapher_dataset\文徵明\腹-行-明-文徵明-84985.png,文徵明,行,腹,明,84985,腹-行-明-文徵明-84985.png,mccd_salvage,ok,231,246,231.8,189.0,False,0.437,1,0.0,1.0,clean,none
G:\GitHub\DiT\MCCD\MCCD\MCCD-Calligrapher\calligrapher_dataset\文徵明\舟-行-明-文徵明-88542.png,文徵明,行,舟,明,88542,舟-行-明-文徵明-88542.png,mccd_salvage,ok,201,264,242.8,227.1,False,0.3642,1,0.0,1.0,clean,none
G:\GitHub\DiT\MCCD\MCCD\MCCD-Calligrapher\calligrapher_dataset\文徵明\舸-行-明-文徵明-88732.png,文徵明,行,舸,明,88732,舸-行-明-文徵明-88732.png,mccd_salvage,ok,229,217,235.2,204.1,False,0.4241,2,0.0,0.7138,clean,none
G:\GitHub\DiT\MCCD\MCCD\MCCD-Calligrapher\calligrapher_dataset\文徵明\花-行-明-文徵明-89674.png,文徵明,行,花,明,89674,花-行-明-文徵明-89674.png,mccd_salvage,ok,259,257,231.1,193.5,False,0.4624,1,0.0,1.0,clean,none
G:\GitHub\DiT\MCCD\MCCD\MCCD-Calligrapher\calligrapher_dataset\文徵明\號-行-明-文徵明-98001.png,文徵明,行,號,明,98001,號-行-明-文徵明-98001.png,mccd_salvage,ok,238,216,228.4,180.9,False,0.4439,1,0.0,1.0,clean,none
G:\GitHub\DiT\MCCD\MCCD\MCCD-Calligrapher\calligrapher_dataset\文徵明\趙-行-明-文徵明-116759.png,文徵明,行,趙,明,116759,趙-行-明-文徵明-116759.png,mccd_salvage,ok,230,200,220.1,191.6,False,0.4763,1,0.0,1.0,clean,none
G:\GitHub\DiT\MCCD\MCCD\MCCD-Calligrapher\calligrapher_dataset\文徵明\辭-行-明-文徵明-121767.png,文徵明,行,辭,明,121767,辭-行-明-文徵明-121767.png,mccd_salvage,ok,167,167,241.4,190.4,False,0.4296,5,0.0027,0.9461,clean,none
G:\GitHub\DiT\MCCD\MCCD\MCCD-Calligrapher\calligrapher_dataset\文徵明\通-行-明-文徵明-123716.png,文徵明,行,通,明,123716,通-行-明-文徵明-123716.png,mccd_salvage,ok,175,180,223.6,194.0,False,0.4073,2,0.0,0.9571,clean,none
G:\GitHub\DiT\MCCD\MCCD\MCCD-Calligrapher\calligrapher_dataset\文徵明\遷-行-明-文徵明-126122.png,文徵明,行,遷,明,126122,遷-行-明-文徵明-126122.png,mccd_salvage,ok,195,210,227.1,198.2,False,0.3506,4,0.0008,0.712,clean,none
G:\GitHub\DiT\MCCD\MCCD\MCCD-Calligrapher\calligrapher_dataset\文徵明\遷-行-明-文徵明-126123.png,文徵明,行,遷,明,126123,遷-行-明-文徵明-126123.png,mccd_salvage,ok,190,236,215.6,173.6,False,0.3853,3,0.0,0.8568,clean,none
G:\GitHub\DiT\MCCD\MCCD\MCCD-Calligrapher\calligrapher_dataset\文徵明\鄉-行-明-文徵明-128970.png,文徵明,行,鄉,明,128970,鄉-行-明-文徵明-128970.png,mccd_salvage,ok,203,249,239.8,212.4,False,0.2933,4,0.0011,0.4028,clean,none
G:\GitHub\DiT\MCCD\MCCD\MCCD-Calligrapher\calligrapher_dataset\文徵明\鄉-行-明-文徵明-128972.png,文徵明,行,鄉,明,128972,鄉-行-明-文徵明-128972.png,mccd_salvage,ok,191,207,229.1,175.6,False,0.3611,2,0.0,0.7814,clean,none
G:\GitHub\DiT\MCCD\MCCD\MCCD-Calligrapher\calligrapher_dataset\文徵明\銷-行-明-文徵明-133092.png,文徵明,行,銷,明,133092,銷-行-明-文徵明-133092.png,mccd_salvage,ok,243,252,241.1,195.4,False,0.395,2,0.0,0.5443,clean,none
G:\GitHub\DiT\MCCD\MCCD\MCCD-Calligrapher\calligrapher_dataset\文徵明\開-行-明-文徵明-136234.png,文徵明,行,開,明,136234,開-行-明-文徵明-136234.png,mccd_salvage,ok,246,271,202.7,143.2,False,0.4985,2,0.0,0.6816,clean,none
G:\GitHub\DiT\MCCD\MCCD\MCCD-Calligrapher\calligrapher_dataset\文徵明\間-行-明-文徵明-136464.png,文徵明,行,間,明,136464,間-行-明-文徵明-136464.png,mccd_salvage,ok,249,301,200.6,151.8,False,0.43,3,0.0,0.5022,clean,none
G:\GitHub\DiT\MCCD\MCCD\MCCD-Calligrapher\calligrapher_dataset\文徵明\間-行-明-文徵明-136466.png,文徵明,行,間,明,136466,間-行-明-文徵明-136466.png,mccd_salvage,ok,184,194,222.0,146.2,False,0.3468,4,0.0,0.4431,clean,none
G:\GitHub\DiT\MCCD\MCCD\MCCD-Calligrapher\calligrapher_dataset\文徵明\間-行-明-文徵明-136468.png,文徵明,行,間,明,136468,間-行-明-文徵明-136468.png,mccd_salvage,ok,221,231,220.0,147.7,False,0.5182,4,0.0001,0.5354,clean,none
G:\GitHub\DiT\MCCD\MCCD\MCCD-Calligrapher\calligrapher_dataset\文徵明\間-行-明-文徵明-136469.png,文徵明,行,間,明,136469,間-行-明-文徵明-136469.png,mccd_salvage,ok,208,235,208.1,144.4,False,0.4289,5,0.0007,0.3969,clean,none
G:\GitHub\DiT\MCCD\MCCD\MCCD-Calligrapher\calligrapher_dataset\文徵明\間-行-明-文徵明-136471.png,文徵明,行,間,明,136471,間-行-明-文徵明-136471.png,mccd_salvage,ok,214,207,205.0,147.5,False,0.4597,1,0.0,1.0,clean,none
G:\GitHub\DiT\MCCD\MCCD\MCCD-Calligrapher\calligrapher_dataset\文徵明\静-隶-明-文徵明-143488.png,文徵明,隶,静,明,143488,静-隶-明-文徵明-143488.png,mccd_salvage,ok,268,267,237.0,175.1,False,0.4739,2,0.0,0.9832,clean,none
G:\GitHub\DiT\MCCD\MCCD\MCCD-Calligrapher\calligrapher_dataset\智永\㗛-楷-隋-智永-162115.png,智永,楷,㗛,隋,162115,㗛-楷-隋-智永-162115.png,mccd_salvage,ok,223,186,215.5,183.0,False,0.405,3,0.0011,0.9989,clean,none
G:\GitHub\DiT\MCCD\MCCD\MCCD-Calligrapher\calligrapher_dataset\智永\上-行-隋-智永-1608.png,智永,行,上,隋,1608,上-行-隋-智永-1608.png,mccd_salvage,ok,207,230,214.7,160.3,False,0.4455,2,0.0,0.5887,clean,none
G:\GitHub\DiT\MCCD\MCCD\MCCD-Calligrapher\calligrapher_dataset\智永\且-行-隋-智永-3855.png,智永,行,且,隋,3855,且-行-隋-智永-3855.png,mccd_salvage,ok,207,309,224.9,207.8,False,0.2456,2,0.0,0.9754,clean,none
G:\GitHub\DiT\MCCD\MCCD\MCCD-Calligrapher\calligrapher_dataset\智永\世-行-隋-智永-4014.png,智永,行,世,隋,4014,世-行-隋-智永-4014.png,mccd_salvage,ok,266,188,222.2,187.7,False,0.4486,1,0.0,1.0,clean,none
G:\GitHub\DiT\MCCD\MCCD\MCCD-Calligrapher\calligrapher_dataset\智永\主-楷-隋-智永-5254.png,智永,楷,主,隋,5254,主-楷-隋-智永-5254.png,mccd_salvage,ok,175,202,205.9,177.1,False,0.4506,1,0.0,1.0,clean,none
G:\GitHub\DiT\MCCD\MCCD\MCCD-Calligrapher\calligrapher_dataset\智永\二-行-隋-智永-10278.png,智永,行,二,隋,10278,二-行-隋-智永-10278.png,mccd_salvage,ok,240,196,209.1,171.9,False,0.5049,68,0.0214,0.5316,clean,none
G:\GitHub\DiT\MCCD\MCCD\MCCD-Calligrapher\calligrapher_dataset\智永\云-行-隋-智永-10773.png,智永,行,云,隋,10773,云-行-隋-智永-10773.png,mccd_salvage,ok,201,259,226.1,187.7,False,0.4533,2,0.0,0.8406,clean,none
G:\GitHub\DiT\MCCD\MCCD\MCCD-Calligrapher\calligrapher_dataset\智永\京-楷-隋-智永-13059.png,智永,楷,京,隋,13059,京-楷-隋-智永-13059.png,mccd_salvage,ok,245,258,239.1,220.6,False,0.3392,3,0.0,0.5983,clean,none
G:\GitHub\DiT\MCCD\MCCD\MCCD-Calligrapher\calligrapher_dataset\智永\京-行-隋-智永-13072.png,智永,行,京,隋,13072,京-行-隋-智永-13072.png,mccd_salvage,ok,195,276,223.5,184.6,False,0.4602,2,0.0,0.9164,clean,none
G:\GitHub\DiT\MCCD\MCCD\MCCD-Calligrapher\calligrapher_dataset\智永\任-行-隋-智永-16077.png,智永,行,任,隋,16077,任-行-隋-智永-16077.png,mccd_salvage,ok,251,234,231.0,179.5,False,0.4108,2,0.0,0.5706,clean,none
G:\GitHub\DiT\MCCD\MCCD\MCCD-Calligrapher\calligrapher_dataset\智永\伊-行-隋-智永-16249.png,智永,行,伊,隋,16249,伊-行-隋-智永-16249.png,mccd_salvage,ok,234,235,231.0,171.8,False,0.4174,3,0.0,0.5712,clean,none
G:\GitHub\DiT\MCCD\MCCD\MCCD-Calligrapher\calligrapher_dataset\智永\伯-行-隋-智永-16717.png,智永,行,伯,隋,16717,伯-行-隋-智永-16717.png,mccd_salvage,ok,266,256,231.4,193.0,False,0.3934,2,0.0,0.5385,clean,none
G:\GitHub\DiT\MCCD\MCCD\MCCD-Calligrapher\calligrapher_dataset\智永\佐-行-隋-智永-17255.png,智永,行,佐,隋,17255,佐-行-隋-智永-17255.png,mccd_salvage,ok,186,200,236.0,171.7,False,0.4586,2,0.0,0.6947,clean,none
G:\GitHub\DiT\MCCD\MCCD\MCCD-Calligrapher\calligrapher_dataset\智永\傅-楷-隋-智永-21630.png,智永,楷,傅,隋,21630,傅-楷-隋-智永-21630.png,mccd_salvage,ok,208,223,237.5,197.8,False,0.4087,1,0.0,1.0,clean,none
G:\GitHub\DiT\MCCD\MCCD\MCCD-Calligrapher\calligrapher_dataset\智永\光-楷-隋-智永-24557.png,智永,楷,光,隋,24557,光-楷-隋-智永-24557.png,mccd_salvage,ok,247,234,212.6,209.5,False,0.3752,1,0.0,1.0,clean,none
G:\GitHub\DiT\MCCD\MCCD\MCCD-Calligrapher\calligrapher_dataset\智永\入-行-隋-智永-25438.png,智永,行,入,隋,25438,入-行-隋-智永-25438.png,mccd_salvage,ok,209,151,225.2,191.8,False,0.3547,1,0.0,1.0,clean,none
G:\GitHub\DiT\MCCD\MCCD\MCCD-Calligrapher\calligrapher_dataset\智永\典-行-隋-智永-27747.png,智永,行,典,隋,27747,典-行-隋-智永-27747.png,mccd_salvage,ok,241,222,241.0,227.1,False,0.3479,3,0.0,0.8868,clean,none
G:\GitHub\DiT\MCCD\MCCD\MCCD-Calligrapher\calligrapher_dataset\智永\典-行-隋-智永-27748.png,智永,行,典,隋,27748,典-行-隋-智永-27748.png,mccd_salvage,ok,208,260,242.3,246.8,False,0.1725,7,0.0009,0.8359,clean,none
G:\GitHub\DiT\MCCD\MCCD\MCCD-Calligrapher\calligrapher_dataset\智永\冬-行-隋-智永-28945.png,智永,行,冬,隋,28945,冬-行-隋-智永-28945.png,mccd_salvage,ok,156,200,225.1,182.4,False,0.5167,1,0.0,1.0,clean,none
G:\GitHub\DiT\MCCD\MCCD\MCCD-Calligrapher\calligrapher_dataset\智永\出-楷-隋-智永-29955.png,智永,楷,出,隋,29955,出-楷-隋-智永-29955.png,mccd_salvage,ok,228,278,222.7,169.8,False,0.5202,1,0.0,1.0,clean,none
G:\GitHub\DiT\MCCD\MCCD\MCCD-Calligrapher\calligrapher_dataset\智永\分-楷-隋-智永-30301.png,智永,楷,分,隋,30301,分-楷-隋-智永-30301.png,mccd_salvage,ok,222,170,227.2,218.1,False,0.2284,3,0.0,0.3988,clean,none
G:\GitHub\DiT\MCCD\MCCD\MCCD-Calligrapher\calligrapher_dataset\智永\利-楷-隋-智永-31124.png,智永,楷,利,隋,31124,利-楷-隋-智永-31124.png,mccd_salvage,ok,192,200,222.8,162.0,False,0.4,3,0.0004,0.626,clean,none
G:\GitHub\DiT\MCCD\MCCD\MCCD-Calligrapher\calligrapher_dataset\智永\助-行-隋-智永-33167.png,智永,行,助,隋,33167,助-行-隋-智永-33167.png,mccd_salvage,ok,242,275,220.3,182.6,False,0.4739,2,0.0005,0.9995,clean,none
G:\GitHub\DiT\MCCD\MCCD\MCCD-Calligrapher\calligrapher_dataset\智永\勿-行-隋-智永-34500.png,智永,行,勿,隋,34500,勿-行-隋-智永-34500.png,mccd_salvage,ok,243,256,214.3,171.4,False,0.5196,1,0.0,1.0,clean,none
G:\GitHub\DiT\MCCD\MCCD\MCCD-Calligrapher\calligrapher_dataset\智永\卑-楷-隋-智永-36627.png,智永,楷,卑,隋,36627,卑-楷-隋-智永-36627.png,mccd_salvage,ok,177,233,233.6,198.6,False,0.381,1,0.0,1.0,clean,none
G:\GitHub\DiT\MCCD\MCCD\MCCD-Calligrapher\calligrapher_dataset\智永\叛-行-隋-智永-41481.png,智永,行,叛,隋,41481,叛-行-隋-智永-41481.png,mccd_salvage,ok,279,234,232.4,240.2,False,0.1888,6,0.001,0.8971,clean,none
G:\GitHub\DiT\MCCD\MCCD\MCCD-Calligrapher\calligrapher_dataset\智永\口-楷-隋-智永-41635.png,智永,楷,口,隋,41635,口-楷-隋-智永-41635.png,mccd_salvage,ok,230,159,217.9,144.2,False,0.5007,1,0.0,1.0,clean,none
G:\GitHub\DiT\MCCD\MCCD\MCCD-Calligrapher\calligrapher_dataset\智永\口-行-隋-智永-41644.png,智永,行,口,隋,41644,口-行-隋-智永-41644.png,mccd_salvage,ok,196,136,206.9,117.5,False,0.5883,1,0.0,1.0,broken,too_solid
G:\GitHub\DiT\MCCD\MCCD\MCCD-Calligrapher\calligrapher_dataset\智永\右-楷-隋-智永-43067.png,智永,楷,右,隋,43067,右-楷-隋-智永-43067.png,mccd_salvage,ok,229,223,228.8,181.4,False,0.4462,1,0.0,1.0,clean,none
G:\GitHub\DiT\MCCD\MCCD\MCCD-Calligrapher\calligrapher_dataset\智永\名-楷-隋-智永-44406.png,智永,楷,名,隋,44406,名-楷-隋-智永-44406.png,mccd_salvage,ok,235,215,226.0,160.2,False,0.4758,1,0.0,1.0,clean,none
G:\GitHub\DiT\MCCD\MCCD\MCCD-Calligrapher\calligrapher_dataset\智永\君-楷-隋-智永-45222.png,智永,楷,君,隋,45222,君-楷-隋-智永-45222.png,mccd_salvage,ok,264,238,226.2,195.2,False,0.4973,1,0.0,1.0,clean,none
G:\GitHub\DiT\MCCD\MCCD\MCCD-Calligrapher\calligrapher_dataset\智永\善-楷-隋-智永-49837.png,智永,楷,善,隋,49837,善-楷-隋-智永-49837.png,mccd_salvage,ok,210,212,227.5,214.8,False,0.3712,3,0.0007,0.9993,clean,none
G:\GitHub\DiT\MCCD\MCCD\MCCD-Calligrapher\calligrapher_dataset\智永\四-楷-隋-智永-52672.png,智永,楷,四,隋,52672,四-楷-隋-智永-52672.png,mccd_salvage,ok,242,154,210.6,127.1,False,0.6179,1,0.0,1.0,broken,too_solid
G:\GitHub\DiT\MCCD\MCCD\MCCD-Calligrapher\calligrapher_dataset\智永\土-楷-隋-智永-54076.png,智永,楷,土,隋,54076,土-楷-隋-智永-54076.png,mccd_salvage,ok,221,209,234.0,199.4,False,0.3514,1,0.0,1.0,clean,none
G:\GitHub\DiT\MCCD\MCCD\MCCD-Calligrapher\calligrapher_dataset\智永\土-行-隋-智永-54086.png,智永,行,土,隋,54086,土-行-隋-智永-54086.png,mccd_salvage,ok,185,187,215.8,177.0,False,0.4266,1,0.0,1.0,clean,none
G:\GitHub\DiT\MCCD\MCCD\MCCD-Calligrapher\calligrapher_dataset\智永\坐-楷-隋-智永-54701.png,智永,楷,坐,隋,54701,坐-楷-隋-智永-54701.png,mccd_salvage,ok,174,178,223.4,168.3,False,0.4593,1,0.0,1.0,clean,none
G:\GitHub\DiT\MCCD\MCCD\MCCD-Calligrapher\calligrapher_dataset\智永\大-楷-隋-智永-60498.png,智永,楷,大,隋,60498,大-楷-隋-智永-60498.png,mccd_salvage,ok,199,206,232.6,191.6,False,0.3706,1,0.0,1.0,clean,none
G:\GitHub\DiT\MCCD\MCCD\MCCD-Calligrapher\calligrapher_dataset\智永\好-行-隋-智永-63571.png,智永,行,好,隋,63571,好-行-隋-智永-63571.png,mccd_salvage,ok,210,160,216.4,159.4,False,0.5015,1,0.0,1.0,clean,none
G:\GitHub\DiT\MCCD\MCCD\MCCD-Calligrapher\calligrapher_dataset\智永\姑-行-隋-智永-64789.png,智永,行,姑,隋,64789,姑-行-隋-智永-64789.png,mccd_salvage,ok,221,168,230.3,184.9,False,0.4665,1,0.0,1.0,clean,none
G:\GitHub\DiT\MCCD\MCCD\MCCD-Calligrapher\calligrapher_dataset\智永\威-楷-隋-智永-65549.png,智永,楷,威,隋,65549,威-楷-隋-智永-65549.png,mccd_salvage,ok,236,231,237.5,205.6,False,0.4548,1,0.0,1.0,clean,none
G:\GitHub\DiT\MCCD\MCCD\MCCD-Calligrapher\calligrapher_dataset\智永\孝-楷-隋-智永-68450.png,智永,楷,孝,隋,68450,孝-楷-隋-智永-68450.png,mccd_salvage,ok,168,202,236.2,221.8,False,0.3726,1,0.0,1.0,clean,none
G:\GitHub\DiT\MCCD\MCCD\MCCD-Calligrapher\calligrapher_dataset\智永\孤-楷-隋-智永-68870.png,智永,楷,孤,隋,68870,孤-楷-隋-智永-68870.png,mccd_salvage,ok,194,139,226.9,177.3,False,0.4154,5,0.0,0.6115,clean,none
G:\GitHub\DiT\MCCD\MCCD\MCCD-Calligrapher\calligrapher_dataset\智永\宙-楷-隋-智永-70909.png,智永,楷,宙,隋,70909,宙-楷-隋-智永-70909.png,mccd_salvage,ok,262,241,226.0,177.9,False,0.479,2,0.0,0.9806,clean,none
G:\GitHub\DiT\MCCD\MCCD\MCCD-Calligrapher\calligrapher_dataset\智永\宰-楷-隋-智永-72226.png,智永,楷,宰,隋,72226,宰-楷-隋-智永-72226.png,mccd_salvage,ok,210,249,236.8,219.8,False,0.349,1,0.0,1.0,clean,none
G:\GitHub\DiT\MCCD\MCCD\MCCD-Calligrapher\calligrapher_dataset\智永\寸-楷-隋-智永-74844.png,智永,楷,寸,隋,74844,寸-楷-隋-智永-74844.png,mccd_salvage,ok,249,221,231.4,214.9,False,0.289,1,0.0,1.0,clean,none
G:\GitHub\DiT\MCCD\MCCD\MCCD-Calligrapher\calligrapher_dataset\智永\寸-行-隋-智永-74850.png,智永,行,寸,隋,74850,寸-行-隋-智永-74850.png,mccd_salvage,ok,159,240,225.9,195.3,False,0.4446,2,0.0,0.8429,clean,none
G:\GitHub\DiT\MCCD\MCCD\MCCD-Calligrapher\calligrapher_dataset\智永\尹-行-隋-智永-77686.png,智永,行,尹,隋,77686,尹-行-隋-智永-77686.png,mccd_salvage,ok,197,300,228.8,183.7,False,0.4059,1,0.0,1.0,clean,none
G:\GitHub\DiT\MCCD\MCCD\MCCD-Calligrapher\calligrapher_dataset\智永\居-楷-隋-智永-77997.png,智永,楷,居,隋,77997,居-楷-隋-智永-77997.png,mccd_salvage,ok,181,187,231.0,182.8,False,0.4444,1,0.0,1.0,clean,none
G:\GitHub\DiT\MCCD\MCCD\MCCD-Calligrapher\calligrapher_dataset\智永\左-楷-隋-智永-81720.png,智永,楷,左,隋,81720,左-楷-隋-智永-81720.png,mccd_salvage,ok,241,250,239.2,191.7,False,0.4135,1,0.0,1.0,clean,none
G:\GitHub\DiT\MCCD\MCCD\MCCD-Calligrapher\calligrapher_dataset\智永\已-楷-隋-智永-82286.png,智永,楷,已,隋,82286,已-楷-隋-智永-82286.png,mccd_salvage,ok,252,296,221.2,156.0,False,0.3657,2,0.0004,0.9996,clean,none
G:\GitHub\DiT\MCCD\MCCD\MCCD-Calligrapher\calligrapher_dataset\智永\建-楷-隋-智永-88047.png,智永,楷,建,隋,88047,建-楷-隋-智永-88047.png,mccd_salvage,ok,283,253,229.7,196.9,False,0.4025,1,0.0,1.0,clean,none
G:\GitHub\DiT\MCCD\MCCD\MCCD-Calligrapher\calligrapher_dataset\智永\往-楷-隋-智永-92510.png,智永,楷,往,隋,92510,往-楷-隋-智永-92510.png,mccd_salvage,ok,191,194,224.9,152.8,False,0.3762,3,0.0,0.667,clean,none
G:\GitHub\DiT\MCCD\MCCD\MCCD-Calligrapher\calligrapher_dataset\智永\性-行-隋-智永-96768.png,智永,行,性,隋,96768,性-行-隋-智永-96768.png,mccd_salvage,ok,239,218,228.7,201.2,False,0.4012,2,0.0,0.563,clean,none
G:\GitHub\DiT\MCCD\MCCD\MCCD-Calligrapher\calligrapher_dataset\智永\恬-楷-隋-智永-97498.png,智永,楷,恬,隋,97498,恬-楷-隋-智永-97498.png,mccd_salvage,ok,241,200,211.0,153.7,False,0.5752,1,0.0,1.0,broken,too_solid
G:\GitHub\DiT\MCCD\MCCD\MCCD-Calligrapher\calligrapher_dataset\智永\推-楷-隋-智永-7259.png,智永,楷,推,隋,7259,推-楷-隋-智永-7259.png,mccd_salvage,ok,207,219,239.9,200.1,False,0.5012,1,0.0,1.0,clean,none
G:\GitHub\DiT\MCCD\MCCD\MCCD-Calligrapher\calligrapher_dataset\智永\操-楷-隋-智永-456.png,智永,楷,操,隋,456,操-楷-隋-智永-456.png,mccd_salvage,ok,253,197,236.6,207.1,False,0.415,1,0.0,1.0,clean,none
G:\GitHub\DiT\MCCD\MCCD\MCCD-Calligrapher\calligrapher_dataset\智永\敕-楷-隋-智永-2423.png,智永,楷,敕,隋,2423,敕-楷-隋-智永-2423.png,mccd_salvage,ok,211,224,233.1,192.7,False,0.4653,1,0.0,1.0,clean,none
G:\GitHub\DiT\MCCD\MCCD\MCCD-Calligrapher\calligrapher_dataset\智永\敢-楷-隋-智永-3076.png,智永,楷,敢,隋,3076,敢-楷-隋-智永-3076.png,mccd_salvage,ok,236,172,232.6,200.6,False,0.3977,3,0.0004,0.9955,clean,none
G:\GitHub\DiT\MCCD\MCCD\MCCD-Calligrapher\calligrapher_dataset\智永\敢-楷-隋-智永-3077.png,智永,楷,敢,隋,3077,敢-楷-隋-智永-3077.png,mccd_salvage,ok,274,197,235.9,233.3,False,0.1415,9,0.0,0.3184,clean,none
G:\GitHub\DiT\MCCD\MCCD\MCCD-Calligrapher\calligrapher_dataset\智永\方-行-隋-智永-5353.png,智永,行,方,隋,5353,方-行-隋-智永-5353.png,mccd_salvage,ok,196,232,226.5,195.2,False,0.4804,1,0.0,1.0,clean,none
G:\GitHub\DiT\MCCD\MCCD\MCCD-Calligrapher\calligrapher_dataset\智永\晚-楷-隋-智永-94.png,智永,楷,晚,隋,94,晚-楷-隋-智永-94.png,mccd_salvage,ok,244,194,216.1,124.9,False,0.6167,62,0.0143,0.9797,broken,too_solid
G:\GitHub\DiT\MCCD\MCCD\MCCD-Calligrapher\calligrapher_dataset\智永\晩-楷-隋-智永-4596.png,智永,楷,晩,隋,4596,晩-楷-隋-智永-4596.png,mccd_salvage,ok,244,194,216.1,124.9,False,0.6167,62,0.0143,0.9797,broken,too_solid
G:\GitHub\DiT\MCCD\MCCD\MCCD-Calligrapher\calligrapher_dataset\智永\暎-行-隋-智永-5030.png,智永,行,暎,隋,5030,暎-行-隋-智永-5030.png,mccd_salvage,ok,249,262,230.9,189.4,False,0.4788,2,0.0001,0.9999,clean,none
G:\GitHub\DiT\MCCD\MCCD\MCCD-Calligrapher\calligrapher_dataset\智永\曜-楷-隋-智永-5658.png,智永,楷,曜,隋,5658,曜-楷-隋-智永-5658.png,mccd_salvage,ok,171,191,233.2,197.4,False,0.4149,1,0.0,1.0,clean,none
G:\GitHub\DiT\MCCD\MCCD\MCCD-Calligrapher\calligrapher_dataset\智永\服-楷-隋-智永-8353.png,智永,楷,服,隋,8353,服-楷-隋-智永-8353.png,mccd_salvage,ok,184,155,221.3,158.6,False,0.4167,2,0.0,0.5958,clean,none
G:\GitHub\DiT\MCCD\MCCD\MCCD-Calligrapher\calligrapher_dataset\智永\杜-楷-隋-智永-10435.png,智永,楷,杜,隋,10435,杜-楷-隋-智永-10435.png,mccd_salvage,ok,241,194,239.0,215.4,False,0.3398,1,0.0,1.0,clean,none
G:\GitHub\DiT\MCCD\MCCD\MCCD-Calligrapher\calligrapher_dataset\智永\桐-行-隋-智永-13105.png,智永,行,桐,隋,13105,桐-行-隋-智永-13105.png,mccd_salvage,ok,251,196,223.6,187.6,False,0.4113,3,0.0,0.4844,clean,none
G:\GitHub\DiT\MCCD\MCCD\MCCD-Calligrapher\calligrapher_dataset\智永\梨-行-隋-智永-13703.png,智永,行,梨,隋,13703,梨-行-隋-智永-13703.png,mccd_salvage,ok,250,304,213.5,236.2,False,0.2091,11,0.0015,0.4518,clean,none
G:\GitHub\DiT\MCCD\MCCD\MCCD-Calligrapher\calligrapher_dataset\智永\楹-楷-隋-智永-15463.png,智永,楷,楹,隋,15463,楹-楷-隋-智永-15463.png,mccd_salvage,ok,231,213,226.6,174.8,False,0.5404,1,0.0,1.0,clean,none
G:\GitHub\DiT\MCCD\MCCD\MCCD-Calligrapher\calligrapher_dataset\智永\槐-楷-隋-智永-15988.png,智永,楷,槐,隋,15988,槐-楷-隋-智永-15988.png,mccd_salvage,ok,220,142,230.2,195.9,False,0.4087,1,0.0,1.0,clean,none
G:\GitHub\DiT\MCCD\MCCD\MCCD-Calligrapher\calligrapher_dataset\智永\歌-楷-隋-智永-18590.png,智永,楷,歌,隋,18590,歌-楷-隋-智永-18590.png,mccd_salvage,ok,217,161,230.2,191.5,False,0.3808,2,0.0,0.8955,clean,none
G:\GitHub\DiT\MCCD\MCCD\MCCD-Calligrapher\calligrapher_dataset\智永\歷-楷-隋-智永-20478.png,智永,楷,歷,隋,20478,歷-楷-隋-智永-20478.png,mccd_salvage,ok,246,251,239.0,226.5,False,0.3746,1,0.0,1.0,clean,none
G:\GitHub\DiT\MCCD\MCCD\MCCD-Calligrapher\calligrapher_dataset\智永\歷-行-隋-智永-20489.png,智永,行,歷,隋,20489,歷-行-隋-智永-20489.png,mccd_salvage,ok,240,268,224.7,220.8,False,0.1663,11,0.0002,0.2036,clean,none
G:\GitHub\DiT\MCCD\MCCD\MCCD-Calligrapher\calligrapher_dataset\智永\殊-楷-隋-智永-21051.png,智永,楷,殊,隋,21051,殊-楷-隋-智永-21051.png,mccd_salvage,ok,196,179,228.7,190.3,False,0.3932,2,0.0,0.647,clean,none
G:\GitHub\DiT\MCCD\MCCD\MCCD-Calligrapher\calligrapher_dataset\智永\毎-楷-隋-智永-22445.png,智永,楷,毎,隋,22445,毎-楷-隋-智永-22445.png,mccd_salvage,ok,225,204,235.6,208.4,False,0.369,2,0.0004,0.9996,clean,none
G:\GitHub\DiT\MCCD\MCCD\MCCD-Calligrapher\calligrapher_dataset\智永\比-楷-隋-智永-22831.png,智永,楷,比,隋,22831,比-楷-隋-智永-22831.png,mccd_salvage,ok,232,194,231.2,186.3,False,0.408,2,0.0,0.5634,clean,none
G:\GitHub\DiT\MCCD\MCCD\MCCD-Calligrapher\calligrapher_dataset\智永\沙-楷-隋-智永-25990.png,智永,楷,沙,隋,25990,沙-楷-隋-智永-25990.png,mccd_salvage,ok,212,207,234.8,213.5,False,0.3418,2,0.0,0.9177,clean,none
G:\GitHub\DiT\MCCD\MCCD\MCCD-Calligrapher\calligrapher_dataset\智永\海-楷-隋-智永-28488.png,智永,楷,海,隋,28488,海-楷-隋-智永-28488.png,mccd_salvage,ok,177,163,233.3,175.8,False,0.4431,3,0.0,0.8824,clean,none
G:\GitHub\DiT\MCCD\MCCD\MCCD-Calligrapher\calligrapher_dataset\智永\深-楷-隋-智永-29684.png,智永,楷,深,隋,29684,深-楷-隋-智永-29684.png,mccd_salvage,ok,247,224,235.7,210.5,False,0.4256,4,0.0002,0.8902,clean,none
G:\GitHub\DiT\MCCD\MCCD\MCCD-Calligrapher\calligrapher_dataset\智永\為-楷-隋-智永-36068.png,智永,楷,為,隋,36068,為-楷-隋-智永-36068.png,mccd_salvage,ok,253,278,223.1,191.4,False,0.4263,3,0.0,0.9058,clean,none
G:\GitHub\DiT\MCCD\MCCD\MCCD-Calligrapher\calligrapher_dataset\智永\熱-楷-隋-智永-38213.png,智永,楷,熱,隋,38213,熱-楷-隋-智永-38213.png,mccd_salvage,ok,252,218,233.1,183.9,False,0.4824,2,0.0,0.9737,clean,none
G:\GitHub\DiT\MCCD\MCCD\MCCD-Calligrapher\calligrapher_dataset\智永\爲-楷-隋-智永-39788.png,智永,楷,爲,隋,39788,爲-楷-隋-智永-39788.png,mccd_salvage,ok,253,278,223.1,191.4,False,0.4263,3,0.0,0.9058,clean,none
G:\GitHub\DiT\MCCD\MCCD\MCCD-Calligrapher\calligrapher_dataset\智永\猷-楷-隋-智永-42811.png,智永,楷,猷,隋,42811,猷-楷-隋-智永-42811.png,mccd_salvage,ok,197,135,236.1,205.6,False,0.3458,2,0.0,0.948,clean,none
G:\GitHub\DiT\MCCD\MCCD\MCCD-Calligrapher\calligrapher_dataset\智永\玄-楷-隋-智永-43641.png,智永,楷,玄,隋,43641,玄-楷-隋-智永-43641.png,mccd_salvage,ok,268,238,238.9,208.6,False,0.3611,2,0.0,0.9973,clean,none
G:\GitHub\DiT\MCCD\MCCD\MCCD-Calligrapher\calligrapher_dataset\智永\玉-楷-隋-智永-43935.png,智永,楷,玉,隋,43935,玉-楷-隋-智永-43935.png,mccd_salvage,ok,195,217,213.8,153.1,False,0.5155,1,0.0,1.0,clean,none
G:\GitHub\DiT\MCCD\MCCD\MCCD-Calligrapher\calligrapher_dataset\智永\玉-行-隋-智永-43944.png,智永,行,玉,隋,43944,玉-行-隋-智永-43944.png,mccd_salvage,ok,199,256,218.8,170.2,False,0.4095,1,0.0,1.0,clean,none
G:\GitHub\DiT\MCCD\MCCD\MCCD-Calligrapher\calligrapher_dataset\智永\王-楷-隋-智永-44408.png,智永,楷,王,隋,44408,王-楷-隋-智永-44408.png,mccd_salvage,ok,221,256,227.8,169.1,False,0.4573,1,0.0,1.0,clean,none
G:\GitHub\DiT\MCCD\MCCD\MCCD-Calligrapher\calligrapher_dataset\智永\理-行-隋-智永-45213.png,智永,行,理,隋,45213,理-行-隋-智永-45213.png,mccd_salvage,ok,273,292,223.4,172.9,False,0.5376,2,0.0,1.0,clean,none
G:\GitHub\DiT\MCCD\MCCD\MCCD-Calligrapher\calligrapher_dataset\智永\生-楷-隋-智永-47501.png,智永,楷,生,隋,47501,生-楷-隋-智永-47501.png,mccd_salvage,ok,184,242,218.9,178.4,False,0.4954,1,0.0,1.0,clean,none
G:\GitHub\DiT\MCCD\MCCD\MCCD-Calligrapher\calligrapher_dataset\智永\甲-楷-隋-智永-48669.png,智永,楷,甲,隋,48669,甲-楷-隋-智永-48669.png,mccd_salvage,ok,207,189,231.6,192.8,False,0.3167,1,0.0,1.0,clean,none
G:\GitHub\DiT\MCCD\MCCD\MCCD-Calligrapher\calligrapher_dataset\智永\甲-行-隋-智永-48675.png,智永,行,甲,隋,48675,甲-行-隋-智永-48675.png,mccd_salvage,ok,244,333,216.4,169.1,False,0.4451,1,0.0,1.0,clean,none
G:\GitHub\DiT\MCCD\MCCD\MCCD-Calligrapher\calligrapher_dataset\智永\男-楷-隋-智永-48988.png,智永,楷,男,隋,48988,男-楷-隋-智永-48988.png,mccd_salvage,ok,244,330,236.9,193.3,False,0.4771,1,0.0,1.0,clean,none
G:\GitHub\DiT\MCCD\MCCD\MCCD-Calligrapher\calligrapher_dataset\智永\男-楷-隋-智永-48995.png,智永,楷,男,隋,48995,男-楷-隋-智永-48995.png,mccd_salvage,ok,174,225,231.9,183.2,False,0.4664,1,0.0,1.0,clean,none
G:\GitHub\DiT\MCCD\MCCD\MCCD-Calligrapher\calligrapher_dataset\智永\畫-楷-隋-智永-49885.png,智永,楷,畫,隋,49885,畫-楷-隋-智永-49885.png,mccd_salvage,ok,248,257,225.4,212.5,False,0.4322,2,0.0001,0.9999,clean,none
G:\GitHub\DiT\MCCD\MCCD\MCCD-Calligrapher\calligrapher_dataset\智永\白-楷-隋-智永-53075.png,智永,楷,白,隋,53075,白-楷-隋-智永-53075.png,mccd_salvage,ok,229,203,232.6,189.2,False,0.5092,1,0.0,1.0,clean,none
G:\GitHub\DiT\MCCD\MCCD\MCCD-Calligrapher\calligrapher_dataset\智永\白-行-隋-智永-53099.png,智永,行,白,隋,53099,白-行-隋-智永-53099.png,mccd_salvage,ok,198,299,236.7,222.8,False,0.2173,3,0.0,0.9129,clean,none
G:\GitHub\DiT\MCCD\MCCD\MCCD-Calligrapher\calligrapher_dataset\智永\百-楷-隋-智永-53312.png,智永,楷,百,隋,53312,百-楷-隋-智永-53312.png,mccd_salvage,ok,236,183,208.9,165.9,False,0.4387,1,0.0,1.0,clean,none
G:\GitHub\DiT\MCCD\MCCD\MCCD-Calligrapher\calligrapher_dataset\智永\百-行-隋-智永-53328.png,智永,行,百,隋,53328,百-行-隋-智永-53328.png,mccd_salvage,ok,283,293,219.7,228.4,False,0.2332,2,0.0,0.9421,clean,none
G:\GitHub\DiT\MCCD\MCCD\MCCD-Calligrapher\calligrapher_dataset\智永\盛-楷-隋-智永-54725.png,智永,楷,盛,隋,54725,盛-楷-隋-智永-54725.png,mccd_salvage,ok,178,177,231.2,174.3,False,0.4855,1,0.0,1.0,clean,none
G:\GitHub\DiT\MCCD\MCCD\MCCD-Calligrapher\calligrapher_dataset\智永\相-楷-隋-智永-55902.png,智永,楷,相,隋,55902,相-楷-隋-智永-55902.png,mccd_salvage,ok,230,194,215.5,183.2,False,0.4012,2,0.0,0.5067,clean,none
G:\GitHub\DiT\MCCD\MCCD\MCCD-Calligrapher\calligrapher_dataset\智永\省-楷-隋-智永-56183.png,智永,楷,省,隋,56183,省-楷-隋-智永-56183.png,mccd_salvage,ok,190,197,236.5,207.3,False,0.4213,1,0.0,1.0,clean,none
G:\GitHub\DiT\MCCD\MCCD\MCCD-Calligrapher\calligrapher_dataset\智永\眺-行-隋-智永-57113.png,智永,行,眺,隋,57113,眺-行-隋-智永-57113.png,mccd_salvage,ok,253,176,221.4,158.1,False,0.4661,2,0.0,0.872,clean,none
G:\GitHub\DiT\MCCD\MCCD\MCCD-Calligrapher\calligrapher_dataset\智永\矯-楷-隋-智永-58873.png,智永,楷,矯,隋,58873,矯-楷-隋-智永-58873.png,mccd_salvage,ok,212,175,240.4,218.3,False,0.3868,1,0.0,1.0,clean,none
G:\GitHub\DiT\MCCD\MCCD\MCCD-Calligrapher\calligrapher_dataset\智永\祀-行-隋-智永-60850.png,智永,行,祀,隋,60850,祀-行-隋-智永-60850.png,mccd_salvage,ok,233,173,234.1,184.6,False,0.4109,2,0.0,0.9274,clean,none
G:\GitHub\DiT\MCCD\MCCD\MCCD-Calligrapher\calligrapher_dataset\智永\祜-楷-隋-智永-61248.png,智永,楷,祜,隋,61248,祜-楷-隋-智永-61248.png,mccd_salvage,ok,241,184,235.5,216.4,False,0.4313,1,0.0,1.0,clean,none
G:\GitHub\DiT\MCCD\MCCD\MCCD-Calligrapher\calligrapher_dataset\智永\祜-行-隋-智永-61254.png,智永,行,祜,隋,61254,祜-行-隋-智永-61254.png,mccd_salvage,ok,267,262,221.6,223.7,False,0.2455,5,0.0,0.4688,clean,none
G:\GitHub\DiT\MCCD\MCCD\MCCD-Calligrapher\calligrapher_dataset\智永\福-楷-隋-智永-62154.png,智永,楷,福,隋,62154,福-楷-隋-智永-62154.png,mccd_salvage,ok,168,150,212.0,154.9,False,0.4991,5,0.0,0.4569,clean,none
G:\GitHub\DiT\MCCD\MCCD\MCCD-Calligrapher\calligrapher_dataset\智永\禪-楷-隋-智永-62369.png,智永,楷,禪,隋,62369,禪-楷-隋-智永-62369.png,mccd_salvage,ok,250,233,236.9,198.3,False,0.4476,2,0.0,0.9443,clean,none
G:\GitHub\DiT\MCCD\MCCD\MCCD-Calligrapher\calligrapher_dataset\智永\立-楷-隋-智永-66152.png,智永,楷,立,隋,66152,立-楷-隋-智永-66152.png,mccd_salvage,ok,194,190,211.9,179.3,False,0.4003,1,0.0,1.0,clean,none
G:\GitHub\DiT\MCCD\MCCD\MCCD-Calligrapher\calligrapher_dataset\智永\章-楷-隋-智永-66465.png,智永,楷,章,隋,66465,章-楷-隋-智永-66465.png,mccd_salvage,ok,171,219,241.7,233.9,False,0.3061,1,0.0,1.0,clean,none
G:\GitHub\DiT\MCCD\MCCD\MCCD-Calligrapher\calligrapher_dataset\智永\笙-楷-隋-智永-67170.png,智永,楷,笙,隋,67170,笙-楷-隋-智永-67170.png,mccd_salvage,ok,173,220,208.6,184.4,False,0.4724,1,0.0,1.0,clean,none
G:\GitHub\DiT\MCCD\MCCD\MCCD-Calligrapher\calligrapher_dataset\智永\箴-楷-隋-智永-68333.png,智永,楷,箴,隋,68333,箴-楷-隋-智永-68333.png,mccd_salvage,ok,228,274,236.9,218.3,False,0.4126,1,0.0,1.0,clean,none
G:\GitHub\DiT\MCCD\MCCD\MCCD-Calligrapher\calligrapher_dataset\智永\約-楷-隋-智永-70686.png,智永,楷,約,隋,70686,約-楷-隋-智永-70686.png,mccd_salvage,ok,206,179,232.3,189.8,False,0.3799,6,0.0,0.4637,clean,none
G:\GitHub\DiT\MCCD\MCCD\MCCD-Calligrapher\calligrapher_dataset\智永\紙-楷-隋-智永-71070.png,智永,楷,紙,隋,71070,紙-楷-隋-智永-71070.png,mccd_salvage,ok,262,240,236.9,210.1,False,0.3827,2,0.0,0.6027,clean,none
G:\GitHub\DiT\MCCD\MCCD\MCCD-Calligrapher\calligrapher_dataset\智永\素-楷-隋-智永-71247.png,智永,楷,素,隋,71247,素-楷-隋-智永-71247.png,mccd_salvage,ok,159,246,231.7,197.2,False,0.4123,3,0.0,0.8677,clean,none
G:\GitHub\DiT\MCCD\MCCD\MCCD-Calligrapher\calligrapher_dataset\智永\紫-楷-隋-智永-71598.png,智永,楷,紫,隋,71598,紫-楷-隋-智永-71598.png,mccd_salvage,ok,221,231,235.2,193.7,False,0.4741,2,0.0002,0.9998,clean,none
G:\GitHub\DiT\MCCD\MCCD\MCCD-Calligrapher\calligrapher_dataset\智永\累-楷-隋-智永-71665.png,智永,楷,累,隋,71665,累-楷-隋-智永-71665.png,mccd_salvage,ok,199,269,227.1,166.3,False,0.5018,2,0.0,0.9416,clean,none
G:\GitHub\DiT\MCCD\MCCD\MCCD-Calligrapher\calligrapher_dataset\智永\組-楷-隋-智永-72079.png,智永,楷,組,隋,72079,組-楷-隋-智永-72079.png,mccd_salvage,ok,252,197,234.9,184.0,False,0.4485,5,0.0,0.5528,clean,none
G:\GitHub\DiT\MCCD\MCCD\MCCD-Calligrapher\calligrapher_dataset\智永\絜-楷-隋-智永-72364.png,智永,楷,絜,隋,72364,絜-楷-隋-智永-72364.png,mccd_salvage,ok,179,219,233.8,179.8,False,0.5236,4,0.0,0.9081,clean,none
G:\GitHub\DiT\MCCD\MCCD\MCCD-Calligrapher\calligrapher_dataset\智永\給-楷-隋-智永-72471.png,智永,楷,給,隋,72471,給-楷-隋-智永-72471.png,mccd_salvage,ok,271,218,237.1,191.8,False,0.4479,1,0.0,1.0,clean,none
G:\GitHub\DiT\MCCD\MCCD\MCCD-Calligrapher\calligrapher_dataset\智永\絲-楷-隋-智永-72682.png,智永,楷,絲,隋,72682,絲-楷-隋-智永-72682.png,mccd_salvage,ok,225,194,233.6,203.3,False,0.4686,1,0.0,1.0,clean,none
G:\GitHub\DiT\MCCD\MCCD\MCCD-Calligrapher\calligrapher_dataset\智永\綏-楷-隋-智永-73007.png,智永,楷,綏,隋,73007,綏-楷-隋-智永-73007.png,mccd_salvage,ok,268,198,231.8,200.8,False,0.481,2,0.0,0.986,clean,none
G:\GitHub\DiT\MCCD\MCCD\MCCD-Calligrapher\calligrapher_dataset\智永\綵-楷-隋-智永-73515.png,智永,楷,綵,隋,73515,綵-楷-隋-智永-73515.png,mccd_salvage,ok,209,170,237.1,208.3,False,0.4091,2,0.0,0.9771,clean,none
G:\GitHub\DiT\MCCD\MCCD\MCCD-Calligrapher\calligrapher_dataset\智永\義-楷-隋-智永-77803.png,智永,楷,義,隋,77803,義-楷-隋-智永-77803.png,mccd_salvage,ok,202,265,237.7,216.5,False,0.3715,1,0.0,1.0,clean,none
G:\GitHub\DiT\MCCD\MCCD\MCCD-Calligrapher\calligrapher_dataset\智永\習-行-隋-智永-78441.png,智永,行,習,隋,78441,習-行-隋-智永-78441.png,mccd_salvage,ok,215,262,216.0,165.7,False,0.5543,1,0.0,1.0,broken,too_solid
G:\GitHub\DiT\MCCD\MCCD\MCCD-Calligrapher\calligrapher_dataset\智永\老-楷-隋-智永-79224.png,智永,楷,老,隋,79224,老-楷-隋-智永-79224.png,mccd_salvage,ok,187,213,228.5,211.2,False,0.3716,1,0.0,1.0,clean,none
G:\GitHub\DiT\MCCD\MCCD\MCCD-Calligrapher\calligrapher_dataset\智永\自-行-隋-智永-86551.png,智永,行,自,隋,86551,自-行-隋-智永-86551.png,mccd_salvage,ok,162,216,200.0,127.1,False,0.6182,2,0.0,0.9324,broken,too_solid
G:\GitHub\DiT\MCCD\MCCD\MCCD-Calligrapher\calligrapher_dataset\智永\荘-楷-隋-智永-91518.png,智永,楷,荘,隋,91518,荘-楷-隋-智永-91518.png,mccd_salvage,ok,189,167,227.5,163.8,False,0.4028,4,0.0,0.4322,clean,none
G:\GitHub\DiT\MCCD\MCCD\MCCD-Calligrapher\calligrapher_dataset\智永\莊-楷-隋-智永-91725.png,智永,楷,莊,隋,91725,莊-楷-隋-智永-91725.png,mccd_salvage,ok,189,167,227.5,163.8,False,0.4028,4,0.0,0.4322,clean,none
G:\GitHub\DiT\MCCD\MCCD\MCCD-Calligrapher\calligrapher_dataset\智永\西-楷-隋-智永-104080.png,智永,楷,西,隋,104080,西-楷-隋-智永-104080.png,mccd_salvage,ok,252,195,224.8,148.2,False,0.5226,1,0.0,1.0,clean,none
G:\GitHub\DiT\MCCD\MCCD\MCCD-Calligrapher\calligrapher_dataset\智永\訓-楷-隋-智永-106481.png,智永,楷,訓,隋,106481,訓-楷-隋-智永-106481.png,mccd_salvage,ok,263,160,219.1,195.8,False,0.2779,9,0.0,0.3004,clean,none
G:\GitHub\DiT\MCCD\MCCD\MCCD-Calligrapher\calligrapher_dataset\智永\訓-行-隋-智永-106490.png,智永,行,訓,隋,106490,訓-行-隋-智永-106490.png,mccd_salvage,ok,287,177,214.0,242.3,False,0.1282,12,0.0038,0.2535,clean,none
G:\GitHub\DiT\MCCD\MCCD\MCCD-Calligrapher\calligrapher_dataset\智永\誡-楷-隋-智永-108483.png,智永,楷,誡,隋,108483,誡-楷-隋-智永-108483.png,mccd_salvage,ok,268,221,239.3,226.4,False,0.3165,5,0.0,0.563,clean,none
G:\GitHub\DiT\MCCD\MCCD\MCCD-Calligrapher\calligrapher_dataset\智永\賤-楷-隋-智永-115183.png,智永,楷,賤,隋,115183,賤-楷-隋-智永-115183.png,mccd_salvage,ok,217,250,230.9,199.7,False,0.382,1,0.0,1.0,clean,none
G:\GitHub\DiT\MCCD\MCCD\MCCD-Calligrapher\calligrapher_dataset\智永\輕-楷-隋-智永-119949.png,智永,楷,輕,隋,119949,輕-楷-隋-智永-119949.png,mccd_salvage,ok,265,229,241.2,218.3,False,0.4135,1,0.0,1.0,clean,none
G:\GitHub\DiT\MCCD\MCCD\MCCD-Calligrapher\calligrapher_dataset\智永\達-楷-隋-智永-125296.png,智永,楷,達,隋,125296,達-楷-隋-智永-125296.png,mccd_salvage,ok,213,209,228.9,187.0,False,0.2991,3,0.0,0.9353,clean,none
G:\GitHub\DiT\MCCD\MCCD\MCCD-Calligrapher\calligrapher_dataset\智永\遵-楷-隋-智永-126043.png,智永,楷,遵,隋,126043,遵-楷-隋-智永-126043.png,mccd_salvage,ok,220,254,231.6,179.8,False,0.3566,8,0.0005,0.484,clean,none
G:\GitHub\DiT\MCCD\MCCD\MCCD-Calligrapher\calligrapher_dataset\智永\釣-楷-隋-智永-131983.png,智永,楷,釣,隋,131983,釣-楷-隋-智永-131983.png,mccd_salvage,ok,258,206,228.0,195.0,False,0.4127,2,0.0,0.929,clean,none
G:\GitHub\DiT\MCCD\MCCD\MCCD-Calligrapher\calligrapher_dataset\智永\銀-楷-隋-智永-132720.png,智永,楷,銀,隋,132720,銀-楷-隋-智永-132720.png,mccd_salvage,ok,250,185,239.2,203.7,False,0.4323,1,0.0,1.0,clean,none
G:\GitHub\DiT\MCCD\MCCD\MCCD-Calligrapher\calligrapher_dataset\智永\銘-楷-隋-智永-132938.png,智永,楷,銘,隋,132938,銘-楷-隋-智永-132938.png,mccd_salvage,ok,252,172,216.1,168.7,False,0.5515,1,0.0,1.0,broken,too_solid
G:\GitHub\DiT\MCCD\MCCD\MCCD-Calligrapher\calligrapher_dataset\智永\門-楷-隋-智永-136017.png,智永,楷,門,隋,136017,門-楷-隋-智永-136017.png,mccd_salvage,ok,210,258,205.6,139.7,False,0.3387,2,0.0,0.5684,clean,none
G:\GitHub\DiT\MCCD\MCCD\MCCD-Calligrapher\calligrapher_dataset\智永\雞-楷-隋-智永-141230.png,智永,楷,雞,隋,141230,雞-楷-隋-智永-141230.png,mccd_salvage,ok,230,218,243.0,216.3,False,0.4283,1,0.0,1.0,clean,none
G:\GitHub\DiT\MCCD\MCCD\MCCD-Calligrapher\calligrapher_dataset\智永\雲-楷-隋-智永-141927.png,智永,楷,雲,隋,141927,雲-楷-隋-智永-141927.png,mccd_salvage,ok,190,200,231.3,181.8,False,0.4886,1,0.0,1.0,clean,none
G:\GitHub\DiT\MCCD\MCCD\MCCD-Calligrapher\calligrapher_dataset\智永\雲-行-隋-智永-141941.png,智永,行,雲,隋,141941,雲-行-隋-智永-141941.png,mccd_salvage,ok,171,221,224.6,188.3,False,0.4042,3,0.0,0.5971,clean,none
G:\GitHub\DiT\MCCD\MCCD\MCCD-Calligrapher\calligrapher_dataset\智永\露-楷-隋-智永-142757.png,智永,楷,露,隋,142757,露-楷-隋-智永-142757.png,mccd_salvage,ok,245,240,237.4,193.3,False,0.4435,1,0.0,1.0,clean,none
G:\GitHub\DiT\MCCD\MCCD\MCCD-Calligrapher\calligrapher_dataset\智永\音-行-隋-智永-145237.png,智永,行,音,隋,145237,音-行-隋-智永-145237.png,mccd_salvage,ok,164,233,238.7,198.6,False,0.4395,1,0.0,1.0,clean,none
G:\GitHub\DiT\MCCD\MCCD\MCCD-Calligrapher\calligrapher_dataset\智永\養-楷-隋-智永-148516.png,智永,楷,養,隋,148516,養-楷-隋-智永-148516.png,mccd_salvage,ok,241,259,241.1,217.8,False,0.3898,2,0.0001,0.9999,clean,none
G:\GitHub\DiT\MCCD\MCCD\MCCD-Calligrapher\calligrapher_dataset\智永\黎-楷-隋-智永-158732.png,智永,楷,黎,隋,158732,黎-楷-隋-智永-158732.png,mccd_salvage,ok,228,236,233.0,187.2,False,0.5268,1,0.0,1.0,clean,none
G:\GitHub\DiT\MCCD\MCCD\MCCD-Calligrapher\calligrapher_dataset\朱耷\但-行-明-朱耷-16997.png,朱耷,行,但,明,16997,但-行-明-朱耷-16997.png,mccd_salvage,ok,210,210,216.5,176.3,False,0.4712,3,0.0,0.4585,clean,none
G:\GitHub\DiT\MCCD\MCCD\MCCD-Calligrapher\calligrapher_dataset\朱耷\北-行-明-朱耷-35059.png,朱耷,行,北,明,35059,北-行-明-朱耷-35059.png,mccd_salvage,ok,212,157,228.8,193.7,False,0.3424,1,0.0,1.0,clean,none
G:\GitHub\DiT\MCCD\MCCD\MCCD-Calligrapher\calligrapher_dataset\朱耷\北-行-明-朱耷-35061.png,朱耷,行,北,明,35061,北-行-明-朱耷-35061.png,mccd_salvage,ok,259,217,239.6,211.0,False,0.3192,1,0.0,1.0,clean,none
G:\GitHub\DiT\MCCD\MCCD\MCCD-Calligrapher\calligrapher_dataset\朱耷\己-行-明-朱耷-82234.png,朱耷,行,己,明,82234,己-行-明-朱耷-82234.png,mccd_salvage,ok,227,214,211.7,161.2,False,0.3439,2,0.0002,0.9998,clean,none
G:\GitHub\DiT\MCCD\MCCD\MCCD-Calligrapher\calligrapher_dataset\朱耷\朝-行-明-朱耷-8971.png,朱耷,行,朝,明,8971,朝-行-明-朱耷-8971.png,mccd_salvage,ok,239,246,219.5,162.6,False,0.4142,2,0.0,0.5485,clean,none
G:\GitHub\DiT\MCCD\MCCD\MCCD-Calligrapher\calligrapher_dataset\朱耷\繁-行-明-朱耷-75047.png,朱耷,行,繁,明,75047,繁-行-明-朱耷-75047.png,mccd_salvage,ok,227,219,232.5,207.4,False,0.4274,1,0.0,1.0,clean,none
G:\GitHub\DiT\MCCD\MCCD\MCCD-Calligrapher\calligrapher_dataset\朱耷\解-楷-清-朱耷-105611.png,朱耷,楷,解,清,105611,解-楷-清-朱耷-105611.png,mccd_salvage,ok,246,297,244.6,216.6,False,0.3227,6,0.0,0.3896,clean,none
G:\GitHub\DiT\MCCD\MCCD\MCCD-Calligrapher\calligrapher_dataset\李邕\乍-行-唐-李邕-牡丹诗并序-61.png,李邕,行,乍,唐,牡丹诗并序,乍-行-唐-李邕-牡丹诗并序-61.png,mccd_salvage,ok,280,440,203.6,105.8,False,0.7347,2,0.0,0.9858,broken,too_solid
G:\GitHub\DiT\MCCD\MCCD\MCCD-Calligrapher\calligrapher_dataset\李邕\伯-楷-唐-李邕-16700.png,李邕,楷,伯,唐,16700,伯-楷-唐-李邕-16700.png,mccd_salvage,ok,268,244,246.5,205.9,False,0.3309,2,0.0,0.5974,clean,none
G:\GitHub\DiT\MCCD\MCCD\MCCD-Calligrapher\calligrapher_dataset\李邕\依-楷-唐-李邕-18896.png,李邕,楷,依,唐,18896,依-楷-唐-李邕-18896.png,mccd_salvage,ok,261,245,241.6,212.1,False,0.3438,3,0.0,0.5686,clean,none
G:\GitHub\DiT\MCCD\MCCD\MCCD-Calligrapher\calligrapher_dataset\李邕\依-行-唐-李邕-18902.png,李邕,行,依,唐,18902,依-行-唐-李邕-18902.png,mccd_salvage,ok,286,266,217.2,225.6,False,0.2539,11,0.0009,0.3444,clean,none
G:\GitHub\DiT\MCCD\MCCD\MCCD-Calligrapher\calligrapher_dataset\李邕\劣-楷-唐-李邕-出师表-21.png,李邕,楷,劣,唐,出师表,劣-楷-唐-李邕-出师表-21.png,mccd_salvage,ok,172,274,227.9,193.1,False,0.326,3,0.0003,0.9272,clean,none
G:\GitHub\DiT\MCCD\MCCD\MCCD-Calligrapher\calligrapher_dataset\李邕\十-楷-唐-李邕-35839.png,李邕,楷,十,唐,35839,十-楷-唐-李邕-35839.png,mccd_salvage,ok,283,229,240.6,224.3,False,0.2643,2,0.0,0.9866,clean,none
G:\GitHub\DiT\MCCD\MCCD\MCCD-Calligrapher\calligrapher_dataset\李邕\十-行-唐-李邕-35860.png,李邕,行,十,唐,35860,十-行-唐-李邕-35860.png,mccd_salvage,ok,262,290,240.0,225.6,False,0.1961,6,0.0038,0.9871,clean,none
G:\GitHub\DiT\MCCD\MCCD\MCCD-Calligrapher\calligrapher_dataset\李邕\噫-行-唐-李邕-牡丹诗-43.png,李邕,行,噫,唐,牡丹诗,噫-行-唐-李邕-牡丹诗-43.png,mccd_salvage,ok,359,444,192.0,3.6,False,0.7894,3,0.0001,0.9999,broken,too_solid
G:\GitHub\DiT\MCCD\MCCD\MCCD-Calligrapher\calligrapher_dataset\李邕\天-楷-唐-李邕-61010.png,李邕,楷,天,唐,61010,天-楷-唐-李邕-61010.png,mccd_salvage,ok,260,246,235.3,221.5,False,0.2242,4,0.0002,0.8782,clean,none
G:\GitHub\DiT\MCCD\MCCD\MCCD-Calligrapher\calligrapher_dataset\李邕\寧-楷-唐-李邕-74285.png,李邕,楷,寧,唐,74285,寧-楷-唐-李邕-74285.png,mccd_salvage,ok,195,353,238.6,226.2,False,0.2225,16,0.0019,0.2524,clean,none
G:\GitHub\DiT\MCCD\MCCD\MCCD-Calligrapher\calligrapher_dataset\李邕\己-楷-唐-李邕-82211.png,李邕,楷,己,唐,82211,己-楷-唐-李邕-82211.png,mccd_salvage,ok,251,254,232.2,185.6,False,0.4056,2,0.0,0.9832,clean,none
G:\GitHub\DiT\MCCD\MCCD\MCCD-Calligrapher\calligrapher_dataset\李邕\文-行-唐-李邕-4257.png,李邕,行,文,唐,4257,文-行-唐-李邕-4257.png,mccd_salvage,ok,290,251,222.4,241.2,False,0.1569,8,0.0012,0.8953,clean,none
G:\GitHub\DiT\MCCD\MCCD\MCCD-Calligrapher\calligrapher_dataset\李邕\監-行-唐-李邕-55177.png,李邕,行,監,唐,55177,監-行-唐-李邕-55177.png,mccd_salvage,ok,282,360,217.2,234.4,False,0.3675,19,0.004,0.7643,clean,none
G:\GitHub\DiT\MCCD\MCCD\MCCD-Calligrapher\calligrapher_dataset\李邕\竹-行-唐-李邕-66953.png,李邕,行,竹,唐,66953,竹-行-唐-李邕-66953.png,mccd_salvage,ok,281,267,229.9,242.6,False,0.1882,7,0.0032,0.4378,clean,none
G:\GitHub\DiT\MCCD\MCCD\MCCD-Calligrapher\calligrapher_dataset\李邕\者-楷-唐-李邕-80154.png,李邕,楷,者,唐,80154,者-楷-唐-李邕-80154.png,mccd_salvage,ok,265,334,230.1,221.4,False,0.3191,2,0.0,0.982,clean,none
G:\GitHub\DiT\MCCD\MCCD\MCCD-Calligrapher\calligrapher_dataset\李邕\者-行-唐-李邕-80169.png,李邕,行,者,唐,80169,者-行-唐-李邕-80169.png,mccd_salvage,ok,258,390,234.6,228.7,False,0.3071,20,0.0037,0.9781,clean,none
G:\GitHub\DiT\MCCD\MCCD\MCCD-Calligrapher\calligrapher_dataset\李邕\者-行-唐-李邕-80171.png,李邕,行,者,唐,80171,者-行-唐-李邕-80171.png,mccd_salvage,ok,269,311,247.9,241.2,False,0.1696,8,0.0032,0.7079,clean,none
G:\GitHub\DiT\MCCD\MCCD\MCCD-Calligrapher\calligrapher_dataset\李邕\者-行-唐-李邕-80177.png,李邕,行,者,唐,80177,者-行-唐-李邕-80177.png,mccd_salvage,ok,265,318,220.9,238.0,False,0.1558,6,0.0,0.7208,clean,none
G:\GitHub\DiT\MCCD\MCCD\MCCD-Calligrapher\calligrapher_dataset\李邕\者-行-唐-李邕-80179.png,李邕,行,者,唐,80179,者-行-唐-李邕-80179.png,mccd_salvage,ok,285,345,240.0,250.7,False,0.1299,10,0.0029,0.8322,clean,none
G:\GitHub\DiT\MCCD\MCCD\MCCD-Calligrapher\calligrapher_dataset\李邕\良-楷-唐-李邕-89066.png,李邕,楷,良,唐,89066,良-楷-唐-李邕-89066.png,mccd_salvage,ok,286,313,217.5,201.8,False,0.3373,3,0.0001,0.9655,clean,none
G:\GitHub\DiT\MCCD\MCCD\MCCD-Calligrapher\calligrapher_dataset\李邕\豈-行-唐-李邕-112036.png,李邕,行,豈,唐,112036,豈-行-唐-李邕-112036.png,mccd_salvage,ok,232,364,224.9,233.6,False,0.1495,11,0.0005,0.3506,clean,none
G:\GitHub\DiT\MCCD\MCCD\MCCD-Calligrapher\calligrapher_dataset\李邕\鎭-楷-唐-李邕-134373.png,李邕,楷,鎭,唐,134373,鎭-楷-唐-李邕-134373.png,mccd_salvage,ok,268,268,194.0,221.3,False,0.3884,19,0.0049,0.5455,clean,none
G:\GitHub\DiT\MCCD\MCCD\MCCD-Calligrapher\calligrapher_dataset\李邕\鎭-行-唐-李邕-134378.png,李邕,行,鎭,唐,134378,鎭-行-唐-李邕-134378.png,mccd_salvage,ok,272,255,247.3,235.2,False,0.1253,17,0.003,0.231,clean,none
G:\GitHub\DiT\MCCD\MCCD\MCCD-Calligrapher\calligrapher_dataset\李邕\難-行-唐-李邕-141443.png,李邕,行,難,唐,141443,難-行-唐-李邕-141443.png,mccd_salvage,ok,265,303,239.8,241.1,False,0.1757,15,0.0008,0.2663,clean,none
G:\GitHub\DiT\MCCD\MCCD\MCCD-Calligrapher\calligrapher_dataset\李邕\難-行-唐-李邕-141448.png,李邕,行,難,唐,141448,難-行-唐-李邕-141448.png,mccd_salvage,ok,289,355,217.5,243.9,False,0.3224,11,0.0013,0.88,clean,none
G:\GitHub\DiT\MCCD\MCCD\MCCD-Calligrapher\calligrapher_dataset\李邕\顏-行-唐-李邕-146586.png,李邕,行,顏,唐,146586,顏-行-唐-李邕-146586.png,mccd_salvage,ok,266,285,222.4,234.5,False,0.1725,13,0.0027,0.2609,clean,none
G:\GitHub\DiT\MCCD\MCCD\MCCD-Calligrapher\calligrapher_dataset\李邕\顏-行-唐-李邕-146587.png,李邕,行,顏,唐,146587,顏-行-唐-李邕-146587.png,mccd_salvage,ok,289,307,220.3,244.5,False,0.1481,10,0.0,0.3505,clean,none
G:\GitHub\DiT\MCCD\MCCD\MCCD-Calligrapher\calligrapher_dataset\李邕\𢃄-行-唐-李邕-558.png,李邕,行,𢃄,唐,558,𢃄-行-唐-李邕-558.png,mccd_salvage,ok,213,311,213.3,227.4,False,0.281,31,0.0124,0.4202,clean,none
G:\GitHub\DiT\MCCD\MCCD\MCCD-Calligrapher\calligrapher_dataset\柳公权\乍-楷-唐-柳公权-临十三行-35.png,柳公权,楷,乍,唐,临十三行,乍-楷-唐-柳公权-临十三行-35.png,mccd_salvage,ok,174,256,238.6,218.2,False,0.2795,1,0.0,1.0,clean,none
G:\GitHub\DiT\MCCD\MCCD\MCCD-Calligrapher\calligrapher_dataset\柳公权\代-行-唐-柳公权-兰亭诗-62.png,柳公权,行,代,唐,兰亭诗,代-行-唐-柳公权-兰亭诗-62.png,mccd_salvage,ok,257,279,245.2,220.1,False,0.2063,6,0.0017,0.5586,clean,none
G:\GitHub\DiT\MCCD\MCCD\MCCD-Calligrapher\calligrapher_dataset\柳公权\元-楷-唐-柳公权-23771.png,柳公权,楷,元,唐,23771,元-楷-唐-柳公权-23771.png,mccd_salvage,ok,272,261,242.0,214.7,False,0.2037,3,0.0,0.4575,clean,none
G:\GitHub\DiT\MCCD\MCCD\MCCD-Calligrapher\calligrapher_dataset\柳公权\司-楷-唐-柳公权-43380.png,柳公权,楷,司,唐,43380,司-楷-唐-柳公权-43380.png,mccd_salvage,ok,231,247,215.8,140.6,False,0.5211,1,0.0,1.0,clean,none
G:\GitHub\DiT\MCCD\MCCD\MCCD-Calligrapher\calligrapher_dataset\柳公权\情-行-唐-柳公权-蒙诏帖-71.png,柳公权,行,情,唐,蒙诏帖,情-行-唐-柳公权-蒙诏帖-71.png,mccd_salvage,ok,223,356,245.6,209.0,False,0.3358,3,0.0,0.5087,clean,none
G:\GitHub\DiT\MCCD\MCCD\MCCD-Calligrapher\calligrapher_dataset\柳公权\灾-楷-唐-柳公权-35206.png,柳公权,楷,灾,唐,35206,灾-楷-唐-柳公权-35206.png,mccd_salvage,ok,288,284,200.6,223.8,False,0.2957,12,0.0017,0.4883,clean,none
G:\GitHub\DiT\MCCD\MCCD\MCCD-Calligrapher\calligrapher_dataset\柳公权\猶-楷-唐-柳公权-42711.png,柳公权,楷,猶,唐,42711,猶-楷-唐-柳公权-42711.png,mccd_salvage,ok,291,247,225.0,216.7,False,0.2648,9,0.0003,0.4325,clean,none
G:\GitHub\DiT\MCCD\MCCD\MCCD-Calligrapher\calligrapher_dataset\柳公权\猶-行-唐-柳公权-42730.png,柳公权,行,猶,唐,42730,猶-行-唐-柳公权-42730.png,mccd_salvage,ok,264,323,238.9,235.7,False,0.1694,4,0.002,0.56,clean,none
G:\GitHub\DiT\MCCD\MCCD\MCCD-Calligrapher\calligrapher_dataset\柳公权\禮-楷-唐-柳公权-62467.png,柳公权,楷,禮,唐,62467,禮-楷-唐-柳公权-62467.png,mccd_salvage,ok,267,295,233.9,210.7,False,0.2508,6,0.0,0.3702,clean,none
G:\GitHub\DiT\MCCD\MCCD\MCCD-Calligrapher\calligrapher_dataset\柳公权\符-楷-唐-柳公权-67276.png,柳公权,楷,符,唐,67276,符-楷-唐-柳公权-67276.png,mccd_salvage,ok,283,345,216.8,243.4,False,0.2137,9,0.0002,0.3717,clean,none
G:\GitHub\DiT\MCCD\MCCD\MCCD-Calligrapher\calligrapher_dataset\柳公权\鎭-楷-唐-柳公权-134374.png,柳公权,楷,鎭,唐,134374,鎭-楷-唐-柳公权-134374.png,mccd_salvage,ok,274,249,225.5,227.4,False,0.2839,18,0.0044,0.4101,clean,none
G:\GitHub\DiT\MCCD\MCCD\MCCD-Calligrapher\calligrapher_dataset\柳公权\陶-楷-唐-柳公权-138808.png,柳公权,楷,陶,唐,138808,陶-楷-唐-柳公权-138808.png,mccd_salvage,ok,263,288,213.6,132.0,False,0.3364,4,0.0,0.3576,clean,none
G:\GitHub\DiT\MCCD\MCCD\MCCD-Calligrapher\calligrapher_dataset\欧阳询\九-楷-唐-欧阳询-8160.png,欧阳询,楷,九,唐,8160,九-楷-唐-欧阳询-8160.png,mccd_salvage,ok,284,165,235.6,181.2,False,0.2958,2,0.0,0.9881,clean,none
G:\GitHub\DiT\MCCD\MCCD\MCCD-Calligrapher\calligrapher_dataset\欧阳询\九-行-唐-欧阳询-8179.png,欧阳询,行,九,唐,8179,九-行-唐-欧阳询-8179.png,mccd_salvage,ok,253,206,236.8,219.3,False,0.3017,2,0.0001,0.9999,clean,none
G:\GitHub\DiT\MCCD\MCCD\MCCD-Calligrapher\calligrapher_dataset\欧阳询\余-行-唐-欧阳询-17668.png,欧阳询,行,余,唐,17668,余-行-唐-欧阳询-17668.png,mccd_salvage,ok,248,192,242.7,229.9,False,0.1349,6,0.0005,0.4561,clean,none
G:\GitHub\DiT\MCCD\MCCD\MCCD-Calligrapher\calligrapher_dataset\欧阳询\來-楷-唐-欧阳询-18505.png,欧阳询,楷,來,唐,18505,來-楷-唐-欧阳询-18505.png,mccd_salvage,ok,278,285,231.0,238.0,False,0.2144,2,0.0,0.9684,clean,none
G:\GitHub\DiT\MCCD\MCCD\MCCD-Calligrapher\calligrapher_dataset\欧阳询\來-行-唐-欧阳询-18513.png,欧阳询,行,來,唐,18513,來-行-唐-欧阳询-18513.png,mccd_salvage,ok,168,210,237.9,221.5,False,0.3388,1,0.0,1.0,clean,none
G:\GitHub\DiT\MCCD\MCCD\MCCD-Calligrapher\calligrapher_dataset\欧阳询\內-楷-唐-欧阳询-25724.png,欧阳询,楷,內,唐,25724,內-楷-唐-欧阳询-25724.png,mccd_salvage,ok,196,322,194.9,163.4,False,0.2606,5,0.0007,0.6953,clean,none
G:\GitHub\DiT\MCCD\MCCD\MCCD-Calligrapher\calligrapher_dataset\欧阳询\公-楷-唐-欧阳询-26506.png,欧阳询,楷,公,唐,26506,公-楷-唐-欧阳询-26506.png,mccd_salvage,ok,258,173,246.9,224.1,False,0.0922,6,0.007,0.2674,clean,none
G:\GitHub\DiT\MCCD\MCCD\MCCD-Calligrapher\calligrapher_dataset\欧阳询\參-行-唐-欧阳询-39531.png,欧阳询,行,參,唐,39531,參-行-唐-欧阳询-39531.png,mccd_salvage,ok,165,253,242.5,219.1,False,0.3966,1,0.0,1.0,clean,none
G:\GitHub\DiT\MCCD\MCCD\MCCD-Calligrapher\calligrapher_dataset\欧阳询\叄-行-唐-欧阳询-39616.png,欧阳询,行,叄,唐,39616,叄-行-唐-欧阳询-39616.png,mccd_salvage,ok,165,253,242.5,219.1,False,0.3966,1,0.0,1.0,clean,none
G:\GitHub\DiT\MCCD\MCCD\MCCD-Calligrapher\calligrapher_dataset\欧阳询\可-行-唐-欧阳询-按老帖-73.png,欧阳询,行,可,唐,按老帖,可-行-唐-欧阳询-按老帖-73.png,mccd_salvage,ok,274,402,165.2,5.1,False,0.7767,1,0.0,1.0,broken,too_solid
G:\GitHub\DiT\MCCD\MCCD\MCCD-Calligrapher\calligrapher_dataset\欧阳询\啚-楷-唐-欧阳询-49446.png,欧阳询,楷,啚,唐,49446,啚-楷-唐-欧阳询-49446.png,mccd_salvage,ok,244,264,241.7,206.8,False,0.1936,2,0.0011,0.9989,clean,none
G:\GitHub\DiT\MCCD\MCCD\MCCD-Calligrapher\calligrapher_dataset\欧阳询\啚-行-唐-欧阳询-49449.png,欧阳询,行,啚,唐,49449,啚-行-唐-欧阳询-49449.png,mccd_salvage,ok,185,275,226.8,183.6,False,0.4909,1,0.0,1.0,clean,none
G:\GitHub\DiT\MCCD\MCCD\MCCD-Calligrapher\calligrapher_dataset\欧阳询\嗣-行-唐-欧阳询-50903.png,欧阳询,行,嗣,唐,50903,嗣-行-唐-欧阳询-50903.png,mccd_salvage,ok,182,197,224.6,110.5,False,0.557,1,0.0,1.0,broken,too_solid
G:\GitHub\DiT\MCCD\MCCD\MCCD-Calligrapher\calligrapher_dataset\欧阳询\将-楷-唐-欧阳询-75394.png,欧阳询,楷,将,唐,75394,将-楷-唐-欧阳询-75394.png,mccd_salvage,ok,268,257,207.4,234.5,False,0.2542,8,0.0,0.6561,clean,none
G:\GitHub\DiT\MCCD\MCCD\MCCD-Calligrapher\calligrapher_dataset\欧阳询\将-行-唐-欧阳询-75411.png,欧阳询,行,将,唐,75411,将-行-唐-欧阳询-75411.png,mccd_salvage,ok,189,239,232.9,205.1,False,0.45,1,0.0,1.0,clean,none
G:\GitHub\DiT\MCCD\MCCD\MCCD-Calligrapher\calligrapher_dataset\欧阳询\将-行-唐-欧阳询-75416.png,欧阳询,行,将,唐,75416,将-行-唐-欧阳询-75416.png,mccd_salvage,ok,236,279,245.9,229.9,False,0.1967,6,0.0005,0.3355,clean,none
G:\GitHub\DiT\MCCD\MCCD\MCCD-Calligrapher\calligrapher_dataset\欧阳询\岡-行-唐-欧阳询-79355.png,欧阳询,行,岡,唐,79355,岡-行-唐-欧阳询-79355.png,mccd_salvage,ok,232,239,218.3,138.0,False,0.4887,1,0.0,1.0,clean,none
G:\GitHub\DiT\MCCD\MCCD\MCCD-Calligrapher\calligrapher_dataset\欧阳询\巳-行-唐-欧阳询-82522.png,欧阳询,行,巳,唐,82522,巳-行-唐-欧阳询-82522.png,mccd_salvage,ok,223,240,238.0,197.8,False,0.3348,3,0.0002,0.5496,clean,none
G:\GitHub\DiT\MCCD\MCCD\MCCD-Calligrapher\calligrapher_dataset\欧阳询\帛-楷-唐-欧阳询-83353.png,欧阳询,楷,帛,唐,83353,帛-楷-唐-欧阳询-83353.png,mccd_salvage,ok,172,344,31.6,35.7,True,0.1465,3,0.0,0.5661,inverted,inverted
G:\GitHub\DiT\MCCD\MCCD\MCCD-Calligrapher\calligrapher_dataset\欧阳询\帶-楷-唐-欧阳询-84085.png,欧阳询,楷,帶,唐,84085,帶-楷-唐-欧阳询-84085.png,mccd_salvage,ok,252,353,245.1,233.3,False,0.1882,3,0.0,0.9046,clean,none
G:\GitHub\DiT\MCCD\MCCD\MCCD-Calligrapher\calligrapher_dataset\欧阳询\度-楷-唐-欧阳询-86476.png,欧阳询,楷,度,唐,86476,度-楷-唐-欧阳询-86476.png,mccd_salvage,ok,277,309,135.6,204.4,False,0.292,43,0.0088,0.2717,clean,none
G:\GitHub\DiT\MCCD\MCCD\MCCD-Calligrapher\calligrapher_dataset\欧阳询\形-行-唐-欧阳询-91950.png,欧阳询,行,形,唐,91950,形-行-唐-欧阳询-91950.png,mccd_salvage,ok,232,273,236.0,209.3,False,0.3971,3,0.0,0.6596,clean,none
G:\GitHub\DiT\MCCD\MCCD\MCCD-Calligrapher\calligrapher_dataset\欧阳询\彫-楷-唐-欧阳询-92123.png,欧阳询,楷,彫,唐,92123,彫-楷-唐-欧阳询-92123.png,mccd_salvage,ok,274,260,232.7,242.5,False,0.2113,8,0.0007,0.5315,clean,none
G:\GitHub\DiT\MCCD\MCCD\MCCD-Calligrapher\calligrapher_dataset\欧阳询\彫-行-唐-欧阳询-92126.png,欧阳询,行,彫,唐,92126,彫-行-唐-欧阳询-92126.png,mccd_salvage,ok,199,262,238.3,192.1,False,0.4182,2,0.0,0.7994,clean,none
G:\GitHub\DiT\MCCD\MCCD\MCCD-Calligrapher\calligrapher_dataset\欧阳询\影-行-唐-欧阳询-92272.png,欧阳询,行,影,唐,92272,影-行-唐-欧阳询-92272.png,mccd_salvage,ok,238,230,235.8,195.3,False,0.3631,3,0.0,0.7354,clean,none
G:\GitHub\DiT\MCCD\MCCD\MCCD-Calligrapher\calligrapher_dataset\欧阳询\後-楷-唐-欧阳询-92903.png,欧阳询,楷,後,唐,92903,後-楷-唐-欧阳询-92903.png,mccd_salvage,ok,290,202,240.3,219.9,False,0.2241,6,0.0,0.7378,clean,none
G:\GitHub\DiT\MCCD\MCCD\MCCD-Calligrapher\calligrapher_dataset\欧阳询\後-行-唐-欧阳询-92928.png,欧阳询,行,後,唐,92928,後-行-唐-欧阳询-92928.png,mccd_salvage,ok,234,267,227.0,180.5,False,0.3029,3,0.0,0.7824,clean,none
G:\GitHub\DiT\MCCD\MCCD\MCCD-Calligrapher\calligrapher_dataset\欧阳询\後-行-唐-欧阳询-92929.png,欧阳询,行,後,唐,92929,後-行-唐-欧阳询-92929.png,mccd_salvage,ok,225,283,46.2,69.5,True,0.2875,8,0.0004,0.7353,inverted,inverted
G:\GitHub\DiT\MCCD\MCCD\MCCD-Calligrapher\calligrapher_dataset\欧阳询\後-行-唐-欧阳询-92932.png,欧阳询,行,後,唐,92932,後-行-唐-欧阳询-92932.png,mccd_salvage,ok,298,263,231.5,215.7,False,0.2336,4,0.0,0.7851,clean,none
G:\GitHub\DiT\MCCD\MCCD\MCCD-Calligrapher\calligrapher_dataset\欧阳询\志-行-唐-欧阳询-95709.png,欧阳询,行,志,唐,95709,志-行-唐-欧阳询-95709.png,mccd_salvage,ok,189,254,224.3,167.9,False,0.4047,2,0.0,0.9106,clean,none
G:\GitHub\DiT\MCCD\MCCD\MCCD-Calligrapher\calligrapher_dataset\欧阳询\想-行-唐-欧阳询-99368.png,欧阳询,行,想,唐,99368,想-行-唐-欧阳询-99368.png,mccd_salvage,ok,217,251,238.8,218.3,False,0.402,1,0.0,1.0,clean,none
G:\GitHub\DiT\MCCD\MCCD\MCCD-Calligrapher\calligrapher_dataset\欧阳询\懷-楷-唐-欧阳询-590.png,欧阳询,楷,懷,唐,590,懷-楷-唐-欧阳询-590.png,mccd_salvage,ok,283,317,245.3,242.0,False,0.1662,7,0.0007,0.7389,clean,none
G:\GitHub\DiT\MCCD\MCCD\MCCD-Calligrapher\calligrapher_dataset\欧阳询\懷-行-唐-欧阳询-604.png,欧阳询,行,懷,唐,604,懷-行-唐-欧阳询-604.png,mccd_salvage,ok,271,224,241.5,221.4,False,0.1916,11,0.0021,0.3699,clean,none
G:\GitHub\DiT\MCCD\MCCD\MCCD-Calligrapher\calligrapher_dataset\欧阳询\成-楷-唐-欧阳询-1800.png,欧阳询,楷,成,唐,1800,成-楷-唐-欧阳询-1800.png,mccd_salvage,ok,261,274,210.7,229.0,False,0.2314,6,0.0004,0.567,clean,none
G:\GitHub\DiT\MCCD\MCCD\MCCD-Calligrapher\calligrapher_dataset\欧阳询\政-楷-唐-欧阳询-1730.png,欧阳询,楷,政,唐,1730,政-楷-唐-欧阳询-1730.png,mccd_salvage,ok,258,186,225.1,232.7,False,0.1515,6,0.0,0.343,clean,none
G:\GitHub\DiT\MCCD\MCCD\MCCD-Calligrapher\calligrapher_dataset\欧阳询\政-行-唐-欧阳询-1737.png,欧阳询,行,政,唐,1737,政-行-唐-欧阳询-1737.png,mccd_salvage,ok,267,254,239.7,212.0,False,0.2546,1,0.0,1.0,clean,none
G:\GitHub\DiT\MCCD\MCCD\MCCD-Calligrapher\calligrapher_dataset\欧阳询\月-行-唐-欧阳询-去留帖-73.png,欧阳询,行,月,唐,去留帖,月-行-唐-欧阳询-去留帖-73.png,mccd_salvage,ok,269,471,155.5,2.7,False,0.7451,3,0.0,0.9905,broken,too_solid
G:\GitHub\DiT\MCCD\MCCD\MCCD-Calligrapher\calligrapher_dataset\欧阳询\每-楷-唐-欧阳询-22564.png,欧阳询,楷,每,唐,22564,每-楷-唐-欧阳询-22564.png,mccd_salvage,ok,275,277,217.4,240.5,False,0.2274,3,0.0,0.7263,clean,none
G:\GitHub\DiT\MCCD\MCCD\MCCD-Calligrapher\calligrapher_dataset\欧阳询\每-行-唐-欧阳询-22578.png,欧阳询,行,每,唐,22578,每-行-唐-欧阳询-22578.png,mccd_salvage,ok,180,192,239.5,219.2,False,0.3391,1,0.0,1.0,clean,none
G:\GitHub\DiT\MCCD\MCCD\MCCD-Calligrapher\calligrapher_dataset\欧阳询\毛-行-唐-欧阳询-22993.png,欧阳询,行,毛,唐,22993,毛-行-唐-欧阳询-22993.png,mccd_salvage,ok,157,203,232.1,202.7,False,0.4038,1,0.0,1.0,clean,none
G:\GitHub\DiT\MCCD\MCCD\MCCD-Calligrapher\calligrapher_dataset\欧阳询\洞-行-唐-欧阳询-27613.png,欧阳询,行,洞,唐,27613,洞-行-唐-欧阳询-27613.png,mccd_salvage,ok,192,209,224.9,125.8,False,0.5175,3,0.0,0.7793,clean,none
G:\GitHub\DiT\MCCD\MCCD\MCCD-Calligrapher\calligrapher_dataset\欧阳询\涌-楷-唐-欧阳询-28828.png,欧阳询,楷,涌,唐,28828,涌-楷-唐-欧阳询-28828.png,mccd_salvage,ok,235,261,247.1,196.8,False,0.2583,5,0.0,0.7726,clean,none
G:\GitHub\DiT\MCCD\MCCD\MCCD-Calligrapher\calligrapher_dataset\欧阳询\濟-楷-唐-欧阳询-34048.png,欧阳询,楷,濟,唐,34048,濟-楷-唐-欧阳询-34048.png,mccd_salvage,ok,282,288,224.5,245.1,False,0.1573,63,0.0345,0.4843,clean,none
G:\GitHub\DiT\MCCD\MCCD\MCCD-Calligrapher\calligrapher_dataset\欧阳询\濟-行-唐-欧阳询-34055.png,欧阳询,行,濟,唐,34055,濟-行-唐-欧阳询-34055.png,mccd_salvage,ok,201,238,237.9,185.4,False,0.4279,2,0.0,0.8909,clean,none
G:\GitHub\DiT\MCCD\MCCD\MCCD-Calligrapher\calligrapher_dataset\欧阳询\無-行-唐-欧阳询-37147.png,欧阳询,行,無,唐,37147,無-行-唐-欧阳询-37147.png,mccd_salvage,ok,212,245,238.1,218.3,False,0.3774,2,0.0,0.8358,clean,none
G:\GitHub\DiT\MCCD\MCCD\MCCD-Calligrapher\calligrapher_dataset\欧阳询\無-行-唐-欧阳询-37149.png,欧阳询,行,無,唐,37149,無-行-唐-欧阳询-37149.png,mccd_salvage,ok,247,277,238.9,216.4,False,0.4546,1,0.0,1.0,clean,none
G:\GitHub\DiT\MCCD\MCCD\MCCD-Calligrapher\calligrapher_dataset\欧阳询\玉-行-唐-欧阳询-43952.png,欧阳询,行,玉,唐,43952,玉-行-唐-欧阳询-43952.png,mccd_salvage,ok,233,307,227.7,193.9,False,0.4575,1,0.0,1.0,clean,none
G:\GitHub\DiT\MCCD\MCCD\MCCD-Calligrapher\calligrapher_dataset\欧阳询\王-行-唐-欧阳询-44430.png,欧阳询,行,王,唐,44430,王-行-唐-欧阳询-44430.png,mccd_salvage,ok,163,217,230.2,169.7,False,0.4794,1,0.0,1.0,clean,none
G:\GitHub\DiT\MCCD\MCCD\MCCD-Calligrapher\calligrapher_dataset\欧阳询\理-楷-唐-欧阳询-45203.png,欧阳询,楷,理,唐,45203,理-楷-唐-欧阳询-45203.png,mccd_salvage,ok,279,223,236.9,147.4,False,0.4026,3,0.0,0.7524,clean,none
G:\GitHub\DiT\MCCD\MCCD\MCCD-Calligrapher\calligrapher_dataset\欧阳询\璧-楷-唐-欧阳询-46195.png,欧阳询,楷,璧,唐,46195,璧-楷-唐-欧阳询-46195.png,mccd_salvage,ok,278,305,247.0,237.7,False,0.2143,6,0.0,0.3545,clean,none
G:\GitHub\DiT\MCCD\MCCD\MCCD-Calligrapher\calligrapher_dataset\欧阳询\百-行-唐-欧阳询-53335.png,欧阳询,行,百,唐,53335,百-行-唐-欧阳询-53335.png,mccd_salvage,ok,207,260,239.1,204.2,False,0.4648,4,0.0004,0.9996,clean,none
G:\GitHub\DiT\MCCD\MCCD\MCCD-Calligrapher\calligrapher_dataset\欧阳询\益-楷-唐-欧阳询-54520.png,欧阳询,楷,益,唐,54520,益-楷-唐-欧阳询-54520.png,mccd_salvage,ok,268,299,220.8,241.1,False,0.1318,21,0.0045,0.3952,clean,none
G:\GitHub\DiT\MCCD\MCCD\MCCD-Calligrapher\calligrapher_dataset\欧阳询\盡-楷-唐-欧阳询-55034.png,欧阳询,楷,盡,唐,55034,盡-楷-唐-欧阳询-55034.png,mccd_salvage,ok,251,306,243.9,228.5,False,0.2593,4,0.0,0.49,clean,none
G:\GitHub\DiT\MCCD\MCCD\MCCD-Calligrapher\calligrapher_dataset\欧阳询\盡-行-唐-欧阳询-55051.png,欧阳询,行,盡,唐,55051,盡-行-唐-欧阳询-55051.png,mccd_salvage,ok,162,234,223.1,204.6,False,0.3983,1,0.0,1.0,clean,none
G:\GitHub\DiT\MCCD\MCCD\MCCD-Calligrapher\calligrapher_dataset\欧阳询\盡-行-唐-欧阳询-55052.png,欧阳询,行,盡,唐,55052,盡-行-唐-欧阳询-55052.png,mccd_salvage,ok,218,237,234.3,237.8,False,0.1107,17,0.0017,0.5457,clean,none
G:\GitHub\DiT\MCCD\MCCD\MCCD-Calligrapher\calligrapher_dataset\欧阳询\磨-行-唐-欧阳询-60117.png,欧阳询,行,磨,唐,60117,磨-行-唐-欧阳询-60117.png,mccd_salvage,ok,187,331,247.8,234.0,False,0.1428,7,0.0,0.3142,clean,none
G:\GitHub\DiT\MCCD\MCCD\MCCD-Calligrapher\calligrapher_dataset\欧阳询\秋-行-唐-欧阳询-63268.png,欧阳询,行,秋,唐,63268,秋-行-唐-欧阳询-63268.png,mccd_salvage,ok,268,296,243.1,227.9,False,0.3534,6,0.0001,0.8411,clean,none
G:\GitHub\DiT\MCCD\MCCD\MCCD-Calligrapher\calligrapher_dataset\欧阳询\秋-行-唐-欧阳询-63269.png,欧阳询,行,秋,唐,63269,秋-行-唐-欧阳询-63269.png,mccd_salvage,ok,196,202,238.0,220.8,False,0.3205,1,0.0,1.0,clean,none
G:\GitHub\DiT\MCCD\MCCD\MCCD-Calligrapher\calligrapher_dataset\欧阳询\立-行-唐-欧阳询-66167.png,欧阳询,行,立,唐,66167,立-行-唐-欧阳询-66167.png,mccd_salvage,ok,215,287,233.1,190.0,False,0.4548,1,0.0,1.0,clean,none
G:\GitHub\DiT\MCCD\MCCD\MCCD-Calligrapher\calligrapher_dataset\欧阳询\而-行-唐-欧阳询-80857.png,欧阳询,行,而,唐,80857,而-行-唐-欧阳询-80857.png,mccd_salvage,ok,239,215,220.0,160.1,False,0.4599,2,0.0002,0.9998,clean,none
G:\GitHub\DiT\MCCD\MCCD\MCCD-Calligrapher\calligrapher_dataset\欧阳询\而-行-唐-欧阳询-80858.png,欧阳询,行,而,唐,80858,而-行-唐-欧阳询-80858.png,mccd_salvage,ok,257,188,225.7,182.1,False,0.3656,2,0.0,0.8501,clean,none
G:\GitHub\DiT\MCCD\MCCD\MCCD-Calligrapher\calligrapher_dataset\欧阳询\自-楷-唐-欧阳询-86530.png,欧阳询,楷,自,唐,86530,自-楷-唐-欧阳询-86530.png,mccd_salvage,ok,247,323,238.5,232.0,False,0.2668,2,0.0,0.9834,clean,none
G:\GitHub\DiT\MCCD\MCCD\MCCD-Calligrapher\calligrapher_dataset\欧阳询\見-行-唐-欧阳询-104657.png,欧阳询,行,見,唐,104657,見-行-唐-欧阳询-104657.png,mccd_salvage,ok,157,194,227.5,192.8,False,0.387,1,0.0,1.0,clean,none
G:\GitHub\DiT\MCCD\MCCD\MCCD-Calligrapher\calligrapher_dataset\欧阳询\説-楷-唐-欧阳询-108768.png,欧阳询,楷,説,唐,108768,説-楷-唐-欧阳询-108768.png,mccd_salvage,ok,280,186,226.1,222.9,False,0.1784,10,0.0018,0.4148,clean,none
G:\GitHub\DiT\MCCD\MCCD\MCCD-Calligrapher\calligrapher_dataset\欧阳询\説-行-唐-欧阳询-108783.png,欧阳询,行,説,唐,108783,説-行-唐-欧阳询-108783.png,mccd_salvage,ok,189,179,240.8,214.5,False,0.3241,2,0.0,0.943,clean,none
G:\GitHub\DiT\MCCD\MCCD\MCCD-Calligrapher\calligrapher_dataset\欧阳询\諒-楷-唐-欧阳询-109344.png,欧阳询,楷,諒,唐,109344,諒-楷-唐-欧阳询-109344.png,mccd_salvage,ok,297,254,231.2,237.0,False,0.182,18,0.0028,0.3384,clean,none
G:\GitHub\DiT\MCCD\MCCD\MCCD-Calligrapher\calligrapher_dataset\欧阳询\譽-楷-唐-欧阳询-111280.png,欧阳询,楷,譽,唐,111280,譽-楷-唐-欧阳询-111280.png,mccd_salvage,ok,257,332,242.9,247.6,False,0.1128,11,0.0037,0.7113,clean,none
G:\GitHub\DiT\MCCD\MCCD\MCCD-Calligrapher\calligrapher_dataset\欧阳询\譽-行-唐-欧阳询-111287.png,欧阳询,行,譽,唐,111287,譽-行-唐-欧阳询-111287.png,mccd_salvage,ok,203,281,241.3,228.2,False,0.3123,1,0.0,1.0,clean,none
G:\GitHub\DiT\MCCD\MCCD\MCCD-Calligrapher\calligrapher_dataset\欧阳询\讓-行-唐-欧阳询-111563.png,欧阳询,行,讓,唐,111563,讓-行-唐-欧阳询-111563.png,mccd_salvage,ok,212,218,238.0,216.9,False,0.4435,2,0.0,0.9491,clean,none
G:\GitHub\DiT\MCCD\MCCD\MCCD-Calligrapher\calligrapher_dataset\欧阳询\貌-行-唐-欧阳询-113057.png,欧阳询,行,貌,唐,113057,貌-行-唐-欧阳询-113057.png,mccd_salvage,ok,185,209,234.6,201.4,False,0.4788,1,0.0,1.0,clean,none
G:\GitHub\DiT\MCCD\MCCD\MCCD-Calligrapher\calligrapher_dataset\欧阳询\軍-楷-唐-欧阳询-119196.png,欧阳询,楷,軍,唐,119196,軍-楷-唐-欧阳询-119196.png,mccd_salvage,ok,231,300,234.4,241.4,False,0.1532,7,0.0041,0.9523,clean,none
G:\GitHub\DiT\MCCD\MCCD\MCCD-Calligrapher\calligrapher_dataset\欧阳询\辰-楷-唐-欧阳询-121993.png,欧阳询,楷,辰,唐,121993,辰-楷-唐-欧阳询-121993.png,mccd_salvage,ok,293,247,200.8,232.9,False,0.1996,21,0.0056,0.4321,clean,none
G:\GitHub\DiT\MCCD\MCCD\MCCD-Calligrapher\calligrapher_dataset\欧阳询\辰-行-唐-欧阳询-121999.png,欧阳询,行,辰,唐,121999,辰-行-唐-欧阳询-121999.png,mccd_salvage,ok,201,233,236.9,209.9,False,0.3534,1,0.0,1.0,clean,none
G:\GitHub\DiT\MCCD\MCCD\MCCD-Calligrapher\calligrapher_dataset\欧阳询\陋-行-唐-欧阳询-137765.png,欧阳询,行,陋,唐,137765,陋-行-唐-欧阳询-137765.png,mccd_salvage,ok,163,210,213.7,166.3,False,0.4839,3,0.0003,0.6701,clean,none
G:\GitHub\DiT\MCCD\MCCD\MCCD-Calligrapher\calligrapher_dataset\欧阳询\雕-楷-唐-欧阳询-140866.png,欧阳询,楷,雕,唐,140866,雕-楷-唐-欧阳询-140866.png,mccd_salvage,ok,300,230,167.5,247.8,False,0.2711,5,0.0002,0.844,clean,none
G:\GitHub\DiT\MCCD\MCCD\MCCD-Calligrapher\calligrapher_dataset\欧阳询\難-楷-唐-欧阳询-141433.png,欧阳询,楷,難,唐,141433,難-楷-唐-欧阳询-141433.png,mccd_salvage,ok,252,294,244.4,248.9,False,0.124,8,0.0,0.445,clean,none
G:\GitHub\DiT\MCCD\MCCD\MCCD-Calligrapher\calligrapher_dataset\欧阳询\難-行-唐-欧阳询-141444.png,欧阳询,行,難,唐,141444,難-行-唐-欧阳询-141444.png,mccd_salvage,ok,249,298,243.4,221.1,False,0.1965,10,0.0011,0.3899,clean,none
G:\GitHub\DiT\MCCD\MCCD\MCCD-Calligrapher\calligrapher_dataset\欧阳询\難-行-唐-欧阳询-141445.png,欧阳询,行,難,唐,141445,難-行-唐-欧阳询-141445.png,mccd_salvage,ok,164,223,243.5,220.7,False,0.3843,2,0.0,0.559,clean,none
G:\GitHub\DiT\MCCD\MCCD\MCCD-Calligrapher\calligrapher_dataset\欧阳询\難-行-唐-欧阳询-141446.png,欧阳询,行,難,唐,141446,難-行-唐-欧阳询-141446.png,mccd_salvage,ok,191,209,235.9,191.8,False,0.3773,3,0.0,0.5465,clean,none
G:\GitHub\DiT\MCCD\MCCD\MCCD-Calligrapher\calligrapher_dataset\欧阳询\霜-楷-唐-欧阳询-142486.png,欧阳询,楷,霜,唐,142486,霜-楷-唐-欧阳询-142486.png,mccd_salvage,ok,289,299,200.0,247.7,False,0.1796,9,0.0006,0.424,clean,none
G:\GitHub\DiT\MCCD\MCCD\MCCD-Calligrapher\calligrapher_dataset\欧阳询\霜-行-唐-欧阳询-142495.png,欧阳询,行,霜,唐,142495,霜-行-唐-欧阳询-142495.png,mccd_salvage,ok,193,207,235.1,197.5,False,0.4299,1,0.0,1.0,clean,none
G:\GitHub\DiT\MCCD\MCCD\MCCD-Calligrapher\calligrapher_dataset\欧阳询\顧-楷-唐-欧阳询-147051.png,欧阳询,楷,顧,唐,147051,顧-楷-唐-欧阳询-147051.png,mccd_salvage,ok,272,226,231.5,197.9,False,0.2143,4,0.0,0.5432,clean,none
G:\GitHub\DiT\MCCD\MCCD\MCCD-Calligrapher\calligrapher_dataset\欧阳询\顧-行-唐-欧阳询-147062.png,欧阳询,行,顧,唐,147062,顧-行-唐-欧阳询-147062.png,mccd_salvage,ok,184,190,227.0,155.8,False,0.4696,2,0.0,0.513,clean,none
G:\GitHub\DiT\MCCD\MCCD\MCCD-Calligrapher\calligrapher_dataset\欧阳询\驅-行-唐-欧阳询-151309.png,欧阳询,行,驅,唐,151309,驅-行-唐-欧阳询-151309.png,mccd_salvage,ok,185,191,235.7,188.9,False,0.4917,1,0.0,1.0,clean,none
G:\GitHub\DiT\MCCD\MCCD\MCCD-Calligrapher\calligrapher_dataset\欧阳询\齡-楷-唐-欧阳询-160576.png,欧阳询,楷,齡,唐,160576,齡-楷-唐-欧阳询-160576.png,mccd_salvage,ok,271,272,228.2,227.9,False,0.2056,45,0.0139,0.2462,clean,none
G:\GitHub\DiT\MCCD\MCCD\MCCD-Calligrapher\calligrapher_dataset\欧阳询\齡-行-唐-欧阳询-160579.png,欧阳询,行,齡,唐,160579,齡-行-唐-欧阳询-160579.png,mccd_salvage,ok,201,170,238.5,220.0,False,0.3165,1,0.0,1.0,clean,none
G:\GitHub\DiT\MCCD\MCCD\MCCD-Calligrapher\calligrapher_dataset\欧阳询\𦗟-楷-唐-欧阳询-501.png,欧阳询,楷,𦗟,唐,501,𦗟-楷-唐-欧阳询-501.png,mccd_salvage,ok,255,283,236.7,246.8,False,0.1495,8,0.0,0.4621,clean,none
G:\GitHub\DiT\MCCD\MCCD\MCCD-Calligrapher\calligrapher_dataset\欧阳通\乃-楷-唐-欧阳通-5599.png,欧阳通,楷,乃,唐,5599,乃-楷-唐-欧阳通-5599.png,mccd_salvage,ok,292,277,221.5,254.4,False,0.1758,5,0.0006,0.7138,clean,none
G:\GitHub\DiT\MCCD\MCCD\MCCD-Calligrapher\calligrapher_dataset\欧阳通\之-楷-唐-欧阳通-6885.png,欧阳通,楷,之,唐,6885,之-楷-唐-欧阳通-6885.png,mccd_salvage,ok,292,153,231.8,219.7,False,0.1548,5,0.0,0.5776,clean,none
G:\GitHub\DiT\MCCD\MCCD\MCCD-Calligrapher\calligrapher_dataset\欧阳通\之-楷-唐-欧阳通-6890.png,欧阳通,楷,之,唐,6890,之-楷-唐-欧阳通-6890.png,mccd_salvage,ok,259,197,239.4,242.5,False,0.155,6,0.0005,0.6026,clean,none
G:\GitHub\DiT\MCCD\MCCD\MCCD-Calligrapher\calligrapher_dataset\欧阳通\盧-楷-唐-欧阳通-55327.png,欧阳通,楷,盧,唐,55327,盧-楷-唐-欧阳通-55327.png,mccd_salvage,ok,268,269,246.6,226.2,False,0.2328,4,0.0,0.3806,clean,none
G:\GitHub\DiT\MCCD\MCCD\MCCD-Calligrapher\calligrapher_dataset\欧阳通\祇-楷-唐-欧阳通-60927.png,欧阳通,楷,祇,唐,60927,祇-楷-唐-欧阳通-60927.png,mccd_salvage,ok,246,191,245.3,224.6,False,0.1781,5,0.0,0.4947,clean,none
G:\GitHub\DiT\MCCD\MCCD\MCCD-Calligrapher\calligrapher_dataset\沈尹默\仕-行-近-沈尹默-14938.png,沈尹默,行,仕,近,14938,仕-行-近-沈尹默-14938.png,mccd_salvage,ok,170,169,231.4,196.4,False,0.3055,3,0.0,0.5696,clean,none
G:\GitHub\DiT\MCCD\MCCD\MCCD-Calligrapher\calligrapher_dataset\沈尹默\住-行-近-沈尹默-17196.png,沈尹默,行,住,近,17196,住-行-近-沈尹默-17196.png,mccd_salvage,ok,158,170,227.8,170.7,False,0.3402,3,0.0,0.5987,clean,none
G:\GitHub\DiT\MCCD\MCCD\MCCD-Calligrapher\calligrapher_dataset\沈尹默\先-行-近-沈尹默-24391.png,沈尹默,行,先,近,24391,先-行-近-沈尹默-24391.png,mccd_salvage,ok,188,194,234.6,193.8,False,0.3706,3,0.0007,0.9967,clean,none
G:\GitHub\DiT\MCCD\MCCD\MCCD-Calligrapher\calligrapher_dataset\沈尹默\具-行-近-沈尹默-27635.png,沈尹默,行,具,近,27635,具-行-近-沈尹默-27635.png,mccd_salvage,ok,154,279,241.7,207.7,False,0.507,1,0.0,1.0,clean,none
G:\GitHub\DiT\MCCD\MCCD\MCCD-Calligrapher\calligrapher_dataset\沈尹默\况-行-近-沈尹默-29082.png,沈尹默,行,况,近,29082,况-行-近-沈尹默-29082.png,mccd_salvage,ok,268,223,231.2,185.2,False,0.3693,4,0.0,0.75,clean,none
G:\GitHub\DiT\MCCD\MCCD\MCCD-Calligrapher\calligrapher_dataset\沈尹默\劉-行-近-沈尹默-32618.png,沈尹默,行,劉,近,32618,劉-行-近-沈尹默-32618.png,mccd_salvage,ok,210,240,208.4,171.4,False,0.4562,2,0.0,0.9536,clean,none
G:\GitHub\DiT\MCCD\MCCD\MCCD-Calligrapher\calligrapher_dataset\沈尹默\卿-楷-近-沈尹默-38572.png,沈尹默,楷,卿,近,38572,卿-楷-近-沈尹默-38572.png,mccd_salvage,ok,217,204,238.3,205.9,False,0.2921,2,0.0,0.6564,clean,none
G:\GitHub\DiT\MCCD\MCCD\MCCD-Calligrapher\calligrapher_dataset\沈尹默\卿-楷-近-沈尹默-38573.png,沈尹默,楷,卿,近,38573,卿-楷-近-沈尹默-38573.png,mccd_salvage,ok,206,203,230.7,202.1,False,0.3066,3,0.0,0.4043,clean,none
G:\GitHub\DiT\MCCD\MCCD\MCCD-Calligrapher\calligrapher_dataset\沈尹默\卿-楷-近-沈尹默-38574.png,沈尹默,楷,卿,近,38574,卿-楷-近-沈尹默-38574.png,mccd_salvage,ok,245,215,237.3,212.8,False,0.246,4,0.0,0.3958,clean,none
G:\GitHub\DiT\MCCD\MCCD\MCCD-Calligrapher\calligrapher_dataset\沈尹默\嗔-行-近-沈尹默-50752.png,沈尹默,行,嗔,近,50752,嗔-行-近-沈尹默-50752.png,mccd_salvage,ok,231,269,233.6,203.6,False,0.3593,2,0.0,0.8324,clean,none
G:\GitHub\DiT\MCCD\MCCD\MCCD-Calligrapher\calligrapher_dataset\沈尹默\宙-行-近-沈尹默-70921.png,沈尹默,行,宙,近,70921,宙-行-近-沈尹默-70921.png,mccd_salvage,ok,260,234,235.0,205.8,False,0.3856,1,0.0,1.0,clean,none
G:\GitHub\DiT\MCCD\MCCD\MCCD-Calligrapher\calligrapher_dataset\沈尹默\尠-行-近-沈尹默-77226.png,沈尹默,行,尠,近,77226,尠-行-近-沈尹默-77226.png,mccd_salvage,ok,222,226,234.0,213.5,False,0.3921,4,0.0009,0.6817,clean,none
G:\GitHub\DiT\MCCD\MCCD\MCCD-Calligrapher\calligrapher_dataset\沈尹默\就-行-近-沈尹默-77366.png,沈尹默,行,就,近,77366,就-行-近-沈尹默-77366.png,mccd_salvage,ok,219,249,234.6,199.5,False,0.4353,3,0.0,0.8945,clean,none
G:\GitHub\DiT\MCCD\MCCD\MCCD-Calligrapher\calligrapher_dataset\沈尹默\工-行-近-沈尹默-81524.png,沈尹默,行,工,近,81524,工-行-近-沈尹默-81524.png,mccd_salvage,ok,230,223,233.0,192.9,False,0.491,1,0.0,1.0,clean,none
G:\GitHub\DiT\MCCD\MCCD\MCCD-Calligrapher\calligrapher_dataset\沈尹默\已-行-近-沈尹默-82317.png,沈尹默,行,已,近,82317,已-行-近-沈尹默-82317.png,mccd_salvage,ok,161,241,224.2,154.9,False,0.532,1,0.0,1.0,clean,none
G:\GitHub\DiT\MCCD\MCCD\MCCD-Calligrapher\calligrapher_dataset\沈尹默\帖-行-近-沈尹默-83232.png,沈尹默,行,帖,近,83232,帖-行-近-沈尹默-83232.png,mccd_salvage,ok,196,216,228.8,192.2,False,0.4444,1,0.0,1.0,clean,none
G:\GitHub\DiT\MCCD\MCCD\MCCD-Calligrapher\calligrapher_dataset\沈尹默\帖-行-近-沈尹默-83233.png,沈尹默,行,帖,近,83233,帖-行-近-沈尹默-83233.png,mccd_salvage,ok,201,219,225.6,160.1,False,0.5307,2,0.0,0.5228,clean,none
G:\GitHub\DiT\MCCD\MCCD\MCCD-Calligrapher\calligrapher_dataset\沈尹默\抗-行-近-沈尹默-4809.png,沈尹默,行,抗,近,4809,抗-行-近-沈尹默-4809.png,mccd_salvage,ok,272,242,239.7,217.0,False,0.3621,2,0.0,0.5724,clean,none
G:\GitHub\DiT\MCCD\MCCD\MCCD-Calligrapher\calligrapher_dataset\沈尹默\摩-行-近-沈尹默-553.png,沈尹默,行,摩,近,553,摩-行-近-沈尹默-553.png,mccd_salvage,ok,178,298,236.4,207.5,False,0.2964,2,0.0,0.962,clean,none
G:\GitHub\DiT\MCCD\MCCD\MCCD-Calligrapher\calligrapher_dataset\沈尹默\晚-行-近-沈尹默-113.png,沈尹默,行,晚,近,113,晚-行-近-沈尹默-113.png,mccd_salvage,ok,231,186,239.4,219.0,False,0.208,3,0.0,0.636,clean,none
G:\GitHub\DiT\MCCD\MCCD\MCCD-Calligrapher\calligrapher_dataset\沈尹默\柳-行-近-沈尹默-12429.png,沈尹默,行,柳,近,12429,柳-行-近-沈尹默-12429.png,mccd_salvage,ok,238,181,236.8,194.7,False,0.5102,1,0.0,1.0,clean,none
G:\GitHub\DiT\MCCD\MCCD\MCCD-Calligrapher\calligrapher_dataset\沈尹默\桓-行-近-沈尹默-13205.png,沈尹默,行,桓,近,13205,桓-行-近-沈尹默-13205.png,mccd_salvage,ok,227,222,233.4,182.8,False,0.4373,2,0.0,0.5351,clean,none
G:\GitHub\DiT\MCCD\MCCD\MCCD-Calligrapher\calligrapher_dataset\沈尹默\氏-行-近-沈尹默-23384.png,沈尹默,行,氏,近,23384,氏-行-近-沈尹默-23384.png,mccd_salvage,ok,222,207,223.1,193.3,False,0.3183,1,0.0,1.0,clean,none
G:\GitHub\DiT\MCCD\MCCD\MCCD-Calligrapher\calligrapher_dataset\沈尹默\江-行-近-沈尹默-25319.png,沈尹默,行,江,近,25319,江-行-近-沈尹默-25319.png,mccd_salvage,ok,246,210,222.0,166.1,False,0.5033,2,0.0,0.938,clean,none
G:\GitHub\DiT\MCCD\MCCD\MCCD-Calligrapher\calligrapher_dataset\沈尹默\法-行-近-沈尹默-26864.png,沈尹默,行,法,近,26864,法-行-近-沈尹默-26864.png,mccd_salvage,ok,205,218,222.7,176.3,False,0.4376,1,0.0,1.0,clean,none
G:\GitHub\DiT\MCCD\MCCD\MCCD-Calligrapher\calligrapher_dataset\沈尹默\淡-行-近-沈尹默-29394.png,沈尹默,行,淡,近,29394,淡-行-近-沈尹默-29394.png,mccd_salvage,ok,183,229,223.4,182.6,False,0.3965,2,0.0,0.9727,clean,none
G:\GitHub\DiT\MCCD\MCCD\MCCD-Calligrapher\calligrapher_dataset\沈尹默\淡-行-近-沈尹默-29395.png,沈尹默,行,淡,近,29395,淡-行-近-沈尹默-29395.png,mccd_salvage,ok,177,231,225.9,190.6,False,0.2528,4,0.0,0.534,clean,none
G:\GitHub\DiT\MCCD\MCCD\MCCD-Calligrapher\calligrapher_dataset\沈尹默\漆-行-近-沈尹默-32418.png,沈尹默,行,漆,近,32418,漆-行-近-沈尹默-32418.png,mccd_salvage,ok,258,269,236.7,204.5,False,0.3852,2,0.0,0.9831,clean,none
G:\GitHub\DiT\MCCD\MCCD\MCCD-Calligrapher\calligrapher_dataset\沈尹默\然-行-近-沈尹默-37420.png,沈尹默,行,然,近,37420,然-行-近-沈尹默-37420.png,mccd_salvage,ok,229,228,229.0,176.5,False,0.4543,3,0.0,0.5091,clean,none
G:\GitHub\DiT\MCCD\MCCD\MCCD-Calligrapher\calligrapher_dataset\沈尹默\熊-行-近-沈尹默-38017.png,沈尹默,行,熊,近,38017,熊-行-近-沈尹默-38017.png,mccd_salvage,ok,209,241,234.8,185.0,False,0.542,1,0.0,1.0,clean,none
G:\GitHub\DiT\MCCD\MCCD\MCCD-Calligrapher\calligrapher_dataset\沈尹默\燕-行-近-沈尹默-38529.png,沈尹默,行,燕,近,38529,燕-行-近-沈尹默-38529.png,mccd_salvage,ok,253,255,234.1,210.5,False,0.4492,1,0.0,1.0,clean,none
G:\GitHub\DiT\MCCD\MCCD\MCCD-Calligrapher\calligrapher_dataset\沈尹默\爰-行-近-沈尹默-39222.png,沈尹默,行,爰,近,39222,爰-行-近-沈尹默-39222.png,mccd_salvage,ok,247,333,235.3,215.0,False,0.3017,3,0.0,0.8524,clean,none
G:\GitHub\DiT\MCCD\MCCD\MCCD-Calligrapher\calligrapher_dataset\沈尹默\牽-楷-近-沈尹默-41428.png,沈尹默,楷,牽,近,41428,牽-楷-近-沈尹默-41428.png,mccd_salvage,ok,193,237,236.8,222.7,False,0.2658,2,0.0,0.935,clean,none
G:\GitHub\DiT\MCCD\MCCD\MCCD-Calligrapher\calligrapher_dataset\沈尹默\用-行-近-沈尹默-47944.png,沈尹默,行,用,近,47944,用-行-近-沈尹默-47944.png,mccd_salvage,ok,179,266,187.7,100.0,False,0.6267,1,0.0,1.0,broken,too_solid
G:\GitHub\DiT\MCCD\MCCD\MCCD-Calligrapher\calligrapher_dataset\沈尹默\短-行-近-沈尹默-58838.png,沈尹默,行,短,近,58838,短-行-近-沈尹默-58838.png,mccd_salvage,ok,257,230,233.1,188.5,False,0.4357,3,0.0001,0.5304,clean,none
G:\GitHub\DiT\MCCD\MCCD\MCCD-Calligrapher\calligrapher_dataset\沈尹默\肚-行-近-沈尹默-82812.png,沈尹默,行,肚,近,82812,肚-行-近-沈尹默-82812.png,mccd_salvage,ok,276,258,226.8,180.5,False,0.4201,2,0.0,0.5368,clean,none
G:\GitHub\DiT\MCCD\MCCD\MCCD-Calligrapher\calligrapher_dataset\沈尹默\腰-行-近-沈尹默-84828.png,沈尹默,行,腰,近,84828,腰-行-近-沈尹默-84828.png,mccd_salvage,ok,171,168,236.2,210.6,False,0.4457,2,0.0019,0.9981,clean,none
G:\GitHub\DiT\MCCD\MCCD\MCCD-Calligrapher\calligrapher_dataset\沈尹默\臣-行-近-沈尹默-85927.png,沈尹默,行,臣,近,85927,臣-行-近-沈尹默-85927.png,mccd_salvage,ok,156,255,232.0,148.2,False,0.6181,1,0.0,1.0,broken,too_solid
G:\GitHub\DiT\MCCD\MCCD\MCCD-Calligrapher\calligrapher_dataset\沈尹默\菜-行-近-沈尹默-92392.png,沈尹默,行,菜,近,92392,菜-行-近-沈尹默-92392.png,mccd_salvage,ok,239,250,238.2,221.5,False,0.3822,1,0.0,1.0,clean,none
G:\GitHub\DiT\MCCD\MCCD\MCCD-Calligrapher\calligrapher_dataset\沈尹默\蕭-行-近-沈尹默-95511.png,沈尹默,行,蕭,近,95511,蕭-行-近-沈尹默-95511.png,mccd_salvage,ok,222,288,236.3,213.4,False,0.4408,1,0.0,1.0,clean,none
G:\GitHub\DiT\MCCD\MCCD\MCCD-Calligrapher\calligrapher_dataset\沈尹默\虛-行-近-沈尹默-97832.png,沈尹默,行,虛,近,97832,虛-行-近-沈尹默-97832.png,mccd_salvage,ok,208,272,238.9,216.8,False,0.3326,3,0.0002,0.8813,clean,none
G:\GitHub\DiT\MCCD\MCCD\MCCD-Calligrapher\calligrapher_dataset\沈尹默\蜀-行-近-沈尹默-98886.png,沈尹默,行,蜀,近,98886,蜀-行-近-沈尹默-98886.png,mccd_salvage,ok,190,242,234.9,178.1,False,0.475,2,0.0,0.9236,clean,none
G:\GitHub\DiT\MCCD\MCCD\MCCD-Calligrapher\calligrapher_dataset\沈尹默\西-行-近-沈尹默-104131.png,沈尹默,行,西,近,104131,西-行-近-沈尹默-104131.png,mccd_salvage,ok,184,168,232.7,166.1,False,0.4652,1,0.0,1.0,clean,none
G:\GitHub\DiT\MCCD\MCCD\MCCD-Calligrapher\calligrapher_dataset\沈尹默\賞-行-近-沈尹默-114984.png,沈尹默,行,賞,近,114984,賞-行-近-沈尹默-114984.png,mccd_salvage,ok,169,217,238.6,210.9,False,0.2932,2,0.0,0.931,clean,none
G:\GitHub\DiT\MCCD\MCCD\MCCD-Calligrapher\calligrapher_dataset\沈尹默\賞-行-近-沈尹默-114985.png,沈尹默,行,賞,近,114985,賞-行-近-沈尹默-114985.png,mccd_salvage,ok,193,244,235.1,206.7,False,0.3048,3,0.0,0.6017,clean,none
G:\GitHub\DiT\MCCD\MCCD\MCCD-Calligrapher\calligrapher_dataset\沈尹默\贈-行-近-沈尹默-115743.png,沈尹默,行,贈,近,115743,贈-行-近-沈尹默-115743.png,mccd_salvage,ok,174,194,225.8,173.8,False,0.4737,1,0.0,1.0,clean,none
G:\GitHub\DiT\MCCD\MCCD\MCCD-Calligrapher\calligrapher_dataset\沈尹默\那-行-近-沈尹默-127232.png,沈尹默,行,那,近,127232,那-行-近-沈尹默-127232.png,mccd_salvage,ok,205,195,226.3,178.5,False,0.4817,1,0.0,1.0,clean,none
G:\GitHub\DiT\MCCD\MCCD\MCCD-Calligrapher\calligrapher_dataset\沈尹默\阜-行-近-沈尹默-137313.png,沈尹默,行,阜,近,137313,阜-行-近-沈尹默-137313.png,mccd_salvage,ok,160,300,248.3,237.7,False,0.2237,3,0.0006,0.9446,clean,none
G:\GitHub\DiT\MCCD\MCCD\MCCD-Calligrapher\calligrapher_dataset\沈尹默\離-行-近-沈尹默-141314.png,沈尹默,行,離,近,141314,離-行-近-沈尹默-141314.png,mccd_salvage,ok,232,205,242.6,201.0,False,0.4681,4,0.0,0.5074,clean,none
G:\GitHub\DiT\MCCD\MCCD\MCCD-Calligrapher\calligrapher_dataset\沈尹默\飄-行-近-沈尹默-147614.png,沈尹默,行,飄,近,147614,飄-行-近-沈尹默-147614.png,mccd_salvage,ok,255,264,236.7,213.0,False,0.4566,3,0.0,0.5502,clean,none
G:\GitHub\DiT\MCCD\MCCD\MCCD-Calligrapher\calligrapher_dataset\沈尹默\骸-行-近-沈尹默-151843.png,沈尹默,行,骸,近,151843,骸-行-近-沈尹默-151843.png,mccd_salvage,ok,250,236,235.9,203.1,False,0.3433,3,0.0,0.6157,clean,none
G:\GitHub\DiT\MCCD\MCCD\MCCD-Calligrapher\calligrapher_dataset\沈尹默\𢃄-行-近-沈尹默-564.png,沈尹默,行,𢃄,近,564,𢃄-行-近-沈尹默-564.png,mccd_salvage,ok,183,294,236.3,216.2,False,0.3729,1,0.0,1.0,clean,none
G:\GitHub\DiT\MCCD\MCCD\MCCD-Calligrapher\calligrapher_dataset\王宠\㝡-楷-明-王宠-163004.png,王宠,楷,㝡,明,163004,㝡-楷-明-王宠-163004.png,mccd_salvage,ok,237,259,233.0,192.4,False,0.2832,7,0.0,0.3322,clean,none
G:\GitHub\DiT\MCCD\MCCD\MCCD-Calligrapher\calligrapher_dataset\王宠\䟽-楷-明-王宠-173076.png,王宠,楷,䟽,明,173076,䟽-楷-明-王宠-173076.png,mccd_salvage,ok,258,178,224.6,172.7,False,0.2982,7,0.0,0.2389,clean,none
G:\GitHub\DiT\MCCD\MCCD\MCCD-Calligrapher\calligrapher_dataset\王宠\九-行-明-王宠-8197.png,王宠,行,九,明,8197,九-行-明-王宠-8197.png,mccd_salvage,ok,258,205,222.8,170.1,False,0.2964,1,0.0,1.0,clean,none
G:\GitHub\DiT\MCCD\MCCD\MCCD-Calligrapher\calligrapher_dataset\王宠\二-行-明-王宠-10287.png,王宠,行,二,明,10287,二-行-明-王宠-10287.png,mccd_salvage,ok,220,156,235.5,204.0,False,0.1571,2,0.0,0.7494,clean,none
G:\GitHub\DiT\MCCD\MCCD\MCCD-Calligrapher\calligrapher_dataset\王宠\亭-楷-明-王宠-13152.png,王宠,楷,亭,明,13152,亭-楷-明-王宠-13152.png,mccd_salvage,ok,199,258,235.3,227.1,False,0.1976,5,0.0,0.4015,clean,none
G:\GitHub\DiT\MCCD\MCCD\MCCD-Calligrapher\calligrapher_dataset\王宠\人-行-明-王宠-14216.png,王宠,行,人,明,14216,人-行-明-王宠-14216.png,mccd_salvage,ok,220,183,238.3,220.5,False,0.2004,1,0.0,1.0,clean,none
G:\GitHub\DiT\MCCD\MCCD\MCCD-Calligrapher\calligrapher_dataset\王宠\余-行-明-王宠-17681.png,王宠,行,余,明,17681,余-行-明-王宠-17681.png,mccd_salvage,ok,259,182,241.0,221.7,False,0.2436,4,0.0,0.455,clean,none
G:\GitHub\DiT\MCCD\MCCD\MCCD-Calligrapher\calligrapher_dataset\王宠\作-行-明-王宠-17851.png,王宠,行,作,明,17851,作-行-明-王宠-17851.png,mccd_salvage,ok,206,208,237.2,208.2,False,0.2522,4,0.0,0.458,clean,none
G:\GitHub\DiT\MCCD\MCCD\MCCD-Calligrapher\calligrapher_dataset\王宠\俯-楷-明-王宠-20224.png,王宠,楷,俯,明,20224,俯-楷-明-王宠-20224.png,mccd_salvage,ok,190,188,237.4,216.4,False,0.2718,3,0.0,0.7378,clean,none
G:\GitHub\DiT\MCCD\MCCD\MCCD-Calligrapher\calligrapher_dataset\王宠\俶-楷-明-王宠-20321.png,王宠,楷,俶,明,20321,俶-楷-明-王宠-20321.png,mccd_salvage,ok,249,209,241.5,222.5,False,0.2639,5,0.0,0.5962,clean,none
G:\GitHub\DiT\MCCD\MCCD\MCCD-Calligrapher\calligrapher_dataset\王宠\傍-楷-明-王宠-21676.png,王宠,楷,傍,明,21676,傍-楷-明-王宠-21676.png,mccd_salvage,ok,256,265,235.0,182.9,False,0.2601,4,0.0,0.6552,clean,none
G:\GitHub\DiT\MCCD\MCCD\MCCD-Calligrapher\calligrapher_dataset\王宠\僊-楷-明-王宠-22425.png,王宠,楷,僊,明,22425,僊-楷-明-王宠-22425.png,mccd_salvage,ok,254,236,234.6,201.4,False,0.2335,5,0.0,0.6665,clean,none
G:\GitHub\DiT\MCCD\MCCD\MCCD-Calligrapher\calligrapher_dataset\王宠\僊-行-明-王宠-22433.png,王宠,行,僊,明,22433,僊-行-明-王宠-22433.png,mccd_salvage,ok,206,172,231.9,204.8,False,0.3745,5,0.0,0.5705,clean,none
G:\GitHub\DiT\MCCD\MCCD\MCCD-Calligrapher\calligrapher_dataset\王宠\儀-楷-明-王宠-22973.png,王宠,楷,儀,明,22973,儀-楷-明-王宠-22973.png,mccd_salvage,ok,203,220,224.3,213.8,False,0.2437,6,0.0,0.7007,clean,none
G:\GitHub\DiT\MCCD\MCCD\MCCD-Calligrapher\calligrapher_dataset\王宠\優-楷-明-王宠-23350.png,王宠,楷,優,明,23350,優-楷-明-王宠-23350.png,mccd_salvage,ok,177,191,230.1,186.2,False,0.2781,4,0.0,0.6936,clean,none
G:\GitHub\DiT\MCCD\MCCD\MCCD-Calligrapher\calligrapher_dataset\王宠\兩-楷-明-王宠-25931.png,王宠,楷,兩,明,25931,兩-楷-明-王宠-25931.png,mccd_salvage,ok,239,232,230.2,183.5,False,0.2811,2,0.0,0.9149,clean,none
G:\GitHub\DiT\MCCD\MCCD\MCCD-Calligrapher\calligrapher_dataset\王宠\典-楷-明-王宠-27744.png,王宠,楷,典,明,27744,典-楷-明-王宠-27744.png,mccd_salvage,ok,214,290,236.3,201.3,False,0.3156,3,0.0,0.8561,clean,none
G:\GitHub\DiT\MCCD\MCCD\MCCD-Calligrapher\calligrapher_dataset\王宠\冠-楷-明-王宠-28731.png,王宠,楷,冠,明,28731,冠-楷-明-王宠-28731.png,mccd_salvage,ok,227,211,206.7,170.4,False,0.2709,7,0.0,0.3227,clean,none
G:\GitHub\DiT\MCCD\MCCD\MCCD-Calligrapher\calligrapher_dataset\王宠\凊-楷-明-王宠-29201.png,王宠,楷,凊,明,29201,凊-楷-明-王宠-29201.png,mccd_salvage,ok,169,221,241.5,233.7,False,0.1914,5,0.0,0.4454,clean,none
G:\GitHub\DiT\MCCD\MCCD\MCCD-Calligrapher\calligrapher_dataset\王宠\凌-行-明-王宠-29233.png,王宠,行,凌,明,29233,凌-行-明-王宠-29233.png,mccd_salvage,ok,202,304,240.0,222.8,False,0.2042,6,0.0005,0.4247,clean,none
G:\GitHub\DiT\MCCD\MCCD\MCCD-Calligrapher\calligrapher_dataset\王宠\切-楷-明-王宠-30399.png,王宠,楷,切,明,30399,切-楷-明-王宠-30399.png,mccd_salvage,ok,247,242,240.7,219.7,False,0.2538,2,0.0,0.5667,clean,none
G:\GitHub\DiT\MCCD\MCCD\MCCD-Calligrapher\calligrapher_dataset\王宠\制-楷-明-王宠-31453.png,王宠,楷,制,明,31453,制-楷-明-王宠-31453.png,mccd_salvage,ok,237,219,225.0,182.2,False,0.2804,4,0.0,0.6094,clean,none
G:\GitHub\DiT\MCCD\MCCD\MCCD-Calligrapher\calligrapher_dataset\王宠\劒-楷-明-王宠-32716.png,王宠,楷,劒,明,32716,劒-楷-明-王宠-32716.png,mccd_salvage,ok,230,211,239.5,214.7,False,0.267,9,0.0008,0.3575,clean,none
G:\GitHub\DiT\MCCD\MCCD\MCCD-Calligrapher\calligrapher_dataset\王宠\助-楷-明-王宠-33162.png,王宠,楷,助,明,33162,助-楷-明-王宠-33162.png,mccd_salvage,ok,229,232,236.4,208.1,False,0.3226,4,0.0,0.3335,clean,none
G:\GitHub\DiT\MCCD\MCCD\MCCD-Calligrapher\calligrapher_dataset\王宠\勒-楷-明-王宠-33538.png,王宠,楷,勒,明,33538,勒-楷-明-王宠-33538.png,mccd_salvage,ok,263,244,234.4,205.3,False,0.2855,2,0.0,0.5354,clean,none
G:\GitHub\DiT\MCCD\MCCD\MCCD-Calligrapher\calligrapher_dataset\王宠\勞-楷-明-王宠-33884.png,王宠,楷,勞,明,33884,勞-楷-明-王宠-33884.png,mccd_salvage,ok,183,244,233.3,206.1,False,0.29,4,0.0,0.6148,clean,none
G:\GitHub\DiT\MCCD\MCCD\MCCD-Calligrapher\calligrapher_dataset\王宠\勢-行-明-王宠-33985.png,王宠,行,勢,明,33985,勢-行-明-王宠-33985.png,mccd_salvage,ok,186,217,232.1,205.8,False,0.2627,1,0.0,1.0,clean,none
G:\GitHub\DiT\MCCD\MCCD\MCCD-Calligrapher\calligrapher_dataset\王宠\勻-行-明-王宠-34281.png,王宠,行,勻,明,34281,勻-行-明-王宠-34281.png,mccd_salvage,ok,155,260,222.1,187.1,False,0.3071,3,0.0,0.7768,clean,none
G:\GitHub\DiT\MCCD\MCCD\MCCD-Calligrapher\calligrapher_dataset\王宠\匀-行-明-王宠-34568.png,王宠,行,匀,明,34568,匀-行-明-王宠-34568.png,mccd_salvage,ok,155,260,222.1,187.1,False,0.3071,3,0.0,0.7768,clean,none
G:\GitHub\DiT\MCCD\MCCD\MCCD-Calligrapher\calligrapher_dataset\王宠\卜-行-明-王宠-37227.png,王宠,行,卜,明,37227,卜-行-明-王宠-37227.png,mccd_salvage,ok,151,189,247.6,178.2,False,0.2329,2,0.0,0.7076,clean,none
G:\GitHub\DiT\MCCD\MCCD\MCCD-Calligrapher\calligrapher_dataset\王宠\危-行-明-王宠-37841.png,王宠,行,危,明,37841,危-行-明-王宠-37841.png,mccd_salvage,ok,206,282,226.0,205.7,False,0.241,4,0.0,0.3979,clean,none
G:\GitHub\DiT\MCCD\MCCD\MCCD-Calligrapher\calligrapher_dataset\王宠\厥-楷-明-王宠-38995.png,王宠,楷,厥,明,38995,厥-楷-明-王宠-38995.png,mccd_salvage,ok,193,176,234.7,211.2,False,0.232,7,0.0,0.348,clean,none
G:\GitHub\DiT\MCCD\MCCD\MCCD-Calligrapher\calligrapher_dataset\王宠\叔-楷-明-王宠-40864.png,王宠,楷,叔,明,40864,叔-楷-明-王宠-40864.png,mccd_salvage,ok,240,224,242.8,230.4,False,0.2238,4,0.0,0.8598,clean,none
G:\GitHub\DiT\MCCD\MCCD\MCCD-Calligrapher\calligrapher_dataset\王宠\受-楷-明-王宠-41356.png,王宠,楷,受,明,41356,受-楷-明-王宠-41356.png,mccd_salvage,ok,216,267,230.2,205.6,False,0.2529,7,0.0,0.5529,clean,none
G:\GitHub\DiT\MCCD\MCCD\MCCD-Calligrapher\calligrapher_dataset\王宠\吉-行-明-王宠-44047.png,王宠,行,吉,明,44047,吉-行-明-王宠-44047.png,mccd_salvage,ok,155,212,246.3,223.1,False,0.3023,1,0.0,1.0,clean,none
G:\GitHub\DiT\MCCD\MCCD\MCCD-Calligrapher\calligrapher_dataset\王宠\同-楷-明-王宠-44260.png,王宠,楷,同,明,44260,同-楷-明-王宠-44260.png,mccd_salvage,ok,245,200,209.1,142.1,False,0.3449,4,0.0,0.5034,clean,none
G:\GitHub\DiT\MCCD\MCCD\MCCD-Calligrapher\calligrapher_dataset\王宠\君-楷-明-王宠-45225.png,王宠,楷,君,明,45225,君-楷-明-王宠-45225.png,mccd_salvage,ok,179,210,237.0,184.1,False,0.2717,2,0.0,0.6267,clean,none
G:\GitHub\DiT\MCCD\MCCD\MCCD-Calligrapher\calligrapher_dataset\王宠\吳-行-明-王宠-45663.png,王宠,行,吳,明,45663,吳-行-明-王宠-45663.png,mccd_salvage,ok,159,281,244.9,221.6,False,0.2456,4,0.0,0.3578,clean,none
G:\GitHub\DiT\MCCD\MCCD\MCCD-Calligrapher\calligrapher_dataset\王宠\吴-行-明-王宠-45803.png,王宠,行,吴,明,45803,吴-行-明-王宠-45803.png,mccd_salvage,ok,159,281,244.9,221.6,False,0.2456,4,0.0,0.3578,clean,none
G:\GitHub\DiT\MCCD\MCCD\MCCD-Calligrapher\calligrapher_dataset\王宠\呉-行-明-王宠-46483.png,王宠,行,呉,明,46483,呉-行-明-王宠-46483.png,mccd_salvage,ok,159,281,244.9,221.6,False,0.2456,4,0.0,0.3578,clean,none
G:\GitHub\DiT\MCCD\MCCD\MCCD-Calligrapher\calligrapher_dataset\王宠\問-楷-明-王宠-49296.png,王宠,楷,問,明,49296,問-楷-明-王宠-49296.png,mccd_salvage,ok,206,183,218.7,151.4,False,0.3049,4,0.0,0.3914,clean,none
G:\GitHub\DiT\MCCD\MCCD\MCCD-Calligrapher\calligrapher_dataset\王宠\器-楷-明-王宠-51823.png,王宠,楷,器,明,51823,器-楷-明-王宠-51823.png,mccd_salvage,ok,185,253,223.6,162.4,False,0.3252,6,0.0,0.2525,clean,none
G:\GitHub\DiT\MCCD\MCCD\MCCD-Calligrapher\calligrapher_dataset\王宠\嚴-楷-明-王宠-52197.png,王宠,楷,嚴,明,52197,嚴-楷-明-王宠-52197.png,mccd_salvage,ok,171,175,242.4,225.2,False,0.1745,8,0.0,0.4654,clean,none
G:\GitHub\DiT\MCCD\MCCD\MCCD-Calligrapher\calligrapher_dataset\王宠\圖-楷-明-王宠-53740.png,王宠,楷,圖,明,53740,圖-楷-明-王宠-53740.png,mccd_salvage,ok,188,186,184.1,125.3,False,0.3997,5,0.0,0.362,clean,none
G:\GitHub\DiT\MCCD\MCCD\MCCD-Calligrapher\calligrapher_dataset\王宠\在-行-明-王宠-54281.png,王宠,行,在,明,54281,在-行-明-王宠-54281.png,mccd_salvage,ok,166,262,241.6,210.3,False,0.3831,1,0.0,1.0,clean,none
G:\GitHub\DiT\MCCD\MCCD\MCCD-Calligrapher\calligrapher_dataset\王宠\塘-行-明-王宠-56690.png,王宠,行,塘,明,56690,塘-行-明-王宠-56690.png,mccd_salvage,ok,183,217,228.6,186.4,False,0.4155,2,0.0,0.7394,clean,none
G:\GitHub\DiT\MCCD\MCCD\MCCD-Calligrapher\calligrapher_dataset\王宠\塵-行-明-王宠-56911.png,王宠,行,塵,明,56911,塵-行-明-王宠-56911.png,mccd_salvage,ok,172,249,228.4,213.5,False,0.2895,6,0.0,0.7726,clean,none
G:\GitHub\DiT\MCCD\MCCD\MCCD-Calligrapher\calligrapher_dataset\王宠\増-楷-明-王宠-57173.png,王宠,楷,増,明,57173,増-楷-明-王宠-57173.png,mccd_salvage,ok,204,199,237.5,211.2,False,0.2484,9,0.0003,0.346,clean,none
G:\GitHub\DiT\MCCD\MCCD\MCCD-Calligrapher\calligrapher_dataset\王宠\壑-行-明-王宠-57705.png,王宠,行,壑,明,57705,壑-行-明-王宠-57705.png,mccd_salvage,ok,247,341,238.7,218.8,False,0.2938,7,0.0,0.5172,clean,none
G:\GitHub\DiT\MCCD\MCCD\MCCD-Calligrapher\calligrapher_dataset\王宠\壬-行-明-王宠-58201.png,王宠,行,壬,明,58201,壬-行-明-王宠-58201.png,mccd_salvage,ok,171,285,239.8,206.4,False,0.4177,1,0.0,1.0,clean,none
G:\GitHub\DiT\MCCD\MCCD\MCCD-Calligrapher\calligrapher_dataset\王宠\夕-行-明-王宠-59158.png,王宠,行,夕,明,59158,夕-行-明-王宠-59158.png,mccd_salvage,ok,189,240,240.6,193.7,False,0.4809,1,0.0,1.0,clean,none
G:\GitHub\DiT\MCCD\MCCD\MCCD-Calligrapher\calligrapher_dataset\王宠\存-楷-明-王宠-68240.png,王宠,楷,存,明,68240,存-楷-明-王宠-68240.png,mccd_salvage,ok,208,241,235.5,217.7,False,0.2399,3,0.0,0.557,clean,none
G:\GitHub\DiT\MCCD\MCCD\MCCD-Calligrapher\calligrapher_dataset\王宠\孝-楷-明-王宠-68462.png,王宠,楷,孝,明,68462,孝-楷-明-王宠-68462.png,mccd_salvage,ok,212,274,239.0,224.9,False,0.2479,5,0.0021,0.6652,clean,none
G:\GitHub\DiT\MCCD\MCCD\MCCD-Calligrapher\calligrapher_dataset\王宠\宣-楷-明-王宠-71515.png,王宠,楷,宣,明,71515,宣-楷-明-王宠-71515.png,mccd_salvage,ok,225,226,220.1,196.8,False,0.2217,8,0.0,0.3201,clean,none
G:\GitHub\DiT\MCCD\MCCD\MCCD-Calligrapher\calligrapher_dataset\王宠\密-楷-明-王宠-73133.png,王宠,楷,密,明,73133,密-楷-明-王宠-73133.png,mccd_salvage,ok,187,191,230.3,197.4,False,0.2983,5,0.0,0.4506,clean,none
G:\GitHub\DiT\MCCD\MCCD\MCCD-Calligrapher\calligrapher_dataset\王宠\寒-楷-明-王宠-73479.png,王宠,楷,寒,明,73479,寒-楷-明-王宠-73479.png,mccd_salvage,ok,185,199,234.0,214.0,False,0.2103,8,0.0,0.3956,clean,none
G:\GitHub\DiT\MCCD\MCCD\MCCD-Calligrapher\calligrapher_dataset\王宠\寫-楷-明-王宠-74453.png,王宠,楷,寫,明,74453,寫-楷-明-王宠-74453.png,mccd_salvage,ok,238,286,236.8,215.1,False,0.2285,9,0.0,0.4927,clean,none
G:\GitHub\DiT\MCCD\MCCD\MCCD-Calligrapher\calligrapher_dataset\王宠\寵-行-明-王宠-74626.png,王宠,行,寵,明,74626,寵-行-明-王宠-74626.png,mccd_salvage,ok,173,255,233.4,199.2,False,0.3694,1,0.0,1.0,clean,none
G:\GitHub\DiT\MCCD\MCCD\MCCD-Calligrapher\calligrapher_dataset\王宠\寵-行-明-王宠-74627.png,王宠,行,寵,明,74627,寵-行-明-王宠-74627.png,mccd_salvage,ok,223,276,225.9,195.9,False,0.4122,1,0.0,1.0,clean,none
G:\GitHub\DiT\MCCD\MCCD\MCCD-Calligrapher\calligrapher_dataset\王宠\寺-行-明-王宠-74948.png,王宠,行,寺,明,74948,寺-行-明-王宠-74948.png,mccd_salvage,ok,199,205,240.6,226.2,False,0.2636,2,0.0,0.8553,clean,none
G:\GitHub\DiT\MCCD\MCCD\MCCD-Calligrapher\calligrapher_dataset\王宠\對-楷-明-王宠-76050.png,王宠,楷,對,明,76050,對-楷-明-王宠-76050.png,mccd_salvage,ok,211,248,241.4,213.7,False,0.2872,5,0.0,0.5061,clean,none
G:\GitHub\DiT\MCCD\MCCD\MCCD-Calligrapher\calligrapher_dataset\王宠\對-行-明-王宠-76071.png,王宠,行,對,明,76071,對-行-明-王宠-76071.png,mccd_salvage,ok,206,268,241.0,220.1,False,0.3007,1,0.0,1.0,clean,none
G:\GitHub\DiT\MCCD\MCCD\MCCD-Calligrapher\calligrapher_dataset\王宠\層-行-明-王宠-78459.png,王宠,行,層,明,78459,層-行-明-王宠-78459.png,mccd_salvage,ok,203,247,226.9,190.8,False,0.3306,3,0.0,0.6279,clean,none
G:\GitHub\DiT\MCCD\MCCD\MCCD-Calligrapher\calligrapher_dataset\王宠\山-行-明-王宠-79149.png,王宠,行,山,明,79149,山-行-明-王宠-79149.png,mccd_salvage,ok,251,219,228.0,182.0,False,0.4008,2,0.0,0.7677,clean,none
G:\GitHub\DiT\MCCD\MCCD\MCCD-Calligrapher\calligrapher_dataset\王宠\岡-楷-明-王宠-79349.png,王宠,楷,岡,明,79349,岡-楷-明-王宠-79349.png,mccd_salvage,ok,214,192,187.1,126.0,False,0.3668,2,0.0,0.8681,clean,none
G:\GitHub\DiT\MCCD\MCCD\MCCD-Calligrapher\calligrapher_dataset\王宠\峰-行-明-王宠-79784.png,王宠,行,峰,明,79784,峰-行-明-王宠-79784.png,mccd_salvage,ok,212,378,243.3,237.6,False,0.1864,3,0.0,0.869,clean,none
G:\GitHub\DiT\MCCD\MCCD\MCCD-Calligrapher\calligrapher_dataset\王宠\崐-楷-明-王宠-79972.png,王宠,楷,崐,明,79972,崐-楷-明-王宠-79972.png,mccd_salvage,ok,264,217,233.7,211.4,False,0.1898,9,0.0,0.2876,clean,none
G:\GitHub\DiT\MCCD\MCCD\MCCD-Calligrapher\calligrapher_dataset\王宠\崔-行-明-王宠-80016.png,王宠,行,崔,明,80016,崔-行-明-王宠-80016.png,mccd_salvage,ok,219,284,236.2,202.6,False,0.3342,2,0.0,0.7287,clean,none
G:\GitHub\DiT\MCCD\MCCD\MCCD-Calligrapher\calligrapher_dataset\王宠\席-楷-明-王宠-83900.png,王宠,楷,席,明,83900,席-楷-明-王宠-83900.png,mccd_salvage,ok,197,263,243.1,221.4,False,0.2295,3,0.0,0.6648,clean,none
G:\GitHub\DiT\MCCD\MCCD\MCCD-Calligrapher\calligrapher_dataset\王宠\床-行-明-王宠-85891.png,王宠,行,床,明,85891,床-行-明-王宠-85891.png,mccd_salvage,ok,234,286,240.3,213.1,False,0.2516,3,0.0,0.4917,clean,none
G:\GitHub\DiT\MCCD\MCCD\MCCD-Calligrapher\calligrapher_dataset\王宠\床-行-明-王宠-85898.png,王宠,行,床,明,85898,床-行-明-王宠-85898.png,mccd_salvage,ok,234,287,240.6,213.4,False,0.2514,3,0.0,0.4923,clean,none
G:\GitHub\DiT\MCCD\MCCD\MCCD-Calligrapher\calligrapher_dataset\王宠\廟-楷-明-王宠-87426.png,王宠,楷,廟,明,87426,廟-楷-明-王宠-87426.png,mccd_salvage,ok,178,188,207.5,178.9,False,0.3265,3,0.0,0.4319,clean,none
G:\GitHub\DiT\MCCD\MCCD\MCCD-Calligrapher\calligrapher_dataset\王宠\弱-楷-明-王宠-89792.png,王宠,楷,弱,明,89792,弱-楷-明-王宠-89792.png,mccd_salvage,ok,193,227,226.4,188.6,False,0.2375,10,0.0,0.3669,clean,none
G:\GitHub\DiT\MCCD\MCCD\MCCD-Calligrapher\calligrapher_dataset\王宠\恭-楷-明-王宠-97559.png,王宠,楷,恭,明,97559,恭-楷-明-王宠-97559.png,mccd_salvage,ok,219,196,239.8,210.5,False,0.2273,6,0.0,0.4486,clean,none
G:\GitHub\DiT\MCCD\MCCD\MCCD-Calligrapher\calligrapher_dataset\王宠\惡-楷-明-王宠-99252.png,王宠,楷,惡,明,99252,惡-楷-明-王宠-99252.png,mccd_salvage,ok,195,225,210.7,192.9,False,0.2541,6,0.0,0.6167,clean,none
G:\GitHub\DiT\MCCD\MCCD\MCCD-Calligrapher\calligrapher_dataset\王宠\惻-楷-明-王宠-99475.png,王宠,楷,惻,明,99475,惻-楷-明-王宠-99475.png,mccd_salvage,ok,221,172,213.4,198.2,False,0.2579,6,0.0,0.3813,clean,none
G:\GitHub\DiT\MCCD\MCCD\MCCD-Calligrapher\calligrapher_dataset\王宠\意-楷-明-王宠-99704.png,王宠,楷,意,明,99704,意-楷-明-王宠-99704.png,mccd_salvage,ok,177,254,224.2,194.9,False,0.2811,6,0.0,0.3821,clean,none
G:\GitHub\DiT\MCCD\MCCD\MCCD-Calligrapher\calligrapher_dataset\王宠\愛-楷-明-王宠-99895.png,王宠,楷,愛,明,99895,愛-楷-明-王宠-99895.png,mccd_salvage,ok,196,221,240.2,213.7,False,0.2165,7,0.0,0.317,clean,none
G:\GitHub\DiT\MCCD\MCCD\MCCD-Calligrapher\calligrapher_dataset\王宠\感-楷-明-王宠-100001.png,王宠,楷,感,明,100001,感-楷-明-王宠-100001.png,mccd_salvage,ok,216,199,233.5,195.2,False,0.2603,9,0.0,0.4687,clean,none
G:\GitHub\DiT\MCCD\MCCD\MCCD-Calligrapher\calligrapher_dataset\王宠\慈-楷-明-王宠-100345.png,王宠,楷,慈,明,100345,慈-楷-明-王宠-100345.png,mccd_salvage,ok,225,263,225.2,205.0,False,0.2076,12,0.0004,0.2729,clean,none
G:\GitHub\DiT\MCCD\MCCD\MCCD-Calligrapher\calligrapher_dataset\王宠\慮-楷-明-王宠-100759.png,王宠,楷,慮,明,100759,慮-楷-明-王宠-100759.png,mccd_salvage,ok,177,187,218.0,191.4,False,0.2996,5,0.0,0.5052,clean,none
G:\GitHub\DiT\MCCD\MCCD\MCCD-Calligrapher\calligrapher_dataset\王宠\慶-楷-明-王宠-100947.png,王宠,楷,慶,明,100947,慶-楷-明-王宠-100947.png,mccd_salvage,ok,188,218,238.2,208.3,False,0.2285,8,0.0,0.3306,clean,none
G:\GitHub\DiT\MCCD\MCCD\MCCD-Calligrapher\calligrapher_dataset\王宠\懷-楷-明-王宠-597.png,王宠,楷,懷,明,597,懷-楷-明-王宠-597.png,mccd_salvage,ok,187,163,241.5,212.7,False,0.2191,10,0.0,0.2586,clean,none
G:\GitHub\DiT\MCCD\MCCD\MCCD-Calligrapher\calligrapher_dataset\王宠\扶-楷-明-王宠-4429.png,王宠,楷,扶,明,4429,扶-楷-明-王宠-4429.png,mccd_salvage,ok,246,188,240.4,219.2,False,0.2192,3,0.0,0.4157,clean,none
G:\GitHub\DiT\MCCD\MCCD\MCCD-Calligrapher\calligrapher_dataset\王宠\捋-行-明-王宠-6456.png,王宠,行,捋,明,6456,捋-行-明-王宠-6456.png,mccd_salvage,ok,221,272,242.9,216.5,False,0.3655,2,0.0,0.607,clean,none
G:\GitHub\DiT\MCCD\MCCD\MCCD-Calligrapher\calligrapher_dataset\王宠\敬-楷-明-王宠-3442.png,王宠,楷,敬,明,3442,敬-楷-明-王宠-3442.png,mccd_salvage,ok,225,227,235.8,215.3,False,0.22,6,0.0,0.3567,clean,none
G:\GitHub\DiT\MCCD\MCCD\MCCD-Calligrapher\calligrapher_dataset\王宠\日-行-明-王宠-1109.png,王宠,行,日,明,1109,日-行-明-王宠-1109.png,mccd_salvage,ok,190,244,214.3,135.5,False,0.6328,1,0.0,1.0,broken,too_solid
G:\GitHub\DiT\MCCD\MCCD\MCCD-Calligrapher\calligrapher_dataset\王宠\昃-楷-明-王宠-1762.png,王宠,楷,昃,明,1762,昃-楷-明-王宠-1762.png,mccd_salvage,ok,159,198,236.9,215.6,False,0.1829,8,0.0,0.2951,clean,none
G:\GitHub\DiT\MCCD\MCCD\MCCD-Calligrapher\calligrapher_dataset\王宠\映-行-明-王宠-2924.png,王宠,行,映,明,2924,映-行-明-王宠-2924.png,mccd_salvage,ok,265,202,228.6,162.3,False,0.4717,2,0.0,0.5024,clean,none
G:\GitHub\DiT\MCCD\MCCD\MCCD-Calligrapher\calligrapher_dataset\王宠\晉-楷-明-王宠-4078.png,王宠,楷,晉,明,4078,晉-楷-明-王宠-4078.png,mccd_salvage,ok,180,209,237.5,212.3,False,0.2796,5,0.0,0.3871,clean,none
G:\GitHub\DiT\MCCD\MCCD\MCCD-Calligrapher\calligrapher_dataset\王宠\晋-楷-明-王宠-4249.png,王宠,楷,晋,明,4249,晋-楷-明-王宠-4249.png,mccd_salvage,ok,180,209,237.5,212.3,False,0.2796,5,0.0,0.3871,clean,none
G:\GitHub\DiT\MCCD\MCCD\MCCD-Calligrapher\calligrapher_dataset\王宠\晦-行-明-王宠-4519.png,王宠,行,晦,明,4519,晦-行-明-王宠-4519.png,mccd_salvage,ok,199,204,231.7,204.0,False,0.3679,2,0.0,0.6009,clean,none
G:\GitHub\DiT\MCCD\MCCD\MCCD-Calligrapher\calligrapher_dataset\王宠\曉-行-明-王宠-5538.png,王宠,行,曉,明,5538,曉-行-明-王宠-5538.png,mccd_salvage,ok,234,251,231.1,189.2,False,0.38,2,0.0,0.8382,clean,none
G:\GitHub\DiT\MCCD\MCCD\MCCD-Calligrapher\calligrapher_dataset\王宠\曦-楷-明-王宠-5744.png,王宠,楷,曦,明,5744,曦-楷-明-王宠-5744.png,mccd_salvage,ok,234,250,239.4,219.0,False,0.27,5,0.0,0.7442,clean,none
G:\GitHub\DiT\MCCD\MCCD\MCCD-Calligrapher\calligrapher_dataset\王宠\曲-楷-明-王宠-6308.png,王宠,楷,曲,明,6308,曲-楷-明-王宠-6308.png,mccd_salvage,ok,174,162,228.8,162.7,False,0.374,1,0.0,1.0,clean,none
G:\GitHub\DiT\MCCD\MCCD\MCCD-Calligrapher\calligrapher_dataset\王宠\書-楷-明-王宠-6688.png,王宠,楷,書,明,6688,書-楷-明-王宠-6688.png,mccd_salvage,ok,157,222,235.1,216.5,False,0.3093,3,0.0,0.6581,clean,none
G:\GitHub\DiT\MCCD\MCCD\MCCD-Calligrapher\calligrapher_dataset\王宠\月-行-明-王宠-7797.png,王宠,行,月,明,7797,月-行-明-王宠-7797.png,mccd_salvage,ok,185,327,223.8,186.8,False,0.349,2,0.0,0.5038,clean,none
G:\GitHub\DiT\MCCD\MCCD\MCCD-Calligrapher\calligrapher_dataset\王宠\朱-行-明-王宠-9918.png,王宠,行,朱,明,9918,朱-行-明-王宠-9918.png,mccd_salvage,ok,240,220,243.6,223.8,False,0.2357,2,0.0,0.8196,clean,none
G:\GitHub\DiT\MCCD\MCCD\MCCD-Calligrapher\calligrapher_dataset\王宠\枝-楷-明-王宠-11593.png,王宠,楷,枝,明,11593,枝-楷-明-王宠-11593.png,mccd_salvage,ok,201,164,233.4,213.1,False,0.2249,3,0.0,0.5442,clean,none
G:\GitHub\DiT\MCCD\MCCD\MCCD-Calligrapher\calligrapher_dataset\王宠\棠-楷-明-王宠-14111.png,王宠,楷,棠,明,14111,棠-楷-明-王宠-14111.png,mccd_salvage,ok,216,260,237.0,219.5,False,0.2311,7,0.0,0.5012,clean,none
G:\GitHub\DiT\MCCD\MCCD\MCCD-Calligrapher\calligrapher_dataset\王宠\楹-楷-明-王宠-15469.png,王宠,楷,楹,明,15469,楹-楷-明-王宠-15469.png,mccd_salvage,ok,220,212,226.5,174.1,False,0.3568,3,0.0,0.4811,clean,none
G:\GitHub\DiT\MCCD\MCCD\MCCD-Calligrapher\calligrapher_dataset\王宠\榻-行-明-王宠-15821.png,王宠,行,榻,明,15821,榻-行-明-王宠-15821.png,mccd_salvage,ok,253,262,220.6,163.3,False,0.4528,3,0.0,0.5897,clean,none
G:\GitHub\DiT\MCCD\MCCD\MCCD-Calligrapher\calligrapher_dataset\王宠\槊-行-明-王宠-15917.png,王宠,行,槊,明,15917,槊-行-明-王宠-15917.png,mccd_salvage,ok,169,250,212.0,156.6,False,0.3599,6,0.0,0.3729,clean,none
G:\GitHub\DiT\MCCD\MCCD\MCCD-Calligrapher\calligrapher_dataset\王宠\槐-楷-明-王宠-15991.png,王宠,楷,槐,明,15991,槐-楷-明-王宠-15991.png,mccd_salvage,ok,249,181,227.3,199.3,False,0.2632,3,0.0,0.5781,clean,none
G:\GitHub\DiT\MCCD\MCCD\MCCD-Calligrapher\calligrapher_dataset\王宠\樓-楷-明-王宠-16527.png,王宠,楷,樓,明,16527,樓-楷-明-王宠-16527.png,mccd_salvage,ok,243,235,237.8,215.2,False,0.3231,2,0.0,0.6946,clean,none
G:\GitHub\DiT\MCCD\MCCD\MCCD-Calligrapher\calligrapher_dataset\王宠\樹-楷-明-王宠-16819.png,王宠,楷,樹,明,16819,樹-楷-明-王宠-16819.png,mccd_salvage,ok,210,178,244.0,223.5,False,0.2582,5,0.0,0.5756,clean,none
G:\GitHub\DiT\MCCD\MCCD\MCCD-Calligrapher\calligrapher_dataset\王宠\欲-楷-明-王宠-18263.png,王宠,楷,欲,明,18263,欲-楷-明-王宠-18263.png,mccd_salvage,ok,253,189,242.0,210.7,False,0.1954,8,0.0,0.3562,clean,none
G:\GitHub\DiT\MCCD\MCCD\MCCD-Calligrapher\calligrapher_dataset\王宠\武-楷-明-王宠-19824.png,王宠,楷,武,明,19824,武-楷-明-王宠-19824.png,mccd_salvage,ok,211,205,235.4,224.6,False,0.233,3,0.0,0.7649,clean,none
G:\GitHub\DiT\MCCD\MCCD\MCCD-Calligrapher\calligrapher_dataset\王宠\歸-楷-明-王宠-20600.png,王宠,楷,歸,明,20600,歸-楷-明-王宠-20600.png,mccd_salvage,ok,238,280,241.8,221.8,False,0.2621,8,0.0,0.6199,clean,none
G:\GitHub\DiT\MCCD\MCCD\MCCD-Calligrapher\calligrapher_dataset\王宠\殷-楷-明-王宠-21428.png,王宠,楷,殷,明,21428,殷-楷-明-王宠-21428.png,mccd_salvage,ok,211,183,235.6,202.5,False,0.244,6,0.0,0.4251,clean,none
G:\GitHub\DiT\MCCD\MCCD\MCCD-Calligrapher\calligrapher_dataset\王宠\母-楷-明-王宠-22343.png,王宠,楷,母,明,22343,母-楷-明-王宠-22343.png,mccd_salvage,ok,224,171,237.7,212.0,False,0.286,2,0.0,0.968,clean,none
G:\GitHub\DiT\MCCD\MCCD\MCCD-Calligrapher\calligrapher_dataset\王宠\毎-楷-明-王宠-22452.png,王宠,楷,毎,明,22452,毎-楷-明-王宠-22452.png,mccd_salvage,ok,207,192,239.5,215.8,False,0.2998,2,0.0,0.8355,clean,none
G:\GitHub\DiT\MCCD\MCCD\MCCD-Calligrapher\calligrapher_dataset\王宠\每-楷-明-王宠-22568.png,王宠,楷,每,明,22568,每-楷-明-王宠-22568.png,mccd_salvage,ok,207,192,239.5,215.8,False,0.2998,2,0.0,0.8355,clean,none
G:\GitHub\DiT\MCCD\MCCD\MCCD-Calligrapher\calligrapher_dataset\王宠\沛-楷-明-王宠-26064.png,王宠,楷,沛,明,26064,沛-楷-明-王宠-26064.png,mccd_salvage,ok,256,273,244.0,234.7,False,0.2055,4,0.0,0.8172,clean,none
G:\GitHub\DiT\MCCD\MCCD\MCCD-Calligrapher\calligrapher_dataset\王宠\油-行-明-王宠-26409.png,王宠,行,油,明,26409,油-行-明-王宠-26409.png,mccd_salvage,ok,206,233,205.5,145.9,False,0.444,1,0.0,1.0,clean,none
G:\GitHub\DiT\MCCD\MCCD\MCCD-Calligrapher\calligrapher_dataset\王宠\治-楷-明-王宠-26494.png,王宠,楷,治,明,26494,治-楷-明-王宠-26494.png,mccd_salvage,ok,189,195,237.3,183.4,False,0.2477,5,0.0,0.4403,clean,none
G:\GitHub\DiT\MCCD\MCCD\MCCD-Calligrapher\calligrapher_dataset\王宠\海-楷-明-王宠-28498.png,王宠,楷,海,明,28498,海-楷-明-王宠-28498.png,mccd_salvage,ok,263,205,240.1,208.0,False,0.2719,7,0.0,0.6972,clean,none
G:\GitHub\DiT\MCCD\MCCD\MCCD-Calligrapher\calligrapher_dataset\王宠\涇-楷-明-王宠-28666.png,王宠,楷,涇,明,28666,涇-楷-明-王宠-28666.png,mccd_salvage,ok,274,214,220.2,179.7,False,0.208,5,0.0,0.517,clean,none
G:\GitHub\DiT\MCCD\MCCD\MCCD-Calligrapher\calligrapher_dataset\王宠\淵-楷-明-王宠-29851.png,王宠,楷,淵,明,29851,淵-楷-明-王宠-29851.png,mccd_salvage,ok,270,220,216.7,171.7,False,0.2979,8,0.0,0.4924,clean,none
G:\GitHub\DiT\MCCD\MCCD\MCCD-Calligrapher\calligrapher_dataset\王宠\湯-楷-明-王宠-31381.png,王宠,楷,湯,明,31381,湯-楷-明-王宠-31381.png,mccd_salvage,ok,233,264,232.6,208.1,False,0.2373,6,0.0,0.7609,clean,none
G:\GitHub\DiT\MCCD\MCCD\MCCD-Calligrapher\calligrapher_dataset\王宠\滅-楷-明-王宠-31996.png,王宠,楷,滅,明,31996,滅-楷-明-王宠-31996.png,mccd_salvage,ok,235,184,236.0,221.1,False,0.2093,8,0.0,0.4887,clean,none
G:\GitHub\DiT\MCCD\MCCD\MCCD-Calligrapher\calligrapher_dataset\王宠\濤-行-明-王宠-34138.png,王宠,行,濤,明,34138,濤-行-明-王宠-34138.png,mccd_salvage,ok,225,341,220.3,167.7,False,0.4139,3,0.0,0.4508,clean,none
G:\GitHub\DiT\MCCD\MCCD\MCCD-Calligrapher\calligrapher_dataset\王宠\烝-楷-明-王宠-36416.png,王宠,楷,烝,明,36416,烝-楷-明-王宠-36416.png,mccd_salvage,ok,215,254,236.5,218.6,False,0.2235,8,0.0,0.4106,clean,none
G:\GitHub\DiT\MCCD\MCCD\MCCD-Calligrapher\calligrapher_dataset\王宠\燭-楷-明-王宠-38695.png,王宠,楷,燭,明,38695,燭-楷-明-王宠-38695.png,mccd_salvage,ok,193,178,224.2,188.4,False,0.3056,4,0.0,0.5474,clean,none
G:\GitHub\DiT\MCCD\MCCD\MCCD-Calligrapher\calligrapher_dataset\王宠\爵-楷-明-王宠-39982.png,王宠,楷,爵,明,39982,爵-楷-明-王宠-39982.png,mccd_salvage,ok,158,225,237.1,205.5,False,0.2629,10,0.0,0.2801,clean,none
G:\GitHub\DiT\MCCD\MCCD\MCCD-Calligrapher\calligrapher_dataset\王宠\牋-楷-明-王宠-40589.png,王宠,楷,牋,明,40589,牋-楷-明-王宠-40589.png,mccd_salvage,ok,255,222,239.7,210.3,False,0.2314,4,0.0,0.5831,clean,none
G:\GitHub\DiT\MCCD\MCCD\MCCD-Calligrapher\calligrapher_dataset\王宠\猶-楷-明-王宠-42718.png,王宠,楷,猶,明,42718,猶-楷-明-王宠-42718.png,mccd_salvage,ok,225,182,239.3,195.6,False,0.2571,5,0.0,0.6072,clean,none
G:\GitHub\DiT\MCCD\MCCD\MCCD-Calligrapher\calligrapher_dataset\王宠\猶-行-明-王宠-42736.png,王宠,行,猶,明,42736,猶-行-明-王宠-42736.png,mccd_salvage,ok,193,247,229.4,185.6,False,0.3351,3,0.0,0.5007,clean,none
G:\GitHub\DiT\MCCD\MCCD\MCCD-Calligrapher\calligrapher_dataset\王宠\王-行-明-王宠-44440.png,王宠,行,王,明,44440,王-行-明-王宠-44440.png,mccd_salvage,ok,176,346,234.6,188.4,False,0.4499,1,0.0,1.0,clean,none
G:\GitHub\DiT\MCCD\MCCD\MCCD-Calligrapher\calligrapher_dataset\王宠\琁-楷-明-王宠-45120.png,王宠,楷,琁,明,45120,琁-楷-明-王宠-45120.png,mccd_salvage,ok,267,208,240.3,214.4,False,0.2814,7,0.0,0.3444,clean,none
G:\GitHub\DiT\MCCD\MCCD\MCCD-Calligrapher\calligrapher_dataset\王宠\璣-楷-明-王宠-46123.png,王宠,楷,璣,明,46123,璣-楷-明-王宠-46123.png,mccd_salvage,ok,203,222,239.0,225.4,False,0.293,5,0.0,0.6493,clean,none
G:\GitHub\DiT\MCCD\MCCD\MCCD-Calligrapher\calligrapher_dataset\王宠\甫-行-明-王宠-48055.png,王宠,行,甫,明,48055,甫-行-明-王宠-48055.png,mccd_salvage,ok,220,312,214.9,162.8,False,0.4531,3,0.0001,0.7297,clean,none
G:\GitHub\DiT\MCCD\MCCD\MCCD-Calligrapher\calligrapher_dataset\王宠\男-楷-明-王宠-48997.png,王宠,楷,男,明,48997,男-楷-明-王宠-48997.png,mccd_salvage,ok,191,256,229.8,190.7,False,0.3014,2,0.0,0.9236,clean,none
G:\GitHub\DiT\MCCD\MCCD\MCCD-Calligrapher\calligrapher_dataset\王宠\畏-楷-明-王宠-49315.png,王宠,楷,畏,明,49315,畏-楷-明-王宠-49315.png,mccd_salvage,ok,169,172,236.9,209.4,False,0.2385,1,0.0,1.0,clean,none
G:\GitHub\DiT\MCCD\MCCD\MCCD-Calligrapher\calligrapher_dataset\王宠\畝-楷-明-王宠-49580.png,王宠,楷,畝,明,49580,畝-楷-明-王宠-49580.png,mccd_salvage,ok,243,182,242.6,217.2,False,0.2417,4,0.0,0.4864,clean,none
G:\GitHub\DiT\MCCD\MCCD\MCCD-Calligrapher\calligrapher_dataset\王宠\畫-楷-明-王宠-49891.png,王宠,楷,畫,明,49891,畫-楷-明-王宠-49891.png,mccd_salvage,ok,175,260,219.8,204.1,False,0.3119,6,0.0004,0.5376,clean,none
G:\GitHub\DiT\MCCD\MCCD\MCCD-Calligrapher\calligrapher_dataset\王宠\畫-行-明-王宠-49901.png,王宠,行,畫,明,49901,畫-行-明-王宠-49901.png,mccd_salvage,ok,166,316,232.8,204.3,False,0.4534,2,0.0,0.901,clean,none
G:\GitHub\DiT\MCCD\MCCD\MCCD-Calligrapher\calligrapher_dataset\王宠\疲-楷-明-王宠-51010.png,王宠,楷,疲,明,51010,疲-楷-明-王宠-51010.png,mccd_salvage,ok,243,189,237.9,215.9,False,0.2102,5,0.0,0.4533,clean,none
G:\GitHub\DiT\MCCD\MCCD\MCCD-Calligrapher\calligrapher_dataset\王宠\白-行-明-王宠-53114.png,王宠,行,白,明,53114,白-行-明-王宠-53114.png,mccd_salvage,ok,223,253,219.8,189.8,False,0.4067,2,0.0003,0.9997,clean,none
G:\GitHub\DiT\MCCD\MCCD\MCCD-Calligrapher\calligrapher_dataset\王宠\皇-楷-明-王宠-53814.png,王宠,楷,皇,明,53814,皇-楷-明-王宠-53814.png,mccd_salvage,ok,156,178,227.8,211.4,False,0.2352,4,0.0,0.7567,clean,none
G:\GitHub\DiT\MCCD\MCCD\MCCD-Calligrapher\calligrapher_dataset\王宠\盈-楷-明-王宠-54357.png,王宠,楷,盈,明,54357,盈-楷-明-王宠-54357.png,mccd_salvage,ok,183,228,219.2,190.1,False,0.2652,6,0.0,0.2802,clean,none
G:\GitHub\DiT\MCCD\MCCD\MCCD-Calligrapher\calligrapher_dataset\王宠\盖-楷-明-王宠-54664.png,王宠,楷,盖,明,54664,盖-楷-明-王宠-54664.png,mccd_salvage,ok,181,273,238.1,186.2,False,0.2908,8,0.0,0.4436,clean,none
G:\GitHub\DiT\MCCD\MCCD\MCCD-Calligrapher\calligrapher_dataset\王宠\盡-楷-明-王宠-55041.png,王宠,楷,盡,明,55041,盡-楷-明-王宠-55041.png,mccd_salvage,ok,167,261,233.6,201.4,False,0.2998,4,0.0,0.4959,clean,none
G:\GitHub\DiT\MCCD\MCCD\MCCD-Calligrapher\calligrapher_dataset\王宠\盤-行-明-王宠-55243.png,王宠,行,盤,明,55243,盤-行-明-王宠-55243.png,mccd_salvage,ok,163,263,238.6,192.9,False,0.4329,1,0.0,1.0,clean,none
G:\GitHub\DiT\MCCD\MCCD\MCCD-Calligrapher\calligrapher_dataset\王宠\眠-楷-明-王宠-56869.png,王宠,楷,眠,明,56869,眠-楷-明-王宠-56869.png,mccd_salvage,ok,250,208,236.3,214.1,False,0.2152,5,0.0,0.5096,clean,none
G:\GitHub\DiT\MCCD\MCCD\MCCD-Calligrapher\calligrapher_dataset\王宠\睦-楷-明-王宠-57571.png,王宠,楷,睦,明,57571,睦-楷-明-王宠-57571.png,mccd_salvage,ok,192,217,233.9,195.6,False,0.2429,7,0.0,0.2889,clean,none
G:\GitHub\DiT\MCCD\MCCD\MCCD-Calligrapher\calligrapher_dataset\王宠\短-楷-明-王宠-58821.png,王宠,楷,短,明,58821,短-楷-明-王宠-58821.png,mccd_salvage,ok,198,181,223.0,197.7,False,0.2448,7,0.0,0.371,clean,none
G:\GitHub\DiT\MCCD\MCCD\MCCD-Calligrapher\calligrapher_dataset\王宠\矯-楷-明-王宠-58878.png,王宠,楷,矯,明,58878,矯-楷-明-王宠-58878.png,mccd_salvage,ok,233,213,229.4,202.8,False,0.3005,5,0.0,0.3401,clean,none
G:\GitHub\DiT\MCCD\MCCD\MCCD-Calligrapher\calligrapher_dataset\王宠\石-行-明-王宠-59110.png,王宠,行,石,明,59110,石-行-明-王宠-59110.png,mccd_salvage,ok,199,310,233.7,224.5,False,0.2195,3,0.0,0.5006,clean,none
G:\GitHub\DiT\MCCD\MCCD\MCCD-Calligrapher\calligrapher_dataset\王宠\碧-行-明-王宠-59818.png,王宠,行,碧,明,59818,碧-行-明-王宠-59818.png,mccd_salvage,ok,176,252,230.2,181.8,False,0.4095,2,0.0,0.7815,clean,none
G:\GitHub\DiT\MCCD\MCCD\MCCD-Calligrapher\calligrapher_dataset\王宠\磐-楷-明-王宠-59999.png,王宠,楷,磐,明,59999,磐-楷-明-王宠-59999.png,mccd_salvage,ok,175,257,244.3,226.0,False,0.266,8,0.0,0.3179,clean,none
G:\GitHub\DiT\MCCD\MCCD\MCCD-Calligrapher\calligrapher_dataset\王宠\社-行-明-王宠-60710.png,王宠,行,社,明,60710,社-行-明-王宠-60710.png,mccd_salvage,ok,242,191,224.8,193.0,False,0.3267,3,0.0,0.524,clean,none
G:\GitHub\DiT\MCCD\MCCD\MCCD-Calligrapher\calligrapher_dataset\王宠\祜-楷-明-王宠-61251.png,王宠,楷,祜,明,61251,祜-楷-明-王宠-61251.png,mccd_salvage,ok,232,222,238.2,209.4,False,0.3124,3,0.0,0.5853,clean,none
G:\GitHub\DiT\MCCD\MCCD\MCCD-Calligrapher\calligrapher_dataset\王宠\祭-楷-明-王宠-61703.png,王宠,楷,祭,明,61703,祭-楷-明-王宠-61703.png,mccd_salvage,ok,179,164,232.9,201.8,False,0.2595,5,0.0,0.3484,clean,none
G:\GitHub\DiT\MCCD\MCCD\MCCD-Calligrapher\calligrapher_dataset\王宠\福-行-明-王宠-62173.png,王宠,行,福,明,62173,福-行-明-王宠-62173.png,mccd_salvage,ok,226,360,227.2,187.8,False,0.306,4,0.0,0.4195,clean,none
G:\GitHub\DiT\MCCD\MCCD\MCCD-Calligrapher\calligrapher_dataset\王宠\禪-行-明-王宠-62382.png,王宠,行,禪,明,62382,禪-行-明-王宠-62382.png,mccd_salvage,ok,268,441,244.9,230.0,False,0.2466,6,0.0,0.7331,clean,none
G:\GitHub\DiT\MCCD\MCCD\MCCD-Calligrapher\calligrapher_dataset\王宠\禹-楷-明-王宠-62622.png,王宠,楷,禹,明,62622,禹-楷-明-王宠-62622.png,mccd_salvage,ok,248,257,233.7,211.5,False,0.28,2,0.0,0.9179,clean,none
G:\GitHub\DiT\MCCD\MCCD\MCCD-Calligrapher\calligrapher_dataset\王宠\禽-楷-明-王宠-62751.png,王宠,楷,禽,明,62751,禽-楷-明-王宠-62751.png,mccd_salvage,ok,229,205,239.5,227.5,False,0.2559,4,0.0,0.7161,clean,none
G:\GitHub\DiT\MCCD\MCCD\MCCD-Calligrapher\calligrapher_dataset\王宠\秉-楷-明-王宠-63142.png,王宠,楷,秉,明,63142,秉-楷-明-王宠-63142.png,mccd_salvage,ok,209,254,238.4,212.8,False,0.2704,3,0.0,0.7283,clean,none
G:\GitHub\DiT\MCCD\MCCD\MCCD-Calligrapher\calligrapher_dataset\王宠\穡-楷-明-王宠-64966.png,王宠,楷,穡,明,64966,穡-楷-明-王宠-64966.png,mccd_salvage,ok,264,238,243.0,213.7,False,0.3029,3,0.0,0.3547,clean,none
G:\GitHub\DiT\MCCD\MCCD\MCCD-Calligrapher\calligrapher_dataset\王宠\等-楷-明-王宠-67605.png,王宠,楷,等,明,67605,等-楷-明-王宠-67605.png,mccd_salvage,ok,156,241,242.6,235.3,False,0.2132,4,0.0,0.8219,clean,none
G:\GitHub\DiT\MCCD\MCCD\MCCD-Calligrapher\calligrapher_dataset\王宠\箱-楷-明-王宠-68303.png,王宠,楷,箱,明,68303,箱-楷-明-王宠-68303.png,mccd_salvage,ok,208,241,222.4,189.9,False,0.2918,7,0.0,0.2513,clean,none
G:\GitHub\DiT\MCCD\MCCD\MCCD-Calligrapher\calligrapher_dataset\王宠\籍-楷-明-王宠-69436.png,王宠,楷,籍,明,69436,籍-楷-明-王宠-69436.png,mccd_salvage,ok,210,257,243.5,214.6,False,0.2983,7,0.0,0.3517,clean,none
G:\GitHub\DiT\MCCD\MCCD\MCCD-Calligrapher\calligrapher_dataset\王宠\糠-楷-明-王宠-70378.png,王宠,楷,糠,明,70378,糠-楷-明-王宠-70378.png,mccd_salvage,ok,226,234,242.8,219.6,False,0.3111,7,0.0,0.4431,clean,none
G:\GitHub\DiT\MCCD\MCCD\MCCD-Calligrapher\calligrapher_dataset\王宠\索-楷-明-王宠-71396.png,王宠,楷,索,明,71396,索-楷-明-王宠-71396.png,mccd_salvage,ok,235,287,229.5,202.5,False,0.2963,2,0.0,0.9282,clean,none
G:\GitHub\DiT\MCCD\MCCD\MCCD-Calligrapher\calligrapher_dataset\王宠\組-楷-明-王宠-72081.png,王宠,楷,組,明,72081,組-楷-明-王宠-72081.png,mccd_salvage,ok,253,208,240.4,199.9,False,0.3061,3,0.0,0.5498,clean,none
G:\GitHub\DiT\MCCD\MCCD\MCCD-Calligrapher\calligrapher_dataset\王宠\結-行-明-王宠-72199.png,王宠,行,結,明,72199,結-行-明-王宠-72199.png,mccd_salvage,ok,179,167,232.8,177.4,False,0.3469,2,0.0,0.6553,clean,none
G:\GitHub\DiT\MCCD\MCCD\MCCD-Calligrapher\calligrapher_dataset\王宠\絲-楷-明-王宠-72686.png,王宠,楷,絲,明,72686,絲-楷-明-王宠-72686.png,mccd_salvage,ok,219,172,234.7,205.4,False,0.25,9,0.0004,0.3187,clean,none
G:\GitHub\DiT\MCCD\MCCD\MCCD-Calligrapher\calligrapher_dataset\王宠\綏-楷-明-王宠-73013.png,王宠,楷,綏,明,73013,綏-楷-明-王宠-73013.png,mccd_salvage,ok,258,198,230.1,210.9,False,0.3,6,0.0,0.7278,clean,none
G:\GitHub\DiT\MCCD\MCCD\MCCD-Calligrapher\calligrapher_dataset\王宠\經-楷-明-王宠-73118.png,王宠,楷,經,明,73118,經-楷-明-王宠-73118.png,mccd_salvage,ok,266,243,232.0,201.9,False,0.2719,9,0.0,0.3332,clean,none
G:\GitHub\DiT\MCCD\MCCD\MCCD-Calligrapher\calligrapher_dataset\王宠\綠-行-明-王宠-73252.png,王宠,行,綠,明,73252,綠-行-明-王宠-73252.png,mccd_salvage,ok,196,231,233.1,182.0,False,0.3065,3,0.0,0.6014,clean,none
G:\GitHub\DiT\MCCD\MCCD\MCCD-Calligrapher\calligrapher_dataset\王宠\綵-楷-明-王宠-73518.png,王宠,楷,綵,明,73518,綵-楷-明-王宠-73518.png,mccd_salvage,ok,215,184,238.6,221.6,False,0.2159,9,0.0,0.4994,clean,none
G:\GitHub\DiT\MCCD\MCCD\MCCD-Calligrapher\calligrapher_dataset\王宠\綺-楷-明-王宠-73569.png,王宠,楷,綺,明,73569,綺-楷-明-王宠-73569.png,mccd_salvage,ok,198,210,237.8,228.6,False,0.2345,9,0.0,0.2974,clean,none
G:\GitHub\DiT\MCCD\MCCD\MCCD-Calligrapher\calligrapher_dataset\王宠\緑-行-明-王宠-73814.png,王宠,行,緑,明,73814,緑-行-明-王宠-73814.png,mccd_salvage,ok,196,231,233.1,182.0,False,0.3065,3,0.0,0.6014,clean,none
G:\GitHub\DiT\MCCD\MCCD\MCCD-Calligrapher\calligrapher_dataset\王宠\罔-楷-明-王宠-76220.png,王宠,楷,罔,明,76220,罔-楷-明-王宠-76220.png,mccd_salvage,ok,216,191,202.3,126.5,False,0.3515,2,0.0,0.8285,clean,none
G:\GitHub\DiT\MCCD\MCCD\MCCD-Calligrapher\calligrapher_dataset\王宠\義-楷-明-王宠-77819.png,王宠,楷,義,明,77819,義-楷-明-王宠-77819.png,mccd_salvage,ok,247,313,242.4,232.3,False,0.222,5,0.0,0.5973,clean,none
G:\GitHub\DiT\MCCD\MCCD\MCCD-Calligrapher\calligrapher_dataset\王宠\羽-楷-明-王宠-78151.png,王宠,楷,羽,明,78151,羽-楷-明-王宠-78151.png,mccd_salvage,ok,229,212,212.9,154.5,False,0.2757,8,0.0,0.4448,clean,none
G:\GitHub\DiT\MCCD\MCCD\MCCD-Calligrapher\calligrapher_dataset\王宠\習-楷-明-王宠-78438.png,王宠,楷,習,明,78438,習-楷-明-王宠-78438.png,mccd_salvage,ok,159,195,217.6,157.8,False,0.3494,7,0.0,0.4105,clean,none
G:\GitHub\DiT\MCCD\MCCD\MCCD-Calligrapher\calligrapher_dataset\王宠\翠-行-明-王宠-78616.png,王宠,行,翠,明,78616,翠-行-明-王宠-78616.png,mccd_salvage,ok,161,336,244.0,193.1,False,0.4089,1,0.0,1.0,clean,none
G:\GitHub\DiT\MCCD\MCCD\MCCD-Calligrapher\calligrapher_dataset\王宠\翳-楷-明-王宠-78883.png,王宠,楷,翳,明,78883,翳-楷-明-王宠-78883.png,mccd_salvage,ok,194,233,228.6,193.8,False,0.3677,10,0.0,0.3222,clean,none
G:\GitHub\DiT\MCCD\MCCD\MCCD-Calligrapher\calligrapher_dataset\王宠\者-行-明-王宠-80211.png,王宠,行,者,明,80211,者-行-明-王宠-80211.png,mccd_salvage,ok,170,277,228.8,179.7,False,0.3963,1,0.0,1.0,clean,none
G:\GitHub\DiT\MCCD\MCCD\MCCD-Calligrapher\calligrapher_dataset\王宠\職-楷-明-王宠-82264.png,王宠,楷,職,明,82264,職-楷-明-王宠-82264.png,mccd_salvage,ok,216,183,234.9,202.8,False,0.2864,7,0.0,0.3829,clean,none
G:\GitHub\DiT\MCCD\MCCD\MCCD-Calligrapher\calligrapher_dataset\王宠\聽-楷-明-王宠-82347.png,王宠,楷,聽,明,82347,聽-楷-明-王宠-82347.png,mccd_salvage,ok,218,219,238.3,197.9,False,0.3134,6,0.0,0.4099,clean,none
G:\GitHub\DiT\MCCD\MCCD\MCCD-Calligrapher\calligrapher_dataset\王宠\肥-楷-明-王宠-82929.png,王宠,楷,肥,明,82929,肥-楷-明-王宠-82929.png,mccd_salvage,ok,213,148,219.6,169.1,False,0.251,4,0.0,0.3191,clean,none
G:\GitHub\DiT\MCCD\MCCD\MCCD-Calligrapher\calligrapher_dataset\王宠\腸-楷-明-王宠-84899.png,王宠,楷,腸,明,84899,腸-楷-明-王宠-84899.png,mccd_salvage,ok,203,245,232.5,199.3,False,0.282,4,0.0,0.5971,clean,none
G:\GitHub\DiT\MCCD\MCCD\MCCD-Calligrapher\calligrapher_dataset\王宠\舟-行-明-王宠-88543.png,王宠,行,舟,明,88543,舟-行-明-王宠-88543.png,mccd_salvage,ok,250,229,242.4,223.5,False,0.2796,1,0.0,1.0,clean,none
G:\GitHub\DiT\MCCD\MCCD\MCCD-Calligrapher\calligrapher_dataset\王宠\舟-行-明-王宠-88546.png,王宠,行,舟,明,88546,舟-行-明-王宠-88546.png,mccd_salvage,ok,205,260,243.7,225.6,False,0.3191,1,0.0,1.0,clean,none
G:\GitHub\DiT\MCCD\MCCD\MCCD-Calligrapher\calligrapher_dataset\王宠\芥-楷-明-王宠-89562.png,王宠,楷,芥,明,89562,芥-楷-明-王宠-89562.png,mccd_salvage,ok,193,182,245.5,227.2,False,0.1833,7,0.002,0.3349,clean,none
G:\GitHub\DiT\MCCD\MCCD\MCCD-Calligrapher\calligrapher_dataset\王宠\苕-行-明-王宠-89995.png,王宠,行,苕,明,89995,苕-行-明-王宠-89995.png,mccd_salvage,ok,160,257,235.6,211.0,False,0.2775,4,0.0,0.3585,clean,none
G:\GitHub\DiT\MCCD\MCCD\MCCD-Calligrapher\calligrapher_dataset\王宠\苗-行-明-王宠-90023.png,王宠,行,苗,明,90023,苗-行-明-王宠-90023.png,mccd_salvage,ok,169,210,230.9,197.8,False,0.3734,1,0.0,1.0,clean,none
G:\GitHub\DiT\MCCD\MCCD\MCCD-Calligrapher\calligrapher_dataset\王宠\茂-楷-明-王宠-90738.png,王宠,楷,茂,明,90738,茂-楷-明-王宠-90738.png,mccd_salvage,ok,208,232,235.6,212.9,False,0.186,6,0.0,0.7004,clean,none
G:\GitHub\DiT\MCCD\MCCD\MCCD-Calligrapher\calligrapher_dataset\王宠\草-行-明-王宠-91330.png,王宠,行,草,明,91330,草-行-明-王宠-91330.png,mccd_salvage,ok,160,360,244.6,229.1,False,0.2459,4,0.0,0.7028,clean,none
G:\GitHub\DiT\MCCD\MCCD\MCCD-Calligrapher\calligrapher_dataset\王宠\菜-楷-明-王宠-92386.png,王宠,楷,菜,明,92386,菜-楷-明-王宠-92386.png,mccd_salvage,ok,198,235,239.3,223.0,False,0.1931,9,0.0,0.4707,clean,none
G:\GitHub\DiT\MCCD\MCCD\MCCD-Calligrapher\calligrapher_dataset\王宠\蓮-行-明-王宠-94673.png,王宠,行,蓮,明,94673,蓮-行-明-王宠-94673.png,mccd_salvage,ok,216,225,214.1,160.9,False,0.3342,3,0.0,0.6145,clean,none
G:\GitHub\DiT\MCCD\MCCD\MCCD-Calligrapher\calligrapher_dataset\王宠\蕉-行-明-王宠-95264.png,王宠,行,蕉,明,95264,蕉-行-明-王宠-95264.png,mccd_salvage,ok,198,203,242.4,212.0,False,0.2796,2,0.0,0.9052,clean,none
G:\GitHub\DiT\MCCD\MCCD\MCCD-Calligrapher\calligrapher_dataset\王宠\蕳-楷-明-王宠-95546.png,王宠,楷,蕳,明,95546,蕳-楷-明-王宠-95546.png,mccd_salvage,ok,187,251,209.7,176.2,False,0.3087,6,0.0,0.5586,clean,none
G:\GitHub\DiT\MCCD\MCCD\MCCD-Calligrapher\calligrapher_dataset\王宠\蘭-楷-明-王宠-96966.png,王宠,楷,蘭,明,96966,蘭-楷-明-王宠-96966.png,mccd_salvage,ok,170,197,225.0,188.3,False,0.276,10,0.0,0.3073,clean,none
G:\GitHub\DiT\MCCD\MCCD\MCCD-Calligrapher\calligrapher_dataset\王宠\虚-楷-明-王宠-97708.png,王宠,楷,虚,明,97708,虚-楷-明-王宠-97708.png,mccd_salvage,ok,168,207,235.2,199.5,False,0.2679,4,0.0,0.3343,clean,none
G:\GitHub\DiT\MCCD\MCCD\MCCD-Calligrapher\calligrapher_dataset\王宠\虛-楷-明-王宠-97814.png,王宠,楷,虛,明,97814,虛-楷-明-王宠-97814.png,mccd_salvage,ok,168,207,235.2,199.5,False,0.2679,4,0.0,0.3343,clean,none
G:\GitHub\DiT\MCCD\MCCD\MCCD-Calligrapher\calligrapher_dataset\王宠\虞-楷-明-王宠-97921.png,王宠,楷,虞,明,97921,虞-楷-明-王宠-97921.png,mccd_salvage,ok,220,268,233.4,197.7,False,0.235,5,0.0,0.4253,clean,none
G:\GitHub\DiT\MCCD\MCCD\MCCD-Calligrapher\calligrapher_dataset\王宠\虞-行-明-王宠-97927.png,王宠,行,虞,明,97927,虞-行-明-王宠-97927.png,mccd_salvage,ok,173,221,236.3,211.8,False,0.3401,2,0.0,0.9597,clean,none
G:\GitHub\DiT\MCCD\MCCD\MCCD-Calligrapher\calligrapher_dataset\王宠\虢-楷-明-王宠-98083.png,王宠,楷,虢,明,98083,虢-楷-明-王宠-98083.png,mccd_salvage,ok,199,236,232.7,206.9,False,0.3025,7,0.0,0.595,clean,none
G:\GitHub\DiT\MCCD\MCCD\MCCD-Calligrapher\calligrapher_dataset\王宠\虧-楷-明-王宠-98156.png,王宠,楷,虧,明,98156,虧-楷-明-王宠-98156.png,mccd_salvage,ok,220,224,225.3,218.3,False,0.2782,7,0.0,0.6297,clean,none
G:\GitHub\DiT\MCCD\MCCD\MCCD-Calligrapher\calligrapher_dataset\王宠\衡-楷-明-王宠-101544.png,王宠,楷,衡,明,101544,衡-楷-明-王宠-101544.png,mccd_salvage,ok,210,192,243.4,220.2,False,0.24,10,0.0,0.3614,clean,none
G:\GitHub\DiT\MCCD\MCCD\MCCD-Calligrapher\calligrapher_dataset\王宠\表-行-明-王宠-101849.png,王宠,行,表,明,101849,表-行-明-王宠-101849.png,mccd_salvage,ok,181,339,241.3,224.6,False,0.2608,3,0.0,0.7429,clean,none
G:\GitHub\DiT\MCCD\MCCD\MCCD-Calligrapher\calligrapher_dataset\王宠\袍-行-明-王宠-102180.png,王宠,行,袍,明,102180,袍-行-明-王宠-102180.png,mccd_salvage,ok,210,214,234.3,203.1,False,0.2734,4,0.0,0.6141,clean,none
G:\GitHub\DiT\MCCD\MCCD\MCCD-Calligrapher\calligrapher_dataset\王宠\觴-楷-明-王宠-105741.png,王宠,楷,觴,明,105741,觴-楷-明-王宠-105741.png,mccd_salvage,ok,238,241,225.9,191.1,False,0.3215,7,0.0,0.3405,clean,none
G:\GitHub\DiT\MCCD\MCCD\MCCD-Calligrapher\calligrapher_dataset\王宠\諸-楷-明-王宠-109821.png,王宠,楷,諸,明,109821,諸-楷-明-王宠-109821.png,mccd_salvage,ok,222,215,234.8,197.9,False,0.3113,6,0.0,0.7174,clean,none
G:\GitHub\DiT\MCCD\MCCD\MCCD-Calligrapher\calligrapher_dataset\王宠\謹-楷-明-王宠-110627.png,王宠,楷,謹,明,110627,謹-楷-明-王宠-110627.png,mccd_salvage,ok,197,202,239.3,195.2,False,0.2773,5,0.0,0.6566,clean,none
G:\GitHub\DiT\MCCD\MCCD\MCCD-Calligrapher\calligrapher_dataset\王宠\讀-楷-明-王宠-111336.png,王宠,楷,讀,明,111336,讀-楷-明-王宠-111336.png,mccd_salvage,ok,244,294,237.5,226.8,False,0.2705,8,0.0,0.3469,clean,none
G:\GitHub\DiT\MCCD\MCCD\MCCD-Calligrapher\calligrapher_dataset\王宠\谿-楷-明-王宠-111867.png,王宠,楷,谿,明,111867,谿-楷-明-王宠-111867.png,mccd_salvage,ok,214,224,235.3,188.2,False,0.3002,10,0.0,0.3675,clean,none
G:\GitHub\DiT\MCCD\MCCD\MCCD-Calligrapher\calligrapher_dataset\王宠\貌-楷-明-王宠-113055.png,王宠,楷,貌,明,113055,貌-楷-明-王宠-113055.png,mccd_salvage,ok,212,205,235.7,194.2,False,0.2761,7,0.0,0.3755,clean,none
G:\GitHub\DiT\MCCD\MCCD\MCCD-Calligrapher\calligrapher_dataset\王宠\貴-楷-明-王宠-114124.png,王宠,楷,貴,明,114124,貴-楷-明-王宠-114124.png,mccd_salvage,ok,205,268,241.4,225.2,False,0.262,5,0.0,0.4391,clean,none
G:\GitHub\DiT\MCCD\MCCD\MCCD-Calligrapher\calligrapher_dataset\王宠\賊-楷-明-王宠-114678.png,王宠,楷,賊,明,114678,賊-楷-明-王宠-114678.png,mccd_salvage,ok,251,197,239.8,206.9,False,0.2846,4,0.0,0.4495,clean,none
G:\GitHub\DiT\MCCD\MCCD\MCCD-Calligrapher\calligrapher_dataset\王宠\賓-楷-明-王宠-114772.png,王宠,楷,賓,明,114772,賓-楷-明-王宠-114772.png,mccd_salvage,ok,221,248,235.7,211.6,False,0.2554,5,0.0,0.3836,clean,none
G:\GitHub\DiT\MCCD\MCCD\MCCD-Calligrapher\calligrapher_dataset\王宠\賞-楷-明-王宠-114976.png,王宠,楷,賞,明,114976,賞-楷-明-王宠-114976.png,mccd_salvage,ok,167,201,231.4,210.3,False,0.2687,7,0.0,0.4274,clean,none
G:\GitHub\DiT\MCCD\MCCD\MCCD-Calligrapher\calligrapher_dataset\王宠\賢-楷-明-王宠-115076.png,王宠,楷,賢,明,115076,賢-楷-明-王宠-115076.png,mccd_salvage,ok,253,263,221.4,194.2,False,0.2464,5,0.0003,0.3627,clean,none
G:\GitHub\DiT\MCCD\MCCD\MCCD-Calligrapher\calligrapher_dataset\王宠\賤-楷-明-王宠-115192.png,王宠,楷,賤,明,115192,賤-楷-明-王宠-115192.png,mccd_salvage,ok,248,202,237.5,205.4,False,0.2564,3,0.0,0.4944,clean,none
G:\GitHub\DiT\MCCD\MCCD\MCCD-Calligrapher\calligrapher_dataset\王宠\起-楷-明-王宠-116448.png,王宠,楷,起,明,116448,起-楷-明-王宠-116448.png,mccd_salvage,ok,248,210,237.5,211.7,False,0.1963,7,0.0,0.2853,clean,none
G:\GitHub\DiT\MCCD\MCCD\MCCD-Calligrapher\calligrapher_dataset\王宠\跡-楷-明-王宠-117371.png,王宠,楷,跡,明,117371,跡-楷-明-王宠-117371.png,mccd_salvage,ok,222,175,226.4,200.9,False,0.2745,7,0.0,0.2063,clean,none
G:\GitHub\DiT\MCCD\MCCD\MCCD-Calligrapher\calligrapher_dataset\王宠\踐-楷-明-王宠-117697.png,王宠,楷,踐,明,117697,踐-楷-明-王宠-117697.png,mccd_salvage,ok,213,209,235.2,215.2,False,0.2247,8,0.0,0.5276,clean,none
G:\GitHub\DiT\MCCD\MCCD\MCCD-Calligrapher\calligrapher_dataset\王宠\軟-行-明-王宠-119371.png,王宠,行,軟,明,119371,軟-行-明-王宠-119371.png,mccd_salvage,ok,221,202,239.8,203.4,False,0.3591,5,0.0002,0.5904,clean,none
G:\GitHub\DiT\MCCD\MCCD\MCCD-Calligrapher\calligrapher_dataset\王宠\載-楷-明-王宠-119730.png,王宠,楷,載,明,119730,載-楷-明-王宠-119730.png,mccd_salvage,ok,206,215,239.9,226.1,False,0.2724,4,0.0,0.8241,clean,none
G:\GitHub\DiT\MCCD\MCCD\MCCD-Calligrapher\calligrapher_dataset\王宠\輦-楷-明-王宠-120133.png,王宠,楷,輦,明,120133,輦-楷-明-王宠-120133.png,mccd_salvage,ok,181,260,236.9,196.5,False,0.3341,3,0.0,0.7449,clean,none
G:\GitHub\DiT\MCCD\MCCD\MCCD-Calligrapher\calligrapher_dataset\王宠\轂-楷-明-王宠-120488.png,王宠,楷,轂,明,120488,轂-楷-明-王宠-120488.png,mccd_salvage,ok,213,225,237.2,219.4,False,0.2408,8,0.0,0.3346,clean,none
G:\GitHub\DiT\MCCD\MCCD\MCCD-Calligrapher\calligrapher_dataset\王宠\轉-楷-明-王宠-120581.png,王宠,楷,轉,明,120581,轉-楷-明-王宠-120581.png,mccd_salvage,ok,225,242,240.5,210.7,False,0.3208,2,0.0,0.5712,clean,none
G:\GitHub\DiT\MCCD\MCCD\MCCD-Calligrapher\calligrapher_dataset\王宠\辭-楷-明-王宠-121751.png,王宠,楷,辭,明,121751,辭-楷-明-王宠-121751.png,mccd_salvage,ok,235,290,244.3,213.7,False,0.2711,10,0.0,0.3706,clean,none
G:\GitHub\DiT\MCCD\MCCD\MCCD-Calligrapher\calligrapher_dataset\王宠\辰-行-明-王宠-122005.png,王宠,行,辰,明,122005,辰-行-明-王宠-122005.png,mccd_salvage,ok,270,310,238.2,208.6,False,0.3602,2,0.0,0.7135,clean,none
G:\GitHub\DiT\MCCD\MCCD\MCCD-Calligrapher\calligrapher_dataset\王宠\農-楷-明-王宠-122133.png,王宠,楷,農,明,122133,農-楷-明-王宠-122133.png,mccd_salvage,ok,181,221,237.9,212.3,False,0.2732,4,0.0,0.4218,clean,none
G:\GitHub\DiT\MCCD\MCCD\MCCD-Calligrapher\calligrapher_dataset\王宠\退-楷-明-王宠-123182.png,王宠,楷,退,明,123182,退-楷-明-王宠-123182.png,mccd_salvage,ok,232,219,225.6,164.9,False,0.2443,5,0.0,0.5386,clean,none
G:\GitHub\DiT\MCCD\MCCD\MCCD-Calligrapher\calligrapher_dataset\王宠\送-行-明-王宠-123262.png,王宠,行,送,明,123262,送-行-明-王宠-123262.png,mccd_salvage,ok,195,199,214.6,156.5,False,0.2783,9,0.0,0.3441,clean,none
G:\GitHub\DiT\MCCD\MCCD\MCCD-Calligrapher\calligrapher_dataset\王宠\連-楷-明-王宠-124079.png,王宠,楷,連,明,124079,連-楷-明-王宠-124079.png,mccd_salvage,ok,211,206,226.0,185.0,False,0.2596,3,0.0,0.9253,clean,none
G:\GitHub\DiT\MCCD\MCCD\MCCD-Calligrapher\calligrapher_dataset\王宠\過-楷-明-王宠-124901.png,王宠,楷,過,明,124901,過-楷-明-王宠-124901.png,mccd_salvage,ok,244,224,230.5,169.3,False,0.3022,6,0.0,0.3921,clean,none
G:\GitHub\DiT\MCCD\MCCD\MCCD-Calligrapher\calligrapher_dataset\王宠\過-行-明-王宠-124920.png,王宠,行,過,明,124920,過-行-明-王宠-124920.png,mccd_salvage,ok,199,213,217.6,152.6,False,0.3182,3,0.0,0.5102,clean,none
G:\GitHub\DiT\MCCD\MCCD\MCCD-Calligrapher\calligrapher_dataset\王宠\遐-楷-明-王宠-124994.png,王宠,楷,遐,明,124994,遐-楷-明-王宠-124994.png,mccd_salvage,ok,236,223,232.4,191.0,False,0.252,6,0.0,0.2889,clean,none
G:\GitHub\DiT\MCCD\MCCD\MCCD-Calligrapher\calligrapher_dataset\王宠\還-行-明-王宠-126617.png,王宠,行,還,明,126617,還-行-明-王宠-126617.png,mccd_salvage,ok,258,302,226.0,164.4,False,0.2969,4,0.0003,0.6434,clean,none
G:\GitHub\DiT\MCCD\MCCD\MCCD-Calligrapher\calligrapher_dataset\王宠\邇-楷-明-王宠-126696.png,王宠,楷,邇,明,126696,邇-楷-明-王宠-126696.png,mccd_salvage,ok,185,189,221.9,177.4,False,0.3134,6,0.0,0.5832,clean,none
G:\GitHub\DiT\MCCD\MCCD\MCCD-Calligrapher\calligrapher_dataset\王宠\酒-楷-明-王宠-129932.png,王宠,楷,酒,明,129932,酒-楷-明-王宠-129932.png,mccd_salvage,ok,191,189,213.2,150.3,False,0.3467,7,0.0,0.619,clean,none
G:\GitHub\DiT\MCCD\MCCD\MCCD-Calligrapher\calligrapher_dataset\王宠\重-行-明-王宠-131235.png,王宠,行,重,明,131235,重-行-明-王宠-131235.png,mccd_salvage,ok,226,265,234.3,222.4,False,0.3003,2,0.0,0.9694,clean,none
G:\GitHub\DiT\MCCD\MCCD\MCCD-Calligrapher\calligrapher_dataset\王宠\野-楷-明-王宠-131314.png,王宠,楷,野,明,131314,野-楷-明-王宠-131314.png,mccd_salvage,ok,216,222,235.1,215.6,False,0.2276,5,0.0,0.5885,clean,none
G:\GitHub\DiT\MCCD\MCCD\MCCD-Calligrapher\calligrapher_dataset\王宠\金-行-明-王宠-131891.png,王宠,行,金,明,131891,金-行-明-王宠-131891.png,mccd_salvage,ok,233,171,238.7,226.0,False,0.2355,2,0.0,0.7845,clean,none
G:\GitHub\DiT\MCCD\MCCD\MCCD-Calligrapher\calligrapher_dataset\王宠\鑒-楷-明-王宠-135225.png,王宠,楷,鑒,明,135225,鑒-楷-明-王宠-135225.png,mccd_salvage,ok,200,259,238.1,212.3,False,0.2542,5,0.0,0.8058,clean,none
G:\GitHub\DiT\MCCD\MCCD\MCCD-Calligrapher\calligrapher_dataset\王宠\閃-行-明-王宠-136076.png,王宠,行,閃,明,136076,閃-行-明-王宠-136076.png,mccd_salvage,ok,226,216,201.1,106.8,False,0.3451,4,0.0,0.4385,clean,none
G:\GitHub\DiT\MCCD\MCCD\MCCD-Calligrapher\calligrapher_dataset\王宠\閏-楷-明-王宠-136298.png,王宠,楷,閏,明,136298,閏-楷-明-王宠-136298.png,mccd_salvage,ok,222,214,182.7,160.1,False,0.3169,6,0.0,0.4815,clean,none
G:\GitHub\DiT\MCCD\MCCD\MCCD-Calligrapher\calligrapher_dataset\王宠\闕-楷-明-王宠-137067.png,王宠,楷,闕,明,137067,闕-楷-明-王宠-137067.png,mccd_salvage,ok,204,206,198.0,158.0,False,0.3115,7,0.0,0.329,clean,none
G:\GitHub\DiT\MCCD\MCCD\MCCD-Calligrapher\calligrapher_dataset\王宠\階-楷-明-王宠-139379.png,王宠,楷,階,明,139379,階-楷-明-王宠-139379.png,mccd_salvage,ok,207,188,220.0,163.4,False,0.3227,5,0.0,0.3109,clean,none
G:\GitHub\DiT\MCCD\MCCD\MCCD-Calligrapher\calligrapher_dataset\王宠\隨-楷-明-王宠-139653.png,王宠,楷,隨,明,139653,隨-楷-明-王宠-139653.png,mccd_salvage,ok,222,222,219.4,163.3,False,0.306,6,0.0,0.3215,clean,none
G:\GitHub\DiT\MCCD\MCCD\MCCD-Calligrapher\calligrapher_dataset\王宠\隱-楷-明-王宠-139839.png,王宠,楷,隱,明,139839,隱-楷-明-王宠-139839.png,mccd_salvage,ok,184,185,223.2,174.6,False,0.2558,8,0.0,0.3268,clean,none
G:\GitHub\DiT\MCCD\MCCD\MCCD-Calligrapher\calligrapher_dataset\王宠\隸-楷-明-王宠-139989.png,王宠,楷,隸,明,139989,隸-楷-明-王宠-139989.png,mccd_salvage,ok,236,245,235.9,223.7,False,0.2675,9,0.0,0.4512,clean,none
G:\GitHub\DiT\MCCD\MCCD\MCCD-Calligrapher\calligrapher_dataset\王宠\雀-行-明-王宠-140367.png,王宠,行,雀,明,140367,雀-行-明-王宠-140367.png,mccd_salvage,ok,217,380,242.6,220.6,False,0.3077,2,0.0,0.5199,clean,none
G:\GitHub\DiT\MCCD\MCCD\MCCD-Calligrapher\calligrapher_dataset\王宠\雅-楷-明-王宠-140517.png,王宠,楷,雅,明,140517,雅-楷-明-王宠-140517.png,mccd_salvage,ok,246,229,243.0,214.4,False,0.2836,6,0.0,0.3133,clean,none
G:\GitHub\DiT\MCCD\MCCD\MCCD-Calligrapher\calligrapher_dataset\王宠\雅-行-明-王宠-140537.png,王宠,行,雅,明,140537,雅-行-明-王宠-140537.png,mccd_salvage,ok,195,300,243.9,196.9,False,0.3049,5,0.0004,0.4613,clean,none
G:\GitHub\DiT\MCCD\MCCD\MCCD-Calligrapher\calligrapher_dataset\王宠\難-楷-明-王宠-141436.png,王宠,楷,難,明,141436,難-楷-明-王宠-141436.png,mccd_salvage,ok,188,172,238.9,204.9,False,0.3077,8,0.0009,0.4808,clean,none
G:\GitHub\DiT\MCCD\MCCD\MCCD-Calligrapher\calligrapher_dataset\王宠\雨-行-明-王宠-141703.png,王宠,行,雨,明,141703,雨-行-明-王宠-141703.png,mccd_salvage,ok,178,192,205.7,130.0,False,0.5016,2,0.0,0.9001,clean,none
G:\GitHub\DiT\MCCD\MCCD\MCCD-Calligrapher\calligrapher_dataset\王宠\雲-行-明-王宠-141968.png,王宠,行,雲,明,141968,雲-行-明-王宠-141968.png,mccd_salvage,ok,206,291,230.0,199.3,False,0.341,2,0.0,0.9474,clean,none
G:\GitHub\DiT\MCCD\MCCD\MCCD-Calligrapher\calligrapher_dataset\王宠\露-行-明-王宠-142782.png,王宠,行,露,明,142782,露-行-明-王宠-142782.png,mccd_salvage,ok,179,269,235.7,206.6,False,0.3546,3,0.0,0.5148,clean,none
G:\GitHub\DiT\MCCD\MCCD\MCCD-Calligrapher\calligrapher_dataset\王宠\露-行-明-王宠-142783.png,王宠,行,露,明,142783,露-行-明-王宠-142783.png,mccd_salvage,ok,215,286,235.7,208.1,False,0.3028,10,0.0025,0.5531,clean,none
G:\GitHub\DiT\MCCD\MCCD\MCCD-Calligrapher\calligrapher_dataset\王宠\靄-行-明-王宠-143006.png,王宠,行,靄,明,143006,靄-行-明-王宠-143006.png,mccd_salvage,ok,196,318,228.8,190.3,False,0.2865,5,0.0,0.4515,clean,none
G:\GitHub\DiT\MCCD\MCCD\MCCD-Calligrapher\calligrapher_dataset\王宠\靡-楷-明-王宠-143967.png,王宠,楷,靡,明,143967,靡-楷-明-王宠-143967.png,mccd_salvage,ok,191,231,240.0,216.4,False,0.2496,11,0.0,0.2639,clean,none
G:\GitHub\DiT\MCCD\MCCD\MCCD-Calligrapher\calligrapher_dataset\王宠\面-楷-明-王宠-144057.png,王宠,楷,面,明,144057,面-楷-明-王宠-144057.png,mccd_salvage,ok,206,216,186.1,145.0,False,0.3288,4,0.0,0.3799,clean,none
G:\GitHub\DiT\MCCD\MCCD\MCCD-Calligrapher\calligrapher_dataset\王宠\鞠-楷-明-王宠-144559.png,王宠,楷,鞠,明,144559,鞠-楷-明-王宠-144559.png,mccd_salvage,ok,230,238,228.9,202.9,False,0.2525,11,0.0,0.4584,clean,none
G:\GitHub\DiT\MCCD\MCCD\MCCD-Calligrapher\calligrapher_dataset\王宠\韻-楷-明-王宠-145326.png,王宠,楷,韻,明,145326,韻-楷-明-王宠-145326.png,mccd_salvage,ok,245,219,239.8,204.9,False,0.2626,15,0.0,0.1755,clean,none
G:\GitHub\DiT\MCCD\MCCD\MCCD-Calligrapher\calligrapher_dataset\王宠\頗-楷-明-王宠-145976.png,王宠,楷,頗,明,145976,頗-楷-明-王宠-145976.png,mccd_salvage,ok,197,223,231.7,182.6,False,0.2736,6,0.0,0.3182,clean,none
G:\GitHub\DiT\MCCD\MCCD\MCCD-Calligrapher\calligrapher_dataset\王宠\頭-行-明-王宠-146234.png,王宠,行,頭,明,146234,頭-行-明-王宠-146234.png,mccd_salvage,ok,192,191,194.2,149.9,False,0.4051,4,0.0,0.46,clean,none
G:\GitHub\DiT\MCCD\MCCD\MCCD-Calligrapher\calligrapher_dataset\王宠\顚-楷-明-王宠-146838.png,王宠,楷,顚,明,146838,顚-楷-明-王宠-146838.png,mccd_salvage,ok,210,189,217.4,172.6,False,0.3369,8,0.0,0.3189,clean,none
G:\GitHub\DiT\MCCD\MCCD\MCCD-Calligrapher\calligrapher_dataset\王宠\顛-楷-明-王宠-146882.png,王宠,楷,顛,明,146882,顛-楷-明-王宠-146882.png,mccd_salvage,ok,210,189,217.4,172.6,False,0.3369,8,0.0,0.3189,clean,none
G:\GitHub\DiT\MCCD\MCCD\MCCD-Calligrapher\calligrapher_dataset\王宠\顧-楷-明-王宠-147055.png,王宠,楷,顧,明,147055,顧-楷-明-王宠-147055.png,mccd_salvage,ok,232,221,236.2,190.0,False,0.2805,6,0.0,0.2306,clean,none
G:\GitHub\DiT\MCCD\MCCD\MCCD-Calligrapher\calligrapher_dataset\王宠\颻-楷-明-王宠-147545.png,王宠,楷,颻,明,147545,颻-楷-明-王宠-147545.png,mccd_salvage,ok,221,166,238.4,193.3,False,0.3652,3,0.0,0.5882,clean,none
G:\GitHub\DiT\MCCD\MCCD\MCCD-Calligrapher\calligrapher_dataset\王宠\飄-楷-明-王宠-147606.png,王宠,楷,飄,明,147606,飄-楷-明-王宠-147606.png,mccd_salvage,ok,233,188,225.2,189.0,False,0.3702,5,0.0,0.5344,clean,none
G:\GitHub\DiT\MCCD\MCCD\MCCD-Calligrapher\calligrapher_dataset\王宠\飛-楷-明-王宠-147723.png,王宠,楷,飛,明,147723,飛-楷-明-王宠-147723.png,mccd_salvage,ok,189,196,236.4,190.5,False,0.2733,6,0.0,0.6199,clean,none
G:\GitHub\DiT\MCCD\MCCD\MCCD-Calligrapher\calligrapher_dataset\王宠\飛-行-明-王宠-147751.png,王宠,行,飛,明,147751,飛-行-明-王宠-147751.png,mccd_salvage,ok,191,204,237.4,211.0,False,0.251,2,0.0,0.9352,clean,none
G:\GitHub\DiT\MCCD\MCCD\MCCD-Calligrapher\calligrapher_dataset\王宠\養-楷-明-王宠-148522.png,王宠,楷,養,明,148522,養-楷-明-王宠-148522.png,mccd_salvage,ok,214,234,241.1,225.4,False,0.2269,5,0.0,0.4497,clean,none
G:\GitHub\DiT\MCCD\MCCD\MCCD-Calligrapher\calligrapher_dataset\王宠\馨-楷-明-王宠-149676.png,王宠,楷,馨,明,149676,馨-楷-明-王宠-149676.png,mccd_salvage,ok,200,240,239.3,218.8,False,0.2106,9,0.0,0.3725,clean,none
G:\GitHub\DiT\MCCD\MCCD\MCCD-Calligrapher\calligrapher_dataset\王宠\騎-楷-明-王宠-150890.png,王宠,楷,騎,明,150890,騎-楷-明-王宠-150890.png,mccd_salvage,ok,246,202,237.0,217.2,False,0.226,12,0.0,0.3104,clean,none
G:\GitHub\DiT\MCCD\MCCD\MCCD-Calligrapher\calligrapher_dataset\王宠\驂-行-明-王宠-151272.png,王宠,行,驂,明,151272,驂-行-明-王宠-151272.png,mccd_salvage,ok,216,172,224.7,173.5,False,0.3225,5,0.0024,0.4828,clean,none
G:\GitHub\DiT\MCCD\MCCD\MCCD-Calligrapher\calligrapher_dataset\王宠\體-楷-明-王宠-152014.png,王宠,楷,體,明,152014,體-楷-明-王宠-152014.png,mccd_salvage,ok,200,207,221.8,191.7,False,0.3442,8,0.0,0.3693,clean,none
G:\GitHub\DiT\MCCD\MCCD\MCCD-Calligrapher\calligrapher_dataset\王宠\高-行-明-王宠-152273.png,王宠,行,高,明,152273,高-行-明-王宠-152273.png,mccd_salvage,ok,163,237,235.3,188.0,False,0.345,1,0.0,1.0,clean,none
G:\GitHub\DiT\MCCD\MCCD\MCCD-Calligrapher\calligrapher_dataset\王宠\髙-行-明-王宠-152514.png,王宠,行,髙,明,152514,髙-行-明-王宠-152514.png,mccd_salvage,ok,163,237,235.3,188.0,False,0.345,1,0.0,1.0,clean,none
G:\GitHub\DiT\MCCD\MCCD\MCCD-Calligrapher\calligrapher_dataset\王宠\鬱-楷-明-王宠-153252.png,王宠,楷,鬱,明,153252,鬱-楷-明-王宠-153252.png,mccd_salvage,ok,200,264,235.5,213.9,False,0.2823,12,0.0006,0.645,clean,none
G:\GitHub\DiT\MCCD\MCCD\MCCD-Calligrapher\calligrapher_dataset\王宠\鳥-楷-明-王宠-155175.png,王宠,楷,鳥,明,155175,鳥-楷-明-王宠-155175.png,mccd_salvage,ok,160,212,237.3,212.5,False,0.2333,9,0.0008,0.3641,clean,none
G:\GitHub\DiT\MCCD\MCCD\MCCD-Calligrapher\calligrapher_dataset\王宠\鳯-楷-明-王宠-155347.png,王宠,楷,鳯,明,155347,鳯-楷-明-王宠-155347.png,mccd_salvage,ok,216,208,228.3,184.1,False,0.3286,9,0.0003,0.3627,clean,none
G:\GitHub\DiT\MCCD\MCCD\MCCD-Calligrapher\calligrapher_dataset\王宠\鳳-楷-明-王宠-155429.png,王宠,楷,鳳,明,155429,鳳-楷-明-王宠-155429.png,mccd_salvage,ok,216,208,228.3,184.1,False,0.3286,9,0.0003,0.3627,clean,none
G:\GitHub\DiT\MCCD\MCCD\MCCD-Calligrapher\calligrapher_dataset\王宠\鴈-楷-明-王宠-155655.png,王宠,楷,鴈,明,155655,鴈-楷-明-王宠-155655.png,mccd_salvage,ok,237,269,239.0,216.6,False,0.2709,9,0.0,0.526,clean,none
G:\GitHub\DiT\MCCD\MCCD\MCCD-Calligrapher\calligrapher_dataset\王宠\鶯-行-明-王宠-156431.png,王宠,行,鶯,明,156431,鶯-行-明-王宠-156431.png,mccd_salvage,ok,156,239,245.4,232.9,False,0.2806,6,0.0,0.387,clean,none
G:\GitHub\DiT\MCCD\MCCD\MCCD-Calligrapher\calligrapher_dataset\王宠\黎-楷-明-王宠-158738.png,王宠,楷,黎,明,158738,黎-楷-明-王宠-158738.png,mccd_salvage,ok,250,260,245.0,230.9,False,0.2256,7,0.0,0.2463,clean,none
G:\GitHub\DiT\MCCD\MCCD\MCCD-Calligrapher\calligrapher_dataset\王宠\齋-行-明-王宠-160378.png,王宠,行,齋,明,160378,齋-行-明-王宠-160378.png,mccd_salvage,ok,202,238,239.2,218.0,False,0.309,5,0.0,0.7608,clean,none
G:\GitHub\DiT\MCCD\MCCD\MCCD-Calligrapher\calligrapher_dataset\王献之\䟽-行-晋-王献之-173078.png,王献之,行,䟽,晋,173078,䟽-行-晋-王献之-173078.png,mccd_salvage,ok,260,200,241.2,228.9,False,0.1145,14,0.0102,0.1733,clean,none
G:\GitHub\DiT\MCCD\MCCD\MCCD-Calligrapher\calligrapher_dataset\王献之\䟽-行-晋-王献之-173080.png,王献之,行,䟽,晋,173080,䟽-行-晋-王献之-173080.png,mccd_salvage,ok,252,240,245.9,236.5,False,0.1107,16,0.0122,0.2215,clean,none
G:\GitHub\DiT\MCCD\MCCD\MCCD-Calligrapher\calligrapher_dataset\王献之\不-行-晋-王献之-中秋帖-63.png,王献之,行,不,晋,中秋帖,不-行-晋-王献之-中秋帖-63.png,mccd_salvage,ok,275,583,245.4,210.9,False,0.4533,1,0.0,1.0,clean,none
G:\GitHub\DiT\MCCD\MCCD\MCCD-Calligrapher\calligrapher_dataset\王献之\也-行-晋-王献之-8909.png,王献之,行,也,晋,8909,也-行-晋-王献之-8909.png,mccd_salvage,ok,275,177,239.7,230.3,False,0.1251,3,0.0,0.9435,clean,none
G:\GitHub\DiT\MCCD\MCCD\MCCD-Calligrapher\calligrapher_dataset\王献之\佳-行-晋-王献之-送梨帖(古摹本)-78.png,王献之,行,佳,晋,送梨帖(古摹本),佳-行-晋-王献之-送梨帖(古摹本)-78.png,mccd_salvage,ok,261,359,242.9,169.2,False,0.2454,24,0.0045,0.63,clean,none
G:\GitHub\DiT\MCCD\MCCD\MCCD-Calligrapher\calligrapher_dataset\王献之\冀-行-晋-王献之-近与铁石帖-74.png,王献之,行,冀,晋,近与铁石帖,冀-行-晋-王献之-近与铁石帖-74.png,mccd_salvage,ok,282,474,178.6,15.1,False,0.7771,2,0.0001,0.9999,broken,too_solid
G:\GitHub\DiT\MCCD\MCCD\MCCD-Calligrapher\calligrapher_dataset\王献之\再-行-晋-王献之-28477.png,王献之,行,再,晋,28477,再-行-晋-王献之-28477.png,mccd_salvage,ok,168,297,237.7,196.5,False,0.5067,2,0.0,0.9833,clean,none
G:\GitHub\DiT\MCCD\MCCD\MCCD-Calligrapher\calligrapher_dataset\王献之\去-行-晋-王献之-39327.png,王献之,行,去,晋,39327,去-行-晋-王献之-39327.png,mccd_salvage,ok,237,284,245.4,223.0,False,0.1821,4,0.0008,0.8268,clean,none
G:\GitHub\DiT\MCCD\MCCD\MCCD-Calligrapher\calligrapher_dataset\王献之\去-行-晋-王献之-39328.png,王献之,行,去,晋,39328,去-行-晋-王献之-39328.png,mccd_salvage,ok,256,292,229.8,223.0,False,0.184,9,0.0014,0.9682,clean,none
G:\GitHub\DiT\MCCD\MCCD\MCCD-Calligrapher\calligrapher_dataset\王献之\可-行-晋-王献之-42570.png,王献之,行,可,晋,42570,可-行-晋-王献之-42570.png,mccd_salvage,ok,243,244,246.2,223.5,False,0.1505,32,0.0279,0.4163,clean,none
G:\GitHub\DiT\MCCD\MCCD\MCCD-Calligrapher\calligrapher_dataset\王献之\吴-行-晋-王献之-45797.png,王献之,行,吴,晋,45797,吴-行-晋-王献之-45797.png,mccd_salvage,ok,256,303,228.8,222.2,False,0.2409,7,0.0017,0.7478,clean,none
G:\GitHub\DiT\MCCD\MCCD\MCCD-Calligrapher\calligrapher_dataset\王献之\吴-行-晋-王献之-45798.png,王献之,行,吴,晋,45798,吴-行-晋-王献之-45798.png,mccd_salvage,ok,250,383,237.4,232.0,False,0.1343,8,0.0005,0.3368,clean,none
G:\GitHub\DiT\MCCD\MCCD\MCCD-Calligrapher\calligrapher_dataset\王献之\問-行-晋-王献之-49298.png,王献之,行,問,晋,49298,問-行-晋-王献之-49298.png,mccd_salvage,ok,263,275,201.6,191.0,False,0.3359,16,0.0029,0.9266,clean,none
G:\GitHub\DiT\MCCD\MCCD\MCCD-Calligrapher\calligrapher_dataset\王献之\善-行-晋-王献之-玄度帖-87.png,王献之,行,善,晋,玄度帖,善-行-晋-王献之-玄度帖-87.png,mccd_salvage,ok,348,588,153.7,73.6,False,0.6389,38,0.0014,0.7343,broken,too_solid
G:\GitHub\DiT\MCCD\MCCD\MCCD-Calligrapher\calligrapher_dataset\王献之\姉-行-晋-王献之-64595.png,王献之,行,姉,晋,64595,姉-行-晋-王献之-64595.png,mccd_salvage,ok,304,229,236.2,239.8,False,0.1383,5,0.0003,0.5891,clean,none
G:\GitHub\DiT\MCCD\MCCD\MCCD-Calligrapher\calligrapher_dataset\王献之\姉-行-晋-王献之-64596.png,王献之,行,姉,晋,64596,姉-行-晋-王献之-64596.png,mccd_salvage,ok,222,310,51.2,32.0,True,0.1471,3,0.0,0.8876,inverted,inverted
G:\GitHub\DiT\MCCD\MCCD\MCCD-Calligrapher\calligrapher_dataset\王献之\姚-楷-晋-王献之-64973.png,王献之,楷,姚,晋,64973,姚-楷-晋-王献之-64973.png,mccd_salvage,ok,284,186,193.7,198.6,False,0.27,42,0.0176,0.4426,clean,none
G:\GitHub\DiT\MCCD\MCCD\MCCD-Calligrapher\calligrapher_dataset\王献之\嫂-行-晋-王献之-疾得损帖-33.png,王献之,行,嫂,晋,疾得损帖,嫂-行-晋-王献之-疾得损帖-33.png,mccd_salvage,ok,371,301,119.4,3.0,True,0.1998,26,0.005,0.3793,inverted,inverted
G:\GitHub\DiT\MCCD\MCCD\MCCD-Calligrapher\calligrapher_dataset\王献之\寡-行-晋-王献之-亮白帖-74.png,王献之,行,寡,晋,亮白帖,寡-行-晋-王献之-亮白帖-74.png,mccd_salvage,ok,368,437,156.6,10.5,False,0.7942,3,0.0001,0.9944,broken,too_solid
G:\GitHub\DiT\MCCD\MCCD\MCCD-Calligrapher\calligrapher_dataset\王献之\實-楷-晋-王献之-74140.png,王献之,楷,實,晋,74140,實-楷-晋-王献之-74140.png,mccd_salvage,ok,246,284,191.9,226.1,False,0.2303,49,0.018,0.3433,clean,none
G:\GitHub\DiT\MCCD\MCCD\MCCD-Calligrapher\calligrapher_dataset\王献之\實-行-晋-王献之-74156.png,王献之,行,實,晋,74156,實-行-晋-王献之-74156.png,mccd_salvage,ok,189,314,234.2,227.1,False,0.1707,9,0.0015,0.3749,clean,none
G:\GitHub\DiT\MCCD\MCCD\MCCD-Calligrapher\calligrapher_dataset\王献之\差-行-晋-王献之-81946.png,王献之,行,差,晋,81946,差-行-晋-王献之-81946.png,mccd_salvage,ok,221,320,187.6,157.0,False,0.6732,1,0.0,1.0,broken,too_solid
G:\GitHub\DiT\MCCD\MCCD\MCCD-Calligrapher\calligrapher_dataset\王献之\差-行-晋-王献之-散情帖-85.png,王献之,行,差,晋,散情帖,差-行-晋-王献之-散情帖-85.png,mccd_salvage,ok,247,457,204.0,40.1,True,0.2823,106,0.0225,0.7821,inverted,inverted
G:\GitHub\DiT\MCCD\MCCD\MCCD-Calligrapher\calligrapher_dataset\王献之\忽-行-晋-王献之-忽动帖-82.png,王献之,行,忽,晋,忽动帖,忽-行-晋-王献之-忽动帖-82.png,mccd_salvage,ok,263,363,148.9,5.3,False,0.8265,3,0.0001,0.9999,broken,too_solid
G:\GitHub\DiT\MCCD\MCCD\MCCD-Calligrapher\calligrapher_dataset\王献之\慰-行-晋-王献之-100807.png,王献之,行,慰,晋,100807,慰-行-晋-王献之-100807.png,mccd_salvage,ok,292,246,236.3,235.8,False,0.1126,20,0.0091,0.2335,clean,none
G:\GitHub\DiT\MCCD\MCCD\MCCD-Calligrapher\calligrapher_dataset\王献之\慰-行-晋-王献之-100812.png,王献之,行,慰,晋,100812,慰-行-晋-王献之-100812.png,mccd_salvage,ok,270,295,231.8,216.9,False,0.1969,10,0.0009,0.5314,clean,none
G:\GitHub\DiT\MCCD\MCCD\MCCD-Calligrapher\calligrapher_dataset\王献之\慰-行-晋-王献之-东山帖-74.png,王献之,行,慰,晋,东山帖,慰-行-晋-王献之-东山帖-74.png,mccd_salvage,ok,353,406,160.2,3.5,False,0.7917,2,0.0,1.0,broken,too_solid
G:\GitHub\DiT\MCCD\MCCD\MCCD-Calligrapher\calligrapher_dataset\王献之\措-行-晋-王献之-孤不度德量力帖-37.png,王献之,行,措,晋,孤不度德量力帖,措-行-晋-王献之-孤不度德量力帖-37.png,mccd_salvage,ok,355,401,188.6,7.6,False,0.7233,3,0.0,0.995,broken,too_solid
G:\GitHub\DiT\MCCD\MCCD\MCCD-Calligrapher\calligrapher_dataset\王献之\明-行-晋-王献之-2043.png,王献之,行,明,晋,2043,明-行-晋-王献之-2043.png,mccd_salvage,ok,202,254,216.7,126.8,False,0.5118,1,0.0,1.0,clean,none
G:\GitHub\DiT\MCCD\MCCD\MCCD-Calligrapher\calligrapher_dataset\王献之\月-行-晋-王献之-薄冷帖-63.png,王献之,行,月,晋,薄冷帖,月-行-晋-王献之-薄冷帖-63.png,mccd_salvage,ok,268,443,148.9,9.2,False,0.6941,1,0.0,1.0,broken,too_solid
G:\GitHub\DiT\MCCD\MCCD\MCCD-Calligrapher\calligrapher_dataset\王献之\果-行-晋-王献之-小园帖-70.png,王献之,行,果,晋,小园帖,果-行-晋-王献之-小园帖-70.png,mccd_salvage,ok,212,409,151.1,4.5,False,0.8516,2,0.0,0.9925,broken,too_solid
G:\GitHub\DiT\MCCD\MCCD\MCCD-Calligrapher\calligrapher_dataset\王献之\汝-行-晋-王献之-25197.png,王献之,行,汝,晋,25197,汝-行-晋-王献之-25197.png,mccd_salvage,ok,241,198,237.7,220.1,False,0.14,3,0.0,0.5929,clean,none
G:\GitHub\DiT\MCCD\MCCD\MCCD-Calligrapher\calligrapher_dataset\王献之\汝-行-晋-王献之-25199.png,王献之,行,汝,晋,25199,汝-行-晋-王献之-25199.png,mccd_salvage,ok,242,231,235.0,227.8,False,0.1702,3,0.0,0.9064,clean,none
G:\GitHub\DiT\MCCD\MCCD\MCCD-Calligrapher\calligrapher_dataset\王献之\洛-楷-晋-王献之-27537.png,王献之,楷,洛,晋,27537,洛-楷-晋-王献之-27537.png,mccd_salvage,ok,295,257,131.4,105.7,False,0.6613,7,0.0008,0.9392,broken,too_solid
G:\GitHub\DiT\MCCD\MCCD\MCCD-Calligrapher\calligrapher_dataset\王献之\王-楷-晋-王献之-44395.png,王献之,楷,王,晋,44395,王-楷-晋-王献之-44395.png,mccd_salvage,ok,274,219,201.7,219.2,False,0.3218,13,0.0016,0.7897,clean,none
G:\GitHub\DiT\MCCD\MCCD\MCCD-Calligrapher\calligrapher_dataset\王献之\生-行-晋-王献之-47517.png,王献之,行,生,晋,47517,生-行-晋-王献之-47517.png,mccd_salvage,ok,224,382,232.6,197.1,False,0.3466,5,0.0016,0.9984,clean,none
G:\GitHub\DiT\MCCD\MCCD\MCCD-Calligrapher\calligrapher_dataset\王献之\生-行-晋-王献之-47518.png,王献之,行,生,晋,47518,生-行-晋-王献之-47518.png,mccd_salvage,ok,249,422,210.7,248.9,False,0.1655,8,0.0009,0.4712,clean,none
G:\GitHub\DiT\MCCD\MCCD\MCCD-Calligrapher\calligrapher_dataset\王献之\百-行-晋-王献之-53327.png,王献之,行,百,晋,53327,百-行-晋-王献之-53327.png,mccd_salvage,ok,181,376,239.4,195.4,False,0.5139,1,0.0,1.0,clean,none
G:\GitHub\DiT\MCCD\MCCD\MCCD-Calligrapher\calligrapher_dataset\王献之\省-行-晋-王献之-56196.png,王献之,行,省,晋,56196,省-行-晋-王献之-56196.png,mccd_salvage,ok,167,244,235.8,197.8,False,0.4685,1,0.0,1.0,clean,none
G:\GitHub\DiT\MCCD\MCCD\MCCD-Calligrapher\calligrapher_dataset\王献之\等-行-晋-王献之-67608.png,王献之,行,等,晋,67608,等-行-晋-王献之-67608.png,mccd_salvage,ok,167,285,223.0,161.5,False,0.6136,1,0.0,1.0,broken,too_solid
G:\GitHub\DiT\MCCD\MCCD\MCCD-Calligrapher\calligrapher_dataset\王献之\等-行-晋-王献之-鹅群帖-66.png,王献之,行,等,晋,鹅群帖,等-行-晋-王献之-鹅群帖-66.png,mccd_salvage,ok,221,289,242.9,210.8,False,0.3346,4,0.0014,0.9986,clean,none
G:\GitHub\DiT\MCCD\MCCD\MCCD-Calligrapher\calligrapher_dataset\王献之\而-行-晋-王献之-80844.png,王献之,行,而,晋,80844,而-行-晋-王献之-80844.png,mccd_salvage,ok,270,203,217.2,217.9,False,0.1839,7,0.0012,0.4739,clean,none
G:\GitHub\DiT\MCCD\MCCD\MCCD-Calligrapher\calligrapher_dataset\王献之\舍-行-晋-王献之-还此帖-83.png,王献之,行,舍,晋,还此帖,舍-行-晋-王献之-还此帖-83.png,mccd_salvage,ok,183,372,166.4,34.8,False,0.688,2,0.0,0.9992,broken,too_solid
G:\GitHub\DiT\MCCD\MCCD\MCCD-Calligrapher\calligrapher_dataset\王献之\船-行-晋-王献之-江州帖-52.png,王献之,行,船,晋,江州帖,船-行-晋-王献之-江州帖-52.png,mccd_salvage,ok,356,251,109.7,16.2,True,0.2031,5,0.0005,0.4758,inverted,inverted
G:\GitHub\DiT\MCCD\MCCD\MCCD-Calligrapher\calligrapher_dataset\王献之\良-楷-晋-王献之-89056.png,王献之,楷,良,晋,89056,良-楷-晋-王献之-89056.png,mccd_salvage,ok,270,249,166.4,169.6,False,0.3573,32,0.0072,0.5424,clean,none
G:\GitHub\DiT\MCCD\MCCD\MCCD-Calligrapher\calligrapher_dataset\王献之\蕃-行-晋-王献之-复面帖-53.png,王献之,行,蕃,晋,复面帖,蕃-行-晋-王献之-复面帖-53.png,mccd_salvage,ok,355,475,143.1,8.1,False,0.8069,2,0.0,0.9921,broken,too_solid
G:\GitHub\DiT\MCCD\MCCD\MCCD-Calligrapher\calligrapher_dataset\王献之\衆-楷-晋-王献之-100635.png,王献之,楷,衆,晋,100635,衆-楷-晋-王献之-100635.png,mccd_salvage,ok,285,280,200.0,235.6,False,0.2106,44,0.0168,0.3421,clean,none
G:\GitHub\DiT\MCCD\MCCD\MCCD-Calligrapher\calligrapher_dataset\王献之\辛-行-晋-王献之-服油帖-74.png,王献之,行,辛,晋,服油帖,辛-行-晋-王献之-服油帖-74.png,mccd_salvage,ok,209,427,199.2,39.7,False,0.6594,10,0.0002,0.6296,broken,too_solid
G:\GitHub\DiT\MCCD\MCCD\MCCD-Calligrapher\calligrapher_dataset\王献之\進-行-晋-王献之-124281.png,王献之,行,進,晋,124281,進-行-晋-王献之-124281.png,mccd_salvage,ok,256,398,203.1,237.3,False,0.2278,10,0.0029,0.9079,clean,none
G:\GitHub\DiT\MCCD\MCCD\MCCD-Calligrapher\calligrapher_dataset\王献之\進-行-晋-王献之-124282.png,王献之,行,進,晋,124282,進-行-晋-王献之-124282.png,mccd_salvage,ok,225,264,233.3,216.3,False,0.1077,18,0.008,0.3359,clean,none
G:\GitHub\DiT\MCCD\MCCD\MCCD-Calligrapher\calligrapher_dataset\王献之\遂-行-晋-王献之-124551.png,王献之,行,遂,晋,124551,遂-行-晋-王献之-124551.png,mccd_salvage,ok,200,187,219.6,168.4,False,0.2812,5,0.0,0.7869,clean,none
G:\GitHub\DiT\MCCD\MCCD\MCCD-Calligrapher\calligrapher_dataset\王献之\遂-行-晋-王献之-124552.png,王献之,行,遂,晋,124552,遂-行-晋-王献之-124552.png,mccd_salvage,ok,227,291,239.0,211.5,False,0.1512,12,0.0054,0.3881,clean,none
G:\GitHub\DiT\MCCD\MCCD\MCCD-Calligrapher\calligrapher_dataset\王献之\鄱-行-晋-王献之-还比帖-20.png,王献之,行,鄱,晋,还比帖,鄱-行-晋-王献之-还比帖-20.png,mccd_salvage,ok,350,384,177.2,8.1,False,0.7782,2,0.0001,0.9999,broken,too_solid
G:\GitHub\DiT\MCCD\MCCD\MCCD-Calligrapher\calligrapher_dataset\王羲之\七-行-唐-王羲之-896.png,王羲之,行,七,唐,896,七-行-唐-王羲之-896.png,mccd_salvage,ok,215,173,249.8,230.0,False,0.2676,1,0.0,1.0,clean,none
G:\GitHub\DiT\MCCD\MCCD\MCCD-Calligrapher\calligrapher_dataset\王羲之\三-行-唐-王羲之-1280.png,王羲之,行,三,唐,1280,三-行-唐-王羲之-1280.png,mccd_salvage,ok,273,156,239.1,234.6,False,0.1443,7,0.0015,0.5983,clean,none
G:\GitHub\DiT\MCCD\MCCD\MCCD-Calligrapher\calligrapher_dataset\王羲之\上-行-唐-王羲之-1614.png,王羲之,行,上,唐,1614,上-行-唐-王羲之-1614.png,mccd_salvage,ok,201,224,236.8,234.7,False,0.2294,4,0.001,0.5811,clean,none
G:\GitHub\DiT\MCCD\MCCD\MCCD-Calligrapher\calligrapher_dataset\王羲之\不-行-唐-王羲之-3005.png,王羲之,行,不,唐,3005,不-行-唐-王羲之-3005.png,mccd_salvage,ok,282,222,217.7,221.7,False,0.1956,3,0.0,0.7439,clean,none
G:\GitHub\DiT\MCCD\MCCD\MCCD-Calligrapher\calligrapher_dataset\王羲之\不-行-晋-王羲之-2997.png,王羲之,行,不,晋,2997,不-行-晋-王羲之-2997.png,mccd_salvage,ok,272,212,239.6,208.0,False,0.2721,2,0.0,0.8137,clean,none
G:\GitHub\DiT\MCCD\MCCD\MCCD-Calligrapher\calligrapher_dataset\王羲之\世-行-唐-王羲之-4015.png,王羲之,行,世,唐,4015,世-行-唐-王羲之-4015.png,mccd_salvage,ok,274,227,240.3,227.4,False,0.1798,6,0.0028,0.9646,clean,none
G:\GitHub\DiT\MCCD\MCCD\MCCD-Calligrapher\calligrapher_dataset\王羲之\世-行-晋-王羲之-4011.png,王羲之,行,世,晋,4011,世-行-晋-王羲之-4011.png,mccd_salvage,ok,233,170,233.1,177.1,False,0.4837,1,0.0,1.0,clean,none
G:\GitHub\DiT\MCCD\MCCD\MCCD-Calligrapher\calligrapher_dataset\王羲之\丘-行-唐-王羲之-4175.png,王羲之,行,丘,唐,4175,丘-行-唐-王羲之-4175.png,mccd_salvage,ok,249,343,235.8,237.6,False,0.1741,7,0.0014,0.4769,clean,none
G:\GitHub\DiT\MCCD\MCCD\MCCD-Calligrapher\calligrapher_dataset\王羲之\丸-行-晋-王羲之-二仪日月千字文-55.png,王羲之,行,丸,晋,二仪日月千字文,丸-行-晋-王羲之-二仪日月千字文-55.png,mccd_salvage,ok,246,219,245.0,188.8,False,0.4377,1,0.0,1.0,clean,none
G:\GitHub\DiT\MCCD\MCCD\MCCD-Calligrapher\calligrapher_dataset\王羲之\丹-行-晋-王羲之-知庾丹杨帖-61.png,王羲之,行,丹,晋,知庾丹杨帖,丹-行-晋-王羲之-知庾丹杨帖-61.png,mccd_salvage,ok,267,281,138.3,0.9,False,0.7756,3,0.0,0.923,broken,too_solid
G:\GitHub\DiT\MCCD\MCCD\MCCD-Calligrapher\calligrapher_dataset\王羲之\之-行-晋-王羲之-6912.png,王羲之,行,之,晋,6912,之-行-晋-王羲之-6912.png,mccd_salvage,ok,213,207,217.3,166.8,False,0.4213,4,0.0,0.3484,clean,none
G:\GitHub\DiT\MCCD\MCCD\MCCD-Calligrapher\calligrapher_dataset\王羲之\之-行-晋-王羲之-6921.png,王羲之,行,之,晋,6921,之-行-晋-王羲之-6921.png,mccd_salvage,ok,266,246,235.0,220.7,False,0.2302,4,0.0,0.4822,clean,none
G:\GitHub\DiT\MCCD\MCCD\MCCD-Calligrapher\calligrapher_dataset\王羲之\九-行-唐-王羲之-8181.png,王羲之,行,九,唐,8181,九-行-唐-王羲之-8181.png,mccd_salvage,ok,279,222,228.4,246.2,False,0.2061,9,0.0023,0.9379,clean,none
G:\GitHub\DiT\MCCD\MCCD\MCCD-Calligrapher\calligrapher_dataset\王羲之\九-行-晋-王羲之-8169.png,王羲之,行,九,晋,8169,九-行-晋-王羲之-8169.png,mccd_salvage,ok,242,153,215.7,233.8,False,0.2234,2,0.0,0.8917,clean,none
G:\GitHub\DiT\MCCD\MCCD\MCCD-Calligrapher\calligrapher_dataset\王羲之\乞-行-唐-王羲之-8277.png,王羲之,行,乞,唐,8277,乞-行-唐-王羲之-8277.png,mccd_salvage,ok,186,362,239.6,205.5,False,0.1454,11,0.0047,0.5383,clean,none
G:\GitHub\DiT\MCCD\MCCD\MCCD-Calligrapher\calligrapher_dataset\王羲之\也-行-唐-王羲之-8917.png,王羲之,行,也,唐,8917,也-行-唐-王羲之-8917.png,mccd_salvage,ok,243,206,248.2,234.7,False,0.2054,1,0.0,1.0,clean,none
G:\GitHub\DiT\MCCD\MCCD\MCCD-Calligrapher\calligrapher_dataset\王羲之\也-行-唐-王羲之-8922.png,王羲之,行,也,唐,8922,也-行-唐-王羲之-8922.png,mccd_salvage,ok,211,202,230.3,219.0,False,0.1938,5,0.0028,0.9425,clean,none
G:\GitHub\DiT\MCCD\MCCD\MCCD-Calligrapher\calligrapher_dataset\王羲之\乾-行-唐-王羲之-9131.png,王羲之,行,乾,唐,9131,乾-行-唐-王羲之-9131.png,mccd_salvage,ok,266,312,228.5,227.6,False,0.2124,4,0.0012,0.6968,clean,none
G:\GitHub\DiT\MCCD\MCCD\MCCD-Calligrapher\calligrapher_dataset\王羲之\乾-行-唐-王羲之-9133.png,王羲之,行,乾,唐,9133,乾-行-唐-王羲之-9133.png,mccd_salvage,ok,295,318,189.5,240.5,False,0.2188,7,0.0012,0.4778,clean,none
G:\GitHub\DiT\MCCD\MCCD\MCCD-Calligrapher\calligrapher_dataset\王羲之\云-行-唐-王羲之-10775.png,王羲之,行,云,唐,10775,云-行-唐-王羲之-10775.png,mccd_salvage,ok,202,307,234.1,221.3,False,0.2068,5,0.0002,0.8919,clean,none
G:\GitHub\DiT\MCCD\MCCD\MCCD-Calligrapher\calligrapher_dataset\王羲之\云-行-唐-王羲之-10777.png,王羲之,行,云,唐,10777,云-行-唐-王羲之-10777.png,mccd_salvage,ok,175,254,237.4,224.8,False,0.124,5,0.0,0.5117,clean,none
G:\GitHub\DiT\MCCD\MCCD\MCCD-Calligrapher\calligrapher_dataset\王羲之\京-行-唐-王羲之-13073.png,王羲之,行,京,唐,13073,京-行-唐-王羲之-13073.png,mccd_salvage,ok,218,281,237.5,236.0,False,0.1359,5,0.0,0.803,clean,none
G:\GitHub\DiT\MCCD\MCCD\MCCD-Calligrapher\calligrapher_dataset\王羲之\人-行-唐-王羲之-14194.png,王羲之,行,人,唐,14194,人-行-唐-王羲之-14194.png,mccd_salvage,ok,288,215,217.2,246.5,False,0.0899,15,0.0171,0.4957,clean,none
G:\GitHub\DiT\MCCD\MCCD\MCCD-Calligrapher\calligrapher_dataset\王羲之\仁-行-唐-王羲之-14388.png,王羲之,行,仁,唐,14388,仁-行-唐-王羲之-14388.png,mccd_salvage,ok,230,199,245.2,228.4,False,0.0887,4,0.0,0.3552,clean,none
G:\GitHub\DiT\MCCD\MCCD\MCCD-Calligrapher\calligrapher_dataset\王羲之\仁-行-唐-王羲之-14395.png,王羲之,行,仁,唐,14395,仁-行-唐-王羲之-14395.png,mccd_salvage,ok,236,163,241.1,239.7,False,0.1036,5,0.0,0.4017,clean,none
G:\GitHub\DiT\MCCD\MCCD\MCCD-Calligrapher\calligrapher_dataset\王羲之\今-行-唐-王羲之-14656.png,王羲之,行,今,唐,14656,今-行-唐-王羲之-14656.png,mccd_salvage,ok,269,223,237.1,238.9,False,0.1194,8,0.0043,0.626,clean,none
G:\GitHub\DiT\MCCD\MCCD\MCCD-Calligrapher\calligrapher_dataset\王羲之\令-行-唐-王羲之-15533.png,王羲之,行,令,唐,15533,令-行-唐-王羲之-15533.png,mccd_salvage,ok,275,237,248.1,238.5,False,0.0816,4,0.0,0.4236,clean,none
G:\GitHub\DiT\MCCD\MCCD\MCCD-Calligrapher\calligrapher_dataset\王羲之\以-行-唐-王羲之-15725.png,王羲之,行,以,唐,15725,以-行-唐-王羲之-15725.png,mccd_salvage,ok,284,177,218.2,247.5,False,0.1205,8,0.0058,0.5378,clean,none
G:\GitHub\DiT\MCCD\MCCD\MCCD-Calligrapher\calligrapher_dataset\王羲之\件-行-唐-王羲之-15977.png,王羲之,行,件,唐,15977,件-行-唐-王羲之-15977.png,mccd_salvage,ok,258,339,249.9,241.5,False,0.0789,11,0.0029,0.1859,clean,none
G:\GitHub\DiT\MCCD\MCCD\MCCD-Calligrapher\calligrapher_dataset\王羲之\休-行-唐-王羲之-16631.png,王羲之,行,休,唐,16631,休-行-唐-王羲之-16631.png,mccd_salvage,ok,289,273,230.6,246.1,False,0.1479,7,0.0027,0.5319,clean,none
G:\GitHub\DiT\MCCD\MCCD\MCCD-Calligrapher\calligrapher_dataset\王羲之\住-行-唐-王羲之-17189.png,王羲之,行,住,唐,17189,住-行-唐-王羲之-17189.png,mccd_salvage,ok,265,314,226.2,223.8,False,0.168,12,0.0027,0.5718,clean,none
G:\GitHub\DiT\MCCD\MCCD\MCCD-Calligrapher\calligrapher_dataset\王羲之\何-行-唐-王羲之-17408.png,王羲之,行,何,唐,17408,何-行-唐-王羲之-17408.png,mccd_salvage,ok,281,252,216.2,248.4,False,0.1154,23,0.0064,0.183,clean,none
G:\GitHub\DiT\MCCD\MCCD\MCCD-Calligrapher\calligrapher_dataset\王羲之\佛-行-唐-王羲之-17723.png,王羲之,行,佛,唐,17723,佛-行-唐-王羲之-17723.png,mccd_salvage,ok,224,274,235.6,211.9,False,0.2611,4,0.0,0.7733,clean,none
G:\GitHub\DiT\MCCD\MCCD\MCCD-Calligrapher\calligrapher_dataset\王羲之\依-行-唐-王羲之-18900.png,王羲之,行,依,唐,18900,依-行-唐-王羲之-18900.png,mccd_salvage,ok,232,230,245.6,213.5,False,0.1807,9,0.0025,0.466,clean,none
G:\GitHub\DiT\MCCD\MCCD\MCCD-Calligrapher\calligrapher_dataset\王羲之\依-行-唐-王羲之-18901.png,王羲之,行,依,唐,18901,依-行-唐-王羲之-18901.png,mccd_salvage,ok,280,257,208.5,225.2,False,0.1859,37,0.0164,0.2946,clean,none
G:\GitHub\DiT\MCCD\MCCD\MCCD-Calligrapher\calligrapher_dataset\王羲之\侯-行-晋-王羲之-19176.png,王羲之,行,侯,晋,19176,侯-行-晋-王羲之-19176.png,mccd_salvage,ok,184,226,238.2,194.6,False,0.4901,2,0.0,0.9375,clean,none
G:\GitHub\DiT\MCCD\MCCD\MCCD-Calligrapher\calligrapher_dataset\王羲之\侶-行-唐-王羲之-19283.png,王羲之,行,侶,唐,19283,侶-行-唐-王羲之-19283.png,mccd_salvage,ok,255,222,233.8,206.0,False,0.2279,10,0.0021,0.3976,clean,none
G:\GitHub\DiT\MCCD\MCCD\MCCD-Calligrapher\calligrapher_dataset\王羲之\備-行-唐-王羲之-21878.png,王羲之,行,備,唐,21878,備-行-唐-王羲之-21878.png,mccd_salvage,ok,289,278,215.5,237.7,False,0.2456,8,0.0012,0.7337,clean,none
G:\GitHub\DiT\MCCD\MCCD\MCCD-Calligrapher\calligrapher_dataset\王羲之\像-行-唐-王羲之-22480.png,王羲之,行,像,唐,22480,像-行-唐-王羲之-22480.png,mccd_salvage,ok,241,244,214.6,231.2,False,0.2311,25,0.0115,0.4079,clean,none
G:\GitHub\DiT\MCCD\MCCD\MCCD-Calligrapher\calligrapher_dataset\王羲之\像-行-唐-王羲之-22481.png,王羲之,行,像,唐,22481,像-行-唐-王羲之-22481.png,mccd_salvage,ok,235,260,210.0,211.6,False,0.268,11,0.0013,0.4366,clean,none
G:\GitHub\DiT\MCCD\MCCD\MCCD-Calligrapher\calligrapher_dataset\王羲之\像-行-唐-王羲之-22483.png,王羲之,行,像,唐,22483,像-行-唐-王羲之-22483.png,mccd_salvage,ok,260,273,222.8,239.1,False,0.161,10,0.0014,0.3289,clean,none
G:\GitHub\DiT\MCCD\MCCD\MCCD-Calligrapher\calligrapher_dataset\王羲之\先-行-唐-王羲之-24382.png,王羲之,行,先,唐,24382,先-行-唐-王羲之-24382.png,mccd_salvage,ok,273,302,209.3,240.8,False,0.2029,22,0.0058,0.8706,clean,none
G:\GitHub\DiT\MCCD\MCCD\MCCD-Calligrapher\calligrapher_dataset\王羲之\光-行-唐-王羲之-24573.png,王羲之,行,光,唐,24573,光-行-唐-王羲之-24573.png,mccd_salvage,ok,267,263,227.3,232.4,False,0.2755,11,0.0014,0.9458,clean,none
G:\GitHub\DiT\MCCD\MCCD\MCCD-Calligrapher\calligrapher_dataset\王羲之\兢-行-唐-王羲之-25284.png,王羲之,行,兢,唐,25284,兢-行-唐-王羲之-25284.png,mccd_salvage,ok,253,231,232.8,242.5,False,0.1486,38,0.0172,0.2881,clean,none
G:\GitHub\DiT\MCCD\MCCD\MCCD-Calligrapher\calligrapher_dataset\王羲之\八-行-唐-王羲之-26171.png,王羲之,行,八,唐,26171,八-行-唐-王羲之-26171.png,mccd_salvage,ok,281,98,216.6,226.5,False,0.1783,8,0.0096,0.4648,clean,none
G:\GitHub\DiT\MCCD\MCCD\MCCD-Calligrapher\calligrapher_dataset\王羲之\八-行-唐-王羲之-26176.png,王羲之,行,八,唐,26176,八-行-唐-王羲之-26176.png,mccd_salvage,ok,286,82,241.8,217.4,False,0.2143,12,0.0111,0.518,clean,none
G:\GitHub\DiT\MCCD\MCCD\MCCD-Calligrapher\calligrapher_dataset\王羲之\六-行-唐-王羲之-26831.png,王羲之,行,六,唐,26831,六-行-唐-王羲之-26831.png,mccd_salvage,ok,284,234,235.2,233.9,False,0.1863,11,0.0011,0.5031,clean,none
G:\GitHub\DiT\MCCD\MCCD\MCCD-Calligrapher\calligrapher_dataset\王羲之\兮-行-唐-王羲之-26956.png,王羲之,行,兮,唐,26956,兮-行-唐-王羲之-26956.png,mccd_salvage,ok,221,377,246.8,234.5,False,0.1673,8,0.0019,0.8468,clean,none
G:\GitHub\DiT\MCCD\MCCD\MCCD-Calligrapher\calligrapher_dataset\王羲之\共-行-唐-王羲之-27065.png,王羲之,行,共,唐,27065,共-行-唐-王羲之-27065.png,mccd_salvage,ok,249,302,235.1,233.4,False,0.2197,5,0.0,0.5959,clean,none
G:\GitHub\DiT\MCCD\MCCD\MCCD-Calligrapher\calligrapher_dataset\王羲之\典-行-唐-王羲之-27749.png,王羲之,行,典,唐,27749,典-行-唐-王羲之-27749.png,mccd_salvage,ok,241,277,248.0,241.9,False,0.2029,10,0.0023,0.8522,clean,none
G:\GitHub\DiT\MCCD\MCCD\MCCD-Calligrapher\calligrapher_dataset\王羲之\内-行-唐-王羲之-28216.png,王羲之,行,内,唐,28216,内-行-唐-王羲之-28216.png,mccd_salvage,ok,268,293,209.4,227.1,False,0.2635,17,0.0044,0.9284,clean,none
G:\GitHub\DiT\MCCD\MCCD\MCCD-Calligrapher\calligrapher_dataset\王羲之\凡-行-唐-王羲之-29511.png,王羲之,行,凡,唐,29511,凡-行-唐-王羲之-29511.png,mccd_salvage,ok,225,317,227.7,198.0,False,0.2248,5,0.0,0.8062,clean,none
G:\GitHub\DiT\MCCD\MCCD\MCCD-Calligrapher\calligrapher_dataset\王羲之\凡-行-唐-王羲之-29514.png,王羲之,行,凡,唐,29514,凡-行-唐-王羲之-29514.png,mccd_salvage,ok,216,293,206.5,239.3,False,0.2057,11,0.0054,0.7184,clean,none
G:\GitHub\DiT\MCCD\MCCD\MCCD-Calligrapher\calligrapher_dataset\王羲之\分-行-唐-王羲之-30321.png,王羲之,行,分,唐,30321,分-行-唐-王羲之-30321.png,mccd_salvage,ok,257,312,236.9,218.9,False,0.1579,3,0.0017,0.7503,clean,none
G:\GitHub\DiT\MCCD\MCCD\MCCD-Calligrapher\calligrapher_dataset\王羲之\刋-行-唐-王羲之-30503.png,王羲之,行,刋,唐,30503,刋-行-唐-王羲之-30503.png,mccd_salvage,ok,236,313,232.5,212.6,False,0.1183,19,0.0079,0.3726,clean,none
G:\GitHub\DiT\MCCD\MCCD\MCCD-Calligrapher\calligrapher_dataset\王羲之\刪-行-唐-王羲之-31184.png,王羲之,行,刪,唐,31184,刪-行-唐-王羲之-31184.png,mccd_salvage,ok,274,313,228.2,244.2,False,0.159,21,0.0065,0.5165,clean,none
G:\GitHub\DiT\MCCD\MCCD\MCCD-Calligrapher\calligrapher_dataset\王羲之\刻-行-唐-王羲之-31638.png,王羲之,行,刻,唐,31638,刻-行-唐-王羲之-31638.png,mccd_salvage,ok,245,290,212.3,230.2,False,0.1331,19,0.0075,0.3444,clean,none
G:\GitHub\DiT\MCCD\MCCD\MCCD-Calligrapher\calligrapher_dataset\王羲之\則-行-唐-王羲之-31835.png,王羲之,行,則,唐,31835,則-行-唐-王羲之-31835.png,mccd_salvage,ok,234,318,212.3,165.4,False,0.2497,7,0.0003,0.5727,clean,none
G:\GitHub\DiT\MCCD\MCCD\MCCD-Calligrapher\calligrapher_dataset\王羲之\前-行-唐-王羲之-32070.png,王羲之,行,前,唐,32070,前-行-唐-王羲之-32070.png,mccd_salvage,ok,226,329,218.3,243.5,False,0.1505,28,0.0092,0.2314,clean,none
G:\GitHub\DiT\MCCD\MCCD\MCCD-Calligrapher\calligrapher_dataset\王羲之\勒-行-唐-王羲之-33542.png,王羲之,行,勒,唐,33542,勒-行-唐-王羲之-33542.png,mccd_salvage,ok,261,301,240.5,225.5,False,0.2265,21,0.0057,0.4917,clean,none
G:\GitHub\DiT\MCCD\MCCD\MCCD-Calligrapher\calligrapher_dataset\王羲之\動-行-唐-王羲之-33599.png,王羲之,行,動,唐,33599,動-行-唐-王羲之-33599.png,mccd_salvage,ok,259,239,221.8,223.3,False,0.2436,4,0.0,0.894,clean,none
G:\GitHub\DiT\MCCD\MCCD\MCCD-Calligrapher\calligrapher_dataset\王羲之\勳-行-唐-王羲之-34153.png,王羲之,行,勳,唐,34153,勳-行-唐-王羲之-34153.png,mccd_salvage,ok,296,323,227.8,241.4,False,0.144,24,0.0101,0.4059,clean,none
G:\GitHub\DiT\MCCD\MCCD\MCCD-Calligrapher\calligrapher_dataset\王羲之\勿-行-晋-王羲之-34497.png,王羲之,行,勿,晋,34497,勿-行-晋-王羲之-34497.png,mccd_salvage,ok,202,201,233.7,181.4,False,0.4732,1,0.0,1.0,clean,none
G:\GitHub\DiT\MCCD\MCCD\MCCD-Calligrapher\calligrapher_dataset\王羲之\化-楷-晋-王羲之-34845.png,王羲之,楷,化,晋,34845,化-楷-晋-王羲之-34845.png,mccd_salvage,ok,222,150,234.5,202.0,False,0.2886,2,0.0,0.598,clean,none
G:\GitHub\DiT\MCCD\MCCD\MCCD-Calligrapher\calligrapher_dataset\王羲之\匪-行-唐-王羲之-35303.png,王羲之,行,匪,唐,35303,匪-行-唐-王羲之-35303.png,mccd_salvage,ok,241,308,227.9,210.5,False,0.2561,6,0.0,0.3831,clean,none
G:\GitHub\DiT\MCCD\MCCD\MCCD-Calligrapher\calligrapher_dataset\王羲之\匱-行-唐-王羲之-35365.png,王羲之,行,匱,唐,35365,匱-行-唐-王羲之-35365.png,mccd_salvage,ok,208,325,233.7,188.7,False,0.3077,3,0.0,0.9825,clean,none
G:\GitHub\DiT\MCCD\MCCD\MCCD-Calligrapher\calligrapher_dataset\王羲之\十-行-晋-王羲之-35851.png,王羲之,行,十,晋,35851,十-行-晋-王羲之-35851.png,mccd_salvage,ok,268,305,238.1,238.2,False,0.1963,3,0.0001,0.9767,clean,none
G:\GitHub\DiT\MCCD\MCCD\MCCD-Calligrapher\calligrapher_dataset\王羲之\十-行-晋-王羲之-35855.png,王羲之,行,十,晋,35855,十-行-晋-王羲之-35855.png,mccd_salvage,ok,169,223,242.0,228.2,False,0.2193,1,0.0,1.0,clean,none
G:\GitHub\DiT\MCCD\MCCD\MCCD-Calligrapher\calligrapher_dataset\王羲之\千-行-唐-王羲之-36039.png,王羲之,行,千,唐,36039,千-行-唐-王羲之-36039.png,mccd_salvage,ok,233,263,245.2,232.0,False,0.1,10,0.006,0.5368,clean,none
G:\GitHub\DiT\MCCD\MCCD\MCCD-Calligrapher\calligrapher_dataset\王羲之\卉-行-唐-王羲之-36472.png,王羲之,行,卉,唐,36472,卉-行-唐-王羲之-36472.png,mccd_salvage,ok,259,361,219.6,241.9,False,0.2362,9,0.0032,0.9462,clean,none
G:\GitHub\DiT\MCCD\MCCD\MCCD-Calligrapher\calligrapher_dataset\王羲之\南-行-唐-王羲之-37034.png,王羲之,行,南,唐,37034,南-行-唐-王羲之-37034.png,mccd_salvage,ok,280,260,211.8,212.3,False,0.2539,5,0.0017,0.8348,clean,none
G:\GitHub\DiT\MCCD\MCCD\MCCD-Calligrapher\calligrapher_dataset\王羲之\南-行-唐-王羲之-37035.png,王羲之,行,南,唐,37035,南-行-唐-王羲之-37035.png,mccd_salvage,ok,286,299,245.2,214.8,False,0.2675,17,0.0052,0.9083,clean,none
G:\GitHub\DiT\MCCD\MCCD\MCCD-Calligrapher\calligrapher_dataset\王羲之\危-行-唐-王羲之-37840.png,王羲之,行,危,唐,37840,危-行-唐-王羲之-37840.png,mccd_salvage,ok,285,303,235.6,222.6,False,0.1972,4,0.0,0.6188,clean,none
G:\GitHub\DiT\MCCD\MCCD\MCCD-Calligrapher\calligrapher_dataset\王羲之\即-行-唐-王羲之-38128.png,王羲之,行,即,唐,38128,即-行-唐-王羲之-38128.png,mccd_salvage,ok,284,339,222.9,228.6,False,0.1374,13,0.0017,0.4155,clean,none
G:\GitHub\DiT\MCCD\MCCD\MCCD-Calligrapher\calligrapher_dataset\王羲之\即-行-唐-王羲之-38129.png,王羲之,行,即,唐,38129,即-行-唐-王羲之-38129.png,mccd_salvage,ok,301,356,228.1,235.2,False,0.1691,11,0.0007,0.3896,clean,none
G:\GitHub\DiT\MCCD\MCCD\MCCD-Calligrapher\calligrapher_dataset\王羲之\卿-行-晋-王羲之-38575.png,王羲之,行,卿,晋,38575,卿-行-晋-王羲之-38575.png,mccd_salvage,ok,245,264,230.0,225.8,False,0.2742,4,0.0,0.3991,clean,none
G:\GitHub\DiT\MCCD\MCCD\MCCD-Calligrapher\calligrapher_dataset\王羲之\厭-行-唐-王羲之-39067.png,王羲之,行,厭,唐,39067,厭-行-唐-王羲之-39067.png,mccd_salvage,ok,266,351,238.4,238.1,False,0.1491,17,0.0037,0.3345,clean,none
G:\GitHub\DiT\MCCD\MCCD\MCCD-Calligrapher\calligrapher_dataset\王羲之\及-行-唐-王羲之-40512.png,王羲之,行,及,唐,40512,及-行-唐-王羲之-40512.png,mccd_salvage,ok,273,310,208.2,238.3,False,0.2376,11,0.0015,0.6438,clean,none
G:\GitHub\DiT\MCCD\MCCD\MCCD-Calligrapher\calligrapher_dataset\王羲之\古-行-唐-王羲之-41930.png,王羲之,行,古,唐,41930,古-行-唐-王羲之-41930.png,mccd_salvage,ok,255,257,243.5,220.2,False,0.2039,9,0.0052,0.9876,clean,none
G:\GitHub\DiT\MCCD\MCCD\MCCD-Calligrapher\calligrapher_dataset\王羲之\古-行-唐-王羲之-41934.png,王羲之,行,古,唐,41934,古-行-唐-王羲之-41934.png,mccd_salvage,ok,216,229,245.6,228.1,False,0.1967,1,0.0,1.0,clean,none
G:\GitHub\DiT\MCCD\MCCD\MCCD-Calligrapher\calligrapher_dataset\王羲之\右-楷-晋-王羲之-43063.png,王羲之,楷,右,晋,43063,右-楷-晋-王羲之-43063.png,mccd_salvage,ok,226,232,232.6,181.9,False,0.5649,1,0.0,1.0,broken,too_solid
G:\GitHub\DiT\MCCD\MCCD\MCCD-Calligrapher\calligrapher_dataset\王羲之\右-行-晋-王羲之-43081.png,王羲之,行,右,晋,43081,右-行-晋-王羲之-43081.png,mccd_salvage,ok,214,221,236.4,188.5,False,0.5192,1,0.0,1.0,clean,none
G:\GitHub\DiT\MCCD\MCCD\MCCD-Calligrapher\calligrapher_dataset\王羲之\右-行-晋-王羲之-43082.png,王羲之,行,右,晋,43082,右-行-晋-王羲之-43082.png,mccd_salvage,ok,217,224,235.8,200.9,False,0.4751,1,0.0,1.0,clean,none
G:\GitHub\DiT\MCCD\MCCD\MCCD-Calligrapher\calligrapher_dataset\王羲之\吿-行-唐-王羲之-46207.png,王羲之,行,吿,唐,46207,吿-行-唐-王羲之-46207.png,mccd_salvage,ok,272,332,240.4,245.5,False,0.1225,13,0.0023,0.2887,clean,none
G:\GitHub\DiT\MCCD\MCCD\MCCD-Calligrapher\calligrapher_dataset\王羲之\呈-行-唐-王羲之-46354.png,王羲之,行,呈,唐,46354,呈-行-唐-王羲之-46354.png,mccd_salvage,ok,239,339,240.3,229.5,False,0.1903,6,0.0,0.6274,clean,none
G:\GitHub\DiT\MCCD\MCCD\MCCD-Calligrapher\calligrapher_dataset\王羲之\告-行-唐-王羲之-46663.png,王羲之,行,告,唐,46663,告-行-唐-王羲之-46663.png,mccd_salvage,ok,272,332,240.4,245.5,False,0.1225,13,0.0023,0.2887,clean,none
G:\GitHub\DiT\MCCD\MCCD\MCCD-Calligrapher\calligrapher_dataset\王羲之\周-行-唐-王羲之-46947.png,王羲之,行,周,唐,46947,周-行-唐-王羲之-46947.png,mccd_salvage,ok,205,307,220.7,159.5,False,0.2281,9,0.002,0.4481,clean,none
G:\GitHub\DiT\MCCD\MCCD\MCCD-Calligrapher\calligrapher_dataset\王羲之\呪-行-唐-王羲之-46979.png,王羲之,行,呪,唐,46979,呪-行-唐-王羲之-46979.png,mccd_salvage,ok,293,180,238.0,196.3,False,0.2507,14,0.0064,0.7137,clean,none
G:\GitHub\DiT\MCCD\MCCD\MCCD-Calligrapher\calligrapher_dataset\王羲之\味-行-唐-王羲之-47028.png,王羲之,行,味,唐,47028,味-行-唐-王羲之-47028.png,mccd_salvage,ok,259,227,236.1,231.1,False,0.0908,8,0.0006,0.5011,clean,none
G:\GitHub\DiT\MCCD\MCCD\MCCD-Calligrapher\calligrapher_dataset\王羲之\味-行-唐-王羲之-47029.png,王羲之,行,味,唐,47029,味-行-唐-王羲之-47029.png,mccd_salvage,ok,284,260,233.8,239.6,False,0.1186,10,0.0006,0.6367,clean,none
G:\GitHub\DiT\MCCD\MCCD\MCCD-Calligrapher\calligrapher_dataset\王羲之\命-行-唐-王羲之-47329.png,王羲之,行,命,唐,47329,命-行-唐-王羲之-47329.png,mccd_salvage,ok,266,297,248.0,246.3,False,0.0706,11,0.005,0.2908,clean,none
G:\GitHub\DiT\MCCD\MCCD\MCCD-Calligrapher\calligrapher_dataset\王羲之\命-行-晋-王羲之-47326.png,王羲之,行,命,晋,47326,命-行-晋-王羲之-47326.png,mccd_salvage,ok,204,228,237.7,222.6,False,0.251,3,0.0,0.5042,clean,none
G:\GitHub\DiT\MCCD\MCCD\MCCD-Calligrapher\calligrapher_dataset\王羲之\哽-行-晋-王羲之-48670.png,王羲之,行,哽,晋,48670,哽-行-晋-王羲之-48670.png,mccd_salvage,ok,201,223,228.1,208.7,False,0.2748,1,0.0,1.0,clean,none
G:\GitHub\DiT\MCCD\MCCD\MCCD-Calligrapher\calligrapher_dataset\王羲之\唯-行-晋-王羲之-48964.png,王羲之,行,唯,晋,48964,唯-行-晋-王羲之-48964.png,mccd_salvage,ok,249,292,242.2,217.0,False,0.2281,3,0.0002,0.8638,clean,none
G:\GitHub\DiT\MCCD\MCCD\MCCD-Calligrapher\calligrapher_dataset\王羲之\唯-行-晋-王羲之-48965.png,王羲之,行,唯,晋,48965,唯-行-晋-王羲之-48965.png,mccd_salvage,ok,241,308,234.8,234.0,False,0.1892,4,0.0,0.4247,clean,none
G:\GitHub\DiT\MCCD\MCCD\MCCD-Calligrapher\calligrapher_dataset\王羲之\善-行-唐-王羲之-49850.png,王羲之,行,善,唐,49850,善-行-唐-王羲之-49850.png,mccd_salvage,ok,203,296,243.5,225.0,False,0.2103,5,0.0,0.512,clean,none
G:\GitHub\DiT\MCCD\MCCD\MCCD-Calligrapher\calligrapher_dataset\王羲之\喻-行-唐-王羲之-50569.png,王羲之,行,喻,唐,50569,喻-行-唐-王羲之-50569.png,mccd_salvage,ok,290,255,241.6,237.4,False,0.1574,8,0.0,0.418,clean,none
G:\GitHub\DiT\MCCD\MCCD\MCCD-Calligrapher\calligrapher_dataset\王羲之\嗤-行-唐-王羲之-50926.png,王羲之,行,嗤,唐,50926,嗤-行-唐-王羲之-50926.png,mccd_salvage,ok,277,295,207.0,237.5,False,0.3111,15,0.0026,0.7253,clean,none
G:\GitHub\DiT\MCCD\MCCD\MCCD-Calligrapher\calligrapher_dataset\王羲之\國-行-唐-王羲之-53468.png,王羲之,行,國,唐,53468,國-行-唐-王羲之-53468.png,mccd_salvage,ok,219,261,211.9,248.3,False,0.2263,11,0.0038,0.4241,clean,none
G:\GitHub\DiT\MCCD\MCCD\MCCD-Calligrapher\calligrapher_dataset\王羲之\圎-行-唐-王羲之-53569.png,王羲之,行,圎,唐,53569,圎-行-唐-王羲之-53569.png,mccd_salvage,ok,260,300,222.7,192.4,False,0.2163,19,0.0055,0.6082,clean,none
G:\GitHub\DiT\MCCD\MCCD\MCCD-Calligrapher\calligrapher_dataset\王羲之\圗-行-唐-王羲之-53834.png,王羲之,行,圗,唐,53834,圗-行-唐-王羲之-53834.png,mccd_salvage,ok,263,287,227.7,197.0,False,0.2517,14,0.0014,0.4958,clean,none
G:\GitHub\DiT\MCCD\MCCD\MCCD-Calligrapher\calligrapher_dataset\王羲之\土-行-唐-王羲之-54087.png,王羲之,行,土,唐,54087,土-行-唐-王羲之-54087.png,mccd_salvage,ok,227,294,230.9,200.2,False,0.3174,2,0.0,0.9827,clean,none
G:\GitHub\DiT\MCCD\MCCD\MCCD-Calligrapher\calligrapher_dataset\王羲之\地-行-唐-王羲之-54463.png,王羲之,行,地,唐,54463,地-行-唐-王羲之-54463.png,mccd_salvage,ok,281,215,235.5,240.6,False,0.1985,15,0.0089,0.9475,clean,none
G:\GitHub\DiT\MCCD\MCCD\MCCD-Calligrapher\calligrapher_dataset\王羲之\坐-行-晋-王羲之-54706.png,王羲之,行,坐,晋,54706,坐-行-晋-王羲之-54706.png,mccd_salvage,ok,205,221,229.5,173.7,False,0.4658,1,0.0,1.0,clean,none
G:\GitHub\DiT\MCCD\MCCD\MCCD-Calligrapher\calligrapher_dataset\王羲之\垂-行-唐-王羲之-55094.png,王羲之,行,垂,唐,55094,垂-行-唐-王羲之-55094.png,mccd_salvage,ok,238,338,215.3,242.3,False,0.2539,26,0.005,0.8723,clean,none
G:\GitHub\DiT\MCCD\MCCD\MCCD-Calligrapher\calligrapher_dataset\王羲之\埤-行-唐-王羲之-55680.png,王羲之,行,埤,唐,55680,埤-行-唐-王羲之-55680.png,mccd_salvage,ok,282,295,221.3,241.3,False,0.1577,7,0.0024,0.5491,clean,none
G:\GitHub\DiT\MCCD\MCCD\MCCD-Calligrapher\calligrapher_dataset\王羲之\塗-行-唐-王羲之-56670.png,王羲之,行,塗,唐,56670,塗-行-唐-王羲之-56670.png,mccd_salvage,ok,254,258,235.8,219.1,False,0.1616,8,0.0011,0.5454,clean,none
G:\GitHub\DiT\MCCD\MCCD\MCCD-Calligrapher\calligrapher_dataset\王羲之\増-行-唐-王羲之-57178.png,王羲之,行,増,唐,57178,増-行-唐-王羲之-57178.png,mccd_salvage,ok,264,296,245.3,228.7,False,0.2467,7,0.0,0.4067,clean,none
G:\GitHub\DiT\MCCD\MCCD\MCCD-Calligrapher\calligrapher_dataset\王羲之\墜-行-唐-王羲之-57219.png,王羲之,行,墜,唐,57219,墜-行-唐-王羲之-57219.png,mccd_salvage,ok,286,376,216.4,247.7,False,0.193,15,0.0011,0.469,clean,none
G:\GitHub\DiT\MCCD\MCCD\MCCD-Calligrapher\calligrapher_dataset\王羲之\增-行-唐-王羲之-57269.png,王羲之,行,增,唐,57269,增-行-唐-王羲之-57269.png,mccd_salvage,ok,264,296,245.3,228.7,False,0.2467,7,0.0,0.4067,clean,none
G:\GitHub\DiT\MCCD\MCCD\MCCD-Calligrapher\calligrapher_dataset\王羲之\墨-行-唐-王羲之-57385.png,王羲之,行,墨,唐,57385,墨-行-唐-王羲之-57385.png,mccd_salvage,ok,238,323,216.5,231.9,False,0.2413,8,0.0005,0.5301,clean,none
G:\GitHub\DiT\MCCD\MCCD\MCCD-Calligrapher\calligrapher_dataset\王羲之\壽-行-唐-王羲之-58600.png,王羲之,行,壽,唐,58600,壽-行-唐-王羲之-58600.png,mccd_salvage,ok,206,305,235.5,240.7,False,0.1416,30,0.0166,0.4857,clean,none
G:\GitHub\DiT\MCCD\MCCD\MCCD-Calligrapher\calligrapher_dataset\王羲之\外-行-唐-王羲之-59292.png,王羲之,行,外,唐,59292,外-行-唐-王羲之-59292.png,mccd_salvage,ok,269,188,231.3,226.2,False,0.1831,4,0.0,0.4308,clean,none
G:\GitHub\DiT\MCCD\MCCD\MCCD-Calligrapher\calligrapher_dataset\王羲之\夜-行-唐-王羲之-59794.png,王羲之,行,夜,唐,59794,夜-行-唐-王羲之-59794.png,mccd_salvage,ok,241,318,229.2,237.5,False,0.1781,10,0.0032,0.489,clean,none
G:\GitHub\DiT\MCCD\MCCD\MCCD-Calligrapher\calligrapher_dataset\王羲之\夢-行-唐-王羲之-59861.png,王羲之,行,夢,唐,59861,夢-行-唐-王羲之-59861.png,mccd_salvage,ok,236,431,224.2,242.1,False,0.1601,16,0.0037,0.242,clean,none
G:\GitHub\DiT\MCCD\MCCD\MCCD-Calligrapher\calligrapher_dataset\王羲之\大-行-唐-王羲之-60515.png,王羲之,行,大,唐,60515,大-行-唐-王羲之-60515.png,mccd_salvage,ok,296,289,218.5,250.6,False,0.1812,5,0.0008,0.7487,clean,none
G:\GitHub\DiT\MCCD\MCCD\MCCD-Calligrapher\calligrapher_dataset\王羲之\大-行-唐-王羲之-60518.png,王羲之,行,大,唐,60518,大-行-唐-王羲之-60518.png,mccd_salvage,ok,210,328,242.3,222.5,False,0.1677,3,0.0,0.7966,clean,none
G:\GitHub\DiT\MCCD\MCCD\MCCD-Calligrapher\calligrapher_dataset\王羲之\夷-行-唐-王羲之-61864.png,王羲之,行,夷,唐,61864,夷-行-唐-王羲之-61864.png,mccd_salvage,ok,225,338,241.1,227.7,False,0.1291,13,0.0042,0.3332,clean,none
G:\GitHub\DiT\MCCD\MCCD\MCCD-Calligrapher\calligrapher_dataset\王羲之\奇-行-唐-王羲之-62066.png,王羲之,行,奇,唐,62066,奇-行-唐-王羲之-62066.png,mccd_salvage,ok,254,312,231.1,242.4,False,0.1512,9,0.0009,0.7542,clean,none
G:\GitHub\DiT\MCCD\MCCD\MCCD-Calligrapher\calligrapher_dataset\王羲之\奉-行-唐-王羲之-62209.png,王羲之,行,奉,唐,62209,奉-行-唐-王羲之-62209.png,mccd_salvage,ok,238,343,247.2,241.5,False,0.0914,4,0.0,0.7622,clean,none
G:\GitHub\DiT\MCCD\MCCD\MCCD-Calligrapher\calligrapher_dataset\王羲之\奏-行-唐-王羲之-62356.png,王羲之,行,奏,唐,62356,奏-行-唐-王羲之-62356.png,mccd_salvage,ok,281,335,234.4,239.4,False,0.1344,7,0.0021,0.6238,clean,none
G:\GitHub\DiT\MCCD\MCCD\MCCD-Calligrapher\calligrapher_dataset\王羲之\契-楷-晋-王羲之-62390.png,王羲之,楷,契,晋,62390,契-楷-晋-王羲之-62390.png,mccd_salvage,ok,194,205,235.0,214.4,False,0.4258,2,0.0,0.9131,clean,none
G:\GitHub\DiT\MCCD\MCCD\MCCD-Calligrapher\calligrapher_dataset\王羲之\奧-行-唐-王羲之-62729.png,王羲之,行,奧,唐,62729,奧-行-唐-王羲之-62729.png,mccd_salvage,ok,256,325,217.1,217.6,False,0.2183,8,0.0007,0.3438,clean,none
G:\GitHub\DiT\MCCD\MCCD\MCCD-Calligrapher\calligrapher_dataset\王羲之\如-行-唐-王羲之-63767.png,王羲之,行,如,唐,63767,如-行-唐-王羲之-63767.png,mccd_salvage,ok,281,155,207.1,227.4,False,0.2134,3,0.0,0.5964,clean,none
G:\GitHub\DiT\MCCD\MCCD\MCCD-Calligrapher\calligrapher_dataset\王羲之\妙-行-唐-王羲之-64092.png,王羲之,行,妙,唐,64092,妙-行-唐-王羲之-64092.png,mccd_salvage,ok,267,315,237.7,243.5,False,0.1275,8,0.0037,0.4594,clean,none
G:\GitHub\DiT\MCCD\MCCD\MCCD-Calligrapher\calligrapher_dataset\王羲之\字-行-唐-王羲之-68152.png,王羲之,行,字,唐,68152,字-行-唐-王羲之-68152.png,mccd_salvage,ok,238,307,224.9,239.7,False,0.1215,4,0.0,0.6357,clean,none
G:\GitHub\DiT\MCCD\MCCD\MCCD-Calligrapher\calligrapher_dataset\王羲之\宅-行-唐-王羲之-69692.png,王羲之,行,宅,唐,69692,宅-行-唐-王羲之-69692.png,mccd_salvage,ok,258,300,235.6,198.6,False,0.2097,5,0.0007,0.5,clean,none
G:\GitHub\DiT\MCCD\MCCD\MCCD-Calligrapher\calligrapher_dataset\王羲之\宇-行-唐-王羲之-69776.png,王羲之,行,宇,唐,69776,宇-行-唐-王羲之-69776.png,mccd_salvage,ok,267,334,219.0,242.0,False,0.1202,15,0.0075,0.5284,clean,none
G:\GitHub\DiT\MCCD\MCCD\MCCD-Calligrapher\calligrapher_dataset\王羲之\宙-楷-晋-王羲之-70907.png,王羲之,楷,宙,晋,70907,宙-楷-晋-王羲之-70907.png,mccd_salvage,ok,225,192,233.7,177.5,False,0.4625,1,0.0,1.0,clean,none
G:\GitHub\DiT\MCCD\MCCD\MCCD-Calligrapher\calligrapher_dataset\王羲之\宙-行-晋-王羲之-70914.png,王羲之,行,宙,晋,70914,宙-行-晋-王羲之-70914.png,mccd_salvage,ok,214,180,219.3,170.3,False,0.5139,1,0.0,1.0,clean,none
G:\GitHub\DiT\MCCD\MCCD\MCCD-Calligrapher\calligrapher_dataset\王羲之\室-行-唐-王羲之-71704.png,王羲之,行,室,唐,71704,室-行-唐-王羲之-71704.png,mccd_salvage,ok,262,378,244.3,218.3,False,0.1936,6,0.0007,0.5585,clean,none
G:\GitHub\DiT\MCCD\MCCD\MCCD-Calligrapher\calligrapher_dataset\王羲之\宫-行-唐-王羲之-71936.png,王羲之,行,宫,唐,71936,宫-行-唐-王羲之-71936.png,mccd_salvage,ok,289,335,208.3,232.3,False,0.2199,13,0.0025,0.5174,clean,none
G:\GitHub\DiT\MCCD\MCCD\MCCD-Calligrapher\calligrapher_dataset\王羲之\寒-行-唐-王羲之-73488.png,王羲之,行,寒,唐,73488,寒-行-唐-王羲之-73488.png,mccd_salvage,ok,265,250,243.2,219.9,False,0.2187,8,0.0011,0.6772,clean,none
G:\GitHub\DiT\MCCD\MCCD\MCCD-Calligrapher\calligrapher_dataset\王羲之\寜-行-唐-王羲之-73761.png,王羲之,行,寜,唐,73761,寜-行-唐-王羲之-73761.png,mccd_salvage,ok,186,292,238.5,232.3,False,0.1475,7,0.0,0.3473,clean,none
G:\GitHub\DiT\MCCD\MCCD\MCCD-Calligrapher\calligrapher_dataset\王羲之\實-行-唐-王羲之-74159.png,王羲之,行,實,唐,74159,實-行-唐-王羲之-74159.png,mccd_salvage,ok,179,281,213.4,236.2,False,0.1493,14,0.008,0.2983,clean,none
G:\GitHub\DiT\MCCD\MCCD\MCCD-Calligrapher\calligrapher_dataset\王羲之\将-行-晋-王羲之-75407.png,王羲之,行,将,晋,75407,将-行-晋-王羲之-75407.png,mccd_salvage,ok,248,267,237.9,214.5,False,0.3928,2,0.0,0.7517,clean,none
G:\GitHub\DiT\MCCD\MCCD\MCCD-Calligrapher\calligrapher_dataset\王羲之\將-行-唐-王羲之-75573.png,王羲之,行,將,唐,75573,將-行-唐-王羲之-75573.png,mccd_salvage,ok,272,275,233.4,233.9,False,0.2411,5,0.0002,0.5267,clean,none
G:\GitHub\DiT\MCCD\MCCD\MCCD-Calligrapher\calligrapher_dataset\王羲之\將-行-晋-王羲之-75569.png,王羲之,行,將,晋,75569,將-行-晋-王羲之-75569.png,mccd_salvage,ok,186,242,239.1,210.1,False,0.4338,1,0.0,1.0,clean,none
G:\GitHub\DiT\MCCD\MCCD\MCCD-Calligrapher\calligrapher_dataset\王羲之\對-行-唐-王羲之-76053.png,王羲之,行,對,唐,76053,對-行-唐-王羲之-76053.png,mccd_salvage,ok,233,239,243.7,220.8,False,0.2205,3,0.0,0.6534,clean,none
G:\GitHub\DiT\MCCD\MCCD\MCCD-Calligrapher\calligrapher_dataset\王羲之\導-行-唐-王羲之-76122.png,王羲之,行,導,唐,76122,導-行-唐-王羲之-76122.png,mccd_salvage,ok,174,299,233.1,228.8,False,0.198,7,0.0021,0.8497,clean,none
G:\GitHub\DiT\MCCD\MCCD\MCCD-Calligrapher\calligrapher_dataset\王羲之\尓-行-晋-王羲之-76622.png,王羲之,行,尓,晋,76622,尓-行-晋-王羲之-76622.png,mccd_salvage,ok,263,209,234.7,208.4,False,0.2125,5,0.002,0.7326,clean,none
G:\GitHub\DiT\MCCD\MCCD\MCCD-Calligrapher\calligrapher_dataset\王羲之\尔-行-晋-王羲之-76695.png,王羲之,行,尔,晋,76695,尔-行-晋-王羲之-76695.png,mccd_salvage,ok,263,209,234.7,208.4,False,0.2125,5,0.002,0.7326,clean,none
G:\GitHub\DiT\MCCD\MCCD\MCCD-Calligrapher\calligrapher_dataset\王羲之\峯-行-唐-王羲之-79763.png,王羲之,行,峯,唐,79763,峯-行-唐-王羲之-79763.png,mccd_salvage,ok,168,382,244.9,232.7,False,0.18,4,0.0,0.5517,clean,none
G:\GitHub\DiT\MCCD\MCCD\MCCD-Calligrapher\calligrapher_dataset\王羲之\崇-行-唐-王羲之-79911.png,王羲之,行,崇,唐,79911,崇-行-唐-王羲之-79911.png,mccd_salvage,ok,243,350,242.8,210.0,False,0.26,8,0.0,0.5977,clean,none
G:\GitHub\DiT\MCCD\MCCD\MCCD-Calligrapher\calligrapher_dataset\王羲之\崇-行-唐-王羲之-79913.png,王羲之,行,崇,唐,79913,崇-行-唐-王羲之-79913.png,mccd_salvage,ok,232,333,244.1,228.5,False,0.2385,13,0.0034,0.6297,clean,none
G:\GitHub\DiT\MCCD\MCCD\MCCD-Calligrapher\calligrapher_dataset\王羲之\巡-行-唐-王羲之-81313.png,王羲之,行,巡,唐,81313,巡-行-唐-王羲之-81313.png,mccd_salvage,ok,265,180,223.5,181.3,False,0.2736,6,0.0015,0.5822,clean,none
G:\GitHub\DiT\MCCD\MCCD\MCCD-Calligrapher\calligrapher_dataset\王羲之\己-行-唐-王羲之-82227.png,王羲之,行,己,唐,82227,己-行-唐-王羲之-82227.png,mccd_salvage,ok,252,263,209.8,172.0,False,0.2222,5,0.0009,0.691,clean,none
G:\GitHub\DiT\MCCD\MCCD\MCCD-Calligrapher\calligrapher_dataset\王羲之\己-行-晋-王羲之-82224.png,王羲之,行,己,晋,82224,己-行-晋-王羲之-82224.png,mccd_salvage,ok,227,259,215.6,166.5,False,0.4083,1,0.0,1.0,clean,none
G:\GitHub\DiT\MCCD\MCCD\MCCD-Calligrapher\calligrapher_dataset\王羲之\已-行-晋-王羲之-82304.png,王羲之,行,已,晋,82304,已-行-晋-王羲之-82304.png,mccd_salvage,ok,215,273,229.6,194.7,False,0.357,3,0.0001,0.9796,clean,none
G:\GitHub\DiT\MCCD\MCCD\MCCD-Calligrapher\calligrapher_dataset\王羲之\巻-行-唐-王羲之-82669.png,王羲之,行,巻,唐,82669,巻-行-唐-王羲之-82669.png,mccd_salvage,ok,279,328,215.5,234.4,False,0.1478,15,0.0055,0.5085,clean,none
G:\GitHub\DiT\MCCD\MCCD\MCCD-Calligrapher\calligrapher_dataset\王羲之\帝-行-唐-王羲之-83519.png,王羲之,行,帝,唐,83519,帝-行-唐-王羲之-83519.png,mccd_salvage,ok,174,363,235.0,236.0,False,0.2725,3,0.0,0.9492,clean,none
G:\GitHub\DiT\MCCD\MCCD\MCCD-Calligrapher\calligrapher_dataset\王羲之\師-行-唐-王羲之-83801.png,王羲之,行,師,唐,83801,師-行-唐-王羲之-83801.png,mccd_salvage,ok,233,294,223.2,219.9,False,0.17,6,0.0009,0.5858,clean,none
G:\GitHub\DiT\MCCD\MCCD\MCCD-Calligrapher\calligrapher_dataset\王羲之\平-行-唐-王羲之-84725.png,王羲之,行,平,唐,84725,平-行-唐-王羲之-84725.png,mccd_salvage,ok,186,314,235.1,234.1,False,0.1381,6,0.003,0.7135,clean,none
G:\GitHub\DiT\MCCD\MCCD\MCCD-Calligrapher\calligrapher_dataset\王羲之\年-行-唐-王羲之-85245.png,王羲之,行,年,唐,85245,年-行-唐-王羲之-85245.png,mccd_salvage,ok,182,314,237.7,241.8,False,0.1389,13,0.0026,0.5348,clean,none
G:\GitHub\DiT\MCCD\MCCD\MCCD-Calligrapher\calligrapher_dataset\王羲之\序-行-唐-王羲之-85953.png,王羲之,行,序,唐,85953,序-行-唐-王羲之-85953.png,mccd_salvage,ok,216,382,231.7,206.6,False,0.2762,9,0.0019,0.6672,clean,none
G:\GitHub\DiT\MCCD\MCCD\MCCD-Calligrapher\calligrapher_dataset\王羲之\庚-行-唐-王羲之-86254.png,王羲之,行,庚,唐,86254,庚-行-唐-王羲之-86254.png,mccd_salvage,ok,219,289,234.7,239.2,False,0.2171,10,0.0016,0.4624,clean,none
G:\GitHub\DiT\MCCD\MCCD\MCCD-Calligrapher\calligrapher_dataset\王羲之\庭-行-唐-王羲之-86646.png,王羲之,行,庭,唐,86646,庭-行-唐-王羲之-86646.png,mccd_salvage,ok,278,329,229.9,226.3,False,0.1905,7,0.0002,0.5752,clean,none
G:\GitHub\DiT\MCCD\MCCD\MCCD-Calligrapher\calligrapher_dataset\王羲之\庶-行-唐-王羲之-86815.png,王羲之,行,庶,唐,86815,庶-行-唐-王羲之-86815.png,mccd_salvage,ok,244,293,205.6,234.1,False,0.19,25,0.0125,0.3224,clean,none
G:\GitHub\DiT\MCCD\MCCD\MCCD-Calligrapher\calligrapher_dataset\王羲之\廣-行-唐-王羲之-87587.png,王羲之,行,廣,唐,87587,廣-行-唐-王羲之-87587.png,mccd_salvage,ok,257,295,213.9,225.2,False,0.2306,9,0.0033,0.839,clean,none
G:\GitHub\DiT\MCCD\MCCD\MCCD-Calligrapher\calligrapher_dataset\王羲之\廿-行-晋-王羲之-88287.png,王羲之,行,廿,晋,88287,廿-行-晋-王羲之-88287.png,mccd_salvage,ok,191,176,245.8,226.3,False,0.3974,1,0.0,1.0,clean,none
G:\GitHub\DiT\MCCD\MCCD\MCCD-Calligrapher\calligrapher_dataset\王羲之\引-行-唐-王羲之-88978.png,王羲之,行,引,唐,88978,引-行-唐-王羲之-88978.png,mccd_salvage,ok,248,252,236.3,217.8,False,0.1535,5,0.0,0.5753,clean,none
G:\GitHub\DiT\MCCD\MCCD\MCCD-Calligrapher\calligrapher_dataset\王羲之\弘-行-唐-王羲之-89341.png,王羲之,行,弘,唐,89341,弘-行-唐-王羲之-89341.png,mccd_salvage,ok,247,270,241.4,213.6,False,0.2143,3,0.0001,0.6653,clean,none
G:\GitHub\DiT\MCCD\MCCD\MCCD-Calligrapher\calligrapher_dataset\王羲之\張-行-唐-王羲之-89919.png,王羲之,行,張,唐,89919,張-行-唐-王羲之-89919.png,mccd_salvage,ok,263,289,245.9,224.3,False,0.173,12,0.0043,0.4619,clean,none
G:\GitHub\DiT\MCCD\MCCD\MCCD-Calligrapher\calligrapher_dataset\王羲之\形-行-唐-王羲之-91949.png,王羲之,行,形,唐,91949,形-行-唐-王羲之-91949.png,mccd_salvage,ok,305,272,208.3,246.9,False,0.1686,12,0.0021,0.2177,clean,none
G:\GitHub\DiT\MCCD\MCCD\MCCD-Calligrapher\calligrapher_dataset\王羲之\徐-行-唐-王羲之-93029.png,王羲之,行,徐,唐,93029,徐-行-唐-王羲之-93029.png,mccd_salvage,ok,252,283,241.3,211.1,False,0.2053,5,0.0001,0.5069,clean,none
G:\GitHub\DiT\MCCD\MCCD\MCCD-Calligrapher\calligrapher_dataset\王羲之\得-行-唐-王羲之-93323.png,王羲之,行,得,唐,93323,得-行-唐-王羲之-93323.png,mccd_salvage,ok,196,324,226.7,216.6,False,0.1263,22,0.0096,0.2441,clean,none
G:\GitHub\DiT\MCCD\MCCD\MCCD-Calligrapher\calligrapher_dataset\王羲之\徵-行-唐-王羲之-94613.png,王羲之,行,徵,唐,94613,徵-行-唐-王羲之-94613.png,mccd_salvage,ok,247,274,217.5,224.0,False,0.1661,9,0.0009,0.3157,clean,none
G:\GitHub\DiT\MCCD\MCCD\MCCD-Calligrapher\calligrapher_dataset\王羲之\心-行-唐-王羲之-95182.png,王羲之,行,心,唐,95182,心-行-唐-王羲之-95182.png,mccd_salvage,ok,298,150,219.9,183.3,False,0.1819,6,0.0033,0.8807,clean,none
G:\GitHub\DiT\MCCD\MCCD\MCCD-Calligrapher\calligrapher_dataset\王羲之\心-行-唐-王羲之-95184.png,王羲之,行,心,唐,95184,心-行-唐-王羲之-95184.png,mccd_salvage,ok,302,145,224.3,198.8,False,0.1741,4,0.0008,0.8965,clean,none
G:\GitHub\DiT\MCCD\MCCD\MCCD-Calligrapher\calligrapher_dataset\王羲之\志-行-唐-王羲之-95715.png,王羲之,行,志,唐,95715,志-行-唐-王羲之-95715.png,mccd_salvage,ok,260,290,237.5,226.8,False,0.1739,9,0.0041,0.596,clean,none
G:\GitHub\DiT\MCCD\MCCD\MCCD-Calligrapher\calligrapher_dataset\王羲之\忠-行-唐-王羲之-95955.png,王羲之,行,忠,唐,95955,忠-行-唐-王羲之-95955.png,mccd_salvage,ok,234,305,247.6,226.3,False,0.1742,5,0.0005,0.5359,clean,none
G:\GitHub\DiT\MCCD\MCCD\MCCD-Calligrapher\calligrapher_dataset\王羲之\念-行-唐-王羲之-96143.png,王羲之,行,念,唐,96143,念-行-唐-王羲之-96143.png,mccd_salvage,ok,296,243,235.2,236.9,False,0.0991,11,0.0025,0.3321,clean,none
G:\GitHub\DiT\MCCD\MCCD\MCCD-Calligrapher\calligrapher_dataset\王羲之\念-行-唐-王羲之-96147.png,王羲之,行,念,唐,96147,念-行-唐-王羲之-96147.png,mccd_salvage,ok,268,237,244.7,239.1,False,0.0936,8,0.0,0.362,clean,none
G:\GitHub\DiT\MCCD\MCCD\MCCD-Calligrapher\calligrapher_dataset\王羲之\怖-行-唐-王羲之-96385.png,王羲之,行,怖,唐,96385,怖-行-唐-王羲之-96385.png,mccd_salvage,ok,254,311,240.0,222.1,False,0.1499,16,0.0048,0.3305,clean,none
G:\GitHub\DiT\MCCD\MCCD\MCCD-Calligrapher\calligrapher_dataset\王羲之\性-行-唐-王羲之-96773.png,王羲之,行,性,唐,96773,性-行-唐-王羲之-96773.png,mccd_salvage,ok,279,237,236.6,241.1,False,0.1583,18,0.0099,0.4951,clean,none
G:\GitHub\DiT\MCCD\MCCD\MCCD-Calligrapher\calligrapher_dataset\王羲之\恵-行-唐-王羲之-97786.png,王羲之,行,恵,唐,97786,恵-行-唐-王羲之-97786.png,mccd_salvage,ok,227,277,237.0,218.3,False,0.2211,14,0.0045,0.632,clean,none
G:\GitHub\DiT\MCCD\MCCD\MCCD-Calligrapher\calligrapher_dataset\王羲之\悉-行-唐-王羲之-97976.png,王羲之,行,悉,唐,97976,悉-行-唐-王羲之-97976.png,mccd_salvage,ok,210,308,236.6,228.8,False,0.1595,14,0.0017,0.3278,clean,none
G:\GitHub\DiT\MCCD\MCCD\MCCD-Calligrapher\calligrapher_dataset\王羲之\悲-行-唐-王羲之-98416.png,王羲之,行,悲,唐,98416,悲-行-唐-王羲之-98416.png,mccd_salvage,ok,288,267,239.0,227.7,False,0.2585,9,0.0011,0.9485,clean,none
G:\GitHub\DiT\MCCD\MCCD\MCCD-Calligrapher\calligrapher_dataset\王羲之\意-行-唐-王羲之-99710.png,王羲之,行,意,唐,99710,意-行-唐-王羲之-99710.png,mccd_salvage,ok,236,291,243.6,228.5,False,0.1654,12,0.0023,0.4957,clean,none
G:\GitHub\DiT\MCCD\MCCD\MCCD-Calligrapher\calligrapher_dataset\王羲之\愛-行-唐-王羲之-99904.png,王羲之,行,愛,唐,99904,愛-行-唐-王羲之-99904.png,mccd_salvage,ok,206,391,219.9,217.7,False,0.2262,10,0.004,0.7327,clean,none
G:\GitHub\DiT\MCCD\MCCD\MCCD-Calligrapher\calligrapher_dataset\王羲之\感-行-晋-王羲之-100003.png,王羲之,行,感,晋,100003,感-行-晋-王羲之-100003.png,mccd_salvage,ok,279,262,239.0,228.9,False,0.1208,17,0.0033,0.3483,clean,none
G:\GitHub\DiT\MCCD\MCCD\MCCD-Calligrapher\calligrapher_dataset\王羲之\感-行-晋-王羲之-蔡家帖-87.png,王羲之,行,感,晋,蔡家帖,感-行-晋-王羲之-蔡家帖-87.png,mccd_salvage,ok,321,373,163.3,7.1,False,0.82,6,0.0001,0.9999,broken,too_solid
G:\GitHub\DiT\MCCD\MCCD\MCCD-Calligrapher\calligrapher_dataset\王羲之\愧-行-唐-王羲之-100084.png,王羲之,行,愧,唐,100084,愧-行-唐-王羲之-100084.png,mccd_salvage,ok,269,288,239.6,218.4,False,0.1854,6,0.0017,0.7714,clean,none
G:\GitHub\DiT\MCCD\MCCD\MCCD-Calligrapher\calligrapher_dataset\王羲之\慙-行-唐-王羲之-100574.png,王羲之,行,慙,唐,100574,慙-行-唐-王羲之-100574.png,mccd_salvage,ok,293,268,220.0,242.0,False,0.1923,11,0.0007,0.3059,clean,none
G:\GitHub\DiT\MCCD\MCCD\MCCD-Calligrapher\calligrapher_dataset\王羲之\慧-行-唐-王羲之-100676.png,王羲之,行,慧,唐,100676,慧-行-唐-王羲之-100676.png,mccd_salvage,ok,236,346,233.4,231.9,False,0.2118,10,0.0047,0.3972,clean,none
G:\GitHub\DiT\MCCD\MCCD\MCCD-Calligrapher\calligrapher_dataset\王羲之\慧-行-唐-王羲之-100678.png,王羲之,行,慧,唐,100678,慧-行-唐-王羲之-100678.png,mccd_salvage,ok,216,375,234.5,225.1,False,0.2587,4,0.0,0.7773,clean,none
G:\GitHub\DiT\MCCD\MCCD\MCCD-Calligrapher\calligrapher_dataset\王羲之\慨-行-唐-王羲之-100697.png,王羲之,行,慨,唐,100697,慨-行-唐-王羲之-100697.png,mccd_salvage,ok,296,196,239.1,224.6,False,0.1598,10,0.002,0.3116,clean,none
G:\GitHub\DiT\MCCD\MCCD\MCCD-Calligrapher\calligrapher_dataset\王羲之\慶-行-唐-王羲之-100954.png,王羲之,行,慶,唐,100954,慶-行-唐-王羲之-100954.png,mccd_salvage,ok,233,420,238.5,232.2,False,0.1465,14,0.0029,0.6405,clean,none
G:\GitHub\DiT\MCCD\MCCD\MCCD-Calligrapher\calligrapher_dataset\王羲之\懈-行-唐-王羲之-244.png,王羲之,行,懈,唐,244,懈-行-唐-王羲之-244.png,mccd_salvage,ok,228,290,242.5,241.8,False,0.1206,12,0.0069,0.4852,clean,none
G:\GitHub\DiT\MCCD\MCCD\MCCD-Calligrapher\calligrapher_dataset\王羲之\我-行-唐-王羲之-2137.png,王羲之,行,我,唐,2137,我-行-唐-王羲之-2137.png,mccd_salvage,ok,217,271,248.8,235.8,False,0.1329,9,0.0015,0.5091,clean,none
G:\GitHub\DiT\MCCD\MCCD\MCCD-Calligrapher\calligrapher_dataset\王羲之\戟-行-唐-王羲之-2618.png,王羲之,行,戟,唐,2618,戟-行-唐-王羲之-2618.png,mccd_salvage,ok,268,321,229.3,235.9,False,0.1863,8,0.0002,0.5757,clean,none
G:\GitHub\DiT\MCCD\MCCD\MCCD-Calligrapher\calligrapher_dataset\王羲之\抱-行-唐-王羲之-5052.png,王羲之,行,抱,唐,5052,抱-行-唐-王羲之-5052.png,mccd_salvage,ok,289,251,235.9,201.5,False,0.2446,10,0.0018,0.4103,clean,none
G:\GitHub\DiT\MCCD\MCCD\MCCD-Calligrapher\calligrapher_dataset\王羲之\捜-行-唐-王羲之-6600.png,王羲之,行,捜,唐,6600,捜-行-唐-王羲之-6600.png,mccd_salvage,ok,260,261,234.0,230.8,False,0.1761,6,0.0029,0.6496,clean,none
G:\GitHub\DiT\MCCD\MCCD\MCCD-Calligrapher\calligrapher_dataset\王羲之\掁-行-唐-王羲之-6802.png,王羲之,行,掁,唐,6802,掁-行-唐-王羲之-6802.png,mccd_salvage,ok,285,282,236.0,230.5,False,0.1784,19,0.0075,0.3454,clean,none
G:\GitHub\DiT\MCCD\MCCD\MCCD-Calligrapher\calligrapher_dataset\王羲之\掌-行-唐-王羲之-6959.png,王羲之,行,掌,唐,6959,掌-行-唐-王羲之-6959.png,mccd_salvage,ok,255,315,242.5,235.0,False,0.1005,19,0.0063,0.2862,clean,none
G:\GitHub\DiT\MCCD\MCCD\MCCD-Calligrapher\calligrapher_dataset\王羲之\揚-行-唐-王羲之-7620.png,王羲之,行,揚,唐,7620,揚-行-唐-王羲之-7620.png,mccd_salvage,ok,225,265,210.8,213.3,False,0.2304,4,0.0003,0.7477,clean,none
G:\GitHub\DiT\MCCD\MCCD\MCCD-Calligrapher\calligrapher_dataset\王羲之\故-行-唐-王羲之-1965.png,王羲之,行,故,唐,1965,故-行-唐-王羲之-1965.png,mccd_salvage,ok,260,210,245.9,229.6,False,0.2587,5,0.0024,0.5283,clean,none
G:\GitHub\DiT\MCCD\MCCD\MCCD-Calligrapher\calligrapher_dataset\王羲之\故-行-唐-王羲之-1969.png,王羲之,行,故,唐,1969,故-行-唐-王羲之-1969.png,mccd_salvage,ok,275,185,247.2,231.1,False,0.1403,6,0.0013,0.4223,clean,none
G:\GitHub\DiT\MCCD\MCCD\MCCD-Calligrapher\calligrapher_dataset\王羲之\敎-行-唐-王羲之-2182.png,王羲之,行,敎,唐,2182,敎-行-唐-王羲之-2182.png,mccd_salvage,ok,279,281,233.3,242.3,False,0.2425,6,0.0016,0.9491,clean,none
G:\GitHub\DiT\MCCD\MCCD\MCCD-Calligrapher\calligrapher_dataset\王羲之\教-行-唐-王羲之-2602.png,王羲之,行,教,唐,2602,教-行-唐-王羲之-2602.png,mccd_salvage,ok,279,281,233.3,242.3,False,0.2425,6,0.0016,0.9491,clean,none
G:\GitHub\DiT\MCCD\MCCD\MCCD-Calligrapher\calligrapher_dataset\王羲之\散-行-晋-王羲之-晚复帖-86.png,王羲之,行,散,晋,晚复帖,散-行-晋-王羲之-晚复帖-86.png,mccd_salvage,ok,352,359,137.9,5.8,False,0.7916,2,0.0,0.9917,broken,too_solid
G:\GitHub\DiT\MCCD\MCCD\MCCD-Calligrapher\calligrapher_dataset\王羲之\整-行-唐-王羲之-3520.png,王羲之,行,整,唐,3520,整-行-唐-王羲之-3520.png,mccd_salvage,ok,234,274,233.1,218.9,False,0.2048,9,0.0004,0.3228,clean,none
G:\GitHub\DiT\MCCD\MCCD\MCCD-Calligrapher\calligrapher_dataset\王羲之\敷-行-唐-王羲之-3610.png,王羲之,行,敷,唐,3610,敷-行-唐-王羲之-3610.png,mccd_salvage,ok,254,276,235.8,230.2,False,0.2071,12,0.0025,0.4993,clean,none
G:\GitHub\DiT\MCCD\MCCD\MCCD-Calligrapher\calligrapher_dataset\王羲之\敷-行-唐-王羲之-3612.png,王羲之,行,敷,唐,3612,敷-行-唐-王羲之-3612.png,mccd_salvage,ok,258,260,235.7,218.4,False,0.2309,5,0.0002,0.9734,clean,none
G:\GitHub\DiT\MCCD\MCCD\MCCD-Calligrapher\calligrapher_dataset\王羲之\文-行-唐-王羲之-4255.png,王羲之,行,文,唐,4255,文-行-唐-王羲之-4255.png,mccd_salvage,ok,276,204,223.2,217.5,False,0.2001,3,0.0005,0.9682,clean,none
G:\GitHub\DiT\MCCD\MCCD\MCCD-Calligrapher\calligrapher_dataset\王羲之\方-行-唐-王羲之-5358.png,王羲之,行,方,唐,5358,方-行-唐-王羲之-5358.png,mccd_salvage,ok,206,311,216.8,244.0,False,0.1502,8,0.0024,0.4957,clean,none
G:\GitHub\DiT\MCCD\MCCD\MCCD-Calligrapher\calligrapher_dataset\王羲之\日-行-晋-王羲之-1077.png,王羲之,行,日,晋,1077,日-行-晋-王羲之-1077.png,mccd_salvage,ok,213,297,230.8,187.0,False,0.4628,1,0.0,1.0,clean,none
G:\GitHub\DiT\MCCD\MCCD\MCCD-Calligrapher\calligrapher_dataset\王羲之\日-行-晋-王羲之-1078.png,王羲之,行,日,晋,1078,日-行-晋-王羲之-1078.png,mccd_salvage,ok,238,277,228.0,196.7,False,0.5441,18,0.0021,0.9979,clean,none
G:\GitHub\DiT\MCCD\MCCD\MCCD-Calligrapher\calligrapher_dataset\王羲之\日-行-晋-王羲之-1086.png,王羲之,行,日,晋,1086,日-行-晋-王羲之-1086.png,mccd_salvage,ok,193,256,220.4,162.9,False,0.56,1,0.0,1.0,broken,too_solid
G:\GitHub\DiT\MCCD\MCCD\MCCD-Calligrapher\calligrapher_dataset\王羲之\旨-行-唐-王羲之-1362.png,王羲之,行,旨,唐,1362,旨-行-唐-王羲之-1362.png,mccd_salvage,ok,219,292,233.4,241.6,False,0.176,17,0.0077,0.5446,clean,none
G:\GitHub\DiT\MCCD\MCCD\MCCD-Calligrapher\calligrapher_dataset\王羲之\昇-行-唐-王羲之-1837.png,王羲之,行,昇,唐,1837,昇-行-唐-王羲之-1837.png,mccd_salvage,ok,174,313,237.5,239.5,False,0.1904,11,0.0014,0.4895,clean,none
G:\GitHub\DiT\MCCD\MCCD\MCCD-Calligrapher\calligrapher_dataset\王羲之\昏-行-唐-王羲之-2158.png,王羲之,行,昏,唐,2158,昏-行-唐-王羲之-2158.png,mccd_salvage,ok,216,273,235.1,213.4,False,0.2601,2,0.0,0.9718,clean,none
G:\GitHub\DiT\MCCD\MCCD\MCCD-Calligrapher\calligrapher_dataset\王羲之\昔-行-晋-王羲之-2636.png,王羲之,行,昔,晋,2636,昔-行-晋-王羲之-2636.png,mccd_salvage,ok,191,225,238.0,215.4,False,0.3468,4,0.0009,0.9969,clean,none
G:\GitHub\DiT\MCCD\MCCD\MCCD-Calligrapher\calligrapher_dataset\王羲之\昔-行-晋-王羲之-2637.png,王羲之,行,昔,晋,2637,昔-行-晋-王羲之-2637.png,mccd_salvage,ok,288,293,147.9,221.7,False,0.3158,56,0.0134,0.7488,clean,none
G:\GitHub\DiT\MCCD\MCCD\MCCD-Calligrapher\calligrapher_dataset\王羲之\昔-行-晋-王羲之-2638.png,王羲之,行,昔,晋,2638,昔-行-晋-王羲之-2638.png,mccd_salvage,ok,237,265,235.1,212.3,False,0.3421,3,0.0,0.6094,clean,none
G:\GitHub\DiT\MCCD\MCCD\MCCD-Calligrapher\calligrapher_dataset\王羲之\是-行-唐-王羲之-3573.png,王羲之,行,是,唐,3573,是-行-唐-王羲之-3573.png,mccd_salvage,ok,263,273,239.4,228.8,False,0.1338,6,0.0046,0.9126,clean,none
G:\GitHub\DiT\MCCD\MCCD\MCCD-Calligrapher\calligrapher_dataset\王羲之\是-行-唐-王羲之-3574.png,王羲之,行,是,唐,3574,是-行-唐-王羲之-3574.png,mccd_salvage,ok,267,297,248.4,241.2,False,0.0967,20,0.007,0.2944,clean,none
G:\GitHub\DiT\MCCD\MCCD\MCCD-Calligrapher\calligrapher_dataset\王羲之\晉-行-唐-王羲之-4083.png,王羲之,行,晉,唐,4083,晉-行-唐-王羲之-4083.png,mccd_salvage,ok,283,273,234.2,209.8,False,0.2178,9,0.0008,0.6312,clean,none
G:\GitHub\DiT\MCCD\MCCD\MCCD-Calligrapher\calligrapher_dataset\王羲之\晦-行-唐-王羲之-4513.png,王羲之,行,晦,唐,4513,晦-行-唐-王羲之-4513.png,mccd_salvage,ok,284,280,212.7,239.2,False,0.2775,15,0.0021,0.6655,clean,none
G:\GitHub\DiT\MCCD\MCCD\MCCD-Calligrapher\calligrapher_dataset\王羲之\晴-行-晋-王羲之-4759.png,王羲之,行,晴,晋,4759,晴-行-晋-王羲之-4759.png,mccd_salvage,ok,264,287,225.4,181.8,False,0.4774,1,0.0,1.0,clean,none
G:\GitHub\DiT\MCCD\MCCD\MCCD-Calligrapher\calligrapher_dataset\王羲之\智-行-唐-王羲之-4869.png,王羲之,行,智,唐,4869,智-行-唐-王羲之-4869.png,mccd_salvage,ok,224,314,223.7,211.9,False,0.3201,11,0.0037,0.5602,clean,none
G:\GitHub\DiT\MCCD\MCCD\MCCD-Calligrapher\calligrapher_dataset\王羲之\曰-行-晋-王羲之-6210.png,王羲之,行,曰,晋,6210,曰-行-晋-王羲之-6210.png,mccd_salvage,ok,236,224,220.2,162.0,False,0.3651,8,0.0031,0.6023,clean,none
G:\GitHub\DiT\MCCD\MCCD\MCCD-Calligrapher\calligrapher_dataset\王羲之\曽-行-唐-王羲之-6951.png,王羲之,行,曽,唐,6951,曽-行-唐-王羲之-6951.png,mccd_salvage,ok,195,403,233.9,226.6,False,0.1313,18,0.0063,0.1943,clean,none
G:\GitHub\DiT\MCCD\MCCD\MCCD-Calligrapher\calligrapher_dataset\王羲之\有-行-唐-王羲之-8099.png,王羲之,行,有,唐,8099,有-行-唐-王羲之-8099.png,mccd_salvage,ok,229,279,234.5,232.5,False,0.145,3,0.0,0.8546,clean,none
G:\GitHub\DiT\MCCD\MCCD\MCCD-Calligrapher\calligrapher_dataset\王羲之\期-行-唐-王羲之-9067.png,王羲之,行,期,唐,9067,期-行-唐-王羲之-9067.png,mccd_salvage,ok,270,280,213.2,230.6,False,0.2279,17,0.0049,0.5578,clean,none
G:\GitHub\DiT\MCCD\MCCD\MCCD-Calligrapher\calligrapher_dataset\王羲之\末-行-晋-王羲之-9650.png,王羲之,行,末,晋,9650,末-行-晋-王羲之-9650.png,mccd_salvage,ok,250,262,224.8,233.3,False,0.163,17,0.0099,0.8583,clean,none
G:\GitHub\DiT\MCCD\MCCD\MCCD-Calligrapher\calligrapher_dataset\王羲之\朽-行-唐-王羲之-10018.png,王羲之,行,朽,唐,10018,朽-行-唐-王羲之-10018.png,mccd_salvage,ok,213,246,235.0,183.3,False,0.2412,2,0.0,0.5127,clean,none
G:\GitHub\DiT\MCCD\MCCD\MCCD-Calligrapher\calligrapher_dataset\王羲之\析-行-唐-王羲之-11268.png,王羲之,行,析,唐,11268,析-行-唐-王羲之-11268.png,mccd_salvage,ok,203,275,237.7,235.3,False,0.1532,12,0.0029,0.4096,clean,none
G:\GitHub\DiT\MCCD\MCCD\MCCD-Calligrapher\calligrapher_dataset\王羲之\果-行-唐-王羲之-11553.png,王羲之,行,果,唐,11553,果-行-唐-王羲之-11553.png,mccd_salvage,ok,209,258,235.9,239.0,False,0.1882,15,0.0062,0.7037,clean,none
G:\GitHub\DiT\MCCD\MCCD\MCCD-Calligrapher\calligrapher_dataset\王羲之\柱-行-唐-王羲之-12357.png,王羲之,行,柱,唐,12357,柱-行-唐-王羲之-12357.png,mccd_salvage,ok,273,265,223.1,247.2,False,0.0881,20,0.0077,0.4784,clean,none
G:\GitHub\DiT\MCCD\MCCD\MCCD-Calligrapher\calligrapher_dataset\王羲之\棺-行-唐-王羲之-14309.png,王羲之,行,棺,唐,14309,棺-行-唐-王羲之-14309.png,mccd_salvage,ok,245,301,245.3,235.3,False,0.1259,17,0.0102,0.4904,clean,none
G:\GitHub\DiT\MCCD\MCCD\MCCD-Calligrapher\calligrapher_dataset\王羲之\植-行-唐-王羲之-14428.png,王羲之,行,植,唐,14428,植-行-唐-王羲之-14428.png,mccd_salvage,ok,253,266,237.3,215.1,False,0.2173,5,0.0026,0.5519,clean,none
G:\GitHub\DiT\MCCD\MCCD\MCCD-Calligrapher\calligrapher_dataset\王羲之\楊-行-唐-王羲之-14695.png,王羲之,行,楊,唐,14695,楊-行-唐-王羲之-14695.png,mccd_salvage,ok,268,262,246.9,225.4,False,0.286,10,0.0022,0.558,clean,none
G:\GitHub\DiT\MCCD\MCCD\MCCD-Calligrapher\calligrapher_dataset\王羲之\業-行-唐-王羲之-15241.png,王羲之,行,業,唐,15241,業-行-唐-王羲之-15241.png,mccd_salvage,ok,186,311,216.8,232.5,False,0.2142,14,0.0061,0.5477,clean,none
G:\GitHub\DiT\MCCD\MCCD\MCCD-Calligrapher\calligrapher_dataset\王羲之\樂-行-唐-王羲之-16388.png,王羲之,行,樂,唐,16388,樂-行-唐-王羲之-16388.png,mccd_salvage,ok,293,232,237.5,239.0,False,0.1368,22,0.0091,0.351,clean,none
G:\GitHub\DiT\MCCD\MCCD\MCCD-Calligrapher\calligrapher_dataset\王羲之\標-行-唐-王羲之-16591.png,王羲之,行,標,唐,16591,標-行-唐-王羲之-16591.png,mccd_salvage,ok,250,269,240.0,235.9,False,0.1643,5,0.0,0.4645,clean,none
G:\GitHub\DiT\MCCD\MCCD\MCCD-Calligrapher\calligrapher_dataset\王羲之\樹-行-唐-王羲之-16820.png,王羲之,行,樹,唐,16820,樹-行-唐-王羲之-16820.png,mccd_salvage,ok,283,277,239.5,228.3,False,0.1979,13,0.0017,0.3099,clean,none
G:\GitHub\DiT\MCCD\MCCD\MCCD-Calligrapher\calligrapher_dataset\王羲之\殊-行-唐-王羲之-21071.png,王羲之,行,殊,唐,21071,殊-行-唐-王羲之-21071.png,mccd_salvage,ok,240,239,243.6,231.4,False,0.1577,20,0.0172,0.4637,clean,none
G:\GitHub\DiT\MCCD\MCCD\MCCD-Calligrapher\calligrapher_dataset\王羲之\毎-行-晋-王羲之-22455.png,王羲之,行,毎,晋,22455,毎-行-晋-王羲之-22455.png,mccd_salvage,ok,262,232,238.0,211.1,False,0.4769,1,0.0,1.0,clean,none
G:\GitHub\DiT\MCCD\MCCD\MCCD-Calligrapher\calligrapher_dataset\王羲之\比-行-晋-王羲之-22844.png,王羲之,行,比,晋,22844,比-行-晋-王羲之-22844.png,mccd_salvage,ok,205,220,238.1,193.7,False,0.3353,1,0.0,1.0,clean,none
G:\GitHub\DiT\MCCD\MCCD\MCCD-Calligrapher\calligrapher_dataset\王羲之\氏-行-唐-王羲之-23370.png,王羲之,行,氏,唐,23370,氏-行-唐-王羲之-23370.png,mccd_salvage,ok,250,281,229.0,201.6,False,0.1827,6,0.001,0.8743,clean,none
G:\GitHub\DiT\MCCD\MCCD\MCCD-Calligrapher\calligrapher_dataset\王羲之\氣-楷-晋-王羲之-24073.png,王羲之,楷,氣,晋,24073,氣-楷-晋-王羲之-24073.png,mccd_salvage,ok,176,177,231.5,190.1,False,0.4018,1,0.0,1.0,clean,none
G:\GitHub\DiT\MCCD\MCCD\MCCD-Calligrapher\calligrapher_dataset\王羲之\氣-行-晋-王羲之-24091.png,王羲之,行,氣,晋,24091,氣-行-晋-王羲之-24091.png,mccd_salvage,ok,272,289,230.7,241.6,False,0.176,8,0.0025,0.601,clean,none
G:\GitHub\DiT\MCCD\MCCD\MCCD-Calligrapher\calligrapher_dataset\王羲之\氣-行-晋-王羲之-24092.png,王羲之,行,氣,晋,24092,氣-行-晋-王羲之-24092.png,mccd_salvage,ok,234,286,235.8,232.9,False,0.1225,8,0.0,0.3654,clean,none
G:\GitHub\DiT\MCCD\MCCD\MCCD-Calligrapher\calligrapher_dataset\王羲之\水-行-唐-王羲之-24350.png,王羲之,行,水,唐,24350,水-行-唐-王羲之-24350.png,mccd_salvage,ok,224,192,241.4,223.9,False,0.1504,3,0.0,0.4116,clean,none
G:\GitHub\DiT\MCCD\MCCD\MCCD-Calligrapher\calligrapher_dataset\王羲之\治-行-唐-王羲之-26499.png,王羲之,行,治,唐,26499,治-行-唐-王羲之-26499.png,mccd_salvage,ok,254,283,234.6,227.5,False,0.1859,12,0.0023,0.384,clean,none
G:\GitHub\DiT\MCCD\MCCD\MCCD-Calligrapher\calligrapher_dataset\王羲之\法-行-唐-王羲之-26847.png,王羲之,行,法,唐,26847,法-行-唐-王羲之-26847.png,mccd_salvage,ok,235,209,218.0,213.2,False,0.1991,5,0.0,0.5071,clean,none
G:\GitHub\DiT\MCCD\MCCD\MCCD-Calligrapher\calligrapher_dataset\王羲之\泡-行-唐-王羲之-26995.png,王羲之,行,泡,唐,26995,泡-行-唐-王羲之-26995.png,mccd_salvage,ok,244,218,219.0,217.2,False,0.1077,11,0.0,0.334,clean,none
G:\GitHub\DiT\MCCD\MCCD\MCCD-Calligrapher\calligrapher_dataset\王羲之\波-行-唐-王羲之-27028.png,王羲之,行,波,唐,27028,波-行-唐-王羲之-27028.png,mccd_salvage,ok,283,252,235.8,238.0,False,0.1292,9,0.0,0.2402,clean,none
G:\GitHub\DiT\MCCD\MCCD\MCCD-Calligrapher\calligrapher_dataset\王羲之\泣-行-唐-王羲之-27074.png,王羲之,行,泣,唐,27074,泣-行-唐-王羲之-27074.png,mccd_salvage,ok,254,262,240.9,228.5,False,0.1102,13,0.0076,0.2253,clean,none
G:\GitHub\DiT\MCCD\MCCD\MCCD-Calligrapher\calligrapher_dataset\王羲之\津-行-唐-王羲之-27676.png,王羲之,行,津,唐,27676,津-行-唐-王羲之-27676.png,mccd_salvage,ok,239,329,212.5,249.9,False,0.0967,8,0.0054,0.5914,clean,none
G:\GitHub\DiT\MCCD\MCCD\MCCD-Calligrapher\calligrapher_dataset\王羲之\流-行-唐-王羲之-28061.png,王羲之,行,流,唐,28061,流-行-唐-王羲之-28061.png,mccd_salvage,ok,249,196,220.5,206.4,False,0.2344,6,0.0,0.5519,clean,none
G:\GitHub\DiT\MCCD\MCCD\MCCD-Calligrapher\calligrapher_dataset\王羲之\海-行-唐-王羲之-28506.png,王羲之,行,海,唐,28506,海-行-唐-王羲之-28506.png,mccd_salvage,ok,190,243,222.4,236.7,False,0.1337,4,0.0,0.5677,clean,none
G:\GitHub\DiT\MCCD\MCCD\MCCD-Calligrapher\calligrapher_dataset\王羲之\海-行-唐-王羲之-28507.png,王羲之,行,海,唐,28507,海-行-唐-王羲之-28507.png,mccd_salvage,ok,244,197,212.8,245.0,False,0.2189,10,0.0058,0.8607,clean,none
G:\GitHub\DiT\MCCD\MCCD\MCCD-Calligrapher\calligrapher_dataset\王羲之\消-行-晋-王羲之-28706.png,王羲之,行,消,晋,28706,消-行-晋-王羲之-28706.png,mccd_salvage,ok,199,315,204.6,207.7,False,0.1865,7,0.0006,0.7289,clean,none
G:\GitHub\DiT\MCCD\MCCD\MCCD-Calligrapher\calligrapher_dataset\王羲之\涉-行-唐-王羲之-28792.png,王羲之,行,涉,唐,28792,涉-行-唐-王羲之-28792.png,mccd_salvage,ok,260,260,238.9,240.3,False,0.1902,7,0.0026,0.667,clean,none
G:\GitHub\DiT\MCCD\MCCD\MCCD-Calligrapher\calligrapher_dataset\王羲之\涙-行-唐-王羲之-28936.png,王羲之,行,涙,唐,28936,涙-行-唐-王羲之-28936.png,mccd_salvage,ok,233,248,215.6,242.2,False,0.0846,34,0.0344,0.2261,clean,none
G:\GitHub\DiT\MCCD\MCCD\MCCD-Calligrapher\calligrapher_dataset\王羲之\溢-行-唐-王羲之-31614.png,王羲之,行,溢,唐,31614,溢-行-唐-王羲之-31614.png,mccd_salvage,ok,271,284,234.8,204.2,False,0.2205,6,0.0005,0.7019,clean,none
G:\GitHub\DiT\MCCD\MCCD\MCCD-Calligrapher\calligrapher_dataset\王羲之\漢-行-唐-王羲之-32665.png,王羲之,行,漢,唐,32665,漢-行-唐-王羲之-32665.png,mccd_salvage,ok,264,261,228.3,218.7,False,0.271,6,0.0007,0.8082,clean,none
G:\GitHub\DiT\MCCD\MCCD\MCCD-Calligrapher\calligrapher_dataset\王羲之\濕-行-唐-王羲之-33937.png,王羲之,行,濕,唐,33937,濕-行-唐-王羲之-33937.png,mccd_salvage,ok,277,278,241.5,199.8,False,0.1939,5,0.0,0.4778,clean,none
G:\GitHub\DiT\MCCD\MCCD\MCCD-Calligrapher\calligrapher_dataset\王羲之\炬-行-唐-王羲之-35424.png,王羲之,行,炬,唐,35424,炬-行-唐-王羲之-35424.png,mccd_salvage,ok,287,222,235.2,214.5,False,0.3128,7,0.0006,0.4981,clean,none
G:\GitHub\DiT\MCCD\MCCD\MCCD-Calligrapher\calligrapher_dataset\王羲之\為-行-晋-王羲之-36085.png,王羲之,行,為,晋,36085,為-行-晋-王羲之-36085.png,mccd_salvage,ok,168,171,223.2,174.2,False,0.4315,1,0.0,1.0,clean,none
G:\GitHub\DiT\MCCD\MCCD\MCCD-Calligrapher\calligrapher_dataset\王羲之\為-行-晋-王羲之-36086.png,王羲之,行,為,晋,36086,為-行-晋-王羲之-36086.png,mccd_salvage,ok,163,193,222.3,203.7,False,0.3548,2,0.0,0.857,clean,none
G:\GitHub\DiT\MCCD\MCCD\MCCD-Calligrapher\calligrapher_dataset\王羲之\為-行-晋-王羲之-36089.png,王羲之,行,為,晋,36089,為-行-晋-王羲之-36089.png,mccd_salvage,ok,159,196,212.9,166.1,False,0.4323,1,0.0,1.0,clean,none
G:\GitHub\DiT\MCCD\MCCD\MCCD-Calligrapher\calligrapher_dataset\王羲之\無-行-唐-王羲之-37144.png,王羲之,行,無,唐,37144,無-行-唐-王羲之-37144.png,mccd_salvage,ok,270,287,226.6,233.7,False,0.2019,6,0.0018,0.6022,clean,none
G:\GitHub\DiT\MCCD\MCCD\MCCD-Calligrapher\calligrapher_dataset\王羲之\然-行-晋-王羲之-37396.png,王羲之,行,然,晋,37396,然-行-晋-王羲之-37396.png,mccd_salvage,ok,258,279,240.1,208.4,False,0.5122,1,0.0,1.0,clean,none
G:\GitHub\DiT\MCCD\MCCD\MCCD-Calligrapher\calligrapher_dataset\王羲之\然-行-晋-王羲之-37397.png,王羲之,行,然,晋,37397,然-行-晋-王羲之-37397.png,mccd_salvage,ok,247,265,240.4,211.6,False,0.3992,5,0.0009,0.7003,clean,none
G:\GitHub\DiT\MCCD\MCCD\MCCD-Calligrapher\calligrapher_dataset\王羲之\燄-行-唐-王羲之-38351.png,王羲之,行,燄,唐,38351,燄-行-唐-王羲之-38351.png,mccd_salvage,ok,288,271,219.2,245.0,False,0.2085,9,0.0007,0.4347,clean,none
G:\GitHub\DiT\MCCD\MCCD\MCCD-Calligrapher\calligrapher_dataset\王羲之\爲-行-唐-王羲之-39818.png,王羲之,行,爲,唐,39818,爲-行-唐-王羲之-39818.png,mccd_salvage,ok,272,315,237.4,211.5,False,0.2481,5,0.0009,0.9165,clean,none
G:\GitHub\DiT\MCCD\MCCD\MCCD-Calligrapher\calligrapher_dataset\王羲之\爲-行-晋-王羲之-39807.png,王羲之,行,爲,晋,39807,爲-行-晋-王羲之-39807.png,mccd_salvage,ok,259,276,233.1,192.7,False,0.4221,1,0.0,1.0,clean,none
G:\GitHub\DiT\MCCD\MCCD\MCCD-Calligrapher\calligrapher_dataset\王羲之\爲-行-晋-王羲之-39812.png,王羲之,行,爲,晋,39812,爲-行-晋-王羲之-39812.png,mccd_salvage,ok,174,226,229.8,193.9,False,0.4249,1,0.0,1.0,clean,none
G:\GitHub\DiT\MCCD\MCCD\MCCD-Calligrapher\calligrapher_dataset\王羲之\物-行-唐-王羲之-41240.png,王羲之,行,物,唐,41240,物-行-唐-王羲之-41240.png,mccd_salvage,ok,297,229,230.8,228.3,False,0.1887,8,0.0012,0.4561,clean,none
G:\GitHub\DiT\MCCD\MCCD\MCCD-Calligrapher\calligrapher_dataset\王羲之\猶-行-唐-王羲之-42729.png,王羲之,行,猶,唐,42729,猶-行-唐-王羲之-42729.png,mccd_salvage,ok,283,291,210.6,235.4,False,0.1653,20,0.0029,0.2827,clean,none
G:\GitHub\DiT\MCCD\MCCD\MCCD-Calligrapher\calligrapher_dataset\王羲之\獲-行-唐-王羲之-43243.png,王羲之,行,獲,唐,43243,獲-行-唐-王羲之-43243.png,mccd_salvage,ok,258,316,231.2,248.3,False,0.0886,21,0.0145,0.2753,clean,none
G:\GitHub\DiT\MCCD\MCCD\MCCD-Calligrapher\calligrapher_dataset\王羲之\玄-行-唐-王羲之-43655.png,王羲之,行,玄,唐,43655,玄-行-唐-王羲之-43655.png,mccd_salvage,ok,199,296,248.1,231.2,False,0.1811,2,0.0,0.9203,clean,none
G:\GitHub\DiT\MCCD\MCCD\MCCD-Calligrapher\calligrapher_dataset\王羲之\玉-行-唐-王羲之-43949.png,王羲之,行,玉,唐,43949,玉-行-唐-王羲之-43949.png,mccd_salvage,ok,270,193,228.0,215.2,False,0.1753,3,0.0,0.8973,clean,none
G:\GitHub\DiT\MCCD\MCCD\MCCD-Calligrapher\calligrapher_dataset\王羲之\珠-行-唐-王羲之-44874.png,王羲之,行,珠,唐,44874,珠-行-唐-王羲之-44874.png,mccd_salvage,ok,255,247,240.3,222.2,False,0.1828,9,0.0017,0.5389,clean,none
G:\GitHub\DiT\MCCD\MCCD\MCCD-Calligrapher\calligrapher_dataset\王羲之\班-行-唐-王羲之-45030.png,王羲之,行,班,唐,45030,班-行-唐-王羲之-45030.png,mccd_salvage,ok,254,199,238.2,189.7,False,0.2719,4,0.0012,0.5553,clean,none
G:\GitHub\DiT\MCCD\MCCD\MCCD-Calligrapher\calligrapher_dataset\王羲之\現-行-唐-王羲之-45102.png,王羲之,行,現,唐,45102,現-行-唐-王羲之-45102.png,mccd_salvage,ok,260,251,248.0,227.6,False,0.0849,18,0.0096,0.234,clean,none
G:\GitHub\DiT\MCCD\MCCD\MCCD-Calligrapher\calligrapher_dataset\王羲之\理-行-唐-王羲之-45216.png,王羲之,行,理,唐,45216,理-行-唐-王羲之-45216.png,mccd_salvage,ok,220,172,232.8,192.3,False,0.2464,5,0.0006,0.5974,clean,none
G:\GitHub\DiT\MCCD\MCCD\MCCD-Calligrapher\calligrapher_dataset\王羲之\理-行-唐-王羲之-45219.png,王羲之,行,理,唐,45219,理-行-唐-王羲之-45219.png,mccd_salvage,ok,289,236,243.3,237.1,False,0.196,7,0.0019,0.657,clean,none
G:\GitHub\DiT\MCCD\MCCD\MCCD-Calligrapher\calligrapher_dataset\王羲之\琢-行-唐-王羲之-45335.png,王羲之,行,琢,唐,45335,琢-行-唐-王羲之-45335.png,mccd_salvage,ok,264,216,245.8,229.4,False,0.0923,14,0.007,0.1891,clean,none
G:\GitHub\DiT\MCCD\MCCD\MCCD-Calligrapher\calligrapher_dataset\王羲之\瑩-行-唐-王羲之-45813.png,王羲之,行,瑩,唐,45813,瑩-行-唐-王羲之-45813.png,mccd_salvage,ok,275,428,215.7,246.7,False,0.0935,19,0.0051,0.1986,clean,none
G:\GitHub\DiT\MCCD\MCCD\MCCD-Calligrapher\calligrapher_dataset\王羲之\璽-行-唐-王羲之-46371.png,王羲之,行,璽,唐,46371,璽-行-唐-王羲之-46371.png,mccd_salvage,ok,213,391,241.5,186.7,False,0.2813,11,0.0013,0.835,clean,none
G:\GitHub\DiT\MCCD\MCCD\MCCD-Calligrapher\calligrapher_dataset\王羲之\田-行-唐-王羲之-48312.png,王羲之,行,田,唐,48312,田-行-唐-王羲之-48312.png,mccd_salvage,ok,214,175,205.1,135.5,False,0.354,1,0.0,1.0,clean,none
G:\GitHub\DiT\MCCD\MCCD\MCCD-Calligrapher\calligrapher_dataset\王羲之\由-楷-晋-王羲之-48431.png,王羲之,楷,由,晋,48431,由-楷-晋-王羲之-48431.png,mccd_salvage,ok,173,192,220.8,149.7,False,0.5243,1,0.0,1.0,clean,none
G:\GitHub\DiT\MCCD\MCCD\MCCD-Calligrapher\calligrapher_dataset\王羲之\由-行-唐-王羲之-48450.png,王羲之,行,由,唐,48450,由-行-唐-王羲之-48450.png,mccd_salvage,ok,241,321,227.8,226.6,False,0.1894,4,0.0003,0.8297,clean,none
G:\GitHub\DiT\MCCD\MCCD\MCCD-Calligrapher\calligrapher_dataset\王羲之\由-行-晋-王羲之-48442.png,王羲之,行,由,晋,48442,由-行-晋-王羲之-48442.png,mccd_salvage,ok,181,206,220.7,156.9,False,0.5093,1,0.0,1.0,clean,none
G:\GitHub\DiT\MCCD\MCCD\MCCD-Calligrapher\calligrapher_dataset\王羲之\申-行-晋-王羲之-48891.png,王羲之,行,申,晋,48891,申-行-晋-王羲之-48891.png,mccd_salvage,ok,193,245,235.4,207.3,False,0.4302,1,0.0,1.0,clean,none
G:\GitHub\DiT\MCCD\MCCD\MCCD-Calligrapher\calligrapher_dataset\王羲之\界-行-唐-王羲之-49226.png,王羲之,行,界,唐,49226,界-行-唐-王羲之-49226.png,mccd_salvage,ok,249,301,246.8,223.8,False,0.2418,4,0.0004,0.6655,clean,none
G:\GitHub\DiT\MCCD\MCCD\MCCD-Calligrapher\calligrapher_dataset\王羲之\異-行-唐-王羲之-50157.png,王羲之,行,異,唐,50157,異-行-唐-王羲之-50157.png,mccd_salvage,ok,286,328,213.4,248.5,False,0.2063,16,0.0011,0.8545,clean,none
G:\GitHub\DiT\MCCD\MCCD\MCCD-Calligrapher\calligrapher_dataset\王羲之\異-行-唐-王羲之-50158.png,王羲之,行,異,唐,50158,異-行-唐-王羲之-50158.png,mccd_salvage,ok,310,354,131.4,192.2,False,0.2264,14,0.0011,0.5526,clean,none
G:\GitHub\DiT\MCCD\MCCD\MCCD-Calligrapher\calligrapher_dataset\王羲之\異-行-唐-王羲之-50159.png,王羲之,行,異,唐,50159,異-行-唐-王羲之-50159.png,mccd_salvage,ok,311,332,121.5,185.9,True,0.7143,8,0.0001,0.9635,broken,inverted;too_solid
G:\GitHub\DiT\MCCD\MCCD\MCCD-Calligrapher\calligrapher_dataset\王羲之\痛-行-晋-王羲之-51543.png,王羲之,行,痛,晋,51543,痛-行-晋-王羲之-51543.png,mccd_salvage,ok,213,337,234.4,206.4,False,0.2243,5,0.0,0.7449,clean,none
G:\GitHub\DiT\MCCD\MCCD\MCCD-Calligrapher\calligrapher_dataset\王羲之\登-行-唐-王羲之-52659.png,王羲之,行,登,唐,52659,登-行-唐-王羲之-52659.png,mccd_salvage,ok,258,259,221.2,238.5,False,0.1303,9,0.0006,0.4215,clean,none
G:\GitHub\DiT\MCCD\MCCD\MCCD-Calligrapher\calligrapher_dataset\王羲之\白-行-晋-王羲之-53088.png,王羲之,行,白,晋,53088,白-行-晋-王羲之-53088.png,mccd_salvage,ok,182,236,221.0,151.1,False,0.5144,2,0.0,0.8884,clean,none
G:\GitHub\DiT\MCCD\MCCD\MCCD-Calligrapher\calligrapher_dataset\王羲之\百-行-唐-王羲之-53330.png,王羲之,行,百,唐,53330,百-行-唐-王羲之-53330.png,mccd_salvage,ok,236,312,239.9,241.9,False,0.3022,3,0.0001,0.9851,clean,none
G:\GitHub\DiT\MCCD\MCCD\MCCD-Calligrapher\calligrapher_dataset\王羲之\盛-行-晋-王羲之-54740.png,王羲之,行,盛,晋,54740,盛-行-晋-王羲之-54740.png,mccd_salvage,ok,193,183,231.2,183.1,False,0.3453,1,0.0,1.0,clean,none
G:\GitHub\DiT\MCCD\MCCD\MCCD-Calligrapher\calligrapher_dataset\王羲之\盡-行-唐-王羲之-55050.png,王羲之,行,盡,唐,55050,盡-行-唐-王羲之-55050.png,mccd_salvage,ok,216,317,244.8,222.5,False,0.2487,1,0.0,1.0,clean,none
G:\GitHub\DiT\MCCD\MCCD\MCCD-Calligrapher\calligrapher_dataset\王羲之\相-行-晋-王羲之-55920.png,王羲之,行,相,晋,55920,相-行-晋-王羲之-55920.png,mccd_salvage,ok,196,180,222.9,178.4,False,0.3812,2,0.0,0.5635,clean,none
G:\GitHub\DiT\MCCD\MCCD\MCCD-Calligrapher\calligrapher_dataset\王羲之\眞-行-唐-王羲之-56734.png,王羲之,行,眞,唐,56734,眞-行-唐-王羲之-56734.png,mccd_salvage,ok,205,420,245.2,244.1,False,0.0987,18,0.0108,0.5159,clean,none
G:\GitHub\DiT\MCCD\MCCD\MCCD-Calligrapher\calligrapher_dataset\王羲之\真-行-唐-王羲之-56841.png,王羲之,行,真,唐,56841,真-行-唐-王羲之-56841.png,mccd_salvage,ok,263,352,231.9,248.0,False,0.1803,18,0.0055,0.5257,clean,none
G:\GitHub\DiT\MCCD\MCCD\MCCD-Calligrapher\calligrapher_dataset\王羲之\眼-行-唐-王羲之-57142.png,王羲之,行,眼,唐,57142,眼-行-唐-王羲之-57142.png,mccd_salvage,ok,286,276,208.0,232.8,False,0.208,22,0.0054,0.3665,clean,none
G:\GitHub\DiT\MCCD\MCCD\MCCD-Calligrapher\calligrapher_dataset\王羲之\眾-行-唐-王羲之-57276.png,王羲之,行,眾,唐,57276,眾-行-唐-王羲之-57276.png,mccd_salvage,ok,216,274,239.0,198.1,False,0.2505,6,0.001,0.5978,clean,none
G:\GitHub\DiT\MCCD\MCCD\MCCD-Calligrapher\calligrapher_dataset\王羲之\瞻-行-唐-王羲之-58030.png,王羲之,行,瞻,唐,58030,瞻-行-唐-王羲之-58030.png,mccd_salvage,ok,216,315,226.5,215.6,False,0.2144,8,0.0003,0.3783,clean,none
G:\GitHub\DiT\MCCD\MCCD\MCCD-Calligrapher\calligrapher_dataset\王羲之\石-行-唐-王羲之-59094.png,王羲之,行,石,唐,59094,石-行-唐-王羲之-59094.png,mccd_salvage,ok,285,217,213.3,246.8,False,0.1546,22,0.0152,0.5147,clean,none
G:\GitHub\DiT\MCCD\MCCD\MCCD-Calligrapher\calligrapher_dataset\王羲之\祉-行-唐-王羲之-60973.png,王羲之,行,祉,唐,60973,祉-行-唐-王羲之-60973.png,mccd_salvage,ok,279,228,228.6,243.8,False,0.214,7,0.0,0.4626,clean,none
G:\GitHub\DiT\MCCD\MCCD\MCCD-Calligrapher\calligrapher_dataset\王羲之\祿-行-唐-王羲之-61853.png,王羲之,行,祿,唐,61853,祿-行-唐-王羲之-61853.png,mccd_salvage,ok,298,240,235.6,229.0,False,0.1939,22,0.0052,0.4439,clean,none
G:\GitHub\DiT\MCCD\MCCD\MCCD-Calligrapher\calligrapher_dataset\王羲之\福-行-唐-王羲之-62165.png,王羲之,行,福,唐,62165,福-行-唐-王羲之-62165.png,mccd_salvage,ok,276,322,187.8,234.5,False,0.233,11,0.0017,0.445,clean,none
G:\GitHub\DiT\MCCD\MCCD\MCCD-Calligrapher\calligrapher_dataset\王羲之\秘-行-唐-王羲之-63441.png,王羲之,行,秘,唐,63441,秘-行-唐-王羲之-63441.png,mccd_salvage,ok,274,224,234.3,234.9,False,0.1751,7,0.0,0.3713,clean,none
G:\GitHub\DiT\MCCD\MCCD\MCCD-Calligrapher\calligrapher_dataset\王羲之\種-行-唐-王羲之-64222.png,王羲之,行,種,唐,64222,種-行-唐-王羲之-64222.png,mccd_salvage,ok,267,200,230.8,225.0,False,0.1879,7,0.0002,0.4644,clean,none
G:\GitHub\DiT\MCCD\MCCD\MCCD-Calligrapher\calligrapher_dataset\王羲之\穎-行-唐-王羲之-64869.png,王羲之,行,穎,唐,64869,穎-行-唐-王羲之-64869.png,mccd_salvage,ok,266,245,236.7,217.3,False,0.2088,12,0.001,0.5926,clean,none
G:\GitHub\DiT\MCCD\MCCD\MCCD-Calligrapher\calligrapher_dataset\王羲之\穸-行-唐-王羲之-65163.png,王羲之,行,穸,唐,65163,穸-行-唐-王羲之-65163.png,mccd_salvage,ok,266,287,230.8,235.4,False,0.1778,7,0.0013,0.4375,clean,none
G:\GitHub\DiT\MCCD\MCCD\MCCD-Calligrapher\calligrapher_dataset\王羲之\空-行-唐-王羲之-65259.png,王羲之,行,空,唐,65259,空-行-唐-王羲之-65259.png,mccd_salvage,ok,244,275,229.9,223.1,False,0.182,9,0.0003,0.3958,clean,none
G:\GitHub\DiT\MCCD\MCCD\MCCD-Calligrapher\calligrapher_dataset\王羲之\窗-行-唐-王羲之-65565.png,王羲之,行,窗,唐,65565,窗-行-唐-王羲之-65565.png,mccd_salvage,ok,260,325,209.0,231.5,False,0.1417,13,0.0011,0.2075,clean,none
G:\GitHub\DiT\MCCD\MCCD\MCCD-Calligrapher\calligrapher_dataset\王羲之\立-行-唐-王羲之-66170.png,王羲之,行,立,唐,66170,立-行-唐-王羲之-66170.png,mccd_salvage,ok,223,337,236.1,214.3,False,0.1805,4,0.0,0.778,clean,none
G:\GitHub\DiT\MCCD\MCCD\MCCD-Calligrapher\calligrapher_dataset\王羲之\竟-行-唐-王羲之-66330.png,王羲之,行,竟,唐,66330,竟-行-唐-王羲之-66330.png,mccd_salvage,ok,226,304,239.0,240.7,False,0.1028,10,0.0025,0.3103,clean,none
G:\GitHub\DiT\MCCD\MCCD\MCCD-Calligrapher\calligrapher_dataset\王羲之\竹-行-晋-王羲之-66949.png,王羲之,行,竹,晋,66949,竹-行-晋-王羲之-66949.png,mccd_salvage,ok,275,219,223.5,244.1,False,0.1301,5,0.0004,0.5431,clean,none
G:\GitHub\DiT\MCCD\MCCD\MCCD-Calligrapher\calligrapher_dataset\王羲之\竹-行-晋-王羲之-66950.png,王羲之,行,竹,晋,66950,竹-行-晋-王羲之-66950.png,mccd_salvage,ok,190,172,225.9,196.7,False,0.3446,2,0.0,0.5045,clean,none
G:\GitHub\DiT\MCCD\MCCD\MCCD-Calligrapher\calligrapher_dataset\王羲之\策-行-唐-王羲之-67821.png,王羲之,行,策,唐,67821,策-行-唐-王羲之-67821.png,mccd_salvage,ok,243,315,234.1,236.4,False,0.1774,7,0.0,0.2944,clean,none
G:\GitHub\DiT\MCCD\MCCD\MCCD-Calligrapher\calligrapher_dataset\王羲之\精-行-唐-王羲之-70176.png,王羲之,行,精,唐,70176,精-行-唐-王羲之-70176.png,mccd_salvage,ok,269,305,249.3,232.0,False,0.1863,4,0.0003,0.5241,clean,none
G:\GitHub\DiT\MCCD\MCCD\MCCD-Calligrapher\calligrapher_dataset\王羲之\精-行-晋-王羲之-70173.png,王羲之,行,精,晋,70173,精-行-晋-王羲之-70173.png,mccd_salvage,ok,195,203,237.7,195.5,False,0.4447,1,0.0,1.0,clean,none
G:\GitHub\DiT\MCCD\MCCD\MCCD-Calligrapher\calligrapher_dataset\王羲之\約-行-晋-王羲之-70690.png,王羲之,行,約,晋,70690,約-行-晋-王羲之-70690.png,mccd_salvage,ok,233,229,224.9,160.9,False,0.3964,4,0.0009,0.5011,clean,none
G:\GitHub\DiT\MCCD\MCCD\MCCD-Calligrapher\calligrapher_dataset\王羲之\累-行-唐-王羲之-71674.png,王羲之,行,累,唐,71674,累-行-唐-王羲之-71674.png,mccd_salvage,ok,236,318,231.7,233.2,False,0.2792,5,0.0001,0.8592,clean,none
G:\GitHub\DiT\MCCD\MCCD\MCCD-Calligrapher\calligrapher_dataset\王羲之\終-行-唐-王羲之-71952.png,王羲之,行,終,唐,71952,終-行-唐-王羲之-71952.png,mccd_salvage,ok,282,254,220.1,239.6,False,0.14,6,0.0009,0.4131,clean,none
G:\GitHub\DiT\MCCD\MCCD\MCCD-Calligrapher\calligrapher_dataset\王羲之\結-行-晋-王羲之-72190.png,王羲之,行,結,晋,72190,結-行-晋-王羲之-72190.png,mccd_salvage,ok,253,264,241.4,207.8,False,0.4694,2,0.0001,0.9999,clean,none
G:\GitHub\DiT\MCCD\MCCD\MCCD-Calligrapher\calligrapher_dataset\王羲之\絲-行-晋-王羲之-72691.png,王羲之,行,絲,晋,72691,絲-行-晋-王羲之-72691.png,mccd_salvage,ok,215,220,235.7,184.3,False,0.4866,1,0.0,1.0,clean,none
G:\GitHub\DiT\MCCD\MCCD\MCCD-Calligrapher\calligrapher_dataset\王羲之\絳-楷-晋-王羲之-72720.png,王羲之,楷,絳,晋,72720,絳-楷-晋-王羲之-72720.png,mccd_salvage,ok,291,168,230.0,243.9,False,0.0942,13,0.0074,0.4166,clean,none
G:\GitHub\DiT\MCCD\MCCD\MCCD-Calligrapher\calligrapher_dataset\王羲之\經-行-唐-王羲之-73122.png,王羲之,行,經,唐,73122,經-行-唐-王羲之-73122.png,mccd_salvage,ok,268,264,223.3,243.0,False,0.1886,12,0.0019,0.5927,clean,none
G:\GitHub\DiT\MCCD\MCCD\MCCD-Calligrapher\calligrapher_dataset\王羲之\網-行-唐-王羲之-73454.png,王羲之,行,網,唐,73454,網-行-唐-王羲之-73454.png,mccd_salvage,ok,263,231,235.2,227.8,False,0.1348,20,0.0171,0.4896,clean,none
G:\GitHub\DiT\MCCD\MCCD\MCCD-Calligrapher\calligrapher_dataset\王羲之\縣-行-唐-王羲之-74688.png,王羲之,行,縣,唐,74688,縣-行-唐-王羲之-74688.png,mccd_salvage,ok,264,217,218.1,234.5,False,0.1568,15,0.0049,0.2646,clean,none
G:\GitHub\DiT\MCCD\MCCD\MCCD-Calligrapher\calligrapher_dataset\王羲之\缺-行-唐-王羲之-76042.png,王羲之,行,缺,唐,76042,缺-行-唐-王羲之-76042.png,mccd_salvage,ok,272,250,248.4,231.3,False,0.217,2,0.0,0.5714,clean,none
G:\GitHub\DiT\MCCD\MCCD\MCCD-Calligrapher\calligrapher_dataset\王羲之\罪-行-唐-王羲之-76441.png,王羲之,行,罪,唐,76441,罪-行-唐-王羲之-76441.png,mccd_salvage,ok,306,307,141.2,210.8,False,0.2736,6,0.0008,0.7396,clean,none
G:\GitHub\DiT\MCCD\MCCD\MCCD-Calligrapher\calligrapher_dataset\王羲之\翰-行-唐-王羲之-78829.png,王羲之,行,翰,唐,78829,翰-行-唐-王羲之-78829.png,mccd_salvage,ok,288,280,211.3,236.5,False,0.2412,6,0.0,0.6862,clean,none
G:\GitHub\DiT\MCCD\MCCD\MCCD-Calligrapher\calligrapher_dataset\王羲之\翹-行-唐-王羲之-78928.png,王羲之,行,翹,唐,78928,翹-行-唐-王羲之-78928.png,mccd_salvage,ok,285,268,217.2,221.6,False,0.203,8,0.0005,0.5305,clean,none
G:\GitHub\DiT\MCCD\MCCD\MCCD-Calligrapher\calligrapher_dataset\王羲之\者-行-唐-王羲之-80174.png,王羲之,行,者,唐,80174,者-行-唐-王羲之-80174.png,mccd_salvage,ok,279,289,245.3,239.9,False,0.2178,12,0.002,0.9809,clean,none
G:\GitHub\DiT\MCCD\MCCD\MCCD-Calligrapher\calligrapher_dataset\王羲之\者-行-唐-王羲之-80178.png,王羲之,行,者,唐,80178,者-行-唐-王羲之-80178.png,mccd_salvage,ok,251,262,209.4,239.0,False,0.1628,5,0.0014,0.8873,clean,none
G:\GitHub\DiT\MCCD\MCCD\MCCD-Calligrapher\calligrapher_dataset\王羲之\而-行-唐-王羲之-80845.png,王羲之,行,而,唐,80845,而-行-唐-王羲之-80845.png,mccd_salvage,ok,290,222,218.0,244.4,False,0.1089,11,0.0066,0.6558,clean,none
G:\GitHub\DiT\MCCD\MCCD\MCCD-Calligrapher\calligrapher_dataset\王羲之\而-行-唐-王羲之-80849.png,王羲之,行,而,唐,80849,而-行-唐-王羲之-80849.png,mccd_salvage,ok,293,208,236.3,226.6,False,0.1463,6,0.0007,0.5173,clean,none
G:\GitHub\DiT\MCCD\MCCD\MCCD-Calligrapher\calligrapher_dataset\王羲之\而-行-唐-王羲之-80850.png,王羲之,行,而,唐,80850,而-行-唐-王羲之-80850.png,mccd_salvage,ok,284,258,209.4,229.9,False,0.1852,6,0.0001,0.6455,clean,none
G:\GitHub\DiT\MCCD\MCCD\MCCD-Calligrapher\calligrapher_dataset\王羲之\而-行-唐-王羲之-80852.png,王羲之,行,而,唐,80852,而-行-唐-王羲之-80852.png,mccd_salvage,ok,268,240,211.4,235.8,False,0.1649,9,0.0033,0.5046,clean,none
G:\GitHub\DiT\MCCD\MCCD\MCCD-Calligrapher\calligrapher_dataset\王羲之\而-行-唐-王羲之-80853.png,王羲之,行,而,唐,80853,而-行-唐-王羲之-80853.png,mccd_salvage,ok,302,187,206.1,241.0,False,0.1544,8,0.0053,0.6786,clean,none
G:\GitHub\DiT\MCCD\MCCD\MCCD-Calligrapher\calligrapher_dataset\王羲之\耳-行-唐-王羲之-81259.png,王羲之,行,耳,唐,81259,耳-行-唐-王羲之-81259.png,mccd_salvage,ok,191,396,243.3,246.3,False,0.2146,4,0.0015,0.9779,clean,none
G:\GitHub\DiT\MCCD\MCCD\MCCD-Calligrapher\calligrapher_dataset\王羲之\耶-行-唐-王羲之-81320.png,王羲之,行,耶,唐,81320,耶-行-唐-王羲之-81320.png,mccd_salvage,ok,253,437,237.3,225.8,False,0.2272,11,0.0008,0.3766,clean,none
G:\GitHub\DiT\MCCD\MCCD\MCCD-Calligrapher\calligrapher_dataset\王羲之\聊-楷-晋-王羲之-81484.png,王羲之,楷,聊,晋,81484,聊-楷-晋-王羲之-81484.png,mccd_salvage,ok,258,226,250.5,235.0,False,0.1435,7,0.0012,0.5648,clean,none
G:\GitHub\DiT\MCCD\MCCD\MCCD-Calligrapher\calligrapher_dataset\王羲之\聲-行-唐-王羲之-82116.png,王羲之,行,聲,唐,82116,聲-行-唐-王羲之-82116.png,mccd_salvage,ok,238,415,243.3,250.6,False,0.0837,21,0.0007,0.1211,clean,none
G:\GitHub\DiT\MCCD\MCCD\MCCD-Calligrapher\calligrapher_dataset\王羲之\肇-行-唐-王羲之-82650.png,王羲之,行,肇,唐,82650,肇-行-唐-王羲之-82650.png,mccd_salvage,ok,238,386,248.2,238.9,False,0.1371,10,0.0054,0.4431,clean,none
G:\GitHub\DiT\MCCD\MCCD\MCCD-Calligrapher\calligrapher_dataset\王羲之\肝-行-晋-王羲之-82834.png,王羲之,行,肝,晋,82834,肝-行-晋-王羲之-82834.png,mccd_salvage,ok,193,296,221.0,149.2,False,0.4868,5,0.0003,0.6155,clean,none
G:\GitHub\DiT\MCCD\MCCD\MCCD-Calligrapher\calligrapher_dataset\王羲之\股-行-唐-王羲之-82864.png,王羲之,行,股,唐,82864,股-行-唐-王羲之-82864.png,mccd_salvage,ok,253,297,231.6,230.9,False,0.1769,14,0.0014,0.2496,clean,none
G:\GitHub\DiT\MCCD\MCCD\MCCD-Calligrapher\calligrapher_dataset\王羲之\胄-行-唐-王羲之-83393.png,王羲之,行,胄,唐,83393,胄-行-唐-王羲之-83393.png,mccd_salvage,ok,244,363,238.5,247.3,False,0.0897,15,0.0039,0.3471,clean,none
G:\GitHub\DiT\MCCD\MCCD\MCCD-Calligrapher\calligrapher_dataset\王羲之\背-行-唐-王羲之-83445.png,王羲之,行,背,唐,83445,背-行-唐-王羲之-83445.png,mccd_salvage,ok,205,354,252.5,242.8,False,0.1002,13,0.0012,0.298,clean,none
G:\GitHub\DiT\MCCD\MCCD\MCCD-Calligrapher\calligrapher_dataset\王羲之\能-行-唐-王羲之-83987.png,王羲之,行,能,唐,83987,能-行-唐-王羲之-83987.png,mccd_salvage,ok,284,269,219.6,237.7,False,0.2446,6,0.0003,0.5446,clean,none
G:\GitHub\DiT\MCCD\MCCD\MCCD-Calligrapher\calligrapher_dataset\王羲之\臣-行-唐-王羲之-85916.png,王羲之,行,臣,唐,85916,臣-行-唐-王羲之-85916.png,mccd_salvage,ok,221,289,246.3,208.2,False,0.2744,2,0.0,0.6796,clean,none
G:\GitHub\DiT\MCCD\MCCD\MCCD-Calligrapher\calligrapher_dataset\王羲之\臣-行-唐-王羲之-85919.png,王羲之,行,臣,唐,85919,臣-行-唐-王羲之-85919.png,mccd_salvage,ok,259,320,206.3,238.1,False,0.2107,10,0.0022,0.6437,clean,none
G:\GitHub\DiT\MCCD\MCCD\MCCD-Calligrapher\calligrapher_dataset\王羲之\至-行-晋-王羲之-86986.png,王羲之,行,至,晋,86986,至-行-晋-王羲之-86986.png,mccd_salvage,ok,186,284,231.1,181.7,False,0.5374,2,0.0005,0.9995,clean,none
G:\GitHub\DiT\MCCD\MCCD\MCCD-Calligrapher\calligrapher_dataset\王羲之\致-行-唐-王羲之-87109.png,王羲之,行,致,唐,87109,致-行-唐-王羲之-87109.png,mccd_salvage,ok,256,260,223.4,222.0,False,0.2118,14,0.0026,0.2513,clean,none
G:\GitHub\DiT\MCCD\MCCD\MCCD-Calligrapher\calligrapher_dataset\王羲之\臻-行-唐-王羲之-87240.png,王羲之,行,臻,唐,87240,臻-行-唐-王羲之-87240.png,mccd_salvage,ok,254,335,226.6,246.9,False,0.155,25,0.0127,0.373,clean,none
G:\GitHub\DiT\MCCD\MCCD\MCCD-Calligrapher\calligrapher_dataset\王羲之\舉-行-唐-王羲之-87968.png,王羲之,行,舉,唐,87968,舉-行-唐-王羲之-87968.png,mccd_salvage,ok,265,339,236.8,242.1,False,0.2213,6,0.0022,0.9716,clean,none
G:\GitHub\DiT\MCCD\MCCD\MCCD-Calligrapher\calligrapher_dataset\王羲之\舌-行-唐-王羲之-88170.png,王羲之,行,舌,唐,88170,舌-行-唐-王羲之-88170.png,mccd_salvage,ok,237,333,245.8,225.4,False,0.18,4,0.0,0.3693,clean,none
G:\GitHub\DiT\MCCD\MCCD\MCCD-Calligrapher\calligrapher_dataset\王羲之\舜-行-唐-王羲之-88394.png,王羲之,行,舜,唐,88394,舜-行-唐-王羲之-88394.png,mccd_salvage,ok,261,387,206.2,246.3,False,0.1397,11,0.0011,0.4209,clean,none
G:\GitHub\DiT\MCCD\MCCD\MCCD-Calligrapher\calligrapher_dataset\王羲之\良-行-晋-王羲之-89074.png,王羲之,行,良,晋,89074,良-行-晋-王羲之-89074.png,mccd_salvage,ok,193,240,226.3,171.9,False,0.4692,1,0.0,1.0,clean,none
G:\GitHub\DiT\MCCD\MCCD\MCCD-Calligrapher\calligrapher_dataset\王羲之\色-行-唐-王羲之-89187.png,王羲之,行,色,唐,89187,色-行-唐-王羲之-89187.png,mccd_salvage,ok,250,485,237.6,202.9,False,0.2423,6,0.0,0.3131,clean,none
G:\GitHub\DiT\MCCD\MCCD\MCCD-Calligrapher\calligrapher_dataset\王羲之\花-行-唐-王羲之-89654.png,王羲之,行,花,唐,89654,花-行-唐-王羲之-89654.png,mccd_salvage,ok,263,293,246.9,239.2,False,0.0971,11,0.0033,0.2847,clean,none
G:\GitHub\DiT\MCCD\MCCD\MCCD-Calligrapher\calligrapher_dataset\王羲之\苞-行-唐-王羲之-90115.png,王羲之,行,苞,唐,90115,苞-行-唐-王羲之-90115.png,mccd_salvage,ok,252,441,229.9,202.4,False,0.2163,4,0.0,0.5694,clean,none
G:\GitHub\DiT\MCCD\MCCD\MCCD-Calligrapher\calligrapher_dataset\王羲之\茲-行-唐-王羲之-91094.png,王羲之,行,茲,唐,91094,茲-行-唐-王羲之-91094.png,mccd_salvage,ok,224,376,221.9,235.5,False,0.2389,4,0.0,0.7723,clean,none
G:\GitHub\DiT\MCCD\MCCD\MCCD-Calligrapher\calligrapher_dataset\王羲之\荷-行-唐-王羲之-91582.png,王羲之,行,荷,唐,91582,荷-行-唐-王羲之-91582.png,mccd_salvage,ok,230,311,245.3,236.5,False,0.122,21,0.0065,0.3109,clean,none
G:\GitHub\DiT\MCCD\MCCD\MCCD-Calligrapher\calligrapher_dataset\王羲之\莊-行-唐-王羲之-91732.png,王羲之,行,莊,唐,91732,莊-行-唐-王羲之-91732.png,mccd_salvage,ok,244,328,245.5,217.5,False,0.2114,5,0.0006,0.5743,clean,none
G:\GitHub\DiT\MCCD\MCCD\MCCD-Calligrapher\calligrapher_dataset\王羲之\莫-行-唐-王羲之-92089.png,王羲之,行,莫,唐,92089,莫-行-唐-王羲之-92089.png,mccd_salvage,ok,203,308,245.7,231.7,False,0.198,3,0.0,0.8731,clean,none
G:\GitHub\DiT\MCCD\MCCD\MCCD-Calligrapher\calligrapher_dataset\王羲之\莫-行-唐-王羲之-92090.png,王羲之,行,莫,唐,92090,莫-行-唐-王羲之-92090.png,mccd_salvage,ok,198,305,245.8,227.5,False,0.2486,12,0.0047,0.6016,clean,none
G:\GitHub\DiT\MCCD\MCCD\MCCD-Calligrapher\calligrapher_dataset\王羲之\菁-行-唐-王羲之-92198.png,王羲之,行,菁,唐,92198,菁-行-唐-王羲之-92198.png,mccd_salvage,ok,181,302,249.8,246.3,False,0.0759,19,0.0181,0.1824,clean,none
G:\GitHub\DiT\MCCD\MCCD\MCCD-Calligrapher\calligrapher_dataset\王羲之\葉-行-唐-王羲之-93527.png,王羲之,行,葉,唐,93527,葉-行-唐-王羲之-93527.png,mccd_salvage,ok,232,330,243.2,227.8,False,0.1455,11,0.0031,0.3857,clean,none
G:\GitHub\DiT\MCCD\MCCD\MCCD-Calligrapher\calligrapher_dataset\王羲之\蓬-行-唐-王羲之-94648.png,王羲之,行,蓬,唐,94648,蓬-行-唐-王羲之-94648.png,mccd_salvage,ok,274,340,236.6,214.8,False,0.1691,9,0.0003,0.6755,clean,none
G:\GitHub\DiT\MCCD\MCCD\MCCD-Calligrapher\calligrapher_dataset\王羲之\薩-行-唐-王羲之-95980.png,王羲之,行,薩,唐,95980,薩-行-唐-王羲之-95980.png,mccd_salvage,ok,246,393,238.7,192.2,False,0.2501,28,0.0111,0.5337,clean,none
G:\GitHub\DiT\MCCD\MCCD\MCCD-Calligrapher\calligrapher_dataset\王羲之\處-行-唐-王羲之-97480.png,王羲之,行,處,唐,97480,處-行-唐-王羲之-97480.png,mccd_salvage,ok,265,343,228.6,233.6,False,0.1642,4,0.0013,0.6567,clean,none
G:\GitHub\DiT\MCCD\MCCD\MCCD-Calligrapher\calligrapher_dataset\王羲之\虛-行-晋-王羲之-97817.png,王羲之,行,虛,晋,97817,虛-行-晋-王羲之-97817.png,mccd_salvage,ok,169,216,228.6,190.3,False,0.3969,2,0.0018,0.9982,clean,none
G:\GitHub\DiT\MCCD\MCCD\MCCD-Calligrapher\calligrapher_dataset\王羲之\蜜-行-唐-王羲之-99062.png,王羲之,行,蜜,唐,99062,蜜-行-唐-王羲之-99062.png,mccd_salvage,ok,273,392,225.7,228.7,False,0.1684,14,0.0038,0.4019,clean,none
G:\GitHub\DiT\MCCD\MCCD\MCCD-Calligrapher\calligrapher_dataset\王羲之\蟲-行-唐-王羲之-99991.png,王羲之,行,蟲,唐,99991,蟲-行-唐-王羲之-99991.png,mccd_salvage,ok,260,331,247.6,234.9,False,0.1607,8,0.0021,0.5644,clean,none
G:\GitHub\DiT\MCCD\MCCD\MCCD-Calligrapher\calligrapher_dataset\王羲之\行-行-唐-王羲之-101030.png,王羲之,行,行,唐,101030,行-行-唐-王羲之-101030.png,mccd_salvage,ok,219,323,242.9,235.3,False,0.1286,5,0.0,0.5876,clean,none
G:\GitHub\DiT\MCCD\MCCD\MCCD-Calligrapher\calligrapher_dataset\王羲之\衣-行-唐-王羲之-101718.png,王羲之,行,衣,唐,101718,衣-行-唐-王羲之-101718.png,mccd_salvage,ok,239,292,243.4,225.9,False,0.133,5,0.0,0.411,clean,none
G:\GitHub\DiT\MCCD\MCCD\MCCD-Calligrapher\calligrapher_dataset\王羲之\衰-行-晋-王羲之-101948.png,王羲之,行,衰,晋,101948,衰-行-晋-王羲之-101948.png,mccd_salvage,ok,228,460,210.6,237.7,False,0.1594,9,0.0007,0.6947,clean,none
G:\GitHub\DiT\MCCD\MCCD\MCCD-Calligrapher\calligrapher_dataset\王羲之\衰-行-晋-王羲之-101950.png,王羲之,行,衰,晋,101950,衰-行-晋-王羲之-101950.png,mccd_salvage,ok,224,297,200.2,246.2,False,0.119,16,0.0034,0.2253,clean,none
G:\GitHub\DiT\MCCD\MCCD\MCCD-Calligrapher\calligrapher_dataset\王羲之\衽-行-唐-王羲之-102057.png,王羲之,行,衽,唐,102057,衽-行-唐-王羲之-102057.png,mccd_salvage,ok,279,269,225.5,242.4,False,0.1891,4,0.0,0.4674,clean,none
G:\GitHub\DiT\MCCD\MCCD\MCCD-Calligrapher\calligrapher_dataset\王羲之\裁-行-唐-王羲之-102537.png,王羲之,行,裁,唐,102537,裁-行-唐-王羲之-102537.png,mccd_salvage,ok,209,276,238.8,234.1,False,0.1541,9,0.0001,0.6397,clean,none
G:\GitHub\DiT\MCCD\MCCD\MCCD-Calligrapher\calligrapher_dataset\王羲之\裏-行-唐-王羲之-102658.png,王羲之,行,裏,唐,102658,裏-行-唐-王羲之-102658.png,mccd_salvage,ok,214,415,235.5,244.4,False,0.1612,20,0.005,0.3864,clean,none
G:\GitHub\DiT\MCCD\MCCD\MCCD-Calligrapher\calligrapher_dataset\王羲之\製-行-唐-王羲之-103063.png,王羲之,行,製,唐,103063,製-行-唐-王羲之-103063.png,mccd_salvage,ok,268,301,250.6,246.5,False,0.1666,15,0.0074,0.382,clean,none
G:\GitHub\DiT\MCCD\MCCD\MCCD-Calligrapher\calligrapher_dataset\王羲之\褒-行-唐-王羲之-103198.png,王羲之,行,褒,唐,103198,褒-行-唐-王羲之-103198.png,mccd_salvage,ok,251,314,241.4,220.1,False,0.2131,7,0.0,0.3043,clean,none
G:\GitHub\DiT\MCCD\MCCD\MCCD-Calligrapher\calligrapher_dataset\王羲之\褚-行-晋-王羲之-103255.png,王羲之,行,褚,晋,103255,褚-行-晋-王羲之-103255.png,mccd_salvage,ok,245,229,235.6,194.9,False,0.5215,1,0.0,1.0,clean,none
G:\GitHub\DiT\MCCD\MCCD\MCCD-Calligrapher\calligrapher_dataset\王羲之\西-行-唐-王羲之-104106.png,王羲之,行,西,唐,104106,西-行-唐-王羲之-104106.png,mccd_salvage,ok,287,169,202.0,223.9,False,0.2214,4,0.0005,0.7518,clean,none
G:\GitHub\DiT\MCCD\MCCD\MCCD-Calligrapher\calligrapher_dataset\王羲之\西-行-唐-王羲之-104109.png,王羲之,行,西,唐,104109,西-行-唐-王羲之-104109.png,mccd_salvage,ok,256,241,222.5,224.5,False,0.2705,5,0.0,0.7785,clean,none
G:\GitHub\DiT\MCCD\MCCD\MCCD-Calligrapher\calligrapher_dataset\王羲之\覆-行-唐-王羲之-104347.png,王羲之,行,覆,唐,104347,覆-行-唐-王羲之-104347.png,mccd_salvage,ok,254,427,230.6,225.2,False,0.2344,7,0.0002,0.5543,clean,none
G:\GitHub\DiT\MCCD\MCCD\MCCD-Calligrapher\calligrapher_dataset\王羲之\觀-行-唐-王羲之-105309.png,王羲之,行,觀,唐,105309,觀-行-唐-王羲之-105309.png,mccd_salvage,ok,252,277,234.5,233.9,False,0.1913,6,0.0,0.4659,clean,none
G:\GitHub\DiT\MCCD\MCCD\MCCD-Calligrapher\calligrapher_dataset\王羲之\觸-行-唐-王羲之-105814.png,王羲之,行,觸,唐,105814,觸-行-唐-王羲之-105814.png,mccd_salvage,ok,275,236,218.5,193.7,False,0.2532,8,0.0,0.3531,clean,none
G:\GitHub\DiT\MCCD\MCCD\MCCD-Calligrapher\calligrapher_dataset\王羲之\訓-行-唐-王羲之-106492.png,王羲之,行,訓,唐,106492,訓-行-唐-王羲之-106492.png,mccd_salvage,ok,258,239,239.1,244.0,False,0.1929,14,0.0048,0.2934,clean,none
G:\GitHub\DiT\MCCD\MCCD\MCCD-Calligrapher\calligrapher_dataset\王羲之\託-行-晋-王羲之-106558.png,王羲之,行,託,晋,106558,託-行-晋-王羲之-106558.png,mccd_salvage,ok,207,175,239.7,214.1,False,0.3288,1,0.0,1.0,clean,none
G:\GitHub\DiT\MCCD\MCCD\MCCD-Calligrapher\calligrapher_dataset\王羲之\託-行-晋-王羲之-106559.png,王羲之,行,託,晋,106559,託-行-晋-王羲之-106559.png,mccd_salvage,ok,176,154,220.6,192.8,False,0.2815,6,0.0,0.3753,clean,none
G:\GitHub\DiT\MCCD\MCCD\MCCD-Calligrapher\calligrapher_dataset\王羲之\記-行-唐-王羲之-106618.png,王羲之,行,記,唐,106618,記-行-唐-王羲之-106618.png,mccd_salvage,ok,283,257,225.2,241.0,False,0.1827,7,0.001,0.5365,clean,none
G:\GitHub\DiT\MCCD\MCCD\MCCD-Calligrapher\calligrapher_dataset\王羲之\詔-行-唐-王羲之-107347.png,王羲之,行,詔,唐,107347,詔-行-唐-王羲之-107347.png,mccd_salvage,ok,239,282,240.5,233.1,False,0.1457,12,0.0008,0.3779,clean,none
G:\GitHub\DiT\MCCD\MCCD\MCCD-Calligrapher\calligrapher_dataset\王羲之\誠-行-唐-王羲之-108454.png,王羲之,行,誠,唐,108454,誠-行-唐-王羲之-108454.png,mccd_salvage,ok,270,264,209.5,244.2,False,0.1809,12,0.0022,0.5078,clean,none
G:\GitHub\DiT\MCCD\MCCD\MCCD-Calligrapher\calligrapher_dataset\王羲之\說-行-唐-王羲之-108697.png,王羲之,行,說,唐,108697,說-行-唐-王羲之-108697.png,mccd_salvage,ok,268,218,244.9,228.8,False,0.1447,16,0.0034,0.205,clean,none
G:\GitHub\DiT\MCCD\MCCD\MCCD-Calligrapher\calligrapher_dataset\王羲之\論-行-唐-王羲之-109425.png,王羲之,行,論,唐,109425,論-行-唐-王羲之-109425.png,mccd_salvage,ok,267,239,244.5,216.6,False,0.1592,12,0.0007,0.5659,clean,none
G:\GitHub\DiT\MCCD\MCCD\MCCD-Calligrapher\calligrapher_dataset\王羲之\論-行-唐-王羲之-109426.png,王羲之,行,論,唐,109426,論-行-唐-王羲之-109426.png,mccd_salvage,ok,248,223,221.2,225.2,False,0.2503,14,0.0025,0.4961,clean,none
G:\GitHub\DiT\MCCD\MCCD\MCCD-Calligrapher\calligrapher_dataset\王羲之\諱-行-唐-王羲之-109696.png,王羲之,行,諱,唐,109696,諱-行-唐-王羲之-109696.png,mccd_salvage,ok,277,297,235.3,247.1,False,0.1366,9,0.0021,0.6633,clean,none
G:\GitHub\DiT\MCCD\MCCD\MCCD-Calligrapher\calligrapher_dataset\王羲之\諸-行-唐-王羲之-109830.png,王羲之,行,諸,唐,109830,諸-行-唐-王羲之-109830.png,mccd_salvage,ok,246,311,238.9,242.6,False,0.1103,18,0.0049,0.366,clean,none
G:\GitHub\DiT\MCCD\MCCD\MCCD-Calligrapher\calligrapher_dataset\王羲之\諸-行-唐-王羲之-109831.png,王羲之,行,諸,唐,109831,諸-行-唐-王羲之-109831.png,mccd_salvage,ok,294,285,202.3,246.7,False,0.202,12,0.0007,0.4632,clean,none
G:\GitHub\DiT\MCCD\MCCD\MCCD-Calligrapher\calligrapher_dataset\王羲之\謂-行-唐-王羲之-110102.png,王羲之,行,謂,唐,110102,謂-行-唐-王羲之-110102.png,mccd_salvage,ok,258,340,241.9,223.9,False,0.1793,3,0.0,0.712,clean,none
G:\GitHub\DiT\MCCD\MCCD\MCCD-Calligrapher\calligrapher_dataset\王羲之\謙-行-唐-王羲之-110299.png,王羲之,行,謙,唐,110299,謙-行-唐-王羲之-110299.png,mccd_salvage,ok,276,286,214.9,232.3,False,0.1234,16,0.0035,0.1813,clean,none
G:\GitHub\DiT\MCCD\MCCD\MCCD-Calligrapher\calligrapher_dataset\王羲之\謝-行-晋-王羲之-110398.png,王羲之,行,謝,晋,110398,謝-行-晋-王羲之-110398.png,mccd_salvage,ok,234,195,236.6,211.6,False,0.3517,2,0.0,0.9786,clean,none
G:\GitHub\DiT\MCCD\MCCD\MCCD-Calligrapher\calligrapher_dataset\王羲之\識-行-唐-王羲之-110920.png,王羲之,行,識,唐,110920,識-行-唐-王羲之-110920.png,mccd_salvage,ok,282,315,207.3,232.9,False,0.1853,18,0.0011,0.3662,clean,none
G:\GitHub\DiT\MCCD\MCCD\MCCD-Calligrapher\calligrapher_dataset\王羲之\識-行-唐-王羲之-110922.png,王羲之,行,識,唐,110922,識-行-唐-王羲之-110922.png,mccd_salvage,ok,248,246,233.0,238.3,False,0.1238,13,0.0065,0.3214,clean,none
G:\GitHub\DiT\MCCD\MCCD\MCCD-Calligrapher\calligrapher_dataset\王羲之\譯-行-唐-王羲之-111118.png,王羲之,行,譯,唐,111118,譯-行-唐-王羲之-111118.png,mccd_salvage,ok,284,318,231.1,232.6,False,0.1773,15,0.0022,0.675,clean,none
G:\GitHub\DiT\MCCD\MCCD\MCCD-Calligrapher\calligrapher_dataset\王羲之\豹-行-唐-王羲之-112900.png,王羲之,行,豹,唐,112900,豹-行-唐-王羲之-112900.png,mccd_salvage,ok,270,281,205.7,221.2,False,0.2089,6,0.0,0.4007,clean,none
G:\GitHub\DiT\MCCD\MCCD\MCCD-Calligrapher\calligrapher_dataset\王羲之\貝-行-唐-王羲之-113269.png,王羲之,行,貝,唐,113269,貝-行-唐-王羲之-113269.png,mccd_salvage,ok,273,327,228.2,219.0,False,0.2351,4,0.0,0.9053,clean,none
G:\GitHub\DiT\MCCD\MCCD\MCCD-Calligrapher\calligrapher_dataset\王羲之\資-行-唐-王羲之-114509.png,王羲之,行,資,唐,114509,資-行-唐-王羲之-114509.png,mccd_salvage,ok,219,353,237.9,216.0,False,0.2218,6,0.0,0.6365,clean,none
G:\GitHub\DiT\MCCD\MCCD\MCCD-Calligrapher\calligrapher_dataset\王羲之\資-行-唐-王羲之-114511.png,王羲之,行,資,唐,114511,資-行-唐-王羲之-114511.png,mccd_salvage,ok,236,455,233.4,235.8,False,0.2025,9,0.0,0.2368,clean,none
G:\GitHub\DiT\MCCD\MCCD\MCCD-Calligrapher\calligrapher_dataset\王羲之\賈-行-唐-王羲之-114604.png,王羲之,行,賈,唐,114604,賈-行-唐-王羲之-114604.png,mccd_salvage,ok,230,342,220.4,236.5,False,0.1914,7,0.0009,0.4802,clean,none
G:\GitHub\DiT\MCCD\MCCD\MCCD-Calligrapher\calligrapher_dataset\王羲之\賢-行-唐-王羲之-115091.png,王羲之,行,賢,唐,115091,賢-行-唐-王羲之-115091.png,mccd_salvage,ok,238,336,222.8,217.3,False,0.2376,13,0.0042,0.5432,clean,none
G:\GitHub\DiT\MCCD\MCCD\MCCD-Calligrapher\calligrapher_dataset\王羲之\超-行-唐-王羲之-116566.png,王羲之,行,超,唐,116566,超-行-唐-王羲之-116566.png,mccd_salvage,ok,250,219,237.3,226.6,False,0.174,3,0.0,0.7495,clean,none
G:\GitHub\DiT\MCCD\MCCD\MCCD-Calligrapher\calligrapher_dataset\王羲之\趣-行-唐-王羲之-116847.png,王羲之,行,趣,唐,116847,趣-行-唐-王羲之-116847.png,mccd_salvage,ok,254,254,236.3,229.6,False,0.1246,15,0.0,0.2001,clean,none
G:\GitHub\DiT\MCCD\MCCD\MCCD-Calligrapher\calligrapher_dataset\王羲之\踐-行-唐-王羲之-117700.png,王羲之,行,踐,唐,117700,踐-行-唐-王羲之-117700.png,mccd_salvage,ok,236,316,231.9,238.5,False,0.1021,32,0.0188,0.2172,clean,none
G:\GitHub\DiT\MCCD\MCCD\MCCD-Calligrapher\calligrapher_dataset\王羲之\蹤-行-唐-王羲之-118201.png,王羲之,行,蹤,唐,118201,蹤-行-唐-王羲之-118201.png,mccd_salvage,ok,276,232,218.2,204.8,False,0.2254,11,0.0006,0.3887,clean,none
G:\GitHub\DiT\MCCD\MCCD\MCCD-Calligrapher\calligrapher_dataset\王羲之\軍-行-唐-王羲之-119211.png,王羲之,行,軍,唐,119211,軍-行-唐-王羲之-119211.png,mccd_salvage,ok,211,405,234.2,230.1,False,0.2288,4,0.0009,0.9747,clean,none
G:\GitHub\DiT\MCCD\MCCD\MCCD-Calligrapher\calligrapher_dataset\王羲之\軍-行-唐-王羲之-119216.png,王羲之,行,軍,唐,119216,軍-行-唐-王羲之-119216.png,mccd_salvage,ok,218,403,240.6,243.8,False,0.0923,15,0.0072,0.6322,clean,none
G:\GitHub\DiT\MCCD\MCCD\MCCD-Calligrapher\calligrapher_dataset\王羲之\載-行-唐-王羲之-119739.png,王羲之,行,載,唐,119739,載-行-唐-王羲之-119739.png,mccd_salvage,ok,264,294,209.1,239.8,False,0.1625,10,0.0028,0.5469,clean,none
G:\GitHub\DiT\MCCD\MCCD\MCCD-Calligrapher\calligrapher_dataset\王羲之\輒-行-唐-王羲之-119845.png,王羲之,行,輒,唐,119845,輒-行-唐-王羲之-119845.png,mccd_salvage,ok,261,232,243.2,230.8,False,0.1854,9,0.0001,0.5246,clean,none
G:\GitHub\DiT\MCCD\MCCD\MCCD-Calligrapher\calligrapher_dataset\王羲之\輪-行-唐-王羲之-120223.png,王羲之,行,輪,唐,120223,輪-行-唐-王羲之-120223.png,mccd_salvage,ok,289,277,204.2,237.2,False,0.2566,14,0.0012,0.3872,clean,none
G:\GitHub\DiT\MCCD\MCCD\MCCD-Calligrapher\calligrapher_dataset\王羲之\迎-行-唐-王羲之-122323.png,王羲之,行,迎,唐,122323,迎-行-唐-王羲之-122323.png,mccd_salvage,ok,251,229,224.3,229.2,False,0.1018,12,0.0,0.2454,clean,none
G:\GitHub\DiT\MCCD\MCCD\MCCD-Calligrapher\calligrapher_dataset\王羲之\述-行-唐-王羲之-122753.png,王羲之,行,述,唐,122753,述-行-唐-王羲之-122753.png,mccd_salvage,ok,257,276,236.8,188.2,False,0.2534,5,0.0014,0.9765,clean,none
G:\GitHub\DiT\MCCD\MCCD\MCCD-Calligrapher\calligrapher_dataset\王羲之\迷-行-唐-王羲之-122854.png,王羲之,行,迷,唐,122854,迷-行-唐-王羲之-122854.png,mccd_salvage,ok,282,285,224.4,228.9,False,0.1886,6,0.0002,0.5035,clean,none
G:\GitHub\DiT\MCCD\MCCD\MCCD-Calligrapher\calligrapher_dataset\王羲之\途-行-唐-王羲之-123587.png,王羲之,行,途,唐,123587,途-行-唐-王羲之-123587.png,mccd_salvage,ok,240,243,242.5,222.0,False,0.1609,3,0.0,0.6839,clean,none
G:\GitHub\DiT\MCCD\MCCD\MCCD-Calligrapher\calligrapher_dataset\王羲之\通-行-唐-王羲之-123704.png,王羲之,行,通,唐,123704,通-行-唐-王羲之-123704.png,mccd_salvage,ok,217,246,242.2,234.0,False,0.131,6,0.0016,0.5528,clean,none
G:\GitHub\DiT\MCCD\MCCD\MCCD-Calligrapher\calligrapher_dataset\王羲之\進-行-唐-王羲之-124284.png,王羲之,行,進,唐,124284,進-行-唐-王羲之-124284.png,mccd_salvage,ok,273,298,236.6,218.5,False,0.14,14,0.0024,0.2613,clean,none
G:\GitHub\DiT\MCCD\MCCD\MCCD-Calligrapher\calligrapher_dataset\王羲之\遭-行-唐-王羲之-125919.png,王羲之,行,遭,唐,125919,遭-行-唐-王羲之-125919.png,mccd_salvage,ok,250,331,234.5,224.8,False,0.11,28,0.0114,0.1791,clean,none
G:\GitHub\DiT\MCCD\MCCD\MCCD-Calligrapher\calligrapher_dataset\王羲之\遲-行-唐-王羲之-125994.png,王羲之,行,遲,唐,125994,遲-行-唐-王羲之-125994.png,mccd_salvage,ok,265,325,210.7,243.7,False,0.1567,25,0.0056,0.4607,clean,none
G:\GitHub\DiT\MCCD\MCCD\MCCD-Calligrapher\calligrapher_dataset\王羲之\遵-行-唐-王羲之-126053.png,王羲之,行,遵,唐,126053,遵-行-唐-王羲之-126053.png,mccd_salvage,ok,289,350,205.5,244.0,False,0.1696,16,0.001,0.5801,clean,none
G:\GitHub\DiT\MCCD\MCCD\MCCD-Calligrapher\calligrapher_dataset\王羲之\遶-行-唐-王羲之-126070.png,王羲之,行,遶,唐,126070,遶-行-唐-王羲之-126070.png,mccd_salvage,ok,252,299,238.3,220.3,False,0.1287,6,0.0011,0.3957,clean,none
G:\GitHub\DiT\MCCD\MCCD\MCCD-Calligrapher\calligrapher_dataset\王羲之\遺-行-唐-王羲之-126257.png,王羲之,行,遺,唐,126257,遺-行-唐-王羲之-126257.png,mccd_salvage,ok,297,391,197.3,239.6,False,0.2572,10,0.0007,0.6589,clean,none
G:\GitHub\DiT\MCCD\MCCD\MCCD-Calligrapher\calligrapher_dataset\王羲之\還-行-唐-王羲之-126597.png,王羲之,行,還,唐,126597,還-行-唐-王羲之-126597.png,mccd_salvage,ok,288,292,227.7,237.8,False,0.2098,12,0.0037,0.7175,clean,none
G:\GitHub\DiT\MCCD\MCCD\MCCD-Calligrapher\calligrapher_dataset\王羲之\邊-行-唐-王羲之-126793.png,王羲之,行,邊,唐,126793,邊-行-唐-王羲之-126793.png,mccd_salvage,ok,260,279,242.4,237.8,False,0.1247,32,0.0041,0.1371,clean,none
G:\GitHub\DiT\MCCD\MCCD\MCCD-Calligrapher\calligrapher_dataset\王羲之\郎-行-唐-王羲之-127829.png,王羲之,行,郎,唐,127829,郎-行-唐-王羲之-127829.png,mccd_salvage,ok,255,372,231.7,240.7,False,0.1001,15,0.004,0.3349,clean,none
G:\GitHub\DiT\MCCD\MCCD\MCCD-Calligrapher\calligrapher_dataset\王羲之\郞-行-唐-王羲之-128050.png,王羲之,行,郞,唐,128050,郞-行-唐-王羲之-128050.png,mccd_salvage,ok,255,372,231.7,240.7,False,0.1001,15,0.004,0.3349,clean,none
G:\GitHub\DiT\MCCD\MCCD\MCCD-Calligrapher\calligrapher_dataset\王羲之\釋-行-唐-王羲之-130898.png,王羲之,行,釋,唐,130898,釋-行-唐-王羲之-130898.png,mccd_salvage,ok,262,306,225.5,238.1,False,0.1778,4,0.0003,0.5313,clean,none
G:\GitHub\DiT\MCCD\MCCD\MCCD-Calligrapher\calligrapher_dataset\王羲之\重-行-唐-王羲之-131223.png,王羲之,行,重,唐,131223,重-行-唐-王羲之-131223.png,mccd_salvage,ok,286,339,228.4,227.0,False,0.2336,9,0.002,0.9691,clean,none
G:\GitHub\DiT\MCCD\MCCD\MCCD-Calligrapher\calligrapher_dataset\王羲之\重-行-唐-王羲之-131225.png,王羲之,行,重,唐,131225,重-行-唐-王羲之-131225.png,mccd_salvage,ok,231,347,240.4,239.3,False,0.1806,8,0.0039,0.9684,clean,none
G:\GitHub\DiT\MCCD\MCCD\MCCD-Calligrapher\calligrapher_dataset\王羲之\金-行-唐-王羲之-131875.png,王羲之,行,金,唐,131875,金-行-唐-王羲之-131875.png,mccd_salvage,ok,292,192,236.5,226.8,False,0.1805,25,0.0164,0.4863,clean,none
G:\GitHub\DiT\MCCD\MCCD\MCCD-Calligrapher\calligrapher_dataset\王羲之\銘-行-唐-王羲之-132954.png,王羲之,行,銘,唐,132954,銘-行-唐-王羲之-132954.png,mccd_salvage,ok,292,222,230.7,245.1,False,0.1848,8,0.0011,0.7831,clean,none
G:\GitHub\DiT\MCCD\MCCD\MCCD-Calligrapher\calligrapher_dataset\王羲之\鑑-行-唐-王羲之-135183.png,王羲之,行,鑑,唐,135183,鑑-行-唐-王羲之-135183.png,mccd_salvage,ok,270,187,213.9,240.8,False,0.1776,7,0.0001,0.2356,clean,none
G:\GitHub\DiT\MCCD\MCCD\MCCD-Calligrapher\calligrapher_dataset\王羲之\長-行-唐-王羲之-135742.png,王羲之,行,長,唐,135742,長-行-唐-王羲之-135742.png,mccd_salvage,ok,237,307,245.3,236.4,False,0.1247,10,0.0006,0.3466,clean,none
G:\GitHub\DiT\MCCD\MCCD\MCCD-Calligrapher\calligrapher_dataset\王羲之\門-行-唐-王羲之-136031.png,王羲之,行,門,唐,136031,門-行-唐-王羲之-136031.png,mccd_salvage,ok,232,264,207.6,156.3,False,0.1619,4,0.0,0.5682,clean,none
G:\GitHub\DiT\MCCD\MCCD\MCCD-Calligrapher\calligrapher_dataset\王羲之\開-行-唐-王羲之-136222.png,王羲之,行,開,唐,136222,開-行-唐-王羲之-136222.png,mccd_salvage,ok,239,304,212.6,154.5,False,0.2288,7,0.0,0.4,clean,none
G:\GitHub\DiT\MCCD\MCCD\MCCD-Calligrapher\calligrapher_dataset\王羲之\闇-行-唐-王羲之-136887.png,王羲之,行,闇,唐,136887,闇-行-唐-王羲之-136887.png,mccd_salvage,ok,264,312,216.6,245.9,False,0.1509,34,0.0076,0.3682,clean,none
G:\GitHub\DiT\MCCD\MCCD\MCCD-Calligrapher\calligrapher_dataset\王羲之\闇-行-唐-王羲之-136888.png,王羲之,行,闇,唐,136888,闇-行-唐-王羲之-136888.png,mccd_salvage,ok,263,278,208.6,243.6,False,0.2764,13,0.0039,0.8134,clean,none
G:\GitHub\DiT\MCCD\MCCD\MCCD-Calligrapher\calligrapher_dataset\王羲之\降-行-唐-王羲之-137926.png,王羲之,行,降,唐,137926,降-行-唐-王羲之-137926.png,mccd_salvage,ok,223,305,240.5,202.7,False,0.2209,3,0.0,0.786,clean,none
G:\GitHub\DiT\MCCD\MCCD\MCCD-Calligrapher\calligrapher_dataset\王羲之\陰-行-唐-王羲之-138496.png,王羲之,行,陰,唐,138496,陰-行-唐-王羲之-138496.png,mccd_salvage,ok,250,231,221.9,212.9,False,0.2205,5,0.0,0.5283,clean,none
G:\GitHub\DiT\MCCD\MCCD\MCCD-Calligrapher\calligrapher_dataset\王羲之\陵-行-唐-王羲之-138758.png,王羲之,行,陵,唐,138758,陵-行-唐-王羲之-138758.png,mccd_salvage,ok,194,319,232.8,232.7,False,0.1804,5,0.0,0.3674,clean,none
G:\GitHub\DiT\MCCD\MCCD\MCCD-Calligrapher\calligrapher_dataset\王羲之\陽-行-唐-王羲之-139066.png,王羲之,行,陽,唐,139066,陽-行-唐-王羲之-139066.png,mccd_salvage,ok,241,352,219.6,193.6,False,0.2211,8,0.0006,0.5401,clean,none
G:\GitHub\DiT\MCCD\MCCD\MCCD-Calligrapher\calligrapher_dataset\王羲之\陽-行-唐-王羲之-139067.png,王羲之,行,陽,唐,139067,陽-行-唐-王羲之-139067.png,mccd_salvage,ok,220,312,224.3,197.6,False,0.2327,8,0.0002,0.4719,clean,none
G:\GitHub\DiT\MCCD\MCCD\MCCD-Calligrapher\calligrapher_dataset\王羲之\隆-行-唐-王羲之-139273.png,王羲之,行,隆,唐,139273,隆-行-唐-王羲之-139273.png,mccd_salvage,ok,279,359,220.9,246.5,False,0.1934,10,0.0003,0.3146,clean,none
G:\GitHub\DiT\MCCD\MCCD\MCCD-Calligrapher\calligrapher_dataset\王羲之\際-行-唐-王羲之-139537.png,王羲之,行,際,唐,139537,際-行-唐-王羲之-139537.png,mccd_salvage,ok,295,255,218.4,238.9,False,0.1593,22,0.0067,0.3413,clean,none
G:\GitHub\DiT\MCCD\MCCD\MCCD-Calligrapher\calligrapher_dataset\王羲之\隨-行-晋-王羲之-139659.png,王羲之,行,隨,晋,139659,隨-行-晋-王羲之-139659.png,mccd_salvage,ok,202,209,228.1,144.1,False,0.5229,1,0.0,1.0,clean,none
G:\GitHub\DiT\MCCD\MCCD\MCCD-Calligrapher\calligrapher_dataset\王羲之\隻-行-唐-王羲之-140300.png,王羲之,行,隻,唐,140300,隻-行-唐-王羲之-140300.png,mccd_salvage,ok,257,373,216.4,242.0,False,0.1925,17,0.0033,0.5946,clean,none
G:\GitHub\DiT\MCCD\MCCD\MCCD-Calligrapher\calligrapher_dataset\王羲之\雅-行-唐-王羲之-140528.png,王羲之,行,雅,唐,140528,雅-行-唐-王羲之-140528.png,mccd_salvage,ok,255,315,246.1,225.8,False,0.0931,18,0.0051,0.5269,clean,none
G:\GitHub\DiT\MCCD\MCCD\MCCD-Calligrapher\calligrapher_dataset\王羲之\雖-行-唐-王羲之-140942.png,王羲之,行,雖,唐,140942,雖-行-唐-王羲之-140942.png,mccd_salvage,ok,282,276,237.0,242.7,False,0.1967,6,0.0009,0.4471,clean,none
G:\GitHub\DiT\MCCD\MCCD\MCCD-Calligrapher\calligrapher_dataset\王羲之\雙-行-唐-王羲之-141040.png,王羲之,行,雙,唐,141040,雙-行-唐-王羲之-141040.png,mccd_salvage,ok,240,341,239.2,234.4,False,0.2174,7,0.0013,0.556,clean,none
G:\GitHub\DiT\MCCD\MCCD\MCCD-Calligrapher\calligrapher_dataset\王羲之\雞-行-唐-王羲之-141240.png,王羲之,行,雞,唐,141240,雞-行-唐-王羲之-141240.png,mccd_salvage,ok,248,292,245.5,228.2,False,0.2621,12,0.0022,0.4885,clean,none
G:\GitHub\DiT\MCCD\MCCD\MCCD-Calligrapher\calligrapher_dataset\王羲之\離-行-晋-王羲之-141304.png,王羲之,行,離,晋,141304,離-行-晋-王羲之-141304.png,mccd_salvage,ok,223,251,238.8,202.0,False,0.4976,3,0.0,0.5692,clean,none
G:\GitHub\DiT\MCCD\MCCD\MCCD-Calligrapher\calligrapher_dataset\王羲之\難-行-唐-王羲之-141447.png,王羲之,行,難,唐,141447,難-行-唐-王羲之-141447.png,mccd_salvage,ok,267,266,240.2,226.8,False,0.2345,9,0.0014,0.6367,clean,none
G:\GitHub\DiT\MCCD\MCCD\MCCD-Calligrapher\calligrapher_dataset\王羲之\雲-行-唐-王羲之-141946.png,王羲之,行,雲,唐,141946,雲-行-唐-王羲之-141946.png,mccd_salvage,ok,225,306,231.6,213.1,False,0.2009,7,0.0002,0.6051,clean,none
G:\GitHub\DiT\MCCD\MCCD\MCCD-Calligrapher\calligrapher_dataset\王羲之\露-行-唐-王羲之-142771.png,王羲之,行,露,唐,142771,露-行-唐-王羲之-142771.png,mccd_salvage,ok,247,283,207.9,249.6,False,0.1053,20,0.0072,0.223,clean,none
G:\GitHub\DiT\MCCD\MCCD\MCCD-Calligrapher\calligrapher_dataset\王羲之\非-行-唐-王羲之-143858.png,王羲之,行,非,唐,143858,非-行-唐-王羲之-143858.png,mccd_salvage,ok,268,259,237.0,228.9,False,0.2132,11,0.0024,0.4978,clean,none
G:\GitHub\DiT\MCCD\MCCD\MCCD-Calligrapher\calligrapher_dataset\王羲之\非-行-唐-王羲之-143868.png,王羲之,行,非,唐,143868,非-行-唐-王羲之-143868.png,mccd_salvage,ok,285,234,229.2,243.1,False,0.2035,25,0.0083,0.9497,clean,none
G:\GitHub\DiT\MCCD\MCCD\MCCD-Calligrapher\calligrapher_dataset\王羲之\韜-行-唐-王羲之-145057.png,王羲之,行,韜,唐,145057,韜-行-唐-王羲之-145057.png,mccd_salvage,ok,257,286,243.6,235.4,False,0.1328,11,0.0025,0.4143,clean,none
G:\GitHub\DiT\MCCD\MCCD\MCCD-Calligrapher\calligrapher_dataset\王羲之\音-行-唐-王羲之-145240.png,王羲之,行,音,唐,145240,音-行-唐-王羲之-145240.png,mccd_salvage,ok,240,354,235.2,243.2,False,0.1403,14,0.0026,0.3128,clean,none
G:\GitHub\DiT\MCCD\MCCD\MCCD-Calligrapher\calligrapher_dataset\王羲之\韻-行-唐-王羲之-145329.png,王羲之,行,韻,唐,145329,韻-行-唐-王羲之-145329.png,mccd_salvage,ok,285,310,214.2,245.7,False,0.2091,20,0.0028,0.3589,clean,none
G:\GitHub\DiT\MCCD\MCCD\MCCD-Calligrapher\calligrapher_dataset\王羲之\頌-行-唐-王羲之-145763.png,王羲之,行,頌,唐,145763,頌-行-唐-王羲之-145763.png,mccd_salvage,ok,280,263,220.8,232.4,False,0.1582,9,0.0037,0.5855,clean,none
G:\GitHub\DiT\MCCD\MCCD\MCCD-Calligrapher\calligrapher_dataset\王羲之\頑-行-唐-王羲之-145828.png,王羲之,行,頑,唐,145828,頑-行-唐-王羲之-145828.png,mccd_salvage,ok,275,272,212.8,239.8,False,0.1349,16,0.0049,0.1453,clean,none
G:\GitHub\DiT\MCCD\MCCD\MCCD-Calligrapher\calligrapher_dataset\王羲之\頓-行-晋-王羲之-145875.png,王羲之,行,頓,晋,145875,頓-行-晋-王羲之-145875.png,mccd_salvage,ok,200,195,213.8,170.3,False,0.4752,2,0.0,0.6396,clean,none
G:\GitHub\DiT\MCCD\MCCD\MCCD-Calligrapher\calligrapher_dataset\王羲之\願-行-唐-王羲之-146769.png,王羲之,行,願,唐,146769,願-行-唐-王羲之-146769.png,mccd_salvage,ok,290,221,237.9,214.9,False,0.1842,18,0.0056,0.3187,clean,none
G:\GitHub\DiT\MCCD\MCCD\MCCD-Calligrapher\calligrapher_dataset\王羲之\類-行-晋-王羲之-146952.png,王羲之,行,類,晋,146952,類-行-晋-王羲之-146952.png,mccd_salvage,ok,241,215,236.7,160.9,False,0.5356,1,0.0,1.0,clean,none
G:\GitHub\DiT\MCCD\MCCD\MCCD-Calligrapher\calligrapher_dataset\王羲之\顧-行-唐-王羲之-147060.png,王羲之,行,顧,唐,147060,顧-行-唐-王羲之-147060.png,mccd_salvage,ok,293,254,238.6,231.7,False,0.152,11,0.002,0.4063,clean,none
G:\GitHub\DiT\MCCD\MCCD\MCCD-Calligrapher\calligrapher_dataset\王羲之\風-行-唐-王羲之-147420.png,王羲之,行,風,唐,147420,風-行-唐-王羲之-147420.png,mccd_salvage,ok,239,243,230.9,221.9,False,0.2155,16,0.008,0.7365,clean,none
G:\GitHub\DiT\MCCD\MCCD\MCCD-Calligrapher\calligrapher_dataset\王羲之\颯-行-唐-王羲之-147495.png,王羲之,行,颯,唐,147495,颯-行-唐-王羲之-147495.png,mccd_salvage,ok,284,262,215.5,232.4,False,0.1186,16,0.0091,0.3216,clean,none
G:\GitHub\DiT\MCCD\MCCD\MCCD-Calligrapher\calligrapher_dataset\王羲之\飛-行-唐-王羲之-147729.png,王羲之,行,飛,唐,147729,飛-行-唐-王羲之-147729.png,mccd_salvage,ok,235,312,232.9,232.4,False,0.1319,11,0.0002,0.2867,clean,none
G:\GitHub\DiT\MCCD\MCCD\MCCD-Calligrapher\calligrapher_dataset\王羲之\香-行-唐-王羲之-149569.png,王羲之,行,香,唐,149569,香-行-唐-王羲之-149569.png,mccd_salvage,ok,265,357,234.9,240.4,False,0.1492,3,0.0,0.8703,clean,none
G:\GitHub\DiT\MCCD\MCCD\MCCD-Calligrapher\calligrapher_dataset\王羲之\馳-行-唐-王羲之-150187.png,王羲之,行,馳,唐,150187,馳-行-唐-王羲之-150187.png,mccd_salvage,ok,260,257,209.5,226.9,False,0.2701,9,0.0018,0.9164,clean,none
G:\GitHub\DiT\MCCD\MCCD\MCCD-Calligrapher\calligrapher_dataset\王羲之\騁-行-唐-王羲之-150781.png,王羲之,行,騁,唐,150781,騁-行-唐-王羲之-150781.png,mccd_salvage,ok,196,207,236.9,221.2,False,0.341,2,0.0,0.5065,clean,none
G:\GitHub\DiT\MCCD\MCCD\MCCD-Calligrapher\calligrapher_dataset\王羲之\騁-行-晋-王羲之-150780.png,王羲之,行,騁,晋,150780,騁-行-晋-王羲之-150780.png,mccd_salvage,ok,211,209,240.4,219.9,False,0.3562,4,0.0014,0.9897,clean,none
G:\GitHub\DiT\MCCD\MCCD\MCCD-Calligrapher\calligrapher_dataset\王羲之\騁-行-晋-王羲之-150783.png,王羲之,行,騁,晋,150783,騁-行-晋-王羲之-150783.png,mccd_salvage,ok,220,209,227.6,206.6,False,0.3934,1,0.0,1.0,clean,none
G:\GitHub\DiT\MCCD\MCCD\MCCD-Calligrapher\calligrapher_dataset\王羲之\騰-行-唐-王羲之-151118.png,王羲之,行,騰,唐,151118,騰-行-唐-王羲之-151118.png,mccd_salvage,ok,286,290,233.8,240.0,False,0.2718,9,0.0015,0.7744,clean,none
G:\GitHub\DiT\MCCD\MCCD\MCCD-Calligrapher\calligrapher_dataset\王羲之\騰-行-唐-王羲之-151122.png,王羲之,行,騰,唐,151122,騰-行-唐-王羲之-151122.png,mccd_salvage,ok,288,290,237.1,237.5,False,0.3029,4,0.0002,0.9536,clean,none
G:\GitHub\DiT\MCCD\MCCD\MCCD-Calligrapher\calligrapher_dataset\王羲之\骨-行-唐-王羲之-151730.png,王羲之,行,骨,唐,151730,骨-行-唐-王羲之-151730.png,mccd_salvage,ok,254,297,237.8,233.4,False,0.1553,10,0.0004,0.5338,clean,none
G:\GitHub\DiT\MCCD\MCCD\MCCD-Calligrapher\calligrapher_dataset\王羲之\骨-行-唐-王羲之-151731.png,王羲之,行,骨,唐,151731,骨-行-唐-王羲之-151731.png,mccd_salvage,ok,263,369,223.5,236.4,False,0.2128,12,0.0028,0.5659,clean,none
G:\GitHub\DiT\MCCD\MCCD\MCCD-Calligrapher\calligrapher_dataset\王羲之\鱗-行-唐-王羲之-154963.png,王羲之,行,鱗,唐,154963,鱗-行-唐-王羲之-154963.png,mccd_salvage,ok,282,264,245.8,242.7,False,0.1531,22,0.01,0.3376,clean,none
G:\GitHub\DiT\MCCD\MCCD\MCCD-Calligrapher\calligrapher_dataset\王羲之\鳴-行-唐-王羲之-155521.png,王羲之,行,鳴,唐,155521,鳴-行-唐-王羲之-155521.png,mccd_salvage,ok,192,245,219.0,207.6,False,0.2686,5,0.0,0.5809,clean,none
G:\GitHub\DiT\MCCD\MCCD\MCCD-Calligrapher\calligrapher_dataset\王羲之\鷲-行-唐-王羲之-156791.png,王羲之,行,鷲,唐,156791,鷲-行-唐-王羲之-156791.png,mccd_salvage,ok,194,344,241.0,204.5,False,0.2517,11,0.002,0.4779,clean,none
G:\GitHub\DiT\MCCD\MCCD\MCCD-Calligrapher\calligrapher_dataset\王羲之\鹿-行-唐-王羲之-157202.png,王羲之,行,鹿,唐,157202,鹿-行-唐-王羲之-157202.png,mccd_salvage,ok,250,267,242.7,229.5,False,0.1504,10,0.0037,0.6993,clean,none
G:\GitHub\DiT\MCCD\MCCD\MCCD-Calligrapher\calligrapher_dataset\王羲之\黃-行-唐-王羲之-158167.png,王羲之,行,黃,唐,158167,黃-行-唐-王羲之-158167.png,mccd_salvage,ok,279,280,218.9,247.5,False,0.1256,10,0.0009,0.3717,clean,none
G:\GitHub\DiT\MCCD\MCCD\MCCD-Calligrapher\calligrapher_dataset\王羲之\黄-行-唐-王羲之-158549.png,王羲之,行,黄,唐,158549,黄-行-唐-王羲之-158549.png,mccd_salvage,ok,279,280,218.9,247.5,False,0.1256,10,0.0009,0.3717,clean,none
G:\GitHub\DiT\MCCD\MCCD\MCCD-Calligrapher\calligrapher_dataset\王羲之\黔-行-唐-王羲之-158931.png,王羲之,行,黔,唐,158931,黔-行-唐-王羲之-158931.png,mccd_salvage,ok,258,234,250.5,216.9,False,0.1379,14,0.0071,0.4841,clean,none
G:\GitHub\DiT\MCCD\MCCD\MCCD-Calligrapher\calligrapher_dataset\王羲之\鼎-行-唐-王羲之-159709.png,王羲之,行,鼎,唐,159709,鼎-行-唐-王羲之-159709.png,mccd_salvage,ok,170,234,238.9,230.2,False,0.1693,14,0.0018,0.6703,clean,none
G:\GitHub\DiT\MCCD\MCCD\MCCD-Calligrapher\calligrapher_dataset\王羲之\𢃄-楷-晋-王羲之-542.png,王羲之,楷,𢃄,晋,542,𢃄-楷-晋-王羲之-542.png,mccd_salvage,ok,200,293,237.4,219.1,False,0.4084,1,0.0,1.0,clean,none
G:\GitHub\DiT\MCCD\MCCD\MCCD-Calligrapher\calligrapher_dataset\王羲之\𢃄-行-晋-王羲之-556.png,王羲之,行,𢃄,晋,556,𢃄-行-晋-王羲之-556.png,mccd_salvage,ok,183,252,244.2,230.0,False,0.2838,1,0.0,1.0,clean,none
G:\GitHub\DiT\MCCD\MCCD\MCCD-Calligrapher\calligrapher_dataset\王羲之\𢃄-行-晋-王羲之-557.png,王羲之,行,𢃄,晋,557,𢃄-行-晋-王羲之-557.png,mccd_salvage,ok,156,250,247.9,230.3,False,0.2905,2,0.0,0.9612,clean,none
G:\GitHub\DiT\MCCD\MCCD\MCCD-Calligrapher\calligrapher_dataset\王铎\上-行-清-王铎-1638.png,王铎,行,上,清,1638,上-行-清-王铎-1638.png,mccd_salvage,ok,220,208,231.0,166.0,False,0.3883,1,0.0,1.0,clean,none
G:\GitHub\DiT\MCCD\MCCD\MCCD-Calligrapher\calligrapher_dataset\王铎\作-行-清-王铎-17853.png,王铎,行,作,清,17853,作-行-清-王铎-17853.png,mccd_salvage,ok,175,181,234.7,195.5,False,0.3453,2,0.0,0.5832,clean,none
G:\GitHub\DiT\MCCD\MCCD\MCCD-Calligrapher\calligrapher_dataset\王铎\史-行-清-王铎-42896.png,王铎,行,史,清,42896,史-行-清-王铎-42896.png,mccd_salvage,ok,215,178,206.3,140.5,False,0.503,2,0.0001,0.9999,clean,none
G:\GitHub\DiT\MCCD\MCCD\MCCD-Calligrapher\calligrapher_dataset\王铎\史-隶-清-王铎-42843.png,王铎,隶,史,清,42843,史-隶-清-王铎-42843.png,mccd_salvage,ok,220,210,239.8,196.4,False,0.3486,2,0.0,0.5173,clean,none
G:\GitHub\DiT\MCCD\MCCD\MCCD-Calligrapher\calligrapher_dataset\王铎\夕-行-清-王铎-59159.png,王铎,行,夕,清,59159,夕-行-清-王铎-59159.png,mccd_salvage,ok,174,222,241.4,215.2,False,0.3222,1,0.0,1.0,clean,none
G:\GitHub\DiT\MCCD\MCCD\MCCD-Calligrapher\calligrapher_dataset\王铎\子-行-清-王铎-67884.png,王铎,行,子,清,67884,子-行-清-王铎-67884.png,mccd_salvage,ok,184,215,229.4,173.5,False,0.4273,2,0.0,0.8299,clean,none
G:\GitHub\DiT\MCCD\MCCD\MCCD-Calligrapher\calligrapher_dataset\王铎\子-行-清-王铎-67885.png,王铎,行,子,清,67885,子-行-清-王铎-67885.png,mccd_salvage,ok,178,228,235.0,183.4,False,0.4704,1,0.0,1.0,clean,none
G:\GitHub\DiT\MCCD\MCCD\MCCD-Calligrapher\calligrapher_dataset\王铎\州-行-清-王铎-81236.png,王铎,行,州,清,81236,州-行-清-王铎-81236.png,mccd_salvage,ok,248,205,203.0,166.0,False,0.3555,3,0.0008,0.6672,clean,none
G:\GitHub\DiT\MCCD\MCCD\MCCD-Calligrapher\calligrapher_dataset\王铎\州-隶-清-王铎-81162.png,王铎,隶,州,清,81162,州-隶-清-王铎-81162.png,mccd_salvage,ok,271,169,211.2,178.8,False,0.3139,3,0.0,0.4368,clean,none
G:\GitHub\DiT\MCCD\MCCD\MCCD-Calligrapher\calligrapher_dataset\王铎\影-行-清-王铎-92281.png,王铎,行,影,清,92281,影-行-清-王铎-92281.png,mccd_salvage,ok,195,231,230.4,194.6,False,0.3064,2,0.0,0.8355,clean,none
G:\GitHub\DiT\MCCD\MCCD\MCCD-Calligrapher\calligrapher_dataset\王铎\故-行-清-王铎-1981.png,王铎,行,故,清,1981,故-行-清-王铎-1981.png,mccd_salvage,ok,250,204,228.8,197.5,False,0.4398,1,0.0,1.0,clean,none
G:\GitHub\DiT\MCCD\MCCD\MCCD-Calligrapher\calligrapher_dataset\王铎\板-行-清-王铎-11123.png,王铎,行,板,清,11123,板-行-清-王铎-11123.png,mccd_salvage,ok,226,210,239.7,219.4,False,0.4339,1,0.0,1.0,clean,none
G:\GitHub\DiT\MCCD\MCCD\MCCD-Calligrapher\calligrapher_dataset\王铎\樽-行-清-王铎-16872.png,王铎,行,樽,清,16872,樽-行-清-王铎-16872.png,mccd_salvage,ok,198,251,238.7,215.6,False,0.2969,4,0.0,0.582,clean,none
G:\GitHub\DiT\MCCD\MCCD\MCCD-Calligrapher\calligrapher_dataset\王铎\比-行-清-王铎-22850.png,王铎,行,比,清,22850,比-行-清-王铎-22850.png,mccd_salvage,ok,238,217,236.3,185.6,False,0.3791,1,0.0,1.0,clean,none
G:\GitHub\DiT\MCCD\MCCD\MCCD-Calligrapher\calligrapher_dataset\王铎\津-行-清-王铎-27678.png,王铎,行,津,清,27678,津-行-清-王铎-27678.png,mccd_salvage,ok,204,291,232.2,196.2,False,0.3933,2,0.0,0.8055,clean,none
G:\GitHub\DiT\MCCD\MCCD\MCCD-Calligrapher\calligrapher_dataset\王铎\物-行-清-王铎-41254.png,王铎,行,物,清,41254,物-行-清-王铎-41254.png,mccd_salvage,ok,248,205,227.6,196.3,False,0.4502,1,0.0,1.0,clean,none
G:\GitHub\DiT\MCCD\MCCD\MCCD-Calligrapher\calligrapher_dataset\王铎\琴-行-清-王铎-45495.png,王铎,行,琴,清,45495,琴-行-清-王铎-45495.png,mccd_salvage,ok,265,364,238.7,223.4,False,0.2891,1,0.0,1.0,clean,none
G:\GitHub\DiT\MCCD\MCCD\MCCD-Calligrapher\calligrapher_dataset\王铎\皮-行-清-王铎-54083.png,王铎,行,皮,清,54083,皮-行-清-王铎-54083.png,mccd_salvage,ok,211,229,236.5,171.5,False,0.418,2,0.0003,0.9997,clean,none
G:\GitHub\DiT\MCCD\MCCD\MCCD-Calligrapher\calligrapher_dataset\王铎\矣-行-清-王铎-58547.png,王铎,行,矣,清,58547,矣-行-清-王铎-58547.png,mccd_salvage,ok,215,266,235.4,213.5,False,0.3839,1,0.0,1.0,clean,none
G:\GitHub\DiT\MCCD\MCCD\MCCD-Calligrapher\calligrapher_dataset\王铎\社-行-清-王铎-60711.png,王铎,行,社,清,60711,社-行-清-王铎-60711.png,mccd_salvage,ok,226,166,232.6,189.0,False,0.4066,4,0.0003,0.6897,clean,none
G:\GitHub\DiT\MCCD\MCCD\MCCD-Calligrapher\calligrapher_dataset\王铎\禄-隶-清-王铎-61949.png,王铎,隶,禄,清,61949,禄-隶-清-王铎-61949.png,mccd_salvage,ok,277,211,238.5,194.5,False,0.3191,8,0.0,0.5728,clean,none
G:\GitHub\DiT\MCCD\MCCD\MCCD-Calligrapher\calligrapher_dataset\王铎\粟-行-清-王铎-69874.png,王铎,行,粟,清,69874,粟-行-清-王铎-69874.png,mccd_salvage,ok,169,274,234.1,207.0,False,0.4472,2,0.0,0.9482,clean,none
G:\GitHub\DiT\MCCD\MCCD\MCCD-Calligrapher\calligrapher_dataset\王铎\終-行-清-王铎-71969.png,王铎,行,終,清,71969,終-行-清-王铎-71969.png,mccd_salvage,ok,265,302,238.0,212.9,False,0.3446,2,0.0,0.8654,clean,none
G:\GitHub\DiT\MCCD\MCCD\MCCD-Calligrapher\calligrapher_dataset\王铎\花-行-清-王铎-89686.png,王铎,行,花,清,89686,花-行-清-王铎-89686.png,mccd_salvage,ok,209,212,235.4,208.6,False,0.3336,3,0.0027,0.9973,clean,none
G:\GitHub\DiT\MCCD\MCCD\MCCD-Calligrapher\calligrapher_dataset\王铎\藥-行-清-王铎-96507.png,王铎,行,藥,清,96507,藥-行-清-王铎-96507.png,mccd_salvage,ok,183,267,238.3,213.1,False,0.3508,2,0.0,0.9051,clean,none
G:\GitHub\DiT\MCCD\MCCD\MCCD-Calligrapher\calligrapher_dataset\王铎\轉-行-清-王铎-120601.png,王铎,行,轉,清,120601,轉-行-清-王铎-120601.png,mccd_salvage,ok,262,287,239.8,225.3,False,0.4162,1,0.0,1.0,clean,none
G:\GitHub\DiT\MCCD\MCCD\MCCD-Calligrapher\calligrapher_dataset\王铎\還-行-清-王铎-126628.png,王铎,行,還,清,126628,還-行-清-王铎-126628.png,mccd_salvage,ok,177,213,219.7,165.2,False,0.4148,6,0.004,0.7735,clean,none
G:\GitHub\DiT\MCCD\MCCD\MCCD-Calligrapher\calligrapher_dataset\王铎\關-隶-清-王铎-137150.png,王铎,隶,關,清,137150,關-隶-清-王铎-137150.png,mccd_salvage,ok,276,278,214.8,142.9,False,0.4269,1,0.0,1.0,clean,none
G:\GitHub\DiT\MCCD\MCCD\MCCD-Calligrapher\calligrapher_dataset\王铎\馬-行-清-王铎-150049.png,王铎,行,馬,清,150049,馬-行-清-王铎-150049.png,mccd_salvage,ok,191,202,215.9,165.5,False,0.4882,1,0.0,1.0,clean,none
G:\GitHub\DiT\MCCD\MCCD\MCCD-Calligrapher\calligrapher_dataset\王铎\馬-行-清-王铎-150051.png,王铎,行,馬,清,150051,馬-行-清-王铎-150051.png,mccd_salvage,ok,164,170,229.3,194.0,False,0.3749,1,0.0,1.0,clean,none
G:\GitHub\DiT\MCCD\MCCD\MCCD-Calligrapher\calligrapher_dataset\王铎\鴟-行-清-王铎-155774.png,王铎,行,鴟,清,155774,鴟-行-清-王铎-155774.png,mccd_salvage,ok,225,271,236.4,192.0,False,0.439,1,0.0,1.0,clean,none
G:\GitHub\DiT\MCCD\MCCD\MCCD-Calligrapher\calligrapher_dataset\王铎\𢃄-行-清-王铎-563.png,王铎,行,𢃄,清,563,𢃄-行-清-王铎-563.png,mccd_salvage,ok,156,257,247.3,222.8,False,0.301,1,0.0,1.0,clean,none
G:\GitHub\DiT\MCCD\MCCD\MCCD-Calligrapher\calligrapher_dataset\祝允明\乎-行-明-祝允明-7428.png,祝允明,行,乎,明,7428,乎-行-明-祝允明-7428.png,mccd_salvage,ok,257,341,240.1,221.3,False,0.3331,2,0.0,0.8952,clean,none
G:\GitHub\DiT\MCCD\MCCD\MCCD-Calligrapher\calligrapher_dataset\祝允明\住-行-明-祝允明-17195.png,祝允明,行,住,明,17195,住-行-明-祝允明-17195.png,mccd_salvage,ok,176,228,229.1,175.2,False,0.3523,3,0.0,0.6234,clean,none
G:\GitHub\DiT\MCCD\MCCD\MCCD-Calligrapher\calligrapher_dataset\祝允明\又-行-明-祝允明-40298.png,祝允明,行,又,明,40298,又-行-明-祝允明-40298.png,mccd_salvage,ok,249,222,237.5,199.4,False,0.3271,1,0.0,1.0,clean,none
G:\GitHub\DiT\MCCD\MCCD\MCCD-Calligrapher\calligrapher_dataset\祝允明\将-行-明-祝允明-75425.png,祝允明,行,将,明,75425,将-行-明-祝允明-75425.png,mccd_salvage,ok,225,210,230.5,185.4,False,0.5101,2,0.0,0.7251,clean,none
G:\GitHub\DiT\MCCD\MCCD\MCCD-Calligrapher\calligrapher_dataset\祝允明\將-行-明-祝允明-75590.png,祝允明,行,將,明,75590,將-行-明-祝允明-75590.png,mccd_salvage,ok,225,210,230.5,185.4,False,0.5101,2,0.0,0.7251,clean,none
G:\GitHub\DiT\MCCD\MCCD\MCCD-Calligrapher\calligrapher_dataset\祝允明\書-楷-明-祝允明-6689.png,祝允明,楷,書,明,6689,書-楷-明-祝允明-6689.png,mccd_salvage,ok,200,247,235.6,215.4,False,0.3607,2,0.0,0.7251,clean,none
G:\GitHub\DiT\MCCD\MCCD\MCCD-Calligrapher\calligrapher_dataset\祝允明\柔-楷-明-祝允明-12051.png,祝允明,楷,柔,明,12051,柔-楷-明-祝允明-12051.png,mccd_salvage,ok,241,265,240.0,220.9,False,0.2239,7,0.0,0.3724,clean,none
G:\GitHub\DiT\MCCD\MCCD\MCCD-Calligrapher\calligrapher_dataset\祝允明\溟-行-明-祝允明-31585.png,祝允明,行,溟,明,31585,溟-行-明-祝允明-31585.png,mccd_salvage,ok,250,276,229.6,202.0,False,0.3766,5,0.0,0.6824,clean,none
G:\GitHub\DiT\MCCD\MCCD\MCCD-Calligrapher\calligrapher_dataset\祝允明\異-楷-明-祝允明-50148.png,祝允明,楷,異,明,50148,異-楷-明-祝允明-50148.png,mccd_salvage,ok,213,231,236.5,198.7,False,0.3756,3,0.0,0.8837,clean,none
G:\GitHub\DiT\MCCD\MCCD\MCCD-Calligrapher\calligrapher_dataset\祝允明\籍-楷-明-祝允明-69438.png,祝允明,楷,籍,明,69438,籍-楷-明-祝允明-69438.png,mccd_salvage,ok,185,215,239.4,202.3,False,0.3485,6,0.0,0.5426,clean,none
G:\GitHub\DiT\MCCD\MCCD\MCCD-Calligrapher\calligrapher_dataset\祝允明\翳-楷-明-祝允明-78884.png,祝允明,楷,翳,明,78884,翳-楷-明-祝允明-78884.png,mccd_salvage,ok,172,238,236.5,170.8,False,0.4025,11,0.0,0.3833,clean,none
G:\GitHub\DiT\MCCD\MCCD\MCCD-Calligrapher\calligrapher_dataset\祝允明\與-楷-明-祝允明-87677.png,祝允明,楷,與,明,87677,與-楷-明-祝允明-87677.png,mccd_salvage,ok,260,228,242.2,223.3,False,0.3504,4,0.0,0.8145,clean,none
G:\GitHub\DiT\MCCD\MCCD\MCCD-Calligrapher\calligrapher_dataset\祝允明\薄-楷-明-祝允明-95633.png,祝允明,楷,薄,明,95633,薄-楷-明-祝允明-95633.png,mccd_salvage,ok,225,305,243.0,229.6,False,0.3001,6,0.0,0.7271,clean,none
G:\GitHub\DiT\MCCD\MCCD\MCCD-Calligrapher\calligrapher_dataset\祝允明\辨-楷-明-祝允明-121647.png,祝允明,楷,辨,明,121647,辨-楷-明-祝允明-121647.png,mccd_salvage,ok,245,229,240.7,218.3,False,0.3226,7,0.0,0.3064,clean,none
G:\GitHub\DiT\MCCD\MCCD\MCCD-Calligrapher\calligrapher_dataset\祝允明\農-楷-明-祝允明-122134.png,祝允明,楷,農,明,122134,農-楷-明-祝允明-122134.png,mccd_salvage,ok,176,240,243.5,215.6,False,0.3473,4,0.0,0.4528,clean,none
G:\GitHub\DiT\MCCD\MCCD\MCCD-Calligrapher\calligrapher_dataset\祝允明\過-楷-明-祝允明-124900.png,祝允明,楷,過,明,124900,過-楷-明-祝允明-124900.png,mccd_salvage,ok,215,171,233.5,192.6,False,0.3133,6,0.0,0.3378,clean,none
G:\GitHub\DiT\MCCD\MCCD\MCCD-Calligrapher\calligrapher_dataset\祝允明\過-楷-明-祝允明-124902.png,祝允明,楷,過,明,124902,過-楷-明-祝允明-124902.png,mccd_salvage,ok,187,190,229.7,185.6,False,0.3491,5,0.0,0.5046,clean,none
G:\GitHub\DiT\MCCD\MCCD\MCCD-Calligrapher\calligrapher_dataset\祝允明\風-行-明-祝允明-147435.png,祝允明,行,風,明,147435,風-行-明-祝允明-147435.png,mccd_salvage,ok,186,213,218.7,158.0,False,0.4712,1,0.0,1.0,clean,none
G:\GitHub\DiT\MCCD\MCCD\MCCD-Calligrapher\calligrapher_dataset\祝允明\飛-楷-明-祝允明-147722.png,祝允明,楷,飛,明,147722,飛-楷-明-祝允明-147722.png,mccd_salvage,ok,204,215,229.4,201.7,False,0.3085,7,0.0,0.6234,clean,none
G:\GitHub\DiT\MCCD\MCCD\MCCD-Calligrapher\calligrapher_dataset\祝允明\飛-行-明-祝允明-147748.png,祝允明,行,飛,明,147748,飛-行-明-祝允明-147748.png,mccd_salvage,ok,193,197,234.7,196.7,False,0.4,1,0.0,1.0,clean,none
G:\GitHub\DiT\MCCD\MCCD\MCCD-Calligrapher\calligrapher_dataset\祝允明\馬-楷-明-祝允明-150016.png,祝允明,楷,馬,明,150016,馬-楷-明-祝允明-150016.png,mccd_salvage,ok,199,198,232.7,202.5,False,0.2645,6,0.0018,0.7475,clean,none
G:\GitHub\DiT\MCCD\MCCD\MCCD-Calligrapher\calligrapher_dataset\米芾\一-行-宋-米芾-462.png,米芾,行,一,宋,462,一-行-宋-米芾-462.png,mccd_salvage,ok,306,66,246.9,183.5,False,0.3366,1,0.0,1.0,clean,none
G:\GitHub\DiT\MCCD\MCCD\MCCD-Calligrapher\calligrapher_dataset\米芾\一-行-宋-米芾-468.png,米芾,行,一,宋,468,一-行-宋-米芾-468.png,mccd_salvage,ok,314,67,236.7,177.0,False,0.3076,1,0.0,1.0,clean,none
G:\GitHub\DiT\MCCD\MCCD\MCCD-Calligrapher\calligrapher_dataset\米芾\三-行-宋-米芾-1291.png,米芾,行,三,宋,1291,三-行-宋-米芾-1291.png,mccd_salvage,ok,242,291,221.8,192.7,False,0.3839,3,0.0,0.437,clean,none
G:\GitHub\DiT\MCCD\MCCD\MCCD-Calligrapher\calligrapher_dataset\米芾\下-行-宋-米芾-1913.png,米芾,行,下,宋,1913,下-行-宋-米芾-1913.png,mccd_salvage,ok,222,252,234.5,203.6,False,0.3698,1,0.0,1.0,clean,none
G:\GitHub\DiT\MCCD\MCCD\MCCD-Calligrapher\calligrapher_dataset\米芾\不-行-宋-米芾-3025.png,米芾,行,不,宋,3025,不-行-宋-米芾-3025.png,mccd_salvage,ok,286,294,212.8,249.1,False,0.2243,4,0.0001,0.6258,clean,none
G:\GitHub\DiT\MCCD\MCCD\MCCD-Calligrapher\calligrapher_dataset\米芾\与-行-宋-米芾-3183.png,米芾,行,与,宋,3183,与-行-宋-米芾-3183.png,mccd_salvage,ok,248,344,234.1,215.9,False,0.3929,1,0.0,1.0,clean,none
G:\GitHub\DiT\MCCD\MCCD\MCCD-Calligrapher\calligrapher_dataset\米芾\丹-行-宋-米芾-5168.png,米芾,行,丹,宋,5168,丹-行-宋-米芾-5168.png,mccd_salvage,ok,232,310,239.3,213.4,False,0.3549,1,0.0,1.0,clean,none
G:\GitHub\DiT\MCCD\MCCD\MCCD-Calligrapher\calligrapher_dataset\米芾\主-行-宋-米芾-5267.png,米芾,行,主,宋,5267,主-行-宋-米芾-5267.png,mccd_salvage,ok,156,435,247.0,216.8,False,0.4945,1,0.0,1.0,clean,none
G:\GitHub\DiT\MCCD\MCCD\MCCD-Calligrapher\calligrapher_dataset\米芾\久-行-宋-米芾-5760.png,米芾,行,久,宋,5760,久-行-宋-米芾-5760.png,mccd_salvage,ok,240,245,239.8,228.1,False,0.2435,1,0.0,1.0,clean,none
G:\GitHub\DiT\MCCD\MCCD\MCCD-Calligrapher\calligrapher_dataset\米芾\九-行-宋-米芾-8189.png,米芾,行,九,宋,8189,九-行-宋-米芾-8189.png,mccd_salvage,ok,259,231,240.5,205.3,False,0.375,1,0.0,1.0,clean,none
G:\GitHub\DiT\MCCD\MCCD\MCCD-Calligrapher\calligrapher_dataset\米芾\五-行-宋-米芾-11388.png,米芾,行,五,宋,11388,五-行-宋-米芾-11388.png,mccd_salvage,ok,158,170,227.0,165.4,False,0.4118,1,0.0,1.0,clean,none
G:\GitHub\DiT\MCCD\MCCD\MCCD-Calligrapher\calligrapher_dataset\米芾\仕-行-宋-米芾-14930.png,米芾,行,仕,宋,14930,仕-行-宋-米芾-14930.png,mccd_salvage,ok,209,223,236.4,207.3,False,0.3739,1,0.0,1.0,clean,none
G:\GitHub\DiT\MCCD\MCCD\MCCD-Calligrapher\calligrapher_dataset\米芾\仕-行-宋-米芾-14932.png,米芾,行,仕,宋,14932,仕-行-宋-米芾-14932.png,mccd_salvage,ok,204,203,224.8,193.8,False,0.4061,2,0.0,0.5533,clean,none
G:\GitHub\DiT\MCCD\MCCD\MCCD-Calligrapher\calligrapher_dataset\米芾\仕-行-宋-米芾-14933.png,米芾,行,仕,宋,14933,仕-行-宋-米芾-14933.png,mccd_salvage,ok,182,166,239.8,219.8,False,0.3023,3,0.0,0.55,clean,none
G:\GitHub\DiT\MCCD\MCCD\MCCD-Calligrapher\calligrapher_dataset\米芾\仕-行-宋-米芾-14934.png,米芾,行,仕,宋,14934,仕-行-宋-米芾-14934.png,mccd_salvage,ok,198,176,234.4,209.0,False,0.3226,3,0.0,0.638,clean,none
G:\GitHub\DiT\MCCD\MCCD\MCCD-Calligrapher\calligrapher_dataset\米芾\仕-行-宋-米芾-14935.png,米芾,行,仕,宋,14935,仕-行-宋-米芾-14935.png,mccd_salvage,ok,196,163,233.2,214.4,False,0.2904,1,0.0,1.0,clean,none
G:\GitHub\DiT\MCCD\MCCD\MCCD-Calligrapher\calligrapher_dataset\米芾\仕-行-宋-米芾-14936.png,米芾,行,仕,宋,14936,仕-行-宋-米芾-14936.png,mccd_salvage,ok,251,210,244.7,235.6,False,0.2549,1,0.0,1.0,clean,none
G:\GitHub\DiT\MCCD\MCCD\MCCD-Calligrapher\calligrapher_dataset\米芾\但-行-宋-米芾-16986.png,米芾,行,但,宋,16986,但-行-宋-米芾-16986.png,mccd_salvage,ok,195,195,235.8,181.7,False,0.4946,2,0.0,0.5778,clean,none
G:\GitHub\DiT\MCCD\MCCD\MCCD-Calligrapher\calligrapher_dataset\米芾\佑-行-宋-米芾-17280.png,米芾,行,佑,宋,17280,佑-行-宋-米芾-17280.png,mccd_salvage,ok,236,229,241.2,202.7,False,0.4178,1,0.0,1.0,clean,none
G:\GitHub\DiT\MCCD\MCCD\MCCD-Calligrapher\calligrapher_dataset\米芾\傾-行-宋-米芾-22275.png,米芾,行,傾,宋,22275,傾-行-宋-米芾-22275.png,mccd_salvage,ok,227,246,215.1,153.5,False,0.5235,2,0.0,0.5034,clean,none
G:\GitHub\DiT\MCCD\MCCD\MCCD-Calligrapher\calligrapher_dataset\米芾\僕-行-宋-米芾-22611.png,米芾,行,僕,宋,22611,僕-行-宋-米芾-22611.png,mccd_salvage,ok,177,188,232.8,192.1,False,0.4602,1,0.0,1.0,clean,none
G:\GitHub\DiT\MCCD\MCCD\MCCD-Calligrapher\calligrapher_dataset\米芾\刀-行-宋-米芾-30129.png,米芾,行,刀,宋,30129,刀-行-宋-米芾-30129.png,mccd_salvage,ok,184,174,220.4,141.3,False,0.5006,1,0.0,1.0,clean,none
G:\GitHub\DiT\MCCD\MCCD\MCCD-Calligrapher\calligrapher_dataset\米芾\初-行-宋-米芾-30854.png,米芾,行,初,宋,30854,初-行-宋-米芾-30854.png,mccd_salvage,ok,184,174,225.9,181.3,False,0.4818,2,0.0,0.9203,clean,none
G:\GitHub\DiT\MCCD\MCCD\MCCD-Calligrapher\calligrapher_dataset\米芾\剡-行-宋-米芾-32267.png,米芾,行,剡,宋,32267,剡-行-宋-米芾-32267.png,mccd_salvage,ok,191,290,241.3,186.3,False,0.4893,1,0.0,1.0,clean,none
G:\GitHub\DiT\MCCD\MCCD\MCCD-Calligrapher\calligrapher_dataset\米芾\十-行-宋-米芾-35864.png,米芾,行,十,宋,35864,十-行-宋-米芾-35864.png,mccd_salvage,ok,182,184,232.8,204.1,False,0.3444,2,0.0004,0.9996,clean,none
G:\GitHub\DiT\MCCD\MCCD\MCCD-Calligrapher\calligrapher_dataset\米芾\即-行-宋-米芾-38134.png,米芾,行,即,宋,38134,即-行-宋-米芾-38134.png,mccd_salvage,ok,221,325,216.6,177.1,False,0.4786,1,0.0,1.0,clean,none
G:\GitHub\DiT\MCCD\MCCD\MCCD-Calligrapher\calligrapher_dataset\米芾\友-行-宋-米芾-40638.png,米芾,行,友,宋,40638,友-行-宋-米芾-40638.png,mccd_salvage,ok,218,312,238.6,220.3,False,0.3278,1,0.0,1.0,clean,none
G:\GitHub\DiT\MCCD\MCCD\MCCD-Calligrapher\calligrapher_dataset\米芾\古-行-宋-米芾-41935.png,米芾,行,古,宋,41935,古-行-宋-米芾-41935.png,mccd_salvage,ok,233,145,238.1,212.0,False,0.2704,1,0.0,1.0,clean,none
G:\GitHub\DiT\MCCD\MCCD\MCCD-Calligrapher\calligrapher_dataset\米芾\古-行-宋-米芾-41936.png,米芾,行,古,宋,41936,古-行-宋-米芾-41936.png,mccd_salvage,ok,230,210,238.0,211.6,False,0.2666,1,0.0,1.0,clean,none
G:\GitHub\DiT\MCCD\MCCD\MCCD-Calligrapher\calligrapher_dataset\米芾\古-行-宋-米芾-41937.png,米芾,行,古,宋,41937,古-行-宋-米芾-41937.png,mccd_salvage,ok,196,198,237.9,206.1,False,0.4229,1,0.0,1.0,clean,none
G:\GitHub\DiT\MCCD\MCCD\MCCD-Calligrapher\calligrapher_dataset\米芾\古-行-宋-米芾-41938.png,米芾,行,古,宋,41938,古-行-宋-米芾-41938.png,mccd_salvage,ok,218,198,238.1,212.0,False,0.3494,1,0.0,1.0,clean,none
G:\GitHub\DiT\MCCD\MCCD\MCCD-Calligrapher\calligrapher_dataset\米芾\只-行-宋-米芾-42153.png,米芾,行,只,宋,42153,只-行-宋-米芾-42153.png,mccd_salvage,ok,159,191,230.1,184.2,False,0.3902,3,0.0,0.6067,clean,none
G:\GitHub\DiT\MCCD\MCCD\MCCD-Calligrapher\calligrapher_dataset\米芾\只-行-宋-米芾-42156.png,米芾,行,只,宋,42156,只-行-宋-米芾-42156.png,mccd_salvage,ok,171,218,223.3,181.6,False,0.4118,2,0.0,0.6011,clean,none
G:\GitHub\DiT\MCCD\MCCD\MCCD-Calligrapher\calligrapher_dataset\米芾\只-行-宋-米芾-42157.png,米芾,行,只,宋,42157,只-行-宋-米芾-42157.png,mccd_salvage,ok,190,180,225.3,190.7,False,0.3628,3,0.001,0.5278,clean,none
G:\GitHub\DiT\MCCD\MCCD\MCCD-Calligrapher\calligrapher_dataset\米芾\司-行-宋-米芾-43397.png,米芾,行,司,宋,43397,司-行-宋-米芾-43397.png,mccd_salvage,ok,159,201,236.2,165.2,False,0.3811,3,0.0007,0.525,clean,none
G:\GitHub\DiT\MCCD\MCCD\MCCD-Calligrapher\calligrapher_dataset\米芾\噉-行-宋-米芾-51595.png,米芾,行,噉,宋,51595,噉-行-宋-米芾-51595.png,mccd_salvage,ok,252,282,233.0,196.8,False,0.4503,3,0.0004,0.9947,clean,none
G:\GitHub\DiT\MCCD\MCCD\MCCD-Calligrapher\calligrapher_dataset\米芾\圖-行-宋-米芾-53746.png,米芾,行,圖,宋,53746,圖-行-宋-米芾-53746.png,mccd_salvage,ok,245,301,205.7,126.8,False,0.5851,1,0.0,1.0,broken,too_solid
G:\GitHub\DiT\MCCD\MCCD\MCCD-Calligrapher\calligrapher_dataset\米芾\圗-行-宋-米芾-53836.png,米芾,行,圗,宋,53836,圗-行-宋-米芾-53836.png,mccd_salvage,ok,245,301,205.7,126.8,False,0.5851,1,0.0,1.0,broken,too_solid
G:\GitHub\DiT\MCCD\MCCD\MCCD-Calligrapher\calligrapher_dataset\米芾\坐-行-宋-米芾-54714.png,米芾,行,坐,宋,54714,坐-行-宋-米芾-54714.png,mccd_salvage,ok,182,264,231.8,198.9,False,0.3863,1,0.0,1.0,clean,none
G:\GitHub\DiT\MCCD\MCCD\MCCD-Calligrapher\calligrapher_dataset\米芾\壑-行-宋-米芾-57700.png,米芾,行,壑,宋,57700,壑-行-宋-米芾-57700.png,mccd_salvage,ok,214,283,225.8,190.8,False,0.532,7,0.0005,0.9499,clean,none
G:\GitHub\DiT\MCCD\MCCD\MCCD-Calligrapher\calligrapher_dataset\米芾\姿-行-宋-米芾-65488.png,米芾,行,姿,宋,65488,姿-行-宋-米芾-65488.png,mccd_salvage,ok,228,240,240.2,226.0,False,0.3018,2,0.0,0.9982,clean,none
G:\GitHub\DiT\MCCD\MCCD\MCCD-Calligrapher\calligrapher_dataset\米芾\威-行-宋-米芾-65559.png,米芾,行,威,宋,65559,威-行-宋-米芾-65559.png,mccd_salvage,ok,194,184,233.1,204.4,False,0.4563,1,0.0,1.0,clean,none
G:\GitHub\DiT\MCCD\MCCD\MCCD-Calligrapher\calligrapher_dataset\米芾\婦-行-宋-米芾-66239.png,米芾,行,婦,宋,66239,婦-行-宋-米芾-66239.png,mccd_salvage,ok,275,366,238.4,213.5,False,0.2503,5,0.0012,0.5777,clean,none
G:\GitHub\DiT\MCCD\MCCD\MCCD-Calligrapher\calligrapher_dataset\米芾\孫-行-宋-米芾-69120.png,米芾,行,孫,宋,69120,孫-行-宋-米芾-69120.png,mccd_salvage,ok,200,210,230.0,185.2,False,0.4592,3,0.0,0.6741,clean,none
G:\GitHub\DiT\MCCD\MCCD\MCCD-Calligrapher\calligrapher_dataset\米芾\宫-行-宋-米芾-71937.png,米芾,行,宫,宋,71937,宫-行-宋-米芾-71937.png,mccd_salvage,ok,232,223,232.4,186.5,False,0.3598,4,0.0001,0.5028,clean,none
G:\GitHub\DiT\MCCD\MCCD\MCCD-Calligrapher\calligrapher_dataset\米芾\宮-行-宋-米芾-72134.png,米芾,行,宮,宋,72134,宮-行-宋-米芾-72134.png,mccd_salvage,ok,232,223,232.4,186.5,False,0.3598,4,0.0001,0.5028,clean,none
G:\GitHub\DiT\MCCD\MCCD\MCCD-Calligrapher\calligrapher_dataset\米芾\審-行-宋-米芾-74380.png,米芾,行,審,宋,74380,審-行-宋-米芾-74380.png,mccd_salvage,ok,193,309,235.6,205.7,False,0.4723,1,0.0,1.0,clean,none
G:\GitHub\DiT\MCCD\MCCD\MCCD-Calligrapher\calligrapher_dataset\米芾\對-行-宋-米芾-76061.png,米芾,行,對,宋,76061,對-行-宋-米芾-76061.png,mccd_salvage,ok,208,250,241.7,220.8,False,0.3205,3,0.0,0.589,clean,none
G:\GitHub\DiT\MCCD\MCCD\MCCD-Calligrapher\calligrapher_dataset\米芾\對-行-宋-米芾-76064.png,米芾,行,對,宋,76064,對-行-宋-米芾-76064.png,mccd_salvage,ok,192,287,238.2,216.5,False,0.4168,1,0.0,1.0,clean,none
G:\GitHub\DiT\MCCD\MCCD\MCCD-Calligrapher\calligrapher_dataset\米芾\尪-行-宋-米芾-77296.png,米芾,行,尪,宋,77296,尪-行-宋-米芾-77296.png,mccd_salvage,ok,207,191,226.7,180.5,False,0.4383,1,0.0,1.0,clean,none
G:\GitHub\DiT\MCCD\MCCD\MCCD-Calligrapher\calligrapher_dataset\米芾\尫-行-宋-米芾-77305.png,米芾,行,尫,宋,77305,尫-行-宋-米芾-77305.png,mccd_salvage,ok,207,191,226.7,180.5,False,0.4383,1,0.0,1.0,clean,none
G:\GitHub\DiT\MCCD\MCCD\MCCD-Calligrapher\calligrapher_dataset\米芾\居-行-宋-米芾-78008.png,米芾,行,居,宋,78008,居-行-宋-米芾-78008.png,mccd_salvage,ok,189,239,232.5,199.7,False,0.3926,1,0.0,1.0,clean,none
G:\GitHub\DiT\MCCD\MCCD\MCCD-Calligrapher\calligrapher_dataset\米芾\居-行-宋-米芾-78014.png,米芾,行,居,宋,78014,居-行-宋-米芾-78014.png,mccd_salvage,ok,255,327,239.0,212.7,False,0.3381,1,0.0,1.0,clean,none
G:\GitHub\DiT\MCCD\MCCD\MCCD-Calligrapher\calligrapher_dataset\米芾\屈-行-宋-米芾-78118.png,米芾,行,屈,宋,78118,屈-行-宋-米芾-78118.png,mccd_salvage,ok,202,277,234.1,219.9,False,0.268,2,0.0,0.9969,clean,none
G:\GitHub\DiT\MCCD\MCCD\MCCD-Calligrapher\calligrapher_dataset\米芾\山-行-宋-米芾-79138.png,米芾,行,山,宋,79138,山-行-宋-米芾-79138.png,mccd_salvage,ok,271,243,230.6,188.1,False,0.4676,1,0.0,1.0,clean,none
G:\GitHub\DiT\MCCD\MCCD\MCCD-Calligrapher\calligrapher_dataset\米芾\崐-行-宋-米芾-79975.png,米芾,行,崐,宋,79975,崐-行-宋-米芾-79975.png,mccd_salvage,ok,224,222,225.2,166.9,False,0.4891,1,0.0,1.0,clean,none
G:\GitHub\DiT\MCCD\MCCD\MCCD-Calligrapher\calligrapher_dataset\米芾\已-行-宋-米芾-82312.png,米芾,行,已,宋,82312,已-行-宋-米芾-82312.png,mccd_salvage,ok,237,241,201.9,140.2,False,0.3601,1,0.0,1.0,clean,none
G:\GitHub\DiT\MCCD\MCCD\MCCD-Calligrapher\calligrapher_dataset\米芾\已-行-宋-米芾-82313.png,米芾,行,已,宋,82313,已-行-宋-米芾-82313.png,mccd_salvage,ok,237,225,217.2,163.4,False,0.4155,1,0.0,1.0,clean,none
G:\GitHub\DiT\MCCD\MCCD\MCCD-Calligrapher\calligrapher_dataset\米芾\巳-行-宋-米芾-82528.png,米芾,行,巳,宋,82528,巳-行-宋-米芾-82528.png,mccd_salvage,ok,195,179,219.1,150.4,False,0.4211,1,0.0,1.0,clean,none
G:\GitHub\DiT\MCCD\MCCD\MCCD-Calligrapher\calligrapher_dataset\米芾\影-行-宋-米芾-92274.png,米芾,行,影,宋,92274,影-行-宋-米芾-92274.png,mccd_salvage,ok,255,257,231.6,197.8,False,0.3891,4,0.0,0.7867,clean,none
G:\GitHub\DiT\MCCD\MCCD\MCCD-Calligrapher\calligrapher_dataset\米芾\惱-行-宋-米芾-99331.png,米芾,行,惱,宋,99331,惱-行-宋-米芾-99331.png,mccd_salvage,ok,250,230,228.1,180.9,False,0.3689,4,0.0,0.4023,clean,none
G:\GitHub\DiT\MCCD\MCCD\MCCD-Calligrapher\calligrapher_dataset\米芾\想-行-宋-米芾-99376.png,米芾,行,想,宋,99376,想-行-宋-米芾-99376.png,mccd_salvage,ok,254,239,226.6,178.3,False,0.4626,1,0.0,1.0,clean,none
G:\GitHub\DiT\MCCD\MCCD\MCCD-Calligrapher\calligrapher_dataset\米芾\慶-行-宋-米芾-100957.png,米芾,行,慶,宋,100957,慶-行-宋-米芾-100957.png,mccd_salvage,ok,184,285,236.4,226.2,False,0.3062,1,0.0,1.0,clean,none
G:\GitHub\DiT\MCCD\MCCD\MCCD-Calligrapher\calligrapher_dataset\米芾\抨-行-宋-米芾-4975.png,米芾,行,抨,宋,4975,抨-行-宋-米芾-4975.png,mccd_salvage,ok,235,245,241.4,213.5,False,0.4568,1,0.0,1.0,clean,none
G:\GitHub\DiT\MCCD\MCCD\MCCD-Calligrapher\calligrapher_dataset\米芾\拍-行-宋-米芾-5293.png,米芾,行,拍,宋,5293,拍-行-宋-米芾-5293.png,mccd_salvage,ok,251,218,235.2,203.3,False,0.4561,1,0.0,1.0,clean,none
G:\GitHub\DiT\MCCD\MCCD\MCCD-Calligrapher\calligrapher_dataset\米芾\拙-行-宋-米芾-5443.png,米芾,行,拙,宋,5443,拙-行-宋-米芾-5443.png,mccd_salvage,ok,251,242,238.1,211.4,False,0.4084,1,0.0,1.0,clean,none
G:\GitHub\DiT\MCCD\MCCD\MCCD-Calligrapher\calligrapher_dataset\米芾\拙-行-宋-米芾-5445.png,米芾,行,拙,宋,5445,拙-行-宋-米芾-5445.png,mccd_salvage,ok,237,230,239.9,218.6,False,0.4014,1,0.0,1.0,clean,none
G:\GitHub\DiT\MCCD\MCCD\MCCD-Calligrapher\calligrapher_dataset\米芾\擁-楷-宋-米芾-279.png,米芾,楷,擁,宋,279,擁-楷-宋-米芾-279.png,mccd_salvage,ok,194,194,237.2,200.5,False,0.3898,3,0.0,0.9202,clean,none
G:\GitHub\DiT\MCCD\MCCD\MCCD-Calligrapher\calligrapher_dataset\米芾\敬-行-宋-米芾-3451.png,米芾,行,敬,宋,3451,敬-行-宋-米芾-3451.png,mccd_salvage,ok,232,226,226.3,208.3,False,0.4035,2,0.0003,0.9997,clean,none
G:\GitHub\DiT\MCCD\MCCD\MCCD-Calligrapher\calligrapher_dataset\米芾\既-行-宋-米芾-369.png,米芾,行,既,宋,369,既-行-宋-米芾-369.png,mccd_salvage,ok,226,226,215.6,150.8,False,0.4763,1,0.0,1.0,clean,none
G:\GitHub\DiT\MCCD\MCCD\MCCD-Calligrapher\calligrapher_dataset\米芾\旣-行-宋-米芾-664.png,米芾,行,旣,宋,664,旣-行-宋-米芾-664.png,mccd_salvage,ok,226,226,215.6,150.8,False,0.4763,1,0.0,1.0,clean,none
G:\GitHub\DiT\MCCD\MCCD\MCCD-Calligrapher\calligrapher_dataset\米芾\日-行-宋-米芾-1099.png,米芾,行,日,宋,1099,日-行-宋-米芾-1099.png,mccd_salvage,ok,192,224,185.5,101.1,False,0.64,1,0.0,1.0,broken,too_solid
G:\GitHub\DiT\MCCD\MCCD\MCCD-Calligrapher\calligrapher_dataset\米芾\日-行-宋-米芾-1101.png,米芾,行,日,宋,1101,日-行-宋-米芾-1101.png,mccd_salvage,ok,204,237,207.9,134.9,False,0.5876,1,0.0,1.0,broken,too_solid
G:\GitHub\DiT\MCCD\MCCD\MCCD-Calligrapher\calligrapher_dataset\米芾\時-行-宋-米芾-3877.png,米芾,行,時,宋,3877,時-行-宋-米芾-3877.png,mccd_salvage,ok,231,297,227.1,179.3,False,0.5114,1,0.0,1.0,clean,none
G:\GitHub\DiT\MCCD\MCCD\MCCD-Calligrapher\calligrapher_dataset\米芾\時-行-宋-米芾-3881.png,米芾,行,時,宋,3881,時-行-宋-米芾-3881.png,mccd_salvage,ok,217,287,227.6,209.8,False,0.3629,1,0.0,1.0,clean,none
G:\GitHub\DiT\MCCD\MCCD\MCCD-Calligrapher\calligrapher_dataset\米芾\書-行-宋-米芾-6707.png,米芾,行,書,宋,6707,書-行-宋-米芾-6707.png,mccd_salvage,ok,200,282,237.3,208.6,False,0.337,1,0.0,1.0,clean,none
G:\GitHub\DiT\MCCD\MCCD\MCCD-Calligrapher\calligrapher_dataset\米芾\會-行-宋-米芾-7245.png,米芾,行,會,宋,7245,會-行-宋-米芾-7245.png,mccd_salvage,ok,263,252,241.6,230.8,False,0.2392,1,0.0,1.0,clean,none
G:\GitHub\DiT\MCCD\MCCD\MCCD-Calligrapher\calligrapher_dataset\米芾\會-行-宋-米芾-7246.png,米芾,行,會,宋,7246,會-行-宋-米芾-7246.png,mccd_salvage,ok,247,239,241.2,233.3,False,0.2496,3,0.0004,0.9707,clean,none
G:\GitHub\DiT\MCCD\MCCD\MCCD-Calligrapher\calligrapher_dataset\米芾\會-行-宋-米芾-7247.png,米芾,行,會,宋,7247,會-行-宋-米芾-7247.png,mccd_salvage,ok,247,338,216.3,231.1,False,0.2194,4,0.0,0.5972,clean,none
G:\GitHub\DiT\MCCD\MCCD\MCCD-Calligrapher\calligrapher_dataset\米芾\松-行-宋-米芾-11084.png,米芾,行,松,宋,11084,松-行-宋-米芾-11084.png,mccd_salvage,ok,262,244,235.1,209.5,False,0.4292,1,0.0,1.0,clean,none
G:\GitHub\DiT\MCCD\MCCD\MCCD-Calligrapher\calligrapher_dataset\米芾\樂-行-宋-米芾-16393.png,米芾,行,樂,宋,16393,樂-行-宋-米芾-16393.png,mccd_salvage,ok,224,287,239.2,219.6,False,0.3971,2,0.0,0.9738,clean,none
G:\GitHub\DiT\MCCD\MCCD\MCCD-Calligrapher\calligrapher_dataset\米芾\樂-行-宋-米芾-16395.png,米芾,行,樂,宋,16395,樂-行-宋-米芾-16395.png,mccd_salvage,ok,235,299,238.8,220.3,False,0.4044,3,0.0,0.9478,clean,none
G:\GitHub\DiT\MCCD\MCCD\MCCD-Calligrapher\calligrapher_dataset\米芾\次-行-宋-米芾-18058.png,米芾,行,次,宋,18058,次-行-宋-米芾-18058.png,mccd_salvage,ok,224,277,230.5,186.6,False,0.4136,2,0.0,0.6757,clean,none
G:\GitHub\DiT\MCCD\MCCD\MCCD-Calligrapher\calligrapher_dataset\米芾\歇-行-宋-米芾-18527.png,米芾,行,歇,宋,18527,歇-行-宋-米芾-18527.png,mccd_salvage,ok,240,224,234.0,207.2,False,0.3943,1,0.0,1.0,clean,none
G:\GitHub\DiT\MCCD\MCCD\MCCD-Calligrapher\calligrapher_dataset\米芾\殿-行-宋-米芾-21696.png,米芾,行,殿,宋,21696,殿-行-宋-米芾-21696.png,mccd_salvage,ok,255,250,239.2,211.9,False,0.4317,1,0.0,1.0,clean,none
G:\GitHub\DiT\MCCD\MCCD\MCCD-Calligrapher\calligrapher_dataset\米芾\殿-行-宋-米芾-21697.png,米芾,行,殿,宋,21697,殿-行-宋-米芾-21697.png,mccd_salvage,ok,252,203,236.0,210.7,False,0.3505,1,0.0,1.0,clean,none
G:\GitHub\DiT\MCCD\MCCD\MCCD-Calligrapher\calligrapher_dataset\米芾\氏-行-宋-米芾-23375.png,米芾,行,氏,宋,23375,氏-行-宋-米芾-23375.png,mccd_salvage,ok,249,239,229.6,206.3,False,0.3254,1,0.0,1.0,clean,none
G:\GitHub\DiT\MCCD\MCCD\MCCD-Calligrapher\calligrapher_dataset\米芾\法-行-宋-米芾-26854.png,米芾,行,法,宋,26854,法-行-宋-米芾-26854.png,mccd_salvage,ok,212,228,223.1,173.0,False,0.4401,2,0.0,0.9355,clean,none
G:\GitHub\DiT\MCCD\MCCD\MCCD-Calligrapher\calligrapher_dataset\米芾\洛-行-宋-米芾-27559.png,米芾,行,洛,宋,27559,洛-行-宋-米芾-27559.png,mccd_salvage,ok,217,234,231.4,185.9,False,0.4627,2,0.0,0.9232,clean,none
G:\GitHub\DiT\MCCD\MCCD\MCCD-Calligrapher\calligrapher_dataset\米芾\流-行-宋-米芾-28067.png,米芾,行,流,宋,28067,流-行-宋-米芾-28067.png,mccd_salvage,ok,241,180,237.7,218.6,False,0.2491,3,0.0,0.823,clean,none
G:\GitHub\DiT\MCCD\MCCD\MCCD-Calligrapher\calligrapher_dataset\米芾\流-行-宋-米芾-28070.png,米芾,行,流,宋,28070,流-行-宋-米芾-28070.png,mccd_salvage,ok,196,188,229.4,172.7,False,0.4535,3,0.0,0.6874,clean,none
G:\GitHub\DiT\MCCD\MCCD\MCCD-Calligrapher\calligrapher_dataset\米芾\浦-行-宋-米芾-28227.png,米芾,行,浦,宋,28227,浦-行-宋-米芾-28227.png,mccd_salvage,ok,175,193,226.2,192.4,False,0.3034,4,0.0009,0.88,clean,none
G:\GitHub\DiT\MCCD\MCCD\MCCD-Calligrapher\calligrapher_dataset\米芾\浮-行-宋-米芾-28356.png,米芾,行,浮,宋,28356,浮-行-宋-米芾-28356.png,mccd_salvage,ok,217,303,210.9,184.7,False,0.4301,4,0.0,0.7384,clean,none
G:\GitHub\DiT\MCCD\MCCD\MCCD-Calligrapher\calligrapher_dataset\米芾\游-行-宋-米芾-30889.png,米芾,行,游,宋,30889,游-行-宋-米芾-30889.png,mccd_salvage,ok,210,253,226.3,176.9,False,0.4411,2,0.0,0.9514,clean,none
G:\GitHub\DiT\MCCD\MCCD\MCCD-Calligrapher\calligrapher_dataset\米芾\湘-行-宋-米芾-31183.png,米芾,行,湘,宋,31183,湘-行-宋-米芾-31183.png,mccd_salvage,ok,214,201,205.6,162.9,False,0.3333,6,0.0003,0.8917,clean,none
G:\GitHub\DiT\MCCD\MCCD\MCCD-Calligrapher\calligrapher_dataset\米芾\溪-行-宋-米芾-31681.png,米芾,行,溪,宋,31681,溪-行-宋-米芾-31681.png,mccd_salvage,ok,263,347,208.7,163.3,False,0.4046,4,0.0,0.616,clean,none
G:\GitHub\DiT\MCCD\MCCD\MCCD-Calligrapher\calligrapher_dataset\米芾\濯-行-宋-米芾-34230.png,米芾,行,濯,宋,34230,濯-行-宋-米芾-34230.png,mccd_salvage,ok,260,304,224.3,184.3,False,0.4522,3,0.0,0.9662,clean,none
G:\GitHub\DiT\MCCD\MCCD\MCCD-Calligrapher\calligrapher_dataset\米芾\濱-行-宋-米芾-34254.png,米芾,行,濱,宋,34254,濱-行-宋-米芾-34254.png,mccd_salvage,ok,249,383,236.5,199.7,False,0.4921,1,0.0,1.0,clean,none
G:\GitHub\DiT\MCCD\MCCD\MCCD-Calligrapher\calligrapher_dataset\米芾\無-行-宋-米芾-37152.png,米芾,行,無,宋,37152,無-行-宋-米芾-37152.png,mccd_salvage,ok,213,340,236.9,203.7,False,0.4437,2,0.0,1.0,clean,none
G:\GitHub\DiT\MCCD\MCCD\MCCD-Calligrapher\calligrapher_dataset\米芾\然-行-宋-米芾-37410.png,米芾,行,然,宋,37410,然-行-宋-米芾-37410.png,mccd_salvage,ok,249,217,235.2,202.6,False,0.4033,2,0.0,0.9756,clean,none
G:\GitHub\DiT\MCCD\MCCD\MCCD-Calligrapher\calligrapher_dataset\米芾\爛-行-宋-米芾-38911.png,米芾,行,爛,宋,38911,爛-行-宋-米芾-38911.png,mccd_salvage,ok,237,231,221.5,165.5,False,0.4725,3,0.0,0.4337,clean,none
G:\GitHub\DiT\MCCD\MCCD\MCCD-Calligrapher\calligrapher_dataset\米芾\玉-行-宋-米芾-43958.png,米芾,行,玉,宋,43958,玉-行-宋-米芾-43958.png,mccd_salvage,ok,227,242,231.9,189.2,False,0.3841,3,0.0,0.847,clean,none
G:\GitHub\DiT\MCCD\MCCD\MCCD-Calligrapher\calligrapher_dataset\米芾\理-行-宋-米芾-45220.png,米芾,行,理,宋,45220,理-行-宋-米芾-45220.png,mccd_salvage,ok,261,240,234.2,199.6,False,0.4689,1,0.0,1.0,clean,none
G:\GitHub\DiT\MCCD\MCCD\MCCD-Calligrapher\calligrapher_dataset\米芾\甘-行-宋-米芾-46969.png,米芾,行,甘,宋,46969,甘-行-宋-米芾-46969.png,mccd_salvage,ok,238,195,232.7,209.3,False,0.4293,1,0.0,1.0,clean,none
G:\GitHub\DiT\MCCD\MCCD\MCCD-Calligrapher\calligrapher_dataset\米芾\生-行-宋-米芾-47522.png,米芾,行,生,宋,47522,生-行-宋-米芾-47522.png,mccd_salvage,ok,250,325,229.3,219.9,False,0.2123,2,0.0,0.9618,clean,none
G:\GitHub\DiT\MCCD\MCCD\MCCD-Calligrapher\calligrapher_dataset\米芾\留-行-宋-米芾-49467.png,米芾,行,留,宋,49467,留-行-宋-米芾-49467.png,mccd_salvage,ok,181,202,219.4,164.0,False,0.4747,2,0.0005,0.9995,clean,none
G:\GitHub\DiT\MCCD\MCCD\MCCD-Calligrapher\calligrapher_dataset\米芾\留-行-宋-米芾-49468.png,米芾,行,留,宋,49468,留-行-宋-米芾-49468.png,mccd_salvage,ok,227,291,220.8,176.5,False,0.5273,1,0.0,1.0,clean,none
G:\GitHub\DiT\MCCD\MCCD\MCCD-Calligrapher\calligrapher_dataset\米芾\白-行-宋-米芾-53107.png,米芾,行,白,宋,53107,白-行-宋-米芾-53107.png,mccd_salvage,ok,212,231,212.6,163.1,False,0.4725,2,0.0,0.9294,clean,none
G:\GitHub\DiT\MCCD\MCCD\MCCD-Calligrapher\calligrapher_dataset\米芾\白-行-宋-米芾-53109.png,米芾,行,白,宋,53109,白-行-宋-米芾-53109.png,mccd_salvage,ok,218,230,231.6,187.5,False,0.5025,1,0.0,1.0,clean,none
G:\GitHub\DiT\MCCD\MCCD\MCCD-Calligrapher\calligrapher_dataset\米芾\盡-行-宋-米芾-55053.png,米芾,行,盡,宋,55053,盡-行-宋-米芾-55053.png,mccd_salvage,ok,180,259,235.1,209.1,False,0.3502,3,0.001,0.999,clean,none
G:\GitHub\DiT\MCCD\MCCD\MCCD-Calligrapher\calligrapher_dataset\米芾\盡-行-宋-米芾-55054.png,米芾,行,盡,宋,55054,盡-行-宋-米芾-55054.png,mccd_salvage,ok,198,301,242.2,220.7,False,0.3523,1,0.0,1.0,clean,none
G:\GitHub\DiT\MCCD\MCCD\MCCD-Calligrapher\calligrapher_dataset\米芾\盡-行-宋-米芾-55056.png,米芾,行,盡,宋,55056,盡-行-宋-米芾-55056.png,mccd_salvage,ok,228,279,235.1,213.0,False,0.3866,1,0.0,1.0,clean,none
G:\GitHub\DiT\MCCD\MCCD\MCCD-Calligrapher\calligrapher_dataset\米芾\盡-行-宋-米芾-55058.png,米芾,行,盡,宋,55058,盡-行-宋-米芾-55058.png,mccd_salvage,ok,186,222,235.6,186.4,False,0.2781,1,0.0,1.0,clean,none
G:\GitHub\DiT\MCCD\MCCD\MCCD-Calligrapher\calligrapher_dataset\米芾\目-行-宋-米芾-55544.png,米芾,行,目,宋,55544,目-行-宋-米芾-55544.png,mccd_salvage,ok,166,213,218.6,163.3,False,0.4631,1,0.0,1.0,clean,none
G:\GitHub\DiT\MCCD\MCCD\MCCD-Calligrapher\calligrapher_dataset\米芾\石-行-宋-米芾-59095.png,米芾,行,石,宋,59095,石-行-宋-米芾-59095.png,mccd_salvage,ok,235,256,237.2,209.6,False,0.449,1,0.0,1.0,clean,none
G:\GitHub\DiT\MCCD\MCCD\MCCD-Calligrapher\calligrapher_dataset\米芾\研-行-宋-米芾-59254.png,米芾,行,研,宋,59254,研-行-宋-米芾-59254.png,mccd_salvage,ok,212,246,238.5,200.1,False,0.4124,2,0.0,0.5005,clean,none
G:\GitHub\DiT\MCCD\MCCD\MCCD-Calligrapher\calligrapher_dataset\米芾\硏-行-宋-米芾-59452.png,米芾,行,硏,宋,59452,硏-行-宋-米芾-59452.png,mccd_salvage,ok,222,258,227.9,176.6,False,0.4333,2,0.0,0.5066,clean,none
G:\GitHub\DiT\MCCD\MCCD\MCCD-Calligrapher\calligrapher_dataset\米芾\立-行-宋-米芾-66171.png,米芾,行,立,宋,66171,立-行-宋-米芾-66171.png,mccd_salvage,ok,209,247,227.8,201.6,False,0.448,1,0.0,1.0,clean,none
G:\GitHub\DiT\MCCD\MCCD\MCCD-Calligrapher\calligrapher_dataset\米芾\端-行-宋-米芾-66750.png,米芾,行,端,宋,66750,端-行-宋-米芾-66750.png,mccd_salvage,ok,234,229,237.0,216.1,False,0.3109,5,0.001,0.6491,clean,none
G:\GitHub\DiT\MCCD\MCCD\MCCD-Calligrapher\calligrapher_dataset\米芾\竹-行-宋-米芾-66959.png,米芾,行,竹,宋,66959,竹-行-宋-米芾-66959.png,mccd_salvage,ok,256,256,236.3,195.0,False,0.237,2,0.0,0.6085,clean,none
G:\GitHub\DiT\MCCD\MCCD\MCCD-Calligrapher\calligrapher_dataset\米芾\紛-行-宋-米芾-71159.png,米芾,行,紛,宋,71159,紛-行-宋-米芾-71159.png,mccd_salvage,ok,181,183,231.1,198.8,False,0.3354,4,0.0003,0.569,clean,none
G:\GitHub\DiT\MCCD\MCCD\MCCD-Calligrapher\calligrapher_dataset\米芾\紛-行-宋-米芾-71160.png,米芾,行,紛,宋,71160,紛-行-宋-米芾-71160.png,mccd_salvage,ok,232,204,237.2,212.7,False,0.2562,5,0.0027,0.536,clean,none
G:\GitHub\DiT\MCCD\MCCD\MCCD-Calligrapher\calligrapher_dataset\米芾\結-行-宋-米芾-72195.png,米芾,行,結,宋,72195,結-行-宋-米芾-72195.png,mccd_salvage,ok,203,219,232.2,188.4,False,0.5211,1,0.0,1.0,clean,none
G:\GitHub\DiT\MCCD\MCCD\MCCD-Calligrapher\calligrapher_dataset\米芾\群-行-宋-米芾-77591.png,米芾,行,群,宋,77591,群-行-宋-米芾-77591.png,mccd_salvage,ok,245,306,242.1,215.0,False,0.3222,5,0.0,0.4801,clean,none
G:\GitHub\DiT\MCCD\MCCD\MCCD-Calligrapher\calligrapher_dataset\米芾\而-行-宋-米芾-80866.png,米芾,行,而,宋,80866,而-行-宋-米芾-80866.png,mccd_salvage,ok,238,221,223.0,194.7,False,0.3672,3,0.0,0.7875,clean,none
G:\GitHub\DiT\MCCD\MCCD\MCCD-Calligrapher\calligrapher_dataset\米芾\至-行-宋-米芾-86996.png,米芾,行,至,宋,86996,至-行-宋-米芾-86996.png,mccd_salvage,ok,188,308,230.8,187.8,False,0.5481,1,0.0,1.0,clean,none
G:\GitHub\DiT\MCCD\MCCD\MCCD-Calligrapher\calligrapher_dataset\米芾\興-行-宋-米芾-87851.png,米芾,行,興,宋,87851,興-行-宋-米芾-87851.png,mccd_salvage,ok,231,199,236.9,213.9,False,0.4337,1,0.0,1.0,clean,none
G:\GitHub\DiT\MCCD\MCCD\MCCD-Calligrapher\calligrapher_dataset\米芾\舫-行-宋-米芾-88594.png,米芾,行,舫,宋,88594,舫-行-宋-米芾-88594.png,mccd_salvage,ok,219,194,227.7,179.1,False,0.4933,2,0.0,0.9493,clean,none
G:\GitHub\DiT\MCCD\MCCD\MCCD-Calligrapher\calligrapher_dataset\米芾\荊-行-宋-米芾-91374.png,米芾,行,荊,宋,91374,荊-行-宋-米芾-91374.png,mccd_salvage,ok,196,253,238.0,187.8,False,0.3988,1,0.0,1.0,clean,none
G:\GitHub\DiT\MCCD\MCCD\MCCD-Calligrapher\calligrapher_dataset\米芾\虹-行-宋-米芾-98301.png,米芾,行,虹,宋,98301,虹-行-宋-米芾-98301.png,mccd_salvage,ok,200,217,221.5,178.4,False,0.438,3,0.0006,0.7517,clean,none
G:\GitHub\DiT\MCCD\MCCD\MCCD-Calligrapher\calligrapher_dataset\米芾\行-行-宋-米芾-101034.png,米芾,行,行,宋,101034,行-行-宋-米芾-101034.png,mccd_salvage,ok,195,314,244.8,221.9,False,0.196,4,0.0,0.3956,clean,none
G:\GitHub\DiT\MCCD\MCCD\MCCD-Calligrapher\calligrapher_dataset\米芾\行-行-宋-米芾-101039.png,米芾,行,行,宋,101039,行-行-宋-米芾-101039.png,mccd_salvage,ok,211,282,233.6,210.1,False,0.273,4,0.0,0.3795,clean,none
G:\GitHub\DiT\MCCD\MCCD\MCCD-Calligrapher\calligrapher_dataset\米芾\行-行-宋-米芾-101040.png,米芾,行,行,宋,101040,行-行-宋-米芾-101040.png,mccd_salvage,ok,253,333,248.1,230.9,False,0.1264,11,0.003,0.5382,clean,none
G:\GitHub\DiT\MCCD\MCCD\MCCD-Calligrapher\calligrapher_dataset\米芾\行-行-宋-米芾-101041.png,米芾,行,行,宋,101041,行-行-宋-米芾-101041.png,mccd_salvage,ok,241,284,239.6,219.8,False,0.3594,3,0.0,0.7414,clean,none
G:\GitHub\DiT\MCCD\MCCD\MCCD-Calligrapher\calligrapher_dataset\米芾\行-行-宋-米芾-101047.png,米芾,行,行,宋,101047,行-行-宋-米芾-101047.png,mccd_salvage,ok,185,242,238.3,224.0,False,0.24,3,0.0,0.9195,clean,none
G:\GitHub\DiT\MCCD\MCCD\MCCD-Calligrapher\calligrapher_dataset\米芾\衢-行-宋-米芾-101583.png,米芾,行,衢,宋,101583,衢-行-宋-米芾-101583.png,mccd_salvage,ok,222,268,237.8,208.4,False,0.3886,3,0.001,0.8441,clean,none
G:\GitHub\DiT\MCCD\MCCD\MCCD-Calligrapher\calligrapher_dataset\米芾\袋-楷-宋-米芾-102150.png,米芾,楷,袋,宋,102150,袋-楷-宋-米芾-102150.png,mccd_salvage,ok,195,190,238.2,211.0,False,0.2103,7,0.0,0.3086,clean,none
G:\GitHub\DiT\MCCD\MCCD\MCCD-Calligrapher\calligrapher_dataset\米芾\袋-行-宋-米芾-102154.png,米芾,行,袋,宋,102154,袋-行-宋-米芾-102154.png,mccd_salvage,ok,268,357,238.5,241.7,False,0.1179,24,0.0058,0.1886,clean,none
G:\GitHub\DiT\MCCD\MCCD\MCCD-Calligrapher\calligrapher_dataset\米芾\西-行-宋-米芾-104116.png,米芾,行,西,宋,104116,西-行-宋-米芾-104116.png,mccd_salvage,ok,206,217,213.5,174.1,False,0.468,1,0.0,1.0,clean,none
G:\GitHub\DiT\MCCD\MCCD\MCCD-Calligrapher\calligrapher_dataset\米芾\訪-行-宋-米芾-106830.png,米芾,行,訪,宋,106830,訪-行-宋-米芾-106830.png,mccd_salvage,ok,277,264,244.7,224.9,False,0.1917,11,0.0013,0.3328,clean,none
G:\GitHub\DiT\MCCD\MCCD\MCCD-Calligrapher\calligrapher_dataset\米芾\話-行-宋-米芾-107874.png,米芾,行,話,宋,107874,話-行-宋-米芾-107874.png,mccd_salvage,ok,246,226,238.3,214.9,False,0.407,2,0.0,0.9272,clean,none
G:\GitHub\DiT\MCCD\MCCD\MCCD-Calligrapher\calligrapher_dataset\米芾\起-行-宋-米芾-116457.png,米芾,行,起,宋,116457,起-行-宋-米芾-116457.png,mccd_salvage,ok,247,204,232.4,189.6,False,0.3289,1,0.0,1.0,clean,none
G:\GitHub\DiT\MCCD\MCCD\MCCD-Calligrapher\calligrapher_dataset\米芾\轉-行-宋-米芾-120592.png,米芾,行,轉,宋,120592,轉-行-宋-米芾-120592.png,mccd_salvage,ok,185,240,240.7,217.0,False,0.4089,1,0.0,1.0,clean,none
G:\GitHub\DiT\MCCD\MCCD\MCCD-Calligrapher\calligrapher_dataset\米芾\迢-行-宋-米芾-122512.png,米芾,行,迢,宋,122512,迢-行-宋-米芾-122512.png,mccd_salvage,ok,189,173,219.8,146.7,False,0.4863,2,0.0,0.575,clean,none
G:\GitHub\DiT\MCCD\MCCD\MCCD-Calligrapher\calligrapher_dataset\米芾\逐-行-宋-米芾-123538.png,米芾,行,逐,宋,123538,逐-行-宋-米芾-123538.png,mccd_salvage,ok,234,186,217.1,176.6,False,0.3301,2,0.0,0.9692,clean,none
G:\GitHub\DiT\MCCD\MCCD\MCCD-Calligrapher\calligrapher_dataset\米芾\郷-行-宋-米芾-128620.png,米芾,行,郷,宋,128620,郷-行-宋-米芾-128620.png,mccd_salvage,ok,202,177,231.4,176.1,False,0.5734,1,0.0,1.0,broken,too_solid
G:\GitHub\DiT\MCCD\MCCD\MCCD-Calligrapher\calligrapher_dataset\米芾\都-行-宋-米芾-128758.png,米芾,行,都,宋,128758,都-行-宋-米芾-128758.png,mccd_salvage,ok,205,269,240.3,214.2,False,0.3384,1,0.0,1.0,clean,none
G:\GitHub\DiT\MCCD\MCCD\MCCD-Calligrapher\calligrapher_dataset\米芾\鄉-行-宋-米芾-128964.png,米芾,行,鄉,宋,128964,鄉-行-宋-米芾-128964.png,mccd_salvage,ok,202,177,231.4,176.1,False,0.5734,1,0.0,1.0,broken,too_solid
G:\GitHub\DiT\MCCD\MCCD\MCCD-Calligrapher\calligrapher_dataset\米芾\鄕-行-宋-米芾-129126.png,米芾,行,鄕,宋,129126,鄕-行-宋-米芾-129126.png,mccd_salvage,ok,202,177,231.4,176.1,False,0.5734,1,0.0,1.0,broken,too_solid
G:\GitHub\DiT\MCCD\MCCD\MCCD-Calligrapher\calligrapher_dataset\米芾\酒-行-宋-米芾-129937.png,米芾,行,酒,宋,129937,酒-行-宋-米芾-129937.png,mccd_salvage,ok,256,286,227.1,164.9,False,0.54,3,0.0,0.6212,clean,none
G:\GitHub\DiT\MCCD\MCCD\MCCD-Calligrapher\calligrapher_dataset\米芾\里-行-宋-米芾-131082.png,米芾,行,里,宋,131082,里-行-宋-米芾-131082.png,mccd_salvage,ok,173,225,225.4,187.4,False,0.4499,1,0.0,1.0,clean,none
G:\GitHub\DiT\MCCD\MCCD\MCCD-Calligrapher\calligrapher_dataset\米芾\霞-行-宋-米芾-142629.png,米芾,行,霞,宋,142629,霞-行-宋-米芾-142629.png,mccd_salvage,ok,157,185,239.4,185.6,False,0.4075,1,0.0,1.0,clean,none
G:\GitHub\DiT\MCCD\MCCD\MCCD-Calligrapher\calligrapher_dataset\米芾\靈-行-宋-米芾-143106.png,米芾,行,靈,宋,143106,靈-行-宋-米芾-143106.png,mccd_salvage,ok,169,228,222.4,190.3,False,0.4273,1,0.0,1.0,clean,none
G:\GitHub\DiT\MCCD\MCCD\MCCD-Calligrapher\calligrapher_dataset\米芾\靈-行-宋-米芾-143108.png,米芾,行,靈,宋,143108,靈-行-宋-米芾-143108.png,mccd_salvage,ok,180,276,229.3,193.3,False,0.3511,1,0.0,1.0,clean,none
G:\GitHub\DiT\MCCD\MCCD\MCCD-Calligrapher\calligrapher_dataset\米芾\面-行-宋-米芾-144070.png,米芾,行,面,宋,144070,面-行-宋-米芾-144070.png,mccd_salvage,ok,175,191,230.1,177.9,False,0.345,2,0.0,0.9778,clean,none
G:\GitHub\DiT\MCCD\MCCD\MCCD-Calligrapher\calligrapher_dataset\米芾\駮-行-宋-米芾-150670.png,米芾,行,駮,宋,150670,駮-行-宋-米芾-150670.png,mccd_salvage,ok,213,185,226.2,183.5,False,0.43,2,0.0,0.9523,clean,none
G:\GitHub\DiT\MCCD\MCCD\MCCD-Calligrapher\calligrapher_dataset\米芾\龍-行-宋-米芾-160836.png,米芾,行,龍,宋,160836,龍-行-宋-米芾-160836.png,mccd_salvage,ok,231,254,229.6,178.2,False,0.4931,1,0.0,1.0,clean,none
G:\GitHub\DiT\MCCD\MCCD\MCCD-Calligrapher\calligrapher_dataset\米芾\龍-行-宋-米芾-160837.png,米芾,行,龍,宋,160837,龍-行-宋-米芾-160837.png,mccd_salvage,ok,160,181,233.5,170.8,False,0.4639,1,0.0,1.0,clean,none
G:\GitHub\DiT\MCCD\MCCD\MCCD-Calligrapher\calligrapher_dataset\米芾\龍-行-宋-米芾-160840.png,米芾,行,龍,宋,160840,龍-行-宋-米芾-160840.png,mccd_salvage,ok,184,199,237.0,164.4,False,0.5019,1,0.0,1.0,clean,none
G:\GitHub\DiT\MCCD\MCCD\MCCD-Calligrapher\calligrapher_dataset\米芾\𦗟-行-宋-米芾-512.png,米芾,行,𦗟,宋,512,𦗟-行-宋-米芾-512.png,mccd_salvage,ok,246,262,232.2,194.6,False,0.4326,2,0.0,0.6145,clean,none
G:\GitHub\DiT\MCCD\MCCD\MCCD-Calligrapher\calligrapher_dataset\苏轼\不-行-宋-苏轼-3014.png,苏轼,行,不,宋,3014,不-行-宋-苏轼-3014.png,mccd_salvage,ok,251,177,235.8,206.1,False,0.4438,1,0.0,1.0,clean,none
G:\GitHub\DiT\MCCD\MCCD\MCCD-Calligrapher\calligrapher_dataset\苏轼\不-行-宋-苏轼-3021.png,苏轼,行,不,宋,3021,不-行-宋-苏轼-3021.png,mccd_salvage,ok,275,250,236.8,201.4,False,0.4686,1,0.0,1.0,clean,none
G:\GitHub\DiT\MCCD\MCCD\MCCD-Calligrapher\calligrapher_dataset\苏轼\主-楷-宋-苏轼-5258.png,苏轼,楷,主,宋,5258,主-楷-宋-苏轼-5258.png,mccd_salvage,ok,177,227,210.1,156.8,False,0.4635,2,0.0,0.8414,clean,none
G:\GitHub\DiT\MCCD\MCCD\MCCD-Calligrapher\calligrapher_dataset\苏轼\之-行-宋-苏轼-6946.png,苏轼,行,之,宋,6946,之-行-宋-苏轼-6946.png,mccd_salvage,ok,205,194,226.7,191.0,False,0.5318,2,0.0,0.8879,clean,none
G:\GitHub\DiT\MCCD\MCCD\MCCD-Calligrapher\calligrapher_dataset\苏轼\之-行-宋-苏轼-6955.png,苏轼,行,之,宋,6955,之-行-宋-苏轼-6955.png,mccd_salvage,ok,256,207,229.9,190.3,False,0.4361,2,0.0,0.8874,clean,none
G:\GitHub\DiT\MCCD\MCCD\MCCD-Calligrapher\calligrapher_dataset\苏轼\乎-楷-宋-苏轼-7406.png,苏轼,楷,乎,宋,7406,乎-楷-宋-苏轼-7406.png,mccd_salvage,ok,232,219,239.9,219.6,False,0.2691,2,0.0,0.8591,clean,none
G:\GitHub\DiT\MCCD\MCCD\MCCD-Calligrapher\calligrapher_dataset\苏轼\乎-行-宋-苏轼-7418.png,苏轼,行,乎,宋,7418,乎-行-宋-苏轼-7418.png,mccd_salvage,ok,235,235,228.7,207.8,False,0.3456,1,0.0,1.0,clean,none
G:\GitHub\DiT\MCCD\MCCD\MCCD-Calligrapher\calligrapher_dataset\苏轼\乎-行-宋-苏轼-7419.png,苏轼,行,乎,宋,7419,乎-行-宋-苏轼-7419.png,mccd_salvage,ok,208,219,239.1,220.9,False,0.2199,2,0.0,0.9424,clean,none
G:\GitHub\DiT\MCCD\MCCD\MCCD-Calligrapher\calligrapher_dataset\苏轼\争-行-宋-苏轼-9414.png,苏轼,行,争,宋,9414,争-行-宋-苏轼-9414.png,mccd_salvage,ok,171,252,228.2,186.8,False,0.4551,1,0.0,1.0,clean,none
G:\GitHub\DiT\MCCD\MCCD\MCCD-Calligrapher\calligrapher_dataset\苏轼\二-行-宋-苏轼-10283.png,苏轼,行,二,宋,10283,二-行-宋-苏轼-10283.png,mccd_salvage,ok,189,169,220.1,157.9,False,0.5086,2,0.0,0.5135,clean,none
G:\GitHub\DiT\MCCD\MCCD\MCCD-Calligrapher\calligrapher_dataset\苏轼\于-行-宋-苏轼-10532.png,苏轼,行,于,宋,10532,于-行-宋-苏轼-10532.png,mccd_salvage,ok,170,214,230.5,195.7,False,0.4287,1,0.0,1.0,clean,none
G:\GitHub\DiT\MCCD\MCCD\MCCD-Calligrapher\calligrapher_dataset\苏轼\云-行-宋-苏轼-10778.png,苏轼,行,云,宋,10778,云-行-宋-苏轼-10778.png,mccd_salvage,ok,173,165,225.2,185.4,False,0.4159,2,0.0,0.9004,clean,none
G:\GitHub\DiT\MCCD\MCCD\MCCD-Calligrapher\calligrapher_dataset\苏轼\付-行-宋-苏轼-15036.png,苏轼,行,付,宋,15036,付-行-宋-苏轼-15036.png,mccd_salvage,ok,176,204,227.6,196.5,False,0.4279,1,0.0,1.0,clean,none
G:\GitHub\DiT\MCCD\MCCD\MCCD-Calligrapher\calligrapher_dataset\苏轼\何-楷-宋-苏轼-17400.png,苏轼,楷,何,宋,17400,何-楷-宋-苏轼-17400.png,mccd_salvage,ok,259,160,234.4,183.9,False,0.3731,2,0.0,0.7782,clean,none
G:\GitHub\DiT\MCCD\MCCD\MCCD-Calligrapher\calligrapher_dataset\苏轼\何-行-宋-苏轼-17414.png,苏轼,行,何,宋,17414,何-行-宋-苏轼-17414.png,mccd_salvage,ok,281,203,221.0,242.1,False,0.1782,10,0.0065,0.417,clean,none
G:\GitHub\DiT\MCCD\MCCD\MCCD-Calligrapher\calligrapher_dataset\苏轼\何-行-宋-苏轼-17415.png,苏轼,行,何,宋,17415,何-行-宋-苏轼-17415.png,mccd_salvage,ok,248,192,229.7,221.4,False,0.1992,3,0.0,0.6694,clean,none
G:\GitHub\DiT\MCCD\MCCD\MCCD-Calligrapher\calligrapher_dataset\苏轼\作-行-宋-苏轼-17848.png,苏轼,行,作,宋,17848,作-行-宋-苏轼-17848.png,mccd_salvage,ok,156,180,235.5,179.3,False,0.4068,2,0.0,0.6415,clean,none
G:\GitHub\DiT\MCCD\MCCD\MCCD-Calligrapher\calligrapher_dataset\苏轼\作-行-宋-苏轼-17850.png,苏轼,行,作,宋,17850,作-行-宋-苏轼-17850.png,mccd_salvage,ok,202,175,225.0,174.0,False,0.4565,2,0.0,0.6473,clean,none
G:\GitHub\DiT\MCCD\MCCD\MCCD-Calligrapher\calligrapher_dataset\苏轼\來-行-宋-苏轼-18522.png,苏轼,行,來,宋,18522,來-行-宋-苏轼-18522.png,mccd_salvage,ok,176,208,226.9,202.8,False,0.377,1,0.0,1.0,clean,none
G:\GitHub\DiT\MCCD\MCCD\MCCD-Calligrapher\calligrapher_dataset\苏轼\便-行-宋-苏轼-19343.png,苏轼,行,便,宋,19343,便-行-宋-苏轼-19343.png,mccd_salvage,ok,257,144,214.2,189.0,False,0.3264,2,0.0,0.6971,clean,none
G:\GitHub\DiT\MCCD\MCCD\MCCD-Calligrapher\calligrapher_dataset\苏轼\俟-行-宋-苏轼-20001.png,苏轼,行,俟,宋,20001,俟-行-宋-苏轼-20001.png,mccd_salvage,ok,182,170,234.6,190.5,False,0.4453,2,0.0,0.5741,clean,none
G:\GitHub\DiT\MCCD\MCCD\MCCD-Calligrapher\calligrapher_dataset\苏轼\俱-行-宋-苏轼-20275.png,苏轼,行,俱,宋,20275,俱-行-宋-苏轼-20275.png,mccd_salvage,ok,264,238,231.6,221.8,False,0.2752,4,0.0,0.7252,clean,none
G:\GitHub\DiT\MCCD\MCCD\MCCD-Calligrapher\calligrapher_dataset\苏轼\兩-行-宋-苏轼-25941.png,苏轼,行,兩,宋,25941,兩-行-宋-苏轼-25941.png,mccd_salvage,ok,258,190,221.4,200.0,False,0.3098,5,0.002,0.9462,clean,none
G:\GitHub\DiT\MCCD\MCCD\MCCD-Calligrapher\calligrapher_dataset\苏轼\兮-行-宋-苏轼-26957.png,苏轼,行,兮,宋,26957,兮-行-宋-苏轼-26957.png,mccd_salvage,ok,159,227,234.6,191.8,False,0.4453,1,0.0,1.0,clean,none
G:\GitHub\DiT\MCCD\MCCD\MCCD-Calligrapher\calligrapher_dataset\苏轼\出-行-宋-苏轼-29979.png,苏轼,行,出,宋,29979,出-行-宋-苏轼-29979.png,mccd_salvage,ok,166,204,217.3,163.5,False,0.4958,1,0.0,1.0,clean,none
G:\GitHub\DiT\MCCD\MCCD\MCCD-Calligrapher\calligrapher_dataset\苏轼\分-行-宋-苏轼-30325.png,苏轼,行,分,宋,30325,分-行-宋-苏轼-30325.png,mccd_salvage,ok,156,159,229.6,196.3,False,0.3588,3,0.0,0.541,clean,none
G:\GitHub\DiT\MCCD\MCCD\MCCD-Calligrapher\calligrapher_dataset\苏轼\制-行-宋-苏轼-31458.png,苏轼,行,制,宋,31458,制-行-宋-苏轼-31458.png,mccd_salvage,ok,195,192,229.7,147.9,False,0.51,1,0.0,1.0,clean,none
G:\GitHub\DiT\MCCD\MCCD\MCCD-Calligrapher\calligrapher_dataset\苏轼\則-行-宋-苏轼-31838.png,苏轼,行,則,宋,31838,則-行-宋-苏轼-31838.png,mccd_salvage,ok,165,178,230.6,154.7,False,0.4338,1,0.0,1.0,clean,none
G:\GitHub\DiT\MCCD\MCCD\MCCD-Calligrapher\calligrapher_dataset\苏轼\前-行-宋-苏轼-32071.png,苏轼,行,前,宋,32071,前-行-宋-苏轼-32071.png,mccd_salvage,ok,174,200,232.3,172.2,False,0.4305,2,0.0003,0.9997,clean,none
G:\GitHub\DiT\MCCD\MCCD\MCCD-Calligrapher\calligrapher_dataset\苏轼\力-行-宋-苏轼-32880.png,苏轼,行,力,宋,32880,力-行-宋-苏轼-32880.png,mccd_salvage,ok,201,242,193.9,253.6,False,0.2673,5,0.001,0.8776,clean,none
G:\GitHub\DiT\MCCD\MCCD\MCCD-Calligrapher\calligrapher_dataset\苏轼\十-行-宋-苏轼-35862.png,苏轼,行,十,宋,35862,十-行-宋-苏轼-35862.png,mccd_salvage,ok,299,229,231.6,225.5,False,0.2897,3,0.0003,0.9747,clean,none
G:\GitHub\DiT\MCCD\MCCD\MCCD-Calligrapher\calligrapher_dataset\苏轼\十-行-宋-苏轼-35865.png,苏轼,行,十,宋,35865,十-行-宋-苏轼-35865.png,mccd_salvage,ok,227,187,231.8,221.6,False,0.2969,2,0.0,0.9823,clean,none
G:\GitHub\DiT\MCCD\MCCD\MCCD-Calligrapher\calligrapher_dataset\苏轼\十-行-宋-苏轼-35866.png,苏轼,行,十,宋,35866,十-行-宋-苏轼-35866.png,mccd_salvage,ok,244,225,245.0,224.0,False,0.2739,1,0.0,1.0,clean,none
G:\GitHub\DiT\MCCD\MCCD\MCCD-Calligrapher\calligrapher_dataset\苏轼\半-行-宋-苏轼-36533.png,苏轼,行,半,宋,36533,半-行-宋-苏轼-36533.png,mccd_salvage,ok,227,342,237.7,209.7,False,0.4675,1,0.0,1.0,clean,none
G:\GitHub\DiT\MCCD\MCCD\MCCD-Calligrapher\calligrapher_dataset\苏轼\卧-行-宋-苏轼-37474.png,苏轼,行,卧,宋,37474,卧-行-宋-苏轼-37474.png,mccd_salvage,ok,204,194,235.5,197.9,False,0.4427,2,0.0,0.6815,clean,none
G:\GitHub\DiT\MCCD\MCCD\MCCD-Calligrapher\calligrapher_dataset\苏轼\卧-行-宋-苏轼-37476.png,苏轼,行,卧,宋,37476,卧-行-宋-苏轼-37476.png,mccd_salvage,ok,246,219,232.6,198.3,False,0.2974,2,0.0,0.799,clean,none
G:\GitHub\DiT\MCCD\MCCD\MCCD-Calligrapher\calligrapher_dataset\苏轼\却-行-宋-苏轼-38181.png,苏轼,行,却,宋,38181,却-行-宋-苏轼-38181.png,mccd_salvage,ok,244,315,211.3,232.0,False,0.2571,5,0.0007,0.9413,clean,none
G:\GitHub\DiT\MCCD\MCCD\MCCD-Calligrapher\calligrapher_dataset\苏轼\友-行-宋-苏轼-40639.png,苏轼,行,友,宋,40639,友-行-宋-苏轼-40639.png,mccd_salvage,ok,239,257,229.3,193.4,False,0.4177,1,0.0,1.0,clean,none
G:\GitHub\DiT\MCCD\MCCD\MCCD-Calligrapher\calligrapher_dataset\苏轼\同-楷-宋-苏轼-44256.png,苏轼,楷,同,宋,44256,同-楷-宋-苏轼-44256.png,mccd_salvage,ok,215,201,213.7,126.6,False,0.4761,4,0.0,0.468,clean,none
G:\GitHub\DiT\MCCD\MCCD\MCCD-Calligrapher\calligrapher_dataset\苏轼\君-行-宋-苏轼-45235.png,苏轼,行,君,宋,45235,君-行-宋-苏轼-45235.png,mccd_salvage,ok,271,308,235.8,215.8,False,0.2441,2,0.0,0.9849,clean,none
G:\GitHub\DiT\MCCD\MCCD\MCCD-Calligrapher\calligrapher_dataset\苏轼\哀-行-宋-苏轼-48144.png,苏轼,行,哀,宋,48144,哀-行-宋-苏轼-48144.png,mccd_salvage,ok,196,228,227.1,195.7,False,0.4092,2,0.0,0.7375,clean,none
G:\GitHub\DiT\MCCD\MCCD\MCCD-Calligrapher\calligrapher_dataset\苏轼\商-行-宋-苏轼-49201.png,苏轼,行,商,宋,49201,商-行-宋-苏轼-49201.png,mccd_salvage,ok,226,339,229.8,178.9,False,0.339,3,0.0,0.8591,clean,none
G:\GitHub\DiT\MCCD\MCCD\MCCD-Calligrapher\calligrapher_dataset\苏轼\商-行-宋-苏轼-49203.png,苏轼,行,商,宋,49203,商-行-宋-苏轼-49203.png,mccd_salvage,ok,183,244,203.7,145.7,False,0.5396,2,0.0,0.7007,clean,none
G:\GitHub\DiT\MCCD\MCCD\MCCD-Calligrapher\calligrapher_dataset\苏轼\問-行-宋-苏轼-49303.png,苏轼,行,問,宋,49303,問-行-宋-苏轼-49303.png,mccd_salvage,ok,286,269,236.7,207.5,False,0.3756,2,0.0,0.988,clean,none
G:\GitHub\DiT\MCCD\MCCD\MCCD-Calligrapher\calligrapher_dataset\苏轼\嘻-行-宋-苏轼-51511.png,苏轼,行,嘻,宋,51511,嘻-行-宋-苏轼-51511.png,mccd_salvage,ok,278,294,239.8,201.0,False,0.4225,2,0.0,0.8581,clean,none
G:\GitHub\DiT\MCCD\MCCD\MCCD-Calligrapher\calligrapher_dataset\苏轼\囚-行-宋-苏轼-52481.png,苏轼,行,囚,宋,52481,囚-行-宋-苏轼-52481.png,mccd_salvage,ok,279,280,236.6,211.8,False,0.3883,2,0.0,0.989,clean,none
G:\GitHub\DiT\MCCD\MCCD\MCCD-Calligrapher\calligrapher_dataset\苏轼\四-行-宋-苏轼-52696.png,苏轼,行,四,宋,52696,四-行-宋-苏轼-52696.png,mccd_salvage,ok,259,130,221.1,160.7,False,0.5614,2,0.0011,0.9989,broken,too_solid
G:\GitHub\DiT\MCCD\MCCD\MCCD-Calligrapher\calligrapher_dataset\苏轼\在-楷-宋-苏轼-54258.png,苏轼,楷,在,宋,54258,在-楷-宋-苏轼-54258.png,mccd_salvage,ok,220,200,232.2,199.6,False,0.4717,1,0.0,1.0,clean,none
G:\GitHub\DiT\MCCD\MCCD\MCCD-Calligrapher\calligrapher_dataset\苏轼\在-行-宋-苏轼-54278.png,苏轼,行,在,宋,54278,在-行-宋-苏轼-54278.png,mccd_salvage,ok,234,214,232.0,196.5,False,0.5131,1,0.0,1.0,clean,none
G:\GitHub\DiT\MCCD\MCCD\MCCD-Calligrapher\calligrapher_dataset\苏轼\坐-楷-宋-苏轼-54704.png,苏轼,楷,坐,宋,54704,坐-楷-宋-苏轼-54704.png,mccd_salvage,ok,224,252,223.2,177.5,False,0.4422,2,0.0,0.8134,clean,none
G:\GitHub\DiT\MCCD\MCCD\MCCD-Calligrapher\calligrapher_dataset\苏轼\夀-行-宋-苏轼-58687.png,苏轼,行,夀,宋,58687,夀-行-宋-苏轼-58687.png,mccd_salvage,ok,268,358,217.4,242.8,False,0.2102,5,0.0,0.6202,clean,none
G:\GitHub\DiT\MCCD\MCCD\MCCD-Calligrapher\calligrapher_dataset\苏轼\夀-行-宋-苏轼-58692.png,苏轼,行,夀,宋,58692,夀-行-宋-苏轼-58692.png,mccd_salvage,ok,156,184,71.7,33.7,True,0.2776,3,0.0,0.787,inverted,inverted
G:\GitHub\DiT\MCCD\MCCD\MCCD-Calligrapher\calligrapher_dataset\苏轼\夀-行-宋-苏轼-58693.png,苏轼,行,夀,宋,58693,夀-行-宋-苏轼-58693.png,mccd_salvage,ok,242,242,238.2,219.1,False,0.3268,7,0.0019,0.8857,clean,none
G:\GitHub\DiT\MCCD\MCCD\MCCD-Calligrapher\calligrapher_dataset\苏轼\多-行-宋-苏轼-59650.png,苏轼,行,多,宋,59650,多-行-宋-苏轼-59650.png,mccd_salvage,ok,169,221,240.8,208.2,False,0.4174,2,0.0,0.8675,clean,none
G:\GitHub\DiT\MCCD\MCCD\MCCD-Calligrapher\calligrapher_dataset\苏轼\夜-行-宋-苏轼-59799.png,苏轼,行,夜,宋,59799,夜-行-宋-苏轼-59799.png,mccd_salvage,ok,198,236,236.8,211.2,False,0.3932,2,0.0,0.8902,clean,none
G:\GitHub\DiT\MCCD\MCCD\MCCD-Calligrapher\calligrapher_dataset\苏轼\夜-行-宋-苏轼-59800.png,苏轼,行,夜,宋,59800,夜-行-宋-苏轼-59800.png,mccd_salvage,ok,273,317,237.7,240.4,False,0.2033,4,0.0,0.8546,clean,none
G:\GitHub\DiT\MCCD\MCCD\MCCD-Calligrapher\calligrapher_dataset\苏轼\夜-行-宋-苏轼-59804.png,苏轼,行,夜,宋,59804,夜-行-宋-苏轼-59804.png,mccd_salvage,ok,277,242,236.7,214.4,False,0.4021,1,0.0,1.0,clean,none
G:\GitHub\DiT\MCCD\MCCD\MCCD-Calligrapher\calligrapher_dataset\苏轼\子-行-宋-苏轼-67879.png,苏轼,行,子,宋,67879,子-行-宋-苏轼-67879.png,mccd_salvage,ok,176,244,236.7,199.1,False,0.4313,1,0.0,1.0,clean,none
G:\GitHub\DiT\MCCD\MCCD\MCCD-Calligrapher\calligrapher_dataset\苏轼\子-行-宋-苏轼-67880.png,苏轼,行,子,宋,67880,子-行-宋-苏轼-67880.png,mccd_salvage,ok,197,207,233.7,193.3,False,0.4592,1,0.0,1.0,clean,none
G:\GitHub\DiT\MCCD\MCCD\MCCD-Calligrapher\calligrapher_dataset\苏轼\孝-楷-宋-苏轼-68458.png,苏轼,楷,孝,宋,68458,孝-楷-宋-苏轼-68458.png,mccd_salvage,ok,227,224,229.4,205.5,False,0.4162,1,0.0,1.0,clean,none
G:\GitHub\DiT\MCCD\MCCD\MCCD-Calligrapher\calligrapher_dataset\苏轼\安-行-宋-苏轼-70142.png,苏轼,行,安,宋,70142,安-行-宋-苏轼-70142.png,mccd_salvage,ok,239,188,240.2,214.1,False,0.3729,1,0.0,1.0,clean,none
G:\GitHub\DiT\MCCD\MCCD\MCCD-Calligrapher\calligrapher_dataset\苏轼\安-行-宋-苏轼-70143.png,苏轼,行,安,宋,70143,安-行-宋-苏轼-70143.png,mccd_salvage,ok,273,219,231.4,203.4,False,0.4558,1,0.0,1.0,clean,none
G:\GitHub\DiT\MCCD\MCCD\MCCD-Calligrapher\calligrapher_dataset\苏轼\定-行-宋-苏轼-71047.png,苏轼,行,定,宋,71047,定-行-宋-苏轼-71047.png,mccd_salvage,ok,222,144,222.5,164.9,False,0.3682,2,0.0,0.9498,clean,none
G:\GitHub\DiT\MCCD\MCCD\MCCD-Calligrapher\calligrapher_dataset\苏轼\宫-行-宋-苏轼-71938.png,苏轼,行,宫,宋,71938,宫-行-宋-苏轼-71938.png,mccd_salvage,ok,268,257,239.3,211.7,False,0.341,4,0.0,0.3596,clean,none
G:\GitHub\DiT\MCCD\MCCD\MCCD-Calligrapher\calligrapher_dataset\苏轼\宮-行-宋-苏轼-72135.png,苏轼,行,宮,宋,72135,宮-行-宋-苏轼-72135.png,mccd_salvage,ok,268,257,239.3,211.7,False,0.341,4,0.0,0.3596,clean,none
G:\GitHub\DiT\MCCD\MCCD\MCCD-Calligrapher\calligrapher_dataset\苏轼\宵-行-宋-苏轼-72422.png,苏轼,行,宵,宋,72422,宵-行-宋-苏轼-72422.png,mccd_salvage,ok,256,282,233.3,203.2,False,0.3899,2,0.0,0.9105,clean,none
G:\GitHub\DiT\MCCD\MCCD\MCCD-Calligrapher\calligrapher_dataset\苏轼\家-行-宋-苏轼-72576.png,苏轼,行,家,宋,72576,家-行-宋-苏轼-72576.png,mccd_salvage,ok,293,264,230.8,206.5,False,0.2757,14,0.0014,0.5295,clean,none
G:\GitHub\DiT\MCCD\MCCD\MCCD-Calligrapher\calligrapher_dataset\苏轼\家-行-宋-苏轼-72577.png,苏轼,行,家,宋,72577,家-行-宋-苏轼-72577.png,mccd_salvage,ok,253,217,241.0,225.5,False,0.1876,9,0.0015,0.5143,clean,none
G:\GitHub\DiT\MCCD\MCCD\MCCD-Calligrapher\calligrapher_dataset\苏轼\家-行-宋-苏轼-72578.png,苏轼,行,家,宋,72578,家-行-宋-苏轼-72578.png,mccd_salvage,ok,212,234,228.2,193.7,False,0.4102,1,0.0,1.0,clean,none
G:\GitHub\DiT\MCCD\MCCD\MCCD-Calligrapher\calligrapher_dataset\苏轼\容-行-宋-苏轼-72704.png,苏轼,行,容,宋,72704,容-行-宋-苏轼-72704.png,mccd_salvage,ok,264,249,223.1,192.0,False,0.4475,2,0.0,0.9107,clean,none
G:\GitHub\DiT\MCCD\MCCD\MCCD-Calligrapher\calligrapher_dataset\苏轼\寰-行-宋-苏轼-74557.png,苏轼,行,寰,宋,74557,寰-行-宋-苏轼-74557.png,mccd_salvage,ok,213,235,232.6,194.7,False,0.4336,2,0.0,0.7599,clean,none
G:\GitHub\DiT\MCCD\MCCD\MCCD-Calligrapher\calligrapher_dataset\苏轼\小-行-宋-苏轼-76241.png,苏轼,行,小,宋,76241,小-行-宋-苏轼-76241.png,mccd_salvage,ok,308,125,237.1,203.5,False,0.2234,5,0.0019,0.6993,clean,none
G:\GitHub\DiT\MCCD\MCCD\MCCD-Calligrapher\calligrapher_dataset\苏轼\小-行-宋-苏轼-76242.png,苏轼,行,小,宋,76242,小-行-宋-苏轼-76242.png,mccd_salvage,ok,241,122,228.9,190.6,False,0.3592,2,0.0,0.7228,clean,none
G:\GitHub\DiT\MCCD\MCCD\MCCD-Calligrapher\calligrapher_dataset\苏轼\小-行-宋-苏轼-76243.png,苏轼,行,小,宋,76243,小-行-宋-苏轼-76243.png,mccd_salvage,ok,280,126,231.2,199.8,False,0.2812,3,0.0,0.3751,clean,none
G:\GitHub\DiT\MCCD\MCCD\MCCD-Calligrapher\calligrapher_dataset\苏轼\尾-行-宋-苏轼-77868.png,苏轼,行,尾,宋,77868,尾-行-宋-苏轼-77868.png,mccd_salvage,ok,249,253,236.3,232.8,False,0.1952,3,0.0,0.5074,clean,none
G:\GitHub\DiT\MCCD\MCCD\MCCD-Calligrapher\calligrapher_dataset\苏轼\尾-行-宋-苏轼-77871.png,苏轼,行,尾,宋,77871,尾-行-宋-苏轼-77871.png,mccd_salvage,ok,280,249,234.0,229.3,False,0.1637,6,0.0016,0.5224,clean,none
G:\GitHub\DiT\MCCD\MCCD\MCCD-Calligrapher\calligrapher_dataset\苏轼\屋-行-宋-苏轼-78171.png,苏轼,行,屋,宋,78171,屋-行-宋-苏轼-78171.png,mccd_salvage,ok,200,192,228.9,177.4,False,0.4411,1,0.0,1.0,clean,none
G:\GitHub\DiT\MCCD\MCCD\MCCD-Calligrapher\calligrapher_dataset\苏轼\屋-行-宋-苏轼-78172.png,苏轼,行,屋,宋,78172,屋-行-宋-苏轼-78172.png,mccd_salvage,ok,211,261,235.7,197.0,False,0.4186,1,0.0,1.0,clean,none
G:\GitHub\DiT\MCCD\MCCD\MCCD-Calligrapher\calligrapher_dataset\苏轼\山-行-宋-苏轼-79144.png,苏轼,行,山,宋,79144,山-行-宋-苏轼-79144.png,mccd_salvage,ok,267,204,225.5,183.7,False,0.466,1,0.0,1.0,clean,none
G:\GitHub\DiT\MCCD\MCCD\MCCD-Calligrapher\calligrapher_dataset\苏轼\州-行-宋-苏轼-81226.png,苏轼,行,州,宋,81226,州-行-宋-苏轼-81226.png,mccd_salvage,ok,228,186,216.2,168.7,False,0.2431,6,0.0,0.4808,clean,none
G:\GitHub\DiT\MCCD\MCCD\MCCD-Calligrapher\calligrapher_dataset\苏轼\左-行-宋-苏轼-81749.png,苏轼,行,左,宋,81749,左-行-宋-苏轼-81749.png,mccd_salvage,ok,218,208,233.5,207.3,False,0.3401,2,0.0,0.6651,clean,none
G:\GitHub\DiT\MCCD\MCCD\MCCD-Calligrapher\calligrapher_dataset\苏轼\己-行-宋-苏轼-82232.png,苏轼,行,己,宋,82232,己-行-宋-苏轼-82232.png,mccd_salvage,ok,167,252,231.1,202.7,False,0.4338,1,0.0,1.0,clean,none
G:\GitHub\DiT\MCCD\MCCD\MCCD-Calligrapher\calligrapher_dataset\苏轼\巳-行-宋-苏轼-82524.png,苏轼,行,巳,宋,82524,巳-行-宋-苏轼-82524.png,mccd_salvage,ok,167,230,242.6,209.9,False,0.4502,1,0.0,1.0,clean,none
G:\GitHub\DiT\MCCD\MCCD\MCCD-Calligrapher\calligrapher_dataset\苏轼\巳-行-宋-苏轼-82526.png,苏轼,行,巳,宋,82526,巳-行-宋-苏轼-82526.png,mccd_salvage,ok,196,185,205.9,137.3,False,0.4681,1,0.0,1.0,clean,none
G:\GitHub\DiT\MCCD\MCCD\MCCD-Calligrapher\calligrapher_dataset\苏轼\帝-行-宋-苏轼-83525.png,苏轼,行,帝,宋,83525,帝-行-宋-苏轼-83525.png,mccd_salvage,ok,230,250,236.2,214.7,False,0.3716,1,0.0,1.0,clean,none
G:\GitHub\DiT\MCCD\MCCD\MCCD-Calligrapher\calligrapher_dataset\苏轼\平-楷-宋-苏轼-84706.png,苏轼,楷,平,宋,84706,平-楷-宋-苏轼-84706.png,mccd_salvage,ok,236,349,244.6,229.1,False,0.245,1,0.0,1.0,clean,none
G:\GitHub\DiT\MCCD\MCCD\MCCD-Calligrapher\calligrapher_dataset\苏轼\平-楷-宋-苏轼-84707.png,苏轼,楷,平,宋,84707,平-楷-宋-苏轼-84707.png,mccd_salvage,ok,185,189,237.0,217.4,False,0.355,1,0.0,1.0,clean,none
G:\GitHub\DiT\MCCD\MCCD\MCCD-Calligrapher\calligrapher_dataset\苏轼\幻-行-宋-苏轼-85609.png,苏轼,行,幻,宋,85609,幻-行-宋-苏轼-85609.png,mccd_salvage,ok,260,219,229.0,185.4,False,0.4539,1,0.0,1.0,clean,none
G:\GitHub\DiT\MCCD\MCCD\MCCD-Calligrapher\calligrapher_dataset\苏轼\幾-行-宋-苏轼-85807.png,苏轼,行,幾,宋,85807,幾-行-宋-苏轼-85807.png,mccd_salvage,ok,284,288,231.7,206.0,False,0.4066,1,0.0,1.0,clean,none
G:\GitHub\DiT\MCCD\MCCD\MCCD-Calligrapher\calligrapher_dataset\苏轼\弓-行-宋-苏轼-88740.png,苏轼,行,弓,宋,88740,弓-行-宋-苏轼-88740.png,mccd_salvage,ok,159,238,228.1,186.3,False,0.5042,1,0.0,1.0,clean,none
G:\GitHub\DiT\MCCD\MCCD\MCCD-Calligrapher\calligrapher_dataset\苏轼\弱-楷-宋-苏轼-89789.png,苏轼,楷,弱,宋,89789,弱-楷-宋-苏轼-89789.png,mccd_salvage,ok,245,293,153.8,153.6,False,0.512,102,0.0202,0.3974,clean,none
G:\GitHub\DiT\MCCD\MCCD\MCCD-Calligrapher\calligrapher_dataset\苏轼\弱-行-宋-苏轼-89795.png,苏轼,行,弱,宋,89795,弱-行-宋-苏轼-89795.png,mccd_salvage,ok,277,264,226.4,207.9,False,0.2537,11,0.0012,0.6238,clean,none
G:\GitHub\DiT\MCCD\MCCD\MCCD-Calligrapher\calligrapher_dataset\苏轼\從-行-宋-苏轼-93731.png,苏轼,行,從,宋,93731,從-行-宋-苏轼-93731.png,mccd_salvage,ok,262,281,234.2,195.4,False,0.4723,1,0.0,1.0,clean,none
G:\GitHub\DiT\MCCD\MCCD\MCCD-Calligrapher\calligrapher_dataset\苏轼\必-楷-宋-苏轼-95379.png,苏轼,楷,必,宋,95379,必-楷-宋-苏轼-95379.png,mccd_salvage,ok,241,157,219.9,183.5,False,0.4209,10,0.0015,0.9628,clean,none
G:\GitHub\DiT\MCCD\MCCD\MCCD-Calligrapher\calligrapher_dataset\苏轼\思-行-宋-苏轼-96580.png,苏轼,行,思,宋,96580,思-行-宋-苏轼-96580.png,mccd_salvage,ok,283,261,207.1,239.0,False,0.2362,15,0.0032,0.4109,clean,none
G:\GitHub\DiT\MCCD\MCCD\MCCD-Calligrapher\calligrapher_dataset\苏轼\恐-行-宋-苏轼-97110.png,苏轼,行,恐,宋,97110,恐-行-宋-苏轼-97110.png,mccd_salvage,ok,254,232,241.0,227.1,False,0.2141,4,0.0,0.8483,clean,none
G:\GitHub\DiT\MCCD\MCCD\MCCD-Calligrapher\calligrapher_dataset\苏轼\悚-行-宋-苏轼-98161.png,苏轼,行,悚,宋,98161,悚-行-宋-苏轼-98161.png,mccd_salvage,ok,249,217,232.9,203.6,False,0.4352,2,0.0,0.6026,clean,none
G:\GitHub\DiT\MCCD\MCCD\MCCD-Calligrapher\calligrapher_dataset\苏轼\情-行-宋-苏轼-98694.png,苏轼,行,情,宋,98694,情-行-宋-苏轼-98694.png,mccd_salvage,ok,227,254,231.0,203.6,False,0.4479,1,0.0,1.0,clean,none
G:\GitHub\DiT\MCCD\MCCD\MCCD-Calligrapher\calligrapher_dataset\苏轼\惟-楷-宋-苏轼-99023.png,苏轼,楷,惟,宋,99023,惟-楷-宋-苏轼-99023.png,mccd_salvage,ok,231,226,228.4,192.4,False,0.4846,1,0.0,1.0,clean,none
G:\GitHub\DiT\MCCD\MCCD\MCCD-Calligrapher\calligrapher_dataset\苏轼\愁-行-宋-苏轼-99522.png,苏轼,行,愁,宋,99522,愁-行-宋-苏轼-99522.png,mccd_salvage,ok,266,236,232.9,179.3,False,0.5334,1,0.0,1.0,clean,none
G:\GitHub\DiT\MCCD\MCCD\MCCD-Calligrapher\calligrapher_dataset\苏轼\愕-行-宋-苏轼-99795.png,苏轼,行,愕,宋,99795,愕-行-宋-苏轼-99795.png,mccd_salvage,ok,230,237,226.2,180.6,False,0.4567,1,0.0,1.0,clean,none
G:\GitHub\DiT\MCCD\MCCD\MCCD-Calligrapher\calligrapher_dataset\苏轼\慰-行-宋-苏轼-100820.png,苏轼,行,慰,宋,100820,慰-行-宋-苏轼-100820.png,mccd_salvage,ok,261,211,235.7,191.3,False,0.4493,1,0.0,1.0,clean,none
G:\GitHub\DiT\MCCD\MCCD\MCCD-Calligrapher\calligrapher_dataset\苏轼\或-行-宋-苏轼-2515.png,苏轼,行,或,宋,2515,或-行-宋-苏轼-2515.png,mccd_salvage,ok,237,238,236.4,220.0,False,0.4092,2,0.0,0.9552,clean,none
G:\GitHub\DiT\MCCD\MCCD\MCCD-Calligrapher\calligrapher_dataset\苏轼\手-行-宋-苏轼-3961.png,苏轼,行,手,宋,3961,手-行-宋-苏轼-3961.png,mccd_salvage,ok,236,304,219.0,193.5,False,0.3523,2,0.0,0.9947,clean,none
G:\GitHub\DiT\MCCD\MCCD\MCCD-Calligrapher\calligrapher_dataset\苏轼\挂-行-宋-苏轼-5948.png,苏轼,行,挂,宋,5948,挂-行-宋-苏轼-5948.png,mccd_salvage,ok,263,273,233.5,200.1,False,0.4416,1,0.0,1.0,clean,none
G:\GitHub\DiT\MCCD\MCCD\MCCD-Calligrapher\calligrapher_dataset\苏轼\挂-行-宋-苏轼-5949.png,苏轼,行,挂,宋,5949,挂-行-宋-苏轼-5949.png,mccd_salvage,ok,271,218,234.1,198.4,False,0.4609,2,0.0,0.9578,clean,none
G:\GitHub\DiT\MCCD\MCCD\MCCD-Calligrapher\calligrapher_dataset\苏轼\於-行-宋-苏轼-6001.png,苏轼,行,於,宋,6001,於-行-宋-苏轼-6001.png,mccd_salvage,ok,231,202,232.1,199.5,False,0.3998,2,0.0,0.5753,clean,none
G:\GitHub\DiT\MCCD\MCCD\MCCD-Calligrapher\calligrapher_dataset\苏轼\於-行-宋-苏轼-6003.png,苏轼,行,於,宋,6003,於-行-宋-苏轼-6003.png,mccd_salvage,ok,257,229,237.5,211.3,False,0.4249,2,0.0,0.5007,clean,none
G:\GitHub\DiT\MCCD\MCCD\MCCD-Calligrapher\calligrapher_dataset\苏轼\星-行-宋-苏轼-2877.png,苏轼,行,星,宋,2877,星-行-宋-苏轼-2877.png,mccd_salvage,ok,186,269,227.8,170.4,False,0.5517,1,0.0,1.0,broken,too_solid
G:\GitHub\DiT\MCCD\MCCD\MCCD-Calligrapher\calligrapher_dataset\苏轼\星-行-宋-苏轼-2878.png,苏轼,行,星,宋,2878,星-行-宋-苏轼-2878.png,mccd_salvage,ok,181,258,215.6,157.2,False,0.5838,1,0.0,1.0,broken,too_solid
G:\GitHub\DiT\MCCD\MCCD\MCCD-Calligrapher\calligrapher_dataset\苏轼\春-行-宋-苏轼-3037.png,苏轼,行,春,宋,3037,春-行-宋-苏轼-3037.png,mccd_salvage,ok,271,249,232.7,209.4,False,0.3726,1,0.0,1.0,clean,none
G:\GitHub\DiT\MCCD\MCCD\MCCD-Calligrapher\calligrapher_dataset\苏轼\曰-行-宋-苏轼-6211.png,苏轼,行,曰,宋,6211,曰-行-宋-苏轼-6211.png,mccd_salvage,ok,205,194,228.7,172.1,False,0.5179,3,0.0004,0.9996,clean,none
G:\GitHub\DiT\MCCD\MCCD\MCCD-Calligrapher\calligrapher_dataset\苏轼\月-楷-宋-苏轼-7766.png,苏轼,楷,月,宋,7766,月-楷-宋-苏轼-7766.png,mccd_salvage,ok,193,282,237.2,167.7,False,0.4109,1,0.0,1.0,clean,none
G:\GitHub\DiT\MCCD\MCCD\MCCD-Calligrapher\calligrapher_dataset\苏轼\月-行-宋-苏轼-7787.png,苏轼,行,月,宋,7787,月-行-宋-苏轼-7787.png,mccd_salvage,ok,195,287,236.4,172.0,False,0.3971,3,0.0,0.7321,clean,none
G:\GitHub\DiT\MCCD\MCCD\MCCD-Calligrapher\calligrapher_dataset\苏轼\朋-楷-宋-苏轼-8247.png,苏轼,楷,朋,宋,8247,朋-楷-宋-苏轼-8247.png,mccd_salvage,ok,270,227,236.0,211.1,False,0.3474,1,0.0,1.0,clean,none
G:\GitHub\DiT\MCCD\MCCD\MCCD-Calligrapher\calligrapher_dataset\苏轼\朋-行-宋-苏轼-8249.png,苏轼,行,朋,宋,8249,朋-行-宋-苏轼-8249.png,mccd_salvage,ok,275,180,230.9,216.3,False,0.2174,5,0.0,0.41,clean,none
G:\GitHub\DiT\MCCD\MCCD\MCCD-Calligrapher\calligrapher_dataset\苏轼\朋-行-宋-苏轼-8250.png,苏轼,行,朋,宋,8250,朋-行-宋-苏轼-8250.png,mccd_salvage,ok,244,243,234.9,204.8,False,0.3826,2,0.0,0.7065,clean,none
G:\GitHub\DiT\MCCD\MCCD\MCCD-Calligrapher\calligrapher_dataset\苏轼\望-行-宋-苏轼-8857.png,苏轼,行,望,宋,8857,望-行-宋-苏轼-8857.png,mccd_salvage,ok,214,239,231.4,182.2,False,0.4791,2,0.0,0.9367,clean,none
G:\GitHub\DiT\MCCD\MCCD\MCCD-Calligrapher\calligrapher_dataset\苏轼\木-行-宋-苏轼-9289.png,苏轼,行,木,宋,9289,木-行-宋-苏轼-9289.png,mccd_salvage,ok,255,200,237.1,216.8,False,0.3401,1,0.0,1.0,clean,none
G:\GitHub\DiT\MCCD\MCCD\MCCD-Calligrapher\calligrapher_dataset\苏轼\未-楷-宋-苏轼-9547.png,苏轼,楷,未,宋,9547,未-楷-宋-苏轼-9547.png,mccd_salvage,ok,160,208,233.9,211.5,False,0.3545,1,0.0,1.0,clean,none
G:\GitHub\DiT\MCCD\MCCD\MCCD-Calligrapher\calligrapher_dataset\苏轼\未-行-宋-苏轼-9562.png,苏轼,行,未,宋,9562,未-行-宋-苏轼-9562.png,mccd_salvage,ok,183,249,230.4,205.8,False,0.4049,1,0.0,1.0,clean,none
G:\GitHub\DiT\MCCD\MCCD\MCCD-Calligrapher\calligrapher_dataset\苏轼\東-行-宋-苏轼-10848.png,苏轼,行,東,宋,10848,東-行-宋-苏轼-10848.png,mccd_salvage,ok,222,265,236.4,209.2,False,0.4464,1,0.0,1.0,clean,none
G:\GitHub\DiT\MCCD\MCCD\MCCD-Calligrapher\calligrapher_dataset\苏轼\松-行-宋-苏轼-11083.png,苏轼,行,松,宋,11083,松-行-宋-苏轼-11083.png,mccd_salvage,ok,255,178,236.8,203.3,False,0.4714,2,0.0,0.5625,clean,none
G:\GitHub\DiT\MCCD\MCCD\MCCD-Calligrapher\calligrapher_dataset\苏轼\枋-行-宋-苏轼-11209.png,苏轼,行,枋,宋,11209,枋-行-宋-苏轼-11209.png,mccd_salvage,ok,213,184,231.9,177.9,False,0.5076,1,0.0,1.0,clean,none
G:\GitHub\DiT\MCCD\MCCD\MCCD-Calligrapher\calligrapher_dataset\苏轼\柑-行-宋-苏轼-11980.png,苏轼,行,柑,宋,11980,柑-行-宋-苏轼-11980.png,mccd_salvage,ok,216,164,234.9,197.6,False,0.4904,1,0.0,1.0,clean,none
G:\GitHub\DiT\MCCD\MCCD\MCCD-Calligrapher\calligrapher_dataset\苏轼\桂-行-宋-苏轼-12951.png,苏轼,行,桂,宋,12951,桂-行-宋-苏轼-12951.png,mccd_salvage,ok,231,225,234.4,199.1,False,0.4493,1,0.0,1.0,clean,none
G:\GitHub\DiT\MCCD\MCCD\MCCD-Calligrapher\calligrapher_dataset\苏轼\棗-行-宋-苏轼-14020.png,苏轼,行,棗,宋,14020,棗-行-宋-苏轼-14020.png,mccd_salvage,ok,218,283,240.1,210.6,False,0.4168,1,0.0,1.0,clean,none
G:\GitHub\DiT\MCCD\MCCD\MCCD-Calligrapher\calligrapher_dataset\苏轼\棘-行-宋-苏轼-14048.png,苏轼,行,棘,宋,14048,棘-行-宋-苏轼-14048.png,mccd_salvage,ok,231,223,237.2,210.5,False,0.3377,2,0.0,0.5218,clean,none
G:\GitHub\DiT\MCCD\MCCD\MCCD-Calligrapher\calligrapher_dataset\苏轼\構-行-宋-苏轼-15930.png,苏轼,行,構,宋,15930,構-行-宋-苏轼-15930.png,mccd_salvage,ok,271,273,232.9,208.0,False,0.5025,2,0.0,0.702,clean,none
G:\GitHub\DiT\MCCD\MCCD\MCCD-Calligrapher\calligrapher_dataset\苏轼\樽-行-宋-苏轼-16868.png,苏轼,行,樽,宋,16868,樽-行-宋-苏轼-16868.png,mccd_salvage,ok,261,300,228.7,213.2,False,0.3515,4,0.0001,0.6125,clean,none
G:\GitHub\DiT\MCCD\MCCD\MCCD-Calligrapher\calligrapher_dataset\苏轼\樽-行-宋-苏轼-16869.png,苏轼,行,樽,宋,16869,樽-行-宋-苏轼-16869.png,mccd_salvage,ok,255,265,236.3,213.3,False,0.4642,2,0.0,0.6407,clean,none
G:\GitHub\DiT\MCCD\MCCD\MCCD-Calligrapher\calligrapher_dataset\苏轼\歸-行-宋-苏轼-20609.png,苏轼,行,歸,宋,20609,歸-行-宋-苏轼-20609.png,mccd_salvage,ok,256,299,241.1,202.8,False,0.4426,1,0.0,1.0,clean,none
G:\GitHub\DiT\MCCD\MCCD\MCCD-Calligrapher\calligrapher_dataset\苏轼\毛-楷-宋-苏轼-22988.png,苏轼,楷,毛,宋,22988,毛-楷-宋-苏轼-22988.png,mccd_salvage,ok,196,125,202.9,170.4,False,0.3688,1,0.0,1.0,clean,none
G:\GitHub\DiT\MCCD\MCCD\MCCD-Calligrapher\calligrapher_dataset\苏轼\汙-行-宋-苏轼-25122.png,苏轼,行,汙,宋,25122,汙-行-宋-苏轼-25122.png,mccd_salvage,ok,211,234,229.2,180.1,False,0.4401,4,0.0,0.8207,clean,none
G:\GitHub\DiT\MCCD\MCCD\MCCD-Calligrapher\calligrapher_dataset\苏轼\江-行-宋-苏轼-25304.png,苏轼,行,江,宋,25304,江-行-宋-苏轼-25304.png,mccd_salvage,ok,235,199,229.7,183.7,False,0.4,2,0.0,0.8984,clean,none
G:\GitHub\DiT\MCCD\MCCD\MCCD-Calligrapher\calligrapher_dataset\苏轼\江-行-宋-苏轼-25305.png,苏轼,行,江,宋,25305,江-行-宋-苏轼-25305.png,mccd_salvage,ok,245,195,233.9,196.3,False,0.3566,4,0.0,0.6671,clean,none
G:\GitHub\DiT\MCCD\MCCD\MCCD-Calligrapher\calligrapher_dataset\苏轼\池-行-宋-苏轼-25370.png,苏轼,行,池,宋,25370,池-行-宋-苏轼-25370.png,mccd_salvage,ok,258,180,235.7,212.2,False,0.4278,3,0.0,0.9247,clean,none
G:\GitHub\DiT\MCCD\MCCD\MCCD-Calligrapher\calligrapher_dataset\苏轼\法-行-宋-苏轼-26856.png,苏轼,行,法,宋,26856,法-行-宋-苏轼-26856.png,mccd_salvage,ok,215,242,232.6,194.4,False,0.4341,2,0.0,0.9455,clean,none
G:\GitHub\DiT\MCCD\MCCD\MCCD-Calligrapher\calligrapher_dataset\苏轼\流-行-宋-苏轼-28069.png,苏轼,行,流,宋,28069,流-行-宋-苏轼-28069.png,mccd_salvage,ok,238,180,232.1,168.1,False,0.468,4,0.0,0.7602,clean,none
G:\GitHub\DiT\MCCD\MCCD\MCCD-Calligrapher\calligrapher_dataset\苏轼\海-行-宋-苏轼-28510.png,苏轼,行,海,宋,28510,海-行-宋-苏轼-28510.png,mccd_salvage,ok,184,229,229.6,161.8,False,0.4707,1,0.0,1.0,clean,none
G:\GitHub\DiT\MCCD\MCCD\MCCD-Calligrapher\calligrapher_dataset\苏轼\涯-行-宋-苏轼-28997.png,苏轼,行,涯,宋,28997,涯-行-宋-苏轼-28997.png,mccd_salvage,ok,231,212,207.8,144.9,False,0.5457,2,0.0,0.9543,clean,none
G:\GitHub\DiT\MCCD\MCCD\MCCD-Calligrapher\calligrapher_dataset\苏轼\涼-行-宋-苏轼-29119.png,苏轼,行,涼,宋,29119,涼-行-宋-苏轼-29119.png,mccd_salvage,ok,234,209,234.6,183.8,False,0.4122,4,0.0,0.7502,clean,none
G:\GitHub\DiT\MCCD\MCCD\MCCD-Calligrapher\calligrapher_dataset\苏轼\游-行-宋-苏轼-30890.png,苏轼,行,游,宋,30890,游-行-宋-苏轼-30890.png,mccd_salvage,ok,250,258,237.1,211.2,False,0.4749,2,0.0,0.9637,clean,none
G:\GitHub\DiT\MCCD\MCCD\MCCD-Calligrapher\calligrapher_dataset\苏轼\溪-行-宋-苏轼-31679.png,苏轼,行,溪,宋,31679,溪-行-宋-苏轼-31679.png,mccd_salvage,ok,225,258,213.1,164.6,False,0.4701,3,0.0,0.6074,clean,none
G:\GitHub\DiT\MCCD\MCCD\MCCD-Calligrapher\calligrapher_dataset\苏轼\溪-行-宋-苏轼-31683.png,苏轼,行,溪,宋,31683,溪-行-宋-苏轼-31683.png,mccd_salvage,ok,182,208,227.0,185.8,False,0.4118,5,0.0,0.7166,clean,none
G:\GitHub\DiT\MCCD\MCCD\MCCD-Calligrapher\calligrapher_dataset\苏轼\漲-行-宋-苏轼-32812.png,苏轼,行,漲,宋,32812,漲-行-宋-苏轼-32812.png,mccd_salvage,ok,290,221,231.9,195.4,False,0.2592,7,0.0004,0.643,clean,none
G:\GitHub\DiT\MCCD\MCCD\MCCD-Calligrapher\calligrapher_dataset\苏轼\潸-行-宋-苏轼-33334.png,苏轼,行,潸,宋,33334,潸-行-宋-苏轼-33334.png,mccd_salvage,ok,220,205,235.3,207.2,False,0.3822,4,0.0,0.8864,clean,none
G:\GitHub\DiT\MCCD\MCCD\MCCD-Calligrapher\calligrapher_dataset\苏轼\潺-行-宋-苏轼-33347.png,苏轼,行,潺,宋,33347,潺-行-宋-苏轼-33347.png,mccd_salvage,ok,207,219,236.6,204.4,False,0.5045,3,0.0,0.8623,clean,none
G:\GitHub\DiT\MCCD\MCCD\MCCD-Calligrapher\calligrapher_dataset\苏轼\濤-行-宋-苏轼-34136.png,苏轼,行,濤,宋,34136,濤-行-宋-苏轼-34136.png,mccd_salvage,ok,209,216,230.3,189.2,False,0.4883,3,0.0,0.9602,clean,none
G:\GitHub\DiT\MCCD\MCCD\MCCD-Calligrapher\calligrapher_dataset\苏轼\灰-行-宋-苏轼-35032.png,苏轼,行,灰,宋,35032,灰-行-宋-苏轼-35032.png,mccd_salvage,ok,211,190,236.7,211.0,False,0.3585,1,0.0,1.0,clean,none
G:\GitHub\DiT\MCCD\MCCD\MCCD-Calligrapher\calligrapher_dataset\苏轼\然-行-宋-苏轼-37407.png,苏轼,行,然,宋,37407,然-行-宋-苏轼-37407.png,mccd_salvage,ok,251,213,220.0,155.6,False,0.4912,3,0.0,0.714,clean,none
G:\GitHub\DiT\MCCD\MCCD\MCCD-Calligrapher\calligrapher_dataset\苏轼\燼-行-宋-苏轼-38775.png,苏轼,行,燼,宋,38775,燼-行-宋-苏轼-38775.png,mccd_salvage,ok,238,229,224.4,176.3,False,0.4878,2,0.0,0.6975,clean,none
G:\GitHub\DiT\MCCD\MCCD\MCCD-Calligrapher\calligrapher_dataset\苏轼\爭-行-宋-苏轼-39052.png,苏轼,行,爭,宋,39052,爭-行-宋-苏轼-39052.png,mccd_salvage,ok,171,252,228.2,186.8,False,0.4551,1,0.0,1.0,clean,none
G:\GitHub\DiT\MCCD\MCCD\MCCD-Calligrapher\calligrapher_dataset\苏轼\牙-行-宋-苏轼-40719.png,苏轼,行,牙,宋,40719,牙-行-宋-苏轼-40719.png,mccd_salvage,ok,182,248,229.2,189.7,False,0.4713,1,0.0,1.0,clean,none
G:\GitHub\DiT\MCCD\MCCD\MCCD-Calligrapher\calligrapher_dataset\苏轼\猱-行-宋-苏轼-42636.png,苏轼,行,猱,宋,42636,猱-行-宋-苏轼-42636.png,mccd_salvage,ok,261,247,235.9,211.6,False,0.4791,2,0.0,0.5934,clean,none
G:\GitHub\DiT\MCCD\MCCD\MCCD-Calligrapher\calligrapher_dataset\苏轼\獲-行-宋-苏轼-43248.png,苏轼,行,獲,宋,43248,獲-行-宋-苏轼-43248.png,mccd_salvage,ok,175,213,223.2,156.2,False,0.5934,1,0.0,1.0,broken,too_solid
G:\GitHub\DiT\MCCD\MCCD\MCCD-Calligrapher\calligrapher_dataset\苏轼\玉-行-宋-苏轼-43956.png,苏轼,行,玉,宋,43956,玉-行-宋-苏轼-43956.png,mccd_salvage,ok,231,219,229.9,197.0,False,0.366,2,0.0,0.9154,clean,none
G:\GitHub\DiT\MCCD\MCCD\MCCD-Calligrapher\calligrapher_dataset\苏轼\班-行-宋-苏轼-45032.png,苏轼,行,班,宋,45032,班-行-宋-苏轼-45032.png,mccd_salvage,ok,261,195,234.0,181.8,False,0.4912,2,0.0,0.6681,clean,none
G:\GitHub\DiT\MCCD\MCCD\MCCD-Calligrapher\calligrapher_dataset\苏轼\瑟-行-宋-苏轼-45737.png,苏轼,行,瑟,宋,45737,瑟-行-宋-苏轼-45737.png,mccd_salvage,ok,221,232,235.6,199.6,False,0.5215,1,0.0,1.0,clean,none
G:\GitHub\DiT\MCCD\MCCD\MCCD-Calligrapher\calligrapher_dataset\苏轼\甚-行-宋-苏轼-47084.png,苏轼,行,甚,宋,47084,甚-行-宋-苏轼-47084.png,mccd_salvage,ok,225,262,222.4,195.6,False,0.4026,1,0.0,1.0,clean,none
G:\GitHub\DiT\MCCD\MCCD\MCCD-Calligrapher\calligrapher_dataset\苏轼\甚-行-宋-苏轼-47086.png,苏轼,行,甚,宋,47086,甚-行-宋-苏轼-47086.png,mccd_salvage,ok,216,259,228.9,201.0,False,0.431,1,0.0,1.0,clean,none
G:\GitHub\DiT\MCCD\MCCD\MCCD-Calligrapher\calligrapher_dataset\苏轼\生-行-宋-苏轼-47519.png,苏轼,行,生,宋,47519,生-行-宋-苏轼-47519.png,mccd_salvage,ok,193,218,224.3,162.5,False,0.4947,1,0.0,1.0,clean,none
G:\GitHub\DiT\MCCD\MCCD\MCCD-Calligrapher\calligrapher_dataset\苏轼\畏-行-宋-苏轼-49320.png,苏轼,行,畏,宋,49320,畏-行-宋-苏轼-49320.png,mccd_salvage,ok,265,268,226.5,201.6,False,0.4413,1,0.0,1.0,clean,none
G:\GitHub\DiT\MCCD\MCCD\MCCD-Calligrapher\calligrapher_dataset\苏轼\痺-行-宋-苏轼-51704.png,苏轼,行,痺,宋,51704,痺-行-宋-苏轼-51704.png,mccd_salvage,ok,232,280,237.1,199.3,False,0.5269,1,0.0,1.0,clean,none
G:\GitHub\DiT\MCCD\MCCD\MCCD-Calligrapher\calligrapher_dataset\苏轼\白-行-宋-苏轼-53108.png,苏轼,行,白,宋,53108,白-行-宋-苏轼-53108.png,mccd_salvage,ok,201,277,220.9,138.9,False,0.6271,1,0.0,1.0,broken,too_solid
G:\GitHub\DiT\MCCD\MCCD\MCCD-Calligrapher\calligrapher_dataset\苏轼\矣-行-宋-苏轼-58538.png,苏轼,行,矣,宋,58538,矣-行-宋-苏轼-58538.png,mccd_salvage,ok,202,224,232.7,204.2,False,0.3869,2,0.0,0.8811,clean,none
G:\GitHub\DiT\MCCD\MCCD\MCCD-Calligrapher\calligrapher_dataset\苏轼\知-行-宋-苏轼-58673.png,苏轼,行,知,宋,58673,知-行-宋-苏轼-58673.png,mccd_salvage,ok,245,199,236.0,209.7,False,0.4315,1,0.0,1.0,clean,none
G:\GitHub\DiT\MCCD\MCCD\MCCD-Calligrapher\calligrapher_dataset\苏轼\石-行-宋-苏轼-59096.png,苏轼,行,石,宋,59096,石-行-宋-苏轼-59096.png,mccd_salvage,ok,210,201,235.2,203.7,False,0.3639,1,0.0,1.0,clean,none
G:\GitHub\DiT\MCCD\MCCD\MCCD-Calligrapher\calligrapher_dataset\苏轼\破-行-宋-苏轼-59387.png,苏轼,行,破,宋,59387,破-行-宋-苏轼-59387.png,mccd_salvage,ok,282,174,240.8,228.3,False,0.2192,4,0.0,0.6185,clean,none
G:\GitHub\DiT\MCCD\MCCD\MCCD-Calligrapher\calligrapher_dataset\苏轼\禾-行-宋-苏轼-62866.png,苏轼,行,禾,宋,62866,禾-行-宋-苏轼-62866.png,mccd_salvage,ok,250,207,236.3,211.7,False,0.3506,1,0.0,1.0,clean,none
G:\GitHub\DiT\MCCD\MCCD\MCCD-Calligrapher\calligrapher_dataset\苏轼\立-楷-宋-苏轼-66162.png,苏轼,楷,立,宋,66162,立-楷-宋-苏轼-66162.png,mccd_salvage,ok,213,272,234.9,187.0,False,0.4597,2,0.0,0.5935,clean,none
G:\GitHub\DiT\MCCD\MCCD\MCCD-Calligrapher\calligrapher_dataset\苏轼\立-行-宋-苏轼-66174.png,苏轼,行,立,宋,66174,立-行-宋-苏轼-66174.png,mccd_salvage,ok,179,224,231.6,174.3,False,0.4936,1,0.0,1.0,clean,none
G:\GitHub\DiT\MCCD\MCCD\MCCD-Calligrapher\calligrapher_dataset\苏轼\竹-行-宋-苏轼-66956.png,苏轼,行,竹,宋,66956,竹-行-宋-苏轼-66956.png,mccd_salvage,ok,266,256,215.2,196.2,False,0.4875,13,0.0003,0.7921,clean,none
G:\GitHub\DiT\MCCD\MCCD\MCCD-Calligrapher\calligrapher_dataset\苏轼\篤-行-宋-苏轼-68830.png,苏轼,行,篤,宋,68830,篤-行-宋-苏轼-68830.png,mccd_salvage,ok,164,205,224.1,175.4,False,0.4368,1,0.0,1.0,clean,none
G:\GitHub\DiT\MCCD\MCCD\MCCD-Calligrapher\calligrapher_dataset\苏轼\糾-行-宋-苏轼-70543.png,苏轼,行,糾,宋,70543,糾-行-宋-苏轼-70543.png,mccd_salvage,ok,215,203,222.3,150.2,False,0.4937,2,0.0,0.9951,clean,none
G:\GitHub\DiT\MCCD\MCCD\MCCD-Calligrapher\calligrapher_dataset\苏轼\紜-行-宋-苏轼-71183.png,苏轼,行,紜,宋,71183,紜-行-宋-苏轼-71183.png,mccd_salvage,ok,216,172,238.7,191.2,False,0.4772,1,0.0,1.0,clean,none
G:\GitHub\DiT\MCCD\MCCD\MCCD-Calligrapher\calligrapher_dataset\苏轼\紫-行-宋-苏轼-71611.png,苏轼,行,紫,宋,71611,紫-行-宋-苏轼-71611.png,mccd_salvage,ok,237,238,227.9,201.0,False,0.4656,1,0.0,1.0,clean,none
G:\GitHub\DiT\MCCD\MCCD\MCCD-Calligrapher\calligrapher_dataset\苏轼\紹-行-宋-苏轼-71821.png,苏轼,行,紹,宋,71821,紹-行-宋-苏轼-71821.png,mccd_salvage,ok,221,224,231.1,186.8,False,0.4746,1,0.0,1.0,clean,none
G:\GitHub\DiT\MCCD\MCCD\MCCD-Calligrapher\calligrapher_dataset\苏轼\終-行-宋-苏轼-71961.png,苏轼,行,終,宋,71961,終-行-宋-苏轼-71961.png,mccd_salvage,ok,251,222,226.9,175.3,False,0.5211,1,0.0,1.0,clean,none
G:\GitHub\DiT\MCCD\MCCD\MCCD-Calligrapher\calligrapher_dataset\苏轼\經-行-宋-苏轼-73129.png,苏轼,行,經,宋,73129,經-行-宋-苏轼-73129.png,mccd_salvage,ok,224,222,232.8,161.3,False,0.5153,2,0.0,0.5192,clean,none
G:\GitHub\DiT\MCCD\MCCD\MCCD-Calligrapher\calligrapher_dataset\苏轼\聖-行-宋-苏轼-81728.png,苏轼,行,聖,宋,81728,聖-行-宋-苏轼-81728.png,mccd_salvage,ok,276,310,232.1,190.8,False,0.5143,1,0.0,1.0,clean,none
G:\GitHub\DiT\MCCD\MCCD\MCCD-Calligrapher\calligrapher_dataset\苏轼\聚-行-宋-苏轼-81826.png,苏轼,行,聚,宋,81826,聚-行-宋-苏轼-81826.png,mccd_salvage,ok,224,234,233.4,201.9,False,0.4388,1,0.0,1.0,clean,none
G:\GitHub\DiT\MCCD\MCCD\MCCD-Calligrapher\calligrapher_dataset\苏轼\肴-行-宋-苏轼-83179.png,苏轼,行,肴,宋,83179,肴-行-宋-苏轼-83179.png,mccd_salvage,ok,205,202,237.1,203.7,False,0.431,1,0.0,1.0,clean,none
G:\GitHub\DiT\MCCD\MCCD\MCCD-Calligrapher\calligrapher_dataset\苏轼\能-行-宋-苏轼-84006.png,苏轼,行,能,宋,84006,能-行-宋-苏轼-84006.png,mccd_salvage,ok,261,245,235.7,207.9,False,0.4119,1,0.0,1.0,clean,none
G:\GitHub\DiT\MCCD\MCCD\MCCD-Calligrapher\calligrapher_dataset\苏轼\膏-行-宋-苏轼-85080.png,苏轼,行,膏,宋,85080,膏-行-宋-苏轼-85080.png,mccd_salvage,ok,161,301,231.0,157.9,False,0.534,1,0.0,1.0,clean,none
G:\GitHub\DiT\MCCD\MCCD\MCCD-Calligrapher\calligrapher_dataset\苏轼\苔-行-宋-苏轼-89984.png,苏轼,行,苔,宋,89984,苔-行-宋-苏轼-89984.png,mccd_salvage,ok,265,341,248.0,236.2,False,0.3636,1,0.0,1.0,clean,none
G:\GitHub\DiT\MCCD\MCCD\MCCD-Calligrapher\calligrapher_dataset\苏轼\苦-行-宋-苏轼-90462.png,苏轼,行,苦,宋,90462,苦-行-宋-苏轼-90462.png,mccd_salvage,ok,254,202,239.2,205.6,False,0.4198,1,0.0,1.0,clean,none
G:\GitHub\DiT\MCCD\MCCD\MCCD-Calligrapher\calligrapher_dataset\苏轼\茆-行-宋-苏轼-90849.png,苏轼,行,茆,宋,90849,茆-行-宋-苏轼-90849.png,mccd_salvage,ok,156,251,241.3,210.1,False,0.3888,1,0.0,1.0,clean,none
G:\GitHub\DiT\MCCD\MCCD\MCCD-Calligrapher\calligrapher_dataset\苏轼\菜-行-宋-苏轼-92389.png,苏轼,行,菜,宋,92389,菜-行-宋-苏轼-92389.png,mccd_salvage,ok,240,243,239.2,210.7,False,0.3892,1,0.0,1.0,clean,none
G:\GitHub\DiT\MCCD\MCCD\MCCD-Calligrapher\calligrapher_dataset\苏轼\薛-行-宋-苏轼-95830.png,苏轼,行,薛,宋,95830,薛-行-宋-苏轼-95830.png,mccd_salvage,ok,178,236,237.0,175.2,False,0.5152,2,0.0,0.5893,clean,none
G:\GitHub\DiT\MCCD\MCCD\MCCD-Calligrapher\calligrapher_dataset\苏轼\衡-行-宋-苏轼-101550.png,苏轼,行,衡,宋,101550,衡-行-宋-苏轼-101550.png,mccd_salvage,ok,200,175,221.9,192.8,False,0.4877,2,0.0,0.963,clean,none
G:\GitHub\DiT\MCCD\MCCD\MCCD-Calligrapher\calligrapher_dataset\苏轼\表-行-宋-苏轼-101843.png,苏轼,行,表,宋,101843,表-行-宋-苏轼-101843.png,mccd_salvage,ok,220,214,230.8,198.8,False,0.4367,1,0.0,1.0,clean,none
G:\GitHub\DiT\MCCD\MCCD\MCCD-Calligrapher\calligrapher_dataset\苏轼\製-行-宋-苏轼-103068.png,苏轼,行,製,宋,103068,製-行-宋-苏轼-103068.png,mccd_salvage,ok,205,220,231.1,193.4,False,0.5029,2,0.0002,0.9998,clean,none
G:\GitHub\DiT\MCCD\MCCD\MCCD-Calligrapher\calligrapher_dataset\苏轼\褰-行-宋-苏轼-103371.png,苏轼,行,褰,宋,103371,褰-行-宋-苏轼-103371.png,mccd_salvage,ok,223,244,238.0,203.6,False,0.4325,2,0.0,0.9569,clean,none
G:\GitHub\DiT\MCCD\MCCD\MCCD-Calligrapher\calligrapher_dataset\苏轼\西-行-宋-苏轼-104111.png,苏轼,行,西,宋,104111,西-行-宋-苏轼-104111.png,mccd_salvage,ok,183,162,232.9,171.7,False,0.4851,1,0.0,1.0,clean,none
G:\GitHub\DiT\MCCD\MCCD\MCCD-Calligrapher\calligrapher_dataset\苏轼\見-行-宋-苏轼-104673.png,苏轼,行,見,宋,104673,見-行-宋-苏轼-104673.png,mccd_salvage,ok,197,233,241.2,228.2,False,0.2406,1,0.0,1.0,clean,none
G:\GitHub\DiT\MCCD\MCCD\MCCD-Calligrapher\calligrapher_dataset\苏轼\親-行-宋-苏轼-105047.png,苏轼,行,親,宋,105047,親-行-宋-苏轼-105047.png,mccd_salvage,ok,234,212,235.6,211.1,False,0.4424,1,0.0,1.0,clean,none
G:\GitHub\DiT\MCCD\MCCD\MCCD-Calligrapher\calligrapher_dataset\苏轼\觴-行-宋-苏轼-105750.png,苏轼,行,觴,宋,105750,觴-行-宋-苏轼-105750.png,mccd_salvage,ok,260,237,237.8,212.9,False,0.4626,1,0.0,1.0,clean,none
G:\GitHub\DiT\MCCD\MCCD\MCCD-Calligrapher\calligrapher_dataset\苏轼\謹-楷-宋-苏轼-110621.png,苏轼,楷,謹,宋,110621,謹-楷-宋-苏轼-110621.png,mccd_salvage,ok,295,244,233.0,203.2,False,0.3623,10,0.0003,0.619,clean,none
G:\GitHub\DiT\MCCD\MCCD\MCCD-Calligrapher\calligrapher_dataset\苏轼\謹-行-宋-苏轼-110642.png,苏轼,行,謹,宋,110642,謹-行-宋-苏轼-110642.png,mccd_salvage,ok,231,187,224.3,186.5,False,0.4178,3,0.0,0.5477,clean,none
G:\GitHub\DiT\MCCD\MCCD\MCCD-Calligrapher\calligrapher_dataset\苏轼\買-行-宋-苏轼-114228.png,苏轼,行,買,宋,114228,買-行-宋-苏轼-114228.png,mccd_salvage,ok,195,230,223.3,186.3,False,0.3973,2,0.0002,0.9998,clean,none
G:\GitHub\DiT\MCCD\MCCD\MCCD-Calligrapher\calligrapher_dataset\苏轼\赤-楷-宋-苏轼-116053.png,苏轼,楷,赤,宋,116053,赤-楷-宋-苏轼-116053.png,mccd_salvage,ok,198,198,226.6,187.9,False,0.3788,3,0.0,0.8137,clean,none
G:\GitHub\DiT\MCCD\MCCD\MCCD-Calligrapher\calligrapher_dataset\苏轼\趙-行-宋-苏轼-116749.png,苏轼,行,趙,宋,116749,趙-行-宋-苏轼-116749.png,mccd_salvage,ok,292,221,205.2,239.1,False,0.2405,10,0.001,0.4735,clean,none
G:\GitHub\DiT\MCCD\MCCD\MCCD-Calligrapher\calligrapher_dataset\苏轼\軾-行-宋-苏轼-119565.png,苏轼,行,軾,宋,119565,軾-行-宋-苏轼-119565.png,mccd_salvage,ok,269,207,237.1,203.7,False,0.4508,1,0.0,1.0,clean,none
G:\GitHub\DiT\MCCD\MCCD\MCCD-Calligrapher\calligrapher_dataset\苏轼\轍-行-宋-苏轼-120637.png,苏轼,行,轍,宋,120637,轍-行-宋-苏轼-120637.png,mccd_salvage,ok,278,190,235.9,192.2,False,0.4231,1,0.0,1.0,clean,none
G:\GitHub\DiT\MCCD\MCCD\MCCD-Calligrapher\calligrapher_dataset\苏轼\遂-行-近-苏轼-124567.png,苏轼,行,遂,近,124567,遂-行-近-苏轼-124567.png,mccd_salvage,ok,207,274,226.0,171.7,False,0.5227,3,0.0,0.7629,clean,none
G:\GitHub\DiT\MCCD\MCCD\MCCD-Calligrapher\calligrapher_dataset\苏轼\過-行-宋-苏轼-124917.png,苏轼,行,過,宋,124917,過-行-宋-苏轼-124917.png,mccd_salvage,ok,253,195,232.5,189.4,False,0.365,2,0.0,0.9644,clean,none
G:\GitHub\DiT\MCCD\MCCD\MCCD-Calligrapher\calligrapher_dataset\苏轼\道-隶-宋-苏轼-125133.png,苏轼,隶,道,宋,125133,道-隶-宋-苏轼-125133.png,mccd_salvage,ok,299,328,158.5,200.1,False,0.2985,49,0.0074,0.5681,clean,none
G:\GitHub\DiT\MCCD\MCCD\MCCD-Calligrapher\calligrapher_dataset\苏轼\遠-行-宋-苏轼-125629.png,苏轼,行,遠,宋,125629,遠-行-宋-苏轼-125629.png,mccd_salvage,ok,194,235,227.0,178.9,False,0.4767,1,0.0,1.0,clean,none
G:\GitHub\DiT\MCCD\MCCD\MCCD-Calligrapher\calligrapher_dataset\苏轼\遠-行-宋-苏轼-125631.png,苏轼,行,遠,宋,125631,遠-行-宋-苏轼-125631.png,mccd_salvage,ok,251,179,226.1,166.5,False,0.3792,1,0.0,1.0,clean,none
G:\GitHub\DiT\MCCD\MCCD\MCCD-Calligrapher\calligrapher_dataset\苏轼\遽-行-宋-苏轼-126347.png,苏轼,行,遽,宋,126347,遽-行-宋-苏轼-126347.png,mccd_salvage,ok,200,249,226.4,170.2,False,0.484,3,0.0004,0.7698,clean,none
G:\GitHub\DiT\MCCD\MCCD\MCCD-Calligrapher\calligrapher_dataset\苏轼\那-行-宋-苏轼-127224.png,苏轼,行,那,宋,127224,那-行-宋-苏轼-127224.png,mccd_salvage,ok,220,177,230.7,189.7,False,0.5122,1,0.0,1.0,clean,none
G:\GitHub\DiT\MCCD\MCCD\MCCD-Calligrapher\calligrapher_dataset\苏轼\郡-行-宋-苏轼-128185.png,苏轼,行,郡,宋,128185,郡-行-宋-苏轼-128185.png,mccd_salvage,ok,225,312,235.4,198.6,False,0.2792,3,0.0,0.4867,clean,none
G:\GitHub\DiT\MCCD\MCCD\MCCD-Calligrapher\calligrapher_dataset\苏轼\郡-行-宋-苏轼-128187.png,苏轼,行,郡,宋,128187,郡-行-宋-苏轼-128187.png,mccd_salvage,ok,244,249,235.8,200.8,False,0.3964,2,0.0,0.5591,clean,none
G:\GitHub\DiT\MCCD\MCCD\MCCD-Calligrapher\calligrapher_dataset\苏轼\鄙-行-宋-苏轼-129198.png,苏轼,行,鄙,宋,129198,鄙-行-宋-苏轼-129198.png,mccd_salvage,ok,194,248,236.7,208.0,False,0.4732,1,0.0,1.0,clean,none
G:\GitHub\DiT\MCCD\MCCD\MCCD-Calligrapher\calligrapher_dataset\苏轼\酸-行-宋-苏轼-130208.png,苏轼,行,酸,宋,130208,酸-行-宋-苏轼-130208.png,mccd_salvage,ok,229,213,226.7,174.4,False,0.4887,1,0.0,1.0,clean,none
G:\GitHub\DiT\MCCD\MCCD\MCCD-Calligrapher\calligrapher_dataset\苏轼\醉-楷-宋-苏轼-130301.png,苏轼,楷,醉,宋,130301,醉-楷-宋-苏轼-130301.png,mccd_salvage,ok,283,292,247.1,220.7,False,0.2714,1,0.0,1.0,clean,none
G:\GitHub\DiT\MCCD\MCCD\MCCD-Calligrapher\calligrapher_dataset\苏轼\醉-行-宋-苏轼-130303.png,苏轼,行,醉,宋,130303,醉-行-宋-苏轼-130303.png,mccd_salvage,ok,277,252,238.8,228.1,False,0.2543,6,0.0,0.6054,clean,none
G:\GitHub\DiT\MCCD\MCCD\MCCD-Calligrapher\calligrapher_dataset\苏轼\醉-行-宋-苏轼-130308.png,苏轼,行,醉,宋,130308,醉-行-宋-苏轼-130308.png,mccd_salvage,ok,166,189,239.7,204.9,False,0.4263,1,0.0,1.0,clean,none
G:\GitHub\DiT\MCCD\MCCD\MCCD-Calligrapher\calligrapher_dataset\苏轼\釀-行-宋-苏轼-130707.png,苏轼,行,釀,宋,130707,釀-行-宋-苏轼-130707.png,mccd_salvage,ok,204,194,233.8,172.6,False,0.5204,1,0.0,1.0,clean,none
G:\GitHub\DiT\MCCD\MCCD\MCCD-Calligrapher\calligrapher_dataset\苏轼\釋-行-宋-苏轼-130900.png,苏轼,行,釋,宋,130900,釋-行-宋-苏轼-130900.png,mccd_salvage,ok,182,198,240.0,195.3,False,0.4503,2,0.0,0.5231,clean,none
G:\GitHub\DiT\MCCD\MCCD\MCCD-Calligrapher\calligrapher_dataset\苏轼\釋-行-宋-苏轼-130901.png,苏轼,行,釋,宋,130901,釋-行-宋-苏轼-130901.png,mccd_salvage,ok,185,196,239.4,199.4,False,0.4369,2,0.0,0.5279,clean,none
G:\GitHub\DiT\MCCD\MCCD\MCCD-Calligrapher\calligrapher_dataset\苏轼\銅-行-宋-苏轼-132781.png,苏轼,行,銅,宋,132781,銅-行-宋-苏轼-132781.png,mccd_salvage,ok,245,186,208.7,149.8,False,0.5625,1,0.0,1.0,broken,too_solid
G:\GitHub\DiT\MCCD\MCCD\MCCD-Calligrapher\calligrapher_dataset\苏轼\鐶-行-宋-苏轼-135023.png,苏轼,行,鐶,宋,135023,鐶-行-宋-苏轼-135023.png,mccd_salvage,ok,233,183,230.1,186.4,False,0.5081,1,0.0,1.0,clean,none
G:\GitHub\DiT\MCCD\MCCD\MCCD-Calligrapher\calligrapher_dataset\苏轼\門-行-宋-苏轼-136036.png,苏轼,行,門,宋,136036,門-行-宋-苏轼-136036.png,mccd_salvage,ok,296,278,231.5,209.9,False,0.2587,3,0.0,0.5188,clean,none
G:\GitHub\DiT\MCCD\MCCD\MCCD-Calligrapher\calligrapher_dataset\苏轼\闇-行-宋-苏轼-136891.png,苏轼,行,闇,宋,136891,闇-行-宋-苏轼-136891.png,mccd_salvage,ok,200,226,229.7,122.0,False,0.5722,1,0.0,1.0,broken,too_solid
G:\GitHub\DiT\MCCD\MCCD\MCCD-Calligrapher\calligrapher_dataset\苏轼\附-行-宋-苏轼-137728.png,苏轼,行,附,宋,137728,附-行-宋-苏轼-137728.png,mccd_salvage,ok,248,248,245.6,225.3,False,0.2828,4,0.0,0.4456,clean,none
G:\GitHub\DiT\MCCD\MCCD\MCCD-Calligrapher\calligrapher_dataset\苏轼\陳-行-宋-苏轼-138620.png,苏轼,行,陳,宋,138620,陳-行-宋-苏轼-138620.png,mccd_salvage,ok,202,255,231.9,164.1,False,0.556,1,0.0,1.0,broken,too_solid
G:\GitHub\DiT\MCCD\MCCD\MCCD-Calligrapher\calligrapher_dataset\苏轼\雅-行-宋-苏轼-140532.png,苏轼,行,雅,宋,140532,雅-行-宋-苏轼-140532.png,mccd_salvage,ok,237,255,229.7,184.7,False,0.534,1,0.0,1.0,clean,none
G:\GitHub\DiT\MCCD\MCCD\MCCD-Calligrapher\calligrapher_dataset\苏轼\雖-行-宋-苏轼-140944.png,苏轼,行,雖,宋,140944,雖-行-宋-苏轼-140944.png,mccd_salvage,ok,199,183,231.5,191.2,False,0.5489,1,0.0,1.0,clean,none
G:\GitHub\DiT\MCCD\MCCD\MCCD-Calligrapher\calligrapher_dataset\苏轼\雨-行-宋-苏轼-141696.png,苏轼,行,雨,宋,141696,雨-行-宋-苏轼-141696.png,mccd_salvage,ok,223,203,220.4,165.7,False,0.5171,1,0.0,1.0,clean,none
G:\GitHub\DiT\MCCD\MCCD\MCCD-Calligrapher\calligrapher_dataset\苏轼\霜-行-宋-苏轼-142497.png,苏轼,行,霜,宋,142497,霜-行-宋-苏轼-142497.png,mccd_salvage,ok,227,234,230.6,197.2,False,0.4805,2,0.0,0.7306,clean,none
G:\GitHub\DiT\MCCD\MCCD\MCCD-Calligrapher\calligrapher_dataset\苏轼\靑-行-宋-苏轼-143254.png,苏轼,行,靑,宋,143254,靑-行-宋-苏轼-143254.png,mccd_salvage,ok,204,247,222.2,182.5,False,0.377,7,0.0021,0.6315,clean,none
G:\GitHub\DiT\MCCD\MCCD\MCCD-Calligrapher\calligrapher_dataset\苏轼\青-行-宋-苏轼-143380.png,苏轼,行,青,宋,143380,青-行-宋-苏轼-143380.png,mccd_salvage,ok,250,353,247.2,236.6,False,0.1768,5,0.0004,0.5933,clean,none
G:\GitHub\DiT\MCCD\MCCD\MCCD-Calligrapher\calligrapher_dataset\苏轼\非-行-宋-苏轼-143873.png,苏轼,行,非,宋,143873,非-行-宋-苏轼-143873.png,mccd_salvage,ok,260,238,240.5,208.5,False,0.4378,4,0.0005,0.5713,clean,none
G:\GitHub\DiT\MCCD\MCCD\MCCD-Calligrapher\calligrapher_dataset\苏轼\韻-行-宋-苏轼-145334.png,苏轼,行,韻,宋,145334,韻-行-宋-苏轼-145334.png,mccd_salvage,ok,225,206,215.0,179.5,False,0.5172,2,0.0,0.9878,clean,none
G:\GitHub\DiT\MCCD\MCCD\MCCD-Calligrapher\calligrapher_dataset\苏轼\頑-行-宋-苏轼-145829.png,苏轼,行,頑,宋,145829,頑-行-宋-苏轼-145829.png,mccd_salvage,ok,213,162,231.8,169.6,False,0.4928,3,0.0,0.595,clean,none
G:\GitHub\DiT\MCCD\MCCD\MCCD-Calligrapher\calligrapher_dataset\苏轼\頻-行-宋-苏轼-146390.png,苏轼,行,頻,宋,146390,頻-行-宋-苏轼-146390.png,mccd_salvage,ok,292,248,205.3,239.1,False,0.2177,18,0.0062,0.5582,clean,none
G:\GitHub\DiT\MCCD\MCCD\MCCD-Calligrapher\calligrapher_dataset\苏轼\顚-行-宋-苏轼-146841.png,苏轼,行,顚,宋,146841,顚-行-宋-苏轼-146841.png,mccd_salvage,ok,200,177,238.6,196.9,False,0.4484,2,0.0,0.5301,clean,none
G:\GitHub\DiT\MCCD\MCCD\MCCD-Calligrapher\calligrapher_dataset\苏轼\顛-行-宋-苏轼-146885.png,苏轼,行,顛,宋,146885,顛-行-宋-苏轼-146885.png,mccd_salvage,ok,200,177,238.6,196.9,False,0.4484,2,0.0,0.5301,clean,none
G:\GitHub\DiT\MCCD\MCCD\MCCD-Calligrapher\calligrapher_dataset\苏轼\飛-行-宋-苏轼-147738.png,苏轼,行,飛,宋,147738,飛-行-宋-苏轼-147738.png,mccd_salvage,ok,212,188,236.5,174.0,False,0.5018,2,0.0,0.9899,clean,none
G:\GitHub\DiT\MCCD\MCCD\MCCD-Calligrapher\calligrapher_dataset\苏轼\飜-行-宋-苏轼-147790.png,苏轼,行,飜,宋,147790,飜-行-宋-苏轼-147790.png,mccd_salvage,ok,211,218,234.4,203.2,False,0.5203,1,0.0,1.0,clean,none
G:\GitHub\DiT\MCCD\MCCD\MCCD-Calligrapher\calligrapher_dataset\苏轼\飮-行-宋-苏轼-148210.png,苏轼,行,飮,宋,148210,飮-行-宋-苏轼-148210.png,mccd_salvage,ok,252,187,241.6,213.7,False,0.3019,5,0.0,0.4344,clean,none
G:\GitHub\DiT\MCCD\MCCD\MCCD-Calligrapher\calligrapher_dataset\苏轼\飮-行-宋-苏轼-148212.png,苏轼,行,飮,宋,148212,飮-行-宋-苏轼-148212.png,mccd_salvage,ok,277,223,234.6,234.3,False,0.197,8,0.0002,0.3104,clean,none
G:\GitHub\DiT\MCCD\MCCD\MCCD-Calligrapher\calligrapher_dataset\苏轼\飮-行-宋-苏轼-148213.png,苏轼,行,飮,宋,148213,飮-行-宋-苏轼-148213.png,mccd_salvage,ok,296,263,194.5,250.4,False,0.2363,8,0.0004,0.8271,clean,none
G:\GitHub\DiT\MCCD\MCCD\MCCD-Calligrapher\calligrapher_dataset\苏轼\飮-行-宋-苏轼-148214.png,苏轼,行,飮,宋,148214,飮-行-宋-苏轼-148214.png,mccd_salvage,ok,249,205,235.2,202.0,False,0.4057,1,0.0,1.0,clean,none
G:\GitHub\DiT\MCCD\MCCD\MCCD-Calligrapher\calligrapher_dataset\苏轼\飮-行-宋-苏轼-148215.png,苏轼,行,飮,宋,148215,飮-行-宋-苏轼-148215.png,mccd_salvage,ok,236,207,237.9,204.3,False,0.3971,1,0.0,1.0,clean,none
G:\GitHub\DiT\MCCD\MCCD\MCCD-Calligrapher\calligrapher_dataset\苏轼\餔-行-宋-苏轼-148604.png,苏轼,行,餔,宋,148604,餔-行-宋-苏轼-148604.png,mccd_salvage,ok,225,195,237.9,218.2,False,0.4073,4,0.0,0.5832,clean,none
G:\GitHub\DiT\MCCD\MCCD\MCCD-Calligrapher\calligrapher_dataset\苏轼\饗-行-宋-苏轼-149130.png,苏轼,行,饗,宋,149130,饗-行-宋-苏轼-149130.png,mccd_salvage,ok,238,303,244.4,225.2,False,0.245,6,0.0003,0.5469,clean,none
G:\GitHub\DiT\MCCD\MCCD\MCCD-Calligrapher\calligrapher_dataset\苏轼\香-行-宋-苏轼-149576.png,苏轼,行,香,宋,149576,香-行-宋-苏轼-149576.png,mccd_salvage,ok,220,220,235.0,207.1,False,0.4098,1,0.0,1.0,clean,none
G:\GitHub\DiT\MCCD\MCCD\MCCD-Calligrapher\calligrapher_dataset\苏轼\馳-行-宋-苏轼-150192.png,苏轼,行,馳,宋,150192,馳-行-宋-苏轼-150192.png,mccd_salvage,ok,254,178,242.2,214.1,False,0.2354,2,0.0,0.9804,clean,none
G:\GitHub\DiT\MCCD\MCCD\MCCD-Calligrapher\calligrapher_dataset\苏轼\馳-行-宋-苏轼-150194.png,苏轼,行,馳,宋,150194,馳-行-宋-苏轼-150194.png,mccd_salvage,ok,295,167,223.7,219.2,False,0.2253,7,0.0031,0.482,clean,none
G:\GitHub\DiT\MCCD\MCCD\MCCD-Calligrapher\calligrapher_dataset\苏轼\高-行-宋-苏轼-152269.png,苏轼,行,高,宋,152269,高-行-宋-苏轼-152269.png,mccd_salvage,ok,234,342,234.0,207.5,False,0.299,4,0.0,0.8065,clean,none
G:\GitHub\DiT\MCCD\MCCD\MCCD-Calligrapher\calligrapher_dataset\苏轼\髙-行-宋-苏轼-152510.png,苏轼,行,髙,宋,152510,髙-行-宋-苏轼-152510.png,mccd_salvage,ok,234,342,234.0,207.5,False,0.299,4,0.0,0.8065,clean,none
G:\GitHub\DiT\MCCD\MCCD\MCCD-Calligrapher\calligrapher_dataset\苏轼\鰥-行-宋-苏轼-154784.png,苏轼,行,鰥,宋,154784,鰥-行-宋-苏轼-154784.png,mccd_salvage,ok,235,180,240.5,194.8,False,0.4946,2,0.0,0.5116,clean,none
G:\GitHub\DiT\MCCD\MCCD\MCCD-Calligrapher\calligrapher_dataset\苏轼\鳯-行-宋-苏轼-155355.png,苏轼,行,鳯,宋,155355,鳯-行-宋-苏轼-155355.png,mccd_salvage,ok,224,172,215.2,178.3,False,0.4527,1,0.0,1.0,clean,none
G:\GitHub\DiT\MCCD\MCCD\MCCD-Calligrapher\calligrapher_dataset\苏轼\鳳-行-宋-苏轼-155437.png,苏轼,行,鳳,宋,155437,鳳-行-宋-苏轼-155437.png,mccd_salvage,ok,224,172,215.2,178.3,False,0.4527,1,0.0,1.0,clean,none
G:\GitHub\DiT\MCCD\MCCD\MCCD-Calligrapher\calligrapher_dataset\苏轼\鵞-楷-宋-苏轼-156072.png,苏轼,楷,鵞,宋,156072,鵞-楷-宋-苏轼-156072.png,mccd_salvage,ok,274,370,203.1,224.8,False,0.2818,144,0.0394,0.6352,clean,none
G:\GitHub\DiT\MCCD\MCCD\MCCD-Calligrapher\calligrapher_dataset\苏轼\鵞-行-宋-苏轼-156077.png,苏轼,行,鵞,宋,156077,鵞-行-宋-苏轼-156077.png,mccd_salvage,ok,226,265,235.9,219.4,False,0.2202,7,0.0,0.6431,clean,none
G:\GitHub\DiT\MCCD\MCCD\MCCD-Calligrapher\calligrapher_dataset\苏轼\麥-行-宋-苏轼-157695.png,苏轼,行,麥,宋,157695,麥-行-宋-苏轼-157695.png,mccd_salvage,ok,190,218,230.9,196.2,False,0.4631,1,0.0,1.0,clean,none
G:\GitHub\DiT\MCCD\MCCD\MCCD-Calligrapher\calligrapher_dataset\苏轼\黃-行-宋-苏轼-158173.png,苏轼,行,黃,宋,158173,黃-行-宋-苏轼-158173.png,mccd_salvage,ok,179,215,228.1,197.5,False,0.4707,1,0.0,1.0,clean,none
G:\GitHub\DiT\MCCD\MCCD\MCCD-Calligrapher\calligrapher_dataset\苏轼\黄-行-宋-苏轼-158551.png,苏轼,行,黄,宋,158551,黄-行-宋-苏轼-158551.png,mccd_salvage,ok,196,179,235.9,211.1,False,0.3792,1,0.0,1.0,clean,none
G:\GitHub\DiT\MCCD\MCCD\MCCD-Calligrapher\calligrapher_dataset\苏轼\黍-行-宋-苏轼-158701.png,苏轼,行,黍,宋,158701,黍-行-宋-苏轼-158701.png,mccd_salvage,ok,223,206,237.8,205.5,False,0.3817,1,0.0,1.0,clean,none
G:\GitHub\DiT\MCCD\MCCD\MCCD-Calligrapher\calligrapher_dataset\苏轼\龍-行-宋-苏轼-160841.png,苏轼,行,龍,宋,160841,龍-行-宋-苏轼-160841.png,mccd_salvage,ok,283,242,213.0,244.8,False,0.1587,16,0.0034,0.456,clean,none
G:\GitHub\DiT\MCCD\MCCD\MCCD-Calligrapher\calligrapher_dataset\董其昌\久-行-明-董其昌-5768.png,董其昌,行,久,明,5768,久-行-明-董其昌-5768.png,mccd_salvage,ok,219,231,235.8,213.0,False,0.3161,1,0.0,1.0,clean,none
G:\GitHub\DiT\MCCD\MCCD\MCCD-Calligrapher\calligrapher_dataset\董其昌\乙-行-明-董其昌-7906.png,董其昌,行,乙,明,7906,乙-行-明-董其昌-7906.png,mccd_salvage,ok,206,149,218.3,151.2,False,0.5193,1,0.0,1.0,clean,none
G:\GitHub\DiT\MCCD\MCCD\MCCD-Calligrapher\calligrapher_dataset\董其昌\其-楷-明-董其昌-27452.png,董其昌,楷,其,明,27452,其-楷-明-董其昌-27452.png,mccd_salvage,ok,207,213,238.0,222.3,False,0.3029,3,0.0,0.8788,clean,none
G:\GitHub\DiT\MCCD\MCCD\MCCD-Calligrapher\calligrapher_dataset\董其昌\出-行-明-董其昌-29985.png,董其昌,行,出,明,29985,出-行-明-董其昌-29985.png,mccd_salvage,ok,251,299,210.4,216.7,False,0.4228,18,0.0032,0.9524,clean,none
G:\GitHub\DiT\MCCD\MCCD\MCCD-Calligrapher\calligrapher_dataset\董其昌\去-行-明-董其昌-39336.png,董其昌,行,去,明,39336,去-行-明-董其昌-39336.png,mccd_salvage,ok,159,182,239.6,209.0,False,0.3768,1,0.0,1.0,clean,none
G:\GitHub\DiT\MCCD\MCCD\MCCD-Calligrapher\calligrapher_dataset\董其昌\問-行-明-董其昌-49307.png,董其昌,行,問,明,49307,問-行-明-董其昌-49307.png,mccd_salvage,ok,202,200,208.7,128.9,False,0.3711,4,0.0001,0.6223,clean,none
G:\GitHub\DiT\MCCD\MCCD\MCCD-Calligrapher\calligrapher_dataset\董其昌\屬-行-明-董其昌-78629.png,董其昌,行,屬,明,78629,屬-行-明-董其昌-78629.png,mccd_salvage,ok,247,262,238.6,228.2,False,0.1429,10,0.0077,0.3573,clean,none
G:\GitHub\DiT\MCCD\MCCD\MCCD-Calligrapher\calligrapher_dataset\董其昌\屬-行-明-董其昌-78631.png,董其昌,行,屬,明,78631,屬-行-明-董其昌-78631.png,mccd_salvage,ok,301,299,217.0,233.0,False,0.2548,3,0.0,0.5429,clean,none
G:\GitHub\DiT\MCCD\MCCD\MCCD-Calligrapher\calligrapher_dataset\董其昌\岸-行-明-董其昌-79608.png,董其昌,行,岸,明,79608,岸-行-明-董其昌-79608.png,mccd_salvage,ok,166,327,246.7,223.2,False,0.2483,4,0.0009,0.3986,clean,none
G:\GitHub\DiT\MCCD\MCCD\MCCD-Calligrapher\calligrapher_dataset\董其昌\歇-行-明-董其昌-18528.png,董其昌,行,歇,明,18528,歇-行-明-董其昌-18528.png,mccd_salvage,ok,192,227,231.1,218.9,False,0.2693,7,0.0018,0.6087,clean,none
G:\GitHub\DiT\MCCD\MCCD\MCCD-Calligrapher\calligrapher_dataset\董其昌\消-行-明-董其昌-28711.png,董其昌,行,消,明,28711,消-行-明-董其昌-28711.png,mccd_salvage,ok,187,226,226.8,129.2,False,0.5823,1,0.0,1.0,broken,too_solid
G:\GitHub\DiT\MCCD\MCCD\MCCD-Calligrapher\calligrapher_dataset\董其昌\濬-行-明-董其昌-34205.png,董其昌,行,濬,明,34205,濬-行-明-董其昌-34205.png,mccd_salvage,ok,260,227,239.4,220.5,False,0.1817,6,0.0015,0.8496,clean,none
G:\GitHub\DiT\MCCD\MCCD\MCCD-Calligrapher\calligrapher_dataset\董其昌\玉-行-明-董其昌-43962.png,董其昌,行,玉,明,43962,玉-行-明-董其昌-43962.png,mccd_salvage,ok,210,260,230.0,189.3,False,0.4426,2,0.0,0.9171,clean,none
G:\GitHub\DiT\MCCD\MCCD\MCCD-Calligrapher\calligrapher_dataset\董其昌\秋-行-明-董其昌-63290.png,董其昌,行,秋,明,63290,秋-行-明-董其昌-63290.png,mccd_salvage,ok,199,181,231.9,203.0,False,0.3434,2,0.0,0.9616,clean,none
G:\GitHub\DiT\MCCD\MCCD\MCCD-Calligrapher\calligrapher_dataset\董其昌\秋-行-明-董其昌-63297.png,董其昌,行,秋,明,63297,秋-行-明-董其昌-63297.png,mccd_salvage,ok,224,228,230.5,193.3,False,0.3505,2,0.0,0.9194,clean,none
G:\GitHub\DiT\MCCD\MCCD\MCCD-Calligrapher\calligrapher_dataset\董其昌\綠-行-明-董其昌-73255.png,董其昌,行,綠,明,73255,綠-行-明-董其昌-73255.png,mccd_salvage,ok,215,229,235.1,191.8,False,0.5074,2,0.0,0.9352,clean,none
G:\GitHub\DiT\MCCD\MCCD\MCCD-Calligrapher\calligrapher_dataset\董其昌\緑-行-明-董其昌-73817.png,董其昌,行,緑,明,73817,緑-行-明-董其昌-73817.png,mccd_salvage,ok,215,229,235.1,191.8,False,0.5074,2,0.0,0.9352,clean,none
G:\GitHub\DiT\MCCD\MCCD\MCCD-Calligrapher\calligrapher_dataset\董其昌\送-行-明-董其昌-123263.png,董其昌,行,送,明,123263,送-行-明-董其昌-123263.png,mccd_salvage,ok,200,208,223.7,171.2,False,0.3707,3,0.0006,0.9034,clean,none
G:\GitHub\DiT\MCCD\MCCD\MCCD-Calligrapher\calligrapher_dataset\董其昌\郷-行-明-董其昌-128625.png,董其昌,行,郷,明,128625,郷-行-明-董其昌-128625.png,mccd_salvage,ok,160,335,238.3,202.6,False,0.2835,2,0.0005,0.9995,clean,none
G:\GitHub\DiT\MCCD\MCCD\MCCD-Calligrapher\calligrapher_dataset\董其昌\郷-行-明-董其昌-128627.png,董其昌,行,郷,明,128627,郷-行-明-董其昌-128627.png,mccd_salvage,ok,265,262,250.2,235.2,False,0.1541,7,0.0001,0.659,clean,none
G:\GitHub\DiT\MCCD\MCCD\MCCD-Calligrapher\calligrapher_dataset\董其昌\𦗟-行-明-董其昌-514.png,董其昌,行,𦗟,明,514,𦗟-行-明-董其昌-514.png,mccd_salvage,ok,282,277,217.0,241.0,False,0.1435,23,0.0086,0.1927,clean,none
G:\GitHub\DiT\MCCD\MCCD\MCCD-Calligrapher\calligrapher_dataset\蔡襄\不-楷-宋-蔡襄-2981.png,蔡襄,楷,不,宋,2981,不-楷-宋-蔡襄-2981.png,mccd_salvage,ok,195,190,235.5,201.5,False,0.2698,2,0.0,0.8256,clean,none
G:\GitHub\DiT\MCCD\MCCD\MCCD-Calligrapher\calligrapher_dataset\蔡襄\不-行-宋-蔡襄-3017.png,蔡襄,行,不,宋,3017,不-行-宋-蔡襄-3017.png,mccd_salvage,ok,210,202,213.8,170.0,False,0.3093,3,0.0009,0.8127,clean,none
G:\GitHub\DiT\MCCD\MCCD\MCCD-Calligrapher\calligrapher_dataset\蔡襄\備-行-宋-蔡襄-21882.png,蔡襄,行,備,宋,21882,備-行-宋-蔡襄-21882.png,mccd_salvage,ok,190,215,213.4,180.9,False,0.4556,3,0.0,0.7785,clean,none
G:\GitHub\DiT\MCCD\MCCD\MCCD-Calligrapher\calligrapher_dataset\蔡襄\到-楷-宋-蔡襄-31336.png,蔡襄,楷,到,宋,31336,到-楷-宋-蔡襄-31336.png,mccd_salvage,ok,232,239,221.5,171.0,False,0.3108,3,0.0,0.6483,clean,none
G:\GitHub\DiT\MCCD\MCCD\MCCD-Calligrapher\calligrapher_dataset\蔡襄\只-行-宋-蔡襄-42155.png,蔡襄,行,只,宋,42155,只-行-宋-蔡襄-42155.png,mccd_salvage,ok,173,163,220.9,192.3,False,0.3078,6,0.0045,0.6748,clean,none
G:\GitHub\DiT\MCCD\MCCD\MCCD-Calligrapher\calligrapher_dataset\蔡襄\工-行-宋-蔡襄-81519.png,蔡襄,行,工,宋,81519,工-行-宋-蔡襄-81519.png,mccd_salvage,ok,240,178,215.2,167.7,False,0.3779,1,0.0,1.0,clean,none
G:\GitHub\DiT\MCCD\MCCD\MCCD-Calligrapher\calligrapher_dataset\蔡襄\已-行-宋-蔡襄-82314.png,蔡襄,行,已,宋,82314,已-行-宋-蔡襄-82314.png,mccd_salvage,ok,192,275,217.4,147.7,False,0.556,2,0.0,0.5381,broken,too_solid
G:\GitHub\DiT\MCCD\MCCD\MCCD-Calligrapher\calligrapher_dataset\蔡襄\晨-楷-宋-蔡襄-4566.png,蔡襄,楷,晨,宋,4566,晨-楷-宋-蔡襄-4566.png,mccd_salvage,ok,213,172,231.8,201.6,False,0.2963,2,0.0,0.8499,clean,none
G:\GitHub\DiT\MCCD\MCCD\MCCD-Calligrapher\calligrapher_dataset\蔡襄\曰-楷-宋-蔡襄-6207.png,蔡襄,楷,曰,宋,6207,曰-楷-宋-蔡襄-6207.png,mccd_salvage,ok,173,148,211.9,106.5,False,0.5476,1,0.0,1.0,clean,none
G:\GitHub\DiT\MCCD\MCCD\MCCD-Calligrapher\calligrapher_dataset\蔡襄\楮-行-宋-蔡襄-15271.png,蔡襄,行,楮,宋,15271,楮-行-宋-蔡襄-15271.png,mccd_salvage,ok,226,228,234.7,174.7,False,0.428,1,0.0,1.0,clean,none
G:\GitHub\DiT\MCCD\MCCD\MCCD-Calligrapher\calligrapher_dataset\蔡襄\都-行-宋-蔡襄-128759.png,蔡襄,行,都,宋,128759,都-行-宋-蔡襄-128759.png,mccd_salvage,ok,181,248,239.2,214.3,False,0.2877,4,0.0,0.5478,clean,none
G:\GitHub\DiT\MCCD\MCCD\MCCD-Calligrapher\calligrapher_dataset\蔡襄\都-行-宋-蔡襄-128760.png,蔡襄,行,都,宋,128760,都-行-宋-蔡襄-128760.png,mccd_salvage,ok,199,264,239.4,210.3,False,0.313,2,0.0,0.6143,clean,none
G:\GitHub\DiT\MCCD\MCCD\MCCD-Calligrapher\calligrapher_dataset\薛稷\央-楷-唐-薛稷-61611.png,薛稷,楷,央,唐,61611,央-楷-唐-薛稷-61611.png,mccd_salvage,ok,273,267,202.5,242.9,False,0.1813,11,0.0019,0.7345,clean,none
G:\GitHub\DiT\MCCD\MCCD\MCCD-Calligrapher\calligrapher_dataset\薛稷\赴-楷-唐-薛稷-116359.png,薛稷,楷,赴,唐,116359,赴-楷-唐-薛稷-116359.png,mccd_salvage,ok,271,252,191.6,215.8,False,0.1921,71,0.0573,0.3582,noisy,high_dirt_0.06
G:\GitHub\DiT\MCCD\MCCD\MCCD-Calligrapher\calligrapher_dataset\薛稷\辟-楷-唐-薛稷-121491.png,薛稷,楷,辟,唐,121491,辟-楷-唐-薛稷-121491.png,mccd_salvage,ok,255,292,243.1,229.9,False,0.194,15,0.0026,0.3394,clean,none
G:\GitHub\DiT\MCCD\MCCD\MCCD-Calligrapher\calligrapher_dataset\薛稷\迴-楷-唐-薛稷-122789.png,薛稷,楷,迴,唐,122789,迴-楷-唐-薛稷-122789.png,mccd_salvage,ok,277,193,220.9,189.5,False,0.2504,11,0.0056,0.5899,clean,none
G:\GitHub\DiT\MCCD\MCCD\MCCD-Calligrapher\calligrapher_dataset\虞世南\天-行-唐-虞世南-61024.png,虞世南,行,天,唐,61024,天-行-唐-虞世南-61024.png,mccd_salvage,ok,175,189,239.9,202.5,False,0.3344,2,0.0,0.8813,clean,none
G:\GitHub\DiT\MCCD\MCCD\MCCD-Calligrapher\calligrapher_dataset\虞世南\曜-行-唐-虞世南-5670.png,虞世南,行,曜,唐,5670,曜-行-唐-虞世南-5670.png,mccd_salvage,ok,212,230,222.3,165.2,False,0.4851,1,0.0,1.0,clean,none
G:\GitHub\DiT\MCCD\MCCD\MCCD-Calligrapher\calligrapher_dataset\虞世南\楊-楷-唐-虞世南-14692.png,虞世南,楷,楊,唐,14692,楊-楷-唐-虞世南-14692.png,mccd_salvage,ok,264,271,243.1,225.4,False,0.2646,1,0.0,1.0,clean,none
G:\GitHub\DiT\MCCD\MCCD\MCCD-Calligrapher\calligrapher_dataset\虞世南\潢-行-唐-虞世南-33169.png,虞世南,行,潢,唐,33169,潢-行-唐-虞世南-33169.png,mccd_salvage,ok,197,222,233.8,175.4,False,0.4386,4,0.0002,0.9278,clean,none
G:\GitHub\DiT\MCCD\MCCD\MCCD-Calligrapher\calligrapher_dataset\虞世南\鼓-楷-唐-虞世南-159832.png,虞世南,楷,鼓,唐,159832,鼓-楷-唐-虞世南-159832.png,mccd_salvage,ok,246,249,226.5,225.2,False,0.2505,6,0.0,0.3052,clean,none
G:\GitHub\DiT\MCCD\MCCD\MCCD-Calligrapher\calligrapher_dataset\虞世南\𧚍-楷-唐-虞世南-1992.png,虞世南,楷,𧚍,唐,1992,𧚍-楷-唐-虞世南-1992.png,mccd_salvage,ok,263,244,232.5,227.7,False,0.1909,6,0.0,0.4671,clean,none
G:\GitHub\DiT\MCCD\MCCD\MCCD-Calligrapher\calligrapher_dataset\褚遂良\万-楷-唐-褚遂良-大字阴符经-28.png,褚遂良,楷,万,唐,大字阴符经,万-楷-唐-褚遂良-大字阴符经-28.png,mccd_salvage,ok,242,162,192.6,192.0,False,0.23,1,0.0,1.0,clean,none
G:\GitHub\DiT\MCCD\MCCD\MCCD-Calligrapher\calligrapher_dataset\褚遂良\世-楷-唐-褚遂良-倪宽赞-39.png,褚遂良,楷,世,唐,倪宽赞,世-楷-唐-褚遂良-倪宽赞-39.png,mccd_salvage,ok,262,172,241.9,210.0,False,0.3018,1,0.0,1.0,clean,none
G:\GitHub\DiT\MCCD\MCCD\MCCD-Calligrapher\calligrapher_dataset\褚遂良\丘-楷-唐-褚遂良-4165.png,褚遂良,楷,丘,唐,4165,丘-楷-唐-褚遂良-4165.png,mccd_salvage,ok,209,135,233.3,198.0,False,0.2544,2,0.0,0.9309,clean,none
G:\GitHub\DiT\MCCD\MCCD\MCCD-Calligrapher\calligrapher_dataset\褚遂良\乘-楷-唐-褚遂良-7610.png,褚遂良,楷,乘,唐,7610,乘-楷-唐-褚遂良-7610.png,mccd_salvage,ok,293,274,238.8,238.8,False,0.1373,5,0.0,0.7941,clean,none
G:\GitHub\DiT\MCCD\MCCD\MCCD-Calligrapher\calligrapher_dataset\褚遂良\公-楷-唐-褚遂良-倪寛赞-51.png,褚遂良,楷,公,唐,倪寛赞,公-楷-唐-褚遂良-倪寛赞-51.png,mccd_salvage,ok,290,268,232.2,194.5,False,0.275,3,0.0,0.5236,clean,none
G:\GitHub\DiT\MCCD\MCCD\MCCD-Calligrapher\calligrapher_dataset\褚遂良\凝-楷-唐-褚遂良-29331.png,褚遂良,楷,凝,唐,29331,凝-楷-唐-褚遂良-29331.png,mccd_salvage,ok,283,231,230.4,230.2,False,0.177,17,0.0018,0.1771,clean,none
G:\GitHub\DiT\MCCD\MCCD\MCCD-Calligrapher\calligrapher_dataset\褚遂良\别-行-唐-褚遂良-31236.png,褚遂良,行,别,唐,31236,别-行-唐-褚遂良-31236.png,mccd_salvage,ok,232,242,234.4,187.5,False,0.2283,5,0.0005,0.4829,clean,none
G:\GitHub\DiT\MCCD\MCCD\MCCD-Calligrapher\calligrapher_dataset\褚遂良\剋-楷-唐-褚遂良-31920.png,褚遂良,楷,剋,唐,31920,剋-楷-唐-褚遂良-31920.png,mccd_salvage,ok,201,181,222.1,212.9,False,0.2011,5,0.0,0.7169,clean,none
G:\GitHub\DiT\MCCD\MCCD\MCCD-Calligrapher\calligrapher_dataset\褚遂良\勝-楷-唐-褚遂良-33776.png,褚遂良,楷,勝,唐,33776,勝-楷-唐-褚遂良-33776.png,mccd_salvage,ok,293,256,172.0,194.8,False,0.346,11,0.0011,0.9028,clean,none
G:\GitHub\DiT\MCCD\MCCD\MCCD-Calligrapher\calligrapher_dataset\褚遂良\古-楷-唐-褚遂良-41909.png,褚遂良,楷,古,唐,41909,古-楷-唐-褚遂良-41909.png,mccd_salvage,ok,253,266,235.3,236.0,False,0.1228,6,0.0,0.4691,clean,none
G:\GitHub\DiT\MCCD\MCCD\MCCD-Calligrapher\calligrapher_dataset\褚遂良\古-楷-唐-褚遂良-41914.png,褚遂良,楷,古,唐,41914,古-楷-唐-褚遂良-41914.png,mccd_salvage,ok,285,259,237.6,234.6,False,0.101,7,0.0,0.3216,clean,none
G:\GitHub\DiT\MCCD\MCCD\MCCD-Calligrapher\calligrapher_dataset\褚遂良\哉-楷-唐-褚遂良-48322.png,褚遂良,楷,哉,唐,48322,哉-楷-唐-褚遂良-48322.png,mccd_salvage,ok,289,305,207.9,240.0,False,0.1084,8,0.0002,0.494,clean,none
G:\GitHub\DiT\MCCD\MCCD\MCCD-Calligrapher\calligrapher_dataset\褚遂良\哉-行-唐-褚遂良-48329.png,褚遂良,行,哉,唐,48329,哉-行-唐-褚遂良-48329.png,mccd_salvage,ok,276,296,228.9,238.1,False,0.164,8,0.0012,0.636,clean,none
G:\GitHub\DiT\MCCD\MCCD\MCCD-Calligrapher\calligrapher_dataset\褚遂良\姜-楷-唐-褚遂良-临王献之飞鸟帖-33.png,褚遂良,楷,姜,唐,临王献之飞鸟帖,姜-楷-唐-褚遂良-临王献之飞鸟帖-33.png,mccd_salvage,ok,214,252,230.6,224.5,False,0.2404,2,0.0,0.9271,clean,none
G:\GitHub\DiT\MCCD\MCCD\MCCD-Calligrapher\calligrapher_dataset\褚遂良\寺-楷-唐-褚遂良-74940.png,褚遂良,楷,寺,唐,74940,寺-楷-唐-褚遂良-74940.png,mccd_salvage,ok,260,291,249.0,246.2,False,0.0765,11,0.0078,0.3496,clean,none
G:\GitHub\DiT\MCCD\MCCD\MCCD-Calligrapher\calligrapher_dataset\褚遂良\微-行-唐-褚遂良-阴符经-85.png,褚遂良,行,微,唐,阴符经,微-行-唐-褚遂良-阴符经-85.png,mccd_salvage,ok,352,354,145.0,3.2,False,0.818,3,0.0,0.9814,broken,too_solid
G:\GitHub\DiT\MCCD\MCCD\MCCD-Calligrapher\calligrapher_dataset\褚遂良\忍-楷-唐-褚遂良-95501.png,褚遂良,楷,忍,唐,95501,忍-楷-唐-褚遂良-95501.png,mccd_salvage,ok,292,249,210.3,235.9,False,0.111,14,0.0054,0.2854,clean,none
G:\GitHub\DiT\MCCD\MCCD\MCCD-Calligrapher\calligrapher_dataset\褚遂良\忍-楷-唐-褚遂良-95502.png,褚遂良,楷,忍,唐,95502,忍-楷-唐-褚遂良-95502.png,mccd_salvage,ok,252,244,237.5,191.5,False,0.2379,8,0.0027,0.555,clean,none
G:\GitHub\DiT\MCCD\MCCD\MCCD-Calligrapher\calligrapher_dataset\褚遂良\恒-楷-唐-褚遂良-97186.png,褚遂良,楷,恒,唐,97186,恒-楷-唐-褚遂良-97186.png,mccd_salvage,ok,292,248,207.7,239.2,False,0.1399,18,0.0052,0.2111,clean,none
G:\GitHub\DiT\MCCD\MCCD\MCCD-Calligrapher\calligrapher_dataset\褚遂良\我-楷-唐-褚遂良-2129.png,褚遂良,楷,我,唐,2129,我-楷-唐-褚遂良-2129.png,mccd_salvage,ok,262,279,246.7,241.9,False,0.0921,7,0.0043,0.8571,clean,none
G:\GitHub\DiT\MCCD\MCCD\MCCD-Calligrapher\calligrapher_dataset\褚遂良\我-楷-唐-褚遂良-2131.png,褚遂良,楷,我,唐,2131,我-楷-唐-褚遂良-2131.png,mccd_salvage,ok,216,189,232.8,211.4,False,0.2412,2,0.0,0.9342,clean,none
G:\GitHub\DiT\MCCD\MCCD\MCCD-Calligrapher\calligrapher_dataset\褚遂良\招-楷-唐-褚遂良-5483.png,褚遂良,楷,招,唐,5483,招-楷-唐-褚遂良-5483.png,mccd_salvage,ok,208,194,235.9,205.8,False,0.2932,3,0.0,0.49,clean,none
G:\GitHub\DiT\MCCD\MCCD\MCCD-Calligrapher\calligrapher_dataset\褚遂良\晦-楷-唐-褚遂良-4508.png,褚遂良,楷,晦,唐,4508,晦-楷-唐-褚遂良-4508.png,mccd_salvage,ok,275,273,234.2,236.7,False,0.1461,15,0.0051,0.4895,clean,none
G:\GitHub\DiT\MCCD\MCCD\MCCD-Calligrapher\calligrapher_dataset\褚遂良\曩-楷-唐-褚遂良-倪宽宝-20.png,褚遂良,楷,曩,唐,倪宽宝,曩-楷-唐-褚遂良-倪宽宝-20.png,mccd_salvage,ok,238,298,238.1,205.7,False,0.3167,1,0.0,1.0,clean,none
G:\GitHub\DiT\MCCD\MCCD\MCCD-Calligrapher\calligrapher_dataset\褚遂良\枚-楷-唐-褚遂良-倪宝赞-17.png,褚遂良,楷,枚,唐,倪宝赞,枚-楷-唐-褚遂良-倪宝赞-17.png,mccd_salvage,ok,266,250,242.9,228.2,False,0.2027,3,0.0,0.5914,clean,none
G:\GitHub\DiT\MCCD\MCCD\MCCD-Calligrapher\calligrapher_dataset\褚遂良\桑-楷-唐-褚遂良-13154.png,褚遂良,楷,桑,唐,13154,桑-楷-唐-褚遂良-13154.png,mccd_salvage,ok,201,158,239.8,226.4,False,0.216,4,0.0,0.7465,clean,none
G:\GitHub\DiT\MCCD\MCCD\MCCD-Calligrapher\calligrapher_dataset\褚遂良\歳-楷-唐-褚遂良-20376.png,褚遂良,楷,歳,唐,20376,歳-楷-唐-褚遂良-20376.png,mccd_salvage,ok,210,264,248.4,243.8,False,0.0985,11,0.0007,0.3916,clean,none
G:\GitHub\DiT\MCCD\MCCD\MCCD-Calligrapher\calligrapher_dataset\褚遂良\河-楷-唐-褚遂良-竹山堂聊句-43.png,褚遂良,楷,河,唐,竹山堂聊句,河-楷-唐-褚遂良-竹山堂聊句-43.png,mccd_salvage,ok,266,280,230.7,199.7,False,0.3489,5,0.0,0.5071,clean,none
G:\GitHub\DiT\MCCD\MCCD\MCCD-Calligrapher\calligrapher_dataset\褚遂良\為-楷-唐-褚遂良-36074.png,褚遂良,楷,為,唐,36074,為-楷-唐-褚遂良-36074.png,mccd_salvage,ok,224,217,232.7,217.0,False,0.1888,6,0.0,0.7565,clean,none
G:\GitHub\DiT\MCCD\MCCD\MCCD-Calligrapher\calligrapher_dataset\褚遂良\為-行-唐-褚遂良-36096.png,褚遂良,行,為,唐,36096,為-行-唐-褚遂良-36096.png,mccd_salvage,ok,223,314,230.0,216.0,False,0.2221,1,0.0,1.0,clean,none
G:\GitHub\DiT\MCCD\MCCD\MCCD-Calligrapher\calligrapher_dataset\褚遂良\為-行-唐-褚遂良-36102.png,褚遂良,行,為,唐,36102,為-行-唐-褚遂良-36102.png,mccd_salvage,ok,228,269,205.2,214.7,False,0.2392,3,0.0,0.8329,clean,none
G:\GitHub\DiT\MCCD\MCCD\MCCD-Calligrapher\calligrapher_dataset\褚遂良\穹-楷-唐-褚遂良-65176.png,褚遂良,楷,穹,唐,65176,穹-楷-唐-褚遂良-65176.png,mccd_salvage,ok,280,318,229.0,216.5,False,0.1891,12,0.0008,0.7603,clean,none
G:\GitHub\DiT\MCCD\MCCD\MCCD-Calligrapher\calligrapher_dataset\褚遂良\粤-楷-唐-褚遂良-69907.png,褚遂良,楷,粤,唐,69907,粤-楷-唐-褚遂良-69907.png,mccd_salvage,ok,221,369,234.3,212.2,False,0.1799,9,0.0,0.5039,clean,none
G:\GitHub\DiT\MCCD\MCCD\MCCD-Calligrapher\calligrapher_dataset\褚遂良\絕-楷-唐-褚遂良-72278.png,褚遂良,楷,絕,唐,72278,絕-楷-唐-褚遂良-72278.png,mccd_salvage,ok,280,241,228.0,215.7,False,0.1911,9,0.0,0.3966,clean,none
G:\GitHub\DiT\MCCD\MCCD\MCCD-Calligrapher\calligrapher_dataset\褚遂良\絕-行-唐-褚遂良-72287.png,褚遂良,行,絕,唐,72287,絕-行-唐-褚遂良-72287.png,mccd_salvage,ok,244,200,234.7,237.5,False,0.1454,7,0.0025,0.3332,clean,none
G:\GitHub\DiT\MCCD\MCCD\MCCD-Calligrapher\calligrapher_dataset\褚遂良\緖-楷-唐-褚遂良-73872.png,褚遂良,楷,緖,唐,73872,緖-楷-唐-褚遂良-73872.png,mccd_salvage,ok,293,242,236.5,236.0,False,0.1678,9,0.0,0.2751,clean,none
G:\GitHub\DiT\MCCD\MCCD\MCCD-Calligrapher\calligrapher_dataset\褚遂良\緖-行-唐-褚遂良-73875.png,褚遂良,行,緖,唐,73875,緖-行-唐-褚遂良-73875.png,mccd_salvage,ok,265,289,237.2,232.0,False,0.2055,6,0.0001,0.4027,clean,none
G:\GitHub\DiT\MCCD\MCCD\MCCD-Calligrapher\calligrapher_dataset\褚遂良\繫-楷-唐-褚遂良-75484.png,褚遂良,楷,繫,唐,75484,繫-楷-唐-褚遂良-75484.png,mccd_salvage,ok,251,293,231.4,229.1,False,0.1141,20,0.0012,0.1849,clean,none
G:\GitHub\DiT\MCCD\MCCD\MCCD-Calligrapher\calligrapher_dataset\褚遂良\繫-行-唐-褚遂良-75488.png,褚遂良,行,繫,唐,75488,繫-行-唐-褚遂良-75488.png,mccd_salvage,ok,208,320,229.3,222.3,False,0.182,7,0.0,0.3989,clean,none
G:\GitHub\DiT\MCCD\MCCD\MCCD-Calligrapher\calligrapher_dataset\褚遂良\衞-楷-唐-褚遂良-101460.png,褚遂良,楷,衞,唐,101460,衞-楷-唐-褚遂良-101460.png,mccd_salvage,ok,248,225,242.5,212.4,False,0.2231,7,0.0,0.3456,clean,none
G:\GitHub\DiT\MCCD\MCCD\MCCD-Calligrapher\calligrapher_dataset\褚遂良\衞-楷-唐-褚遂良-101461.png,褚遂良,楷,衞,唐,101461,衞-楷-唐-褚遂良-101461.png,mccd_salvage,ok,296,254,225.4,240.6,False,0.1525,14,0.0012,0.1851,clean,none
G:\GitHub\DiT\MCCD\MCCD\MCCD-Calligrapher\calligrapher_dataset\褚遂良\逮-楷-唐-褚遂良-124184.png,褚遂良,楷,逮,唐,124184,逮-楷-唐-褚遂良-124184.png,mccd_salvage,ok,282,281,233.7,220.0,False,0.2108,15,0.0065,0.4843,clean,none
G:\GitHub\DiT\MCCD\MCCD\MCCD-Calligrapher\calligrapher_dataset\褚遂良\釐-楷-唐-褚遂良-131508.png,褚遂良,楷,釐,唐,131508,釐-楷-唐-褚遂良-131508.png,mccd_salvage,ok,270,334,236.5,226.2,False,0.2113,14,0.0027,0.2674,clean,none
G:\GitHub\DiT\MCCD\MCCD\MCCD-Calligrapher\calligrapher_dataset\褚遂良\釐-楷-唐-褚遂良-131509.png,褚遂良,楷,釐,唐,131509,釐-楷-唐-褚遂良-131509.png,mccd_salvage,ok,238,325,234.9,228.0,False,0.2098,7,0.0002,0.798,clean,none
G:\GitHub\DiT\MCCD\MCCD\MCCD-Calligrapher\calligrapher_dataset\褚遂良\阜-楷-唐-褚遂良-137300.png,褚遂良,楷,阜,唐,137300,阜-楷-唐-褚遂良-137300.png,mccd_salvage,ok,253,244,244.5,244.1,False,0.0846,8,0.0004,0.2737,clean,none
G:\GitHub\DiT\MCCD\MCCD\MCCD-Calligrapher\calligrapher_dataset\褚遂良\阜-楷-唐-褚遂良-137301.png,褚遂良,楷,阜,唐,137301,阜-楷-唐-褚遂良-137301.png,mccd_salvage,ok,270,269,245.5,231.4,False,0.138,5,0.0018,0.5076,clean,none
G:\GitHub\DiT\MCCD\MCCD\MCCD-Calligrapher\calligrapher_dataset\褚遂良\陟-楷-唐-褚遂良-138149.png,褚遂良,楷,陟,唐,138149,陟-楷-唐-褚遂良-138149.png,mccd_salvage,ok,274,275,213.3,233.7,False,0.1898,5,0.0,0.6309,clean,none
G:\GitHub\DiT\MCCD\MCCD\MCCD-Calligrapher\calligrapher_dataset\褚遂良\雷-楷-唐-褚遂良-142086.png,褚遂良,楷,雷,唐,142086,雷-楷-唐-褚遂良-142086.png,mccd_salvage,ok,267,246,222.2,177.6,False,0.3946,6,0.0,0.4953,clean,none
G:\GitHub\DiT\MCCD\MCCD\MCCD-Calligrapher\calligrapher_dataset\褚遂良\青-楷-唐-褚遂良-143365.png,褚遂良,楷,青,唐,143365,青-楷-唐-褚遂良-143365.png,mccd_salvage,ok,191,201,243.2,227.3,False,0.1991,4,0.0,0.5896,clean,none
G:\GitHub\DiT\MCCD\MCCD\MCCD-Calligrapher\calligrapher_dataset\褚遂良\青-楷-唐-褚遂良-143366.png,褚遂良,楷,青,唐,143366,青-楷-唐-褚遂良-143366.png,mccd_salvage,ok,243,315,241.8,243.8,False,0.162,3,0.0,0.6347,clean,none
G:\GitHub\DiT\MCCD\MCCD\MCCD-Calligrapher\calligrapher_dataset\褚遂良\顧-楷-唐-褚遂良-147046.png,褚遂良,楷,顧,唐,147046,顧-楷-唐-褚遂良-147046.png,mccd_salvage,ok,278,232,144.4,63.9,False,0.6629,6,0.0006,0.9413,broken,too_solid
G:\GitHub\DiT\MCCD\MCCD\MCCD-Calligrapher\calligrapher_dataset\褚遂良\黯-楷-唐-褚遂良-159180.png,褚遂良,楷,黯,唐,159180,黯-楷-唐-褚遂良-159180.png,mccd_salvage,ok,208,201,237.3,209.1,False,0.3016,7,0.0,0.5024,clean,none
G:\GitHub\DiT\MCCD\MCCD\MCCD-Calligrapher\calligrapher_dataset\褚遂良\𢈲-楷-唐-褚遂良-1082.png,褚遂良,楷,𢈲,唐,1082,𢈲-楷-唐-褚遂良-1082.png,mccd_salvage,ok,184,241,240.2,234.1,False,0.204,4,0.0,0.7261,clean,none
G:\GitHub\DiT\MCCD\MCCD\MCCD-Calligrapher\calligrapher_dataset\赵之谦\五-隶-清-赵之谦-11317.png,赵之谦,隶,五,清,11317,五-隶-清-赵之谦-11317.png,mccd_salvage,ok,278,157,73.6,190.0,True,0.5409,1,0.0,1.0,inverted,inverted
G:\GitHub\DiT\MCCD\MCCD\MCCD-Calligrapher\calligrapher_dataset\赵之谦\依-隶-清-赵之谦-18878.png,赵之谦,隶,依,清,18878,依-隶-清-赵之谦-18878.png,mccd_salvage,ok,247,173,235.5,195.4,False,0.4657,2,0.0,0.679,clean,none
G:\GitHub\DiT\MCCD\MCCD\MCCD-Calligrapher\calligrapher_dataset\赵之谦\光-隶-清-赵之谦-24525.png,赵之谦,隶,光,清,24525,光-隶-清-赵之谦-24525.png,mccd_salvage,ok,287,168,234.8,187.8,False,0.3638,2,0.0,0.9055,clean,none
G:\GitHub\DiT\MCCD\MCCD\MCCD-Calligrapher\calligrapher_dataset\赵之谦\利-隶-清-赵之谦-31114.png,赵之谦,隶,利,清,31114,利-隶-清-赵之谦-31114.png,mccd_salvage,ok,254,200,213.4,176.7,False,0.4497,2,0.0,0.6156,clean,none
G:\GitHub\DiT\MCCD\MCCD\MCCD-Calligrapher\calligrapher_dataset\赵之谦\十-楷-清-赵之谦-35849.png,赵之谦,楷,十,清,35849,十-楷-清-赵之谦-35849.png,mccd_salvage,ok,220,208,240.9,219.1,False,0.2947,1,0.0,1.0,clean,none
G:\GitHub\DiT\MCCD\MCCD\MCCD-Calligrapher\calligrapher_dataset\赵之谦\名-隶-清-赵之谦-44388.png,赵之谦,隶,名,清,44388,名-隶-清-赵之谦-44388.png,mccd_salvage,ok,270,243,235.5,212.8,False,0.3329,2,0.0,0.63,clean,none
G:\GitHub\DiT\MCCD\MCCD\MCCD-Calligrapher\calligrapher_dataset\赵之谦\唐-楷-清-赵之谦-48821.png,赵之谦,楷,唐,清,48821,唐-楷-清-赵之谦-48821.png,mccd_salvage,ok,185,202,233.8,173.4,False,0.4522,1,0.0,1.0,clean,none
G:\GitHub\DiT\MCCD\MCCD\MCCD-Calligrapher\calligrapher_dataset\赵之谦\器-隶-清-赵之谦-51803.png,赵之谦,隶,器,清,51803,器-隶-清-赵之谦-51803.png,mccd_salvage,ok,232,183,222.8,139.3,False,0.5751,2,0.0,0.8473,broken,too_solid
G:\GitHub\DiT\MCCD\MCCD\MCCD-Calligrapher\calligrapher_dataset\赵之谦\土-隶-清-赵之谦-54060.png,赵之谦,隶,土,清,54060,土-隶-清-赵之谦-54060.png,mccd_salvage,ok,244,185,229.2,199.7,False,0.4203,1,0.0,1.0,clean,none
G:\GitHub\DiT\MCCD\MCCD\MCCD-Calligrapher\calligrapher_dataset\赵之谦\尤-楷-清-赵之谦-77258.png,赵之谦,楷,尤,清,77258,尤-楷-清-赵之谦-77258.png,mccd_salvage,ok,241,197,209.8,161.2,False,0.4015,2,0.0,0.9291,clean,none
G:\GitHub\DiT\MCCD\MCCD\MCCD-Calligrapher\calligrapher_dataset\赵之谦\居-楷-清-赵之谦-78002.png,赵之谦,楷,居,清,78002,居-楷-清-赵之谦-78002.png,mccd_salvage,ok,248,209,227.0,182.1,False,0.408,1,0.0,1.0,clean,none
G:\GitHub\DiT\MCCD\MCCD\MCCD-Calligrapher\calligrapher_dataset\赵之谦\居-隶-清-赵之谦-77984.png,赵之谦,隶,居,清,77984,居-隶-清-赵之谦-77984.png,mccd_salvage,ok,219,193,236.2,173.5,False,0.4477,1,0.0,1.0,clean,none
G:\GitHub\DiT\MCCD\MCCD\MCCD-Calligrapher\calligrapher_dataset\赵之谦\岳-行-清-赵之谦-79560.png,赵之谦,行,岳,清,79560,岳-行-清-赵之谦-79560.png,mccd_salvage,ok,205,268,226.8,182.6,False,0.5546,1,0.0,1.0,broken,too_solid
G:\GitHub\DiT\MCCD\MCCD\MCCD-Calligrapher\calligrapher_dataset\赵之谦\州-行-清-赵之谦-81237.png,赵之谦,行,州,清,81237,州-行-清-赵之谦-81237.png,mccd_salvage,ok,251,193,226.5,161.2,False,0.4283,1,0.0,1.0,clean,none
G:\GitHub\DiT\MCCD\MCCD\MCCD-Calligrapher\calligrapher_dataset\赵之谦\已-楷-清-赵之谦-82303.png,赵之谦,楷,已,清,82303,已-楷-清-赵之谦-82303.png,mccd_salvage,ok,213,224,219.9,161.3,False,0.4386,1,0.0,1.0,clean,none
G:\GitHub\DiT\MCCD\MCCD\MCCD-Calligrapher\calligrapher_dataset\赵之谦\度-隶-清-赵之谦-86448.png,赵之谦,隶,度,清,86448,度-隶-清-赵之谦-86448.png,mccd_salvage,ok,246,229,234.6,190.6,False,0.4837,1,0.0,1.0,clean,none
G:\GitHub\DiT\MCCD\MCCD\MCCD-Calligrapher\calligrapher_dataset\赵之谦\張-楷-清-赵之谦-89910.png,赵之谦,楷,張,清,89910,張-楷-清-赵之谦-89910.png,mccd_salvage,ok,241,204,232.6,174.5,False,0.4901,1,0.0,1.0,clean,none
G:\GitHub\DiT\MCCD\MCCD\MCCD-Calligrapher\calligrapher_dataset\赵之谦\彝-楷-清-赵之谦-91298.png,赵之谦,楷,彝,清,91298,彝-楷-清-赵之谦-91298.png,mccd_salvage,ok,231,219,241.5,210.8,False,0.3878,1,0.0,1.0,clean,none
G:\GitHub\DiT\MCCD\MCCD\MCCD-Calligrapher\calligrapher_dataset\赵之谦\彞-楷-清-赵之谦-91857.png,赵之谦,楷,彞,清,91857,彞-楷-清-赵之谦-91857.png,mccd_salvage,ok,231,219,241.5,210.8,False,0.3878,1,0.0,1.0,clean,none
G:\GitHub\DiT\MCCD\MCCD\MCCD-Calligrapher\calligrapher_dataset\赵之谦\恵-隶-清-赵之谦-97754.png,赵之谦,隶,恵,清,97754,恵-隶-清-赵之谦-97754.png,mccd_salvage,ok,275,188,238.0,214.5,False,0.1852,5,0.0,0.6976,clean,none
G:\GitHub\DiT\MCCD\MCCD\MCCD-Calligrapher\calligrapher_dataset\赵之谦\恵-隶-清-赵之谦-97755.png,赵之谦,隶,恵,清,97755,恵-隶-清-赵之谦-97755.png,mccd_salvage,ok,260,189,234.0,219.3,False,0.1622,11,0.0,0.1658,clean,none
G:\GitHub\DiT\MCCD\MCCD\MCCD-Calligrapher\calligrapher_dataset\赵之谦\攝-楷-清-赵之谦-974.png,赵之谦,楷,攝,清,974,攝-楷-清-赵之谦-974.png,mccd_salvage,ok,236,216,239.9,187.0,False,0.5017,1,0.0,1.0,clean,none
G:\GitHub\DiT\MCCD\MCCD\MCCD-Calligrapher\calligrapher_dataset\赵之谦\昔-行-清-赵之谦-2647.png,赵之谦,行,昔,清,2647,昔-行-清-赵之谦-2647.png,mccd_salvage,ok,210,244,233.9,198.8,False,0.4766,1,0.0,1.0,clean,none
G:\GitHub\DiT\MCCD\MCCD\MCCD-Calligrapher\calligrapher_dataset\赵之谦\是-楷-清-赵之谦-3566.png,赵之谦,楷,是,清,3566,是-楷-清-赵之谦-3566.png,mccd_salvage,ok,203,184,233.5,205.0,False,0.3862,1,0.0,1.0,clean,none
G:\GitHub\DiT\MCCD\MCCD\MCCD-Calligrapher\calligrapher_dataset\赵之谦\是-隶-清-赵之谦-3515.png,赵之谦,隶,是,清,3515,是-隶-清-赵之谦-3515.png,mccd_salvage,ok,268,258,229.4,176.8,False,0.5125,1,0.0,1.0,clean,none
G:\GitHub\DiT\MCCD\MCCD\MCCD-Calligrapher\calligrapher_dataset\赵之谦\月-楷-清-赵之谦-7770.png,赵之谦,楷,月,清,7770,月-楷-清-赵之谦-7770.png,mccd_salvage,ok,207,234,220.3,148.9,False,0.4764,1,0.0,1.0,clean,none
G:\GitHub\DiT\MCCD\MCCD\MCCD-Calligrapher\calligrapher_dataset\赵之谦\月-隶-清-赵之谦-7695.png,赵之谦,隶,月,清,7695,月-隶-清-赵之谦-7695.png,mccd_salvage,ok,221,187,230.6,156.7,False,0.4699,1,0.0,1.0,clean,none
G:\GitHub\DiT\MCCD\MCCD\MCCD-Calligrapher\calligrapher_dataset\赵之谦\栽-隶-清-赵之谦-12896.png,赵之谦,隶,栽,清,12896,栽-隶-清-赵之谦-12896.png,mccd_salvage,ok,279,249,233.6,197.0,False,0.4682,1,0.0,1.0,clean,none
G:\GitHub\DiT\MCCD\MCCD\MCCD-Calligrapher\calligrapher_dataset\赵之谦\梵-楷-清-赵之谦-13817.png,赵之谦,楷,梵,清,13817,梵-楷-清-赵之谦-13817.png,mccd_salvage,ok,172,178,215.1,168.9,False,0.4515,1,0.0,1.0,clean,none
G:\GitHub\DiT\MCCD\MCCD\MCCD-Calligrapher\calligrapher_dataset\赵之谦\焉-行-清-赵之谦-36637.png,赵之谦,行,焉,清,36637,焉-行-清-赵之谦-36637.png,mccd_salvage,ok,214,204,214.5,148.6,False,0.5271,1,0.0,1.0,clean,none
G:\GitHub\DiT\MCCD\MCCD\MCCD-Calligrapher\calligrapher_dataset\赵之谦\無-隶-清-赵之谦-37087.png,赵之谦,隶,無,清,37087,無-隶-清-赵之谦-37087.png,mccd_salvage,ok,252,166,231.2,152.8,False,0.6079,1,0.0,1.0,broken,too_solid
G:\GitHub\DiT\MCCD\MCCD\MCCD-Calligrapher\calligrapher_dataset\赵之谦\熟-行-清-赵之谦-38124.png,赵之谦,行,熟,清,38124,熟-行-清-赵之谦-38124.png,mccd_salvage,ok,242,278,234.8,181.4,False,0.4983,2,0.0,0.9579,clean,none
G:\GitHub\DiT\MCCD\MCCD\MCCD-Calligrapher\calligrapher_dataset\赵之谦\牽-楷-清-赵之谦-41427.png,赵之谦,楷,牽,清,41427,牽-楷-清-赵之谦-41427.png,mccd_salvage,ok,213,232,239.5,219.6,False,0.436,1,0.0,1.0,clean,none
G:\GitHub\DiT\MCCD\MCCD\MCCD-Calligrapher\calligrapher_dataset\赵之谦\畫-行-清-赵之谦-49906.png,赵之谦,行,畫,清,49906,畫-行-清-赵之谦-49906.png,mccd_salvage,ok,177,253,243.1,216.7,False,0.4823,2,0.0,0.8455,clean,none
G:\GitHub\DiT\MCCD\MCCD\MCCD-Calligrapher\calligrapher_dataset\赵之谦\疏-行-清-赵之谦-50690.png,赵之谦,行,疏,清,50690,疏-行-清-赵之谦-50690.png,mccd_salvage,ok,279,196,224.4,188.8,False,0.4668,2,0.0,0.5769,clean,none
G:\GitHub\DiT\MCCD\MCCD\MCCD-Calligrapher\calligrapher_dataset\赵之谦\癘-楷-清-赵之谦-52163.png,赵之谦,楷,癘,清,52163,癘-楷-清-赵之谦-52163.png,mccd_salvage,ok,169,226,227.8,161.1,False,0.5482,2,0.0,0.9524,clean,none
G:\GitHub\DiT\MCCD\MCCD\MCCD-Calligrapher\calligrapher_dataset\赵之谦\百-楷-清-赵之谦-53325.png,赵之谦,楷,百,清,53325,百-楷-清-赵之谦-53325.png,mccd_salvage,ok,260,193,233.5,175.1,False,0.4708,1,0.0,1.0,clean,none
G:\GitHub\DiT\MCCD\MCCD\MCCD-Calligrapher\calligrapher_dataset\赵之谦\瞑-隶-清-赵之谦-57808.png,赵之谦,隶,瞑,清,57808,瞑-隶-清-赵之谦-57808.png,mccd_salvage,ok,260,186,198.8,148.4,False,0.6291,1,0.0,1.0,broken,too_solid
G:\GitHub\DiT\MCCD\MCCD\MCCD-Calligrapher\calligrapher_dataset\赵之谦\瞽-楷-清-赵之谦-58079.png,赵之谦,楷,瞽,清,58079,瞽-楷-清-赵之谦-58079.png,mccd_salvage,ok,200,210,235.3,192.7,False,0.4606,1,0.0,1.0,clean,none
G:\GitHub\DiT\MCCD\MCCD\MCCD-Calligrapher\calligrapher_dataset\赵之谦\粟-楷-清-赵之谦-69867.png,赵之谦,楷,粟,清,69867,粟-楷-清-赵之谦-69867.png,mccd_salvage,ok,252,223,233.5,187.4,False,0.4598,2,0.0,0.9343,clean,none
G:\GitHub\DiT\MCCD\MCCD\MCCD-Calligrapher\calligrapher_dataset\赵之谦\翟-楷-清-赵之谦-78582.png,赵之谦,楷,翟,清,78582,翟-楷-清-赵之谦-78582.png,mccd_salvage,ok,208,187,223.5,151.8,False,0.4986,1,0.0,1.0,clean,none
G:\GitHub\DiT\MCCD\MCCD\MCCD-Calligrapher\calligrapher_dataset\赵之谦\翩-楷-清-赵之谦-78718.png,赵之谦,楷,翩,清,78718,翩-楷-清-赵之谦-78718.png,mccd_salvage,ok,279,212,228.7,160.8,False,0.5383,2,0.0,0.7791,clean,none
G:\GitHub\DiT\MCCD\MCCD\MCCD-Calligrapher\calligrapher_dataset\赵之谦\而-行-清-赵之谦-80876.png,赵之谦,行,而,清,80876,而-行-清-赵之谦-80876.png,mccd_salvage,ok,239,147,217.4,159.8,False,0.4899,1,0.0,1.0,clean,none
G:\GitHub\DiT\MCCD\MCCD\MCCD-Calligrapher\calligrapher_dataset\赵之谦\而-隶-清-赵之谦-80803.png,赵之谦,隶,而,清,80803,而-隶-清-赵之谦-80803.png,mccd_salvage,ok,271,168,229.3,184.9,False,0.3302,2,0.0,0.8952,clean,none
G:\GitHub\DiT\MCCD\MCCD\MCCD-Calligrapher\calligrapher_dataset\赵之谦\良-隶-清-赵之谦-89046.png,赵之谦,隶,良,清,89046,良-隶-清-赵之谦-89046.png,mccd_salvage,ok,280,248,225.2,173.8,False,0.5261,1,0.0,1.0,clean,none
G:\GitHub\DiT\MCCD\MCCD\MCCD-Calligrapher\calligrapher_dataset\赵之谦\若-隶-清-赵之谦-90333.png,赵之谦,隶,若,清,90333,若-隶-清-赵之谦-90333.png,mccd_salvage,ok,260,149,232.1,184.1,False,0.325,3,0.0,0.5896,clean,none
G:\GitHub\DiT\MCCD\MCCD\MCCD-Calligrapher\calligrapher_dataset\赵之谦\若-隶-清-赵之谦-90334.png,赵之谦,隶,若,清,90334,若-隶-清-赵之谦-90334.png,mccd_salvage,ok,262,160,235.9,196.0,False,0.2945,3,0.0,0.7341,clean,none
G:\GitHub\DiT\MCCD\MCCD\MCCD-Calligrapher\calligrapher_dataset\赵之谦\覺-隶-清-赵之谦-105162.png,赵之谦,隶,覺,清,105162,覺-隶-清-赵之谦-105162.png,mccd_salvage,ok,273,317,234.0,189.4,False,0.5489,1,0.0,1.0,clean,none
G:\GitHub\DiT\MCCD\MCCD\MCCD-Calligrapher\calligrapher_dataset\赵之谦\輯-楷-清-赵之谦-120265.png,赵之谦,楷,輯,清,120265,輯-楷-清-赵之谦-120265.png,mccd_salvage,ok,264,260,245.0,229.2,False,0.3954,2,0.0,0.8784,clean,none
G:\GitHub\DiT\MCCD\MCCD\MCCD-Calligrapher\calligrapher_dataset\赵之谦\郡-隶-清-赵之谦-128136.png,赵之谦,隶,郡,清,128136,郡-隶-清-赵之谦-128136.png,mccd_salvage,ok,280,190,226.3,175.4,False,0.4718,2,0.0,0.8539,clean,none
G:\GitHub\DiT\MCCD\MCCD\MCCD-Calligrapher\calligrapher_dataset\赵之谦\鍵-楷-清-赵之谦-134066.png,赵之谦,楷,鍵,清,134066,鍵-楷-清-赵之谦-134066.png,mccd_salvage,ok,214,157,229.2,174.6,False,0.5051,1,0.0,1.0,clean,none
G:\GitHub\DiT\MCCD\MCCD\MCCD-Calligrapher\calligrapher_dataset\赵之谦\閟-楷-清-赵之谦-136557.png,赵之谦,楷,閟,清,136557,閟-楷-清-赵之谦-136557.png,mccd_salvage,ok,187,217,210.8,103.0,False,0.5718,3,0.0,0.6147,broken,too_solid
G:\GitHub\DiT\MCCD\MCCD\MCCD-Calligrapher\calligrapher_dataset\赵之谦\雀-隶-清-赵之谦-140362.png,赵之谦,隶,雀,清,140362,雀-隶-清-赵之谦-140362.png,mccd_salvage,ok,285,298,238.2,210.8,False,0.4968,3,0.0,0.8629,clean,none
G:\GitHub\DiT\MCCD\MCCD\MCCD-Calligrapher\calligrapher_dataset\赵之谦\雁-行-清-赵之谦-140409.png,赵之谦,行,雁,清,140409,雁-行-清-赵之谦-140409.png,mccd_salvage,ok,217,196,234.0,174.6,False,0.3972,3,0.0,0.6882,clean,none
G:\GitHub\DiT\MCCD\MCCD\MCCD-Calligrapher\calligrapher_dataset\赵之谦\雩-楷-清-赵之谦-141783.png,赵之谦,楷,雩,清,141783,雩-楷-清-赵之谦-141783.png,mccd_salvage,ok,233,247,234.0,198.5,False,0.3831,2,0.0,0.6943,clean,none
G:\GitHub\DiT\MCCD\MCCD\MCCD-Calligrapher\calligrapher_dataset\赵之谦\首-行-清-赵之谦-149463.png,赵之谦,行,首,清,149463,首-行-清-赵之谦-149463.png,mccd_salvage,ok,156,230,232.5,182.3,False,0.3775,3,0.0,0.5464,clean,none
G:\GitHub\DiT\MCCD\MCCD\MCCD-Calligrapher\calligrapher_dataset\赵之谦\首-隶-清-赵之谦-149423.png,赵之谦,隶,首,清,149423,首-隶-清-赵之谦-149423.png,mccd_salvage,ok,278,151,224.9,219.4,False,0.2195,3,0.0,0.8334,clean,none
G:\GitHub\DiT\MCCD\MCCD\MCCD-Calligrapher\calligrapher_dataset\赵之谦\鬯-楷-清-赵之谦-153227.png,赵之谦,楷,鬯,清,153227,鬯-楷-清-赵之谦-153227.png,mccd_salvage,ok,211,215,213.3,171.4,False,0.4926,1,0.0,1.0,clean,none
G:\GitHub\DiT\MCCD\MCCD\MCCD-Calligrapher\calligrapher_dataset\赵之谦\鬯-隶-清-赵之谦-153223.png,赵之谦,隶,鬯,清,153223,鬯-隶-清-赵之谦-153223.png,mccd_salvage,ok,241,179,213.5,203.9,False,0.2093,4,0.0,0.591,clean,none
G:\GitHub\DiT\MCCD\MCCD\MCCD-Calligrapher\calligrapher_dataset\赵之谦\魚-楷-清-赵之谦-153934.png,赵之谦,楷,魚,清,153934,魚-楷-清-赵之谦-153934.png,mccd_salvage,ok,207,248,243.5,217.4,False,0.4111,5,0.0,0.7655,clean,none
G:\GitHub\DiT\MCCD\MCCD\MCCD-Calligrapher\calligrapher_dataset\赵之谦\魚-行-清-赵之谦-153959.png,赵之谦,行,魚,清,153959,魚-行-清-赵之谦-153959.png,mccd_salvage,ok,171,173,239.8,193.6,False,0.3137,1,0.0,1.0,clean,none
G:\GitHub\DiT\MCCD\MCCD\MCCD-Calligrapher\calligrapher_dataset\赵之谦\黃-行-清-赵之谦-158184.png,赵之谦,行,黃,清,158184,黃-行-清-赵之谦-158184.png,mccd_salvage,ok,156,198,240.4,189.5,False,0.4644,2,0.0,0.9548,clean,none
G:\GitHub\DiT\MCCD\MCCD\MCCD-Calligrapher\calligrapher_dataset\赵之谦\黔-隶-清-赵之谦-158922.png,赵之谦,隶,黔,清,158922,黔-隶-清-赵之谦-158922.png,mccd_salvage,ok,283,163,243.9,197.9,False,0.2898,4,0.0,0.5696,clean,none
G:\GitHub\DiT\MCCD\MCCD\MCCD-Calligrapher\calligrapher_dataset\赵之谦\龍-隶-清-赵之谦-160803.png,赵之谦,隶,龍,清,160803,龍-隶-清-赵之谦-160803.png,mccd_salvage,ok,277,215,235.4,206.8,False,0.4477,1,0.0,1.0,clean,none
G:\GitHub\DiT\MCCD\MCCD\MCCD-Calligrapher\calligrapher_dataset\赵佶\且-楷-宋-赵佶-3848.png,赵佶,楷,且,宋,3848,且-楷-宋-赵佶-3848.png,mccd_salvage,ok,249,149,233.7,225.6,False,0.115,2,0.0,0.9601,clean,none
G:\GitHub\DiT\MCCD\MCCD\MCCD-Calligrapher\calligrapher_dataset\赵佶\優-楷-宋-赵佶-23347.png,赵佶,楷,優,宋,23347,優-楷-宋-赵佶-23347.png,mccd_salvage,ok,234,261,239.6,231.2,False,0.1832,8,0.0,0.327,clean,none
G:\GitHub\DiT\MCCD\MCCD\MCCD-Calligrapher\calligrapher_dataset\赵佶\周-楷-宋-赵佶-46942.png,赵佶,楷,周,宋,46942,周-楷-宋-赵佶-46942.png,mccd_salvage,ok,158,192,245.2,227.3,False,0.1287,14,0.0231,0.3149,clean,none
G:\GitHub\DiT\MCCD\MCCD\MCCD-Calligrapher\calligrapher_dataset\赵佶\宜-行-宋-赵佶-71280.png,赵佶,行,宜,宋,71280,宜-行-宋-赵佶-71280.png,mccd_salvage,ok,188,224,229.0,188.2,False,0.3297,1,0.0,1.0,clean,none
G:\GitHub\DiT\MCCD\MCCD\MCCD-Calligrapher\calligrapher_dataset\赵佶\廓-楷-宋-赵佶-87299.png,赵佶,楷,廓,宋,87299,廓-楷-宋-赵佶-87299.png,mccd_salvage,ok,174,210,243.8,221.4,False,0.2069,3,0.0,0.7631,clean,none
G:\GitHub\DiT\MCCD\MCCD\MCCD-Calligrapher\calligrapher_dataset\赵佶\暎-楷-宋-赵佶-5024.png,赵佶,楷,暎,宋,5024,暎-楷-宋-赵佶-5024.png,mccd_salvage,ok,204,173,240.9,223.4,False,0.2416,3,0.0,0.8466,clean,none
G:\GitHub\DiT\MCCD\MCCD\MCCD-Calligrapher\calligrapher_dataset\赵佶\杷-楷-宋-赵佶-10978.png,赵佶,楷,杷,宋,10978,杷-楷-宋-赵佶-10978.png,mccd_salvage,ok,255,204,247.4,238.5,False,0.1203,3,0.0,0.4822,clean,none
G:\GitHub\DiT\MCCD\MCCD\MCCD-Calligrapher\calligrapher_dataset\赵佶\比-楷-宋-赵佶-22837.png,赵佶,楷,比,宋,22837,比-楷-宋-赵佶-22837.png,mccd_salvage,ok,249,160,244.6,210.9,False,0.107,9,0.0021,0.5169,clean,none
G:\GitHub\DiT\MCCD\MCCD\MCCD-Calligrapher\calligrapher_dataset\赵佶\煩-楷-宋-赵佶-37850.png,赵佶,楷,煩,宋,37850,煩-楷-宋-赵佶-37850.png,mccd_salvage,ok,255,281,240.5,221.4,False,0.1732,9,0.0006,0.4444,clean,none
G:\GitHub\DiT\MCCD\MCCD\MCCD-Calligrapher\calligrapher_dataset\赵佶\猷-楷-宋-赵佶-42814.png,赵佶,楷,猷,宋,42814,猷-楷-宋-赵佶-42814.png,mccd_salvage,ok,223,168,244.1,226.6,False,0.1604,12,0.0032,0.3815,clean,none
G:\GitHub\DiT\MCCD\MCCD\MCCD-Calligrapher\calligrapher_dataset\赵佶\男-楷-宋-赵佶-48994.png,赵佶,楷,男,宋,48994,男-楷-宋-赵佶-48994.png,mccd_salvage,ok,213,247,237.7,229.1,False,0.1583,4,0.0,0.6233,clean,none
G:\GitHub\DiT\MCCD\MCCD\MCCD-Calligrapher\calligrapher_dataset\赵佶\盛-楷-宋-赵佶-54733.png,赵佶,楷,盛,宋,54733,盛-楷-宋-赵佶-54733.png,mccd_salvage,ok,212,196,231.1,212.9,False,0.1887,4,0.0,0.733,clean,none
G:\GitHub\DiT\MCCD\MCCD\MCCD-Calligrapher\calligrapher_dataset\赵佶\盛-行-宋-赵佶-54747.png,赵佶,行,盛,宋,54747,盛-行-宋-赵佶-54747.png,mccd_salvage,ok,224,265,226.9,207.4,False,0.3529,3,0.0003,0.9613,clean,none
G:\GitHub\DiT\MCCD\MCCD\MCCD-Calligrapher\calligrapher_dataset\赵佶\祀-楷-宋-赵佶-60847.png,赵佶,楷,祀,宋,60847,祀-楷-宋-赵佶-60847.png,mccd_salvage,ok,225,173,245.3,232.8,False,0.1365,4,0.0,0.4851,clean,none
G:\GitHub\DiT\MCCD\MCCD\MCCD-Calligrapher\calligrapher_dataset\赵佶\言-楷-宋-赵佶-106167.png,赵佶,楷,言,宋,106167,言-楷-宋-赵佶-106167.png,mccd_salvage,ok,218,208,240.6,225.5,False,0.1226,6,0.0007,0.3263,clean,none
G:\GitHub\DiT\MCCD\MCCD\MCCD-Calligrapher\calligrapher_dataset\赵佶\賞-楷-宋-赵佶-114971.png,赵佶,楷,賞,宋,114971,賞-楷-宋-赵佶-114971.png,mccd_salvage,ok,185,218,237.3,218.6,False,0.2787,2,0.0,0.9772,clean,none
G:\GitHub\DiT\MCCD\MCCD\MCCD-Calligrapher\calligrapher_dataset\赵佶\賞-楷-宋-赵佶-114972.png,赵佶,楷,賞,宋,114972,賞-楷-宋-赵佶-114972.png,mccd_salvage,ok,168,227,244.6,235.5,False,0.1252,13,0.0015,0.2315,clean,none
G:\GitHub\DiT\MCCD\MCCD\MCCD-Calligrapher\calligrapher_dataset\赵佶\逼-楷-宋-赵佶-124419.png,赵佶,楷,逼,宋,124419,逼-楷-宋-赵佶-124419.png,mccd_salvage,ok,204,184,236.3,227.0,False,0.1438,9,0.0026,0.2751,clean,none
G:\GitHub\DiT\MCCD\MCCD\MCCD-Calligrapher\calligrapher_dataset\赵佶\重-楷-宋-赵佶-131215.png,赵佶,楷,重,宋,131215,重-楷-宋-赵佶-131215.png,mccd_salvage,ok,251,235,249.5,243.2,False,0.1369,7,0.0027,0.816,clean,none
G:\GitHub\DiT\MCCD\MCCD\MCCD-Calligrapher\calligrapher_dataset\赵佶\闕-楷-宋-赵佶-137063.png,赵佶,楷,闕,宋,137063,闕-楷-宋-赵佶-137063.png,mccd_salvage,ok,176,201,237.6,197.0,False,0.2636,4,0.0028,0.7005,clean,none
G:\GitHub\DiT\MCCD\MCCD\MCCD-Calligrapher\calligrapher_dataset\赵佶\階-楷-宋-赵佶-139377.png,赵佶,楷,階,宋,139377,階-楷-宋-赵佶-139377.png,mccd_salvage,ok,226,217,243.4,210.4,False,0.1846,5,0.0,0.4802,clean,none
G:\GitHub\DiT\MCCD\MCCD\MCCD-Calligrapher\calligrapher_dataset\赵佶\霄-楷-宋-赵佶-142221.png,赵佶,楷,霄,宋,142221,霄-楷-宋-赵佶-142221.png,mccd_salvage,ok,173,295,247.3,235.0,False,0.1386,11,0.0028,0.3641,clean,none
G:\GitHub\DiT\MCCD\MCCD\MCCD-Calligrapher\calligrapher_dataset\赵佶\顚-楷-宋-赵佶-146835.png,赵佶,楷,顚,宋,146835,顚-楷-宋-赵佶-146835.png,mccd_salvage,ok,184,189,240.6,221.4,False,0.1947,6,0.0,0.477,clean,none
G:\GitHub\DiT\MCCD\MCCD\MCCD-Calligrapher\calligrapher_dataset\赵佶\飄-楷-宋-赵佶-147603.png,赵佶,楷,飄,宋,147603,飄-楷-宋-赵佶-147603.png,mccd_salvage,ok,196,158,231.0,210.0,False,0.2353,3,0.0,0.9555,clean,none
G:\GitHub\DiT\MCCD\MCCD\MCCD-Calligrapher\calligrapher_dataset\赵佶\魄-楷-宋-赵佶-153602.png,赵佶,楷,魄,宋,153602,魄-楷-宋-赵佶-153602.png,mccd_salvage,ok,229,194,245.0,218.1,False,0.1899,9,0.0052,0.7798,clean,none
G:\GitHub\DiT\MCCD\MCCD\MCCD-Calligrapher\calligrapher_dataset\赵佶\默-楷-宋-赵佶-158963.png,赵佶,楷,默,宋,158963,默-楷-宋-赵佶-158963.png,mccd_salvage,ok,206,203,245.2,237.9,False,0.1657,9,0.0026,0.8197,clean,none
G:\GitHub\DiT\MCCD\MCCD\MCCD-Calligrapher\calligrapher_dataset\赵孟𫖯\㞐-隶-元-赵孟𫖯-163300.png,赵孟頫,隶,㞐,元,163300,㞐-隶-元-赵孟𫖯-163300.png,mccd_salvage,ok,235,156,222.9,146.3,False,0.3717,1,0.0,1.0,clean,none
G:\GitHub\DiT\MCCD\MCCD\MCCD-Calligrapher\calligrapher_dataset\赵孟𫖯\七-行-元-赵孟𫖯-903.png,赵孟頫,行,七,元,903,七-行-元-赵孟𫖯-903.png,mccd_salvage,ok,230,144,229.6,179.7,False,0.4508,1,0.0,1.0,clean,none
G:\GitHub\DiT\MCCD\MCCD\MCCD-Calligrapher\calligrapher_dataset\赵孟𫖯\丈-楷-元-赵孟𫖯-1002.png,赵孟頫,楷,丈,元,1002,丈-楷-元-赵孟𫖯-1002.png,mccd_salvage,ok,238,208,229.8,218.8,False,0.2708,1,0.0,1.0,clean,none
G:\GitHub\DiT\MCCD\MCCD\MCCD-Calligrapher\calligrapher_dataset\赵孟𫖯\上-楷-元-赵孟𫖯-1603.png,赵孟頫,楷,上,元,1603,上-楷-元-赵孟𫖯-1603.png,mccd_salvage,ok,245,162,227.3,180.5,False,0.2514,1,0.0,1.0,clean,none
G:\GitHub\DiT\MCCD\MCCD\MCCD-Calligrapher\calligrapher_dataset\赵孟𫖯\下-隶-元-赵孟𫖯-1858.png,赵孟頫,隶,下,元,1858,下-隶-元-赵孟𫖯-1858.png,mccd_salvage,ok,238,132,226.5,157.2,False,0.2672,1,0.0,1.0,clean,none
G:\GitHub\DiT\MCCD\MCCD\MCCD-Calligrapher\calligrapher_dataset\赵孟𫖯\不-楷-元-赵孟𫖯-2983.png,赵孟頫,楷,不,元,2983,不-楷-元-赵孟𫖯-2983.png,mccd_salvage,ok,258,208,231.1,193.1,False,0.3644,1,0.0,1.0,clean,none
G:\GitHub\DiT\MCCD\MCCD\MCCD-Calligrapher\calligrapher_dataset\赵孟𫖯\不-楷-元-赵孟𫖯-2984.png,赵孟頫,楷,不,元,2984,不-楷-元-赵孟𫖯-2984.png,mccd_salvage,ok,262,221,244.1,217.1,False,0.2571,2,0.0,0.8498,clean,none
G:\GitHub\DiT\MCCD\MCCD\MCCD-Calligrapher\calligrapher_dataset\赵孟𫖯\不-楷-元-赵孟𫖯-2985.png,赵孟頫,楷,不,元,2985,不-楷-元-赵孟𫖯-2985.png,mccd_salvage,ok,261,189,232.9,177.4,False,0.3134,2,0.0,0.833,clean,none
G:\GitHub\DiT\MCCD\MCCD\MCCD-Calligrapher\calligrapher_dataset\赵孟𫖯\不-隶-元-赵孟𫖯-2908.png,赵孟頫,隶,不,元,2908,不-隶-元-赵孟𫖯-2908.png,mccd_salvage,ok,238,145,224.6,178.3,False,0.3431,3,0.0,0.6181,clean,none
G:\GitHub\DiT\MCCD\MCCD\MCCD-Calligrapher\calligrapher_dataset\赵孟𫖯\丘-楷-元-赵孟𫖯-4170.png,赵孟頫,楷,丘,元,4170,丘-楷-元-赵孟𫖯-4170.png,mccd_salvage,ok,216,172,237.0,216.4,False,0.2409,2,0.0,0.7595,clean,none
G:\GitHub\DiT\MCCD\MCCD\MCCD-Calligrapher\calligrapher_dataset\赵孟𫖯\丙-隶-元-赵孟𫖯-4339.png,赵孟頫,隶,丙,元,4339,丙-隶-元-赵孟𫖯-4339.png,mccd_salvage,ok,279,186,237.7,182.8,False,0.4179,1,0.0,1.0,clean,none
G:\GitHub\DiT\MCCD\MCCD\MCCD-Calligrapher\calligrapher_dataset\赵孟𫖯\中-楷-元-赵孟𫖯-4882.png,赵孟頫,楷,中,元,4882,中-楷-元-赵孟𫖯-4882.png,mccd_salvage,ok,174,179,234.8,203.6,False,0.3156,1,0.0,1.0,clean,none
G:\GitHub\DiT\MCCD\MCCD\MCCD-Calligrapher\calligrapher_dataset\赵孟𫖯\中-行-元-赵孟𫖯-4907.png,赵孟頫,行,中,元,4907,中-行-元-赵孟𫖯-4907.png,mccd_salvage,ok,192,201,231.7,210.2,False,0.3699,2,0.0,0.8895,clean,none
G:\GitHub\DiT\MCCD\MCCD\MCCD-Calligrapher\calligrapher_dataset\赵孟𫖯\中-隶-元-赵孟𫖯-4820.png,赵孟頫,隶,中,元,4820,中-隶-元-赵孟𫖯-4820.png,mccd_salvage,ok,218,199,237.4,187.3,False,0.3102,1,0.0,1.0,clean,none
G:\GitHub\DiT\MCCD\MCCD\MCCD-Calligrapher\calligrapher_dataset\赵孟𫖯\丸-隶-元-赵孟𫖯-5071.png,赵孟頫,隶,丸,元,5071,丸-隶-元-赵孟𫖯-5071.png,mccd_salvage,ok,244,127,232.6,189.4,False,0.3183,1,0.0,1.0,clean,none
G:\GitHub\DiT\MCCD\MCCD\MCCD-Calligrapher\calligrapher_dataset\赵孟𫖯\主-行-元-赵孟𫖯-5269.png,赵孟頫,行,主,元,5269,主-行-元-赵孟𫖯-5269.png,mccd_salvage,ok,202,275,232.2,203.9,False,0.4173,2,0.0,0.9274,clean,none
G:\GitHub\DiT\MCCD\MCCD\MCCD-Calligrapher\calligrapher_dataset\赵孟𫖯\主-隶-元-赵孟𫖯-5232.png,赵孟頫,隶,主,元,5232,主-隶-元-赵孟𫖯-5232.png,mccd_salvage,ok,274,158,230.1,156.5,False,0.3757,2,0.0,0.9431,clean,none
G:\GitHub\DiT\MCCD\MCCD\MCCD-Calligrapher\calligrapher_dataset\赵孟𫖯\乃-行-元-赵孟𫖯-5631.png,赵孟頫,行,乃,元,5631,乃-行-元-赵孟𫖯-5631.png,mccd_salvage,ok,228,227,230.7,194.8,False,0.3313,1,0.0,1.0,clean,none
G:\GitHub\DiT\MCCD\MCCD\MCCD-Calligrapher\calligrapher_dataset\赵孟𫖯\乃-行-元-赵孟𫖯-5632.png,赵孟頫,行,乃,元,5632,乃-行-元-赵孟𫖯-5632.png,mccd_salvage,ok,224,300,226.8,189.9,False,0.3499,1,0.0,1.0,clean,none
G:\GitHub\DiT\MCCD\MCCD\MCCD-Calligrapher\calligrapher_dataset\赵孟𫖯\乎-行-元-赵孟𫖯-7422.png,赵孟頫,行,乎,元,7422,乎-行-元-赵孟𫖯-7422.png,mccd_salvage,ok,218,285,237.2,215.7,False,0.2968,2,0.0,0.8173,clean,none
G:\GitHub\DiT\MCCD\MCCD\MCCD-Calligrapher\calligrapher_dataset\赵孟𫖯\九-行-元-赵孟𫖯-8194.png,赵孟頫,行,九,元,8194,九-行-元-赵孟𫖯-8194.png,mccd_salvage,ok,234,172,236.7,209.7,False,0.3517,1,0.0,1.0,clean,none
G:\GitHub\DiT\MCCD\MCCD\MCCD-Calligrapher\calligrapher_dataset\赵孟𫖯\九-隶-元-赵孟𫖯-8115.png,赵孟頫,隶,九,元,8115,九-隶-元-赵孟𫖯-8115.png,mccd_salvage,ok,269,144,210.5,162.9,False,0.3464,1,0.0,1.0,clean,none
G:\GitHub\DiT\MCCD\MCCD\MCCD-Calligrapher\calligrapher_dataset\赵孟𫖯\乞-行-元-赵孟𫖯-8282.png,赵孟頫,行,乞,元,8282,乞-行-元-赵孟𫖯-8282.png,mccd_salvage,ok,187,294,226.3,193.0,False,0.2996,2,0.0,0.6435,clean,none
G:\GitHub\DiT\MCCD\MCCD\MCCD-Calligrapher\calligrapher_dataset\赵孟𫖯\争-行-元-赵孟𫖯-9417.png,赵孟頫,行,争,元,9417,争-行-元-赵孟𫖯-9417.png,mccd_salvage,ok,157,223,247.4,228.1,False,0.2447,1,0.0,1.0,clean,none
G:\GitHub\DiT\MCCD\MCCD\MCCD-Calligrapher\calligrapher_dataset\赵孟𫖯\事-行-元-赵孟𫖯-9825.png,赵孟頫,行,事,元,9825,事-行-元-赵孟𫖯-9825.png,mccd_salvage,ok,164,263,241.0,225.6,False,0.3004,1,0.0,1.0,clean,none
G:\GitHub\DiT\MCCD\MCCD\MCCD-Calligrapher\calligrapher_dataset\赵孟𫖯\交-行-元-赵孟𫖯-12372.png,赵孟頫,行,交,元,12372,交-行-元-赵孟𫖯-12372.png,mccd_salvage,ok,222,246,226.2,199.6,False,0.3095,3,0.0,0.881,clean,none
G:\GitHub\DiT\MCCD\MCCD\MCCD-Calligrapher\calligrapher_dataset\赵孟𫖯\亦-行-元-赵孟𫖯-12857.png,赵孟頫,行,亦,元,12857,亦-行-元-赵孟𫖯-12857.png,mccd_salvage,ok,215,138,234.9,186.3,False,0.2425,2,0.0,0.5567,clean,none
G:\GitHub\DiT\MCCD\MCCD\MCCD-Calligrapher\calligrapher_dataset\赵孟𫖯\京-行-元-赵孟𫖯-13082.png,赵孟頫,行,京,元,13082,京-行-元-赵孟𫖯-13082.png,mccd_salvage,ok,196,271,236.1,192.4,False,0.3763,3,0.0,0.8624,clean,none
G:\GitHub\DiT\MCCD\MCCD\MCCD-Calligrapher\calligrapher_dataset\赵孟𫖯\亭-楷-元-赵孟𫖯-13150.png,赵孟頫,楷,亭,元,13150,亭-楷-元-赵孟𫖯-13150.png,mccd_salvage,ok,170,251,235.0,214.7,False,0.2809,2,0.0,0.8075,clean,none
G:\GitHub\DiT\MCCD\MCCD\MCCD-Calligrapher\calligrapher_dataset\赵孟𫖯\亭-隶-元-赵孟𫖯-13134.png,赵孟頫,隶,亭,元,13134,亭-隶-元-赵孟𫖯-13134.png,mccd_salvage,ok,254,261,221.8,180.9,False,0.4026,2,0.0,0.7715,clean,none
G:\GitHub\DiT\MCCD\MCCD\MCCD-Calligrapher\calligrapher_dataset\赵孟𫖯\亮-行-元-赵孟𫖯-13206.png,赵孟頫,行,亮,元,13206,亮-行-元-赵孟𫖯-13206.png,mccd_salvage,ok,180,208,231.5,193.0,False,0.369,2,0.0,0.954,clean,none
G:\GitHub\DiT\MCCD\MCCD\MCCD-Calligrapher\calligrapher_dataset\赵孟𫖯\仁-行-元-赵孟𫖯-14398.png,赵孟頫,行,仁,元,14398,仁-行-元-赵孟𫖯-14398.png,mccd_salvage,ok,192,138,233.3,186.0,False,0.2843,4,0.0,0.4028,clean,none
G:\GitHub\DiT\MCCD\MCCD\MCCD-Calligrapher\calligrapher_dataset\赵孟𫖯\仁-行-元-赵孟𫖯-14399.png,赵孟頫,行,仁,元,14399,仁-行-元-赵孟𫖯-14399.png,mccd_salvage,ok,173,169,238.1,204.6,False,0.3347,3,0.0,0.5769,clean,none
G:\GitHub\DiT\MCCD\MCCD\MCCD-Calligrapher\calligrapher_dataset\赵孟𫖯\仁-隶-元-赵孟𫖯-14336.png,赵孟頫,隶,仁,元,14336,仁-隶-元-赵孟𫖯-14336.png,mccd_salvage,ok,272,154,237.6,221.8,False,0.3107,3,0.0,0.3922,clean,none
G:\GitHub\DiT\MCCD\MCCD\MCCD-Calligrapher\calligrapher_dataset\赵孟𫖯\仇-楷-元-赵孟𫖯-14475.png,赵孟頫,楷,仇,元,14475,仇-楷-元-赵孟𫖯-14475.png,mccd_salvage,ok,202,134,232.7,190.9,False,0.291,1,0.0,1.0,clean,none
G:\GitHub\DiT\MCCD\MCCD\MCCD-Calligrapher\calligrapher_dataset\赵孟𫖯\仕-隶-元-赵孟𫖯-14910.png,赵孟頫,隶,仕,元,14910,仕-隶-元-赵孟𫖯-14910.png,mccd_salvage,ok,272,138,231.3,188.2,False,0.3451,2,0.0,0.7581,clean,none
G:\GitHub\DiT\MCCD\MCCD\MCCD-Calligrapher\calligrapher_dataset\赵孟𫖯\他-楷-元-赵孟𫖯-14960.png,赵孟頫,楷,他,元,14960,他-楷-元-赵孟𫖯-14960.png,mccd_salvage,ok,288,192,239.7,196.9,False,0.4131,3,0.0,0.7351,clean,none
G:\GitHub\DiT\MCCD\MCCD\MCCD-Calligrapher\calligrapher_dataset\赵孟𫖯\仗-行-元-赵孟𫖯-14999.png,赵孟頫,行,仗,元,14999,仗-行-元-赵孟𫖯-14999.png,mccd_salvage,ok,247,158,218.3,188.2,False,0.3086,3,0.0,0.6929,clean,none
G:\GitHub\DiT\MCCD\MCCD\MCCD-Calligrapher\calligrapher_dataset\赵孟𫖯\付-楷-元-赵孟𫖯-15033.png,赵孟頫,楷,付,元,15033,付-楷-元-赵孟𫖯-15033.png,mccd_salvage,ok,237,228,237.3,220.3,False,0.2965,3,0.0,0.583,clean,none
G:\GitHub\DiT\MCCD\MCCD\MCCD-Calligrapher\calligrapher_dataset\赵孟𫖯\仙-楷-元-赵孟𫖯-15060.png,赵孟頫,楷,仙,元,15060,仙-楷-元-赵孟𫖯-15060.png,mccd_salvage,ok,238,135,235.2,210.1,False,0.2852,2,0.0,0.6916,clean,none
G:\GitHub\DiT\MCCD\MCCD\MCCD-Calligrapher\calligrapher_dataset\赵孟𫖯\令-楷-元-赵孟𫖯-15529.png,赵孟頫,楷,令,元,15529,令-楷-元-赵孟𫖯-15529.png,mccd_salvage,ok,266,187,244.6,233.2,False,0.2036,3,0.0,0.6516,clean,none
G:\GitHub\DiT\MCCD\MCCD\MCCD-Calligrapher\calligrapher_dataset\赵孟𫖯\以-楷-元-赵孟𫖯-15693.png,赵孟頫,楷,以,元,15693,以-楷-元-赵孟𫖯-15693.png,mccd_salvage,ok,243,133,224.6,186.5,False,0.3158,3,0.0,0.5108,clean,none
G:\GitHub\DiT\MCCD\MCCD\MCCD-Calligrapher\calligrapher_dataset\赵孟𫖯\仲-楷-元-赵孟𫖯-15936.png,赵孟頫,楷,仲,元,15936,仲-楷-元-赵孟𫖯-15936.png,mccd_salvage,ok,249,245,239.8,225.6,False,0.2369,2,0.0,0.7051,clean,none
G:\GitHub\DiT\MCCD\MCCD\MCCD-Calligrapher\calligrapher_dataset\赵孟𫖯\任-隶-元-赵孟𫖯-16047.png,赵孟頫,隶,任,元,16047,任-隶-元-赵孟𫖯-16047.png,mccd_salvage,ok,278,150,241.8,198.6,False,0.3441,2,0.0,0.7483,clean,none
G:\GitHub\DiT\MCCD\MCCD\MCCD-Calligrapher\calligrapher_dataset\赵孟𫖯\伊-行-元-赵孟𫖯-16252.png,赵孟頫,行,伊,元,16252,伊-行-元-赵孟𫖯-16252.png,mccd_salvage,ok,199,212,235.1,194.0,False,0.3348,2,0.0,0.6792,clean,none
G:\GitHub\DiT\MCCD\MCCD\MCCD-Calligrapher\calligrapher_dataset\赵孟𫖯\伊-隶-元-赵孟𫖯-16238.png,赵孟頫,隶,伊,元,16238,伊-隶-元-赵孟𫖯-16238.png,mccd_salvage,ok,250,158,226.1,172.0,False,0.3764,2,0.0,0.7715,clean,none
G:\GitHub\DiT\MCCD\MCCD\MCCD-Calligrapher\calligrapher_dataset\赵孟𫖯\伏-楷-元-赵孟𫖯-16343.png,赵孟頫,楷,伏,元,16343,伏-楷-元-赵孟𫖯-16343.png,mccd_salvage,ok,199,150,233.4,221.4,False,0.2315,3,0.0,0.6889,clean,none
G:\GitHub\DiT\MCCD\MCCD\MCCD-Calligrapher\calligrapher_dataset\赵孟𫖯\伏-隶-元-赵孟𫖯-16327.png,赵孟頫,隶,伏,元,16327,伏-隶-元-赵孟𫖯-16327.png,mccd_salvage,ok,237,163,235.3,199.6,False,0.298,2,0.0,0.7911,clean,none
G:\GitHub\DiT\MCCD\MCCD\MCCD-Calligrapher\calligrapher_dataset\赵孟𫖯\伐-行-元-赵孟𫖯-16499.png,赵孟頫,行,伐,元,16499,伐-行-元-赵孟𫖯-16499.png,mccd_salvage,ok,185,183,239.4,217.8,False,0.2529,4,0.0,0.5888,clean,none
G:\GitHub\DiT\MCCD\MCCD\MCCD-Calligrapher\calligrapher_dataset\赵孟𫖯\伯-行-元-赵孟𫖯-16709.png,赵孟頫,行,伯,元,16709,伯-行-元-赵孟𫖯-16709.png,mccd_salvage,ok,181,196,216.7,182.0,False,0.4184,2,0.0,0.6633,clean,none
G:\GitHub\DiT\MCCD\MCCD\MCCD-Calligrapher\calligrapher_dataset\赵孟𫖯\伽-行-元-赵孟𫖯-16866.png,赵孟頫,行,伽,元,16866,伽-行-元-赵孟𫖯-16866.png,mccd_salvage,ok,201,149,226.1,197.4,False,0.3683,2,0.0,0.9955,clean,none
G:\GitHub\DiT\MCCD\MCCD\MCCD-Calligrapher\calligrapher_dataset\赵孟𫖯\但-行-元-赵孟𫖯-16996.png,赵孟頫,行,但,元,16996,但-行-元-赵孟𫖯-16996.png,mccd_salvage,ok,213,173,226.3,172.9,False,0.4152,2,0.0,0.6628,clean,none
G:\GitHub\DiT\MCCD\MCCD\MCCD-Calligrapher\calligrapher_dataset\赵孟𫖯\位-楷-元-赵孟𫖯-17121.png,赵孟頫,楷,位,元,17121,位-楷-元-赵孟𫖯-17121.png,mccd_salvage,ok,251,178,243.0,228.9,False,0.2585,5,0.0,0.4219,clean,none
G:\GitHub\DiT\MCCD\MCCD\MCCD-Calligrapher\calligrapher_dataset\赵孟𫖯\低-行-元-赵孟𫖯-17174.png,赵孟頫,行,低,元,17174,低-行-元-赵孟𫖯-17174.png,mccd_salvage,ok,255,216,225.9,172.5,False,0.4434,3,0.0,0.72,clean,none
G:\GitHub\DiT\MCCD\MCCD\MCCD-Calligrapher\calligrapher_dataset\赵孟𫖯\佐-楷-元-赵孟𫖯-17251.png,赵孟頫,楷,佐,元,17251,佐-楷-元-赵孟𫖯-17251.png,mccd_salvage,ok,217,204,244.2,248.4,False,0.2038,3,0.0,0.7524,clean,none
G:\GitHub\DiT\MCCD\MCCD\MCCD-Calligrapher\calligrapher_dataset\赵孟𫖯\何-行-元-赵孟𫖯-17422.png,赵孟頫,行,何,元,17422,何-行-元-赵孟𫖯-17422.png,mccd_salvage,ok,174,187,245.7,217.3,False,0.3004,1,0.0,1.0,clean,none
G:\GitHub\DiT\MCCD\MCCD\MCCD-Calligrapher\calligrapher_dataset\赵孟𫖯\何-隶-元-赵孟𫖯-17366.png,赵孟頫,隶,何,元,17366,何-隶-元-赵孟𫖯-17366.png,mccd_salvage,ok,256,154,234.2,170.5,False,0.3303,4,0.0,0.308,clean,none
G:\GitHub\DiT\MCCD\MCCD\MCCD-Calligrapher\calligrapher_dataset\赵孟𫖯\佛-楷-元-赵孟𫖯-17721.png,赵孟頫,楷,佛,元,17721,佛-楷-元-赵孟𫖯-17721.png,mccd_salvage,ok,213,225,233.2,206.0,False,0.3954,1,0.0,1.0,clean,none
G:\GitHub\DiT\MCCD\MCCD\MCCD-Calligrapher\calligrapher_dataset\赵孟𫖯\佛-行-元-赵孟𫖯-17727.png,赵孟頫,行,佛,元,17727,佛-行-元-赵孟𫖯-17727.png,mccd_salvage,ok,208,259,240.1,222.2,False,0.2941,2,0.0,0.7913,clean,none
G:\GitHub\DiT\MCCD\MCCD\MCCD-Calligrapher\calligrapher_dataset\赵孟𫖯\佪-行-元-赵孟𫖯-17970.png,赵孟頫,行,佪,元,17970,佪-行-元-赵孟𫖯-17970.png,mccd_salvage,ok,249,138,225.5,160.6,False,0.4296,4,0.0,0.6633,clean,none
G:\GitHub\DiT\MCCD\MCCD\MCCD-Calligrapher\calligrapher_dataset\赵孟𫖯\使-行-元-赵孟𫖯-18236.png,赵孟頫,行,使,元,18236,使-行-元-赵孟𫖯-18236.png,mccd_salvage,ok,224,201,230.5,182.8,False,0.3595,1,0.0,1.0,clean,none
G:\GitHub\DiT\MCCD\MCCD\MCCD-Calligrapher\calligrapher_dataset\赵孟𫖯\使-隶-元-赵孟𫖯-18187.png,赵孟頫,隶,使,元,18187,使-隶-元-赵孟𫖯-18187.png,mccd_salvage,ok,248,198,239.1,200.8,False,0.3429,2,0.0,0.8246,clean,none
G:\GitHub\DiT\MCCD\MCCD\MCCD-Calligrapher\calligrapher_dataset\赵孟𫖯\來-隶-元-赵孟𫖯-18481.png,赵孟頫,隶,來,元,18481,來-隶-元-赵孟𫖯-18481.png,mccd_salvage,ok,184,196,237.4,214.3,False,0.2864,1,0.0,1.0,clean,none
G:\GitHub\DiT\MCCD\MCCD\MCCD-Calligrapher\calligrapher_dataset\赵孟𫖯\侈-隶-元-赵孟𫖯-18595.png,赵孟頫,隶,侈,元,18595,侈-隶-元-赵孟𫖯-18595.png,mccd_salvage,ok,215,222,238.7,214.7,False,0.329,3,0.0,0.3749,clean,none
G:\GitHub\DiT\MCCD\MCCD\MCCD-Calligrapher\calligrapher_dataset\赵孟𫖯\侍-楷-元-赵孟𫖯-18714.png,赵孟頫,楷,侍,元,18714,侍-楷-元-赵孟𫖯-18714.png,mccd_salvage,ok,242,242,238.8,245.3,False,0.1862,4,0.0,0.6163,clean,none
G:\GitHub\DiT\MCCD\MCCD\MCCD-Calligrapher\calligrapher_dataset\赵孟𫖯\侍-隶-元-赵孟𫖯-18691.png,赵孟頫,隶,侍,元,18691,侍-隶-元-赵孟𫖯-18691.png,mccd_salvage,ok,245,176,236.8,205.6,False,0.3789,2,0.0,0.8377,clean,none
G:\GitHub\DiT\MCCD\MCCD\MCCD-Calligrapher\calligrapher_dataset\赵孟𫖯\俗-行-元-赵孟𫖯-19661.png,赵孟頫,行,俗,元,19661,俗-行-元-赵孟𫖯-19661.png,mccd_salvage,ok,198,138,226.9,192.6,False,0.2824,6,0.0,0.2785,clean,none
G:\GitHub\DiT\MCCD\MCCD\MCCD-Calligrapher\calligrapher_dataset\赵孟𫖯\俗-隶-元-赵孟𫖯-19634.png,赵孟頫,隶,俗,元,19634,俗-隶-元-赵孟𫖯-19634.png,mccd_salvage,ok,235,149,216.1,165.5,False,0.3879,5,0.0,0.3962,clean,none
G:\GitHub\DiT\MCCD\MCCD\MCCD-Calligrapher\calligrapher_dataset\赵孟𫖯\保-楷-元-赵孟𫖯-19909.png,赵孟頫,楷,保,元,19909,保-楷-元-赵孟𫖯-19909.png,mccd_salvage,ok,226,193,237.1,203.5,False,0.2636,4,0.0018,0.6617,clean,none
G:\GitHub\DiT\MCCD\MCCD\MCCD-Calligrapher\calligrapher_dataset\赵孟𫖯\俠-隶-元-赵孟𫖯-20015.png,赵孟頫,隶,俠,元,20015,俠-隶-元-赵孟𫖯-20015.png,mccd_salvage,ok,205,139,233.2,170.4,False,0.3964,5,0.0,0.6533,clean,none
G:\GitHub\DiT\MCCD\MCCD\MCCD-Calligrapher\calligrapher_dataset\赵孟𫖯\信-楷-元-赵孟𫖯-20101.png,赵孟頫,楷,信,元,20101,信-楷-元-赵孟𫖯-20101.png,mccd_salvage,ok,197,177,232.6,211.8,False,0.2494,5,0.0,0.4133,clean,none
G:\GitHub\DiT\MCCD\MCCD\MCCD-Calligrapher\calligrapher_dataset\赵孟𫖯\俱-楷-元-赵孟𫖯-20272.png,赵孟頫,楷,俱,元,20272,俱-楷-元-赵孟𫖯-20272.png,mccd_salvage,ok,273,230,236.0,200.6,False,0.4466,1,0.0,1.0,clean,none
G:\GitHub\DiT\MCCD\MCCD\MCCD-Calligrapher\calligrapher_dataset\赵孟𫖯\俶-隶-元-赵孟𫖯-20318.png,赵孟頫,隶,俶,元,20318,俶-隶-元-赵孟𫖯-20318.png,mccd_salvage,ok,257,176,242.5,208.5,False,0.3224,4,0.0,0.7121,clean,none
G:\GitHub\DiT\MCCD\MCCD\MCCD-Calligrapher\calligrapher_dataset\赵孟𫖯\候-行-元-赵孟𫖯-20688.png,赵孟頫,行,候,元,20688,候-行-元-赵孟𫖯-20688.png,mccd_salvage,ok,161,177,233.2,159.1,False,0.437,3,0.0,0.5954,clean,none
G:\GitHub\DiT\MCCD\MCCD\MCCD-Calligrapher\calligrapher_dataset\赵孟𫖯\借-楷-元-赵孟𫖯-20779.png,赵孟頫,楷,借,元,20779,借-楷-元-赵孟𫖯-20779.png,mccd_salvage,ok,242,283,245.2,223.6,False,0.3071,2,0.0,0.9235,clean,none
G:\GitHub\DiT\MCCD\MCCD\MCCD-Calligrapher\calligrapher_dataset\赵孟𫖯\倫-楷-元-赵孟𫖯-20937.png,赵孟頫,楷,倫,元,20937,倫-楷-元-赵孟𫖯-20937.png,mccd_salvage,ok,245,181,242.9,211.2,False,0.3192,4,0.0,0.43,clean,none
G:\GitHub\DiT\MCCD\MCCD\MCCD-Calligrapher\calligrapher_dataset\赵孟𫖯\傍-楷-元-赵孟𫖯-21675.png,赵孟頫,楷,傍,元,21675,傍-楷-元-赵孟𫖯-21675.png,mccd_salvage,ok,216,204,238.5,215.7,False,0.3434,3,0.0,0.7314,clean,none
G:\GitHub\DiT\MCCD\MCCD\MCCD-Calligrapher\calligrapher_dataset\赵孟𫖯\傍-隶-元-赵孟𫖯-21671.png,赵孟頫,隶,傍,元,21671,傍-隶-元-赵孟𫖯-21671.png,mccd_salvage,ok,233,194,221.7,163.4,False,0.4316,2,0.0,0.8376,clean,none
G:\GitHub\DiT\MCCD\MCCD\MCCD-Calligrapher\calligrapher_dataset\赵孟𫖯\備-楷-元-赵孟𫖯-21874.png,赵孟頫,楷,備,元,21874,備-楷-元-赵孟𫖯-21874.png,mccd_salvage,ok,182,165,227.6,184.4,False,0.3279,9,0.0014,0.5817,clean,none
G:\GitHub\DiT\MCCD\MCCD\MCCD-Calligrapher\calligrapher_dataset\赵孟𫖯\備-行-元-赵孟𫖯-21884.png,赵孟頫,行,備,元,21884,備-行-元-赵孟𫖯-21884.png,mccd_salvage,ok,204,220,238.9,164.7,False,0.4785,2,0.0,0.7085,clean,none
G:\GitHub\DiT\MCCD\MCCD\MCCD-Calligrapher\calligrapher_dataset\赵孟𫖯\催-隶-元-赵孟𫖯-21939.png,赵孟頫,隶,催,元,21939,催-隶-元-赵孟𫖯-21939.png,mccd_salvage,ok,276,213,242.4,217.3,False,0.3441,1,0.0,1.0,clean,none
G:\GitHub\DiT\MCCD\MCCD\MCCD-Calligrapher\calligrapher_dataset\赵孟𫖯\傷-楷-元-赵孟𫖯-22186.png,赵孟頫,楷,傷,元,22186,傷-楷-元-赵孟𫖯-22186.png,mccd_salvage,ok,193,187,240.6,206.7,False,0.3138,3,0.0021,0.7943,clean,none
G:\GitHub\DiT\MCCD\MCCD\MCCD-Calligrapher\calligrapher_dataset\赵孟𫖯\傾-楷-元-赵孟𫖯-22264.png,赵孟頫,楷,傾,元,22264,傾-楷-元-赵孟𫖯-22264.png,mccd_salvage,ok,246,210,239.9,185.5,False,0.3427,4,0.0,0.5806,clean,none
G:\GitHub\DiT\MCCD\MCCD\MCCD-Calligrapher\calligrapher_dataset\赵孟𫖯\傾-隶-元-赵孟𫖯-22260.png,赵孟頫,隶,傾,元,22260,傾-隶-元-赵孟𫖯-22260.png,mccd_salvage,ok,249,174,215.8,177.1,False,0.4462,4,0.0,0.7569,clean,none
G:\GitHub\DiT\MCCD\MCCD\MCCD-Calligrapher\calligrapher_dataset\赵孟𫖯\像-楷-元-赵孟𫖯-22478.png,赵孟頫,楷,像,元,22478,像-楷-元-赵孟𫖯-22478.png,mccd_salvage,ok,267,269,239.0,225.1,False,0.3506,2,0.0,0.7922,clean,none
G:\GitHub\DiT\MCCD\MCCD\MCCD-Calligrapher\calligrapher_dataset\赵孟𫖯\像-行-元-赵孟𫖯-22485.png,赵孟頫,行,像,元,22485,像-行-元-赵孟𫖯-22485.png,mccd_salvage,ok,174,205,232.5,197.6,False,0.2983,5,0.0016,0.3968,clean,none
G:\GitHub\DiT\MCCD\MCCD\MCCD-Calligrapher\calligrapher_dataset\赵孟𫖯\僕-楷-元-赵孟𫖯-22606.png,赵孟頫,楷,僕,元,22606,僕-楷-元-赵孟𫖯-22606.png,mccd_salvage,ok,232,234,243.4,228.1,False,0.2241,7,0.0015,0.5095,clean,none
G:\GitHub\DiT\MCCD\MCCD\MCCD-Calligrapher\calligrapher_dataset\赵孟𫖯\價-楷-元-赵孟𫖯-22897.png,赵孟頫,楷,價,元,22897,價-楷-元-赵孟𫖯-22897.png,mccd_salvage,ok,261,253,239.1,211.5,False,0.3575,2,0.0,0.718,clean,none
G:\GitHub\DiT\MCCD\MCCD\MCCD-Calligrapher\calligrapher_dataset\赵孟𫖯\儀-行-元-赵孟𫖯-22978.png,赵孟頫,行,儀,元,22978,儀-行-元-赵孟𫖯-22978.png,mccd_salvage,ok,182,230,240.7,205.7,False,0.3129,4,0.0,0.6604,clean,none
G:\GitHub\DiT\MCCD\MCCD\MCCD-Calligrapher\calligrapher_dataset\赵孟𫖯\儉-楷-元-赵孟𫖯-23111.png,赵孟頫,楷,儉,元,23111,儉-楷-元-赵孟𫖯-23111.png,mccd_salvage,ok,269,202,243.6,229.2,False,0.1589,17,0.0007,0.1994,clean,none
G:\GitHub\DiT\MCCD\MCCD\MCCD-Calligrapher\calligrapher_dataset\赵孟𫖯\儒-楷-元-赵孟𫖯-23181.png,赵孟頫,楷,儒,元,23181,儒-楷-元-赵孟𫖯-23181.png,mccd_salvage,ok,214,196,233.8,193.3,False,0.4489,4,0.0,0.5878,clean,none
G:\GitHub\DiT\MCCD\MCCD\MCCD-Calligrapher\calligrapher_dataset\赵孟𫖯\儔-楷-元-赵孟𫖯-23210.png,赵孟頫,楷,儔,元,23210,儔-楷-元-赵孟𫖯-23210.png,mccd_salvage,ok,224,233,240.4,224.7,False,0.2737,5,0.0,0.635,clean,none
G:\GitHub\DiT\MCCD\MCCD\MCCD-Calligrapher\calligrapher_dataset\赵孟𫖯\優-楷-元-赵孟𫖯-23349.png,赵孟頫,楷,優,元,23349,優-楷-元-赵孟𫖯-23349.png,mccd_salvage,ok,206,203,235.3,185.9,False,0.3421,6,0.0,0.4271,clean,none
G:\GitHub\DiT\MCCD\MCCD\MCCD-Calligrapher\calligrapher_dataset\赵孟𫖯\優-隶-元-赵孟𫖯-23332.png,赵孟頫,隶,優,元,23332,優-隶-元-赵孟𫖯-23332.png,mccd_salvage,ok,272,229,226.7,188.0,False,0.4431,5,0.0005,0.4294,clean,none
G:\GitHub\DiT\MCCD\MCCD\MCCD-Calligrapher\calligrapher_dataset\赵孟𫖯\儲-楷-元-赵孟𫖯-23405.png,赵孟頫,楷,儲,元,23405,儲-楷-元-赵孟𫖯-23405.png,mccd_salvage,ok,247,232,227.9,187.4,False,0.3579,5,0.0,0.4835,clean,none
G:\GitHub\DiT\MCCD\MCCD\MCCD-Calligrapher\calligrapher_dataset\赵孟𫖯\儲-行-元-赵孟𫖯-23407.png,赵孟頫,行,儲,元,23407,儲-行-元-赵孟𫖯-23407.png,mccd_salvage,ok,249,213,240.7,217.9,False,0.2852,7,0.0006,0.4772,clean,none
G:\GitHub\DiT\MCCD\MCCD\MCCD-Calligrapher\calligrapher_dataset\赵孟𫖯\兄-楷-元-赵孟𫖯-23949.png,赵孟頫,楷,兄,元,23949,兄-楷-元-赵孟𫖯-23949.png,mccd_salvage,ok,244,197,216.5,180.4,False,0.3005,1,0.0,1.0,clean,none
G:\GitHub\DiT\MCCD\MCCD\MCCD-Calligrapher\calligrapher_dataset\赵孟𫖯\兄-行-元-赵孟𫖯-23956.png,赵孟頫,行,兄,元,23956,兄-行-元-赵孟𫖯-23956.png,mccd_salvage,ok,188,200,223.3,191.5,False,0.2669,1,0.0,1.0,clean,none
G:\GitHub\DiT\MCCD\MCCD\MCCD-Calligrapher\calligrapher_dataset\赵孟𫖯\兄-隶-元-赵孟𫖯-23938.png,赵孟頫,隶,兄,元,23938,兄-隶-元-赵孟𫖯-23938.png,mccd_salvage,ok,229,152,200.2,135.5,False,0.3781,1,0.0,1.0,clean,none
G:\GitHub\DiT\MCCD\MCCD\MCCD-Calligrapher\calligrapher_dataset\赵孟𫖯\充-楷-元-赵孟𫖯-24009.png,赵孟頫,楷,充,元,24009,充-楷-元-赵孟𫖯-24009.png,mccd_salvage,ok,200,207,223.1,189.7,False,0.2895,2,0.0,0.9643,clean,none
G:\GitHub\DiT\MCCD\MCCD\MCCD-Calligrapher\calligrapher_dataset\赵孟𫖯\充-行-元-赵孟𫖯-24012.png,赵孟頫,行,充,元,24012,充-行-元-赵孟𫖯-24012.png,mccd_salvage,ok,182,156,227.3,190.2,False,0.2686,3,0.0,0.8857,clean,none
G:\GitHub\DiT\MCCD\MCCD\MCCD-Calligrapher\calligrapher_dataset\赵孟𫖯\光-楷-元-赵孟𫖯-24568.png,赵孟頫,楷,光,元,24568,光-楷-元-赵孟𫖯-24568.png,mccd_salvage,ok,219,166,219.0,208.2,False,0.2489,2,0.0,0.9475,clean,none
G:\GitHub\DiT\MCCD\MCCD\MCCD-Calligrapher\calligrapher_dataset\赵孟𫖯\光-行-元-赵孟𫖯-24585.png,赵孟頫,行,光,元,24585,光-行-元-赵孟𫖯-24585.png,mccd_salvage,ok,157,164,228.5,205.6,False,0.2801,1,0.0,1.0,clean,none
G:\GitHub\DiT\MCCD\MCCD\MCCD-Calligrapher\calligrapher_dataset\赵孟𫖯\光-行-元-赵孟𫖯-24587.png,赵孟頫,行,光,元,24587,光-行-元-赵孟𫖯-24587.png,mccd_salvage,ok,173,186,239.5,191.0,False,0.3487,1,0.0,1.0,clean,none
G:\GitHub\DiT\MCCD\MCCD\MCCD-Calligrapher\calligrapher_dataset\赵孟𫖯\光-隶-元-赵孟𫖯-24524.png,赵孟頫,隶,光,元,24524,光-隶-元-赵孟𫖯-24524.png,mccd_salvage,ok,272,216,228.6,191.5,False,0.2489,4,0.0,0.4962,clean,none
G:\GitHub\DiT\MCCD\MCCD\MCCD-Calligrapher\calligrapher_dataset\赵孟𫖯\克-楷-元-赵孟𫖯-24767.png,赵孟頫,楷,克,元,24767,克-楷-元-赵孟𫖯-24767.png,mccd_salvage,ok,226,239,229.4,193.6,False,0.3726,1,0.0,1.0,clean,none
G:\GitHub\DiT\MCCD\MCCD\MCCD-Calligrapher\calligrapher_dataset\赵孟𫖯\克-隶-元-赵孟𫖯-24750.png,赵孟頫,隶,克,元,24750,克-隶-元-赵孟𫖯-24750.png,mccd_salvage,ok,221,199,237.2,201.7,False,0.2931,2,0.0,0.9088,clean,none
G:\GitHub\DiT\MCCD\MCCD\MCCD-Calligrapher\calligrapher_dataset\赵孟𫖯\兜-楷-元-赵孟𫖯-25252.png,赵孟頫,楷,兜,元,25252,兜-楷-元-赵孟𫖯-25252.png,mccd_salvage,ok,246,237,224.2,197.3,False,0.2656,5,0.0003,0.5725,clean,none
G:\GitHub\DiT\MCCD\MCCD\MCCD-Calligrapher\calligrapher_dataset\赵孟𫖯\內-行-元-赵孟𫖯-25735.png,赵孟頫,行,內,元,25735,內-行-元-赵孟𫖯-25735.png,mccd_salvage,ok,242,277,200.0,138.4,False,0.5132,1,0.0,1.0,clean,none
G:\GitHub\DiT\MCCD\MCCD\MCCD-Calligrapher\calligrapher_dataset\赵孟𫖯\內-隶-元-赵孟𫖯-25692.png,赵孟頫,隶,內,元,25692,內-隶-元-赵孟𫖯-25692.png,mccd_salvage,ok,263,170,233.8,194.0,False,0.3715,1,0.0,1.0,clean,none
G:\GitHub\DiT\MCCD\MCCD\MCCD-Calligrapher\calligrapher_dataset\赵孟𫖯\兩-隶-元-赵孟𫖯-25909.png,赵孟頫,隶,兩,元,25909,兩-隶-元-赵孟𫖯-25909.png,mccd_salvage,ok,235,164,223.7,123.5,False,0.4403,1,0.0,1.0,clean,none
G:\GitHub\DiT\MCCD\MCCD\MCCD-Calligrapher\calligrapher_dataset\赵孟𫖯\八-隶-元-赵孟𫖯-26135.png,赵孟頫,隶,八,元,26135,八-隶-元-赵孟𫖯-26135.png,mccd_salvage,ok,260,174,233.7,203.8,False,0.2334,2,0.0,0.5566,clean,none
G:\GitHub\DiT\MCCD\MCCD\MCCD-Calligrapher\calligrapher_dataset\赵孟𫖯\公-楷-元-赵孟𫖯-26521.png,赵孟頫,楷,公,元,26521,公-楷-元-赵孟𫖯-26521.png,mccd_salvage,ok,235,174,234.0,190.2,False,0.3314,3,0.0,0.6722,clean,none
G:\GitHub\DiT\MCCD\MCCD\MCCD-Calligrapher\calligrapher_dataset\赵孟𫖯\公-隶-元-赵孟𫖯-26451.png,赵孟頫,隶,公,元,26451,公-隶-元-赵孟𫖯-26451.png,mccd_salvage,ok,229,153,240.4,181.9,False,0.3286,3,0.0,0.7143,clean,none
G:\GitHub\DiT\MCCD\MCCD\MCCD-Calligrapher\calligrapher_dataset\赵孟𫖯\兵-楷-元-赵孟𫖯-27189.png,赵孟頫,楷,兵,元,27189,兵-楷-元-赵孟𫖯-27189.png,mccd_salvage,ok,242,186,239.5,218.2,False,0.2558,3,0.0,0.726,clean,none
G:\GitHub\DiT\MCCD\MCCD\MCCD-Calligrapher\calligrapher_dataset\赵孟𫖯\其-楷-元-赵孟𫖯-27449.png,赵孟頫,楷,其,元,27449,其-楷-元-赵孟𫖯-27449.png,mccd_salvage,ok,235,224,237.3,215.1,False,0.2956,3,0.0,0.8384,clean,none
G:\GitHub\DiT\MCCD\MCCD\MCCD-Calligrapher\calligrapher_dataset\赵孟𫖯\其-楷-元-赵孟𫖯-27450.png,赵孟頫,楷,其,元,27450,其-楷-元-赵孟𫖯-27450.png,mccd_salvage,ok,225,211,241.6,222.8,False,0.2976,1,0.0,1.0,clean,none
G:\GitHub\DiT\MCCD\MCCD\MCCD-Calligrapher\calligrapher_dataset\赵孟𫖯\其-隶-元-赵孟𫖯-27374.png,赵孟頫,隶,其,元,27374,其-隶-元-赵孟𫖯-27374.png,mccd_salvage,ok,238,180,235.9,180.5,False,0.4003,2,0.0,0.9489,clean,none
G:\GitHub\DiT\MCCD\MCCD\MCCD-Calligrapher\calligrapher_dataset\赵孟𫖯\具-行-元-赵孟𫖯-27631.png,赵孟頫,行,具,元,27631,具-行-元-赵孟𫖯-27631.png,mccd_salvage,ok,180,211,233.4,202.0,False,0.3377,1,0.0,1.0,clean,none
G:\GitHub\DiT\MCCD\MCCD\MCCD-Calligrapher\calligrapher_dataset\赵孟𫖯\具-隶-元-赵孟𫖯-27608.png,赵孟頫,隶,具,元,27608,具-隶-元-赵孟𫖯-27608.png,mccd_salvage,ok,259,274,220.3,187.1,False,0.3993,1,0.0,1.0,clean,none
G:\GitHub\DiT\MCCD\MCCD\MCCD-Calligrapher\calligrapher_dataset\赵孟𫖯\典-行-元-赵孟𫖯-27751.png,赵孟頫,行,典,元,27751,典-行-元-赵孟𫖯-27751.png,mccd_salvage,ok,212,141,236.4,217.3,False,0.2838,3,0.0,0.9079,clean,none
G:\GitHub\DiT\MCCD\MCCD\MCCD-Calligrapher\calligrapher_dataset\赵孟𫖯\典-隶-元-赵孟𫖯-27721.png,赵孟頫,隶,典,元,27721,典-隶-元-赵孟𫖯-27721.png,mccd_salvage,ok,281,175,232.8,186.4,False,0.3835,3,0.0,0.8949,clean,none
G:\GitHub\DiT\MCCD\MCCD\MCCD-Calligrapher\calligrapher_dataset\赵孟𫖯\兼-楷-元-赵孟𫖯-27867.png,赵孟頫,楷,兼,元,27867,兼-楷-元-赵孟𫖯-27867.png,mccd_salvage,ok,274,252,234.3,192.8,False,0.4414,2,0.0,0.9354,clean,none
G:\GitHub\DiT\MCCD\MCCD\MCCD-Calligrapher\calligrapher_dataset\赵孟𫖯\内-楷-元-赵孟𫖯-28211.png,赵孟頫,楷,内,元,28211,内-楷-元-赵孟𫖯-28211.png,mccd_salvage,ok,205,174,224.4,170.9,False,0.3631,2,0.0,0.8905,clean,none
G:\GitHub\DiT\MCCD\MCCD\MCCD-Calligrapher\calligrapher_dataset\赵孟𫖯\内-行-元-赵孟𫖯-28218.png,赵孟頫,行,内,元,28218,内-行-元-赵孟𫖯-28218.png,mccd_salvage,ok,242,277,200.0,138.4,False,0.5132,1,0.0,1.0,clean,none
G:\GitHub\DiT\MCCD\MCCD\MCCD-Calligrapher\calligrapher_dataset\赵孟𫖯\再-隶-元-赵孟𫖯-28462.png,赵孟頫,隶,再,元,28462,再-隶-元-赵孟𫖯-28462.png,mccd_salvage,ok,272,161,213.2,159.1,False,0.4827,1,0.0,1.0,clean,none
G:\GitHub\DiT\MCCD\MCCD\MCCD-Calligrapher\calligrapher_dataset\赵孟𫖯\冕-楷-元-赵孟𫖯-28652.png,赵孟頫,楷,冕,元,28652,冕-楷-元-赵孟𫖯-28652.png,mccd_salvage,ok,234,286,226.9,180.1,False,0.2926,5,0.0,0.6673,clean,none
G:\GitHub\DiT\MCCD\MCCD\MCCD-Calligrapher\calligrapher_dataset\赵孟𫖯\冠-楷-元-赵孟𫖯-28730.png,赵孟頫,楷,冠,元,28730,冠-楷-元-赵孟𫖯-28730.png,mccd_salvage,ok,263,211,196.0,155.7,False,0.3002,4,0.0003,0.4941,clean,none
G:\GitHub\DiT\MCCD\MCCD\MCCD-Calligrapher\calligrapher_dataset\赵孟𫖯\冥-隶-元-赵孟𫖯-28862.png,赵孟頫,隶,冥,元,28862,冥-隶-元-赵孟𫖯-28862.png,mccd_salvage,ok,243,204,232.9,205.8,False,0.3934,4,0.0,0.6202,clean,none
G:\GitHub\DiT\MCCD\MCCD\MCCD-Calligrapher\calligrapher_dataset\赵孟𫖯\冬-行-元-赵孟𫖯-28953.png,赵孟頫,行,冬,元,28953,冬-行-元-赵孟𫖯-28953.png,mccd_salvage,ok,190,162,241.0,215.2,False,0.2744,4,0.0,0.6431,clean,none
G:\GitHub\DiT\MCCD\MCCD\MCCD-Calligrapher\calligrapher_dataset\赵孟𫖯\况-楷-元-赵孟𫖯-29065.png,赵孟頫,楷,况,元,29065,况-楷-元-赵孟𫖯-29065.png,mccd_salvage,ok,241,181,238.8,184.2,False,0.3045,5,0.0,0.5732,clean,none
G:\GitHub\DiT\MCCD\MCCD\MCCD-Calligrapher\calligrapher_dataset\赵孟𫖯\况-行-元-赵孟𫖯-29079.png,赵孟頫,行,况,元,29079,况-行-元-赵孟𫖯-29079.png,mccd_salvage,ok,256,174,227.5,181.5,False,0.2905,2,0.0,0.7968,clean,none
G:\GitHub\DiT\MCCD\MCCD\MCCD-Calligrapher\calligrapher_dataset\赵孟𫖯\况-行-元-赵孟𫖯-29080.png,赵孟頫,行,况,元,29080,况-行-元-赵孟𫖯-29080.png,mccd_salvage,ok,254,199,233.0,191.1,False,0.351,4,0.0,0.6767,clean,none
G:\GitHub\DiT\MCCD\MCCD\MCCD-Calligrapher\calligrapher_dataset\赵孟𫖯\凊-楷-元-赵孟𫖯-29199.png,赵孟頫,楷,凊,元,29199,凊-楷-元-赵孟𫖯-29199.png,mccd_salvage,ok,176,182,236.4,223.3,False,0.2416,4,0.0,0.5306,clean,none
G:\GitHub\DiT\MCCD\MCCD\MCCD-Calligrapher\calligrapher_dataset\赵孟𫖯\凊-行-元-赵孟𫖯-29203.png,赵孟頫,行,凊,元,29203,凊-行-元-赵孟𫖯-29203.png,mccd_salvage,ok,163,223,236.2,194.8,False,0.2677,3,0.0,0.812,clean,none
G:\GitHub\DiT\MCCD\MCCD\MCCD-Calligrapher\calligrapher_dataset\赵孟𫖯\凌-行-元-赵孟𫖯-29231.png,赵孟頫,行,凌,元,29231,凌-行-元-赵孟𫖯-29231.png,mccd_salvage,ok,190,165,236.6,192.7,False,0.263,3,0.0,0.7955,clean,none
G:\GitHub\DiT\MCCD\MCCD\MCCD-Calligrapher\calligrapher_dataset\赵孟𫖯\凛-楷-元-赵孟𫖯-29316.png,赵孟頫,楷,凛,元,29316,凛-楷-元-赵孟𫖯-29316.png,mccd_salvage,ok,212,237,231.5,194.1,False,0.3231,7,0.0,0.2592,clean,none
G:\GitHub\DiT\MCCD\MCCD\MCCD-Calligrapher\calligrapher_dataset\赵孟𫖯\凝-行-元-赵孟𫖯-29338.png,赵孟頫,行,凝,元,29338,凝-行-元-赵孟𫖯-29338.png,mccd_salvage,ok,185,166,226.5,201.5,False,0.2978,5,0.0,0.5946,clean,none
G:\GitHub\DiT\MCCD\MCCD\MCCD-Calligrapher\calligrapher_dataset\赵孟𫖯\出-楷-元-赵孟𫖯-29966.png,赵孟頫,楷,出,元,29966,出-楷-元-赵孟𫖯-29966.png,mccd_salvage,ok,206,193,229.3,176.2,False,0.4378,1,0.0,1.0,clean,none
G:\GitHub\DiT\MCCD\MCCD\MCCD-Calligrapher\calligrapher_dataset\赵孟𫖯\分-楷-元-赵孟𫖯-30310.png,赵孟頫,楷,分,元,30310,分-楷-元-赵孟𫖯-30310.png,mccd_salvage,ok,244,225,237.2,219.8,False,0.2566,3,0.0,0.5833,clean,none
G:\GitHub\DiT\MCCD\MCCD\MCCD-Calligrapher\calligrapher_dataset\赵孟𫖯\分-行-元-赵孟𫖯-30330.png,赵孟頫,行,分,元,30330,分-行-元-赵孟𫖯-30330.png,mccd_salvage,ok,181,126,235.4,217.8,False,0.2552,3,0.0,0.408,clean,none
G:\GitHub\DiT\MCCD\MCCD\MCCD-Calligrapher\calligrapher_dataset\赵孟𫖯\分-行-元-赵孟𫖯-30331.png,赵孟頫,行,分,元,30331,分-行-元-赵孟𫖯-30331.png,mccd_salvage,ok,159,133,234.3,212.6,False,0.2504,2,0.0,0.8516,clean,none
G:\GitHub\DiT\MCCD\MCCD\MCCD-Calligrapher\calligrapher_dataset\赵孟𫖯\切-行-元-赵孟𫖯-30408.png,赵孟頫,行,切,元,30408,切-行-元-赵孟𫖯-30408.png,mccd_salvage,ok,187,153,233.9,201.4,False,0.313,2,0.0,0.8681,clean,none
G:\GitHub\DiT\MCCD\MCCD\MCCD-Calligrapher\calligrapher_dataset\赵孟𫖯\刈-楷-元-赵孟𫖯-30433.png,赵孟頫,楷,刈,元,30433,刈-楷-元-赵孟𫖯-30433.png,mccd_salvage,ok,183,201,229.0,201.5,False,0.209,5,0.0,0.6378,clean,none
G:\GitHub\DiT\MCCD\MCCD\MCCD-Calligrapher\calligrapher_dataset\赵孟𫖯\刋-楷-元-赵孟𫖯-30501.png,赵孟頫,楷,刋,元,30501,刋-楷-元-赵孟𫖯-30501.png,mccd_salvage,ok,191,218,203.9,163.7,False,0.3597,2,0.0,0.604,clean,none
G:\GitHub\DiT\MCCD\MCCD\MCCD-Calligrapher\calligrapher_dataset\赵孟𫖯\刑-楷-元-赵孟𫖯-30573.png,赵孟頫,楷,刑,元,30573,刑-楷-元-赵孟𫖯-30573.png,mccd_salvage,ok,176,199,215.1,139.3,False,0.4533,3,0.0,0.5466,clean,none
G:\GitHub\DiT\MCCD\MCCD\MCCD-Calligrapher\calligrapher_dataset\赵孟𫖯\刑-隶-元-赵孟𫖯-30557.png,赵孟頫,隶,刑,元,30557,刑-隶-元-赵孟𫖯-30557.png,mccd_salvage,ok,260,158,221.7,162.8,False,0.4004,2,0.0,0.6427,clean,none
G:\GitHub\DiT\MCCD\MCCD\MCCD-Calligrapher\calligrapher_dataset\赵孟𫖯\列-楷-元-赵孟𫖯-30674.png,赵孟頫,楷,列,元,30674,列-楷-元-赵孟𫖯-30674.png,mccd_salvage,ok,176,222,198.0,176.5,False,0.2723,4,0.0,0.4191,clean,none
G:\GitHub\DiT\MCCD\MCCD\MCCD-Calligrapher\calligrapher_dataset\赵孟𫖯\列-行-元-赵孟𫖯-30685.png,赵孟頫,行,列,元,30685,列-行-元-赵孟𫖯-30685.png,mccd_salvage,ok,214,222,218.2,140.8,False,0.4899,4,0.0001,0.6027,clean,none
G:\GitHub\DiT\MCCD\MCCD\MCCD-Calligrapher\calligrapher_dataset\赵孟𫖯\列-隶-元-赵孟𫖯-30655.png,赵孟頫,隶,列,元,30655,列-隶-元-赵孟𫖯-30655.png,mccd_salvage,ok,218,200,229.7,171.7,False,0.2819,5,0.0,0.4198,clean,none
G:\GitHub\DiT\MCCD\MCCD\MCCD-Calligrapher\calligrapher_dataset\赵孟𫖯\別-楷-元-赵孟𫖯-30981.png,赵孟頫,楷,別,元,30981,別-楷-元-赵孟𫖯-30981.png,mccd_salvage,ok,217,228,223.0,176.3,False,0.2973,3,0.0,0.5949,clean,none
G:\GitHub\DiT\MCCD\MCCD\MCCD-Calligrapher\calligrapher_dataset\赵孟𫖯\別-隶-元-赵孟𫖯-30971.png,赵孟頫,隶,別,元,30971,別-隶-元-赵孟𫖯-30971.png,mccd_salvage,ok,213,151,239.4,171.3,False,0.3226,2,0.0,0.66,clean,none
G:\GitHub\DiT\MCCD\MCCD\MCCD-Calligrapher\calligrapher_dataset\赵孟𫖯\利-楷-元-赵孟𫖯-31137.png,赵孟頫,楷,利,元,31137,利-楷-元-赵孟𫖯-31137.png,mccd_salvage,ok,220,224,233.2,172.7,False,0.3209,3,0.0,0.6148,clean,none
G:\GitHub\DiT\MCCD\MCCD\MCCD-Calligrapher\calligrapher_dataset\赵孟𫖯\别-楷-元-赵孟𫖯-31224.png,赵孟頫,楷,别,元,31224,别-楷-元-赵孟𫖯-31224.png,mccd_salvage,ok,217,228,223.0,176.3,False,0.2973,3,0.0,0.5949,clean,none
G:\GitHub\DiT\MCCD\MCCD\MCCD-Calligrapher\calligrapher_dataset\赵孟𫖯\别-隶-元-赵孟𫖯-31214.png,赵孟頫,隶,别,元,31214,别-隶-元-赵孟𫖯-31214.png,mccd_salvage,ok,213,151,239.4,171.3,False,0.3226,2,0.0,0.66,clean,none
G:\GitHub\DiT\MCCD\MCCD\MCCD-Calligrapher\calligrapher_dataset\赵孟𫖯\到-行-元-赵孟𫖯-31350.png,赵孟頫,行,到,元,31350,到-行-元-赵孟𫖯-31350.png,mccd_salvage,ok,164,440,221.8,180.5,False,0.2066,3,0.0,0.5002,clean,none
G:\GitHub\DiT\MCCD\MCCD\MCCD-Calligrapher\calligrapher_dataset\赵孟𫖯\制-楷-元-赵孟𫖯-31451.png,赵孟頫,楷,制,元,31451,制-楷-元-赵孟𫖯-31451.png,mccd_salvage,ok,197,190,202.6,176.3,False,0.3954,4,0.0,0.6213,clean,none
G:\GitHub\DiT\MCCD\MCCD\MCCD-Calligrapher\calligrapher_dataset\赵孟𫖯\刻-楷-元-赵孟𫖯-31630.png,赵孟頫,楷,刻,元,31630,刻-楷-元-赵孟𫖯-31630.png,mccd_salvage,ok,208,203,207.5,168.1,False,0.3634,3,0.0,0.5775,clean,none
G:\GitHub\DiT\MCCD\MCCD\MCCD-Calligrapher\calligrapher_dataset\赵孟𫖯\刻-行-元-赵孟𫖯-31645.png,赵孟頫,行,刻,元,31645,刻-行-元-赵孟𫖯-31645.png,mccd_salvage,ok,183,157,236.1,178.1,False,0.4301,2,0.0,0.6563,clean,none
G:\GitHub\DiT\MCCD\MCCD\MCCD-Calligrapher\calligrapher_dataset\赵孟𫖯\則-楷-元-赵孟𫖯-31828.png,赵孟頫,楷,則,元,31828,則-楷-元-赵孟𫖯-31828.png,mccd_salvage,ok,200,225,206.9,145.3,False,0.3606,4,0.0,0.5759,clean,none
G:\GitHub\DiT\MCCD\MCCD\MCCD-Calligrapher\calligrapher_dataset\赵孟𫖯\副-楷-元-赵孟𫖯-32348.png,赵孟頫,楷,副,元,32348,副-楷-元-赵孟𫖯-32348.png,mccd_salvage,ok,212,242,208.3,119.9,False,0.5104,2,0.0,0.9032,clean,none
G:\GitHub\DiT\MCCD\MCCD\MCCD-Calligrapher\calligrapher_dataset\赵孟𫖯\剸-楷-元-赵孟𫖯-32455.png,赵孟頫,楷,剸,元,32455,剸-楷-元-赵孟𫖯-32455.png,mccd_salvage,ok,170,182,226.6,184.7,False,0.2951,3,0.0,0.6707,clean,none
G:\GitHub\DiT\MCCD\MCCD\MCCD-Calligrapher\calligrapher_dataset\赵孟𫖯\劉-楷-元-赵孟𫖯-32597.png,赵孟頫,楷,劉,元,32597,劉-楷-元-赵孟𫖯-32597.png,mccd_salvage,ok,211,242,233.0,157.3,False,0.3147,6,0.0,0.3762,clean,none
G:\GitHub\DiT\MCCD\MCCD\MCCD-Calligrapher\calligrapher_dataset\赵孟𫖯\劒-楷-元-赵孟𫖯-32715.png,赵孟頫,楷,劒,元,32715,劒-楷-元-赵孟𫖯-32715.png,mccd_salvage,ok,228,154,242.3,209.9,False,0.2429,11,0.0008,0.2626,clean,none
G:\GitHub\DiT\MCCD\MCCD\MCCD-Calligrapher\calligrapher_dataset\赵孟𫖯\力-隶-元-赵孟𫖯-32854.png,赵孟頫,隶,力,元,32854,力-隶-元-赵孟𫖯-32854.png,mccd_salvage,ok,224,192,237.7,203.9,False,0.303,2,0.0,0.9111,clean,none
G:\GitHub\DiT\MCCD\MCCD\MCCD-Calligrapher\calligrapher_dataset\赵孟𫖯\助-楷-元-赵孟𫖯-33160.png,赵孟頫,楷,助,元,33160,助-楷-元-赵孟𫖯-33160.png,mccd_salvage,ok,242,174,231.0,185.3,False,0.4142,1,0.0,1.0,clean,none
G:\GitHub\DiT\MCCD\MCCD\MCCD-Calligrapher\calligrapher_dataset\赵孟𫖯\劭-隶-元-赵孟𫖯-33227.png,赵孟頫,隶,劭,元,33227,劭-隶-元-赵孟𫖯-33227.png,mccd_salvage,ok,263,162,233.7,202.1,False,0.3377,2,0.0,0.5576,clean,none
G:\GitHub\DiT\MCCD\MCCD\MCCD-Calligrapher\calligrapher_dataset\赵孟𫖯\勉-隶-元-赵孟𫖯-33398.png,赵孟頫,隶,勉,元,33398,勉-隶-元-赵孟𫖯-33398.png,mccd_salvage,ok,249,183,237.0,193.5,False,0.372,2,0.0,0.7358,clean,none
G:\GitHub\DiT\MCCD\MCCD\MCCD-Calligrapher\calligrapher_dataset\赵孟𫖯\勒-隶-元-赵孟𫖯-33517.png,赵孟頫,隶,勒,元,33517,勒-隶-元-赵孟𫖯-33517.png,mccd_salvage,ok,223,187,240.2,210.8,False,0.3315,2,0.0,0.6553,clean,none
G:\GitHub\DiT\MCCD\MCCD\MCCD-Calligrapher\calligrapher_dataset\赵孟𫖯\務-楷-元-赵孟𫖯-33686.png,赵孟頫,楷,務,元,33686,務-楷-元-赵孟𫖯-33686.png,mccd_salvage,ok,237,177,236.0,213.2,False,0.3457,1,0.0,1.0,clean,none
G:\GitHub\DiT\MCCD\MCCD\MCCD-Calligrapher\calligrapher_dataset\赵孟𫖯\勞-楷-元-赵孟𫖯-33883.png,赵孟頫,楷,勞,元,33883,勞-楷-元-赵孟𫖯-33883.png,mccd_salvage,ok,155,177,244.6,216.6,False,0.2577,5,0.0,0.5543,clean,none
G:\GitHub\DiT\MCCD\MCCD\MCCD-Calligrapher\calligrapher_dataset\赵孟𫖯\勢-楷-元-赵孟𫖯-33975.png,赵孟頫,楷,勢,元,33975,勢-楷-元-赵孟𫖯-33975.png,mccd_salvage,ok,191,225,238.1,215.3,False,0.3072,2,0.0,0.965,clean,none
G:\GitHub\DiT\MCCD\MCCD\MCCD-Calligrapher\calligrapher_dataset\赵孟𫖯\勿-楷-元-赵孟𫖯-34489.png,赵孟頫,楷,勿,元,34489,勿-楷-元-赵孟𫖯-34489.png,mccd_salvage,ok,220,236,234.2,210.9,False,0.2984,2,0.0,0.996,clean,none
G:\GitHub\DiT\MCCD\MCCD\MCCD-Calligrapher\calligrapher_dataset\赵孟𫖯\勿-行-元-赵孟𫖯-34508.png,赵孟頫,行,勿,元,34508,勿-行-元-赵孟𫖯-34508.png,mccd_salvage,ok,176,200,225.4,182.6,False,0.3437,1,0.0,1.0,clean,none
G:\GitHub\DiT\MCCD\MCCD\MCCD-Calligrapher\calligrapher_dataset\赵孟𫖯\包-行-元-赵孟𫖯-34629.png,赵孟頫,行,包,元,34629,包-行-元-赵孟𫖯-34629.png,mccd_salvage,ok,177,248,228.1,183.5,False,0.3624,1,0.0,1.0,clean,none
G:\GitHub\DiT\MCCD\MCCD\MCCD-Calligrapher\calligrapher_dataset\赵孟𫖯\化-隶-元-赵孟𫖯-34830.png,赵孟頫,隶,化,元,34830,化-隶-元-赵孟𫖯-34830.png,mccd_salvage,ok,253,140,226.0,163.5,False,0.2644,2,0.0,0.6247,clean,none
G:\GitHub\DiT\MCCD\MCCD\MCCD-Calligrapher\calligrapher_dataset\赵孟𫖯\北-楷-元-赵孟𫖯-35055.png,赵孟頫,楷,北,元,35055,北-楷-元-赵孟𫖯-35055.png,mccd_salvage,ok,215,199,237.3,211.0,False,0.3113,2,0.0,0.5684,clean,none
G:\GitHub\DiT\MCCD\MCCD\MCCD-Calligrapher\calligrapher_dataset\赵孟𫖯\北-行-元-赵孟𫖯-35058.png,赵孟頫,行,北,元,35058,北-行-元-赵孟𫖯-35058.png,mccd_salvage,ok,204,186,231.6,194.0,False,0.3793,2,0.0,0.51,clean,none
G:\GitHub\DiT\MCCD\MCCD\MCCD-Calligrapher\calligrapher_dataset\赵孟𫖯\匡-行-元-赵孟𫖯-35213.png,赵孟頫,行,匡,元,35213,匡-行-元-赵孟𫖯-35213.png,mccd_salvage,ok,174,193,229.2,185.1,False,0.4187,2,0.0,0.6619,clean,none
G:\GitHub\DiT\MCCD\MCCD\MCCD-Calligrapher\calligrapher_dataset\赵孟𫖯\匡-隶-元-赵孟𫖯-35200.png,赵孟頫,隶,匡,元,35200,匡-隶-元-赵孟𫖯-35200.png,mccd_salvage,ok,266,190,227.7,151.0,False,0.3744,2,0.0,0.7902,clean,none
G:\GitHub\DiT\MCCD\MCCD\MCCD-Calligrapher\calligrapher_dataset\赵孟𫖯\匪-隶-元-赵孟𫖯-35279.png,赵孟頫,隶,匪,元,35279,匪-隶-元-赵孟𫖯-35279.png,mccd_salvage,ok,219,148,222.0,138.2,False,0.4085,1,0.0,1.0,clean,none
G:\GitHub\DiT\MCCD\MCCD\MCCD-Calligrapher\calligrapher_dataset\赵孟𫖯\匿-楷-元-赵孟𫖯-35566.png,赵孟頫,楷,匿,元,35566,匿-楷-元-赵孟𫖯-35566.png,mccd_salvage,ok,175,206,187.4,156.5,False,0.375,6,0.0004,0.6194,clean,none
G:\GitHub\DiT\MCCD\MCCD\MCCD-Calligrapher\calligrapher_dataset\赵孟𫖯\千-楷-元-赵孟𫖯-36037.png,赵孟頫,楷,千,元,36037,千-楷-元-赵孟𫖯-36037.png,mccd_salvage,ok,166,187,246.5,228.5,False,0.2074,1,0.0,1.0,clean,none
G:\GitHub\DiT\MCCD\MCCD\MCCD-Calligrapher\calligrapher_dataset\赵孟𫖯\千-行-元-赵孟𫖯-36052.png,赵孟頫,行,千,元,36052,千-行-元-赵孟𫖯-36052.png,mccd_salvage,ok,161,207,242.0,209.7,False,0.3937,1,0.0,1.0,clean,none
G:\GitHub\DiT\MCCD\MCCD\MCCD-Calligrapher\calligrapher_dataset\赵孟𫖯\升-楷-元-赵孟𫖯-36261.png,赵孟頫,楷,升,元,36261,升-楷-元-赵孟𫖯-36261.png,mccd_salvage,ok,210,318,245.8,226.0,False,0.3025,1,0.0,1.0,clean,none
G:\GitHub\DiT\MCCD\MCCD\MCCD-Calligrapher\calligrapher_dataset\赵孟𫖯\升-行-元-赵孟𫖯-36268.png,赵孟頫,行,升,元,36268,升-行-元-赵孟𫖯-36268.png,mccd_salvage,ok,196,237,239.6,221.0,False,0.3667,1,0.0,1.0,clean,none
G:\GitHub\DiT\MCCD\MCCD\MCCD-Calligrapher\calligrapher_dataset\赵孟𫖯\南-楷-元-赵孟𫖯-37029.png,赵孟頫,楷,南,元,37029,南-楷-元-赵孟𫖯-37029.png,mccd_salvage,ok,215,243,217.6,183.5,False,0.4203,1,0.0,1.0,clean,none
G:\GitHub\DiT\MCCD\MCCD\MCCD-Calligrapher\calligrapher_dataset\赵孟𫖯\卜-楷-元-赵孟𫖯-37224.png,赵孟頫,楷,卜,元,37224,卜-楷-元-赵孟𫖯-37224.png,mccd_salvage,ok,213,245,216.2,169.4,False,0.2766,1,0.0,1.0,clean,none
G:\GitHub\DiT\MCCD\MCCD\MCCD-Calligrapher\calligrapher_dataset\赵孟𫖯\卣-楷-元-赵孟𫖯-37416.png,赵孟頫,楷,卣,元,37416,卣-楷-元-赵孟𫖯-37416.png,mccd_salvage,ok,166,228,227.6,208.5,False,0.325,1,0.0,1.0,clean,none
G:\GitHub\DiT\MCCD\MCCD\MCCD-Calligrapher\calligrapher_dataset\赵孟𫖯\即-隶-元-赵孟𫖯-38095.png,赵孟頫,隶,即,元,38095,即-隶-元-赵孟𫖯-38095.png,mccd_salvage,ok,237,185,226.7,159.7,False,0.3997,2,0.0,0.6118,clean,none
G:\GitHub\DiT\MCCD\MCCD\MCCD-Calligrapher\calligrapher_dataset\赵孟𫖯\却-行-元-赵孟𫖯-38184.png,赵孟頫,行,却,元,38184,却-行-元-赵孟𫖯-38184.png,mccd_salvage,ok,191,294,239.2,220.6,False,0.2769,1,0.0,1.0,clean,none
G:\GitHub\DiT\MCCD\MCCD\MCCD-Calligrapher\calligrapher_dataset\赵孟𫖯\卷-行-元-赵孟𫖯-38255.png,赵孟頫,行,卷,元,38255,卷-行-元-赵孟𫖯-38255.png,mccd_salvage,ok,165,162,233.9,213.5,False,0.3521,1,0.0,1.0,clean,none
G:\GitHub\DiT\MCCD\MCCD\MCCD-Calligrapher\calligrapher_dataset\赵孟𫖯\厚-楷-元-赵孟𫖯-38791.png,赵孟頫,楷,厚,元,38791,厚-楷-元-赵孟𫖯-38791.png,mccd_salvage,ok,206,255,240.0,202.7,False,0.3564,2,0.0,0.8779,clean,none
G:\GitHub\DiT\MCCD\MCCD\MCCD-Calligrapher\calligrapher_dataset\赵孟𫖯\厥-楷-元-赵孟𫖯-38994.png,赵孟頫,楷,厥,元,38994,厥-楷-元-赵孟𫖯-38994.png,mccd_salvage,ok,205,189,237.6,220.1,False,0.2958,3,0.0,0.4115,clean,none
G:\GitHub\DiT\MCCD\MCCD\MCCD-Calligrapher\calligrapher_dataset\赵孟𫖯\去-行-元-赵孟𫖯-39332.png,赵孟頫,行,去,元,39332,去-行-元-赵孟𫖯-39332.png,mccd_salvage,ok,221,209,225.1,196.9,False,0.3304,1,0.0,1.0,clean,none
G:\GitHub\DiT\MCCD\MCCD\MCCD-Calligrapher\calligrapher_dataset\赵孟𫖯\又-楷-元-赵孟𫖯-40289.png,赵孟頫,楷,又,元,40289,又-楷-元-赵孟𫖯-40289.png,mccd_salvage,ok,241,155,223.1,183.4,False,0.3299,1,0.0,1.0,clean,none
G:\GitHub\DiT\MCCD\MCCD\MCCD-Calligrapher\calligrapher_dataset\赵孟𫖯\及-楷-元-赵孟𫖯-40503.png,赵孟頫,楷,及,元,40503,及-楷-元-赵孟𫖯-40503.png,mccd_salvage,ok,200,175,231.3,213.5,False,0.2571,1,0.0,1.0,clean,none
G:\GitHub\DiT\MCCD\MCCD\MCCD-Calligrapher\calligrapher_dataset\赵孟𫖯\友-隶-元-赵孟𫖯-40619.png,赵孟頫,隶,友,元,40619,友-隶-元-赵孟𫖯-40619.png,mccd_salvage,ok,274,190,236.0,204.7,False,0.3528,1,0.0,1.0,clean,none
G:\GitHub\DiT\MCCD\MCCD\MCCD-Calligrapher\calligrapher_dataset\赵孟𫖯\叛-行-元-赵孟𫖯-41485.png,赵孟頫,行,叛,元,41485,叛-行-元-赵孟𫖯-41485.png,mccd_salvage,ok,249,185,244.6,229.6,False,0.2882,4,0.0,0.5112,clean,none
G:\GitHub\DiT\MCCD\MCCD\MCCD-Calligrapher\calligrapher_dataset\赵孟𫖯\古-隶-元-赵孟𫖯-41880.png,赵孟頫,隶,古,元,41880,古-隶-元-赵孟𫖯-41880.png,mccd_salvage,ok,260,138,226.0,181.6,False,0.3804,1,0.0,1.0,clean,none
G:\GitHub\DiT\MCCD\MCCD\MCCD-Calligrapher\calligrapher_dataset\赵孟𫖯\可-楷-元-赵孟𫖯-42563.png,赵孟頫,楷,可,元,42563,可-楷-元-赵孟𫖯-42563.png,mccd_salvage,ok,234,185,230.3,184.6,False,0.2311,2,0.0,0.7163,clean,none
G:\GitHub\DiT\MCCD\MCCD\MCCD-Calligrapher\calligrapher_dataset\赵孟𫖯\可-行-元-赵孟𫖯-42587.png,赵孟頫,行,可,元,42587,可-行-元-赵孟𫖯-42587.png,mccd_salvage,ok,211,167,229.8,205.8,False,0.3323,1,0.0,1.0,clean,none
G:\GitHub\DiT\MCCD\MCCD\MCCD-Calligrapher\calligrapher_dataset\赵孟𫖯\台-楷-元-赵孟𫖯-42680.png,赵孟頫,楷,台,元,42680,台-楷-元-赵孟𫖯-42680.png,mccd_salvage,ok,233,299,229.2,191.1,False,0.3944,3,0.0004,0.5385,clean,none
G:\GitHub\DiT\MCCD\MCCD\MCCD-Calligrapher\calligrapher_dataset\赵孟𫖯\史-楷-元-赵孟𫖯-42884.png,赵孟頫,楷,史,元,42884,史-楷-元-赵孟𫖯-42884.png,mccd_salvage,ok,260,227,237.6,212.3,False,0.2707,1,0.0,1.0,clean,none
G:\GitHub\DiT\MCCD\MCCD\MCCD-Calligrapher\calligrapher_dataset\赵孟𫖯\右-行-元-赵孟𫖯-43090.png,赵孟頫,行,右,元,43090,右-行-元-赵孟𫖯-43090.png,mccd_salvage,ok,197,187,233.1,181.8,False,0.5025,1,0.0,1.0,clean,none
G:\GitHub\DiT\MCCD\MCCD\MCCD-Calligrapher\calligrapher_dataset\赵孟𫖯\合-隶-元-赵孟𫖯-43754.png,赵孟頫,隶,合,元,43754,合-隶-元-赵孟𫖯-43754.png,mccd_salvage,ok,259,181,222.5,194.8,False,0.3346,3,0.0,0.4578,clean,none
G:\GitHub\DiT\MCCD\MCCD\MCCD-Calligrapher\calligrapher_dataset\赵孟𫖯\吉-楷-元-赵孟𫖯-44041.png,赵孟頫,楷,吉,元,44041,吉-楷-元-赵孟𫖯-44041.png,mccd_salvage,ok,236,247,234.1,210.4,False,0.2966,2,0.0,0.6278,clean,none
G:\GitHub\DiT\MCCD\MCCD\MCCD-Calligrapher\calligrapher_dataset\赵孟𫖯\同-楷-元-赵孟𫖯-44258.png,赵孟頫,楷,同,元,44258,同-楷-元-赵孟𫖯-44258.png,mccd_salvage,ok,200,218,207.9,113.6,False,0.4827,4,0.0,0.4886,clean,none
G:\GitHub\DiT\MCCD\MCCD\MCCD-Calligrapher\calligrapher_dataset\赵孟𫖯\同-行-元-赵孟𫖯-44274.png,赵孟頫,行,同,元,44274,同-行-元-赵孟𫖯-44274.png,mccd_salvage,ok,175,195,213.8,122.4,False,0.409,5,0.0,0.3175,clean,none
G:\GitHub\DiT\MCCD\MCCD\MCCD-Calligrapher\calligrapher_dataset\赵孟𫖯\同-隶-元-赵孟𫖯-44204.png,赵孟頫,隶,同,元,44204,同-隶-元-赵孟𫖯-44204.png,mccd_salvage,ok,257,158,200.9,117.5,False,0.5039,2,0.0,0.7409,clean,none
G:\GitHub\DiT\MCCD\MCCD\MCCD-Calligrapher\calligrapher_dataset\赵孟𫖯\名-隶-元-赵孟𫖯-44382.png,赵孟頫,隶,名,元,44382,名-隶-元-赵孟𫖯-44382.png,mccd_salvage,ok,246,228,225.0,186.3,False,0.3712,1,0.0,1.0,clean,none
G:\GitHub\DiT\MCCD\MCCD\MCCD-Calligrapher\calligrapher_dataset\赵孟𫖯\吏-楷-元-赵孟𫖯-44610.png,赵孟頫,楷,吏,元,44610,吏-楷-元-赵孟𫖯-44610.png,mccd_salvage,ok,247,215,227.0,219.0,False,0.304,1,0.0,1.0,clean,none
G:\GitHub\DiT\MCCD\MCCD\MCCD-Calligrapher\calligrapher_dataset\赵孟𫖯\向-楷-元-赵孟𫖯-44711.png,赵孟頫,楷,向,元,44711,向-楷-元-赵孟𫖯-44711.png,mccd_salvage,ok,242,214,232.3,190.4,False,0.394,3,0.0,0.7275,clean,none
G:\GitHub\DiT\MCCD\MCCD\MCCD-Calligrapher\calligrapher_dataset\赵孟𫖯\向-行-元-赵孟𫖯-44721.png,赵孟頫,行,向,元,44721,向-行-元-赵孟𫖯-44721.png,mccd_salvage,ok,266,169,232.4,176.9,False,0.4388,3,0.0,0.6052,clean,none
G:\GitHub\DiT\MCCD\MCCD\MCCD-Calligrapher\calligrapher_dataset\赵孟𫖯\吕-楷-元-赵孟𫖯-44820.png,赵孟頫,楷,吕,元,44820,吕-楷-元-赵孟𫖯-44820.png,mccd_salvage,ok,164,222,205.4,103.3,False,0.5839,1,0.0,1.0,broken,too_solid
G:\GitHub\DiT\MCCD\MCCD\MCCD-Calligrapher\calligrapher_dataset\赵孟𫖯\吳-楷-元-赵孟𫖯-45654.png,赵孟頫,楷,吳,元,45654,吳-楷-元-赵孟𫖯-45654.png,mccd_salvage,ok,204,258,232.8,198.9,False,0.2964,4,0.0,0.4219,clean,none
G:\GitHub\DiT\MCCD\MCCD\MCCD-Calligrapher\calligrapher_dataset\赵孟𫖯\吴-楷-元-赵孟𫖯-45794.png,赵孟頫,楷,吴,元,45794,吴-楷-元-赵孟𫖯-45794.png,mccd_salvage,ok,204,258,232.8,198.9,False,0.2964,4,0.0,0.4219,clean,none
G:\GitHub\DiT\MCCD\MCCD\MCCD-Calligrapher\calligrapher_dataset\赵孟𫖯\吸-楷-元-赵孟𫖯-45856.png,赵孟頫,楷,吸,元,45856,吸-楷-元-赵孟𫖯-45856.png,mccd_salvage,ok,253,170,235.7,196.3,False,0.2921,1,0.0,1.0,clean,none
G:\GitHub\DiT\MCCD\MCCD\MCCD-Calligrapher\calligrapher_dataset\赵孟𫖯\吹-行-元-赵孟𫖯-45892.png,赵孟頫,行,吹,元,45892,吹-行-元-赵孟𫖯-45892.png,mccd_salvage,ok,257,164,235.6,207.1,False,0.2553,2,0.0,0.8324,clean,none
G:\GitHub\DiT\MCCD\MCCD\MCCD-Calligrapher\calligrapher_dataset\赵孟𫖯\吹-隶-元-赵孟𫖯-45879.png,赵孟頫,隶,吹,元,45879,吹-隶-元-赵孟𫖯-45879.png,mccd_salvage,ok,244,140,238.4,198.5,False,0.2923,2,0.0,0.6954,clean,none
G:\GitHub\DiT\MCCD\MCCD\MCCD-Calligrapher\calligrapher_dataset\赵孟𫖯\吾-楷-元-赵孟𫖯-45989.png,赵孟頫,楷,吾,元,45989,吾-楷-元-赵孟𫖯-45989.png,mccd_salvage,ok,228,199,229.8,192.5,False,0.3333,2,0.0,0.6723,clean,none
G:\GitHub\DiT\MCCD\MCCD\MCCD-Calligrapher\calligrapher_dataset\赵孟𫖯\吾-行-元-赵孟𫖯-46004.png,赵孟頫,行,吾,元,46004,吾-行-元-赵孟𫖯-46004.png,mccd_salvage,ok,170,211,230.0,173.4,False,0.4764,2,0.0002,0.9998,clean,none
G:\GitHub\DiT\MCCD\MCCD\MCCD-Calligrapher\calligrapher_dataset\赵孟𫖯\呉-行-元-赵孟𫖯-46481.png,赵孟頫,行,呉,元,46481,呉-行-元-赵孟𫖯-46481.png,mccd_salvage,ok,151,204,237.0,197.8,False,0.3976,2,0.0,0.8872,clean,none
G:\GitHub\DiT\MCCD\MCCD\MCCD-Calligrapher\calligrapher_dataset\赵孟𫖯\呑-楷-元-赵孟𫖯-46719.png,赵孟頫,楷,呑,元,46719,呑-楷-元-赵孟𫖯-46719.png,mccd_salvage,ok,189,152,230.8,196.0,False,0.2823,1,0.0,1.0,clean,none
G:\GitHub\DiT\MCCD\MCCD\MCCD-Calligrapher\calligrapher_dataset\赵孟𫖯\周-隶-元-赵孟𫖯-46917.png,赵孟頫,隶,周,元,46917,周-隶-元-赵孟𫖯-46917.png,mccd_salvage,ok,272,195,207.6,139.3,False,0.4642,1,0.0,1.0,clean,none
G:\GitHub\DiT\MCCD\MCCD\MCCD-Calligrapher\calligrapher_dataset\赵孟𫖯\周-隶-元-赵孟𫖯-46918.png,赵孟頫,隶,周,元,46918,周-隶-元-赵孟𫖯-46918.png,mccd_salvage,ok,284,220,216.9,138.0,False,0.4614,1,0.0,1.0,clean,none
G:\GitHub\DiT\MCCD\MCCD\MCCD-Calligrapher\calligrapher_dataset\赵孟𫖯\味-楷-元-赵孟𫖯-47027.png,赵孟頫,楷,味,元,47027,味-楷-元-赵孟𫖯-47027.png,mccd_salvage,ok,195,184,234.8,220.4,False,0.1818,4,0.0,0.5556,clean,none
G:\GitHub\DiT\MCCD\MCCD\MCCD-Calligrapher\calligrapher_dataset\赵孟𫖯\命-隶-元-赵孟𫖯-47289.png,赵孟頫,隶,命,元,47289,命-隶-元-赵孟𫖯-47289.png,mccd_salvage,ok,264,203,242.4,222.0,False,0.2942,4,0.0,0.4136,clean,none
G:\GitHub\DiT\MCCD\MCCD\MCCD-Calligrapher\calligrapher_dataset\赵孟𫖯\和-行-元-赵孟𫖯-47549.png,赵孟頫,行,和,元,47549,和-行-元-赵孟𫖯-47549.png,mccd_salvage,ok,256,189,241.6,223.1,False,0.2865,3,0.0,0.5229,clean,none
G:\GitHub\DiT\MCCD\MCCD\MCCD-Calligrapher\calligrapher_dataset\赵孟𫖯\和-隶-元-赵孟𫖯-47499.png,赵孟頫,隶,和,元,47499,和-隶-元-赵孟𫖯-47499.png,mccd_salvage,ok,234,129,223.7,190.2,False,0.3796,2,0.0,0.7094,clean,none
G:\GitHub\DiT\MCCD\MCCD\MCCD-Calligrapher\calligrapher_dataset\赵孟𫖯\哀-行-元-赵孟𫖯-48149.png,赵孟頫,行,哀,元,48149,哀-行-元-赵孟𫖯-48149.png,mccd_salvage,ok,167,219,239.2,211.9,False,0.3533,1,0.0,1.0,clean,none
G:\GitHub\DiT\MCCD\MCCD\MCCD-Calligrapher\calligrapher_dataset\赵孟𫖯\品-楷-元-赵孟𫖯-48220.png,赵孟頫,楷,品,元,48220,品-楷-元-赵孟𫖯-48220.png,mccd_salvage,ok,260,240,218.2,151.4,False,0.493,3,0.0,0.3619,clean,none
G:\GitHub\DiT\MCCD\MCCD\MCCD-Calligrapher\calligrapher_dataset\赵孟𫖯\品-楷-元-赵孟𫖯-48221.png,赵孟頫,楷,品,元,48221,品-楷-元-赵孟𫖯-48221.png,mccd_salvage,ok,264,285,237.1,202.7,False,0.3759,3,0.0,0.3835,clean,none
G:\GitHub\DiT\MCCD\MCCD\MCCD-Calligrapher\calligrapher_dataset\赵孟𫖯\唐-楷-元-赵孟𫖯-48820.png,赵孟頫,楷,唐,元,48820,唐-楷-元-赵孟𫖯-48820.png,mccd_salvage,ok,183,218,240.8,200.6,False,0.3354,2,0.0,0.8446,clean,none
G:\GitHub\DiT\MCCD\MCCD\MCCD-Calligrapher\calligrapher_dataset\赵孟𫖯\唐-行-元-赵孟𫖯-48825.png,赵孟頫,行,唐,元,48825,唐-行-元-赵孟𫖯-48825.png,mccd_salvage,ok,208,215,244.6,205.5,False,0.3544,3,0.0,0.6705,clean,none
G:\GitHub\DiT\MCCD\MCCD\MCCD-Calligrapher\calligrapher_dataset\赵孟𫖯\唐-隶-元-赵孟𫖯-48794.png,赵孟頫,隶,唐,元,48794,唐-隶-元-赵孟𫖯-48794.png,mccd_salvage,ok,234,192,220.0,183.5,False,0.453,1,0.0,1.0,clean,none
G:\GitHub\DiT\MCCD\MCCD\MCCD-Calligrapher\calligrapher_dataset\赵孟𫖯\商-行-元-赵孟𫖯-49204.png,赵孟頫,行,商,元,49204,商-行-元-赵孟𫖯-49204.png,mccd_salvage,ok,182,176,236.9,180.8,False,0.4463,1,0.0,1.0,clean,none
G:\GitHub\DiT\MCCD\MCCD\MCCD-Calligrapher\calligrapher_dataset\赵孟𫖯\問-楷-元-赵孟𫖯-49295.png,赵孟頫,楷,問,元,49295,問-楷-元-赵孟𫖯-49295.png,mccd_salvage,ok,195,203,191.2,127.7,False,0.3309,4,0.0,0.3944,clean,none
G:\GitHub\DiT\MCCD\MCCD\MCCD-Calligrapher\calligrapher_dataset\赵孟𫖯\啟-楷-元-赵孟𫖯-49548.png,赵孟頫,楷,啟,元,49548,啟-楷-元-赵孟𫖯-49548.png,mccd_salvage,ok,217,164,222.5,192.7,False,0.3342,3,0.0,0.3514,clean,none
G:\GitHub\DiT\MCCD\MCCD\MCCD-Calligrapher\calligrapher_dataset\赵孟𫖯\啟-隶-元-赵孟𫖯-49534.png,赵孟頫,隶,啟,元,49534,啟-隶-元-赵孟𫖯-49534.png,mccd_salvage,ok,250,170,210.7,167.1,False,0.4039,3,0.0,0.3911,clean,none
G:\GitHub\DiT\MCCD\MCCD\MCCD-Calligrapher\calligrapher_dataset\赵孟𫖯\善-隶-元-赵孟𫖯-49803.png,赵孟頫,隶,善,元,49803,善-隶-元-赵孟𫖯-49803.png,mccd_salvage,ok,262,205,234.1,205.7,False,0.3324,1,0.0,1.0,clean,none
G:\GitHub\DiT\MCCD\MCCD\MCCD-Calligrapher\calligrapher_dataset\赵孟𫖯\喩-楷-元-赵孟𫖯-50240.png,赵孟頫,楷,喩,元,50240,喩-楷-元-赵孟𫖯-50240.png,mccd_salvage,ok,281,238,245.2,230.5,False,0.2001,5,0.0013,0.8026,clean,none
G:\GitHub\DiT\MCCD\MCCD\MCCD-Calligrapher\calligrapher_dataset\赵孟𫖯\喬-楷-元-赵孟𫖯-50442.png,赵孟頫,楷,喬,元,50442,喬-楷-元-赵孟𫖯-50442.png,mccd_salvage,ok,202,182,242.9,225.4,False,0.2377,4,0.0,0.4994,clean,none
G:\GitHub\DiT\MCCD\MCCD\MCCD-Calligrapher\calligrapher_dataset\赵孟𫖯\喻-楷-元-赵孟𫖯-50561.png,赵孟頫,楷,喻,元,50561,喻-楷-元-赵孟𫖯-50561.png,mccd_salvage,ok,281,238,245.2,230.5,False,0.2001,5,0.0013,0.8026,clean,none
G:\GitHub\DiT\MCCD\MCCD\MCCD-Calligrapher\calligrapher_dataset\赵孟𫖯\嗟-楷-元-赵孟𫖯-50835.png,赵孟頫,楷,嗟,元,50835,嗟-楷-元-赵孟𫖯-50835.png,mccd_salvage,ok,176,182,227.3,208.9,False,0.2824,6,0.0027,0.7279,clean,none
G:\GitHub\DiT\MCCD\MCCD\MCCD-Calligrapher\calligrapher_dataset\赵孟𫖯\嘼-隶-元-赵孟𫖯-51539.png,赵孟頫,隶,嘼,元,51539,嘼-隶-元-赵孟𫖯-51539.png,mccd_salvage,ok,292,230,216.3,188.9,False,0.3955,3,0.0,0.7266,clean,none
G:\GitHub\DiT\MCCD\MCCD\MCCD-Calligrapher\calligrapher_dataset\赵孟𫖯\器-隶-元-赵孟𫖯-51800.png,赵孟頫,隶,器,元,51800,器-隶-元-赵孟𫖯-51800.png,mccd_salvage,ok,218,183,215.3,151.4,False,0.3961,4,0.0,0.5628,clean,none
G:\GitHub\DiT\MCCD\MCCD\MCCD-Calligrapher\calligrapher_dataset\赵孟𫖯\嚴-隶-元-赵孟𫖯-52173.png,赵孟頫,隶,嚴,元,52173,嚴-隶-元-赵孟𫖯-52173.png,mccd_salvage,ok,264,241,238.6,194.4,False,0.4421,3,0.0,0.8149,clean,none
G:\GitHub\DiT\MCCD\MCCD\MCCD-Calligrapher\calligrapher_dataset\赵孟𫖯\囊-楷-元-赵孟𫖯-52351.png,赵孟頫,楷,囊,元,52351,囊-楷-元-赵孟𫖯-52351.png,mccd_salvage,ok,172,153,231.7,220.0,False,0.2389,2,0.0,0.9569,clean,none
G:\GitHub\DiT\MCCD\MCCD\MCCD-Calligrapher\calligrapher_dataset\赵孟𫖯\囊-隶-元-赵孟𫖯-52345.png,赵孟頫,隶,囊,元,52345,囊-隶-元-赵孟𫖯-52345.png,mccd_salvage,ok,212,219,235.7,166.4,False,0.5016,1,0.0,1.0,clean,none
G:\GitHub\DiT\MCCD\MCCD\MCCD-Calligrapher\calligrapher_dataset\赵孟𫖯\囑-楷-元-赵孟𫖯-52436.png,赵孟頫,楷,囑,元,52436,囑-楷-元-赵孟𫖯-52436.png,mccd_salvage,ok,178,159,231.2,178.3,False,0.3962,2,0.0,0.8778,clean,none
G:\GitHub\DiT\MCCD\MCCD\MCCD-Calligrapher\calligrapher_dataset\赵孟𫖯\囚-楷-元-赵孟𫖯-52477.png,赵孟頫,楷,囚,元,52477,囚-楷-元-赵孟𫖯-52477.png,mccd_salvage,ok,182,205,184.9,104.3,False,0.5003,1,0.0,1.0,clean,none
G:\GitHub\DiT\MCCD\MCCD\MCCD-Calligrapher\calligrapher_dataset\赵孟𫖯\囚-楷-元-赵孟𫖯-52478.png,赵孟頫,楷,囚,元,52478,囚-楷-元-赵孟𫖯-52478.png,mccd_salvage,ok,171,210,221.2,141.6,False,0.2548,3,0.0,0.5088,clean,none
G:\GitHub\DiT\MCCD\MCCD\MCCD-Calligrapher\calligrapher_dataset\赵孟𫖯\四-行-元-赵孟𫖯-52699.png,赵孟頫,行,四,元,52699,四-行-元-赵孟𫖯-52699.png,mccd_salvage,ok,252,177,228.1,165.0,False,0.5558,2,0.0,0.9985,broken,too_solid
G:\GitHub\DiT\MCCD\MCCD\MCCD-Calligrapher\calligrapher_dataset\赵孟𫖯\四-隶-元-赵孟𫖯-52630.png,赵孟頫,隶,四,元,52630,四-隶-元-赵孟𫖯-52630.png,mccd_salvage,ok,253,167,59.0,195.7,True,0.5626,1,0.0,1.0,broken,inverted;too_solid
G:\GitHub\DiT\MCCD\MCCD\MCCD-Calligrapher\calligrapher_dataset\赵孟𫖯\回-行-元-赵孟𫖯-52797.png,赵孟頫,行,回,元,52797,回-行-元-赵孟𫖯-52797.png,mccd_salvage,ok,253,194,220.8,164.3,False,0.533,1,0.0,1.0,clean,none
G:\GitHub\DiT\MCCD\MCCD\MCCD-Calligrapher\calligrapher_dataset\赵孟𫖯\因-隶-元-赵孟𫖯-52918.png,赵孟頫,隶,因,元,52918,因-隶-元-赵孟𫖯-52918.png,mccd_salvage,ok,238,172,64.0,200.8,True,0.5209,1,0.0,1.0,inverted,inverted
G:\GitHub\DiT\MCCD\MCCD\MCCD-Calligrapher\calligrapher_dataset\赵孟𫖯\困-楷-元-赵孟𫖯-53100.png,赵孟頫,楷,困,元,53100,困-楷-元-赵孟𫖯-53100.png,mccd_salvage,ok,222,262,199.2,112.3,False,0.5473,1,0.0,1.0,clean,none
G:\GitHub\DiT\MCCD\MCCD\MCCD-Calligrapher\calligrapher_dataset\赵孟𫖯\國-楷-元-赵孟𫖯-53464.png,赵孟頫,楷,國,元,53464,國-楷-元-赵孟𫖯-53464.png,mccd_salvage,ok,183,179,171.5,133.3,False,0.4359,2,0.0,0.874,clean,none
G:\GitHub\DiT\MCCD\MCCD\MCCD-Calligrapher\calligrapher_dataset\赵孟𫖯\圍-楷-元-赵孟𫖯-53538.png,赵孟頫,楷,圍,元,53538,圍-楷-元-赵孟𫖯-53538.png,mccd_salvage,ok,223,253,199.3,116.1,False,0.4226,1,0.0,1.0,clean,none
G:\GitHub\DiT\MCCD\MCCD\MCCD-Calligrapher\calligrapher_dataset\赵孟𫖯\園-楷-元-赵孟𫖯-53633.png,赵孟頫,楷,園,元,53633,園-楷-元-赵孟𫖯-53633.png,mccd_salvage,ok,220,222,201.5,91.5,True,0.4869,4,0.0009,0.6277,inverted,inverted
G:\GitHub\DiT\MCCD\MCCD\MCCD-Calligrapher\calligrapher_dataset\赵孟𫖯\園-隶-元-赵孟𫖯-53620.png,赵孟頫,隶,園,元,53620,園-隶-元-赵孟𫖯-53620.png,mccd_salvage,ok,274,258,59.5,204.2,True,0.5307,1,0.0,1.0,inverted,inverted
G:\GitHub\DiT\MCCD\MCCD\MCCD-Calligrapher\calligrapher_dataset\赵孟𫖯\圓-行-元-赵孟𫖯-53674.png,赵孟頫,行,圓,元,53674,圓-行-元-赵孟𫖯-53674.png,mccd_salvage,ok,200,194,202.4,115.5,False,0.4897,1,0.0,1.0,clean,none
G:\GitHub\DiT\MCCD\MCCD\MCCD-Calligrapher\calligrapher_dataset\赵孟𫖯\團-楷-元-赵孟𫖯-53873.png,赵孟頫,楷,團,元,53873,團-楷-元-赵孟𫖯-53873.png,mccd_salvage,ok,181,203,197.4,176.4,False,0.2691,9,0.0032,0.3493,clean,none
G:\GitHub\DiT\MCCD\MCCD\MCCD-Calligrapher\calligrapher_dataset\赵孟𫖯\土-行-元-赵孟𫖯-54093.png,赵孟頫,行,土,元,54093,土-行-元-赵孟𫖯-54093.png,mccd_salvage,ok,195,234,225.5,183.6,False,0.357,2,0.0,0.9058,clean,none
G:\GitHub\DiT\MCCD\MCCD\MCCD-Calligrapher\calligrapher_dataset\赵孟𫖯\在-隶-元-赵孟𫖯-54218.png,赵孟頫,隶,在,元,54218,在-隶-元-赵孟𫖯-54218.png,mccd_salvage,ok,272,195,241.9,226.1,False,0.2956,1,0.0,1.0,clean,none
G:\GitHub\DiT\MCCD\MCCD\MCCD-Calligrapher\calligrapher_dataset\赵孟𫖯\地-隶-元-赵孟𫖯-54425.png,赵孟頫,隶,地,元,54425,地-隶-元-赵孟𫖯-54425.png,mccd_salvage,ok,224,162,227.8,184.5,False,0.3468,1,0.0,1.0,clean,none
G:\GitHub\DiT\MCCD\MCCD\MCCD-Calligrapher\calligrapher_dataset\赵孟𫖯\均-楷-元-赵孟𫖯-54591.png,赵孟頫,楷,均,元,54591,均-楷-元-赵孟𫖯-54591.png,mccd_salvage,ok,272,227,231.4,193.3,False,0.4001,2,0.0,0.9177,clean,none
G:\GitHub\DiT\MCCD\MCCD\MCCD-Calligrapher\calligrapher_dataset\赵孟𫖯\坐-行-元-赵孟𫖯-54717.png,赵孟頫,行,坐,元,54717,坐-行-元-赵孟𫖯-54717.png,mccd_salvage,ok,231,251,230.6,195.8,False,0.3245,4,0.0007,0.8399,clean,none
G:\GitHub\DiT\MCCD\MCCD\MCCD-Calligrapher\calligrapher_dataset\赵孟𫖯\坐-隶-元-赵孟𫖯-54691.png,赵孟頫,隶,坐,元,54691,坐-隶-元-赵孟𫖯-54691.png,mccd_salvage,ok,272,177,231.5,160.6,False,0.3471,3,0.0,0.6121,clean,none
G:\GitHub\DiT\MCCD\MCCD\MCCD-Calligrapher\calligrapher_dataset\赵孟𫖯\垂-楷-元-赵孟𫖯-55089.png,赵孟頫,楷,垂,元,55089,垂-楷-元-赵孟𫖯-55089.png,mccd_salvage,ok,210,195,239.5,216.6,False,0.2837,3,0.0,0.814,clean,none
G:\GitHub\DiT\MCCD\MCCD\MCCD-Calligrapher\calligrapher_dataset\赵孟𫖯\垓-楷-元-赵孟𫖯-55164.png,赵孟頫,楷,垓,元,55164,垓-楷-元-赵孟𫖯-55164.png,mccd_salvage,ok,218,199,234.7,213.0,False,0.3063,2,0.0,0.917,clean,none
G:\GitHub\DiT\MCCD\MCCD\MCCD-Calligrapher\calligrapher_dataset\赵孟𫖯\垢-行-元-赵孟𫖯-55263.png,赵孟頫,行,垢,元,55263,垢-行-元-赵孟𫖯-55263.png,mccd_salvage,ok,214,151,232.7,201.4,False,0.3032,4,0.0,0.489,clean,none
G:\GitHub\DiT\MCCD\MCCD\MCCD-Calligrapher\calligrapher_dataset\赵孟𫖯\垢-隶-元-赵孟𫖯-55252.png,赵孟頫,隶,垢,元,55252,垢-隶-元-赵孟𫖯-55252.png,mccd_salvage,ok,266,171,214.5,163.1,False,0.3765,3,0.0,0.4485,clean,none
G:\GitHub\DiT\MCCD\MCCD\MCCD-Calligrapher\calligrapher_dataset\赵孟𫖯\垣-行-元-赵孟𫖯-55319.png,赵孟頫,行,垣,元,55319,垣-行-元-赵孟𫖯-55319.png,mccd_salvage,ok,206,178,232.0,185.3,False,0.3769,3,0.0,0.4833,clean,none
G:\GitHub\DiT\MCCD\MCCD\MCCD-Calligrapher\calligrapher_dataset\赵孟𫖯\垣-隶-元-赵孟𫖯-55304.png,赵孟頫,隶,垣,元,55304,垣-隶-元-赵孟𫖯-55304.png,mccd_salvage,ok,258,162,217.7,150.0,False,0.3832,4,0.0,0.4034,clean,none
G:\GitHub\DiT\MCCD\MCCD\MCCD-Calligrapher\calligrapher_dataset\赵孟𫖯\域-楷-元-赵孟𫖯-55652.png,赵孟頫,楷,域,元,55652,域-楷-元-赵孟𫖯-55652.png,mccd_salvage,ok,268,254,244.8,232.2,False,0.2113,3,0.0,0.7079,clean,none
G:\GitHub\DiT\MCCD\MCCD\MCCD-Calligrapher\calligrapher_dataset\赵孟𫖯\基-楷-元-赵孟𫖯-55923.png,赵孟頫,楷,基,元,55923,基-楷-元-赵孟𫖯-55923.png,mccd_salvage,ok,234,213,231.8,209.8,False,0.3193,1,0.0,1.0,clean,none
G:\GitHub\DiT\MCCD\MCCD\MCCD-Calligrapher\calligrapher_dataset\赵孟𫖯\堂-隶-元-赵孟𫖯-56027.png,赵孟頫,隶,堂,元,56027,堂-隶-元-赵孟𫖯-56027.png,mccd_salvage,ok,280,251,225.2,135.6,False,0.413,4,0.0,0.5665,clean,none
G:\GitHub\DiT\MCCD\MCCD\MCCD-Calligrapher\calligrapher_dataset\赵孟𫖯\堅-隶-元-赵孟𫖯-56111.png,赵孟頫,隶,堅,元,56111,堅-隶-元-赵孟𫖯-56111.png,mccd_salvage,ok,266,223,206.3,146.7,False,0.4383,1,0.0,1.0,clean,none
G:\GitHub\DiT\MCCD\MCCD\MCCD-Calligrapher\calligrapher_dataset\赵孟𫖯\場-楷-元-赵孟𫖯-56501.png,赵孟頫,楷,場,元,56501,場-楷-元-赵孟𫖯-56501.png,mccd_salvage,ok,204,216,241.1,211.2,False,0.3637,1,0.0,1.0,clean,none
G:\GitHub\DiT\MCCD\MCCD\MCCD-Calligrapher\calligrapher_dataset\赵孟𫖯\塗-楷-元-赵孟𫖯-56668.png,赵孟頫,楷,塗,元,56668,塗-楷-元-赵孟𫖯-56668.png,mccd_salvage,ok,214,244,234.1,198.8,False,0.3543,6,0.0,0.3515,clean,none
G:\GitHub\DiT\MCCD\MCCD\MCCD-Calligrapher\calligrapher_dataset\赵孟𫖯\塵-行-元-赵孟𫖯-56910.png,赵孟頫,行,塵,元,56910,塵-行-元-赵孟𫖯-56910.png,mccd_salvage,ok,156,201,231.2,201.7,False,0.3458,2,0.0,0.9754,clean,none
G:\GitHub\DiT\MCCD\MCCD\MCCD-Calligrapher\calligrapher_dataset\赵孟𫖯\增-隶-元-赵孟𫖯-57255.png,赵孟頫,隶,增,元,57255,增-隶-元-赵孟𫖯-57255.png,mccd_salvage,ok,221,199,221.3,179.3,False,0.3739,6,0.0,0.3439,clean,none
G:\GitHub\DiT\MCCD\MCCD\MCCD-Calligrapher\calligrapher_dataset\赵孟𫖯\墻-楷-元-赵孟𫖯-57519.png,赵孟頫,楷,墻,元,57519,墻-楷-元-赵孟𫖯-57519.png,mccd_salvage,ok,219,236,231.0,195.4,False,0.4057,1,0.0,1.0,clean,none
G:\GitHub\DiT\MCCD\MCCD\MCCD-Calligrapher\calligrapher_dataset\赵孟𫖯\壘-楷-元-赵孟𫖯-57755.png,赵孟頫,楷,壘,元,57755,壘-楷-元-赵孟𫖯-57755.png,mccd_salvage,ok,182,281,225.7,189.4,False,0.3492,10,0.0016,0.3078,clean,none
G:\GitHub\DiT\MCCD\MCCD\MCCD-Calligrapher\calligrapher_dataset\赵孟𫖯\士-隶-元-赵孟𫖯-58003.png,赵孟頫,隶,士,元,58003,士-隶-元-赵孟𫖯-58003.png,mccd_salvage,ok,265,108,211.7,187.2,False,0.3576,1,0.0,1.0,clean,none
G:\GitHub\DiT\MCCD\MCCD\MCCD-Calligrapher\calligrapher_dataset\赵孟𫖯\壽-楷-元-赵孟𫖯-58594.png,赵孟頫,楷,壽,元,58594,壽-楷-元-赵孟𫖯-58594.png,mccd_salvage,ok,217,238,244.3,233.7,False,0.2713,2,0.0,0.9892,clean,none
G:\GitHub\DiT\MCCD\MCCD\MCCD-Calligrapher\calligrapher_dataset\赵孟𫖯\夏-隶-元-赵孟𫖯-58885.png,赵孟頫,隶,夏,元,58885,夏-隶-元-赵孟𫖯-58885.png,mccd_salvage,ok,248,270,222.4,158.2,False,0.428,1,0.0,1.0,clean,none
G:\GitHub\DiT\MCCD\MCCD\MCCD-Calligrapher\calligrapher_dataset\赵孟𫖯\夔-楷-元-赵孟𫖯-59030.png,赵孟頫,楷,夔,元,59030,夔-楷-元-赵孟𫖯-59030.png,mccd_salvage,ok,177,220,232.4,217.3,False,0.2513,9,0.0,0.2663,clean,none
G:\GitHub\DiT\MCCD\MCCD\MCCD-Calligrapher\calligrapher_dataset\赵孟𫖯\夕-行-元-赵孟𫖯-59156.png,赵孟頫,行,夕,元,59156,夕-行-元-赵孟𫖯-59156.png,mccd_salvage,ok,193,256,230.0,190.7,False,0.3632,1,0.0,1.0,clean,none
G:\GitHub\DiT\MCCD\MCCD\MCCD-Calligrapher\calligrapher_dataset\赵孟𫖯\外-隶-元-赵孟𫖯-59265.png,赵孟頫,隶,外,元,59265,外-隶-元-赵孟𫖯-59265.png,mccd_salvage,ok,264,128,234.4,194.0,False,0.329,2,0.0,0.5295,clean,none
G:\GitHub\DiT\MCCD\MCCD\MCCD-Calligrapher\calligrapher_dataset\赵孟𫖯\外-隶-元-赵孟𫖯-59266.png,赵孟頫,隶,外,元,59266,外-隶-元-赵孟𫖯-59266.png,mccd_salvage,ok,282,181,245.2,231.9,False,0.2716,1,0.0,1.0,clean,none
G:\GitHub\DiT\MCCD\MCCD\MCCD-Calligrapher\calligrapher_dataset\赵孟𫖯\夙-楷-元-赵孟𫖯-59426.png,赵孟頫,楷,夙,元,59426,夙-楷-元-赵孟𫖯-59426.png,mccd_salvage,ok,244,238,232.0,198.2,False,0.3327,2,0.0,0.8632,clean,none
G:\GitHub\DiT\MCCD\MCCD\MCCD-Calligrapher\calligrapher_dataset\赵孟𫖯\夙-行-元-赵孟𫖯-59431.png,赵孟頫,行,夙,元,59431,夙-行-元-赵孟𫖯-59431.png,mccd_salvage,ok,199,207,221.2,149.3,False,0.4434,1,0.0,1.0,clean,none
G:\GitHub\DiT\MCCD\MCCD\MCCD-Calligrapher\calligrapher_dataset\赵孟𫖯\夙-隶-元-赵孟𫖯-59411.png,赵孟頫,隶,夙,元,59411,夙-隶-元-赵孟𫖯-59411.png,mccd_salvage,ok,243,151,233.7,174.2,False,0.3716,1,0.0,1.0,clean,none
G:\GitHub\DiT\MCCD\MCCD\MCCD-Calligrapher\calligrapher_dataset\赵孟𫖯\大-楷-元-赵孟𫖯-60507.png,赵孟頫,楷,大,元,60507,大-楷-元-赵孟𫖯-60507.png,mccd_salvage,ok,222,216,229.1,216.6,False,0.2281,1,0.0,1.0,clean,none
G:\GitHub\DiT\MCCD\MCCD\MCCD-Calligrapher\calligrapher_dataset\赵孟𫖯\大-隶-元-赵孟𫖯-60455.png,赵孟頫,隶,大,元,60455,大-隶-元-赵孟𫖯-60455.png,mccd_salvage,ok,265,200,237.2,218.4,False,0.2441,1,0.0,1.0,clean,none
G:\GitHub\DiT\MCCD\MCCD\MCCD-Calligrapher\calligrapher_dataset\赵孟𫖯\天-楷-元-赵孟𫖯-61019.png,赵孟頫,楷,天,元,61019,天-楷-元-赵孟𫖯-61019.png,mccd_salvage,ok,244,190,220.8,191.8,False,0.2979,1,0.0,1.0,clean,none
G:\GitHub\DiT\MCCD\MCCD\MCCD-Calligrapher\calligrapher_dataset\赵孟𫖯\夲-隶-元-赵孟𫖯-61742.png,赵孟頫,隶,夲,元,61742,夲-隶-元-赵孟𫖯-61742.png,mccd_salvage,ok,274,182,236.1,211.5,False,0.3379,1,0.0,1.0,clean,none
G:\GitHub\DiT\MCCD\MCCD\MCCD-Calligrapher\calligrapher_dataset\赵孟𫖯\奄-隶-元-赵孟𫖯-61996.png,赵孟頫,隶,奄,元,61996,奄-隶-元-赵孟𫖯-61996.png,mccd_salvage,ok,228,199,236.4,207.1,False,0.3829,2,0.0009,0.9991,clean,none
G:\GitHub\DiT\MCCD\MCCD\MCCD-Calligrapher\calligrapher_dataset\赵孟𫖯\奉-楷-元-赵孟𫖯-62201.png,赵孟頫,楷,奉,元,62201,奉-楷-元-赵孟𫖯-62201.png,mccd_salvage,ok,256,329,245.8,231.5,False,0.3148,1,0.0,1.0,clean,none
G:\GitHub\DiT\MCCD\MCCD\MCCD-Calligrapher\calligrapher_dataset\赵孟𫖯\奏-隶-元-赵孟𫖯-62337.png,赵孟頫,隶,奏,元,62337,奏-隶-元-赵孟𫖯-62337.png,mccd_salvage,ok,259,198,234.2,176.8,False,0.3999,4,0.0,0.6954,clean,none
G:\GitHub\DiT\MCCD\MCCD\MCCD-Calligrapher\calligrapher_dataset\赵孟𫖯\奘-行-元-赵孟𫖯-62502.png,赵孟頫,行,奘,元,62502,奘-行-元-赵孟𫖯-62502.png,mccd_salvage,ok,183,197,233.4,193.5,False,0.3742,5,0.0,0.3285,clean,none
G:\GitHub\DiT\MCCD\MCCD\MCCD-Calligrapher\calligrapher_dataset\赵孟𫖯\奚-楷-元-赵孟𫖯-62533.png,赵孟頫,楷,奚,元,62533,奚-楷-元-赵孟𫖯-62533.png,mccd_salvage,ok,224,255,232.0,218.3,False,0.2673,8,0.0,0.3772,clean,none
G:\GitHub\DiT\MCCD\MCCD\MCCD-Calligrapher\calligrapher_dataset\赵孟𫖯\奢-楷-元-赵孟𫖯-62673.png,赵孟頫,楷,奢,元,62673,奢-楷-元-赵孟𫖯-62673.png,mccd_salvage,ok,267,345,238.2,213.2,False,0.3928,1,0.0,1.0,clean,none
G:\GitHub\DiT\MCCD\MCCD\MCCD-Calligrapher\calligrapher_dataset\赵孟𫖯\奮-楷-元-赵孟𫖯-62840.png,赵孟頫,楷,奮,元,62840,奮-楷-元-赵孟𫖯-62840.png,mccd_salvage,ok,204,262,245.5,232.1,False,0.2635,7,0.0004,0.5299,clean,none
G:\GitHub\DiT\MCCD\MCCD\MCCD-Calligrapher\calligrapher_dataset\赵孟𫖯\女-楷-元-赵孟𫖯-63256.png,赵孟頫,楷,女,元,63256,女-楷-元-赵孟𫖯-63256.png,mccd_salvage,ok,235,173,239.2,226.2,False,0.2172,1,0.0,1.0,clean,none
G:\GitHub\DiT\MCCD\MCCD\MCCD-Calligrapher\calligrapher_dataset\赵孟𫖯\女-行-元-赵孟𫖯-63264.png,赵孟頫,行,女,元,63264,女-行-元-赵孟𫖯-63264.png,mccd_salvage,ok,225,149,239.7,218.2,False,0.2882,1,0.0,1.0,clean,none
G:\GitHub\DiT\MCCD\MCCD\MCCD-Calligrapher\calligrapher_dataset\赵孟𫖯\女-隶-元-赵孟𫖯-63238.png,赵孟頫,隶,女,元,63238,女-隶-元-赵孟𫖯-63238.png,mccd_salvage,ok,274,168,238.3,213.7,False,0.2513,1,0.0,1.0,clean,none
G:\GitHub\DiT\MCCD\MCCD\MCCD-Calligrapher\calligrapher_dataset\赵孟𫖯\如-隶-元-赵孟𫖯-63705.png,赵孟頫,隶,如,元,63705,如-隶-元-赵孟𫖯-63705.png,mccd_salvage,ok,258,163,228.2,195.8,False,0.3254,2,0.0,0.6059,clean,none
G:\GitHub\DiT\MCCD\MCCD\MCCD-Calligrapher\calligrapher_dataset\赵孟𫖯\妙-行-元-赵孟𫖯-64103.png,赵孟頫,行,妙,元,64103,妙-行-元-赵孟𫖯-64103.png,mccd_salvage,ok,189,213,232.0,194.3,False,0.3837,1,0.0,1.0,clean,none
G:\GitHub\DiT\MCCD\MCCD\MCCD-Calligrapher\calligrapher_dataset\赵孟𫖯\妙-隶-元-赵孟𫖯-64072.png,赵孟頫,隶,妙,元,64072,妙-隶-元-赵孟𫖯-64072.png,mccd_salvage,ok,260,147,229.2,203.7,False,0.2956,5,0.0,0.471,clean,none
G:\GitHub\DiT\MCCD\MCCD\MCCD-Calligrapher\calligrapher_dataset\赵孟𫖯\妬-楷-元-赵孟𫖯-64250.png,赵孟頫,楷,妬,元,64250,妬-楷-元-赵孟𫖯-64250.png,mccd_salvage,ok,239,165,237.5,212.6,False,0.3464,1,0.0,1.0,clean,none
G:\GitHub\DiT\MCCD\MCCD\MCCD-Calligrapher\calligrapher_dataset\赵孟𫖯\始-楷-元-赵孟𫖯-64684.png,赵孟頫,楷,始,元,64684,始-楷-元-赵孟𫖯-64684.png,mccd_salvage,ok,276,206,230.5,187.3,False,0.3551,3,0.0,0.449,clean,none
G:\GitHub\DiT\MCCD\MCCD\MCCD-Calligrapher\calligrapher_dataset\赵孟𫖯\始-行-元-赵孟𫖯-64694.png,赵孟頫,行,始,元,64694,始-行-元-赵孟𫖯-64694.png,mccd_salvage,ok,210,181,219.9,174.5,False,0.4289,2,0.0,0.7059,clean,none
G:\GitHub\DiT\MCCD\MCCD\MCCD-Calligrapher\calligrapher_dataset\赵孟𫖯\始-隶-元-赵孟𫖯-64656.png,赵孟頫,隶,始,元,64656,始-隶-元-赵孟𫖯-64656.png,mccd_salvage,ok,262,180,227.9,171.4,False,0.3546,3,0.0,0.4776,clean,none
G:\GitHub\DiT\MCCD\MCCD\MCCD-Calligrapher\calligrapher_dataset\赵孟𫖯\委-隶-元-赵孟𫖯-64880.png,赵孟頫,隶,委,元,64880,委-隶-元-赵孟𫖯-64880.png,mccd_salvage,ok,277,222,240.6,211.4,False,0.3024,1,0.0,1.0,clean,none
G:\GitHub\DiT\MCCD\MCCD\MCCD-Calligrapher\calligrapher_dataset\赵孟𫖯\姚-楷-元-赵孟𫖯-64974.png,赵孟頫,楷,姚,元,64974,姚-楷-元-赵孟𫖯-64974.png,mccd_salvage,ok,250,187,224.7,186.2,False,0.4208,1,0.0,1.0,clean,none
G:\GitHub\DiT\MCCD\MCCD\MCCD-Calligrapher\calligrapher_dataset\赵孟𫖯\姪-行-元-赵孟𫖯-65209.png,赵孟頫,行,姪,元,65209,姪-行-元-赵孟𫖯-65209.png,mccd_salvage,ok,209,193,227.1,174.2,False,0.4248,2,0.0,0.9639,clean,none
G:\GitHub\DiT\MCCD\MCCD\MCCD-Calligrapher\calligrapher_dataset\赵孟𫖯\姿-隶-元-赵孟𫖯-65472.png,赵孟頫,隶,姿,元,65472,姿-隶-元-赵孟𫖯-65472.png,mccd_salvage,ok,274,176,231.8,197.8,False,0.341,3,0.0,0.477,clean,none
G:\GitHub\DiT\MCCD\MCCD\MCCD-Calligrapher\calligrapher_dataset\赵孟𫖯\威-楷-元-赵孟𫖯-65553.png,赵孟頫,楷,威,元,65553,威-楷-元-赵孟𫖯-65553.png,mccd_salvage,ok,215,245,243.0,223.6,False,0.2219,2,0.0,0.9701,clean,none
G:\GitHub\DiT\MCCD\MCCD\MCCD-Calligrapher\calligrapher_dataset\赵孟𫖯\婦-隶-元-赵孟𫖯-66228.png,赵孟頫,隶,婦,元,66228,婦-隶-元-赵孟𫖯-66228.png,mccd_salvage,ok,250,171,227.6,174.0,False,0.4877,2,0.0,0.7476,clean,none
G:\GitHub\DiT\MCCD\MCCD\MCCD-Calligrapher\calligrapher_dataset\赵孟𫖯\媚-楷-元-赵孟𫖯-66460.png,赵孟頫,楷,媚,元,66460,媚-楷-元-赵孟𫖯-66460.png,mccd_salvage,ok,243,211,215.2,177.3,False,0.3686,1,0.0,1.0,clean,none
G:\GitHub\DiT\MCCD\MCCD\MCCD-Calligrapher\calligrapher_dataset\赵孟𫖯\嫡-楷-元-赵孟𫖯-66861.png,赵孟頫,楷,嫡,元,66861,嫡-楷-元-赵孟𫖯-66861.png,mccd_salvage,ok,234,209,211.3,194.1,False,0.3581,6,0.0,0.4036,clean,none
G:\GitHub\DiT\MCCD\MCCD\MCCD-Calligrapher\calligrapher_dataset\赵孟𫖯\嫡-隶-元-赵孟𫖯-66856.png,赵孟頫,隶,嫡,元,66856,嫡-隶-元-赵孟𫖯-66856.png,mccd_salvage,ok,276,213,210.0,176.4,False,0.4139,3,0.0,0.6506,clean,none
G:\GitHub\DiT\MCCD\MCCD\MCCD-Calligrapher\calligrapher_dataset\赵孟𫖯\孔-楷-元-赵孟𫖯-68035.png,赵孟頫,楷,孔,元,68035,孔-楷-元-赵孟𫖯-68035.png,mccd_salvage,ok,239,155,230.2,175.3,False,0.298,2,0.0,0.5602,clean,none
G:\GitHub\DiT\MCCD\MCCD\MCCD-Calligrapher\calligrapher_dataset\赵孟𫖯\孔-行-元-赵孟𫖯-68048.png,赵孟頫,行,孔,元,68048,孔-行-元-赵孟𫖯-68048.png,mccd_salvage,ok,254,166,229.1,177.0,False,0.3603,2,0.0,0.5784,clean,none
G:\GitHub\DiT\MCCD\MCCD\MCCD-Calligrapher\calligrapher_dataset\赵孟𫖯\字-行-元-赵孟𫖯-68159.png,赵孟頫,行,字,元,68159,字-行-元-赵孟𫖯-68159.png,mccd_salvage,ok,164,220,237.5,214.0,False,0.3168,2,0.0,0.5207,clean,none
G:\GitHub\DiT\MCCD\MCCD\MCCD-Calligrapher\calligrapher_dataset\赵孟𫖯\字-隶-元-赵孟𫖯-68116.png,赵孟頫,隶,字,元,68116,字-隶-元-赵孟𫖯-68116.png,mccd_salvage,ok,228,191,234.1,212.5,False,0.3381,2,0.0,0.6495,clean,none
G:\GitHub\DiT\MCCD\MCCD\MCCD-Calligrapher\calligrapher_dataset\赵孟𫖯\存-楷-元-赵孟𫖯-68239.png,赵孟頫,楷,存,元,68239,存-楷-元-赵孟𫖯-68239.png,mccd_salvage,ok,199,208,238.6,222.3,False,0.3198,1,0.0,1.0,clean,none
G:\GitHub\DiT\MCCD\MCCD\MCCD-Calligrapher\calligrapher_dataset\赵孟𫖯\存-行-元-赵孟𫖯-68251.png,赵孟頫,行,存,元,68251,存-行-元-赵孟𫖯-68251.png,mccd_salvage,ok,196,209,241.1,222.0,False,0.3334,1,0.0,1.0,clean,none
G:\GitHub\DiT\MCCD\MCCD\MCCD-Calligrapher\calligrapher_dataset\赵孟𫖯\存-隶-元-赵孟𫖯-68218.png,赵孟頫,隶,存,元,68218,存-隶-元-赵孟𫖯-68218.png,mccd_salvage,ok,256,204,241.9,217.2,False,0.3488,1,0.0,1.0,clean,none
G:\GitHub\DiT\MCCD\MCCD\MCCD-Calligrapher\calligrapher_dataset\赵孟𫖯\孝-行-元-赵孟𫖯-68472.png,赵孟頫,行,孝,元,68472,孝-行-元-赵孟𫖯-68472.png,mccd_salvage,ok,247,334,240.8,225.6,False,0.2778,3,0.0002,0.7248,clean,none
G:\GitHub\DiT\MCCD\MCCD\MCCD-Calligrapher\calligrapher_dataset\赵孟𫖯\孟-楷-元-赵孟𫖯-68599.png,赵孟頫,楷,孟,元,68599,孟-楷-元-赵孟𫖯-68599.png,mccd_salvage,ok,255,230,234.7,181.1,False,0.3291,1,0.0,1.0,clean,none
G:\GitHub\DiT\MCCD\MCCD\MCCD-Calligrapher\calligrapher_dataset\赵孟𫖯\孟-隶-元-赵孟𫖯-68580.png,赵孟頫,隶,孟,元,68580,孟-隶-元-赵孟𫖯-68580.png,mccd_salvage,ok,246,194,205.5,134.0,False,0.4426,1,0.0,1.0,clean,none
G:\GitHub\DiT\MCCD\MCCD\MCCD-Calligrapher\calligrapher_dataset\赵孟𫖯\孰-楷-元-赵孟𫖯-69191.png,赵孟頫,楷,孰,元,69191,孰-楷-元-赵孟𫖯-69191.png,mccd_salvage,ok,173,148,221.4,183.0,False,0.4439,1,0.0,1.0,clean,none
G:\GitHub\DiT\MCCD\MCCD\MCCD-Calligrapher\calligrapher_dataset\赵孟𫖯\學-楷-元-赵孟𫖯-69352.png,赵孟頫,楷,學,元,69352,學-楷-元-赵孟𫖯-69352.png,mccd_salvage,ok,202,256,231.7,216.2,False,0.3316,5,0.0,0.4178,clean,none
G:\GitHub\DiT\MCCD\MCCD\MCCD-Calligrapher\calligrapher_dataset\赵孟𫖯\安-隶-元-赵孟𫖯-70104.png,赵孟頫,隶,安,元,70104,安-隶-元-赵孟𫖯-70104.png,mccd_salvage,ok,260,170,239.8,217.5,False,0.3405,1,0.0,1.0,clean,none
G:\GitHub\DiT\MCCD\MCCD\MCCD-Calligrapher\calligrapher_dataset\赵孟𫖯\宋-楷-元-赵孟𫖯-70268.png,赵孟頫,楷,宋,元,70268,宋-楷-元-赵孟𫖯-70268.png,mccd_salvage,ok,252,270,238.9,221.4,False,0.199,5,0.0,0.4244,clean,none
G:\GitHub\DiT\MCCD\MCCD\MCCD-Calligrapher\calligrapher_dataset\赵孟𫖯\宗-楷-元-赵孟𫖯-70664.png,赵孟頫,楷,宗,元,70664,宗-楷-元-赵孟𫖯-70664.png,mccd_salvage,ok,216,234,233.4,217.3,False,0.2756,6,0.0,0.3968,clean,none
G:\GitHub\DiT\MCCD\MCCD\MCCD-Calligrapher\calligrapher_dataset\赵孟𫖯\官-隶-元-赵孟𫖯-70823.png,赵孟頫,隶,官,元,70823,官-隶-元-赵孟𫖯-70823.png,mccd_salvage,ok,228,200,227.4,134.1,False,0.4204,2,0.0,0.5087,clean,none
G:\GitHub\DiT\MCCD\MCCD\MCCD-Calligrapher\calligrapher_dataset\赵孟𫖯\宙-楷-元-赵孟𫖯-70912.png,赵孟頫,楷,宙,元,70912,宙-楷-元-赵孟𫖯-70912.png,mccd_salvage,ok,224,209,232.3,188.2,False,0.4173,1,0.0,1.0,clean,none
G:\GitHub\DiT\MCCD\MCCD\MCCD-Calligrapher\calligrapher_dataset\赵孟𫖯\定-行-元-赵孟𫖯-71051.png,赵孟頫,行,定,元,71051,定-行-元-赵孟𫖯-71051.png,mccd_salvage,ok,269,245,233.5,196.8,False,0.2896,5,0.0,0.3317,clean,none
G:\GitHub\DiT\MCCD\MCCD\MCCD-Calligrapher\calligrapher_dataset\赵孟𫖯\定-行-元-赵孟𫖯-71053.png,赵孟頫,行,定,元,71053,定-行-元-赵孟𫖯-71053.png,mccd_salvage,ok,168,180,221.0,179.4,False,0.3308,2,0.0,0.5822,clean,none
G:\GitHub\DiT\MCCD\MCCD\MCCD-Calligrapher\calligrapher_dataset\赵孟𫖯\宣-行-元-赵孟𫖯-71527.png,赵孟頫,行,宣,元,71527,宣-行-元-赵孟𫖯-71527.png,mccd_salvage,ok,181,215,231.8,204.8,False,0.2766,3,0.0,0.5129,clean,none
G:\GitHub\DiT\MCCD\MCCD\MCCD-Calligrapher\calligrapher_dataset\赵孟𫖯\宣-行-元-赵孟𫖯-71528.png,赵孟頫,行,宣,元,71528,宣-行-元-赵孟𫖯-71528.png,mccd_salvage,ok,197,238,222.0,197.2,False,0.2817,5,0.0009,0.4633,clean,none
G:\GitHub\DiT\MCCD\MCCD\MCCD-Calligrapher\calligrapher_dataset\赵孟𫖯\宣-隶-元-赵孟𫖯-71485.png,赵孟頫,隶,宣,元,71485,宣-隶-元-赵孟𫖯-71485.png,mccd_salvage,ok,195,171,230.4,154.5,False,0.3937,3,0.0,0.5342,clean,none
G:\GitHub\DiT\MCCD\MCCD\MCCD-Calligrapher\calligrapher_dataset\赵孟𫖯\宫-隶-元-赵孟𫖯-71921.png,赵孟頫,隶,宫,元,71921,宫-隶-元-赵孟𫖯-71921.png,mccd_salvage,ok,239,230,196.8,150.2,False,0.4168,3,0.0,0.4723,clean,none
G:\GitHub\DiT\MCCD\MCCD\MCCD-Calligrapher\calligrapher_dataset\赵孟𫖯\宮-隶-元-赵孟𫖯-72118.png,赵孟頫,隶,宮,元,72118,宮-隶-元-赵孟𫖯-72118.png,mccd_salvage,ok,239,230,196.8,150.2,False,0.4168,3,0.0,0.4723,clean,none
G:\GitHub\DiT\MCCD\MCCD\MCCD-Calligrapher\calligrapher_dataset\赵孟𫖯\宰-隶-元-赵孟𫖯-72220.png,赵孟頫,隶,宰,元,72220,宰-隶-元-赵孟𫖯-72220.png,mccd_salvage,ok,198,210,216.8,163.9,False,0.4272,4,0.0002,0.4666,clean,none
G:\GitHub\DiT\MCCD\MCCD\MCCD-Calligrapher\calligrapher_dataset\赵孟𫖯\宴-楷-元-赵孟𫖯-72381.png,赵孟頫,楷,宴,元,72381,宴-楷-元-赵孟𫖯-72381.png,mccd_salvage,ok,170,204,233.2,209.1,False,0.2954,2,0.0,0.9406,clean,none
G:\GitHub\DiT\MCCD\MCCD\MCCD-Calligrapher\calligrapher_dataset\赵孟𫖯\家-隶-元-赵孟𫖯-72534.png,赵孟頫,隶,家,元,72534,家-隶-元-赵孟𫖯-72534.png,mccd_salvage,ok,213,230,233.0,205.5,False,0.3208,4,0.0,0.552,clean,none
G:\GitHub\DiT\MCCD\MCCD\MCCD-Calligrapher\calligrapher_dataset\赵孟𫖯\寂-行-元-赵孟𫖯-72832.png,赵孟頫,行,寂,元,72832,寂-行-元-赵孟𫖯-72832.png,mccd_salvage,ok,180,284,242.3,223.1,False,0.2893,1,0.0,1.0,clean,none
G:\GitHub\DiT\MCCD\MCCD\MCCD-Calligrapher\calligrapher_dataset\赵孟𫖯\密-隶-元-赵孟𫖯-73117.png,赵孟頫,隶,密,元,73117,密-隶-元-赵孟𫖯-73117.png,mccd_salvage,ok,238,183,230.7,196.5,False,0.4421,2,0.0,0.9658,clean,none
G:\GitHub\DiT\MCCD\MCCD\MCCD-Calligrapher\calligrapher_dataset\赵孟𫖯\寐-楷-元-赵孟𫖯-73381.png,赵孟頫,楷,寐,元,73381,寐-楷-元-赵孟𫖯-73381.png,mccd_salvage,ok,168,192,239.0,204.2,False,0.2926,4,0.0,0.6521,clean,none
G:\GitHub\DiT\MCCD\MCCD\MCCD-Calligrapher\calligrapher_dataset\赵孟𫖯\寐-行-元-赵孟𫖯-73386.png,赵孟頫,行,寐,元,73386,寐-行-元-赵孟𫖯-73386.png,mccd_salvage,ok,195,212,234.8,203.5,False,0.308,5,0.0,0.498,clean,none
G:\GitHub\DiT\MCCD\MCCD\MCCD-Calligrapher\calligrapher_dataset\赵孟𫖯\寐-行-元-赵孟𫖯-73387.png,赵孟頫,行,寐,元,73387,寐-行-元-赵孟𫖯-73387.png,mccd_salvage,ok,178,209,237.6,210.1,False,0.2811,5,0.0,0.4187,clean,none
G:\GitHub\DiT\MCCD\MCCD\MCCD-Calligrapher\calligrapher_dataset\赵孟𫖯\寓-隶-元-赵孟𫖯-73548.png,赵孟頫,隶,寓,元,73548,寓-隶-元-赵孟𫖯-73548.png,mccd_salvage,ok,206,208,218.5,174.4,False,0.4859,2,0.0,0.6829,clean,none
G:\GitHub\DiT\MCCD\MCCD\MCCD-Calligrapher\calligrapher_dataset\赵孟𫖯\寔-隶-元-赵孟𫖯-73583.png,赵孟頫,隶,寔,元,73583,寔-隶-元-赵孟𫖯-73583.png,mccd_salvage,ok,231,256,234.7,181.2,False,0.3933,4,0.0,0.3771,clean,none
G:\GitHub\DiT\MCCD\MCCD\MCCD-Calligrapher\calligrapher_dataset\赵孟𫖯\寘-楷-元-赵孟𫖯-73623.png,赵孟頫,楷,寘,元,73623,寘-楷-元-赵孟𫖯-73623.png,mccd_salvage,ok,174,202,237.0,203.5,False,0.3498,3,0.0,0.8978,clean,none
G:\GitHub\DiT\MCCD\MCCD\MCCD-Calligrapher\calligrapher_dataset\赵孟𫖯\寜-行-元-赵孟𫖯-73765.png,赵孟頫,行,寜,元,73765,寜-行-元-赵孟𫖯-73765.png,mccd_salvage,ok,183,273,228.9,208.9,False,0.3694,1,0.0,1.0,clean,none
G:\GitHub\DiT\MCCD\MCCD\MCCD-Calligrapher\calligrapher_dataset\赵孟𫖯\寜-隶-元-赵孟𫖯-73725.png,赵孟頫,隶,寜,元,73725,寜-隶-元-赵孟𫖯-73725.png,mccd_salvage,ok,242,195,232.0,166.1,False,0.3878,5,0.0,0.4944,clean,none
G:\GitHub\DiT\MCCD\MCCD\MCCD-Calligrapher\calligrapher_dataset\赵孟𫖯\察-隶-元-赵孟𫖯-73843.png,赵孟頫,隶,察,元,73843,察-隶-元-赵孟𫖯-73843.png,mccd_salvage,ok,250,217,241.1,203.4,False,0.4342,2,0.0,0.7446,clean,none
G:\GitHub\DiT\MCCD\MCCD\MCCD-Calligrapher\calligrapher_dataset\赵孟𫖯\寡-隶-元-赵孟𫖯-73951.png,赵孟頫,隶,寡,元,73951,寡-隶-元-赵孟𫖯-73951.png,mccd_salvage,ok,206,219,211.9,152.5,False,0.5603,3,0.0,0.9406,broken,too_solid
G:\GitHub\DiT\MCCD\MCCD\MCCD-Calligrapher\calligrapher_dataset\赵孟𫖯\寥-隶-元-赵孟𫖯-74057.png,赵孟頫,隶,寥,元,74057,寥-隶-元-赵孟𫖯-74057.png,mccd_salvage,ok,258,239,239.8,208.9,False,0.4012,6,0.0,0.5129,clean,none
G:\GitHub\DiT\MCCD\MCCD\MCCD-Calligrapher\calligrapher_dataset\赵孟𫖯\實-行-元-赵孟𫖯-74170.png,赵孟頫,行,實,元,74170,實-行-元-赵孟𫖯-74170.png,mccd_salvage,ok,194,297,237.1,200.4,False,0.4276,1,0.0,1.0,clean,none
G:\GitHub\DiT\MCCD\MCCD\MCCD-Calligrapher\calligrapher_dataset\赵孟𫖯\實-隶-元-赵孟𫖯-74131.png,赵孟頫,隶,實,元,74131,實-隶-元-赵孟𫖯-74131.png,mccd_salvage,ok,255,291,235.1,195.6,False,0.4285,3,0.0002,0.9742,clean,none
G:\GitHub\DiT\MCCD\MCCD\MCCD-Calligrapher\calligrapher_dataset\赵孟𫖯\寧-隶-元-赵孟𫖯-74258.png,赵孟頫,隶,寧,元,74258,寧-隶-元-赵孟𫖯-74258.png,mccd_salvage,ok,242,195,232.0,166.1,False,0.3878,5,0.0,0.4944,clean,none
G:\GitHub\DiT\MCCD\MCCD\MCCD-Calligrapher\calligrapher_dataset\赵孟𫖯\寬-楷-元-赵孟𫖯-74513.png,赵孟頫,楷,寬,元,74513,寬-楷-元-赵孟𫖯-74513.png,mccd_salvage,ok,183,206,227.9,217.6,False,0.2504,3,0.0,0.7677,clean,none
G:\GitHub\DiT\MCCD\MCCD\MCCD-Calligrapher\calligrapher_dataset\赵孟𫖯\寳-楷-元-赵孟𫖯-74578.png,赵孟頫,楷,寳,元,74578,寳-楷-元-赵孟𫖯-74578.png,mccd_salvage,ok,173,200,232.5,216.1,False,0.2776,7,0.0,0.4327,clean,none
G:\GitHub\DiT\MCCD\MCCD\MCCD-Calligrapher\calligrapher_dataset\赵孟𫖯\寶-隶-元-赵孟𫖯-74765.png,赵孟頫,隶,寶,元,74765,寶-隶-元-赵孟𫖯-74765.png,mccd_salvage,ok,245,291,229.6,152.5,False,0.535,4,0.0,0.3712,clean,none
G:\GitHub\DiT\MCCD\MCCD\MCCD-Calligrapher\calligrapher_dataset\赵孟𫖯\寸-行-元-赵孟𫖯-74856.png,赵孟頫,行,寸,元,74856,寸-行-元-赵孟𫖯-74856.png,mccd_salvage,ok,230,238,235.3,211.7,False,0.2935,1,0.0,1.0,clean,none
G:\GitHub\DiT\MCCD\MCCD\MCCD-Calligrapher\calligrapher_dataset\赵孟𫖯\寸-行-元-赵孟𫖯-74857.png,赵孟頫,行,寸,元,74857,寸-行-元-赵孟𫖯-74857.png,mccd_salvage,ok,257,208,240.5,226.2,False,0.2783,2,0.0,0.9189,clean,none
G:\GitHub\DiT\MCCD\MCCD\MCCD-Calligrapher\calligrapher_dataset\赵孟𫖯\寸-隶-元-赵孟𫖯-74840.png,赵孟頫,隶,寸,元,74840,寸-隶-元-赵孟𫖯-74840.png,mccd_salvage,ok,279,154,236.0,214.4,False,0.2953,2,0.0,0.8471,clean,none
G:\GitHub\DiT\MCCD\MCCD\MCCD-Calligrapher\calligrapher_dataset\赵孟𫖯\封-行-元-赵孟𫖯-75044.png,赵孟頫,行,封,元,75044,封-行-元-赵孟𫖯-75044.png,mccd_salvage,ok,245,239,231.9,211.5,False,0.3325,1,0.0,1.0,clean,none
G:\GitHub\DiT\MCCD\MCCD\MCCD-Calligrapher\calligrapher_dataset\赵孟𫖯\封-隶-元-赵孟𫖯-75017.png,赵孟頫,隶,封,元,75017,封-隶-元-赵孟𫖯-75017.png,mccd_salvage,ok,256,164,237.7,195.2,False,0.3611,3,0.0,0.5054,clean,none
G:\GitHub\DiT\MCCD\MCCD\MCCD-Calligrapher\calligrapher_dataset\赵孟𫖯\射-楷-元-赵孟𫖯-75267.png,赵孟頫,楷,射,元,75267,射-楷-元-赵孟𫖯-75267.png,mccd_salvage,ok,193,206,243.6,228.4,False,0.3144,3,0.0,0.6298,clean,none
G:\GitHub\DiT\MCCD\MCCD\MCCD-Calligrapher\calligrapher_dataset\赵孟𫖯\射-隶-元-赵孟𫖯-75247.png,赵孟頫,隶,射,元,75247,射-隶-元-赵孟𫖯-75247.png,mccd_salvage,ok,282,166,226.5,180.7,False,0.3621,5,0.0001,0.6374,clean,none
G:\GitHub\DiT\MCCD\MCCD\MCCD-Calligrapher\calligrapher_dataset\赵孟𫖯\将-行-元-赵孟𫖯-75424.png,赵孟頫,行,将,元,75424,将-行-元-赵孟𫖯-75424.png,mccd_salvage,ok,205,236,239.8,215.3,False,0.4045,3,0.0001,0.7174,clean,none
G:\GitHub\DiT\MCCD\MCCD\MCCD-Calligrapher\calligrapher_dataset\赵孟𫖯\將-行-元-赵孟𫖯-75589.png,赵孟頫,行,將,元,75589,將-行-元-赵孟𫖯-75589.png,mccd_salvage,ok,205,236,239.8,215.3,False,0.4045,3,0.0001,0.7174,clean,none
G:\GitHub\DiT\MCCD\MCCD\MCCD-Calligrapher\calligrapher_dataset\赵孟𫖯\尉-行-元-赵孟𫖯-75748.png,赵孟頫,行,尉,元,75748,尉-行-元-赵孟𫖯-75748.png,mccd_salvage,ok,230,208,239.3,213.6,False,0.3367,1,0.0,1.0,clean,none
G:\GitHub\DiT\MCCD\MCCD\MCCD-Calligrapher\calligrapher_dataset\赵孟𫖯\尊-隶-元-赵孟𫖯-75770.png,赵孟頫,隶,尊,元,75770,尊-隶-元-赵孟𫖯-75770.png,mccd_salvage,ok,230,226,236.6,210.9,False,0.3814,3,0.0,0.5771,clean,none
G:\GitHub\DiT\MCCD\MCCD\MCCD-Calligrapher\calligrapher_dataset\赵孟𫖯\導-楷-元-赵孟𫖯-76120.png,赵孟頫,楷,導,元,76120,導-楷-元-赵孟𫖯-76120.png,mccd_salvage,ok,224,244,245.0,226.9,False,0.2637,7,0.0,0.8349,clean,none
G:\GitHub\DiT\MCCD\MCCD\MCCD-Calligrapher\calligrapher_dataset\赵孟𫖯\導-行-元-赵孟𫖯-76123.png,赵孟頫,行,導,元,76123,導-行-元-赵孟𫖯-76123.png,mccd_salvage,ok,177,289,243.0,231.8,False,0.2653,5,0.0013,0.9203,clean,none
G:\GitHub\DiT\MCCD\MCCD\MCCD-Calligrapher\calligrapher_dataset\赵孟𫖯\少-隶-元-赵孟𫖯-76492.png,赵孟頫,隶,少,元,76492,少-隶-元-赵孟𫖯-76492.png,mccd_salvage,ok,266,196,238.4,218.9,False,0.2262,3,0.0,0.6867,clean,none
G:\GitHub\DiT\MCCD\MCCD\MCCD-Calligrapher\calligrapher_dataset\赵孟𫖯\尙-楷-元-赵孟𫖯-76884.png,赵孟頫,楷,尙,元,76884,尙-楷-元-赵孟𫖯-76884.png,mccd_salvage,ok,206,194,223.1,179.6,False,0.3992,2,0.0,0.9161,clean,none
G:\GitHub\DiT\MCCD\MCCD\MCCD-Calligrapher\calligrapher_dataset\赵孟𫖯\尹-行-元-赵孟𫖯-77691.png,赵孟頫,行,尹,元,77691,尹-行-元-赵孟𫖯-77691.png,mccd_salvage,ok,158,235,232.0,177.0,False,0.4416,1,0.0,1.0,clean,none
G:\GitHub\DiT\MCCD\MCCD\MCCD-Calligrapher\calligrapher_dataset\赵孟𫖯\尹-行-元-赵孟𫖯-77692.png,赵孟頫,行,尹,元,77692,尹-行-元-赵孟𫖯-77692.png,mccd_salvage,ok,263,242,220.6,191.1,False,0.3528,1,0.0,1.0,clean,none
G:\GitHub\DiT\MCCD\MCCD\MCCD-Calligrapher\calligrapher_dataset\赵孟𫖯\尹-隶-元-赵孟𫖯-77676.png,赵孟頫,隶,尹,元,77676,尹-隶-元-赵孟𫖯-77676.png,mccd_salvage,ok,257,180,213.6,178.4,False,0.3458,1,0.0,1.0,clean,none
G:\GitHub\DiT\MCCD\MCCD\MCCD-Calligrapher\calligrapher_dataset\赵孟𫖯\局-楷-元-赵孟𫖯-77900.png,赵孟頫,楷,局,元,77900,局-楷-元-赵孟𫖯-77900.png,mccd_salvage,ok,197,206,219.8,172.5,False,0.347,1,0.0,1.0,clean,none
G:\GitHub\DiT\MCCD\MCCD\MCCD-Calligrapher\calligrapher_dataset\赵孟𫖯\居-行-元-赵孟𫖯-78015.png,赵孟頫,行,居,元,78015,居-行-元-赵孟𫖯-78015.png,mccd_salvage,ok,250,273,237.5,200.0,False,0.4435,1,0.0,1.0,clean,none
G:\GitHub\DiT\MCCD\MCCD\MCCD-Calligrapher\calligrapher_dataset\赵孟𫖯\屈-楷-元-赵孟𫖯-78111.png,赵孟頫,楷,屈,元,78111,屈-楷-元-赵孟𫖯-78111.png,mccd_salvage,ok,253,274,240.6,213.8,False,0.2806,3,0.0,0.5148,clean,none
G:\GitHub\DiT\MCCD\MCCD\MCCD-Calligrapher\calligrapher_dataset\赵孟𫖯\屑-楷-元-赵孟𫖯-78263.png,赵孟頫,楷,屑,元,78263,屑-楷-元-赵孟𫖯-78263.png,mccd_salvage,ok,215,271,240.2,191.7,False,0.2808,3,0.0014,0.9432,clean,none
G:\GitHub\DiT\MCCD\MCCD\MCCD-Calligrapher\calligrapher_dataset\赵孟𫖯\屬-楷-元-赵孟𫖯-78626.png,赵孟頫,楷,屬,元,78626,屬-楷-元-赵孟𫖯-78626.png,mccd_salvage,ok,230,289,230.9,175.9,False,0.4382,1,0.0,1.0,clean,none
G:\GitHub\DiT\MCCD\MCCD\MCCD-Calligrapher\calligrapher_dataset\赵孟𫖯\山-楷-元-赵孟𫖯-79123.png,赵孟頫,楷,山,元,79123,山-楷-元-赵孟𫖯-79123.png,mccd_salvage,ok,198,139,212.2,162.2,False,0.3329,1,0.0,1.0,clean,none
G:\GitHub\DiT\MCCD\MCCD\MCCD-Calligrapher\calligrapher_dataset\赵孟𫖯\岡-行-元-赵孟𫖯-79358.png,赵孟頫,行,岡,元,79358,岡-行-元-赵孟𫖯-79358.png,mccd_salvage,ok,236,156,199.6,118.0,False,0.5007,2,0.0,0.8376,clean,none
G:\GitHub\DiT\MCCD\MCCD\MCCD-Calligrapher\calligrapher_dataset\赵孟𫖯\岡-隶-元-赵孟𫖯-79339.png,赵孟頫,隶,岡,元,79339,岡-隶-元-赵孟𫖯-79339.png,mccd_salvage,ok,264,149,211.6,132.9,False,0.4216,1,0.0,1.0,clean,none
G:\GitHub\DiT\MCCD\MCCD\MCCD-Calligrapher\calligrapher_dataset\赵孟𫖯\岫-楷-元-赵孟𫖯-79415.png,赵孟頫,楷,岫,元,79415,岫-楷-元-赵孟𫖯-79415.png,mccd_salvage,ok,236,140,211.9,168.2,False,0.4167,2,0.0,0.6341,clean,none
G:\GitHub\DiT\MCCD\MCCD\MCCD-Calligrapher\calligrapher_dataset\赵孟𫖯\岱-隶-元-赵孟𫖯-79454.png,赵孟頫,隶,岱,元,79454,岱-隶-元-赵孟𫖯-79454.png,mccd_salvage,ok,239,168,239.7,209.5,False,0.346,2,0.0,0.7797,clean,none
G:\GitHub\DiT\MCCD\MCCD\MCCD-Calligrapher\calligrapher_dataset\赵孟𫖯\峒-楷-元-赵孟𫖯-79653.png,赵孟頫,楷,峒,元,79653,峒-楷-元-赵孟𫖯-79653.png,mccd_salvage,ok,223,172,207.1,188.1,False,0.2694,6,0.0026,0.352,clean,none
G:\GitHub\DiT\MCCD\MCCD\MCCD-Calligrapher\calligrapher_dataset\赵孟𫖯\崐-楷-元-赵孟𫖯-79971.png,赵孟頫,楷,崐,元,79971,崐-楷-元-赵孟𫖯-79971.png,mccd_salvage,ok,261,215,233.2,177.4,False,0.4183,3,0.0002,0.7835,clean,none
G:\GitHub\DiT\MCCD\MCCD\MCCD-Calligrapher\calligrapher_dataset\赵孟𫖯\嵇-隶-元-赵孟𫖯-80250.png,赵孟頫,隶,嵇,元,80250,嵇-隶-元-赵孟𫖯-80250.png,mccd_salvage,ok,248,167,201.8,184.0,False,0.3743,2,0.0,0.7776,clean,none
G:\GitHub\DiT\MCCD\MCCD\MCCD-Calligrapher\calligrapher_dataset\赵孟𫖯\嶺-楷-元-赵孟𫖯-80671.png,赵孟頫,楷,嶺,元,80671,嶺-楷-元-赵孟𫖯-80671.png,mccd_salvage,ok,184,214,242.7,205.2,False,0.3226,2,0.0,0.6282,clean,none
G:\GitHub\DiT\MCCD\MCCD\MCCD-Calligrapher\calligrapher_dataset\赵孟𫖯\嶽-隶-元-赵孟𫖯-80701.png,赵孟頫,隶,嶽,元,80701,嶽-隶-元-赵孟𫖯-80701.png,mccd_salvage,ok,276,244,240.7,220.7,False,0.368,3,0.0,0.7069,clean,none
G:\GitHub\DiT\MCCD\MCCD\MCCD-Calligrapher\calligrapher_dataset\赵孟𫖯\川-楷-元-赵孟𫖯-81018.png,赵孟頫,楷,川,元,81018,川-楷-元-赵孟𫖯-81018.png,mccd_salvage,ok,183,196,212.9,174.7,False,0.2889,3,0.0,0.4599,clean,none
G:\GitHub\DiT\MCCD\MCCD\MCCD-Calligrapher\calligrapher_dataset\赵孟𫖯\川-行-元-赵孟𫖯-81035.png,赵孟頫,行,川,元,81035,川-行-元-赵孟𫖯-81035.png,mccd_salvage,ok,246,171,207.2,155.3,False,0.3646,1,0.0,1.0,clean,none
G:\GitHub\DiT\MCCD\MCCD\MCCD-Calligrapher\calligrapher_dataset\赵孟𫖯\川-隶-元-赵孟𫖯-80996.png,赵孟頫,隶,川,元,80996,川-隶-元-赵孟𫖯-80996.png,mccd_salvage,ok,246,129,220.8,184.5,False,0.3106,3,0.0,0.4424,clean,none
G:\GitHub\DiT\MCCD\MCCD\MCCD-Calligrapher\calligrapher_dataset\赵孟𫖯\州-楷-元-赵孟𫖯-81198.png,赵孟頫,楷,州,元,81198,州-楷-元-赵孟𫖯-81198.png,mccd_salvage,ok,265,283,230.7,195.5,False,0.3744,3,0.0,0.3643,clean,none
G:\GitHub\DiT\MCCD\MCCD\MCCD-Calligrapher\calligrapher_dataset\赵孟𫖯\州-隶-元-赵孟𫖯-81155.png,赵孟頫,隶,州,元,81155,州-隶-元-赵孟𫖯-81155.png,mccd_salvage,ok,272,174,227.1,156.5,False,0.4588,3,0.0,0.6258,clean,none
G:\GitHub\DiT\MCCD\MCCD\MCCD-Calligrapher\calligrapher_dataset\赵孟𫖯\巢-楷-元-赵孟𫖯-81351.png,赵孟頫,楷,巢,元,81351,巢-楷-元-赵孟𫖯-81351.png,mccd_salvage,ok,171,189,245.8,220.3,False,0.2203,4,0.0,0.7841,clean,none
G:\GitHub\DiT\MCCD\MCCD\MCCD-Calligrapher\calligrapher_dataset\赵孟𫖯\工-行-元-赵孟𫖯-81521.png,赵孟頫,行,工,元,81521,工-行-元-赵孟𫖯-81521.png,mccd_salvage,ok,219,210,225.8,173.7,False,0.5107,1,0.0,1.0,clean,none
G:\GitHub\DiT\MCCD\MCCD\MCCD-Calligrapher\calligrapher_dataset\赵孟𫖯\左-楷-元-赵孟𫖯-81726.png,赵孟頫,楷,左,元,81726,左-楷-元-赵孟𫖯-81726.png,mccd_salvage,ok,187,147,217.5,210.1,False,0.2349,2,0.0,0.6076,clean,none
G:\GitHub\DiT\MCCD\MCCD\MCCD-Calligrapher\calligrapher_dataset\赵孟𫖯\巧-隶-元-赵孟𫖯-81794.png,赵孟頫,隶,巧,元,81794,巧-隶-元-赵孟𫖯-81794.png,mccd_salvage,ok,272,156,217.5,144.3,False,0.3416,2,0.0,0.5746,clean,none
G:\GitHub\DiT\MCCD\MCCD\MCCD-Calligrapher\calligrapher_dataset\赵孟𫖯\差-行-元-赵孟𫖯-81951.png,赵孟頫,行,差,元,81951,差-行-元-赵孟𫖯-81951.png,mccd_salvage,ok,162,257,243.1,225.8,False,0.2956,1,0.0,1.0,clean,none
G:\GitHub\DiT\MCCD\MCCD\MCCD-Calligrapher\calligrapher_dataset\赵孟𫖯\己-楷-元-赵孟𫖯-82217.png,赵孟頫,楷,己,元,82217,己-楷-元-赵孟𫖯-82217.png,mccd_salvage,ok,171,144,205.4,154.3,False,0.3366,1,0.0,1.0,clean,none
G:\GitHub\DiT\MCCD\MCCD\MCCD-Calligrapher\calligrapher_dataset\赵孟𫖯\己-楷-元-赵孟𫖯-82219.png,赵孟頫,楷,己,元,82219,己-楷-元-赵孟𫖯-82219.png,mccd_salvage,ok,217,174,182.0,122.9,False,0.2963,1,0.0,1.0,clean,none
G:\GitHub\DiT\MCCD\MCCD\MCCD-Calligrapher\calligrapher_dataset\赵孟𫖯\己-行-元-赵孟𫖯-82233.png,赵孟頫,行,己,元,82233,己-行-元-赵孟𫖯-82233.png,mccd_salvage,ok,243,166,212.3,160.4,False,0.3484,1,0.0,1.0,clean,none
G:\GitHub\DiT\MCCD\MCCD\MCCD-Calligrapher\calligrapher_dataset\赵孟𫖯\己-隶-元-赵孟𫖯-82189.png,赵孟頫,隶,己,元,82189,己-隶-元-赵孟𫖯-82189.png,mccd_salvage,ok,251,179,225.9,160.8,False,0.3265,1,0.0,1.0,clean,none
G:\GitHub\DiT\MCCD\MCCD\MCCD-Calligrapher\calligrapher_dataset\赵孟𫖯\已-楷-元-赵孟𫖯-82300.png,赵孟頫,楷,已,元,82300,已-楷-元-赵孟𫖯-82300.png,mccd_salvage,ok,237,207,213.4,133.5,False,0.3313,1,0.0,1.0,clean,none
G:\GitHub\DiT\MCCD\MCCD\MCCD-Calligrapher\calligrapher_dataset\赵孟𫖯\已-行-元-赵孟𫖯-82315.png,赵孟頫,行,已,元,82315,已-行-元-赵孟𫖯-82315.png,mccd_salvage,ok,239,183,218.3,172.9,False,0.2511,2,0.0,0.6183,clean,none
G:\GitHub\DiT\MCCD\MCCD\MCCD-Calligrapher\calligrapher_dataset\赵孟𫖯\巻-楷-元-赵孟𫖯-82667.png,赵孟頫,楷,巻,元,82667,巻-楷-元-赵孟𫖯-82667.png,mccd_salvage,ok,179,169,245.2,236.8,False,0.1937,2,0.0,0.9807,clean,none
G:\GitHub\DiT\MCCD\MCCD\MCCD-Calligrapher\calligrapher_dataset\赵孟𫖯\巻-行-元-赵孟𫖯-82675.png,赵孟頫,行,巻,元,82675,巻-行-元-赵孟𫖯-82675.png,mccd_salvage,ok,165,162,233.9,213.5,False,0.3521,1,0.0,1.0,clean,none
G:\GitHub\DiT\MCCD\MCCD\MCCD-Calligrapher\calligrapher_dataset\赵孟𫖯\巾-楷-元-赵孟𫖯-82753.png,赵孟頫,楷,巾,元,82753,巾-楷-元-赵孟𫖯-82753.png,mccd_salvage,ok,156,254,233.6,189.6,False,0.2902,1,0.0,1.0,clean,none
G:\GitHub\DiT\MCCD\MCCD\MCCD-Calligrapher\calligrapher_dataset\赵孟𫖯\希-楷-元-赵孟𫖯-83156.png,赵孟頫,楷,希,元,83156,希-楷-元-赵孟𫖯-83156.png,mccd_salvage,ok,178,191,246.1,238.1,False,0.2564,2,0.0,0.7338,clean,none
G:\GitHub\DiT\MCCD\MCCD\MCCD-Calligrapher\calligrapher_dataset\赵孟𫖯\希-行-元-赵孟𫖯-83162.png,赵孟頫,行,希,元,83162,希-行-元-赵孟𫖯-83162.png,mccd_salvage,ok,185,238,244.1,223.3,False,0.3359,1,0.0,1.0,clean,none
G:\GitHub\DiT\MCCD\MCCD\MCCD-Calligrapher\calligrapher_dataset\赵孟𫖯\帖-行-元-赵孟𫖯-83225.png,赵孟頫,行,帖,元,83225,帖-行-元-赵孟𫖯-83225.png,mccd_salvage,ok,203,168,217.5,168.0,False,0.3912,4,0.0,0.4537,clean,none
G:\GitHub\DiT\MCCD\MCCD\MCCD-Calligrapher\calligrapher_dataset\赵孟𫖯\帝-隶-元-赵孟𫖯-83481.png,赵孟頫,隶,帝,元,83481,帝-隶-元-赵孟𫖯-83481.png,mccd_salvage,ok,232,214,237.1,182.9,False,0.3997,2,0.0,0.8484,clean,none
G:\GitHub\DiT\MCCD\MCCD\MCCD-Calligrapher\calligrapher_dataset\赵孟𫖯\帥-楷-元-赵孟𫖯-83639.png,赵孟頫,楷,帥,元,83639,帥-楷-元-赵孟𫖯-83639.png,mccd_salvage,ok,201,223,230.2,217.5,False,0.2832,2,0.0,0.5729,clean,none
G:\GitHub\DiT\MCCD\MCCD\MCCD-Calligrapher\calligrapher_dataset\赵孟𫖯\師-楷-元-赵孟𫖯-83797.png,赵孟頫,楷,師,元,83797,師-楷-元-赵孟𫖯-83797.png,mccd_salvage,ok,195,204,216.6,152.6,False,0.3859,2,0.0,0.5704,clean,none
G:\GitHub\DiT\MCCD\MCCD\MCCD-Calligrapher\calligrapher_dataset\赵孟𫖯\師-行-元-赵孟𫖯-83814.png,赵孟頫,行,師,元,83814,師-行-元-赵孟𫖯-83814.png,mccd_salvage,ok,163,223,227.5,178.2,False,0.3496,2,0.0,0.6311,clean,none
G:\GitHub\DiT\MCCD\MCCD\MCCD-Calligrapher\calligrapher_dataset\赵孟𫖯\師-行-元-赵孟𫖯-83815.png,赵孟頫,行,師,元,83815,師-行-元-赵孟𫖯-83815.png,mccd_salvage,ok,170,228,210.0,164.4,False,0.3473,3,0.0,0.542,clean,none
G:\GitHub\DiT\MCCD\MCCD\MCCD-Calligrapher\calligrapher_dataset\赵孟𫖯\席-行-元-赵孟𫖯-83905.png,赵孟頫,行,席,元,83905,席-行-元-赵孟𫖯-83905.png,mccd_salvage,ok,164,252,241.7,217.6,False,0.3102,2,0.0,0.9634,clean,none
G:\GitHub\DiT\MCCD\MCCD\MCCD-Calligrapher\calligrapher_dataset\赵孟𫖯\席-隶-元-赵孟𫖯-83893.png,赵孟頫,隶,席,元,83893,席-隶-元-赵孟𫖯-83893.png,mccd_salvage,ok,232,223,237.1,202.3,False,0.3801,2,0.0,0.778,clean,none
G:\GitHub\DiT\MCCD\MCCD\MCCD-Calligrapher\calligrapher_dataset\赵孟𫖯\帳-楷-元-赵孟𫖯-84022.png,赵孟頫,楷,帳,元,84022,帳-楷-元-赵孟𫖯-84022.png,mccd_salvage,ok,261,217,228.8,191.6,False,0.3056,4,0.0,0.6082,clean,none
G:\GitHub\DiT\MCCD\MCCD\MCCD-Calligrapher\calligrapher_dataset\赵孟𫖯\帶-楷-元-赵孟𫖯-84091.png,赵孟頫,楷,帶,元,84091,帶-楷-元-赵孟𫖯-84091.png,mccd_salvage,ok,239,302,242.9,224.2,False,0.3538,2,0.0,0.9573,clean,none
G:\GitHub\DiT\MCCD\MCCD\MCCD-Calligrapher\calligrapher_dataset\赵孟𫖯\帶-行-元-赵孟𫖯-84098.png,赵孟頫,行,帶,元,84098,帶-行-元-赵孟𫖯-84098.png,mccd_salvage,ok,158,246,245.7,232.2,False,0.2204,5,0.0,0.4828,clean,none
G:\GitHub\DiT\MCCD\MCCD\MCCD-Calligrapher\calligrapher_dataset\赵孟𫖯\帷-楷-元-赵孟𫖯-84137.png,赵孟頫,楷,帷,元,84137,帷-楷-元-赵孟𫖯-84137.png,mccd_salvage,ok,237,234,235.1,213.5,False,0.355,2,0.0002,0.9998,clean,none
G:\GitHub\DiT\MCCD\MCCD\MCCD-Calligrapher\calligrapher_dataset\赵孟𫖯\常-楷-元-赵孟𫖯-84219.png,赵孟頫,楷,常,元,84219,常-楷-元-赵孟𫖯-84219.png,mccd_salvage,ok,200,278,240.3,229.2,False,0.2745,5,0.0003,0.5595,clean,none
G:\GitHub\DiT\MCCD\MCCD\MCCD-Calligrapher\calligrapher_dataset\赵孟𫖯\常-行-元-赵孟𫖯-84232.png,赵孟頫,行,常,元,84232,常-行-元-赵孟𫖯-84232.png,mccd_salvage,ok,162,289,246.0,229.8,False,0.2414,1,0.0,1.0,clean,none
G:\GitHub\DiT\MCCD\MCCD\MCCD-Calligrapher\calligrapher_dataset\赵孟𫖯\并-楷-元-赵孟𫖯-85398.png,赵孟頫,楷,并,元,85398,并-楷-元-赵孟𫖯-85398.png,mccd_salvage,ok,218,275,244.2,227.1,False,0.2549,3,0.0,0.828,clean,none
G:\GitHub\DiT\MCCD\MCCD\MCCD-Calligrapher\calligrapher_dataset\赵孟𫖯\并-行-元-赵孟𫖯-85401.png,赵孟頫,行,并,元,85401,并-行-元-赵孟𫖯-85401.png,mccd_salvage,ok,170,190,236.5,208.2,False,0.357,3,0.0,0.732,clean,none
G:\GitHub\DiT\MCCD\MCCD\MCCD-Calligrapher\calligrapher_dataset\赵孟𫖯\并-隶-元-赵孟𫖯-85383.png,赵孟頫,隶,并,元,85383,并-隶-元-赵孟𫖯-85383.png,mccd_salvage,ok,269,150,242.9,215.8,False,0.3361,1,0.0,1.0,clean,none
G:\GitHub\DiT\MCCD\MCCD\MCCD-Calligrapher\calligrapher_dataset\赵孟𫖯\幷-楷-元-赵孟𫖯-85497.png,赵孟頫,楷,幷,元,85497,幷-楷-元-赵孟𫖯-85497.png,mccd_salvage,ok,218,275,244.2,227.1,False,0.2549,3,0.0,0.828,clean,none
G:\GitHub\DiT\MCCD\MCCD\MCCD-Calligrapher\calligrapher_dataset\赵孟𫖯\幷-行-元-赵孟𫖯-85500.png,赵孟頫,行,幷,元,85500,幷-行-元-赵孟𫖯-85500.png,mccd_salvage,ok,170,190,236.5,208.2,False,0.357,3,0.0,0.732,clean,none
G:\GitHub\DiT\MCCD\MCCD\MCCD-Calligrapher\calligrapher_dataset\赵孟𫖯\幾-隶-元-赵孟𫖯-85792.png,赵孟頫,隶,幾,元,85792,幾-隶-元-赵孟𫖯-85792.png,mccd_salvage,ok,224,223,238.7,205.3,False,0.3351,1,0.0,1.0,clean,none
G:\GitHub\DiT\MCCD\MCCD\MCCD-Calligrapher\calligrapher_dataset\赵孟𫖯\序-行-元-赵孟𫖯-85956.png,赵孟頫,行,序,元,85956,序-行-元-赵孟𫖯-85956.png,mccd_salvage,ok,193,236,234.8,220.5,False,0.2603,4,0.0,0.6624,clean,none
G:\GitHub\DiT\MCCD\MCCD\MCCD-Calligrapher\calligrapher_dataset\赵孟𫖯\底-行-元-赵孟𫖯-85990.png,赵孟頫,行,底,元,85990,底-行-元-赵孟𫖯-85990.png,mccd_salvage,ok,246,237,239.2,205.3,False,0.3352,3,0.0,0.6425,clean,none
G:\GitHub\DiT\MCCD\MCCD\MCCD-Calligrapher\calligrapher_dataset\赵孟𫖯\府-楷-元-赵孟𫖯-86349.png,赵孟頫,楷,府,元,86349,府-楷-元-赵孟𫖯-86349.png,mccd_salvage,ok,206,226,236.4,210.3,False,0.351,3,0.0,0.6013,clean,none
G:\GitHub\DiT\MCCD\MCCD\MCCD-Calligrapher\calligrapher_dataset\赵孟𫖯\府-行-元-赵孟𫖯-86363.png,赵孟頫,行,府,元,86363,府-行-元-赵孟𫖯-86363.png,mccd_salvage,ok,214,267,234.4,204.0,False,0.3228,2,0.0,0.9428,clean,none
G:\GitHub\DiT\MCCD\MCCD\MCCD-Calligrapher\calligrapher_dataset\赵孟𫖯\庭-楷-元-赵孟𫖯-86643.png,赵孟頫,楷,庭,元,86643,庭-楷-元-赵孟𫖯-86643.png,mccd_salvage,ok,206,214,233.9,220.0,False,0.2623,3,0.0,0.8007,clean,none
G:\GitHub\DiT\MCCD\MCCD\MCCD-Calligrapher\calligrapher_dataset\赵孟𫖯\庭-行-元-赵孟𫖯-86655.png,赵孟頫,行,庭,元,86655,庭-行-元-赵孟𫖯-86655.png,mccd_salvage,ok,262,232,232.0,211.9,False,0.2288,3,0.0,0.6469,clean,none
G:\GitHub\DiT\MCCD\MCCD\MCCD-Calligrapher\calligrapher_dataset\赵孟𫖯\庶-行-元-赵孟𫖯-86817.png,赵孟頫,行,庶,元,86817,庶-行-元-赵孟𫖯-86817.png,mccd_salvage,ok,243,239,245.9,228.0,False,0.2412,6,0.0,0.3942,clean,none
G:\GitHub\DiT\MCCD\MCCD\MCCD-Calligrapher\calligrapher_dataset\赵孟𫖯\庶-隶-元-赵孟𫖯-86795.png,赵孟頫,隶,庶,元,86795,庶-隶-元-赵孟𫖯-86795.png,mccd_salvage,ok,235,196,232.1,203.9,False,0.3592,3,0.0,0.9507,clean,none
G:\GitHub\DiT\MCCD\MCCD\MCCD-Calligrapher\calligrapher_dataset\赵孟𫖯\康-楷-元-赵孟𫖯-86925.png,赵孟頫,楷,康,元,86925,康-楷-元-赵孟𫖯-86925.png,mccd_salvage,ok,168,223,239.5,206.2,False,0.2815,6,0.0,0.5206,clean,none
G:\GitHub\DiT\MCCD\MCCD\MCCD-Calligrapher\calligrapher_dataset\赵孟𫖯\康-行-元-赵孟𫖯-86934.png,赵孟頫,行,康,元,86934,康-行-元-赵孟𫖯-86934.png,mccd_salvage,ok,157,221,229.4,193.8,False,0.4012,1,0.0,1.0,clean,none
G:\GitHub\DiT\MCCD\MCCD\MCCD-Calligrapher\calligrapher_dataset\赵孟𫖯\康-行-元-赵孟𫖯-86935.png,赵孟頫,行,康,元,86935,康-行-元-赵孟𫖯-86935.png,mccd_salvage,ok,183,227,234.6,216.6,False,0.26,6,0.0,0.6052,clean,none
G:\GitHub\DiT\MCCD\MCCD\MCCD-Calligrapher\calligrapher_dataset\赵孟𫖯\康-隶-元-赵孟𫖯-86909.png,赵孟頫,隶,康,元,86909,康-隶-元-赵孟𫖯-86909.png,mccd_salvage,ok,228,203,239.4,203.8,False,0.4066,5,0.0,0.8553,clean,none
G:\GitHub\DiT\MCCD\MCCD\MCCD-Calligrapher\calligrapher_dataset\赵孟𫖯\庸-隶-元-赵孟𫖯-86995.png,赵孟頫,隶,庸,元,86995,庸-隶-元-赵孟𫖯-86995.png,mccd_salvage,ok,239,203,216.2,199.4,False,0.4687,1,0.0,1.0,clean,none
G:\GitHub\DiT\MCCD\MCCD\MCCD-Calligrapher\calligrapher_dataset\赵孟𫖯\廉-楷-元-赵孟𫖯-87152.png,赵孟頫,楷,廉,元,87152,廉-楷-元-赵孟𫖯-87152.png,mccd_salvage,ok,177,202,230.0,196.2,False,0.3385,8,0.0,0.5554,clean,none
G:\GitHub\DiT\MCCD\MCCD\MCCD-Calligrapher\calligrapher_dataset\赵孟𫖯\廊-楷-元-赵孟𫖯-87190.png,赵孟頫,楷,廊,元,87190,廊-楷-元-赵孟𫖯-87190.png,mccd_salvage,ok,167,184,233.7,205.1,False,0.3571,2,0.0,0.6685,clean,none
G:\GitHub\DiT\MCCD\MCCD\MCCD-Calligrapher\calligrapher_dataset\赵孟𫖯\廊-隶-元-赵孟𫖯-87184.png,赵孟頫,隶,廊,元,87184,廊-隶-元-赵孟𫖯-87184.png,mccd_salvage,ok,238,190,217.5,186.1,False,0.4612,3,0.0,0.6586,clean,none
G:\GitHub\DiT\MCCD\MCCD\MCCD-Calligrapher\calligrapher_dataset\赵孟𫖯\廡-楷-元-赵孟𫖯-87472.png,赵孟頫,楷,廡,元,87472,廡-楷-元-赵孟𫖯-87472.png,mccd_salvage,ok,242,233,242.0,226.3,False,0.3343,4,0.0,0.6306,clean,none
G:\GitHub\DiT\MCCD\MCCD\MCCD-Calligrapher\calligrapher_dataset\赵孟𫖯\廣-楷-元-赵孟𫖯-87581.png,赵孟頫,楷,廣,元,87581,廣-楷-元-赵孟𫖯-87581.png,mccd_salvage,ok,176,190,235.5,209.9,False,0.3787,3,0.0,0.8316,clean,none
G:\GitHub\DiT\MCCD\MCCD\MCCD-Calligrapher\calligrapher_dataset\赵孟𫖯\建-楷-元-赵孟𫖯-88058.png,赵孟頫,楷,建,元,88058,建-楷-元-赵孟𫖯-88058.png,mccd_salvage,ok,235,218,228.3,212.7,False,0.3032,3,0.0,0.9498,clean,none
G:\GitHub\DiT\MCCD\MCCD\MCCD-Calligrapher\calligrapher_dataset\赵孟𫖯\弋-楷-元-赵孟𫖯-88535.png,赵孟頫,楷,弋,元,88535,弋-楷-元-赵孟𫖯-88535.png,mccd_salvage,ok,221,267,236.8,212.7,False,0.2255,2,0.0,0.9615,clean,none
G:\GitHub\DiT\MCCD\MCCD\MCCD-Calligrapher\calligrapher_dataset\赵孟𫖯\弔-隶-元-赵孟𫖯-88899.png,赵孟頫,隶,弔,元,88899,弔-隶-元-赵孟𫖯-88899.png,mccd_salvage,ok,284,282,234.7,200.5,False,0.4022,2,0.0007,0.9993,clean,none
G:\GitHub\DiT\MCCD\MCCD\MCCD-Calligrapher\calligrapher_dataset\赵孟𫖯\引-隶-元-赵孟𫖯-88956.png,赵孟頫,隶,引,元,88956,引-隶-元-赵孟𫖯-88956.png,mccd_salvage,ok,234,194,215.7,183.3,False,0.3551,2,0.0,0.5815,clean,none
G:\GitHub\DiT\MCCD\MCCD\MCCD-Calligrapher\calligrapher_dataset\赵孟𫖯\弗-楷-元-赵孟𫖯-89240.png,赵孟頫,楷,弗,元,89240,弗-楷-元-赵孟𫖯-89240.png,mccd_salvage,ok,174,217,236.5,199.7,False,0.4323,1,0.0,1.0,clean,none
G:\GitHub\DiT\MCCD\MCCD\MCCD-Calligrapher\calligrapher_dataset\赵孟𫖯\弟-楷-元-赵孟𫖯-89535.png,赵孟頫,楷,弟,元,89535,弟-楷-元-赵孟𫖯-89535.png,mccd_salvage,ok,169,228,238.9,200.1,False,0.368,2,0.0,0.9434,clean,none
G:\GitHub\DiT\MCCD\MCCD\MCCD-Calligrapher\calligrapher_dataset\赵孟𫖯\弦-隶-元-赵孟𫖯-89656.png,赵孟頫,隶,弦,元,89656,弦-隶-元-赵孟𫖯-89656.png,mccd_salvage,ok,222,149,230.1,212.1,False,0.3846,1,0.0,1.0,clean,none
G:\GitHub\DiT\MCCD\MCCD\MCCD-Calligrapher\calligrapher_dataset\赵孟𫖯\弱-楷-元-赵孟𫖯-89790.png,赵孟頫,楷,弱,元,89790,弱-楷-元-赵孟𫖯-89790.png,mccd_salvage,ok,203,248,218.1,142.3,False,0.3852,6,0.0,0.4761,clean,none
G:\GitHub\DiT\MCCD\MCCD\MCCD-Calligrapher\calligrapher_dataset\赵孟𫖯\弱-行-元-赵孟𫖯-89796.png,赵孟頫,行,弱,元,89796,弱-行-元-赵孟𫖯-89796.png,mccd_salvage,ok,235,225,219.5,172.4,False,0.4957,2,0.0,0.502,clean,none
G:\GitHub\DiT\MCCD\MCCD\MCCD-Calligrapher\calligrapher_dataset\赵孟𫖯\弱-隶-元-赵孟𫖯-89773.png,赵孟頫,隶,弱,元,89773,弱-隶-元-赵孟𫖯-89773.png,mccd_salvage,ok,227,225,211.2,161.6,False,0.4661,5,0.0,0.493,clean,none
G:\GitHub\DiT\MCCD\MCCD\MCCD-Calligrapher\calligrapher_dataset\赵孟𫖯\强-行-元-赵孟𫖯-90102.png,赵孟頫,行,强,元,90102,强-行-元-赵孟𫖯-90102.png,mccd_salvage,ok,253,210,237.3,201.4,False,0.4499,2,0.0,0.5529,clean,none
G:\GitHub\DiT\MCCD\MCCD\MCCD-Calligrapher\calligrapher_dataset\赵孟𫖯\彈-楷-元-赵孟𫖯-90187.png,赵孟頫,楷,彈,元,90187,彈-楷-元-赵孟𫖯-90187.png,mccd_salvage,ok,198,243,245.6,217.2,False,0.2797,2,0.0,0.8996,clean,none
G:\GitHub\DiT\MCCD\MCCD\MCCD-Calligrapher\calligrapher_dataset\赵孟𫖯\彈-行-元-赵孟𫖯-90189.png,赵孟頫,行,彈,元,90189,彈-行-元-赵孟𫖯-90189.png,mccd_salvage,ok,194,250,241.6,203.4,False,0.3035,3,0.0,0.5884,clean,none
G:\GitHub\DiT\MCCD\MCCD\MCCD-Calligrapher\calligrapher_dataset\赵孟𫖯\形-楷-元-赵孟𫖯-91940.png,赵孟頫,楷,形,元,91940,形-楷-元-赵孟𫖯-91940.png,mccd_salvage,ok,195,182,226.2,172.6,False,0.2998,5,0.0,0.4589,clean,none
G:\GitHub\DiT\MCCD\MCCD\MCCD-Calligrapher\calligrapher_dataset\赵孟𫖯\形-行-元-赵孟𫖯-91957.png,赵孟頫,行,形,元,91957,形-行-元-赵孟𫖯-91957.png,mccd_salvage,ok,252,202,238.9,191.2,False,0.2833,5,0.0024,0.8066,clean,none
G:\GitHub\DiT\MCCD\MCCD\MCCD-Calligrapher\calligrapher_dataset\赵孟𫖯\形-隶-元-赵孟𫖯-91925.png,赵孟頫,隶,形,元,91925,形-隶-元-赵孟𫖯-91925.png,mccd_salvage,ok,255,186,220.4,161.1,False,0.359,4,0.0,0.7605,clean,none
G:\GitHub\DiT\MCCD\MCCD\MCCD-Calligrapher\calligrapher_dataset\赵孟𫖯\彼-楷-元-赵孟𫖯-92420.png,赵孟頫,楷,彼,元,92420,彼-楷-元-赵孟𫖯-92420.png,mccd_salvage,ok,246,225,237.8,220.3,False,0.3418,4,0.0,0.6479,clean,none
G:\GitHub\DiT\MCCD\MCCD\MCCD-Calligrapher\calligrapher_dataset\赵孟𫖯\彼-隶-元-赵孟𫖯-92400.png,赵孟頫,隶,彼,元,92400,彼-隶-元-赵孟𫖯-92400.png,mccd_salvage,ok,249,168,241.5,214.9,False,0.2897,3,0.0,0.7274,clean,none
G:\GitHub\DiT\MCCD\MCCD\MCCD-Calligrapher\calligrapher_dataset\赵孟𫖯\往-隶-元-赵孟𫖯-92497.png,赵孟頫,隶,往,元,92497,往-隶-元-赵孟𫖯-92497.png,mccd_salvage,ok,262,164,237.1,208.8,False,0.3265,3,0.0,0.7005,clean,none
G:\GitHub\DiT\MCCD\MCCD\MCCD-Calligrapher\calligrapher_dataset\赵孟𫖯\征-楷-元-赵孟𫖯-92615.png,赵孟頫,楷,征,元,92615,征-楷-元-赵孟𫖯-92615.png,mccd_salvage,ok,234,201,237.1,220.2,False,0.3173,3,0.0,0.498,clean,none
G:\GitHub\DiT\MCCD\MCCD\MCCD-Calligrapher\calligrapher_dataset\赵孟𫖯\律-隶-元-赵孟𫖯-92776.png,赵孟頫,隶,律,元,92776,律-隶-元-赵孟𫖯-92776.png,mccd_salvage,ok,232,194,242.5,212.2,False,0.3088,3,0.0,0.7837,clean,none
G:\GitHub\DiT\MCCD\MCCD\MCCD-Calligrapher\calligrapher_dataset\赵孟𫖯\後-行-元-赵孟𫖯-92941.png,赵孟頫,行,後,元,92941,後-行-元-赵孟𫖯-92941.png,mccd_salvage,ok,210,280,232.8,211.3,False,0.3147,2,0.0,0.7739,clean,none
G:\GitHub\DiT\MCCD\MCCD\MCCD-Calligrapher\calligrapher_dataset\赵孟𫖯\徐-楷-元-赵孟𫖯-93027.png,赵孟頫,楷,徐,元,93027,徐-楷-元-赵孟𫖯-93027.png,mccd_salvage,ok,270,216,238.1,213.4,False,0.3353,5,0.0,0.4766,clean,none
G:\GitHub\DiT\MCCD\MCCD\MCCD-Calligrapher\calligrapher_dataset\赵孟𫖯\徒-行-元-赵孟𫖯-93186.png,赵孟頫,行,徒,元,93186,徒-行-元-赵孟𫖯-93186.png,mccd_salvage,ok,260,258,234.5,216.1,False,0.3754,2,0.0,0.8964,clean,none
G:\GitHub\DiT\MCCD\MCCD\MCCD-Calligrapher\calligrapher_dataset\赵孟𫖯\得-行-元-赵孟𫖯-93336.png,赵孟頫,行,得,元,93336,得-行-元-赵孟𫖯-93336.png,mccd_salvage,ok,215,250,238.2,204.5,False,0.3906,2,0.0,0.6911,clean,none
G:\GitHub\DiT\MCCD\MCCD\MCCD-Calligrapher\calligrapher_dataset\赵孟𫖯\從-楷-元-赵孟𫖯-93717.png,赵孟頫,楷,從,元,93717,從-楷-元-赵孟𫖯-93717.png,mccd_salvage,ok,242,228,235.6,190.0,False,0.3187,6,0.0,0.363,clean,none
G:\GitHub\DiT\MCCD\MCCD\MCCD-Calligrapher\calligrapher_dataset\赵孟𫖯\從-隶-元-赵孟𫖯-93686.png,赵孟頫,隶,從,元,93686,從-隶-元-赵孟𫖯-93686.png,mccd_salvage,ok,226,172,226.0,169.8,False,0.3473,1,0.0,1.0,clean,none
G:\GitHub\DiT\MCCD\MCCD\MCCD-Calligrapher\calligrapher_dataset\赵孟𫖯\御-楷-元-赵孟𫖯-93880.png,赵孟頫,楷,御,元,93880,御-楷-元-赵孟𫖯-93880.png,mccd_salvage,ok,213,252,227.5,195.0,False,0.3203,2,0.0,0.9959,clean,none
G:\GitHub\DiT\MCCD\MCCD\MCCD-Calligrapher\calligrapher_dataset\赵孟𫖯\循-楷-元-赵孟𫖯-94203.png,赵孟頫,楷,循,元,94203,循-楷-元-赵孟𫖯-94203.png,mccd_salvage,ok,230,247,215.7,149.5,False,0.5446,5,0.0,0.3836,clean,none
G:\GitHub\DiT\MCCD\MCCD\MCCD-Calligrapher\calligrapher_dataset\赵孟𫖯\微-行-元-赵孟𫖯-94273.png,赵孟頫,行,微,元,94273,微-行-元-赵孟𫖯-94273.png,mccd_salvage,ok,256,255,235.3,191.2,False,0.403,8,0.0006,0.3843,clean,none
G:\GitHub\DiT\MCCD\MCCD\MCCD-Calligrapher\calligrapher_dataset\赵孟𫖯\微-隶-元-赵孟𫖯-94250.png,赵孟頫,隶,微,元,94250,微-隶-元-赵孟𫖯-94250.png,mccd_salvage,ok,254,166,236.7,199.2,False,0.3693,2,0.0,0.588,clean,none
G:\GitHub\DiT\MCCD\MCCD\MCCD-Calligrapher\calligrapher_dataset\赵孟𫖯\徴-行-元-赵孟𫖯-94557.png,赵孟頫,行,徴,元,94557,徴-行-元-赵孟𫖯-94557.png,mccd_salvage,ok,232,223,237.9,182.4,False,0.3668,2,0.0,0.7722,clean,none
G:\GitHub\DiT\MCCD\MCCD\MCCD-Calligrapher\calligrapher_dataset\赵孟𫖯\德-楷-元-赵孟𫖯-94762.png,赵孟頫,楷,德,元,94762,德-楷-元-赵孟𫖯-94762.png,mccd_salvage,ok,247,244,233.5,203.3,False,0.3288,8,0.0,0.5383,clean,none
G:\GitHub\DiT\MCCD\MCCD\MCCD-Calligrapher\calligrapher_dataset\赵孟𫖯\心-行-元-赵孟𫖯-95194.png,赵孟頫,行,心,元,95194,心-行-元-赵孟𫖯-95194.png,mccd_salvage,ok,267,135,221.2,158.9,False,0.3525,4,0.0,0.4693,clean,none
G:\GitHub\DiT\MCCD\MCCD\MCCD-Calligrapher\calligrapher_dataset\赵孟𫖯\志-隶-元-赵孟𫖯-95676.png,赵孟頫,隶,志,元,95676,志-隶-元-赵孟𫖯-95676.png,mccd_salvage,ok,213,212,232.7,203.7,False,0.2999,5,0.0,0.5141,clean,none
G:\GitHub\DiT\MCCD\MCCD\MCCD-Calligrapher\calligrapher_dataset\赵孟𫖯\忠-楷-元-赵孟𫖯-95953.png,赵孟頫,楷,忠,元,95953,忠-楷-元-赵孟𫖯-95953.png,mccd_salvage,ok,213,214,215.5,176.0,False,0.3374,5,0.0,0.5846,clean,none
G:\GitHub\DiT\MCCD\MCCD\MCCD-Calligrapher\calligrapher_dataset\赵孟𫖯\念-楷-元-赵孟𫖯-96134.png,赵孟頫,楷,念,元,96134,念-楷-元-赵孟𫖯-96134.png,mccd_salvage,ok,277,211,234.8,221.9,False,0.2065,7,0.0,0.5277,clean,none
G:\GitHub\DiT\MCCD\MCCD\MCCD-Calligrapher\calligrapher_dataset\赵孟𫖯\怍-楷-元-赵孟𫖯-96286.png,赵孟頫,楷,怍,元,96286,怍-楷-元-赵孟𫖯-96286.png,mccd_salvage,ok,217,201,233.0,205.2,False,0.2859,2,0.0,0.5404,clean,none
G:\GitHub\DiT\MCCD\MCCD\MCCD-Calligrapher\calligrapher_dataset\赵孟𫖯\思-楷-元-赵孟𫖯-96564.png,赵孟頫,楷,思,元,96564,思-楷-元-赵孟𫖯-96564.png,mccd_salvage,ok,235,219,226.0,179.7,False,0.4682,3,0.0,0.9243,clean,none
G:\GitHub\DiT\MCCD\MCCD\MCCD-Calligrapher\calligrapher_dataset\赵孟𫖯\思-行-元-赵孟𫖯-96584.png,赵孟頫,行,思,元,96584,思-行-元-赵孟𫖯-96584.png,mccd_salvage,ok,248,253,226.2,172.4,False,0.4617,1,0.0,1.0,clean,none
G:\GitHub\DiT\MCCD\MCCD\MCCD-Calligrapher\calligrapher_dataset\赵孟𫖯\恃-楷-元-赵孟𫖯-97014.png,赵孟頫,楷,恃,元,97014,恃-楷-元-赵孟𫖯-97014.png,mccd_salvage,ok,252,258,242.0,226.2,False,0.2468,4,0.0,0.6243,clean,none
G:\GitHub\DiT\MCCD\MCCD\MCCD-Calligrapher\calligrapher_dataset\赵孟𫖯\恐-行-元-赵孟𫖯-97115.png,赵孟頫,行,恐,元,97115,恐-行-元-赵孟𫖯-97115.png,mccd_salvage,ok,249,189,231.0,178.1,False,0.4193,2,0.0002,0.9998,clean,none
G:\GitHub\DiT\MCCD\MCCD\MCCD-Calligrapher\calligrapher_dataset\赵孟𫖯\恒-隶-元-赵孟𫖯-97175.png,赵孟頫,隶,恒,元,97175,恒-隶-元-赵孟𫖯-97175.png,mccd_salvage,ok,255,159,228.5,192.8,False,0.3686,5,0.0,0.5128,clean,none
G:\GitHub\DiT\MCCD\MCCD\MCCD-Calligrapher\calligrapher_dataset\赵孟𫖯\恩-楷-元-赵孟𫖯-97447.png,赵孟頫,楷,恩,元,97447,恩-楷-元-赵孟𫖯-97447.png,mccd_salvage,ok,237,246,216.7,162.5,False,0.4618,2,0.0,0.9418,clean,none
G:\GitHub\DiT\MCCD\MCCD\MCCD-Calligrapher\calligrapher_dataset\赵孟𫖯\恬-行-元-赵孟𫖯-97504.png,赵孟頫,行,恬,元,97504,恬-行-元-赵孟𫖯-97504.png,mccd_salvage,ok,241,240,233.4,200.9,False,0.3765,3,0.0,0.4525,clean,none
G:\GitHub\DiT\MCCD\MCCD\MCCD-Calligrapher\calligrapher_dataset\赵孟𫖯\恬-隶-元-赵孟𫖯-97494.png,赵孟頫,隶,恬,元,97494,恬-隶-元-赵孟𫖯-97494.png,mccd_salvage,ok,256,159,215.9,167.8,False,0.4187,1,0.0,1.0,clean,none
G:\GitHub\DiT\MCCD\MCCD\MCCD-Calligrapher\calligrapher_dataset\赵孟𫖯\恭-楷-元-赵孟𫖯-97558.png,赵孟頫,楷,恭,元,97558,恭-楷-元-赵孟𫖯-97558.png,mccd_salvage,ok,238,205,244.6,222.3,False,0.2624,4,0.0,0.8036,clean,none
G:\GitHub\DiT\MCCD\MCCD\MCCD-Calligrapher\calligrapher_dataset\赵孟𫖯\息-隶-元-赵孟𫖯-97622.png,赵孟頫,隶,息,元,97622,息-隶-元-赵孟𫖯-97622.png,mccd_salvage,ok,276,298,241.7,213.8,False,0.3489,2,0.0,0.9638,clean,none
G:\GitHub\DiT\MCCD\MCCD\MCCD-Calligrapher\calligrapher_dataset\赵孟𫖯\恵-楷-元-赵孟𫖯-97778.png,赵孟頫,楷,恵,元,97778,恵-楷-元-赵孟𫖯-97778.png,mccd_salvage,ok,223,236,219.4,179.9,False,0.4095,4,0.0,0.7049,clean,none
G:\GitHub\DiT\MCCD\MCCD\MCCD-Calligrapher\calligrapher_dataset\赵孟𫖯\恵-行-元-赵孟𫖯-97791.png,赵孟頫,行,恵,元,97791,恵-行-元-赵孟𫖯-97791.png,mccd_salvage,ok,194,226,221.6,201.7,False,0.3106,3,0.0,0.9062,clean,none
G:\GitHub\DiT\MCCD\MCCD\MCCD-Calligrapher\calligrapher_dataset\赵孟𫖯\悅-楷-元-赵孟𫖯-97897.png,赵孟頫,楷,悅,元,97897,悅-楷-元-赵孟𫖯-97897.png,mccd_salvage,ok,198,140,224.8,186.2,False,0.3255,4,0.0,0.5413,clean,none
G:\GitHub\DiT\MCCD\MCCD\MCCD-Calligrapher\calligrapher_dataset\赵孟𫖯\悅-行-元-赵孟𫖯-97901.png,赵孟頫,行,悅,元,97901,悅-行-元-赵孟𫖯-97901.png,mccd_salvage,ok,250,193,237.1,209.6,False,0.2872,6,0.0,0.5325,clean,none
G:\GitHub\DiT\MCCD\MCCD\MCCD-Calligrapher\calligrapher_dataset\赵孟𫖯\悅-隶-元-赵孟𫖯-97884.png,赵孟頫,隶,悅,元,97884,悅-隶-元-赵孟𫖯-97884.png,mccd_salvage,ok,248,178,222.0,176.8,False,0.3429,4,0.0,0.4805,clean,none
G:\GitHub\DiT\MCCD\MCCD\MCCD-Calligrapher\calligrapher_dataset\赵孟𫖯\悚-行-元-赵孟𫖯-98165.png,赵孟頫,行,悚,元,98165,悚-行-元-赵孟𫖯-98165.png,mccd_salvage,ok,238,212,221.2,178.2,False,0.4563,3,0.0,0.6784,clean,none
G:\GitHub\DiT\MCCD\MCCD\MCCD-Calligrapher\calligrapher_dataset\赵孟𫖯\悟-行-元-赵孟𫖯-98218.png,赵孟頫,行,悟,元,98218,悟-行-元-赵孟𫖯-98218.png,mccd_salvage,ok,238,230,237.6,204.2,False,0.3911,4,0.0,0.3985,clean,none
G:\GitHub\DiT\MCCD\MCCD\MCCD-Calligrapher\calligrapher_dataset\赵孟𫖯\悟-行-元-赵孟𫖯-98220.png,赵孟頫,行,悟,元,98220,悟-行-元-赵孟𫖯-98220.png,mccd_salvage,ok,219,217,233.0,185.1,False,0.352,3,0.0,0.6994,clean,none
G:\GitHub\DiT\MCCD\MCCD\MCCD-Calligrapher\calligrapher_dataset\赵孟𫖯\患-楷-元-赵孟𫖯-98274.png,赵孟頫,楷,患,元,98274,患-楷-元-赵孟𫖯-98274.png,mccd_salvage,ok,181,217,216.9,196.2,False,0.3184,4,0.0,0.7167,clean,none
G:\GitHub\DiT\MCCD\MCCD\MCCD-Calligrapher\calligrapher_dataset\赵孟𫖯\悦-楷-元-赵孟𫖯-98326.png,赵孟頫,楷,悦,元,98326,悦-楷-元-赵孟𫖯-98326.png,mccd_salvage,ok,198,140,224.8,186.2,False,0.3255,4,0.0,0.5413,clean,none
G:\GitHub\DiT\MCCD\MCCD\MCCD-Calligrapher\calligrapher_dataset\赵孟𫖯\悦-隶-元-赵孟𫖯-98313.png,赵孟頫,隶,悦,元,98313,悦-隶-元-赵孟𫖯-98313.png,mccd_salvage,ok,248,178,222.0,176.8,False,0.3429,4,0.0,0.4805,clean,none
G:\GitHub\DiT\MCCD\MCCD\MCCD-Calligrapher\calligrapher_dataset\赵孟𫖯\悲-楷-元-赵孟𫖯-98408.png,赵孟頫,楷,悲,元,98408,悲-楷-元-赵孟𫖯-98408.png,mccd_salvage,ok,224,242,216.1,174.1,False,0.3846,5,0.0,0.3924,clean,none
G:\GitHub\DiT\MCCD\MCCD\MCCD-Calligrapher\calligrapher_dataset\赵孟𫖯\悲-隶-元-赵孟𫖯-98391.png,赵孟頫,隶,悲,元,98391,悲-隶-元-赵孟𫖯-98391.png,mccd_salvage,ok,274,220,231.5,192.8,False,0.2976,6,0.0,0.3024,clean,none
G:\GitHub\DiT\MCCD\MCCD\MCCD-Calligrapher\calligrapher_dataset\赵孟𫖯\情-隶-元-赵孟𫖯-98663.png,赵孟頫,隶,情,元,98663,情-隶-元-赵孟𫖯-98663.png,mccd_salvage,ok,252,211,233.0,197.8,False,0.3596,3,0.0,0.3626,clean,none
G:\GitHub\DiT\MCCD\MCCD\MCCD-Calligrapher\calligrapher_dataset\赵孟𫖯\惑-楷-元-赵孟𫖯-98826.png,赵孟頫,楷,惑,元,98826,惑-楷-元-赵孟𫖯-98826.png,mccd_salvage,ok,226,210,235.3,209.8,False,0.2363,8,0.0,0.6639,clean,none
G:\GitHub\DiT\MCCD\MCCD\MCCD-Calligrapher\calligrapher_dataset\赵孟𫖯\惟-隶-元-赵孟𫖯-98989.png,赵孟頫,隶,惟,元,98989,惟-隶-元-赵孟𫖯-98989.png,mccd_salvage,ok,255,190,235.1,202.4,False,0.365,1,0.0,1.0,clean,none
G:\GitHub\DiT\MCCD\MCCD\MCCD-Calligrapher\calligrapher_dataset\赵孟𫖯\惠-楷-元-赵孟𫖯-99154.png,赵孟頫,楷,惠,元,99154,惠-楷-元-赵孟𫖯-99154.png,mccd_salvage,ok,168,202,211.9,188.8,False,0.3272,5,0.0,0.6773,clean,none
G:\GitHub\DiT\MCCD\MCCD\MCCD-Calligrapher\calligrapher_dataset\赵孟𫖯\惡-楷-元-赵孟𫖯-99250.png,赵孟頫,楷,惡,元,99250,惡-楷-元-赵孟𫖯-99250.png,mccd_salvage,ok,191,205,225.8,167.1,False,0.3547,5,0.0,0.7251,clean,none
G:\GitHub\DiT\MCCD\MCCD\MCCD-Calligrapher\calligrapher_dataset\赵孟𫖯\想-隶-元-赵孟𫖯-99349.png,赵孟頫,隶,想,元,99349,想-隶-元-赵孟𫖯-99349.png,mccd_salvage,ok,251,200,239.8,185.3,False,0.3378,2,0.0,0.9687,clean,none
G:\GitHub\DiT\MCCD\MCCD\MCCD-Calligrapher\calligrapher_dataset\赵孟𫖯\惶-楷-元-赵孟𫖯-99431.png,赵孟頫,楷,惶,元,99431,惶-楷-元-赵孟𫖯-99431.png,mccd_salvage,ok,216,208,228.0,189.4,False,0.3815,3,0.0,0.3752,clean,none
G:\GitHub\DiT\MCCD\MCCD\MCCD-Calligrapher\calligrapher_dataset\赵孟𫖯\惶-隶-元-赵孟𫖯-99425.png,赵孟頫,隶,惶,元,99425,惶-隶-元-赵孟𫖯-99425.png,mccd_salvage,ok,267,201,240.4,189.6,False,0.4054,3,0.0,0.3774,clean,none
G:\GitHub\DiT\MCCD\MCCD\MCCD-Calligrapher\calligrapher_dataset\赵孟𫖯\惻-楷-元-赵孟𫖯-99474.png,赵孟頫,楷,惻,元,99474,惻-楷-元-赵孟𫖯-99474.png,mccd_salvage,ok,246,202,223.9,175.2,False,0.4198,5,0.0,0.5009,clean,none
G:\GitHub\DiT\MCCD\MCCD\MCCD-Calligrapher\calligrapher_dataset\赵孟𫖯\愆-楷-元-赵孟𫖯-99557.png,赵孟頫,楷,愆,元,99557,愆-楷-元-赵孟𫖯-99557.png,mccd_salvage,ok,203,210,240.1,224.3,False,0.2304,10,0.0008,0.301,clean,none
G:\GitHub\DiT\MCCD\MCCD\MCCD-Calligrapher\calligrapher_dataset\赵孟𫖯\意-隶-元-赵孟𫖯-99682.png,赵孟頫,隶,意,元,99682,意-隶-元-赵孟𫖯-99682.png,mccd_salvage,ok,201,267,233.3,174.0,False,0.3725,4,0.0,0.6024,clean,none
G:\GitHub\DiT\MCCD\MCCD\MCCD-Calligrapher\calligrapher_dataset\赵孟𫖯\愚-楷-元-赵孟𫖯-99837.png,赵孟頫,楷,愚,元,99837,愚-楷-元-赵孟𫖯-99837.png,mccd_salvage,ok,198,218,228.0,177.9,False,0.4046,5,0.0,0.7103,clean,none
G:\GitHub\DiT\MCCD\MCCD\MCCD-Calligrapher\calligrapher_dataset\赵孟𫖯\愚-行-元-赵孟𫖯-99842.png,赵孟頫,行,愚,元,99842,愚-行-元-赵孟𫖯-99842.png,mccd_salvage,ok,186,245,235.6,193.0,False,0.3914,4,0.0009,0.7848,clean,none
G:\GitHub\DiT\MCCD\MCCD\MCCD-Calligrapher\calligrapher_dataset\赵孟𫖯\愚-行-元-赵孟𫖯-99843.png,赵孟頫,行,愚,元,99843,愚-行-元-赵孟𫖯-99843.png,mccd_salvage,ok,208,267,236.9,194.7,False,0.4089,3,0.0,0.8379,clean,none
G:\GitHub\DiT\MCCD\MCCD\MCCD-Calligrapher\calligrapher_dataset\赵孟𫖯\愚-行-元-赵孟𫖯-99844.png,赵孟頫,行,愚,元,99844,愚-行-元-赵孟𫖯-99844.png,mccd_salvage,ok,219,256,237.0,192.3,False,0.3856,2,0.0,0.7705,clean,none
G:\GitHub\DiT\MCCD\MCCD\MCCD-Calligrapher\calligrapher_dataset\赵孟𫖯\愛-楷-元-赵孟𫖯-99894.png,赵孟頫,楷,愛,元,99894,愛-楷-元-赵孟𫖯-99894.png,mccd_salvage,ok,177,219,237.4,215.3,False,0.2707,5,0.0,0.5171,clean,none
G:\GitHub\DiT\MCCD\MCCD\MCCD-Calligrapher\calligrapher_dataset\赵孟𫖯\愳-隶-元-赵孟𫖯-100162.png,赵孟頫,隶,愳,元,100162,愳-隶-元-赵孟𫖯-100162.png,mccd_salvage,ok,276,215,219.4,160.8,False,0.4335,2,0.0,0.9614,clean,none
G:\GitHub\DiT\MCCD\MCCD\MCCD-Calligrapher\calligrapher_dataset\赵孟𫖯\愼-楷-元-赵孟𫖯-100238.png,赵孟頫,楷,愼,元,100238,愼-楷-元-赵孟𫖯-100238.png,mccd_salvage,ok,231,213,237.1,216.5,False,0.3798,3,0.0,0.7562,clean,none
G:\GitHub\DiT\MCCD\MCCD\MCCD-Calligrapher\calligrapher_dataset\赵孟𫖯\愼-隶-元-赵孟𫖯-100228.png,赵孟頫,隶,愼,元,100228,愼-隶-元-赵孟𫖯-100228.png,mccd_salvage,ok,233,206,240.3,208.9,False,0.4205,3,0.0,0.61,clean,none
G:\GitHub\DiT\MCCD\MCCD\MCCD-Calligrapher\calligrapher_dataset\赵孟𫖯\慈-隶-元-赵孟𫖯-100336.png,赵孟頫,隶,慈,元,100336,慈-隶-元-赵孟𫖯-100336.png,mccd_salvage,ok,261,294,242.0,220.2,False,0.3197,3,0.0,0.6795,clean,none
G:\GitHub\DiT\MCCD\MCCD\MCCD-Calligrapher\calligrapher_dataset\赵孟𫖯\慎-楷-元-赵孟𫖯-100444.png,赵孟頫,楷,慎,元,100444,慎-楷-元-赵孟𫖯-100444.png,mccd_salvage,ok,231,213,237.1,216.5,False,0.3798,3,0.0,0.7562,clean,none
G:\GitHub\DiT\MCCD\MCCD\MCCD-Calligrapher\calligrapher_dataset\赵孟𫖯\慨-行-元-赵孟𫖯-100699.png,赵孟頫,行,慨,元,100699,慨-行-元-赵孟𫖯-100699.png,mccd_salvage,ok,251,211,238.6,225.3,False,0.3581,3,0.0,0.6981,clean,none
G:\GitHub\DiT\MCCD\MCCD\MCCD-Calligrapher\calligrapher_dataset\赵孟𫖯\慨-行-元-赵孟𫖯-100700.png,赵孟頫,行,慨,元,100700,慨-行-元-赵孟𫖯-100700.png,mccd_salvage,ok,267,206,233.1,210.0,False,0.3356,3,0.0,0.5889,clean,none
G:\GitHub\DiT\MCCD\MCCD\MCCD-Calligrapher\calligrapher_dataset\赵孟𫖯\慶-隶-元-赵孟𫖯-100932.png,赵孟頫,隶,慶,元,100932,慶-隶-元-赵孟𫖯-100932.png,mccd_salvage,ok,262,254,230.4,207.9,False,0.4149,2,0.0,0.6543,clean,none
G:\GitHub\DiT\MCCD\MCCD\MCCD-Calligrapher\calligrapher_dataset\赵孟𫖯\憂-楷-元-赵孟𫖯-101118.png,赵孟頫,楷,憂,元,101118,憂-楷-元-赵孟𫖯-101118.png,mccd_salvage,ok,210,233,231.0,204.3,False,0.2714,4,0.0,0.7929,clean,none
G:\GitHub\DiT\MCCD\MCCD\MCCD-Calligrapher\calligrapher_dataset\赵孟𫖯\憚-楷-元-赵孟𫖯-101359.png,赵孟頫,楷,憚,元,101359,憚-楷-元-赵孟𫖯-101359.png,mccd_salvage,ok,179,214,239.4,217.2,False,0.2915,2,0.0,0.5113,clean,none
G:\GitHub\DiT\MCCD\MCCD\MCCD-Calligrapher\calligrapher_dataset\赵孟𫖯\憶-楷-元-赵孟𫖯-131.png,赵孟頫,楷,憶,元,131,憶-楷-元-赵孟𫖯-131.png,mccd_salvage,ok,196,194,238.6,191.4,False,0.3076,5,0.0,0.5593,clean,none
G:\GitHub\DiT\MCCD\MCCD\MCCD-Calligrapher\calligrapher_dataset\赵孟𫖯\懣-行-元-赵孟𫖯-452.png,赵孟頫,行,懣,元,452,懣-行-元-赵孟𫖯-452.png,mccd_salvage,ok,208,220,205.5,179.7,False,0.366,8,0.0013,0.4854,clean,none
G:\GitHub\DiT\MCCD\MCCD\MCCD-Calligrapher\calligrapher_dataset\赵孟𫖯\懸-隶-元-赵孟𫖯-644.png,赵孟頫,隶,懸,元,644,懸-隶-元-赵孟𫖯-644.png,mccd_salvage,ok,234,224,241.1,192.4,False,0.3629,6,0.0,0.5346,clean,none
G:\GitHub\DiT\MCCD\MCCD\MCCD-Calligrapher\calligrapher_dataset\赵孟𫖯\懼-楷-元-赵孟𫖯-707.png,赵孟頫,楷,懼,元,707,懼-楷-元-赵孟𫖯-707.png,mccd_salvage,ok,199,205,236.2,188.8,False,0.4246,1,0.0,1.0,clean,none
G:\GitHub\DiT\MCCD\MCCD\MCCD-Calligrapher\calligrapher_dataset\赵孟𫖯\戍-楷-元-赵孟𫖯-1450.png,赵孟頫,楷,戍,元,1450,戍-楷-元-赵孟𫖯-1450.png,mccd_salvage,ok,191,188,232.6,206.7,False,0.241,4,0.0,0.7116,clean,none
G:\GitHub\DiT\MCCD\MCCD\MCCD-Calligrapher\calligrapher_dataset\赵孟𫖯\戎-隶-元-赵孟𫖯-1522.png,赵孟頫,隶,戎,元,1522,戎-隶-元-赵孟𫖯-1522.png,mccd_salvage,ok,259,224,235.8,208.5,False,0.3455,1,0.0,1.0,clean,none
G:\GitHub\DiT\MCCD\MCCD\MCCD-Calligrapher\calligrapher_dataset\赵孟𫖯\我-楷-元-赵孟𫖯-2133.png,赵孟頫,楷,我,元,2133,我-楷-元-赵孟𫖯-2133.png,mccd_salvage,ok,227,240,237.1,232.2,False,0.2689,4,0.0,0.887,clean,none
G:\GitHub\DiT\MCCD\MCCD\MCCD-Calligrapher\calligrapher_dataset\赵孟𫖯\戚-楷-元-赵孟𫖯-2566.png,赵孟頫,楷,戚,元,2566,戚-楷-元-赵孟𫖯-2566.png,mccd_salvage,ok,185,211,236.7,226.9,False,0.314,2,0.0,0.9661,clean,none
G:\GitHub\DiT\MCCD\MCCD\MCCD-Calligrapher\calligrapher_dataset\赵孟𫖯\戚-隶-元-赵孟𫖯-2559.png,赵孟頫,隶,戚,元,2559,戚-隶-元-赵孟𫖯-2559.png,mccd_salvage,ok,258,245,229.5,191.9,False,0.3233,1,0.0,1.0,clean,none
G:\GitHub\DiT\MCCD\MCCD\MCCD-Calligrapher\calligrapher_dataset\赵孟𫖯\截-行-元-赵孟𫖯-2799.png,赵孟頫,行,截,元,2799,截-行-元-赵孟𫖯-2799.png,mccd_salvage,ok,186,220,237.1,224.5,False,0.3075,4,0.0006,0.6496,clean,none
G:\GitHub\DiT\MCCD\MCCD\MCCD-Calligrapher\calligrapher_dataset\赵孟𫖯\戶-隶-元-赵孟𫖯-3065.png,赵孟頫,隶,戶,元,3065,戶-隶-元-赵孟𫖯-3065.png,mccd_salvage,ok,274,187,226.2,160.1,False,0.3254,1,0.0,1.0,clean,none
G:\GitHub\DiT\MCCD\MCCD\MCCD-Calligrapher\calligrapher_dataset\赵孟𫖯\户-隶-元-赵孟𫖯-3160.png,赵孟頫,隶,户,元,3160,户-隶-元-赵孟𫖯-3160.png,mccd_salvage,ok,274,187,226.2,160.1,False,0.3254,1,0.0,1.0,clean,none
G:\GitHub\DiT\MCCD\MCCD\MCCD-Calligrapher\calligrapher_dataset\赵孟𫖯\房-隶-元-赵孟𫖯-3407.png,赵孟頫,隶,房,元,3407,房-隶-元-赵孟𫖯-3407.png,mccd_salvage,ok,268,173,216.7,187.4,False,0.3359,1,0.0,1.0,clean,none
G:\GitHub\DiT\MCCD\MCCD\MCCD-Calligrapher\calligrapher_dataset\赵孟𫖯\所-楷-元-赵孟𫖯-3683.png,赵孟頫,楷,所,元,3683,所-楷-元-赵孟𫖯-3683.png,mccd_salvage,ok,209,178,219.8,165.5,False,0.4352,1,0.0,1.0,clean,none
G:\GitHub\DiT\MCCD\MCCD\MCCD-Calligrapher\calligrapher_dataset\赵孟𫖯\所-楷-元-赵孟𫖯-3684.png,赵孟頫,楷,所,元,3684,所-楷-元-赵孟𫖯-3684.png,mccd_salvage,ok,193,158,221.2,163.3,False,0.4319,3,0.0,0.5155,clean,none
G:\GitHub\DiT\MCCD\MCCD\MCCD-Calligrapher\calligrapher_dataset\赵孟𫖯\扆-楷-元-赵孟𫖯-3810.png,赵孟頫,楷,扆,元,3810,扆-楷-元-赵孟𫖯-3810.png,mccd_salvage,ok,244,207,242.2,218.1,False,0.2426,1,0.0,1.0,clean,none
G:\GitHub\DiT\MCCD\MCCD\MCCD-Calligrapher\calligrapher_dataset\赵孟𫖯\手-楷-元-赵孟𫖯-3952.png,赵孟頫,楷,手,元,3952,手-楷-元-赵孟𫖯-3952.png,mccd_salvage,ok,179,225,239.5,223.8,False,0.2395,1,0.0,1.0,clean,none
G:\GitHub\DiT\MCCD\MCCD\MCCD-Calligrapher\calligrapher_dataset\赵孟𫖯\手-行-元-赵孟𫖯-3964.png,赵孟頫,行,手,元,3964,手-行-元-赵孟𫖯-3964.png,mccd_salvage,ok,220,293,241.0,227.7,False,0.2057,2,0.0,0.6931,clean,none
G:\GitHub\DiT\MCCD\MCCD\MCCD-Calligrapher\calligrapher_dataset\赵孟𫖯\才-楷-元-赵孟𫖯-4217.png,赵孟頫,楷,才,元,4217,才-楷-元-赵孟𫖯-4217.png,mccd_salvage,ok,165,169,239.4,227.0,False,0.2218,1,0.0,1.0,clean,none
G:\GitHub\DiT\MCCD\MCCD\MCCD-Calligrapher\calligrapher_dataset\赵孟𫖯\扶-楷-元-赵孟𫖯-4428.png,赵孟頫,楷,扶,元,4428,扶-楷-元-赵孟𫖯-4428.png,mccd_salvage,ok,231,189,239.9,209.2,False,0.2845,2,0.0,0.6367,clean,none
G:\GitHub\DiT\MCCD\MCCD\MCCD-Calligrapher\calligrapher_dataset\赵孟𫖯\投-行-元-赵孟𫖯-4773.png,赵孟頫,行,投,元,4773,投-行-元-赵孟𫖯-4773.png,mccd_salvage,ok,241,230,238.8,218.5,False,0.2559,3,0.0,0.3663,clean,none
G:\GitHub\DiT\MCCD\MCCD\MCCD-Calligrapher\calligrapher_dataset\赵孟𫖯\抗-行-元-赵孟𫖯-4808.png,赵孟頫,行,抗,元,4808,抗-行-元-赵孟𫖯-4808.png,mccd_salvage,ok,236,237,233.6,193.7,False,0.3903,2,0.0,0.5225,clean,none
G:\GitHub\DiT\MCCD\MCCD\MCCD-Calligrapher\calligrapher_dataset\赵孟𫖯\抗-隶-元-赵孟𫖯-4798.png,赵孟頫,隶,抗,元,4798,抗-隶-元-赵孟𫖯-4798.png,mccd_salvage,ok,270,211,237.5,219.7,False,0.3005,3,0.0,0.3718,clean,none
G:\GitHub\DiT\MCCD\MCCD\MCCD-Calligrapher\calligrapher_dataset\赵孟𫖯\抵-行-元-赵孟𫖯-5104.png,赵孟頫,行,抵,元,5104,抵-行-元-赵孟𫖯-5104.png,mccd_salvage,ok,251,211,233.7,206.6,False,0.4182,3,0.0,0.5263,clean,none
G:\GitHub\DiT\MCCD\MCCD\MCCD-Calligrapher\calligrapher_dataset\赵孟𫖯\抽-楷-元-赵孟𫖯-5147.png,赵孟頫,楷,抽,元,5147,抽-楷-元-赵孟𫖯-5147.png,mccd_salvage,ok,271,226,236.3,216.9,False,0.361,1,0.0,1.0,clean,none
G:\GitHub\DiT\MCCD\MCCD\MCCD-Calligrapher\calligrapher_dataset\赵孟𫖯\招-楷-元-赵孟𫖯-5485.png,赵孟頫,楷,招,元,5485,招-楷-元-赵孟𫖯-5485.png,mccd_salvage,ok,252,210,237.9,217.5,False,0.3408,5,0.0004,0.3806,clean,none
G:\GitHub\DiT\MCCD\MCCD\MCCD-Calligrapher\calligrapher_dataset\赵孟𫖯\招-隶-元-赵孟𫖯-5475.png,赵孟頫,隶,招,元,5475,招-隶-元-赵孟𫖯-5475.png,mccd_salvage,ok,251,163,221.8,165.2,False,0.3851,2,0.0,0.597,clean,none
G:\GitHub\DiT\MCCD\MCCD\MCCD-Calligrapher\calligrapher_dataset\赵孟𫖯\拜-楷-元-赵孟𫖯-5656.png,赵孟頫,楷,拜,元,5656,拜-楷-元-赵孟𫖯-5656.png,mccd_salvage,ok,193,203,240.5,207.2,False,0.3138,2,0.0,0.9234,clean,none
G:\GitHub\DiT\MCCD\MCCD\MCCD-Calligrapher\calligrapher_dataset\赵孟𫖯\拳-楷-元-赵孟𫖯-5822.png,赵孟頫,楷,拳,元,5822,拳-楷-元-赵孟𫖯-5822.png,mccd_salvage,ok,222,281,244.3,231.8,False,0.2413,4,0.0013,0.7156,clean,none
G:\GitHub\DiT\MCCD\MCCD\MCCD-Calligrapher\calligrapher_dataset\赵孟𫖯\指-楷-元-赵孟𫖯-6015.png,赵孟頫,楷,指,元,6015,指-楷-元-赵孟𫖯-6015.png,mccd_salvage,ok,258,265,236.6,195.2,False,0.3675,2,0.0,0.6114,clean,none
G:\GitHub\DiT\MCCD\MCCD\MCCD-Calligrapher\calligrapher_dataset\赵孟𫖯\挾-楷-元-赵孟𫖯-6348.png,赵孟頫,楷,挾,元,6348,挾-楷-元-赵孟𫖯-6348.png,mccd_salvage,ok,224,215,241.5,197.9,False,0.3718,2,0.0,0.8874,clean,none
G:\GitHub\DiT\MCCD\MCCD\MCCD-Calligrapher\calligrapher_dataset\赵孟𫖯\捕-隶-元-赵孟𫖯-6542.png,赵孟頫,隶,捕,元,6542,捕-隶-元-赵孟𫖯-6542.png,mccd_salvage,ok,247,178,233.0,178.7,False,0.4503,2,0.0,0.7251,clean,none
G:\GitHub\DiT\MCCD\MCCD\MCCD-Calligrapher\calligrapher_dataset\赵孟𫖯\换-楷-元-赵孟𫖯-6617.png,赵孟頫,楷,换,元,6617,换-楷-元-赵孟𫖯-6617.png,mccd_salvage,ok,186,176,226.9,211.6,False,0.279,5,0.0,0.5295,clean,none
G:\GitHub\DiT\MCCD\MCCD\MCCD-Calligrapher\calligrapher_dataset\赵孟𫖯\捷-楷-元-赵孟𫖯-6741.png,赵孟頫,楷,捷,元,6741,捷-楷-元-赵孟𫖯-6741.png,mccd_salvage,ok,191,182,237.0,223.2,False,0.236,4,0.0012,0.7429,clean,none
G:\GitHub\DiT\MCCD\MCCD\MCCD-Calligrapher\calligrapher_dataset\赵孟𫖯\掇-楷-元-赵孟𫖯-6851.png,赵孟頫,楷,掇,元,6851,掇-楷-元-赵孟𫖯-6851.png,mccd_salvage,ok,267,243,240.0,211.2,False,0.5006,1,0.0,1.0,clean,none
G:\GitHub\DiT\MCCD\MCCD\MCCD-Calligrapher\calligrapher_dataset\赵孟𫖯\推-隶-元-赵孟𫖯-7252.png,赵孟頫,隶,推,元,7252,推-隶-元-赵孟𫖯-7252.png,mccd_salvage,ok,261,172,237.1,189.2,False,0.3839,2,0.0,0.7205,clean,none
G:\GitHub\DiT\MCCD\MCCD\MCCD-Calligrapher\calligrapher_dataset\赵孟𫖯\掩-行-元-赵孟𫖯-7313.png,赵孟頫,行,掩,元,7313,掩-行-元-赵孟𫖯-7313.png,mccd_salvage,ok,218,204,227.8,191.3,False,0.4555,1,0.0,1.0,clean,none
G:\GitHub\DiT\MCCD\MCCD\MCCD-Calligrapher\calligrapher_dataset\赵孟𫖯\提-楷-元-赵孟𫖯-7517.png,赵孟頫,楷,提,元,7517,提-楷-元-赵孟𫖯-7517.png,mccd_salvage,ok,236,194,239.3,193.5,False,0.4051,2,0.0,0.7531,clean,none
G:\GitHub\DiT\MCCD\MCCD\MCCD-Calligrapher\calligrapher_dataset\赵孟𫖯\摩-隶-元-赵孟𫖯-531.png,赵孟頫,隶,摩,元,531,摩-隶-元-赵孟𫖯-531.png,mccd_salvage,ok,249,223,237.3,225.1,False,0.3491,4,0.0,0.5478,clean,none
G:\GitHub\DiT\MCCD\MCCD\MCCD-Calligrapher\calligrapher_dataset\赵孟𫖯\撫-行-元-赵孟𫖯-158.png,赵孟頫,行,撫,元,158,撫-行-元-赵孟𫖯-158.png,mccd_salvage,ok,244,199,235.3,205.7,False,0.2857,8,0.0028,0.4081,clean,none
G:\GitHub\DiT\MCCD\MCCD\MCCD-Calligrapher\calligrapher_dataset\赵孟𫖯\撲-楷-元-赵孟𫖯-239.png,赵孟頫,楷,撲,元,239,撲-楷-元-赵孟𫖯-239.png,mccd_salvage,ok,216,232,239.9,213.4,False,0.2911,4,0.0,0.7328,clean,none
G:\GitHub\DiT\MCCD\MCCD\MCCD-Calligrapher\calligrapher_dataset\赵孟𫖯\擾-楷-元-赵孟𫖯-782.png,赵孟頫,楷,擾,元,782,擾-楷-元-赵孟𫖯-782.png,mccd_salvage,ok,176,170,231.1,212.0,False,0.2632,7,0.0003,0.3718,clean,none
G:\GitHub\DiT\MCCD\MCCD\MCCD-Calligrapher\calligrapher_dataset\赵孟𫖯\擿-楷-元-赵孟𫖯-803.png,赵孟頫,楷,擿,元,803,擿-楷-元-赵孟𫖯-803.png,mccd_salvage,ok,206,173,234.9,217.1,False,0.2517,5,0.0,0.3977,clean,none
G:\GitHub\DiT\MCCD\MCCD\MCCD-Calligrapher\calligrapher_dataset\赵孟𫖯\收-行-元-赵孟𫖯-1229.png,赵孟頫,行,收,元,1229,收-行-元-赵孟𫖯-1229.png,mccd_salvage,ok,207,206,223.5,177.4,False,0.4587,1,0.0,1.0,clean,none
G:\GitHub\DiT\MCCD\MCCD\MCCD-Calligrapher\calligrapher_dataset\赵孟𫖯\收-行-元-赵孟𫖯-1231.png,赵孟頫,行,收,元,1231,收-行-元-赵孟𫖯-1231.png,mccd_salvage,ok,208,179,239.5,223.6,False,0.2754,1,0.0,1.0,clean,none
G:\GitHub\DiT\MCCD\MCCD\MCCD-Calligrapher\calligrapher_dataset\赵孟𫖯\收-行-元-赵孟𫖯-1232.png,赵孟頫,行,收,元,1232,收-行-元-赵孟𫖯-1232.png,mccd_salvage,ok,208,214,234.2,183.7,False,0.4715,1,0.0,1.0,clean,none
G:\GitHub\DiT\MCCD\MCCD\MCCD-Calligrapher\calligrapher_dataset\赵孟𫖯\改-行-元-赵孟𫖯-1435.png,赵孟頫,行,改,元,1435,改-行-元-赵孟𫖯-1435.png,mccd_salvage,ok,255,204,240.5,212.5,False,0.401,2,0.0,0.5097,clean,none
G:\GitHub\DiT\MCCD\MCCD\MCCD-Calligrapher\calligrapher_dataset\赵孟𫖯\改-行-元-赵孟𫖯-1436.png,赵孟頫,行,改,元,1436,改-行-元-赵孟𫖯-1436.png,mccd_salvage,ok,234,231,232.5,178.0,False,0.5373,1,0.0,1.0,clean,none
G:\GitHub\DiT\MCCD\MCCD\MCCD-Calligrapher\calligrapher_dataset\赵孟𫖯\故-楷-元-赵孟𫖯-1952.png,赵孟頫,楷,故,元,1952,故-楷-元-赵孟𫖯-1952.png,mccd_salvage,ok,211,161,232.2,211.8,False,0.3724,1,0.0,1.0,clean,none
G:\GitHub\DiT\MCCD\MCCD\MCCD-Calligrapher\calligrapher_dataset\赵孟𫖯\故-行-元-赵孟𫖯-1975.png,赵孟頫,行,故,元,1975,故-行-元-赵孟𫖯-1975.png,mccd_salvage,ok,259,196,236.7,199.2,False,0.349,1,0.0,1.0,clean,none
G:\GitHub\DiT\MCCD\MCCD\MCCD-Calligrapher\calligrapher_dataset\赵孟𫖯\效-楷-元-赵孟𫖯-2072.png,赵孟頫,楷,效,元,2072,效-楷-元-赵孟𫖯-2072.png,mccd_salvage,ok,227,180,233.3,214.7,False,0.3008,5,0.0,0.3195,clean,none
G:\GitHub\DiT\MCCD\MCCD\MCCD-Calligrapher\calligrapher_dataset\赵孟𫖯\效-行-元-赵孟𫖯-2077.png,赵孟頫,行,效,元,2077,效-行-元-赵孟𫖯-2077.png,mccd_salvage,ok,239,198,228.2,187.6,False,0.3588,2,0.0,0.9674,clean,none
G:\GitHub\DiT\MCCD\MCCD\MCCD-Calligrapher\calligrapher_dataset\赵孟𫖯\效-隶-元-赵孟𫖯-2060.png,赵孟頫,隶,效,元,2060,效-隶-元-赵孟𫖯-2060.png,mccd_salvage,ok,270,194,238.4,204.7,False,0.315,5,0.0,0.5772,clean,none
G:\GitHub\DiT\MCCD\MCCD\MCCD-Calligrapher\calligrapher_dataset\赵孟𫖯\敏-行-元-赵孟𫖯-2240.png,赵孟頫,行,敏,元,2240,敏-行-元-赵孟𫖯-2240.png,mccd_salvage,ok,223,202,242.6,214.1,False,0.367,1,0.0,1.0,clean,none
G:\GitHub\DiT\MCCD\MCCD\MCCD-Calligrapher\calligrapher_dataset\赵孟𫖯\敕-隶-元-赵孟𫖯-2419.png,赵孟頫,隶,敕,元,2419,敕-隶-元-赵孟𫖯-2419.png,mccd_salvage,ok,226,179,236.9,196.7,False,0.3547,1,0.0,1.0,clean,none
G:\GitHub\DiT\MCCD\MCCD\MCCD-Calligrapher\calligrapher_dataset\赵孟𫖯\教-楷-元-赵孟𫖯-2591.png,赵孟頫,楷,教,元,2591,教-楷-元-赵孟𫖯-2591.png,mccd_salvage,ok,182,182,244.6,221.8,False,0.2826,2,0.0,0.9525,clean,none
G:\GitHub\DiT\MCCD\MCCD\MCCD-Calligrapher\calligrapher_dataset\赵孟𫖯\教-行-元-赵孟𫖯-2606.png,赵孟頫,行,教,元,2606,教-行-元-赵孟𫖯-2606.png,mccd_salvage,ok,269,227,241.3,212.1,False,0.2863,1,0.0,1.0,clean,none
G:\GitHub\DiT\MCCD\MCCD\MCCD-Calligrapher\calligrapher_dataset\赵孟𫖯\敢-隶-元-赵孟𫖯-3063.png,赵孟頫,隶,敢,元,3063,敢-隶-元-赵孟𫖯-3063.png,mccd_salvage,ok,256,167,223.0,208.9,False,0.2828,2,0.0,0.6255,clean,none
G:\GitHub\DiT\MCCD\MCCD\MCCD-Calligrapher\calligrapher_dataset\赵孟𫖯\散-行-元-赵孟𫖯-3193.png,赵孟頫,行,散,元,3193,散-行-元-赵孟𫖯-3193.png,mccd_salvage,ok,269,210,240.6,207.3,False,0.3603,1,0.0,1.0,clean,none
G:\GitHub\DiT\MCCD\MCCD\MCCD-Calligrapher\calligrapher_dataset\赵孟𫖯\散-隶-元-赵孟𫖯-3147.png,赵孟頫,隶,散,元,3147,散-隶-元-赵孟𫖯-3147.png,mccd_salvage,ok,243,167,233.1,195.6,False,0.3922,6,0.0,0.4323,clean,none
G:\GitHub\DiT\MCCD\MCCD\MCCD-Calligrapher\calligrapher_dataset\赵孟𫖯\敦-隶-元-赵孟𫖯-3247.png,赵孟頫,隶,敦,元,3247,敦-隶-元-赵孟𫖯-3247.png,mccd_salvage,ok,261,238,240.7,215.1,False,0.3466,4,0.0,0.4506,clean,none
G:\GitHub\DiT\MCCD\MCCD\MCCD-Calligrapher\calligrapher_dataset\赵孟𫖯\敬-楷-元-赵孟𫖯-3441.png,赵孟頫,楷,敬,元,3441,敬-楷-元-赵孟𫖯-3441.png,mccd_salvage,ok,234,179,234.3,205.5,False,0.3696,1,0.0,1.0,clean,none
G:\GitHub\DiT\MCCD\MCCD\MCCD-Calligrapher\calligrapher_dataset\赵孟𫖯\敬-隶-元-赵孟𫖯-3416.png,赵孟頫,隶,敬,元,3416,敬-隶-元-赵孟𫖯-3416.png,mccd_salvage,ok,261,207,237.0,199.5,False,0.383,3,0.0,0.4552,clean,none
G:\GitHub\DiT\MCCD\MCCD\MCCD-Calligrapher\calligrapher_dataset\赵孟𫖯\斗-楷-元-赵孟𫖯-4415.png,赵孟頫,楷,斗,元,4415,斗-楷-元-赵孟𫖯-4415.png,mccd_salvage,ok,161,231,243.6,233.2,False,0.2115,2,0.0,0.9021,clean,none
G:\GitHub\DiT\MCCD\MCCD\MCCD-Calligrapher\calligrapher_dataset\赵孟𫖯\斜-行-元-赵孟𫖯-4482.png,赵孟頫,行,斜,元,4482,斜-行-元-赵孟𫖯-4482.png,mccd_salvage,ok,259,287,245.0,214.7,False,0.2406,3,0.0,0.9257,clean,none
G:\GitHub\DiT\MCCD\MCCD\MCCD-Calligrapher\calligrapher_dataset\赵孟𫖯\斬-楷-元-赵孟𫖯-4723.png,赵孟頫,楷,斬,元,4723,斬-楷-元-赵孟𫖯-4723.png,mccd_salvage,ok,234,199,239.6,213.6,False,0.3454,3,0.0,0.574,clean,none
G:\GitHub\DiT\MCCD\MCCD\MCCD-Calligrapher\calligrapher_dataset\赵孟𫖯\新-隶-元-赵孟𫖯-4959.png,赵孟頫,隶,新,元,4959,新-隶-元-赵孟𫖯-4959.png,mccd_salvage,ok,254,157,222.6,214.7,False,0.2694,4,0.0,0.8102,clean,none
G:\GitHub\DiT\MCCD\MCCD\MCCD-Calligrapher\calligrapher_dataset\赵孟𫖯\方-楷-元-赵孟𫖯-5349.png,赵孟頫,楷,方,元,5349,方-楷-元-赵孟𫖯-5349.png,mccd_salvage,ok,251,218,236.5,218.5,False,0.3311,1,0.0,1.0,clean,none
G:\GitHub\DiT\MCCD\MCCD\MCCD-Calligrapher\calligrapher_dataset\赵孟𫖯\於-楷-元-赵孟𫖯-5987.png,赵孟頫,楷,於,元,5987,於-楷-元-赵孟𫖯-5987.png,mccd_salvage,ok,204,246,242.6,226.4,False,0.2568,5,0.0,0.7022,clean,none
G:\GitHub\DiT\MCCD\MCCD\MCCD-Calligrapher\calligrapher_dataset\赵孟𫖯\施-楷-元-赵孟𫖯-6082.png,赵孟頫,楷,施,元,6082,施-楷-元-赵孟𫖯-6082.png,mccd_salvage,ok,229,197,236.0,184.5,False,0.4045,2,0.0,0.9328,clean,none
G:\GitHub\DiT\MCCD\MCCD\MCCD-Calligrapher\calligrapher_dataset\赵孟𫖯\既-行-元-赵孟𫖯-375.png,赵孟頫,行,既,元,375,既-行-元-赵孟𫖯-375.png,mccd_salvage,ok,232,198,198.2,125.8,False,0.5332,1,0.0,1.0,clean,none
G:\GitHub\DiT\MCCD\MCCD\MCCD-Calligrapher\calligrapher_dataset\赵孟𫖯\旣-行-元-赵孟𫖯-669.png,赵孟頫,行,旣,元,669,旣-行-元-赵孟𫖯-669.png,mccd_salvage,ok,233,190,237.5,193.0,False,0.4535,1,0.0,1.0,clean,none
G:\GitHub\DiT\MCCD\MCCD\MCCD-Calligrapher\calligrapher_dataset\赵孟𫖯\旣-行-元-赵孟𫖯-670.png,赵孟頫,行,旣,元,670,旣-行-元-赵孟𫖯-670.png,mccd_salvage,ok,232,198,198.2,125.8,False,0.5332,1,0.0,1.0,clean,none
G:\GitHub\DiT\MCCD\MCCD\MCCD-Calligrapher\calligrapher_dataset\赵孟𫖯\旣-隶-元-赵孟𫖯-621.png,赵孟頫,隶,旣,元,621,旣-隶-元-赵孟𫖯-621.png,mccd_salvage,ok,246,134,233.6,138.8,False,0.3994,2,0.0,0.5303,clean,none
G:\GitHub\DiT\MCCD\MCCD\MCCD-Calligrapher\calligrapher_dataset\赵孟𫖯\旦-隶-元-赵孟𫖯-1253.png,赵孟頫,隶,旦,元,1253,旦-隶-元-赵孟𫖯-1253.png,mccd_salvage,ok,231,152,206.7,134.6,False,0.3996,2,0.0,0.6818,clean,none
G:\GitHub\DiT\MCCD\MCCD\MCCD-Calligrapher\calligrapher_dataset\赵孟𫖯\旨-楷-元-赵孟𫖯-1350.png,赵孟頫,楷,旨,元,1350,旨-楷-元-赵孟𫖯-1350.png,mccd_salvage,ok,215,245,239.4,224.4,False,0.3493,2,0.0,0.6234,clean,none
G:\GitHub\DiT\MCCD\MCCD\MCCD-Calligrapher\calligrapher_dataset\赵孟𫖯\早-隶-元-赵孟𫖯-1410.png,赵孟頫,隶,早,元,1410,早-隶-元-赵孟𫖯-1410.png,mccd_salvage,ok,286,170,221.3,192.2,False,0.39,1,0.0,1.0,clean,none
G:\GitHub\DiT\MCCD\MCCD\MCCD-Calligrapher\calligrapher_dataset\赵孟𫖯\易-楷-元-赵孟𫖯-2505.png,赵孟頫,楷,易,元,2505,易-楷-元-赵孟𫖯-2505.png,mccd_salvage,ok,163,228,232.4,194.8,False,0.3837,1,0.0,1.0,clean,none
G:\GitHub\DiT\MCCD\MCCD\MCCD-Calligrapher\calligrapher_dataset\赵孟𫖯\易-隶-元-赵孟𫖯-2483.png,赵孟頫,隶,易,元,2483,易-隶-元-赵孟𫖯-2483.png,mccd_salvage,ok,271,324,211.1,176.7,False,0.455,1,0.0,1.0,clean,none
G:\GitHub\DiT\MCCD\MCCD\MCCD-Calligrapher\calligrapher_dataset\赵孟𫖯\星-楷-元-赵孟𫖯-2872.png,赵孟頫,楷,星,元,2872,星-楷-元-赵孟𫖯-2872.png,mccd_salvage,ok,225,242,226.5,167.2,False,0.4187,1,0.0,1.0,clean,none
G:\GitHub\DiT\MCCD\MCCD\MCCD-Calligrapher\calligrapher_dataset\赵孟𫖯\星-隶-元-赵孟𫖯-2862.png,赵孟頫,隶,星,元,2862,星-隶-元-赵孟𫖯-2862.png,mccd_salvage,ok,270,198,211.4,143.7,False,0.3769,1,0.0,1.0,clean,none
G:\GitHub\DiT\MCCD\MCCD\MCCD-Calligrapher\calligrapher_dataset\赵孟𫖯\是-楷-元-赵孟𫖯-3565.png,赵孟頫,楷,是,元,3565,是-楷-元-赵孟𫖯-3565.png,mccd_salvage,ok,202,178,224.6,208.7,False,0.2842,1,0.0,1.0,clean,none
G:\GitHub\DiT\MCCD\MCCD\MCCD-Calligrapher\calligrapher_dataset\赵孟𫖯\是-行-元-赵孟𫖯-3582.png,赵孟頫,行,是,元,3582,是-行-元-赵孟𫖯-3582.png,mccd_salvage,ok,261,232,231.1,205.1,False,0.3269,1,0.0,1.0,clean,none
G:\GitHub\DiT\MCCD\MCCD\MCCD-Calligrapher\calligrapher_dataset\赵孟𫖯\是-隶-元-赵孟𫖯-3499.png,赵孟頫,隶,是,元,3499,是-隶-元-赵孟𫖯-3499.png,mccd_salvage,ok,277,295,232.9,184.3,False,0.366,3,0.0,0.4818,clean,none
G:\GitHub\DiT\MCCD\MCCD\MCCD-Calligrapher\calligrapher_dataset\赵孟𫖯\是-隶-元-赵孟𫖯-3500.png,赵孟頫,隶,是,元,3500,是-隶-元-赵孟𫖯-3500.png,mccd_salvage,ok,269,276,229.1,188.2,False,0.3714,3,0.0,0.5074,clean,none
G:\GitHub\DiT\MCCD\MCCD\MCCD-Calligrapher\calligrapher_dataset\赵孟𫖯\時-隶-元-赵孟𫖯-3814.png,赵孟頫,隶,時,元,3814,時-隶-元-赵孟𫖯-3814.png,mccd_salvage,ok,275,183,235.7,212.1,False,0.3361,3,0.0,0.6271,clean,none
G:\GitHub\DiT\MCCD\MCCD\MCCD-Calligrapher\calligrapher_dataset\赵孟𫖯\晉-行-元-赵孟𫖯-4091.png,赵孟頫,行,晉,元,4091,晉-行-元-赵孟𫖯-4091.png,mccd_salvage,ok,212,224,240.0,207.0,False,0.3498,2,0.0,0.5567,clean,none
G:\GitHub\DiT\MCCD\MCCD\MCCD-Calligrapher\calligrapher_dataset\赵孟𫖯\晉-隶-元-赵孟𫖯-4055.png,赵孟頫,隶,晉,元,4055,晉-隶-元-赵孟𫖯-4055.png,mccd_salvage,ok,239,205,228.6,194.3,False,0.4008,2,0.0,0.612,clean,none
G:\GitHub\DiT\MCCD\MCCD\MCCD-Calligrapher\calligrapher_dataset\赵孟𫖯\晚-行-元-赵孟𫖯-107.png,赵孟頫,行,晚,元,107,晚-行-元-赵孟𫖯-107.png,mccd_salvage,ok,240,271,224.0,187.7,False,0.3968,2,0.0,0.7511,clean,none
G:\GitHub\DiT\MCCD\MCCD\MCCD-Calligrapher\calligrapher_dataset\赵孟𫖯\晦-楷-元-赵孟𫖯-4510.png,赵孟頫,楷,晦,元,4510,晦-楷-元-赵孟𫖯-4510.png,mccd_salvage,ok,243,238,240.2,209.0,False,0.3978,2,0.0,0.8876,clean,none
G:\GitHub\DiT\MCCD\MCCD\MCCD-Calligrapher\calligrapher_dataset\赵孟𫖯\晦-行-元-赵孟𫖯-4516.png,赵孟頫,行,晦,元,4516,晦-行-元-赵孟𫖯-4516.png,mccd_salvage,ok,253,228,239.9,200.8,False,0.3884,1,0.0,1.0,clean,none
G:\GitHub\DiT\MCCD\MCCD\MCCD-Calligrapher\calligrapher_dataset\赵孟𫖯\晨-行-元-赵孟𫖯-4571.png,赵孟頫,行,晨,元,4571,晨-行-元-赵孟𫖯-4571.png,mccd_salvage,ok,186,242,238.1,208.7,False,0.3149,2,0.0,0.7045,clean,none
G:\GitHub\DiT\MCCD\MCCD\MCCD-Calligrapher\calligrapher_dataset\赵孟𫖯\晩-楷-元-赵孟𫖯-4598.png,赵孟頫,楷,晩,元,4598,晩-楷-元-赵孟𫖯-4598.png,mccd_salvage,ok,179,149,213.6,194.9,False,0.3928,2,0.0,0.6281,clean,none
G:\GitHub\DiT\MCCD\MCCD\MCCD-Calligrapher\calligrapher_dataset\赵孟𫖯\晩-行-元-赵孟𫖯-4609.png,赵孟頫,行,晩,元,4609,晩-行-元-赵孟𫖯-4609.png,mccd_salvage,ok,240,271,224.0,187.7,False,0.3968,2,0.0,0.7511,clean,none
G:\GitHub\DiT\MCCD\MCCD\MCCD-Calligrapher\calligrapher_dataset\赵孟𫖯\景-楷-元-赵孟𫖯-4710.png,赵孟頫,楷,景,元,4710,景-楷-元-赵孟𫖯-4710.png,mccd_salvage,ok,173,188,235.8,201.2,False,0.3668,3,0.0,0.9355,clean,none
G:\GitHub\DiT\MCCD\MCCD\MCCD-Calligrapher\calligrapher_dataset\赵孟𫖯\晴-楷-元-赵孟𫖯-4757.png,赵孟頫,楷,晴,元,4757,晴-楷-元-赵孟𫖯-4757.png,mccd_salvage,ok,166,195,235.2,196.9,False,0.395,1,0.0,1.0,clean,none
G:\GitHub\DiT\MCCD\MCCD\MCCD-Calligrapher\calligrapher_dataset\赵孟𫖯\暇-楷-元-赵孟𫖯-4929.png,赵孟頫,楷,暇,元,4929,暇-楷-元-赵孟𫖯-4929.png,mccd_salvage,ok,225,216,237.5,188.6,False,0.4765,3,0.0,0.525,clean,none
G:\GitHub\DiT\MCCD\MCCD\MCCD-Calligrapher\calligrapher_dataset\赵孟𫖯\暉-楷-元-赵孟𫖯-4971.png,赵孟頫,楷,暉,元,4971,暉-楷-元-赵孟𫖯-4971.png,mccd_salvage,ok,247,237,238.7,186.1,False,0.3392,3,0.0,0.6671,clean,none
G:\GitHub\DiT\MCCD\MCCD\MCCD-Calligrapher\calligrapher_dataset\赵孟𫖯\暎-楷-元-赵孟𫖯-5026.png,赵孟頫,楷,暎,元,5026,暎-楷-元-赵孟𫖯-5026.png,mccd_salvage,ok,233,261,224.7,187.5,False,0.4155,3,0.0,0.8763,clean,none
G:\GitHub\DiT\MCCD\MCCD\MCCD-Calligrapher\calligrapher_dataset\赵孟𫖯\暑-隶-元-赵孟𫖯-5070.png,赵孟頫,隶,暑,元,5070,暑-隶-元-赵孟𫖯-5070.png,mccd_salvage,ok,244,276,221.3,163.9,False,0.4792,2,0.0,0.6895,clean,none
G:\GitHub\DiT\MCCD\MCCD\MCCD-Calligrapher\calligrapher_dataset\赵孟𫖯\曜-楷-元-赵孟𫖯-5667.png,赵孟頫,楷,曜,元,5667,曜-楷-元-赵孟𫖯-5667.png,mccd_salvage,ok,230,238,229.9,179.9,False,0.3886,3,0.0001,0.735,clean,none
G:\GitHub\DiT\MCCD\MCCD\MCCD-Calligrapher\calligrapher_dataset\赵孟𫖯\曠-楷-元-赵孟𫖯-5716.png,赵孟頫,楷,曠,元,5716,曠-楷-元-赵孟𫖯-5716.png,mccd_salvage,ok,260,237,241.9,208.0,False,0.3843,4,0.0,0.8536,clean,none
G:\GitHub\DiT\MCCD\MCCD\MCCD-Calligrapher\calligrapher_dataset\赵孟𫖯\曰-隶-元-赵孟𫖯-6153.png,赵孟頫,隶,曰,元,6153,曰-隶-元-赵孟𫖯-6153.png,mccd_salvage,ok,276,167,69.0,195.9,True,0.6211,1,0.0,1.0,broken,inverted;too_solid
G:\GitHub\DiT\MCCD\MCCD\MCCD-Calligrapher\calligrapher_dataset\赵孟𫖯\曲-楷-元-赵孟𫖯-6307.png,赵孟頫,楷,曲,元,6307,曲-楷-元-赵孟𫖯-6307.png,mccd_salvage,ok,198,161,227.4,145.2,False,0.5334,1,0.0,1.0,clean,none
G:\GitHub\DiT\MCCD\MCCD\MCCD-Calligrapher\calligrapher_dataset\赵孟𫖯\曲-行-元-赵孟𫖯-6316.png,赵孟頫,行,曲,元,6316,曲-行-元-赵孟𫖯-6316.png,mccd_salvage,ok,223,219,217.6,167.2,False,0.4693,2,0.0,0.7993,clean,none
G:\GitHub\DiT\MCCD\MCCD\MCCD-Calligrapher\calligrapher_dataset\赵孟𫖯\更-楷-元-赵孟𫖯-6454.png,赵孟頫,楷,更,元,6454,更-楷-元-赵孟𫖯-6454.png,mccd_salvage,ok,219,208,229.5,202.3,False,0.3138,1,0.0,1.0,clean,none
G:\GitHub\DiT\MCCD\MCCD\MCCD-Calligrapher\calligrapher_dataset\赵孟𫖯\書-楷-元-赵孟𫖯-6687.png,赵孟頫,楷,書,元,6687,書-楷-元-赵孟𫖯-6687.png,mccd_salvage,ok,207,245,231.9,220.7,False,0.3219,2,0.0,0.9628,clean,none
G:\GitHub\DiT\MCCD\MCCD\MCCD-Calligrapher\calligrapher_dataset\赵孟𫖯\替-行-元-赵孟𫖯-7096.png,赵孟頫,行,替,元,7096,替-行-元-赵孟𫖯-7096.png,mccd_salvage,ok,226,263,234.2,213.7,False,0.3341,2,0.0,0.6789,clean,none
G:\GitHub\DiT\MCCD\MCCD\MCCD-Calligrapher\calligrapher_dataset\赵孟𫖯\最-隶-元-赵孟𫖯-7121.png,赵孟頫,隶,最,元,7121,最-隶-元-赵孟𫖯-7121.png,mccd_salvage,ok,261,218,202.9,122.5,False,0.418,5,0.0,0.3086,clean,none
G:\GitHub\DiT\MCCD\MCCD\MCCD-Calligrapher\calligrapher_dataset\赵孟𫖯\會-楷-元-赵孟𫖯-7239.png,赵孟頫,楷,會,元,7239,會-楷-元-赵孟𫖯-7239.png,mccd_salvage,ok,242,208,243.6,225.8,False,0.2757,1,0.0,1.0,clean,none
G:\GitHub\DiT\MCCD\MCCD\MCCD-Calligrapher\calligrapher_dataset\赵孟𫖯\會-行-元-赵孟𫖯-7249.png,赵孟頫,行,會,元,7249,會-行-元-赵孟𫖯-7249.png,mccd_salvage,ok,280,215,240.4,231.1,False,0.2185,4,0.0,0.8884,clean,none
G:\GitHub\DiT\MCCD\MCCD\MCCD-Calligrapher\calligrapher_dataset\赵孟𫖯\月-行-元-赵孟𫖯-7791.png,赵孟頫,行,月,元,7791,月-行-元-赵孟𫖯-7791.png,mccd_salvage,ok,166,250,239.2,191.1,False,0.4993,1,0.0,1.0,clean,none
G:\GitHub\DiT\MCCD\MCCD\MCCD-Calligrapher\calligrapher_dataset\赵孟𫖯\服-隶-元-赵孟𫖯-8334.png,赵孟頫,隶,服,元,8334,服-隶-元-赵孟𫖯-8334.png,mccd_salvage,ok,263,149,210.4,159.6,False,0.4468,2,0.0,0.5382,clean,none
G:\GitHub\DiT\MCCD\MCCD\MCCD-Calligrapher\calligrapher_dataset\赵孟𫖯\朗-隶-元-赵孟𫖯-8690.png,赵孟頫,隶,朗,元,8690,朗-隶-元-赵孟𫖯-8690.png,mccd_salvage,ok,270,181,41.3,170.9,True,0.5491,2,0.0,0.5717,inverted,inverted
G:\GitHub\DiT\MCCD\MCCD\MCCD-Calligrapher\calligrapher_dataset\赵孟𫖯\朙-隶-元-赵孟𫖯-8788.png,赵孟頫,隶,朙,元,8788,朙-隶-元-赵孟𫖯-8788.png,mccd_salvage,ok,282,163,206.8,122.0,False,0.4847,1,0.0,1.0,clean,none
G:\GitHub\DiT\MCCD\MCCD\MCCD-Calligrapher\calligrapher_dataset\赵孟𫖯\朝-隶-元-赵孟𫖯-8928.png,赵孟頫,隶,朝,元,8928,朝-隶-元-赵孟𫖯-8928.png,mccd_salvage,ok,272,197,237.9,193.4,False,0.4986,3,0.0,0.5094,clean,none
G:\GitHub\DiT\MCCD\MCCD\MCCD-Calligrapher\calligrapher_dataset\赵孟𫖯\李-楷-元-赵孟𫖯-10206.png,赵孟頫,楷,李,元,10206,李-楷-元-赵孟𫖯-10206.png,mccd_salvage,ok,169,244,241.8,229.7,False,0.283,1,0.0,1.0,clean,none
G:\GitHub\DiT\MCCD\MCCD\MCCD-Calligrapher\calligrapher_dataset\赵孟𫖯\李-隶-元-赵孟𫖯-10179.png,赵孟頫,隶,李,元,10179,李-隶-元-赵孟𫖯-10179.png,mccd_salvage,ok,259,256,241.1,220.4,False,0.2964,1,0.0,1.0,clean,none
G:\GitHub\DiT\MCCD\MCCD\MCCD-Calligrapher\calligrapher_dataset\赵孟𫖯\村-行-元-赵孟𫖯-10318.png,赵孟頫,行,村,元,10318,村-行-元-赵孟𫖯-10318.png,mccd_salvage,ok,248,204,236.9,212.6,False,0.3284,2,0.0004,0.9996,clean,none
G:\GitHub\DiT\MCCD\MCCD\MCCD-Calligrapher\calligrapher_dataset\赵孟𫖯\杜-行-元-赵孟𫖯-10444.png,赵孟頫,行,杜,元,10444,杜-行-元-赵孟𫖯-10444.png,mccd_salvage,ok,245,200,240.2,213.6,False,0.3368,4,0.0002,0.4953,clean,none
G:\GitHub\DiT\MCCD\MCCD\MCCD-Calligrapher\calligrapher_dataset\赵孟𫖯\杜-隶-元-赵孟𫖯-10427.png,赵孟頫,隶,杜,元,10427,杜-隶-元-赵孟𫖯-10427.png,mccd_salvage,ok,273,153,240.5,220.0,False,0.3151,2,0.0,0.5554,clean,none
G:\GitHub\DiT\MCCD\MCCD\MCCD-Calligrapher\calligrapher_dataset\赵孟𫖯\束-隶-元-赵孟𫖯-10549.png,赵孟頫,隶,束,元,10549,束-隶-元-赵孟𫖯-10549.png,mccd_salvage,ok,288,208,242.5,183.8,False,0.4333,1,0.0,1.0,clean,none
G:\GitHub\DiT\MCCD\MCCD\MCCD-Calligrapher\calligrapher_dataset\赵孟𫖯\杯-楷-元-赵孟𫖯-10634.png,赵孟頫,楷,杯,元,10634,杯-楷-元-赵孟𫖯-10634.png,mccd_salvage,ok,235,170,237.4,220.5,False,0.2899,3,0.0,0.4562,clean,none
G:\GitHub\DiT\MCCD\MCCD\MCCD-Calligrapher\calligrapher_dataset\赵孟𫖯\杯-隶-元-赵孟𫖯-10628.png,赵孟頫,隶,杯,元,10628,杯-隶-元-赵孟𫖯-10628.png,mccd_salvage,ok,263,124,237.0,175.2,False,0.3683,4,0.0,0.4336,clean,none
G:\GitHub\DiT\MCCD\MCCD\MCCD-Calligrapher\calligrapher_dataset\赵孟𫖯\杳-楷-元-赵孟𫖯-10932.png,赵孟頫,楷,杳,元,10932,杳-楷-元-赵孟𫖯-10932.png,mccd_salvage,ok,246,208,244.6,222.7,False,0.2918,1,0.0,1.0,clean,none
G:\GitHub\DiT\MCCD\MCCD\MCCD-Calligrapher\calligrapher_dataset\赵孟𫖯\杳-行-元-赵孟𫖯-10936.png,赵孟頫,行,杳,元,10936,杳-行-元-赵孟𫖯-10936.png,mccd_salvage,ok,173,272,233.0,196.0,False,0.4969,1,0.0,1.0,clean,none
G:\GitHub\DiT\MCCD\MCCD\MCCD-Calligrapher\calligrapher_dataset\赵孟𫖯\杳-行-元-赵孟𫖯-10937.png,赵孟頫,行,杳,元,10937,杳-行-元-赵孟𫖯-10937.png,mccd_salvage,ok,225,262,231.0,219.0,False,0.3073,4,0.0,0.4145,clean,none
G:\GitHub\DiT\MCCD\MCCD\MCCD-Calligrapher\calligrapher_dataset\赵孟𫖯\杳-隶-元-赵孟𫖯-10925.png,赵孟頫,隶,杳,元,10925,杳-隶-元-赵孟𫖯-10925.png,mccd_salvage,ok,270,203,227.8,197.8,False,0.3861,1,0.0,1.0,clean,none
G:\GitHub\DiT\MCCD\MCCD\MCCD-Calligrapher\calligrapher_dataset\赵孟𫖯\杷-楷-元-赵孟𫖯-10979.png,赵孟頫,楷,杷,元,10979,杷-楷-元-赵孟𫖯-10979.png,mccd_salvage,ok,215,161,239.5,197.8,False,0.2899,1,0.0,1.0,clean,none
G:\GitHub\DiT\MCCD\MCCD\MCCD-Calligrapher\calligrapher_dataset\赵孟𫖯\杷-隶-元-赵孟𫖯-10975.png,赵孟頫,隶,杷,元,10975,杷-隶-元-赵孟𫖯-10975.png,mccd_salvage,ok,282,166,236.6,191.4,False,0.3624,3,0.0,0.5813,clean,none
G:\GitHub\DiT\MCCD\MCCD\MCCD-Calligrapher\calligrapher_dataset\赵孟𫖯\松-行-元-赵孟𫖯-11088.png,赵孟頫,行,松,元,11088,松-行-元-赵孟𫖯-11088.png,mccd_salvage,ok,255,206,240.2,222.2,False,0.3586,1,0.0,1.0,clean,none
G:\GitHub\DiT\MCCD\MCCD\MCCD-Calligrapher\calligrapher_dataset\赵孟𫖯\松-隶-元-赵孟𫖯-11063.png,赵孟頫,隶,松,元,11063,松-隶-元-赵孟𫖯-11063.png,mccd_salvage,ok,285,189,239.9,201.9,False,0.3277,4,0.0,0.4393,clean,none
G:\GitHub\DiT\MCCD\MCCD\MCCD-Calligrapher\calligrapher_dataset\赵孟𫖯\枇-楷-元-赵孟𫖯-11167.png,赵孟頫,楷,枇,元,11167,枇-楷-元-赵孟𫖯-11167.png,mccd_salvage,ok,246,216,241.8,221.3,False,0.2933,2,0.0,0.5542,clean,none
G:\GitHub\DiT\MCCD\MCCD\MCCD-Calligrapher\calligrapher_dataset\赵孟𫖯\析-行-元-赵孟𫖯-11269.png,赵孟頫,行,析,元,11269,析-行-元-赵孟𫖯-11269.png,mccd_salvage,ok,227,259,237.8,219.9,False,0.2922,4,0.0,0.4505,clean,none
G:\GitHub\DiT\MCCD\MCCD\MCCD-Calligrapher\calligrapher_dataset\赵孟𫖯\枕-楷-元-赵孟𫖯-11309.png,赵孟頫,楷,枕,元,11309,枕-楷-元-赵孟𫖯-11309.png,mccd_salvage,ok,230,158,231.5,199.8,False,0.315,3,0.0,0.6557,clean,none
G:\GitHub\DiT\MCCD\MCCD\MCCD-Calligrapher\calligrapher_dataset\赵孟𫖯\林-行-元-赵孟𫖯-11433.png,赵孟頫,行,林,元,11433,林-行-元-赵孟𫖯-11433.png,mccd_salvage,ok,251,178,238.0,220.3,False,0.3215,2,0.0,0.553,clean,none
G:\GitHub\DiT\MCCD\MCCD\MCCD-Calligrapher\calligrapher_dataset\赵孟𫖯\林-隶-元-赵孟𫖯-11390.png,赵孟頫,隶,林,元,11390,林-隶-元-赵孟𫖯-11390.png,mccd_salvage,ok,278,129,231.0,180.3,False,0.4081,1,0.0,1.0,clean,none
G:\GitHub\DiT\MCCD\MCCD\MCCD-Calligrapher\calligrapher_dataset\赵孟𫖯\果-隶-元-赵孟𫖯-11536.png,赵孟頫,隶,果,元,11536,果-隶-元-赵孟𫖯-11536.png,mccd_salvage,ok,274,196,223.2,170.3,False,0.4121,4,0.0,0.5471,clean,none
G:\GitHub\DiT\MCCD\MCCD\MCCD-Calligrapher\calligrapher_dataset\赵孟𫖯\枝-楷-元-赵孟𫖯-11592.png,赵孟頫,楷,枝,元,11592,枝-楷-元-赵孟𫖯-11592.png,mccd_salvage,ok,211,175,231.6,205.8,False,0.3438,2,0.0,0.6193,clean,none
G:\GitHub\DiT\MCCD\MCCD\MCCD-Calligrapher\calligrapher_dataset\赵孟𫖯\枝-行-元-赵孟𫖯-11598.png,赵孟頫,行,枝,元,11598,枝-行-元-赵孟𫖯-11598.png,mccd_salvage,ok,266,202,236.4,206.4,False,0.3169,3,0.0,0.6486,clean,none
G:\GitHub\DiT\MCCD\MCCD\MCCD-Calligrapher\calligrapher_dataset\赵孟𫖯\枝-行-元-赵孟𫖯-11599.png,赵孟頫,行,枝,元,11599,枝-行-元-赵孟𫖯-11599.png,mccd_salvage,ok,208,212,230.2,188.1,False,0.4124,1,0.0,1.0,clean,none
G:\GitHub\DiT\MCCD\MCCD\MCCD-Calligrapher\calligrapher_dataset\赵孟𫖯\枯-楷-元-赵孟𫖯-11627.png,赵孟頫,楷,枯,元,11627,枯-楷-元-赵孟𫖯-11627.png,mccd_salvage,ok,239,233,238.2,204.7,False,0.4144,1,0.0,1.0,clean,none
G:\GitHub\DiT\MCCD\MCCD\MCCD-Calligrapher\calligrapher_dataset\赵孟𫖯\某-楷-元-赵孟𫖯-11966.png,赵孟頫,楷,某,元,11966,某-楷-元-赵孟𫖯-11966.png,mccd_salvage,ok,236,259,241.2,219.4,False,0.3025,2,0.0,0.9114,clean,none
G:\GitHub\DiT\MCCD\MCCD\MCCD-Calligrapher\calligrapher_dataset\赵孟𫖯\染-楷-元-赵孟𫖯-12007.png,赵孟頫,楷,染,元,12007,染-楷-元-赵孟𫖯-12007.png,mccd_salvage,ok,206,181,234.4,183.2,False,0.3217,7,0.0,0.4356,clean,none
G:\GitHub\DiT\MCCD\MCCD\MCCD-Calligrapher\calligrapher_dataset\赵孟𫖯\染-隶-元-赵孟𫖯-12000.png,赵孟頫,隶,染,元,12000,染-隶-元-赵孟𫖯-12000.png,mccd_salvage,ok,261,215,235.9,204.4,False,0.2704,7,0.0,0.4431,clean,none
G:\GitHub\DiT\MCCD\MCCD\MCCD-Calligrapher\calligrapher_dataset\赵孟𫖯\柔-楷-元-赵孟𫖯-12050.png,赵孟頫,楷,柔,元,12050,柔-楷-元-赵孟𫖯-12050.png,mccd_salvage,ok,197,232,236.2,190.3,False,0.3088,3,0.0,0.5298,clean,none
G:\GitHub\DiT\MCCD\MCCD\MCCD-Calligrapher\calligrapher_dataset\赵孟𫖯\柝-楷-元-赵孟𫖯-12145.png,赵孟頫,楷,柝,元,12145,柝-楷-元-赵孟𫖯-12145.png,mccd_salvage,ok,250,220,241.5,211.7,False,0.3149,3,0.0,0.5053,clean,none
G:\GitHub\DiT\MCCD\MCCD\MCCD-Calligrapher\calligrapher_dataset\赵孟𫖯\栖-行-元-赵孟𫖯-12543.png,赵孟頫,行,栖,元,12543,栖-行-元-赵孟𫖯-12543.png,mccd_salvage,ok,269,221,242.7,223.0,False,0.3118,3,0.0,0.5162,clean,none
G:\GitHub\DiT\MCCD\MCCD\MCCD-Calligrapher\calligrapher_dataset\赵孟𫖯\核-楷-元-赵孟𫖯-12757.png,赵孟頫,楷,核,元,12757,核-楷-元-赵孟𫖯-12757.png,mccd_salvage,ok,228,184,238.9,224.1,False,0.1868,12,0.007,0.3031,clean,none
G:\GitHub\DiT\MCCD\MCCD\MCCD-Calligrapher\calligrapher_dataset\赵孟𫖯\桐-楷-元-赵孟𫖯-13102.png,赵孟頫,楷,桐,元,13102,桐-楷-元-赵孟𫖯-13102.png,mccd_salvage,ok,231,156,212.7,186.5,False,0.3955,4,0.0,0.4684,clean,none
G:\GitHub\DiT\MCCD\MCCD\MCCD-Calligrapher\calligrapher_dataset\赵孟𫖯\桓-行-元-赵孟𫖯-13204.png,赵孟頫,行,桓,元,13204,桓-行-元-赵孟𫖯-13204.png,mccd_salvage,ok,230,196,238.4,210.5,False,0.3414,4,0.0,0.4215,clean,none
G:\GitHub\DiT\MCCD\MCCD\MCCD-Calligrapher\calligrapher_dataset\赵孟𫖯\桼-隶-元-赵孟𫖯-13356.png,赵孟頫,隶,桼,元,13356,桼-隶-元-赵孟𫖯-13356.png,mccd_salvage,ok,277,245,243.9,232.7,False,0.2691,5,0.0,0.7788,clean,none
G:\GitHub\DiT\MCCD\MCCD\MCCD-Calligrapher\calligrapher_dataset\赵孟𫖯\梁-楷-元-赵孟𫖯-13414.png,赵孟頫,楷,梁,元,13414,梁-楷-元-赵孟𫖯-13414.png,mccd_salvage,ok,220,180,237.0,180.7,False,0.4054,3,0.0,0.8793,clean,none
G:\GitHub\DiT\MCCD\MCCD\MCCD-Calligrapher\calligrapher_dataset\赵孟𫖯\梅-楷-元-赵孟𫖯-13464.png,赵孟頫,楷,梅,元,13464,梅-楷-元-赵孟𫖯-13464.png,mccd_salvage,ok,213,175,237.3,201.4,False,0.3573,1,0.0,1.0,clean,none
G:\GitHub\DiT\MCCD\MCCD\MCCD-Calligrapher\calligrapher_dataset\赵孟𫖯\條-楷-元-赵孟𫖯-13593.png,赵孟頫,楷,條,元,13593,條-楷-元-赵孟𫖯-13593.png,mccd_salvage,ok,221,186,235.9,201.1,False,0.3682,6,0.0,0.5859,clean,none
G:\GitHub\DiT\MCCD\MCCD\MCCD-Calligrapher\calligrapher_dataset\赵孟𫖯\條-行-元-赵孟𫖯-13598.png,赵孟頫,行,條,元,13598,條-行-元-赵孟𫖯-13598.png,mccd_salvage,ok,237,219,237.1,214.8,False,0.2905,6,0.0009,0.6395,clean,none
G:\GitHub\DiT\MCCD\MCCD\MCCD-Calligrapher\calligrapher_dataset\赵孟𫖯\梢-行-元-赵孟𫖯-13649.png,赵孟頫,行,梢,元,13649,梢-行-元-赵孟𫖯-13649.png,mccd_salvage,ok,249,216,232.4,194.4,False,0.3199,2,0.0,0.6878,clean,none
G:\GitHub\DiT\MCCD\MCCD\MCCD-Calligrapher\calligrapher_dataset\赵孟𫖯\梨-行-元-赵孟𫖯-13705.png,赵孟頫,行,梨,元,13705,梨-行-元-赵孟𫖯-13705.png,mccd_salvage,ok,228,301,227.2,179.9,False,0.4717,2,0.0,0.9454,clean,none
G:\GitHub\DiT\MCCD\MCCD\MCCD-Calligrapher\calligrapher_dataset\赵孟𫖯\棊-楷-元-赵孟𫖯-13928.png,赵孟頫,楷,棊,元,13928,棊-楷-元-赵孟𫖯-13928.png,mccd_salvage,ok,179,217,239.0,218.0,False,0.2993,4,0.0,0.7737,clean,none
G:\GitHub\DiT\MCCD\MCCD\MCCD-Calligrapher\calligrapher_dataset\赵孟𫖯\植-行-元-赵孟𫖯-14431.png,赵孟頫,行,植,元,14431,植-行-元-赵孟𫖯-14431.png,mccd_salvage,ok,215,238,241.8,229.0,False,0.2909,3,0.0,0.5672,clean,none
G:\GitHub\DiT\MCCD\MCCD\MCCD-Calligrapher\calligrapher_dataset\赵孟𫖯\楚-楷-元-赵孟𫖯-14995.png,赵孟頫,楷,楚,元,14995,楚-楷-元-赵孟𫖯-14995.png,mccd_salvage,ok,213,254,237.7,207.4,False,0.3565,1,0.0,1.0,clean,none
G:\GitHub\DiT\MCCD\MCCD\MCCD-Calligrapher\calligrapher_dataset\赵孟𫖯\業-楷-元-赵孟𫖯-15239.png,赵孟頫,楷,業,元,15239,業-楷-元-赵孟𫖯-15239.png,mccd_salvage,ok,216,234,239.9,217.9,False,0.336,3,0.0,0.9307,clean,none
G:\GitHub\DiT\MCCD\MCCD\MCCD-Calligrapher\calligrapher_dataset\赵孟𫖯\極-楷-元-赵孟𫖯-15379.png,赵孟頫,楷,極,元,15379,極-楷-元-赵孟𫖯-15379.png,mccd_salvage,ok,254,205,228.6,158.1,False,0.5478,1,0.0,1.0,clean,none
G:\GitHub\DiT\MCCD\MCCD\MCCD-Calligrapher\calligrapher_dataset\赵孟𫖯\極-隶-元-赵孟𫖯-15347.png,赵孟頫,隶,極,元,15347,極-隶-元-赵孟𫖯-15347.png,mccd_salvage,ok,267,151,209.6,179.9,False,0.3786,3,0.0,0.6849,clean,none
G:\GitHub\DiT\MCCD\MCCD\MCCD-Calligrapher\calligrapher_dataset\赵孟𫖯\榴-楷-元-赵孟𫖯-15789.png,赵孟頫,楷,榴,元,15789,榴-楷-元-赵孟𫖯-15789.png,mccd_salvage,ok,250,207,231.7,193.8,False,0.3663,4,0.0,0.3739,clean,none
G:\GitHub\DiT\MCCD\MCCD\MCCD-Calligrapher\calligrapher_dataset\赵孟𫖯\槧-楷-元-赵孟𫖯-16057.png,赵孟頫,楷,槧,元,16057,槧-楷-元-赵孟𫖯-16057.png,mccd_salvage,ok,246,284,235.1,208.9,False,0.3423,4,0.0,0.8637,clean,none
G:\GitHub\DiT\MCCD\MCCD\MCCD-Calligrapher\calligrapher_dataset\赵孟𫖯\樂-行-元-赵孟𫖯-16396.png,赵孟頫,行,樂,元,16396,樂-行-元-赵孟𫖯-16396.png,mccd_salvage,ok,260,232,241.3,226.5,False,0.3458,7,0.001,0.8122,clean,none
G:\GitHub\DiT\MCCD\MCCD\MCCD-Calligrapher\calligrapher_dataset\赵孟𫖯\樊-楷-元-赵孟𫖯-16477.png,赵孟頫,楷,樊,元,16477,樊-楷-元-赵孟𫖯-16477.png,mccd_salvage,ok,246,249,234.9,198.1,False,0.3132,5,0.0006,0.7108,clean,none
G:\GitHub\DiT\MCCD\MCCD\MCCD-Calligrapher\calligrapher_dataset\赵孟𫖯\樓-隶-元-赵孟𫖯-16520.png,赵孟頫,隶,樓,元,16520,樓-隶-元-赵孟𫖯-16520.png,mccd_salvage,ok,247,181,233.3,197.6,False,0.3987,2,0.0,0.758,clean,none
G:\GitHub\DiT\MCCD\MCCD\MCCD-Calligrapher\calligrapher_dataset\赵孟𫖯\標-楷-元-赵孟𫖯-16589.png,赵孟頫,楷,標,元,16589,標-楷-元-赵孟𫖯-16589.png,mccd_salvage,ok,229,207,233.6,208.4,False,0.3077,5,0.0,0.3452,clean,none
G:\GitHub\DiT\MCCD\MCCD\MCCD-Calligrapher\calligrapher_dataset\赵孟𫖯\横-隶-元-赵孟𫖯-16695.png,赵孟頫,隶,横,元,16695,横-隶-元-赵孟𫖯-16695.png,mccd_salvage,ok,264,196,225.3,161.7,False,0.4812,3,0.0,0.6994,clean,none
G:\GitHub\DiT\MCCD\MCCD\MCCD-Calligrapher\calligrapher_dataset\赵孟𫖯\樹-楷-元-赵孟𫖯-16818.png,赵孟頫,楷,樹,元,16818,樹-楷-元-赵孟𫖯-16818.png,mccd_salvage,ok,196,185,239.6,209.4,False,0.2879,6,0.0013,0.3387,clean,none
G:\GitHub\DiT\MCCD\MCCD\MCCD-Calligrapher\calligrapher_dataset\赵孟𫖯\機-隶-元-赵孟𫖯-17116.png,赵孟頫,隶,機,元,17116,機-隶-元-赵孟𫖯-17116.png,mccd_salvage,ok,280,222,236.2,202.5,False,0.382,1,0.0,1.0,clean,none
G:\GitHub\DiT\MCCD\MCCD\MCCD-Calligrapher\calligrapher_dataset\赵孟𫖯\次-楷-元-赵孟𫖯-18042.png,赵孟頫,楷,次,元,18042,次-楷-元-赵孟𫖯-18042.png,mccd_salvage,ok,216,172,231.8,213.3,False,0.2789,4,0.0,0.5868,clean,none
G:\GitHub\DiT\MCCD\MCCD\MCCD-Calligrapher\calligrapher_dataset\赵孟𫖯\次-隶-元-赵孟𫖯-18012.png,赵孟頫,隶,次,元,18012,次-隶-元-赵孟𫖯-18012.png,mccd_salvage,ok,268,160,235.1,200.5,False,0.3059,3,0.0,0.7483,clean,none
G:\GitHub\DiT\MCCD\MCCD\MCCD-Calligrapher\calligrapher_dataset\赵孟𫖯\次-隶-元-赵孟𫖯-18014.png,赵孟頫,隶,次,元,18014,次-隶-元-赵孟𫖯-18014.png,mccd_salvage,ok,272,188,239.8,217.9,False,0.2262,3,0.0,0.8093,clean,none
G:\GitHub\DiT\MCCD\MCCD\MCCD-Calligrapher\calligrapher_dataset\赵孟𫖯\欣-楷-元-赵孟𫖯-18105.png,赵孟頫,楷,欣,元,18105,欣-楷-元-赵孟𫖯-18105.png,mccd_salvage,ok,228,154,229.1,187.0,False,0.3246,2,0.0,0.9044,clean,none
G:\GitHub\DiT\MCCD\MCCD\MCCD-Calligrapher\calligrapher_dataset\赵孟𫖯\欣-行-元-赵孟𫖯-18116.png,赵孟頫,行,欣,元,18116,欣-行-元-赵孟𫖯-18116.png,mccd_salvage,ok,258,197,244.4,212.7,False,0.1975,4,0.0,0.3987,clean,none
G:\GitHub\DiT\MCCD\MCCD\MCCD-Calligrapher\calligrapher_dataset\赵孟𫖯\欹-行-元-赵孟𫖯-18368.png,赵孟頫,行,欹,元,18368,欹-行-元-赵孟𫖯-18368.png,mccd_salvage,ok,238,212,237.7,218.2,False,0.3163,2,0.0,0.9625,clean,none
G:\GitHub\DiT\MCCD\MCCD\MCCD-Calligrapher\calligrapher_dataset\赵孟𫖯\歌-隶-元-赵孟𫖯-18578.png,赵孟頫,隶,歌,元,18578,歌-隶-元-赵孟𫖯-18578.png,mccd_salvage,ok,267,180,227.1,202.9,False,0.3771,5,0.0,0.3972,clean,none
G:\GitHub\DiT\MCCD\MCCD\MCCD-Calligrapher\calligrapher_dataset\赵孟𫖯\歐-行-元-赵孟𫖯-18699.png,赵孟頫,行,歐,元,18699,歐-行-元-赵孟𫖯-18699.png,mccd_salvage,ok,244,199,224.0,165.6,False,0.43,1,0.0,1.0,clean,none
G:\GitHub\DiT\MCCD\MCCD\MCCD-Calligrapher\calligrapher_dataset\赵孟𫖯\歡-楷-元-赵孟𫖯-18821.png,赵孟頫,楷,歡,元,18821,歡-楷-元-赵孟𫖯-18821.png,mccd_salvage,ok,209,168,238.1,206.4,False,0.3856,1,0.0,1.0,clean,none
G:\GitHub\DiT\MCCD\MCCD\MCCD-Calligrapher\calligrapher_dataset\赵孟𫖯\歡-隶-元-赵孟𫖯-18810.png,赵孟頫,隶,歡,元,18810,歡-隶-元-赵孟𫖯-18810.png,mccd_salvage,ok,278,246,240.8,222.4,False,0.3073,2,0.0,0.667,clean,none
G:\GitHub\DiT\MCCD\MCCD\MCCD-Calligrapher\calligrapher_dataset\赵孟𫖯\止-隶-元-赵孟𫖯-18915.png,赵孟頫,隶,止,元,18915,止-隶-元-赵孟𫖯-18915.png,mccd_salvage,ok,274,173,222.3,155.1,False,0.3078,2,0.0,0.925,clean,none
G:\GitHub\DiT\MCCD\MCCD\MCCD-Calligrapher\calligrapher_dataset\赵孟𫖯\此-行-元-赵孟𫖯-19479.png,赵孟頫,行,此,元,19479,此-行-元-赵孟𫖯-19479.png,mccd_salvage,ok,220,186,231.1,199.8,False,0.4037,2,0.0,0.9168,clean,none
G:\GitHub\DiT\MCCD\MCCD\MCCD-Calligrapher\calligrapher_dataset\赵孟𫖯\此-隶-元-赵孟𫖯-19418.png,赵孟頫,隶,此,元,19418,此-隶-元-赵孟𫖯-19418.png,mccd_salvage,ok,272,129,198.8,136.0,False,0.3792,2,0.0,0.5565,clean,none
G:\GitHub\DiT\MCCD\MCCD\MCCD-Calligrapher\calligrapher_dataset\赵孟𫖯\步-隶-元-赵孟𫖯-19596.png,赵孟頫,隶,步,元,19596,步-隶-元-赵孟𫖯-19596.png,mccd_salvage,ok,241,299,243.7,229.2,False,0.2444,3,0.0,0.8456,clean,none
G:\GitHub\DiT\MCCD\MCCD\MCCD-Calligrapher\calligrapher_dataset\赵孟𫖯\武-楷-元-赵孟𫖯-19823.png,赵孟頫,楷,武,元,19823,武-楷-元-赵孟𫖯-19823.png,mccd_salvage,ok,171,223,235.8,213.7,False,0.2861,2,0.0,0.9629,clean,none
G:\GitHub\DiT\MCCD\MCCD\MCCD-Calligrapher\calligrapher_dataset\赵孟𫖯\武-隶-元-赵孟𫖯-19780.png,赵孟頫,隶,武,元,19780,武-隶-元-赵孟𫖯-19780.png,mccd_salvage,ok,287,236,217.4,195.0,False,0.4086,2,0.0,0.9584,clean,none
G:\GitHub\DiT\MCCD\MCCD\MCCD-Calligrapher\calligrapher_dataset\赵孟𫖯\歩-隶-元-赵孟𫖯-19950.png,赵孟頫,隶,歩,元,19950,歩-隶-元-赵孟𫖯-19950.png,mccd_salvage,ok,241,299,243.7,229.2,False,0.2444,3,0.0,0.8456,clean,none
G:\GitHub\DiT\MCCD\MCCD\MCCD-Calligrapher\calligrapher_dataset\赵孟𫖯\歲-楷-元-赵孟𫖯-20192.png,赵孟頫,楷,歲,元,20192,歲-楷-元-赵孟𫖯-20192.png,mccd_salvage,ok,233,287,241.6,232.1,False,0.2786,5,0.0,0.8813,clean,none
G:\GitHub\DiT\MCCD\MCCD\MCCD-Calligrapher\calligrapher_dataset\赵孟𫖯\歲-隶-元-赵孟𫖯-20152.png,赵孟頫,隶,歲,元,20152,歲-隶-元-赵孟𫖯-20152.png,mccd_salvage,ok,234,270,238.8,219.0,False,0.3384,2,0.0,0.9765,clean,none
G:\GitHub\DiT\MCCD\MCCD\MCCD-Calligrapher\calligrapher_dataset\赵孟𫖯\歳-楷-元-赵孟𫖯-20380.png,赵孟頫,楷,歳,元,20380,歳-楷-元-赵孟𫖯-20380.png,mccd_salvage,ok,233,287,241.6,232.1,False,0.2786,5,0.0,0.8813,clean,none
G:\GitHub\DiT\MCCD\MCCD\MCCD-Calligrapher\calligrapher_dataset\赵孟𫖯\歷-楷-元-赵孟𫖯-20484.png,赵孟頫,楷,歷,元,20484,歷-楷-元-赵孟𫖯-20484.png,mccd_salvage,ok,177,171,227.3,179.3,False,0.3798,5,0.0,0.3189,clean,none
G:\GitHub\DiT\MCCD\MCCD\MCCD-Calligrapher\calligrapher_dataset\赵孟𫖯\歷-隶-元-赵孟𫖯-20465.png,赵孟頫,隶,歷,元,20465,歷-隶-元-赵孟𫖯-20465.png,mccd_salvage,ok,253,210,227.2,181.9,False,0.3649,4,0.0,0.475,clean,none
G:\GitHub\DiT\MCCD\MCCD\MCCD-Calligrapher\calligrapher_dataset\赵孟𫖯\死-行-元-赵孟𫖯-20856.png,赵孟頫,行,死,元,20856,死-行-元-赵孟𫖯-20856.png,mccd_salvage,ok,243,200,226.9,185.0,False,0.3377,2,0.0,0.538,clean,none
G:\GitHub\DiT\MCCD\MCCD\MCCD-Calligrapher\calligrapher_dataset\赵孟𫖯\殆-隶-元-赵孟𫖯-20988.png,赵孟頫,隶,殆,元,20988,殆-隶-元-赵孟𫖯-20988.png,mccd_salvage,ok,251,187,231.1,180.7,False,0.3764,3,0.0,0.4128,clean,none
G:\GitHub\DiT\MCCD\MCCD\MCCD-Calligrapher\calligrapher_dataset\赵孟𫖯\殊-楷-元-赵孟𫖯-21058.png,赵孟頫,楷,殊,元,21058,殊-楷-元-赵孟𫖯-21058.png,mccd_salvage,ok,193,122,228.0,180.6,False,0.3353,3,0.0,0.6058,clean,none
G:\GitHub\DiT\MCCD\MCCD\MCCD-Calligrapher\calligrapher_dataset\赵孟𫖯\殊-行-元-赵孟𫖯-21079.png,赵孟頫,行,殊,元,21079,殊-行-元-赵孟𫖯-21079.png,mccd_salvage,ok,202,219,238.7,217.1,False,0.3631,3,0.0001,0.6531,clean,none
G:\GitHub\DiT\MCCD\MCCD\MCCD-Calligrapher\calligrapher_dataset\赵孟𫖯\殷-隶-元-赵孟𫖯-21412.png,赵孟頫,隶,殷,元,21412,殷-隶-元-赵孟𫖯-21412.png,mccd_salvage,ok,274,252,241.4,195.4,False,0.357,2,0.0,0.5074,clean,none
G:\GitHub\DiT\MCCD\MCCD\MCCD-Calligrapher\calligrapher_dataset\赵孟𫖯\毀-楷-元-赵孟𫖯-21745.png,赵孟頫,楷,毀,元,21745,毀-楷-元-赵孟𫖯-21745.png,mccd_salvage,ok,217,186,233.8,200.4,False,0.3827,3,0.0,0.4943,clean,none
G:\GitHub\DiT\MCCD\MCCD\MCCD-Calligrapher\calligrapher_dataset\赵孟𫖯\毁-隶-元-赵孟𫖯-21787.png,赵孟頫,隶,毁,元,21787,毁-隶-元-赵孟𫖯-21787.png,mccd_salvage,ok,258,166,234.4,183.5,False,0.3657,1,0.0,1.0,clean,none
G:\GitHub\DiT\MCCD\MCCD\MCCD-Calligrapher\calligrapher_dataset\赵孟𫖯\毎-楷-元-赵孟𫖯-22451.png,赵孟頫,楷,毎,元,22451,毎-楷-元-赵孟𫖯-22451.png,mccd_salvage,ok,224,203,244.0,229.2,False,0.2701,2,0.0,0.8132,clean,none
G:\GitHub\DiT\MCCD\MCCD\MCCD-Calligrapher\calligrapher_dataset\赵孟𫖯\每-楷-元-赵孟𫖯-22566.png,赵孟頫,楷,每,元,22566,每-楷-元-赵孟𫖯-22566.png,mccd_salvage,ok,221,183,241.9,230.0,False,0.2583,3,0.0,0.8409,clean,none
G:\GitHub\DiT\MCCD\MCCD\MCCD-Calligrapher\calligrapher_dataset\赵孟𫖯\每-楷-元-赵孟𫖯-22567.png,赵孟頫,楷,每,元,22567,每-楷-元-赵孟𫖯-22567.png,mccd_salvage,ok,224,203,244.0,229.2,False,0.2701,2,0.0,0.8132,clean,none
G:\GitHub\DiT\MCCD\MCCD\MCCD-Calligrapher\calligrapher_dataset\赵孟𫖯\每-隶-元-赵孟𫖯-22551.png,赵孟頫,隶,每,元,22551,每-隶-元-赵孟𫖯-22551.png,mccd_salvage,ok,275,179,229.4,210.3,False,0.3184,2,0.0,0.7783,clean,none
G:\GitHub\DiT\MCCD\MCCD\MCCD-Calligrapher\calligrapher_dataset\赵孟𫖯\比-楷-元-赵孟𫖯-22839.png,赵孟頫,楷,比,元,22839,比-楷-元-赵孟𫖯-22839.png,mccd_salvage,ok,220,171,230.1,164.2,False,0.3966,2,0.0,0.5415,clean,none
G:\GitHub\DiT\MCCD\MCCD\MCCD-Calligrapher\calligrapher_dataset\赵孟𫖯\毛-楷-元-赵孟𫖯-22989.png,赵孟頫,楷,毛,元,22989,毛-楷-元-赵孟𫖯-22989.png,mccd_salvage,ok,221,158,212.4,187.8,False,0.2609,1,0.0,1.0,clean,none
G:\GitHub\DiT\MCCD\MCCD\MCCD-Calligrapher\calligrapher_dataset\赵孟𫖯\毛-行-元-赵孟𫖯-22996.png,赵孟頫,行,毛,元,22996,毛-行-元-赵孟𫖯-22996.png,mccd_salvage,ok,217,189,203.6,168.9,False,0.3727,1,0.0,1.0,clean,none
G:\GitHub\DiT\MCCD\MCCD\MCCD-Calligrapher\calligrapher_dataset\赵孟𫖯\氏-楷-元-赵孟𫖯-23364.png,赵孟頫,楷,氏,元,23364,氏-楷-元-赵孟𫖯-23364.png,mccd_salvage,ok,191,179,211.0,166.7,False,0.3739,1,0.0,1.0,clean,none
G:\GitHub\DiT\MCCD\MCCD\MCCD-Calligrapher\calligrapher_dataset\赵孟𫖯\水-隶-元-赵孟𫖯-24300.png,赵孟頫,隶,水,元,24300,水-隶-元-赵孟𫖯-24300.png,mccd_salvage,ok,276,172,234.9,203.1,False,0.2638,3,0.0,0.4062,clean,none
G:\GitHub\DiT\MCCD\MCCD\MCCD-Calligrapher\calligrapher_dataset\赵孟𫖯\永-楷-元-赵孟𫖯-24726.png,赵孟頫,楷,永,元,24726,永-楷-元-赵孟𫖯-24726.png,mccd_salvage,ok,234,205,239.1,224.8,False,0.2633,2,0.0,0.9464,clean,none
G:\GitHub\DiT\MCCD\MCCD\MCCD-Calligrapher\calligrapher_dataset\赵孟𫖯\永-行-元-赵孟𫖯-24735.png,赵孟頫,行,永,元,24735,永-行-元-赵孟𫖯-24735.png,mccd_salvage,ok,202,191,236.5,180.9,False,0.3051,1,0.0,1.0,clean,none
G:\GitHub\DiT\MCCD\MCCD\MCCD-Calligrapher\calligrapher_dataset\赵孟𫖯\求-楷-元-赵孟𫖯-24945.png,赵孟頫,楷,求,元,24945,求-楷-元-赵孟𫖯-24945.png,mccd_salvage,ok,192,171,232.9,204.1,False,0.3402,3,0.0,0.9087,clean,none
G:\GitHub\DiT\MCCD\MCCD\MCCD-Calligrapher\calligrapher_dataset\赵孟𫖯\求-楷-元-赵孟𫖯-24946.png,赵孟頫,楷,求,元,24946,求-楷-元-赵孟𫖯-24946.png,mccd_salvage,ok,224,223,233.2,198.4,False,0.4029,2,0.0,0.9214,clean,none
G:\GitHub\DiT\MCCD\MCCD\MCCD-Calligrapher\calligrapher_dataset\赵孟𫖯\求-隶-元-赵孟𫖯-24922.png,赵孟頫,隶,求,元,24922,求-隶-元-赵孟𫖯-24922.png,mccd_salvage,ok,253,188,230.7,194.7,False,0.3985,2,0.0,0.9391,clean,none
G:\GitHub\DiT\MCCD\MCCD\MCCD-Calligrapher\calligrapher_dataset\赵孟𫖯\汙-行-元-赵孟𫖯-25124.png,赵孟頫,行,汙,元,25124,汙-行-元-赵孟𫖯-25124.png,mccd_salvage,ok,202,211,233.7,188.0,False,0.3313,3,0.0,0.6935,clean,none
G:\GitHub\DiT\MCCD\MCCD\MCCD-Calligrapher\calligrapher_dataset\赵孟𫖯\池-楷-元-赵孟𫖯-25367.png,赵孟頫,楷,池,元,25367,池-楷-元-赵孟𫖯-25367.png,mccd_salvage,ok,249,149,233.9,196.6,False,0.3097,4,0.0,0.7874,clean,none
G:\GitHub\DiT\MCCD\MCCD\MCCD-Calligrapher\calligrapher_dataset\赵孟𫖯\池-行-元-赵孟𫖯-25371.png,赵孟頫,行,池,元,25371,池-行-元-赵孟𫖯-25371.png,mccd_salvage,ok,222,198,222.2,195.3,False,0.3584,2,0.0,0.9705,clean,none
G:\GitHub\DiT\MCCD\MCCD\MCCD-Calligrapher\calligrapher_dataset\赵孟𫖯\沈-行-元-赵孟𫖯-25775.png,赵孟頫,行,沈,元,25775,沈-行-元-赵孟𫖯-25775.png,mccd_salvage,ok,262,187,234.2,190.7,False,0.3554,3,0.0,0.8306,clean,none
G:\GitHub\DiT\MCCD\MCCD\MCCD-Calligrapher\calligrapher_dataset\赵孟𫖯\沌-楷-元-赵孟𫖯-25824.png,赵孟頫,楷,沌,元,25824,沌-楷-元-赵孟𫖯-25824.png,mccd_salvage,ok,208,148,237.1,193.6,False,0.259,5,0.001,0.8446,clean,none
G:\GitHub\DiT\MCCD\MCCD\MCCD-Calligrapher\calligrapher_dataset\赵孟𫖯\沙-楷-元-赵孟𫖯-25996.png,赵孟頫,楷,沙,元,25996,沙-楷-元-赵孟𫖯-25996.png,mccd_salvage,ok,227,222,241.2,220.3,False,0.2447,5,0.0,0.6065,clean,none
G:\GitHub\DiT\MCCD\MCCD\MCCD-Calligrapher\calligrapher_dataset\赵孟𫖯\沙-隶-元-赵孟𫖯-25982.png,赵孟頫,隶,沙,元,25982,沙-隶-元-赵孟𫖯-25982.png,mccd_salvage,ok,267,192,235.7,194.1,False,0.2862,8,0.0007,0.304,clean,none
G:\GitHub\DiT\MCCD\MCCD\MCCD-Calligrapher\calligrapher_dataset\赵孟𫖯\沛-隶-元-赵孟𫖯-26049.png,赵孟頫,隶,沛,元,26049,沛-隶-元-赵孟𫖯-26049.png,mccd_salvage,ok,271,199,228.6,199.2,False,0.3644,3,0.0,0.891,clean,none
G:\GitHub\DiT\MCCD\MCCD\MCCD-Calligrapher\calligrapher_dataset\赵孟𫖯\沫-楷-元-赵孟𫖯-26138.png,赵孟頫,楷,沫,元,26138,沫-楷-元-赵孟𫖯-26138.png,mccd_salvage,ok,225,220,239.7,220.9,False,0.2552,7,0.0007,0.6501,clean,none
G:\GitHub\DiT\MCCD\MCCD\MCCD-Calligrapher\calligrapher_dataset\赵孟𫖯\河-隶-元-赵孟𫖯-26293.png,赵孟頫,隶,河,元,26293,河-隶-元-赵孟𫖯-26293.png,mccd_salvage,ok,274,174,232.5,155.8,False,0.3546,5,0.0,0.5438,clean,none
G:\GitHub\DiT\MCCD\MCCD\MCCD-Calligrapher\calligrapher_dataset\赵孟𫖯\沸-行-元-赵孟𫖯-26386.png,赵孟頫,行,沸,元,26386,沸-行-元-赵孟𫖯-26386.png,mccd_salvage,ok,176,211,231.7,198.4,False,0.3476,4,0.0,0.7832,clean,none
G:\GitHub\DiT\MCCD\MCCD\MCCD-Calligrapher\calligrapher_dataset\赵孟𫖯\法-行-元-赵孟𫖯-26858.png,赵孟頫,行,法,元,26858,法-行-元-赵孟𫖯-26858.png,mccd_salvage,ok,182,174,235.4,189.8,False,0.3009,2,0.0,0.9503,clean,none
G:\GitHub\DiT\MCCD\MCCD\MCCD-Calligrapher\calligrapher_dataset\赵孟𫖯\法-行-元-赵孟𫖯-26859.png,赵孟頫,行,法,元,26859,法-行-元-赵孟𫖯-26859.png,mccd_salvage,ok,196,201,233.1,176.7,False,0.4074,2,0.0,0.9292,clean,none
G:\GitHub\DiT\MCCD\MCCD\MCCD-Calligrapher\calligrapher_dataset\赵孟𫖯\泗-楷-元-赵孟𫖯-26900.png,赵孟頫,楷,泗,元,26900,泗-楷-元-赵孟𫖯-26900.png,mccd_salvage,ok,216,168,229.8,190.8,False,0.3168,3,0.0,0.732,clean,none
G:\GitHub\DiT\MCCD\MCCD\MCCD-Calligrapher\calligrapher_dataset\赵孟𫖯\洛-隶-元-赵孟𫖯-27534.png,赵孟頫,隶,洛,元,27534,洛-隶-元-赵孟𫖯-27534.png,mccd_salvage,ok,262,200,221.2,174.6,False,0.3809,3,0.0,0.8553,clean,none
G:\GitHub\DiT\MCCD\MCCD\MCCD-Calligrapher\calligrapher_dataset\赵孟𫖯\洞-行-元-赵孟𫖯-27615.png,赵孟頫,行,洞,元,27615,洞-行-元-赵孟𫖯-27615.png,mccd_salvage,ok,236,203,204.2,140.8,False,0.3876,3,0.0,0.8487,clean,none
G:\GitHub\DiT\MCCD\MCCD\MCCD-Calligrapher\calligrapher_dataset\赵孟𫖯\洪-楷-元-赵孟𫖯-27733.png,赵孟頫,楷,洪,元,27733,洪-楷-元-赵孟𫖯-27733.png,mccd_salvage,ok,257,217,241.1,220.2,False,0.3026,5,0.0,0.7246,clean,none
G:\GitHub\DiT\MCCD\MCCD\MCCD-Calligrapher\calligrapher_dataset\赵孟𫖯\流-楷-元-赵孟𫖯-28053.png,赵孟頫,楷,流,元,28053,流-楷-元-赵孟𫖯-28053.png,mccd_salvage,ok,247,183,236.5,186.5,False,0.298,7,0.0,0.5025,clean,none
G:\GitHub\DiT\MCCD\MCCD\MCCD-Calligrapher\calligrapher_dataset\赵孟𫖯\流-行-元-赵孟𫖯-28073.png,赵孟頫,行,流,元,28073,流-行-元-赵孟𫖯-28073.png,mccd_salvage,ok,220,184,234.4,190.2,False,0.3506,7,0.0006,0.7511,clean,none
G:\GitHub\DiT\MCCD\MCCD\MCCD-Calligrapher\calligrapher_dataset\赵孟𫖯\流-隶-元-赵孟𫖯-28013.png,赵孟頫,隶,流,元,28013,流-隶-元-赵孟𫖯-28013.png,mccd_salvage,ok,262,205,218.8,174.3,False,0.4089,6,0.0,0.2924,clean,none
G:\GitHub\DiT\MCCD\MCCD\MCCD-Calligrapher\calligrapher_dataset\赵孟𫖯\浄-行-元-赵孟𫖯-28138.png,赵孟頫,行,浄,元,28138,浄-行-元-赵孟𫖯-28138.png,mccd_salvage,ok,183,237,233.2,195.8,False,0.2818,4,0.0004,0.7803,clean,none
G:\GitHub\DiT\MCCD\MCCD\MCCD-Calligrapher\calligrapher_dataset\赵孟𫖯\浮-楷-元-赵孟𫖯-28343.png,赵孟頫,楷,浮,元,28343,浮-楷-元-赵孟𫖯-28343.png,mccd_salvage,ok,215,208,237.2,197.1,False,0.2563,8,0.0,0.4644,clean,none
G:\GitHub\DiT\MCCD\MCCD\MCCD-Calligrapher\calligrapher_dataset\赵孟𫖯\浮-行-元-赵孟𫖯-28358.png,赵孟頫,行,浮,元,28358,浮-行-元-赵孟𫖯-28358.png,mccd_salvage,ok,201,201,227.9,169.1,False,0.4072,4,0.0,0.544,clean,none
G:\GitHub\DiT\MCCD\MCCD\MCCD-Calligrapher\calligrapher_dataset\赵孟𫖯\浴-楷-元-赵孟𫖯-28421.png,赵孟頫,楷,浴,元,28421,浴-楷-元-赵孟𫖯-28421.png,mccd_salvage,ok,252,160,227.6,192.9,False,0.2951,5,0.0,0.6624,clean,none
G:\GitHub\DiT\MCCD\MCCD\MCCD-Calligrapher\calligrapher_dataset\赵孟𫖯\浴-隶-元-赵孟𫖯-28416.png,赵孟頫,隶,浴,元,28416,浴-隶-元-赵孟𫖯-28416.png,mccd_salvage,ok,257,173,211.6,155.6,False,0.3692,6,0.0,0.4092,clean,none
G:\GitHub\DiT\MCCD\MCCD\MCCD-Calligrapher\calligrapher_dataset\赵孟𫖯\海-楷-元-赵孟𫖯-28497.png,赵孟頫,楷,海,元,28497,海-楷-元-赵孟𫖯-28497.png,mccd_salvage,ok,248,212,238.2,205.5,False,0.3001,5,0.0,0.7601,clean,none
G:\GitHub\DiT\MCCD\MCCD\MCCD-Calligrapher\calligrapher_dataset\赵孟𫖯\涇-行-元-赵孟𫖯-28670.png,赵孟頫,行,涇,元,28670,涇-行-元-赵孟𫖯-28670.png,mccd_salvage,ok,197,199,206.1,141.5,False,0.3779,2,0.0,0.7762,clean,none
G:\GitHub\DiT\MCCD\MCCD\MCCD-Calligrapher\calligrapher_dataset\赵孟𫖯\涇-隶-元-赵孟𫖯-28660.png,赵孟頫,隶,涇,元,28660,涇-隶-元-赵孟𫖯-28660.png,mccd_salvage,ok,275,186,222.5,128.5,False,0.3604,8,0.0,0.4139,clean,none
G:\GitHub\DiT\MCCD\MCCD\MCCD-Calligrapher\calligrapher_dataset\赵孟𫖯\涌-行-元-赵孟𫖯-28830.png,赵孟頫,行,涌,元,28830,涌-行-元-赵孟𫖯-28830.png,mccd_salvage,ok,183,216,202.7,149.3,False,0.4201,3,0.0,0.7935,clean,none
G:\GitHub\DiT\MCCD\MCCD\MCCD-Calligrapher\calligrapher_dataset\赵孟𫖯\涕-行-元-赵孟𫖯-28900.png,赵孟頫,行,涕,元,28900,涕-行-元-赵孟𫖯-28900.png,mccd_salvage,ok,181,223,211.9,170.6,False,0.3879,4,0.0004,0.7504,clean,none
G:\GitHub\DiT\MCCD\MCCD\MCCD-Calligrapher\calligrapher_dataset\赵孟𫖯\涼-行-元-赵孟𫖯-29121.png,赵孟頫,行,涼,元,29121,涼-行-元-赵孟𫖯-29121.png,mccd_salvage,ok,192,190,220.7,159.5,False,0.4362,4,0.0,0.8453,clean,none
G:\GitHub\DiT\MCCD\MCCD\MCCD-Calligrapher\calligrapher_dataset\赵孟𫖯\涼-隶-元-赵孟𫖯-29103.png,赵孟頫,隶,涼,元,29103,涼-隶-元-赵孟𫖯-29103.png,mccd_salvage,ok,280,216,230.9,189.9,False,0.4464,5,0.0,0.6318,clean,none
G:\GitHub\DiT\MCCD\MCCD\MCCD-Calligrapher\calligrapher_dataset\赵孟𫖯\淡-楷-元-赵孟𫖯-29383.png,赵孟頫,楷,淡,元,29383,淡-楷-元-赵孟𫖯-29383.png,mccd_salvage,ok,194,164,229.8,186.8,False,0.2932,6,0.0,0.6346,clean,none
G:\GitHub\DiT\MCCD\MCCD\MCCD-Calligrapher\calligrapher_dataset\赵孟𫖯\淨-行-元-赵孟𫖯-29486.png,赵孟頫,行,淨,元,29486,淨-行-元-赵孟𫖯-29486.png,mccd_salvage,ok,169,194,229.4,190.4,False,0.3648,2,0.0,0.7485,clean,none
G:\GitHub\DiT\MCCD\MCCD\MCCD-Calligrapher\calligrapher_dataset\赵孟𫖯\淩-楷-元-赵孟𫖯-29502.png,赵孟頫,楷,淩,元,29502,淩-楷-元-赵孟𫖯-29502.png,mccd_salvage,ok,247,226,236.9,218.5,False,0.2981,4,0.0,0.8303,clean,none
G:\GitHub\DiT\MCCD\MCCD\MCCD-Calligrapher\calligrapher_dataset\赵孟𫖯\淫-楷-元-赵孟𫖯-29551.png,赵孟頫,楷,淫,元,29551,淫-楷-元-赵孟𫖯-29551.png,mccd_salvage,ok,190,192,229.4,187.9,False,0.268,7,0.0,0.6858,clean,none
G:\GitHub\DiT\MCCD\MCCD\MCCD-Calligrapher\calligrapher_dataset\赵孟𫖯\深-楷-元-赵孟𫖯-29694.png,赵孟頫,楷,深,元,29694,深-楷-元-赵孟𫖯-29694.png,mccd_salvage,ok,235,192,241.2,187.2,False,0.3433,5,0.0,0.5011,clean,none
G:\GitHub\DiT\MCCD\MCCD\MCCD-Calligrapher\calligrapher_dataset\赵孟𫖯\淵-楷-元-赵孟𫖯-29850.png,赵孟頫,楷,淵,元,29850,淵-楷-元-赵孟𫖯-29850.png,mccd_salvage,ok,256,197,202.6,167.2,False,0.4063,5,0.0,0.3937,clean,none
G:\GitHub\DiT\MCCD\MCCD\MCCD-Calligrapher\calligrapher_dataset\赵孟𫖯\淵-行-元-赵孟𫖯-29854.png,赵孟頫,行,淵,元,29854,淵-行-元-赵孟𫖯-29854.png,mccd_salvage,ok,206,214,213.3,147.4,False,0.4629,3,0.0002,0.9722,clean,none
G:\GitHub\DiT\MCCD\MCCD\MCCD-Calligrapher\calligrapher_dataset\赵孟𫖯\淸-楷-元-赵孟𫖯-30002.png,赵孟頫,楷,淸,元,30002,淸-楷-元-赵孟𫖯-30002.png,mccd_salvage,ok,163,197,239.3,217.9,False,0.3645,2,0.0,0.9666,clean,none
G:\GitHub\DiT\MCCD\MCCD\MCCD-Calligrapher\calligrapher_dataset\赵孟𫖯\淸-行-元-赵孟𫖯-30021.png,赵孟頫,行,淸,元,30021,淸-行-元-赵孟𫖯-30021.png,mccd_salvage,ok,168,234,234.7,178.1,False,0.3282,2,0.0,0.9757,clean,none
G:\GitHub\DiT\MCCD\MCCD\MCCD-Calligrapher\calligrapher_dataset\赵孟𫖯\温-楷-元-赵孟𫖯-30698.png,赵孟頫,楷,温,元,30698,温-楷-元-赵孟𫖯-30698.png,mccd_salvage,ok,190,142,231.8,166.3,False,0.3446,5,0.0,0.4932,clean,none
G:\GitHub\DiT\MCCD\MCCD\MCCD-Calligrapher\calligrapher_dataset\赵孟𫖯\測-行-元-赵孟𫖯-30758.png,赵孟頫,行,測,元,30758,測-行-元-赵孟𫖯-30758.png,mccd_salvage,ok,184,198,201.1,143.4,False,0.4178,4,0.0,0.4941,clean,none
G:\GitHub\DiT\MCCD\MCCD\MCCD-Calligrapher\calligrapher_dataset\赵孟𫖯\湯-楷-元-赵孟𫖯-31380.png,赵孟頫,楷,湯,元,31380,湯-楷-元-赵孟𫖯-31380.png,mccd_salvage,ok,248,234,239.5,204.6,False,0.3325,3,0.0,0.9291,clean,none
G:\GitHub\DiT\MCCD\MCCD\MCCD-Calligrapher\calligrapher_dataset\赵孟𫖯\溪-楷-元-赵孟𫖯-31671.png,赵孟頫,楷,溪,元,31671,溪-楷-元-赵孟𫖯-31671.png,mccd_salvage,ok,221,216,233.9,203.6,False,0.3115,8,0.0,0.6022,clean,none
G:\GitHub\DiT\MCCD\MCCD\MCCD-Calligrapher\calligrapher_dataset\赵孟𫖯\溪-行-元-赵孟𫖯-31685.png,赵孟頫,行,溪,元,31685,溪-行-元-赵孟𫖯-31685.png,mccd_salvage,ok,234,201,231.4,178.8,False,0.3328,7,0.0003,0.7079,clean,none
G:\GitHub\DiT\MCCD\MCCD\MCCD-Calligrapher\calligrapher_dataset\赵孟𫖯\溫-楷-元-赵孟𫖯-31743.png,赵孟頫,楷,溫,元,31743,溫-楷-元-赵孟𫖯-31743.png,mccd_salvage,ok,190,142,231.8,166.3,False,0.3446,5,0.0,0.4932,clean,none
G:\GitHub\DiT\MCCD\MCCD\MCCD-Calligrapher\calligrapher_dataset\赵孟𫖯\滅-楷-元-赵孟𫖯-31995.png,赵孟頫,楷,滅,元,31995,滅-楷-元-赵孟𫖯-31995.png,mccd_salvage,ok,234,255,231.9,217.0,False,0.281,6,0.0,0.7506,clean,none
G:\GitHub\DiT\MCCD\MCCD\MCCD-Calligrapher\calligrapher_dataset\赵孟𫖯\滿-隶-元-赵孟𫖯-32285.png,赵孟頫,隶,滿,元,32285,滿-隶-元-赵孟𫖯-32285.png,mccd_salvage,ok,269,178,224.2,158.7,False,0.5031,5,0.0007,0.7961,clean,none
G:\GitHub\DiT\MCCD\MCCD\MCCD-Calligrapher\calligrapher_dataset\赵孟𫖯\漠-楷-元-赵孟𫖯-32572.png,赵孟頫,楷,漠,元,32572,漠-楷-元-赵孟𫖯-32572.png,mccd_salvage,ok,252,265,236.3,201.7,False,0.4204,4,0.0,0.6975,clean,none
G:\GitHub\DiT\MCCD\MCCD\MCCD-Calligrapher\calligrapher_dataset\赵孟𫖯\漠-隶-元-赵孟𫖯-32566.png,赵孟頫,隶,漠,元,32566,漠-隶-元-赵孟𫖯-32566.png,mccd_salvage,ok,263,230,227.9,182.5,False,0.461,8,0.0008,0.6176,clean,none
G:\GitHub\DiT\MCCD\MCCD\MCCD-Calligrapher\calligrapher_dataset\赵孟𫖯\漢-隶-元-赵孟𫖯-32627.png,赵孟頫,隶,漢,元,32627,漢-隶-元-赵孟𫖯-32627.png,mccd_salvage,ok,271,207,223.0,174.4,False,0.447,5,0.0,0.8607,clean,none
G:\GitHub\DiT\MCCD\MCCD\MCCD-Calligrapher\calligrapher_dataset\赵孟𫖯\潔-隶-元-赵孟𫖯-33009.png,赵孟頫,隶,潔,元,33009,潔-隶-元-赵孟𫖯-33009.png,mccd_salvage,ok,242,215,236.9,192.9,False,0.4004,2,0.0,0.9613,clean,none
G:\GitHub\DiT\MCCD\MCCD\MCCD-Calligrapher\calligrapher_dataset\赵孟𫖯\潘-楷-元-赵孟𫖯-33046.png,赵孟頫,楷,潘,元,33046,潘-楷-元-赵孟𫖯-33046.png,mccd_salvage,ok,222,218,241.4,215.0,False,0.2941,6,0.0,0.7398,clean,none
G:\GitHub\DiT\MCCD\MCCD\MCCD-Calligrapher\calligrapher_dataset\赵孟𫖯\潛-行-元-赵孟𫖯-33092.png,赵孟頫,行,潛,元,33092,潛-行-元-赵孟𫖯-33092.png,mccd_salvage,ok,249,268,225.7,169.3,False,0.4275,4,0.0,0.5687,clean,none
G:\GitHub\DiT\MCCD\MCCD\MCCD-Calligrapher\calligrapher_dataset\赵孟𫖯\潛-隶-元-赵孟𫖯-33079.png,赵孟頫,隶,潛,元,33079,潛-隶-元-赵孟𫖯-33079.png,mccd_salvage,ok,274,217,231.4,179.7,False,0.4086,4,0.0,0.5576,clean,none
G:\GitHub\DiT\MCCD\MCCD\MCCD-Calligrapher\calligrapher_dataset\赵孟𫖯\潤-行-元-赵孟𫖯-33199.png,赵孟頫,行,潤,元,33199,潤-行-元-赵孟𫖯-33199.png,mccd_salvage,ok,243,248,226.5,173.9,False,0.3015,5,0.0,0.4083,clean,none
G:\GitHub\DiT\MCCD\MCCD\MCCD-Calligrapher\calligrapher_dataset\赵孟𫖯\潰-楷-元-赵孟𫖯-33311.png,赵孟頫,楷,潰,元,33311,潰-楷-元-赵孟𫖯-33311.png,mccd_salvage,ok,197,243,240.5,208.2,False,0.2908,5,0.0018,0.5361,clean,none
G:\GitHub\DiT\MCCD\MCCD\MCCD-Calligrapher\calligrapher_dataset\赵孟𫖯\澄-隶-元-赵孟𫖯-33403.png,赵孟頫,隶,澄,元,33403,澄-隶-元-赵孟𫖯-33403.png,mccd_salvage,ok,272,210,229.7,173.6,False,0.3758,6,0.0,0.4025,clean,none
G:\GitHub\DiT\MCCD\MCCD\MCCD-Calligrapher\calligrapher_dataset\赵孟𫖯\澹-楷-元-赵孟𫖯-33749.png,赵孟頫,楷,澹,元,33749,澹-楷-元-赵孟𫖯-33749.png,mccd_salvage,ok,196,216,238.7,180.4,False,0.3408,8,0.0009,0.2141,clean,none
G:\GitHub\DiT\MCCD\MCCD\MCCD-Calligrapher\calligrapher_dataset\赵孟𫖯\濕-楷-元-赵孟𫖯-33936.png,赵孟頫,楷,濕,元,33936,濕-楷-元-赵孟𫖯-33936.png,mccd_salvage,ok,263,254,239.6,213.9,False,0.2908,8,0.0,0.4209,clean,none
G:\GitHub\DiT\MCCD\MCCD\MCCD-Calligrapher\calligrapher_dataset\赵孟𫖯\濞-楷-元-赵孟𫖯-34000.png,赵孟頫,楷,濞,元,34000,濞-楷-元-赵孟𫖯-34000.png,mccd_salvage,ok,257,275,241.0,216.1,False,0.262,12,0.0,0.3125,clean,none
G:\GitHub\DiT\MCCD\MCCD\MCCD-Calligrapher\calligrapher_dataset\赵孟𫖯\濡-楷-元-赵孟𫖯-34100.png,赵孟頫,楷,濡,元,34100,濡-楷-元-赵孟𫖯-34100.png,mccd_salvage,ok,209,189,223.1,189.0,False,0.305,9,0.001,0.3658,clean,none
G:\GitHub\DiT\MCCD\MCCD\MCCD-Calligrapher\calligrapher_dataset\赵孟𫖯\瀆-楷-元-赵孟𫖯-34346.png,赵孟頫,楷,瀆,元,34346,瀆-楷-元-赵孟𫖯-34346.png,mccd_salvage,ok,200,272,239.6,200.1,False,0.3392,3,0.0,0.8448,clean,none
G:\GitHub\DiT\MCCD\MCCD\MCCD-Calligrapher\calligrapher_dataset\赵孟𫖯\瀌-行-元-赵孟𫖯-34386.png,赵孟頫,行,瀌,元,34386,瀌-行-元-赵孟𫖯-34386.png,mccd_salvage,ok,241,256,234.4,185.2,False,0.5126,4,0.0,0.9148,clean,none
G:\GitHub\DiT\MCCD\MCCD\MCCD-Calligrapher\calligrapher_dataset\赵孟𫖯\灌-楷-元-赵孟𫖯-34776.png,赵孟頫,楷,灌,元,34776,灌-楷-元-赵孟𫖯-34776.png,mccd_salvage,ok,234,296,240.8,215.6,False,0.2749,5,0.0,0.8847,clean,none
G:\GitHub\DiT\MCCD\MCCD\MCCD-Calligrapher\calligrapher_dataset\赵孟𫖯\灘-楷-元-赵孟𫖯-34831.png,赵孟頫,楷,灘,元,34831,灘-楷-元-赵孟𫖯-34831.png,mccd_salvage,ok,201,199,242.1,205.0,False,0.2561,10,0.0015,0.5547,clean,none
G:\GitHub\DiT\MCCD\MCCD\MCCD-Calligrapher\calligrapher_dataset\赵孟𫖯\火-行-元-赵孟𫖯-34999.png,赵孟頫,行,火,元,34999,火-行-元-赵孟𫖯-34999.png,mccd_salvage,ok,263,191,232.6,195.9,False,0.3529,2,0.0,0.9447,clean,none
G:\GitHub\DiT\MCCD\MCCD\MCCD-Calligrapher\calligrapher_dataset\赵孟𫖯\火-隶-元-赵孟𫖯-34973.png,赵孟頫,隶,火,元,34973,火-隶-元-赵孟𫖯-34973.png,mccd_salvage,ok,252,191,235.9,217.5,False,0.2426,3,0.0,0.8327,clean,none
G:\GitHub\DiT\MCCD\MCCD\MCCD-Calligrapher\calligrapher_dataset\赵孟𫖯\為-楷-元-赵孟𫖯-36082.png,赵孟頫,楷,為,元,36082,為-楷-元-赵孟𫖯-36082.png,mccd_salvage,ok,228,215,230.2,207.0,False,0.349,2,0.0,0.9594,clean,none
G:\GitHub\DiT\MCCD\MCCD\MCCD-Calligrapher\calligrapher_dataset\赵孟𫖯\為-行-元-赵孟𫖯-36116.png,赵孟頫,行,為,元,36116,為-行-元-赵孟𫖯-36116.png,mccd_salvage,ok,167,213,223.4,179.3,False,0.4365,1,0.0,1.0,clean,none
G:\GitHub\DiT\MCCD\MCCD\MCCD-Calligrapher\calligrapher_dataset\赵孟𫖯\烝-隶-元-赵孟𫖯-36410.png,赵孟頫,隶,烝,元,36410,烝-隶-元-赵孟𫖯-36410.png,mccd_salvage,ok,287,259,238.4,209.6,False,0.325,3,0.0,0.9322,clean,none
G:\GitHub\DiT\MCCD\MCCD\MCCD-Calligrapher\calligrapher_dataset\赵孟𫖯\焚-楷-元-赵孟𫖯-36753.png,赵孟頫,楷,焚,元,36753,焚-楷-元-赵孟𫖯-36753.png,mccd_salvage,ok,214,218,237.5,227.9,False,0.2464,6,0.0025,0.6642,clean,none
G:\GitHub\DiT\MCCD\MCCD\MCCD-Calligrapher\calligrapher_dataset\赵孟𫖯\無-楷-元-赵孟𫖯-37134.png,赵孟頫,楷,無,元,37134,無-楷-元-赵孟𫖯-37134.png,mccd_salvage,ok,275,176,234.8,211.3,False,0.2797,4,0.0,0.7169,clean,none
G:\GitHub\DiT\MCCD\MCCD\MCCD-Calligrapher\calligrapher_dataset\赵孟𫖯\無-隶-元-赵孟𫖯-37074.png,赵孟頫,隶,無,元,37074,無-隶-元-赵孟𫖯-37074.png,mccd_salvage,ok,268,196,242.7,220.0,False,0.3848,1,0.0,1.0,clean,none
G:\GitHub\DiT\MCCD\MCCD\MCCD-Calligrapher\calligrapher_dataset\赵孟𫖯\焦-楷-元-赵孟𫖯-37231.png,赵孟頫,楷,焦,元,37231,焦-楷-元-赵孟𫖯-37231.png,mccd_salvage,ok,161,239,236.9,202.2,False,0.3497,4,0.0,0.8224,clean,none
G:\GitHub\DiT\MCCD\MCCD\MCCD-Calligrapher\calligrapher_dataset\赵孟𫖯\煌-行-元-赵孟𫖯-37526.png,赵孟頫,行,煌,元,37526,煌-行-元-赵孟𫖯-37526.png,mccd_salvage,ok,212,248,227.2,201.8,False,0.3259,4,0.0,0.4073,clean,none
G:\GitHub\DiT\MCCD\MCCD\MCCD-Calligrapher\calligrapher_dataset\赵孟𫖯\煌-隶-元-赵孟𫖯-37514.png,赵孟頫,隶,煌,元,37514,煌-隶-元-赵孟𫖯-37514.png,mccd_salvage,ok,274,207,230.0,182.6,False,0.3914,5,0.0,0.4153,clean,none
G:\GitHub\DiT\MCCD\MCCD\MCCD-Calligrapher\calligrapher_dataset\赵孟𫖯\煒-隶-元-赵孟𫖯-37574.png,赵孟頫,隶,煒,元,37574,煒-隶-元-赵孟𫖯-37574.png,mccd_salvage,ok,285,252,241.7,205.5,False,0.3709,2,0.0,0.9766,clean,none
G:\GitHub\DiT\MCCD\MCCD\MCCD-Calligrapher\calligrapher_dataset\赵孟𫖯\照-隶-元-赵孟𫖯-37769.png,赵孟頫,隶,照,元,37769,照-隶-元-赵孟𫖯-37769.png,mccd_salvage,ok,283,195,231.0,158.1,False,0.43,3,0.0,0.9363,clean,none
G:\GitHub\DiT\MCCD\MCCD\MCCD-Calligrapher\calligrapher_dataset\赵孟𫖯\熙-楷-元-赵孟𫖯-38081.png,赵孟頫,楷,熙,元,38081,熙-楷-元-赵孟𫖯-38081.png,mccd_salvage,ok,274,227,239.3,208.3,False,0.3358,7,0.0,0.4133,clean,none
G:\GitHub\DiT\MCCD\MCCD\MCCD-Calligrapher\calligrapher_dataset\赵孟𫖯\熟-隶-元-赵孟𫖯-38111.png,赵孟頫,隶,熟,元,38111,熟-隶-元-赵孟𫖯-38111.png,mccd_salvage,ok,280,225,227.6,210.7,False,0.3451,3,0.0,0.8375,clean,none
G:\GitHub\DiT\MCCD\MCCD\MCCD-Calligrapher\calligrapher_dataset\赵孟𫖯\熱-楷-元-赵孟𫖯-38216.png,赵孟頫,楷,熱,元,38216,熱-楷-元-赵孟𫖯-38216.png,mccd_salvage,ok,237,208,237.0,209.8,False,0.3574,5,0.0,0.4959,clean,none
G:\GitHub\DiT\MCCD\MCCD\MCCD-Calligrapher\calligrapher_dataset\赵孟𫖯\熱-隶-元-赵孟𫖯-38211.png,赵孟頫,隶,熱,元,38211,熱-隶-元-赵孟𫖯-38211.png,mccd_salvage,ok,272,223,225.6,190.7,False,0.3798,4,0.0,0.6052,clean,none
G:\GitHub\DiT\MCCD\MCCD\MCCD-Calligrapher\calligrapher_dataset\赵孟𫖯\燕-隶-元-赵孟𫖯-38513.png,赵孟頫,隶,燕,元,38513,燕-隶-元-赵孟𫖯-38513.png,mccd_salvage,ok,257,202,233.0,208.9,False,0.3855,4,0.0,0.6021,clean,none
G:\GitHub\DiT\MCCD\MCCD\MCCD-Calligrapher\calligrapher_dataset\赵孟𫖯\燭-隶-元-赵孟𫖯-38686.png,赵孟頫,隶,燭,元,38686,燭-隶-元-赵孟𫖯-38686.png,mccd_salvage,ok,276,216,216.8,172.9,False,0.416,3,0.0,0.9823,clean,none
G:\GitHub\DiT\MCCD\MCCD\MCCD-Calligrapher\calligrapher_dataset\赵孟𫖯\爭-行-元-赵孟𫖯-39055.png,赵孟頫,行,爭,元,39055,爭-行-元-赵孟𫖯-39055.png,mccd_salvage,ok,157,223,247.4,228.1,False,0.2447,1,0.0,1.0,clean,none
G:\GitHub\DiT\MCCD\MCCD\MCCD-Calligrapher\calligrapher_dataset\赵孟𫖯\爲-楷-元-赵孟𫖯-39802.png,赵孟頫,楷,爲,元,39802,爲-楷-元-赵孟𫖯-39802.png,mccd_salvage,ok,228,215,230.2,207.0,False,0.349,2,0.0,0.9594,clean,none
G:\GitHub\DiT\MCCD\MCCD\MCCD-Calligrapher\calligrapher_dataset\赵孟𫖯\爵-隶-元-赵孟𫖯-39969.png,赵孟頫,隶,爵,元,39969,爵-隶-元-赵孟𫖯-39969.png,mccd_salvage,ok,275,237,228.3,184.6,False,0.3684,3,0.0,0.9303,clean,none
G:\GitHub\DiT\MCCD\MCCD\MCCD-Calligrapher\calligrapher_dataset\赵孟𫖯\父-楷-元-赵孟𫖯-40189.png,赵孟頫,楷,父,元,40189,父-楷-元-赵孟𫖯-40189.png,mccd_salvage,ok,267,200,228.7,210.0,False,0.2316,3,0.0,0.8207,clean,none
G:\GitHub\DiT\MCCD\MCCD\MCCD-Calligrapher\calligrapher_dataset\赵孟𫖯\牋-楷-元-赵孟𫖯-40588.png,赵孟頫,楷,牋,元,40588,牋-楷-元-赵孟𫖯-40588.png,mccd_salvage,ok,226,236,233.7,196.3,False,0.3053,4,0.0,0.4119,clean,none
G:\GitHub\DiT\MCCD\MCCD\MCCD-Calligrapher\calligrapher_dataset\赵孟𫖯\牟-行-元-赵孟𫖯-40940.png,赵孟頫,行,牟,元,40940,牟-行-元-赵孟𫖯-40940.png,mccd_salvage,ok,173,307,236.2,198.3,False,0.4836,1,0.0,1.0,clean,none
G:\GitHub\DiT\MCCD\MCCD\MCCD-Calligrapher\calligrapher_dataset\赵孟𫖯\牧-楷-元-赵孟𫖯-41129.png,赵孟頫,楷,牧,元,41129,牧-楷-元-赵孟𫖯-41129.png,mccd_salvage,ok,218,168,239.3,193.3,False,0.346,2,0.0,0.5998,clean,none
G:\GitHub\DiT\MCCD\MCCD\MCCD-Calligrapher\calligrapher_dataset\赵孟𫖯\物-楷-元-赵孟𫖯-41231.png,赵孟頫,楷,物,元,41231,物-楷-元-赵孟𫖯-41231.png,mccd_salvage,ok,251,172,234.3,200.8,False,0.3246,3,0.0,0.6139,clean,none
G:\GitHub\DiT\MCCD\MCCD\MCCD-Calligrapher\calligrapher_dataset\赵孟𫖯\物-行-元-赵孟𫖯-41249.png,赵孟頫,行,物,元,41249,物-行-元-赵孟𫖯-41249.png,mccd_salvage,ok,249,183,237.6,212.4,False,0.3669,4,0.0002,0.4666,clean,none
G:\GitHub\DiT\MCCD\MCCD\MCCD-Calligrapher\calligrapher_dataset\赵孟𫖯\物-隶-元-赵孟𫖯-41199.png,赵孟頫,隶,物,元,41199,物-隶-元-赵孟𫖯-41199.png,mccd_salvage,ok,266,208,236.4,207.2,False,0.3142,2,0.0,0.5208,clean,none
G:\GitHub\DiT\MCCD\MCCD\MCCD-Calligrapher\calligrapher_dataset\赵孟𫖯\犢-隶-元-赵孟𫖯-41633.png,赵孟頫,隶,犢,元,41633,犢-隶-元-赵孟𫖯-41633.png,mccd_salvage,ok,256,267,235.5,205.8,False,0.3799,6,0.0,0.3224,clean,none
G:\GitHub\DiT\MCCD\MCCD\MCCD-Calligrapher\calligrapher_dataset\赵孟𫖯\犯-楷-元-赵孟𫖯-41838.png,赵孟頫,楷,犯,元,41838,犯-楷-元-赵孟𫖯-41838.png,mccd_salvage,ok,262,174,235.1,186.2,False,0.3084,2,0.0,0.5923,clean,none
G:\GitHub\DiT\MCCD\MCCD\MCCD-Calligrapher\calligrapher_dataset\赵孟𫖯\狗-行-元-赵孟𫖯-42198.png,赵孟頫,行,狗,元,42198,狗-行-元-赵孟𫖯-42198.png,mccd_salvage,ok,204,176,226.5,191.2,False,0.4095,2,0.0,0.5305,clean,none
G:\GitHub\DiT\MCCD\MCCD\MCCD-Calligrapher\calligrapher_dataset\赵孟𫖯\猷-隶-元-赵孟𫖯-42806.png,赵孟頫,隶,猷,元,42806,猷-隶-元-赵孟𫖯-42806.png,mccd_salvage,ok,272,198,239.2,178.7,False,0.3619,4,0.0,0.9012,clean,none
G:\GitHub\DiT\MCCD\MCCD\MCCD-Calligrapher\calligrapher_dataset\赵孟𫖯\猾-楷-元-赵孟𫖯-42846.png,赵孟頫,楷,猾,元,42846,猾-楷-元-赵孟𫖯-42846.png,mccd_salvage,ok,223,195,238.9,192.8,False,0.3616,2,0.0,0.922,clean,none
G:\GitHub\DiT\MCCD\MCCD\MCCD-Calligrapher\calligrapher_dataset\赵孟𫖯\獄-楷-元-赵孟𫖯-42914.png,赵孟頫,楷,獄,元,42914,獄-楷-元-赵孟𫖯-42914.png,mccd_salvage,ok,207,180,241.7,207.4,False,0.4267,3,0.0,0.5937,clean,none
G:\GitHub\DiT\MCCD\MCCD\MCCD-Calligrapher\calligrapher_dataset\赵孟𫖯\獨-楷-元-赵孟𫖯-43112.png,赵孟頫,楷,獨,元,43112,獨-楷-元-赵孟𫖯-43112.png,mccd_salvage,ok,227,203,228.7,173.7,False,0.4844,1,0.0,1.0,clean,none
G:\GitHub\DiT\MCCD\MCCD\MCCD-Calligrapher\calligrapher_dataset\赵孟𫖯\獨-楷-元-赵孟𫖯-43113.png,赵孟頫,楷,獨,元,43113,獨-楷-元-赵孟𫖯-43113.png,mccd_salvage,ok,216,223,226.1,182.2,False,0.5036,1,0.0,1.0,clean,none
G:\GitHub\DiT\MCCD\MCCD\MCCD-Calligrapher\calligrapher_dataset\赵孟𫖯\獨-隶-元-赵孟𫖯-43087.png,赵孟頫,隶,獨,元,43087,獨-隶-元-赵孟𫖯-43087.png,mccd_salvage,ok,273,241,224.8,177.7,False,0.4576,2,0.0,0.7104,clean,none
G:\GitHub\DiT\MCCD\MCCD\MCCD-Calligrapher\calligrapher_dataset\赵孟𫖯\獲-楷-元-赵孟𫖯-43237.png,赵孟頫,楷,獲,元,43237,獲-楷-元-赵孟𫖯-43237.png,mccd_salvage,ok,194,192,231.2,205.4,False,0.3479,1,0.0,1.0,clean,none
G:\GitHub\DiT\MCCD\MCCD\MCCD-Calligrapher\calligrapher_dataset\赵孟𫖯\獻-楷-元-赵孟𫖯-43470.png,赵孟頫,楷,獻,元,43470,獻-楷-元-赵孟𫖯-43470.png,mccd_salvage,ok,251,217,238.1,191.7,False,0.4465,3,0.0,0.9267,clean,none
G:\GitHub\DiT\MCCD\MCCD\MCCD-Calligrapher\calligrapher_dataset\赵孟𫖯\玄-行-元-赵孟𫖯-43658.png,赵孟頫,行,玄,元,43658,玄-行-元-赵孟𫖯-43658.png,mccd_salvage,ok,181,217,230.7,201.8,False,0.3814,2,0.0,0.9362,clean,none
G:\GitHub\DiT\MCCD\MCCD\MCCD-Calligrapher\calligrapher_dataset\赵孟𫖯\玄-隶-元-赵孟𫖯-43618.png,赵孟頫,隶,玄,元,43618,玄-隶-元-赵孟𫖯-43618.png,mccd_salvage,ok,270,195,226.9,207.5,False,0.3557,1,0.0,1.0,clean,none
G:\GitHub\DiT\MCCD\MCCD\MCCD-Calligrapher\calligrapher_dataset\赵孟𫖯\率-隶-元-赵孟𫖯-43765.png,赵孟頫,隶,率,元,43765,率-隶-元-赵孟𫖯-43765.png,mccd_salvage,ok,263,215,244.8,229.9,False,0.3076,5,0.0,0.8088,clean,none
G:\GitHub\DiT\MCCD\MCCD\MCCD-Calligrapher\calligrapher_dataset\赵孟𫖯\玉-隶-元-赵孟𫖯-43917.png,赵孟頫,隶,玉,元,43917,玉-隶-元-赵孟𫖯-43917.png,mccd_salvage,ok,259,162,216.9,132.2,False,0.3189,1,0.0,1.0,clean,none
G:\GitHub\DiT\MCCD\MCCD\MCCD-Calligrapher\calligrapher_dataset\赵孟𫖯\王-隶-元-赵孟𫖯-44365.png,赵孟頫,隶,王,元,44365,王-隶-元-赵孟𫖯-44365.png,mccd_salvage,ok,261,133,209.5,137.6,False,0.3729,1,0.0,1.0,clean,none
G:\GitHub\DiT\MCCD\MCCD\MCCD-Calligrapher\calligrapher_dataset\赵孟𫖯\珍-楷-元-赵孟𫖯-44785.png,赵孟頫,楷,珍,元,44785,珍-楷-元-赵孟𫖯-44785.png,mccd_salvage,ok,232,159,237.1,194.3,False,0.3271,5,0.0,0.4426,clean,none
G:\GitHub\DiT\MCCD\MCCD\MCCD-Calligrapher\calligrapher_dataset\赵孟𫖯\珍-行-元-赵孟𫖯-44799.png,赵孟頫,行,珍,元,44799,珍-行-元-赵孟𫖯-44799.png,mccd_salvage,ok,255,172,239.6,208.9,False,0.3087,6,0.0,0.5336,clean,none
G:\GitHub\DiT\MCCD\MCCD\MCCD-Calligrapher\calligrapher_dataset\赵孟𫖯\珍-隶-元-赵孟𫖯-44771.png,赵孟頫,隶,珍,元,44771,珍-隶-元-赵孟𫖯-44771.png,mccd_salvage,ok,246,172,240.6,209.8,False,0.2658,5,0.0,0.389,clean,none
G:\GitHub\DiT\MCCD\MCCD\MCCD-Calligrapher\calligrapher_dataset\赵孟𫖯\珠-楷-元-赵孟𫖯-44870.png,赵孟頫,楷,珠,元,44870,珠-楷-元-赵孟𫖯-44870.png,mccd_salvage,ok,194,173,245.7,230.2,False,0.2507,1,0.0,1.0,clean,none
G:\GitHub\DiT\MCCD\MCCD\MCCD-Calligrapher\calligrapher_dataset\赵孟𫖯\珠-隶-元-赵孟𫖯-44860.png,赵孟頫,隶,珠,元,44860,珠-隶-元-赵孟𫖯-44860.png,mccd_salvage,ok,272,170,238.4,196.1,False,0.3495,2,0.0,0.688,clean,none
G:\GitHub\DiT\MCCD\MCCD\MCCD-Calligrapher\calligrapher_dataset\赵孟𫖯\珮-行-元-赵孟𫖯-45048.png,赵孟頫,行,珮,元,45048,珮-行-元-赵孟𫖯-45048.png,mccd_salvage,ok,249,248,239.3,207.6,False,0.3389,5,0.0012,0.8161,clean,none
G:\GitHub\DiT\MCCD\MCCD\MCCD-Calligrapher\calligrapher_dataset\赵孟𫖯\現-行-元-赵孟𫖯-45104.png,赵孟頫,行,現,元,45104,現-行-元-赵孟𫖯-45104.png,mccd_salvage,ok,256,226,224.9,196.0,False,0.3108,5,0.0,0.5679,clean,none
G:\GitHub\DiT\MCCD\MCCD\MCCD-Calligrapher\calligrapher_dataset\赵孟𫖯\球-楷-元-赵孟𫖯-45131.png,赵孟頫,楷,球,元,45131,球-楷-元-赵孟𫖯-45131.png,mccd_salvage,ok,183,158,234.2,212.1,False,0.2879,2,0.0,0.95,clean,none
G:\GitHub\DiT\MCCD\MCCD\MCCD-Calligrapher\calligrapher_dataset\赵孟𫖯\琅-楷-元-赵孟𫖯-45153.png,赵孟頫,楷,琅,元,45153,琅-楷-元-赵孟𫖯-45153.png,mccd_salvage,ok,207,189,230.6,186.7,False,0.4072,2,0.0,0.6347,clean,none
G:\GitHub\DiT\MCCD\MCCD\MCCD-Calligrapher\calligrapher_dataset\赵孟𫖯\理-隶-元-赵孟𫖯-45184.png,赵孟頫,隶,理,元,45184,理-隶-元-赵孟𫖯-45184.png,mccd_salvage,ok,270,161,201.3,124.4,False,0.5107,2,0.0,0.7508,clean,none
G:\GitHub\DiT\MCCD\MCCD\MCCD-Calligrapher\calligrapher_dataset\赵孟𫖯\琴-楷-元-赵孟𫖯-45487.png,赵孟頫,楷,琴,元,45487,琴-楷-元-赵孟𫖯-45487.png,mccd_salvage,ok,204,213,240.7,203.9,False,0.3462,6,0.0027,0.9928,clean,none
G:\GitHub\DiT\MCCD\MCCD\MCCD-Calligrapher\calligrapher_dataset\赵孟𫖯\瑕-楷-元-赵孟𫖯-45634.png,赵孟頫,楷,瑕,元,45634,瑕-楷-元-赵孟𫖯-45634.png,mccd_salvage,ok,251,209,236.7,218.2,False,0.2839,6,0.0,0.3251,clean,none
G:\GitHub\DiT\MCCD\MCCD\MCCD-Calligrapher\calligrapher_dataset\赵孟𫖯\瑾-楷-元-赵孟𫖯-45927.png,赵孟頫,楷,瑾,元,45927,瑾-楷-元-赵孟𫖯-45927.png,mccd_salvage,ok,262,237,233.7,211.6,False,0.3173,2,0.0,0.6966,clean,none
G:\GitHub\DiT\MCCD\MCCD\MCCD-Calligrapher\calligrapher_dataset\赵孟𫖯\璣-隶-元-赵孟𫖯-46117.png,赵孟頫,隶,璣,元,46117,璣-隶-元-赵孟𫖯-46117.png,mccd_salvage,ok,241,220,234.8,203.5,False,0.3851,2,0.0,0.7736,clean,none
G:\GitHub\DiT\MCCD\MCCD\MCCD-Calligrapher\calligrapher_dataset\赵孟𫖯\璧-楷-元-赵孟𫖯-46198.png,赵孟頫,楷,璧,元,46198,璧-楷-元-赵孟𫖯-46198.png,mccd_salvage,ok,179,199,244.7,212.5,False,0.3178,4,0.0,0.4721,clean,none
G:\GitHub\DiT\MCCD\MCCD\MCCD-Calligrapher\calligrapher_dataset\赵孟𫖯\璧-隶-元-赵孟𫖯-46186.png,赵孟頫,隶,璧,元,46186,璧-隶-元-赵孟𫖯-46186.png,mccd_salvage,ok,265,222,215.5,163.8,False,0.447,1,0.0,1.0,clean,none
G:\GitHub\DiT\MCCD\MCCD\MCCD-Calligrapher\calligrapher_dataset\赵孟𫖯\璫-行-元-赵孟𫖯-46242.png,赵孟頫,行,璫,元,46242,璫-行-元-赵孟𫖯-46242.png,mccd_salvage,ok,197,216,214.4,165.6,False,0.4953,1,0.0,1.0,clean,none
G:\GitHub\DiT\MCCD\MCCD\MCCD-Calligrapher\calligrapher_dataset\赵孟𫖯\環-楷-元-赵孟𫖯-46303.png,赵孟頫,楷,環,元,46303,環-楷-元-赵孟𫖯-46303.png,mccd_salvage,ok,242,203,225.0,183.2,False,0.4173,2,0.0,0.7834,clean,none
G:\GitHub\DiT\MCCD\MCCD\MCCD-Calligrapher\calligrapher_dataset\赵孟𫖯\瓊-行-元-赵孟𫖯-46447.png,赵孟頫,行,瓊,元,46447,瓊-行-元-赵孟𫖯-46447.png,mccd_salvage,ok,231,225,227.8,212.7,False,0.3561,1,0.0,1.0,clean,none
G:\GitHub\DiT\MCCD\MCCD\MCCD-Calligrapher\calligrapher_dataset\赵孟𫖯\瓦-隶-元-赵孟𫖯-46626.png,赵孟頫,隶,瓦,元,46626,瓦-隶-元-赵孟𫖯-46626.png,mccd_salvage,ok,268,162,182.8,143.1,False,0.4125,1,0.0,1.0,clean,none
G:\GitHub\DiT\MCCD\MCCD\MCCD-Calligrapher\calligrapher_dataset\赵孟𫖯\甑-行-元-赵孟𫖯-46831.png,赵孟頫,行,甑,元,46831,甑-行-元-赵孟𫖯-46831.png,mccd_salvage,ok,234,194,229.2,179.3,False,0.4431,1,0.0,1.0,clean,none
G:\GitHub\DiT\MCCD\MCCD\MCCD-Calligrapher\calligrapher_dataset\赵孟𫖯\甘-行-元-赵孟𫖯-46970.png,赵孟頫,行,甘,元,46970,甘-行-元-赵孟𫖯-46970.png,mccd_salvage,ok,263,238,226.9,199.3,False,0.4814,2,0.0,0.9044,clean,none
G:\GitHub\DiT\MCCD\MCCD\MCCD-Calligrapher\calligrapher_dataset\赵孟𫖯\甚-楷-元-赵孟𫖯-47060.png,赵孟頫,楷,甚,元,47060,甚-楷-元-赵孟𫖯-47060.png,mccd_salvage,ok,223,275,228.9,194.0,False,0.4186,1,0.0,1.0,clean,none
G:\GitHub\DiT\MCCD\MCCD\MCCD-Calligrapher\calligrapher_dataset\赵孟𫖯\甞-隶-元-赵孟𫖯-47138.png,赵孟頫,隶,甞,元,47138,甞-隶-元-赵孟𫖯-47138.png,mccd_salvage,ok,265,204,217.4,181.4,False,0.4411,4,0.0,0.6634,clean,none
G:\GitHub\DiT\MCCD\MCCD\MCCD-Calligrapher\calligrapher_dataset\赵孟𫖯\甲-楷-元-赵孟𫖯-48672.png,赵孟頫,楷,甲,元,48672,甲-楷-元-赵孟𫖯-48672.png,mccd_salvage,ok,199,218,238.1,198.1,False,0.2588,1,0.0,1.0,clean,none
G:\GitHub\DiT\MCCD\MCCD\MCCD-Calligrapher\calligrapher_dataset\赵孟𫖯\申-楷-元-赵孟𫖯-48886.png,赵孟頫,楷,申,元,48886,申-楷-元-赵孟𫖯-48886.png,mccd_salvage,ok,162,262,242.5,223.2,False,0.3018,1,0.0,1.0,clean,none
G:\GitHub\DiT\MCCD\MCCD\MCCD-Calligrapher\calligrapher_dataset\赵孟𫖯\畀-楷-元-赵孟𫖯-49152.png,赵孟頫,楷,畀,元,49152,畀-楷-元-赵孟𫖯-49152.png,mccd_salvage,ok,191,181,239.2,209.1,False,0.2762,2,0.0,0.5979,clean,none
G:\GitHub\DiT\MCCD\MCCD\MCCD-Calligrapher\calligrapher_dataset\赵孟𫖯\界-行-元-赵孟𫖯-49230.png,赵孟頫,行,界,元,49230,界-行-元-赵孟𫖯-49230.png,mccd_salvage,ok,251,267,231.4,201.3,False,0.3565,3,0.0,0.8788,clean,none
G:\GitHub\DiT\MCCD\MCCD\MCCD-Calligrapher\calligrapher_dataset\赵孟𫖯\畏-楷-元-赵孟𫖯-49313.png,赵孟頫,楷,畏,元,49313,畏-楷-元-赵孟𫖯-49313.png,mccd_salvage,ok,213,204,227.3,184.6,False,0.3653,2,0.0,0.5424,clean,none
G:\GitHub\DiT\MCCD\MCCD\MCCD-Calligrapher\calligrapher_dataset\赵孟𫖯\留-楷-元-赵孟𫖯-49461.png,赵孟頫,楷,留,元,49461,留-楷-元-赵孟𫖯-49461.png,mccd_salvage,ok,269,263,232.4,172.7,False,0.4649,3,0.0,0.5452,clean,none
G:\GitHub\DiT\MCCD\MCCD\MCCD-Calligrapher\calligrapher_dataset\赵孟𫖯\畢-行-元-赵孟𫖯-49656.png,赵孟頫,行,畢,元,49656,畢-行-元-赵孟𫖯-49656.png,mccd_salvage,ok,204,317,244.2,227.7,False,0.2578,4,0.001,0.9629,clean,none
G:\GitHub\DiT\MCCD\MCCD\MCCD-Calligrapher\calligrapher_dataset\赵孟𫖯\畫-隶-元-赵孟𫖯-49872.png,赵孟頫,隶,畫,元,49872,畫-隶-元-赵孟𫖯-49872.png,mccd_salvage,ok,257,307,235.7,179.8,False,0.5352,3,0.0,0.5506,clean,none
G:\GitHub\DiT\MCCD\MCCD\MCCD-Calligrapher\calligrapher_dataset\赵孟𫖯\異-楷-元-赵孟𫖯-50147.png,赵孟頫,楷,異,元,50147,異-楷-元-赵孟𫖯-50147.png,mccd_salvage,ok,225,206,229.5,196.9,False,0.4045,3,0.0,0.8966,clean,none
G:\GitHub\DiT\MCCD\MCCD\MCCD-Calligrapher\calligrapher_dataset\赵孟𫖯\當-楷-元-赵孟𫖯-50281.png,赵孟頫,楷,當,元,50281,當-楷-元-赵孟𫖯-50281.png,mccd_salvage,ok,175,189,233.4,202.6,False,0.3612,5,0.0,0.4465,clean,none
G:\GitHub\DiT\MCCD\MCCD\MCCD-Calligrapher\calligrapher_dataset\赵孟𫖯\當-行-元-赵孟𫖯-50296.png,赵孟頫,行,當,元,50296,當-行-元-赵孟𫖯-50296.png,mccd_salvage,ok,231,266,236.9,214.1,False,0.31,2,0.0,0.5909,clean,none
G:\GitHub\DiT\MCCD\MCCD\MCCD-Calligrapher\calligrapher_dataset\赵孟𫖯\疊-行-元-赵孟𫖯-50551.png,赵孟頫,行,疊,元,50551,疊-行-元-赵孟𫖯-50551.png,mccd_salvage,ok,230,332,239.0,203.2,False,0.4278,1,0.0,1.0,clean,none
G:\GitHub\DiT\MCCD\MCCD\MCCD-Calligrapher\calligrapher_dataset\赵孟𫖯\疑-楷-元-赵孟𫖯-50805.png,赵孟頫,楷,疑,元,50805,疑-楷-元-赵孟𫖯-50805.png,mccd_salvage,ok,217,178,231.5,221.3,False,0.2852,2,0.0,0.7478,clean,none
G:\GitHub\DiT\MCCD\MCCD\MCCD-Calligrapher\calligrapher_dataset\赵孟𫖯\疑-楷-元-赵孟𫖯-50806.png,赵孟頫,楷,疑,元,50806,疑-楷-元-赵孟𫖯-50806.png,mccd_salvage,ok,229,191,235.0,225.7,False,0.3153,4,0.0,0.5077,clean,none
G:\GitHub\DiT\MCCD\MCCD\MCCD-Calligrapher\calligrapher_dataset\赵孟𫖯\疑-行-元-赵孟𫖯-50817.png,赵孟頫,行,疑,元,50817,疑-行-元-赵孟𫖯-50817.png,mccd_salvage,ok,282,222,242.9,209.4,False,0.3283,2,0.0,0.7517,clean,none
G:\GitHub\DiT\MCCD\MCCD\MCCD-Calligrapher\calligrapher_dataset\赵孟𫖯\疲-行-元-赵孟𫖯-51018.png,赵孟頫,行,疲,元,51018,疲-行-元-赵孟𫖯-51018.png,mccd_salvage,ok,231,202,242.0,191.8,False,0.3912,1,0.0,1.0,clean,none
G:\GitHub\DiT\MCCD\MCCD\MCCD-Calligrapher\calligrapher_dataset\赵孟𫖯\疲-行-元-赵孟𫖯-51019.png,赵孟頫,行,疲,元,51019,疲-行-元-赵孟𫖯-51019.png,mccd_salvage,ok,220,253,218.9,166.1,False,0.4703,1,0.0,1.0,clean,none
G:\GitHub\DiT\MCCD\MCCD\MCCD-Calligrapher\calligrapher_dataset\赵孟𫖯\疵-楷-元-赵孟𫖯-51051.png,赵孟頫,楷,疵,元,51051,疵-楷-元-赵孟𫖯-51051.png,mccd_salvage,ok,213,235,239.8,220.1,False,0.2599,5,0.0,0.7027,clean,none
G:\GitHub\DiT\MCCD\MCCD\MCCD-Calligrapher\calligrapher_dataset\赵孟𫖯\疽-楷-元-赵孟𫖯-51098.png,赵孟頫,楷,疽,元,51098,疽-楷-元-赵孟𫖯-51098.png,mccd_salvage,ok,238,229,241.6,219.0,False,0.2469,6,0.0,0.7247,clean,none
G:\GitHub\DiT\MCCD\MCCD\MCCD-Calligrapher\calligrapher_dataset\赵孟𫖯\病-行-元-赵孟𫖯-51387.png,赵孟頫,行,病,元,51387,病-行-元-赵孟𫖯-51387.png,mccd_salvage,ok,224,244,232.9,216.8,False,0.3375,2,0.0,0.9722,clean,none
G:\GitHub\DiT\MCCD\MCCD\MCCD-Calligrapher\calligrapher_dataset\赵孟𫖯\痩-楷-元-赵孟𫖯-51630.png,赵孟頫,楷,痩,元,51630,痩-楷-元-赵孟𫖯-51630.png,mccd_salvage,ok,182,205,239.2,214.2,False,0.2431,6,0.0,0.5721,clean,none
G:\GitHub\DiT\MCCD\MCCD\MCCD-Calligrapher\calligrapher_dataset\赵孟𫖯\瘦-楷-元-赵孟𫖯-51916.png,赵孟頫,楷,瘦,元,51916,瘦-楷-元-赵孟𫖯-51916.png,mccd_salvage,ok,182,205,239.2,214.2,False,0.2431,6,0.0,0.5721,clean,none
G:\GitHub\DiT\MCCD\MCCD\MCCD-Calligrapher\calligrapher_dataset\赵孟𫖯\登-隶-元-赵孟𫖯-52618.png,赵孟頫,隶,登,元,52618,登-隶-元-赵孟𫖯-52618.png,mccd_salvage,ok,261,179,233.7,172.2,False,0.3779,3,0.0,0.4995,clean,none
G:\GitHub\DiT\MCCD\MCCD\MCCD-Calligrapher\calligrapher_dataset\赵孟𫖯\發-楷-元-赵孟𫖯-52778.png,赵孟頫,楷,發,元,52778,發-楷-元-赵孟𫖯-52778.png,mccd_salvage,ok,222,224,237.7,217.5,False,0.3115,2,0.0,0.7289,clean,none
G:\GitHub\DiT\MCCD\MCCD\MCCD-Calligrapher\calligrapher_dataset\赵孟𫖯\發-隶-元-赵孟𫖯-52749.png,赵孟頫,隶,發,元,52749,發-隶-元-赵孟𫖯-52749.png,mccd_salvage,ok,269,240,237.9,214.8,False,0.3308,2,0.0,0.7792,clean,none
G:\GitHub\DiT\MCCD\MCCD\MCCD-Calligrapher\calligrapher_dataset\赵孟𫖯\百-楷-元-赵孟𫖯-53324.png,赵孟頫,楷,百,元,53324,百-楷-元-赵孟𫖯-53324.png,mccd_salvage,ok,202,171,229.8,167.2,False,0.3707,1,0.0,1.0,clean,none
G:\GitHub\DiT\MCCD\MCCD\MCCD-Calligrapher\calligrapher_dataset\赵孟𫖯\百-隶-元-赵孟𫖯-53271.png,赵孟頫,隶,百,元,53271,百-隶-元-赵孟𫖯-53271.png,mccd_salvage,ok,268,154,171.0,158.8,False,0.4194,1,0.0,1.0,clean,none
G:\GitHub\DiT\MCCD\MCCD\MCCD-Calligrapher\calligrapher_dataset\赵孟𫖯\的-行-元-赵孟𫖯-53428.png,赵孟頫,行,的,元,53428,的-行-元-赵孟𫖯-53428.png,mccd_salvage,ok,220,201,223.6,177.7,False,0.4085,1,0.0,1.0,clean,none
G:\GitHub\DiT\MCCD\MCCD\MCCD-Calligrapher\calligrapher_dataset\赵孟𫖯\皆-楷-元-赵孟𫖯-53591.png,赵孟頫,楷,皆,元,53591,皆-楷-元-赵孟𫖯-53591.png,mccd_salvage,ok,180,216,231.2,198.4,False,0.3534,4,0.0,0.4869,clean,none
G:\GitHub\DiT\MCCD\MCCD\MCCD-Calligrapher\calligrapher_dataset\赵孟𫖯\皆-行-元-赵孟𫖯-53609.png,赵孟頫,行,皆,元,53609,皆-行-元-赵孟𫖯-53609.png,mccd_salvage,ok,193,228,217.6,168.9,False,0.4257,1,0.0,1.0,clean,none
G:\GitHub\DiT\MCCD\MCCD\MCCD-Calligrapher\calligrapher_dataset\赵孟𫖯\皆-隶-元-赵孟𫖯-53550.png,赵孟頫,隶,皆,元,53550,皆-隶-元-赵孟𫖯-53550.png,mccd_salvage,ok,281,222,223.0,161.6,False,0.428,3,0.0,0.5729,clean,none
G:\GitHub\DiT\MCCD\MCCD\MCCD-Calligrapher\calligrapher_dataset\赵孟𫖯\皇-楷-元-赵孟𫖯-53813.png,赵孟頫,楷,皇,元,53813,皇-楷-元-赵孟𫖯-53813.png,mccd_salvage,ok,157,210,227.6,196.0,False,0.441,1,0.0,1.0,clean,none
G:\GitHub\DiT\MCCD\MCCD\MCCD-Calligrapher\calligrapher_dataset\赵孟𫖯\皿-楷-元-赵孟𫖯-54187.png,赵孟頫,楷,皿,元,54187,皿-楷-元-赵孟𫖯-54187.png,mccd_salvage,ok,239,109,210.3,144.9,False,0.4031,1,0.0,1.0,clean,none
G:\GitHub\DiT\MCCD\MCCD\MCCD-Calligrapher\calligrapher_dataset\赵孟𫖯\盈-楷-元-赵孟𫖯-54356.png,赵孟頫,楷,盈,元,54356,盈-楷-元-赵孟𫖯-54356.png,mccd_salvage,ok,185,208,221.0,177.3,False,0.4308,1,0.0,1.0,clean,none
G:\GitHub\DiT\MCCD\MCCD\MCCD-Calligrapher\calligrapher_dataset\赵孟𫖯\益-楷-元-赵孟𫖯-54524.png,赵孟頫,楷,益,元,54524,益-楷-元-赵孟𫖯-54524.png,mccd_salvage,ok,193,219,222.4,184.8,False,0.3209,6,0.0,0.5284,clean,none
G:\GitHub\DiT\MCCD\MCCD\MCCD-Calligrapher\calligrapher_dataset\赵孟𫖯\盡-隶-元-赵孟𫖯-55017.png,赵孟頫,隶,盡,元,55017,盡-隶-元-赵孟𫖯-55017.png,mccd_salvage,ok,251,216,237.5,154.3,False,0.4624,1,0.0,1.0,clean,none
G:\GitHub\DiT\MCCD\MCCD\MCCD-Calligrapher\calligrapher_dataset\赵孟𫖯\盤-隶-元-赵孟𫖯-55222.png,赵孟頫,隶,盤,元,55222,盤-隶-元-赵孟𫖯-55222.png,mccd_salvage,ok,278,202,203.1,125.5,False,0.5346,3,0.0,0.5559,clean,none
G:\GitHub\DiT\MCCD\MCCD\MCCD-Calligrapher\calligrapher_dataset\赵孟𫖯\相-楷-元-赵孟𫖯-55913.png,赵孟頫,楷,相,元,55913,相-楷-元-赵孟𫖯-55913.png,mccd_salvage,ok,212,175,214.5,180.6,False,0.4249,2,0.0,0.5792,clean,none
G:\GitHub\DiT\MCCD\MCCD\MCCD-Calligrapher\calligrapher_dataset\赵孟𫖯\相-行-元-赵孟𫖯-55940.png,赵孟頫,行,相,元,55940,相-行-元-赵孟𫖯-55940.png,mccd_salvage,ok,245,228,218.6,191.1,False,0.3307,3,0.0004,0.6122,clean,none
G:\GitHub\DiT\MCCD\MCCD\MCCD-Calligrapher\calligrapher_dataset\赵孟𫖯\相-隶-元-赵孟𫖯-55863.png,赵孟頫,隶,相,元,55863,相-隶-元-赵孟𫖯-55863.png,mccd_salvage,ok,263,165,222.8,177.9,False,0.4193,1,0.0,1.0,clean,none
G:\GitHub\DiT\MCCD\MCCD\MCCD-Calligrapher\calligrapher_dataset\赵孟𫖯\眀-楷-元-赵孟𫖯-56091.png,赵孟頫,楷,眀,元,56091,眀-楷-元-赵孟𫖯-56091.png,mccd_salvage,ok,192,170,204.2,131.7,False,0.3892,6,0.0,0.3406,clean,none
G:\GitHub\DiT\MCCD\MCCD\MCCD-Calligrapher\calligrapher_dataset\赵孟𫖯\省-隶-元-赵孟𫖯-56174.png,赵孟頫,隶,省,元,56174,省-隶-元-赵孟𫖯-56174.png,mccd_salvage,ok,270,225,222.9,199.2,False,0.4289,3,0.0,0.8575,clean,none
G:\GitHub\DiT\MCCD\MCCD\MCCD-Calligrapher\calligrapher_dataset\赵孟𫖯\看-行-元-赵孟𫖯-56373.png,赵孟頫,行,看,元,56373,看-行-元-赵孟𫖯-56373.png,mccd_salvage,ok,170,214,214.9,180.5,False,0.422,2,0.0,0.8906,clean,none
G:\GitHub\DiT\MCCD\MCCD\MCCD-Calligrapher\calligrapher_dataset\赵孟𫖯\眞-楷-元-赵孟𫖯-56725.png,赵孟頫,楷,眞,元,56725,眞-楷-元-赵孟𫖯-56725.png,mccd_salvage,ok,234,218,240.1,228.1,False,0.2913,2,0.0,0.9382,clean,none
G:\GitHub\DiT\MCCD\MCCD\MCCD-Calligrapher\calligrapher_dataset\赵孟𫖯\眞-隶-元-赵孟𫖯-56700.png,赵孟頫,隶,眞,元,56700,眞-隶-元-赵孟𫖯-56700.png,mccd_salvage,ok,217,220,239.5,218.1,False,0.3761,5,0.0,0.4803,clean,none
G:\GitHub\DiT\MCCD\MCCD\MCCD-Calligrapher\calligrapher_dataset\赵孟𫖯\真-楷-元-赵孟𫖯-56830.png,赵孟頫,楷,真,元,56830,真-楷-元-赵孟𫖯-56830.png,mccd_salvage,ok,234,218,240.1,228.1,False,0.2913,2,0.0,0.9382,clean,none
G:\GitHub\DiT\MCCD\MCCD\MCCD-Calligrapher\calligrapher_dataset\赵孟𫖯\眺-楷-元-赵孟𫖯-57109.png,赵孟頫,楷,眺,元,57109,眺-楷-元-赵孟𫖯-57109.png,mccd_salvage,ok,224,144,214.2,162.6,False,0.4618,1,0.0,1.0,clean,none
G:\GitHub\DiT\MCCD\MCCD\MCCD-Calligrapher\calligrapher_dataset\赵孟𫖯\睫-楷-元-赵孟𫖯-57666.png,赵孟頫,楷,睫,元,57666,睫-楷-元-赵孟𫖯-57666.png,mccd_salvage,ok,214,168,225.6,202.3,False,0.3519,1,0.0,1.0,clean,none
G:\GitHub\DiT\MCCD\MCCD\MCCD-Calligrapher\calligrapher_dataset\赵孟𫖯\瞻-隶-元-赵孟𫖯-58012.png,赵孟頫,隶,瞻,元,58012,瞻-隶-元-赵孟𫖯-58012.png,mccd_salvage,ok,260,229,219.9,191.3,False,0.4766,2,0.0,0.8434,clean,none
G:\GitHub\DiT\MCCD\MCCD\MCCD-Calligrapher\calligrapher_dataset\赵孟𫖯\矜-楷-元-赵孟𫖯-58243.png,赵孟頫,楷,矜,元,58243,矜-楷-元-赵孟𫖯-58243.png,mccd_salvage,ok,253,142,237.4,209.0,False,0.3208,3,0.0,0.8131,clean,none
G:\GitHub\DiT\MCCD\MCCD\MCCD-Calligrapher\calligrapher_dataset\赵孟𫖯\矢-楷-元-赵孟𫖯-58390.png,赵孟頫,楷,矢,元,58390,矢-楷-元-赵孟𫖯-58390.png,mccd_salvage,ok,206,158,232.5,199.5,False,0.3463,1,0.0,1.0,clean,none
G:\GitHub\DiT\MCCD\MCCD\MCCD-Calligrapher\calligrapher_dataset\赵孟𫖯\矢-行-元-赵孟𫖯-58395.png,赵孟頫,行,矢,元,58395,矢-行-元-赵孟𫖯-58395.png,mccd_salvage,ok,219,186,237.0,200.5,False,0.2909,3,0.0,0.7672,clean,none
G:\GitHub\DiT\MCCD\MCCD\MCCD-Calligrapher\calligrapher_dataset\赵孟𫖯\矣-行-元-赵孟𫖯-58540.png,赵孟頫,行,矣,元,58540,矣-行-元-赵孟𫖯-58540.png,mccd_salvage,ok,234,247,223.9,198.8,False,0.4368,1,0.0,1.0,clean,none
G:\GitHub\DiT\MCCD\MCCD\MCCD-Calligrapher\calligrapher_dataset\赵孟𫖯\矣-行-元-赵孟𫖯-58542.png,赵孟頫,行,矣,元,58542,矣-行-元-赵孟𫖯-58542.png,mccd_salvage,ok,197,251,237.4,219.8,False,0.3241,2,0.0,0.8836,clean,none
G:\GitHub\DiT\MCCD\MCCD\MCCD-Calligrapher\calligrapher_dataset\赵孟𫖯\知-隶-元-赵孟𫖯-58616.png,赵孟頫,隶,知,元,58616,知-隶-元-赵孟𫖯-58616.png,mccd_salvage,ok,272,176,235.7,198.6,False,0.3538,3,0.0,0.5223,clean,none
G:\GitHub\DiT\MCCD\MCCD\MCCD-Calligrapher\calligrapher_dataset\赵孟𫖯\矧-行-元-赵孟𫖯-58759.png,赵孟頫,行,矧,元,58759,矧-行-元-赵孟𫖯-58759.png,mccd_salvage,ok,215,227,199.9,167.3,False,0.4204,2,0.0,0.7501,clean,none
G:\GitHub\DiT\MCCD\MCCD\MCCD-Calligrapher\calligrapher_dataset\赵孟𫖯\短-楷-元-赵孟𫖯-58820.png,赵孟頫,楷,短,元,58820,短-楷-元-赵孟𫖯-58820.png,mccd_salvage,ok,240,166,225.4,187.3,False,0.3943,4,0.0,0.5258,clean,none
G:\GitHub\DiT\MCCD\MCCD\MCCD-Calligrapher\calligrapher_dataset\赵孟𫖯\矯-楷-元-赵孟𫖯-58877.png,赵孟頫,楷,矯,元,58877,矯-楷-元-赵孟𫖯-58877.png,mccd_salvage,ok,246,176,243.3,225.0,False,0.3144,5,0.0,0.7052,clean,none
G:\GitHub\DiT\MCCD\MCCD\MCCD-Calligrapher\calligrapher_dataset\赵孟𫖯\石-楷-元-赵孟𫖯-59082.png,赵孟頫,楷,石,元,59082,石-楷-元-赵孟𫖯-59082.png,mccd_salvage,ok,240,187,235.3,156.5,False,0.3733,1,0.0,1.0,clean,none
G:\GitHub\DiT\MCCD\MCCD\MCCD-Calligrapher\calligrapher_dataset\赵孟𫖯\石-隶-元-赵孟𫖯-59019.png,赵孟頫,隶,石,元,59019,石-隶-元-赵孟𫖯-59019.png,mccd_salvage,ok,272,167,211.0,152.0,False,0.4223,2,0.0,0.5254,clean,none
G:\GitHub\DiT\MCCD\MCCD\MCCD-Calligrapher\calligrapher_dataset\赵孟𫖯\碣-楷-元-赵孟𫖯-59777.png,赵孟頫,楷,碣,元,59777,碣-楷-元-赵孟𫖯-59777.png,mccd_salvage,ok,236,178,230.4,183.7,False,0.3579,2,0.0,0.6568,clean,none
G:\GitHub\DiT\MCCD\MCCD\MCCD-Calligrapher\calligrapher_dataset\赵孟𫖯\碣-行-元-赵孟𫖯-59781.png,赵孟頫,行,碣,元,59781,碣-行-元-赵孟𫖯-59781.png,mccd_salvage,ok,252,228,221.6,177.2,False,0.4441,2,0.0001,0.9999,clean,none
G:\GitHub\DiT\MCCD\MCCD\MCCD-Calligrapher\calligrapher_dataset\赵孟𫖯\碣-隶-元-赵孟𫖯-59771.png,赵孟頫,隶,碣,元,59771,碣-隶-元-赵孟𫖯-59771.png,mccd_salvage,ok,283,221,231.5,175.9,False,0.4494,2,0.0,0.8906,clean,none
G:\GitHub\DiT\MCCD\MCCD\MCCD-Calligrapher\calligrapher_dataset\赵孟𫖯\磨-楷-元-赵孟𫖯-60113.png,赵孟頫,楷,磨,元,60113,磨-楷-元-赵孟𫖯-60113.png,mccd_salvage,ok,165,179,226.5,194.8,False,0.3198,4,0.0,0.4998,clean,none
G:\GitHub\DiT\MCCD\MCCD\MCCD-Calligrapher\calligrapher_dataset\赵孟𫖯\磨-行-元-赵孟𫖯-60120.png,赵孟頫,行,磨,元,60120,磨-行-元-赵孟𫖯-60120.png,mccd_salvage,ok,209,254,236.6,212.4,False,0.2848,10,0.0004,0.2788,clean,none
G:\GitHub\DiT\MCCD\MCCD\MCCD-Calligrapher\calligrapher_dataset\赵孟𫖯\磬-楷-元-赵孟𫖯-60165.png,赵孟頫,楷,磬,元,60165,磬-楷-元-赵孟𫖯-60165.png,mccd_salvage,ok,287,285,241.9,216.8,False,0.3102,5,0.0,0.3198,clean,none
G:\GitHub\DiT\MCCD\MCCD\MCCD-Calligrapher\calligrapher_dataset\赵孟𫖯\磻-楷-元-赵孟𫖯-60242.png,赵孟頫,楷,磻,元,60242,磻-楷-元-赵孟𫖯-60242.png,mccd_salvage,ok,257,171,231.2,225.9,False,0.3194,3,0.0,0.6581,clean,none
G:\GitHub\DiT\MCCD\MCCD\MCCD-Calligrapher\calligrapher_dataset\赵孟𫖯\祀-行-元-赵孟𫖯-60855.png,赵孟頫,行,祀,元,60855,祀-行-元-赵孟𫖯-60855.png,mccd_salvage,ok,247,151,224.7,194.4,False,0.3265,4,0.0,0.4923,clean,none
G:\GitHub\DiT\MCCD\MCCD\MCCD-Calligrapher\calligrapher_dataset\赵孟𫖯\祀-隶-元-赵孟𫖯-60824.png,赵孟頫,隶,祀,元,60824,祀-隶-元-赵孟𫖯-60824.png,mccd_salvage,ok,259,176,229.5,173.1,False,0.3589,4,0.0,0.7362,clean,none
G:\GitHub\DiT\MCCD\MCCD\MCCD-Calligrapher\calligrapher_dataset\赵孟𫖯\祐-行-元-赵孟𫖯-61042.png,赵孟頫,行,祐,元,61042,祐-行-元-赵孟𫖯-61042.png,mccd_salvage,ok,240,222,240.5,209.4,False,0.4021,2,0.0,0.9705,clean,none
G:\GitHub\DiT\MCCD\MCCD\MCCD-Calligrapher\calligrapher_dataset\赵孟𫖯\祖-楷-元-赵孟𫖯-61148.png,赵孟頫,楷,祖,元,61148,祖-楷-元-赵孟𫖯-61148.png,mccd_salvage,ok,274,197,237.0,210.7,False,0.4886,1,0.0,1.0,clean,none
G:\GitHub\DiT\MCCD\MCCD\MCCD-Calligrapher\calligrapher_dataset\赵孟𫖯\祜-隶-元-赵孟𫖯-61246.png,赵孟頫,隶,祜,元,61246,祜-隶-元-赵孟𫖯-61246.png,mccd_salvage,ok,258,188,234.2,191.3,False,0.3631,5,0.0,0.4927,clean,none
G:\GitHub\DiT\MCCD\MCCD\MCCD-Calligrapher\calligrapher_dataset\赵孟𫖯\祝-楷-元-赵孟𫖯-61317.png,赵孟頫,楷,祝,元,61317,祝-楷-元-赵孟𫖯-61317.png,mccd_salvage,ok,271,196,234.3,183.9,False,0.3757,3,0.0,0.7582,clean,none
G:\GitHub\DiT\MCCD\MCCD\MCCD-Calligrapher\calligrapher_dataset\赵孟𫖯\神-隶-元-赵孟𫖯-61414.png,赵孟頫,隶,神,元,61414,神-隶-元-赵孟𫖯-61414.png,mccd_salvage,ok,276,228,224.2,176.2,False,0.4322,5,0.0,0.5125,clean,none
G:\GitHub\DiT\MCCD\MCCD\MCCD-Calligrapher\calligrapher_dataset\赵孟𫖯\祭-楷-元-赵孟𫖯-61701.png,赵孟頫,楷,祭,元,61701,祭-楷-元-赵孟𫖯-61701.png,mccd_salvage,ok,245,188,228.9,185.6,False,0.3759,6,0.0,0.6675,clean,none
G:\GitHub\DiT\MCCD\MCCD\MCCD-Calligrapher\calligrapher_dataset\赵孟𫖯\祿-隶-元-赵孟𫖯-61833.png,赵孟頫,隶,祿,元,61833,祿-隶-元-赵孟𫖯-61833.png,mccd_salvage,ok,273,268,228.2,182.8,False,0.3962,8,0.0,0.4062,clean,none
G:\GitHub\DiT\MCCD\MCCD\MCCD-Calligrapher\calligrapher_dataset\赵孟𫖯\禄-隶-元-赵孟𫖯-61948.png,赵孟頫,隶,禄,元,61948,禄-隶-元-赵孟𫖯-61948.png,mccd_salvage,ok,273,268,228.2,182.8,False,0.3962,8,0.0,0.4062,clean,none
G:\GitHub\DiT\MCCD\MCCD\MCCD-Calligrapher\calligrapher_dataset\赵孟𫖯\禍-隶-元-赵孟𫖯-62029.png,赵孟頫,隶,禍,元,62029,禍-隶-元-赵孟𫖯-62029.png,mccd_salvage,ok,284,242,221.7,144.9,False,0.4766,6,0.0,0.4445,clean,none
G:\GitHub\DiT\MCCD\MCCD\MCCD-Calligrapher\calligrapher_dataset\赵孟𫖯\福-行-元-赵孟𫖯-62171.png,赵孟頫,行,福,元,62171,福-行-元-赵孟𫖯-62171.png,mccd_salvage,ok,205,220,233.7,200.7,False,0.3604,3,0.0,0.5599,clean,none
G:\GitHub\DiT\MCCD\MCCD\MCCD-Calligrapher\calligrapher_dataset\赵孟𫖯\福-隶-元-赵孟𫖯-62133.png,赵孟頫,隶,福,元,62133,福-隶-元-赵孟𫖯-62133.png,mccd_salvage,ok,249,205,231.3,142.0,False,0.4853,5,0.0,0.6031,clean,none
G:\GitHub\DiT\MCCD\MCCD\MCCD-Calligrapher\calligrapher_dataset\赵孟𫖯\禪-隶-元-赵孟𫖯-62361.png,赵孟頫,隶,禪,元,62361,禪-隶-元-赵孟𫖯-62361.png,mccd_salvage,ok,269,233,229.4,151.2,False,0.5189,4,0.0,0.7,clean,none
G:\GitHub\DiT\MCCD\MCCD\MCCD-Calligrapher\calligrapher_dataset\赵孟𫖯\禮-隶-元-赵孟𫖯-62440.png,赵孟頫,隶,禮,元,62440,禮-隶-元-赵孟𫖯-62440.png,mccd_salvage,ok,260,213,225.1,138.3,False,0.4892,6,0.0,0.3562,clean,none
G:\GitHub\DiT\MCCD\MCCD\MCCD-Calligrapher\calligrapher_dataset\赵孟𫖯\禱-楷-元-赵孟𫖯-62522.png,赵孟頫,楷,禱,元,62522,禱-楷-元-赵孟𫖯-62522.png,mccd_salvage,ok,194,194,235.7,205.4,False,0.3943,2,0.0,0.9855,clean,none
G:\GitHub\DiT\MCCD\MCCD\MCCD-Calligrapher\calligrapher_dataset\赵孟𫖯\秀-楷-元-赵孟𫖯-62942.png,赵孟頫,楷,秀,元,62942,秀-楷-元-赵孟𫖯-62942.png,mccd_salvage,ok,180,225,233.7,205.7,False,0.3456,3,0.0,0.768,clean,none
G:\GitHub\DiT\MCCD\MCCD\MCCD-Calligrapher\calligrapher_dataset\赵孟𫖯\秀-楷-宋-赵孟𫖯-62941.png,赵孟頫,楷,秀,宋,62941,秀-楷-宋-赵孟𫖯-62941.png,mccd_salvage,ok,181,236,225.6,182.2,False,0.439,1,0.0,1.0,clean,none
G:\GitHub\DiT\MCCD\MCCD\MCCD-Calligrapher\calligrapher_dataset\赵孟𫖯\秉-行-元-赵孟𫖯-63147.png,赵孟頫,行,秉,元,63147,秉-行-元-赵孟𫖯-63147.png,mccd_salvage,ok,172,291,233.7,189.9,False,0.3486,4,0.0004,0.8883,clean,none
G:\GitHub\DiT\MCCD\MCCD\MCCD-Calligrapher\calligrapher_dataset\赵孟𫖯\秉-隶-元-赵孟𫖯-63122.png,赵孟頫,隶,秉,元,63122,秉-隶-元-赵孟𫖯-63122.png,mccd_salvage,ok,245,220,236.1,203.1,False,0.3964,1,0.0,1.0,clean,none
G:\GitHub\DiT\MCCD\MCCD\MCCD-Calligrapher\calligrapher_dataset\赵孟𫖯\秋-行-元-赵孟𫖯-63288.png,赵孟頫,行,秋,元,63288,秋-行-元-赵孟𫖯-63288.png,mccd_salvage,ok,236,208,229.1,196.9,False,0.3868,2,0.0,0.897,clean,none
G:\GitHub\DiT\MCCD\MCCD\MCCD-Calligrapher\calligrapher_dataset\赵孟𫖯\秋-行-元-赵孟𫖯-63289.png,赵孟頫,行,秋,元,63289,秋-行-元-赵孟𫖯-63289.png,mccd_salvage,ok,191,158,230.0,180.4,False,0.387,1,0.0,1.0,clean,none
G:\GitHub\DiT\MCCD\MCCD\MCCD-Calligrapher\calligrapher_dataset\赵孟𫖯\秦-楷-元-赵孟𫖯-63604.png,赵孟頫,楷,秦,元,63604,秦-楷-元-赵孟𫖯-63604.png,mccd_salvage,ok,202,211,244.9,227.8,False,0.2944,3,0.0,0.9173,clean,none
G:\GitHub\DiT\MCCD\MCCD\MCCD-Calligrapher\calligrapher_dataset\赵孟𫖯\秦-隶-元-赵孟𫖯-63580.png,赵孟頫,隶,秦,元,63580,秦-隶-元-赵孟𫖯-63580.png,mccd_salvage,ok,265,226,240.5,201.1,False,0.4154,3,0.0,0.6933,clean,none
G:\GitHub\DiT\MCCD\MCCD\MCCD-Calligrapher\calligrapher_dataset\赵孟𫖯\秪-行-元-赵孟𫖯-63690.png,赵孟頫,行,秪,元,63690,秪-行-元-赵孟𫖯-63690.png,mccd_salvage,ok,254,220,232.9,201.3,False,0.3627,2,0.0,0.9416,clean,none
G:\GitHub\DiT\MCCD\MCCD\MCCD-Calligrapher\calligrapher_dataset\赵孟𫖯\程-楷-元-赵孟𫖯-63946.png,赵孟頫,楷,程,元,63946,程-楷-元-赵孟𫖯-63946.png,mccd_salvage,ok,278,291,239.5,210.9,False,0.4364,4,0.0,0.3844,clean,none
G:\GitHub\DiT\MCCD\MCCD\MCCD-Calligrapher\calligrapher_dataset\赵孟𫖯\稚-行-元-赵孟𫖯-64099.png,赵孟頫,行,稚,元,64099,稚-行-元-赵孟𫖯-64099.png,mccd_salvage,ok,257,259,239.6,220.0,False,0.3833,4,0.0004,0.6422,clean,none
G:\GitHub\DiT\MCCD\MCCD\MCCD-Calligrapher\calligrapher_dataset\赵孟𫖯\稠-楷-元-赵孟𫖯-64157.png,赵孟頫,楷,稠,元,64157,稠-楷-元-赵孟𫖯-64157.png,mccd_salvage,ok,226,183,235.3,181.1,False,0.3205,3,0.0,0.6308,clean,none
G:\GitHub\DiT\MCCD\MCCD\MCCD-Calligrapher\calligrapher_dataset\赵孟𫖯\稱-隶-元-赵孟𫖯-64293.png,赵孟頫,隶,稱,元,64293,稱-隶-元-赵孟𫖯-64293.png,mccd_salvage,ok,282,197,237.7,187.0,False,0.4219,5,0.0,0.5208,clean,none
G:\GitHub\DiT\MCCD\MCCD\MCCD-Calligrapher\calligrapher_dataset\赵孟𫖯\稼-楷-元-赵孟𫖯-64484.png,赵孟頫,楷,稼,元,64484,稼-楷-元-赵孟𫖯-64484.png,mccd_salvage,ok,246,183,240.7,210.8,False,0.3279,4,0.0,0.4384,clean,none
G:\GitHub\DiT\MCCD\MCCD\MCCD-Calligrapher\calligrapher_dataset\赵孟𫖯\稼-隶-元-赵孟𫖯-64478.png,赵孟頫,隶,稼,元,64478,稼-隶-元-赵孟𫖯-64478.png,mccd_salvage,ok,270,222,241.4,222.5,False,0.3538,2,0.0,0.8609,clean,none
G:\GitHub\DiT\MCCD\MCCD\MCCD-Calligrapher\calligrapher_dataset\赵孟𫖯\稽-楷-元-赵孟𫖯-64537.png,赵孟頫,楷,稽,元,64537,稽-楷-元-赵孟𫖯-64537.png,mccd_salvage,ok,230,209,235.0,189.5,False,0.4049,3,0.0,0.653,clean,none
G:\GitHub\DiT\MCCD\MCCD\MCCD-Calligrapher\calligrapher_dataset\赵孟𫖯\稽-行-元-赵孟𫖯-64549.png,赵孟頫,行,稽,元,64549,稽-行-元-赵孟𫖯-64549.png,mccd_salvage,ok,217,230,243.2,204.8,False,0.2435,11,0.0021,0.3584,clean,none
G:\GitHub\DiT\MCCD\MCCD\MCCD-Calligrapher\calligrapher_dataset\赵孟𫖯\稾-隶-元-赵孟𫖯-64587.png,赵孟頫,隶,稾,元,64587,稾-隶-元-赵孟𫖯-64587.png,mccd_salvage,ok,270,300,233.4,199.2,False,0.401,2,0.0,0.5732,clean,none
G:\GitHub\DiT\MCCD\MCCD\MCCD-Calligrapher\calligrapher_dataset\赵孟𫖯\積-楷-元-赵孟𫖯-64808.png,赵孟頫,楷,積,元,64808,積-楷-元-赵孟𫖯-64808.png,mccd_salvage,ok,242,219,240.5,219.0,False,0.3299,5,0.0,0.6348,clean,none
G:\GitHub\DiT\MCCD\MCCD\MCCD-Calligrapher\calligrapher_dataset\赵孟𫖯\積-隶-元-赵孟𫖯-64793.png,赵孟頫,隶,積,元,64793,積-隶-元-赵孟𫖯-64793.png,mccd_salvage,ok,254,230,241.1,158.6,False,0.4599,3,0.0,0.7129,clean,none
G:\GitHub\DiT\MCCD\MCCD\MCCD-Calligrapher\calligrapher_dataset\赵孟𫖯\穠-楷-元-赵孟𫖯-64950.png,赵孟頫,楷,穠,元,64950,穠-楷-元-赵孟𫖯-64950.png,mccd_salvage,ok,177,206,236.4,209.1,False,0.3959,3,0.0014,0.9559,clean,none
G:\GitHub\DiT\MCCD\MCCD\MCCD-Calligrapher\calligrapher_dataset\赵孟𫖯\穠-行-元-赵孟𫖯-64951.png,赵孟頫,行,穠,元,64951,穠-行-元-赵孟𫖯-64951.png,mccd_salvage,ok,237,247,236.0,207.0,False,0.4605,2,0.0,0.9495,clean,none
G:\GitHub\DiT\MCCD\MCCD\MCCD-Calligrapher\calligrapher_dataset\赵孟𫖯\穡-楷-元-赵孟𫖯-64965.png,赵孟頫,楷,穡,元,64965,穡-楷-元-赵孟𫖯-64965.png,mccd_salvage,ok,248,195,216.8,186.5,False,0.4408,1,0.0,1.0,clean,none
G:\GitHub\DiT\MCCD\MCCD\MCCD-Calligrapher\calligrapher_dataset\赵孟𫖯\穡-行-元-赵孟𫖯-64972.png,赵孟頫,行,穡,元,64972,穡-行-元-赵孟𫖯-64972.png,mccd_salvage,ok,262,221,240.6,221.0,False,0.372,4,0.0,0.3532,clean,none
G:\GitHub\DiT\MCCD\MCCD\MCCD-Calligrapher\calligrapher_dataset\赵孟𫖯\穡-隶-元-赵孟𫖯-64960.png,赵孟頫,隶,穡,元,64960,穡-隶-元-赵孟𫖯-64960.png,mccd_salvage,ok,277,184,222.2,184.6,False,0.4567,2,0.0,0.6468,clean,none
G:\GitHub\DiT\MCCD\MCCD\MCCD-Calligrapher\calligrapher_dataset\赵孟𫖯\穢-楷-元-赵孟𫖯-64995.png,赵孟頫,楷,穢,元,64995,穢-楷-元-赵孟𫖯-64995.png,mccd_salvage,ok,201,176,238.9,218.1,False,0.3074,3,0.0,0.6907,clean,none
G:\GitHub\DiT\MCCD\MCCD\MCCD-Calligrapher\calligrapher_dataset\赵孟𫖯\穰-楷-元-赵孟𫖯-65071.png,赵孟頫,楷,穰,元,65071,穰-楷-元-赵孟𫖯-65071.png,mccd_salvage,ok,239,229,236.5,211.4,False,0.357,3,0.0,0.5692,clean,none
G:\GitHub\DiT\MCCD\MCCD\MCCD-Calligrapher\calligrapher_dataset\赵孟𫖯\究-楷-元-赵孟𫖯-65142.png,赵孟頫,楷,究,元,65142,究-楷-元-赵孟𫖯-65142.png,mccd_salvage,ok,219,219,220.8,183.8,False,0.3698,2,0.0,0.9612,clean,none
G:\GitHub\DiT\MCCD\MCCD\MCCD-Calligrapher\calligrapher_dataset\赵孟𫖯\空-行-元-赵孟𫖯-65270.png,赵孟頫,行,空,元,65270,空-行-元-赵孟𫖯-65270.png,mccd_salvage,ok,207,202,227.6,197.2,False,0.3066,2,0.0,0.9231,clean,none
G:\GitHub\DiT\MCCD\MCCD\MCCD-Calligrapher\calligrapher_dataset\赵孟𫖯\空-行-元-赵孟𫖯-65272.png,赵孟頫,行,空,元,65272,空-行-元-赵孟𫖯-65272.png,mccd_salvage,ok,199,220,227.2,200.2,False,0.2981,4,0.0,0.4394,clean,none
G:\GitHub\DiT\MCCD\MCCD\MCCD-Calligrapher\calligrapher_dataset\赵孟𫖯\空-行-元-赵孟𫖯-65275.png,赵孟頫,行,空,元,65275,空-行-元-赵孟𫖯-65275.png,mccd_salvage,ok,204,239,220.8,196.9,False,0.2864,3,0.0,0.5768,clean,none
G:\GitHub\DiT\MCCD\MCCD\MCCD-Calligrapher\calligrapher_dataset\赵孟𫖯\空-隶-元-赵孟𫖯-65225.png,赵孟頫,隶,空,元,65225,空-隶-元-赵孟𫖯-65225.png,mccd_salvage,ok,277,256,210.2,121.8,False,0.4853,2,0.0,0.6786,clean,none
G:\GitHub\DiT\MCCD\MCCD\MCCD-Calligrapher\calligrapher_dataset\赵孟𫖯\突-楷-元-赵孟𫖯-65395.png,赵孟頫,楷,突,元,65395,突-楷-元-赵孟𫖯-65395.png,mccd_salvage,ok,216,235,232.3,216.3,False,0.2438,6,0.0017,0.484,clean,none
G:\GitHub\DiT\MCCD\MCCD\MCCD-Calligrapher\calligrapher_dataset\赵孟𫖯\窓-楷-元-赵孟𫖯-65502.png,赵孟頫,楷,窓,元,65502,窓-楷-元-赵孟𫖯-65502.png,mccd_salvage,ok,203,214,225.3,189.6,False,0.3131,10,0.0023,0.2764,clean,none
G:\GitHub\DiT\MCCD\MCCD\MCCD-Calligrapher\calligrapher_dataset\赵孟𫖯\窺-行-元-赵孟𫖯-65786.png,赵孟頫,行,窺,元,65786,窺-行-元-赵孟𫖯-65786.png,mccd_salvage,ok,251,326,231.9,193.9,False,0.3601,7,0.0001,0.3343,clean,none
G:\GitHub\DiT\MCCD\MCCD\MCCD-Calligrapher\calligrapher_dataset\赵孟𫖯\竄-楷-元-赵孟𫖯-65849.png,赵孟頫,楷,竄,元,65849,竄-楷-元-赵孟𫖯-65849.png,mccd_salvage,ok,218,295,238.0,216.8,False,0.2666,3,0.0,0.9268,clean,none
G:\GitHub\DiT\MCCD\MCCD\MCCD-Calligrapher\calligrapher_dataset\赵孟𫖯\立-楷-元-赵孟𫖯-66163.png,赵孟頫,楷,立,元,66163,立-楷-元-赵孟𫖯-66163.png,mccd_salvage,ok,232,178,229.6,178.3,False,0.2702,3,0.0,0.5521,clean,none
G:\GitHub\DiT\MCCD\MCCD\MCCD-Calligrapher\calligrapher_dataset\赵孟𫖯\立-行-元-赵孟𫖯-66176.png,赵孟頫,行,立,元,66176,立-行-元-赵孟𫖯-66176.png,mccd_salvage,ok,185,248,242.3,201.3,False,0.2948,2,0.0,0.7733,clean,none
G:\GitHub\DiT\MCCD\MCCD\MCCD-Calligrapher\calligrapher_dataset\赵孟𫖯\立-隶-元-赵孟𫖯-66129.png,赵孟頫,隶,立,元,66129,立-隶-元-赵孟𫖯-66129.png,mccd_salvage,ok,283,176,240.6,193.5,False,0.3099,1,0.0,1.0,clean,none
G:\GitHub\DiT\MCCD\MCCD\MCCD-Calligrapher\calligrapher_dataset\赵孟𫖯\笑-隶-元-赵孟𫖯-67126.png,赵孟頫,隶,笑,元,67126,笑-隶-元-赵孟𫖯-67126.png,mccd_salvage,ok,266,232,241.8,211.4,False,0.3219,2,0.0,0.6381,clean,none
G:\GitHub\DiT\MCCD\MCCD\MCCD-Calligrapher\calligrapher_dataset\赵孟𫖯\笙-隶-元-赵孟𫖯-67166.png,赵孟頫,隶,笙,元,67166,笙-隶-元-赵孟𫖯-67166.png,mccd_salvage,ok,286,232,238.0,181.3,False,0.3301,3,0.0,0.7402,clean,none
G:\GitHub\DiT\MCCD\MCCD\MCCD-Calligrapher\calligrapher_dataset\赵孟𫖯\筆-楷-元-赵孟𫖯-67501.png,赵孟頫,楷,筆,元,67501,筆-楷-元-赵孟𫖯-67501.png,mccd_salvage,ok,156,278,249.7,234.4,False,0.2568,2,0.0,0.8711,clean,none
G:\GitHub\DiT\MCCD\MCCD\MCCD-Calligrapher\calligrapher_dataset\赵孟𫖯\等-隶-元-赵孟𫖯-67575.png,赵孟頫,隶,等,元,67575,等-隶-元-赵孟𫖯-67575.png,mccd_salvage,ok,252,225,236.2,208.1,False,0.3776,2,0.0,0.9452,clean,none
G:\GitHub\DiT\MCCD\MCCD\MCCD-Calligrapher\calligrapher_dataset\赵孟𫖯\筍-隶-元-赵孟𫖯-67704.png,赵孟頫,隶,筍,元,67704,筍-隶-元-赵孟𫖯-67704.png,mccd_salvage,ok,250,225,222.7,158.8,False,0.5221,2,0.0,0.5834,clean,none
G:\GitHub\DiT\MCCD\MCCD\MCCD-Calligrapher\calligrapher_dataset\赵孟𫖯\答-隶-元-赵孟𫖯-67769.png,赵孟頫,隶,答,元,67769,答-隶-元-赵孟𫖯-67769.png,mccd_salvage,ok,275,214,228.9,194.3,False,0.3691,3,0.0,0.624,clean,none
G:\GitHub\DiT\MCCD\MCCD\MCCD-Calligrapher\calligrapher_dataset\赵孟𫖯\策-行-元-赵孟𫖯-67824.png,赵孟頫,行,策,元,67824,策-行-元-赵孟𫖯-67824.png,mccd_salvage,ok,171,212,240.3,207.2,False,0.3339,5,0.0,0.4593,clean,none
G:\GitHub\DiT\MCCD\MCCD\MCCD-Calligrapher\calligrapher_dataset\赵孟𫖯\策-隶-元-赵孟𫖯-67806.png,赵孟頫,隶,策,元,67806,策-隶-元-赵孟𫖯-67806.png,mccd_salvage,ok,255,242,242.6,222.4,False,0.4055,6,0.0007,0.4677,clean,none
G:\GitHub\DiT\MCCD\MCCD\MCCD-Calligrapher\calligrapher_dataset\赵孟𫖯\筵-隶-元-赵孟𫖯-68007.png,赵孟頫,隶,筵,元,68007,筵-隶-元-赵孟𫖯-68007.png,mccd_salvage,ok,249,248,238.9,209.3,False,0.3021,6,0.0,0.4204,clean,none
G:\GitHub\DiT\MCCD\MCCD\MCCD-Calligrapher\calligrapher_dataset\赵孟𫖯\箠-行-元-赵孟𫖯-68213.png,赵孟頫,行,箠,元,68213,箠-行-元-赵孟𫖯-68213.png,mccd_salvage,ok,211,310,239.0,200.6,False,0.4443,1,0.0,1.0,clean,none
G:\GitHub\DiT\MCCD\MCCD\MCCD-Calligrapher\calligrapher_dataset\赵孟𫖯\範-楷-元-赵孟𫖯-68571.png,赵孟頫,楷,範,元,68571,範-楷-元-赵孟𫖯-68571.png,mccd_salvage,ok,187,166,212.5,201.9,False,0.2826,3,0.0,0.9277,clean,none
G:\GitHub\DiT\MCCD\MCCD\MCCD-Calligrapher\calligrapher_dataset\赵孟𫖯\築-行-元-赵孟𫖯-68678.png,赵孟頫,行,築,元,68678,築-行-元-赵孟𫖯-68678.png,mccd_salvage,ok,194,249,240.1,212.4,False,0.3612,5,0.0012,0.4069,clean,none
G:\GitHub\DiT\MCCD\MCCD\MCCD-Calligrapher\calligrapher_dataset\赵孟𫖯\篹-楷-元-赵孟𫖯-68927.png,赵孟頫,楷,篹,元,68927,篹-楷-元-赵孟𫖯-68927.png,mccd_salvage,ok,215,282,235.6,224.4,False,0.285,5,0.0,0.6773,clean,none
G:\GitHub\DiT\MCCD\MCCD\MCCD-Calligrapher\calligrapher_dataset\赵孟𫖯\籌-楷-元-赵孟𫖯-69402.png,赵孟頫,楷,籌,元,69402,籌-楷-元-赵孟𫖯-69402.png,mccd_salvage,ok,168,218,235.1,212.5,False,0.3229,2,0.0,0.9815,clean,none
G:\GitHub\DiT\MCCD\MCCD\MCCD-Calligrapher\calligrapher_dataset\赵孟𫖯\籍-楷-元-赵孟𫖯-69435.png,赵孟頫,楷,籍,元,69435,籍-楷-元-赵孟𫖯-69435.png,mccd_salvage,ok,205,249,240.2,194.1,False,0.3238,8,0.0043,0.3263,clean,none
G:\GitHub\DiT\MCCD\MCCD\MCCD-Calligrapher\calligrapher_dataset\赵孟𫖯\米-行-元-赵孟𫖯-69690.png,赵孟頫,行,米,元,69690,米-行-元-赵孟𫖯-69690.png,mccd_salvage,ok,166,207,233.0,194.6,False,0.3165,4,0.0,0.6321,clean,none
G:\GitHub\DiT\MCCD\MCCD\MCCD-Calligrapher\calligrapher_dataset\赵孟𫖯\粗-楷-元-赵孟𫖯-69795.png,赵孟頫,楷,粗,元,69795,粗-楷-元-赵孟𫖯-69795.png,mccd_salvage,ok,275,250,239.8,230.1,False,0.4042,1,0.0,1.0,clean,none
G:\GitHub\DiT\MCCD\MCCD\MCCD-Calligrapher\calligrapher_dataset\赵孟𫖯\粮-楷-元-赵孟𫖯-69949.png,赵孟頫,楷,粮,元,69949,粮-楷-元-赵孟𫖯-69949.png,mccd_salvage,ok,254,191,243.3,203.5,False,0.4245,1,0.0,1.0,clean,none
G:\GitHub\DiT\MCCD\MCCD\MCCD-Calligrapher\calligrapher_dataset\赵孟𫖯\精-楷-元-赵孟𫖯-70167.png,赵孟頫,楷,精,元,70167,精-楷-元-赵孟𫖯-70167.png,mccd_salvage,ok,241,232,239.9,224.6,False,0.3448,4,0.0,0.5478,clean,none
G:\GitHub\DiT\MCCD\MCCD\MCCD-Calligrapher\calligrapher_dataset\赵孟𫖯\精-楷-元-赵孟𫖯-70168.png,赵孟頫,楷,精,元,70168,精-楷-元-赵孟𫖯-70168.png,mccd_salvage,ok,223,250,239.3,214.9,False,0.418,1,0.0,1.0,clean,none
G:\GitHub\DiT\MCCD\MCCD\MCCD-Calligrapher\calligrapher_dataset\赵孟𫖯\精-行-元-赵孟𫖯-70179.png,赵孟頫,行,精,元,70179,精-行-元-赵孟𫖯-70179.png,mccd_salvage,ok,208,226,226.2,183.6,False,0.4086,3,0.0,0.6168,clean,none
G:\GitHub\DiT\MCCD\MCCD\MCCD-Calligrapher\calligrapher_dataset\赵孟𫖯\糟-楷-元-赵孟𫖯-70353.png,赵孟頫,楷,糟,元,70353,糟-楷-元-赵孟𫖯-70353.png,mccd_salvage,ok,236,225,233.6,186.7,False,0.4635,1,0.0,1.0,clean,none
G:\GitHub\DiT\MCCD\MCCD\MCCD-Calligrapher\calligrapher_dataset\赵孟𫖯\糟-隶-元-赵孟𫖯-70348.png,赵孟頫,隶,糟,元,70348,糟-隶-元-赵孟𫖯-70348.png,mccd_salvage,ok,276,194,218.7,158.2,False,0.4539,3,0.0,0.7517,clean,none
G:\GitHub\DiT\MCCD\MCCD\MCCD-Calligrapher\calligrapher_dataset\赵孟𫖯\糠-行-元-赵孟𫖯-70382.png,赵孟頫,行,糠,元,70382,糠-行-元-赵孟𫖯-70382.png,mccd_salvage,ok,249,232,226.6,192.2,False,0.3927,6,0.0,0.593,clean,none
G:\GitHub\DiT\MCCD\MCCD\MCCD-Calligrapher\calligrapher_dataset\赵孟𫖯\糧-隶-元-赵孟𫖯-70420.png,赵孟頫,隶,糧,元,70420,糧-隶-元-赵孟𫖯-70420.png,mccd_salvage,ok,253,180,207.1,158.3,False,0.4849,3,0.0,0.5188,clean,none
G:\GitHub\DiT\MCCD\MCCD\MCCD-Calligrapher\calligrapher_dataset\赵孟𫖯\約-隶-元-赵孟𫖯-70679.png,赵孟頫,隶,約,元,70679,約-隶-元-赵孟𫖯-70679.png,mccd_salvage,ok,269,213,243.8,213.9,False,0.3797,2,0.0,0.5259,clean,none
G:\GitHub\DiT\MCCD\MCCD\MCCD-Calligrapher\calligrapher_dataset\赵孟𫖯\紉-楷-元-赵孟𫖯-70815.png,赵孟頫,楷,紉,元,70815,紉-楷-元-赵孟𫖯-70815.png,mccd_salvage,ok,198,224,223.0,183.8,False,0.3566,5,0.0,0.4521,clean,none
G:\GitHub\DiT\MCCD\MCCD\MCCD-Calligrapher\calligrapher_dataset\赵孟𫖯\納-隶-元-赵孟𫖯-70847.png,赵孟頫,隶,納,元,70847,納-隶-元-赵孟𫖯-70847.png,mccd_salvage,ok,281,233,242.0,211.1,False,0.311,2,0.0,0.5023,clean,none
G:\GitHub\DiT\MCCD\MCCD\MCCD-Calligrapher\calligrapher_dataset\赵孟𫖯\紙-楷-元-赵孟𫖯-71073.png,赵孟頫,楷,紙,元,71073,紙-楷-元-赵孟𫖯-71073.png,mccd_salvage,ok,226,192,234.5,216.6,False,0.3302,4,0.0,0.5436,clean,none
G:\GitHub\DiT\MCCD\MCCD\MCCD-Calligrapher\calligrapher_dataset\赵孟𫖯\紙-隶-元-赵孟𫖯-71064.png,赵孟頫,隶,紙,元,71064,紙-隶-元-赵孟𫖯-71064.png,mccd_salvage,ok,275,175,238.2,224.3,False,0.3242,2,0.0,0.5203,clean,none
G:\GitHub\DiT\MCCD\MCCD\MCCD-Calligrapher\calligrapher_dataset\赵孟𫖯\紛-楷-元-赵孟𫖯-71153.png,赵孟頫,楷,紛,元,71153,紛-楷-元-赵孟𫖯-71153.png,mccd_salvage,ok,195,141,232.5,191.9,False,0.3402,3,0.0,0.5266,clean,none
G:\GitHub\DiT\MCCD\MCCD\MCCD-Calligrapher\calligrapher_dataset\赵孟𫖯\紡-隶-元-赵孟𫖯-71315.png,赵孟頫,隶,紡,元,71315,紡-隶-元-赵孟𫖯-71315.png,mccd_salvage,ok,275,186,243.3,212.7,False,0.3415,1,0.0,1.0,clean,none
G:\GitHub\DiT\MCCD\MCCD\MCCD-Calligrapher\calligrapher_dataset\赵孟𫖯\索-楷-元-赵孟𫖯-71395.png,赵孟頫,楷,索,元,71395,索-楷-元-赵孟𫖯-71395.png,mccd_salvage,ok,227,300,233.1,209.3,False,0.3752,4,0.0,0.8333,clean,none
G:\GitHub\DiT\MCCD\MCCD\MCCD-Calligrapher\calligrapher_dataset\赵孟𫖯\索-隶-元-赵孟𫖯-71387.png,赵孟頫,隶,索,元,71387,索-隶-元-赵孟𫖯-71387.png,mccd_salvage,ok,254,249,243.8,202.9,False,0.3845,1,0.0,1.0,clean,none
G:\GitHub\DiT\MCCD\MCCD\MCCD-Calligrapher\calligrapher_dataset\赵孟𫖯\紫-隶-元-赵孟𫖯-71588.png,赵孟頫,隶,紫,元,71588,紫-隶-元-赵孟𫖯-71588.png,mccd_salvage,ok,257,248,237.9,218.6,False,0.3784,4,0.0,0.8938,clean,none
G:\GitHub\DiT\MCCD\MCCD\MCCD-Calligrapher\calligrapher_dataset\赵孟𫖯\終-行-元-赵孟𫖯-71966.png,赵孟頫,行,終,元,71966,終-行-元-赵孟𫖯-71966.png,mccd_salvage,ok,244,234,239.6,213.0,False,0.3544,2,0.0,0.9133,clean,none
G:\GitHub\DiT\MCCD\MCCD\MCCD-Calligrapher\calligrapher_dataset\赵孟𫖯\終-隶-元-赵孟𫖯-71920.png,赵孟頫,隶,終,元,71920,終-隶-元-赵孟𫖯-71920.png,mccd_salvage,ok,236,243,239.3,200.3,False,0.3758,4,0.0,0.406,clean,none
G:\GitHub\DiT\MCCD\MCCD\MCCD-Calligrapher\calligrapher_dataset\赵孟𫖯\組-隶-元-赵孟𫖯-72077.png,赵孟頫,隶,組,元,72077,組-隶-元-赵孟𫖯-72077.png,mccd_salvage,ok,266,190,243.6,224.2,False,0.37,1,0.0,1.0,clean,none
G:\GitHub\DiT\MCCD\MCCD\MCCD-Calligrapher\calligrapher_dataset\赵孟𫖯\給-行-元-赵孟𫖯-72478.png,赵孟頫,行,給,元,72478,給-行-元-赵孟𫖯-72478.png,mccd_salvage,ok,241,161,234.8,195.6,False,0.3869,2,0.0,0.7215,clean,none
G:\GitHub\DiT\MCCD\MCCD\MCCD-Calligrapher\calligrapher_dataset\赵孟𫖯\絲-楷-元-赵孟𫖯-72684.png,赵孟頫,楷,絲,元,72684,絲-楷-元-赵孟𫖯-72684.png,mccd_salvage,ok,250,239,233.7,191.2,False,0.4875,3,0.0,0.4935,clean,none
G:\GitHub\DiT\MCCD\MCCD\MCCD-Calligrapher\calligrapher_dataset\赵孟𫖯\絲-隶-元-赵孟𫖯-72678.png,赵孟頫,隶,絲,元,72678,絲-隶-元-赵孟𫖯-72678.png,mccd_salvage,ok,278,239,247.1,227.9,False,0.3316,6,0.0,0.435,clean,none
G:\GitHub\DiT\MCCD\MCCD\MCCD-Calligrapher\calligrapher_dataset\赵孟𫖯\綏-隶-元-赵孟𫖯-72997.png,赵孟頫,隶,綏,元,72997,綏-隶-元-赵孟𫖯-72997.png,mccd_salvage,ok,263,196,242.6,207.2,False,0.3543,2,0.0002,0.9998,clean,none
G:\GitHub\DiT\MCCD\MCCD\MCCD-Calligrapher\calligrapher_dataset\赵孟𫖯\經-行-元-赵孟𫖯-73134.png,赵孟頫,行,經,元,73134,經-行-元-赵孟𫖯-73134.png,mccd_salvage,ok,232,198,235.0,201.3,False,0.4345,1,0.0,1.0,clean,none
G:\GitHub\DiT\MCCD\MCCD\MCCD-Calligrapher\calligrapher_dataset\赵孟𫖯\經-隶-元-赵孟𫖯-73082.png,赵孟頫,隶,經,元,73082,經-隶-元-赵孟𫖯-73082.png,mccd_salvage,ok,262,195,231.6,182.8,False,0.3692,6,0.0,0.4026,clean,none
G:\GitHub\DiT\MCCD\MCCD\MCCD-Calligrapher\calligrapher_dataset\赵孟𫖯\綠-楷-元-赵孟𫖯-73244.png,赵孟頫,楷,綠,元,73244,綠-楷-元-赵孟𫖯-73244.png,mccd_salvage,ok,225,242,237.8,201.0,False,0.3105,5,0.0,0.7635,clean,none
G:\GitHub\DiT\MCCD\MCCD\MCCD-Calligrapher\calligrapher_dataset\赵孟𫖯\網-行-元-赵孟𫖯-73456.png,赵孟頫,行,網,元,73456,網-行-元-赵孟𫖯-73456.png,mccd_salvage,ok,235,198,213.5,177.3,False,0.4181,3,0.0,0.4098,clean,none
G:\GitHub\DiT\MCCD\MCCD\MCCD-Calligrapher\calligrapher_dataset\赵孟𫖯\綵-隶-元-赵孟𫖯-73513.png,赵孟頫,隶,綵,元,73513,綵-隶-元-赵孟𫖯-73513.png,mccd_salvage,ok,289,220,246.3,224.5,False,0.349,2,0.0,0.8035,clean,none
G:\GitHub\DiT\MCCD\MCCD\MCCD-Calligrapher\calligrapher_dataset\赵孟𫖯\綺-隶-元-赵孟𫖯-73564.png,赵孟頫,隶,綺,元,73564,綺-隶-元-赵孟𫖯-73564.png,mccd_salvage,ok,285,210,237.1,207.7,False,0.3813,3,0.0,0.4987,clean,none
G:\GitHub\DiT\MCCD\MCCD\MCCD-Calligrapher\calligrapher_dataset\赵孟𫖯\緑-楷-元-赵孟𫖯-73806.png,赵孟頫,楷,緑,元,73806,緑-楷-元-赵孟𫖯-73806.png,mccd_salvage,ok,225,242,237.8,201.0,False,0.3105,5,0.0,0.7635,clean,none
G:\GitHub\DiT\MCCD\MCCD\MCCD-Calligrapher\calligrapher_dataset\赵孟𫖯\緝-楷-元-赵孟𫖯-73940.png,赵孟頫,楷,緝,元,73940,緝-楷-元-赵孟𫖯-73940.png,mccd_salvage,ok,206,258,236.5,210.9,False,0.2822,6,0.0,0.5343,clean,none
G:\GitHub\DiT\MCCD\MCCD\MCCD-Calligrapher\calligrapher_dataset\赵孟𫖯\緣-隶-元-赵孟𫖯-73997.png,赵孟頫,隶,緣,元,73997,緣-隶-元-赵孟𫖯-73997.png,mccd_salvage,ok,275,271,242.9,200.8,False,0.3738,1,0.0,1.0,clean,none
G:\GitHub\DiT\MCCD\MCCD\MCCD-Calligrapher\calligrapher_dataset\赵孟𫖯\練-楷-元-赵孟𫖯-74183.png,赵孟頫,楷,練,元,74183,練-楷-元-赵孟𫖯-74183.png,mccd_salvage,ok,232,216,240.5,220.2,False,0.2872,6,0.0,0.5322,clean,none
G:\GitHub\DiT\MCCD\MCCD\MCCD-Calligrapher\calligrapher_dataset\赵孟𫖯\縁-隶-元-赵孟𫖯-74287.png,赵孟頫,隶,縁,元,74287,縁-隶-元-赵孟𫖯-74287.png,mccd_salvage,ok,275,271,242.9,200.8,False,0.3738,1,0.0,1.0,clean,none
G:\GitHub\DiT\MCCD\MCCD\MCCD-Calligrapher\calligrapher_dataset\赵孟𫖯\縣-隶-元-赵孟𫖯-74653.png,赵孟頫,隶,縣,元,74653,縣-隶-元-赵孟𫖯-74653.png,mccd_salvage,ok,266,208,238.8,197.3,False,0.4154,3,0.0,0.3903,clean,none
G:\GitHub\DiT\MCCD\MCCD\MCCD-Calligrapher\calligrapher_dataset\赵孟𫖯\縱-行-元-赵孟𫖯-74813.png,赵孟頫,行,縱,元,74813,縱-行-元-赵孟𫖯-74813.png,mccd_salvage,ok,217,186,230.2,156.5,False,0.4917,2,0.0,0.5894,clean,none
G:\GitHub\DiT\MCCD\MCCD\MCCD-Calligrapher\calligrapher_dataset\赵孟𫖯\縻-行-元-赵孟𫖯-74928.png,赵孟頫,行,縻,元,74928,縻-行-元-赵孟𫖯-74928.png,mccd_salvage,ok,170,219,232.4,210.2,False,0.3621,4,0.0001,0.8868,clean,none
G:\GitHub\DiT\MCCD\MCCD\MCCD-Calligrapher\calligrapher_dataset\赵孟𫖯\縻-隶-元-赵孟𫖯-74921.png,赵孟頫,隶,縻,元,74921,縻-隶-元-赵孟𫖯-74921.png,mccd_salvage,ok,228,230,244.1,216.2,False,0.3507,1,0.0,1.0,clean,none
G:\GitHub\DiT\MCCD\MCCD\MCCD-Calligrapher\calligrapher_dataset\赵孟𫖯\績-隶-元-赵孟𫖯-74987.png,赵孟頫,隶,績,元,74987,績-隶-元-赵孟𫖯-74987.png,mccd_salvage,ok,261,227,244.4,219.6,False,0.4275,3,0.0,0.7051,clean,none
G:\GitHub\DiT\MCCD\MCCD\MCCD-Calligrapher\calligrapher_dataset\赵孟𫖯\繆-楷-元-赵孟𫖯-75104.png,赵孟頫,楷,繆,元,75104,繆-楷-元-赵孟𫖯-75104.png,mccd_salvage,ok,263,216,235.8,220.0,False,0.2974,7,0.0,0.5116,clean,none
G:\GitHub\DiT\MCCD\MCCD\MCCD-Calligrapher\calligrapher_dataset\赵孟𫖯\繋-楷-元-赵孟𫖯-75173.png,赵孟頫,楷,繋,元,75173,繋-楷-元-赵孟𫖯-75173.png,mccd_salvage,ok,216,262,236.4,221.4,False,0.3277,3,0.0,0.9321,clean,none
G:\GitHub\DiT\MCCD\MCCD\MCCD-Calligrapher\calligrapher_dataset\赵孟𫖯\繋-行-元-赵孟𫖯-75178.png,赵孟頫,行,繋,元,75178,繋-行-元-赵孟𫖯-75178.png,mccd_salvage,ok,216,270,232.0,201.2,False,0.4037,4,0.0003,0.9369,clean,none
G:\GitHub\DiT\MCCD\MCCD\MCCD-Calligrapher\calligrapher_dataset\赵孟𫖯\繡-楷-元-赵孟𫖯-75380.png,赵孟頫,楷,繡,元,75380,繡-楷-元-赵孟𫖯-75380.png,mccd_salvage,ok,202,196,225.3,177.5,False,0.376,7,0.0003,0.6818,clean,none
G:\GitHub\DiT\MCCD\MCCD\MCCD-Calligrapher\calligrapher_dataset\赵孟𫖯\繰-楷-元-赵孟𫖯-75531.png,赵孟頫,楷,繰,元,75531,繰-楷-元-赵孟𫖯-75531.png,mccd_salvage,ok,236,207,235.5,193.3,False,0.3528,7,0.0,0.2727,clean,none
G:\GitHub\DiT\MCCD\MCCD\MCCD-Calligrapher\calligrapher_dataset\赵孟𫖯\續-隶-元-赵孟𫖯-75730.png,赵孟頫,隶,續,元,75730,續-隶-元-赵孟𫖯-75730.png,mccd_salvage,ok,268,256,242.3,210.5,False,0.476,4,0.0,0.4037,clean,none
G:\GitHub\DiT\MCCD\MCCD\MCCD-Calligrapher\calligrapher_dataset\赵孟𫖯\纓-隶-元-赵孟𫖯-75818.png,赵孟頫,隶,纓,元,75818,纓-隶-元-赵孟𫖯-75818.png,mccd_salvage,ok,267,168,242.3,177.1,False,0.4258,2,0.0,0.704,clean,none
G:\GitHub\DiT\MCCD\MCCD\MCCD-Calligrapher\calligrapher_dataset\赵孟𫖯\罔-楷-元-赵孟𫖯-76218.png,赵孟頫,楷,罔,元,76218,罔-楷-元-赵孟𫖯-76218.png,mccd_salvage,ok,208,161,195.3,95.0,False,0.4812,2,0.0,0.8285,clean,none
G:\GitHub\DiT\MCCD\MCCD\MCCD-Calligrapher\calligrapher_dataset\赵孟𫖯\罪-楷-元-赵孟𫖯-76436.png,赵孟頫,楷,罪,元,76436,罪-楷-元-赵孟𫖯-76436.png,mccd_salvage,ok,236,195,218.9,169.3,False,0.4018,2,0.0,0.9027,clean,none
G:\GitHub\DiT\MCCD\MCCD\MCCD-Calligrapher\calligrapher_dataset\赵孟𫖯\罪-隶-元-赵孟𫖯-76421.png,赵孟頫,隶,罪,元,76421,罪-隶-元-赵孟𫖯-76421.png,mccd_salvage,ok,279,198,206.4,120.3,False,0.4747,3,0.0,0.4264,clean,none
G:\GitHub\DiT\MCCD\MCCD\MCCD-Calligrapher\calligrapher_dataset\赵孟𫖯\罰-楷-元-赵孟𫖯-76593.png,赵孟頫,楷,罰,元,76593,罰-楷-元-赵孟𫖯-76593.png,mccd_salvage,ok,247,280,230.3,191.0,False,0.3347,8,0.0,0.2405,clean,none
G:\GitHub\DiT\MCCD\MCCD\MCCD-Calligrapher\calligrapher_dataset\赵孟𫖯\罷-楷-元-赵孟𫖯-76687.png,赵孟頫,楷,罷,元,76687,罷-楷-元-赵孟𫖯-76687.png,mccd_salvage,ok,175,169,221.0,164.3,False,0.3886,1,0.0,1.0,clean,none
G:\GitHub\DiT\MCCD\MCCD\MCCD-Calligrapher\calligrapher_dataset\赵孟𫖯\罷-楷-元-赵孟𫖯-76688.png,赵孟頫,楷,罷,元,76688,罷-楷-元-赵孟𫖯-76688.png,mccd_salvage,ok,197,204,218.8,160.0,False,0.5059,2,0.0,0.9356,clean,none
G:\GitHub\DiT\MCCD\MCCD\MCCD-Calligrapher\calligrapher_dataset\赵孟𫖯\羅-楷-元-赵孟𫖯-76806.png,赵孟頫,楷,羅,元,76806,羅-楷-元-赵孟𫖯-76806.png,mccd_salvage,ok,205,239,228.2,190.3,False,0.3223,6,0.0,0.4543,clean,none
G:\GitHub\DiT\MCCD\MCCD\MCCD-Calligrapher\calligrapher_dataset\赵孟𫖯\羅-隶-元-赵孟𫖯-76794.png,赵孟頫,隶,羅,元,76794,羅-隶-元-赵孟𫖯-76794.png,mccd_salvage,ok,281,270,213.5,169.0,False,0.4363,2,0.0,0.6139,clean,none
G:\GitHub\DiT\MCCD\MCCD\MCCD-Calligrapher\calligrapher_dataset\赵孟𫖯\羊-行-元-赵孟𫖯-76995.png,赵孟頫,行,羊,元,76995,羊-行-元-赵孟𫖯-76995.png,mccd_salvage,ok,165,248,236.6,210.3,False,0.3024,3,0.0,0.7584,clean,none
G:\GitHub\DiT\MCCD\MCCD\MCCD-Calligrapher\calligrapher_dataset\赵孟𫖯\羊-隶-元-赵孟𫖯-76975.png,赵孟頫,隶,羊,元,76975,羊-隶-元-赵孟𫖯-76975.png,mccd_salvage,ok,273,229,240.7,218.5,False,0.2851,1,0.0,1.0,clean,none
G:\GitHub\DiT\MCCD\MCCD\MCCD-Calligrapher\calligrapher_dataset\赵孟𫖯\羌-隶-元-赵孟𫖯-77071.png,赵孟頫,隶,羌,元,77071,羌-隶-元-赵孟𫖯-77071.png,mccd_salvage,ok,257,251,233.5,199.1,False,0.3338,3,0.0,0.901,clean,none
G:\GitHub\DiT\MCCD\MCCD\MCCD-Calligrapher\calligrapher_dataset\赵孟𫖯\美-楷-元-赵孟𫖯-77175.png,赵孟頫,楷,美,元,77175,美-楷-元-赵孟𫖯-77175.png,mccd_salvage,ok,175,191,236.2,218.8,False,0.2952,2,0.0,0.9453,clean,none
G:\GitHub\DiT\MCCD\MCCD\MCCD-Calligrapher\calligrapher_dataset\赵孟𫖯\美-隶-元-赵孟𫖯-77143.png,赵孟頫,隶,美,元,77143,美-隶-元-赵孟𫖯-77143.png,mccd_salvage,ok,259,290,240.9,213.2,False,0.3568,3,0.0,0.909,clean,none
G:\GitHub\DiT\MCCD\MCCD\MCCD-Calligrapher\calligrapher_dataset\赵孟𫖯\羔-行-元-赵孟𫖯-77274.png,赵孟頫,行,羔,元,77274,羔-行-元-赵孟𫖯-77274.png,mccd_salvage,ok,251,254,240.4,216.3,False,0.2951,3,0.0,0.8373,clean,none
G:\GitHub\DiT\MCCD\MCCD\MCCD-Calligrapher\calligrapher_dataset\赵孟𫖯\羣-行-元-赵孟𫖯-77545.png,赵孟頫,行,羣,元,77545,羣-行-元-赵孟𫖯-77545.png,mccd_salvage,ok,193,216,237.5,204.5,False,0.4147,1,0.0,1.0,clean,none
G:\GitHub\DiT\MCCD\MCCD\MCCD-Calligrapher\calligrapher_dataset\赵孟𫖯\羣-隶-元-赵孟𫖯-77516.png,赵孟頫,隶,羣,元,77516,羣-隶-元-赵孟𫖯-77516.png,mccd_salvage,ok,252,252,228.3,194.8,False,0.4284,1,0.0,1.0,clean,none
G:\GitHub\DiT\MCCD\MCCD\MCCD-Calligrapher\calligrapher_dataset\赵孟𫖯\群-楷-元-赵孟𫖯-77587.png,赵孟頫,楷,群,元,77587,群-楷-元-赵孟𫖯-77587.png,mccd_salvage,ok,208,181,246.5,230.7,False,0.2322,5,0.0,0.4116,clean,none
G:\GitHub\DiT\MCCD\MCCD\MCCD-Calligrapher\calligrapher_dataset\赵孟𫖯\義-楷-元-赵孟𫖯-77818.png,赵孟頫,楷,義,元,77818,義-楷-元-赵孟𫖯-77818.png,mccd_salvage,ok,228,296,238.1,228.7,False,0.2613,6,0.0,0.8563,clean,none
G:\GitHub\DiT\MCCD\MCCD\MCCD-Calligrapher\calligrapher_dataset\赵孟𫖯\義-行-元-赵孟𫖯-77826.png,赵孟頫,行,義,元,77826,義-行-元-赵孟𫖯-77826.png,mccd_salvage,ok,167,265,241.7,216.3,False,0.3477,2,0.0,0.9769,clean,none
G:\GitHub\DiT\MCCD\MCCD\MCCD-Calligrapher\calligrapher_dataset\赵孟𫖯\義-隶-元-赵孟𫖯-77774.png,赵孟頫,隶,義,元,77774,義-隶-元-赵孟𫖯-77774.png,mccd_salvage,ok,272,331,241.3,218.5,False,0.3335,4,0.0,0.7063,clean,none
G:\GitHub\DiT\MCCD\MCCD\MCCD-Calligrapher\calligrapher_dataset\赵孟𫖯\羽-行-元-赵孟𫖯-78156.png,赵孟頫,行,羽,元,78156,羽-行-元-赵孟𫖯-78156.png,mccd_salvage,ok,259,198,205.9,121.3,False,0.5433,5,0.0001,0.493,clean,none
G:\GitHub\DiT\MCCD\MCCD\MCCD-Calligrapher\calligrapher_dataset\赵孟𫖯\翁-楷-元-赵孟𫖯-78211.png,赵孟頫,楷,翁,元,78211,翁-楷-元-赵孟𫖯-78211.png,mccd_salvage,ok,185,235,231.5,178.6,False,0.433,7,0.0,0.3036,clean,none
G:\GitHub\DiT\MCCD\MCCD\MCCD-Calligrapher\calligrapher_dataset\赵孟𫖯\習-行-元-赵孟𫖯-78445.png,赵孟頫,行,習,元,78445,習-行-元-赵孟𫖯-78445.png,mccd_salvage,ok,254,219,227.9,183.4,False,0.461,1,0.0,1.0,clean,none
G:\GitHub\DiT\MCCD\MCCD\MCCD-Calligrapher\calligrapher_dataset\赵孟𫖯\翔-楷-元-赵孟𫖯-78495.png,赵孟頫,楷,翔,元,78495,翔-楷-元-赵孟𫖯-78495.png,mccd_salvage,ok,198,185,217.6,197.9,False,0.345,5,0.0,0.6764,clean,none
G:\GitHub\DiT\MCCD\MCCD\MCCD-Calligrapher\calligrapher_dataset\赵孟𫖯\翔-行-元-赵孟𫖯-78507.png,赵孟頫,行,翔,元,78507,翔-行-元-赵孟𫖯-78507.png,mccd_salvage,ok,198,234,229.4,187.8,False,0.3688,2,0.0,0.9545,clean,none
G:\GitHub\DiT\MCCD\MCCD\MCCD-Calligrapher\calligrapher_dataset\赵孟𫖯\翔-行-元-赵孟𫖯-78508.png,赵孟頫,行,翔,元,78508,翔-行-元-赵孟𫖯-78508.png,mccd_salvage,ok,253,215,225.3,167.3,False,0.4173,6,0.0011,0.8949,clean,none
G:\GitHub\DiT\MCCD\MCCD\MCCD-Calligrapher\calligrapher_dataset\赵孟𫖯\翔-隶-元-赵孟𫖯-78480.png,赵孟頫,隶,翔,元,78480,翔-隶-元-赵孟𫖯-78480.png,mccd_salvage,ok,275,204,235.4,180.5,False,0.4783,2,0.0,0.5959,clean,none
G:\GitHub\DiT\MCCD\MCCD\MCCD-Calligrapher\calligrapher_dataset\赵孟𫖯\翕-楷-元-赵孟𫖯-78528.png,赵孟頫,楷,翕,元,78528,翕-楷-元-赵孟𫖯-78528.png,mccd_salvage,ok,226,190,243.0,220.4,False,0.2486,6,0.0006,0.3975,clean,none
G:\GitHub\DiT\MCCD\MCCD\MCCD-Calligrapher\calligrapher_dataset\赵孟𫖯\翠-楷-元-赵孟𫖯-78610.png,赵孟頫,楷,翠,元,78610,翠-楷-元-赵孟𫖯-78610.png,mccd_salvage,ok,182,211,241.3,222.0,False,0.216,5,0.0,0.7473,clean,none
G:\GitHub\DiT\MCCD\MCCD\MCCD-Calligrapher\calligrapher_dataset\赵孟𫖯\翠-隶-元-赵孟𫖯-78602.png,赵孟頫,隶,翠,元,78602,翠-隶-元-赵孟𫖯-78602.png,mccd_salvage,ok,267,263,227.9,192.8,False,0.3934,1,0.0,1.0,clean,none
G:\GitHub\DiT\MCCD\MCCD\MCCD-Calligrapher\calligrapher_dataset\赵孟𫖯\翫-行-元-赵孟𫖯-78758.png,赵孟頫,行,翫,元,78758,翫-行-元-赵孟𫖯-78758.png,mccd_salvage,ok,212,150,211.3,154.3,False,0.4446,3,0.0,0.5717,clean,none
G:\GitHub\DiT\MCCD\MCCD\MCCD-Calligrapher\calligrapher_dataset\赵孟𫖯\翫-行-元-赵孟𫖯-78759.png,赵孟頫,行,翫,元,78759,翫-行-元-赵孟𫖯-78759.png,mccd_salvage,ok,238,170,223.5,177.6,False,0.4199,3,0.0009,0.9617,clean,none
G:\GitHub\DiT\MCCD\MCCD\MCCD-Calligrapher\calligrapher_dataset\赵孟𫖯\翫-隶-元-赵孟𫖯-78746.png,赵孟頫,隶,翫,元,78746,翫-隶-元-赵孟𫖯-78746.png,mccd_salvage,ok,258,185,213.4,141.4,False,0.5328,1,0.0,1.0,clean,none
G:\GitHub\DiT\MCCD\MCCD\MCCD-Calligrapher\calligrapher_dataset\赵孟𫖯\翳-楷-元-赵孟𫖯-78882.png,赵孟頫,楷,翳,元,78882,翳-楷-元-赵孟𫖯-78882.png,mccd_salvage,ok,211,216,235.5,201.7,False,0.3308,7,0.0,0.6071,clean,none
G:\GitHub\DiT\MCCD\MCCD\MCCD-Calligrapher\calligrapher_dataset\赵孟𫖯\翳-隶-元-赵孟𫖯-78872.png,赵孟頫,隶,翳,元,78872,翳-隶-元-赵孟𫖯-78872.png,mccd_salvage,ok,246,230,222.2,158.4,False,0.5168,1,0.0,1.0,clean,none
G:\GitHub\DiT\MCCD\MCCD\MCCD-Calligrapher\calligrapher_dataset\赵孟𫖯\翹-行-元-赵孟𫖯-78930.png,赵孟頫,行,翹,元,78930,翹-行-元-赵孟𫖯-78930.png,mccd_salvage,ok,213,217,225.2,213.1,False,0.3335,1,0.0,1.0,clean,none
G:\GitHub\DiT\MCCD\MCCD\MCCD-Calligrapher\calligrapher_dataset\赵孟𫖯\翼-楷-元-赵孟𫖯-79055.png,赵孟頫,楷,翼,元,79055,翼-楷-元-赵孟𫖯-79055.png,mccd_salvage,ok,228,231,237.5,207.2,False,0.3797,2,0.0,0.9614,clean,none
G:\GitHub\DiT\MCCD\MCCD\MCCD-Calligrapher\calligrapher_dataset\赵孟𫖯\老-楷-元-赵孟𫖯-79228.png,赵孟頫,楷,老,元,79228,老-楷-元-赵孟𫖯-79228.png,mccd_salvage,ok,192,208,238.1,215.9,False,0.3215,1,0.0,1.0,clean,none
G:\GitHub\DiT\MCCD\MCCD\MCCD-Calligrapher\calligrapher_dataset\赵孟𫖯\老-行-元-赵孟𫖯-79260.png,赵孟頫,行,老,元,79260,老-行-元-赵孟𫖯-79260.png,mccd_salvage,ok,227,203,233.3,203.9,False,0.4063,1,0.0,1.0,clean,none
G:\GitHub\DiT\MCCD\MCCD\MCCD-Calligrapher\calligrapher_dataset\赵孟𫖯\老-行-元-赵孟𫖯-79262.png,赵孟頫,行,老,元,79262,老-行-元-赵孟𫖯-79262.png,mccd_salvage,ok,203,230,238.2,192.8,False,0.4289,2,0.0,0.9521,clean,none
G:\GitHub\DiT\MCCD\MCCD\MCCD-Calligrapher\calligrapher_dataset\赵孟𫖯\老-隶-元-赵孟𫖯-79199.png,赵孟頫,隶,老,元,79199,老-隶-元-赵孟𫖯-79199.png,mccd_salvage,ok,263,186,233.8,194.7,False,0.4041,1,0.0,1.0,clean,none
G:\GitHub\DiT\MCCD\MCCD\MCCD-Calligrapher\calligrapher_dataset\赵孟𫖯\者-楷-元-赵孟𫖯-80160.png,赵孟頫,楷,者,元,80160,者-楷-元-赵孟𫖯-80160.png,mccd_salvage,ok,190,174,243.1,215.8,False,0.2803,2,0.0,0.9799,clean,none
G:\GitHub\DiT\MCCD\MCCD\MCCD-Calligrapher\calligrapher_dataset\赵孟𫖯\者-行-元-赵孟𫖯-80202.png,赵孟頫,行,者,元,80202,者-行-元-赵孟𫖯-80202.png,mccd_salvage,ok,191,242,240.2,208.9,False,0.4156,1,0.0,1.0,clean,none
G:\GitHub\DiT\MCCD\MCCD\MCCD-Calligrapher\calligrapher_dataset\赵孟𫖯\者-行-元-赵孟𫖯-80204.png,赵孟頫,行,者,元,80204,者-行-元-赵孟𫖯-80204.png,mccd_salvage,ok,206,220,236.6,201.0,False,0.4261,1,0.0,1.0,clean,none
G:\GitHub\DiT\MCCD\MCCD\MCCD-Calligrapher\calligrapher_dataset\赵孟𫖯\耳-楷-元-赵孟𫖯-81253.png,赵孟頫,楷,耳,元,81253,耳-楷-元-赵孟𫖯-81253.png,mccd_salvage,ok,228,208,198.0,225.5,False,0.2883,1,0.0,1.0,clean,none
G:\GitHub\DiT\MCCD\MCCD\MCCD-Calligrapher\calligrapher_dataset\赵孟𫖯\耶-行-元-赵孟𫖯-81322.png,赵孟頫,行,耶,元,81322,耶-行-元-赵孟𫖯-81322.png,mccd_salvage,ok,197,267,236.9,209.0,False,0.3697,2,0.0006,0.9994,clean,none
G:\GitHub\DiT\MCCD\MCCD\MCCD-Calligrapher\calligrapher_dataset\赵孟𫖯\耽-行-元-赵孟𫖯-81382.png,赵孟頫,行,耽,元,81382,耽-行-元-赵孟𫖯-81382.png,mccd_salvage,ok,247,243,233.9,186.9,False,0.4628,3,0.0003,0.5744,clean,none
G:\GitHub\DiT\MCCD\MCCD\MCCD-Calligrapher\calligrapher_dataset\赵孟𫖯\聚-楷-元-赵孟𫖯-81823.png,赵孟頫,楷,聚,元,81823,聚-楷-元-赵孟𫖯-81823.png,mccd_salvage,ok,192,204,231.2,186.9,False,0.3577,1,0.0,1.0,clean,none
G:\GitHub\DiT\MCCD\MCCD\MCCD-Calligrapher\calligrapher_dataset\赵孟𫖯\聞-隶-元-赵孟𫖯-81906.png,赵孟頫,隶,聞,元,81906,聞-隶-元-赵孟𫖯-81906.png,mccd_salvage,ok,264,223,231.9,144.3,False,0.5372,3,0.0,0.352,clean,none
G:\GitHub\DiT\MCCD\MCCD\MCCD-Calligrapher\calligrapher_dataset\赵孟𫖯\聲-行-元-赵孟𫖯-82126.png,赵孟頫,行,聲,元,82126,聲-行-元-赵孟𫖯-82126.png,mccd_salvage,ok,177,283,240.4,222.2,False,0.3534,1,0.0,1.0,clean,none
G:\GitHub\DiT\MCCD\MCCD\MCCD-Calligrapher\calligrapher_dataset\赵孟𫖯\聲-隶-元-赵孟𫖯-82079.png,赵孟頫,隶,聲,元,82079,聲-隶-元-赵孟𫖯-82079.png,mccd_salvage,ok,278,221,242.8,220.9,False,0.399,2,0.0,0.8008,clean,none
G:\GitHub\DiT\MCCD\MCCD\MCCD-Calligrapher\calligrapher_dataset\赵孟𫖯\職-楷-元-赵孟𫖯-82263.png,赵孟頫,楷,職,元,82263,職-楷-元-赵孟𫖯-82263.png,mccd_salvage,ok,198,202,240.8,215.4,False,0.3094,4,0.0,0.7968,clean,none
G:\GitHub\DiT\MCCD\MCCD\MCCD-Calligrapher\calligrapher_dataset\赵孟𫖯\聽-楷-元-赵孟𫖯-82346.png,赵孟頫,楷,聽,元,82346,聽-楷-元-赵孟𫖯-82346.png,mccd_salvage,ok,178,187,238.2,200.6,False,0.313,7,0.0,0.3829,clean,none
G:\GitHub\DiT\MCCD\MCCD\MCCD-Calligrapher\calligrapher_dataset\赵孟𫖯\聽-隶-元-赵孟𫖯-82332.png,赵孟頫,隶,聽,元,82332,聽-隶-元-赵孟𫖯-82332.png,mccd_salvage,ok,270,233,237.0,177.6,False,0.4432,4,0.0,0.5507,clean,none
G:\GitHub\DiT\MCCD\MCCD\MCCD-Calligrapher\calligrapher_dataset\赵孟𫖯\肅-楷-元-赵孟𫖯-82496.png,赵孟頫,楷,肅,元,82496,肅-楷-元-赵孟𫖯-82496.png,mccd_salvage,ok,244,284,237.7,198.4,False,0.4554,1,0.0,1.0,clean,none
G:\GitHub\DiT\MCCD\MCCD\MCCD-Calligrapher\calligrapher_dataset\赵孟𫖯\肆-楷-元-赵孟𫖯-82543.png,赵孟頫,楷,肆,元,82543,肆-楷-元-赵孟𫖯-82543.png,mccd_salvage,ok,241,243,243.3,235.3,False,0.2788,6,0.0,0.6171,clean,none
G:\GitHub\DiT\MCCD\MCCD\MCCD-Calligrapher\calligrapher_dataset\赵孟𫖯\肖-行-元-赵孟𫖯-82775.png,赵孟頫,行,肖,元,82775,肖-行-元-赵孟𫖯-82775.png,mccd_salvage,ok,245,258,232.2,197.8,False,0.5048,1,0.0,1.0,clean,none
G:\GitHub\DiT\MCCD\MCCD\MCCD-Calligrapher\calligrapher_dataset\赵孟𫖯\肥-楷-元-赵孟𫖯-82928.png,赵孟頫,楷,肥,元,82928,肥-楷-元-赵孟𫖯-82928.png,mccd_salvage,ok,256,153,212.8,151.4,False,0.3196,2,0.0,0.5007,clean,none
G:\GitHub\DiT\MCCD\MCCD\MCCD-Calligrapher\calligrapher_dataset\赵孟𫖯\肩-楷-元-赵孟𫖯-83005.png,赵孟頫,楷,肩,元,83005,肩-楷-元-赵孟𫖯-83005.png,mccd_salvage,ok,162,232,222.2,185.4,False,0.3002,4,0.0,0.8643,clean,none
G:\GitHub\DiT\MCCD\MCCD\MCCD-Calligrapher\calligrapher_dataset\赵孟𫖯\育-隶-元-赵孟𫖯-83138.png,赵孟頫,隶,育,元,83138,育-隶-元-赵孟𫖯-83138.png,mccd_salvage,ok,257,226,234.8,216.7,False,0.3368,2,0.0,0.5367,clean,none
G:\GitHub\DiT\MCCD\MCCD\MCCD-Calligrapher\calligrapher_dataset\赵孟𫖯\背-隶-元-赵孟𫖯-83430.png,赵孟頫,隶,背,元,83430,背-隶-元-赵孟𫖯-83430.png,mccd_salvage,ok,288,255,238.4,209.8,False,0.3412,3,0.0,0.5331,clean,none
G:\GitHub\DiT\MCCD\MCCD\MCCD-Calligrapher\calligrapher_dataset\赵孟𫖯\胡-楷-元-赵孟𫖯-83613.png,赵孟頫,楷,胡,元,83613,胡-楷-元-赵孟𫖯-83613.png,mccd_salvage,ok,234,231,234.4,178.8,False,0.4587,1,0.0,1.0,clean,none
G:\GitHub\DiT\MCCD\MCCD\MCCD-Calligrapher\calligrapher_dataset\赵孟𫖯\能-行-元-赵孟𫖯-84016.png,赵孟頫,行,能,元,84016,能-行-元-赵孟𫖯-84016.png,mccd_salvage,ok,263,276,238.1,208.8,False,0.4067,1,0.0,1.0,clean,none
G:\GitHub\DiT\MCCD\MCCD\MCCD-Calligrapher\calligrapher_dataset\赵孟𫖯\能-行-元-赵孟𫖯-84018.png,赵孟頫,行,能,元,84018,能-行-元-赵孟𫖯-84018.png,mccd_salvage,ok,194,181,237.0,208.2,False,0.4072,1,0.0,1.0,clean,none
G:\GitHub\DiT\MCCD\MCCD\MCCD-Calligrapher\calligrapher_dataset\赵孟𫖯\脚-行-元-赵孟𫖯-84225.png,赵孟頫,行,脚,元,84225,脚-行-元-赵孟𫖯-84225.png,mccd_salvage,ok,225,256,245.3,230.5,False,0.2977,1,0.0,1.0,clean,none
G:\GitHub\DiT\MCCD\MCCD\MCCD-Calligrapher\calligrapher_dataset\赵孟𫖯\脩-隶-元-赵孟𫖯-84356.png,赵孟頫,隶,脩,元,84356,脩-隶-元-赵孟𫖯-84356.png,mccd_salvage,ok,264,199,239.6,208.9,False,0.3695,4,0.0,0.4795,clean,none
G:\GitHub\DiT\MCCD\MCCD\MCCD-Calligrapher\calligrapher_dataset\赵孟𫖯\脱-楷-元-赵孟𫖯-84537.png,赵孟頫,楷,脱,元,84537,脱-楷-元-赵孟𫖯-84537.png,mccd_salvage,ok,243,193,232.7,180.2,False,0.2854,5,0.0,0.51,clean,none
G:\GitHub\DiT\MCCD\MCCD\MCCD-Calligrapher\calligrapher_dataset\赵孟𫖯\腸-楷-元-赵孟𫖯-84897.png,赵孟頫,楷,腸,元,84897,腸-楷-元-赵孟𫖯-84897.png,mccd_salvage,ok,235,229,240.8,204.2,False,0.4037,1,0.0,1.0,clean,none
G:\GitHub\DiT\MCCD\MCCD\MCCD-Calligrapher\calligrapher_dataset\赵孟𫖯\膚-楷-元-赵孟𫖯-85148.png,赵孟頫,楷,膚,元,85148,膚-楷-元-赵孟𫖯-85148.png,mccd_salvage,ok,172,246,240.0,222.2,False,0.2814,4,0.0,0.5591,clean,none
G:\GitHub\DiT\MCCD\MCCD\MCCD-Calligrapher\calligrapher_dataset\赵孟𫖯\膳-楷-元-赵孟𫖯-85307.png,赵孟頫,楷,膳,元,85307,膳-楷-元-赵孟𫖯-85307.png,mccd_salvage,ok,232,213,237.1,175.7,False,0.4384,2,0.0,0.9645,clean,none
G:\GitHub\DiT\MCCD\MCCD\MCCD-Calligrapher\calligrapher_dataset\赵孟𫖯\臣-隶-元-赵孟𫖯-85874.png,赵孟頫,隶,臣,元,85874,臣-隶-元-赵孟𫖯-85874.png,mccd_salvage,ok,267,189,232.3,153.1,False,0.4542,1,0.0,1.0,clean,none
G:\GitHub\DiT\MCCD\MCCD\MCCD-Calligrapher\calligrapher_dataset\赵孟𫖯\臧-楷-元-赵孟𫖯-86086.png,赵孟頫,楷,臧,元,86086,臧-楷-元-赵孟𫖯-86086.png,mccd_salvage,ok,252,237,241.4,210.4,False,0.289,4,0.0,0.4272,clean,none
G:\GitHub\DiT\MCCD\MCCD\MCCD-Calligrapher\calligrapher_dataset\赵孟𫖯\臨-楷-元-赵孟𫖯-86187.png,赵孟頫,楷,臨,元,86187,臨-楷-元-赵孟𫖯-86187.png,mccd_salvage,ok,253,191,228.6,169.5,False,0.3655,4,0.0,0.4967,clean,none
G:\GitHub\DiT\MCCD\MCCD\MCCD-Calligrapher\calligrapher_dataset\赵孟𫖯\臨-行-元-赵孟𫖯-86202.png,赵孟頫,行,臨,元,86202,臨-行-元-赵孟𫖯-86202.png,mccd_salvage,ok,229,218,218.7,175.4,False,0.4885,2,0.0,0.5402,clean,none
G:\GitHub\DiT\MCCD\MCCD\MCCD-Calligrapher\calligrapher_dataset\赵孟𫖯\致-楷-元-赵孟𫖯-87102.png,赵孟頫,楷,致,元,87102,致-楷-元-赵孟𫖯-87102.png,mccd_salvage,ok,258,238,231.5,218.2,False,0.2998,3,0.0,0.5138,clean,none
G:\GitHub\DiT\MCCD\MCCD\MCCD-Calligrapher\calligrapher_dataset\赵孟𫖯\致-隶-元-赵孟𫖯-87081.png,赵孟頫,隶,致,元,87081,致-隶-元-赵孟𫖯-87081.png,mccd_salvage,ok,267,164,232.7,167.1,False,0.3551,2,0.0,0.5093,clean,none
G:\GitHub\DiT\MCCD\MCCD\MCCD-Calligrapher\calligrapher_dataset\赵孟𫖯\臺-行-元-赵孟𫖯-87208.png,赵孟頫,行,臺,元,87208,臺-行-元-赵孟𫖯-87208.png,mccd_salvage,ok,183,248,230.8,216.8,False,0.3068,4,0.0,0.5385,clean,none
G:\GitHub\DiT\MCCD\MCCD\MCCD-Calligrapher\calligrapher_dataset\赵孟𫖯\興-行-元-赵孟𫖯-87853.png,赵孟頫,行,興,元,87853,興-行-元-赵孟𫖯-87853.png,mccd_salvage,ok,242,186,233.1,200.0,False,0.4152,3,0.0007,0.9133,clean,none
G:\GitHub\DiT\MCCD\MCCD\MCCD-Calligrapher\calligrapher_dataset\赵孟𫖯\興-隶-元-赵孟𫖯-87808.png,赵孟頫,隶,興,元,87808,興-隶-元-赵孟𫖯-87808.png,mccd_salvage,ok,284,180,230.7,200.5,False,0.4093,4,0.0009,0.9077,clean,none
G:\GitHub\DiT\MCCD\MCCD\MCCD-Calligrapher\calligrapher_dataset\赵孟𫖯\舉-楷-元-赵孟𫖯-87960.png,赵孟頫,楷,舉,元,87960,舉-楷-元-赵孟𫖯-87960.png,mccd_salvage,ok,221,232,247.3,231.5,False,0.2645,2,0.0,0.9465,clean,none
G:\GitHub\DiT\MCCD\MCCD\MCCD-Calligrapher\calligrapher_dataset\赵孟𫖯\舉-行-元-赵孟𫖯-87972.png,赵孟頫,行,舉,元,87972,舉-行-元-赵孟𫖯-87972.png,mccd_salvage,ok,223,302,245.9,237.2,False,0.3063,1,0.0,1.0,clean,none
G:\GitHub\DiT\MCCD\MCCD\MCCD-Calligrapher\calligrapher_dataset\赵孟𫖯\舉-隶-元-赵孟𫖯-87925.png,赵孟頫,隶,舉,元,87925,舉-隶-元-赵孟𫖯-87925.png,mccd_salvage,ok,271,239,243.9,213.9,False,0.3679,1,0.0,1.0,clean,none
G:\GitHub\DiT\MCCD\MCCD\MCCD-Calligrapher\calligrapher_dataset\赵孟𫖯\舍-楷-元-赵孟𫖯-88267.png,赵孟頫,楷,舍,元,88267,舍-楷-元-赵孟𫖯-88267.png,mccd_salvage,ok,236,175,228.6,222.2,False,0.2631,2,0.0,0.5487,clean,none
G:\GitHub\DiT\MCCD\MCCD\MCCD-Calligrapher\calligrapher_dataset\赵孟𫖯\舍-行-元-赵孟𫖯-88276.png,赵孟頫,行,舍,元,88276,舍-行-元-赵孟𫖯-88276.png,mccd_salvage,ok,204,238,237.9,223.9,False,0.2951,2,0.0,0.5751,clean,none
G:\GitHub\DiT\MCCD\MCCD\MCCD-Calligrapher\calligrapher_dataset\赵孟𫖯\舍-隶-元-赵孟𫖯-88246.png,赵孟頫,隶,舍,元,88246,舍-隶-元-赵孟𫖯-88246.png,mccd_salvage,ok,270,226,231.1,205.0,False,0.344,3,0.0,0.3602,clean,none
G:\GitHub\DiT\MCCD\MCCD\MCCD-Calligrapher\calligrapher_dataset\赵孟𫖯\舒-楷-元-赵孟𫖯-88336.png,赵孟頫,楷,舒,元,88336,舒-楷-元-赵孟𫖯-88336.png,mccd_salvage,ok,220,171,247.4,235.0,False,0.205,6,0.0,0.4374,clean,none
G:\GitHub\DiT\MCCD\MCCD\MCCD-Calligrapher\calligrapher_dataset\赵孟𫖯\舟-楷-元-赵孟𫖯-88524.png,赵孟頫,楷,舟,元,88524,舟-楷-元-赵孟𫖯-88524.png,mccd_salvage,ok,264,220,239.9,228.4,False,0.2342,2,0.0,0.9494,clean,none
G:\GitHub\DiT\MCCD\MCCD\MCCD-Calligrapher\calligrapher_dataset\赵孟𫖯\良-楷-元-赵孟𫖯-89070.png,赵孟頫,楷,良,元,89070,良-楷-元-赵孟𫖯-89070.png,mccd_salvage,ok,250,259,219.5,155.1,False,0.3484,1,0.0,1.0,clean,none
G:\GitHub\DiT\MCCD\MCCD\MCCD-Calligrapher\calligrapher_dataset\赵孟𫖯\良-隶-元-赵孟𫖯-89040.png,赵孟頫,隶,良,元,89040,良-隶-元-赵孟𫖯-89040.png,mccd_salvage,ok,209,221,207.9,131.1,False,0.4187,1,0.0,1.0,clean,none
G:\GitHub\DiT\MCCD\MCCD\MCCD-Calligrapher\calligrapher_dataset\赵孟𫖯\艱-行-元-赵孟𫖯-89114.png,赵孟頫,行,艱,元,89114,艱-行-元-赵孟𫖯-89114.png,mccd_salvage,ok,222,230,233.5,194.2,False,0.4501,2,0.0,0.5117,clean,none
G:\GitHub\DiT\MCCD\MCCD\MCCD-Calligrapher\calligrapher_dataset\赵孟𫖯\色-楷-元-赵孟𫖯-89184.png,赵孟頫,楷,色,元,89184,色-楷-元-赵孟𫖯-89184.png,mccd_salvage,ok,227,218,210.3,158.1,False,0.2693,1,0.0,1.0,clean,none
G:\GitHub\DiT\MCCD\MCCD\MCCD-Calligrapher\calligrapher_dataset\赵孟𫖯\芥-隶-元-赵孟𫖯-89554.png,赵孟頫,隶,芥,元,89554,芥-隶-元-赵孟𫖯-89554.png,mccd_salvage,ok,259,218,241.0,211.6,False,0.2944,4,0.0,0.5468,clean,none
G:\GitHub\DiT\MCCD\MCCD\MCCD-Calligrapher\calligrapher_dataset\赵孟𫖯\芬-楷-元-赵孟𫖯-89609.png,赵孟頫,楷,芬,元,89609,芬-楷-元-赵孟𫖯-89609.png,mccd_salvage,ok,184,204,241.6,230.8,False,0.2053,2,0.0,0.8708,clean,none
G:\GitHub\DiT\MCCD\MCCD\MCCD-Calligrapher\calligrapher_dataset\赵孟𫖯\芰-楷-元-赵孟𫖯-89635.png,赵孟頫,楷,芰,元,89635,芰-楷-元-赵孟𫖯-89635.png,mccd_salvage,ok,179,190,237.0,226.1,False,0.2128,1,0.0,1.0,clean,none
G:\GitHub\DiT\MCCD\MCCD\MCCD-Calligrapher\calligrapher_dataset\赵孟𫖯\若-隶-元-赵孟𫖯-90329.png,赵孟頫,隶,若,元,90329,若-隶-元-赵孟𫖯-90329.png,mccd_salvage,ok,287,217,234.3,198.4,False,0.4242,1,0.0,1.0,clean,none
G:\GitHub\DiT\MCCD\MCCD\MCCD-Calligrapher\calligrapher_dataset\赵孟𫖯\英-隶-元-赵孟𫖯-90532.png,赵孟頫,隶,英,元,90532,英-隶-元-赵孟𫖯-90532.png,mccd_salvage,ok,250,184,239.6,211.4,False,0.3553,2,0.0,0.947,clean,none
G:\GitHub\DiT\MCCD\MCCD\MCCD-Calligrapher\calligrapher_dataset\赵孟𫖯\苴-楷-元-赵孟𫖯-90594.png,赵孟頫,楷,苴,元,90594,苴-楷-元-赵孟𫖯-90594.png,mccd_salvage,ok,252,246,241.6,215.8,False,0.248,2,0.0,0.8298,clean,none
G:\GitHub\DiT\MCCD\MCCD\MCCD-Calligrapher\calligrapher_dataset\赵孟𫖯\茂-楷-元-赵孟𫖯-90737.png,赵孟頫,楷,茂,元,90737,茂-楷-元-赵孟𫖯-90737.png,mccd_salvage,ok,170,213,235.1,202.8,False,0.2916,3,0.0,0.7923,clean,none
G:\GitHub\DiT\MCCD\MCCD\MCCD-Calligrapher\calligrapher_dataset\赵孟𫖯\茂-隶-元-赵孟𫖯-90727.png,赵孟頫,隶,茂,元,90727,茂-隶-元-赵孟𫖯-90727.png,mccd_salvage,ok,244,222,237.7,208.8,False,0.3241,1,0.0,1.0,clean,none
G:\GitHub\DiT\MCCD\MCCD\MCCD-Calligrapher\calligrapher_dataset\赵孟𫖯\茗-行-元-赵孟𫖯-90943.png,赵孟頫,行,茗,元,90943,茗-行-元-赵孟𫖯-90943.png,mccd_salvage,ok,173,201,224.4,193.3,False,0.2542,4,0.0,0.7482,clean,none
G:\GitHub\DiT\MCCD\MCCD\MCCD-Calligrapher\calligrapher_dataset\赵孟𫖯\茹-楷-元-赵孟𫖯-91157.png,赵孟頫,楷,茹,元,91157,茹-楷-元-赵孟𫖯-91157.png,mccd_salvage,ok,219,213,238.3,219.2,False,0.2778,2,0.0,0.5917,clean,none
G:\GitHub\DiT\MCCD\MCCD\MCCD-Calligrapher\calligrapher_dataset\赵孟𫖯\荒-行-元-赵孟𫖯-91462.png,赵孟頫,行,荒,元,91462,荒-行-元-赵孟𫖯-91462.png,mccd_salvage,ok,179,231,234.0,206.2,False,0.257,6,0.0,0.4683,clean,none
G:\GitHub\DiT\MCCD\MCCD\MCCD-Calligrapher\calligrapher_dataset\赵孟𫖯\荘-行-元-赵孟𫖯-91529.png,赵孟頫,行,荘,元,91529,荘-行-元-赵孟𫖯-91529.png,mccd_salvage,ok,203,274,234.6,191.4,False,0.48,1,0.0,1.0,clean,none
G:\GitHub\DiT\MCCD\MCCD\MCCD-Calligrapher\calligrapher_dataset\赵孟𫖯\荘-行-元-赵孟𫖯-91530.png,赵孟頫,行,荘,元,91530,荘-行-元-赵孟𫖯-91530.png,mccd_salvage,ok,228,248,239.1,215.4,False,0.3173,6,0.0,0.3428,clean,none
G:\GitHub\DiT\MCCD\MCCD\MCCD-Calligrapher\calligrapher_dataset\赵孟𫖯\荷-隶-元-赵孟𫖯-91572.png,赵孟頫,隶,荷,元,91572,荷-隶-元-赵孟𫖯-91572.png,mccd_salvage,ok,260,216,234.7,205.3,False,0.3507,4,0.0,0.5634,clean,none
G:\GitHub\DiT\MCCD\MCCD\MCCD-Calligrapher\calligrapher_dataset\赵孟𫖯\荼-楷-元-赵孟𫖯-91639.png,赵孟頫,楷,荼,元,91639,荼-楷-元-赵孟𫖯-91639.png,mccd_salvage,ok,254,269,240.8,219.7,False,0.2713,4,0.0012,0.9092,clean,none
G:\GitHub\DiT\MCCD\MCCD\MCCD-Calligrapher\calligrapher_dataset\赵孟𫖯\莊-隶-元-赵孟𫖯-91718.png,赵孟頫,隶,莊,元,91718,莊-隶-元-赵孟𫖯-91718.png,mccd_salvage,ok,264,214,236.4,203.2,False,0.3683,1,0.0,1.0,clean,none
G:\GitHub\DiT\MCCD\MCCD\MCCD-Calligrapher\calligrapher_dataset\赵孟𫖯\莽-隶-元-赵孟𫖯-92150.png,赵孟頫,隶,莽,元,92150,莽-隶-元-赵孟𫖯-92150.png,mccd_salvage,ok,271,251,236.6,213.3,False,0.3594,3,0.0,0.5918,clean,none
G:\GitHub\DiT\MCCD\MCCD\MCCD-Calligrapher\calligrapher_dataset\赵孟𫖯\菩-楷-元-赵孟𫖯-92470.png,赵孟頫,楷,菩,元,92470,菩-楷-元-赵孟𫖯-92470.png,mccd_salvage,ok,229,237,233.9,221.9,False,0.244,2,0.0,0.6797,clean,none
G:\GitHub\DiT\MCCD\MCCD\MCCD-Calligrapher\calligrapher_dataset\赵孟𫖯\華-行-元-赵孟𫖯-92606.png,赵孟頫,行,華,元,92606,華-行-元-赵孟𫖯-92606.png,mccd_salvage,ok,221,269,246.1,238.4,False,0.2882,1,0.0,1.0,clean,none
G:\GitHub\DiT\MCCD\MCCD\MCCD-Calligrapher\calligrapher_dataset\赵孟𫖯\華-隶-元-赵孟𫖯-92547.png,赵孟頫,隶,華,元,92547,華-隶-元-赵孟𫖯-92547.png,mccd_salvage,ok,261,226,239.6,223.7,False,0.3438,1,0.0,1.0,clean,none
G:\GitHub\DiT\MCCD\MCCD\MCCD-Calligrapher\calligrapher_dataset\赵孟𫖯\菴-楷-元-赵孟𫖯-92688.png,赵孟頫,楷,菴,元,92688,菴-楷-元-赵孟𫖯-92688.png,mccd_salvage,ok,212,211,233.4,230.3,False,0.2897,1,0.0,1.0,clean,none
G:\GitHub\DiT\MCCD\MCCD\MCCD-Calligrapher\calligrapher_dataset\赵孟𫖯\萊-行-元-赵孟𫖯-92837.png,赵孟頫,行,萊,元,92837,萊-行-元-赵孟𫖯-92837.png,mccd_salvage,ok,208,346,230.2,198.0,False,0.4917,2,0.0001,0.9999,clean,none
G:\GitHub\DiT\MCCD\MCCD\MCCD-Calligrapher\calligrapher_dataset\赵孟𫖯\萬-楷-元-赵孟𫖯-93258.png,赵孟頫,楷,萬,元,93258,萬-楷-元-赵孟𫖯-93258.png,mccd_salvage,ok,244,282,240.5,218.4,False,0.3906,2,0.0,0.9138,clean,none
G:\GitHub\DiT\MCCD\MCCD\MCCD-Calligrapher\calligrapher_dataset\赵孟𫖯\萬-行-元-赵孟𫖯-93276.png,赵孟頫,行,萬,元,93276,萬-行-元-赵孟𫖯-93276.png,mccd_salvage,ok,156,224,235.6,207.4,False,0.3218,3,0.0,0.8302,clean,none
G:\GitHub\DiT\MCCD\MCCD\MCCD-Calligrapher\calligrapher_dataset\赵孟𫖯\萬-隶-元-赵孟𫖯-93210.png,赵孟頫,隶,萬,元,93210,萬-隶-元-赵孟𫖯-93210.png,mccd_salvage,ok,261,255,233.1,192.5,False,0.5128,2,0.0,0.7594,clean,none
G:\GitHub\DiT\MCCD\MCCD\MCCD-Calligrapher\calligrapher_dataset\赵孟𫖯\葉-行-宋-赵孟𫖯-93537.png,赵孟頫,行,葉,宋,93537,葉-行-宋-赵孟𫖯-93537.png,mccd_salvage,ok,208,236,239.9,214.3,False,0.3641,3,0.0,0.6905,clean,none
G:\GitHub\DiT\MCCD\MCCD\MCCD-Calligrapher\calligrapher_dataset\赵孟𫖯\葭-楷-元-赵孟𫖯-93900.png,赵孟頫,楷,葭,元,93900,葭-楷-元-赵孟𫖯-93900.png,mccd_salvage,ok,231,218,231.5,201.4,False,0.2163,7,0.0,0.3681,clean,none
G:\GitHub\DiT\MCCD\MCCD\MCCD-Calligrapher\calligrapher_dataset\赵孟𫖯\葴-隶-元-赵孟𫖯-93934.png,赵孟頫,隶,葴,元,93934,葴-隶-元-赵孟𫖯-93934.png,mccd_salvage,ok,255,252,239.6,215.6,False,0.3704,3,0.0,0.8943,clean,none
G:\GitHub\DiT\MCCD\MCCD\MCCD-Calligrapher\calligrapher_dataset\赵孟𫖯\蒸-楷-元-赵孟𫖯-94311.png,赵孟頫,楷,蒸,元,94311,蒸-楷-元-赵孟𫖯-94311.png,mccd_salvage,ok,201,200,233.0,213.0,False,0.3077,5,0.0,0.6871,clean,none
G:\GitHub\DiT\MCCD\MCCD\MCCD-Calligrapher\calligrapher_dataset\赵孟𫖯\蒿-楷-元-赵孟𫖯-94420.png,赵孟頫,楷,蒿,元,94420,蒿-楷-元-赵孟𫖯-94420.png,mccd_salvage,ok,209,271,237.9,208.4,False,0.2697,2,0.0,0.9781,clean,none
G:\GitHub\DiT\MCCD\MCCD\MCCD-Calligrapher\calligrapher_dataset\赵孟𫖯\蓼-楷-元-赵孟𫖯-94755.png,赵孟頫,楷,蓼,元,94755,蓼-楷-元-赵孟𫖯-94755.png,mccd_salvage,ok,223,210,243.8,228.0,False,0.2599,4,0.0,0.8573,clean,none
G:\GitHub\DiT\MCCD\MCCD\MCCD-Calligrapher\calligrapher_dataset\赵孟𫖯\蕣-楷-元-赵孟𫖯-95398.png,赵孟頫,楷,蕣,元,95398,蕣-楷-元-赵孟𫖯-95398.png,mccd_salvage,ok,165,237,247.1,224.0,False,0.2791,6,0.0009,0.7932,clean,none
G:\GitHub\DiT\MCCD\MCCD\MCCD-Calligrapher\calligrapher_dataset\赵孟𫖯\蕩-楷-元-赵孟𫖯-95443.png,赵孟頫,楷,蕩,元,95443,蕩-楷-元-赵孟𫖯-95443.png,mccd_salvage,ok,210,304,240.2,200.8,False,0.32,3,0.0,0.9027,clean,none
G:\GitHub\DiT\MCCD\MCCD\MCCD-Calligrapher\calligrapher_dataset\赵孟𫖯\蕪-行-元-赵孟𫖯-95478.png,赵孟頫,行,蕪,元,95478,蕪-行-元-赵孟𫖯-95478.png,mccd_salvage,ok,210,188,231.0,198.3,False,0.3501,2,0.0,0.9675,clean,none
G:\GitHub\DiT\MCCD\MCCD\MCCD-Calligrapher\calligrapher_dataset\赵孟𫖯\薑-隶-元-赵孟𫖯-95757.png,赵孟頫,隶,薑,元,95757,薑-隶-元-赵孟𫖯-95757.png,mccd_salvage,ok,268,403,225.6,143.1,False,0.6182,5,0.0,0.3274,broken,too_solid
G:\GitHub\DiT\MCCD\MCCD\MCCD-Calligrapher\calligrapher_dataset\赵孟𫖯\薪-隶-元-赵孟𫖯-96006.png,赵孟頫,隶,薪,元,96006,薪-隶-元-赵孟𫖯-96006.png,mccd_salvage,ok,261,218,240.6,209.4,False,0.3841,3,0.0,0.7227,clean,none
G:\GitHub\DiT\MCCD\MCCD\MCCD-Calligrapher\calligrapher_dataset\赵孟𫖯\薫-楷-元-赵孟𫖯-96033.png,赵孟頫,楷,薫,元,96033,薫-楷-元-赵孟𫖯-96033.png,mccd_salvage,ok,261,317,239.0,221.7,False,0.2973,10,0.0001,0.581,clean,none
G:\GitHub\DiT\MCCD\MCCD\MCCD-Calligrapher\calligrapher_dataset\赵孟𫖯\薰-楷-元-赵孟𫖯-96052.png,赵孟頫,楷,薰,元,96052,薰-楷-元-赵孟𫖯-96052.png,mccd_salvage,ok,261,317,239.0,221.7,False,0.2973,10,0.0001,0.581,clean,none
G:\GitHub\DiT\MCCD\MCCD\MCCD-Calligrapher\calligrapher_dataset\赵孟𫖯\藏-隶-元-赵孟𫖯-96282.png,赵孟頫,隶,藏,元,96282,藏-隶-元-赵孟𫖯-96282.png,mccd_salvage,ok,254,222,231.6,193.8,False,0.4377,1,0.0,1.0,clean,none
G:\GitHub\DiT\MCCD\MCCD\MCCD-Calligrapher\calligrapher_dataset\赵孟𫖯\藴-楷-元-赵孟𫖯-96589.png,赵孟頫,楷,藴,元,96589,藴-楷-元-赵孟𫖯-96589.png,mccd_salvage,ok,181,229,241.0,201.1,False,0.3247,6,0.0,0.4767,clean,none
G:\GitHub\DiT\MCCD\MCCD\MCCD-Calligrapher\calligrapher_dataset\赵孟𫖯\藻-楷-元-赵孟𫖯-96647.png,赵孟頫,楷,藻,元,96647,藻-楷-元-赵孟𫖯-96647.png,mccd_salvage,ok,193,255,239.2,213.0,False,0.2766,5,0.0,0.7147,clean,none
G:\GitHub\DiT\MCCD\MCCD\MCCD-Calligrapher\calligrapher_dataset\赵孟𫖯\蘭-楷-元-赵孟𫖯-96965.png,赵孟頫,楷,蘭,元,96965,蘭-楷-元-赵孟𫖯-96965.png,mccd_salvage,ok,162,233,220.3,191.4,False,0.3915,2,0.0,0.9042,clean,none
G:\GitHub\DiT\MCCD\MCCD\MCCD-Calligrapher\calligrapher_dataset\赵孟𫖯\蘭-行-元-赵孟𫖯-96984.png,赵孟頫,行,蘭,元,96984,蘭-行-元-赵孟𫖯-96984.png,mccd_salvage,ok,183,298,232.5,163.3,False,0.3929,4,0.0,0.7777,clean,none
G:\GitHub\DiT\MCCD\MCCD\MCCD-Calligrapher\calligrapher_dataset\赵孟𫖯\虎-楷-元-赵孟𫖯-97260.png,赵孟頫,楷,虎,元,97260,虎-楷-元-赵孟𫖯-97260.png,mccd_salvage,ok,182,241,240.8,218.6,False,0.2795,2,0.0,0.8601,clean,none
G:\GitHub\DiT\MCCD\MCCD\MCCD-Calligrapher\calligrapher_dataset\赵孟𫖯\處-行-元-赵孟𫖯-97490.png,赵孟頫,行,處,元,97490,處-行-元-赵孟𫖯-97490.png,mccd_salvage,ok,219,236,218.9,182.0,False,0.4473,2,0.0,0.9578,clean,none
G:\GitHub\DiT\MCCD\MCCD\MCCD-Calligrapher\calligrapher_dataset\赵孟𫖯\處-行-元-赵孟𫖯-97491.png,赵孟頫,行,處,元,97491,處-行-元-赵孟𫖯-97491.png,mccd_salvage,ok,190,208,225.1,191.6,False,0.3555,1,0.0,1.0,clean,none
G:\GitHub\DiT\MCCD\MCCD\MCCD-Calligrapher\calligrapher_dataset\赵孟𫖯\虖-隶-元-赵孟𫖯-97611.png,赵孟頫,隶,虖,元,97611,虖-隶-元-赵孟𫖯-97611.png,mccd_salvage,ok,201,223,234.7,223.2,False,0.2941,3,0.0,0.4858,clean,none
G:\GitHub\DiT\MCCD\MCCD\MCCD-Calligrapher\calligrapher_dataset\赵孟𫖯\虚-行-元-赵孟𫖯-97724.png,赵孟頫,行,虚,元,97724,虚-行-元-赵孟𫖯-97724.png,mccd_salvage,ok,233,268,229.6,191.8,False,0.3802,2,0.0,0.8914,clean,none
G:\GitHub\DiT\MCCD\MCCD\MCCD-Calligrapher\calligrapher_dataset\赵孟𫖯\虚-隶-元-赵孟𫖯-97688.png,赵孟頫,隶,虚,元,97688,虚-隶-元-赵孟𫖯-97688.png,mccd_salvage,ok,229,222,219.2,128.9,False,0.4487,2,0.0,0.563,clean,none
G:\GitHub\DiT\MCCD\MCCD\MCCD-Calligrapher\calligrapher_dataset\赵孟𫖯\虛-行-元-赵孟𫖯-97830.png,赵孟頫,行,虛,元,97830,虛-行-元-赵孟𫖯-97830.png,mccd_salvage,ok,233,268,229.6,191.8,False,0.3802,2,0.0,0.8914,clean,none
G:\GitHub\DiT\MCCD\MCCD\MCCD-Calligrapher\calligrapher_dataset\赵孟𫖯\虛-隶-元-赵孟𫖯-97794.png,赵孟頫,隶,虛,元,97794,虛-隶-元-赵孟𫖯-97794.png,mccd_salvage,ok,229,222,219.2,128.9,False,0.4487,2,0.0,0.563,clean,none
G:\GitHub\DiT\MCCD\MCCD\MCCD-Calligrapher\calligrapher_dataset\赵孟𫖯\虜-楷-元-赵孟𫖯-97872.png,赵孟頫,楷,虜,元,97872,虜-楷-元-赵孟𫖯-97872.png,mccd_salvage,ok,156,169,241.9,221.1,False,0.2522,3,0.0,0.8566,clean,none
G:\GitHub\DiT\MCCD\MCCD\MCCD-Calligrapher\calligrapher_dataset\赵孟𫖯\虞-行-元-赵孟𫖯-97926.png,赵孟頫,行,虞,元,97926,虞-行-元-赵孟𫖯-97926.png,mccd_salvage,ok,178,206,240.9,208.6,False,0.3571,4,0.0,0.4237,clean,none
G:\GitHub\DiT\MCCD\MCCD\MCCD-Calligrapher\calligrapher_dataset\赵孟𫖯\虞-隶-元-赵孟𫖯-97904.png,赵孟頫,隶,虞,元,97904,虞-隶-元-赵孟𫖯-97904.png,mccd_salvage,ok,256,304,240.4,201.3,False,0.4492,4,0.0003,0.5185,clean,none
G:\GitHub\DiT\MCCD\MCCD\MCCD-Calligrapher\calligrapher_dataset\赵孟𫖯\號-楷-元-赵孟𫖯-97990.png,赵孟頫,楷,號,元,97990,號-楷-元-赵孟𫖯-97990.png,mccd_salvage,ok,257,297,246.9,240.1,False,0.2586,2,0.0,0.8759,clean,none
G:\GitHub\DiT\MCCD\MCCD\MCCD-Calligrapher\calligrapher_dataset\赵孟𫖯\號-行-元-赵孟𫖯-97999.png,赵孟頫,行,號,元,97999,號-行-元-赵孟𫖯-97999.png,mccd_salvage,ok,243,270,236.4,213.6,False,0.3432,2,0.0,0.6664,clean,none
G:\GitHub\DiT\MCCD\MCCD\MCCD-Calligrapher\calligrapher_dataset\赵孟𫖯\號-行-元-赵孟𫖯-98000.png,赵孟頫,行,號,元,98000,號-行-元-赵孟𫖯-98000.png,mccd_salvage,ok,267,313,244.4,217.9,False,0.4377,1,0.0,1.0,clean,none
G:\GitHub\DiT\MCCD\MCCD\MCCD-Calligrapher\calligrapher_dataset\赵孟𫖯\虧-楷-元-赵孟𫖯-98155.png,赵孟頫,楷,虧,元,98155,虧-楷-元-赵孟𫖯-98155.png,mccd_salvage,ok,218,209,229.6,201.1,False,0.395,5,0.0,0.6533,clean,none
G:\GitHub\DiT\MCCD\MCCD\MCCD-Calligrapher\calligrapher_dataset\赵孟𫖯\蛻-楷-元-赵孟𫖯-98803.png,赵孟頫,楷,蛻,元,98803,蛻-楷-元-赵孟𫖯-98803.png,mccd_salvage,ok,196,158,219.9,212.5,False,0.2809,5,0.0,0.4134,clean,none
G:\GitHub\DiT\MCCD\MCCD\MCCD-Calligrapher\calligrapher_dataset\赵孟𫖯\蜉-楷-元-赵孟𫖯-98939.png,赵孟頫,楷,蜉,元,98939,蜉-楷-元-赵孟𫖯-98939.png,mccd_salvage,ok,207,191,237.2,213.9,False,0.2736,7,0.0,0.4799,clean,none
G:\GitHub\DiT\MCCD\MCCD\MCCD-Calligrapher\calligrapher_dataset\赵孟𫖯\螽-楷-元-赵孟𫖯-99732.png,赵孟頫,楷,螽,元,99732,螽-楷-元-赵孟𫖯-99732.png,mccd_salvage,ok,186,197,241.7,222.4,False,0.2431,4,0.0,0.4595,clean,none
G:\GitHub\DiT\MCCD\MCCD\MCCD-Calligrapher\calligrapher_dataset\赵孟𫖯\蟋-楷-元-赵孟𫖯-99821.png,赵孟頫,楷,蟋,元,99821,蟋-楷-元-赵孟𫖯-99821.png,mccd_salvage,ok,278,249,226.4,214.9,False,0.3181,6,0.0005,0.4554,clean,none
G:\GitHub\DiT\MCCD\MCCD\MCCD-Calligrapher\calligrapher_dataset\赵孟𫖯\蠢-行-元-赵孟𫖯-100265.png,赵孟頫,行,蠢,元,100265,蠢-行-元-赵孟𫖯-100265.png,mccd_salvage,ok,218,256,243.2,229.6,False,0.3358,1,0.0,1.0,clean,none
G:\GitHub\DiT\MCCD\MCCD\MCCD-Calligrapher\calligrapher_dataset\赵孟𫖯\蠲-楷-元-赵孟𫖯-100356.png,赵孟頫,楷,蠲,元,100356,蠲-楷-元-赵孟𫖯-100356.png,mccd_salvage,ok,199,189,222.3,188.1,False,0.4502,2,0.0,0.956,clean,none
G:\GitHub\DiT\MCCD\MCCD\MCCD-Calligrapher\calligrapher_dataset\赵孟𫖯\蠻-楷-元-赵孟𫖯-100407.png,赵孟頫,楷,蠻,元,100407,蠻-楷-元-赵孟𫖯-100407.png,mccd_salvage,ok,192,201,235.6,217.1,False,0.304,8,0.0,0.7259,clean,none
G:\GitHub\DiT\MCCD\MCCD\MCCD-Calligrapher\calligrapher_dataset\赵孟𫖯\血-行-元-赵孟𫖯-100513.png,赵孟頫,行,血,元,100513,血-行-元-赵孟𫖯-100513.png,mccd_salvage,ok,239,211,229.3,199.9,False,0.3897,1,0.0,1.0,clean,none
G:\GitHub\DiT\MCCD\MCCD\MCCD-Calligrapher\calligrapher_dataset\赵孟𫖯\衆-楷-元-赵孟𫖯-100651.png,赵孟頫,楷,衆,元,100651,衆-楷-元-赵孟𫖯-100651.png,mccd_salvage,ok,195,231,235.6,211.0,False,0.3777,2,0.0,0.9413,clean,none
G:\GitHub\DiT\MCCD\MCCD\MCCD-Calligrapher\calligrapher_dataset\赵孟𫖯\衍-楷-元-赵孟𫖯-101127.png,赵孟頫,楷,衍,元,101127,衍-楷-元-赵孟𫖯-101127.png,mccd_salvage,ok,258,204,239.3,219.5,False,0.2351,6,0.0006,0.363,clean,none
G:\GitHub\DiT\MCCD\MCCD\MCCD-Calligrapher\calligrapher_dataset\赵孟𫖯\術-楷-元-赵孟𫖯-101182.png,赵孟頫,楷,術,元,101182,術-楷-元-赵孟𫖯-101182.png,mccd_salvage,ok,221,167,230.5,206.6,False,0.3093,3,0.0,0.8837,clean,none
G:\GitHub\DiT\MCCD\MCCD\MCCD-Calligrapher\calligrapher_dataset\赵孟𫖯\衢-楷-元-赵孟𫖯-101581.png,赵孟頫,楷,衢,元,101581,衢-楷-元-赵孟𫖯-101581.png,mccd_salvage,ok,239,244,240.5,223.7,False,0.2535,11,0.0007,0.4387,clean,none
G:\GitHub\DiT\MCCD\MCCD\MCCD-Calligrapher\calligrapher_dataset\赵孟𫖯\衣-楷-元-赵孟𫖯-101709.png,赵孟頫,楷,衣,元,101709,衣-楷-元-赵孟𫖯-101709.png,mccd_salvage,ok,266,203,243.6,233.4,False,0.2405,2,0.0,0.9503,clean,none
G:\GitHub\DiT\MCCD\MCCD\MCCD-Calligrapher\calligrapher_dataset\赵孟𫖯\表-楷-元-赵孟𫖯-101829.png,赵孟頫,楷,表,元,101829,表-楷-元-赵孟𫖯-101829.png,mccd_salvage,ok,237,237,243.9,228.5,False,0.29,1,0.0,1.0,clean,none
G:\GitHub\DiT\MCCD\MCCD\MCCD-Calligrapher\calligrapher_dataset\赵孟𫖯\表-行-元-赵孟𫖯-101844.png,赵孟頫,行,表,元,101844,表-行-元-赵孟𫖯-101844.png,mccd_salvage,ok,232,233,242.0,223.8,False,0.2669,1,0.0,1.0,clean,none
G:\GitHub\DiT\MCCD\MCCD\MCCD-Calligrapher\calligrapher_dataset\赵孟𫖯\表-行-元-赵孟𫖯-101847.png,赵孟頫,行,表,元,101847,表-行-元-赵孟𫖯-101847.png,mccd_salvage,ok,180,281,226.3,190.6,False,0.4305,1,0.0,1.0,clean,none
G:\GitHub\DiT\MCCD\MCCD\MCCD-Calligrapher\calligrapher_dataset\赵孟𫖯\表-行-元-赵孟𫖯-101848.png,赵孟頫,行,表,元,101848,表-行-元-赵孟𫖯-101848.png,mccd_salvage,ok,199,253,243.1,223.2,False,0.2999,1,0.0,1.0,clean,none
G:\GitHub\DiT\MCCD\MCCD\MCCD-Calligrapher\calligrapher_dataset\赵孟𫖯\衰-楷-元-赵孟𫖯-101945.png,赵孟頫,楷,衰,元,101945,衰-楷-元-赵孟𫖯-101945.png,mccd_salvage,ok,204,237,241.1,228.4,False,0.2338,8,0.0,0.4044,clean,none
G:\GitHub\DiT\MCCD\MCCD\MCCD-Calligrapher\calligrapher_dataset\赵孟𫖯\袂-楷-元-赵孟𫖯-102118.png,赵孟頫,楷,袂,元,102118,袂-楷-元-赵孟𫖯-102118.png,mccd_salvage,ok,245,194,243.8,224.7,False,0.2572,4,0.0,0.4526,clean,none
G:\GitHub\DiT\MCCD\MCCD\MCCD-Calligrapher\calligrapher_dataset\赵孟𫖯\被-行-元-赵孟𫖯-102408.png,赵孟頫,行,被,元,102408,被-行-元-赵孟𫖯-102408.png,mccd_salvage,ok,192,186,225.2,179.9,False,0.4521,2,0.0,0.9679,clean,none
G:\GitHub\DiT\MCCD\MCCD\MCCD-Calligrapher\calligrapher_dataset\赵孟𫖯\裂-楷-元-赵孟𫖯-102555.png,赵孟頫,楷,裂,元,102555,裂-楷-元-赵孟𫖯-102555.png,mccd_salvage,ok,188,200,239.6,205.8,False,0.3064,3,0.0,0.7947,clean,none
G:\GitHub\DiT\MCCD\MCCD\MCCD-Calligrapher\calligrapher_dataset\赵孟𫖯\裳-楷-元-赵孟𫖯-102948.png,赵孟頫,楷,裳,元,102948,裳-楷-元-赵孟𫖯-102948.png,mccd_salvage,ok,220,235,238.5,205.0,False,0.3711,3,0.0,0.6215,clean,none
G:\GitHub\DiT\MCCD\MCCD\MCCD-Calligrapher\calligrapher_dataset\赵孟𫖯\裳-隶-元-赵孟𫖯-102939.png,赵孟頫,隶,裳,元,102939,裳-隶-元-赵孟𫖯-102939.png,mccd_salvage,ok,240,238,242.0,186.5,False,0.3556,4,0.0,0.6372,clean,none
G:\GitHub\DiT\MCCD\MCCD\MCCD-Calligrapher\calligrapher_dataset\赵孟𫖯\裴-楷-元-赵孟𫖯-102982.png,赵孟頫,楷,裴,元,102982,裴-楷-元-赵孟𫖯-102982.png,mccd_salvage,ok,194,207,245.4,234.7,False,0.2105,2,0.0,0.9582,clean,none
G:\GitHub\DiT\MCCD\MCCD\MCCD-Calligrapher\calligrapher_dataset\赵孟𫖯\裹-楷-元-赵孟𫖯-103021.png,赵孟頫,楷,裹,元,103021,裹-楷-元-赵孟𫖯-103021.png,mccd_salvage,ok,199,247,243.5,222.0,False,0.2979,3,0.0,0.8186,clean,none
G:\GitHub\DiT\MCCD\MCCD\MCCD-Calligrapher\calligrapher_dataset\赵孟𫖯\裾-楷-元-赵孟𫖯-103081.png,赵孟頫,楷,裾,元,103081,裾-楷-元-赵孟𫖯-103081.png,mccd_salvage,ok,185,156,233.6,174.4,False,0.3959,3,0.0,0.7357,clean,none
G:\GitHub\DiT\MCCD\MCCD\MCCD-Calligrapher\calligrapher_dataset\赵孟𫖯\褒-楷-元-赵孟𫖯-103197.png,赵孟頫,楷,褒,元,103197,褒-楷-元-赵孟𫖯-103197.png,mccd_salvage,ok,203,237,245.4,242.6,False,0.1787,7,0.0,0.2344,clean,none
G:\GitHub\DiT\MCCD\MCCD\MCCD-Calligrapher\calligrapher_dataset\赵孟𫖯\褚-楷-元-赵孟𫖯-103254.png,赵孟頫,楷,褚,元,103254,褚-楷-元-赵孟𫖯-103254.png,mccd_salvage,ok,249,203,239.6,214.3,False,0.3144,4,0.0,0.9505,clean,none
G:\GitHub\DiT\MCCD\MCCD\MCCD-Calligrapher\calligrapher_dataset\赵孟𫖯\褚-行-元-赵孟𫖯-103259.png,赵孟頫,行,褚,元,103259,褚-行-元-赵孟𫖯-103259.png,mccd_salvage,ok,258,211,233.2,180.8,False,0.415,2,0.0,0.9792,clean,none
G:\GitHub\DiT\MCCD\MCCD\MCCD-Calligrapher\calligrapher_dataset\赵孟𫖯\襟-楷-元-赵孟𫖯-103697.png,赵孟頫,楷,襟,元,103697,襟-楷-元-赵孟𫖯-103697.png,mccd_salvage,ok,258,182,230.3,211.2,False,0.2595,3,0.0,0.6999,clean,none
G:\GitHub\DiT\MCCD\MCCD\MCCD-Calligrapher\calligrapher_dataset\赵孟𫖯\襲-楷-元-赵孟𫖯-103828.png,赵孟頫,楷,襲,元,103828,襲-楷-元-赵孟𫖯-103828.png,mccd_salvage,ok,221,149,246.1,218.6,False,0.2391,7,0.0027,0.2971,clean,none
G:\GitHub\DiT\MCCD\MCCD\MCCD-Calligrapher\calligrapher_dataset\赵孟𫖯\覆-楷-元-赵孟𫖯-104339.png,赵孟頫,楷,覆,元,104339,覆-楷-元-赵孟𫖯-104339.png,mccd_salvage,ok,185,226,232.6,211.3,False,0.3194,7,0.0003,0.4181,clean,none
G:\GitHub\DiT\MCCD\MCCD\MCCD-Calligrapher\calligrapher_dataset\赵孟𫖯\覆-行-元-赵孟𫖯-104351.png,赵孟頫,行,覆,元,104351,覆-行-元-赵孟𫖯-104351.png,mccd_salvage,ok,190,261,235.1,198.4,False,0.3833,1,0.0,1.0,clean,none
G:\GitHub\DiT\MCCD\MCCD\MCCD-Calligrapher\calligrapher_dataset\赵孟𫖯\覆-隶-元-赵孟𫖯-104328.png,赵孟頫,隶,覆,元,104328,覆-隶-元-赵孟𫖯-104328.png,mccd_salvage,ok,282,304,240.2,176.1,False,0.4149,5,0.0,0.4428,clean,none
G:\GitHub\DiT\MCCD\MCCD\MCCD-Calligrapher\calligrapher_dataset\赵孟𫖯\見-楷-元-赵孟𫖯-104645.png,赵孟頫,楷,見,元,104645,見-楷-元-赵孟𫖯-104645.png,mccd_salvage,ok,204,226,220.6,176.9,False,0.4104,1,0.0,1.0,clean,none
G:\GitHub\DiT\MCCD\MCCD\MCCD-Calligrapher\calligrapher_dataset\赵孟𫖯\視-楷-元-赵孟𫖯-104853.png,赵孟頫,楷,視,元,104853,視-楷-元-赵孟𫖯-104853.png,mccd_salvage,ok,234,158,212.9,191.5,False,0.3829,4,0.0,0.6139,clean,none
G:\GitHub\DiT\MCCD\MCCD\MCCD-Calligrapher\calligrapher_dataset\赵孟𫖯\覩-行-元-赵孟𫖯-104973.png,赵孟頫,行,覩,元,104973,覩-行-元-赵孟𫖯-104973.png,mccd_salvage,ok,238,194,226.1,210.3,False,0.3,1,0.0,1.0,clean,none
G:\GitHub\DiT\MCCD\MCCD\MCCD-Calligrapher\calligrapher_dataset\赵孟𫖯\親-楷-元-赵孟𫖯-105040.png,赵孟頫,楷,親,元,105040,親-楷-元-赵孟𫖯-105040.png,mccd_salvage,ok,235,199,220.5,204.2,False,0.3652,5,0.0,0.5509,clean,none
G:\GitHub\DiT\MCCD\MCCD\MCCD-Calligrapher\calligrapher_dataset\赵孟𫖯\覺-行-元-赵孟𫖯-105178.png,赵孟頫,行,覺,元,105178,覺-行-元-赵孟𫖯-105178.png,mccd_salvage,ok,165,268,233.2,210.3,False,0.4096,1,0.0,1.0,clean,none
G:\GitHub\DiT\MCCD\MCCD\MCCD-Calligrapher\calligrapher_dataset\赵孟𫖯\觀-楷-元-赵孟𫖯-105304.png,赵孟頫,楷,觀,元,105304,觀-楷-元-赵孟𫖯-105304.png,mccd_salvage,ok,242,201,225.7,222.2,False,0.2955,5,0.0,0.5792,clean,none
G:\GitHub\DiT\MCCD\MCCD\MCCD-Calligrapher\calligrapher_dataset\赵孟𫖯\觴-楷-元-赵孟𫖯-105739.png,赵孟頫,楷,觴,元,105739,觴-楷-元-赵孟𫖯-105739.png,mccd_salvage,ok,226,258,235.0,209.7,False,0.4769,1,0.0,1.0,clean,none
G:\GitHub\DiT\MCCD\MCCD\MCCD-Calligrapher\calligrapher_dataset\赵孟𫖯\言-楷-元-赵孟𫖯-106169.png,赵孟頫,楷,言,元,106169,言-楷-元-赵孟𫖯-106169.png,mccd_salvage,ok,245,224,238.6,214.2,False,0.2295,5,0.0,0.3402,clean,none
G:\GitHub\DiT\MCCD\MCCD\MCCD-Calligrapher\calligrapher_dataset\赵孟𫖯\言-隶-元-赵孟𫖯-106127.png,赵孟頫,隶,言,元,106127,言-隶-元-赵孟𫖯-106127.png,mccd_salvage,ok,257,218,224.0,204.6,False,0.3506,3,0.0,0.3728,clean,none
G:\GitHub\DiT\MCCD\MCCD\MCCD-Calligrapher\calligrapher_dataset\赵孟𫖯\訓-楷-元-赵孟𫖯-106486.png,赵孟頫,楷,訓,元,106486,訓-楷-元-赵孟𫖯-106486.png,mccd_salvage,ok,267,190,238.6,218.2,False,0.2528,7,0.0,0.283,clean,none
G:\GitHub\DiT\MCCD\MCCD\MCCD-Calligrapher\calligrapher_dataset\赵孟𫖯\訓-行-元-赵孟𫖯-106493.png,赵孟頫,行,訓,元,106493,訓-行-元-赵孟𫖯-106493.png,mccd_salvage,ok,266,207,244.4,227.6,False,0.2515,8,0.0001,0.223,clean,none
G:\GitHub\DiT\MCCD\MCCD\MCCD-Calligrapher\calligrapher_dataset\赵孟𫖯\託-行-元-赵孟𫖯-106564.png,赵孟頫,行,託,元,106564,託-行-元-赵孟𫖯-106564.png,mccd_salvage,ok,271,193,241.4,211.8,False,0.2165,6,0.0,0.5709,clean,none
G:\GitHub\DiT\MCCD\MCCD\MCCD-Calligrapher\calligrapher_dataset\赵孟𫖯\記-楷-元-赵孟𫖯-106615.png,赵孟頫,楷,記,元,106615,記-楷-元-赵孟𫖯-106615.png,mccd_salvage,ok,249,195,216.0,188.3,False,0.2888,6,0.0,0.2894,clean,none
G:\GitHub\DiT\MCCD\MCCD\MCCD-Calligrapher\calligrapher_dataset\赵孟𫖯\訛-行-元-赵孟𫖯-106669.png,赵孟頫,行,訛,元,106669,訛-行-元-赵孟𫖯-106669.png,mccd_salvage,ok,256,182,242.2,222.9,False,0.2438,6,0.0,0.342,clean,none
G:\GitHub\DiT\MCCD\MCCD\MCCD-Calligrapher\calligrapher_dataset\赵孟𫖯\訟-楷-元-赵孟𫖯-106743.png,赵孟頫,楷,訟,元,106743,訟-楷-元-赵孟𫖯-106743.png,mccd_salvage,ok,266,221,238.8,218.1,False,0.3089,6,0.0,0.3002,clean,none
G:\GitHub\DiT\MCCD\MCCD\MCCD-Calligrapher\calligrapher_dataset\赵孟𫖯\訟-楷-元-赵孟𫖯-106744.png,赵孟頫,楷,訟,元,106744,訟-楷-元-赵孟𫖯-106744.png,mccd_salvage,ok,229,217,235.1,219.4,False,0.302,8,0.0,0.2576,clean,none
G:\GitHub\DiT\MCCD\MCCD\MCCD-Calligrapher\calligrapher_dataset\赵孟𫖯\訪-楷-元-赵孟𫖯-106827.png,赵孟頫,楷,訪,元,106827,訪-楷-元-赵孟𫖯-106827.png,mccd_salvage,ok,207,191,234.0,205.9,False,0.3453,4,0.0,0.5566,clean,none
G:\GitHub\DiT\MCCD\MCCD\MCCD-Calligrapher\calligrapher_dataset\赵孟𫖯\設-楷-元-赵孟𫖯-106890.png,赵孟頫,楷,設,元,106890,設-楷-元-赵孟𫖯-106890.png,mccd_salvage,ok,242,194,228.4,204.2,False,0.3499,4,0.0,0.7117,clean,none
G:\GitHub\DiT\MCCD\MCCD\MCCD-Calligrapher\calligrapher_dataset\赵孟𫖯\設-隶-元-赵孟𫖯-106873.png,赵孟頫,隶,設,元,106873,設-隶-元-赵孟𫖯-106873.png,mccd_salvage,ok,252,200,212.4,143.7,False,0.3682,6,0.0,0.3694,clean,none
G:\GitHub\DiT\MCCD\MCCD\MCCD-Calligrapher\calligrapher_dataset\赵孟𫖯\詞-楷-元-赵孟𫖯-107448.png,赵孟頫,楷,詞,元,107448,詞-楷-元-赵孟𫖯-107448.png,mccd_salvage,ok,231,224,223.6,200.3,False,0.2375,6,0.0,0.5332,clean,none
G:\GitHub\DiT\MCCD\MCCD\MCCD-Calligrapher\calligrapher_dataset\赵孟𫖯\詡-楷-元-赵孟𫖯-107519.png,赵孟頫,楷,詡,元,107519,詡-楷-元-赵孟𫖯-107519.png,mccd_salvage,ok,229,165,210.5,180.9,False,0.3327,10,0.0,0.2623,clean,none
G:\GitHub\DiT\MCCD\MCCD\MCCD-Calligrapher\calligrapher_dataset\赵孟𫖯\詩-楷-元-赵孟𫖯-107726.png,赵孟頫,楷,詩,元,107726,詩-楷-元-赵孟𫖯-107726.png,mccd_salvage,ok,270,255,244.5,232.6,False,0.2563,5,0.0,0.5208,clean,none
G:\GitHub\DiT\MCCD\MCCD\MCCD-Calligrapher\calligrapher_dataset\赵孟𫖯\詩-隶-元-赵孟𫖯-107688.png,赵孟頫,隶,詩,元,107688,詩-隶-元-赵孟𫖯-107688.png,mccd_salvage,ok,291,213,238.6,176.4,False,0.3844,8,0.0,0.2511,clean,none
G:\GitHub\DiT\MCCD\MCCD\MCCD-Calligrapher\calligrapher_dataset\赵孟𫖯\詳-楷-元-赵孟𫖯-107914.png,赵孟頫,楷,詳,元,107914,詳-楷-元-赵孟𫖯-107914.png,mccd_salvage,ok,234,214,242.2,227.0,False,0.273,6,0.0,0.7271,clean,none
G:\GitHub\DiT\MCCD\MCCD\MCCD-Calligrapher\calligrapher_dataset\赵孟𫖯\詳-行-元-赵孟𫖯-107917.png,赵孟頫,行,詳,元,107917,詳-行-元-赵孟𫖯-107917.png,mccd_salvage,ok,225,222,234.2,215.2,False,0.2597,4,0.0003,0.6248,clean,none
G:\GitHub\DiT\MCCD\MCCD\MCCD-Calligrapher\calligrapher_dataset\赵孟𫖯\詳-隶-元-赵孟𫖯-107905.png,赵孟頫,隶,詳,元,107905,詳-隶-元-赵孟𫖯-107905.png,mccd_salvage,ok,268,214,237.0,185.5,False,0.3544,5,0.0,0.5183,clean,none
G:\GitHub\DiT\MCCD\MCCD\MCCD-Calligrapher\calligrapher_dataset\赵孟𫖯\誅-楷-元-赵孟𫖯-108081.png,赵孟頫,楷,誅,元,108081,誅-楷-元-赵孟𫖯-108081.png,mccd_salvage,ok,259,191,244.9,233.7,False,0.2332,6,0.0,0.6475,clean,none
G:\GitHub\DiT\MCCD\MCCD\MCCD-Calligrapher\calligrapher_dataset\赵孟𫖯\誅-隶-元-赵孟𫖯-108074.png,赵孟頫,隶,誅,元,108074,誅-隶-元-赵孟𫖯-108074.png,mccd_salvage,ok,276,173,222.6,175.8,False,0.4076,6,0.0,0.5152,clean,none
G:\GitHub\DiT\MCCD\MCCD\MCCD-Calligrapher\calligrapher_dataset\赵孟𫖯\誇-楷-元-赵孟𫖯-108104.png,赵孟頫,楷,誇,元,108104,誇-楷-元-赵孟𫖯-108104.png,mccd_salvage,ok,189,215,236.7,214.6,False,0.2753,6,0.0,0.5858,clean,none
G:\GitHub\DiT\MCCD\MCCD\MCCD-Calligrapher\calligrapher_dataset\赵孟𫖯\誚-楷-元-赵孟𫖯-108303.png,赵孟頫,楷,誚,元,108303,誚-楷-元-赵孟𫖯-108303.png,mccd_salvage,ok,253,226,243.6,228.7,False,0.2543,10,0.0,0.4352,clean,none
G:\GitHub\DiT\MCCD\MCCD\MCCD-Calligrapher\calligrapher_dataset\赵孟𫖯\語-楷-元-赵孟𫖯-108356.png,赵孟頫,楷,語,元,108356,語-楷-元-赵孟𫖯-108356.png,mccd_salvage,ok,249,178,226.9,193.7,False,0.3544,5,0.0,0.4353,clean,none
G:\GitHub\DiT\MCCD\MCCD\MCCD-Calligrapher\calligrapher_dataset\赵孟𫖯\語-隶-元-赵孟𫖯-108342.png,赵孟頫,隶,語,元,108342,語-隶-元-赵孟𫖯-108342.png,mccd_salvage,ok,275,183,230.7,149.2,False,0.4475,6,0.0008,0.5123,clean,none
G:\GitHub\DiT\MCCD\MCCD\MCCD-Calligrapher\calligrapher_dataset\赵孟𫖯\誠-楷-元-赵孟𫖯-108445.png,赵孟頫,楷,誠,元,108445,誠-楷-元-赵孟𫖯-108445.png,mccd_salvage,ok,241,198,240.1,219.5,False,0.3128,6,0.0,0.6028,clean,none
G:\GitHub\DiT\MCCD\MCCD\MCCD-Calligrapher\calligrapher_dataset\赵孟𫖯\誡-楷-元-赵孟𫖯-108487.png,赵孟頫,楷,誡,元,108487,誡-楷-元-赵孟𫖯-108487.png,mccd_salvage,ok,234,195,238.9,232.0,False,0.2276,8,0.0,0.4647,clean,none
G:\GitHub\DiT\MCCD\MCCD\MCCD-Calligrapher\calligrapher_dataset\赵孟𫖯\誣-行-元-赵孟𫖯-108522.png,赵孟頫,行,誣,元,108522,誣-行-元-赵孟𫖯-108522.png,mccd_salvage,ok,215,179,237.6,191.4,False,0.3695,4,0.0,0.7291,clean,none
G:\GitHub\DiT\MCCD\MCCD\MCCD-Calligrapher\calligrapher_dataset\赵孟𫖯\說-隶-元-赵孟𫖯-108677.png,赵孟頫,隶,說,元,108677,說-隶-元-赵孟𫖯-108677.png,mccd_salvage,ok,265,163,204.6,142.4,False,0.4205,5,0.0,0.5343,clean,none
G:\GitHub\DiT\MCCD\MCCD\MCCD-Calligrapher\calligrapher_dataset\赵孟𫖯\説-楷-元-赵孟𫖯-108772.png,赵孟頫,楷,説,元,108772,説-楷-元-赵孟𫖯-108772.png,mccd_salvage,ok,242,180,221.7,192.8,False,0.3413,7,0.0,0.4756,clean,none
G:\GitHub\DiT\MCCD\MCCD\MCCD-Calligrapher\calligrapher_dataset\赵孟𫖯\説-隶-元-赵孟𫖯-108761.png,赵孟頫,隶,説,元,108761,説-隶-元-赵孟𫖯-108761.png,mccd_salvage,ok,265,163,204.6,142.4,False,0.4205,5,0.0,0.5343,clean,none
G:\GitHub\DiT\MCCD\MCCD\MCCD-Calligrapher\calligrapher_dataset\赵孟𫖯\誰-楷-元-赵孟𫖯-108849.png,赵孟頫,楷,誰,元,108849,誰-楷-元-赵孟𫖯-108849.png,mccd_salvage,ok,256,208,240.0,225.4,False,0.3018,6,0.0,0.5187,clean,none
G:\GitHub\DiT\MCCD\MCCD\MCCD-Calligrapher\calligrapher_dataset\赵孟𫖯\調-楷-元-赵孟𫖯-109012.png,赵孟頫,楷,調,元,109012,調-楷-元-赵孟𫖯-109012.png,mccd_salvage,ok,220,182,240.6,191.6,False,0.3933,5,0.0,0.5354,clean,none
G:\GitHub\DiT\MCCD\MCCD\MCCD-Calligrapher\calligrapher_dataset\赵孟𫖯\調-隶-元-赵孟𫖯-109004.png,赵孟頫,隶,調,元,109004,調-隶-元-赵孟𫖯-109004.png,mccd_salvage,ok,262,174,209.3,130.4,False,0.4795,5,0.0,0.6144,clean,none
G:\GitHub\DiT\MCCD\MCCD\MCCD-Calligrapher\calligrapher_dataset\赵孟𫖯\諂-楷-元-赵孟𫖯-109042.png,赵孟頫,楷,諂,元,109042,諂-楷-元-赵孟𫖯-109042.png,mccd_salvage,ok,234,208,222.3,207.4,False,0.2551,6,0.0,0.646,clean,none
G:\GitHub\DiT\MCCD\MCCD\MCCD-Calligrapher\calligrapher_dataset\赵孟𫖯\談-楷-元-赵孟𫖯-109115.png,赵孟頫,楷,談,元,109115,談-楷-元-赵孟𫖯-109115.png,mccd_salvage,ok,214,184,233.0,215.8,False,0.3133,7,0.0,0.5851,clean,none
G:\GitHub\DiT\MCCD\MCCD\MCCD-Calligrapher\calligrapher_dataset\赵孟𫖯\談-隶-元-赵孟𫖯-109107.png,赵孟頫,隶,談,元,109107,談-隶-元-赵孟𫖯-109107.png,mccd_salvage,ok,264,191,232.4,161.8,False,0.3639,10,0.0,0.2239,clean,none
G:\GitHub\DiT\MCCD\MCCD\MCCD-Calligrapher\calligrapher_dataset\赵孟𫖯\請-楷-元-赵孟𫖯-109213.png,赵孟頫,楷,請,元,109213,請-楷-元-赵孟𫖯-109213.png,mccd_salvage,ok,210,247,244.5,197.8,False,0.2699,7,0.0004,0.6837,clean,none
G:\GitHub\DiT\MCCD\MCCD\MCCD-Calligrapher\calligrapher_dataset\赵孟𫖯\論-楷-元-赵孟𫖯-109417.png,赵孟頫,楷,論,元,109417,論-楷-元-赵孟𫖯-109417.png,mccd_salvage,ok,262,169,239.7,213.8,False,0.3268,8,0.0,0.3595,clean,none
G:\GitHub\DiT\MCCD\MCCD\MCCD-Calligrapher\calligrapher_dataset\赵孟𫖯\論-行-元-赵孟𫖯-109430.png,赵孟頫,行,論,元,109430,論-行-元-赵孟𫖯-109430.png,mccd_salvage,ok,202,188,241.3,211.2,False,0.284,7,0.0004,0.4867,clean,none
G:\GitHub\DiT\MCCD\MCCD\MCCD-Calligrapher\calligrapher_dataset\赵孟𫖯\論-隶-元-赵孟𫖯-109399.png,赵孟頫,隶,論,元,109399,論-隶-元-赵孟𫖯-109399.png,mccd_salvage,ok,272,199,238.4,171.1,False,0.4391,6,0.0,0.4701,clean,none
G:\GitHub\DiT\MCCD\MCCD\MCCD-Calligrapher\calligrapher_dataset\赵孟𫖯\諛-楷-元-赵孟𫖯-109473.png,赵孟頫,楷,諛,元,109473,諛-楷-元-赵孟𫖯-109473.png,mccd_salvage,ok,246,201,242.3,214.8,False,0.2281,9,0.0,0.4966,clean,none
G:\GitHub\DiT\MCCD\MCCD\MCCD-Calligrapher\calligrapher_dataset\赵孟𫖯\諦-行-元-赵孟𫖯-109549.png,赵孟頫,行,諦,元,109549,諦-行-元-赵孟𫖯-109549.png,mccd_salvage,ok,200,263,242.0,229.0,False,0.3299,3,0.0,0.8426,clean,none
G:\GitHub\DiT\MCCD\MCCD\MCCD-Calligrapher\calligrapher_dataset\赵孟𫖯\諫-行-元-赵孟𫖯-109599.png,赵孟頫,行,諫,元,109599,諫-行-元-赵孟𫖯-109599.png,mccd_salvage,ok,222,231,239.8,223.5,False,0.4015,2,0.0,0.9596,clean,none
G:\GitHub\DiT\MCCD\MCCD\MCCD-Calligrapher\calligrapher_dataset\赵孟𫖯\諭-楷-元-赵孟𫖯-109625.png,赵孟頫,楷,諭,元,109625,諭-楷-元-赵孟𫖯-109625.png,mccd_salvage,ok,275,243,241.6,218.5,False,0.3788,7,0.0011,0.5995,clean,none
G:\GitHub\DiT\MCCD\MCCD\MCCD-Calligrapher\calligrapher_dataset\赵孟𫖯\諭-行-元-赵孟𫖯-109627.png,赵孟頫,行,諭,元,109627,諭-行-元-赵孟𫖯-109627.png,mccd_salvage,ok,232,200,235.3,213.4,False,0.3721,4,0.0,0.7918,clean,none
G:\GitHub\DiT\MCCD\MCCD\MCCD-Calligrapher\calligrapher_dataset\赵孟𫖯\諸-隶-元-赵孟𫖯-109785.png,赵孟頫,隶,諸,元,109785,諸-隶-元-赵孟𫖯-109785.png,mccd_salvage,ok,260,199,219.7,193.8,False,0.466,3,0.0,0.8206,clean,none
G:\GitHub\DiT\MCCD\MCCD\MCCD-Calligrapher\calligrapher_dataset\赵孟𫖯\謀-楷-元-赵孟𫖯-109958.png,赵孟頫,楷,謀,元,109958,謀-楷-元-赵孟𫖯-109958.png,mccd_salvage,ok,213,190,230.9,207.2,False,0.2929,5,0.0,0.6956,clean,none
G:\GitHub\DiT\MCCD\MCCD\MCCD-Calligrapher\calligrapher_dataset\赵孟𫖯\謂-楷-元-赵孟𫖯-110100.png,赵孟頫,楷,謂,元,110100,謂-楷-元-赵孟𫖯-110100.png,mccd_salvage,ok,241,214,240.0,212.9,False,0.2896,8,0.0,0.3235,clean,none
G:\GitHub\DiT\MCCD\MCCD\MCCD-Calligrapher\calligrapher_dataset\赵孟𫖯\謂-行-元-赵孟𫖯-110108.png,赵孟頫,行,謂,元,110108,謂-行-元-赵孟𫖯-110108.png,mccd_salvage,ok,203,216,234.0,163.0,False,0.4698,3,0.0,0.7484,clean,none
G:\GitHub\DiT\MCCD\MCCD\MCCD-Calligrapher\calligrapher_dataset\赵孟𫖯\謂-隶-元-赵孟𫖯-110079.png,赵孟頫,隶,謂,元,110079,謂-隶-元-赵孟𫖯-110079.png,mccd_salvage,ok,263,200,224.9,116.3,False,0.54,7,0.0,0.3305,clean,none
G:\GitHub\DiT\MCCD\MCCD\MCCD-Calligrapher\calligrapher_dataset\赵孟𫖯\謙-楷-元-赵孟𫖯-110294.png,赵孟頫,楷,謙,元,110294,謙-楷-元-赵孟𫖯-110294.png,mccd_salvage,ok,246,178,227.6,179.7,False,0.4038,10,0.0,0.5942,clean,none
G:\GitHub\DiT\MCCD\MCCD\MCCD-Calligrapher\calligrapher_dataset\赵孟𫖯\謙-隶-元-赵孟𫖯-110281.png,赵孟頫,隶,謙,元,110281,謙-隶-元-赵孟𫖯-110281.png,mccd_salvage,ok,269,188,229.7,147.2,False,0.4645,8,0.0,0.7252,clean,none
G:\GitHub\DiT\MCCD\MCCD\MCCD-Calligrapher\calligrapher_dataset\赵孟𫖯\謬-行-元-赵孟𫖯-110521.png,赵孟頫,行,謬,元,110521,謬-行-元-赵孟𫖯-110521.png,mccd_salvage,ok,226,171,244.9,221.6,False,0.2495,6,0.0,0.5974,clean,none
G:\GitHub\DiT\MCCD\MCCD\MCCD-Calligrapher\calligrapher_dataset\赵孟𫖯\謹-楷-元-赵孟𫖯-110625.png,赵孟頫,楷,謹,元,110625,謹-楷-元-赵孟𫖯-110625.png,mccd_salvage,ok,229,183,224.0,195.2,False,0.3385,7,0.0,0.4345,clean,none
G:\GitHub\DiT\MCCD\MCCD\MCCD-Calligrapher\calligrapher_dataset\赵孟𫖯\譏-楷-元-赵孟𫖯-110810.png,赵孟頫,楷,譏,元,110810,譏-楷-元-赵孟𫖯-110810.png,mccd_salvage,ok,237,205,236.6,227.0,False,0.2727,7,0.0,0.6923,clean,none
G:\GitHub\DiT\MCCD\MCCD\MCCD-Calligrapher\calligrapher_dataset\赵孟𫖯\譏-行-宋-赵孟𫖯-110814.png,赵孟頫,行,譏,宋,110814,譏-行-宋-赵孟𫖯-110814.png,mccd_salvage,ok,255,262,235.3,203.3,False,0.4301,4,0.0004,0.7289,clean,none
G:\GitHub\DiT\MCCD\MCCD\MCCD-Calligrapher\calligrapher_dataset\赵孟𫖯\識-行-元-赵孟𫖯-110927.png,赵孟頫,行,識,元,110927,識-行-元-赵孟𫖯-110927.png,mccd_salvage,ok,216,191,233.3,220.9,False,0.3447,4,0.0,0.8155,clean,none
G:\GitHub\DiT\MCCD\MCCD\MCCD-Calligrapher\calligrapher_dataset\赵孟𫖯\警-楷-元-赵孟𫖯-111048.png,赵孟頫,楷,警,元,111048,警-楷-元-赵孟𫖯-111048.png,mccd_salvage,ok,208,235,233.4,216.8,False,0.383,3,0.0,0.7938,clean,none
G:\GitHub\DiT\MCCD\MCCD\MCCD-Calligrapher\calligrapher_dataset\赵孟𫖯\議-楷-元-赵孟𫖯-111157.png,赵孟頫,楷,議,元,111157,議-楷-元-赵孟𫖯-111157.png,mccd_salvage,ok,205,209,233.6,211.4,False,0.3783,6,0.0,0.6714,clean,none
G:\GitHub\DiT\MCCD\MCCD\MCCD-Calligrapher\calligrapher_dataset\赵孟𫖯\譽-隶-元-赵孟𫖯-111271.png,赵孟頫,隶,譽,元,111271,譽-隶-元-赵孟𫖯-111271.png,mccd_salvage,ok,255,244,232.7,186.8,False,0.4246,4,0.0,0.7322,clean,none
G:\GitHub\DiT\MCCD\MCCD\MCCD-Calligrapher\calligrapher_dataset\赵孟𫖯\變-行-元-赵孟𫖯-111438.png,赵孟頫,行,變,元,111438,變-行-元-赵孟𫖯-111438.png,mccd_salvage,ok,272,272,235.4,220.8,False,0.3397,1,0.0,1.0,clean,none
G:\GitHub\DiT\MCCD\MCCD\MCCD-Calligrapher\calligrapher_dataset\赵孟𫖯\讓-隶-元-赵孟𫖯-111546.png,赵孟頫,隶,讓,元,111546,讓-隶-元-赵孟𫖯-111546.png,mccd_salvage,ok,282,247,239.1,205.3,False,0.388,9,0.0,0.474,clean,none
G:\GitHub\DiT\MCCD\MCCD\MCCD-Calligrapher\calligrapher_dataset\赵孟𫖯\豈-行-元-赵孟𫖯-112049.png,赵孟頫,行,豈,元,112049,豈-行-元-赵孟𫖯-112049.png,mccd_salvage,ok,226,391,234.6,196.1,False,0.5233,2,0.0003,0.9997,clean,none
G:\GitHub\DiT\MCCD\MCCD\MCCD-Calligrapher\calligrapher_dataset\赵孟𫖯\象-楷-元-赵孟𫖯-112567.png,赵孟頫,楷,象,元,112567,象-楷-元-赵孟𫖯-112567.png,mccd_salvage,ok,231,306,244.8,232.2,False,0.2862,4,0.0,0.8078,clean,none
G:\GitHub\DiT\MCCD\MCCD\MCCD-Calligrapher\calligrapher_dataset\赵孟𫖯\象-行-元-赵孟𫖯-112582.png,赵孟頫,行,象,元,112582,象-行-元-赵孟𫖯-112582.png,mccd_salvage,ok,171,272,236.2,216.7,False,0.3334,3,0.0003,0.9557,clean,none
G:\GitHub\DiT\MCCD\MCCD\MCCD-Calligrapher\calligrapher_dataset\赵孟𫖯\豺-楷-元-赵孟𫖯-112919.png,赵孟頫,楷,豺,元,112919,豺-楷-元-赵孟𫖯-112919.png,mccd_salvage,ok,180,189,233.1,211.8,False,0.3037,3,0.0,0.9078,clean,none
G:\GitHub\DiT\MCCD\MCCD\MCCD-Calligrapher\calligrapher_dataset\赵孟𫖯\貞-行-元-赵孟𫖯-113494.png,赵孟頫,行,貞,元,113494,貞-行-元-赵孟𫖯-113494.png,mccd_salvage,ok,158,212,245.6,229.0,False,0.2691,3,0.0,0.4156,clean,none
G:\GitHub\DiT\MCCD\MCCD\MCCD-Calligrapher\calligrapher_dataset\赵孟𫖯\貞-隶-元-赵孟𫖯-113458.png,赵孟頫,隶,貞,元,113458,貞-隶-元-赵孟𫖯-113458.png,mccd_salvage,ok,259,249,240.9,204.6,False,0.448,2,0.0,0.9636,clean,none
G:\GitHub\DiT\MCCD\MCCD\MCCD-Calligrapher\calligrapher_dataset\赵孟𫖯\負-楷-元-赵孟𫖯-113560.png,赵孟頫,楷,負,元,113560,負-楷-元-赵孟𫖯-113560.png,mccd_salvage,ok,220,306,242.8,226.6,False,0.3512,1,0.0,1.0,clean,none
G:\GitHub\DiT\MCCD\MCCD\MCCD-Calligrapher\calligrapher_dataset\赵孟𫖯\貢-楷-元-赵孟𫖯-113632.png,赵孟頫,楷,貢,元,113632,貢-楷-元-赵孟𫖯-113632.png,mccd_salvage,ok,219,242,238.7,207.4,False,0.3138,3,0.0,0.626,clean,none
G:\GitHub\DiT\MCCD\MCCD\MCCD-Calligrapher\calligrapher_dataset\赵孟𫖯\貢-隶-元-赵孟𫖯-113624.png,赵孟頫,隶,貢,元,113624,貢-隶-元-赵孟𫖯-113624.png,mccd_salvage,ok,269,232,227.0,184.9,False,0.405,3,0.0,0.598,clean,none
G:\GitHub\DiT\MCCD\MCCD\MCCD-Calligrapher\calligrapher_dataset\赵孟𫖯\貧-行-元-赵孟𫖯-113749.png,赵孟頫,行,貧,元,113749,貧-行-元-赵孟𫖯-113749.png,mccd_salvage,ok,238,246,218.5,189.6,False,0.3506,4,0.0,0.8214,clean,none
G:\GitHub\DiT\MCCD\MCCD\MCCD-Calligrapher\calligrapher_dataset\赵孟𫖯\貧-行-元-赵孟𫖯-113750.png,赵孟頫,行,貧,元,113750,貧-行-元-赵孟𫖯-113750.png,mccd_salvage,ok,157,210,241.3,211.8,False,0.3426,2,0.0,0.8949,clean,none
G:\GitHub\DiT\MCCD\MCCD\MCCD-Calligrapher\calligrapher_dataset\赵孟𫖯\資-楷-元-赵孟𫖯-114503.png,赵孟頫,楷,資,元,114503,資-楷-元-赵孟𫖯-114503.png,mccd_salvage,ok,204,231,240.7,225.8,False,0.254,5,0.0,0.4319,clean,none
G:\GitHub\DiT\MCCD\MCCD\MCCD-Calligrapher\calligrapher_dataset\赵孟𫖯\資-行-元-赵孟𫖯-114514.png,赵孟頫,行,資,元,114514,資-行-元-赵孟𫖯-114514.png,mccd_salvage,ok,165,199,236.3,196.8,False,0.4316,2,0.0,0.9312,clean,none
G:\GitHub\DiT\MCCD\MCCD\MCCD-Calligrapher\calligrapher_dataset\赵孟𫖯\資-隶-元-赵孟𫖯-114487.png,赵孟頫,隶,資,元,114487,資-隶-元-赵孟𫖯-114487.png,mccd_salvage,ok,279,308,242.6,211.9,False,0.3499,6,0.0,0.5485,clean,none
G:\GitHub\DiT\MCCD\MCCD\MCCD-Calligrapher\calligrapher_dataset\赵孟𫖯\賊-隶-元-赵孟𫖯-114661.png,赵孟頫,隶,賊,元,114661,賊-隶-元-赵孟𫖯-114661.png,mccd_salvage,ok,267,199,240.1,195.2,False,0.3701,6,0.0,0.4282,clean,none
G:\GitHub\DiT\MCCD\MCCD\MCCD-Calligrapher\calligrapher_dataset\赵孟𫖯\賓-隶-元-赵孟𫖯-114769.png,赵孟頫,隶,賓,元,114769,賓-隶-元-赵孟𫖯-114769.png,mccd_salvage,ok,226,246,230.3,215.8,False,0.4008,6,0.0,0.6557,clean,none
G:\GitHub\DiT\MCCD\MCCD\MCCD-Calligrapher\calligrapher_dataset\赵孟𫖯\賡-楷-元-赵孟𫖯-115007.png,赵孟頫,楷,賡,元,115007,賡-楷-元-赵孟𫖯-115007.png,mccd_salvage,ok,195,183,243.1,220.0,False,0.2537,4,0.0,0.7778,clean,none
G:\GitHub\DiT\MCCD\MCCD\MCCD-Calligrapher\calligrapher_dataset\赵孟𫖯\賢-行-元-赵孟𫖯-115101.png,赵孟頫,行,賢,元,115101,賢-行-元-赵孟𫖯-115101.png,mccd_salvage,ok,158,204,228.1,185.1,False,0.4532,1,0.0,1.0,clean,none
G:\GitHub\DiT\MCCD\MCCD\MCCD-Calligrapher\calligrapher_dataset\赵孟𫖯\賢-隶-元-赵孟𫖯-115042.png,赵孟頫,隶,賢,元,115042,賢-隶-元-赵孟𫖯-115042.png,mccd_salvage,ok,264,274,237.8,185.2,False,0.3913,4,0.0,0.4229,clean,none
G:\GitHub\DiT\MCCD\MCCD\MCCD-Calligrapher\calligrapher_dataset\赵孟𫖯\賤-隶-元-赵孟𫖯-115173.png,赵孟頫,隶,賤,元,115173,賤-隶-元-赵孟𫖯-115173.png,mccd_salvage,ok,267,220,236.6,202.3,False,0.3758,2,0.0,0.9743,clean,none
G:\GitHub\DiT\MCCD\MCCD\MCCD-Calligrapher\calligrapher_dataset\赵孟𫖯\賦-楷-元-赵孟𫖯-115253.png,赵孟頫,楷,賦,元,115253,賦-楷-元-赵孟𫖯-115253.png,mccd_salvage,ok,238,195,234.0,179.3,False,0.4916,2,0.0,0.9719,clean,none
G:\GitHub\DiT\MCCD\MCCD\MCCD-Calligrapher\calligrapher_dataset\赵孟𫖯\賦-行-元-赵孟𫖯-115263.png,赵孟頫,行,賦,元,115263,賦-行-元-赵孟𫖯-115263.png,mccd_salvage,ok,203,167,233.4,187.3,False,0.4223,2,0.0,0.9744,clean,none
G:\GitHub\DiT\MCCD\MCCD\MCCD-Calligrapher\calligrapher_dataset\赵孟𫖯\賴-楷-元-赵孟𫖯-115409.png,赵孟頫,楷,賴,元,115409,賴-楷-元-赵孟𫖯-115409.png,mccd_salvage,ok,173,185,222.1,170.4,False,0.4114,3,0.0,0.9495,clean,none
G:\GitHub\DiT\MCCD\MCCD\MCCD-Calligrapher\calligrapher_dataset\赵孟𫖯\賴-行-元-赵孟𫖯-115420.png,赵孟頫,行,賴,元,115420,賴-行-元-赵孟𫖯-115420.png,mccd_salvage,ok,192,191,232.7,187.5,False,0.4786,2,0.0,0.506,clean,none
G:\GitHub\DiT\MCCD\MCCD\MCCD-Calligrapher\calligrapher_dataset\赵孟𫖯\贈-楷-元-赵孟𫖯-115729.png,赵孟頫,楷,贈,元,115729,贈-楷-元-赵孟𫖯-115729.png,mccd_salvage,ok,221,242,228.0,171.7,False,0.5193,2,0.0,0.7722,clean,none
G:\GitHub\DiT\MCCD\MCCD\MCCD-Calligrapher\calligrapher_dataset\赵孟𫖯\超-楷-元-赵孟𫖯-116560.png,赵孟頫,楷,超,元,116560,超-楷-元-赵孟𫖯-116560.png,mccd_salvage,ok,280,253,240.6,216.9,False,0.3081,4,0.0,0.3794,clean,none
G:\GitHub\DiT\MCCD\MCCD\MCCD-Calligrapher\calligrapher_dataset\赵孟𫖯\超-隶-元-赵孟𫖯-116543.png,赵孟頫,隶,超,元,116543,超-隶-元-赵孟𫖯-116543.png,mccd_salvage,ok,270,210,230.1,193.8,False,0.3584,3,0.0,0.6358,clean,none
G:\GitHub\DiT\MCCD\MCCD\MCCD-Calligrapher\calligrapher_dataset\赵孟𫖯\越-楷-元-赵孟𫖯-116617.png,赵孟頫,楷,越,元,116617,越-楷-元-赵孟𫖯-116617.png,mccd_salvage,ok,224,199,222.9,221.6,False,0.2821,3,0.0,0.5728,clean,none
G:\GitHub\DiT\MCCD\MCCD\MCCD-Calligrapher\calligrapher_dataset\赵孟𫖯\越-行-元-赵孟𫖯-116621.png,赵孟頫,行,越,元,116621,越-行-元-赵孟𫖯-116621.png,mccd_salvage,ok,190,162,223.7,214.5,False,0.3289,2,0.0,0.9649,clean,none
G:\GitHub\DiT\MCCD\MCCD\MCCD-Calligrapher\calligrapher_dataset\赵孟𫖯\趍-楷-元-赵孟𫖯-116655.png,赵孟頫,楷,趍,元,116655,趍-楷-元-赵孟𫖯-116655.png,mccd_salvage,ok,229,200,229.2,222.5,False,0.2477,2,0.0,0.737,clean,none
G:\GitHub\DiT\MCCD\MCCD\MCCD-Calligrapher\calligrapher_dataset\赵孟𫖯\趙-行-元-赵孟𫖯-116751.png,赵孟頫,行,趙,元,116751,趙-行-元-赵孟𫖯-116751.png,mccd_salvage,ok,210,213,220.6,198.2,False,0.4661,1,0.0,1.0,clean,none
G:\GitHub\DiT\MCCD\MCCD\MCCD-Calligrapher\calligrapher_dataset\赵孟𫖯\趙-行-元-赵孟𫖯-116756.png,赵孟頫,行,趙,元,116756,趙-行-元-赵孟𫖯-116756.png,mccd_salvage,ok,204,174,224.0,213.6,False,0.3569,1,0.0,1.0,clean,none
G:\GitHub\DiT\MCCD\MCCD\MCCD-Calligrapher\calligrapher_dataset\赵孟𫖯\趣-行-元-赵孟𫖯-116848.png,赵孟頫,行,趣,元,116848,趣-行-元-赵孟𫖯-116848.png,mccd_salvage,ok,191,173,231.2,213.7,False,0.2808,5,0.0003,0.6935,clean,none
G:\GitHub\DiT\MCCD\MCCD\MCCD-Calligrapher\calligrapher_dataset\赵孟𫖯\足-行-元-赵孟𫖯-117093.png,赵孟頫,行,足,元,117093,足-行-元-赵孟𫖯-117093.png,mccd_salvage,ok,217,192,234.2,201.7,False,0.376,1,0.0,1.0,clean,none
G:\GitHub\DiT\MCCD\MCCD\MCCD-Calligrapher\calligrapher_dataset\赵孟𫖯\足-行-元-赵孟𫖯-117094.png,赵孟頫,行,足,元,117094,足-行-元-赵孟𫖯-117094.png,mccd_salvage,ok,217,228,231.2,174.3,False,0.4944,2,0.0,0.6837,clean,none
G:\GitHub\DiT\MCCD\MCCD\MCCD-Calligrapher\calligrapher_dataset\赵孟𫖯\足-行-元-赵孟𫖯-117095.png,赵孟頫,行,足,元,117095,足-行-元-赵孟𫖯-117095.png,mccd_salvage,ok,216,194,232.6,206.4,False,0.3097,3,0.0,0.6382,clean,none
G:\GitHub\DiT\MCCD\MCCD\MCCD-Calligrapher\calligrapher_dataset\赵孟𫖯\距-楷-元-赵孟𫖯-117345.png,赵孟頫,楷,距,元,117345,距-楷-元-赵孟𫖯-117345.png,mccd_salvage,ok,237,210,230.6,165.6,False,0.5098,2,0.0,0.947,clean,none
G:\GitHub\DiT\MCCD\MCCD\MCCD-Calligrapher\calligrapher_dataset\赵孟𫖯\跡-行-元-赵孟𫖯-117375.png,赵孟頫,行,跡,元,117375,跡-行-元-赵孟𫖯-117375.png,mccd_salvage,ok,198,139,231.2,183.4,False,0.4052,4,0.0,0.6133,clean,none
G:\GitHub\DiT\MCCD\MCCD\MCCD-Calligrapher\calligrapher_dataset\赵孟𫖯\跡-行-元-赵孟𫖯-117376.png,赵孟頫,行,跡,元,117376,跡-行-元-赵孟𫖯-117376.png,mccd_salvage,ok,187,143,225.0,158.9,False,0.464,1,0.0,1.0,clean,none
G:\GitHub\DiT\MCCD\MCCD\MCCD-Calligrapher\calligrapher_dataset\赵孟𫖯\路-隶-元-赵孟𫖯-117490.png,赵孟頫,隶,路,元,117490,路-隶-元-赵孟𫖯-117490.png,mccd_salvage,ok,265,148,221.1,156.1,False,0.4629,2,0.0,0.5647,clean,none
G:\GitHub\DiT\MCCD\MCCD\MCCD-Calligrapher\calligrapher_dataset\赵孟𫖯\跳-行-元-赵孟𫖯-117574.png,赵孟頫,行,跳,元,117574,跳-行-元-赵孟𫖯-117574.png,mccd_salvage,ok,198,140,212.5,159.6,False,0.487,1,0.0,1.0,clean,none
G:\GitHub\DiT\MCCD\MCCD\MCCD-Calligrapher\calligrapher_dataset\赵孟𫖯\踐-楷-元-赵孟𫖯-117693.png,赵孟頫,楷,踐,元,117693,踐-楷-元-赵孟𫖯-117693.png,mccd_salvage,ok,207,229,235.4,199.3,False,0.3485,4,0.0,0.5947,clean,none
G:\GitHub\DiT\MCCD\MCCD\MCCD-Calligrapher\calligrapher_dataset\赵孟𫖯\踐-隶-元-赵孟𫖯-117683.png,赵孟頫,隶,踐,元,117683,踐-隶-元-赵孟𫖯-117683.png,mccd_salvage,ok,263,240,240.0,203.3,False,0.3885,2,0.0,0.6366,clean,none
G:\GitHub\DiT\MCCD\MCCD\MCCD-Calligrapher\calligrapher_dataset\赵孟𫖯\蹔-行-元-赵孟𫖯-118088.png,赵孟頫,行,蹔,元,118088,蹔-行-元-赵孟𫖯-118088.png,mccd_salvage,ok,171,271,237.2,221.8,False,0.3001,3,0.0,0.5064,clean,none
G:\GitHub\DiT\MCCD\MCCD\MCCD-Calligrapher\calligrapher_dataset\赵孟𫖯\躇-楷-元-赵孟𫖯-118376.png,赵孟頫,楷,躇,元,118376,躇-楷-元-赵孟𫖯-118376.png,mccd_salvage,ok,218,219,232.7,181.4,False,0.3802,3,0.0009,0.9566,clean,none
G:\GitHub\DiT\MCCD\MCCD\MCCD-Calligrapher\calligrapher_dataset\赵孟𫖯\身-行-元-赵孟𫖯-118735.png,赵孟頫,行,身,元,118735,身-行-元-赵孟𫖯-118735.png,mccd_salvage,ok,180,272,242.6,222.4,False,0.3912,1,0.0,1.0,clean,none
G:\GitHub\DiT\MCCD\MCCD\MCCD-Calligrapher\calligrapher_dataset\赵孟𫖯\軍-隶-元-赵孟𫖯-119172.png,赵孟頫,隶,軍,元,119172,軍-隶-元-赵孟𫖯-119172.png,mccd_salvage,ok,264,240,243.2,234.0,False,0.3808,1,0.0,1.0,clean,none
G:\GitHub\DiT\MCCD\MCCD\MCCD-Calligrapher\calligrapher_dataset\赵孟𫖯\軻-楷-元-赵孟𫖯-119518.png,赵孟頫,楷,軻,元,119518,軻-楷-元-赵孟𫖯-119518.png,mccd_salvage,ok,219,168,236.9,209.2,False,0.3852,1,0.0,1.0,clean,none
G:\GitHub\DiT\MCCD\MCCD\MCCD-Calligrapher\calligrapher_dataset\赵孟𫖯\輅-楷-元-赵孟𫖯-119619.png,赵孟頫,楷,輅,元,119619,輅-楷-元-赵孟𫖯-119619.png,mccd_salvage,ok,262,203,244.1,220.7,False,0.3157,3,0.0016,0.8022,clean,none
G:\GitHub\DiT\MCCD\MCCD\MCCD-Calligrapher\calligrapher_dataset\赵孟𫖯\載-楷-元-赵孟𫖯-119728.png,赵孟頫,楷,載,元,119728,載-楷-元-赵孟𫖯-119728.png,mccd_salvage,ok,200,235,235.4,222.7,False,0.3625,2,0.0,0.9769,clean,none
G:\GitHub\DiT\MCCD\MCCD\MCCD-Calligrapher\calligrapher_dataset\赵孟𫖯\輒-行-元-赵孟𫖯-119850.png,赵孟頫,行,輒,元,119850,輒-行-元-赵孟𫖯-119850.png,mccd_salvage,ok,215,229,232.7,198.5,False,0.424,1,0.0,1.0,clean,none
G:\GitHub\DiT\MCCD\MCCD\MCCD-Calligrapher\calligrapher_dataset\赵孟𫖯\輕-隶-元-赵孟𫖯-119940.png,赵孟頫,隶,輕,元,119940,輕-隶-元-赵孟𫖯-119940.png,mccd_salvage,ok,250,167,235.6,167.2,False,0.4063,5,0.0,0.8356,clean,none
G:\GitHub\DiT\MCCD\MCCD\MCCD-Calligrapher\calligrapher_dataset\赵孟𫖯\輦-隶-元-赵孟𫖯-120126.png,赵孟頫,隶,輦,元,120126,輦-隶-元-赵孟𫖯-120126.png,mccd_salvage,ok,247,235,244.7,219.5,False,0.3813,2,0.0,0.8454,clean,none
G:\GitHub\DiT\MCCD\MCCD\MCCD-Calligrapher\calligrapher_dataset\赵孟𫖯\輶-楷-元-赵孟𫖯-120310.png,赵孟頫,楷,輶,元,120310,輶-楷-元-赵孟𫖯-120310.png,mccd_salvage,ok,246,234,238.0,180.7,False,0.4417,4,0.0,0.5001,clean,none
G:\GitHub\DiT\MCCD\MCCD\MCCD-Calligrapher\calligrapher_dataset\赵孟𫖯\輿-楷-元-赵孟𫖯-120442.png,赵孟頫,楷,輿,元,120442,輿-楷-元-赵孟𫖯-120442.png,mccd_salvage,ok,232,193,237.1,222.7,False,0.3047,3,0.0,0.8656,clean,none
G:\GitHub\DiT\MCCD\MCCD\MCCD-Calligrapher\calligrapher_dataset\赵孟𫖯\轂-隶-元-赵孟𫖯-120481.png,赵孟頫,隶,轂,元,120481,轂-隶-元-赵孟𫖯-120481.png,mccd_salvage,ok,257,218,230.9,211.6,False,0.4042,3,0.0,0.7395,clean,none
G:\GitHub\DiT\MCCD\MCCD\MCCD-Calligrapher\calligrapher_dataset\赵孟𫖯\轉-楷-元-赵孟𫖯-120579.png,赵孟頫,楷,轉,元,120579,轉-楷-元-赵孟𫖯-120579.png,mccd_salvage,ok,219,219,235.6,210.3,False,0.3808,2,0.0,0.9866,clean,none
G:\GitHub\DiT\MCCD\MCCD\MCCD-Calligrapher\calligrapher_dataset\赵孟𫖯\轉-行-元-赵孟𫖯-120597.png,赵孟頫,行,轉,元,120597,轉-行-元-赵孟𫖯-120597.png,mccd_salvage,ok,197,196,229.5,206.5,False,0.374,1,0.0,1.0,clean,none
G:\GitHub\DiT\MCCD\MCCD\MCCD-Calligrapher\calligrapher_dataset\赵孟𫖯\轉-行-元-赵孟𫖯-120598.png,赵孟頫,行,轉,元,120598,轉-行-元-赵孟𫖯-120598.png,mccd_salvage,ok,179,205,237.1,201.2,False,0.4014,2,0.0011,0.9989,clean,none
G:\GitHub\DiT\MCCD\MCCD\MCCD-Calligrapher\calligrapher_dataset\赵孟𫖯\轡-行-元-赵孟𫖯-120802.png,赵孟頫,行,轡,元,120802,轡-行-元-赵孟𫖯-120802.png,mccd_salvage,ok,205,249,223.4,153.8,False,0.5709,1,0.0,1.0,broken,too_solid
G:\GitHub\DiT\MCCD\MCCD\MCCD-Calligrapher\calligrapher_dataset\赵孟𫖯\辭-隶-元-赵孟𫖯-121716.png,赵孟頫,隶,辭,元,121716,辭-隶-元-赵孟𫖯-121716.png,mccd_salvage,ok,255,244,226.4,150.2,False,0.4772,6,0.0,0.8141,clean,none
G:\GitHub\DiT\MCCD\MCCD\MCCD-Calligrapher\calligrapher_dataset\赵孟𫖯\辰-隶-元-赵孟𫖯-121979.png,赵孟頫,隶,辰,元,121979,辰-隶-元-赵孟𫖯-121979.png,mccd_salvage,ok,269,171,216.8,164.9,False,0.3423,3,0.0,0.6769,clean,none
G:\GitHub\DiT\MCCD\MCCD\MCCD-Calligrapher\calligrapher_dataset\赵孟𫖯\辱-隶-元-赵孟𫖯-122055.png,赵孟頫,隶,辱,元,122055,辱-隶-元-赵孟𫖯-122055.png,mccd_salvage,ok,270,218,225.0,194.6,False,0.3324,5,0.0,0.4701,clean,none
G:\GitHub\DiT\MCCD\MCCD\MCCD-Calligrapher\calligrapher_dataset\赵孟𫖯\農-楷-元-赵孟𫖯-122131.png,赵孟頫,楷,農,元,122131,農-楷-元-赵孟𫖯-122131.png,mccd_salvage,ok,245,264,229.4,215.7,False,0.3225,5,0.0,0.4231,clean,none
G:\GitHub\DiT\MCCD\MCCD\MCCD-Calligrapher\calligrapher_dataset\赵孟𫖯\迅-楷-元-赵孟𫖯-122265.png,赵孟頫,楷,迅,元,122265,迅-楷-元-赵孟𫖯-122265.png,mccd_salvage,ok,213,162,232.6,206.0,False,0.2223,2,0.0,0.9385,clean,none
G:\GitHub\DiT\MCCD\MCCD\MCCD-Calligrapher\calligrapher_dataset\赵孟𫖯\近-隶-元-赵孟𫖯-122371.png,赵孟頫,隶,近,元,122371,近-隶-元-赵孟𫖯-122371.png,mccd_salvage,ok,271,200,235.5,176.0,False,0.3413,3,0.0,0.5539,clean,none
G:\GitHub\DiT\MCCD\MCCD\MCCD-Calligrapher\calligrapher_dataset\赵孟𫖯\述-楷-元-赵孟𫖯-122744.png,赵孟頫,楷,述,元,122744,述-楷-元-赵孟𫖯-122744.png,mccd_salvage,ok,237,215,229.1,194.0,False,0.3143,4,0.0,0.5607,clean,none
G:\GitHub\DiT\MCCD\MCCD\MCCD-Calligrapher\calligrapher_dataset\赵孟𫖯\迷-行-元-赵孟𫖯-122857.png,赵孟頫,行,迷,元,122857,迷-行-元-赵孟𫖯-122857.png,mccd_salvage,ok,175,200,224.7,201.7,False,0.277,4,0.0,0.5672,clean,none
G:\GitHub\DiT\MCCD\MCCD\MCCD-Calligrapher\calligrapher_dataset\赵孟𫖯\退-楷-元-赵孟𫖯-123181.png,赵孟頫,楷,退,元,123181,退-楷-元-赵孟𫖯-123181.png,mccd_salvage,ok,259,200,233.6,198.4,False,0.2653,5,0.0,0.774,clean,none
G:\GitHub\DiT\MCCD\MCCD\MCCD-Calligrapher\calligrapher_dataset\赵孟𫖯\逍-隶-元-赵孟𫖯-123477.png,赵孟頫,隶,逍,元,123477,逍-隶-元-赵孟𫖯-123477.png,mccd_salvage,ok,258,180,236.7,185.5,False,0.3474,6,0.0,0.4526,clean,none
G:\GitHub\DiT\MCCD\MCCD\MCCD-Calligrapher\calligrapher_dataset\赵孟𫖯\逐-隶-元-赵孟𫖯-123526.png,赵孟頫,隶,逐,元,123526,逐-隶-元-赵孟𫖯-123526.png,mccd_salvage,ok,280,217,228.9,182.5,False,0.3401,4,0.0,0.8514,clean,none
G:\GitHub\DiT\MCCD\MCCD\MCCD-Calligrapher\calligrapher_dataset\赵孟𫖯\通-行-元-赵孟𫖯-123715.png,赵孟頫,行,通,元,123715,通-行-元-赵孟𫖯-123715.png,mccd_salvage,ok,193,183,208.2,208.4,False,0.3294,5,0.0015,0.709,clean,none
G:\GitHub\DiT\MCCD\MCCD\MCCD-Calligrapher\calligrapher_dataset\赵孟𫖯\通-隶-元-赵孟𫖯-123674.png,赵孟頫,隶,通,元,123674,通-隶-元-赵孟𫖯-123674.png,mccd_salvage,ok,262,183,222.7,172.3,False,0.3891,4,0.0,0.5323,clean,none
G:\GitHub\DiT\MCCD\MCCD\MCCD-Calligrapher\calligrapher_dataset\赵孟𫖯\逝-行-元-赵孟𫖯-123764.png,赵孟頫,行,逝,元,123764,逝-行-元-赵孟𫖯-123764.png,mccd_salvage,ok,216,200,226.7,193.6,False,0.3452,2,0.0,0.98,clean,none
G:\GitHub\DiT\MCCD\MCCD\MCCD-Calligrapher\calligrapher_dataset\赵孟𫖯\速-行-元-赵孟𫖯-123825.png,赵孟頫,行,速,元,123825,速-行-元-赵孟𫖯-123825.png,mccd_salvage,ok,220,250,225.4,186.8,False,0.4767,1,0.0,1.0,clean,none
G:\GitHub\DiT\MCCD\MCCD\MCCD-Calligrapher\calligrapher_dataset\赵孟𫖯\連-隶-元-赵孟𫖯-124067.png,赵孟頫,隶,連,元,124067,連-隶-元-赵孟𫖯-124067.png,mccd_salvage,ok,281,228,239.0,191.6,False,0.4306,3,0.0,0.9357,clean,none
G:\GitHub\DiT\MCCD\MCCD\MCCD-Calligrapher\calligrapher_dataset\赵孟𫖯\進-行-元-赵孟𫖯-124288.png,赵孟頫,行,進,元,124288,進-行-元-赵孟𫖯-124288.png,mccd_salvage,ok,278,263,236.7,214.2,False,0.281,2,0.0,0.9492,clean,none
G:\GitHub\DiT\MCCD\MCCD\MCCD-Calligrapher\calligrapher_dataset\赵孟𫖯\逼-隶-元-赵孟𫖯-124415.png,赵孟頫,隶,逼,元,124415,逼-隶-元-赵孟𫖯-124415.png,mccd_salvage,ok,263,208,222.6,170.3,False,0.4293,4,0.0,0.6258,clean,none
G:\GitHub\DiT\MCCD\MCCD\MCCD-Calligrapher\calligrapher_dataset\赵孟𫖯\遇-楷-元-赵孟𫖯-124645.png,赵孟頫,楷,遇,元,124645,遇-楷-元-赵孟𫖯-124645.png,mccd_salvage,ok,223,195,234.0,180.0,False,0.3031,4,0.0,0.6609,clean,none
G:\GitHub\DiT\MCCD\MCCD\MCCD-Calligrapher\calligrapher_dataset\赵孟𫖯\遇-行-元-赵孟𫖯-124650.png,赵孟頫,行,遇,元,124650,遇-行-元-赵孟𫖯-124650.png,mccd_salvage,ok,231,175,211.7,198.8,False,0.2897,3,0.0,0.688,clean,none
G:\GitHub\DiT\MCCD\MCCD\MCCD-Calligrapher\calligrapher_dataset\赵孟𫖯\遊-隶-元-赵孟𫖯-124729.png,赵孟頫,隶,遊,元,124729,遊-隶-元-赵孟𫖯-124729.png,mccd_salvage,ok,276,216,234.9,196.8,False,0.4083,3,0.0,0.9101,clean,none
G:\GitHub\DiT\MCCD\MCCD\MCCD-Calligrapher\calligrapher_dataset\赵孟𫖯\運-隶-元-赵孟𫖯-124783.png,赵孟頫,隶,運,元,124783,運-隶-元-赵孟𫖯-124783.png,mccd_salvage,ok,267,238,240.3,188.6,False,0.4353,4,0.0,0.7565,clean,none
G:\GitHub\DiT\MCCD\MCCD\MCCD-Calligrapher\calligrapher_dataset\赵孟𫖯\過-隶-元-赵孟𫖯-124879.png,赵孟頫,隶,過,元,124879,過-隶-元-赵孟𫖯-124879.png,mccd_salvage,ok,248,185,223.4,176.0,False,0.4112,6,0.0002,0.47,clean,none
G:\GitHub\DiT\MCCD\MCCD\MCCD-Calligrapher\calligrapher_dataset\赵孟𫖯\遐-隶-元-赵孟𫖯-124986.png,赵孟頫,隶,遐,元,124986,遐-隶-元-赵孟𫖯-124986.png,mccd_salvage,ok,269,185,225.9,147.1,False,0.4443,3,0.0,0.7517,clean,none
G:\GitHub\DiT\MCCD\MCCD\MCCD-Calligrapher\calligrapher_dataset\赵孟𫖯\達-隶-元-赵孟𫖯-125282.png,赵孟頫,隶,達,元,125282,達-隶-元-赵孟𫖯-125282.png,mccd_salvage,ok,273,229,236.4,186.8,False,0.3549,3,0.0,0.9201,clean,none
G:\GitHub\DiT\MCCD\MCCD\MCCD-Calligrapher\calligrapher_dataset\赵孟𫖯\遙-隶-元-赵孟𫖯-125419.png,赵孟頫,隶,遙,元,125419,遙-隶-元-赵孟𫖯-125419.png,mccd_salvage,ok,254,197,221.8,165.4,False,0.3906,5,0.0,0.3325,clean,none
G:\GitHub\DiT\MCCD\MCCD\MCCD-Calligrapher\calligrapher_dataset\赵孟𫖯\遠-行-元-赵孟𫖯-125633.png,赵孟頫,行,遠,元,125633,遠-行-元-赵孟𫖯-125633.png,mccd_salvage,ok,243,238,222.8,186.9,False,0.3939,1,0.0,1.0,clean,none
G:\GitHub\DiT\MCCD\MCCD\MCCD-Calligrapher\calligrapher_dataset\赵孟𫖯\適-隶-元-赵孟𫖯-125838.png,赵孟頫,隶,適,元,125838,適-隶-元-赵孟𫖯-125838.png,mccd_salvage,ok,273,249,225.9,190.7,False,0.3986,5,0.0,0.5349,clean,none
G:\GitHub\DiT\MCCD\MCCD\MCCD-Calligrapher\calligrapher_dataset\赵孟𫖯\遯-楷-元-赵孟𫖯-125944.png,赵孟頫,楷,遯,元,125944,遯-楷-元-赵孟𫖯-125944.png,mccd_salvage,ok,198,148,219.3,193.6,False,0.3073,2,0.0,0.6191,clean,none
G:\GitHub\DiT\MCCD\MCCD\MCCD-Calligrapher\calligrapher_dataset\赵孟𫖯\遲-行-元-赵孟𫖯-125998.png,赵孟頫,行,遲,元,125998,遲-行-元-赵孟𫖯-125998.png,mccd_salvage,ok,206,208,222.6,184.5,False,0.3364,3,0.0001,0.9555,clean,none
G:\GitHub\DiT\MCCD\MCCD\MCCD-Calligrapher\calligrapher_dataset\赵孟𫖯\遵-行-元-赵孟𫖯-126054.png,赵孟頫,行,遵,元,126054,遵-行-元-赵孟𫖯-126054.png,mccd_salvage,ok,159,186,220.9,197.9,False,0.3365,3,0.0,0.9521,clean,none
G:\GitHub\DiT\MCCD\MCCD\MCCD-Calligrapher\calligrapher_dataset\赵孟𫖯\遵-隶-元-赵孟𫖯-126037.png,赵孟頫,隶,遵,元,126037,遵-隶-元-赵孟𫖯-126037.png,mccd_salvage,ok,278,253,237.8,196.7,False,0.4177,4,0.0,0.8964,clean,none
G:\GitHub\DiT\MCCD\MCCD\MCCD-Calligrapher\calligrapher_dataset\赵孟𫖯\遷-行-元-赵孟𫖯-126120.png,赵孟頫,行,遷,元,126120,遷-行-元-赵孟𫖯-126120.png,mccd_salvage,ok,191,196,226.6,193.4,False,0.3225,1,0.0,1.0,clean,none
G:\GitHub\DiT\MCCD\MCCD\MCCD-Calligrapher\calligrapher_dataset\赵孟𫖯\遷-行-元-赵孟𫖯-126121.png,赵孟頫,行,遷,元,126121,遷-行-元-赵孟𫖯-126121.png,mccd_salvage,ok,202,207,223.4,194.9,False,0.3199,2,0.0,0.9587,clean,none
G:\GitHub\DiT\MCCD\MCCD\MCCD-Calligrapher\calligrapher_dataset\赵孟𫖯\遼-隶-元-赵孟𫖯-126302.png,赵孟頫,隶,遼,元,126302,遼-隶-元-赵孟𫖯-126302.png,mccd_salvage,ok,276,230,242.4,207.3,False,0.4113,5,0.0003,0.9154,clean,none
G:\GitHub\DiT\MCCD\MCCD\MCCD-Calligrapher\calligrapher_dataset\赵孟𫖯\避-楷-元-赵孟𫖯-126384.png,赵孟頫,楷,避,元,126384,避-楷-元-赵孟𫖯-126384.png,mccd_salvage,ok,190,175,227.2,210.0,False,0.2799,5,0.0,0.401,clean,none
G:\GitHub\DiT\MCCD\MCCD\MCCD-Calligrapher\calligrapher_dataset\赵孟𫖯\邊-楷-元-赵孟𫖯-126788.png,赵孟頫,楷,邊,元,126788,邊-楷-元-赵孟𫖯-126788.png,mccd_salvage,ok,274,262,234.3,225.2,False,0.1925,6,0.0,0.4908,clean,none
G:\GitHub\DiT\MCCD\MCCD\MCCD-Calligrapher\calligrapher_dataset\赵孟𫖯\邊-行-宋-赵孟𫖯-126799.png,赵孟頫,行,邊,宋,126799,邊-行-宋-赵孟𫖯-126799.png,mccd_salvage,ok,208,293,235.6,194.0,False,0.3199,3,0.0,0.7797,clean,none
G:\GitHub\DiT\MCCD\MCCD\MCCD-Calligrapher\calligrapher_dataset\赵孟𫖯\邑-楷-元-赵孟𫖯-127079.png,赵孟頫,楷,邑,元,127079,邑-楷-元-赵孟𫖯-127079.png,mccd_salvage,ok,215,193,177.1,116.8,False,0.3826,1,0.0,1.0,clean,none
G:\GitHub\DiT\MCCD\MCCD\MCCD-Calligrapher\calligrapher_dataset\赵孟𫖯\那-行-元-赵孟𫖯-127227.png,赵孟頫,行,那,元,127227,那-行-元-赵孟𫖯-127227.png,mccd_salvage,ok,202,182,224.1,167.1,False,0.4914,1,0.0,1.0,clean,none
G:\GitHub\DiT\MCCD\MCCD\MCCD-Calligrapher\calligrapher_dataset\赵孟𫖯\郞-楷-元-赵孟𫖯-128046.png,赵孟頫,楷,郞,元,128046,郞-楷-元-赵孟𫖯-128046.png,mccd_salvage,ok,197,258,233.9,170.4,False,0.4002,2,0.0,0.5584,clean,none
G:\GitHub\DiT\MCCD\MCCD\MCCD-Calligrapher\calligrapher_dataset\赵孟𫖯\郞-隶-元-赵孟𫖯-128002.png,赵孟頫,隶,郞,元,128002,郞-隶-元-赵孟𫖯-128002.png,mccd_salvage,ok,283,171,205.7,119.4,False,0.4379,2,0.0,0.8327,clean,none
G:\GitHub\DiT\MCCD\MCCD\MCCD-Calligrapher\calligrapher_dataset\赵孟𫖯\郡-楷-元-赵孟𫖯-128174.png,赵孟頫,楷,郡,元,128174,郡-楷-元-赵孟𫖯-128174.png,mccd_salvage,ok,198,220,234.3,196.7,False,0.3625,1,0.0,1.0,clean,none
G:\GitHub\DiT\MCCD\MCCD\MCCD-Calligrapher\calligrapher_dataset\赵孟𫖯\部-楷-元-赵孟𫖯-128366.png,赵孟頫,楷,部,元,128366,部-楷-元-赵孟𫖯-128366.png,mccd_salvage,ok,265,288,238.6,219.7,False,0.339,2,0.0,0.5796,clean,none
G:\GitHub\DiT\MCCD\MCCD\MCCD-Calligrapher\calligrapher_dataset\赵孟𫖯\都-隶-元-赵孟𫖯-128713.png,赵孟頫,隶,都,元,128713,都-隶-元-赵孟𫖯-128713.png,mccd_salvage,ok,256,187,215.9,183.7,False,0.3863,3,0.0,0.5995,clean,none
G:\GitHub\DiT\MCCD\MCCD\MCCD-Calligrapher\calligrapher_dataset\赵孟𫖯\鄒-楷-元-赵孟𫖯-129024.png,赵孟頫,楷,鄒,元,129024,鄒-楷-元-赵孟𫖯-129024.png,mccd_salvage,ok,176,221,242.2,221.3,False,0.3145,1,0.0,1.0,clean,none
G:\GitHub\DiT\MCCD\MCCD\MCCD-Calligrapher\calligrapher_dataset\赵孟𫖯\鄙-行-元-赵孟𫖯-129199.png,赵孟頫,行,鄙,元,129199,鄙-行-元-赵孟𫖯-129199.png,mccd_salvage,ok,202,200,237.6,211.8,False,0.3592,2,0.0,0.6653,clean,none
G:\GitHub\DiT\MCCD\MCCD\MCCD-Calligrapher\calligrapher_dataset\赵孟𫖯\鄧-楷-元-赵孟𫖯-129317.png,赵孟頫,楷,鄧,元,129317,鄧-楷-元-赵孟𫖯-129317.png,mccd_salvage,ok,217,228,237.4,209.8,False,0.2701,6,0.0,0.4098,clean,none
G:\GitHub\DiT\MCCD\MCCD\MCCD-Calligrapher\calligrapher_dataset\赵孟𫖯\鄰-楷-元-赵孟𫖯-129437.png,赵孟頫,楷,鄰,元,129437,鄰-楷-元-赵孟𫖯-129437.png,mccd_salvage,ok,185,213,238.7,204.1,False,0.4293,2,0.0,0.6957,clean,none
G:\GitHub\DiT\MCCD\MCCD\MCCD-Calligrapher\calligrapher_dataset\赵孟𫖯\酒-隶-元-赵孟𫖯-129906.png,赵孟頫,隶,酒,元,129906,酒-隶-元-赵孟𫖯-129906.png,mccd_salvage,ok,257,177,34.0,173.6,True,0.5303,4,0.0,0.8256,inverted,inverted
G:\GitHub\DiT\MCCD\MCCD\MCCD-Calligrapher\calligrapher_dataset\赵孟𫖯\醜-楷-元-赵孟𫖯-130428.png,赵孟頫,楷,醜,元,130428,醜-楷-元-赵孟𫖯-130428.png,mccd_salvage,ok,260,165,228.5,179.0,False,0.364,3,0.0,0.7856,clean,none
G:\GitHub\DiT\MCCD\MCCD\MCCD-Calligrapher\calligrapher_dataset\赵孟𫖯\醢-楷-元-赵孟𫖯-130469.png,赵孟頫,楷,醢,元,130469,醢-楷-元-赵孟𫖯-130469.png,mccd_salvage,ok,230,195,238.0,186.1,False,0.3961,4,0.0008,0.665,clean,none
G:\GitHub\DiT\MCCD\MCCD\MCCD-Calligrapher\calligrapher_dataset\赵孟𫖯\醯-楷-元-赵孟𫖯-130582.png,赵孟頫,楷,醯,元,130582,醯-楷-元-赵孟𫖯-130582.png,mccd_salvage,ok,238,232,239.5,191.4,False,0.4312,4,0.0,0.5199,clean,none
G:\GitHub\DiT\MCCD\MCCD\MCCD-Calligrapher\calligrapher_dataset\赵孟𫖯\釋-楷-元-赵孟𫖯-130896.png,赵孟頫,楷,釋,元,130896,釋-楷-元-赵孟𫖯-130896.png,mccd_salvage,ok,228,242,243.6,209.7,False,0.3515,1,0.0,1.0,clean,none
G:\GitHub\DiT\MCCD\MCCD\MCCD-Calligrapher\calligrapher_dataset\赵孟𫖯\里-行-元-赵孟𫖯-131085.png,赵孟頫,行,里,元,131085,里-行-元-赵孟𫖯-131085.png,mccd_salvage,ok,272,278,233.1,195.3,False,0.4524,1,0.0,1.0,clean,none
G:\GitHub\DiT\MCCD\MCCD\MCCD-Calligrapher\calligrapher_dataset\赵孟𫖯\重-楷-元-赵孟𫖯-131216.png,赵孟頫,楷,重,元,131216,重-楷-元-赵孟𫖯-131216.png,mccd_salvage,ok,220,207,235.9,202.1,False,0.3759,1,0.0,1.0,clean,none
G:\GitHub\DiT\MCCD\MCCD\MCCD-Calligrapher\calligrapher_dataset\赵孟𫖯\重-隶-元-赵孟𫖯-131182.png,赵孟頫,隶,重,元,131182,重-隶-元-赵孟𫖯-131182.png,mccd_salvage,ok,246,261,237.6,190.1,False,0.4457,1,0.0,1.0,clean,none
G:\GitHub\DiT\MCCD\MCCD\MCCD-Calligrapher\calligrapher_dataset\赵孟𫖯\野-隶-元-赵孟𫖯-131297.png,赵孟頫,隶,野,元,131297,野-隶-元-赵孟𫖯-131297.png,mccd_salvage,ok,252,207,224.0,132.6,False,0.4541,3,0.0,0.3988,clean,none
G:\GitHub\DiT\MCCD\MCCD\MCCD-Calligrapher\calligrapher_dataset\赵孟𫖯\量-楷-元-赵孟𫖯-131432.png,赵孟頫,楷,量,元,131432,量-楷-元-赵孟𫖯-131432.png,mccd_salvage,ok,218,220,229.1,186.9,False,0.3877,3,0.0,0.5178,clean,none
G:\GitHub\DiT\MCCD\MCCD\MCCD-Calligrapher\calligrapher_dataset\赵孟𫖯\釜-楷-元-赵孟𫖯-131942.png,赵孟頫,楷,釜,元,131942,釜-楷-元-赵孟𫖯-131942.png,mccd_salvage,ok,232,192,232.7,207.1,False,0.2844,3,0.0,0.7667,clean,none
G:\GitHub\DiT\MCCD\MCCD\MCCD-Calligrapher\calligrapher_dataset\赵孟𫖯\釣-隶-元-赵孟𫖯-131978.png,赵孟頫,隶,釣,元,131978,釣-隶-元-赵孟𫖯-131978.png,mccd_salvage,ok,264,194,228.5,210.3,False,0.3535,3,0.0,0.6249,clean,none
G:\GitHub\DiT\MCCD\MCCD\MCCD-Calligrapher\calligrapher_dataset\赵孟𫖯\鈇-楷-元-赵孟𫖯-132159.png,赵孟頫,楷,鈇,元,132159,鈇-楷-元-赵孟𫖯-132159.png,mccd_salvage,ok,230,158,232.6,213.2,False,0.2455,3,0.0,0.826,clean,none
G:\GitHub\DiT\MCCD\MCCD\MCCD-Calligrapher\calligrapher_dataset\赵孟𫖯\鈴-楷-元-赵孟𫖯-132362.png,赵孟頫,楷,鈴,元,132362,鈴-楷-元-赵孟𫖯-132362.png,mccd_salvage,ok,222,171,245.9,232.4,False,0.2215,3,0.0,0.8022,clean,none
G:\GitHub\DiT\MCCD\MCCD\MCCD-Calligrapher\calligrapher_dataset\赵孟𫖯\鉅-楷-元-赵孟𫖯-132441.png,赵孟頫,楷,鉅,元,132441,鉅-楷-元-赵孟𫖯-132441.png,mccd_salvage,ok,256,178,230.9,203.5,False,0.3676,4,0.0,0.4999,clean,none
G:\GitHub\DiT\MCCD\MCCD\MCCD-Calligrapher\calligrapher_dataset\赵孟𫖯\鉏-楷-元-赵孟𫖯-132525.png,赵孟頫,楷,鉏,元,132525,鉏-楷-元-赵孟𫖯-132525.png,mccd_salvage,ok,248,182,238.1,222.4,False,0.2717,1,0.0,1.0,clean,none
G:\GitHub\DiT\MCCD\MCCD\MCCD-Calligrapher\calligrapher_dataset\赵孟𫖯\鉤-楷-元-赵孟𫖯-132630.png,赵孟頫,楷,鉤,元,132630,鉤-楷-元-赵孟𫖯-132630.png,mccd_salvage,ok,248,212,234.2,210.0,False,0.3178,2,0.0,0.5012,clean,none
G:\GitHub\DiT\MCCD\MCCD\MCCD-Calligrapher\calligrapher_dataset\赵孟𫖯\銀-隶-元-赵孟𫖯-132714.png,赵孟頫,隶,銀,元,132714,銀-隶-元-赵孟𫖯-132714.png,mccd_salvage,ok,268,185,234.2,185.5,False,0.383,1,0.0,1.0,clean,none
G:\GitHub\DiT\MCCD\MCCD\MCCD-Calligrapher\calligrapher_dataset\赵孟𫖯\銅-楷-元-赵孟𫖯-132778.png,赵孟頫,楷,銅,元,132778,銅-楷-元-赵孟𫖯-132778.png,mccd_salvage,ok,261,220,223.8,189.8,False,0.3306,3,0.0,0.4851,clean,none
G:\GitHub\DiT\MCCD\MCCD\MCCD-Calligrapher\calligrapher_dataset\赵孟𫖯\銘-隶-元-赵孟𫖯-132914.png,赵孟頫,隶,銘,元,132914,銘-隶-元-赵孟𫖯-132914.png,mccd_salvage,ok,261,211,230.1,204.5,False,0.3535,2,0.0,0.5585,clean,none
G:\GitHub\DiT\MCCD\MCCD\MCCD-Calligrapher\calligrapher_dataset\赵孟𫖯\銜-楷-元-赵孟𫖯-133014.png,赵孟頫,楷,銜,元,133014,銜-楷-元-赵孟𫖯-133014.png,mccd_salvage,ok,275,274,242.1,227.7,False,0.3068,5,0.0,0.3147,clean,none
G:\GitHub\DiT\MCCD\MCCD\MCCD-Calligrapher\calligrapher_dataset\赵孟𫖯\錐-行-元-赵孟𫖯-133454.png,赵孟頫,行,錐,元,133454,錐-行-元-赵孟𫖯-133454.png,mccd_salvage,ok,189,212,241.1,217.2,False,0.3693,3,0.0,0.6382,clean,none
G:\GitHub\DiT\MCCD\MCCD\MCCD-Calligrapher\calligrapher_dataset\赵孟𫖯\鍪-楷-元-赵孟𫖯-134020.png,赵孟頫,楷,鍪,元,134020,鍪-楷-元-赵孟𫖯-134020.png,mccd_salvage,ok,202,190,237.2,217.3,False,0.252,4,0.0004,0.5901,clean,none
G:\GitHub\DiT\MCCD\MCCD\MCCD-Calligrapher\calligrapher_dataset\赵孟𫖯\鍾-楷-元-赵孟𫖯-134144.png,赵孟頫,楷,鍾,元,134144,鍾-楷-元-赵孟𫖯-134144.png,mccd_salvage,ok,242,172,220.6,188.9,False,0.4393,2,0.0,0.9824,clean,none
G:\GitHub\DiT\MCCD\MCCD\MCCD-Calligrapher\calligrapher_dataset\赵孟𫖯\鎧-楷-元-赵孟𫖯-134316.png,赵孟頫,楷,鎧,元,134316,鎧-楷-元-赵孟𫖯-134316.png,mccd_salvage,ok,216,200,232.7,207.7,False,0.3207,7,0.0007,0.3287,clean,none
G:\GitHub\DiT\MCCD\MCCD\MCCD-Calligrapher\calligrapher_dataset\赵孟𫖯\鎸-楷-元-赵孟𫖯-134439.png,赵孟頫,楷,鎸,元,134439,鎸-楷-元-赵孟𫖯-134439.png,mccd_salvage,ok,199,198,221.6,187.0,False,0.4234,4,0.0,0.5051,clean,none
G:\GitHub\DiT\MCCD\MCCD\MCCD-Calligrapher\calligrapher_dataset\赵孟𫖯\鏡-楷-元-赵孟𫖯-134600.png,赵孟頫,楷,鏡,元,134600,鏡-楷-元-赵孟𫖯-134600.png,mccd_salvage,ok,250,196,224.8,215.1,False,0.3186,5,0.0,0.556,clean,none
G:\GitHub\DiT\MCCD\MCCD\MCCD-Calligrapher\calligrapher_dataset\赵孟𫖯\鐘-楷-元-赵孟𫖯-134892.png,赵孟頫,楷,鐘,元,134892,鐘-楷-元-赵孟𫖯-134892.png,mccd_salvage,ok,221,195,224.3,200.4,False,0.4503,1,0.0,1.0,clean,none
G:\GitHub\DiT\MCCD\MCCD\MCCD-Calligrapher\calligrapher_dataset\赵孟𫖯\鐸-行-元-赵孟𫖯-135043.png,赵孟頫,行,鐸,元,135043,鐸-行-元-赵孟𫖯-135043.png,mccd_salvage,ok,178,203,241.6,207.8,False,0.3752,1,0.0,1.0,clean,none
G:\GitHub\DiT\MCCD\MCCD\MCCD-Calligrapher\calligrapher_dataset\赵孟𫖯\鑄-楷-元-赵孟𫖯-135117.png,赵孟頫,楷,鑄,元,135117,鑄-楷-元-赵孟𫖯-135117.png,mccd_salvage,ok,263,237,240.1,220.8,False,0.3096,3,0.0,0.7666,clean,none
G:\GitHub\DiT\MCCD\MCCD\MCCD-Calligrapher\calligrapher_dataset\赵孟𫖯\鑑-楷-元-赵孟𫖯-135179.png,赵孟頫,楷,鑑,元,135179,鑑-楷-元-赵孟𫖯-135179.png,mccd_salvage,ok,210,151,226.5,193.2,False,0.3886,5,0.0,0.5832,clean,none
G:\GitHub\DiT\MCCD\MCCD\MCCD-Calligrapher\calligrapher_dataset\赵孟𫖯\鑑-行-元-赵孟𫖯-135187.png,赵孟頫,行,鑑,元,135187,鑑-行-元-赵孟𫖯-135187.png,mccd_salvage,ok,214,182,221.6,190.1,False,0.4042,4,0.0004,0.415,clean,none
G:\GitHub\DiT\MCCD\MCCD\MCCD-Calligrapher\calligrapher_dataset\赵孟𫖯\鑑-隶-元-赵孟𫖯-135177.png,赵孟頫,隶,鑑,元,135177,鑑-隶-元-赵孟𫖯-135177.png,mccd_salvage,ok,294,204,237.6,174.5,False,0.4368,2,0.0,0.8895,clean,none
G:\GitHub\DiT\MCCD\MCCD\MCCD-Calligrapher\calligrapher_dataset\赵孟𫖯\鑒-行-元-赵孟𫖯-135238.png,赵孟頫,行,鑒,元,135238,鑒-行-元-赵孟𫖯-135238.png,mccd_salvage,ok,212,199,230.0,199.9,False,0.4096,1,0.0,1.0,clean,none
G:\GitHub\DiT\MCCD\MCCD\MCCD-Calligrapher\calligrapher_dataset\赵孟𫖯\鑠-楷-元-赵孟𫖯-135285.png,赵孟頫,楷,鑠,元,135285,鑠-楷-元-赵孟𫖯-135285.png,mccd_salvage,ok,198,157,229.9,201.3,False,0.3495,7,0.0021,0.396,clean,none
G:\GitHub\DiT\MCCD\MCCD\MCCD-Calligrapher\calligrapher_dataset\赵孟𫖯\鑾-楷-元-赵孟𫖯-135402.png,赵孟頫,楷,鑾,元,135402,鑾-楷-元-赵孟𫖯-135402.png,mccd_salvage,ok,207,230,238.4,222.0,False,0.3009,7,0.0,0.4877,clean,none
G:\GitHub\DiT\MCCD\MCCD\MCCD-Calligrapher\calligrapher_dataset\赵孟𫖯\鑿-楷-元-赵孟𫖯-135437.png,赵孟頫,楷,鑿,元,135437,鑿-楷-元-赵孟𫖯-135437.png,mccd_salvage,ok,251,247,230.0,206.1,False,0.2659,11,0.0013,0.91,clean,none
G:\GitHub\DiT\MCCD\MCCD\MCCD-Calligrapher\calligrapher_dataset\赵孟𫖯\長-隶-元-赵孟𫖯-135659.png,赵孟頫,隶,長,元,135659,長-隶-元-赵孟𫖯-135659.png,mccd_salvage,ok,264,204,217.3,189.4,False,0.3675,1,0.0,1.0,clean,none
G:\GitHub\DiT\MCCD\MCCD\MCCD-Calligrapher\calligrapher_dataset\赵孟𫖯\門-隶-元-赵孟𫖯-135984.png,赵孟頫,隶,門,元,135984,門-隶-元-赵孟𫖯-135984.png,mccd_salvage,ok,279,208,208.4,153.3,False,0.3469,2,0.0,0.5094,clean,none
G:\GitHub\DiT\MCCD\MCCD\MCCD-Calligrapher\calligrapher_dataset\赵孟𫖯\開-楷-元-赵孟𫖯-136218.png,赵孟頫,楷,開,元,136218,開-楷-元-赵孟𫖯-136218.png,mccd_salvage,ok,197,234,212.1,116.3,False,0.5364,1,0.0,1.0,clean,none
G:\GitHub\DiT\MCCD\MCCD\MCCD-Calligrapher\calligrapher_dataset\赵孟𫖯\閏-楷-元-赵孟𫖯-136297.png,赵孟頫,楷,閏,元,136297,閏-楷-元-赵孟𫖯-136297.png,mccd_salvage,ok,194,206,175.2,101.5,False,0.4475,3,0.0,0.4196,clean,none
G:\GitHub\DiT\MCCD\MCCD\MCCD-Calligrapher\calligrapher_dataset\赵孟𫖯\閑-隶-元-赵孟𫖯-136320.png,赵孟頫,隶,閑,元,136320,閑-隶-元-赵孟𫖯-136320.png,mccd_salvage,ok,286,200,209.8,126.3,False,0.4495,5,0.0,0.3738,clean,none
G:\GitHub\DiT\MCCD\MCCD\MCCD-Calligrapher\calligrapher_dataset\赵孟𫖯\間-楷-元-赵孟𫖯-136448.png,赵孟頫,楷,間,元,136448,間-楷-元-赵孟𫖯-136448.png,mccd_salvage,ok,201,237,226.1,132.2,False,0.5093,1,0.0,1.0,clean,none
G:\GitHub\DiT\MCCD\MCCD\MCCD-Calligrapher\calligrapher_dataset\赵孟𫖯\閔-楷-元-赵孟𫖯-136511.png,赵孟頫,楷,閔,元,136511,閔-楷-元-赵孟𫖯-136511.png,mccd_salvage,ok,228,265,223.8,126.6,False,0.3672,6,0.0012,0.4402,clean,none
G:\GitHub\DiT\MCCD\MCCD\MCCD-Calligrapher\calligrapher_dataset\赵孟𫖯\閱-楷-元-赵孟𫖯-136741.png,赵孟頫,楷,閱,元,136741,閱-楷-元-赵孟𫖯-136741.png,mccd_salvage,ok,185,223,223.7,118.3,False,0.4922,1,0.0,1.0,clean,none
G:\GitHub\DiT\MCCD\MCCD\MCCD-Calligrapher\calligrapher_dataset\赵孟𫖯\闕-隶-元-赵孟𫖯-137044.png,赵孟頫,隶,闕,元,137044,闕-隶-元-赵孟𫖯-137044.png,mccd_salvage,ok,245,210,217.4,160.4,False,0.4292,2,0.0,0.5021,clean,none
G:\GitHub\DiT\MCCD\MCCD\MCCD-Calligrapher\calligrapher_dataset\赵孟𫖯\關-楷-元-赵孟𫖯-137160.png,赵孟頫,楷,關,元,137160,關-楷-元-赵孟𫖯-137160.png,mccd_salvage,ok,206,257,226.7,146.7,False,0.2802,5,0.0,0.484,clean,none
G:\GitHub\DiT\MCCD\MCCD\MCCD-Calligrapher\calligrapher_dataset\赵孟𫖯\關-行-元-赵孟𫖯-137165.png,赵孟頫,行,關,元,137165,關-行-元-赵孟𫖯-137165.png,mccd_salvage,ok,183,191,214.7,133.0,False,0.4647,4,0.0,0.8113,clean,none
G:\GitHub\DiT\MCCD\MCCD\MCCD-Calligrapher\calligrapher_dataset\赵孟𫖯\闢-楷-元-赵孟𫖯-137241.png,赵孟頫,楷,闢,元,137241,闢-楷-元-赵孟𫖯-137241.png,mccd_salvage,ok,177,208,216.6,170.0,False,0.3088,5,0.0,0.3467,clean,none
G:\GitHub\DiT\MCCD\MCCD\MCCD-Calligrapher\calligrapher_dataset\赵孟𫖯\闥-楷-元-赵孟𫖯-137263.png,赵孟頫,楷,闥,元,137263,闥-楷-元-赵孟𫖯-137263.png,mccd_salvage,ok,165,201,200.3,154.4,False,0.3644,4,0.0,0.3724,clean,none
G:\GitHub\DiT\MCCD\MCCD\MCCD-Calligrapher\calligrapher_dataset\赵孟𫖯\阜-楷-元-赵孟𫖯-137305.png,赵孟頫,楷,阜,元,137305,阜-楷-元-赵孟𫖯-137305.png,mccd_salvage,ok,207,229,237.9,215.9,False,0.2927,1,0.0,1.0,clean,none
G:\GitHub\DiT\MCCD\MCCD\MCCD-Calligrapher\calligrapher_dataset\赵孟𫖯\阮-行-元-赵孟𫖯-137459.png,赵孟頫,行,阮,元,137459,阮-行-元-赵孟𫖯-137459.png,mccd_salvage,ok,243,209,225.6,198.6,False,0.2586,3,0.0005,0.689,clean,none
G:\GitHub\DiT\MCCD\MCCD\MCCD-Calligrapher\calligrapher_dataset\赵孟𫖯\陂-楷-元-赵孟𫖯-137694.png,赵孟頫,楷,陂,元,137694,陂-楷-元-赵孟𫖯-137694.png,mccd_salvage,ok,225,174,238.6,192.0,False,0.2956,3,0.0,0.5728,clean,none
G:\GitHub\DiT\MCCD\MCCD\MCCD-Calligrapher\calligrapher_dataset\赵孟𫖯\陋-楷-元-赵孟𫖯-137762.png,赵孟頫,楷,陋,元,137762,陋-楷-元-赵孟𫖯-137762.png,mccd_salvage,ok,264,212,225.8,109.7,False,0.4393,3,0.0,0.4912,clean,none
G:\GitHub\DiT\MCCD\MCCD\MCCD-Calligrapher\calligrapher_dataset\赵孟𫖯\降-楷-元-赵孟𫖯-137919.png,赵孟頫,楷,降,元,137919,降-楷-元-赵孟𫖯-137919.png,mccd_salvage,ok,217,225,229.4,162.3,False,0.4426,1,0.0,1.0,clean,none
G:\GitHub\DiT\MCCD\MCCD\MCCD-Calligrapher\calligrapher_dataset\赵孟𫖯\陛-隶-元-赵孟𫖯-138035.png,赵孟頫,隶,陛,元,138035,陛-隶-元-赵孟𫖯-138035.png,mccd_salvage,ok,265,197,224.4,132.6,False,0.4133,4,0.0,0.3538,clean,none
G:\GitHub\DiT\MCCD\MCCD\MCCD-Calligrapher\calligrapher_dataset\赵孟𫖯\陞-隶-元-赵孟𫖯-138078.png,赵孟頫,隶,陞,元,138078,陞-隶-元-赵孟𫖯-138078.png,mccd_salvage,ok,285,176,225.6,134.0,False,0.4406,4,0.0,0.3514,clean,none
G:\GitHub\DiT\MCCD\MCCD\MCCD-Calligrapher\calligrapher_dataset\赵孟𫖯\陟-隶-元-赵孟𫖯-138139.png,赵孟頫,隶,陟,元,138139,陟-隶-元-赵孟𫖯-138139.png,mccd_salvage,ok,274,251,237.6,187.7,False,0.355,3,0.0,0.5985,clean,none
G:\GitHub\DiT\MCCD\MCCD\MCCD-Calligrapher\calligrapher_dataset\赵孟𫖯\院-楷-元-赵孟𫖯-138205.png,赵孟頫,楷,院,元,138205,院-楷-元-赵孟𫖯-138205.png,mccd_salvage,ok,257,238,232.2,166.5,False,0.3652,4,0.0,0.5763,clean,none
G:\GitHub\DiT\MCCD\MCCD\MCCD-Calligrapher\calligrapher_dataset\赵孟𫖯\除-楷-元-赵孟𫖯-138313.png,赵孟頫,楷,除,元,138313,除-楷-元-赵孟𫖯-138313.png,mccd_salvage,ok,217,192,231.6,187.1,False,0.2493,9,0.0017,0.5578,clean,none
G:\GitHub\DiT\MCCD\MCCD\MCCD-Calligrapher\calligrapher_dataset\赵孟𫖯\陪-隶-元-赵孟𫖯-138352.png,赵孟頫,隶,陪,元,138352,陪-隶-元-赵孟𫖯-138352.png,mccd_salvage,ok,247,182,222.7,126.8,False,0.4312,2,0.0,0.9022,clean,none
G:\GitHub\DiT\MCCD\MCCD\MCCD-Calligrapher\calligrapher_dataset\赵孟𫖯\陬-楷-元-赵孟𫖯-138390.png,赵孟頫,楷,陬,元,138390,陬-楷-元-赵孟𫖯-138390.png,mccd_salvage,ok,194,163,221.6,189.9,False,0.3396,1,0.0,1.0,clean,none
G:\GitHub\DiT\MCCD\MCCD\MCCD-Calligrapher\calligrapher_dataset\赵孟𫖯\陰-楷-元-赵孟𫖯-138487.png,赵孟頫,楷,陰,元,138487,陰-楷-元-赵孟𫖯-138487.png,mccd_salvage,ok,224,179,235.2,168.7,False,0.396,1,0.0,1.0,clean,none
G:\GitHub\DiT\MCCD\MCCD\MCCD-Calligrapher\calligrapher_dataset\赵孟𫖯\陳-楷-元-赵孟𫖯-138609.png,赵孟頫,楷,陳,元,138609,陳-楷-元-赵孟𫖯-138609.png,mccd_salvage,ok,208,215,236.4,202.2,False,0.3281,3,0.0,0.7334,clean,none
G:\GitHub\DiT\MCCD\MCCD\MCCD-Calligrapher\calligrapher_dataset\赵孟𫖯\陳-隶-元-赵孟𫖯-138581.png,赵孟頫,隶,陳,元,138581,陳-隶-元-赵孟𫖯-138581.png,mccd_salvage,ok,257,206,223.0,182.3,False,0.4649,4,0.0,0.5068,clean,none
G:\GitHub\DiT\MCCD\MCCD\MCCD-Calligrapher\calligrapher_dataset\赵孟𫖯\陶-楷-元-赵孟𫖯-138811.png,赵孟頫,楷,陶,元,138811,陶-楷-元-赵孟𫖯-138811.png,mccd_salvage,ok,208,198,221.5,159.9,False,0.3477,4,0.0,0.3238,clean,none
G:\GitHub\DiT\MCCD\MCCD\MCCD-Calligrapher\calligrapher_dataset\赵孟𫖯\陶-隶-元-赵孟𫖯-138797.png,赵孟頫,隶,陶,元,138797,陶-隶-元-赵孟𫖯-138797.png,mccd_salvage,ok,249,194,229.8,165.6,False,0.4485,1,0.0,1.0,clean,none
G:\GitHub\DiT\MCCD\MCCD\MCCD-Calligrapher\calligrapher_dataset\赵孟𫖯\陸-楷-元-赵孟𫖯-138901.png,赵孟頫,楷,陸,元,138901,陸-楷-元-赵孟𫖯-138901.png,mccd_salvage,ok,235,250,212.3,170.6,False,0.3539,6,0.0,0.3685,clean,none
G:\GitHub\DiT\MCCD\MCCD\MCCD-Calligrapher\calligrapher_dataset\赵孟𫖯\陽-行-元-赵孟𫖯-139081.png,赵孟頫,行,陽,元,139081,陽-行-元-赵孟𫖯-139081.png,mccd_salvage,ok,207,232,212.5,150.9,False,0.4081,3,0.0004,0.7195,clean,none
G:\GitHub\DiT\MCCD\MCCD\MCCD-Calligrapher\calligrapher_dataset\赵孟𫖯\隙-楷-元-赵孟𫖯-139513.png,赵孟頫,楷,隙,元,139513,隙-楷-元-赵孟𫖯-139513.png,mccd_salvage,ok,222,229,236.1,173.0,False,0.3233,7,0.0,0.3992,clean,none
G:\GitHub\DiT\MCCD\MCCD\MCCD-Calligrapher\calligrapher_dataset\赵孟𫖯\際-楷-元-赵孟𫖯-139535.png,赵孟頫,楷,際,元,139535,際-楷-元-赵孟𫖯-139535.png,mccd_salvage,ok,202,177,234.5,177.1,False,0.3924,6,0.0,0.4137,clean,none
G:\GitHub\DiT\MCCD\MCCD\MCCD-Calligrapher\calligrapher_dataset\赵孟𫖯\際-行-元-赵孟𫖯-139540.png,赵孟頫,行,際,元,139540,際-行-元-赵孟𫖯-139540.png,mccd_salvage,ok,207,188,237.3,178.1,False,0.3587,5,0.0,0.7207,clean,none
G:\GitHub\DiT\MCCD\MCCD\MCCD-Calligrapher\calligrapher_dataset\赵孟𫖯\隨-楷-元-赵孟𫖯-139651.png,赵孟頫,楷,隨,元,139651,隨-楷-元-赵孟𫖯-139651.png,mccd_salvage,ok,207,218,237.2,192.4,False,0.3203,4,0.0,0.4728,clean,none
G:\GitHub\DiT\MCCD\MCCD\MCCD-Calligrapher\calligrapher_dataset\赵孟𫖯\隨-行-元-赵孟𫖯-139669.png,赵孟頫,行,隨,元,139669,隨-行-元-赵孟𫖯-139669.png,mccd_salvage,ok,248,204,227.1,206.2,False,0.388,1,0.0,1.0,clean,none
G:\GitHub\DiT\MCCD\MCCD\MCCD-Calligrapher\calligrapher_dataset\赵孟𫖯\隱-楷-元-赵孟𫖯-139838.png,赵孟頫,楷,隱,元,139838,隱-楷-元-赵孟𫖯-139838.png,mccd_salvage,ok,185,176,230.4,171.2,False,0.3641,5,0.0,0.5111,clean,none
G:\GitHub\DiT\MCCD\MCCD\MCCD-Calligrapher\calligrapher_dataset\赵孟𫖯\隱-行-元-赵孟𫖯-139850.png,赵孟頫,行,隱,元,139850,隱-行-元-赵孟𫖯-139850.png,mccd_salvage,ok,202,187,230.7,164.8,False,0.3422,10,0.0043,0.6521,clean,none
G:\GitHub\DiT\MCCD\MCCD\MCCD-Calligrapher\calligrapher_dataset\赵孟𫖯\隸-楷-元-赵孟𫖯-139987.png,赵孟頫,楷,隸,元,139987,隸-楷-元-赵孟𫖯-139987.png,mccd_salvage,ok,215,175,241.4,217.3,False,0.3469,6,0.0,0.7056,clean,none
G:\GitHub\DiT\MCCD\MCCD\MCCD-Calligrapher\calligrapher_dataset\赵孟𫖯\隻-行-元-赵孟𫖯-140301.png,赵孟頫,行,隻,元,140301,隻-行-元-赵孟𫖯-140301.png,mccd_salvage,ok,174,216,236.2,207.3,False,0.2996,2,0.0,0.9785,clean,none
G:\GitHub\DiT\MCCD\MCCD\MCCD-Calligrapher\calligrapher_dataset\赵孟𫖯\雅-行-元-赵孟𫖯-140535.png,赵孟頫,行,雅,元,140535,雅-行-元-赵孟𫖯-140535.png,mccd_salvage,ok,209,254,240.4,216.1,False,0.4422,2,0.0,0.5367,clean,none
G:\GitHub\DiT\MCCD\MCCD\MCCD-Calligrapher\calligrapher_dataset\赵孟𫖯\雅-隶-元-赵孟𫖯-140486.png,赵孟頫,隶,雅,元,140486,雅-隶-元-赵孟𫖯-140486.png,mccd_salvage,ok,255,208,240.6,204.1,False,0.3583,1,0.0,1.0,clean,none
G:\GitHub\DiT\MCCD\MCCD\MCCD-Calligrapher\calligrapher_dataset\赵孟𫖯\集-楷-元-赵孟𫖯-140625.png,赵孟頫,楷,集,元,140625,集-楷-元-赵孟𫖯-140625.png,mccd_salvage,ok,197,168,238.8,205.7,False,0.297,2,0.0,0.9451,clean,none
G:\GitHub\DiT\MCCD\MCCD\MCCD-Calligrapher\calligrapher_dataset\赵孟𫖯\集-楷-元-赵孟𫖯-140626.png,赵孟頫,楷,集,元,140626,集-楷-元-赵孟𫖯-140626.png,mccd_salvage,ok,203,175,235.8,198.6,False,0.348,2,0.0,0.9469,clean,none
G:\GitHub\DiT\MCCD\MCCD\MCCD-Calligrapher\calligrapher_dataset\赵孟𫖯\雖-行-元-赵孟𫖯-140945.png,赵孟頫,行,雖,元,140945,雖-行-元-赵孟𫖯-140945.png,mccd_salvage,ok,256,271,242.6,221.2,False,0.4111,2,0.0,0.5156,clean,none
G:\GitHub\DiT\MCCD\MCCD\MCCD-Calligrapher\calligrapher_dataset\赵孟𫖯\雖-行-元-赵孟𫖯-140946.png,赵孟頫,行,雖,元,140946,雖-行-元-赵孟𫖯-140946.png,mccd_salvage,ok,270,244,239.5,221.6,False,0.3278,2,0.0,0.5103,clean,none
G:\GitHub\DiT\MCCD\MCCD\MCCD-Calligrapher\calligrapher_dataset\赵孟𫖯\雙-楷-元-赵孟𫖯-141032.png,赵孟頫,楷,雙,元,141032,雙-楷-元-赵孟𫖯-141032.png,mccd_salvage,ok,227,234,233.8,219.0,False,0.3251,1,0.0,1.0,clean,none
G:\GitHub\DiT\MCCD\MCCD\MCCD-Calligrapher\calligrapher_dataset\赵孟𫖯\雞-楷-元-赵孟𫖯-141233.png,赵孟頫,楷,雞,元,141233,雞-楷-元-赵孟𫖯-141233.png,mccd_salvage,ok,219,211,241.7,220.4,False,0.3372,7,0.0,0.5432,clean,none
G:\GitHub\DiT\MCCD\MCCD\MCCD-Calligrapher\calligrapher_dataset\赵孟𫖯\雞-隶-元-赵孟𫖯-141226.png,赵孟頫,隶,雞,元,141226,雞-隶-元-赵孟𫖯-141226.png,mccd_salvage,ok,271,216,241.8,219.7,False,0.4041,4,0.0,0.5101,clean,none
G:\GitHub\DiT\MCCD\MCCD\MCCD-Calligrapher\calligrapher_dataset\赵孟𫖯\離-隶-元-赵孟𫖯-141281.png,赵孟頫,隶,離,元,141281,離-隶-元-赵孟𫖯-141281.png,mccd_salvage,ok,264,192,241.3,219.1,False,0.3949,1,0.0,1.0,clean,none
G:\GitHub\DiT\MCCD\MCCD\MCCD-Calligrapher\calligrapher_dataset\赵孟𫖯\難-楷-元-赵孟𫖯-141435.png,赵孟頫,楷,難,元,141435,難-楷-元-赵孟𫖯-141435.png,mccd_salvage,ok,179,183,241.2,211.3,False,0.3878,3,0.0,0.8607,clean,none
G:\GitHub\DiT\MCCD\MCCD\MCCD-Calligrapher\calligrapher_dataset\赵孟𫖯\難-行-元-赵孟𫖯-141461.png,赵孟頫,行,難,元,141461,難-行-元-赵孟𫖯-141461.png,mccd_salvage,ok,202,191,242.6,209.0,False,0.37,3,0.0,0.5586,clean,none
G:\GitHub\DiT\MCCD\MCCD\MCCD-Calligrapher\calligrapher_dataset\赵孟𫖯\難-隶-元-赵孟𫖯-141409.png,赵孟頫,隶,難,元,141409,難-隶-元-赵孟𫖯-141409.png,mccd_salvage,ok,265,210,244.5,209.4,False,0.3842,5,0.0,0.4756,clean,none
G:\GitHub\DiT\MCCD\MCCD\MCCD-Calligrapher\calligrapher_dataset\赵孟𫖯\雨-楷-元-赵孟𫖯-141670.png,赵孟頫,楷,雨,元,141670,雨-楷-元-赵孟𫖯-141670.png,mccd_salvage,ok,212,202,200.1,142.4,False,0.5587,2,0.0,0.8592,broken,too_solid
G:\GitHub\DiT\MCCD\MCCD\MCCD-Calligrapher\calligrapher_dataset\赵孟𫖯\雨-隶-元-赵孟𫖯-141646.png,赵孟頫,隶,雨,元,141646,雨-隶-元-赵孟𫖯-141646.png,mccd_salvage,ok,280,193,201.3,152.2,False,0.4636,1,0.0,1.0,clean,none
G:\GitHub\DiT\MCCD\MCCD\MCCD-Calligrapher\calligrapher_dataset\赵孟𫖯\雲-楷-元-赵孟𫖯-141938.png,赵孟頫,楷,雲,元,141938,雲-楷-元-赵孟𫖯-141938.png,mccd_salvage,ok,213,222,224.3,174.1,False,0.4428,3,0.0,0.5987,clean,none
G:\GitHub\DiT\MCCD\MCCD\MCCD-Calligrapher\calligrapher_dataset\赵孟𫖯\電-楷-元-赵孟𫖯-142153.png,赵孟頫,楷,電,元,142153,電-楷-元-赵孟𫖯-142153.png,mccd_salvage,ok,183,191,209.1,189.4,False,0.3342,5,0.0009,0.436,clean,none
G:\GitHub\DiT\MCCD\MCCD\MCCD-Calligrapher\calligrapher_dataset\赵孟𫖯\霄-行-元-赵孟𫖯-142229.png,赵孟頫,行,霄,元,142229,霄-行-元-赵孟𫖯-142229.png,mccd_salvage,ok,188,268,225.2,192.0,False,0.396,2,0.0,0.9308,clean,none
G:\GitHub\DiT\MCCD\MCCD\MCCD-Calligrapher\calligrapher_dataset\赵孟𫖯\霜-楷-元-赵孟𫖯-142488.png,赵孟頫,楷,霜,元,142488,霜-楷-元-赵孟𫖯-142488.png,mccd_salvage,ok,221,226,233.4,185.0,False,0.4209,3,0.0,0.6382,clean,none
G:\GitHub\DiT\MCCD\MCCD\MCCD-Calligrapher\calligrapher_dataset\赵孟𫖯\霞-楷-元-赵孟𫖯-142624.png,赵孟頫,楷,霞,元,142624,霞-楷-元-赵孟𫖯-142624.png,mccd_salvage,ok,199,221,228.5,197.2,False,0.2908,6,0.0,0.372,clean,none
G:\GitHub\DiT\MCCD\MCCD\MCCD-Calligrapher\calligrapher_dataset\赵孟𫖯\露-楷-元-赵孟𫖯-142764.png,赵孟頫,楷,露,元,142764,露-楷-元-赵孟𫖯-142764.png,mccd_salvage,ok,218,205,220.8,189.8,False,0.4157,2,0.0,0.9738,clean,none
G:\GitHub\DiT\MCCD\MCCD\MCCD-Calligrapher\calligrapher_dataset\赵孟𫖯\露-隶-元-赵孟𫖯-142749.png,赵孟頫,隶,露,元,142749,露-隶-元-赵孟𫖯-142749.png,mccd_salvage,ok,272,283,216.2,169.8,False,0.3784,9,0.0,0.3348,clean,none
G:\GitHub\DiT\MCCD\MCCD\MCCD-Calligrapher\calligrapher_dataset\赵孟𫖯\霸-隶-元-赵孟𫖯-142877.png,赵孟頫,隶,霸,元,142877,霸-隶-元-赵孟𫖯-142877.png,mccd_salvage,ok,283,254,209.0,176.5,False,0.4556,3,0.0,0.521,clean,none
G:\GitHub\DiT\MCCD\MCCD\MCCD-Calligrapher\calligrapher_dataset\赵孟𫖯\霽-楷-元-赵孟𫖯-142929.png,赵孟頫,楷,霽,元,142929,霽-楷-元-赵孟𫖯-142929.png,mccd_salvage,ok,204,207,239.7,224.4,False,0.2557,10,0.0,0.4213,clean,none
G:\GitHub\DiT\MCCD\MCCD\MCCD-Calligrapher\calligrapher_dataset\赵孟𫖯\靈-楷-元-赵孟𫖯-143084.png,赵孟頫,楷,靈,元,143084,靈-楷-元-赵孟𫖯-143084.png,mccd_salvage,ok,227,264,231.1,170.6,False,0.4086,3,0.0,0.6257,clean,none
G:\GitHub\DiT\MCCD\MCCD\MCCD-Calligrapher\calligrapher_dataset\赵孟𫖯\靈-行-元-赵孟𫖯-143113.png,赵孟頫,行,靈,元,143113,靈-行-元-赵孟𫖯-143113.png,mccd_salvage,ok,161,230,224.3,172.5,False,0.5185,1,0.0,1.0,clean,none
G:\GitHub\DiT\MCCD\MCCD\MCCD-Calligrapher\calligrapher_dataset\赵孟𫖯\青-隶-元-赵孟𫖯-143343.png,赵孟頫,隶,青,元,143343,青-隶-元-赵孟𫖯-143343.png,mccd_salvage,ok,285,241,241.4,199.9,False,0.3542,3,0.0,0.5775,clean,none
G:\GitHub\DiT\MCCD\MCCD\MCCD-Calligrapher\calligrapher_dataset\赵孟𫖯\静-楷-元-赵孟𫖯-143514.png,赵孟頫,楷,静,元,143514,静-楷-元-赵孟𫖯-143514.png,mccd_salvage,ok,205,211,238.5,215.8,False,0.3473,2,0.0,0.9461,clean,none
G:\GitHub\DiT\MCCD\MCCD\MCCD-Calligrapher\calligrapher_dataset\赵孟𫖯\面-行-元-赵孟𫖯-144074.png,赵孟頫,行,面,元,144074,面-行-元-赵孟𫖯-144074.png,mccd_salvage,ok,202,169,206.4,144.3,False,0.4359,2,0.0,0.8552,clean,none
G:\GitHub\DiT\MCCD\MCCD\MCCD-Calligrapher\calligrapher_dataset\赵孟𫖯\面-隶-元-赵孟𫖯-144035.png,赵孟頫,隶,面,元,144035,面-隶-元-赵孟𫖯-144035.png,mccd_salvage,ok,270,163,210.2,135.5,False,0.464,1,0.0,1.0,clean,none
G:\GitHub\DiT\MCCD\MCCD\MCCD-Calligrapher\calligrapher_dataset\赵孟𫖯\鞏-行-元-赵孟𫖯-144453.png,赵孟頫,行,鞏,元,144453,鞏-行-元-赵孟𫖯-144453.png,mccd_salvage,ok,177,230,242.2,224.6,False,0.3499,1,0.0,1.0,clean,none
G:\GitHub\DiT\MCCD\MCCD\MCCD-Calligrapher\calligrapher_dataset\赵孟𫖯\鞠-楷-元-赵孟𫖯-144558.png,赵孟頫,楷,鞠,元,144558,鞠-楷-元-赵孟𫖯-144558.png,mccd_salvage,ok,239,212,231.9,190.0,False,0.3617,5,0.0,0.6606,clean,none
G:\GitHub\DiT\MCCD\MCCD\MCCD-Calligrapher\calligrapher_dataset\赵孟𫖯\鞠-隶-元-赵孟𫖯-144548.png,赵孟頫,隶,鞠,元,144548,鞠-隶-元-赵孟𫖯-144548.png,mccd_salvage,ok,281,216,235.5,186.6,False,0.4427,5,0.0,0.5662,clean,none
G:\GitHub\DiT\MCCD\MCCD\MCCD-Calligrapher\calligrapher_dataset\赵孟𫖯\韋-楷-元-赵孟𫖯-144880.png,赵孟頫,楷,韋,元,144880,韋-楷-元-赵孟𫖯-144880.png,mccd_salvage,ok,157,264,245.0,231.9,False,0.2905,1,0.0,1.0,clean,none
G:\GitHub\DiT\MCCD\MCCD\MCCD-Calligrapher\calligrapher_dataset\赵孟𫖯\韜-行-元-赵孟𫖯-145058.png,赵孟頫,行,韜,元,145058,韜-行-元-赵孟𫖯-145058.png,mccd_salvage,ok,219,229,230.4,168.5,False,0.4983,4,0.0,0.9179,clean,none
G:\GitHub\DiT\MCCD\MCCD\MCCD-Calligrapher\calligrapher_dataset\赵孟𫖯\音-行-元-赵孟𫖯-145245.png,赵孟頫,行,音,元,145245,音-行-元-赵孟𫖯-145245.png,mccd_salvage,ok,228,238,235.4,209.9,False,0.3615,2,0.0,0.61,clean,none
G:\GitHub\DiT\MCCD\MCCD\MCCD-Calligrapher\calligrapher_dataset\赵孟𫖯\音-隶-元-赵孟𫖯-145214.png,赵孟頫,隶,音,元,145214,音-隶-元-赵孟𫖯-145214.png,mccd_salvage,ok,254,213,202.8,181.6,False,0.418,2,0.0,0.886,clean,none
G:\GitHub\DiT\MCCD\MCCD\MCCD-Calligrapher\calligrapher_dataset\赵孟𫖯\韻-隶-元-赵孟𫖯-145317.png,赵孟頫,隶,韻,元,145317,韻-隶-元-赵孟𫖯-145317.png,mccd_salvage,ok,258,225,238.1,184.6,False,0.4838,5,0.0,0.3832,clean,none
G:\GitHub\DiT\MCCD\MCCD\MCCD-Calligrapher\calligrapher_dataset\赵孟𫖯\頓-楷-元-赵孟𫖯-145865.png,赵孟頫,楷,頓,元,145865,頓-楷-元-赵孟𫖯-145865.png,mccd_salvage,ok,240,231,240.1,211.6,False,0.3272,4,0.0,0.4391,clean,none
G:\GitHub\DiT\MCCD\MCCD\MCCD-Calligrapher\calligrapher_dataset\赵孟𫖯\頗-隶-元-赵孟𫖯-145965.png,赵孟頫,隶,頗,元,145965,頗-隶-元-赵孟𫖯-145965.png,mccd_salvage,ok,273,172,201.2,148.2,False,0.4822,4,0.0,0.5525,clean,none
G:\GitHub\DiT\MCCD\MCCD\MCCD-Calligrapher\calligrapher_dataset\赵孟𫖯\領-楷-元-赵孟𫖯-146019.png,赵孟頫,楷,領,元,146019,領-楷-元-赵孟𫖯-146019.png,mccd_salvage,ok,234,198,238.8,196.8,False,0.3626,2,0.0,0.5619,clean,none
G:\GitHub\DiT\MCCD\MCCD\MCCD-Calligrapher\calligrapher_dataset\赵孟𫖯\領-行-元-赵孟𫖯-146029.png,赵孟頫,行,領,元,146029,領-行-元-赵孟𫖯-146029.png,mccd_salvage,ok,226,205,237.7,189.5,False,0.3167,4,0.0004,0.7931,clean,none
G:\GitHub\DiT\MCCD\MCCD\MCCD-Calligrapher\calligrapher_dataset\赵孟𫖯\頫-楷-元-赵孟𫖯-146171.png,赵孟頫,楷,頫,元,146171,頫-楷-元-赵孟𫖯-146171.png,mccd_salvage,ok,222,206,209.0,154.9,False,0.534,1,0.0,1.0,clean,none
G:\GitHub\DiT\MCCD\MCCD\MCCD-Calligrapher\calligrapher_dataset\赵孟𫖯\頫-行-元-赵孟𫖯-146174.png,赵孟頫,行,頫,元,146174,頫-行-元-赵孟𫖯-146174.png,mccd_salvage,ok,232,200,234.2,186.0,False,0.4802,2,0.0,0.5847,clean,none
G:\GitHub\DiT\MCCD\MCCD\MCCD-Calligrapher\calligrapher_dataset\赵孟𫖯\頫-行-元-赵孟𫖯-146175.png,赵孟頫,行,頫,元,146175,頫-行-元-赵孟𫖯-146175.png,mccd_salvage,ok,204,211,215.5,136.2,False,0.5443,1,0.0,1.0,clean,none
G:\GitHub\DiT\MCCD\MCCD\MCCD-Calligrapher\calligrapher_dataset\赵孟𫖯\頫-行-元-赵孟𫖯-146176.png,赵孟頫,行,頫,元,146176,頫-行-元-赵孟𫖯-146176.png,mccd_salvage,ok,225,208,229.5,180.6,False,0.4864,1,0.0,1.0,clean,none
G:\GitHub\DiT\MCCD\MCCD\MCCD-Calligrapher\calligrapher_dataset\赵孟𫖯\頭-楷-元-赵孟𫖯-146221.png,赵孟頫,楷,頭,元,146221,頭-楷-元-赵孟𫖯-146221.png,mccd_salvage,ok,214,218,230.6,175.2,False,0.4152,3,0.0,0.5984,clean,none
G:\GitHub\DiT\MCCD\MCCD\MCCD-Calligrapher\calligrapher_dataset\赵孟𫖯\頭-行-元-赵孟𫖯-146232.png,赵孟頫,行,頭,元,146232,頭-行-元-赵孟𫖯-146232.png,mccd_salvage,ok,201,190,223.6,150.7,False,0.5219,2,0.0,0.545,clean,none
G:\GitHub\DiT\MCCD\MCCD\MCCD-Calligrapher\calligrapher_dataset\赵孟𫖯\頸-楷-元-赵孟𫖯-146346.png,赵孟頫,楷,頸,元,146346,頸-楷-元-赵孟𫖯-146346.png,mccd_salvage,ok,225,184,229.9,158.7,False,0.4191,5,0.0,0.5549,clean,none
G:\GitHub\DiT\MCCD\MCCD\MCCD-Calligrapher\calligrapher_dataset\赵孟𫖯\題-楷-元-赵孟𫖯-146496.png,赵孟頫,楷,題,元,146496,題-楷-元-赵孟𫖯-146496.png,mccd_salvage,ok,283,216,159.8,180.7,False,0.2275,117,0.0615,0.6532,noisy,high_dirt_0.06
G:\GitHub\DiT\MCCD\MCCD\MCCD-Calligrapher\calligrapher_dataset\赵孟𫖯\願-楷-元-赵孟𫖯-146761.png,赵孟頫,楷,願,元,146761,願-楷-元-赵孟𫖯-146761.png,mccd_salvage,ok,190,178,234.3,161.2,False,0.4799,2,0.0,0.5384,clean,none
G:\GitHub\DiT\MCCD\MCCD\MCCD-Calligrapher\calligrapher_dataset\赵孟𫖯\願-隶-元-赵孟𫖯-146740.png,赵孟頫,隶,願,元,146740,願-隶-元-赵孟𫖯-146740.png,mccd_salvage,ok,254,146,216.9,150.2,False,0.4564,6,0.0,0.4569,clean,none
G:\GitHub\DiT\MCCD\MCCD\MCCD-Calligrapher\calligrapher_dataset\赵孟𫖯\顛-楷-元-赵孟𫖯-146880.png,赵孟頫,楷,顛,元,146880,顛-楷-元-赵孟𫖯-146880.png,mccd_salvage,ok,218,208,227.6,196.0,False,0.3817,4,0.0,0.4866,clean,none
G:\GitHub\DiT\MCCD\MCCD\MCCD-Calligrapher\calligrapher_dataset\赵孟𫖯\顛-隶-元-赵孟𫖯-146871.png,赵孟頫,隶,顛,元,146871,顛-隶-元-赵孟𫖯-146871.png,mccd_salvage,ok,249,204,234.9,163.0,False,0.4573,6,0.0,0.4321,clean,none
G:\GitHub\DiT\MCCD\MCCD\MCCD-Calligrapher\calligrapher_dataset\赵孟𫖯\類-行-元-赵孟𫖯-146963.png,赵孟頫,行,類,元,146963,類-行-元-赵孟𫖯-146963.png,mccd_salvage,ok,191,191,217.3,188.1,False,0.355,5,0.0,0.5752,clean,none
G:\GitHub\DiT\MCCD\MCCD\MCCD-Calligrapher\calligrapher_dataset\赵孟𫖯\顧-隶-元-赵孟𫖯-147036.png,赵孟頫,隶,顧,元,147036,顧-隶-元-赵孟𫖯-147036.png,mccd_salvage,ok,249,148,212.5,154.2,False,0.4499,5,0.0,0.5504,clean,none
G:\GitHub\DiT\MCCD\MCCD\MCCD-Calligrapher\calligrapher_dataset\赵孟𫖯\顯-行-元-赵孟𫖯-147250.png,赵孟頫,行,顯,元,147250,顯-行-元-赵孟𫖯-147250.png,mccd_salvage,ok,177,171,217.9,149.5,False,0.4836,3,0.0,0.5038,clean,none
G:\GitHub\DiT\MCCD\MCCD\MCCD-Calligrapher\calligrapher_dataset\赵孟𫖯\顯-行-元-赵孟𫖯-147251.png,赵孟頫,行,顯,元,147251,顯-行-元-赵孟𫖯-147251.png,mccd_salvage,ok,249,253,215.4,161.1,False,0.4456,3,0.0,0.4953,clean,none
G:\GitHub\DiT\MCCD\MCCD\MCCD-Calligrapher\calligrapher_dataset\赵孟𫖯\顰-隶-元-赵孟𫖯-147275.png,赵孟頫,隶,顰,元,147275,顰-隶-元-赵孟𫖯-147275.png,mccd_salvage,ok,231,258,218.1,188.5,False,0.3846,6,0.0,0.67,clean,none
G:\GitHub\DiT\MCCD\MCCD\MCCD-Calligrapher\calligrapher_dataset\赵孟𫖯\飄-楷-元-赵孟𫖯-147604.png,赵孟頫,楷,飄,元,147604,飄-楷-元-赵孟𫖯-147604.png,mccd_salvage,ok,257,206,235.6,205.4,False,0.3752,3,0.0,0.8701,clean,none
G:\GitHub\DiT\MCCD\MCCD\MCCD-Calligrapher\calligrapher_dataset\赵孟𫖯\飄-行-元-赵孟𫖯-147611.png,赵孟頫,行,飄,元,147611,飄-行-元-赵孟𫖯-147611.png,mccd_salvage,ok,232,174,228.0,193.7,False,0.4592,1,0.0,1.0,clean,none
G:\GitHub\DiT\MCCD\MCCD\MCCD-Calligrapher\calligrapher_dataset\赵孟𫖯\飄-隶-元-赵孟𫖯-147594.png,赵孟頫,隶,飄,元,147594,飄-隶-元-赵孟𫖯-147594.png,mccd_salvage,ok,246,186,218.4,169.3,False,0.4982,3,0.0,0.9395,clean,none
G:\GitHub\DiT\MCCD\MCCD\MCCD-Calligrapher\calligrapher_dataset\赵孟𫖯\飛-楷-元-赵孟𫖯-147721.png,赵孟頫,楷,飛,元,147721,飛-楷-元-赵孟𫖯-147721.png,mccd_salvage,ok,263,249,238.8,196.0,False,0.3435,3,0.0,0.9494,clean,none
G:\GitHub\DiT\MCCD\MCCD\MCCD-Calligrapher\calligrapher_dataset\赵孟𫖯\飛-行-元-赵孟𫖯-147744.png,赵孟頫,行,飛,元,147744,飛-行-元-赵孟𫖯-147744.png,mccd_salvage,ok,205,221,236.7,187.6,False,0.3936,3,0.0,0.6204,clean,none
G:\GitHub\DiT\MCCD\MCCD\MCCD-Calligrapher\calligrapher_dataset\赵孟𫖯\飡-楷-元-赵孟𫖯-147985.png,赵孟頫,楷,飡,元,147985,飡-楷-元-赵孟𫖯-147985.png,mccd_salvage,ok,216,194,239.0,214.1,False,0.3072,4,0.0,0.9168,clean,none
G:\GitHub\DiT\MCCD\MCCD\MCCD-Calligrapher\calligrapher_dataset\赵孟𫖯\飡-隶-元-赵孟𫖯-147976.png,赵孟頫,隶,飡,元,147976,飡-隶-元-赵孟𫖯-147976.png,mccd_salvage,ok,255,212,229.1,191.2,False,0.3557,5,0.0,0.606,clean,none
G:\GitHub\DiT\MCCD\MCCD\MCCD-Calligrapher\calligrapher_dataset\赵孟𫖯\飢-行-元-赵孟𫖯-148016.png,赵孟頫,行,飢,元,148016,飢-行-元-赵孟𫖯-148016.png,mccd_salvage,ok,216,156,229.0,196.9,False,0.3632,1,0.0,1.0,clean,none
G:\GitHub\DiT\MCCD\MCCD\MCCD-Calligrapher\calligrapher_dataset\赵孟𫖯\飢-隶-元-赵孟𫖯-148004.png,赵孟頫,隶,飢,元,148004,飢-隶-元-赵孟𫖯-148004.png,mccd_salvage,ok,282,166,235.5,197.0,False,0.335,3,0.0,0.4028,clean,none
G:\GitHub\DiT\MCCD\MCCD\MCCD-Calligrapher\calligrapher_dataset\赵孟𫖯\飯-楷-元-赵孟𫖯-148252.png,赵孟頫,楷,飯,元,148252,飯-楷-元-赵孟𫖯-148252.png,mccd_salvage,ok,278,195,238.2,216.2,False,0.3385,2,0.0,0.964,clean,none
G:\GitHub\DiT\MCCD\MCCD\MCCD-Calligrapher\calligrapher_dataset\赵孟𫖯\飽-楷-元-赵孟𫖯-148380.png,赵孟頫,楷,飽,元,148380,飽-楷-元-赵孟𫖯-148380.png,mccd_salvage,ok,268,186,221.1,198.1,False,0.3473,2,0.0,0.5181,clean,none
G:\GitHub\DiT\MCCD\MCCD\MCCD-Calligrapher\calligrapher_dataset\赵孟𫖯\飽-隶-元-赵孟𫖯-148375.png,赵孟頫,隶,飽,元,148375,飽-隶-元-赵孟𫖯-148375.png,mccd_salvage,ok,248,151,218.5,171.5,False,0.423,3,0.0,0.478,clean,none
G:\GitHub\DiT\MCCD\MCCD\MCCD-Calligrapher\calligrapher_dataset\赵孟𫖯\養-楷-元-赵孟𫖯-148520.png,赵孟頫,楷,養,元,148520,養-楷-元-赵孟𫖯-148520.png,mccd_salvage,ok,223,218,244.7,229.3,False,0.2658,3,0.0,0.9167,clean,none
G:\GitHub\DiT\MCCD\MCCD\MCCD-Calligrapher\calligrapher_dataset\赵孟𫖯\餘-楷-元-赵孟𫖯-148693.png,赵孟頫,楷,餘,元,148693,餘-楷-元-赵孟𫖯-148693.png,mccd_salvage,ok,257,179,242.5,219.8,False,0.3107,5,0.0,0.5384,clean,none
G:\GitHub\DiT\MCCD\MCCD\MCCD-Calligrapher\calligrapher_dataset\赵孟𫖯\餘-隶-元-赵孟𫖯-148666.png,赵孟頫,隶,餘,元,148666,餘-隶-元-赵孟𫖯-148666.png,mccd_salvage,ok,259,177,242.2,212.0,False,0.3741,4,0.0,0.6632,clean,none
G:\GitHub\DiT\MCCD\MCCD\MCCD-Calligrapher\calligrapher_dataset\赵孟𫖯\首-楷-元-赵孟𫖯-149437.png,赵孟頫,楷,首,元,149437,首-楷-元-赵孟𫖯-149437.png,mccd_salvage,ok,242,269,239.1,226.5,False,0.3382,1,0.0,1.0,clean,none
G:\GitHub\DiT\MCCD\MCCD\MCCD-Calligrapher\calligrapher_dataset\赵孟𫖯\首-隶-元-赵孟𫖯-149422.png,赵孟頫,隶,首,元,149422,首-隶-元-赵孟𫖯-149422.png,mccd_salvage,ok,286,232,236.0,198.3,False,0.3874,1,0.0,1.0,clean,none
G:\GitHub\DiT\MCCD\MCCD\MCCD-Calligrapher\calligrapher_dataset\赵孟𫖯\香-行-元-赵孟𫖯-149579.png,赵孟頫,行,香,元,149579,香-行-元-赵孟𫖯-149579.png,mccd_salvage,ok,158,174,240.8,190.5,False,0.4722,1,0.0,1.0,clean,none
G:\GitHub\DiT\MCCD\MCCD\MCCD-Calligrapher\calligrapher_dataset\赵孟𫖯\馨-楷-元-赵孟𫖯-149674.png,赵孟頫,楷,馨,元,149674,馨-楷-元-赵孟𫖯-149674.png,mccd_salvage,ok,235,274,242.0,216.9,False,0.3505,4,0.0,0.6343,clean,none
G:\GitHub\DiT\MCCD\MCCD\MCCD-Calligrapher\calligrapher_dataset\赵孟𫖯\馴-楷-元-赵孟𫖯-150217.png,赵孟頫,楷,馴,元,150217,馴-楷-元-赵孟𫖯-150217.png,mccd_salvage,ok,190,182,232.4,172.6,False,0.3287,3,0.0,0.7,clean,none
G:\GitHub\DiT\MCCD\MCCD\MCCD-Calligrapher\calligrapher_dataset\赵孟𫖯\駒-隶-元-赵孟𫖯-150358.png,赵孟頫,隶,駒,元,150358,駒-隶-元-赵孟𫖯-150358.png,mccd_salvage,ok,248,183,232.5,159.5,False,0.4424,7,0.0,0.4571,clean,none
G:\GitHub\DiT\MCCD\MCCD\MCCD-Calligrapher\calligrapher_dataset\赵孟𫖯\駝-隶-元-赵孟𫖯-150514.png,赵孟頫,隶,駝,元,150514,駝-隶-元-赵孟𫖯-150514.png,mccd_salvage,ok,263,163,226.1,144.9,False,0.4571,5,0.0,0.6669,clean,none
G:\GitHub\DiT\MCCD\MCCD\MCCD-Calligrapher\calligrapher_dataset\赵孟𫖯\駟-楷-元-赵孟𫖯-150542.png,赵孟頫,楷,駟,元,150542,駟-楷-元-赵孟𫖯-150542.png,mccd_salvage,ok,245,187,229.9,207.6,False,0.3248,2,0.0,0.6397,clean,none
G:\GitHub\DiT\MCCD\MCCD\MCCD-Calligrapher\calligrapher_dataset\赵孟𫖯\騈-楷-元-赵孟𫖯-150831.png,赵孟頫,楷,騈,元,150831,騈-楷-元-赵孟𫖯-150831.png,mccd_salvage,ok,203,218,241.8,206.7,False,0.2934,5,0.0007,0.5871,clean,none
G:\GitHub\DiT\MCCD\MCCD\MCCD-Calligrapher\calligrapher_dataset\赵孟𫖯\騎-行-元-赵孟𫖯-150901.png,赵孟頫,行,騎,元,150901,騎-行-元-赵孟𫖯-150901.png,mccd_salvage,ok,205,225,233.4,202.6,False,0.4644,2,0.0,0.9633,clean,none
G:\GitHub\DiT\MCCD\MCCD\MCCD-Calligrapher\calligrapher_dataset\赵孟𫖯\騫-楷-元-赵孟𫖯-151049.png,赵孟頫,楷,騫,元,151049,騫-楷-元-赵孟𫖯-151049.png,mccd_salvage,ok,184,262,238.6,199.8,False,0.3219,4,0.0,0.9262,clean,none
G:\GitHub\DiT\MCCD\MCCD\MCCD-Calligrapher\calligrapher_dataset\赵孟𫖯\騰-楷-元-赵孟𫖯-151114.png,赵孟頫,楷,騰,元,151114,騰-楷-元-赵孟𫖯-151114.png,mccd_salvage,ok,197,204,236.8,189.7,False,0.457,4,0.0002,0.9573,clean,none
G:\GitHub\DiT\MCCD\MCCD\MCCD-Calligrapher\calligrapher_dataset\赵孟𫖯\騰-行-元-赵孟𫖯-151127.png,赵孟頫,行,騰,元,151127,騰-行-元-赵孟𫖯-151127.png,mccd_salvage,ok,274,279,236.5,202.5,False,0.3974,5,0.001,0.6759,clean,none
G:\GitHub\DiT\MCCD\MCCD\MCCD-Calligrapher\calligrapher_dataset\赵孟𫖯\騰-隶-元-赵孟𫖯-151097.png,赵孟頫,隶,騰,元,151097,騰-隶-元-赵孟𫖯-151097.png,mccd_salvage,ok,275,223,235.1,208.2,False,0.3523,6,0.0,0.5592,clean,none
G:\GitHub\DiT\MCCD\MCCD\MCCD-Calligrapher\calligrapher_dataset\赵孟𫖯\騾-隶-元-赵孟𫖯-151227.png,赵孟頫,隶,騾,元,151227,騾-隶-元-赵孟𫖯-151227.png,mccd_salvage,ok,262,195,224.0,138.3,False,0.4762,4,0.0,0.5922,clean,none
G:\GitHub\DiT\MCCD\MCCD\MCCD-Calligrapher\calligrapher_dataset\赵孟𫖯\驅-隶-元-赵孟𫖯-151299.png,赵孟頫,隶,驅,元,151299,驅-隶-元-赵孟𫖯-151299.png,mccd_salvage,ok,282,175,230.5,136.5,False,0.4598,10,0.0,0.3186,clean,none
G:\GitHub\DiT\MCCD\MCCD\MCCD-Calligrapher\calligrapher_dataset\赵孟𫖯\驗-行-元-赵孟𫖯-151434.png,赵孟頫,行,驗,元,151434,驗-行-元-赵孟𫖯-151434.png,mccd_salvage,ok,269,193,239.5,204.9,False,0.4388,3,0.0,0.9257,clean,none
G:\GitHub\DiT\MCCD\MCCD\MCCD-Calligrapher\calligrapher_dataset\赵孟𫖯\驚-隶-元-赵孟𫖯-151473.png,赵孟頫,隶,驚,元,151473,驚-隶-元-赵孟𫖯-151473.png,mccd_salvage,ok,288,292,243.8,209.4,False,0.3702,6,0.0003,0.8627,clean,none
G:\GitHub\DiT\MCCD\MCCD\MCCD-Calligrapher\calligrapher_dataset\赵孟𫖯\驛-楷-元-赵孟𫖯-151529.png,赵孟頫,楷,驛,元,151529,驛-楷-元-赵孟𫖯-151529.png,mccd_salvage,ok,199,230,236.7,213.5,False,0.2978,2,0.0,0.985,clean,none
G:\GitHub\DiT\MCCD\MCCD\MCCD-Calligrapher\calligrapher_dataset\赵孟𫖯\驤-隶-元-赵孟𫖯-151609.png,赵孟頫,隶,驤,元,151609,驤-隶-元-赵孟𫖯-151609.png,mccd_salvage,ok,282,227,231.9,180.9,False,0.511,2,0.0,0.9826,clean,none
G:\GitHub\DiT\MCCD\MCCD\MCCD-Calligrapher\calligrapher_dataset\赵孟𫖯\驩-楷-元-赵孟𫖯-151657.png,赵孟頫,楷,驩,元,151657,驩-楷-元-赵孟𫖯-151657.png,mccd_salvage,ok,207,233,238.2,215.7,False,0.275,10,0.0,0.7558,clean,none
G:\GitHub\DiT\MCCD\MCCD\MCCD-Calligrapher\calligrapher_dataset\赵孟𫖯\骨-行-元-赵孟𫖯-151734.png,赵孟頫,行,骨,元,151734,骨-行-元-赵孟𫖯-151734.png,mccd_salvage,ok,168,217,228.3,169.4,False,0.4338,2,0.0,0.6929,clean,none
G:\GitHub\DiT\MCCD\MCCD\MCCD-Calligrapher\calligrapher_dataset\赵孟𫖯\骸-行-元-赵孟𫖯-151842.png,赵孟頫,行,骸,元,151842,骸-行-元-赵孟𫖯-151842.png,mccd_salvage,ok,215,185,233.6,214.1,False,0.3716,2,0.0,0.9722,clean,none
G:\GitHub\DiT\MCCD\MCCD\MCCD-Calligrapher\calligrapher_dataset\赵孟𫖯\體-楷-元-赵孟𫖯-152012.png,赵孟頫,楷,體,元,152012,體-楷-元-赵孟𫖯-152012.png,mccd_salvage,ok,224,214,238.8,212.8,False,0.4182,8,0.0016,0.415,clean,none
G:\GitHub\DiT\MCCD\MCCD\MCCD-Calligrapher\calligrapher_dataset\赵孟𫖯\高-楷-元-赵孟𫖯-152255.png,赵孟頫,楷,高,元,152255,高-楷-元-赵孟𫖯-152255.png,mccd_salvage,ok,212,229,234.4,181.0,False,0.3676,2,0.0,0.954,clean,none
G:\GitHub\DiT\MCCD\MCCD\MCCD-Calligrapher\calligrapher_dataset\赵孟𫖯\高-隶-元-赵孟𫖯-152194.png,赵孟頫,隶,高,元,152194,高-隶-元-赵孟𫖯-152194.png,mccd_salvage,ok,253,203,235.3,199.9,False,0.3797,2,0.0,0.7778,clean,none
G:\GitHub\DiT\MCCD\MCCD\MCCD-Calligrapher\calligrapher_dataset\赵孟𫖯\髙-行-元-赵孟𫖯-152512.png,赵孟頫,行,髙,元,152512,髙-行-元-赵孟𫖯-152512.png,mccd_salvage,ok,179,197,228.4,198.1,False,0.2795,5,0.0,0.6972,clean,none
G:\GitHub\DiT\MCCD\MCCD\MCCD-Calligrapher\calligrapher_dataset\赵孟𫖯\髪-楷-元-赵孟𫖯-152692.png,赵孟頫,楷,髪,元,152692,髪-楷-元-赵孟𫖯-152692.png,mccd_salvage,ok,248,195,231.5,214.4,False,0.3112,5,0.0,0.4443,clean,none
G:\GitHub\DiT\MCCD\MCCD\MCCD-Calligrapher\calligrapher_dataset\赵孟𫖯\髪-行-元-赵孟𫖯-152705.png,赵孟頫,行,髪,元,152705,髪-行-元-赵孟𫖯-152705.png,mccd_salvage,ok,225,187,236.2,214.2,False,0.3722,2,0.0,0.9807,clean,none
G:\GitHub\DiT\MCCD\MCCD\MCCD-Calligrapher\calligrapher_dataset\赵孟𫖯\髮-楷-元-赵孟𫖯-152769.png,赵孟頫,楷,髮,元,152769,髮-楷-元-赵孟𫖯-152769.png,mccd_salvage,ok,248,195,231.5,214.4,False,0.3112,5,0.0,0.4443,clean,none
G:\GitHub\DiT\MCCD\MCCD\MCCD-Calligrapher\calligrapher_dataset\赵孟𫖯\髮-行-元-赵孟𫖯-152782.png,赵孟頫,行,髮,元,152782,髮-行-元-赵孟𫖯-152782.png,mccd_salvage,ok,225,187,236.2,214.2,False,0.3722,2,0.0,0.9807,clean,none
G:\GitHub\DiT\MCCD\MCCD\MCCD-Calligrapher\calligrapher_dataset\赵孟𫖯\髮-隶-元-赵孟𫖯-152757.png,赵孟頫,隶,髮,元,152757,髮-隶-元-赵孟𫖯-152757.png,mccd_salvage,ok,261,172,225.2,199.2,False,0.3609,2,0.0,0.5079,clean,none
G:\GitHub\DiT\MCCD\MCCD\MCCD-Calligrapher\calligrapher_dataset\赵孟𫖯\鬯-楷-元-赵孟𫖯-153226.png,赵孟頫,楷,鬯,元,153226,鬯-楷-元-赵孟𫖯-153226.png,mccd_salvage,ok,202,229,216.2,198.0,False,0.2669,6,0.0002,0.9265,clean,none
G:\GitHub\DiT\MCCD\MCCD\MCCD-Calligrapher\calligrapher_dataset\赵孟𫖯\鬱-楷-元-赵孟𫖯-153250.png,赵孟頫,楷,鬱,元,153250,鬱-楷-元-赵孟𫖯-153250.png,mccd_salvage,ok,204,256,238.1,204.5,False,0.4114,2,0.0,0.9656,clean,none
G:\GitHub\DiT\MCCD\MCCD\MCCD-Calligrapher\calligrapher_dataset\赵孟𫖯\鬱-楷-元-赵孟𫖯-153251.png,赵孟頫,楷,鬱,元,153251,鬱-楷-元-赵孟𫖯-153251.png,mccd_salvage,ok,196,268,237.7,193.5,False,0.4007,5,0.0,0.931,clean,none
G:\GitHub\DiT\MCCD\MCCD\MCCD-Calligrapher\calligrapher_dataset\赵孟𫖯\鬻-楷-元-赵孟𫖯-153430.png,赵孟頫,楷,鬻,元,153430,鬻-楷-元-赵孟𫖯-153430.png,mccd_salvage,ok,179,275,226.5,173.5,False,0.3748,5,0.0,0.4612,clean,none
G:\GitHub\DiT\MCCD\MCCD\MCCD-Calligrapher\calligrapher_dataset\赵孟𫖯\魄-隶-元-赵孟𫖯-153597.png,赵孟頫,隶,魄,元,153597,魄-隶-元-赵孟𫖯-153597.png,mccd_salvage,ok,249,158,221.5,178.6,False,0.4314,2,0.0,0.6994,clean,none
G:\GitHub\DiT\MCCD\MCCD\MCCD-Calligrapher\calligrapher_dataset\赵孟𫖯\魏-楷-元-赵孟𫖯-153690.png,赵孟頫,楷,魏,元,153690,魏-楷-元-赵孟𫖯-153690.png,mccd_salvage,ok,238,158,234.8,188.6,False,0.3971,1,0.0,1.0,clean,none
G:\GitHub\DiT\MCCD\MCCD\MCCD-Calligrapher\calligrapher_dataset\赵孟𫖯\魚-楷-元-赵孟𫖯-153931.png,赵孟頫,楷,魚,元,153931,魚-楷-元-赵孟𫖯-153931.png,mccd_salvage,ok,208,221,228.5,195.4,False,0.4205,5,0.0,0.8413,clean,none
G:\GitHub\DiT\MCCD\MCCD\MCCD-Calligrapher\calligrapher_dataset\赵孟𫖯\鯊-楷-元-赵孟𫖯-154529.png,赵孟頫,楷,鯊,元,154529,鯊-楷-元-赵孟𫖯-154529.png,mccd_salvage,ok,246,246,237.3,221.5,False,0.2239,17,0.0035,0.3793,clean,none
G:\GitHub\DiT\MCCD\MCCD\MCCD-Calligrapher\calligrapher_dataset\赵孟𫖯\鳥-楷-元-赵孟𫖯-155174.png,赵孟頫,楷,鳥,元,155174,鳥-楷-元-赵孟𫖯-155174.png,mccd_salvage,ok,183,179,238.6,206.1,False,0.3495,1,0.0,1.0,clean,none
G:\GitHub\DiT\MCCD\MCCD\MCCD-Calligrapher\calligrapher_dataset\赵孟𫖯\鳥-行-元-赵孟𫖯-155191.png,赵孟頫,行,鳥,元,155191,鳥-行-元-赵孟𫖯-155191.png,mccd_salvage,ok,166,187,229.1,199.0,False,0.3316,2,0.0,0.8686,clean,none
G:\GitHub\DiT\MCCD\MCCD\MCCD-Calligrapher\calligrapher_dataset\赵孟𫖯\鳥-隶-元-赵孟𫖯-155157.png,赵孟頫,隶,鳥,元,155157,鳥-隶-元-赵孟𫖯-155157.png,mccd_salvage,ok,234,240,243.6,196.4,False,0.4356,2,0.0,0.9595,clean,none
G:\GitHub\DiT\MCCD\MCCD\MCCD-Calligrapher\calligrapher_dataset\赵孟𫖯\鳧-楷-元-赵孟𫖯-155255.png,赵孟頫,楷,鳧,元,155255,鳧-楷-元-赵孟𫖯-155255.png,mccd_salvage,ok,193,232,223.1,195.9,False,0.3602,1,0.0,1.0,clean,none
G:\GitHub\DiT\MCCD\MCCD\MCCD-Calligrapher\calligrapher_dataset\赵孟𫖯\鳯-隶-元-赵孟𫖯-155323.png,赵孟頫,隶,鳯,元,155323,鳯-隶-元-赵孟𫖯-155323.png,mccd_salvage,ok,282,222,235.1,180.9,False,0.4377,4,0.0,0.9337,clean,none
G:\GitHub\DiT\MCCD\MCCD\MCCD-Calligrapher\calligrapher_dataset\赵孟𫖯\鳴-楷-元-赵孟𫖯-155515.png,赵孟頫,楷,鳴,元,155515,鳴-楷-元-赵孟𫖯-155515.png,mccd_salvage,ok,218,225,232.5,194.5,False,0.3302,5,0.0,0.8938,clean,none
G:\GitHub\DiT\MCCD\MCCD\MCCD-Calligrapher\calligrapher_dataset\赵孟𫖯\鴆-楷-元-赵孟𫖯-155623.png,赵孟頫,楷,鴆,元,155623,鴆-楷-元-赵孟𫖯-155623.png,mccd_salvage,ok,254,209,232.2,194.5,False,0.3604,4,0.0002,0.6604,clean,none
G:\GitHub\DiT\MCCD\MCCD\MCCD-Calligrapher\calligrapher_dataset\赵孟𫖯\鴟-楷-元-赵孟𫖯-155770.png,赵孟頫,楷,鴟,元,155770,鴟-楷-元-赵孟𫖯-155770.png,mccd_salvage,ok,265,228,230.8,190.7,False,0.3671,2,0.0,0.5986,clean,none
G:\GitHub\DiT\MCCD\MCCD\MCCD-Calligrapher\calligrapher_dataset\赵孟𫖯\鵠-楷-元-赵孟𫖯-156088.png,赵孟頫,楷,鵠,元,156088,鵠-楷-元-赵孟𫖯-156088.png,mccd_salvage,ok,234,227,236.4,219.1,False,0.2652,6,0.0031,0.5391,clean,none
G:\GitHub\DiT\MCCD\MCCD\MCCD-Calligrapher\calligrapher_dataset\赵孟𫖯\鵡-楷-元-赵孟𫖯-156103.png,赵孟頫,楷,鵡,元,156103,鵡-楷-元-赵孟𫖯-156103.png,mccd_salvage,ok,260,213,234.8,205.4,False,0.2809,4,0.0,0.5183,clean,none
G:\GitHub\DiT\MCCD\MCCD\MCCD-Calligrapher\calligrapher_dataset\赵孟𫖯\鷗-楷-元-赵孟𫖯-156649.png,赵孟頫,楷,鷗,元,156649,鷗-楷-元-赵孟𫖯-156649.png,mccd_salvage,ok,217,209,227.3,179.8,False,0.3504,3,0.0,0.8406,clean,none
G:\GitHub\DiT\MCCD\MCCD\MCCD-Calligrapher\calligrapher_dataset\赵孟𫖯\鷙-楷-元-赵孟𫖯-156666.png,赵孟頫,楷,鷙,元,156666,鷙-楷-元-赵孟𫖯-156666.png,mccd_salvage,ok,241,278,241.0,230.6,False,0.2543,5,0.0,0.8861,clean,none
G:\GitHub\DiT\MCCD\MCCD\MCCD-Calligrapher\calligrapher_dataset\赵孟𫖯\鷺-楷-元-赵孟𫖯-156844.png,赵孟頫,楷,鷺,元,156844,鷺-楷-元-赵孟𫖯-156844.png,mccd_salvage,ok,187,259,241.4,202.3,False,0.3205,12,0.0,0.4976,clean,none
G:\GitHub\DiT\MCCD\MCCD\MCCD-Calligrapher\calligrapher_dataset\赵孟𫖯\鸇-楷-元-赵孟𫖯-156904.png,赵孟頫,楷,鸇,元,156904,鸇-楷-元-赵孟𫖯-156904.png,mccd_salvage,ok,193,192,234.4,203.0,False,0.343,5,0.0,0.5525,clean,none
G:\GitHub\DiT\MCCD\MCCD\MCCD-Calligrapher\calligrapher_dataset\赵孟𫖯\鸞-楷-元-赵孟𫖯-157012.png,赵孟頫,楷,鸞,元,157012,鸞-楷-元-赵孟𫖯-157012.png,mccd_salvage,ok,165,217,227.2,211.3,False,0.3276,7,0.0,0.6521,clean,none
G:\GitHub\DiT\MCCD\MCCD\MCCD-Calligrapher\calligrapher_dataset\赵孟𫖯\鹹-隶-元-赵孟𫖯-157067.png,赵孟頫,隶,鹹,元,157067,鹹-隶-元-赵孟𫖯-157067.png,mccd_salvage,ok,287,216,242.7,214.1,False,0.3775,2,0.0,0.9879,clean,none
G:\GitHub\DiT\MCCD\MCCD\MCCD-Calligrapher\calligrapher_dataset\赵孟𫖯\麗-楷-元-赵孟𫖯-157512.png,赵孟頫,楷,麗,元,157512,麗-楷-元-赵孟𫖯-157512.png,mccd_salvage,ok,210,183,229.9,192.8,False,0.3341,2,0.0,0.9856,clean,none
G:\GitHub\DiT\MCCD\MCCD\MCCD-Calligrapher\calligrapher_dataset\赵孟𫖯\黃-楷-元-赵孟𫖯-158154.png,赵孟頫,楷,黃,元,158154,黃-楷-元-赵孟𫖯-158154.png,mccd_salvage,ok,211,184,238.3,218.0,False,0.3256,1,0.0,1.0,clean,none
G:\GitHub\DiT\MCCD\MCCD\MCCD-Calligrapher\calligrapher_dataset\赵孟𫖯\黄-隶-元-赵孟𫖯-158509.png,赵孟頫,隶,黄,元,158509,黄-隶-元-赵孟𫖯-158509.png,mccd_salvage,ok,245,215,239.5,211.2,False,0.3723,4,0.0,0.8753,clean,none
G:\GitHub\DiT\MCCD\MCCD\MCCD-Calligrapher\calligrapher_dataset\赵孟𫖯\默-行-元-赵孟𫖯-158971.png,赵孟頫,行,默,元,158971,默-行-元-赵孟𫖯-158971.png,mccd_salvage,ok,236,230,227.7,166.6,False,0.4821,3,0.0,0.9958,clean,none
G:\GitHub\DiT\MCCD\MCCD\MCCD-Calligrapher\calligrapher_dataset\赵孟𫖯\默-隶-元-赵孟𫖯-158959.png,赵孟頫,隶,默,元,158959,默-隶-元-赵孟𫖯-158959.png,mccd_salvage,ok,265,186,225.8,181.4,False,0.3825,3,0.0,0.9619,clean,none
G:\GitHub\DiT\MCCD\MCCD\MCCD-Calligrapher\calligrapher_dataset\赵孟𫖯\黨-楷-元-赵孟𫖯-159138.png,赵孟頫,楷,黨,元,159138,黨-楷-元-赵孟𫖯-159138.png,mccd_salvage,ok,177,204,236.0,202.3,False,0.2843,5,0.0,0.4294,clean,none
G:\GitHub\DiT\MCCD\MCCD\MCCD-Calligrapher\calligrapher_dataset\赵孟𫖯\鼓-楷-元-赵孟𫖯-159838.png,赵孟頫,楷,鼓,元,159838,鼓-楷-元-赵孟𫖯-159838.png,mccd_salvage,ok,211,200,237.0,219.2,False,0.2961,4,0.0,0.4336,clean,none
G:\GitHub\DiT\MCCD\MCCD\MCCD-Calligrapher\calligrapher_dataset\赵孟𫖯\齊-楷-元-赵孟𫖯-160282.png,赵孟頫,楷,齊,元,160282,齊-楷-元-赵孟𫖯-160282.png,mccd_salvage,ok,212,195,242.0,234.7,False,0.2042,5,0.0,0.5614,clean,none
G:\GitHub\DiT\MCCD\MCCD\MCCD-Calligrapher\calligrapher_dataset\赵孟𫖯\齋-楷-元-赵孟𫖯-160372.png,赵孟頫,楷,齋,元,160372,齋-楷-元-赵孟𫖯-160372.png,mccd_salvage,ok,216,175,240.2,228.3,False,0.2554,5,0.0,0.476,clean,none
G:\GitHub\DiT\MCCD\MCCD\MCCD-Calligrapher\calligrapher_dataset\赵孟𫖯\齒-楷-元-赵孟𫖯-160481.png,赵孟頫,楷,齒,元,160481,齒-楷-元-赵孟𫖯-160481.png,mccd_salvage,ok,235,312,229.9,175.6,False,0.3401,3,0.0,0.6965,clean,none
G:\GitHub\DiT\MCCD\MCCD\MCCD-Calligrapher\calligrapher_dataset\赵孟𫖯\龍-隶-元-赵孟𫖯-160794.png,赵孟頫,隶,龍,元,160794,龍-隶-元-赵孟𫖯-160794.png,mccd_salvage,ok,242,190,224.2,188.3,False,0.3781,2,0.0,0.9215,clean,none
G:\GitHub\DiT\MCCD\MCCD\MCCD-Calligrapher\calligrapher_dataset\赵孟𫖯\𢃄-隶-元-赵孟𫖯-537.png,赵孟頫,隶,𢃄,元,537,𢃄-隶-元-赵孟𫖯-537.png,mccd_salvage,ok,252,262,227.8,186.4,False,0.4608,1,0.0,1.0,clean,none
G:\GitHub\DiT\MCCD\MCCD\MCCD-Calligrapher\calligrapher_dataset\赵孟𫖯\𨔝-隶-元-赵孟𫖯-3999.png,赵孟頫,隶,𨔝,元,3999,𨔝-隶-元-赵孟𫖯-3999.png,mccd_salvage,ok,268,274,237.9,196.1,False,0.4185,4,0.0,0.7191,clean,none
G:\GitHub\DiT\MCCD\MCCD\MCCD-Calligrapher\calligrapher_dataset\邓石如\合-隶-清-邓石如-43758.png,邓石如,隶,合,清,43758,合-隶-清-邓石如-43758.png,mccd_salvage,ok,264,158,233.2,195.1,False,0.3887,2,0.0,0.6648,clean,none
G:\GitHub\DiT\MCCD\MCCD\MCCD-Calligrapher\calligrapher_dataset\邓石如\城-隶-清-邓石如-55496.png,邓石如,隶,城,清,55496,城-隶-清-邓石如-55496.png,mccd_salvage,ok,260,203,226.1,190.9,False,0.5494,1,0.0,1.0,clean,none
G:\GitHub\DiT\MCCD\MCCD\MCCD-Calligrapher\calligrapher_dataset\邓石如\外-隶-清-邓石如-59271.png,邓石如,隶,外,清,59271,外-隶-清-邓石如-59271.png,mccd_salvage,ok,279,182,238.2,212.6,False,0.349,2,0.0,0.5763,clean,none
G:\GitHub\DiT\MCCD\MCCD\MCCD-Calligrapher\calligrapher_dataset\邓石如\宋-隶-清-邓石如-70260.png,邓石如,隶,宋,清,70260,宋-隶-清-邓石如-70260.png,mccd_salvage,ok,261,238,219.9,178.2,False,0.4816,2,0.0001,0.9999,clean,none
G:\GitHub\DiT\MCCD\MCCD\MCCD-Calligrapher\calligrapher_dataset\邓石如\封-隶-清-邓石如-75023.png,邓石如,隶,封,清,75023,封-隶-清-邓石如-75023.png,mccd_salvage,ok,280,188,230.8,157.0,False,0.5526,3,0.0,0.5842,broken,too_solid
G:\GitHub\DiT\MCCD\MCCD\MCCD-Calligrapher\calligrapher_dataset\邓石如\居-隶-清-邓石如-77982.png,邓石如,隶,居,清,77982,居-隶-清-邓石如-77982.png,mccd_salvage,ok,254,180,211.8,167.8,False,0.4475,1,0.0,1.0,clean,none
G:\GitHub\DiT\MCCD\MCCD\MCCD-Calligrapher\calligrapher_dataset\邓石如\山-隶-清-邓石如-79068.png,邓石如,隶,山,清,79068,山-隶-清-邓石如-79068.png,mccd_salvage,ok,245,150,225.8,165.8,False,0.4355,1,0.0,1.0,clean,none
G:\GitHub\DiT\MCCD\MCCD\MCCD-Calligrapher\calligrapher_dataset\邓石如\山-隶-清-邓石如-79084.png,邓石如,隶,山,清,79084,山-隶-清-邓石如-79084.png,mccd_salvage,ok,255,123,218.3,160.4,False,0.5627,1,0.0,1.0,broken,too_solid
G:\GitHub\DiT\MCCD\MCCD\MCCD-Calligrapher\calligrapher_dataset\邓石如\工-隶-清-邓石如-81503.png,邓石如,隶,工,清,81503,工-隶-清-邓石如-81503.png,mccd_salvage,ok,277,138,213.7,148.5,False,0.4447,1,0.0,1.0,clean,none
G:\GitHub\DiT\MCCD\MCCD\MCCD-Calligrapher\calligrapher_dataset\邓石如\工-隶-清-邓石如-81505.png,邓石如,隶,工,清,81505,工-隶-清-邓石如-81505.png,mccd_salvage,ok,262,118,207.3,136.1,False,0.4412,1,0.0,1.0,clean,none
G:\GitHub\DiT\MCCD\MCCD\MCCD-Calligrapher\calligrapher_dataset\邓石如\戚-隶-清-邓石如-2562.png,邓石如,隶,戚,清,2562,戚-隶-清-邓石如-2562.png,mccd_salvage,ok,265,246,238.6,215.8,False,0.3571,1,0.0,1.0,clean,none
G:\GitHub\DiT\MCCD\MCCD\MCCD-Calligrapher\calligrapher_dataset\邓石如\易-隶-清-邓石如-2486.png,邓石如,隶,易,清,2486,易-隶-清-邓石如-2486.png,mccd_salvage,ok,268,340,234.1,206.7,False,0.415,1,0.0,1.0,clean,none
G:\GitHub\DiT\MCCD\MCCD\MCCD-Calligrapher\calligrapher_dataset\邓石如\春-隶-清-邓石如-2991.png,邓石如,隶,春,清,2991,春-隶-清-邓石如-2991.png,mccd_salvage,ok,260,204,225.4,203.0,False,0.497,1,0.0,1.0,clean,none
G:\GitHub\DiT\MCCD\MCCD\MCCD-Calligrapher\calligrapher_dataset\邓石如\月-隶-清-邓石如-7690.png,邓石如,隶,月,清,7690,月-隶-清-邓石如-7690.png,mccd_salvage,ok,225,266,216.3,142.4,False,0.5727,1,0.0,1.0,broken,too_solid
G:\GitHub\DiT\MCCD\MCCD\MCCD-Calligrapher\calligrapher_dataset\邓石如\月-隶-清-邓石如-7691.png,邓石如,隶,月,清,7691,月-隶-清-邓石如-7691.png,mccd_salvage,ok,236,251,237.0,184.1,False,0.4207,1,0.0,1.0,clean,none
G:\GitHub\DiT\MCCD\MCCD\MCCD-Calligrapher\calligrapher_dataset\邓石如\檣-隶-清-邓石如-17459.png,邓石如,隶,檣,清,17459,檣-隶-清-邓石如-17459.png,mccd_salvage,ok,276,221,231.0,167.6,False,0.614,2,0.0001,0.9999,broken,too_solid
G:\GitHub\DiT\MCCD\MCCD\MCCD-Calligrapher\calligrapher_dataset\邓石如\歲-隶-清-邓石如-20153.png,邓石如,隶,歲,清,20153,歲-隶-清-邓石如-20153.png,mccd_salvage,ok,244,197,237.8,179.2,False,0.5174,1,0.0,1.0,clean,none
G:\GitHub\DiT\MCCD\MCCD\MCCD-Calligrapher\calligrapher_dataset\邓石如\清-隶-清-邓石如-30219.png,邓石如,隶,清,清,30219,清-隶-清-邓石如-30219.png,mccd_salvage,ok,281,254,235.9,190.6,False,0.526,2,0.0,0.9428,clean,none
G:\GitHub\DiT\MCCD\MCCD\MCCD-Calligrapher\calligrapher_dataset\邓石如\烹-隶-清-邓石如-36489.png,邓石如,隶,烹,清,36489,烹-隶-清-邓石如-36489.png,mccd_salvage,ok,284,236,237.4,213.5,False,0.4425,4,0.0,0.766,clean,none
G:\GitHub\DiT\MCCD\MCCD\MCCD-Calligrapher\calligrapher_dataset\邓石如\知-隶-清-邓石如-58627.png,邓石如,隶,知,清,58627,知-隶-清-邓石如-58627.png,mccd_salvage,ok,269,244,237.0,200.8,False,0.4284,1,0.0,1.0,clean,none
G:\GitHub\DiT\MCCD\MCCD\MCCD-Calligrapher\calligrapher_dataset\邓石如\種-隶-清-邓石如-64207.png,邓石如,隶,種,清,64207,種-隶-清-邓石如-64207.png,mccd_salvage,ok,280,222,234.0,160.3,False,0.6217,1,0.0,1.0,broken,too_solid
G:\GitHub\DiT\MCCD\MCCD\MCCD-Calligrapher\calligrapher_dataset\邓石如\窟-隶-清-邓石如-65595.png,邓石如,隶,窟,清,65595,窟-隶-清-邓石如-65595.png,mccd_salvage,ok,278,256,224.9,175.8,False,0.5978,3,0.0004,0.9996,broken,too_solid
G:\GitHub\DiT\MCCD\MCCD\MCCD-Calligrapher\calligrapher_dataset\邓石如\聖-隶-清-邓石如-81687.png,邓石如,隶,聖,清,81687,聖-隶-清-邓石如-81687.png,mccd_salvage,ok,255,230,228.7,196.6,False,0.5231,2,0.0,0.8581,clean,none
G:\GitHub\DiT\MCCD\MCCD\MCCD-Calligrapher\calligrapher_dataset\邓石如\荒-隶-清-邓石如-91443.png,邓石如,隶,荒,清,91443,荒-隶-清-邓石如-91443.png,mccd_salvage,ok,242,220,235.9,179.7,False,0.5003,1,0.0,1.0,clean,none
G:\GitHub\DiT\MCCD\MCCD\MCCD-Calligrapher\calligrapher_dataset\邓石如\觀-隶-清-邓石如-105286.png,邓石如,隶,觀,清,105286,觀-隶-清-邓石如-105286.png,mccd_salvage,ok,283,224,241.2,218.6,False,0.4782,1,0.0,1.0,clean,none
G:\GitHub\DiT\MCCD\MCCD\MCCD-Calligrapher\calligrapher_dataset\邓石如\賤-隶-清-邓石如-115175.png,邓石如,隶,賤,清,115175,賤-隶-清-邓石如-115175.png,mccd_salvage,ok,280,270,217.0,184.2,False,0.4665,3,0.0001,0.9577,clean,none
G:\GitHub\DiT\MCCD\MCCD\MCCD-Calligrapher\calligrapher_dataset\邓石如\遂-隶-清-邓石如-124527.png,邓石如,隶,遂,清,124527,遂-隶-清-邓石如-124527.png,mccd_salvage,ok,265,208,238.2,195.5,False,0.5065,2,0.0,0.9493,clean,none
G:\GitHub\DiT\MCCD\MCCD\MCCD-Calligrapher\calligrapher_dataset\邓石如\遂-隶-清-邓石如-124530.png,邓石如,隶,遂,清,124530,遂-隶-清-邓石如-124530.png,mccd_salvage,ok,231,203,236.8,193.5,False,0.4421,3,0.0,0.9112,clean,none
G:\GitHub\DiT\MCCD\MCCD\MCCD-Calligrapher\calligrapher_dataset\邓石如\關-隶-清-邓石如-137148.png,邓石如,隶,關,清,137148,關-隶-清-邓石如-137148.png,mccd_salvage,ok,282,254,229.1,150.8,False,0.6194,1,0.0,1.0,broken,too_solid
G:\GitHub\DiT\MCCD\MCCD\MCCD-Calligrapher\calligrapher_dataset\邓石如\院-隶-清-邓石如-138200.png,邓石如,隶,院,清,138200,院-隶-清-邓石如-138200.png,mccd_salvage,ok,256,204,226.7,164.1,False,0.4914,2,0.0007,0.9993,clean,none
G:\GitHub\DiT\MCCD\MCCD\MCCD-Calligrapher\calligrapher_dataset\邓石如\鰥-隶-清-邓石如-154780.png,邓石如,隶,鰥,清,154780,鰥-隶-清-邓石如-154780.png,mccd_salvage,ok,284,240,243.3,216.3,False,0.477,3,0.0,0.863,clean,none
G:\GitHub\DiT\MCCD\MCCD\MCCD-Calligrapher\calligrapher_dataset\金农\下-隶-清-金农-1859.png,金农,隶,下,清,1859,下-隶-清-金农-1859.png,mccd_salvage,ok,229,185,212.3,172.0,False,0.2871,1,0.0,1.0,clean,none
G:\GitHub\DiT\MCCD\MCCD\MCCD-Calligrapher\calligrapher_dataset\金农\下-隶-清-金农-1868.png,金农,隶,下,清,1868,下-隶-清-金农-1868.png,mccd_salvage,ok,254,195,222.1,181.0,False,0.2931,1,0.0,1.0,clean,none
G:\GitHub\DiT\MCCD\MCCD\MCCD-Calligrapher\calligrapher_dataset\金农\中-隶-清-金农-4834.png,金农,隶,中,清,4834,中-隶-清-金农-4834.png,mccd_salvage,ok,211,205,230.4,183.6,False,0.4185,1,0.0,1.0,clean,none
G:\GitHub\DiT\MCCD\MCCD\MCCD-Calligrapher\calligrapher_dataset\金农\于-隶-清-金农-10486.png,金农,隶,于,清,10486,于-隶-清-金农-10486.png,mccd_salvage,ok,199,189,228.1,177.2,False,0.3528,2,0.0014,0.9986,clean,none
G:\GitHub\DiT\MCCD\MCCD\MCCD-Calligrapher\calligrapher_dataset\金农\亡-隶-清-金农-12163.png,金农,隶,亡,清,12163,亡-隶-清-金农-12163.png,mccd_salvage,ok,218,196,218.9,141.6,False,0.5004,1,0.0,1.0,clean,none
G:\GitHub\DiT\MCCD\MCCD\MCCD-Calligrapher\calligrapher_dataset\金农\佀-楷-清-金农-16924.png,金农,楷,佀,清,16924,佀-楷-清-金农-16924.png,mccd_salvage,ok,230,254,238.8,208.0,False,0.4171,1,0.0,1.0,clean,none
G:\GitHub\DiT\MCCD\MCCD\MCCD-Calligrapher\calligrapher_dataset\金农\古-隶-清-金农-41889.png,金农,隶,古,清,41889,古-隶-清-金农-41889.png,mccd_salvage,ok,273,264,235.5,199.3,False,0.4657,1,0.0,1.0,clean,none
G:\GitHub\DiT\MCCD\MCCD\MCCD-Calligrapher\calligrapher_dataset\金农\多-隶-清-金农-59619.png,金农,隶,多,清,59619,多-隶-清-金农-59619.png,mccd_salvage,ok,233,221,234.1,203.8,False,0.3331,3,0.0011,0.5664,clean,none
G:\GitHub\DiT\MCCD\MCCD\MCCD-Calligrapher\calligrapher_dataset\金农\多-隶-清-金农-59620.png,金农,隶,多,清,59620,多-隶-清-金农-59620.png,mccd_salvage,ok,246,246,230.8,203.4,False,0.274,2,0.0,0.5634,clean,none
G:\GitHub\DiT\MCCD\MCCD\MCCD-Calligrapher\calligrapher_dataset\金农\大-隶-清-金农-60459.png,金农,隶,大,清,60459,大-隶-清-金农-60459.png,mccd_salvage,ok,276,161,246.8,205.0,False,0.4316,1,0.0,1.0,clean,none
G:\GitHub\DiT\MCCD\MCCD\MCCD-Calligrapher\calligrapher_dataset\金农\天-隶-清-金农-60983.png,金农,隶,天,清,60983,天-隶-清-金农-60983.png,mccd_salvage,ok,283,199,212.3,138.4,False,0.6241,1,0.0,1.0,broken,too_solid
G:\GitHub\DiT\MCCD\MCCD\MCCD-Calligrapher\calligrapher_dataset\金农\夲-隶-清-金农-61745.png,金农,隶,夲,清,61745,夲-隶-清-金农-61745.png,mccd_salvage,ok,290,201,243.6,228.2,False,0.432,2,0.0003,0.9997,clean,none
G:\GitHub\DiT\MCCD\MCCD\MCCD-Calligrapher\calligrapher_dataset\金农\如-隶-清-金农-63711.png,金农,隶,如,清,63711,如-隶-清-金农-63711.png,mccd_salvage,ok,229,245,232.6,197.9,False,0.4787,2,0.0,0.5864,clean,none
G:\GitHub\DiT\MCCD\MCCD\MCCD-Calligrapher\calligrapher_dataset\金农\子-隶-清-金农-67799.png,金农,隶,子,清,67799,子-隶-清-金农-67799.png,mccd_salvage,ok,254,213,212.2,164.7,False,0.4125,3,0.0004,0.9907,clean,none
G:\GitHub\DiT\MCCD\MCCD\MCCD-Calligrapher\calligrapher_dataset\金农\山-隶-清-金农-79082.png,金农,隶,山,清,79082,山-隶-清-金农-79082.png,mccd_salvage,ok,269,106,218.7,168.7,False,0.3991,2,0.001,0.999,clean,none
G:\GitHub\DiT\MCCD\MCCD\MCCD-Calligrapher\calligrapher_dataset\金农\愛-隶-清-金农-99881.png,金农,隶,愛,清,99881,愛-隶-清-金农-99881.png,mccd_salvage,ok,274,219,230.0,185.7,False,0.5791,1,0.0,1.0,broken,too_solid
G:\GitHub\DiT\MCCD\MCCD\MCCD-Calligrapher\calligrapher_dataset\金农\文-隶-清-金农-4193.png,金农,隶,文,清,4193,文-隶-清-金农-4193.png,mccd_salvage,ok,244,222,234.8,185.6,False,0.4332,1,0.0,1.0,clean,none
G:\GitHub\DiT\MCCD\MCCD\MCCD-Calligrapher\calligrapher_dataset\金农\晉-隶-清-金农-4056.png,金农,隶,晉,清,4056,晉-隶-清-金农-4056.png,mccd_salvage,ok,262,199,208.7,127.9,False,0.5699,3,0.0,0.3519,broken,too_solid
G:\GitHub\DiT\MCCD\MCCD\MCCD-Calligrapher\calligrapher_dataset\金农\月-隶-清-金农-7693.png,金农,隶,月,清,7693,月-隶-清-金农-7693.png,mccd_salvage,ok,248,227,229.5,152.8,False,0.5301,1,0.0,1.0,clean,none
G:\GitHub\DiT\MCCD\MCCD\MCCD-Calligrapher\calligrapher_dataset\金农\本-隶-清-金农-9708.png,金农,隶,本,清,9708,本-隶-清-金农-9708.png,mccd_salvage,ok,290,201,243.6,228.2,False,0.432,2,0.0003,0.9997,clean,none
G:\GitHub\DiT\MCCD\MCCD\MCCD-Calligrapher\calligrapher_dataset\金农\棋-隶-清-金农-13935.png,金农,隶,棋,清,13935,棋-隶-清-金农-13935.png,mccd_salvage,ok,279,157,241.3,195.3,False,0.4256,3,0.0003,0.9598,clean,none
G:\GitHub\DiT\MCCD\MCCD\MCCD-Calligrapher\calligrapher_dataset\金农\榜-隶-清-金农-15603.png,金农,隶,榜,清,15603,榜-隶-清-金农-15603.png,mccd_salvage,ok,271,190,215.3,163.7,False,0.4732,3,0.0,0.6208,clean,none
G:\GitHub\DiT\MCCD\MCCD\MCCD-Calligrapher\calligrapher_dataset\金农\水-隶-清-金农-24301.png,金农,隶,水,清,24301,水-隶-清-金农-24301.png,mccd_salvage,ok,271,120,232.7,183.0,False,0.41,3,0.0,0.4648,clean,none
G:\GitHub\DiT\MCCD\MCCD\MCCD-Calligrapher\calligrapher_dataset\金农\水-隶-清-金农-24312.png,金农,隶,水,清,24312,水-隶-清-金农-24312.png,mccd_salvage,ok,275,190,235.1,189.3,False,0.4723,2,0.0,0.6602,clean,none
G:\GitHub\DiT\MCCD\MCCD\MCCD-Calligrapher\calligrapher_dataset\金农\沛-隶-清-金农-26050.png,金农,隶,沛,清,26050,沛-隶-清-金农-26050.png,mccd_salvage,ok,275,159,231.9,192.9,False,0.4079,5,0.0,0.3667,clean,none
G:\GitHub\DiT\MCCD\MCCD\MCCD-Calligrapher\calligrapher_dataset\金农\泄-隶-清-金农-26635.png,金农,隶,泄,清,26635,泄-隶-清-金农-26635.png,mccd_salvage,ok,270,143,224.6,157.2,False,0.4885,3,0.0,0.862,clean,none
G:\GitHub\DiT\MCCD\MCCD\MCCD-Calligrapher\calligrapher_dataset\金农\立-隶-清-金农-66139.png,金农,隶,立,清,66139,立-隶-清-金农-66139.png,mccd_salvage,ok,266,263,232.9,179.8,False,0.4524,1,0.0,1.0,clean,none
G:\GitHub\DiT\MCCD\MCCD\MCCD-Calligrapher\calligrapher_dataset\金农\竹-隶-清-金农-66935.png,金农,隶,竹,清,66935,竹-隶-清-金农-66935.png,mccd_salvage,ok,299,245,238.3,219.5,False,0.3789,4,0.0,0.4148,clean,none
G:\GitHub\DiT\MCCD\MCCD\MCCD-Calligrapher\calligrapher_dataset\金农\聰-隶-清-金农-82033.png,金农,隶,聰,清,82033,聰-隶-清-金农-82033.png,mccd_salvage,ok,289,188,229.1,158.1,False,0.5494,5,0.0005,0.4915,clean,none
G:\GitHub\DiT\MCCD\MCCD\MCCD-Calligrapher\calligrapher_dataset\金农\臣-隶-清-金农-85876.png,金农,隶,臣,清,85876,臣-隶-清-金农-85876.png,mccd_salvage,ok,256,184,221.2,143.4,False,0.5928,2,0.0002,0.9998,broken,too_solid
G:\GitHub\DiT\MCCD\MCCD\MCCD-Calligrapher\calligrapher_dataset\金农\舉-隶-清-金农-87930.png,金农,隶,舉,清,87930,舉-隶-清-金农-87930.png,mccd_salvage,ok,249,268,223.5,170.4,False,0.5096,4,0.0011,0.9978,clean,none
G:\GitHub\DiT\MCCD\MCCD\MCCD-Calligrapher\calligrapher_dataset\金农\行-隶-清-金农-100966.png,金农,隶,行,清,100966,行-隶-清-金农-100966.png,mccd_salvage,ok,277,147,231.2,191.4,False,0.309,4,0.0,0.3947,clean,none
G:\GitHub\DiT\MCCD\MCCD\MCCD-Calligrapher\calligrapher_dataset\金农\行-隶-清-金农-100971.png,金农,隶,行,清,100971,行-隶-清-金农-100971.png,mccd_salvage,ok,293,166,230.1,160.0,False,0.4654,2,0.0,0.5969,clean,none
G:\GitHub\DiT\MCCD\MCCD\MCCD-Calligrapher\calligrapher_dataset\金农\觀-隶-清-金农-105283.png,金农,隶,觀,清,105283,觀-隶-清-金农-105283.png,mccd_salvage,ok,274,223,227.3,157.2,False,0.5949,1,0.0,1.0,broken,too_solid
G:\GitHub\DiT\MCCD\MCCD\MCCD-Calligrapher\calligrapher_dataset\金农\觀-隶-清-金农-105290.png,金农,隶,觀,清,105290,觀-隶-清-金农-105290.png,mccd_salvage,ok,255,225,231.3,176.3,False,0.5239,1,0.0,1.0,clean,none
G:\GitHub\DiT\MCCD\MCCD\MCCD-Calligrapher\calligrapher_dataset\金农\買-隶-清-金农-114219.png,金农,隶,買,清,114219,買-隶-清-金农-114219.png,mccd_salvage,ok,273,246,225.1,165.9,False,0.5241,2,0.0,0.5408,clean,none
G:\GitHub\DiT\MCCD\MCCD\MCCD-Calligrapher\calligrapher_dataset\金农\身-隶-清-金农-118696.png,金农,隶,身,清,118696,身-隶-清-金农-118696.png,mccd_salvage,ok,255,231,237.5,223.9,False,0.308,1,0.0,1.0,clean,none
G:\GitHub\DiT\MCCD\MCCD\MCCD-Calligrapher\calligrapher_dataset\金农\隨-隶-清-金农-139630.png,金农,隶,隨,清,139630,隨-隶-清-金农-139630.png,mccd_salvage,ok,266,224,231.0,183.3,False,0.484,2,0.0,0.7391,clean,none
G:\GitHub\DiT\MCCD\MCCD\MCCD-Calligrapher\calligrapher_dataset\钟繇\冀-行-null-钟繇-力命表-67.png,钟繇,行,冀,,力命表,冀-行-null-钟繇-力命表-67.png,mccd_salvage,ok,311,314,150.9,5.9,False,0.799,1,0.0,1.0,broken,too_solid
G:\GitHub\DiT\MCCD\MCCD\MCCD-Calligrapher\calligrapher_dataset\钟繇\力-楷-三国-钟繇-32859.png,钟繇,楷,力,三国,32859,力-楷-三国-钟繇-32859.png,mccd_salvage,ok,163,140,225.1,179.2,False,0.4089,1,0.0,1.0,clean,none
G:\GitHub\DiT\MCCD\MCCD\MCCD-Calligrapher\calligrapher_dataset\钟繇\復-楷-三国-钟繇-94072.png,钟繇,楷,復,三国,94072,復-楷-三国-钟繇-94072.png,mccd_salvage,ok,259,211,232.6,189.0,False,0.2738,12,0.0039,0.3081,clean,none
G:\GitHub\DiT\MCCD\MCCD\MCCD-Calligrapher\calligrapher_dataset\钟繇\復-楷-三国-钟繇-94073.png,钟繇,楷,復,三国,94073,復-楷-三国-钟繇-94073.png,mccd_salvage,ok,254,257,235.4,231.7,False,0.217,7,0.0,0.3881,clean,none
G:\GitHub\DiT\MCCD\MCCD\MCCD-Calligrapher\calligrapher_dataset\钟繇\復-行-曹魏-钟繇-94092.png,钟繇,行,復,曹魏,94092,復-行-曹魏-钟繇-94092.png,mccd_salvage,ok,208,269,222.6,206.9,False,0.1923,5,0.0023,0.7141,clean,none
G:\GitHub\DiT\MCCD\MCCD\MCCD-Calligrapher\calligrapher_dataset\钟繇\臣-楷-三国-钟繇-85896.png,钟繇,楷,臣,三国,85896,臣-楷-三国-钟繇-85896.png,mccd_salvage,ok,220,187,224.5,129.9,False,0.4769,2,0.0,0.7327,clean,none
G:\GitHub\DiT\MCCD\MCCD\MCCD-Calligrapher\calligrapher_dataset\颜真卿\中-行-唐-颜真卿-4888.png,颜真卿,行,中,唐,4888,中-行-唐-颜真卿-4888.png,mccd_salvage,ok,254,257,220.4,211.9,False,0.3004,23,0.006,0.7598,clean,none
G:\GitHub\DiT\MCCD\MCCD\MCCD-Calligrapher\calligrapher_dataset\颜真卿\乘-楷-唐-颜真卿-7608.png,颜真卿,楷,乘,唐,7608,乘-楷-唐-颜真卿-7608.png,mccd_salvage,ok,279,359,203.6,216.3,False,0.4035,3,0.0,0.8399,clean,none
G:\GitHub\DiT\MCCD\MCCD\MCCD-Calligrapher\calligrapher_dataset\颜真卿\了-楷-唐-颜真卿-9272.png,颜真卿,楷,了,唐,9272,了-楷-唐-颜真卿-9272.png,mccd_salvage,ok,230,390,244.8,225.4,False,0.2261,2,0.0,0.8554,clean,none
G:\GitHub\DiT\MCCD\MCCD\MCCD-Calligrapher\calligrapher_dataset\颜真卿\介-楷-唐-颜真卿-竹山堂联句-34.png,颜真卿,楷,介,唐,竹山堂联句,介-楷-唐-颜真卿-竹山堂联句-34.png,mccd_salvage,ok,252,214,239.9,223.7,False,0.279,3,0.0,0.5555,clean,none
G:\GitHub\DiT\MCCD\MCCD\MCCD-Calligrapher\calligrapher_dataset\颜真卿\他-楷-唐-颜真卿-14953.png,颜真卿,楷,他,唐,14953,他-楷-唐-颜真卿-14953.png,mccd_salvage,ok,282,196,229.4,212.3,False,0.2535,4,0.0015,0.672,clean,none
G:\GitHub\DiT\MCCD\MCCD\MCCD-Calligrapher\calligrapher_dataset\颜真卿\使-行-唐-颜真卿-刘中使帖-63.png,颜真卿,行,使,唐,刘中使帖,使-行-唐-颜真卿-刘中使帖-63.png,mccd_salvage,ok,226,257,242.4,202.8,False,0.3447,16,0.0023,0.7384,clean,none
G:\GitHub\DiT\MCCD\MCCD\MCCD-Calligrapher\calligrapher_dataset\颜真卿\俟-行-唐-颜真卿-20000.png,颜真卿,行,俟,唐,20000,俟-行-唐-颜真卿-20000.png,mccd_salvage,ok,196,187,238.7,208.9,False,0.3239,3,0.0,0.6672,clean,none
G:\GitHub\DiT\MCCD\MCCD\MCCD-Calligrapher\calligrapher_dataset\颜真卿\倦-楷-唐-颜真卿-20861.png,颜真卿,楷,倦,唐,20861,倦-楷-唐-颜真卿-20861.png,mccd_salvage,ok,283,286,197.8,214.4,False,0.4344,9,0.0002,0.9156,clean,none
G:\GitHub\DiT\MCCD\MCCD\MCCD-Calligrapher\calligrapher_dataset\颜真卿\入-楷-唐-颜真卿-裴将军诗-39.png,颜真卿,楷,入,唐,裴将军诗,入-楷-唐-颜真卿-裴将军诗-39.png,mccd_salvage,ok,354,176,13.7,31.6,True,0.2794,11,0.0013,0.9793,inverted,inverted
G:\GitHub\DiT\MCCD\MCCD\MCCD-Calligrapher\calligrapher_dataset\颜真卿\兩-楷-唐-颜真卿-25924.png,颜真卿,楷,兩,唐,25924,兩-楷-唐-颜真卿-25924.png,mccd_salvage,ok,276,285,214.5,128.6,False,0.3266,3,0.0,0.798,clean,none
G:\GitHub\DiT\MCCD\MCCD\MCCD-Calligrapher\calligrapher_dataset\颜真卿\兩-楷-唐-颜真卿-25925.png,颜真卿,楷,兩,唐,25925,兩-楷-唐-颜真卿-25925.png,mccd_salvage,ok,277,330,211.0,196.5,False,0.3556,18,0.0038,0.957,clean,none
G:\GitHub\DiT\MCCD\MCCD\MCCD-Calligrapher\calligrapher_dataset\颜真卿\公-楷-唐-颜真卿-26511.png,颜真卿,楷,公,唐,26511,公-楷-唐-颜真卿-26511.png,mccd_salvage,ok,223,218,231.2,193.9,False,0.3787,3,0.0,0.5651,clean,none
G:\GitHub\DiT\MCCD\MCCD\MCCD-Calligrapher\calligrapher_dataset\颜真卿\則-楷-唐-颜真卿-31821.png,颜真卿,楷,則,唐,31821,則-楷-唐-颜真卿-31821.png,mccd_salvage,ok,256,290,219.7,149.1,False,0.5187,3,0.0,0.607,clean,none
G:\GitHub\DiT\MCCD\MCCD\MCCD-Calligrapher\calligrapher_dataset\颜真卿\勖-行-唐-颜真卿-刘太冲帖-19.png,颜真卿,行,勖,唐,刘太冲帖,勖-行-唐-颜真卿-刘太冲帖-19.png,mccd_salvage,ok,258,308,243.4,210.2,False,0.3172,6,0.0007,0.6773,clean,none
G:\GitHub\DiT\MCCD\MCCD\MCCD-Calligrapher\calligrapher_dataset\颜真卿\勝-楷-唐-颜真卿-33777.png,颜真卿,楷,勝,唐,33777,勝-楷-唐-颜真卿-33777.png,mccd_salvage,ok,270,251,200.5,216.0,False,0.3084,9,0.0022,0.7823,clean,none
G:\GitHub\DiT\MCCD\MCCD\MCCD-Calligrapher\calligrapher_dataset\颜真卿\吏-楷-唐-颜真卿-44606.png,颜真卿,楷,吏,唐,44606,吏-楷-唐-颜真卿-44606.png,mccd_salvage,ok,206,219,230.8,201.4,False,0.361,2,0.0001,0.9999,clean,none
G:\GitHub\DiT\MCCD\MCCD\MCCD-Calligrapher\calligrapher_dataset\颜真卿\唯-行-唐-颜真卿-湖州帖-65.png,颜真卿,行,唯,唐,湖州帖,唯-行-唐-颜真卿-湖州帖-65.png,mccd_salvage,ok,223,304,247.1,197.4,False,0.3476,2,0.0,0.819,clean,none
G:\GitHub\DiT\MCCD\MCCD\MCCD-Calligrapher\calligrapher_dataset\颜真卿\國-行-唐-颜真卿-53469.png,颜真卿,行,國,唐,53469,國-行-唐-颜真卿-53469.png,mccd_salvage,ok,210,230,200.6,139.0,False,0.5201,2,0.0006,0.9994,clean,none
G:\GitHub\DiT\MCCD\MCCD\MCCD-Calligrapher\calligrapher_dataset\颜真卿\土-行-唐-颜真卿-54088.png,颜真卿,行,土,唐,54088,土-行-唐-颜真卿-54088.png,mccd_salvage,ok,243,212,239.9,211.2,False,0.345,1,0.0,1.0,clean,none
G:\GitHub\DiT\MCCD\MCCD\MCCD-Calligrapher\calligrapher_dataset\颜真卿\外-楷-唐-颜真卿-59285.png,颜真卿,楷,外,唐,59285,外-楷-唐-颜真卿-59285.png,mccd_salvage,ok,277,234,202.7,224.4,False,0.2956,24,0.0079,0.5137,clean,none
G:\GitHub\DiT\MCCD\MCCD\MCCD-Calligrapher\calligrapher_dataset\颜真卿\外-行-唐-颜真卿-59291.png,颜真卿,行,外,唐,59291,外-行-唐-颜真卿-59291.png,mccd_salvage,ok,263,302,234.6,192.9,False,0.3788,24,0.0045,0.4719,clean,none
G:\GitHub\DiT\MCCD\MCCD\MCCD-Calligrapher\calligrapher_dataset\颜真卿\大-行-唐-颜真卿-60521.png,颜真卿,行,大,唐,60521,大-行-唐-颜真卿-60521.png,mccd_salvage,ok,278,263,229.4,203.0,False,0.3612,2,0.0,0.9896,clean,none
G:\GitHub\DiT\MCCD\MCCD\MCCD-Calligrapher\calligrapher_dataset\颜真卿\子-楷-唐-颜真卿-67848.png,颜真卿,楷,子,唐,67848,子-楷-唐-颜真卿-67848.png,mccd_salvage,ok,204,191,235.9,211.8,False,0.2562,2,0.0,0.8954,clean,none
G:\GitHub\DiT\MCCD\MCCD\MCCD-Calligrapher\calligrapher_dataset\颜真卿\子-行-唐-颜真卿-67868.png,颜真卿,行,子,唐,67868,子-行-唐-颜真卿-67868.png,mccd_salvage,ok,224,351,232.8,223.5,False,0.2579,2,0.0,0.9825,clean,none
G:\GitHub\DiT\MCCD\MCCD\MCCD-Calligrapher\calligrapher_dataset\颜真卿\子-行-唐-颜真卿-67876.png,颜真卿,行,子,唐,67876,子-行-唐-颜真卿-67876.png,mccd_salvage,ok,189,228,239.4,193.5,False,0.3909,2,0.001,0.999,clean,none
G:\GitHub\DiT\MCCD\MCCD\MCCD-Calligrapher\calligrapher_dataset\颜真卿\嵬-行-唐-颜真卿-裴将军讨帖-27.png,颜真卿,行,嵬,唐,裴将军讨帖,嵬-行-唐-颜真卿-裴将军讨帖-27.png,mccd_salvage,ok,309,417,150.5,19.3,False,0.6637,5,0.0,0.9559,broken,too_solid
G:\GitHub\DiT\MCCD\MCCD\MCCD-Calligrapher\calligrapher_dataset\颜真卿\州-行-唐-颜真卿-81205.png,颜真卿,行,州,唐,81205,州-行-唐-颜真卿-81205.png,mccd_salvage,ok,241,234,224.9,161.8,False,0.378,3,0.0,0.4787,clean,none
G:\GitHub\DiT\MCCD\MCCD\MCCD-Calligrapher\calligrapher_dataset\颜真卿\强-楷-唐-颜真卿-90092.png,颜真卿,楷,强,唐,90092,强-楷-唐-颜真卿-90092.png,mccd_salvage,ok,283,274,206.9,180.4,False,0.3164,9,0.0011,0.4495,clean,none
G:\GitHub\DiT\MCCD\MCCD\MCCD-Calligrapher\calligrapher_dataset\颜真卿\悟-行-唐-颜真卿-98212.png,颜真卿,行,悟,唐,98212,悟-行-唐-颜真卿-98212.png,mccd_salvage,ok,259,251,223.5,237.3,False,0.2686,7,0.0009,0.601,clean,none
G:\GitHub\DiT\MCCD\MCCD\MCCD-Calligrapher\calligrapher_dataset\颜真卿\挫-楷-唐-颜真卿-6180.png,颜真卿,楷,挫,唐,6180,挫-楷-唐-颜真卿-6180.png,mccd_salvage,ok,283,284,220.0,235.8,False,0.1944,8,0.0003,0.398,clean,none
G:\GitHub\DiT\MCCD\MCCD\MCCD-Calligrapher\calligrapher_dataset\颜真卿\挫-行-唐-颜真卿-6182.png,颜真卿,行,挫,唐,6182,挫-行-唐-颜真卿-6182.png,mccd_salvage,ok,286,302,229.5,227.2,False,0.2689,3,0.0,0.5042,clean,none
G:\GitHub\DiT\MCCD\MCCD\MCCD-Calligrapher\calligrapher_dataset\颜真卿\挫-行-唐-颜真卿-6183.png,颜真卿,行,挫,唐,6183,挫-行-唐-颜真卿-6183.png,mccd_salvage,ok,293,262,204.7,210.9,False,0.2111,10,0.0,0.4338,clean,none
G:\GitHub\DiT\MCCD\MCCD\MCCD-Calligrapher\calligrapher_dataset\颜真卿\日-行-唐-颜真卿-1090.png,颜真卿,行,日,唐,1090,日-行-唐-颜真卿-1090.png,mccd_salvage,ok,266,254,208.2,185.8,False,0.4006,4,0.0002,0.975,clean,none
G:\GitHub\DiT\MCCD\MCCD\MCCD-Calligrapher\calligrapher_dataset\颜真卿\晋-楷-唐-颜真卿-4242.png,颜真卿,楷,晋,唐,4242,晋-楷-唐-颜真卿-4242.png,mccd_salvage,ok,284,285,209.1,208.6,False,0.2452,11,0.0032,0.2409,clean,none
G:\GitHub\DiT\MCCD\MCCD\MCCD-Calligrapher\calligrapher_dataset\颜真卿\月-楷-唐-颜真卿-7758.png,颜真卿,楷,月,唐,7758,月-楷-唐-颜真卿-7758.png,mccd_salvage,ok,169,257,239.0,171.4,False,0.4313,1,0.0,1.0,clean,none
G:\GitHub\DiT\MCCD\MCCD\MCCD-Calligrapher\calligrapher_dataset\颜真卿\月-行-唐-颜真卿-7782.png,颜真卿,行,月,唐,7782,月-行-唐-颜真卿-7782.png,mccd_salvage,ok,157,304,245.7,201.8,False,0.5192,1,0.0,1.0,clean,none
G:\GitHub\DiT\MCCD\MCCD\MCCD-Calligrapher\calligrapher_dataset\颜真卿\未-行-唐-颜真卿-春田帖-70.png,颜真卿,行,未,唐,春田帖,未-行-唐-颜真卿-春田帖-70.png,mccd_salvage,ok,273,338,247.3,217.3,False,0.3064,3,0.0,0.9895,clean,none
G:\GitHub\DiT\MCCD\MCCD\MCCD-Calligrapher\calligrapher_dataset\颜真卿\林-楷-唐-颜真卿-11415.png,颜真卿,楷,林,唐,11415,林-楷-唐-颜真卿-11415.png,mccd_salvage,ok,280,243,243.6,220.8,False,0.2677,2,0.0,0.6072,clean,none
G:\GitHub\DiT\MCCD\MCCD\MCCD-Calligrapher\calligrapher_dataset\颜真卿\楊-行-唐-颜真卿-14697.png,颜真卿,行,楊,唐,14697,楊-行-唐-颜真卿-14697.png,mccd_salvage,ok,252,244,219.5,229.8,False,0.1502,15,0.0096,0.2349,clean,none
G:\GitHub\DiT\MCCD\MCCD\MCCD-Calligrapher\calligrapher_dataset\颜真卿\江-行-唐-颜真卿-25303.png,颜真卿,行,江,唐,25303,江-行-唐-颜真卿-25303.png,mccd_salvage,ok,210,215,225.1,162.0,False,0.4015,3,0.0,0.4612,clean,none
G:\GitHub\DiT\MCCD\MCCD\MCCD-Calligrapher\calligrapher_dataset\颜真卿\淸-楷-唐-颜真卿-29997.png,颜真卿,楷,淸,唐,29997,淸-楷-唐-颜真卿-29997.png,mccd_salvage,ok,185,199,232.1,188.1,False,0.3789,3,0.0,0.7973,clean,none
G:\GitHub\DiT\MCCD\MCCD\MCCD-Calligrapher\calligrapher_dataset\颜真卿\清-楷-唐-颜真卿-30251.png,颜真卿,楷,清,唐,30251,清-楷-唐-颜真卿-30251.png,mccd_salvage,ok,185,199,232.1,188.1,False,0.3789,3,0.0,0.7973,clean,none
G:\GitHub\DiT\MCCD\MCCD\MCCD-Calligrapher\calligrapher_dataset\颜真卿\湖-行-唐-颜真卿-31147.png,颜真卿,行,湖,唐,31147,湖-行-唐-颜真卿-31147.png,mccd_salvage,ok,231,232,225.1,148.3,False,0.4859,7,0.0013,0.8699,clean,none
G:\GitHub\DiT\MCCD\MCCD\MCCD-Calligrapher\calligrapher_dataset\颜真卿\漢-隶-唐-颜真卿-32626.png,颜真卿,隶,漢,唐,32626,漢-隶-唐-颜真卿-32626.png,mccd_salvage,ok,308,242,211.3,223.6,False,0.3256,8,0.0002,0.7761,clean,none
G:\GitHub\DiT\MCCD\MCCD\MCCD-Calligrapher\calligrapher_dataset\颜真卿\火-楷-唐-颜真卿-34984.png,颜真卿,楷,火,唐,34984,火-楷-唐-颜真卿-34984.png,mccd_salvage,ok,294,271,199.8,227.9,False,0.2306,6,0.0006,0.7173,clean,none
G:\GitHub\DiT\MCCD\MCCD\MCCD-Calligrapher\calligrapher_dataset\颜真卿\爵-行-唐-颜真卿-39986.png,颜真卿,行,爵,唐,39986,爵-行-唐-颜真卿-39986.png,mccd_salvage,ok,241,322,240.9,225.0,False,0.2454,18,0.0016,0.6825,clean,none
G:\GitHub\DiT\MCCD\MCCD\MCCD-Calligrapher\calligrapher_dataset\颜真卿\父-行-唐-颜真卿-40195.png,颜真卿,行,父,唐,40195,父-行-唐-颜真卿-40195.png,mccd_salvage,ok,258,249,234.8,211.9,False,0.2868,3,0.0,0.7382,clean,none
G:\GitHub\DiT\MCCD\MCCD\MCCD-Calligrapher\calligrapher_dataset\颜真卿\猛-楷-唐-颜真卿-42544.png,颜真卿,楷,猛,唐,42544,猛-楷-唐-颜真卿-42544.png,mccd_salvage,ok,274,285,227.1,242.3,False,0.2411,11,0.0013,0.5393,clean,none
G:\GitHub\DiT\MCCD\MCCD\MCCD-Calligrapher\calligrapher_dataset\颜真卿\矣-楷-唐-颜真卿-58514.png,颜真卿,楷,矣,唐,58514,矣-楷-唐-颜真卿-58514.png,mccd_salvage,ok,256,254,236.2,229.2,False,0.2595,5,0.0009,0.8774,clean,none
G:\GitHub\DiT\MCCD\MCCD\MCCD-Calligrapher\calligrapher_dataset\颜真卿\矣-行-唐-颜真卿-58529.png,颜真卿,行,矣,唐,58529,矣-行-唐-颜真卿-58529.png,mccd_salvage,ok,294,374,231.0,239.5,False,0.2052,8,0.001,0.5871,clean,none
G:\GitHub\DiT\MCCD\MCCD\MCCD-Calligrapher\calligrapher_dataset\颜真卿\碑-行-唐-颜真卿-文殊帖-69.png,颜真卿,行,碑,唐,文殊帖,碑-行-唐-颜真卿-文殊帖-69.png,mccd_salvage,ok,308,281,247.6,219.0,False,0.3121,2,0.0,0.6338,clean,none
G:\GitHub\DiT\MCCD\MCCD\MCCD-Calligrapher\calligrapher_dataset\颜真卿\碧-楷-唐-颜真卿-59810.png,颜真卿,楷,碧,唐,59810,碧-楷-唐-颜真卿-59810.png,mccd_salvage,ok,291,398,239.0,217.9,False,0.3312,7,0.0005,0.453,clean,none
G:\GitHub\DiT\MCCD\MCCD\MCCD-Calligrapher\calligrapher_dataset\颜真卿\策-楷-唐-颜真卿-竹山堂联名-34.png,颜真卿,楷,策,唐,竹山堂联名,策-楷-唐-颜真卿-竹山堂联名-34.png,mccd_salvage,ok,276,430,229.9,209.1,False,0.3696,5,0.0,0.6575,clean,none
G:\GitHub\DiT\MCCD\MCCD\MCCD-Calligrapher\calligrapher_dataset\颜真卿\粤-楷-唐-颜真卿-69910.png,颜真卿,楷,粤,唐,69910,粤-楷-唐-颜真卿-69910.png,mccd_salvage,ok,261,303,240.8,230.7,False,0.1855,5,0.0007,0.5861,clean,none
G:\GitHub\DiT\MCCD\MCCD\MCCD-Calligrapher\calligrapher_dataset\颜真卿\羽-楷-唐-颜真卿-78145.png,颜真卿,楷,羽,唐,78145,羽-楷-唐-颜真卿-78145.png,mccd_salvage,ok,296,259,225.3,178.0,False,0.2608,12,0.0027,0.3176,clean,none
G:\GitHub\DiT\MCCD\MCCD\MCCD-Calligrapher\calligrapher_dataset\颜真卿\苟-楷-唐-颜真卿-90133.png,颜真卿,楷,苟,唐,90133,苟-楷-唐-颜真卿-90133.png,mccd_salvage,ok,288,352,223.5,207.8,False,0.363,8,0.0004,0.3855,clean,none
G:\GitHub\DiT\MCCD\MCCD\MCCD-Calligrapher\calligrapher_dataset\颜真卿\苟-行-唐-颜真卿-90138.png,颜真卿,行,苟,唐,90138,苟-行-唐-颜真卿-90138.png,mccd_salvage,ok,295,332,169.4,238.9,False,0.2154,11,0.0016,0.6423,clean,none
G:\GitHub\DiT\MCCD\MCCD\MCCD-Calligrapher\calligrapher_dataset\颜真卿\贈-楷-唐-颜真卿-115727.png,颜真卿,楷,贈,唐,115727,贈-楷-唐-颜真卿-115727.png,mccd_salvage,ok,287,278,242.8,186.4,False,0.3591,8,0.0,0.4041,clean,none
G:\GitHub\DiT\MCCD\MCCD\MCCD-Calligrapher\calligrapher_dataset\颜真卿\贈-行-唐-颜真卿-115731.png,颜真卿,行,贈,唐,115731,贈-行-唐-颜真卿-115731.png,mccd_salvage,ok,205,223,231.8,182.0,False,0.4939,4,0.0005,0.9754,clean,none
G:\GitHub\DiT\MCCD\MCCD\MCCD-Calligrapher\calligrapher_dataset\颜真卿\車-行-唐-颜真卿-119027.png,颜真卿,行,車,唐,119027,車-行-唐-颜真卿-119027.png,mccd_salvage,ok,210,434,240.6,245.3,False,0.1426,11,0.0003,0.8318,clean,none
G:\GitHub\DiT\MCCD\MCCD\MCCD-Calligrapher\calligrapher_dataset\颜真卿\車-行-唐-颜真卿-119028.png,颜真卿,行,車,唐,119028,車-行-唐-颜真卿-119028.png,mccd_salvage,ok,156,300,247.2,230.8,False,0.3483,1,0.0,1.0,clean,none
G:\GitHub\DiT\MCCD\MCCD\MCCD-Calligrapher\calligrapher_dataset\颜真卿\銀-楷-唐-颜真卿-132721.png,颜真卿,楷,銀,唐,132721,銀-楷-唐-颜真卿-132721.png,mccd_salvage,ok,293,198,239.9,211.6,False,0.2336,6,0.001,0.4574,clean,none
G:\GitHub\DiT\MCCD\MCCD\MCCD-Calligrapher\calligrapher_dataset\颜真卿\銀-行-唐-颜真卿-132728.png,颜真卿,行,銀,唐,132728,銀-行-唐-颜真卿-132728.png,mccd_salvage,ok,236,193,229.7,190.3,False,0.3792,5,0.0001,0.4562,clean,none
G:\GitHub\DiT\MCCD\MCCD\MCCD-Calligrapher\calligrapher_dataset\颜真卿\銀-行-唐-颜真卿-132729.png,颜真卿,行,銀,唐,132729,銀-行-唐-颜真卿-132729.png,mccd_salvage,ok,234,192,228.3,188.9,False,0.3821,4,0.0001,0.4569,clean,none
G:\GitHub\DiT\MCCD\MCCD\MCCD-Calligrapher\calligrapher_dataset\颜真卿\銀-行-唐-颜真卿-132730.png,颜真卿,行,銀,唐,132730,銀-行-唐-颜真卿-132730.png,mccd_salvage,ok,281,286,232.2,220.7,False,0.2193,5,0.0022,0.5302,clean,none
G:\GitHub\DiT\MCCD\MCCD\MCCD-Calligrapher\calligrapher_dataset\颜真卿\銑-楷-唐-颜真卿-132834.png,颜真卿,楷,銑,唐,132834,銑-楷-唐-颜真卿-132834.png,mccd_salvage,ok,281,251,208.4,197.1,False,0.4472,15,0.0038,0.9489,clean,none
G:\GitHub\DiT\MCCD\MCCD\MCCD-Calligrapher\calligrapher_dataset\颜真卿\長-楷-唐-颜真卿-135711.png,颜真卿,楷,長,唐,135711,長-楷-唐-颜真卿-135711.png,mccd_salvage,ok,272,277,232.9,224.1,False,0.2387,16,0.0032,0.5719,clean,none
G:\GitHub\DiT\MCCD\MCCD\MCCD-Calligrapher\calligrapher_dataset\颜真卿\長-行-唐-颜真卿-135729.png,颜真卿,行,長,唐,135729,長-行-唐-颜真卿-135729.png,mccd_salvage,ok,264,252,236.7,233.9,False,0.1823,5,0.0038,0.9582,clean,none
G:\GitHub\DiT\MCCD\MCCD\MCCD-Calligrapher\calligrapher_dataset\颜真卿\長-行-唐-颜真卿-135736.png,颜真卿,行,長,唐,135736,長-行-唐-颜真卿-135736.png,mccd_salvage,ok,276,279,224.1,247.2,False,0.1286,14,0.0052,0.3883,clean,none
G:\GitHub\DiT\MCCD\MCCD\MCCD-Calligrapher\calligrapher_dataset\颜真卿\長-行-唐-颜真卿-135740.png,颜真卿,行,長,唐,135740,長-行-唐-颜真卿-135740.png,mccd_salvage,ok,225,258,235.9,213.3,False,0.1972,4,0.0,0.6829,clean,none
G:\GitHub\DiT\MCCD\MCCD\MCCD-Calligrapher\calligrapher_dataset\颜真卿\長-行-唐-颜真卿-135743.png,颜真卿,行,長,唐,135743,長-行-唐-颜真卿-135743.png,mccd_salvage,ok,210,258,238.9,236.3,False,0.1693,7,0.0029,0.4137,clean,none
G:\GitHub\DiT\MCCD\MCCD\MCCD-Calligrapher\calligrapher_dataset\颜真卿\開-楷-唐-颜真卿-136204.png,颜真卿,楷,開,唐,136204,開-楷-唐-颜真卿-136204.png,mccd_salvage,ok,291,311,219.7,166.0,False,0.3321,9,0.001,0.3826,clean,none
G:\GitHub\DiT\MCCD\MCCD\MCCD-Calligrapher\calligrapher_dataset\颜真卿\開-楷-唐-颜真卿-136209.png,颜真卿,楷,開,唐,136209,開-楷-唐-颜真卿-136209.png,mccd_salvage,ok,223,245,202.9,137.0,False,0.4259,3,0.0,0.4552,clean,none
G:\GitHub\DiT\MCCD\MCCD\MCCD-Calligrapher\calligrapher_dataset\颜真卿\開-楷-唐-颜真卿-136212.png,颜真卿,楷,開,唐,136212,開-楷-唐-颜真卿-136212.png,mccd_salvage,ok,256,292,228.7,164.8,False,0.3759,4,0.0,0.4031,clean,none
G:\GitHub\DiT\MCCD\MCCD\MCCD-Calligrapher\calligrapher_dataset\颜真卿\開-行-唐-颜真卿-136221.png,颜真卿,行,開,唐,136221,開-行-唐-颜真卿-136221.png,mccd_salvage,ok,234,198,225.1,140.1,False,0.4689,5,0.0015,0.8199,clean,none
G:\GitHub\DiT\MCCD\MCCD\MCCD-Calligrapher\calligrapher_dataset\颜真卿\開-行-唐-颜真卿-136224.png,颜真卿,行,開,唐,136224,開-行-唐-颜真卿-136224.png,mccd_salvage,ok,293,219,218.5,177.0,False,0.2273,7,0.0008,0.6652,clean,none
G:\GitHub\DiT\MCCD\MCCD\MCCD-Calligrapher\calligrapher_dataset\颜真卿\開-行-唐-颜真卿-136225.png,颜真卿,行,開,唐,136225,開-行-唐-颜真卿-136225.png,mccd_salvage,ok,218,205,209.7,124.8,False,0.5188,4,0.0008,0.9207,clean,none
G:\GitHub\DiT\MCCD\MCCD\MCCD-Calligrapher\calligrapher_dataset\颜真卿\開-行-唐-颜真卿-136228.png,颜真卿,行,開,唐,136228,開-行-唐-颜真卿-136228.png,mccd_salvage,ok,236,214,196.6,128.0,False,0.4513,5,0.0001,0.4813,clean,none
G:\GitHub\DiT\MCCD\MCCD\MCCD-Calligrapher\calligrapher_dataset\颜真卿\開-行-唐-颜真卿-136229.png,颜真卿,行,開,唐,136229,開-行-唐-颜真卿-136229.png,mccd_salvage,ok,298,235,209.7,228.3,False,0.1836,18,0.0045,0.4604,clean,none
G:\GitHub\DiT\MCCD\MCCD\MCCD-Calligrapher\calligrapher_dataset\颜真卿\陽-楷-唐-颜真卿-139054.png,颜真卿,楷,陽,唐,139054,陽-楷-唐-颜真卿-139054.png,mccd_salvage,ok,271,322,231.8,173.6,False,0.344,2,0.0,0.9832,clean,none
G:\GitHub\DiT\MCCD\MCCD\MCCD-Calligrapher\calligrapher_dataset\颜真卿\隅-行-唐-颜真卿-139232.png,颜真卿,行,隅,唐,139232,隅-行-唐-颜真卿-139232.png,mccd_salvage,ok,274,272,233.6,167.3,False,0.5294,2,0.0,0.6954,clean,none
G:\GitHub\DiT\MCCD\MCCD\MCCD-Calligrapher\calligrapher_dataset\颜真卿\雷-行-唐-颜真卿-裴将军诗帖-69.png,颜真卿,行,雷,唐,裴将军诗帖,雷-行-唐-颜真卿-裴将军诗帖-69.png,mccd_salvage,ok,348,377,151.8,5.4,False,0.6505,3,0.0,0.936,broken,too_solid
G:\GitHub\DiT\MCCD\MCCD\MCCD-Calligrapher\calligrapher_dataset\鲜于枢\二-行-元-鲜于枢-10284.png,鲜于枢,行,二,元,10284,二-行-元-鲜于枢-10284.png,mccd_salvage,ok,177,190,204.7,142.5,False,0.4167,2,0.0,0.6563,clean,none
G:\GitHub\DiT\MCCD\MCCD\MCCD-Calligrapher\calligrapher_dataset\鲜于枢\二-行-元-鲜于枢-10286.png,鲜于枢,行,二,元,10286,二-行-元-鲜于枢-10286.png,mccd_salvage,ok,159,165,226.7,164.1,False,0.3358,2,0.0,0.6664,clean,none
G:\GitHub\DiT\MCCD\MCCD\MCCD-Calligrapher\calligrapher_dataset\鲜于枢\口-行-元-鲜于枢-41650.png,鲜于枢,行,口,元,41650,口-行-元-鲜于枢-41650.png,mccd_salvage,ok,263,216,233.6,222.5,False,0.4021,3,0.0001,0.9863,clean,none
G:\GitHub\DiT\MCCD\MCCD\MCCD-Calligrapher\calligrapher_dataset\鲜于枢\右-行-元-鲜于枢-43092.png,鲜于枢,行,右,元,43092,右-行-元-鲜于枢-43092.png,mccd_salvage,ok,212,200,232.1,181.9,False,0.5304,1,0.0,1.0,clean,none
G:\GitHub\DiT\MCCD\MCCD\MCCD-Calligrapher\calligrapher_dataset\鲜于枢\土-行-元-鲜于枢-54091.png,鲜于枢,行,土,元,54091,土-行-元-鲜于枢-54091.png,mccd_salvage,ok,249,276,237.0,222.8,False,0.2926,3,0.0,0.9252,clean,none
G:\GitHub\DiT\MCCD\MCCD\MCCD-Calligrapher\calligrapher_dataset\鲜于枢\曲-行-元-鲜于枢-6317.png,鲜于枢,行,曲,元,6317,曲-行-元-鲜于枢-6317.png,mccd_salvage,ok,254,267,220.9,183.5,False,0.434,2,0.0,0.9036,clean,none
G:\GitHub\DiT\MCCD\MCCD\MCCD-Calligrapher\calligrapher_dataset\鲜于枢\月-行-元-鲜于枢-7788.png,鲜于枢,行,月,元,7788,月-行-元-鲜于枢-7788.png,mccd_salvage,ok,174,389,216.6,115.8,False,0.4892,2,0.0001,0.9999,clean,none
G:\GitHub\DiT\MCCD\MCCD\MCCD-Calligrapher\calligrapher_dataset\鲜于枢\月-行-元-鲜于枢-7792.png,鲜于枢,行,月,元,7792,月-行-元-鲜于枢-7792.png,mccd_salvage,ok,153,268,244.1,201.8,False,0.4409,1,0.0,1.0,clean,none
G:\GitHub\DiT\MCCD\MCCD\MCCD-Calligrapher\calligrapher_dataset\鲜于枢\杜-行-元-鲜于枢-10445.png,鲜于枢,行,杜,元,10445,杜-行-元-鲜于枢-10445.png,mccd_salvage,ok,292,236,235.0,231.4,False,0.3412,2,0.0,0.9796,clean,none
G:\GitHub\DiT\MCCD\MCCD\MCCD-Calligrapher\calligrapher_dataset\鲜于枢\歌-行-元-鲜于枢-18606.png,鲜于枢,行,歌,元,18606,歌-行-元-鲜于枢-18606.png,mccd_salvage,ok,279,235,230.6,220.9,False,0.2625,12,0.0017,0.3878,clean,none
G:\GitHub\DiT\MCCD\MCCD\MCCD-Calligrapher\calligrapher_dataset\鲜于枢\死-行-元-鲜于枢-20855.png,鲜于枢,行,死,元,20855,死-行-元-鲜于枢-20855.png,mccd_salvage,ok,246,240,237.1,203.0,False,0.2317,2,0.0,0.982,clean,none
G:\GitHub\DiT\MCCD\MCCD\MCCD-Calligrapher\calligrapher_dataset\鲜于枢\死-行-元-鲜于枢-20858.png,鲜于枢,行,死,元,20858,死-行-元-鲜于枢-20858.png,mccd_salvage,ok,203,236,234.8,196.9,False,0.3094,2,0.0,0.8452,clean,none
G:\GitHub\DiT\MCCD\MCCD\MCCD-Calligrapher\calligrapher_dataset\鲜于枢\玉-行-元-鲜于枢-43959.png,鲜于枢,行,玉,元,43959,玉-行-元-鲜于枢-43959.png,mccd_salvage,ok,214,255,215.5,170.9,False,0.3772,2,0.0,0.8729,clean,none
G:\GitHub\DiT\MCCD\MCCD\MCCD-Calligrapher\calligrapher_dataset\鲜于枢\矣-行-元-鲜于枢-58543.png,鲜于枢,行,矣,元,58543,矣-行-元-鲜于枢-58543.png,mccd_salvage,ok,202,256,227.8,172.8,False,0.4641,2,0.0,0.859,clean,none
G:\GitHub\DiT\MCCD\MCCD\MCCD-Calligrapher\calligrapher_dataset\鲜于枢\示-行-元-鲜于枢-60536.png,鲜于枢,行,示,元,60536,示-行-元-鲜于枢-60536.png,mccd_salvage,ok,174,220,229.3,195.9,False,0.2614,3,0.0,0.7223,clean,none
G:\GitHub\DiT\MCCD\MCCD\MCCD-Calligrapher\calligrapher_dataset\鲜于枢\穀-行-元-鲜于枢-64629.png,鲜于枢,行,穀,元,64629,穀-行-元-鲜于枢-64629.png,mccd_salvage,ok,270,350,245.2,229.5,False,0.3124,1,0.0,1.0,clean,none
G:\GitHub\DiT\MCCD\MCCD\MCCD-Calligrapher\calligrapher_dataset\鲜于枢\穀-行-元-鲜于枢-64630.png,鲜于枢,行,穀,元,64630,穀-行-元-鲜于枢-64630.png,mccd_salvage,ok,211,213,241.9,222.5,False,0.2936,4,0.0004,0.5295,clean,none
G:\GitHub\DiT\MCCD\MCCD\MCCD-Calligrapher\calligrapher_dataset\鲜于枢\肉-行-元-鲜于枢-82701.png,鲜于枢,行,肉,元,82701,肉-行-元-鲜于枢-82701.png,mccd_salvage,ok,251,239,196.0,161.6,False,0.3619,4,0.0006,0.8302,clean,none
G:\GitHub\DiT\MCCD\MCCD\MCCD-Calligrapher\calligrapher_dataset\鲜于枢\興-行-元-鲜于枢-87854.png,鲜于枢,行,興,元,87854,興-行-元-鲜于枢-87854.png,mccd_salvage,ok,222,190,236.6,201.2,False,0.4261,3,0.0,0.8865,clean,none
G:\GitHub\DiT\MCCD\MCCD\MCCD-Calligrapher\calligrapher_dataset\黄庭坚\七-行-宋-黄庭坚-900.png,黄庭坚,行,七,宋,900,七-行-宋-黄庭坚-900.png,mccd_salvage,ok,219,147,218.4,147.1,False,0.6239,1,0.0,1.0,broken,too_solid
G:\GitHub\DiT\MCCD\MCCD\MCCD-Calligrapher\calligrapher_dataset\黄庭坚\二-行-宋-黄庭坚-10281.png,黄庭坚,行,二,宋,10281,二-行-宋-黄庭坚-10281.png,mccd_salvage,ok,247,173,226.3,176.6,False,0.4505,2,0.0,0.6433,clean,none
G:\GitHub\DiT\MCCD\MCCD\MCCD-Calligrapher\calligrapher_dataset\黄庭坚\侯-行-宋-黄庭坚-19184.png,黄庭坚,行,侯,宋,19184,侯-行-宋-黄庭坚-19184.png,mccd_salvage,ok,267,305,242.5,224.5,False,0.3205,3,0.0003,0.8788,clean,none
G:\GitHub\DiT\MCCD\MCCD\MCCD-Calligrapher\calligrapher_dataset\黄庭坚\出-行-宋-黄庭坚-29981.png,黄庭坚,行,出,宋,29981,出-行-宋-黄庭坚-29981.png,mccd_salvage,ok,179,193,213.2,152.8,False,0.503,1,0.0,1.0,clean,none
G:\GitHub\DiT\MCCD\MCCD\MCCD-Calligrapher\calligrapher_dataset\黄庭坚\口-行-宋-黄庭坚-41649.png,黄庭坚,行,口,宋,41649,口-行-宋-黄庭坚-41649.png,mccd_salvage,ok,205,176,227.4,151.1,False,0.5721,1,0.0,1.0,broken,too_solid
G:\GitHub\DiT\MCCD\MCCD\MCCD-Calligrapher\calligrapher_dataset\黄庭坚\妍-行-宋-黄庭坚-64001.png,黄庭坚,行,妍,宋,64001,妍-行-宋-黄庭坚-64001.png,mccd_salvage,ok,278,242,238.5,227.4,False,0.3424,1,0.0,1.0,clean,none
G:\GitHub\DiT\MCCD\MCCD\MCCD-Calligrapher\calligrapher_dataset\黄庭坚\姸-行-宋-黄庭坚-65408.png,黄庭坚,行,姸,宋,65408,姸-行-宋-黄庭坚-65408.png,mccd_salvage,ok,278,242,238.5,227.4,False,0.3424,1,0.0,1.0,clean,none
G:\GitHub\DiT\MCCD\MCCD\MCCD-Calligrapher\calligrapher_dataset\黄庭坚\寫-楷-宋-黄庭坚-74449.png,黄庭坚,楷,寫,宋,74449,寫-楷-宋-黄庭坚-74449.png,mccd_salvage,ok,284,289,80.6,30.6,True,0.2306,11,0.0012,0.5176,inverted,inverted
G:\GitHub\DiT\MCCD\MCCD\MCCD-Calligrapher\calligrapher_dataset\黄庭坚\尤-行-宋-黄庭坚-77263.png,黄庭坚,行,尤,宋,77263,尤-行-宋-黄庭坚-77263.png,mccd_salvage,ok,190,214,219.0,175.1,False,0.3481,2,0.0,0.8819,clean,none
G:\GitHub\DiT\MCCD\MCCD\MCCD-Calligrapher\calligrapher_dataset\黄庭坚\山-行-宋-黄庭坚-79140.png,黄庭坚,行,山,宋,79140,山-行-宋-黄庭坚-79140.png,mccd_salvage,ok,266,201,222.0,175.3,False,0.4678,2,0.0,0.7569,clean,none
G:\GitHub\DiT\MCCD\MCCD\MCCD-Calligrapher\calligrapher_dataset\黄庭坚\山-行-宋-黄庭坚-79141.png,黄庭坚,行,山,宋,79141,山-行-宋-黄庭坚-79141.png,mccd_salvage,ok,264,176,216.7,158.8,False,0.5323,1,0.0,1.0,clean,none
G:\GitHub\DiT\MCCD\MCCD\MCCD-Calligrapher\calligrapher_dataset\黄庭坚\巳-行-宋-黄庭坚-82523.png,黄庭坚,行,巳,宋,82523,巳-行-宋-黄庭坚-82523.png,mccd_salvage,ok,161,264,209.9,138.6,False,0.6439,1,0.0,1.0,broken,too_solid
G:\GitHub\DiT\MCCD\MCCD\MCCD-Calligrapher\calligrapher_dataset\黄庭坚\往-行-宋-黄庭坚-92526.png,黄庭坚,行,往,宋,92526,往-行-宋-黄庭坚-92526.png,mccd_salvage,ok,236,320,232.1,220.3,False,0.2668,6,0.0006,0.5404,clean,none
G:\GitHub\DiT\MCCD\MCCD\MCCD-Calligrapher\calligrapher_dataset\黄庭坚\往-行-宋-黄庭坚-92529.png,黄庭坚,行,往,宋,92529,往-行-宋-黄庭坚-92529.png,mccd_salvage,ok,260,261,238.2,218.3,False,0.3594,3,0.0,0.6524,clean,none
G:\GitHub\DiT\MCCD\MCCD\MCCD-Calligrapher\calligrapher_dataset\黄庭坚\復-行-宋-黄庭坚-94106.png,黄庭坚,行,復,宋,94106,復-行-宋-黄庭坚-94106.png,mccd_salvage,ok,167,325,227.9,181.2,False,0.3557,3,0.0004,0.7698,clean,none
G:\GitHub\DiT\MCCD\MCCD\MCCD-Calligrapher\calligrapher_dataset\黄庭坚\怒-楷-宋-黄庭坚-96338.png,黄庭坚,楷,怒,宋,96338,怒-楷-宋-黄庭坚-96338.png,mccd_salvage,ok,243,230,240.9,239.9,False,0.1871,8,0.0004,0.3138,clean,none
G:\GitHub\DiT\MCCD\MCCD\MCCD-Calligrapher\calligrapher_dataset\黄庭坚\景-行-宋-黄庭坚-4715.png,黄庭坚,行,景,宋,4715,景-行-宋-黄庭坚-4715.png,mccd_salvage,ok,225,223,231.4,198.7,False,0.3139,3,0.0,0.5853,clean,none
G:\GitHub\DiT\MCCD\MCCD\MCCD-Calligrapher\calligrapher_dataset\黄庭坚\煢-楷-宋-黄庭坚-37724.png,黄庭坚,楷,煢,宋,37724,煢-楷-宋-黄庭坚-37724.png,mccd_salvage,ok,286,283,188.7,220.8,False,0.2762,98,0.036,0.3226,clean,none
G:\GitHub\DiT\MCCD\MCCD\MCCD-Calligrapher\calligrapher_dataset\黄庭坚\王-行-宋-黄庭坚-44436.png,黄庭坚,行,王,宋,44436,王-行-宋-黄庭坚-44436.png,mccd_salvage,ok,206,287,215.4,160.3,False,0.5373,1,0.0,1.0,clean,none
G:\GitHub\DiT\MCCD\MCCD\MCCD-Calligrapher\calligrapher_dataset\黄庭坚\百-行-宋-黄庭坚-53339.png,黄庭坚,行,百,宋,53339,百-行-宋-黄庭坚-53339.png,mccd_salvage,ok,286,196,220.4,239.4,False,0.1577,9,0.0049,0.7533,clean,none
G:\GitHub\DiT\MCCD\MCCD\MCCD-Calligrapher\calligrapher_dataset\黄庭坚\盲-行-宋-黄庭坚-55596.png,黄庭坚,行,盲,宋,55596,盲-行-宋-黄庭坚-55596.png,mccd_salvage,ok,162,287,239.4,207.8,False,0.4438,2,0.0,0.9525,clean,none
G:\GitHub\DiT\MCCD\MCCD\MCCD-Calligrapher\calligrapher_dataset\黄庭坚\眠-行-宋-黄庭坚-56879.png,黄庭坚,行,眠,宋,56879,眠-行-宋-黄庭坚-56879.png,mccd_salvage,ok,268,288,226.0,175.7,False,0.4391,2,0.0,0.5781,clean,none
G:\GitHub\DiT\MCCD\MCCD\MCCD-Calligrapher\calligrapher_dataset\黄庭坚\示-行-宋-黄庭坚-60535.png,黄庭坚,行,示,宋,60535,示-行-宋-黄庭坚-60535.png,mccd_salvage,ok,241,203,222.2,183.9,False,0.34,2,0.0,0.8507,clean,none
G:\GitHub\DiT\MCCD\MCCD\MCCD-Calligrapher\calligrapher_dataset\黄庭坚\礻-行-宋-黄庭坚-60638.png,黄庭坚,行,礻,宋,60638,礻-行-宋-黄庭坚-60638.png,mccd_salvage,ok,241,203,222.2,183.9,False,0.34,2,0.0,0.8507,clean,none
G:\GitHub\DiT\MCCD\MCCD\MCCD-Calligrapher\calligrapher_dataset\黄庭坚\竊-行-宋-黄庭坚-65938.png,黄庭坚,行,竊,宋,65938,竊-行-宋-黄庭坚-65938.png,mccd_salvage,ok,247,327,235.0,238.8,False,0.1694,13,0.0015,0.414,clean,none
G:\GitHub\DiT\MCCD\MCCD\MCCD-Calligrapher\calligrapher_dataset\黄庭坚\竹-行-宋-黄庭坚-66960.png,黄庭坚,行,竹,宋,66960,竹-行-宋-黄庭坚-66960.png,mccd_salvage,ok,276,247,238.3,213.8,False,0.3859,2,0.0002,0.9998,clean,none
G:\GitHub\DiT\MCCD\MCCD\MCCD-Calligrapher\calligrapher_dataset\黄庭坚\繩-行-宋-黄庭坚-75444.png,黄庭坚,行,繩,宋,75444,繩-行-宋-黄庭坚-75444.png,mccd_salvage,ok,276,200,248.0,215.9,False,0.2827,6,0.0003,0.6988,clean,none
G:\GitHub\DiT\MCCD\MCCD\MCCD-Calligrapher\calligrapher_dataset\黄庭坚\繩-行-宋-黄庭坚-75445.png,黄庭坚,行,繩,宋,75445,繩-行-宋-黄庭坚-75445.png,mccd_salvage,ok,295,208,225.9,210.1,False,0.2298,7,0.0007,0.4609,clean,none
G:\GitHub\DiT\MCCD\MCCD\MCCD-Calligrapher\calligrapher_dataset\黄庭坚\能-行-宋-黄庭坚-84002.png,黄庭坚,行,能,宋,84002,能-行-宋-黄庭坚-84002.png,mccd_salvage,ok,235,265,236.8,207.1,False,0.4102,1,0.0,1.0,clean,none
G:\GitHub\DiT\MCCD\MCCD\MCCD-Calligrapher\calligrapher_dataset\黄庭坚\能-行-宋-黄庭坚-84013.png,黄庭坚,行,能,宋,84013,能-行-宋-黄庭坚-84013.png,mccd_salvage,ok,282,267,234.5,249.0,False,0.1986,18,0.0043,0.9573,clean,none
G:\GitHub\DiT\MCCD\MCCD\MCCD-Calligrapher\calligrapher_dataset\黄庭坚\舞-楷-宋-黄庭坚-88430.png,黄庭坚,楷,舞,宋,88430,舞-楷-宋-黄庭坚-88430.png,mccd_salvage,ok,280,359,232.2,243.4,False,0.2064,10,0.0029,0.9092,clean,none
G:\GitHub\DiT\MCCD\MCCD\MCCD-Calligrapher\calligrapher_dataset\黄庭坚\西-行-宋-黄庭坚-104112.png,黄庭坚,行,西,宋,104112,西-行-宋-黄庭坚-104112.png,mccd_salvage,ok,240,186,220.3,166.1,False,0.5329,1,0.0,1.0,clean,none
G:\GitHub\DiT\MCCD\MCCD\MCCD-Calligrapher\calligrapher_dataset\黄庭坚\貴-楷-宋-黄庭坚-114122.png,黄庭坚,楷,貴,宋,114122,貴-楷-宋-黄庭坚-114122.png,mccd_salvage,ok,285,275,233.2,212.9,False,0.2207,7,0.0009,0.7145,clean,none
G:\GitHub\DiT\MCCD\MCCD\MCCD-Calligrapher\calligrapher_dataset\黄庭坚\起-行-宋-黄庭坚-116454.png,黄庭坚,行,起,宋,116454,起-行-宋-黄庭坚-116454.png,mccd_salvage,ok,254,167,223.0,197.3,False,0.2651,2,0.0,0.7008,clean,none
G:\GitHub\DiT\MCCD\MCCD\MCCD-Calligrapher\calligrapher_dataset\黄庭坚\郎-行-宋-黄庭坚-127831.png,黄庭坚,行,郎,宋,127831,郎-行-宋-黄庭坚-127831.png,mccd_salvage,ok,195,424,243.4,198.5,False,0.2781,2,0.0,0.9584,clean,none
G:\GitHub\DiT\MCCD\MCCD\MCCD-Calligrapher\calligrapher_dataset\黄庭坚\郎-行-宋-黄庭坚-127833.png,黄庭坚,行,郎,宋,127833,郎-行-宋-黄庭坚-127833.png,mccd_salvage,ok,281,307,234.8,243.2,False,0.2009,11,0.0012,0.4866,clean,none
G:\GitHub\DiT\MCCD\MCCD\MCCD-Calligrapher\calligrapher_dataset\黄庭坚\頗-楷-宋-黄庭坚-145972.png,黄庭坚,楷,頗,宋,145972,頗-楷-宋-黄庭坚-145972.png,mccd_salvage,ok,270,249,232.9,209.6,False,0.362,3,0.0,0.5238,clean,none
G:\GitHub\DiT\MCCD\MCCD\MCCD-Calligrapher\calligrapher_dataset\黄庭坚\食-行-宋-黄庭坚-147933.png,黄庭坚,行,食,宋,147933,食-行-宋-黄庭坚-147933.png,mccd_salvage,ok,289,241,216.5,251.8,False,0.0826,21,0.0191,0.3829,clean,none
G:\GitHub\DiT\MCCD\MCCD\MCCD-Calligrapher\calligrapher_dataset\黄庭坚\首-行-宋-黄庭坚-149457.png,黄庭坚,行,首,宋,149457,首-行-宋-黄庭坚-149457.png,mccd_salvage,ok,296,261,213.0,240.0,False,0.1696,8,0.0014,0.4937,clean,none
G:\GitHub\DiT\MCCD\MCCD\MCCD-Calligrapher\calligrapher_dataset\黄庭坚\鳯-行-宋-黄庭坚-155354.png,黄庭坚,行,鳯,宋,155354,鳯-行-宋-黄庭坚-155354.png,mccd_salvage,ok,248,256,234.7,216.6,False,0.3056,3,0.0,0.9417,clean,none
G:\GitHub\DiT\MCCD\MCCD\MCCD-Calligrapher\calligrapher_dataset\黄庭坚\齋-楷-宋-黄庭坚-160369.png,黄庭坚,楷,齋,宋,160369,齋-楷-宋-黄庭坚-160369.png,mccd_salvage,ok,286,309,168.2,218.3,False,0.3339,109,0.0292,0.3131,clean,none
