image_path,calligrapher,script,character,calligrapher_id,script_id,character_id,glyph_id
final_images/190.png,智永,楷,㗛,377,0,18,18
final_images/365.png,智永,楷,㝡,377,0,27,27
final_images/522.png,赵孟𫖯,隶,㞐,801,4,31,28135
final_images/1565.png,褚遂良,楷,㱕,760,0,71,71
final_images/1570.png,邓石如,隶,㱕,828,4,71,28175
final_images/2264.png,智永,楷,䟽,377,0,126,126
final_images/2274.png,吴叡,隶,䟽,171,4,126,28230
final_images/2275.png,赵孟𫖯,隶,䟽,801,4,126,28230
final_images/2413.png,吴叡,隶,䣊,171,4,133,28237
final_images/2414.png,陈鸿寿,隶,䣊,920,4,133,28237
final_images/2652.png,陈鸿寿,隶,䰞,920,4,147,28251
final_images/3124.png,邓石如,隶,一,828,4,157,28261
final_images/3126.png,金农,隶,一,855,4,157,28261
final_images/3278.png,赵孟𫖯,隶,丁,801,4,158,28262
final_images/3285.png,王澍,隶,丁,589,4,158,28262
final_images/3287.png,陈鸿寿,隶,丁,920,4,158,28262
final_images/3334.png,赵孟𫖯,楷,七,801,0,160,160
final_images/3337.png,柳公权,楷,七,461,0,160,160
final_images/3338.png,欧阳询,楷,七,479,0,160,160
final_images/3459.png,金农,隶,七,855,4,160,28264
final_images/3486.png,柳公权,楷,万,461,0,161,161
final_images/3488.png,褚遂良,楷,万,760,0,161,161
final_images/3489.png,褚遂良,楷,万,760,0,161,161
final_images/3525.png,赵孟𫖯,楷,丈,801,0,162,162
final_images/3527.png,欧阳询,楷,丈,479,0,162,162
final_images/3592.png,柳公权,楷,三,461,0,163,163
final_images/3593.png,欧阳询,楷,三,479,0,163,163
final_images/3594.png,欧阳询,楷,三,479,0,163,163
final_images/3596.png,褚遂良,楷,三,760,0,163,163
final_images/3597.png,颜真卿,楷,三,956,0,163,163
final_images/3805.png,金农,隶,三,855,4,163,28267
final_images/3807.png,陈鸿寿,隶,三,920,4,163,28267
final_images/3827.png,赵孟𫖯,楷,上,801,0,164,164
final_images/3834.png,柳公权,楷,上,461,0,164,164
final_images/3835.png,欧阳询,楷,上,479,0,164,164
final_images/3837.png,褚遂良,楷,上,760,0,164,164
final_images/3838.png,颜真卿,楷,上,956,0,164,164
final_images/3841.png,智永,楷,上,377,0,164,164
final_images/4052.png,邓石如,隶,上,828,4,164,28268
final_images/4053.png,金农,隶,上,855,4,164,28268
final_images/4054.png,金农,隶,上,855,4,164,28268
final_images/4057.png,陈鸿寿,隶,上,920,4,164,28268
final_images/4083.png,柳公权,楷,下,461,0,165,165
final_images/4084.png,褚遂良,楷,下,760,0,165,165
final_images/4085.png,褚遂良,楷,下,760,0,165,165
final_images/4252.png,赵孟𫖯,隶,下,801,4,165,28269
final_images/4272.png,王澍,隶,下,589,4,165,28269
final_images/4274.png,邓石如,隶,下,828,4,165,28269
final_images/4275.png,金农,隶,下,855,4,165,28269
final_images/4276.png,金农,隶,下,855,4,165,28269
final_images/4437.png,赵孟𫖯,楷,不,801,0,167,167
final_images/4438.png,赵孟𫖯,楷,不,801,0,167,167
final_images/4447.png,褚遂良,楷,不,760,0,167,167
final_images/4448.png,褚遂良,楷,不,760,0,167,167
final_images/4449.png,颜真卿,楷,不,956,0,167,167
final_images/5103.png,金农,隶,不,855,4,167,28271
final_images/5167.png,赵孟𫖯,隶,与,801,4,168,28272
final_images/5170.png,金农,隶,与,855,4,168,28272
final_images/5171.png,金农,隶,与,855,4,168,28272
final_images/5268.png,褚遂良,楷,丑,760,0,171,171
final_images/5269.png,颜真卿,楷,丑,956,0,171,171
final_images/5387.png,邓石如,隶,丑,828,4,171,28275
final_images/5407.png,赵孟𫖯,楷,且,801,0,172,172
final_images/5408.png,柳公权,楷,且,461,0,172,172
final_images/5409.png,褚遂良,楷,且,760,0,172,172
final_images/5410.png,颜真卿,楷,且,956,0,172,172
final_images/5715.png,赵孟𫖯,隶,且,801,4,172,28276
final_images/5733.png,欧阳询,楷,丕,479,0,173,173
final_images/5781.png,褚遂良,楷,世,760,0,174,174
final_images/5782.png,褚遂良,楷,世,760,0,174,174
final_images/5783.png,褚遂良,楷,世,760,0,174,174
final_images/5784.png,颜真卿,楷,世,956,0,174,174
final_images/5862.png,王澍,隶,世,589,4,174,28278
final_images/5866.png,邓石如,隶,世,828,4,174,28278
final_images/5869.png,陈鸿寿,隶,世,920,4,174,28278
final_images/5886.png,赵孟𫖯,楷,丘,801,0,175,175
final_images/5899.png,褚遂良,楷,丘,760,0,175,175
final_images/5900.png,褚遂良,楷,丘,760,0,175,175
final_images/5987.png,吴叡,隶,丘,171,4,175,28279
final_images/6018.png,褚遂良,楷,丙,760,0,176,176
final_images/6134.png,赵孟𫖯,隶,丙,801,4,176,28280
final_images/6173.png,柳公权,楷,丞,461,0,179,179
final_images/6174.png,柳公权,楷,丞,461,0,179,179
final_images/6175.png,欧阳询,楷,丞,479,0,179,179
final_images/6176.png,颜真卿,楷,丞,956,0,179,179
final_images/6278.png,褚遂良,楷,並,760,0,182,182
final_images/6280.png,智永,楷,並,377,0,182,182
final_images/6317.png,吴叡,隶,並,171,4,182,28286
final_images/6375.png,褚遂良,楷,中,760,0,185,185
final_images/6377.png,颜真卿,楷,中,956,0,185,185
final_images/6600.png,吴叡,隶,中,171,4,185,28289
final_images/6632.png,金农,隶,中,855,4,185,28289
final_images/6633.png,金农,隶,中,855,4,185,28289
final_images/6634.png,陈鸿寿,隶,中,920,4,185,28289
final_images/6781.png,赵孟𫖯,隶,丸,801,4,191,28295
final_images/6782.png,赵孟𫖯,隶,丸,801,4,191,28295
final_images/6810.png,赵孟𫖯,楷,丹,801,0,192,192
final_images/6812.png,欧阳询,楷,丹,479,0,192,192
final_images/6813.png,颜真卿,楷,丹,956,0,192,192
final_images/6896.png,颜真卿,楷,主,956,0,193,193
final_images/6898.png,智永,楷,主,377,0,193,193
final_images/6964.png,赵孟𫖯,隶,主,801,4,193,28297
final_images/6979.png,王澍,隶,主,589,4,193,28297
final_images/6980.png,金农,隶,主,855,4,193,28297
final_images/7043.png,智永,楷,乂,377,0,197,197
final_images/7054.png,赵孟𫖯,隶,乂,801,4,197,28301
final_images/7057.png,王澍,隶,乂,589,4,197,28301
final_images/7084.png,欧阳询,楷,乃,479,0,198,198
final_images/7087.png,颜真卿,楷,乃,956,0,198,198
final_images/7092.png,智永,楷,乃,377,0,198,198
final_images/7279.png,赵孟𫖯,隶,乃,801,4,198,28302
final_images/7318.png,颜真卿,楷,久,956,0,199,199
final_images/7382.png,金农,隶,久,855,4,199,28303
final_images/7435.png,赵孟𫖯,楷,之,801,0,202,202
final_images/7448.png,欧阳询,楷,之,479,0,202,202
final_images/7451.png,褚遂良,楷,之,760,0,202,202
final_images/7452.png,褚遂良,楷,之,760,0,202,202
final_images/7453.png,褚遂良,楷,之,760,0,202,202
final_images/7454.png,颜真卿,楷,之,956,0,202,202
final_images/7455.png,颜真卿,楷,之,956,0,202,202
final_images/7468.png,智永,楷,之,377,0,202,202
final_images/8281.png,陈鸿寿,隶,之,920,4,202,28306
final_images/8300.png,柳公权,楷,乍,461,0,203,203
final_images/8302.png,褚遂良,楷,乍,760,0,203,203
final_images/8489.png,欧阳询,楷,乎,479,0,204,204
final_images/8492.png,褚遂良,楷,乎,760,0,204,204
final_images/8493.png,颜真卿,楷,乎,956,0,204,204
final_images/8612.png,王澍,隶,乎,589,4,204,28308
final_images/8613.png,邓石如,隶,乎,828,4,204,28308
final_images/8683.png,颜真卿,楷,乖,956,0,207,207
final_images/8706.png,赵孟𫖯,楷,乘,801,0,208,208
final_images/8708.png,褚遂良,楷,乘,760,0,208,208
final_images/8709.png,褚遂良,楷,乘,760,0,208,208
final_images/8710.png,颜真卿,楷,乘,956,0,208,208
final_images/8800.png,吴叡,隶,乘,171,4,208,28312
final_images/8804.png,邓石如,隶,乘,828,4,208,28312
final_images/8828.png,赵孟𫖯,楷,乙,801,0,209,209
final_images/8829.png,柳公权,楷,乙,461,0,209,209
final_images/9040.png,赵孟𫖯,楷,九,801,0,210,210
final_images/9050.png,柳公权,楷,九,461,0,210,210
final_images/9052.png,褚遂良,楷,九,760,0,210,210
final_images/9053.png,褚遂良,楷,九,760,0,210,210
final_images/9054.png,褚遂良,楷,九,760,0,210,210
final_images/9055.png,褚遂良,楷,九,760,0,210,210
final_images/9276.png,金农,隶,九,855,4,210,28314
final_images/9277.png,陈鸿寿,隶,九,920,4,210,28314
final_images/9344.png,欧阳询,楷,也,479,0,212,212
final_images/9347.png,褚遂良,楷,也,760,0,212,212
final_images/9348.png,褚遂良,楷,也,760,0,212,212
final_images/9349.png,颜真卿,楷,也,956,0,212,212
final_images/9811.png,赵孟𫖯,隶,也,801,4,212,28316
final_images/9880.png,赵孟𫖯,楷,乳,801,0,216,216
final_images/9925.png,欧阳询,楷,乾,479,0,217,217
final_images/9926.png,颜真卿,楷,乾,956,0,217,217
final_images/10000.png,邓石如,隶,乾,828,4,217,28321
final_images/10008.png,欧阳询,楷,亂,479,0,218,218
final_images/10009.png,褚遂良,楷,亂,760,0,218,218
final_images/10010.png,颜真卿,楷,亂,956,0,218,218
final_images/10049.png,吴叡,隶,亂,171,4,218,28322
final_images/10080.png,颜真卿,楷,了,956,0,220,220
final_images/10170.png,吴叡,隶,予,171,4,221,28325
final_images/10171.png,吴叡,隶,予,171,4,221,28325
final_images/10175.png,邓石如,隶,予,828,4,221,28325
final_images/10264.png,赵孟𫖯,楷,事,801,0,223,223
final_images/10271.png,柳公权,楷,事,461,0,223,223
final_images/10272.png,欧阳询,楷,事,479,0,223,223
final_images/10282.png,智永,楷,事,377,0,223,223
final_images/10522.png,赵孟𫖯,隶,事,801,4,223,28327
final_images/10552.png,金农,隶,事,855,4,223,28327
final_images/10586.png,柳公权,楷,二,461,0,224,224
final_images/10587.png,欧阳询,楷,二,479,0,224,224
final_images/10588.png,褚遂良,楷,二,760,0,224,224
final_images/10589.png,褚遂良,楷,二,760,0,224,224
final_images/10593.png,智永,楷,二,377,0,224,224
final_images/10865.png,赵孟𫖯,隶,二,801,4,224,28328
final_images/10885.png,金农,隶,二,855,4,224,28328
final_images/10886.png,陈鸿寿,隶,二,920,4,224,28328
final_images/10914.png,欧阳询,楷,于,479,0,225,225
final_images/11088.png,邓石如,隶,于,828,4,225,28329
final_images/11089.png,邓石如,隶,于,828,4,225,28329
final_images/11171.png,欧阳询,楷,云,479,0,227,227
final_images/11172.png,褚遂良,楷,云,760,0,227,227
final_images/11173.png,颜真卿,楷,云,956,0,227,227
final_images/11175.png,智永,楷,云,377,0,227,227
final_images/11255.png,吴叡,隶,云,171,4,227,28331
final_images/11256.png,赵孟𫖯,隶,云,801,4,227,28331
final_images/11259.png,金农,隶,云,855,4,227,28331
final_images/11467.png,赵孟𫖯,楷,五,801,0,230,230
final_images/11475.png,柳公权,楷,五,461,0,230,230
final_images/11476.png,欧阳询,楷,五,479,0,230,230
final_images/11482.png,智永,楷,五,377,0,230,230
final_images/11697.png,吴叡,隶,五,171,4,230,28334
final_images/11698.png,赵孟𫖯,隶,五,801,4,230,28334
final_images/11728.png,王澍,隶,五,589,4,230,28334
final_images/11849.png,陈鸿寿,隶,井,920,4,231,28335
final_images/12135.png,颜真卿,楷,亡,956,0,238,238
final_images/12138.png,智永,楷,亡,377,0,238,238
final_images/12348.png,金农,隶,亡,855,4,238,28342
final_images/12349.png,金农,隶,亡,855,4,238,28342
final_images/12350.png,陈鸿寿,隶,亡,920,4,238,28342
final_images/12429.png,赵孟𫖯,楷,交,801,0,240,240
final_images/12431.png,颜真卿,楷,交,956,0,240,240
final_images/12510.png,赵孟𫖯,隶,交,801,4,240,28344
final_images/12514.png,陈鸿寿,隶,交,920,4,240,28344
final_images/12529.png,欧阳询,楷,亥,479,0,241,241
final_images/12530.png,颜真卿,楷,亥,956,0,241,241
final_images/12741.png,赵孟𫖯,楷,亦,801,0,242,242
final_images/12742.png,柳公权,楷,亦,461,0,242,242
final_images/12744.png,褚遂良,楷,亦,760,0,242,242
final_images/12745.png,颜真卿,楷,亦,956,0,242,242
final_images/12946.png,金农,隶,亨,855,4,243,28347
final_images/12966.png,柳公权,楷,享,461,0,244,244
final_images/12968.png,智永,楷,享,377,0,244,244
final_images/13005.png,王澍,隶,享,589,4,244,28348
final_images/13018.png,赵孟𫖯,楷,京,801,0,245,245
final_images/13025.png,柳公权,楷,京,461,0,245,245
final_images/13026.png,褚遂良,楷,京,760,0,245,245
final_images/13027.png,颜真卿,楷,京,956,0,245,245
final_images/13029.png,智永,楷,京,377,0,245,245
final_images/13120.png,王澍,隶,京,589,4,245,28349
final_images/13121.png,陈鸿寿,隶,京,920,4,245,28349
final_images/13136.png,赵孟𫖯,楷,亭,801,0,246,246
final_images/13139.png,欧阳询,楷,亭,479,0,246,246
final_images/13144.png,智永,楷,亭,377,0,246,246
final_images/13185.png,赵孟𫖯,隶,亭,801,4,246,28350
final_images/13192.png,金农,隶,亭,855,4,246,28350
final_images/13234.png,金农,隶,亮,855,4,247,28351
final_images/13455.png,赵孟𫖯,楷,人,801,0,253,253
final_images/13460.png,柳公权,楷,人,461,0,253,253
final_images/13462.png,褚遂良,楷,人,760,0,253,253
final_images/13463.png,褚遂良,楷,人,760,0,253,253
final_images/13464.png,褚遂良,楷,人,760,0,253,253
final_images/13465.png,颜真卿,楷,人,956,0,253,253
final_images/13475.png,智永,楷,人,377,0,253,253
final_images/13995.png,赵孟𫖯,隶,人,801,4,253,28357
final_images/14016.png,邓石如,隶,人,828,4,253,28357
final_images/14067.png,赵孟𫖯,楷,仁,801,0,255,255
final_images/14071.png,柳公权,楷,仁,461,0,255,255
final_images/14075.png,智永,楷,仁,377,0,255,255
final_images/14123.png,赵孟𫖯,隶,仁,801,4,255,28359
final_images/14145.png,邓石如,隶,仁,828,4,255,28359
final_images/14146.png,金农,隶,仁,855,4,255,28359
final_images/14147.png,陈鸿寿,隶,仁,920,4,255,28359
final_images/14148.png,陈鸿寿,隶,仁,920,4,255,28359
final_images/14208.png,赵孟𫖯,楷,仇,801,0,259,259
final_images/14258.png,赵孟𫖯,楷,今,801,0,261,261
final_images/14265.png,柳公权,楷,今,461,0,261,261
final_images/14266.png,褚遂良,楷,今,760,0,261,261
final_images/14267.png,颜真卿,楷,今,956,0,261,261
final_images/14403.png,邓石如,隶,今,828,4,261,28365
final_images/14404.png,邓石如,隶,今,828,4,261,28365
final_images/14407.png,金农,隶,今,855,4,261,28365
final_images/14436.png,赵孟𫖯,楷,介,801,0,262,262
final_images/14438.png,欧阳询,楷,介,479,0,262,262
final_images/14473.png,吴叡,隶,介,171,4,262,28366
final_images/14536.png,陈鸿寿,隶,仍,920,4,264,28368
final_images/14651.png,欧阳询,楷,仕,479,0,267,267
final_images/14652.png,颜真卿,楷,仕,956,0,267,267
final_images/14687.png,赵孟𫖯,隶,仕,801,4,267,28371
final_images/14693.png,王澍,隶,仕,589,4,267,28371
final_images/14694.png,陈鸿寿,隶,仕,920,4,267,28371
final_images/14718.png,赵孟𫖯,楷,他,801,0,268,268
final_images/14719.png,柳公权,楷,他,461,0,268,268
final_images/14749.png,邓石如,隶,他,828,4,268,28372
final_images/14750.png,陈鸿寿,隶,他,920,4,268,28372
final_images/14864.png,颜真卿,楷,仙,956,0,271,271
final_images/14867.png,智永,楷,仙,377,0,271,271
final_images/14896.png,金农,隶,仙,855,4,271,28375
final_images/14967.png,颜真卿,楷,代,956,0,276,276
final_images/15021.png,邓石如,隶,代,828,4,276,28380
final_images/15022.png,金农,隶,代,855,4,276,28380
final_images/15042.png,赵孟𫖯,楷,令,801,0,277,277
final_images/15052.png,欧阳询,楷,令,479,0,277,277
final_images/15053.png,褚遂良,楷,令,760,0,277,277
final_images/15054.png,褚遂良,楷,令,760,0,277,277
final_images/15056.png,智永,楷,令,377,0,277,277
final_images/15264.png,吴叡,隶,令,171,4,277,28381
final_images/15287.png,陈鸿寿,隶,令,920,4,277,28381
final_images/15305.png,赵孟𫖯,楷,以,801,0,278,278
final_images/15317.png,欧阳询,楷,以,479,0,278,278
final_images/15319.png,褚遂良,楷,以,760,0,278,278
final_images/15320.png,褚遂良,楷,以,760,0,278,278
final_images/15321.png,颜真卿,楷,以,956,0,278,278
final_images/15322.png,颜真卿,楷,以,956,0,278,278
final_images/15324.png,智永,楷,以,377,0,278,278
final_images/15462.png,金农,隶,以,855,4,278,28382
final_images/15463.png,陈鸿寿,隶,以,920,4,278,28382
final_images/15499.png,柳公权,楷,仰,461,0,280,280
final_images/15500.png,欧阳询,楷,仰,479,0,280,280
final_images/15503.png,褚遂良,楷,仰,760,0,280,280
final_images/15504.png,褚遂良,楷,仰,760,0,280,280
final_images/15505.png,颜真卿,楷,仰,956,0,280,280
final_images/15510.png,智永,楷,仰,377,0,280,280
final_images/15549.png,赵孟𫖯,隶,仰,801,4,280,28384
final_images/15551.png,邓石如,隶,仰,828,4,280,28384
final_images/15572.png,赵孟𫖯,楷,仲,801,0,281,281
final_images/15576.png,褚遂良,楷,仲,760,0,281,281
final_images/15577.png,褚遂良,楷,仲,760,0,281,281
final_images/15617.png,金农,隶,仲,855,4,281,28385
final_images/15670.png,颜真卿,楷,任,956,0,284,284
final_images/15729.png,赵孟𫖯,隶,任,801,4,284,28388
final_images/15735.png,王澍,隶,任,589,4,284,28388
final_images/15800.png,颜真卿,楷,企,956,0,287,287
final_images/15899.png,王澍,隶,伊,589,4,290,28394
final_images/15900.png,金农,隶,伊,855,4,290,28394
final_images/15913.png,赵孟𫖯,楷,伍,801,0,291,291
final_images/15989.png,赵孟𫖯,楷,伏,801,0,293,293
final_images/15993.png,褚遂良,楷,伏,760,0,293,293
final_images/16030.png,赵孟𫖯,隶,伏,801,4,293,28397
final_images/16049.png,赵孟𫖯,楷,伐,801,0,294,294
final_images/16052.png,欧阳询,楷,伐,479,0,294,294
final_images/16053.png,颜真卿,楷,伐,956,0,294,294
final_images/16054.png,智永,楷,伐,377,0,294,294
final_images/16172.png,欧阳询,楷,休,479,0,295,295
final_images/16255.png,陈鸿寿,隶,休,920,4,295,28399
final_images/16332.png,柳公权,楷,伯,461,0,301,301
final_images/16333.png,欧阳询,楷,伯,479,0,301,301
final_images/16334.png,欧阳询,楷,伯,479,0,301,301
final_images/16338.png,智永,楷,伯,377,0,301,301
final_images/16380.png,吴叡,隶,伯,171,4,301,28405
final_images/16394.png,王澍,隶,伯,589,4,301,28405
final_images/16500.png,柳公权,楷,似,461,0,306,306
final_images/16502.png,智永,楷,似,377,0,306,306
final_images/16540.png,柳公权,楷,伽,461,0,307,307
final_images/16542.png,褚遂良,楷,伽,760,0,307,307
final_images/16583.png,邓石如,隶,佀,828,4,309,28413
final_images/16613.png,欧阳询,楷,但,479,0,311,311
final_images/16614.png,颜真卿,楷,但,956,0,311,311
final_images/16661.png,金农,隶,但,855,4,311,28415
final_images/16662.png,金农,隶,但,855,4,311,28415
final_images/16707.png,赵孟𫖯,楷,位,801,0,313,313
final_images/16712.png,柳公权,楷,位,461,0,313,313
final_images/16713.png,欧阳询,楷,位,479,0,313,313
final_images/16714.png,颜真卿,楷,位,956,0,313,313
final_images/16717.png,智永,楷,位,377,0,313,313
final_images/16783.png,金农,隶,位,855,4,313,28417
final_images/16867.png,柳公权,楷,佐,461,0,316,316
final_images/16868.png,欧阳询,楷,佐,479,0,316,316
final_images/16869.png,颜真卿,楷,佐,956,0,316,316
final_images/16873.png,智永,楷,佐,377,0,316,316
final_images/16915.png,赵孟𫖯,隶,佐,801,4,316,28420
final_images/16921.png,王澍,隶,佐,589,4,316,28420
final_images/16973.png,柳公权,楷,何,461,0,319,319
final_images/16974.png,欧阳询,楷,何,479,0,319,319
final_images/16976.png,颜真卿,楷,何,956,0,319,319
final_images/16977.png,颜真卿,楷,何,956,0,319,319
final_images/16980.png,智永,楷,何,377,0,319,319
final_images/17090.png,王澍,隶,何,589,4,319,28423
final_images/17157.png,赵孟𫖯,楷,余,801,0,322,322
final_images/17159.png,柳公权,楷,余,461,0,322,322
final_images/17322.png,柳公权,楷,佛,461,0,324,324
final_images/17324.png,褚遂良,楷,佛,760,0,324,324
final_images/17325.png,颜真卿,楷,佛,956,0,324,324
final_images/17363.png,赵孟𫖯,楷,作,801,0,325,325
final_images/17370.png,欧阳询,楷,作,479,0,325,325
final_images/17372.png,颜真卿,楷,作,956,0,325,325
final_images/17375.png,智永,楷,作,377,0,325,325
final_images/17436.png,赵孟𫖯,隶,作,801,4,325,28429
final_images/17455.png,王澍,隶,作,589,4,325,28429
final_images/17456.png,邓石如,隶,作,828,4,325,28429
final_images/17457.png,金农,隶,作,855,4,325,28429
final_images/17458.png,金农,隶,作,855,4,325,28429
final_images/17484.png,吴叡,隶,佞,171,4,326,28430
final_images/17541.png,吴叡,隶,佩,171,4,328,28432
final_images/17608.png,赵孟𫖯,楷,佳,801,0,332,332
final_images/17610.png,欧阳询,楷,佳,479,0,332,332
final_images/17612.png,智永,楷,佳,377,0,332,332
final_images/17645.png,王澍,隶,佳,589,4,332,28436
final_images/17646.png,陈鸿寿,隶,佳,920,4,332,28436
final_images/17721.png,赵孟𫖯,楷,使,801,0,339,339
final_images/17724.png,欧阳询,楷,使,479,0,339,339
final_images/17726.png,褚遂良,楷,使,760,0,339,339
final_images/17727.png,颜真卿,楷,使,956,0,339,339
final_images/17731.png,智永,楷,使,377,0,339,339
final_images/17810.png,赵孟𫖯,隶,使,801,4,339,28443
final_images/17816.png,王澍,隶,使,589,4,339,28443
final_images/17817.png,陈鸿寿,隶,使,920,4,339,28443
final_images/17876.png,欧阳询,楷,來,479,0,341,341
final_images/17878.png,颜真卿,楷,來,956,0,341,341
final_images/18012.png,吴叡,隶,來,171,4,341,28445
final_images/18013.png,赵孟𫖯,隶,來,801,4,341,28445
final_images/18026.png,金农,隶,來,855,4,341,28445
final_images/18028.png,陈鸿寿,隶,來,920,4,341,28445
final_images/18044.png,欧阳询,楷,侈,479,0,342,342
final_images/18046.png,智永,楷,侈,377,0,342,342
final_images/18072.png,赵孟𫖯,隶,侈,801,4,342,28446
final_images/18073.png,王澍,隶,侈,589,4,342,28446
final_images/18126.png,赵孟𫖯,楷,侍,801,0,345,345
final_images/18133.png,柳公权,楷,侍,461,0,345,345
final_images/18134.png,欧阳询,楷,侍,479,0,345,345
final_images/18135.png,颜真卿,楷,侍,956,0,345,345
final_images/18137.png,智永,楷,侍,377,0,345,345
final_images/18174.png,赵孟𫖯,隶,侍,801,4,345,28449
final_images/18175.png,赵孟𫖯,隶,侍,801,4,345,28449
final_images/18182.png,王澍,隶,侍,589,4,345,28449
final_images/18279.png,金农,隶,供,855,4,350,28454
final_images/18304.png,柳公权,楷,依,461,0,351,351
final_images/18305.png,欧阳询,楷,依,479,0,351,351
final_images/18306.png,褚遂良,楷,依,760,0,351,351
final_images/18307.png,颜真卿,楷,依,956,0,351,351
final_images/18344.png,陈鸿寿,隶,依,920,4,351,28455
final_images/18345.png,陈鸿寿,隶,依,920,4,351,28455
final_images/18372.png,颜真卿,楷,侣,956,0,353,353
final_images/18437.png,褚遂良,楷,侯,760,0,356,356
final_images/18438.png,褚遂良,楷,侯,760,0,356,356
final_images/18439.png,褚遂良,楷,侯,760,0,356,356
final_images/18634.png,赵孟𫖯,楷,侵,801,0,357,357
final_images/18671.png,颜真卿,楷,侶,956,0,358,358
final_images/18813.png,柳公权,楷,俄,461,0,363,363
final_images/18814.png,柳公权,楷,俄,461,0,363,363
final_images/18816.png,褚遂良,楷,俄,760,0,363,363
final_images/18866.png,赵孟𫖯,楷,俊,801,0,364,364
final_images/18869.png,智永,楷,俊,377,0,364,364
final_images/18901.png,赵孟𫖯,隶,俊,801,4,364,28468
final_images/18902.png,王澍,隶,俊,589,4,364,28468
final_images/18979.png,柳公权,楷,俗,461,0,369,369
final_images/18980.png,欧阳询,楷,俗,479,0,369,369
final_images/18984.png,智永,楷,俗,377,0,369,369
final_images/19022.png,吴叡,隶,俗,171,4,369,28473
final_images/19027.png,王澍,隶,俗,589,4,369,28473
final_images/19028.png,金农,隶,俗,855,4,369,28473
final_images/19070.png,欧阳询,楷,保,479,0,373,373
final_images/19071.png,颜真卿,楷,保,956,0,373,373
final_images/19216.png,邓石如,隶,保,828,4,373,28477
final_images/19294.png,褚遂良,楷,俟,760,0,375,375
final_images/19313.png,柳公权,楷,俠,461,0,376,376
final_images/19314.png,智永,楷,俠,377,0,376,376
final_images/19323.png,王澍,隶,俠,589,4,376,28480
final_images/19340.png,赵孟𫖯,楷,信,801,0,377,377
final_images/19341.png,赵孟𫖯,楷,信,801,0,377,377
final_images/19344.png,柳公权,楷,信,461,0,377,377
final_images/19345.png,欧阳询,楷,信,479,0,377,377
final_images/19347.png,褚遂良,楷,信,760,0,377,377
final_images/19421.png,吴叡,隶,信,171,4,377,28481
final_images/19424.png,王澍,隶,信,589,4,377,28481
final_images/19438.png,柳公权,楷,修,461,0,378,378
final_images/19441.png,颜真卿,楷,修,956,0,378,378
final_images/19479.png,王澍,隶,修,589,4,378,28482
final_images/19497.png,赵孟𫖯,楷,俯,801,0,379,379
final_images/19498.png,欧阳询,楷,俯,479,0,379,379
final_images/19499.png,欧阳询,楷,俯,479,0,379,379
final_images/19503.png,智永,楷,俯,377,0,379,379
final_images/19555.png,赵孟𫖯,楷,俱,801,0,380,380
final_images/19558.png,欧阳询,楷,俱,479,0,380,380
final_images/19560.png,颜真卿,楷,俱,956,0,380,380
final_images/19609.png,赵孟𫖯,隶,俳,801,4,381,28485
final_images/19621.png,智永,楷,俶,377,0,383,383
final_images/19628.png,赵孟𫖯,隶,俶,801,4,383,28487
final_images/19629.png,王澍,隶,俶,589,4,383,28487
final_images/19635.png,颜真卿,楷,俸,956,0,384,384
final_images/19658.png,柳公权,楷,俾,461,0,385,385
final_images/19659.png,颜真卿,楷,俾,956,0,385,385
final_images/19714.png,褚遂良,楷,倅,760,0,388,388
final_images/19730.png,颜真卿,楷,倉,956,0,390,390
final_images/19789.png,颜真卿,楷,倍,956,0,392,392
final_images/19834.png,颜真卿,楷,倒,956,0,393,393
final_images/19850.png,邓石如,隶,倒,828,4,393,28497
final_images/19926.png,陈鸿寿,隶,候,920,4,397,28501
final_images/19950.png,欧阳询,楷,倚,479,0,398,398
final_images/20018.png,赵孟𫖯,楷,借,801,0,401,401
final_images/20060.png,陈鸿寿,隶,倡,920,4,402,28506
final_images/20070.png,柳公权,楷,値,461,0,404,404
final_images/20135.png,颜真卿,楷,倩,956,0,406,406
final_images/20164.png,赵孟𫖯,楷,倪,801,0,407,407
final_images/20187.png,柳公权,楷,倫,461,0,408,408
final_images/20189.png,褚遂良,楷,倫,760,0,408,408
final_images/20190.png,颜真卿,楷,倫,956,0,408,408
final_images/20192.png,智永,楷,倫,377,0,408,408
final_images/20216.png,颜真卿,楷,倬,956,0,409,409
final_images/20243.png,赵孟𫖯,楷,倶,801,0,411,411
final_images/20247.png,欧阳询,楷,倶,479,0,411,411
final_images/20306.png,颜真卿,楷,偃,956,0,414,414
final_images/20393.png,吴叡,隶,假,171,4,416,28520
final_images/20394.png,赵孟𫖯,隶,假,801,4,416,28520
final_images/20400.png,陈鸿寿,隶,假,920,4,416,28520
final_images/20409.png,褚遂良,楷,偈,760,0,417,417
final_images/20418.png,柳公权,楷,偉,461,0,418,418
final_images/20419.png,欧阳询,楷,偉,479,0,418,418
final_images/20446.png,颜真卿,楷,偏,956,0,419,419
final_images/20525.png,欧阳询,楷,停,479,0,423,423
final_images/20549.png,颜真卿,楷,健,956,0,424,424
final_images/20636.png,赵孟𫖯,楷,偶,801,0,430,430
final_images/20640.png,颜真卿,楷,偶,956,0,430,430
final_images/20685.png,吴叡,隶,偸,171,4,432,28536
final_images/20693.png,褚遂良,楷,偽,760,0,433,433
final_images/20751.png,智永,楷,傅,377,0,436,436
final_images/20800.png,赵孟𫖯,隶,傅,801,4,436,28540
final_images/20805.png,金农,隶,傅,855,4,436,28540
final_images/20822.png,赵孟𫖯,楷,傍,801,0,437,437
final_images/20823.png,颜真卿,楷,傍,956,0,437,437
final_images/20835.png,赵孟𫖯,隶,傍,801,4,437,28541
final_images/20836.png,王澍,隶,傍,589,4,437,28541
final_images/20849.png,柳公权,楷,傑,461,0,439,439
final_images/20872.png,赵孟𫖯,楷,備,801,0,441,441
final_images/20876.png,柳公权,楷,備,461,0,441,441
final_images/20877.png,欧阳询,楷,備,479,0,441,441
final_images/20878.png,褚遂良,楷,備,760,0,441,441
final_images/20879.png,颜真卿,楷,備,956,0,441,441
final_images/20954.png,吴叡,隶,備,171,4,441,28545
final_images/20965.png,陈鸿寿,隶,備,920,4,441,28545
final_images/20984.png,智永,楷,催,377,0,442,442
final_images/21002.png,赵孟𫖯,隶,催,801,4,442,28546
final_images/21017.png,颜真卿,楷,傲,956,0,444,444
final_images/21041.png,吴叡,隶,傲,171,4,444,28548
final_images/21048.png,赵孟𫖯,楷,傳,801,0,445,445
final_images/21055.png,柳公权,楷,傳,461,0,445,445
final_images/21058.png,颜真卿,楷,傳,956,0,445,445
final_images/21121.png,陈鸿寿,隶,傳,920,4,445,28549
final_images/21122.png,陈鸿寿,隶,傳,920,4,445,28549
final_images/21135.png,赵孟𫖯,楷,傷,801,0,447,447
final_images/21191.png,吴叡,隶,傷,171,4,447,28551
final_images/21192.png,赵孟𫖯,隶,傷,801,4,447,28551
final_images/21201.png,王澍,隶,傷,589,4,447,28551
final_images/21213.png,赵孟𫖯,楷,傾,801,0,449,449
final_images/21214.png,柳公权,楷,傾,461,0,449,449
final_images/21218.png,智永,楷,傾,377,0,449,449
final_images/21237.png,赵孟𫖯,隶,傾,801,4,449,28553
final_images/21239.png,王澍,隶,傾,589,4,449,28553
final_images/21316.png,王澍,隶,僊,589,4,454,28558
final_images/21318.png,金农,隶,僊,855,4,454,28558
final_images/21334.png,赵孟𫖯,楷,像,801,0,456,456
final_images/21371.png,赵孟𫖯,楷,僑,801,0,457,457
final_images/21380.png,赵孟𫖯,楷,僕,801,0,458,458
final_images/21381.png,褚遂良,楷,僕,760,0,458,458
final_images/21382.png,颜真卿,楷,僕,956,0,458,458
final_images/21453.png,吴叡,隶,僕,171,4,458,28562
final_images/21457.png,金农,隶,僕,855,4,458,28562
final_images/21462.png,褚遂良,楷,僖,760,0,459,459
final_images/21474.png,赵孟𫖯,楷,僚,801,0,460,460
final_images/21475.png,柳公权,楷,僚,461,0,460,460
final_images/21476.png,欧阳询,楷,僚,479,0,460,460
final_images/21500.png,褚遂良,楷,僞,760,0,462,462
final_images/21547.png,颜真卿,楷,僧,956,0,464,464
final_images/21643.png,赵孟𫖯,楷,價,801,0,469,469
final_images/21671.png,赵孟𫖯,楷,儀,801,0,471,471
final_images/21675.png,柳公权,楷,儀,461,0,471,471
final_images/21712.png,赵孟𫖯,隶,儀,801,4,471,28575
final_images/21722.png,颜真卿,楷,儁,956,0,472,472
final_images/21739.png,欧阳询,楷,億,479,0,474,474
final_images/21740.png,褚遂良,楷,億,760,0,474,474
final_images/21741.png,褚遂良,楷,億,760,0,474,474
final_images/21772.png,柳公权,楷,儉,461,0,476,476
final_images/21773.png,颜真卿,楷,儉,956,0,476,476
final_images/21784.png,金农,隶,儉,855,4,476,28580
final_images/21827.png,赵孟𫖯,楷,儒,801,0,479,479
final_images/21830.png,柳公权,楷,儒,461,0,479,479
final_images/21832.png,褚遂良,楷,儒,760,0,479,479
final_images/21869.png,赵孟𫖯,楷,儔,801,0,480,480
final_images/21870.png,柳公权,楷,儔,461,0,480,480
final_images/21925.png,赵孟𫖯,楷,優,801,0,484,484
final_images/21929.png,颜真卿,楷,優,956,0,484,484
final_images/21932.png,智永,楷,優,377,0,484,484
final_images/21953.png,赵孟𫖯,隶,優,801,4,484,28588
final_images/21959.png,赵孟𫖯,楷,儲,801,0,485,485
final_images/21969.png,邓石如,隶,儲,828,4,485,28589
final_images/21999.png,颜真卿,楷,儻,956,0,488,488
final_images/22005.png,柳公权,楷,儼,461,0,489,489
final_images/22007.png,褚遂良,楷,儼,760,0,489,489
final_images/22132.png,赵孟𫖯,楷,元,801,0,492,492
final_images/22139.png,柳公权,楷,元,461,0,492,492
final_images/22141.png,颜真卿,楷,元,956,0,492,492
final_images/22265.png,金农,隶,元,855,4,492,28596
final_images/22266.png,陈鸿寿,隶,元,920,4,492,28596
final_images/22267.png,陈鸿寿,隶,元,920,4,492,28596
final_images/22285.png,赵孟𫖯,楷,兄,801,0,493,493
final_images/22286.png,颜真卿,楷,兄,956,0,493,493
final_images/22392.png,赵孟𫖯,隶,兄,801,4,493,28597
final_images/22396.png,王澍,隶,兄,589,4,493,28597
final_images/22397.png,陈鸿寿,隶,兄,920,4,493,28597
final_images/22419.png,赵孟𫖯,楷,充,801,0,494,494
final_images/22422.png,颜真卿,楷,充,956,0,494,494
final_images/22424.png,智永,楷,充,377,0,494,494
final_images/22479.png,欧阳询,楷,兆,479,0,495,495
final_images/22480.png,颜真卿,楷,兆,956,0,495,495
final_images/22546.png,颜真卿,楷,兇,956,0,496,496
final_images/22571.png,赵孟𫖯,楷,先,801,0,497,497
final_images/22572.png,赵孟𫖯,楷,先,801,0,497,497
final_images/22580.png,柳公权,楷,先,461,0,497,497
final_images/22582.png,褚遂良,楷,先,760,0,497,497
final_images/22583.png,颜真卿,楷,先,956,0,497,497
final_images/22766.png,吴叡,隶,先,171,4,497,28601
final_images/22783.png,邓石如,隶,先,828,4,497,28601
final_images/22784.png,金农,隶,先,855,4,497,28601
final_images/22785.png,陈鸿寿,隶,先,920,4,497,28601
final_images/22806.png,柳公权,楷,光,461,0,498,498
final_images/22807.png,欧阳询,楷,光,479,0,498,498
final_images/22809.png,褚遂良,楷,光,760,0,498,498
final_images/22810.png,颜真卿,楷,光,956,0,498,498
final_images/22813.png,智永,楷,光,377,0,498,498
final_images/22932.png,邓石如,隶,光,828,4,498,28602
final_images/22934.png,金农,隶,光,855,4,498,28602
final_images/22956.png,赵孟𫖯,楷,克,801,0,499,499
final_images/22958.png,柳公权,楷,克,461,0,499,499
final_images/23074.png,吴叡,隶,克,171,4,499,28603
final_images/23088.png,赵孟𫖯,楷,兌,801,0,500,500
final_images/23261.png,赵孟𫖯,楷,兑,801,0,503,503
final_images/23304.png,褚遂良,楷,兒,760,0,504,504
final_images/23306.png,智永,楷,兒,377,0,504,504
final_images/23347.png,赵孟𫖯,隶,兒,801,4,504,28608
final_images/23349.png,王澍,隶,兒,589,4,504,28608
final_images/23493.png,赵孟𫖯,楷,兜,801,0,510,510
final_images/23569.png,颜真卿,楷,入,956,0,512,512
final_images/23570.png,颜真卿,楷,入,956,0,512,512
final_images/23694.png,吴叡,隶,入,171,4,512,28616
final_images/23697.png,金农,隶,入,855,4,512,28616
final_images/23703.png,柳公权,楷,內,461,0,513,513
final_images/23705.png,褚遂良,楷,內,760,0,513,513
final_images/23706.png,褚遂良,楷,內,760,0,513,513
final_images/23707.png,褚遂良,楷,內,760,0,513,513
final_images/23708.png,颜真卿,楷,內,956,0,513,513
final_images/23888.png,吴叡,隶,內,171,4,513,28617
final_images/23889.png,赵孟𫖯,隶,內,801,4,513,28617
final_images/23901.png,王澍,隶,內,589,4,513,28617
final_images/23954.png,邓石如,隶,全,828,4,514,28618
final_images/23955.png,陈鸿寿,隶,全,920,4,514,28618
final_images/23960.png,赵孟𫖯,楷,兩,801,0,515,515
final_images/23963.png,颜真卿,楷,兩,956,0,515,515
final_images/23964.png,颜真卿,楷,兩,956,0,515,515
final_images/24061.png,赵孟𫖯,隶,兩,801,4,515,28619
final_images/24130.png,赵孟𫖯,楷,八,801,0,517,517
final_images/24133.png,柳公权,楷,八,461,0,517,517
final_images/24134.png,颜真卿,楷,八,956,0,517,517
final_images/24137.png,智永,楷,八,377,0,517,517
final_images/24245.png,吴叡,隶,八,171,4,517,28621
final_images/24246.png,赵孟𫖯,隶,八,801,4,517,28621
final_images/24258.png,陈鸿寿,隶,八,920,4,517,28621
final_images/24278.png,柳公权,楷,公,461,0,518,518
final_images/24279.png,柳公权,楷,公,461,0,518,518
final_images/24280.png,欧阳询,楷,公,479,0,518,518
final_images/24282.png,褚遂良,楷,公,760,0,518,518
final_images/24283.png,褚遂良,楷,公,760,0,518,518
final_images/24284.png,褚遂良,楷,公,760,0,518,518
final_images/24285.png,褚遂良,楷,公,760,0,518,518
final_images/24286.png,颜真卿,楷,公,956,0,518,518
final_images/24293.png,智永,楷,公,377,0,518,518
final_images/24533.png,王澍,隶,公,589,4,518,28622
final_images/24535.png,邓石如,隶,公,828,4,518,28622
final_images/24536.png,金农,隶,公,855,4,518,28622
final_images/24537.png,金农,隶,公,855,4,518,28622
final_images/24538.png,陈鸿寿,隶,公,920,4,518,28622
final_images/24556.png,柳公权,楷,六,461,0,519,519
final_images/24558.png,褚遂良,楷,六,760,0,519,519
final_images/24559.png,颜真卿,楷,六,956,0,519,519
final_images/24562.png,智永,楷,六,377,0,519,519
final_images/24836.png,吴叡,隶,兮,171,4,520,28624
final_images/24837.png,吴叡,隶,兮,171,4,520,28624
final_images/24860.png,褚遂良,楷,共,760,0,521,521
final_images/24861.png,颜真卿,楷,共,956,0,521,521
final_images/24989.png,颜真卿,楷,兵,956,0,524,524
final_images/24994.png,智永,楷,兵,377,0,524,524
final_images/25055.png,赵孟𫖯,隶,兵,801,4,524,28628
final_images/25060.png,王澍,隶,兵,589,4,524,28628
final_images/25061.png,金农,隶,兵,855,4,524,28628
final_images/25062.png,陈鸿寿,隶,兵,920,4,524,28628
final_images/25072.png,赵孟𫖯,楷,其,801,0,525,525
final_images/25084.png,欧阳询,楷,其,479,0,525,525
final_images/25087.png,褚遂良,楷,其,760,0,525,525
final_images/25088.png,褚遂良,楷,其,760,0,525,525
final_images/25089.png,褚遂良,楷,其,760,0,525,525
final_images/25090.png,褚遂良,楷,其,760,0,525,525
final_images/25099.png,智永,楷,其,377,0,525,525
final_images/25262.png,吴叡,隶,其,171,4,525,28629
final_images/25263.png,赵孟𫖯,隶,其,801,4,525,28629
final_images/25295.png,王澍,隶,其,589,4,525,28629
final_images/25296.png,邓石如,隶,其,828,4,525,28629
final_images/25297.png,金农,隶,其,855,4,525,28629
final_images/25298.png,金农,隶,其,855,4,525,28629
final_images/25300.png,陈鸿寿,隶,其,920,4,525,28629
final_images/25318.png,颜真卿,楷,具,956,0,526,526
final_images/25322.png,智永,楷,具,377,0,526,526
final_images/25390.png,吴叡,隶,具,171,4,526,28630
final_images/25397.png,王澍,隶,具,589,4,526,28630
final_images/25407.png,赵孟𫖯,楷,典,801,0,527,527
final_images/25409.png,欧阳询,楷,典,479,0,527,527
final_images/25410.png,褚遂良,楷,典,760,0,527,527
final_images/25411.png,颜真卿,楷,典,956,0,527,527
final_images/25482.png,赵孟𫖯,隶,典,801,4,527,28631
final_images/25491.png,王澍,隶,典,589,4,527,28631
final_images/25500.png,欧阳询,楷,兹,479,0,528,528
final_images/25506.png,智永,楷,兹,377,0,528,528
final_images/25570.png,柳公权,楷,兼,461,0,530,530
final_images/25571.png,欧阳询,楷,兼,479,0,530,530
final_images/25572.png,颜真卿,楷,兼,956,0,530,530
final_images/25664.png,褚遂良,楷,冀,760,0,532,532
final_images/25665.png,褚遂良,楷,冀,760,0,532,532
final_images/25666.png,颜真卿,楷,冀,956,0,532,532
final_images/25705.png,吴叡,隶,冀,171,4,532,28636
final_images/25736.png,赵孟𫖯,楷,内,801,0,534,534
final_images/25740.png,欧阳询,楷,内,479,0,534,534
final_images/25741.png,褚遂良,楷,内,760,0,534,534
final_images/25742.png,褚遂良,楷,内,760,0,534,534
final_images/25743.png,褚遂良,楷,内,760,0,534,534
final_images/25744.png,颜真卿,楷,内,956,0,534,534
final_images/25746.png,智永,楷,内,377,0,534,534
final_images/25925.png,吴叡,隶,内,171,4,534,28638
final_images/25926.png,赵孟𫖯,隶,内,801,4,534,28638
final_images/25977.png,柳公权,楷,冊,461,0,536,536
final_images/26047.png,柳公权,楷,册,461,0,538,538
final_images/26135.png,赵孟𫖯,楷,再,801,0,539,539
final_images/26142.png,智永,楷,再,377,0,539,539
final_images/26202.png,王澍,隶,再,589,4,539,28643
final_images/26231.png,智永,楷,冒,377,0,541,541
final_images/26311.png,褚遂良,楷,冕,760,0,543,543
final_images/26312.png,颜真卿,楷,冕,956,0,543,543
final_images/26391.png,赵孟𫖯,楷,冠,801,0,549,549
final_images/26394.png,欧阳询,楷,冠,479,0,549,549
final_images/26397.png,颜真卿,楷,冠,956,0,549,549
final_images/26399.png,智永,楷,冠,377,0,549,549
final_images/26451.png,吴叡,隶,冠,171,4,549,28653
final_images/26452.png,赵孟𫖯,隶,冠,801,4,549,28653
final_images/26455.png,王澍,隶,冠,589,4,549,28653
final_images/26546.png,赵孟𫖯,楷,冥,801,0,553,553
final_images/26547.png,柳公权,楷,冥,461,0,553,553
final_images/26549.png,颜真卿,楷,冥,956,0,553,553
final_images/26550.png,智永,楷,冥,377,0,553,553
final_images/26615.png,赵孟𫖯,楷,冬,801,0,555,555
final_images/26616.png,褚遂良,楷,冬,760,0,555,555
final_images/26617.png,颜真卿,楷,冬,956,0,555,555
final_images/26619.png,智永,楷,冬,377,0,555,555
final_images/26683.png,赵孟𫖯,隶,冬,801,4,555,28659
final_images/26718.png,颜真卿,楷,冰,956,0,557,557
final_images/26824.png,赵孟𫖯,楷,况,801,0,560,560
final_images/26825.png,颜真卿,楷,况,956,0,560,560
final_images/26896.png,陈鸿寿,隶,冶,920,4,561,28665
final_images/26996.png,欧阳询,楷,准,479,0,566,566
final_images/27023.png,柳公权,楷,凉,461,0,567,567
final_images/27044.png,赵孟𫖯,楷,凊,801,0,568,568
final_images/27045.png,欧阳询,楷,凊,479,0,568,568
final_images/27157.png,赵孟𫖯,楷,凛,801,0,573,573
final_images/27158.png,颜真卿,楷,凛,956,0,573,573
final_images/27178.png,欧阳询,楷,凝,479,0,574,574
final_images/27180.png,褚遂良,楷,凝,760,0,574,574
final_images/27282.png,赵孟𫖯,楷,凡,801,0,576,576
final_images/27283.png,柳公权,楷,凡,461,0,576,576
final_images/27501.png,柳公权,楷,凶,461,0,583,583
final_images/27564.png,赵孟𫖯,楷,出,801,0,584,584
final_images/27569.png,柳公权,楷,出,461,0,584,584
final_images/27570.png,褚遂良,楷,出,760,0,584,584
final_images/27571.png,褚遂良,楷,出,760,0,584,584
final_images/27572.png,褚遂良,楷,出,760,0,584,584
final_images/27573.png,颜真卿,楷,出,956,0,584,584
final_images/27783.png,陈鸿寿,隶,出,920,4,584,28688
final_images/27874.png,赵孟𫖯,楷,刀,801,0,587,587
final_images/27876.png,柳公权,楷,刀,461,0,587,587
final_images/27912.png,吴叡,隶,刀,171,4,587,28691
final_images/27934.png,欧阳询,楷,刃,479,0,589,589
final_images/27936.png,颜真卿,楷,刃,956,0,589,589
final_images/27967.png,欧阳询,楷,刄,479,0,590,590
final_images/27970.png,褚遂良,楷,刄,760,0,590,590
final_images/27971.png,颜真卿,楷,刄,956,0,590,590
final_images/28013.png,赵孟𫖯,楷,分,801,0,591,591
final_images/28015.png,柳公权,楷,分,461,0,591,591
final_images/28016.png,欧阳询,楷,分,479,0,591,591
final_images/28019.png,褚遂良,楷,分,760,0,591,591
final_images/28020.png,颜真卿,楷,分,956,0,591,591
final_images/28115.png,吴叡,隶,分,171,4,591,28695
final_images/28116.png,赵孟𫖯,隶,分,801,4,591,28695
final_images/28124.png,王澍,隶,分,589,4,591,28695
final_images/28125.png,陈鸿寿,隶,分,920,4,591,28695
final_images/28147.png,智永,楷,切,377,0,592,592
final_images/28204.png,赵孟𫖯,楷,刊,801,0,594,594
final_images/28208.png,颜真卿,楷,刊,956,0,594,594
final_images/28248.png,颜真卿,楷,刋,956,0,595,595
final_images/28287.png,赵孟𫖯,楷,刑,801,0,596,596
final_images/28288.png,欧阳询,楷,刑,479,0,596,596
final_images/28290.png,智永,楷,刑,377,0,596,596
final_images/28342.png,赵孟𫖯,隶,刑,801,4,596,28700
final_images/28345.png,王澍,隶,刑,589,4,596,28700
final_images/28346.png,陈鸿寿,隶,刑,920,4,596,28700
final_images/28374.png,褚遂良,楷,列,760,0,597,597
final_images/28375.png,颜真卿,楷,列,956,0,597,597
final_images/28377.png,智永,楷,列,377,0,597,597
final_images/28426.png,吴叡,隶,列,171,4,597,28701
final_images/28427.png,赵孟𫖯,隶,列,801,4,597,28701
final_images/28460.png,智永,楷,初,377,0,598,598
final_images/28572.png,吴叡,隶,初,171,4,598,28702
final_images/28585.png,智永,楷,刟,377,0,599,599
final_images/28621.png,柳公权,楷,判,461,0,601,601
final_images/28622.png,欧阳询,楷,判,479,0,601,601
final_images/28630.png,吴叡,隶,判,171,4,601,28705
final_images/28637.png,赵孟𫖯,楷,別,801,0,602,602
final_images/28688.png,赵孟𫖯,隶,別,801,4,602,28706
final_images/28693.png,陈鸿寿,隶,別,920,4,602,28706
final_images/28697.png,褚遂良,楷,刧,760,0,603,603
final_images/28713.png,赵孟𫖯,楷,利,801,0,604,604
final_images/28716.png,柳公权,楷,利,461,0,604,604
final_images/28719.png,褚遂良,楷,利,760,0,604,604
final_images/28720.png,褚遂良,楷,利,760,0,604,604
final_images/28721.png,颜真卿,楷,利,956,0,604,604
final_images/28725.png,智永,楷,利,377,0,604,604
final_images/28891.png,赵孟𫖯,隶,别,801,4,606,28710
final_images/28898.png,陈鸿寿,隶,别,920,4,606,28710
final_images/28975.png,金农,隶,到,855,4,607,28711
final_images/29012.png,赵孟𫖯,楷,制,801,0,610,610
final_images/29018.png,褚遂良,楷,制,760,0,610,610
final_images/29019.png,褚遂良,楷,制,760,0,610,610
final_images/29020.png,褚遂良,楷,制,760,0,610,610
final_images/29021.png,颜真卿,楷,制,956,0,610,610
final_images/29024.png,智永,楷,制,377,0,610,610
final_images/29081.png,王澍,隶,制,589,4,610,28714
final_images/29131.png,褚遂良,楷,刹,760,0,613,613
final_images/29143.png,赵孟𫖯,楷,刺,801,0,614,614
final_images/29152.png,颜真卿,楷,刺,956,0,614,614
final_images/29153.png,颜真卿,楷,刺,956,0,614,614
final_images/29207.png,赵孟𫖯,楷,刻,801,0,615,615
final_images/29209.png,柳公权,楷,刻,461,0,615,615
final_images/29210.png,欧阳询,楷,刻,479,0,615,615
final_images/29211.png,褚遂良,楷,刻,760,0,615,615
final_images/29212.png,颜真卿,楷,刻,956,0,615,615
final_images/29217.png,智永,楷,刻,377,0,615,615
final_images/29271.png,赵孟𫖯,楷,則,801,0,616,616
final_images/29276.png,柳公权,楷,則,461,0,616,616
final_images/29277.png,欧阳询,楷,則,479,0,616,616
final_images/29279.png,褚遂良,楷,則,760,0,616,616
final_images/29280.png,颜真卿,楷,則,956,0,616,616
final_images/29284.png,智永,楷,則,377,0,616,616
final_images/29386.png,吴叡,隶,則,171,4,616,28720
final_images/29387.png,赵孟𫖯,隶,則,801,4,616,28720
final_images/29404.png,金农,隶,則,855,4,616,28720
final_images/29421.png,柳公权,楷,削,461,0,617,617
final_images/29435.png,赵孟𫖯,楷,剋,801,0,618,618
final_images/29440.png,褚遂良,楷,剋,760,0,618,618
final_images/29442.png,智永,楷,剋,377,0,618,618
final_images/29521.png,柳公权,楷,前,461,0,620,620
final_images/29522.png,欧阳询,楷,前,479,0,620,620
final_images/29524.png,褚遂良,楷,前,760,0,620,620
final_images/29525.png,颜真卿,楷,前,956,0,620,620
final_images/29591.png,吴叡,隶,前,171,4,620,28724
final_images/29592.png,吴叡,隶,前,171,4,620,28724
final_images/29606.png,金农,隶,前,855,4,620,28724
final_images/29607.png,金农,隶,前,855,4,620,28724
final_images/29608.png,陈鸿寿,隶,前,920,4,620,28724
final_images/29654.png,赵孟𫖯,楷,剛,801,0,624,624
final_images/29656.png,颜真卿,楷,剛,956,0,624,624
final_images/29817.png,赵孟𫖯,楷,副,801,0,632,632
final_images/29818.png,柳公权,楷,副,461,0,632,632
final_images/29819.png,褚遂良,楷,副,760,0,632,632
final_images/29820.png,颜真卿,楷,副,956,0,632,632
final_images/29855.png,赵孟𫖯,楷,割,801,0,633,633
final_images/29857.png,褚遂良,楷,割,760,0,633,633
final_images/29902.png,赵孟𫖯,楷,創,801,0,634,634
final_images/29903.png,柳公权,楷,創,461,0,634,634
final_images/29927.png,赵孟𫖯,楷,剸,801,0,635,635
final_images/29994.png,赵孟𫖯,楷,劉,801,0,641,641
final_images/29995.png,柳公权,楷,劉,461,0,641,641
final_images/29996.png,褚遂良,楷,劉,760,0,641,641
final_images/29997.png,颜真卿,楷,劉,956,0,641,641
final_images/30042.png,金农,隶,劉,855,4,641,28745
final_images/30068.png,赵孟𫖯,隶,劍,801,4,642,28746
final_images/30079.png,赵孟𫖯,楷,劒,801,0,643,643
final_images/30103.png,赵孟𫖯,楷,劔,801,0,645,645
final_images/30106.png,颜真卿,楷,劔,956,0,645,645
final_images/30151.png,赵孟𫖯,楷,力,801,0,647,647
final_images/30154.png,颜真卿,楷,力,956,0,647,647
final_images/30229.png,赵孟𫖯,隶,力,801,4,647,28751
final_images/30259.png,智永,楷,功,377,0,649,649
final_images/30308.png,赵孟𫖯,隶,功,801,4,649,28753
final_images/30348.png,颜真卿,楷,加,956,0,650,650
final_images/30416.png,陈鸿寿,隶,加,920,4,650,28754
final_images/30448.png,褚遂良,楷,劣,760,0,652,652
final_images/30508.png,褚遂良,楷,助,760,0,655,655
final_images/30509.png,褚遂良,楷,助,760,0,655,655
final_images/30613.png,颜真卿,楷,劭,956,0,658,658
final_images/30634.png,柳公权,楷,効,461,0,659,659
final_images/30704.png,柳公权,楷,勃,461,0,663,663
final_images/30705.png,欧阳询,楷,勃,479,0,663,663
final_images/30725.png,欧阳询,楷,勅,479,0,664,664
final_images/30726.png,颜真卿,楷,勅,956,0,664,664
final_images/30749.png,柳公权,楷,勇,461,0,665,665
final_images/30750.png,颜真卿,楷,勇,956,0,665,665
final_images/30790.png,赵孟𫖯,楷,勉,801,0,666,666
final_images/30792.png,智永,楷,勉,377,0,666,666
final_images/30823.png,赵孟𫖯,隶,勉,801,4,666,28770
final_images/30825.png,金农,隶,勉,855,4,666,28770
final_images/30864.png,王澍,隶,勑,589,4,669,28773
final_images/30877.png,赵孟𫖯,楷,勒,801,0,670,670
final_images/30880.png,欧阳询,楷,勒,479,0,670,670
final_images/30884.png,智永,楷,勒,377,0,670,670
final_images/30945.png,赵孟𫖯,隶,勒,801,4,670,28774
final_images/30950.png,金农,隶,勒,855,4,670,28774
final_images/30957.png,柳公权,楷,動,461,0,671,671
final_images/30958.png,欧阳询,楷,動,479,0,671,671
final_images/30959.png,褚遂良,楷,動,760,0,671,671
final_images/30960.png,颜真卿,楷,動,956,0,671,671
final_images/30964.png,智永,楷,動,377,0,671,671
final_images/31006.png,陈鸿寿,隶,動,920,4,671,28775
final_images/31007.png,陈鸿寿,隶,動,920,4,671,28775
final_images/31036.png,欧阳询,楷,務,479,0,674,674
final_images/31066.png,吴叡,隶,務,171,4,674,28778
final_images/31067.png,赵孟𫖯,隶,務,801,4,674,28778
final_images/31070.png,陈鸿寿,隶,務,920,4,674,28778
final_images/31086.png,褚遂良,楷,勝,760,0,676,676
final_images/31152.png,赵孟𫖯,楷,勞,801,0,677,677
final_images/31153.png,柳公权,楷,勞,461,0,677,677
final_images/31154.png,褚遂良,楷,勞,760,0,677,677
final_images/31155.png,颜真卿,楷,勞,956,0,677,677
final_images/31162.png,智永,楷,勞,377,0,677,677
final_images/31217.png,赵孟𫖯,隶,勞,801,4,677,28781
final_images/31229.png,柳公权,楷,募,461,0,678,678
final_images/31249.png,赵孟𫖯,楷,勢,801,0,680,680
final_images/31251.png,柳公权,楷,勢,461,0,680,680
final_images/31252.png,欧阳询,楷,勢,479,0,680,680
final_images/31254.png,颜真卿,楷,勢,956,0,680,680
final_images/31291.png,柳公权,楷,勤,461,0,681,681
final_images/31292.png,欧阳询,楷,勤,479,0,681,681
final_images/31295.png,颜真卿,楷,勤,956,0,681,681
final_images/31338.png,金农,隶,勤,855,4,681,28785
final_images/31366.png,柳公权,楷,勳,461,0,683,683
final_images/31367.png,颜真卿,楷,勳,956,0,683,683
final_images/31383.png,金农,隶,勳,855,4,683,28787
final_images/31389.png,颜真卿,楷,勵,956,0,684,684
final_images/31403.png,赵孟𫖯,楷,勸,801,0,686,686
final_images/31405.png,柳公权,楷,勸,461,0,686,686
final_images/31425.png,赵孟𫖯,隶,勸,801,4,686,28790
final_images/31427.png,王澍,隶,勸,589,4,686,28790
final_images/31520.png,赵孟𫖯,楷,勿,801,0,690,690
final_images/31523.png,欧阳询,楷,勿,479,0,690,690
final_images/31528.png,智永,楷,勿,377,0,690,690
final_images/31693.png,赵孟𫖯,隶,勿,801,4,690,28794
final_images/31771.png,欧阳询,楷,包,479,0,693,693
final_images/31773.png,颜真卿,楷,包,956,0,693,693
final_images/31816.png,颜真卿,楷,匈,956,0,694,694
final_images/31977.png,赵孟𫖯,楷,化,801,0,701,701
final_images/31985.png,欧阳询,楷,化,479,0,701,701
final_images/31987.png,褚遂良,楷,化,760,0,701,701
final_images/31988.png,颜真卿,楷,化,956,0,701,701
final_images/32046.png,吴叡,隶,化,171,4,701,28805
final_images/32076.png,赵孟𫖯,楷,北,801,0,702,702
final_images/32083.png,欧阳询,楷,北,479,0,702,702
final_images/32085.png,颜真卿,楷,北,956,0,702,702
final_images/32332.png,欧阳询,楷,匡,479,0,707,707
final_images/32357.png,赵孟𫖯,隶,匡,801,4,707,28811
final_images/32421.png,赵孟𫖯,楷,匪,801,0,711,711
final_images/32424.png,褚遂良,楷,匪,760,0,711,711
final_images/32427.png,智永,楷,匪,377,0,711,711
final_images/32458.png,赵孟𫖯,隶,匪,801,4,711,28815
final_images/32514.png,欧阳询,楷,匹,479,0,716,716
final_images/32610.png,赵孟𫖯,楷,匿,801,0,719,719
final_images/32612.png,褚遂良,楷,匿,760,0,719,719
final_images/32661.png,赵孟𫖯,楷,區,801,0,720,720
final_images/32667.png,柳公权,楷,區,461,0,720,720
final_images/32668.png,欧阳询,楷,區,479,0,720,720
final_images/32670.png,褚遂良,楷,區,760,0,720,720
final_images/32695.png,陈鸿寿,隶,區,920,4,720,28824
final_images/32729.png,欧阳询,楷,十,479,0,721,721
final_images/32730.png,欧阳询,楷,十,479,0,721,721
final_images/32901.png,邓石如,隶,十,828,4,721,28825
final_images/32902.png,陈鸿寿,隶,十,920,4,721,28825
final_images/32926.png,赵孟𫖯,楷,千,801,0,723,723
final_images/32935.png,柳公权,楷,千,461,0,723,723
final_images/32936.png,欧阳询,楷,千,479,0,723,723
final_images/32939.png,褚遂良,楷,千,760,0,723,723
final_images/32943.png,智永,楷,千,377,0,723,723
final_images/33026.png,吴叡,隶,千,171,4,723,28827
final_images/33027.png,吴叡,隶,千,171,4,723,28827
final_images/33034.png,王澍,隶,千,589,4,723,28827
final_images/33036.png,金农,隶,千,855,4,723,28827
final_images/33037.png,陈鸿寿,隶,千,920,4,723,28827
final_images/33149.png,赵孟𫖯,楷,升,801,0,725,725
final_images/33152.png,褚遂良,楷,升,760,0,725,725
final_images/33153.png,颜真卿,楷,升,956,0,725,725
final_images/33157.png,智永,楷,升,377,0,725,725
final_images/33225.png,吴叡,隶,升,171,4,725,28829
final_images/33234.png,金农,隶,升,855,4,725,28829
final_images/33370.png,陈鸿寿,隶,午,920,4,726,28830
final_images/33473.png,邓石如,隶,半,828,4,728,28832
final_images/33521.png,赵孟𫖯,楷,卑,801,0,731,731
final_images/33522.png,颜真卿,楷,卑,956,0,731,731
final_images/33708.png,陈鸿寿,隶,卒,920,4,732,28836
final_images/33729.png,褚遂良,楷,卓,760,0,733,733
final_images/33761.png,颜真卿,楷,協,956,0,734,734
final_images/33814.png,赵孟𫖯,楷,南,801,0,736,736
final_images/33822.png,欧阳询,楷,南,479,0,736,736
final_images/33823.png,颜真卿,楷,南,956,0,736,736
final_images/33827.png,智永,楷,南,377,0,736,736
final_images/33944.png,吴叡,隶,南,171,4,736,28840
final_images/33945.png,赵孟𫖯,隶,南,801,4,736,28840
final_images/33965.png,王澍,隶,南,589,4,736,28840
final_images/33967.png,邓石如,隶,南,828,4,736,28840
final_images/33990.png,褚遂良,楷,博,760,0,737,737
final_images/33991.png,颜真卿,楷,博,956,0,737,737
final_images/33992.png,颜真卿,楷,博,956,0,737,737
final_images/34032.png,吴叡,隶,博,171,4,737,28841
final_images/34040.png,陈鸿寿,隶,博,920,4,737,28841
final_images/34064.png,欧阳询,楷,卜,479,0,738,738
final_images/34065.png,褚遂良,楷,卜,760,0,738,738
final_images/34066.png,褚遂良,楷,卜,760,0,738,738
final_images/34279.png,赵孟𫖯,楷,卣,801,0,743,743
final_images/34373.png,柳公权,楷,卧,461,0,745,745
final_images/34486.png,褚遂良,楷,卯,760,0,749,749
final_images/34618.png,褚遂良,楷,印,760,0,750,750
final_images/34619.png,颜真卿,楷,印,956,0,750,750
final_images/34698.png,柳公权,楷,危,461,0,751,751
final_images/34821.png,赵孟𫖯,楷,即,801,0,753,753
final_images/34829.png,柳公权,楷,即,461,0,753,753
final_images/34832.png,智永,楷,即,377,0,753,753
final_images/34967.png,王澍,隶,即,589,4,753,28857
final_images/34969.png,金农,隶,即,855,4,753,28857
final_images/34970.png,金农,隶,即,855,4,753,28857
final_images/35068.png,褚遂良,楷,卷,760,0,756,756
final_images/35069.png,颜真卿,楷,卷,956,0,756,756
final_images/35117.png,金农,隶,卷,855,4,756,28860
final_images/35367.png,邓石如,隶,卿,828,4,760,28864
final_images/35368.png,金农,隶,卿,855,4,760,28864
final_images/35506.png,赵孟𫖯,楷,厚,801,0,768,768
final_images/35507.png,颜真卿,楷,厚,956,0,768,768
final_images/35600.png,赵孟𫖯,楷,原,801,0,770,770
final_images/35603.png,柳公权,楷,原,461,0,770,770
final_images/35647.png,金农,隶,原,855,4,770,28874
final_images/35648.png,金农,隶,原,855,4,770,28874
final_images/35699.png,柳公权,楷,厥,461,0,774,774
final_images/35705.png,智永,楷,厥,377,0,774,774
final_images/35760.png,赵孟𫖯,隶,厥,801,4,774,28878
final_images/35766.png,王澍,隶,厥,589,4,774,28878
final_images/35800.png,智永,楷,厭,377,0,777,777
final_images/35828.png,赵孟𫖯,楷,厲,801,0,779,779
final_images/35829.png,柳公权,楷,厲,461,0,779,779
final_images/35919.png,赵孟𫖯,楷,去,801,0,782,782
final_images/35923.png,欧阳询,楷,去,479,0,782,782
final_images/35926.png,褚遂良,楷,去,760,0,782,782
final_images/35927.png,褚遂良,楷,去,760,0,782,782
final_images/35928.png,颜真卿,楷,去,956,0,782,782
final_images/36023.png,赵孟𫖯,隶,去,801,4,782,28886
final_images/36033.png,王澍,隶,去,589,4,782,28886
final_images/36035.png,邓石如,隶,去,828,4,782,28886
final_images/36158.png,欧阳询,楷,參,479,0,787,787
final_images/36160.png,褚遂良,楷,參,760,0,787,787
final_images/36162.png,颜真卿,楷,參,956,0,787,787
final_images/36221.png,褚遂良,楷,叄,760,0,788,788
final_images/36222.png,颜真卿,楷,叄,956,0,788,788
final_images/36278.png,欧阳询,楷,又,479,0,789,789
final_images/36280.png,颜真卿,楷,又,956,0,789,789
final_images/36744.png,吴叡,隶,又,171,4,789,28893
final_images/36773.png,赵孟𫖯,楷,及,801,0,791,791
final_images/36780.png,欧阳询,楷,及,479,0,791,791
final_images/36782.png,褚遂良,楷,及,760,0,791,791
final_images/36783.png,褚遂良,楷,及,760,0,791,791
final_images/36784.png,颜真卿,楷,及,956,0,791,791
final_images/36790.png,智永,楷,及,377,0,791,791
final_images/36919.png,吴叡,隶,及,171,4,791,28895
final_images/36920.png,赵孟𫖯,隶,及,801,4,791,28895
final_images/36949.png,赵孟𫖯,楷,友,801,0,792,792
final_images/36953.png,柳公权,楷,友,461,0,792,792
final_images/36954.png,颜真卿,楷,友,956,0,792,792
final_images/36956.png,智永,楷,友,377,0,792,792
final_images/37030.png,王澍,隶,友,589,4,792,28896
final_images/37031.png,邓石如,隶,友,828,4,792,28896
final_images/37068.png,欧阳询,楷,反,479,0,794,794
final_images/37069.png,欧阳询,楷,反,479,0,794,794
final_images/37071.png,褚遂良,楷,反,760,0,794,794
final_images/37072.png,褚遂良,楷,反,760,0,794,794
final_images/37184.png,欧阳询,楷,叔,479,0,795,795
final_images/37185.png,颜真卿,楷,叔,956,0,795,795
final_images/37188.png,智永,楷,叔,377,0,795,795
final_images/37240.png,赵孟𫖯,隶,叔,801,4,795,28899
final_images/37247.png,金农,隶,叔,855,4,795,28899
final_images/37248.png,陈鸿寿,隶,叔,920,4,795,28899
final_images/37283.png,颜真卿,楷,取,956,0,797,797
final_images/37286.png,智永,楷,取,377,0,797,797
final_images/37421.png,金农,隶,取,855,4,797,28901
final_images/37437.png,褚遂良,楷,受,760,0,798,798
final_images/37438.png,颜真卿,楷,受,956,0,798,798
final_images/37612.png,吴叡,隶,受,171,4,798,28902
final_images/37729.png,赵孟𫖯,楷,叛,801,0,802,802
final_images/37730.png,欧阳询,楷,叛,479,0,802,802
final_images/37732.png,智永,楷,叛,377,0,802,802
final_images/37795.png,吴叡,隶,叡,171,4,804,28908
final_images/37800.png,颜真卿,楷,叢,956,0,805,805
final_images/37837.png,柳公权,楷,口,461,0,806,806
final_images/37838.png,欧阳询,楷,口,479,0,806,806
final_images/37839.png,褚遂良,楷,口,760,0,806,806
final_images/37841.png,智永,楷,口,377,0,806,806
final_images/37912.png,赵孟𫖯,隶,口,801,4,806,28910
final_images/37913.png,王澍,隶,口,589,4,806,28910
final_images/37933.png,赵孟𫖯,楷,古,801,0,807,807
final_images/37939.png,柳公权,楷,古,461,0,807,807
final_images/37941.png,褚遂良,楷,古,760,0,807,807
final_images/37950.png,智永,楷,古,377,0,807,807
final_images/38133.png,邓石如,隶,古,828,4,807,28911
final_images/38134.png,金农,隶,古,855,4,807,28911
final_images/38135.png,金农,隶,古,855,4,807,28911
final_images/38258.png,金农,隶,句,855,4,808,28912
final_images/38280.png,颜真卿,楷,叨,956,0,810,810
final_images/38393.png,柳公权,楷,召,461,0,814,814
final_images/38394.png,褚遂良,楷,召,760,0,814,814
final_images/38395.png,智永,楷,召,377,0,814,814
final_images/38453.png,王澍,隶,召,589,4,814,28918
final_images/38454.png,金农,隶,召,855,4,814,28918
final_images/38455.png,陈鸿寿,隶,召,920,4,814,28918
final_images/38474.png,柳公权,楷,可,461,0,815,815
final_images/38475.png,褚遂良,楷,可,760,0,815,815
final_images/38476.png,褚遂良,楷,可,760,0,815,815
final_images/38477.png,褚遂良,楷,可,760,0,815,815
final_images/38478.png,颜真卿,楷,可,956,0,815,815
final_images/38487.png,智永,楷,可,377,0,815,815
final_images/38709.png,吴叡,隶,可,171,4,815,28919
final_images/38710.png,赵孟𫖯,隶,可,801,4,815,28919
final_images/38725.png,金农,隶,可,855,4,815,28919
final_images/38745.png,褚遂良,楷,台,760,0,816,816
final_images/38950.png,赵孟𫖯,隶,史,801,4,818,28922
final_images/38995.png,柳公权,楷,右,461,0,819,819
final_images/38996.png,欧阳询,楷,右,479,0,819,819
final_images/38997.png,褚遂良,楷,右,760,0,819,819
final_images/38998.png,颜真卿,楷,右,956,0,819,819
final_images/39003.png,智永,楷,右,377,0,819,819
final_images/39112.png,赵孟𫖯,隶,右,801,4,819,28923
final_images/39124.png,邓石如,隶,右,828,4,819,28923
final_images/39140.png,褚遂良,楷,叶,760,0,820,820
final_images/39189.png,王澍,隶,号,589,4,821,28925
final_images/39209.png,赵孟𫖯,楷,司,801,0,822,822
final_images/39217.png,欧阳询,楷,司,479,0,822,822
final_images/39218.png,褚遂良,楷,司,760,0,822,822
final_images/39219.png,褚遂良,楷,司,760,0,822,822
final_images/39220.png,颜真卿,楷,司,956,0,822,822
final_images/39387.png,金农,隶,司,855,4,822,28926
final_images/39388.png,金农,隶,司,855,4,822,28926
final_images/39389.png,陈鸿寿,隶,司,920,4,822,28926
final_images/39413.png,欧阳询,楷,吁,479,0,824,824
final_images/39614.png,邓石如,隶,各,828,4,826,28930
final_images/39615.png,陈鸿寿,隶,各,920,4,826,28930
final_images/39644.png,赵孟𫖯,楷,合,801,0,827,827
final_images/39647.png,褚遂良,楷,合,760,0,827,827
final_images/39648.png,颜真卿,楷,合,956,0,827,827
final_images/39721.png,赵孟𫖯,隶,合,801,4,827,28931
final_images/39742.png,赵孟𫖯,楷,吉,801,0,828,828
final_images/39745.png,智永,楷,吉,377,0,828,828
final_images/39921.png,赵孟𫖯,隶,吉,801,4,828,28932
final_images/39950.png,智永,楷,吊,377,0,829,829
final_images/39968.png,赵孟𫖯,楷,同,801,0,830,830
final_images/39977.png,柳公权,楷,同,461,0,830,830
final_images/39978.png,欧阳询,楷,同,479,0,830,830
final_images/39980.png,褚遂良,楷,同,760,0,830,830
final_images/39981.png,褚遂良,楷,同,760,0,830,830
final_images/39982.png,颜真卿,楷,同,956,0,830,830
final_images/40095.png,赵孟𫖯,隶,同,801,4,830,28934
final_images/40111.png,金农,隶,同,855,4,830,28934
final_images/40112.png,金农,隶,同,855,4,830,28934
final_images/40113.png,陈鸿寿,隶,同,920,4,830,28934
final_images/40140.png,颜真卿,楷,名,956,0,831,831
final_images/40142.png,智永,楷,名,377,0,831,831
final_images/40221.png,赵孟𫖯,隶,名,801,4,831,28935
final_images/40233.png,金农,隶,名,855,4,831,28935
final_images/40234.png,金农,隶,名,855,4,831,28935
final_images/40235.png,陈鸿寿,隶,名,920,4,831,28935
final_images/40258.png,赵孟𫖯,楷,后,801,0,832,832
final_images/40294.png,吴叡,隶,后,171,4,832,28936
final_images/40325.png,欧阳询,楷,吏,479,0,833,833
final_images/40326.png,颜真卿,楷,吏,956,0,833,833
final_images/40484.png,赵孟𫖯,楷,向,801,0,835,835
final_images/40487.png,褚遂良,楷,向,760,0,835,835
final_images/40488.png,颜真卿,楷,向,956,0,835,835
final_images/40566.png,赵孟𫖯,楷,吕,801,0,837,837
final_images/40634.png,赵孟𫖯,隶,吕,801,4,837,28941
final_images/40653.png,颜真卿,楷,君,956,0,838,838
final_images/40654.png,智永,楷,君,377,0,838,838
final_images/40933.png,赵孟𫖯,隶,君,801,4,838,28942
final_images/40962.png,邓石如,隶,君,828,4,838,28942
final_images/40964.png,金农,隶,君,855,4,838,28942
final_images/41026.png,赵孟𫖯,楷,吞,801,0,840,840
final_images/41115.png,欧阳询,楷,否,479,0,843,843
final_images/41169.png,赵孟𫖯,楷,含,801,0,844,844
final_images/41170.png,颜真卿,楷,含,956,0,844,844
final_images/41281.png,柳公权,楷,吳,461,0,848,848
final_images/41364.png,吴叡,隶,吳,171,4,848,28952
final_images/41385.png,赵孟𫖯,楷,吴,801,0,849,849
final_images/41388.png,褚遂良,楷,吴,760,0,849,849
final_images/41598.png,赵孟𫖯,隶,吹,801,4,852,28956
final_images/41656.png,欧阳询,楷,吾,479,0,856,856
final_images/41735.png,吴叡,隶,吾,171,4,856,28960
final_images/41742.png,金农,隶,吾,855,4,856,28960
final_images/41876.png,吴叡,隶,吿,171,4,857,28961
final_images/41893.png,赵孟𫖯,楷,呂,801,0,859,859
final_images/41943.png,赵孟𫖯,隶,呂,801,4,859,28963
final_images/41968.png,欧阳询,楷,呈,479,0,860,860
final_images/42004.png,赵孟𫖯,楷,呉,801,0,861,861
final_images/42007.png,柳公权,楷,呉,461,0,861,861
final_images/42008.png,褚遂良,楷,呉,760,0,861,861
final_images/42086.png,吴叡,隶,呉,171,4,861,28965
final_images/42087.png,吴叡,隶,呉,171,4,861,28965
final_images/42112.png,颜真卿,楷,告,956,0,862,862
final_images/42256.png,吴叡,隶,告,171,4,862,28966
final_images/42273.png,赵孟𫖯,楷,呑,801,0,864,864
final_images/42306.png,欧阳询,楷,周,479,0,866,866
final_images/42307.png,颜真卿,楷,周,956,0,866,866
final_images/42310.png,智永,楷,周,377,0,866,866
final_images/42445.png,赵孟𫖯,隶,周,801,4,866,28970
final_images/42460.png,陈鸿寿,隶,周,920,4,866,28970
final_images/42483.png,褚遂良,楷,味,760,0,868,868
final_images/42585.png,颜真卿,楷,呼,956,0,873,873
final_images/42615.png,赵孟𫖯,楷,命,801,0,874,874
final_images/42617.png,柳公权,楷,命,461,0,874,874
final_images/42619.png,褚遂良,楷,命,760,0,874,874
final_images/42620.png,颜真卿,楷,命,956,0,874,874
final_images/42776.png,吴叡,隶,命,171,4,874,28978
final_images/42795.png,金农,隶,命,855,4,874,28978
final_images/42796.png,陈鸿寿,隶,命,920,4,874,28978
final_images/42847.png,赵孟𫖯,楷,和,801,0,879,879
final_images/42853.png,欧阳询,楷,和,479,0,879,879
final_images/42854.png,欧阳询,楷,和,479,0,879,879
final_images/42855.png,颜真卿,楷,和,956,0,879,879
final_images/42858.png,智永,楷,和,377,0,879,879
final_images/42947.png,金农,隶,和,855,4,879,28983
final_images/43140.png,颜真卿,楷,咨,956,0,886,886
final_images/43267.png,柳公权,楷,咸,461,0,893,893
final_images/43268.png,欧阳询,楷,咸,479,0,893,893
final_images/43336.png,吴叡,隶,咸,171,4,893,28997
final_images/43409.png,柳公权,楷,哀,461,0,896,896
final_images/43410.png,欧阳询,楷,哀,479,0,896,896
final_images/43412.png,褚遂良,楷,哀,760,0,896,896
final_images/43413.png,颜真卿,楷,哀,956,0,896,896
final_images/43479.png,吴叡,隶,哀,171,4,896,29000
final_images/43500.png,赵孟𫖯,楷,品,801,0,897,897
final_images/43501.png,欧阳询,楷,品,479,0,897,897
final_images/43502.png,褚遂良,楷,品,760,0,897,897
final_images/43556.png,陈鸿寿,隶,品,920,4,897,29001
final_images/43609.png,赵孟𫖯,楷,哉,801,0,901,901
final_images/43613.png,褚遂良,楷,哉,760,0,901,901
final_images/43616.png,智永,楷,哉,377,0,901,901
final_images/43658.png,吴叡,隶,哉,171,4,901,29005
final_images/43659.png,赵孟𫖯,隶,哉,801,4,901,29005
final_images/43666.png,王澍,隶,哉,589,4,901,29005
final_images/43686.png,智永,楷,員,377,0,903,903
final_images/43764.png,赵孟𫖯,隶,員,801,4,903,29007
final_images/43768.png,王澍,隶,員,589,4,903,29007
final_images/43769.png,王澍,隶,員,589,4,903,29007
final_images/43770.png,陈鸿寿,隶,員,920,4,903,29007
final_images/43888.png,柳公权,楷,哲,461,0,908,908
final_images/43892.png,褚遂良,楷,哲,760,0,908,908
final_images/43893.png,褚遂良,楷,哲,760,0,908,908
final_images/43917.png,吴叡,隶,哲,171,4,908,29012
final_images/43988.png,赵孟𫖯,楷,唐,801,0,914,914
final_images/43991.png,柳公权,楷,唐,461,0,914,914
final_images/43994.png,褚遂良,楷,唐,760,0,914,914
final_images/43995.png,褚遂良,楷,唐,760,0,914,914
final_images/43996.png,颜真卿,楷,唐,956,0,914,914
final_images/43997.png,颜真卿,楷,唐,956,0,914,914
final_images/44000.png,智永,楷,唐,377,0,914,914
final_images/44054.png,赵孟𫖯,隶,唐,801,4,914,29018
final_images/44059.png,金农,隶,唐,855,4,914,29018
final_images/44061.png,陈鸿寿,隶,唐,920,4,914,29018
final_images/44062.png,陈鸿寿,隶,唐,920,4,914,29018
final_images/44135.png,柳公权,楷,唯,461,0,919,919
final_images/44136.png,欧阳询,楷,唯,479,0,919,919
final_images/44137.png,欧阳询,楷,唯,479,0,919,919
final_images/44188.png,吴叡,隶,唯,171,4,919,29023
final_images/44213.png,赵孟𫖯,楷,唱,801,0,920,920
final_images/44371.png,邓石如,隶,商,828,4,925,29029
final_images/44383.png,赵孟𫖯,楷,問,801,0,927,927
final_images/44385.png,欧阳询,楷,問,479,0,927,927
final_images/44389.png,智永,楷,問,377,0,927,927
final_images/44444.png,赵孟𫖯,隶,問,801,4,927,29031
final_images/44453.png,金农,隶,問,855,4,927,29031
final_images/44484.png,欧阳询,楷,啚,479,0,931,931
final_images/44530.png,赵孟𫖯,楷,啜,801,0,932,932
final_images/44546.png,褚遂良,楷,啟,760,0,933,933
final_images/44547.png,颜真卿,楷,啟,956,0,933,933
final_images/44605.png,王澍,隶,啟,589,4,933,29037
final_images/44692.png,赵孟𫖯,楷,善,801,0,937,937
final_images/44697.png,褚遂良,楷,善,760,0,937,937
final_images/44700.png,智永,楷,善,377,0,937,937
final_images/44826.png,吴叡,隶,善,171,4,937,29041
final_images/44827.png,赵孟𫖯,隶,善,801,4,937,29041
final_images/44844.png,邓石如,隶,善,828,4,937,29041
final_images/44845.png,陈鸿寿,隶,善,920,4,937,29041
final_images/44915.png,柳公权,楷,喘,461,0,943,943
final_images/44955.png,柳公权,楷,喜,461,0,945,945
final_images/45053.png,陈鸿寿,隶,喜,920,4,945,29049
final_images/45080.png,吴叡,隶,喟,171,4,948,29052
final_images/45119.png,赵孟𫖯,楷,喩,801,0,951,951
final_images/45120.png,褚遂良,楷,喩,760,0,951,951
final_images/45139.png,欧阳询,楷,喪,479,0,952,952
final_images/45141.png,颜真卿,楷,喪,956,0,952,952
final_images/45253.png,赵孟𫖯,楷,喬,801,0,953,953
final_images/45255.png,褚遂良,楷,喬,760,0,953,953
final_images/45256.png,颜真卿,楷,喬,956,0,953,953
final_images/45289.png,颜真卿,楷,單,956,0,955,955
final_images/45361.png,褚遂良,楷,喻,760,0,956,956
final_images/45409.png,颜真卿,楷,嗅,956,0,957,957
final_images/45561.png,赵孟𫖯,楷,嗟,801,0,965,965
final_images/45563.png,颜真卿,楷,嗟,956,0,965,965
final_images/45605.png,褚遂良,楷,嗣,760,0,966,966
final_images/45606.png,颜真卿,楷,嗣,956,0,966,966
final_images/45610.png,智永,楷,嗣,377,0,966,966
final_images/45642.png,赵孟𫖯,隶,嗣,801,4,966,29070
final_images/45644.png,王澍,隶,嗣,589,4,966,29070
final_images/45655.png,褚遂良,楷,嗤,760,0,967,967
final_images/45712.png,赵孟𫖯,楷,嘉,801,0,973,973
final_images/45716.png,颜真卿,楷,嘉,956,0,973,973
final_images/45865.png,吴叡,隶,嘉,171,4,973,29077
final_images/45866.png,赵孟𫖯,隶,嘉,801,4,973,29077
final_images/45878.png,王澍,隶,嘉,589,4,973,29077
final_images/45910.png,柳公权,楷,嘗,461,0,977,977
final_images/45913.png,智永,楷,嘗,377,0,977,977
final_images/45967.png,颜真卿,楷,嘘,956,0,978,978
final_images/45978.png,赵孟𫖯,楷,嘯,801,0,979,979
final_images/45981.png,智永,楷,嘯,377,0,979,979
final_images/46029.png,赵孟𫖯,隶,嘼,801,4,982,29086
final_images/46063.png,颜真卿,楷,噓,956,0,986,986
final_images/46116.png,欧阳询,楷,器,479,0,991,991
final_images/46118.png,颜真卿,楷,器,956,0,991,991
final_images/46121.png,智永,楷,器,377,0,991,991
final_images/46209.png,陈鸿寿,隶,器,920,4,991,29095
final_images/46252.png,颜真卿,楷,噫,956,0,993,993
final_images/46274.png,赵孟𫖯,楷,噲,801,0,996,996
final_images/46283.png,赵孟𫖯,楷,噴,801,0,997,997
final_images/46284.png,颜真卿,楷,噴,956,0,997,997
final_images/46313.png,智永,楷,嚬,377,0,1000,1000
final_images/46338.png,赵孟𫖯,楷,嚴,801,0,1002,1002
final_images/46339.png,赵孟𫖯,楷,嚴,801,0,1002,1002
final_images/46342.png,柳公权,楷,嚴,461,0,1002,1002
final_images/46343.png,颜真卿,楷,嚴,956,0,1002,1002
final_images/46349.png,智永,楷,嚴,377,0,1002,1002
final_images/46467.png,赵孟𫖯,楷,囊,801,0,1006,1006
final_images/46468.png,欧阳询,楷,囊,479,0,1006,1006
final_images/46469.png,颜真卿,楷,囊,956,0,1006,1006
final_images/46470.png,智永,楷,囊,377,0,1006,1006
final_images/46494.png,王澍,隶,囊,589,4,1006,29110
final_images/46532.png,赵孟𫖯,楷,囑,801,0,1008,1008
final_images/46553.png,赵孟𫖯,楷,囚,801,0,1009,1009
final_images/46583.png,赵孟𫖯,楷,四,801,0,1010,1010
final_images/46589.png,欧阳询,楷,四,479,0,1010,1010
final_images/46590.png,褚遂良,楷,四,760,0,1010,1010
final_images/46597.png,智永,楷,四,377,0,1010,1010
final_images/46748.png,赵孟𫖯,隶,四,801,4,1010,29114
final_images/46825.png,吴叡,隶,回,171,4,1011,29115
final_images/46829.png,王澍,隶,回,589,4,1011,29115
final_images/46883.png,赵孟𫖯,楷,因,801,0,1013,1013
final_images/46887.png,颜真卿,楷,因,956,0,1013,1013
final_images/46962.png,赵孟𫖯,隶,因,801,4,1013,29117
final_images/47026.png,赵孟𫖯,楷,困,801,0,1016,1016
final_images/47029.png,智永,楷,困,377,0,1016,1016
final_images/47063.png,吴叡,隶,困,171,4,1016,29120
final_images/47064.png,赵孟𫖯,隶,困,801,4,1016,29120
final_images/47068.png,王澍,隶,困,589,4,1016,29120
final_images/47069.png,陈鸿寿,隶,困,920,4,1016,29120
final_images/47110.png,赵孟𫖯,楷,固,801,0,1019,1019
final_images/47113.png,柳公权,楷,固,461,0,1019,1019
final_images/47114.png,褚遂良,楷,固,760,0,1019,1019
final_images/47179.png,吴叡,隶,固,171,4,1019,29123
final_images/47183.png,陈鸿寿,隶,固,920,4,1019,29123
final_images/47259.png,颜真卿,楷,圃,956,0,1024,1024
final_images/47335.png,赵孟𫖯,楷,國,801,0,1026,1026
final_images/47343.png,柳公权,楷,國,461,0,1026,1026
final_images/47344.png,颜真卿,楷,國,956,0,1026,1026
final_images/47408.png,吴叡,隶,國,171,4,1026,29130
final_images/47409.png,赵孟𫖯,隶,國,801,4,1026,29130
final_images/47431.png,王澍,隶,國,589,4,1026,29130
final_images/47432.png,邓石如,隶,國,828,4,1026,29130
final_images/47433.png,陈鸿寿,隶,國,920,4,1026,29130
final_images/47443.png,褚遂良,楷,圍,760,0,1027,1027
final_images/47444.png,颜真卿,楷,圍,956,0,1027,1027
final_images/47465.png,柳公权,楷,圎,461,0,1028,1028
final_images/47468.png,颜真卿,楷,圎,956,0,1028,1028
final_images/47499.png,赵孟𫖯,楷,園,801,0,1029,1029
final_images/47502.png,柳公权,楷,園,461,0,1029,1029
final_images/47503.png,欧阳询,楷,園,479,0,1029,1029
final_images/47504.png,褚遂良,楷,園,760,0,1029,1029
final_images/47506.png,智永,楷,園,377,0,1029,1029
final_images/47533.png,陈鸿寿,隶,園,920,4,1029,29133
final_images/47560.png,赵孟𫖯,楷,圖,801,0,1031,1031
final_images/47562.png,欧阳询,楷,圖,479,0,1031,1031
final_images/47564.png,褚遂良,楷,圖,760,0,1031,1031
final_images/47610.png,吴叡,隶,圖,171,4,1031,29135
final_images/47622.png,赵孟𫖯,楷,圗,801,0,1032,1032
final_images/47626.png,欧阳询,楷,圗,479,0,1032,1032
final_images/47628.png,褚遂良,楷,圗,760,0,1032,1032
final_images/47629.png,颜真卿,楷,圗,956,0,1032,1032
final_images/47668.png,吴叡,隶,圗,171,4,1032,29136
final_images/47669.png,赵孟𫖯,隶,圗,801,4,1032,29136
final_images/47680.png,陈鸿寿,隶,圗,920,4,1032,29136
final_images/47683.png,赵孟𫖯,楷,團,801,0,1033,1033
final_images/47684.png,颜真卿,楷,團,956,0,1033,1033
final_images/47746.png,欧阳询,楷,土,479,0,1035,1035
final_images/47881.png,赵孟𫖯,隶,土,801,4,1035,29139
final_images/47892.png,王澍,隶,土,589,4,1035,29139
final_images/47937.png,柳公权,楷,在,461,0,1037,1037
final_images/47940.png,褚遂良,楷,在,760,0,1037,1037
final_images/47946.png,智永,楷,在,377,0,1037,1037
final_images/48031.png,吴叡,隶,在,171,4,1037,29141
final_images/48032.png,赵孟𫖯,隶,在,801,4,1037,29141
final_images/48044.png,陈鸿寿,隶,在,920,4,1037,29141
final_images/48119.png,柳公权,楷,地,461,0,1040,1040
final_images/48121.png,颜真卿,楷,地,956,0,1040,1040
final_images/48124.png,智永,楷,地,377,0,1040,1040
final_images/48183.png,赵孟𫖯,隶,地,801,4,1040,29144
final_images/48194.png,邓石如,隶,地,828,4,1040,29144
final_images/48195.png,金农,隶,地,855,4,1040,29144
final_images/48268.png,柳公权,楷,均,461,0,1046,1046
final_images/48317.png,柳公权,楷,坊,461,0,1047,1047
final_images/48318.png,颜真卿,楷,坊,956,0,1047,1047
final_images/48437.png,王澍,隶,坐,589,4,1050,29154
final_images/48438.png,邓石如,隶,坐,828,4,1050,29154
final_images/48439.png,金农,隶,坐,855,4,1050,29154
final_images/48514.png,赵孟𫖯,楷,坡,801,0,1055,1055
final_images/48561.png,赵孟𫖯,楷,坤,801,0,1057,1057
final_images/48562.png,颜真卿,楷,坤,956,0,1057,1057
final_images/48727.png,柳公权,楷,垂,461,0,1063,1063
final_images/48728.png,欧阳询,楷,垂,479,0,1063,1063
final_images/48730.png,褚遂良,楷,垂,760,0,1063,1063
final_images/48731.png,颜真卿,楷,垂,956,0,1063,1063
final_images/48736.png,智永,楷,垂,377,0,1063,1063
final_images/48781.png,赵孟𫖯,隶,垂,801,4,1063,29167
final_images/48891.png,智永,楷,垢,377,0,1069,1069
final_images/48906.png,赵孟𫖯,隶,垢,801,4,1069,29173
final_images/48907.png,王澍,隶,垢,589,4,1069,29173
final_images/48926.png,赵孟𫖯,楷,垣,801,0,1070,1070
final_images/48975.png,赵孟𫖯,隶,垣,801,4,1070,29174
final_images/48977.png,王澍,隶,垣,589,4,1070,29174
final_images/48985.png,颜真卿,楷,垤,956,0,1071,1071
final_images/49026.png,颜真卿,楷,埋,956,0,1074,1074
final_images/49051.png,赵孟𫖯,楷,城,801,0,1075,1075
final_images/49055.png,褚遂良,楷,城,760,0,1075,1075
final_images/49056.png,智永,楷,城,377,0,1075,1075
final_images/49132.png,王澍,隶,城,589,4,1075,29179
final_images/49134.png,金农,隶,城,855,4,1075,29179
final_images/49179.png,赵孟𫖯,楷,域,801,0,1077,1077
final_images/49183.png,柳公权,楷,域,461,0,1077,1077
final_images/49184.png,颜真卿,楷,域,956,0,1077,1077
final_images/49237.png,柳公权,楷,執,461,0,1081,1081
final_images/49240.png,褚遂良,楷,執,760,0,1081,1081
final_images/49241.png,颜真卿,楷,執,956,0,1081,1081
final_images/49243.png,智永,楷,執,377,0,1081,1081
final_images/49316.png,赵孟𫖯,隶,執,801,4,1081,29185
final_images/49357.png,赵孟𫖯,楷,基,801,0,1083,1083
final_images/49359.png,欧阳询,楷,基,479,0,1083,1083
final_images/49361.png,褚遂良,楷,基,760,0,1083,1083
final_images/49362.png,褚遂良,楷,基,760,0,1083,1083
final_images/49363.png,颜真卿,楷,基,956,0,1083,1083
final_images/49365.png,智永,楷,基,377,0,1083,1083
final_images/49397.png,邓石如,隶,基,828,4,1083,29187
final_images/49434.png,赵孟𫖯,楷,堀,801,0,1086,1086
final_images/49465.png,赵孟𫖯,楷,堂,801,0,1087,1087
final_images/49520.png,赵孟𫖯,隶,堂,801,4,1087,29191
final_images/49527.png,王澍,隶,堂,589,4,1087,29191
final_images/49531.png,赵孟𫖯,楷,堅,801,0,1088,1088
final_images/49534.png,智永,楷,堅,377,0,1088,1088
final_images/49554.png,赵孟𫖯,隶,堅,801,4,1088,29192
final_images/49691.png,颜真卿,楷,堪,956,0,1094,1094
final_images/49727.png,褚遂良,楷,堯,760,0,1095,1095
final_images/49741.png,吴叡,隶,堯,171,4,1095,29199
final_images/49745.png,陈鸿寿,隶,堯,920,4,1095,29199
final_images/49760.png,柳公权,楷,報,461,0,1097,1097
final_images/49761.png,颜真卿,楷,報,956,0,1097,1097
final_images/49800.png,金农,隶,報,855,4,1097,29201
final_images/49801.png,陈鸿寿,隶,報,920,4,1097,29201
final_images/49814.png,柳公权,楷,場,461,0,1099,1099
final_images/49816.png,智永,楷,場,377,0,1099,1099
final_images/49829.png,陈鸿寿,隶,場,920,4,1099,29203
final_images/49877.png,褚遂良,楷,塊,760,0,1102,1102
final_images/49918.png,颜真卿,楷,塏,956,0,1106,1106
final_images/49946.png,赵孟𫖯,楷,塗,801,0,1109,1109
final_images/49947.png,柳公权,楷,塗,461,0,1109,1109
final_images/49948.png,欧阳询,楷,塗,479,0,1109,1109
final_images/49951.png,褚遂良,楷,塗,760,0,1109,1109
final_images/49965.png,王澍,隶,塗,589,4,1109,29213
final_images/49966.png,金农,隶,塗,855,4,1109,29213
final_images/50068.png,赵孟𫖯,隶,塞,801,4,1111,29215
final_images/50072.png,王澍,隶,塞,589,4,1111,29215
final_images/50129.png,柳公权,楷,塵,461,0,1114,1114
final_images/50130.png,褚遂良,楷,塵,760,0,1114,1114
final_images/50131.png,颜真卿,楷,塵,956,0,1114,1114
final_images/50153.png,邓石如,隶,塵,828,4,1114,29218
final_images/50213.png,赵孟𫖯,楷,境,801,0,1119,1119
final_images/50216.png,褚遂良,楷,境,760,0,1119,1119
final_images/50217.png,褚遂良,楷,境,760,0,1119,1119
final_images/50263.png,柳公权,楷,墉,461,0,1122,1122
final_images/50347.png,褚遂良,楷,増,760,0,1126,1126
final_images/50348.png,褚遂良,楷,増,760,0,1126,1126
final_images/50349.png,颜真卿,楷,増,956,0,1126,1126
final_images/50351.png,智永,楷,増,377,0,1126,1126
final_images/50391.png,欧阳询,楷,墜,479,0,1128,1128
final_images/50393.png,褚遂良,楷,墜,760,0,1128,1128
final_images/50394.png,颜真卿,楷,墜,956,0,1128,1128
final_images/50405.png,吴叡,隶,墜,171,4,1128,29232
final_images/50423.png,褚遂良,楷,增,760,0,1129,1129
final_images/50424.png,颜真卿,楷,增,956,0,1129,1129
final_images/50427.png,智永,楷,增,377,0,1129,1129
final_images/50469.png,赵孟𫖯,隶,增,801,4,1129,29233
final_images/50482.png,欧阳询,楷,墟,479,0,1130,1130
final_images/50484.png,颜真卿,楷,墟,956,0,1130,1130
final_images/50512.png,赵孟𫖯,楷,墨,801,0,1131,1131
final_images/50513.png,颜真卿,楷,墨,956,0,1131,1131
final_images/50517.png,智永,楷,墨,377,0,1131,1131
final_images/50549.png,吴叡,隶,墨,171,4,1131,29235
final_images/50591.png,欧阳询,楷,墳,479,0,1135,1135
final_images/50609.png,赵孟𫖯,隶,墳,801,4,1135,29239
final_images/50620.png,赵孟𫖯,楷,墻,801,0,1137,1137
final_images/50653.png,赵孟𫖯,楷,壁,801,0,1139,1139
final_images/50655.png,欧阳询,楷,壁,479,0,1139,1139
final_images/50656.png,颜真卿,楷,壁,956,0,1139,1139
final_images/50659.png,智永,楷,壁,377,0,1139,1139
final_images/50695.png,邓石如,隶,壁,828,4,1139,29243
final_images/50696.png,金农,隶,壁,855,4,1139,29243
final_images/50702.png,金农,隶,壂,855,4,1140,29244
final_images/50728.png,柳公权,楷,壇,461,0,1143,1143
final_images/50729.png,褚遂良,楷,壇,760,0,1143,1143
final_images/50766.png,柳公权,楷,壑,461,0,1145,1145
final_images/50767.png,欧阳询,楷,壑,479,0,1145,1145
final_images/50768.png,褚遂良,楷,壑,760,0,1145,1145
final_images/50803.png,赵孟𫖯,楷,壘,801,0,1147,1147
final_images/50804.png,柳公权,楷,壘,461,0,1147,1147
final_images/50805.png,欧阳询,楷,壘,479,0,1147,1147
final_images/50814.png,颜真卿,楷,壙,956,0,1148,1148
final_images/50837.png,赵孟𫖯,楷,壞,801,0,1151,1151
final_images/50842.png,褚遂良,楷,壞,760,0,1151,1151
final_images/50864.png,颜真卿,楷,壟,956,0,1152,1152
final_images/50877.png,欧阳询,楷,壤,479,0,1153,1153
final_images/50879.png,颜真卿,楷,壤,956,0,1153,1153
final_images/50895.png,吴叡,隶,壤,171,4,1153,29257
final_images/50896.png,金农,隶,壤,855,4,1153,29257
final_images/50918.png,赵孟𫖯,楷,士,801,0,1154,1154
final_images/50921.png,柳公权,楷,士,461,0,1154,1154
final_images/50922.png,欧阳询,楷,士,479,0,1154,1154
final_images/50924.png,褚遂良,楷,士,760,0,1154,1154
final_images/50925.png,智永,楷,士,377,0,1154,1154
final_images/51033.png,赵孟𫖯,隶,士,801,4,1154,29258
final_images/51058.png,颜真卿,楷,壬,956,0,1155,1155
final_images/51168.png,陈鸿寿,隶,壬,920,4,1155,29259
final_images/51169.png,陈鸿寿,隶,壬,920,4,1155,29259
final_images/51174.png,欧阳询,楷,壮,479,0,1156,1156
final_images/51175.png,褚遂良,楷,壮,760,0,1156,1156
final_images/51176.png,颜真卿,楷,壮,956,0,1156,1156
final_images/51214.png,吴叡,隶,壮,171,4,1156,29260
final_images/51219.png,欧阳询,楷,壯,479,0,1157,1157
final_images/51221.png,褚遂良,楷,壯,760,0,1157,1157
final_images/51222.png,颜真卿,楷,壯,956,0,1157,1157
final_images/51244.png,吴叡,隶,壯,171,4,1157,29261
final_images/51341.png,赵孟𫖯,隶,壹,801,4,1160,29264
final_images/51345.png,陈鸿寿,隶,壹,920,4,1160,29264
final_images/51441.png,赵孟𫖯,楷,壽,801,0,1163,1163
final_images/51494.png,陈鸿寿,隶,壽,920,4,1163,29267
final_images/51502.png,赵孟𫖯,楷,夀,801,0,1164,1164
final_images/51553.png,陈鸿寿,隶,夀,920,4,1164,29268
final_images/51680.png,赵孟𫖯,楷,夏,801,0,1172,1172
final_images/51681.png,柳公权,楷,夏,461,0,1172,1172
final_images/51684.png,智永,楷,夏,377,0,1172,1172
final_images/51782.png,吴叡,隶,夏,171,4,1172,29276
final_images/51783.png,赵孟𫖯,隶,夏,801,4,1172,29276
final_images/51846.png,赵孟𫖯,楷,夔,801,0,1176,1176
final_images/51847.png,颜真卿,楷,夔,956,0,1176,1176
final_images/51894.png,赵孟𫖯,楷,夕,801,0,1177,1177
final_images/51896.png,欧阳询,楷,夕,479,0,1177,1177
final_images/51898.png,褚遂良,楷,夕,760,0,1177,1177
final_images/51899.png,智永,楷,夕,377,0,1177,1177
final_images/51994.png,王澍,隶,夕,589,4,1177,29281
final_images/52012.png,颜真卿,楷,外,956,0,1178,1178
final_images/52103.png,赵孟𫖯,隶,外,801,4,1178,29282
final_images/52111.png,邓石如,隶,外,828,4,1178,29282
final_images/52132.png,赵孟𫖯,楷,夙,801,0,1179,1179
final_images/52134.png,褚遂良,楷,夙,760,0,1179,1179
final_images/52135.png,颜真卿,楷,夙,956,0,1179,1179
final_images/52138.png,智永,楷,夙,377,0,1179,1179
final_images/52205.png,赵孟𫖯,隶,夙,801,4,1179,29283
final_images/52230.png,赵孟𫖯,楷,多,801,0,1180,1180
final_images/52233.png,颜真卿,楷,多,956,0,1180,1180
final_images/52234.png,智永,楷,多,377,0,1180,1180
final_images/52387.png,赵孟𫖯,隶,多,801,4,1180,29284
final_images/52416.png,赵孟𫖯,楷,夜,801,0,1181,1181
final_images/52418.png,褚遂良,楷,夜,760,0,1181,1181
final_images/52419.png,颜真卿,楷,夜,956,0,1181,1181
final_images/52422.png,智永,楷,夜,377,0,1181,1181
final_images/52510.png,金农,隶,夜,855,4,1181,29285
final_images/52519.png,颜真卿,楷,夢,956,0,1182,1182
final_images/52584.png,赵孟𫖯,楷,大,801,0,1184,1184
final_images/52590.png,欧阳询,楷,大,479,0,1184,1184
final_images/52593.png,褚遂良,楷,大,760,0,1184,1184
final_images/52594.png,颜真卿,楷,大,956,0,1184,1184
final_images/52599.png,智永,楷,大,377,0,1184,1184
final_images/53020.png,赵孟𫖯,隶,大,801,4,1184,29288
final_images/53089.png,赵孟𫖯,楷,天,801,0,1186,1186
final_images/53097.png,柳公权,楷,天,461,0,1186,1186
final_images/53100.png,褚遂良,楷,天,760,0,1186,1186
final_images/53101.png,褚遂良,楷,天,760,0,1186,1186
final_images/53102.png,颜真卿,楷,天,956,0,1186,1186
final_images/53377.png,吴叡,隶,天,171,4,1186,29290
final_images/53378.png,赵孟𫖯,隶,天,801,4,1186,29290
final_images/53420.png,赵孟𫖯,楷,太,801,0,1187,1187
final_images/53426.png,柳公权,楷,太,461,0,1187,1187
final_images/53428.png,颜真卿,楷,太,956,0,1187,1187
final_images/53489.png,吴叡,隶,太,171,4,1187,29291
final_images/53499.png,陈鸿寿,隶,太,920,4,1187,29291
final_images/53516.png,柳公权,楷,夫,461,0,1188,1188
final_images/53517.png,颜真卿,楷,夫,956,0,1188,1188
final_images/53718.png,吴叡,隶,夫,171,4,1188,29292
final_images/53728.png,王澍,隶,夫,589,4,1188,29292
final_images/53797.png,吴叡,隶,夭,171,4,1190,29294
final_images/53894.png,赵孟𫖯,楷,失,801,0,1192,1192
final_images/53897.png,褚遂良,楷,失,760,0,1192,1192
final_images/54018.png,金农,隶,夲,855,4,1193,29297
final_images/54044.png,欧阳询,楷,夷,479,0,1195,1195
final_images/54046.png,褚遂良,楷,夷,760,0,1195,1195
final_images/54047.png,褚遂良,楷,夷,760,0,1195,1195
final_images/54213.png,柳公权,楷,奄,461,0,1199,1199
final_images/54214.png,欧阳询,楷,奄,479,0,1199,1199
final_images/54247.png,赵孟𫖯,隶,奄,801,4,1199,29303
final_images/54273.png,欧阳询,楷,奇,479,0,1200,1200
final_images/54274.png,颜真卿,楷,奇,956,0,1200,1200
final_images/54317.png,金农,隶,奇,855,4,1200,29304
final_images/54318.png,金农,隶,奇,855,4,1200,29304
final_images/54366.png,赵孟𫖯,楷,奉,801,0,1202,1202
final_images/54372.png,欧阳询,楷,奉,479,0,1202,1202
final_images/54373.png,褚遂良,楷,奉,760,0,1202,1202
final_images/54374.png,褚遂良,楷,奉,760,0,1202,1202
final_images/54379.png,智永,楷,奉,377,0,1202,1202
final_images/54450.png,赵孟𫖯,隶,奉,801,4,1202,29306
final_images/54460.png,王澍,隶,奉,589,4,1202,29306
final_images/54461.png,陈鸿寿,隶,奉,920,4,1202,29306
final_images/54479.png,赵孟𫖯,楷,奎,801,0,1203,1203
final_images/54516.png,赵孟𫖯,楷,奏,801,0,1204,1204
final_images/54522.png,智永,楷,奏,377,0,1204,1204
final_images/54586.png,赵孟𫖯,隶,奏,801,4,1204,29308
final_images/54608.png,赵孟𫖯,楷,契,801,0,1205,1205
final_images/54610.png,褚遂良,楷,契,760,0,1205,1205
final_images/54750.png,褚遂良,楷,奘,760,0,1209,1209
final_images/54764.png,赵孟𫖯,楷,奚,801,0,1210,1210
final_images/54907.png,赵孟𫖯,楷,奢,801,0,1214,1214
final_images/54947.png,褚遂良,楷,奥,760,0,1215,1215
final_images/54948.png,颜真卿,楷,奥,956,0,1215,1215
final_images/54974.png,颜真卿,楷,奧,956,0,1216,1216
final_images/54995.png,柳公权,楷,奪,461,0,1217,1217
final_images/54996.png,褚遂良,楷,奪,760,0,1217,1217
final_images/55075.png,赵孟𫖯,楷,女,801,0,1221,1221
final_images/55079.png,颜真卿,楷,女,956,0,1221,1221
final_images/55082.png,智永,楷,女,377,0,1221,1221
final_images/55372.png,赵孟𫖯,隶,女,801,4,1221,29325
final_images/55379.png,金农,隶,女,855,4,1221,29325
final_images/55521.png,柳公权,楷,好,461,0,1226,1226
final_images/55701.png,柳公权,楷,如,461,0,1227,1227
final_images/55702.png,欧阳询,楷,如,479,0,1227,1227
final_images/55704.png,褚遂良,楷,如,760,0,1227,1227
final_images/55808.png,赵孟𫖯,隶,如,801,4,1227,29331
final_images/55833.png,金农,隶,如,855,4,1227,29331
final_images/55834.png,金农,隶,如,855,4,1227,29331
final_images/55835.png,陈鸿寿,隶,如,920,4,1227,29331
final_images/55858.png,褚遂良,楷,妃,760,0,1228,1228
final_images/55877.png,吴叡,隶,妃,171,4,1228,29332
final_images/56083.png,颜真卿,楷,妖,956,0,1237,1237
final_images/56113.png,柳公权,楷,妙,461,0,1238,1238
final_images/56115.png,褚遂良,楷,妙,760,0,1238,1238
final_images/56150.png,赵孟𫖯,隶,妙,801,4,1238,29342
final_images/56195.png,陈鸿寿,隶,妣,920,4,1240,29344
final_images/56293.png,赵孟𫖯,楷,妬,801,0,1243,1243
final_images/56484.png,智永,楷,妾,377,0,1247,1247
final_images/56606.png,赵孟𫖯,楷,始,801,0,1251,1251
final_images/56609.png,柳公权,楷,始,461,0,1251,1251
final_images/56610.png,欧阳询,楷,始,479,0,1251,1251
final_images/56611.png,褚遂良,楷,始,760,0,1251,1251
final_images/56612.png,褚遂良,楷,始,760,0,1251,1251
final_images/56614.png,智永,楷,始,377,0,1251,1251
final_images/56720.png,智永,楷,姑,377,0,1253,1253
final_images/56765.png,赵孟𫖯,隶,姑,801,4,1253,29357
final_images/56785.png,颜真卿,楷,姓,956,0,1254,1254
final_images/56826.png,金农,隶,姓,855,4,1254,29358
final_images/56827.png,陈鸿寿,隶,姓,920,4,1254,29358
final_images/56853.png,柳公权,楷,委,461,0,1255,1255
final_images/56894.png,吴叡,隶,委,171,4,1255,29359
final_images/56936.png,赵孟𫖯,楷,姚,801,0,1258,1258
final_images/56960.png,吴叡,隶,姚,171,4,1258,29362
final_images/56962.png,陈鸿寿,隶,姚,920,4,1258,29362
final_images/56986.png,褚遂良,楷,姜,760,0,1259,1259
final_images/57110.png,褚遂良,楷,姦,760,0,1264,1264
final_images/57111.png,颜真卿,楷,姦,956,0,1264,1264
final_images/57132.png,颜真卿,楷,姪,956,0,1265,1265
final_images/57160.png,褚遂良,楷,姬,760,0,1266,1266
final_images/57302.png,柳公权,楷,姻,461,0,1269,1269
final_images/57335.png,颜真卿,楷,姿,956,0,1271,1271
final_images/57336.png,颜真卿,楷,姿,956,0,1271,1271
final_images/57339.png,智永,楷,姿,377,0,1271,1271
final_images/57375.png,赵孟𫖯,楷,威,801,0,1272,1272
final_images/57377.png,智永,楷,威,377,0,1272,1272
final_images/57420.png,赵孟𫖯,隶,威,801,4,1272,29376
final_images/57431.png,金农,隶,威,855,4,1272,29376
final_images/57506.png,吴叡,隶,娛,171,4,1278,29382
final_images/57620.png,吴叡,隶,娯,171,4,1285,29389
final_images/57840.png,颜真卿,楷,婦,956,0,1294,1294
final_images/57842.png,智永,楷,婦,377,0,1294,1294
final_images/57919.png,王澍,隶,婦,589,4,1294,29398
final_images/57920.png,陈鸿寿,隶,婦,920,4,1294,29398
final_images/57939.png,柳公权,楷,婺,461,0,1296,1296
final_images/57971.png,柳公权,楷,媒,461,0,1299,1299
final_images/58106.png,柳公权,楷,媧,461,0,1305,1305
final_images/58120.png,欧阳询,楷,媯,479,0,1307,1307
final_images/58121.png,褚遂良,楷,媯,760,0,1307,1307
final_images/58235.png,吴叡,隶,嫉,171,4,1313,29417
final_images/58290.png,赵孟𫖯,楷,嫡,801,0,1317,1317
final_images/58291.png,褚遂良,楷,嫡,760,0,1317,1317
final_images/58304.png,王澍,隶,嫡,589,4,1317,29421
final_images/58332.png,褚遂良,楷,嬀,760,0,1320,1320
final_images/58350.png,赵孟𫖯,楷,嬈,801,0,1321,1321
final_images/58363.png,柳公权,楷,嬉,461,0,1322,1322
final_images/58365.png,颜真卿,楷,嬉,956,0,1322,1322
final_images/58413.png,柳公权,楷,嬪,461,0,1327,1327
final_images/58512.png,柳公权,楷,子,461,0,1332,1332
final_images/58513.png,欧阳询,楷,子,479,0,1332,1332
final_images/58516.png,褚遂良,楷,子,760,0,1332,1332
final_images/58521.png,智永,楷,子,377,0,1332,1332
final_images/58899.png,吴叡,隶,子,171,4,1332,29436
final_images/58900.png,赵孟𫖯,隶,子,801,4,1332,29436
final_images/58925.png,金农,隶,子,855,4,1332,29436
final_images/58927.png,陈鸿寿,隶,子,920,4,1332,29436
final_images/58928.png,陈鸿寿,隶,子,920,4,1332,29436
final_images/58952.png,欧阳询,楷,孔,479,0,1333,1333
final_images/58953.png,颜真卿,楷,孔,956,0,1333,1333
final_images/58957.png,智永,楷,孔,377,0,1333,1333
final_images/59031.png,赵孟𫖯,隶,孔,801,4,1333,29437
final_images/59039.png,王澍,隶,孔,589,4,1333,29437
final_images/59084.png,赵孟𫖯,楷,字,801,0,1335,1335
final_images/59160.png,金农,隶,字,855,4,1335,29439
final_images/59184.png,欧阳询,楷,存,479,0,1336,1336
final_images/59187.png,智永,楷,存,377,0,1336,1336
final_images/59244.png,王澍,隶,存,589,4,1336,29440
final_images/59266.png,颜真卿,楷,孚,956,0,1338,1338
final_images/59353.png,赵孟𫖯,楷,孝,801,0,1341,1341
final_images/59359.png,柳公权,楷,孝,461,0,1341,1341
final_images/59361.png,褚遂良,楷,孝,760,0,1341,1341
final_images/59365.png,智永,楷,孝,377,0,1341,1341
final_images/59366.png,智永,楷,孝,377,0,1341,1341
final_images/59459.png,金农,隶,孝,855,4,1341,29445
final_images/59464.png,赵孟𫖯,楷,孟,801,0,1342,1342
final_images/59465.png,赵孟𫖯,楷,孟,801,0,1342,1342
final_images/59468.png,欧阳询,楷,孟,479,0,1342,1342
final_images/59469.png,褚遂良,楷,孟,760,0,1342,1342
final_images/59562.png,吴叡,隶,孟,171,4,1342,29446
final_images/59569.png,王澍,隶,孟,589,4,1342,29446
final_images/59570.png,邓石如,隶,孟,828,4,1342,29446
final_images/59591.png,赵孟𫖯,楷,季,801,0,1344,1344
final_images/59594.png,欧阳询,楷,季,479,0,1344,1344
final_images/59758.png,褚遂良,楷,孤,760,0,1345,1345
final_images/59763.png,智永,楷,孤,377,0,1345,1345
final_images/59810.png,赵孟𫖯,隶,孤,801,4,1345,29449
final_images/59816.png,邓石如,隶,孤,828,4,1345,29449
final_images/59817.png,金农,隶,孤,855,4,1345,29449
final_images/59876.png,褚遂良,楷,孫,760,0,1348,1348
final_images/59877.png,颜真卿,楷,孫,956,0,1348,1348
final_images/60009.png,金农,隶,孫,855,4,1348,29452
final_images/60010.png,陈鸿寿,隶,孫,920,4,1348,29452
final_images/60021.png,赵孟𫖯,楷,孰,801,0,1349,1349
final_images/60023.png,颜真卿,楷,孰,956,0,1349,1349
final_images/60024.png,智永,楷,孰,377,0,1349,1349
final_images/60061.png,吴叡,隶,孰,171,4,1349,29453
final_images/60062.png,吴叡,隶,孰,171,4,1349,29453
final_images/60063.png,赵孟𫖯,隶,孰,801,4,1349,29453
final_images/60118.png,赵孟𫖯,楷,學,801,0,1354,1354
final_images/60120.png,欧阳询,楷,學,479,0,1354,1354
final_images/60122.png,颜真卿,楷,學,956,0,1354,1354
final_images/60211.png,邓石如,隶,學,828,4,1354,29458
final_images/60213.png,金农,隶,學,855,4,1354,29458
final_images/60258.png,颜真卿,楷,孽,956,0,1356,1356
final_images/60488.png,智永,楷,宅,377,0,1362,1362
final_images/60548.png,赵孟𫖯,隶,宅,801,4,1362,29466
final_images/60552.png,王澍,隶,宅,589,4,1362,29466
final_images/60569.png,欧阳询,楷,宇,479,0,1363,1363
final_images/60574.png,智永,楷,宇,377,0,1363,1363
final_images/60644.png,褚遂良,楷,守,760,0,1364,1364
final_images/60645.png,颜真卿,楷,守,956,0,1364,1364
final_images/60648.png,智永,楷,守,377,0,1364,1364
final_images/60771.png,欧阳询,楷,安,479,0,1365,1365
final_images/60772.png,褚遂良,楷,安,760,0,1365,1365
final_images/60776.png,智永,楷,安,377,0,1365,1365
final_images/60915.png,邓石如,隶,安,828,4,1365,29469
final_images/60936.png,赵孟𫖯,楷,宋,801,0,1366,1366
final_images/60938.png,褚遂良,楷,宋,760,0,1366,1366
final_images/60939.png,颜真卿,楷,宋,956,0,1366,1366
final_images/61026.png,邓石如,隶,宋,828,4,1366,29470
final_images/61137.png,吴叡,隶,宓,171,4,1369,29473
final_images/61221.png,柳公权,楷,宗,461,0,1371,1371
final_images/61222.png,欧阳询,楷,宗,479,0,1371,1371
final_images/61224.png,褚遂良,楷,宗,760,0,1371,1371
final_images/61225.png,颜真卿,楷,宗,956,0,1371,1371
final_images/61228.png,智永,楷,宗,377,0,1371,1371
final_images/61356.png,吴叡,隶,宗,171,4,1371,29475
final_images/61357.png,赵孟𫖯,隶,宗,801,4,1371,29475
final_images/61372.png,金农,隶,宗,855,4,1371,29475
final_images/61384.png,柳公权,楷,官,461,0,1372,1372
final_images/61385.png,欧阳询,楷,官,479,0,1372,1372
final_images/61387.png,智永,楷,官,377,0,1372,1372
final_images/61512.png,赵孟𫖯,隶,官,801,4,1372,29476
final_images/61527.png,陈鸿寿,隶,官,920,4,1372,29476
final_images/61544.png,褚遂良,楷,宙,760,0,1373,1373
final_images/61546.png,智永,楷,宙,377,0,1373,1373
final_images/61567.png,赵孟𫖯,隶,宙,801,4,1373,29477
final_images/61569.png,邓石如,隶,宙,828,4,1373,29477
final_images/61700.png,赵孟𫖯,隶,定,801,4,1374,29478
final_images/61766.png,欧阳询,楷,宜,479,0,1376,1376
final_images/61767.png,颜真卿,楷,宜,956,0,1376,1376
final_images/61894.png,赵孟𫖯,隶,宜,801,4,1376,29480
final_images/61904.png,陈鸿寿,隶,宜,920,4,1376,29480
final_images/61918.png,赵孟𫖯,楷,客,801,0,1377,1377
final_images/61921.png,欧阳询,楷,客,479,0,1377,1377
final_images/61922.png,褚遂良,楷,客,760,0,1377,1377
final_images/62041.png,褚遂良,楷,宣,760,0,1378,1378
final_images/62043.png,智永,楷,宣,377,0,1378,1378
final_images/62085.png,赵孟𫖯,隶,宣,801,4,1378,29482
final_images/62100.png,金农,隶,宣,855,4,1378,29482
final_images/62101.png,陈鸿寿,隶,宣,920,4,1378,29482
final_images/62115.png,欧阳询,楷,室,479,0,1379,1379
final_images/62117.png,褚遂良,楷,室,760,0,1379,1379
final_images/62248.png,金农,隶,室,855,4,1379,29483
final_images/62249.png,陈鸿寿,隶,室,920,4,1379,29483
final_images/62250.png,陈鸿寿,隶,室,920,4,1379,29483
final_images/62300.png,陈鸿寿,隶,宦,920,4,1381,29485
final_images/62437.png,赵孟𫖯,隶,宫,801,4,1382,29486
final_images/62444.png,邓石如,隶,宫,828,4,1382,29486
final_images/62572.png,赵孟𫖯,隶,宮,801,4,1384,29488
final_images/62595.png,智永,楷,宰,377,0,1385,1385
final_images/62658.png,王澍,隶,宰,589,4,1385,29489
final_images/62683.png,颜真卿,楷,害,956,0,1387,1387
final_images/62762.png,吴叡,隶,害,171,4,1387,29491
final_images/62783.png,赵孟𫖯,楷,宴,801,0,1388,1388
final_images/62866.png,柳公权,楷,家,461,0,1390,1390
final_images/62867.png,褚遂良,楷,家,760,0,1390,1390
final_images/62868.png,颜真卿,楷,家,956,0,1390,1390
final_images/62870.png,智永,楷,家,377,0,1390,1390
final_images/62988.png,赵孟𫖯,隶,家,801,4,1390,29494
final_images/63001.png,王澍,隶,家,589,4,1390,29494
final_images/63002.png,邓石如,隶,家,828,4,1390,29494
final_images/63003.png,陈鸿寿,隶,家,920,4,1390,29494
final_images/63027.png,颜真卿,楷,宸,956,0,1392,1392
final_images/63051.png,褚遂良,楷,容,760,0,1393,1393
final_images/63052.png,颜真卿,楷,容,956,0,1393,1393
final_images/63053.png,智永,楷,容,377,0,1393,1393
final_images/63091.png,吴叡,隶,容,171,4,1393,29497
final_images/63092.png,吴叡,隶,容,171,4,1393,29497
final_images/63093.png,赵孟𫖯,隶,容,801,4,1393,29497
final_images/63132.png,褚遂良,楷,宿,760,0,1395,1395
final_images/63134.png,智永,楷,宿,377,0,1395,1395
final_images/63191.png,吴叡,隶,宿,171,4,1395,29499
final_images/63224.png,褚遂良,楷,寂,760,0,1397,1397
final_images/63227.png,智永,楷,寂,377,0,1397,1397
final_images/63249.png,赵孟𫖯,楷,寃,801,0,1398,1398
final_images/63250.png,欧阳询,楷,寃,479,0,1398,1398
final_images/63251.png,颜真卿,楷,寃,956,0,1398,1398
final_images/63275.png,欧阳询,楷,寄,479,0,1399,1399
final_images/63326.png,褚遂良,楷,寅,760,0,1400,1400
final_images/63475.png,褚遂良,楷,密,760,0,1401,1401
final_images/63476.png,颜真卿,楷,密,956,0,1401,1401
final_images/63521.png,赵孟𫖯,隶,密,801,4,1401,29505
final_images/63524.png,陈鸿寿,隶,密,920,4,1401,29505
final_images/63533.png,赵孟𫖯,楷,寇,801,0,1402,1402
final_images/63534.png,柳公权,楷,寇,461,0,1402,1402
final_images/63535.png,颜真卿,楷,寇,956,0,1402,1402
final_images/63673.png,赵孟𫖯,隶,富,801,4,1404,29508
final_images/63675.png,邓石如,隶,富,828,4,1404,29508
final_images/63676.png,金农,隶,富,855,4,1404,29508
final_images/63677.png,陈鸿寿,隶,富,920,4,1404,29508
final_images/63713.png,赵孟𫖯,楷,寐,801,0,1406,1406
final_images/63714.png,智永,楷,寐,377,0,1406,1406
final_images/63735.png,赵孟𫖯,隶,寐,801,4,1406,29510
final_images/63736.png,王澍,隶,寐,589,4,1406,29510
final_images/63753.png,智永,楷,寒,377,0,1407,1407
final_images/63860.png,智永,楷,寓,377,0,1408,1408
final_images/63887.png,赵孟𫖯,隶,寓,801,4,1408,29512
final_images/63891.png,邓石如,隶,寓,828,4,1408,29512
final_images/63898.png,欧阳询,楷,寔,479,0,1409,1409
final_images/63904.png,赵孟𫖯,隶,寔,801,4,1409,29513
final_images/63909.png,王澍,隶,寔,589,4,1409,29513
final_images/63919.png,金农,隶,寖,855,4,1410,29514
final_images/63922.png,赵孟𫖯,楷,寘,801,0,1411,1411
final_images/63923.png,柳公权,楷,寘,461,0,1411,1411
final_images/63940.png,赵孟𫖯,楷,寛,801,0,1413,1413
final_images/63942.png,欧阳询,楷,寛,479,0,1413,1413
final_images/63965.png,陈鸿寿,隶,寛,920,4,1413,29517
final_images/63977.png,欧阳询,楷,寜,479,0,1414,1414
final_images/64030.png,吴叡,隶,寜,171,4,1414,29518
final_images/64031.png,赵孟𫖯,隶,寜,801,4,1414,29518
final_images/64042.png,王澍,隶,寜,589,4,1414,29518
final_images/64043.png,陈鸿寿,隶,寜,920,4,1414,29518
final_images/64053.png,赵孟𫖯,楷,寝,801,0,1415,1415
final_images/64058.png,柳公权,楷,寝,461,0,1415,1415
final_images/64059.png,颜真卿,楷,寝,956,0,1415,1415
final_images/64120.png,柳公权,楷,察,461,0,1417,1417
final_images/64121.png,欧阳询,楷,察,479,0,1417,1417
final_images/64122.png,褚遂良,楷,察,760,0,1417,1417
final_images/64124.png,智永,楷,察,377,0,1417,1417
final_images/64157.png,赵孟𫖯,隶,察,801,4,1417,29521
final_images/64176.png,欧阳询,楷,寡,479,0,1418,1418
final_images/64178.png,褚遂良,楷,寡,760,0,1418,1418
final_images/64180.png,智永,楷,寡,377,0,1418,1418
final_images/64254.png,王澍,隶,寡,589,4,1418,29522
final_images/64255.png,邓石如,隶,寡,828,4,1418,29522
final_images/64265.png,柳公权,楷,寢,461,0,1419,1419
final_images/64266.png,颜真卿,楷,寢,956,0,1419,1419
final_images/64299.png,吴叡,隶,寤,171,4,1420,29524
final_images/64311.png,颜真卿,楷,寥,956,0,1421,1421
final_images/64341.png,欧阳询,楷,實,479,0,1422,1422
final_images/64343.png,褚遂良,楷,實,760,0,1422,1422
final_images/64344.png,颜真卿,楷,實,956,0,1422,1422
final_images/64348.png,智永,楷,實,377,0,1422,1422
final_images/64416.png,吴叡,隶,實,171,4,1422,29526
final_images/64417.png,赵孟𫖯,隶,實,801,4,1422,29526
final_images/64419.png,王澍,隶,實,589,4,1422,29526
final_images/64421.png,金农,隶,實,855,4,1422,29526
final_images/64429.png,欧阳询,楷,寧,479,0,1423,1423
final_images/64431.png,褚遂良,楷,寧,760,0,1423,1423
final_images/64484.png,吴叡,隶,寧,171,4,1423,29527
final_images/64485.png,赵孟𫖯,隶,寧,801,4,1423,29527
final_images/64498.png,王澍,隶,寧,589,4,1423,29527
final_images/64499.png,陈鸿寿,隶,寧,920,4,1423,29527
final_images/64557.png,赵孟𫖯,隶,審,801,4,1425,29529
final_images/64562.png,王澍,隶,審,589,4,1425,29529
final_images/64566.png,赵孟𫖯,楷,寫,801,0,1426,1426
final_images/64568.png,颜真卿,楷,寫,956,0,1426,1426
final_images/64575.png,智永,楷,寫,377,0,1426,1426
final_images/64612.png,赵孟𫖯,隶,寫,801,4,1426,29530
final_images/64621.png,欧阳询,楷,寬,479,0,1427,1427
final_images/64623.png,颜真卿,楷,寬,956,0,1427,1427
final_images/64706.png,褚遂良,楷,寳,760,0,1430,1430
final_images/64709.png,智永,楷,寳,377,0,1430,1430
final_images/64726.png,欧阳询,楷,寵,479,0,1432,1432
final_images/64753.png,赵孟𫖯,隶,寵,801,4,1432,29536
final_images/64760.png,颜真卿,楷,寶,956,0,1433,1433
final_images/64861.png,赵孟𫖯,隶,寶,801,4,1433,29537
final_images/64887.png,柳公权,楷,寸,461,0,1434,1434
final_images/64889.png,智永,楷,寸,377,0,1434,1434
final_images/64936.png,赵孟𫖯,隶,寸,801,4,1434,29538
final_images/64957.png,柳公权,楷,寺,461,0,1435,1435
final_images/64958.png,褚遂良,楷,寺,760,0,1435,1435
final_images/64959.png,颜真卿,楷,寺,956,0,1435,1435
final_images/65090.png,智永,楷,封,377,0,1439,1439
final_images/65128.png,吴叡,隶,封,171,4,1439,29543
final_images/65129.png,赵孟𫖯,隶,封,801,4,1439,29543
final_images/65140.png,王澍,隶,封,589,4,1439,29543
final_images/65142.png,陈鸿寿,隶,封,920,4,1439,29543
final_images/65221.png,赵孟𫖯,楷,射,801,0,1442,1442
final_images/65223.png,褚遂良,楷,射,760,0,1442,1442
final_images/65224.png,颜真卿,楷,射,956,0,1442,1442
final_images/65226.png,智永,楷,射,377,0,1442,1442
final_images/65308.png,吴叡,隶,射,171,4,1442,29546
final_images/65309.png,赵孟𫖯,隶,射,801,4,1442,29546
final_images/65317.png,王澍,隶,射,589,4,1442,29546
final_images/65330.png,柳公权,楷,将,461,0,1443,1443
final_images/65333.png,颜真卿,楷,将,956,0,1443,1443
final_images/65340.png,智永,楷,将,377,0,1443,1443
final_images/65416.png,吴叡,隶,将,171,4,1443,29547
final_images/65432.png,王澍,隶,将,589,4,1443,29547
final_images/65448.png,欧阳询,楷,將,479,0,1444,1444
final_images/65450.png,褚遂良,楷,將,760,0,1444,1444
final_images/65451.png,褚遂良,楷,將,760,0,1444,1444
final_images/65452.png,颜真卿,楷,將,956,0,1444,1444
final_images/65533.png,吴叡,隶,將,171,4,1444,29548
final_images/65534.png,赵孟𫖯,隶,將,801,4,1444,29548
final_images/65548.png,金农,隶,將,855,4,1444,29548
final_images/65582.png,吴叡,隶,專,171,4,1445,29549
final_images/65602.png,颜真卿,楷,尉,956,0,1446,1446
final_images/65661.png,颜真卿,楷,尊,956,0,1447,1447
final_images/65693.png,赵孟𫖯,隶,尊,801,4,1447,29551
final_images/65699.png,王澍,隶,尊,589,4,1447,29551
final_images/65700.png,邓石如,隶,尊,828,4,1447,29551
final_images/65707.png,欧阳询,楷,尋,479,0,1448,1448
final_images/65708.png,颜真卿,楷,尋,956,0,1448,1448
final_images/65747.png,赵孟𫖯,隶,尋,801,4,1448,29552
final_images/65751.png,王澍,隶,尋,589,4,1448,29552
final_images/65767.png,吴叡,隶,尌,171,4,1449,29553
final_images/65773.png,颜真卿,楷,對,956,0,1450,1450
final_images/65776.png,智永,楷,對,377,0,1450,1450
final_images/65896.png,赵孟𫖯,隶,對,801,4,1450,29554
final_images/65909.png,颜真卿,楷,導,956,0,1451,1451
final_images/65947.png,柳公权,楷,小,461,0,1452,1452
final_images/65948.png,褚遂良,楷,小,760,0,1452,1452
final_images/65949.png,颜真卿,楷,小,956,0,1452,1452
final_images/66046.png,陈鸿寿,隶,小,920,4,1452,29556
final_images/66097.png,赵孟𫖯,楷,少,801,0,1453,1453
final_images/66099.png,颜真卿,楷,少,956,0,1453,1453
final_images/66250.png,吴叡,隶,少,171,4,1453,29557
final_images/66261.png,王澍,隶,少,589,4,1453,29557
final_images/66262.png,邓石如,隶,少,828,4,1453,29557
final_images/66263.png,金农,隶,少,855,4,1453,29557
final_images/66266.png,陈鸿寿,隶,少,920,4,1453,29557
final_images/66405.png,赵孟𫖯,楷,尙,801,0,1458,1458
final_images/66412.png,柳公权,楷,尙,461,0,1458,1458
final_images/66413.png,欧阳询,楷,尙,479,0,1458,1458
final_images/66414.png,褚遂良,楷,尙,760,0,1458,1458
final_images/66560.png,赵孟𫖯,楷,尚,801,0,1459,1459
final_images/66565.png,欧阳询,楷,尚,479,0,1459,1459
final_images/66566.png,褚遂良,楷,尚,760,0,1459,1459
final_images/66567.png,颜真卿,楷,尚,956,0,1459,1459
final_images/66793.png,赵孟𫖯,楷,尤,801,0,1463,1463
final_images/66797.png,颜真卿,楷,尤,956,0,1463,1463
final_images/66814.png,吴叡,隶,尤,171,4,1463,29567
final_images/66859.png,柳公权,楷,就,461,0,1467,1467
final_images/66862.png,褚遂良,楷,就,760,0,1467,1467
final_images/66901.png,吴叡,隶,就,171,4,1467,29571
final_images/66919.png,褚遂良,楷,尸,760,0,1468,1468
final_images/66988.png,赵孟𫖯,楷,尹,801,0,1469,1469
final_images/67148.png,赵孟𫖯,隶,尹,801,4,1469,29573
final_images/67168.png,赵孟𫖯,楷,尺,801,0,1470,1470
final_images/67170.png,柳公权,楷,尺,461,0,1470,1470
final_images/67172.png,颜真卿,楷,尺,956,0,1470,1470
final_images/67175.png,智永,楷,尺,377,0,1470,1470
final_images/67215.png,赵孟𫖯,隶,尺,801,4,1470,29574
final_images/67353.png,颜真卿,楷,局,956,0,1474,1474
final_images/67367.png,吴叡,隶,局,171,4,1474,29578
final_images/67368.png,陈鸿寿,隶,局,920,4,1474,29578
final_images/67395.png,欧阳询,楷,居,479,0,1476,1476
final_images/67396.png,褚遂良,楷,居,760,0,1476,1476
final_images/67397.png,褚遂良,楷,居,760,0,1476,1476
final_images/67400.png,智永,楷,居,377,0,1476,1476
final_images/67482.png,金农,隶,居,855,4,1476,29580
final_images/67483.png,金农,隶,居,855,4,1476,29580
final_images/67574.png,金农,隶,屈,855,4,1477,29581
final_images/67715.png,赵孟𫖯,楷,屑,801,0,1481,1481
final_images/67737.png,赵孟𫖯,楷,展,801,0,1482,1482
final_images/67739.png,柳公权,楷,展,461,0,1482,1482
final_images/67816.png,金农,隶,屛,855,4,1484,29588
final_images/67852.png,欧阳询,楷,屢,479,0,1486,1486
final_images/67875.png,褚遂良,楷,屣,760,0,1487,1487
final_images/67882.png,颜真卿,楷,層,956,0,1488,1488
final_images/67957.png,赵孟𫖯,隶,履,801,4,1489,29593
final_images/67981.png,赵孟𫖯,楷,屬,801,0,1491,1491
final_images/67985.png,颜真卿,楷,屬,956,0,1491,1491
final_images/68026.png,吴叡,隶,屬,171,4,1491,29595
final_images/68027.png,赵孟𫖯,隶,屬,801,4,1491,29595
final_images/68241.png,赵孟𫖯,楷,山,801,0,1495,1495
final_images/68253.png,柳公权,楷,山,461,0,1495,1495
final_images/68254.png,欧阳询,楷,山,479,0,1495,1495
final_images/68442.png,邓石如,隶,山,828,4,1495,29599
final_images/68443.png,邓石如,隶,山,828,4,1495,29599
final_images/68444.png,邓石如,隶,山,828,4,1495,29599
final_images/68447.png,金农,隶,山,855,4,1495,29599
final_images/68448.png,陈鸿寿,隶,山,920,4,1495,29599
final_images/68582.png,王澍,隶,岡,589,4,1503,29607
final_images/68583.png,王澍,隶,岡,589,4,1503,29607
final_images/68624.png,智永,楷,岫,377,0,1506,1506
final_images/68647.png,赵孟𫖯,隶,岫,801,4,1506,29610
final_images/68648.png,王澍,隶,岫,589,4,1506,29610
final_images/68668.png,褚遂良,楷,岱,760,0,1507,1507
final_images/68671.png,智永,楷,岱,377,0,1507,1507
final_images/68687.png,赵孟𫖯,隶,岱,801,4,1507,29611
final_images/68689.png,王澍,隶,岱,589,4,1507,29611
final_images/68799.png,褚遂良,楷,岸,760,0,1511,1511
final_images/68817.png,邓石如,隶,岸,828,4,1511,29615
final_images/68832.png,赵孟𫖯,楷,峒,801,0,1513,1513
final_images/68867.png,柳公权,楷,峥,461,0,1515,1515
final_images/68905.png,邓石如,隶,峨,828,4,1517,29621
final_images/68924.png,褚遂良,楷,峯,760,0,1518,1518
final_images/68962.png,邓石如,隶,峰,828,4,1519,29623
final_images/68967.png,柳公权,楷,峴,461,0,1520,1520
final_images/68971.png,颜真卿,楷,島,956,0,1521,1521
final_images/68997.png,褚遂良,楷,峻,760,0,1522,1522
final_images/69017.png,吴叡,隶,峻,171,4,1522,29626
final_images/69026.png,颜真卿,楷,峽,956,0,1523,1523
final_images/69045.png,褚遂良,楷,崇,760,0,1524,1524
final_images/69046.png,颜真卿,楷,崇,956,0,1524,1524
final_images/69091.png,陈鸿寿,隶,崇,920,4,1524,29628
final_images/69111.png,赵孟𫖯,楷,崐,801,0,1526,1526
final_images/69112.png,褚遂良,楷,崐,760,0,1526,1526
final_images/69115.png,智永,楷,崐,377,0,1526,1526
final_images/69148.png,柳公权,楷,崔,461,0,1528,1528
final_images/69194.png,赵孟𫖯,楷,崖,801,0,1529,1529
final_images/69196.png,颜真卿,楷,崖,956,0,1529,1529
final_images/69217.png,智永,楷,崗,377,0,1530,1530
final_images/69240.png,褚遂良,楷,崛,760,0,1532,1532
final_images/69241.png,颜真卿,楷,崛,956,0,1532,1532
final_images/69246.png,柳公权,楷,崢,461,0,1533,1533
final_images/69253.png,褚遂良,楷,崤,760,0,1534,1534
final_images/69312.png,智永,楷,嵇,377,0,1537,1537
final_images/69319.png,赵孟𫖯,隶,嵇,801,4,1537,29641
final_images/69358.png,柳公权,楷,嵩,461,0,1540,1540
final_images/69370.png,金农,隶,嵩,855,4,1540,29644
final_images/69461.png,柳公权,楷,嶸,461,0,1548,1548
final_images/69462.png,欧阳询,楷,嶸,479,0,1548,1548
final_images/69466.png,赵孟𫖯,楷,嶺,801,0,1549,1549
final_images/69469.png,褚遂良,楷,嶺,760,0,1549,1549
final_images/69470.png,颜真卿,楷,嶺,956,0,1549,1549
final_images/69494.png,赵孟𫖯,隶,嶽,801,4,1550,29654
final_images/69500.png,金农,隶,嶽,855,4,1550,29654
final_images/69573.png,颜真卿,楷,巒,956,0,1554,1554
final_images/69583.png,柳公权,楷,巖,461,0,1555,1555
final_images/69584.png,褚遂良,楷,巖,760,0,1555,1555
final_images/69585.png,颜真卿,楷,巖,956,0,1555,1555
final_images/69588.png,智永,楷,巖,377,0,1555,1555
final_images/69615.png,王澍,隶,巗,589,4,1556,29660
final_images/69617.png,金农,隶,巗,855,4,1556,29660
final_images/69624.png,褚遂良,楷,巘,760,0,1557,1557
final_images/69652.png,赵孟𫖯,楷,川,801,0,1558,1558
final_images/69654.png,欧阳询,楷,川,479,0,1558,1558
final_images/69656.png,褚遂良,楷,川,760,0,1558,1558
final_images/69723.png,赵孟𫖯,隶,川,801,4,1558,29662
final_images/69732.png,邓石如,隶,川,828,4,1558,29662
final_images/69733.png,陈鸿寿,隶,川,920,4,1558,29662
final_images/69748.png,赵孟𫖯,楷,州,801,0,1559,1559
final_images/69757.png,欧阳询,楷,州,479,0,1559,1559
final_images/69758.png,褚遂良,楷,州,760,0,1559,1559
final_images/69871.png,赵孟𫖯,隶,州,801,4,1559,29663
final_images/69889.png,王澍,隶,州,589,4,1559,29663
final_images/69942.png,褚遂良,楷,巡,760,0,1562,1562
final_images/69943.png,颜真卿,楷,巡,956,0,1562,1562
final_images/69964.png,金农,隶,巡,855,4,1562,29666
final_images/69983.png,赵孟𫖯,楷,巢,801,0,1563,1563
final_images/69985.png,颜真卿,楷,巢,956,0,1563,1563
final_images/70035.png,赵孟𫖯,楷,工,801,0,1564,1564
final_images/70036.png,柳公权,楷,工,461,0,1564,1564
final_images/70037.png,欧阳询,楷,工,479,0,1564,1564
final_images/70039.png,智永,楷,工,377,0,1564,1564
final_images/70143.png,吴叡,隶,工,171,4,1564,29668
final_images/70144.png,赵孟𫖯,隶,工,801,4,1564,29668
final_images/70149.png,王澍,隶,工,589,4,1564,29668
final_images/70150.png,邓石如,隶,工,828,4,1564,29668
final_images/70171.png,赵孟𫖯,楷,左,801,0,1565,1565
final_images/70173.png,颜真卿,楷,左,956,0,1565,1565
final_images/70178.png,智永,楷,左,377,0,1565,1565
final_images/70330.png,吴叡,隶,左,171,4,1565,29669
final_images/70331.png,赵孟𫖯,隶,左,801,4,1565,29669
final_images/70335.png,王澍,隶,左,589,4,1565,29669
final_images/70356.png,褚遂良,楷,巧,760,0,1566,1566
final_images/70357.png,智永,楷,巧,377,0,1566,1566
final_images/70393.png,吴叡,隶,巧,171,4,1566,29670
final_images/70394.png,赵孟𫖯,隶,巧,801,4,1566,29670
final_images/70486.png,褚遂良,楷,巫,760,0,1569,1569
final_images/70531.png,吴叡,隶,巫,171,4,1569,29673
final_images/70557.png,欧阳询,楷,差,479,0,1570,1570
final_images/70617.png,赵孟𫖯,楷,己,801,0,1571,1571
final_images/70618.png,赵孟𫖯,楷,己,801,0,1571,1571
final_images/70623.png,褚遂良,楷,己,760,0,1571,1571
final_images/70786.png,吴叡,隶,己,171,4,1571,29675
final_images/70787.png,赵孟𫖯,隶,己,801,4,1571,29675
final_images/70799.png,陈鸿寿,隶,己,920,4,1571,29675
final_images/70811.png,赵孟𫖯,楷,已,801,0,1572,1572
final_images/70812.png,赵孟𫖯,楷,已,801,0,1572,1572
final_images/70817.png,柳公权,楷,已,461,0,1572,1572
final_images/70818.png,柳公权,楷,已,461,0,1572,1572
final_images/70819.png,欧阳询,楷,已,479,0,1572,1572
final_images/70820.png,褚遂良,楷,已,760,0,1572,1572
final_images/70821.png,褚遂良,楷,已,760,0,1572,1572
final_images/70825.png,智永,楷,已,377,0,1572,1572
final_images/70913.png,褚遂良,楷,巳,760,0,1573,1573
final_images/71037.png,吴叡,隶,巳,171,4,1573,29677
final_images/71046.png,金农,隶,巳,855,4,1573,29677
final_images/71047.png,陈鸿寿,隶,巳,920,4,1573,29677
final_images/71117.png,赵孟𫖯,楷,巷,801,0,1576,1576
final_images/71118.png,颜真卿,楷,巷,956,0,1576,1576
final_images/71152.png,赵孟𫖯,楷,巻,801,0,1578,1578
final_images/71153.png,颜真卿,楷,巻,956,0,1578,1578
final_images/71186.png,金农,隶,巻,855,4,1578,29682
final_images/71193.png,柳公权,楷,巽,461,0,1579,1579
final_images/71241.png,智永,楷,巾,377,0,1580,1580
final_images/71275.png,赵孟𫖯,隶,巾,801,4,1580,29684
final_images/71277.png,王澍,隶,巾,589,4,1580,29684
final_images/71482.png,赵孟𫖯,楷,布,801,0,1584,1584
final_images/71484.png,柳公权,楷,布,461,0,1584,1584
final_images/71567.png,褚遂良,楷,帋,760,0,1586,1586
final_images/71593.png,赵孟𫖯,楷,希,801,0,1587,1587
final_images/71596.png,褚遂良,楷,希,760,0,1587,1587
final_images/71597.png,颜真卿,楷,希,956,0,1587,1587
final_images/71681.png,颜真卿,楷,帖,956,0,1590,1590
final_images/71789.png,欧阳询,楷,帛,479,0,1593,1593
final_images/71844.png,柳公权,楷,帝,461,0,1594,1594
final_images/71845.png,欧阳询,楷,帝,479,0,1594,1594
final_images/71847.png,褚遂良,楷,帝,760,0,1594,1594
final_images/71848.png,颜真卿,楷,帝,956,0,1594,1594
final_images/71851.png,智永,楷,帝,377,0,1594,1594
final_images/71965.png,吴叡,隶,帝,171,4,1594,29698
final_images/71966.png,赵孟𫖯,隶,帝,801,4,1594,29698
final_images/71982.png,王澍,隶,帝,589,4,1594,29698
final_images/71988.png,赵孟𫖯,楷,帥,801,0,1595,1595
final_images/72023.png,吴叡,隶,帥,171,4,1595,29699
final_images/72056.png,欧阳询,楷,師,479,0,1597,1597
final_images/72058.png,褚遂良,楷,師,760,0,1597,1597
final_images/72159.png,吴叡,隶,師,171,4,1597,29701
final_images/72160.png,赵孟𫖯,隶,師,801,4,1597,29701
final_images/72174.png,邓石如,隶,師,828,4,1597,29701
final_images/72207.png,颜真卿,楷,席,956,0,1599,1599
final_images/72251.png,王澍,隶,席,589,4,1599,29703
final_images/72256.png,赵孟𫖯,楷,帯,801,0,1600,1600
final_images/72258.png,柳公权,楷,帯,461,0,1600,1600
final_images/72259.png,欧阳询,楷,帯,479,0,1600,1600
final_images/72304.png,赵孟𫖯,隶,帯,801,4,1600,29704
final_images/72312.png,智永,楷,帳,377,0,1601,1601
final_images/72323.png,王澍,隶,帳,589,4,1601,29705
final_images/72334.png,赵孟𫖯,楷,帶,801,0,1602,1602
final_images/72336.png,欧阳询,楷,帶,479,0,1602,1602
final_images/72341.png,智永,楷,帶,377,0,1602,1602
final_images/72383.png,王澍,隶,帶,589,4,1602,29706
final_images/72395.png,赵孟𫖯,楷,帷,801,0,1603,1603
final_images/72396.png,智永,楷,帷,377,0,1603,1603
final_images/72414.png,赵孟𫖯,隶,帷,801,4,1603,29707
final_images/72426.png,赵孟𫖯,楷,常,801,0,1604,1604
final_images/72428.png,颜真卿,楷,常,956,0,1604,1604
final_images/72498.png,赵孟𫖯,隶,常,801,4,1604,29708
final_images/72511.png,王澍,隶,常,589,4,1604,29708
final_images/72529.png,柳公权,楷,幄,461,0,1606,1606
final_images/72591.png,柳公权,楷,幕,461,0,1609,1609
final_images/72592.png,颜真卿,楷,幕,956,0,1609,1609
final_images/72743.png,柳公权,楷,平,461,0,1617,1617
final_images/72744.png,颜真卿,楷,平,956,0,1617,1617
final_images/72751.png,智永,楷,平,377,0,1617,1617
final_images/72843.png,赵孟𫖯,隶,平,801,4,1617,29721
final_images/72862.png,金农,隶,平,855,4,1617,29721
final_images/72878.png,赵孟𫖯,楷,年,801,0,1618,1618
final_images/72888.png,欧阳询,楷,年,479,0,1618,1618
final_images/72890.png,褚遂良,楷,年,760,0,1618,1618
final_images/72891.png,褚遂良,楷,年,760,0,1618,1618
final_images/72892.png,褚遂良,楷,年,760,0,1618,1618
final_images/72893.png,颜真卿,楷,年,956,0,1618,1618
final_images/73213.png,吴叡,隶,年,171,4,1618,29722
final_images/73241.png,金农,隶,年,855,4,1618,29722
final_images/73242.png,金农,隶,年,855,4,1618,29722
final_images/73243.png,金农,隶,年,855,4,1618,29722
final_images/73244.png,陈鸿寿,隶,年,920,4,1618,29722
final_images/73245.png,陈鸿寿,隶,年,920,4,1618,29722
final_images/73276.png,赵孟𫖯,楷,并,801,0,1620,1620
final_images/73277.png,欧阳询,楷,并,479,0,1620,1620
final_images/73278.png,颜真卿,楷,并,956,0,1620,1620
final_images/73346.png,赵孟𫖯,隶,并,801,4,1620,29724
final_images/73361.png,赵孟𫖯,楷,幷,801,0,1621,1621
final_images/73362.png,欧阳询,楷,幷,479,0,1621,1621
final_images/73364.png,颜真卿,楷,幷,956,0,1621,1621
final_images/73416.png,赵孟𫖯,隶,幷,801,4,1621,29725
final_images/73437.png,颜真卿,楷,幸,956,0,1622,1622
final_images/73438.png,智永,楷,幸,377,0,1622,1622
final_images/73477.png,赵孟𫖯,隶,幸,801,4,1622,29726
final_images/73479.png,王澍,隶,幸,589,4,1622,29726
final_images/73485.png,颜真卿,楷,幹,956,0,1623,1623
final_images/73528.png,赵孟𫖯,楷,幻,801,0,1625,1625
final_images/73565.png,褚遂良,楷,幼,760,0,1626,1626
final_images/73566.png,褚遂良,楷,幼,760,0,1626,1626
final_images/73567.png,颜真卿,楷,幼,956,0,1626,1626
final_images/73625.png,柳公权,楷,幽,461,0,1627,1627
final_images/73626.png,欧阳询,楷,幽,479,0,1627,1627
final_images/73628.png,褚遂良,楷,幽,760,0,1627,1627
final_images/73678.png,吴叡,隶,幽,171,4,1627,29731
final_images/73696.png,赵孟𫖯,楷,幾,801,0,1628,1628
final_images/73697.png,欧阳询,楷,幾,479,0,1628,1628
final_images/73698.png,褚遂良,楷,幾,760,0,1628,1628
final_images/73701.png,智永,楷,幾,377,0,1628,1628
final_images/73745.png,赵孟𫖯,隶,幾,801,4,1628,29732
final_images/73749.png,王澍,隶,幾,589,4,1628,29732
final_images/73833.png,柳公权,楷,序,461,0,1634,1634
final_images/73834.png,颜真卿,楷,序,956,0,1634,1634
final_images/73836.png,智永,楷,序,377,0,1634,1634
final_images/73956.png,褚遂良,楷,庚,760,0,1638,1638
final_images/74133.png,吴叡,隶,庚,171,4,1638,29742
final_images/74134.png,金农,隶,庚,855,4,1638,29742
final_images/74147.png,赵孟𫖯,楷,府,801,0,1639,1639
final_images/74148.png,欧阳询,楷,府,479,0,1639,1639
final_images/74149.png,颜真卿,楷,府,956,0,1639,1639
final_images/74157.png,智永,楷,府,377,0,1639,1639
final_images/74208.png,赵孟𫖯,隶,府,801,4,1639,29743
final_images/74244.png,欧阳询,楷,度,479,0,1641,1641
final_images/74246.png,褚遂良,楷,度,760,0,1641,1641
final_images/74247.png,颜真卿,楷,度,956,0,1641,1641
final_images/74306.png,吴叡,隶,度,171,4,1641,29745
final_images/74325.png,邓石如,隶,度,828,4,1641,29745
final_images/74338.png,颜真卿,楷,座,956,0,1642,1642
final_images/74362.png,赵孟𫖯,楷,庫,801,0,1644,1644
final_images/74363.png,柳公权,楷,庫,461,0,1644,1644
final_images/74364.png,褚遂良,楷,庫,760,0,1644,1644
final_images/74406.png,赵孟𫖯,楷,庭,801,0,1645,1645
final_images/74407.png,柳公权,楷,庭,461,0,1645,1645
final_images/74409.png,褚遂良,楷,庭,760,0,1645,1645
final_images/74410.png,颜真卿,楷,庭,956,0,1645,1645
final_images/74413.png,智永,楷,庭,377,0,1645,1645
final_images/74453.png,赵孟𫖯,隶,庭,801,4,1645,29749
final_images/74456.png,王澍,隶,庭,589,4,1645,29749
final_images/74507.png,欧阳询,楷,庶,479,0,1648,1648
final_images/74508.png,颜真卿,楷,庶,956,0,1648,1648
final_images/74586.png,赵孟𫖯,隶,庶,801,4,1648,29752
final_images/74591.png,王澍,隶,庶,589,4,1648,29752
final_images/74607.png,颜真卿,楷,康,956,0,1649,1649
final_images/74609.png,智永,楷,康,377,0,1649,1649
final_images/74674.png,吴叡,隶,康,171,4,1649,29753
final_images/74675.png,吴叡,隶,康,171,4,1649,29753
final_images/74676.png,赵孟𫖯,隶,康,801,4,1649,29753
final_images/74682.png,王澍,隶,康,589,4,1649,29753
final_images/74753.png,吴叡,隶,庸,171,4,1650,29754
final_images/74754.png,王澍,隶,庸,589,4,1650,29754
final_images/74828.png,赵孟𫖯,楷,廉,801,0,1653,1653
final_images/74829.png,褚遂良,楷,廉,760,0,1653,1653
final_images/74830.png,褚遂良,楷,廉,760,0,1653,1653
final_images/74835.png,智永,楷,廉,377,0,1653,1653
final_images/74872.png,吴叡,隶,廉,171,4,1653,29757
final_images/74880.png,陈鸿寿,隶,廉,920,4,1653,29757
final_images/74893.png,柳公权,楷,廊,461,0,1654,1654
final_images/74894.png,欧阳询,楷,廊,479,0,1654,1654
final_images/74897.png,智永,楷,廊,377,0,1654,1654
final_images/74913.png,赵孟𫖯,隶,廊,801,4,1654,29758
final_images/74982.png,柳公权,楷,廓,461,0,1659,1659
final_images/75026.png,颜真卿,楷,廚,956,0,1662,1662
final_images/75042.png,柳公权,楷,廟,461,0,1664,1664
final_images/75095.png,赵孟𫖯,隶,廟,801,4,1664,29768
final_images/75097.png,王澍,隶,廟,589,4,1664,29768
final_images/75107.png,赵孟𫖯,楷,廡,801,0,1665,1665
final_images/75119.png,颜真卿,楷,廢,956,0,1666,1666
final_images/75137.png,陈鸿寿,隶,廢,920,4,1666,29770
final_images/75146.png,柳公权,楷,廣,461,0,1667,1667
final_images/75147.png,颜真卿,楷,廣,956,0,1667,1667
final_images/75148.png,智永,楷,廣,377,0,1667,1667
final_images/75211.png,陈鸿寿,隶,廣,920,4,1667,29771
final_images/75226.png,王澍,隶,廧,589,4,1669,29773
final_images/75227.png,陈鸿寿,隶,廧,920,4,1669,29773
final_images/75257.png,赵孟𫖯,楷,廬,801,0,1673,1673
final_images/75282.png,金农,隶,廬,855,4,1673,29777
final_images/75302.png,欧阳询,楷,延,479,0,1674,1674
final_images/75304.png,褚遂良,楷,延,760,0,1674,1674
final_images/75305.png,褚遂良,楷,延,760,0,1674,1674
final_images/75306.png,褚遂良,楷,延,760,0,1674,1674
final_images/75375.png,柳公权,楷,廷,461,0,1675,1675
final_images/75488.png,赵孟𫖯,楷,建,801,0,1676,1676
final_images/75492.png,柳公权,楷,建,461,0,1676,1676
final_images/75493.png,褚遂良,楷,建,760,0,1676,1676
final_images/75494.png,褚遂良,楷,建,760,0,1676,1676
final_images/75495.png,颜真卿,楷,建,956,0,1676,1676
final_images/75497.png,智永,楷,建,377,0,1676,1676
final_images/75546.png,赵孟𫖯,隶,建,801,4,1676,29780
final_images/75558.png,金农,隶,建,855,4,1676,29780
final_images/75622.png,赵孟𫖯,楷,廿,801,0,1679,1679
final_images/75631.png,柳公权,楷,廿,461,0,1679,1679
final_images/75771.png,赵孟𫖯,楷,弁,801,0,1681,1681
final_images/75773.png,智永,楷,弁,377,0,1681,1681
final_images/75804.png,赵孟𫖯,隶,弁,801,4,1681,29785
final_images/75805.png,王澍,隶,弁,589,4,1681,29785
final_images/75806.png,陈鸿寿,隶,弁,920,4,1681,29785
final_images/75852.png,褚遂良,楷,弄,760,0,1684,1684
final_images/75906.png,柳公权,楷,弈,461,0,1686,1686
final_images/75907.png,褚遂良,楷,弈,760,0,1686,1686
final_images/75908.png,颜真卿,楷,弈,956,0,1686,1686
final_images/75916.png,邓石如,隶,弈,828,4,1686,29790
final_images/75932.png,智永,楷,弊,377,0,1687,1687
final_images/75943.png,赵孟𫖯,隶,弊,801,4,1687,29791
final_images/75944.png,王澍,隶,弊,589,4,1687,29791
final_images/76052.png,欧阳询,楷,式,479,0,1692,1692
final_images/76054.png,褚遂良,楷,式,760,0,1692,1692
final_images/76055.png,褚遂良,楷,式,760,0,1692,1692
final_images/76056.png,颜真卿,楷,式,956,0,1692,1692
final_images/76099.png,颜真卿,楷,弑,956,0,1693,1693
final_images/76112.png,颜真卿,楷,弒,956,0,1694,1694
final_images/76311.png,赵孟𫖯,隶,弔,801,4,1696,29800
final_images/76312.png,王澍,隶,弔,589,4,1696,29800
final_images/76336.png,赵孟𫖯,楷,引,801,0,1697,1697
final_images/76337.png,柳公权,楷,引,461,0,1697,1697
final_images/76338.png,欧阳询,楷,引,479,0,1697,1697
final_images/76341.png,褚遂良,楷,引,760,0,1697,1697
final_images/76344.png,智永,楷,引,377,0,1697,1697
final_images/76397.png,赵孟𫖯,隶,引,801,4,1697,29801
final_images/76398.png,王澍,隶,引,589,4,1697,29801
final_images/76399.png,陈鸿寿,隶,引,920,4,1697,29801
final_images/76420.png,赵孟𫖯,楷,弗,801,0,1698,1698
final_images/76422.png,欧阳询,楷,弗,479,0,1698,1698
final_images/76424.png,褚遂良,楷,弗,760,0,1698,1698
final_images/76425.png,颜真卿,楷,弗,956,0,1698,1698
final_images/76431.png,智永,楷,弗,377,0,1698,1698
final_images/76636.png,柳公权,楷,弘,461,0,1699,1699
final_images/76637.png,欧阳询,楷,弘,479,0,1699,1699
final_images/76639.png,褚遂良,楷,弘,760,0,1699,1699
final_images/76640.png,颜真卿,楷,弘,956,0,1699,1699
final_images/76688.png,金农,隶,弘,855,4,1699,29803
final_images/76767.png,赵孟𫖯,楷,弟,801,0,1702,1702
final_images/76772.png,柳公权,楷,弟,461,0,1702,1702
final_images/76773.png,颜真卿,楷,弟,956,0,1702,1702
final_images/76869.png,王澍,隶,弟,589,4,1702,29806
final_images/76871.png,金农,隶,弟,855,4,1702,29806
final_images/76872.png,陈鸿寿,隶,弟,920,4,1702,29806
final_images/76893.png,褚遂良,楷,弥,760,0,1703,1703
final_images/76894.png,颜真卿,楷,弥,956,0,1703,1703
final_images/76926.png,赵孟𫖯,楷,弦,801,0,1704,1704
final_images/76927.png,褚遂良,楷,弦,760,0,1704,1704
final_images/76958.png,王澍,隶,弦,589,4,1704,29808
final_images/77030.png,赵孟𫖯,楷,弭,801,0,1708,1708
final_images/77045.png,吴叡,隶,弭,171,4,1708,29812
final_images/77066.png,赵孟𫖯,楷,弱,801,0,1709,1709
final_images/77069.png,欧阳询,楷,弱,479,0,1709,1709
final_images/77071.png,褚遂良,楷,弱,760,0,1709,1709
final_images/77075.png,智永,楷,弱,377,0,1709,1709
final_images/77105.png,赵孟𫖯,隶,弱,801,4,1709,29813
final_images/77117.png,赵孟𫖯,楷,張,801,0,1710,1710
final_images/77124.png,柳公权,楷,張,461,0,1710,1710
final_images/77125.png,柳公权,楷,張,461,0,1710,1710
final_images/77126.png,颜真卿,楷,張,956,0,1710,1710
final_images/77133.png,智永,楷,張,377,0,1710,1710
final_images/77187.png,赵孟𫖯,隶,張,801,4,1710,29814
final_images/77203.png,陈鸿寿,隶,張,920,4,1710,29814
final_images/77215.png,颜真卿,楷,強,956,0,1711,1711
final_images/77256.png,吴叡,隶,強,171,4,1711,29815
final_images/77282.png,颜真卿,楷,强,956,0,1712,1712
final_images/77362.png,柳公权,楷,弼,461,0,1713,1713
final_images/77377.png,赵孟𫖯,楷,彈,801,0,1714,1714
final_images/77378.png,欧阳询,楷,彈,479,0,1714,1714
final_images/77490.png,赵孟𫖯,楷,彎,801,0,1717,1717
final_images/77772.png,柳公权,楷,彙,461,0,1724,1724
final_images/77779.png,柳公权,楷,彚,461,0,1725,1725
final_images/78176.png,邓石如,隶,彝,828,4,1726,29830
final_images/78179.png,赵孟𫖯,楷,彞,801,0,1727,1727
final_images/78568.png,邓石如,隶,彞,828,4,1727,29831
final_images/78624.png,赵孟𫖯,楷,形,801,0,1730,1730
final_images/78626.png,褚遂良,楷,形,760,0,1730,1730
final_images/78629.png,智永,楷,形,377,0,1730,1730
final_images/78666.png,赵孟𫖯,隶,形,801,4,1730,29834
final_images/78672.png,王澍,隶,形,589,4,1730,29834
final_images/78733.png,颜真卿,楷,彥,956,0,1733,1733
final_images/78742.png,金农,隶,彥,855,4,1733,29837
final_images/78743.png,陈鸿寿,隶,彥,920,4,1733,29837
final_images/78777.png,金农,隶,彦,855,4,1734,29838
final_images/78798.png,颜真卿,楷,彩,956,0,1735,1735
final_images/78840.png,欧阳询,楷,彫,479,0,1737,1737
final_images/78856.png,赵孟𫖯,隶,彫,801,4,1737,29841
final_images/78901.png,褚遂良,楷,彭,760,0,1739,1739
final_images/78902.png,褚遂良,楷,彭,760,0,1739,1739
final_images/78903.png,颜真卿,楷,彭,956,0,1739,1739
final_images/78952.png,吴叡,隶,彭,171,4,1739,29843
final_images/78976.png,褚遂良,楷,彰,760,0,1741,1741
final_images/79016.png,欧阳询,楷,影,479,0,1742,1742
final_images/79017.png,褚遂良,楷,影,760,0,1742,1742
final_images/79018.png,颜真卿,楷,影,956,0,1742,1742
final_images/79117.png,赵孟𫖯,楷,彼,801,0,1746,1746
final_images/79118.png,柳公权,楷,彼,461,0,1746,1746
final_images/79119.png,褚遂良,楷,彼,760,0,1746,1746
final_images/79120.png,颜真卿,楷,彼,956,0,1746,1746
final_images/79124.png,智永,楷,彼,377,0,1746,1746
final_images/79182.png,王澍,隶,彼,589,4,1746,29850
final_images/79205.png,褚遂良,楷,往,760,0,1747,1747
final_images/79265.png,赵孟𫖯,隶,往,801,4,1747,29851
final_images/79272.png,王澍,隶,往,589,4,1747,29851
final_images/79281.png,赵孟𫖯,楷,征,801,0,1748,1748
final_images/79283.png,柳公权,楷,征,461,0,1748,1748
final_images/79330.png,吴叡,隶,征,171,4,1748,29852
final_images/79368.png,柳公权,楷,待,461,0,1750,1750
final_images/79369.png,欧阳询,楷,待,479,0,1750,1750
final_images/79403.png,吴叡,隶,待,171,4,1750,29854
final_images/79410.png,褚遂良,楷,徇,760,0,1751,1751
final_images/79450.png,智永,楷,徊,377,0,1754,1754
final_images/79478.png,赵孟𫖯,楷,律,801,0,1755,1755
final_images/79479.png,褚遂良,楷,律,760,0,1755,1755
final_images/79480.png,褚遂良,楷,律,760,0,1755,1755
final_images/79481.png,褚遂良,楷,律,760,0,1755,1755
final_images/79482.png,褚遂良,楷,律,760,0,1755,1755
final_images/79485.png,智永,楷,律,377,0,1755,1755
final_images/79535.png,赵孟𫖯,隶,律,801,4,1755,29859
final_images/79557.png,欧阳询,楷,後,479,0,1756,1756
final_images/79560.png,褚遂良,楷,後,760,0,1756,1756
final_images/79561.png,褚遂良,楷,後,760,0,1756,1756
final_images/79562.png,颜真卿,楷,後,956,0,1756,1756
final_images/79569.png,智永,楷,後,377,0,1756,1756
final_images/79661.png,吴叡,隶,後,171,4,1756,29860
final_images/79662.png,赵孟𫖯,隶,後,801,4,1756,29860
final_images/79672.png,邓石如,隶,後,828,4,1756,29860
final_images/79673.png,陈鸿寿,隶,後,920,4,1756,29860
final_images/79695.png,赵孟𫖯,楷,徐,801,0,1757,1757
final_images/79697.png,欧阳询,楷,徐,479,0,1757,1757
final_images/79698.png,颜真卿,楷,徐,956,0,1757,1757
final_images/79741.png,金农,隶,徐,855,4,1757,29861
final_images/79746.png,赵孟𫖯,楷,徑,801,0,1758,1758
final_images/79779.png,柳公权,楷,徒,461,0,1759,1759
final_images/79780.png,欧阳询,楷,徒,479,0,1759,1759
final_images/79782.png,颜真卿,楷,徒,956,0,1759,1759
final_images/79877.png,赵孟𫖯,楷,得,801,0,1760,1760
final_images/79880.png,柳公权,楷,得,461,0,1760,1760
final_images/79881.png,欧阳询,楷,得,479,0,1760,1760
final_images/79882.png,颜真卿,楷,得,956,0,1760,1760
final_images/79887.png,智永,楷,得,377,0,1760,1760
final_images/80001.png,赵孟𫖯,隶,得,801,4,1760,29864
final_images/80012.png,陈鸿寿,隶,得,920,4,1760,29864
final_images/80029.png,赵孟𫖯,楷,徘,801,0,1761,1761
final_images/80030.png,柳公权,楷,徘,461,0,1761,1761
final_images/80033.png,智永,楷,徘,377,0,1761,1761
final_images/80054.png,赵孟𫖯,楷,徙,801,0,1762,1762
final_images/80056.png,柳公权,楷,徙,461,0,1762,1762
final_images/80057.png,褚遂良,楷,徙,760,0,1762,1762
final_images/80058.png,颜真卿,楷,徙,956,0,1762,1762
final_images/80124.png,赵孟𫖯,楷,從,801,0,1763,1763
final_images/80126.png,欧阳询,楷,從,479,0,1763,1763
final_images/80128.png,褚遂良,楷,從,760,0,1763,1763
final_images/80129.png,颜真卿,楷,從,956,0,1763,1763
final_images/80294.png,赵孟𫖯,隶,從,801,4,1763,29867
final_images/80330.png,赵孟𫖯,楷,御,801,0,1765,1765
final_images/80333.png,柳公权,楷,御,461,0,1765,1765
final_images/80334.png,柳公权,楷,御,461,0,1765,1765
final_images/80336.png,褚遂良,楷,御,760,0,1765,1765
final_images/80340.png,智永,楷,御,377,0,1765,1765
final_images/80408.png,吴叡,隶,御,171,4,1765,29869
final_images/80409.png,赵孟𫖯,隶,御,801,4,1765,29869
final_images/80413.png,王澍,隶,御,589,4,1765,29869
final_images/80415.png,陈鸿寿,隶,御,920,4,1765,29869
final_images/80438.png,邓石如,隶,徧,828,4,1767,29871
final_images/80449.png,柳公权,楷,復,461,0,1768,1768
final_images/80450.png,欧阳询,楷,復,479,0,1768,1768
final_images/80453.png,褚遂良,楷,復,760,0,1768,1768
final_images/80454.png,颜真卿,楷,復,956,0,1768,1768
final_images/80568.png,吴叡,隶,復,171,4,1768,29872
final_images/80637.png,吴叡,隶,循,171,4,1769,29873
final_images/80652.png,褚遂良,楷,微,760,0,1770,1770
final_images/80653.png,颜真卿,楷,微,956,0,1770,1770
final_images/80656.png,智永,楷,微,377,0,1770,1770
final_images/80729.png,赵孟𫖯,楷,徳,801,0,1771,1771
final_images/80733.png,柳公权,楷,徳,461,0,1771,1771
final_images/80734.png,欧阳询,楷,徳,479,0,1771,1771
final_images/80737.png,褚遂良,楷,徳,760,0,1771,1771
final_images/80738.png,颜真卿,楷,徳,956,0,1771,1771
final_images/80745.png,智永,楷,徳,377,0,1771,1771
final_images/80851.png,邓石如,隶,徳,828,4,1771,29875
final_images/80852.png,金农,隶,徳,855,4,1771,29875
final_images/80853.png,陈鸿寿,隶,徳,920,4,1771,29875
final_images/80864.png,柳公权,楷,徴,461,0,1772,1772
final_images/80865.png,欧阳询,楷,徴,479,0,1772,1772
final_images/80867.png,褚遂良,楷,徴,760,0,1772,1772
final_images/80868.png,颜真卿,楷,徴,956,0,1772,1772
final_images/80916.png,柳公权,楷,徵,461,0,1773,1773
final_images/80917.png,欧阳询,楷,徵,479,0,1773,1773
final_images/80919.png,褚遂良,楷,徵,760,0,1773,1773
final_images/80920.png,褚遂良,楷,徵,760,0,1773,1773
final_images/80921.png,颜真卿,楷,徵,956,0,1773,1773
final_images/80966.png,赵孟𫖯,楷,德,801,0,1774,1774
final_images/80969.png,柳公权,楷,德,461,0,1774,1774
final_images/80970.png,欧阳询,楷,德,479,0,1774,1774
final_images/80973.png,褚遂良,楷,德,760,0,1774,1774
final_images/80974.png,颜真卿,楷,德,956,0,1774,1774
final_images/81084.png,王澍,隶,德,589,4,1774,29878
final_images/81088.png,金农,隶,德,855,4,1774,29878
final_images/81089.png,陈鸿寿,隶,德,920,4,1774,29878
final_images/81098.png,赵孟𫖯,楷,徹,801,0,1775,1775
final_images/81099.png,欧阳询,楷,徹,479,0,1775,1775
final_images/81100.png,褚遂良,楷,徹,760,0,1775,1775
final_images/81153.png,柳公权,楷,徽,461,0,1777,1777
final_images/81154.png,欧阳询,楷,徽,479,0,1777,1777
final_images/81155.png,褚遂良,楷,徽,760,0,1777,1777
final_images/81158.png,颜真卿,楷,徽,956,0,1777,1777
final_images/81207.png,欧阳询,楷,心,479,0,1778,1778
final_images/81210.png,智永,楷,心,377,0,1778,1778
final_images/81416.png,王澍,隶,心,589,4,1778,29882
final_images/81420.png,邓石如,隶,心,828,4,1778,29882
final_images/81441.png,赵孟𫖯,楷,必,801,0,1779,1779
final_images/81446.png,褚遂良,楷,必,760,0,1779,1779
final_images/81447.png,褚遂良,楷,必,760,0,1779,1779
final_images/81448.png,颜真卿,楷,必,956,0,1779,1779
final_images/81450.png,智永,楷,必,377,0,1779,1779
final_images/81573.png,赵孟𫖯,隶,必,801,4,1779,29883
final_images/81578.png,王澍,隶,必,589,4,1779,29883
final_images/81621.png,赵孟𫖯,楷,忌,801,0,1782,1782
final_images/81674.png,褚遂良,楷,忍,760,0,1783,1783
final_images/81699.png,吴叡,隶,忍,171,4,1783,29887
final_images/81765.png,欧阳询,楷,志,479,0,1786,1786
final_images/81767.png,褚遂良,楷,志,760,0,1786,1786
final_images/81880.png,吴叡,隶,志,171,4,1786,29890
final_images/81881.png,赵孟𫖯,隶,志,801,4,1786,29890
final_images/81889.png,邓石如,隶,志,828,4,1786,29890
final_images/81890.png,邓石如,隶,志,828,4,1786,29890
final_images/81892.png,陈鸿寿,隶,志,920,4,1786,29890
final_images/81909.png,赵孟𫖯,楷,忘,801,0,1787,1787
final_images/81910.png,欧阳询,楷,忘,479,0,1787,1787
final_images/81911.png,褚遂良,楷,忘,760,0,1787,1787
final_images/81914.png,智永,楷,忘,377,0,1787,1787
final_images/81974.png,吴叡,隶,忘,171,4,1787,29891
final_images/81975.png,赵孟𫖯,隶,忘,801,4,1787,29891
final_images/81980.png,王澍,隶,忘,589,4,1787,29891
final_images/82015.png,邓石如,隶,忝,828,4,1789,29893
final_images/82030.png,赵孟𫖯,楷,忠,801,0,1790,1790
final_images/82033.png,颜真卿,楷,忠,956,0,1790,1790
final_images/82035.png,智永,楷,忠,377,0,1790,1790
final_images/82191.png,赵孟𫖯,楷,念,801,0,1796,1796
final_images/82192.png,柳公权,楷,念,461,0,1796,1796
final_images/82193.png,欧阳询,楷,念,479,0,1796,1796
final_images/82194.png,颜真卿,楷,念,956,0,1796,1796
final_images/82250.png,赵孟𫖯,隶,念,801,4,1796,29900
final_images/82259.png,王澍,隶,念,589,4,1796,29900
final_images/82301.png,颜真卿,楷,忽,956,0,1799,1799
final_images/82332.png,邓石如,隶,忽,828,4,1799,29903
final_images/82333.png,金农,隶,忽,855,4,1799,29903
final_images/82370.png,赵孟𫖯,楷,怍,801,0,1801,1801
final_images/82442.png,吴叡,隶,怒,171,4,1803,29907
final_images/82550.png,赵孟𫖯,楷,思,801,0,1811,1811
final_images/82555.png,柳公权,楷,思,461,0,1811,1811
final_images/82556.png,欧阳询,楷,思,479,0,1811,1811
final_images/82559.png,褚遂良,楷,思,760,0,1811,1811
final_images/82564.png,智永,楷,思,377,0,1811,1811
final_images/82721.png,柳公权,楷,怡,461,0,1813,1813
final_images/82753.png,柳公权,楷,急,461,0,1814,1814
final_images/82806.png,欧阳询,楷,性,479,0,1815,1815
final_images/82807.png,褚遂良,楷,性,760,0,1815,1815
final_images/82808.png,褚遂良,楷,性,760,0,1815,1815
final_images/82809.png,颜真卿,楷,性,956,0,1815,1815
final_images/82810.png,智永,楷,性,377,0,1815,1815
final_images/82847.png,赵孟𫖯,隶,性,801,4,1815,29919
final_images/82857.png,金农,隶,性,855,4,1815,29919
final_images/82859.png,陈鸿寿,隶,性,920,4,1815,29919
final_images/82874.png,赵孟𫖯,楷,怨,801,0,1816,1816
final_images/82906.png,吴叡,隶,怨,171,4,1816,29920
final_images/82990.png,颜真卿,楷,怵,956,0,1821,1821
final_images/83049.png,赵孟𫖯,楷,恃,801,0,1824,1824
final_images/83053.png,智永,楷,恃,377,0,1824,1824
final_images/83083.png,吴叡,隶,恃,171,4,1824,29928
final_images/83084.png,赵孟𫖯,隶,恃,801,4,1824,29928
final_images/83118.png,智永,楷,恐,377,0,1826,1826
final_images/83165.png,吴叡,隶,恐,171,4,1826,29930
final_images/83168.png,陈鸿寿,隶,恐,920,4,1826,29930
final_images/83185.png,赵孟𫖯,楷,恒,801,0,1827,1827
final_images/83186.png,褚遂良,楷,恒,760,0,1827,1827
final_images/83189.png,颜真卿,楷,恒,956,0,1827,1827
final_images/83224.png,赵孟𫖯,隶,恒,801,4,1827,29931
final_images/83227.png,陈鸿寿,隶,恒,920,4,1827,29931
final_images/83245.png,柳公权,楷,恕,461,0,1829,1829
final_images/83379.png,颜真卿,楷,恤,956,0,1834,1834
final_images/83380.png,颜真卿,楷,恤,956,0,1834,1834
final_images/83486.png,赵孟𫖯,楷,恩,801,0,1838,1838
final_images/83489.png,颜真卿,楷,恩,956,0,1838,1838
final_images/83570.png,智永,楷,恬,377,0,1841,1841
final_images/83595.png,王澍,隶,恬,589,4,1841,29945
final_images/83613.png,赵孟𫖯,楷,恭,801,0,1842,1842
final_images/83619.png,智永,楷,恭,377,0,1842,1842
final_images/83649.png,赵孟𫖯,隶,恭,801,4,1842,29946
final_images/83656.png,邓石如,隶,恭,828,4,1842,29946
final_images/83659.png,陈鸿寿,隶,恭,920,4,1842,29946
final_images/83660.png,陈鸿寿,隶,恭,920,4,1842,29946
final_images/83679.png,赵孟𫖯,楷,息,801,0,1843,1843
final_images/83683.png,柳公权,楷,息,461,0,1843,1843
final_images/83685.png,褚遂良,楷,息,760,0,1843,1843
final_images/83686.png,褚遂良,楷,息,760,0,1843,1843
final_images/83687.png,颜真卿,楷,息,956,0,1843,1843
final_images/83690.png,智永,楷,息,377,0,1843,1843
final_images/83748.png,吴叡,隶,息,171,4,1843,29947
final_images/83749.png,赵孟𫖯,隶,息,801,4,1843,29947
final_images/83756.png,陈鸿寿,隶,息,920,4,1843,29947
final_images/83778.png,赵孟𫖯,楷,恵,801,0,1846,1846
final_images/83779.png,赵孟𫖯,楷,恵,801,0,1846,1846
final_images/83783.png,柳公权,楷,恵,461,0,1846,1846
final_images/83787.png,智永,楷,恵,377,0,1846,1846
final_images/83849.png,赵孟𫖯,隶,恵,801,4,1846,29950
final_images/83894.png,赵孟𫖯,楷,悅,801,0,1849,1849
final_images/83896.png,柳公权,楷,悅,461,0,1849,1849
final_images/83899.png,智永,楷,悅,377,0,1849,1849
final_images/83918.png,赵孟𫖯,隶,悅,801,4,1849,29953
final_images/83922.png,金农,隶,悅,855,4,1849,29953
final_images/83951.png,颜真卿,楷,悉,956,0,1851,1851
final_images/84009.png,颜真卿,楷,悌,956,0,1853,1853
final_images/84124.png,吴叡,隶,悔,171,4,1856,29960
final_images/84150.png,赵孟𫖯,楷,悚,801,0,1858,1858
final_images/84152.png,智永,楷,悚,377,0,1858,1858
final_images/84169.png,赵孟𫖯,隶,悚,801,4,1858,29962
final_images/84170.png,王澍,隶,悚,589,4,1858,29962
final_images/84189.png,颜真卿,楷,悝,956,0,1860,1860
final_images/84210.png,欧阳询,楷,悟,479,0,1861,1861
final_images/84238.png,金农,隶,悟,855,4,1861,29965
final_images/84287.png,赵孟𫖯,楷,患,801,0,1863,1863
final_images/84347.png,柳公权,楷,悦,461,0,1865,1865
final_images/84348.png,欧阳询,楷,悦,479,0,1865,1865
final_images/84350.png,智永,楷,悦,377,0,1865,1865
final_images/84373.png,赵孟𫖯,隶,悦,801,4,1865,29969
final_images/84376.png,王澍,隶,悦,589,4,1865,29969
final_images/84377.png,金农,隶,悦,855,4,1865,29969
final_images/84397.png,赵孟𫖯,楷,悲,801,0,1866,1866
final_images/84402.png,柳公权,楷,悲,461,0,1866,1866
final_images/84403.png,褚遂良,楷,悲,760,0,1866,1866
final_images/84405.png,智永,楷,悲,377,0,1866,1866
final_images/84458.png,赵孟𫖯,隶,悲,801,4,1866,29970
final_images/84464.png,王澍,隶,悲,589,4,1866,29970
final_images/84496.png,赵孟𫖯,隶,悳,801,4,1867,29971
final_images/84552.png,颜真卿,楷,悼,956,0,1872,1872
final_images/84616.png,柳公权,楷,情,461,0,1874,1874
final_images/84617.png,褚遂良,楷,情,760,0,1874,1874
final_images/84618.png,颜真卿,楷,情,956,0,1874,1874
final_images/84620.png,智永,楷,情,377,0,1874,1874
final_images/84683.png,吴叡,隶,情,171,4,1874,29978
final_images/84684.png,赵孟𫖯,隶,情,801,4,1874,29978
final_images/84704.png,颜真卿,楷,惇,956,0,1876,1876
final_images/84749.png,褚遂良,楷,惑,760,0,1879,1879
final_images/84796.png,欧阳询,楷,惕,479,0,1882,1882
final_images/84842.png,颜真卿,楷,惛,956,0,1885,1885
final_images/84906.png,欧阳询,楷,惟,479,0,1887,1887
final_images/84907.png,颜真卿,楷,惟,956,0,1887,1887
final_images/84956.png,吴叡,隶,惟,171,4,1887,29991
final_images/84957.png,赵孟𫖯,隶,惟,801,4,1887,29991
final_images/84974.png,陈鸿寿,隶,惟,920,4,1887,29991
final_images/84988.png,赵孟𫖯,楷,惠,801,0,1888,1888
final_images/84989.png,赵孟𫖯,楷,惠,801,0,1888,1888
final_images/84998.png,智永,楷,惠,377,0,1888,1888
final_images/85065.png,赵孟𫖯,隶,惠,801,4,1888,29992
final_images/85090.png,赵孟𫖯,楷,惡,801,0,1889,1889
final_images/85093.png,柳公权,楷,惡,461,0,1889,1889
final_images/85095.png,褚遂良,楷,惡,760,0,1889,1889
final_images/85100.png,智永,楷,惡,377,0,1889,1889
final_images/85198.png,赵孟𫖯,隶,惪,801,4,1892,29996
final_images/85253.png,赵孟𫖯,楷,想,801,0,1896,1896
final_images/85256.png,智永,楷,想,377,0,1896,1896
final_images/85309.png,赵孟𫖯,隶,想,801,4,1896,30000
final_images/85324.png,赵孟𫖯,楷,惶,801,0,1897,1897
final_images/85325.png,智永,楷,惶,377,0,1897,1897
final_images/85334.png,赵孟𫖯,隶,惶,801,4,1897,30001
final_images/85357.png,赵孟𫖯,楷,惻,801,0,1900,1900
final_images/85359.png,智永,楷,惻,377,0,1900,1900
final_images/85408.png,柳公权,楷,愁,461,0,1902,1902
final_images/85445.png,赵孟𫖯,楷,愆,801,0,1903,1903
final_images/85540.png,颜真卿,楷,愍,956,0,1907,1907
final_images/85569.png,赵孟𫖯,楷,意,801,0,1908,1908
final_images/85571.png,颜真卿,楷,意,956,0,1908,1908
final_images/85574.png,智永,楷,意,377,0,1908,1908
final_images/85637.png,赵孟𫖯,隶,意,801,4,1908,30012
final_images/85644.png,邓石如,隶,意,828,4,1908,30012
final_images/85685.png,褚遂良,楷,愚,760,0,1911,1911
final_images/85686.png,褚遂良,楷,愚,760,0,1911,1911
final_images/85687.png,褚遂良,楷,愚,760,0,1911,1911
final_images/85729.png,赵孟𫖯,楷,愛,801,0,1912,1912
final_images/85738.png,智永,楷,愛,377,0,1912,1912
final_images/85780.png,赵孟𫖯,隶,愛,801,4,1912,30016
final_images/85787.png,王澍,隶,愛,589,4,1912,30016
final_images/85789.png,金农,隶,愛,855,4,1912,30016
final_images/85819.png,欧阳询,楷,感,479,0,1914,1914
final_images/85822.png,智永,楷,感,377,0,1914,1914
final_images/85875.png,赵孟𫖯,隶,感,801,4,1914,30018
final_images/85923.png,欧阳询,楷,愧,479,0,1916,1916
final_images/85952.png,柳公权,楷,愬,461,0,1917,1917
final_images/85984.png,颜真卿,楷,愷,956,0,1920,1920
final_images/85993.png,柳公权,楷,愻,461,0,1921,1921
final_images/85997.png,赵孟𫖯,楷,愼,801,0,1922,1922
final_images/85998.png,颜真卿,楷,愼,956,0,1922,1922
final_images/86001.png,智永,楷,愼,377,0,1922,1922
final_images/86021.png,赵孟𫖯,隶,愼,801,4,1922,30026
final_images/86052.png,柳公权,楷,慄,461,0,1926,1926
final_images/86067.png,褚遂良,楷,慇,760,0,1927,1927
final_images/86120.png,赵孟𫖯,隶,慈,801,4,1928,30032
final_images/86124.png,王澍,隶,慈,589,4,1928,30032
final_images/86186.png,颜真卿,楷,慎,956,0,1933,1933
final_images/86188.png,智永,楷,慎,377,0,1933,1933
final_images/86311.png,吴叡,隶,慕,171,4,1936,30040
final_images/86312.png,赵孟𫖯,隶,慕,801,4,1936,30040
final_images/86349.png,欧阳询,楷,慝,479,0,1939,1939
final_images/86357.png,柳公权,楷,慟,461,0,1940,1940
final_images/86359.png,颜真卿,楷,慟,956,0,1940,1940
final_images/86405.png,柳公权,楷,慧,461,0,1943,1943
final_images/86406.png,欧阳询,楷,慧,479,0,1943,1943
final_images/86408.png,褚遂良,楷,慧,760,0,1943,1943
final_images/86409.png,颜真卿,楷,慧,956,0,1943,1943
final_images/86442.png,柳公权,楷,慨,461,0,1944,1944
final_images/86443.png,褚遂良,楷,慨,760,0,1944,1944
final_images/86478.png,智永,楷,慮,377,0,1946,1946
final_images/86514.png,赵孟𫖯,隶,慮,801,4,1946,30050
final_images/86525.png,柳公权,楷,慰,461,0,1947,1947
final_images/86581.png,褚遂良,楷,慶,760,0,1948,1948
final_images/86582.png,褚遂良,楷,慶,760,0,1948,1948
final_images/86585.png,智永,楷,慶,377,0,1948,1948
final_images/86651.png,赵孟𫖯,隶,慶,801,4,1948,30052
final_images/86698.png,赵孟𫖯,楷,慼,801,0,1951,1951
final_images/86699.png,智永,楷,慼,377,0,1951,1951
final_images/86718.png,赵孟𫖯,楷,憂,801,0,1953,1953
final_images/86720.png,颜真卿,楷,憂,956,0,1953,1953
final_images/86774.png,邓石如,隶,憂,828,4,1953,30057
final_images/86775.png,金农,隶,憂,855,4,1953,30057
final_images/86826.png,柳公权,楷,憑,461,0,1957,1957
final_images/86827.png,褚遂良,楷,憑,760,0,1957,1957
final_images/86828.png,颜真卿,楷,憑,956,0,1957,1957
final_images/86890.png,吴叡,隶,憚,171,4,1959,30063
final_images/86931.png,柳公权,楷,憫,461,0,1964,1964
final_images/86949.png,柳公权,楷,憲,461,0,1966,1966
final_images/86950.png,欧阳询,楷,憲,479,0,1966,1966
final_images/86971.png,赵孟𫖯,楷,憶,801,0,1967,1967
final_images/87010.png,褚遂良,楷,懇,760,0,1972,1972
final_images/87036.png,赵孟𫖯,楷,應,801,0,1974,1974
final_images/87037.png,柳公权,楷,應,461,0,1974,1974
final_images/87038.png,颜真卿,楷,應,956,0,1974,1974
final_images/87091.png,金农,隶,應,855,4,1974,30078
final_images/87108.png,颜真卿,楷,懋,956,0,1976,1976
final_images/87202.png,赵孟𫖯,楷,懷,801,0,1984,1984
final_images/87207.png,褚遂良,楷,懷,760,0,1984,1984
final_images/87208.png,颜真卿,楷,懷,956,0,1984,1984
final_images/87213.png,智永,楷,懷,377,0,1984,1984
final_images/87255.png,王澍,隶,懷,589,4,1984,30088
final_images/87259.png,颜真卿,楷,懸,956,0,1985,1985
final_images/87260.png,颜真卿,楷,懸,956,0,1985,1985
final_images/87263.png,智永,楷,懸,377,0,1985,1985
final_images/87284.png,赵孟𫖯,隶,懸,801,4,1985,30089
final_images/87289.png,赵孟𫖯,楷,懼,801,0,1986,1986
final_images/87290.png,柳公权,楷,懼,461,0,1986,1986
final_images/87294.png,智永,楷,懼,377,0,1986,1986
final_images/87327.png,赵孟𫖯,楷,懿,801,0,1988,1988
final_images/87329.png,褚遂良,楷,懿,760,0,1988,1988
final_images/87395.png,欧阳询,楷,戈,479,0,1990,1990
final_images/87534.png,金农,隶,戉,855,4,1991,30095
final_images/87555.png,颜真卿,楷,戊,956,0,1992,1992
final_images/87831.png,吴叡,隶,戌,171,4,1993,30097
final_images/87848.png,赵孟𫖯,楷,戍,801,0,1994,1994
final_images/87849.png,柳公权,楷,戍,461,0,1994,1994
final_images/87850.png,颜真卿,楷,戍,956,0,1994,1994
final_images/87911.png,颜真卿,楷,戎,956,0,1995,1995
final_images/87915.png,智永,楷,戎,377,0,1995,1995
final_images/87984.png,赵孟𫖯,隶,戎,801,4,1995,30099
final_images/87990.png,王澍,隶,戎,589,4,1995,30099
final_images/88000.png,赵孟𫖯,楷,成,801,0,1996,1996
final_images/88004.png,柳公权,楷,成,461,0,1996,1996
final_images/88005.png,欧阳询,楷,成,479,0,1996,1996
final_images/88008.png,褚遂良,楷,成,760,0,1996,1996
final_images/88009.png,褚遂良,楷,成,760,0,1996,1996
final_images/88010.png,褚遂良,楷,成,760,0,1996,1996
final_images/88011.png,颜真卿,楷,成,956,0,1996,1996
final_images/88016.png,智永,楷,成,377,0,1996,1996
final_images/88194.png,赵孟𫖯,隶,成,801,4,1996,30100
final_images/88211.png,王澍,隶,成,589,4,1996,30100
final_images/88213.png,陈鸿寿,隶,成,920,4,1996,30100
final_images/88228.png,赵孟𫖯,楷,我,801,0,1997,1997
final_images/88234.png,欧阳询,楷,我,479,0,1997,1997
final_images/88235.png,褚遂良,楷,我,760,0,1997,1997
final_images/88236.png,褚遂良,楷,我,760,0,1997,1997
final_images/88237.png,褚遂良,楷,我,760,0,1997,1997
final_images/88238.png,颜真卿,楷,我,956,0,1997,1997
final_images/88243.png,智永,楷,我,377,0,1997,1997
final_images/88440.png,吴叡,隶,我,171,4,1997,30101
final_images/88441.png,赵孟𫖯,隶,我,801,4,1997,30101
final_images/88454.png,王澍,隶,我,589,4,1997,30101
final_images/88456.png,金农,隶,我,855,4,1997,30101
final_images/88457.png,金农,隶,我,855,4,1997,30101
final_images/88477.png,柳公权,楷,戒,461,0,1998,1998
final_images/88478.png,欧阳询,楷,戒,479,0,1998,1998
final_images/88480.png,褚遂良,楷,戒,760,0,1998,1998
final_images/88514.png,吴叡,隶,戒,171,4,1998,30102
final_images/88584.png,柳公权,楷,或,461,0,2000,2000
final_images/88585.png,欧阳询,楷,或,479,0,2000,2000
final_images/88737.png,褚遂良,楷,戚,760,0,2001,2001
final_images/88740.png,智永,楷,戚,377,0,2001,2001
final_images/88765.png,赵孟𫖯,隶,戚,801,4,2001,30105
final_images/88767.png,邓石如,隶,戚,828,4,2001,30105
final_images/88820.png,陈鸿寿,隶,戟,920,4,2004,30108
final_images/88907.png,褚遂良,楷,戡,760,0,2006,2006
final_images/88925.png,柳公权,楷,戢,461,0,2007,2007
final_images/88945.png,柳公权,楷,截,461,0,2009,2009
final_images/88947.png,褚遂良,楷,截,760,0,2009,2009
final_images/88973.png,赵孟𫖯,楷,戮,801,0,2011,2011
final_images/88974.png,柳公权,楷,戮,461,0,2011,2011
final_images/88994.png,颜真卿,楷,戰,956,0,2012,2012
final_images/89035.png,邓石如,隶,戰,828,4,2012,30116
final_images/89046.png,柳公权,楷,戲,461,0,2013,2013
final_images/89047.png,欧阳询,楷,戲,479,0,2013,2013
final_images/89090.png,柳公权,楷,戴,461,0,2014,2014
final_images/89091.png,颜真卿,楷,戴,956,0,2014,2014
final_images/89132.png,赵孟𫖯,楷,戶,801,0,2015,2015
final_images/89135.png,褚遂良,楷,戶,760,0,2015,2015
final_images/89137.png,智永,楷,戶,377,0,2015,2015
final_images/89187.png,吴叡,隶,戶,171,4,2015,30119
final_images/89188.png,赵孟𫖯,隶,戶,801,4,2015,30119
final_images/89213.png,褚遂良,楷,户,760,0,2016,2016
final_images/89215.png,智永,楷,户,377,0,2016,2016
final_images/89271.png,吴叡,隶,户,171,4,2016,30120
final_images/89278.png,王澍,隶,户,589,4,2016,30120
final_images/89281.png,陈鸿寿,隶,户,920,4,2016,30120
final_images/89287.png,赵孟𫖯,楷,戸,801,0,2017,2017
final_images/89290.png,褚遂良,楷,戸,760,0,2017,2017
final_images/89292.png,智永,楷,戸,377,0,2017,2017
final_images/89337.png,吴叡,隶,戸,171,4,2017,30121
final_images/89338.png,赵孟𫖯,隶,戸,801,4,2017,30121
final_images/89345.png,王澍,隶,戸,589,4,2017,30121
final_images/89348.png,陈鸿寿,隶,戸,920,4,2017,30121
final_images/89434.png,欧阳询,楷,房,479,0,2020,2020
final_images/89436.png,褚遂良,楷,房,760,0,2020,2020
final_images/89439.png,智永,楷,房,377,0,2020,2020
final_images/89481.png,赵孟𫖯,隶,房,801,4,2020,30124
final_images/89485.png,王澍,隶,房,589,4,2020,30124
final_images/89508.png,柳公权,楷,所,461,0,2021,2021
final_images/89509.png,欧阳询,楷,所,479,0,2021,2021
final_images/89510.png,褚遂良,楷,所,760,0,2021,2021
final_images/89511.png,褚遂良,楷,所,760,0,2021,2021
final_images/89512.png,颜真卿,楷,所,956,0,2021,2021
final_images/89785.png,褚遂良,楷,扆,760,0,2025,2025
final_images/89812.png,智永,楷,扇,377,0,2026,2026
final_images/89900.png,赵孟𫖯,楷,手,801,0,2029,2029
final_images/89902.png,褚遂良,楷,手,760,0,2029,2029
final_images/89903.png,褚遂良,楷,手,760,0,2029,2029
final_images/89904.png,颜真卿,楷,手,956,0,2029,2029
final_images/89908.png,智永,楷,手,377,0,2029,2029
final_images/89975.png,赵孟𫖯,隶,手,801,4,2029,30133
final_images/89978.png,金农,隶,手,855,4,2029,30133
final_images/90000.png,赵孟𫖯,楷,才,801,0,2030,2030
final_images/90007.png,智永,楷,才,377,0,2030,2030
final_images/90173.png,吴叡,隶,才,171,4,2030,30134
final_images/90174.png,赵孟𫖯,隶,才,801,4,2030,30134
final_images/90176.png,王澍,隶,才,589,4,2030,30134
final_images/90179.png,陈鸿寿,隶,才,920,4,2030,30134
final_images/90324.png,赵孟𫖯,楷,扶,801,0,2045,2045
final_images/90326.png,柳公权,楷,扶,461,0,2045,2045
final_images/90327.png,欧阳询,楷,扶,479,0,2045,2045
final_images/90330.png,智永,楷,扶,377,0,2045,2045
final_images/90354.png,赵孟𫖯,隶,扶,801,4,2045,30149
final_images/90361.png,王澍,隶,扶,589,4,2045,30149
final_images/90399.png,柳公权,楷,承,461,0,2047,2047
final_images/90400.png,欧阳询,楷,承,479,0,2047,2047
final_images/90403.png,褚遂良,楷,承,760,0,2047,2047
final_images/90451.png,赵孟𫖯,隶,承,801,4,2047,30151
final_images/90458.png,王澍,隶,承,589,4,2047,30151
final_images/90459.png,邓石如,隶,承,828,4,2047,30151
final_images/90460.png,金农,隶,承,855,4,2047,30151
final_images/90461.png,陈鸿寿,隶,承,920,4,2047,30151
final_images/90580.png,欧阳询,楷,抑,479,0,2054,2054
final_images/90587.png,吴叡,隶,抑,171,4,2054,30158
final_images/90606.png,颜真卿,楷,抒,956,0,2055,2055
final_images/90641.png,欧阳询,楷,投,479,0,2057,2057
final_images/90642.png,褚遂良,楷,投,760,0,2057,2057
final_images/90643.png,颜真卿,楷,投,956,0,2057,2057
final_images/90644.png,智永,楷,投,377,0,2057,2057
final_images/90673.png,王澍,隶,投,589,4,2057,30161
final_images/90697.png,赵孟𫖯,楷,抗,801,0,2059,2059
final_images/90698.png,欧阳询,楷,抗,479,0,2059,2059
final_images/90746.png,欧阳询,楷,折,479,0,2060,2060
final_images/90749.png,颜真卿,楷,折,956,0,2060,2060
final_images/90851.png,褚遂良,楷,抜,760,0,2063,2063
final_images/90852.png,颜真卿,楷,抜,956,0,2063,2063
final_images/90895.png,褚遂良,楷,披,760,0,2065,2065
final_images/90932.png,赵孟𫖯,楷,抱,801,0,2066,2066
final_images/90935.png,褚遂良,楷,抱,760,0,2066,2066
final_images/90997.png,柳公权,楷,抵,461,0,2068,2068
final_images/91046.png,智永,楷,抽,377,0,2071,2071
final_images/91090.png,吴叡,隶,拂,171,4,2072,30176
final_images/91092.png,邓石如,隶,拂,828,4,2072,30176
final_images/91166.png,柳公权,楷,拊,461,0,2078,2078
final_images/91232.png,欧阳询,楷,拒,479,0,2082,2082
final_images/91297.png,褚遂良,楷,拔,760,0,2084,2084
final_images/91298.png,颜真卿,楷,拔,956,0,2084,2084
final_images/91327.png,邓石如,隶,拖,828,4,2086,30190
final_images/91434.png,赵孟𫖯,楷,招,801,0,2091,2091
final_images/91435.png,智永,楷,招,377,0,2091,2091
final_images/91458.png,赵孟𫖯,隶,招,801,4,2091,30195
final_images/91477.png,颜真卿,楷,拜,956,0,2092,2092
final_images/91484.png,智永,楷,拜,377,0,2092,2092
final_images/91672.png,柳公权,楷,括,461,0,2096,2096
final_images/91673.png,欧阳询,楷,括,479,0,2096,2096
final_images/91676.png,颜真卿,楷,括,956,0,2096,2096
final_images/91730.png,赵孟𫖯,楷,拱,801,0,2100,2100
final_images/91731.png,柳公权,楷,拱,461,0,2100,2100
final_images/91733.png,褚遂良,楷,拱,760,0,2100,2100
final_images/91734.png,颜真卿,楷,拱,956,0,2100,2100
final_images/91736.png,智永,楷,拱,377,0,2100,2100
final_images/91770.png,赵孟𫖯,楷,拳,801,0,2102,2102
final_images/91771.png,柳公权,楷,拳,461,0,2102,2102
final_images/91773.png,欧阳询,楷,拳,479,0,2102,2102
final_images/91774.png,颜真卿,楷,拳,956,0,2102,2102
final_images/91802.png,柳公权,楷,拾,461,0,2104,2104
final_images/91855.png,欧阳询,楷,持,479,0,2105,2105
final_images/91858.png,智永,楷,持,377,0,2105,2105
final_images/91931.png,赵孟𫖯,楷,指,801,0,2107,2107
final_images/91932.png,柳公权,楷,指,461,0,2107,2107
final_images/91933.png,褚遂良,楷,指,760,0,2107,2107
final_images/91938.png,智永,楷,指,377,0,2107,2107
final_images/91994.png,赵孟𫖯,楷,挈,801,0,2108,2108
final_images/92113.png,颜真卿,楷,挫,956,0,2116,2116
final_images/92149.png,赵孟𫖯,楷,振,801,0,2117,2117
final_images/92150.png,柳公权,楷,振,461,0,2117,2117
final_images/92151.png,褚遂良,楷,振,760,0,2117,2117
final_images/92152.png,颜真卿,楷,振,956,0,2117,2117
final_images/92153.png,智永,楷,振,377,0,2117,2117
final_images/92177.png,赵孟𫖯,隶,振,801,4,2117,30221
final_images/92184.png,王澍,隶,振,589,4,2117,30221
final_images/92198.png,褚遂良,楷,挹,760,0,2118,2118
final_images/92237.png,褚遂良,楷,挺,760,0,2119,2119
final_images/92398.png,赵孟𫖯,楷,捕,801,0,2130,2130
final_images/92399.png,智永,楷,捕,377,0,2130,2130
final_images/92500.png,柳公权,楷,捥,461,0,2135,2135
final_images/92514.png,赵孟𫖯,楷,捧,801,0,2136,2136
final_images/92524.png,柳公权,楷,捨,461,0,2137,2137
final_images/92525.png,欧阳询,楷,捨,479,0,2137,2137
final_images/92526.png,颜真卿,楷,捨,956,0,2137,2137
final_images/92585.png,柳公权,楷,捷,461,0,2142,2142
final_images/92631.png,颜真卿,楷,掃,956,0,2146,2146
final_images/92645.png,赵孟𫖯,楷,掇,801,0,2147,2147
final_images/92711.png,陈鸿寿,隶,授,920,4,2148,30252
final_images/92761.png,柳公权,楷,掌,461,0,2151,2151
final_images/92789.png,金农,隶,掌,855,4,2151,30255
final_images/92851.png,褚遂良,楷,掖,760,0,2155,2155
final_images/92922.png,颜真卿,楷,採,956,0,2160,2160
final_images/92988.png,褚遂良,楷,接,760,0,2163,2163
final_images/92989.png,颜真卿,楷,接,956,0,2163,2163
final_images/92991.png,智永,楷,接,377,0,2163,2163
final_images/93024.png,赵孟𫖯,隶,接,801,4,2163,30267
final_images/93027.png,邓石如,隶,接,828,4,2163,30267
final_images/93041.png,赵孟𫖯,楷,控,801,0,2164,2164
final_images/93042.png,欧阳询,楷,控,479,0,2164,2164
final_images/93043.png,褚遂良,楷,控,760,0,2164,2164
final_images/93075.png,褚遂良,楷,推,760,0,2165,2165
final_images/93079.png,智永,楷,推,377,0,2165,2165
final_images/93125.png,邓石如,隶,推,828,4,2165,30269
final_images/93218.png,吴叡,隶,掲,171,4,2169,30273
final_images/93305.png,吴叡,隶,揆,171,4,2173,30277
final_images/93422.png,柳公权,楷,揚,461,0,2178,2178
final_images/93424.png,褚遂良,楷,揚,760,0,2178,2178
final_images/93425.png,颜真卿,楷,揚,956,0,2178,2178
final_images/93450.png,吴叡,隶,揚,171,4,2178,30282
final_images/93471.png,欧阳询,楷,握,479,0,2180,2180
final_images/93473.png,颜真卿,楷,握,956,0,2180,2180
final_images/93479.png,金农,隶,握,855,4,2180,30284
final_images/93533.png,吴叡,隶,揭,171,4,2184,30288
final_images/93567.png,赵孟𫖯,楷,援,801,0,2186,2186
final_images/93568.png,褚遂良,楷,援,760,0,2186,2186
final_images/93598.png,陈鸿寿,隶,援,920,4,2186,30290
final_images/93629.png,吴叡,隶,揺,171,4,2189,30293
final_images/93644.png,欧阳询,楷,損,479,0,2191,2191
final_images/93679.png,赵孟𫖯,楷,搏,801,0,2192,2192
final_images/93734.png,吴叡,隶,搖,171,4,2195,30299
final_images/93761.png,颜真卿,楷,搢,956,0,2197,2197
final_images/93779.png,吴叡,隶,搴,171,4,2198,30302
final_images/93787.png,颜真卿,楷,搶,956,0,2199,2199
final_images/93854.png,吴叡,隶,摇,171,4,2202,30306
final_images/93894.png,褚遂良,楷,摛,760,0,2205,2205
final_images/93902.png,赵孟𫖯,楷,摟,801,0,2206,2206
final_images/93927.png,柳公权,楷,摧,461,0,2208,2208
final_images/93928.png,颜真卿,楷,摧,956,0,2208,2208
final_images/93971.png,智永,楷,摩,377,0,2209,2209
final_images/93997.png,赵孟𫖯,隶,摩,801,4,2209,30313
final_images/94025.png,颜真卿,楷,摯,956,0,2211,2211
final_images/94039.png,褚遂良,楷,摳,760,0,2212,2212
final_images/94048.png,柳公权,楷,摶,461,0,2213,2213
final_images/94049.png,欧阳询,楷,摶,479,0,2213,2213
final_images/94060.png,褚遂良,楷,摸,760,0,2214,2214
final_images/94080.png,褚遂良,楷,摹,760,0,2215,2215
final_images/94126.png,柳公权,楷,摽,461,0,2218,2218
final_images/94140.png,赵孟𫖯,楷,撃,801,0,2219,2219
final_images/94259.png,褚遂良,楷,撥,760,0,2227,2227
final_images/94277.png,赵孟𫖯,楷,撫,801,0,2229,2229
final_images/94279.png,柳公权,楷,撫,461,0,2229,2229
final_images/94280.png,欧阳询,楷,撫,479,0,2229,2229
final_images/94281.png,颜真卿,楷,撫,956,0,2229,2229
final_images/94295.png,吴叡,隶,撫,171,4,2229,30333
final_images/94297.png,金农,隶,撫,855,4,2229,30333
final_images/94298.png,陈鸿寿,隶,撫,920,4,2229,30333
final_images/94307.png,欧阳询,楷,播,479,0,2230,2230
final_images/94352.png,颜真卿,楷,撰,956,0,2232,2232
final_images/94372.png,赵孟𫖯,楷,撲,801,0,2233,2233
final_images/94380.png,颜真卿,楷,擁,956,0,2234,2234
final_images/94402.png,褚遂良,楷,擅,760,0,2235,2235
final_images/94463.png,颜真卿,楷,擊,956,0,2237,2237
final_images/94504.png,褚遂良,楷,操,760,0,2238,2238
final_images/94541.png,赵孟𫖯,隶,操,801,4,2238,30342
final_images/94546.png,王澍,隶,操,589,4,2238,30342
final_images/94560.png,颜真卿,楷,擐,956,0,2240,2240
final_images/94589.png,颜真卿,楷,擗,956,0,2244,2244
final_images/94609.png,赵孟𫖯,楷,據,801,0,2246,2246
final_images/94611.png,柳公权,楷,據,461,0,2246,2246
final_images/94612.png,欧阳询,楷,據,479,0,2246,2246
final_images/94613.png,颜真卿,楷,據,956,0,2246,2246
final_images/94660.png,柳公权,楷,擢,461,0,2248,2248
final_images/94662.png,褚遂良,楷,擢,760,0,2248,2248
final_images/94663.png,褚遂良,楷,擢,760,0,2248,2248
final_images/94673.png,陈鸿寿,隶,擢,920,4,2248,30352
final_images/94690.png,褚遂良,楷,擬,760,0,2250,2250
final_images/94723.png,褚遂良,楷,擲,760,0,2252,2252
final_images/94730.png,柳公权,楷,擾,461,0,2253,2253
final_images/94750.png,赵孟𫖯,楷,擿,801,0,2254,2254
final_images/94821.png,吴叡,隶,攘,171,4,2256,30360
final_images/94833.png,赵孟𫖯,楷,攝,801,0,2258,2258
final_images/94836.png,褚遂良,楷,攝,760,0,2258,2258
final_images/94837.png,颜真卿,楷,攝,956,0,2258,2258
final_images/94859.png,王澍,隶,攝,589,4,2258,30362
final_images/94860.png,陈鸿寿,隶,攝,920,4,2258,30362
final_images/94990.png,赵孟𫖯,楷,收,801,0,2263,2263
final_images/94991.png,柳公权,楷,收,461,0,2263,2263
final_images/94992.png,颜真卿,楷,收,956,0,2263,2263
final_images/94994.png,智永,楷,收,377,0,2263,2263
final_images/95042.png,赵孟𫖯,隶,收,801,4,2263,30367
final_images/95045.png,王澍,隶,收,589,4,2263,30367
final_images/95068.png,赵孟𫖯,楷,攸,801,0,2265,2265
final_images/95073.png,智永,楷,攸,377,0,2265,2265
final_images/95134.png,赵孟𫖯,隶,攸,801,4,2265,30369
final_images/95139.png,王澍,隶,攸,589,4,2265,30369
final_images/95159.png,赵孟𫖯,楷,改,801,0,2266,2266
final_images/95160.png,欧阳询,楷,改,479,0,2266,2266
final_images/95162.png,颜真卿,楷,改,956,0,2266,2266
final_images/95218.png,赵孟𫖯,隶,改,801,4,2266,30370
final_images/95223.png,邓石如,隶,改,828,4,2266,30370
final_images/95227.png,智永,楷,攺,377,0,2267,2267
final_images/95254.png,颜真卿,楷,攻,956,0,2268,2268
final_images/95439.png,柳公权,楷,政,461,0,2272,2272
final_images/95440.png,欧阳询,楷,政,479,0,2272,2272
final_images/95512.png,吴叡,隶,政,171,4,2272,30376
final_images/95513.png,赵孟𫖯,隶,政,801,4,2272,30376
final_images/95527.png,王澍,隶,政,589,4,2272,30376
final_images/95578.png,赵孟𫖯,楷,故,801,0,2276,2276
final_images/95583.png,柳公权,楷,故,461,0,2276,2276
final_images/95586.png,褚遂良,楷,故,760,0,2276,2276
final_images/95587.png,褚遂良,楷,故,760,0,2276,2276
final_images/95588.png,颜真卿,楷,故,956,0,2276,2276
final_images/95592.png,智永,楷,故,377,0,2276,2276
final_images/95692.png,赵孟𫖯,隶,故,801,4,2276,30380
final_images/95716.png,王澍,隶,故,589,4,2276,30380
final_images/95717.png,邓石如,隶,故,828,4,2276,30380
final_images/95719.png,金农,隶,故,855,4,2276,30380
final_images/95733.png,欧阳询,楷,效,479,0,2277,2277
final_images/95765.png,赵孟𫖯,隶,效,801,4,2277,30381
final_images/95772.png,王澍,隶,效,589,4,2277,30381
final_images/95787.png,赵孟𫖯,楷,敎,801,0,2279,2279
final_images/95793.png,柳公权,楷,敎,461,0,2279,2279
final_images/95795.png,褚遂良,楷,敎,760,0,2279,2279
final_images/95856.png,金农,隶,敎,855,4,2279,30383
final_images/95863.png,欧阳询,楷,敏,479,0,2280,2280
final_images/95866.png,褚遂良,楷,敏,760,0,2280,2280
final_images/95867.png,颜真卿,楷,敏,956,0,2280,2280
final_images/95905.png,柳公权,楷,救,461,0,2281,2281
final_images/95906.png,欧阳询,楷,救,479,0,2281,2281
final_images/96041.png,智永,楷,敕,377,0,2284,2284
final_images/96063.png,赵孟𫖯,隶,敕,801,4,2284,30388
final_images/96113.png,赵孟𫖯,楷,敗,801,0,2286,2286
final_images/96144.png,吴叡,隶,敗,171,4,2286,30390
final_images/96155.png,赵孟𫖯,楷,教,801,0,2287,2287
final_images/96160.png,欧阳询,楷,教,479,0,2287,2287
final_images/96161.png,颜真卿,楷,教,956,0,2287,2287
final_images/96237.png,金农,隶,教,855,4,2287,30391
final_images/96375.png,褚遂良,楷,敞,760,0,2291,2291
final_images/96416.png,赵孟𫖯,楷,敢,801,0,2292,2292
final_images/96422.png,颜真卿,楷,敢,956,0,2292,2292
final_images/96428.png,智永,楷,敢,377,0,2292,2292
final_images/96429.png,智永,楷,敢,377,0,2292,2292
final_images/96641.png,赵孟𫖯,隶,敢,801,4,2292,30396
final_images/96657.png,赵孟𫖯,楷,散,801,0,2293,2293
final_images/96660.png,柳公权,楷,散,461,0,2293,2293
final_images/96661.png,欧阳询,楷,散,479,0,2293,2293
final_images/96662.png,颜真卿,楷,散,956,0,2293,2293
final_images/96667.png,智永,楷,散,377,0,2293,2293
final_images/96722.png,赵孟𫖯,隶,散,801,4,2293,30397
final_images/96728.png,王澍,隶,散,589,4,2293,30397
final_images/96729.png,王澍,隶,散,589,4,2293,30397
final_images/96730.png,陈鸿寿,隶,散,920,4,2293,30397
final_images/96753.png,智永,楷,敦,377,0,2294,2294
final_images/96788.png,赵孟𫖯,隶,敦,801,4,2294,30398
final_images/96795.png,王澍,隶,敦,589,4,2294,30398
final_images/96820.png,赵孟𫖯,楷,敬,801,0,2296,2296
final_images/96931.png,吴叡,隶,敬,171,4,2296,30400
final_images/96932.png,赵孟𫖯,隶,敬,801,4,2296,30400
final_images/96997.png,颜真卿,楷,整,956,0,2300,2300
final_images/97020.png,柳公权,楷,敵,461,0,2301,2301
final_images/97055.png,吴叡,隶,敶,171,4,2302,30406
final_images/97068.png,柳公权,楷,敷,461,0,2303,2303
final_images/97072.png,颜真卿,楷,敷,956,0,2303,2303
final_images/97110.png,柳公权,楷,數,461,0,2304,2304
final_images/97111.png,褚遂良,楷,數,760,0,2304,2304
final_images/97112.png,褚遂良,楷,數,760,0,2304,2304
final_images/97113.png,褚遂良,楷,數,760,0,2304,2304
final_images/97114.png,颜真卿,楷,數,956,0,2304,2304
final_images/97194.png,金农,隶,數,855,4,2304,30408
final_images/97195.png,陈鸿寿,隶,數,920,4,2304,30408
final_images/97239.png,赵孟𫖯,楷,斂,801,0,2308,2308
final_images/97241.png,褚遂良,楷,斂,760,0,2308,2308
final_images/97283.png,赵孟𫖯,楷,文,801,0,2310,2310
final_images/97292.png,欧阳询,楷,文,479,0,2310,2310
final_images/97293.png,褚遂良,楷,文,760,0,2310,2310
final_images/97294.png,褚遂良,楷,文,760,0,2310,2310
final_images/97295.png,褚遂良,楷,文,760,0,2310,2310
final_images/97296.png,褚遂良,楷,文,760,0,2310,2310
final_images/97297.png,褚遂良,楷,文,760,0,2310,2310
final_images/97299.png,颜真卿,楷,文,956,0,2310,2310
final_images/97307.png,智永,楷,文,377,0,2310,2310
final_images/97546.png,吴叡,隶,文,171,4,2310,30414
final_images/97547.png,赵孟𫖯,隶,文,801,4,2310,30414
final_images/97566.png,王澍,隶,文,589,4,2310,30414
final_images/97568.png,金农,隶,文,855,4,2310,30414
final_images/97593.png,赵孟𫖯,楷,斐,801,0,2312,2312
final_images/97594.png,颜真卿,楷,斐,956,0,2312,2312
final_images/97638.png,颜真卿,楷,斗,956,0,2314,2314
final_images/97712.png,颜真卿,楷,料,956,0,2315,2315
final_images/97820.png,赵孟𫖯,楷,斡,801,0,2319,2319
final_images/97821.png,柳公权,楷,斡,461,0,2319,2319
final_images/97834.png,王澍,隶,斡,589,4,2319,30423
final_images/97937.png,赵孟𫖯,楷,斧,801,0,2322,2322
final_images/98005.png,智永,楷,斬,377,0,2325,2325
final_images/98036.png,赵孟𫖯,隶,斬,801,4,2325,30429
final_images/98037.png,王澍,隶,斬,589,4,2325,30429
final_images/98092.png,赵孟𫖯,楷,斯,801,0,2328,2328
final_images/98101.png,褚遂良,楷,斯,760,0,2328,2328
final_images/98102.png,褚遂良,楷,斯,760,0,2328,2328
final_images/98103.png,褚遂良,楷,斯,760,0,2328,2328
final_images/98107.png,智永,楷,斯,377,0,2328,2328
final_images/98157.png,赵孟𫖯,隶,斯,801,4,2328,30432
final_images/98173.png,赵孟𫖯,楷,新,801,0,2329,2329
final_images/98175.png,柳公权,楷,新,461,0,2329,2329
final_images/98176.png,欧阳询,楷,新,479,0,2329,2329
final_images/98177.png,颜真卿,楷,新,956,0,2329,2329
final_images/98180.png,智永,楷,新,377,0,2329,2329
final_images/98293.png,赵孟𫖯,隶,新,801,4,2329,30433
final_images/98302.png,王澍,隶,新,589,4,2329,30433
final_images/98304.png,金农,隶,新,855,4,2329,30433
final_images/98309.png,欧阳询,楷,斲,479,0,2330,2330
final_images/98325.png,柳公权,楷,斷,461,0,2331,2331
final_images/98326.png,褚遂良,楷,斷,760,0,2331,2331
final_images/98327.png,颜真卿,楷,斷,956,0,2331,2331
final_images/98328.png,颜真卿,楷,斷,956,0,2331,2331
final_images/98385.png,褚遂良,楷,方,760,0,2333,2333
final_images/98386.png,褚遂良,楷,方,760,0,2333,2333
final_images/98387.png,褚遂良,楷,方,760,0,2333,2333
final_images/98388.png,颜真卿,楷,方,956,0,2333,2333
final_images/98553.png,吴叡,隶,方,171,4,2333,30437
final_images/98554.png,赵孟𫖯,隶,方,801,4,2333,30437
final_images/98574.png,金农,隶,方,855,4,2333,30437
final_images/98582.png,赵孟𫖯,楷,於,801,0,2334,2334
final_images/98590.png,柳公权,楷,於,461,0,2334,2334
final_images/98591.png,欧阳询,楷,於,479,0,2334,2334
final_images/98593.png,褚遂良,楷,於,760,0,2334,2334
final_images/98594.png,褚遂良,楷,於,760,0,2334,2334
final_images/98999.png,吴叡,隶,於,171,4,2334,30438
final_images/99000.png,吴叡,隶,於,171,4,2334,30438
final_images/99001.png,赵孟𫖯,隶,於,801,4,2334,30438
final_images/99021.png,王澍,隶,於,589,4,2334,30438
final_images/99023.png,邓石如,隶,於,828,4,2334,30438
final_images/99024.png,邓石如,隶,於,828,4,2334,30438
final_images/99025.png,陈鸿寿,隶,於,920,4,2334,30438
final_images/99044.png,赵孟𫖯,楷,施,801,0,2335,2335
final_images/99047.png,褚遂良,楷,施,760,0,2335,2335
final_images/99048.png,颜真卿,楷,施,956,0,2335,2335
final_images/99051.png,智永,楷,施,377,0,2335,2335
final_images/99091.png,赵孟𫖯,隶,施,801,4,2335,30439
final_images/99191.png,欧阳询,楷,旂,479,0,2338,2338
final_images/99249.png,赵孟𫖯,楷,旄,801,0,2340,2340
final_images/99251.png,柳公权,楷,旄,461,0,2340,2340
final_images/99276.png,柳公权,楷,旅,461,0,2341,2341
final_images/99410.png,欧阳询,楷,旋,479,0,2344,2344
final_images/99411.png,智永,楷,旋,377,0,2344,2344
final_images/99439.png,赵孟𫖯,隶,旋,801,4,2344,30448
final_images/99441.png,陈鸿寿,隶,旋,920,4,2344,30448
final_images/99476.png,陈鸿寿,隶,旌,920,4,2345,30449
final_images/99501.png,柳公权,楷,族,461,0,2347,2347
final_images/99503.png,颜真卿,楷,族,956,0,2347,2347
final_images/99561.png,邓石如,隶,族,828,4,2347,30451
final_images/99562.png,陈鸿寿,隶,族,920,4,2347,30451
final_images/99567.png,赵孟𫖯,楷,旒,801,0,2348,2348
final_images/99568.png,褚遂良,楷,旒,760,0,2348,2348
final_images/99631.png,赵孟𫖯,楷,旜,801,0,2352,2352
final_images/99649.png,颜真卿,楷,旟,956,0,2353,2353
final_images/99732.png,柳公权,楷,既,461,0,2356,2356
final_images/99733.png,欧阳询,楷,既,479,0,2356,2356
final_images/99735.png,褚遂良,楷,既,760,0,2356,2356
final_images/99918.png,吴叡,隶,既,171,4,2356,30460
final_images/99919.png,赵孟𫖯,隶,既,801,4,2356,30460
final_images/99938.png,赵孟𫖯,楷,旣,801,0,2357,2357
final_images/99941.png,柳公权,楷,旣,461,0,2357,2357
final_images/99942.png,欧阳询,楷,旣,479,0,2357,2357
final_images/99944.png,褚遂良,楷,旣,760,0,2357,2357
final_images/99945.png,褚遂良,楷,旣,760,0,2357,2357
final_images/99946.png,颜真卿,楷,旣,956,0,2357,2357
final_images/100123.png,赵孟𫖯,隶,旣,801,4,2357,30461
final_images/100136.png,王澍,隶,旣,589,4,2357,30461
final_images/100155.png,赵孟𫖯,楷,日,801,0,2359,2359
final_images/100164.png,柳公权,楷,日,461,0,2359,2359
final_images/100165.png,欧阳询,楷,日,479,0,2359,2359
final_images/100168.png,褚遂良,楷,日,760,0,2359,2359
final_images/100169.png,褚遂良,楷,日,760,0,2359,2359
final_images/100170.png,颜真卿,楷,日,956,0,2359,2359
final_images/100174.png,褚遂良,楷,日,760,0,2359,2359
final_images/100493.png,柳公权,楷,旦,461,0,2360,2360
final_images/100495.png,褚遂良,楷,旦,760,0,2360,2360
final_images/100496.png,褚遂良,楷,旦,760,0,2360,2360
final_images/100497.png,智永,楷,旦,377,0,2360,2360
final_images/100576.png,赵孟𫖯,隶,旦,801,4,2360,30464
final_images/100610.png,柳公权,楷,旨,461,0,2362,2362
final_images/100612.png,褚遂良,楷,旨,760,0,2362,2362
final_images/100613.png,颜真卿,楷,旨,956,0,2362,2362
final_images/100698.png,褚遂良,楷,早,760,0,2363,2363
final_images/100773.png,欧阳询,楷,旬,479,0,2364,2364
final_images/100775.png,颜真卿,楷,旬,956,0,2364,2364
final_images/100888.png,柳公权,楷,旱,461,0,2366,2366
final_images/100903.png,金农,隶,旱,855,4,2366,30470
final_images/101067.png,赵孟𫖯,楷,昆,801,0,2374,2374
final_images/101068.png,柳公权,楷,昆,461,0,2374,2374
final_images/101069.png,褚遂良,楷,昆,760,0,2374,2374
final_images/101072.png,智永,楷,昆,377,0,2374,2374
final_images/101103.png,王澍,隶,昆,589,4,2374,30478
final_images/101108.png,柳公权,楷,昇,461,0,2375,2375
final_images/101110.png,褚遂良,楷,昇,760,0,2375,2375
final_images/101150.png,赵孟𫖯,楷,昌,801,0,2377,2377
final_images/101157.png,褚遂良,楷,昌,760,0,2377,2377
final_images/101158.png,褚遂良,楷,昌,760,0,2377,2377
final_images/101196.png,吴叡,隶,昌,171,4,2377,30481
final_images/101206.png,陈鸿寿,隶,昌,920,4,2377,30481
final_images/101342.png,褚遂良,楷,昏,760,0,2379,2379
final_images/101405.png,吴叡,隶,昏,171,4,2379,30483
final_images/101424.png,赵孟𫖯,楷,易,801,0,2380,2380
final_images/101425.png,褚遂良,楷,易,760,0,2380,2380
final_images/101426.png,颜真卿,楷,易,956,0,2380,2380
final_images/101429.png,智永,楷,易,377,0,2380,2380
final_images/101662.png,赵孟𫖯,隶,易,801,4,2380,30484
final_images/101686.png,欧阳询,楷,昔,479,0,2381,2381
final_images/101687.png,颜真卿,楷,昔,956,0,2381,2381
final_images/101758.png,吴叡,隶,昔,171,4,2381,30485
final_images/101759.png,吴叡,隶,昔,171,4,2381,30485
final_images/101894.png,赵孟𫖯,楷,星,801,0,2386,2386
final_images/101897.png,褚遂良,楷,星,760,0,2386,2386
final_images/101898.png,褚遂良,楷,星,760,0,2386,2386
final_images/101899.png,智永,楷,星,377,0,2386,2386
final_images/101967.png,颜真卿,楷,映,956,0,2387,2387
final_images/102008.png,颜真卿,楷,春,956,0,2388,2388
final_images/102103.png,金农,隶,春,855,4,2388,30492
final_images/102122.png,褚遂良,楷,昧,760,0,2389,2389
final_images/102123.png,褚遂良,楷,昧,760,0,2389,2389
final_images/102124.png,褚遂良,楷,昧,760,0,2389,2389
final_images/102153.png,吴叡,隶,昧,171,4,2389,30493
final_images/102217.png,柳公权,楷,昭,461,0,2391,2391
final_images/102218.png,欧阳询,楷,昭,479,0,2391,2391
final_images/102220.png,颜真卿,楷,昭,956,0,2391,2391
final_images/102259.png,吴叡,隶,昭,171,4,2391,30495
final_images/102288.png,柳公权,楷,是,461,0,2392,2392
final_images/102290.png,褚遂良,楷,是,760,0,2392,2392
final_images/102291.png,褚遂良,楷,是,760,0,2392,2392
final_images/102501.png,赵孟𫖯,隶,是,801,4,2392,30496
final_images/102523.png,邓石如,隶,是,828,4,2392,30496
final_images/102525.png,金农,隶,是,855,4,2392,30496
final_images/102526.png,陈鸿寿,隶,是,920,4,2392,30496
final_images/102527.png,陈鸿寿,隶,是,920,4,2392,30496
final_images/102559.png,赵孟𫖯,楷,昶,801,0,2394,2394
final_images/102645.png,赵孟𫖯,楷,時,801,0,2399,2399
final_images/102649.png,欧阳询,楷,時,479,0,2399,2399
final_images/102650.png,褚遂良,楷,時,760,0,2399,2399
final_images/102651.png,褚遂良,楷,時,760,0,2399,2399
final_images/102652.png,颜真卿,楷,時,956,0,2399,2399
final_images/102733.png,吴叡,隶,時,171,4,2399,30503
final_images/102734.png,吴叡,隶,時,171,4,2399,30503
final_images/102754.png,王澍,隶,時,589,4,2399,30503
final_images/102756.png,邓石如,隶,時,828,4,2399,30503
final_images/102758.png,金农,隶,時,855,4,2399,30503
final_images/102759.png,金农,隶,時,855,4,2399,30503
final_images/102760.png,陈鸿寿,隶,時,920,4,2399,30503
final_images/102775.png,颜真卿,楷,晃,956,0,2400,2400
final_images/102785.png,褚遂良,楷,晈,760,0,2401,2401
final_images/102786.png,智永,楷,晈,377,0,2401,2401
final_images/102793.png,赵孟𫖯,楷,晉,801,0,2402,2402
final_images/102796.png,柳公权,楷,晉,461,0,2402,2402
final_images/102797.png,欧阳询,楷,晉,479,0,2402,2402
final_images/102799.png,褚遂良,楷,晉,760,0,2402,2402
final_images/102808.png,智永,楷,晉,377,0,2402,2402
final_images/102895.png,赵孟𫖯,隶,晉,801,4,2402,30506
final_images/102906.png,金农,隶,晉,855,4,2402,30506
final_images/102911.png,柳公权,楷,晋,461,0,2403,2403
final_images/102913.png,颜真卿,楷,晋,956,0,2403,2403
final_images/103024.png,王澍,隶,晋,589,4,2403,30507
final_images/103025.png,金农,隶,晋,855,4,2403,30507
final_images/103066.png,吴叡,隶,晏,171,4,2404,30508
final_images/103101.png,赵孟𫖯,楷,晚,801,0,2407,2407
final_images/103104.png,智永,楷,晚,377,0,2407,2407
final_images/103142.png,王澍,隶,晚,589,4,2407,30511
final_images/103161.png,柳公权,楷,晝,461,0,2409,2409
final_images/103162.png,褚遂良,楷,晝,760,0,2409,2409
final_images/103163.png,颜真卿,楷,晝,956,0,2409,2409
final_images/103164.png,智永,楷,晝,377,0,2409,2409
final_images/103200.png,赵孟𫖯,隶,晝,801,4,2409,30513
final_images/103201.png,王澍,隶,晝,589,4,2409,30513
final_images/103255.png,赵孟𫖯,楷,晦,801,0,2415,2415
final_images/103256.png,赵孟𫖯,楷,晦,801,0,2415,2415
final_images/103259.png,褚遂良,楷,晦,760,0,2415,2415
final_images/103283.png,赵孟𫖯,隶,晦,801,4,2415,30519
final_images/103303.png,褚遂良,楷,晨,760,0,2416,2416
final_images/103336.png,赵孟𫖯,楷,晩,801,0,2417,2417
final_images/103338.png,智永,楷,晩,377,0,2417,2417
final_images/103362.png,赵孟𫖯,隶,晩,801,4,2417,30521
final_images/103376.png,褚遂良,楷,普,760,0,2418,2418
final_images/103412.png,赵孟𫖯,楷,景,801,0,2419,2419
final_images/103415.png,褚遂良,楷,景,760,0,2419,2419
final_images/103418.png,颜真卿,楷,景,956,0,2419,2419
final_images/103461.png,赵孟𫖯,隶,景,801,4,2419,30523
final_images/103474.png,王澍,隶,景,589,4,2419,30523
final_images/103475.png,金农,隶,景,855,4,2419,30523
final_images/103499.png,赵孟𫖯,楷,晴,801,0,2421,2421
final_images/103586.png,赵孟𫖯,楷,智,801,0,2424,2424
final_images/103589.png,柳公权,楷,智,461,0,2424,2424
final_images/103590.png,欧阳询,楷,智,479,0,2424,2424
final_images/103591.png,褚遂良,楷,智,760,0,2424,2424
final_images/103640.png,金农,隶,智,855,4,2424,30528
final_images/103716.png,赵孟𫖯,楷,暉,801,0,2431,2431
final_images/103718.png,欧阳询,楷,暉,479,0,2431,2431
final_images/103719.png,褚遂良,楷,暉,760,0,2431,2431
final_images/103724.png,智永,楷,暉,377,0,2431,2431
final_images/103733.png,赵孟𫖯,隶,暉,801,4,2431,30535
final_images/103734.png,王澍,隶,暉,589,4,2431,30535
final_images/103746.png,赵孟𫖯,楷,暎,801,0,2432,2432
final_images/103748.png,欧阳询,楷,暎,479,0,2432,2432
final_images/103749.png,智永,楷,暎,377,0,2432,2432
final_images/103785.png,赵孟𫖯,楷,暑,801,0,2434,2434
final_images/103786.png,欧阳询,楷,暑,479,0,2434,2434
final_images/103787.png,褚遂良,楷,暑,760,0,2434,2434
final_images/103789.png,智永,楷,暑,377,0,2434,2434
final_images/103851.png,欧阳询,楷,暗,479,0,2436,2436
final_images/103895.png,褚遂良,楷,暢,760,0,2439,2439
final_images/103896.png,颜真卿,楷,暢,956,0,2439,2439
final_images/103954.png,褚遂良,楷,暫,760,0,2441,2441
final_images/103955.png,颜真卿,楷,暫,956,0,2441,2441
final_images/103974.png,柳公权,楷,暮,461,0,2442,2442
final_images/104020.png,赵孟𫖯,楷,暴,801,0,2443,2443
final_images/104086.png,赵孟𫖯,楷,曄,801,0,2445,2445
final_images/104097.png,褚遂良,楷,曆,760,0,2446,2446
final_images/104098.png,颜真卿,楷,曆,956,0,2446,2446
final_images/104148.png,邓石如,隶,曉,828,4,2449,30553
final_images/104215.png,褚遂良,楷,曜,760,0,2455,2455
final_images/104216.png,颜真卿,楷,曜,956,0,2455,2455
final_images/104218.png,智永,楷,曜,377,0,2455,2455
final_images/104238.png,吴叡,隶,曜,171,4,2455,30559
final_images/104255.png,赵孟𫖯,楷,曠,801,0,2457,2457
final_images/104259.png,褚遂良,楷,曠,760,0,2457,2457
final_images/104260.png,颜真卿,楷,曠,956,0,2457,2457
final_images/104286.png,褚遂良,楷,曦,760,0,2458,2458
final_images/104290.png,王澍,隶,曦,589,4,2458,30562
final_images/104304.png,柳公权,楷,曩,461,0,2460,2460
final_images/104307.png,褚遂良,楷,曩,760,0,2460,2460
final_images/104322.png,柳公权,楷,曰,461,0,2461,2461
final_images/104323.png,欧阳询,楷,曰,479,0,2461,2461
final_images/104324.png,褚遂良,楷,曰,760,0,2461,2461
final_images/104611.png,吴叡,隶,曰,171,4,2461,30565
final_images/104612.png,赵孟𫖯,隶,曰,801,4,2461,30565
final_images/104638.png,王澍,隶,曰,589,4,2461,30565
final_images/104640.png,金农,隶,曰,855,4,2461,30565
final_images/104641.png,金农,隶,曰,855,4,2461,30565
final_images/104642.png,陈鸿寿,隶,曰,920,4,2461,30565
final_images/104663.png,颜真卿,楷,曲,956,0,2462,2462
final_images/104712.png,赵孟𫖯,隶,曲,801,4,2462,30566
final_images/104718.png,王澍,隶,曲,589,4,2462,30566
final_images/104766.png,赵孟𫖯,楷,更,801,0,2464,2464
final_images/104769.png,欧阳询,楷,更,479,0,2464,2464
final_images/104771.png,褚遂良,楷,更,760,0,2464,2464
final_images/104772.png,颜真卿,楷,更,956,0,2464,2464
final_images/104774.png,智永,楷,更,377,0,2464,2464
final_images/104850.png,赵孟𫖯,隶,更,801,4,2464,30568
final_images/104856.png,王澍,隶,更,589,4,2464,30568
final_images/104886.png,赵孟𫖯,楷,曷,801,0,2466,2466
final_images/104909.png,赵孟𫖯,楷,書,801,0,2467,2467
final_images/104920.png,褚遂良,楷,書,760,0,2467,2467
final_images/104921.png,褚遂良,楷,書,760,0,2467,2467
final_images/104922.png,褚遂良,楷,書,760,0,2467,2467
final_images/104923.png,颜真卿,楷,書,956,0,2467,2467
final_images/104924.png,颜真卿,楷,書,956,0,2467,2467
final_images/105052.png,吴叡,隶,書,171,4,2467,30571
final_images/105070.png,邓石如,隶,書,828,4,2467,30571
final_images/105071.png,金农,隶,書,855,4,2467,30571
final_images/105195.png,欧阳询,楷,曽,479,0,2470,2470
final_images/105197.png,颜真卿,楷,曽,956,0,2470,2470
final_images/105252.png,吴叡,隶,曽,171,4,2470,30574
final_images/105258.png,邓石如,隶,曽,828,4,2470,30574
final_images/105260.png,陈鸿寿,隶,曽,920,4,2470,30574
final_images/105275.png,欧阳询,楷,曾,479,0,2471,2471
final_images/105276.png,颜真卿,楷,曾,956,0,2471,2471
final_images/105346.png,吴叡,隶,曾,171,4,2471,30575
final_images/105351.png,邓石如,隶,曾,828,4,2471,30575
final_images/105352.png,金农,隶,曾,855,4,2471,30575
final_images/105354.png,陈鸿寿,隶,曾,920,4,2471,30575
final_images/105363.png,褚遂良,楷,替,760,0,2472,2472
final_images/105364.png,颜真卿,楷,替,956,0,2472,2472
final_images/105382.png,吴叡,隶,替,171,4,2472,30576
final_images/105424.png,赵孟𫖯,隶,最,801,4,2473,30577
final_images/105449.png,赵孟𫖯,楷,會,801,0,2475,2475
final_images/105452.png,柳公权,楷,會,461,0,2475,2475
final_images/105453.png,褚遂良,楷,會,760,0,2475,2475
final_images/105454.png,颜真卿,楷,會,956,0,2475,2475
final_images/105457.png,智永,楷,會,377,0,2475,2475
final_images/105535.png,王澍,隶,會,589,4,2475,30579
final_images/105561.png,欧阳询,楷,月,479,0,2477,2477
final_images/105563.png,褚遂良,楷,月,760,0,2477,2477
final_images/105903.png,吴叡,隶,月,171,4,2477,30581
final_images/105932.png,王澍,隶,月,589,4,2477,30581
final_images/105938.png,邓石如,隶,月,828,4,2477,30581
final_images/105941.png,金农,隶,月,855,4,2477,30581
final_images/105942.png,金农,隶,月,855,4,2477,30581
final_images/105943.png,金农,隶,月,855,4,2477,30581
final_images/105970.png,褚遂良,楷,有,760,0,2478,2478
final_images/105971.png,褚遂良,楷,有,760,0,2478,2478
final_images/105972.png,褚遂良,楷,有,760,0,2478,2478
final_images/105973.png,颜真卿,楷,有,956,0,2478,2478
final_images/105981.png,智永,楷,有,377,0,2478,2478
final_images/106183.png,邓石如,隶,有,828,4,2478,30582
final_images/106184.png,邓石如,隶,有,828,4,2478,30582
final_images/106185.png,金农,隶,有,855,4,2478,30582
final_images/106186.png,金农,隶,有,855,4,2478,30582
final_images/106189.png,陈鸿寿,隶,有,920,4,2478,30582
final_images/106206.png,赵孟𫖯,楷,朋,801,0,2479,2479
final_images/106255.png,吴叡,隶,朋,171,4,2479,30583
final_images/106274.png,赵孟𫖯,楷,服,801,0,2481,2481
final_images/106277.png,欧阳询,楷,服,479,0,2481,2481
final_images/106279.png,颜真卿,楷,服,956,0,2481,2481
final_images/106281.png,智永,楷,服,377,0,2481,2481
final_images/106346.png,吴叡,隶,服,171,4,2481,30585
final_images/106347.png,赵孟𫖯,隶,服,801,4,2481,30585
final_images/106355.png,王澍,隶,服,589,4,2481,30585
final_images/106357.png,邓石如,隶,服,828,4,2481,30585
final_images/106358.png,陈鸿寿,隶,服,920,4,2481,30585
final_images/106420.png,褚遂良,楷,朔,760,0,2484,2484
final_images/106421.png,褚遂良,楷,朔,760,0,2484,2484
final_images/106422.png,颜真卿,楷,朔,956,0,2484,2484
final_images/106424.png,智永,楷,朔,377,0,2484,2484
final_images/106618.png,赵孟𫖯,楷,朗,801,0,2486,2486
final_images/106619.png,欧阳询,楷,朗,479,0,2486,2486
final_images/106623.png,智永,楷,朗,377,0,2486,2486
final_images/106645.png,赵孟𫖯,隶,朗,801,4,2486,30590
final_images/106648.png,王澍,隶,朗,589,4,2486,30590
final_images/106652.png,颜真卿,楷,朙,956,0,2487,2487
final_images/106701.png,赵孟𫖯,隶,朙,801,4,2487,30591
final_images/106720.png,赵孟𫖯,楷,望,801,0,2488,2488
final_images/106722.png,颜真卿,楷,望,956,0,2488,2488
final_images/106765.png,吴叡,隶,望,171,4,2488,30592
final_images/106774.png,邓石如,隶,望,828,4,2488,30592
final_images/106793.png,柳公权,楷,朝,461,0,2489,2489
final_images/106794.png,褚遂良,楷,朝,760,0,2489,2489
final_images/106797.png,智永,楷,朝,377,0,2489,2489
final_images/106859.png,吴叡,隶,朝,171,4,2489,30593
final_images/106868.png,邓石如,隶,朝,828,4,2489,30593
final_images/106870.png,金农,隶,朝,855,4,2489,30593
final_images/106871.png,陈鸿寿,隶,朝,920,4,2489,30593
final_images/106888.png,柳公权,楷,期,461,0,2490,2490
final_images/106889.png,欧阳询,楷,期,479,0,2490,2490
final_images/106891.png,褚遂良,楷,期,760,0,2490,2490
final_images/106892.png,颜真卿,楷,期,956,0,2490,2490
final_images/106945.png,金农,隶,期,855,4,2490,30594
final_images/107010.png,褚遂良,楷,木,760,0,2492,2492
final_images/107011.png,颜真卿,楷,木,956,0,2492,2492
final_images/107108.png,吴叡,隶,木,171,4,2492,30596
final_images/107112.png,王澍,隶,木,589,4,2492,30596
final_images/107113.png,邓石如,隶,木,828,4,2492,30596
final_images/107131.png,柳公权,楷,未,461,0,2493,2493
final_images/107132.png,欧阳询,楷,未,479,0,2493,2493
final_images/107133.png,褚遂良,楷,未,760,0,2493,2493
final_images/107134.png,颜真卿,楷,未,956,0,2493,2493
final_images/107334.png,金农,隶,未,855,4,2493,30597
final_images/107335.png,陈鸿寿,隶,未,920,4,2493,30597
final_images/107353.png,褚遂良,楷,末,760,0,2494,2494
final_images/107354.png,颜真卿,楷,末,956,0,2494,2494
final_images/107406.png,邓石如,隶,末,828,4,2494,30598
final_images/107480.png,赵孟𫖯,隶,本,801,4,2495,30599
final_images/107491.png,金农,隶,本,855,4,2495,30599
final_images/107506.png,颜真卿,楷,札,956,0,2496,2496
final_images/107557.png,赵孟𫖯,楷,朱,801,0,2498,2498
final_images/107562.png,柳公权,楷,朱,461,0,2498,2498
final_images/107563.png,褚遂良,楷,朱,760,0,2498,2498
final_images/107564.png,褚遂良,楷,朱,760,0,2498,2498
final_images/107733.png,欧阳询,楷,朽,479,0,2504,2504
final_images/107734.png,褚遂良,楷,朽,760,0,2504,2504
final_images/107823.png,颜真卿,楷,杉,956,0,2508,2508
final_images/107860.png,赵孟𫖯,楷,李,801,0,2510,2510
final_images/107865.png,柳公权,楷,李,461,0,2510,2510
final_images/107867.png,褚遂良,楷,李,760,0,2510,2510
final_images/107868.png,褚遂良,楷,李,760,0,2510,2510
final_images/107869.png,颜真卿,楷,李,956,0,2510,2510
final_images/107969.png,欧阳询,楷,材,479,0,2512,2512
final_images/107970.png,颜真卿,楷,材,956,0,2512,2512
final_images/108012.png,陈鸿寿,隶,材,920,4,2512,30616
final_images/108081.png,陈鸿寿,隶,杖,920,4,2516,30620
final_images/108113.png,赵孟𫖯,楷,杜,801,0,2518,2518
final_images/108115.png,褚遂良,楷,杜,760,0,2518,2518
final_images/108154.png,吴叡,隶,杜,171,4,2518,30622
final_images/108155.png,赵孟𫖯,隶,杜,801,4,2518,30622
final_images/108157.png,王澍,隶,杜,589,4,2518,30622
final_images/108158.png,邓石如,隶,杜,828,4,2518,30622
final_images/108173.png,赵孟𫖯,楷,杞,801,0,2519,2519
final_images/108223.png,褚遂良,楷,束,760,0,2520,2520
final_images/108224.png,智永,楷,束,377,0,2520,2520
final_images/108270.png,赵孟𫖯,隶,束,801,4,2520,30624
final_images/108336.png,智永,楷,杭,377,0,2524,2524
final_images/108364.png,赵孟𫖯,楷,杯,801,0,2525,2525
final_images/108366.png,颜真卿,楷,杯,956,0,2525,2525
final_images/108392.png,赵孟𫖯,隶,杯,801,4,2525,30629
final_images/108407.png,柳公权,楷,東,461,0,2526,2526
final_images/108408.png,欧阳询,楷,東,479,0,2526,2526
final_images/108410.png,褚遂良,楷,東,760,0,2526,2526
final_images/108414.png,智永,楷,東,377,0,2526,2526
final_images/108565.png,王澍,隶,東,589,4,2526,30630
final_images/108568.png,邓石如,隶,東,828,4,2526,30630
final_images/108570.png,陈鸿寿,隶,東,920,4,2526,30630
final_images/108581.png,褚遂良,楷,杲,760,0,2527,2527
final_images/108582.png,颜真卿,楷,杲,956,0,2527,2527
final_images/108601.png,赵孟𫖯,楷,杳,801,0,2528,2528
final_images/108603.png,智永,楷,杳,377,0,2528,2528
final_images/108628.png,赵孟𫖯,隶,杳,801,4,2528,30632
final_images/108630.png,王澍,隶,杳,589,4,2528,30632
final_images/108657.png,赵孟𫖯,楷,杷,801,0,2530,2530
final_images/108658.png,颜真卿,楷,杷,956,0,2530,2530
final_images/108674.png,赵孟𫖯,隶,杷,801,4,2530,30634
final_images/108736.png,智永,楷,松,377,0,2533,2533
final_images/108771.png,赵孟𫖯,隶,松,801,4,2533,30637
final_images/108786.png,颜真卿,楷,板,956,0,2534,2534
final_images/108854.png,赵孟𫖯,楷,枇,801,0,2537,2537
final_images/108863.png,赵孟𫖯,隶,枇,801,4,2537,30641
final_images/108864.png,王澍,隶,枇,589,4,2537,30641
final_images/108926.png,褚遂良,楷,析,760,0,2540,2540
final_images/108995.png,赵孟𫖯,楷,枕,801,0,2542,2542
final_images/108997.png,欧阳询,楷,枕,479,0,2542,2542
final_images/108998.png,颜真卿,楷,枕,956,0,2542,2542
final_images/109042.png,赵孟𫖯,楷,林,801,0,2543,2543
final_images/109046.png,柳公权,楷,林,461,0,2543,2543
final_images/109047.png,颜真卿,楷,林,956,0,2543,2543
final_images/109054.png,智永,楷,林,377,0,2543,2543
final_images/109115.png,赵孟𫖯,隶,林,801,4,2543,30647
final_images/109123.png,王澍,隶,林,589,4,2543,30647
final_images/109126.png,金农,隶,林,855,4,2543,30647
final_images/109134.png,褚遂良,楷,枚,760,0,2544,2544
final_images/109184.png,赵孟𫖯,楷,果,801,0,2545,2545
final_images/109186.png,颜真卿,楷,果,956,0,2545,2545
final_images/109247.png,赵孟𫖯,隶,果,801,4,2545,30649
final_images/109269.png,赵孟𫖯,楷,枝,801,0,2546,2546
final_images/109270.png,褚遂良,楷,枝,760,0,2546,2546
final_images/109272.png,智永,楷,枝,377,0,2546,2546
final_images/109303.png,吴叡,隶,枝,171,4,2546,30650
final_images/109346.png,赵孟𫖯,楷,枯,801,0,2549,2549
final_images/109426.png,欧阳询,楷,架,479,0,2554,2554
final_images/109476.png,褚遂良,楷,枻,760,0,2557,2557
final_images/109602.png,赵孟𫖯,楷,某,801,0,2562,2562
final_images/109674.png,赵孟𫖯,楷,染,801,0,2564,2564
final_images/109676.png,颜真卿,楷,染,956,0,2564,2564
final_images/109703.png,赵孟𫖯,隶,染,801,4,2564,30668
final_images/109704.png,王澍,隶,染,589,4,2564,30668
final_images/109720.png,欧阳询,楷,柔,479,0,2565,2565
final_images/109723.png,颜真卿,楷,柔,956,0,2565,2565
final_images/110038.png,赵孟𫖯,隶,柰,801,4,2580,30684
final_images/110051.png,柳公权,楷,柱,461,0,2581,2581
final_images/110052.png,欧阳询,楷,柱,479,0,2581,2581
final_images/110053.png,颜真卿,楷,柱,956,0,2581,2581
final_images/110117.png,柳公权,楷,柳,461,0,2583,2583
final_images/110118.png,颜真卿,楷,柳,956,0,2583,2583
final_images/110376.png,陈鸿寿,隶,校,920,4,2593,30697
final_images/110396.png,柳公权,楷,株,461,0,2595,2595
final_images/110433.png,赵孟𫖯,楷,核,801,0,2596,2596
final_images/110456.png,赵孟𫖯,楷,根,801,0,2597,2597
final_images/110465.png,智永,楷,根,377,0,2597,2597
final_images/110495.png,吴叡,隶,根,171,4,2597,30701
final_images/110496.png,赵孟𫖯,隶,根,801,4,2597,30701
final_images/110502.png,王澍,隶,根,589,4,2597,30701
final_images/110520.png,柳公权,楷,格,461,0,2598,2598
final_images/110629.png,褚遂良,楷,桂,760,0,2602,2602
final_images/110674.png,赵孟𫖯,楷,桃,801,0,2603,2603
final_images/110720.png,欧阳询,楷,案,479,0,2604,2604
final_images/110750.png,金农,隶,案,855,4,2604,30708
final_images/110772.png,赵孟𫖯,楷,桐,801,0,2606,2606
final_images/110775.png,智永,楷,桐,377,0,2606,2606
final_images/110806.png,赵孟𫖯,隶,桐,801,4,2606,30710
final_images/110810.png,王澍,隶,桐,589,4,2606,30710
final_images/110811.png,金农,隶,桐,855,4,2606,30710
final_images/110878.png,吴叡,隶,桑,171,4,2607,30711
final_images/110892.png,赵孟𫖯,楷,桓,801,0,2608,2608
final_images/110894.png,欧阳询,楷,桓,479,0,2608,2608
final_images/110929.png,赵孟𫖯,隶,桓,801,4,2608,30712
final_images/110933.png,王澍,隶,桓,589,4,2608,30712
final_images/111008.png,赵孟𫖯,隶,桼,801,4,2615,30719
final_images/111014.png,赵孟𫖯,楷,梁,801,0,2616,2616
final_images/111018.png,柳公权,楷,梁,461,0,2616,2616
final_images/111019.png,欧阳询,楷,梁,479,0,2616,2616
final_images/111020.png,褚遂良,楷,梁,760,0,2616,2616
final_images/111021.png,颜真卿,楷,梁,956,0,2616,2616
final_images/111053.png,吴叡,隶,梁,171,4,2616,30720
final_images/111054.png,赵孟𫖯,隶,梁,801,4,2616,30720
final_images/111063.png,王澍,隶,梁,589,4,2616,30720
final_images/111064.png,金农,隶,梁,855,4,2616,30720
final_images/111094.png,赵孟𫖯,楷,梅,801,0,2618,2618
final_images/111096.png,褚遂良,楷,梅,760,0,2618,2618
final_images/111135.png,柳公权,楷,梏,461,0,2619,2619
final_images/111155.png,欧阳询,楷,梓,479,0,2620,2620
final_images/111209.png,赵孟𫖯,楷,條,801,0,2622,2622
final_images/111212.png,欧阳询,楷,條,479,0,2622,2622
final_images/111214.png,褚遂良,楷,條,760,0,2622,2622
final_images/111227.png,赵孟𫖯,隶,條,801,4,2622,30726
final_images/111230.png,王澍,隶,條,589,4,2622,30726
final_images/111237.png,赵孟𫖯,楷,梟,801,0,2623,2623
final_images/111259.png,邓石如,隶,梢,828,4,2624,30728
final_images/111287.png,智永,楷,梧,377,0,2626,2626
final_images/111324.png,吴叡,隶,梧,171,4,2626,30730
final_images/111325.png,王澍,隶,梧,589,4,2626,30730
final_images/111390.png,褚遂良,楷,梯,760,0,2630,2630
final_images/111436.png,柳公权,楷,梵,461,0,2635,2635
final_images/111437.png,欧阳询,楷,梵,479,0,2635,2635
final_images/111438.png,褚遂良,楷,梵,760,0,2635,2635
final_images/111439.png,颜真卿,楷,梵,956,0,2635,2635
final_images/111469.png,柳公权,楷,棄,461,0,2637,2637
final_images/111470.png,欧阳询,楷,棄,479,0,2637,2637
final_images/111502.png,吴叡,隶,棄,171,4,2637,30741
final_images/111512.png,邓石如,隶,棊,828,4,2638,30742
final_images/111534.png,金农,隶,棋,855,4,2639,30743
final_images/111622.png,柳公权,楷,棟,461,0,2645,2645
final_images/111623.png,颜真卿,楷,棟,956,0,2645,2645
final_images/111647.png,颜真卿,楷,棠,956,0,2646,2646
final_images/111679.png,王澍,隶,棠,589,4,2646,30750
final_images/111752.png,赵孟𫖯,楷,森,801,0,2651,2651
final_images/111754.png,柳公权,楷,森,461,0,2651,2651
final_images/111809.png,褚遂良,楷,棺,760,0,2655,2655
final_images/111810.png,颜真卿,楷,棺,956,0,2655,2655
final_images/111910.png,赵孟𫖯,楷,植,801,0,2660,2660
final_images/111911.png,柳公权,楷,植,461,0,2660,2660
final_images/111912.png,颜真卿,楷,植,956,0,2660,2660
final_images/111938.png,赵孟𫖯,隶,植,801,4,2660,30764
final_images/111942.png,王澍,隶,植,589,4,2660,30764
final_images/111949.png,柳公权,楷,椎,461,0,2661,2661
final_images/111993.png,吴叡,隶,椒,171,4,2663,30767
final_images/112060.png,欧阳询,楷,楊,479,0,2669,2669
final_images/112123.png,颜真卿,楷,楓,956,0,2671,2671
final_images/112185.png,赵孟𫖯,楷,楚,801,0,2675,2675
final_images/112187.png,柳公权,楷,楚,461,0,2675,2675
final_images/112188.png,颜真卿,楷,楚,956,0,2675,2675
final_images/112192.png,智永,楷,楚,377,0,2675,2675
final_images/112333.png,王澍,隶,楚,589,4,2675,30779
final_images/112397.png,柳公权,楷,楥,461,0,2680,2680
final_images/112402.png,颜真卿,楷,楨,956,0,2681,2681
final_images/112429.png,赵孟𫖯,楷,業,801,0,2684,2684
final_images/112430.png,赵孟𫖯,楷,業,801,0,2684,2684
final_images/112434.png,柳公权,楷,業,461,0,2684,2684
final_images/112436.png,褚遂良,楷,業,760,0,2684,2684
final_images/112437.png,褚遂良,楷,業,760,0,2684,2684
final_images/112465.png,赵孟𫖯,隶,業,801,4,2684,30788
final_images/112473.png,王澍,隶,業,589,4,2684,30788
final_images/112474.png,邓石如,隶,業,828,4,2684,30788
final_images/112475.png,金农,隶,業,855,4,2684,30788
final_images/112477.png,陈鸿寿,隶,業,920,4,2684,30788
final_images/112515.png,赵孟𫖯,楷,極,801,0,2687,2687
final_images/112519.png,柳公权,楷,極,461,0,2687,2687
final_images/112521.png,褚遂良,楷,極,760,0,2687,2687
final_images/112523.png,智永,楷,極,377,0,2687,2687
final_images/112569.png,赵孟𫖯,隶,極,801,4,2687,30791
final_images/112582.png,王澍,隶,極,589,4,2687,30791
final_images/112584.png,金农,隶,極,855,4,2687,30791
final_images/112599.png,褚遂良,楷,楷,760,0,2688,2688
final_images/112600.png,颜真卿,楷,楷,956,0,2688,2688
final_images/112620.png,欧阳询,楷,楹,479,0,2689,2689
final_images/112621.png,颜真卿,楷,楹,956,0,2689,2689
final_images/112646.png,赵孟𫖯,隶,楹,801,4,2689,30793
final_images/112726.png,赵孟𫖯,楷,榔,801,0,2693,2693
final_images/112753.png,褚遂良,楷,榛,760,0,2696,2696
final_images/112781.png,金农,隶,榜,855,4,2697,30801
final_images/112812.png,欧阳询,楷,榭,479,0,2699,2699
final_images/112827.png,欧阳询,楷,榮,479,0,2700,2700
final_images/112832.png,智永,楷,榮,377,0,2700,2700
final_images/112864.png,吴叡,隶,榮,171,4,2700,30804
final_images/112870.png,陈鸿寿,隶,榮,920,4,2700,30804
final_images/112881.png,赵孟𫖯,楷,榴,801,0,2701,2701
final_images/112901.png,颜真卿,楷,榻,956,0,2703,2703
final_images/112928.png,王澍,隶,槀,589,4,2704,30808
final_images/112943.png,颜真卿,楷,槁,956,0,2705,2705
final_images/113068.png,赵孟𫖯,隶,槐,801,4,2712,30816
final_images/113071.png,王澍,隶,槐,589,4,2712,30816
final_images/113131.png,赵孟𫖯,楷,槱,801,0,2720,2720
final_images/113154.png,赵孟𫖯,楷,樂,801,0,2722,2722
final_images/113158.png,柳公权,楷,樂,461,0,2722,2722
final_images/113159.png,欧阳询,楷,樂,479,0,2722,2722
final_images/113161.png,褚遂良,楷,樂,760,0,2722,2722
final_images/113162.png,颜真卿,楷,樂,956,0,2722,2722
final_images/113297.png,赵孟𫖯,隶,樂,801,4,2722,30826
final_images/113306.png,王澍,隶,樂,589,4,2722,30826
final_images/113324.png,赵孟𫖯,楷,樊,801,0,2724,2724
final_images/113364.png,颜真卿,楷,樓,956,0,2725,2725
final_images/113389.png,邓石如,隶,樓,828,4,2725,30829
final_images/113488.png,欧阳询,楷,横,479,0,2732,2732
final_images/113490.png,褚遂良,楷,横,760,0,2732,2732
final_images/113493.png,智永,楷,横,377,0,2732,2732
final_images/113524.png,赵孟𫖯,隶,横,801,4,2732,30836
final_images/113531.png,王澍,隶,横,589,4,2732,30836
final_images/113532.png,邓石如,隶,横,828,4,2732,30836
final_images/113604.png,智永,楷,樹,377,0,2737,2737
final_images/113637.png,王澍,隶,樹,589,4,2737,30841
final_images/113645.png,褚遂良,楷,樽,760,0,2738,2738
final_images/113678.png,欧阳询,楷,橋,479,0,2741,2741
final_images/113759.png,欧阳询,楷,橑,479,0,2743,2743
final_images/113799.png,赵孟𫖯,楷,機,801,0,2746,2746
final_images/113801.png,欧阳询,楷,機,479,0,2746,2746
final_images/113803.png,褚遂良,楷,機,760,0,2746,2746
final_images/113804.png,褚遂良,楷,機,760,0,2746,2746
final_images/113805.png,智永,楷,機,377,0,2746,2746
final_images/113824.png,赵孟𫖯,隶,機,801,4,2746,30850
final_images/113844.png,欧阳询,楷,橫,479,0,2748,2748
final_images/113845.png,褚遂良,楷,橫,760,0,2748,2748
final_images/113867.png,赵孟𫖯,隶,橫,801,4,2748,30852
final_images/113873.png,王澍,隶,橫,589,4,2748,30852
final_images/113888.png,褚遂良,楷,檀,760,0,2749,2749
final_images/113889.png,颜真卿,楷,檀,956,0,2749,2749
final_images/113918.png,褚遂良,楷,檄,760,0,2750,2750
final_images/114004.png,邓石如,隶,檣,828,4,2757,30861
final_images/114010.png,赵孟𫖯,楷,檮,801,0,2758,2758
final_images/114016.png,颜真卿,楷,檻,956,0,2759,2759
final_images/114025.png,邓石如,隶,檻,828,4,2759,30863
final_images/114043.png,赵孟𫖯,楷,櫓,801,0,2762,2762
final_images/114050.png,欧阳询,楷,櫛,479,0,2763,2763
final_images/114060.png,颜真卿,楷,櫜,956,0,2764,2764
final_images/114107.png,欧阳询,楷,權,479,0,2768,2768
final_images/114139.png,柳公权,楷,欒,461,0,2769,2769
final_images/114186.png,赵孟𫖯,楷,次,801,0,2771,2771
final_images/114194.png,柳公权,楷,次,461,0,2771,2771
final_images/114195.png,褚遂良,楷,次,760,0,2771,2771
final_images/114196.png,褚遂良,楷,次,760,0,2771,2771
final_images/114197.png,褚遂良,楷,次,760,0,2771,2771
final_images/114198.png,颜真卿,楷,次,956,0,2771,2771
final_images/114257.png,吴叡,隶,次,171,4,2771,30875
final_images/114258.png,赵孟𫖯,隶,次,801,4,2771,30875
final_images/114264.png,王澍,隶,次,589,4,2771,30875
final_images/114267.png,陈鸿寿,隶,次,920,4,2771,30875
final_images/114306.png,赵孟𫖯,楷,欣,801,0,2773,2773
final_images/114308.png,柳公权,楷,欣,461,0,2773,2773
final_images/114309.png,欧阳询,楷,欣,479,0,2773,2773
final_images/114312.png,智永,楷,欣,377,0,2773,2773
final_images/114344.png,赵孟𫖯,隶,欣,801,4,2773,30877
final_images/114351.png,王澍,隶,欣,589,4,2773,30877
final_images/114435.png,智永,楷,欲,377,0,2780,2780
final_images/114519.png,吴叡,隶,欲,171,4,2780,30884
final_images/114581.png,赵孟𫖯,楷,欺,801,0,2784,2784
final_images/114609.png,柳公权,楷,欽,461,0,2785,2785
final_images/114683.png,赵孟𫖯,楷,歆,801,0,2788,2788
final_images/114781.png,赵孟𫖯,楷,歌,801,0,2791,2791
final_images/114787.png,颜真卿,楷,歌,956,0,2791,2791
final_images/114836.png,吴叡,隶,歌,171,4,2791,30895
final_images/114842.png,王澍,隶,歌,589,4,2791,30895
final_images/114848.png,柳公权,楷,歎,461,0,2792,2792
final_images/114876.png,欧阳询,楷,歐,479,0,2793,2793
final_images/114890.png,吴叡,隶,歔,171,4,2794,30898
final_images/114919.png,颜真卿,楷,歙,956,0,2797,2797
final_images/114946.png,柳公权,楷,歟,461,0,2799,2799
final_images/114949.png,颜真卿,楷,歟,956,0,2799,2799
final_images/114960.png,赵孟𫖯,楷,歡,801,0,2800,2800
final_images/114961.png,颜真卿,楷,歡,956,0,2800,2800
final_images/114977.png,赵孟𫖯,隶,歡,801,4,2800,30904
final_images/114979.png,王澍,隶,歡,589,4,2800,30904
final_images/114998.png,智永,楷,止,377,0,2801,2801
final_images/115079.png,吴叡,隶,止,171,4,2801,30905
final_images/115080.png,赵孟𫖯,隶,止,801,4,2801,30905
final_images/115084.png,金农,隶,止,855,4,2801,30905
final_images/115085.png,金农,隶,止,855,4,2801,30905
final_images/115102.png,柳公权,楷,正,461,0,2802,2802
final_images/115103.png,欧阳询,楷,正,479,0,2802,2802
final_images/115105.png,褚遂良,楷,正,760,0,2802,2802
final_images/115106.png,褚遂良,楷,正,760,0,2802,2802
final_images/115262.png,吴叡,隶,正,171,4,2802,30906
final_images/115263.png,赵孟𫖯,隶,正,801,4,2802,30906
final_images/115281.png,王澍,隶,正,589,4,2802,30906
final_images/115302.png,柳公权,楷,此,461,0,2803,2803
final_images/115303.png,褚遂良,楷,此,760,0,2803,2803
final_images/115306.png,智永,楷,此,377,0,2803,2803
final_images/115307.png,智永,楷,此,377,0,2803,2803
final_images/115476.png,吴叡,隶,此,171,4,2803,30907
final_images/115477.png,吴叡,隶,此,171,4,2803,30907
final_images/115493.png,邓石如,隶,此,828,4,2803,30907
final_images/115495.png,金农,隶,此,855,4,2803,30907
final_images/115496.png,金农,隶,此,855,4,2803,30907
final_images/115509.png,颜真卿,楷,步,956,0,2804,2804
final_images/115512.png,智永,楷,步,377,0,2804,2804
final_images/115590.png,王澍,隶,步,589,4,2804,30908
final_images/115592.png,陈鸿寿,隶,步,920,4,2804,30908
final_images/115601.png,赵孟𫖯,楷,武,801,0,2805,2805
final_images/115604.png,欧阳询,楷,武,479,0,2805,2805
final_images/115606.png,褚遂良,楷,武,760,0,2805,2805
final_images/115607.png,褚遂良,楷,武,760,0,2805,2805
final_images/115608.png,褚遂良,楷,武,760,0,2805,2805
final_images/115609.png,颜真卿,楷,武,956,0,2805,2805
final_images/115614.png,智永,楷,武,377,0,2805,2805
final_images/115731.png,赵孟𫖯,隶,武,801,4,2805,30909
final_images/115749.png,邓石如,隶,武,828,4,2805,30909
final_images/115751.png,金农,隶,武,855,4,2805,30909
final_images/115752.png,金农,隶,武,855,4,2805,30909
final_images/115769.png,赵孟𫖯,楷,歩,801,0,2807,2807
final_images/115772.png,欧阳询,楷,歩,479,0,2807,2807
final_images/115843.png,吴叡,隶,歩,171,4,2807,30911
final_images/115849.png,王澍,隶,歩,589,4,2807,30911
final_images/115850.png,陈鸿寿,隶,歩,920,4,2807,30911
final_images/115898.png,褚遂良,楷,歲,760,0,2810,2810
final_images/115899.png,颜真卿,楷,歲,956,0,2810,2810
final_images/116002.png,吴叡,隶,歲,171,4,2810,30914
final_images/116017.png,王澍,隶,歲,589,4,2810,30914
final_images/116020.png,邓石如,隶,歲,828,4,2810,30914
final_images/116021.png,金农,隶,歲,855,4,2810,30914
final_images/116022.png,金农,隶,歲,855,4,2810,30914
final_images/116028.png,柳公权,楷,歳,461,0,2811,2811
final_images/116030.png,褚遂良,楷,歳,760,0,2811,2811
final_images/116031.png,颜真卿,楷,歳,956,0,2811,2811
final_images/116037.png,智永,楷,歳,377,0,2811,2811
final_images/116147.png,王澍,隶,歳,589,4,2811,30915
final_images/116150.png,邓石如,隶,歳,828,4,2811,30915
final_images/116151.png,金农,隶,歳,855,4,2811,30915
final_images/116152.png,金农,隶,歳,855,4,2811,30915
final_images/116153.png,陈鸿寿,隶,歳,920,4,2811,30915
final_images/116158.png,赵孟𫖯,楷,歷,801,0,2812,2812
final_images/116160.png,褚遂良,楷,歷,760,0,2812,2812
final_images/116161.png,褚遂良,楷,歷,760,0,2812,2812
final_images/116162.png,颜真卿,楷,歷,956,0,2812,2812
final_images/116164.png,智永,楷,歷,377,0,2812,2812
final_images/116194.png,吴叡,隶,歷,171,4,2812,30916
final_images/116195.png,赵孟𫖯,隶,歷,801,4,2812,30916
final_images/116203.png,王澍,隶,歷,589,4,2812,30916
final_images/116204.png,邓石如,隶,歷,828,4,2812,30916
final_images/116207.png,赵孟𫖯,楷,歸,801,0,2813,2813
final_images/116208.png,柳公权,楷,歸,461,0,2813,2813
final_images/116209.png,褚遂良,楷,歸,760,0,2813,2813
final_images/116210.png,颜真卿,楷,歸,956,0,2813,2813
final_images/116215.png,智永,楷,歸,377,0,2813,2813
final_images/116216.png,智永,楷,歸,377,0,2813,2813
final_images/116290.png,吴叡,隶,歸,171,4,2813,30917
final_images/116291.png,赵孟𫖯,隶,歸,801,4,2813,30917
final_images/116304.png,王澍,隶,歸,589,4,2813,30917
final_images/116306.png,金农,隶,歸,855,4,2813,30917
final_images/116307.png,陈鸿寿,隶,歸,920,4,2813,30917
final_images/116350.png,赵孟𫖯,楷,死,801,0,2816,2816
final_images/116351.png,欧阳询,楷,死,479,0,2816,2816
final_images/116352.png,褚遂良,楷,死,760,0,2816,2816
final_images/116353.png,颜真卿,楷,死,956,0,2816,2816
final_images/116484.png,吴叡,隶,死,171,4,2816,30920
final_images/116492.png,柳公权,楷,歿,461,0,2817,2817
final_images/116501.png,邓石如,隶,歿,828,4,2817,30921
final_images/116502.png,陈鸿寿,隶,歿,920,4,2817,30921
final_images/116506.png,柳公权,楷,殁,461,0,2818,2818
final_images/116508.png,颜真卿,楷,殁,956,0,2818,2818
final_images/116518.png,邓石如,隶,殁,828,4,2818,30922
final_images/116519.png,陈鸿寿,隶,殁,920,4,2818,30922
final_images/116525.png,颜真卿,楷,殃,956,0,2819,2819
final_images/116543.png,褚遂良,楷,殄,760,0,2820,2820
final_images/116570.png,颜真卿,楷,殆,956,0,2821,2821
final_images/116576.png,智永,楷,殆,377,0,2821,2821
final_images/116602.png,王澍,隶,殆,589,4,2821,30925
final_images/116617.png,赵孟𫖯,楷,殊,801,0,2822,2822
final_images/116620.png,褚遂良,楷,殊,760,0,2822,2822
final_images/116621.png,颜真卿,楷,殊,956,0,2822,2822
final_images/116623.png,智永,楷,殊,377,0,2822,2822
final_images/116668.png,赵孟𫖯,隶,殊,801,4,2822,30926
final_images/116702.png,褚遂良,楷,殖,760,0,2825,2825
final_images/116732.png,邓石如,隶,殘,828,4,2826,30930
final_images/116764.png,褚遂良,楷,殫,760,0,2830,2830
final_images/116781.png,欧阳询,楷,殲,479,0,2832,2832
final_images/116833.png,欧阳询,楷,段,479,0,2834,2834
final_images/116871.png,赵孟𫖯,楷,殷,801,0,2835,2835
final_images/116873.png,欧阳询,楷,殷,479,0,2835,2835
final_images/116876.png,智永,楷,殷,377,0,2835,2835
final_images/116942.png,赵孟𫖯,隶,殷,801,4,2835,30939
final_images/117000.png,柳公权,楷,殺,461,0,2838,2838
final_images/117001.png,欧阳询,楷,殺,479,0,2838,2838
final_images/117002.png,颜真卿,楷,殺,956,0,2838,2838
final_images/117089.png,赵孟𫖯,楷,殿,801,0,2840,2840
final_images/117090.png,柳公权,楷,殿,461,0,2840,2840
final_images/117092.png,颜真卿,楷,殿,956,0,2840,2840
final_images/117095.png,智永,楷,殿,377,0,2840,2840
final_images/117127.png,赵孟𫖯,隶,殿,801,4,2840,30944
final_images/117128.png,王澍,隶,殿,589,4,2840,30944
final_images/117133.png,欧阳询,楷,毀,479,0,2841,2841
final_images/117135.png,颜真卿,楷,毀,956,0,2841,2841
final_images/117139.png,智永,楷,毀,377,0,2841,2841
final_images/117164.png,王澍,隶,毀,589,4,2841,30945
final_images/117178.png,赵孟𫖯,楷,毁,801,0,2842,2842
final_images/117179.png,欧阳询,楷,毁,479,0,2842,2842
final_images/117181.png,颜真卿,楷,毁,956,0,2842,2842
final_images/117184.png,智永,楷,毁,377,0,2842,2842
final_images/117215.png,赵孟𫖯,隶,毁,801,4,2842,30946
final_images/117216.png,王澍,隶,毁,589,4,2842,30946
final_images/117252.png,颜真卿,楷,毅,956,0,2843,2843
final_images/117483.png,颜真卿,楷,母,956,0,2848,2848
final_images/117486.png,智永,楷,母,377,0,2848,2848
final_images/117674.png,金农,隶,母,855,4,2848,30952
final_images/117681.png,赵孟𫖯,楷,毎,801,0,2849,2849
final_images/117689.png,智永,楷,毎,377,0,2849,2849
final_images/117753.png,赵孟𫖯,隶,毎,801,4,2849,30953
final_images/117756.png,王澍,隶,毎,589,4,2849,30953
final_images/117757.png,陈鸿寿,隶,毎,920,4,2849,30953
final_images/117781.png,赵孟𫖯,楷,每,801,0,2850,2850
final_images/117782.png,赵孟𫖯,楷,每,801,0,2850,2850
final_images/117785.png,欧阳询,楷,每,479,0,2850,2850
final_images/117786.png,颜真卿,楷,每,956,0,2850,2850
final_images/117862.png,陈鸿寿,隶,每,920,4,2850,30954
final_images/117885.png,颜真卿,楷,毒,956,0,2852,2852
final_images/118008.png,赵孟𫖯,楷,比,801,0,2854,2854
final_images/118012.png,柳公权,楷,比,461,0,2854,2854
final_images/118013.png,欧阳询,楷,比,479,0,2854,2854
final_images/118115.png,邓石如,隶,比,828,4,2854,30958
final_images/118159.png,赵孟𫖯,楷,毛,801,0,2857,2857
final_images/118163.png,欧阳询,楷,毛,479,0,2857,2857
final_images/118166.png,智永,楷,毛,377,0,2857,2857
final_images/118230.png,王澍,隶,毛,589,4,2857,30961
final_images/118334.png,赵孟𫖯,楷,氏,801,0,2863,2863
final_images/118340.png,柳公权,楷,氏,461,0,2863,2863
final_images/118341.png,褚遂良,楷,氏,760,0,2863,2863
final_images/118342.png,颜真卿,楷,氏,956,0,2863,2863
final_images/118542.png,赵孟𫖯,楷,民,801,0,2865,2865
final_images/118549.png,褚遂良,楷,民,760,0,2865,2865
final_images/118550.png,褚遂良,楷,民,760,0,2865,2865
final_images/118551.png,褚遂良,楷,民,760,0,2865,2865
final_images/118552.png,颜真卿,楷,民,956,0,2865,2865
final_images/118555.png,智永,楷,民,377,0,2865,2865
final_images/118783.png,邓石如,隶,民,828,4,2865,30969
final_images/118784.png,金农,隶,民,855,4,2865,30969
final_images/118991.png,赵孟𫖯,楷,氣,801,0,2870,2870
final_images/118992.png,欧阳询,楷,氣,479,0,2870,2870
final_images/118993.png,褚遂良,楷,氣,760,0,2870,2870
final_images/118994.png,颜真卿,楷,氣,956,0,2870,2870
final_images/119062.png,赵孟𫖯,隶,氣,801,4,2870,30974
final_images/119074.png,陈鸿寿,隶,氣,920,4,2870,30974
final_images/119088.png,柳公权,楷,氲,461,0,2872,2872
final_images/119098.png,柳公权,楷,氳,461,0,2873,2873
final_images/119114.png,赵孟𫖯,楷,水,801,0,2874,2874
final_images/119117.png,柳公权,楷,水,461,0,2874,2874
final_images/119118.png,欧阳询,楷,水,479,0,2874,2874
final_images/119119.png,褚遂良,楷,水,760,0,2874,2874
final_images/119120.png,褚遂良,楷,水,760,0,2874,2874
final_images/119252.png,吴叡,隶,水,171,4,2874,30978
final_images/119253.png,赵孟𫖯,隶,水,801,4,2874,30978
final_images/119266.png,邓石如,隶,水,828,4,2874,30978
final_images/119268.png,金农,隶,水,855,4,2874,30978
final_images/119270.png,陈鸿寿,隶,水,920,4,2874,30978
final_images/119294.png,赵孟𫖯,楷,永,801,0,2876,2876
final_images/119301.png,褚遂良,楷,永,760,0,2876,2876
final_images/119307.png,智永,楷,永,377,0,2876,2876
final_images/119308.png,智永,楷,永,377,0,2876,2876
final_images/119509.png,赵孟𫖯,隶,永,801,4,2876,30980
final_images/119528.png,王澍,隶,永,589,4,2876,30980
final_images/119533.png,陈鸿寿,隶,永,920,4,2876,30980
final_images/119557.png,赵孟𫖯,楷,汀,801,0,2878,2878
final_images/119610.png,赵孟𫖯,楷,求,801,0,2880,2880
final_images/119613.png,欧阳询,楷,求,479,0,2880,2880
final_images/119616.png,褚遂良,楷,求,760,0,2880,2880
final_images/119617.png,褚遂良,楷,求,760,0,2880,2880
final_images/119618.png,颜真卿,楷,求,956,0,2880,2880
final_images/119619.png,颜真卿,楷,求,956,0,2880,2880
final_images/119622.png,智永,楷,求,377,0,2880,2880
final_images/119730.png,吴叡,隶,求,171,4,2880,30984
final_images/119731.png,赵孟𫖯,隶,求,801,4,2880,30984
final_images/119737.png,金农,隶,求,855,4,2880,30984
final_images/119738.png,金农,隶,求,855,4,2880,30984
final_images/119868.png,褚遂良,楷,汚,760,0,2886,2886
final_images/119869.png,颜真卿,楷,汚,956,0,2886,2886
final_images/119918.png,赵孟𫖯,楷,汝,801,0,2889,2889
final_images/119920.png,柳公权,楷,汝,461,0,2889,2889
final_images/119921.png,颜真卿,楷,汝,956,0,2889,2889
final_images/119967.png,金农,隶,汝,855,4,2889,30993
final_images/119989.png,褚遂良,楷,江,760,0,2890,2890
final_images/119990.png,颜真卿,楷,江,956,0,2890,2890
final_images/120050.png,吴叡,隶,江,171,4,2890,30994
final_images/120051.png,吴叡,隶,江,171,4,2890,30994
final_images/120057.png,金农,隶,江,855,4,2890,30994
final_images/120060.png,陈鸿寿,隶,江,920,4,2890,30994
final_images/120088.png,褚遂良,楷,池,760,0,2891,2891
final_images/120089.png,智永,楷,池,377,0,2891,2891
final_images/120128.png,王澍,隶,池,589,4,2891,30995
final_images/120134.png,褚遂良,楷,污,760,0,2892,2892
final_images/120135.png,颜真卿,楷,污,956,0,2892,2892
final_images/120181.png,吴叡,隶,汨,171,4,2895,30999
final_images/120239.png,陈鸿寿,隶,汪,920,4,2897,31001
final_images/120307.png,柳公权,楷,汴,461,0,2902,2902
final_images/120329.png,颜真卿,楷,汶,956,0,2903,2903
final_images/120394.png,颜真卿,楷,汾,956,0,2907,2907
final_images/120479.png,金农,隶,沃,855,4,2910,31014
final_images/120485.png,颜真卿,楷,沄,956,0,2911,2911
final_images/120510.png,吴叡,隶,沅,171,4,2912,31016
final_images/120562.png,赵孟𫖯,楷,沈,801,0,2915,2915
final_images/120597.png,赵孟𫖯,隶,沈,801,4,2915,31019
final_images/120604.png,陈鸿寿,隶,沈,920,4,2915,31019
final_images/120630.png,柳公权,楷,沉,461,0,2916,2916
final_images/120633.png,智永,楷,沉,377,0,2916,2916
final_images/120697.png,颜真卿,楷,沒,956,0,2919,2919
final_images/120770.png,欧阳询,楷,沖,479,0,2922,2922
final_images/120771.png,颜真卿,楷,沖,956,0,2922,2922
final_images/120794.png,赵孟𫖯,楷,沙,801,0,2923,2923
final_images/120796.png,柳公权,楷,沙,461,0,2923,2923
final_images/120798.png,颜真卿,楷,沙,956,0,2923,2923
final_images/120846.png,赵孟𫖯,隶,沙,801,4,2923,31027
final_images/120877.png,赵孟𫖯,楷,沛,801,0,2925,2925
final_images/120880.png,智永,楷,沛,377,0,2925,2925
final_images/120912.png,王澍,隶,沛,589,4,2925,31029
final_images/120913.png,金农,隶,沛,855,4,2925,31029
final_images/120958.png,颜真卿,楷,没,956,0,2928,2928
final_images/121015.png,赵孟𫖯,楷,沫,801,0,2931,2931
final_images/121019.png,吴叡,隶,沫,171,4,2931,31035
final_images/121068.png,金农,隶,沮,855,4,2932,31036
final_images/121102.png,赵孟𫖯,隶,沱,801,4,2933,31037
final_images/121116.png,赵孟𫖯,楷,河,801,0,2934,2934
final_images/121122.png,欧阳询,楷,河,479,0,2934,2934
final_images/121124.png,褚遂良,楷,河,760,0,2934,2934
final_images/121129.png,智永,楷,河,377,0,2934,2934
final_images/121216.png,赵孟𫖯,隶,河,801,4,2934,31038
final_images/121227.png,王澍,隶,河,589,4,2934,31038
final_images/121228.png,邓石如,隶,河,828,4,2934,31038
final_images/121230.png,陈鸿寿,隶,河,920,4,2934,31038
final_images/121306.png,赵孟𫖯,楷,治,801,0,2937,2937
final_images/121379.png,王澍,隶,治,589,4,2937,31041
final_images/121380.png,陈鸿寿,隶,治,920,4,2937,31041
final_images/121478.png,褚遂良,楷,沿,760,0,2941,2941
final_images/121487.png,褚遂良,楷,況,760,0,2942,2942
final_images/121498.png,吴叡,隶,況,171,4,2942,31046
final_images/121524.png,金农,隶,泄,855,4,2943,31047
final_images/121537.png,赵孟𫖯,楷,泉,801,0,2944,2944
final_images/121613.png,褚遂良,楷,泊,760,0,2945,2945
final_images/121614.png,颜真卿,楷,泊,956,0,2945,2945
final_images/121643.png,颜真卿,楷,泌,956,0,2946,2946
final_images/121648.png,金农,隶,泌,855,4,2946,31050
final_images/121686.png,柳公权,楷,法,461,0,2949,2949
final_images/121687.png,欧阳询,楷,法,479,0,2949,2949
final_images/121689.png,褚遂良,楷,法,760,0,2949,2949
final_images/121737.png,赵孟𫖯,隶,法,801,4,2949,31053
final_images/121745.png,王澍,隶,法,589,4,2949,31053
final_images/121746.png,陈鸿寿,隶,法,920,4,2949,31053
final_images/121763.png,赵孟𫖯,楷,泗,801,0,2950,2950
final_images/121791.png,柳公权,楷,泚,461,0,2951,2951
final_images/121818.png,褚遂良,楷,泛,760,0,2952,2952
final_images/121837.png,邓石如,隶,泛,828,4,2952,31056
final_images/121974.png,柳公权,楷,泣,461,0,2957,2957
final_images/122011.png,赵孟𫖯,楷,泥,801,0,2958,2958
final_images/122012.png,欧阳询,楷,泥,479,0,2958,2958
final_images/122052.png,赵孟𫖯,楷,注,801,0,2959,2959
final_images/122054.png,褚遂良,楷,注,760,0,2959,2959
final_images/122092.png,褚遂良,楷,泫,760,0,2961,2961
final_images/122133.png,颜真卿,楷,泯,956,0,2963,2963
final_images/122154.png,柳公权,楷,泰,461,0,2964,2964
final_images/122155.png,欧阳询,楷,泰,479,0,2964,2964
final_images/122157.png,颜真卿,楷,泰,956,0,2964,2964
final_images/122225.png,褚遂良,楷,泳,760,0,2967,2967
final_images/122368.png,褚遂良,楷,洎,760,0,2977,2977
final_images/122379.png,陈鸿寿,隶,洎,920,4,2977,31081
final_images/122433.png,褚遂良,楷,洗,760,0,2979,2979
final_images/122497.png,赵孟𫖯,楷,洛,801,0,2982,2982
final_images/122499.png,柳公权,楷,洛,461,0,2982,2982
final_images/122502.png,颜真卿,楷,洛,956,0,2982,2982
final_images/122569.png,赵孟𫖯,楷,洞,801,0,2983,2983
final_images/122573.png,褚遂良,楷,洞,760,0,2983,2983
final_images/122576.png,智永,楷,洞,377,0,2983,2983
final_images/122609.png,王澍,隶,洞,589,4,2983,31087
final_images/122623.png,褚遂良,楷,津,760,0,2984,2984
final_images/122655.png,吴叡,隶,津,171,4,2984,31088
final_images/122680.png,褚遂良,楷,洪,760,0,2986,2986
final_images/122681.png,褚遂良,楷,洪,760,0,2986,2986
final_images/122682.png,颜真卿,楷,洪,956,0,2986,2986
final_images/122707.png,赵孟𫖯,隶,洪,801,4,2986,31090
final_images/122712.png,王澍,隶,洪,589,4,2986,31090
final_images/122731.png,柳公权,楷,洮,461,0,2988,2988
final_images/122748.png,赵孟𫖯,楷,洲,801,0,2989,2989
final_images/122763.png,吴叡,隶,洲,171,4,2989,31093
final_images/122806.png,柳公权,楷,洹,461,0,2993,2993
final_images/122954.png,金农,隶,洿,855,4,2998,31102
final_images/122968.png,赵孟𫖯,楷,流,801,0,2999,2999
final_images/122969.png,赵孟𫖯,楷,流,801,0,2999,2999
final_images/122972.png,柳公权,楷,流,461,0,2999,2999
final_images/122974.png,褚遂良,楷,流,760,0,2999,2999
final_images/122975.png,颜真卿,楷,流,956,0,2999,2999
final_images/122978.png,智永,楷,流,377,0,2999,2999
final_images/123053.png,吴叡,隶,流,171,4,2999,31103
final_images/123054.png,赵孟𫖯,隶,流,801,4,2999,31103
final_images/123075.png,褚遂良,楷,浄,760,0,3000,3000
final_images/123076.png,颜真卿,楷,浄,956,0,3000,3000
final_images/123234.png,吴叡,隶,浞,171,4,3011,31115
final_images/123261.png,柳公权,楷,浦,461,0,3013,3013
final_images/123309.png,赵孟𫖯,楷,浩,801,0,3014,3014
final_images/123354.png,柳公权,楷,浪,461,0,3015,3015
final_images/123377.png,邓石如,隶,浪,828,4,3015,31119
final_images/123385.png,赵孟𫖯,楷,浮,801,0,3016,3016
final_images/123388.png,颜真卿,楷,浮,956,0,3016,3016
final_images/123437.png,赵孟𫖯,隶,浮,801,4,3016,31120
final_images/123442.png,王澍,隶,浮,589,4,3016,31120
final_images/123462.png,赵孟𫖯,楷,浴,801,0,3017,3017
final_images/123464.png,智永,楷,浴,377,0,3017,3017
final_images/123497.png,王澍,隶,浴,589,4,3017,31121
final_images/123507.png,柳公权,楷,海,461,0,3018,3018
final_images/123508.png,欧阳询,楷,海,479,0,3018,3018
final_images/123511.png,褚遂良,楷,海,760,0,3018,3018
final_images/123512.png,颜真卿,楷,海,956,0,3018,3018
final_images/123515.png,智永,楷,海,377,0,3018,3018
final_images/123569.png,赵孟𫖯,隶,海,801,4,3018,31122
final_images/123578.png,王澍,隶,海,589,4,3018,31122
final_images/123581.png,陈鸿寿,隶,海,920,4,3018,31122
final_images/123684.png,柳公权,楷,涇,461,0,3022,3022
final_images/123687.png,智永,楷,涇,377,0,3022,3022
final_images/123701.png,赵孟𫖯,隶,涇,801,4,3022,31126
final_images/123703.png,王澍,隶,涇,589,4,3022,31126
final_images/123723.png,欧阳询,楷,消,479,0,3023,3023
final_images/123724.png,颜真卿,楷,消,956,0,3023,3023
final_images/123760.png,王澍,隶,消,589,4,3023,31127
final_images/123761.png,邓石如,隶,消,828,4,3023,31127
final_images/123778.png,褚遂良,楷,涉,760,0,3024,3024
final_images/123835.png,吴叡,隶,涉,171,4,3024,31128
final_images/123943.png,吴叡,隶,涕,171,4,3029,31133
final_images/123950.png,柳公权,楷,涙,461,0,3030,3030
final_images/123951.png,颜真卿,楷,涙,956,0,3030,3030
final_images/124051.png,颜真卿,楷,涪,956,0,3038,3038
final_images/124094.png,陈鸿寿,隶,涯,920,4,3040,31144
final_images/124107.png,赵孟𫖯,楷,液,801,0,3041,3041
final_images/124140.png,赵孟𫖯,楷,涵,801,0,3043,3043
final_images/124143.png,柳公权,楷,涵,461,0,3043,3043
final_images/124194.png,欧阳询,楷,涼,479,0,3046,3046
final_images/124196.png,智永,楷,涼,377,0,3046,3046
final_images/124207.png,赵孟𫖯,隶,涼,801,4,3046,31150
final_images/124210.png,王澍,隶,涼,589,4,3046,31150
final_images/124272.png,褚遂良,楷,淑,760,0,3052,3052
final_images/124305.png,赵孟𫖯,隶,淑,801,4,3052,31156
final_images/124310.png,王澍,隶,淑,589,4,3052,31156
final_images/124314.png,欧阳询,楷,淒,479,0,3053,3053
final_images/124360.png,颜真卿,楷,淙,956,0,3056,3056
final_images/124372.png,柳公权,楷,淚,461,0,3057,3057
final_images/124373.png,颜真卿,楷,淚,956,0,3057,3057
final_images/124410.png,赵孟𫖯,楷,淡,801,0,3059,3059
final_images/124412.png,智永,楷,淡,377,0,3059,3059
final_images/124440.png,赵孟𫖯,隶,淡,801,4,3059,31163
final_images/124443.png,王澍,隶,淡,589,4,3059,31163
final_images/124467.png,褚遂良,楷,淥,760,0,3062,3062
final_images/124493.png,柳公权,楷,淨,461,0,3064,3064
final_images/124512.png,智永,楷,淩,377,0,3065,3065
final_images/124520.png,赵孟𫖯,隶,淩,801,4,3065,31169
final_images/124521.png,王澍,隶,淩,589,4,3065,31169
final_images/124530.png,颜真卿,楷,淪,956,0,3066,3066
final_images/124557.png,赵孟𫖯,楷,淫,801,0,3067,3067
final_images/124577.png,吴叡,隶,淫,171,4,3067,31171
final_images/124583.png,智永,楷,淬,377,0,3068,3068
final_images/124648.png,赵孟𫖯,楷,深,801,0,3070,3070
final_images/124651.png,柳公权,楷,深,461,0,3070,3070
final_images/124652.png,欧阳询,楷,深,479,0,3070,3070
final_images/124653.png,褚遂良,楷,深,760,0,3070,3070
final_images/124660.png,智永,楷,深,377,0,3070,3070
final_images/124738.png,赵孟𫖯,隶,深,801,4,3070,31174
final_images/124744.png,金农,隶,深,855,4,3070,31174
final_images/124745.png,金农,隶,深,855,4,3070,31174
final_images/124804.png,金农,隶,淳,855,4,3071,31175
final_images/124809.png,赵孟𫖯,楷,淵,801,0,3072,3072
final_images/124814.png,智永,楷,淵,377,0,3072,3072
final_images/124838.png,赵孟𫖯,隶,淵,801,4,3072,31176
final_images/124860.png,欧阳询,楷,混,479,0,3073,3073
final_images/124869.png,邓石如,隶,混,828,4,3073,31177
final_images/124881.png,赵孟𫖯,楷,淸,801,0,3074,3074
final_images/124884.png,柳公权,楷,淸,461,0,3074,3074
final_images/124885.png,欧阳询,楷,淸,479,0,3074,3074
final_images/124886.png,褚遂良,楷,淸,760,0,3074,3074
final_images/124889.png,智永,楷,淸,377,0,3074,3074
final_images/124957.png,吴叡,隶,淸,171,4,3074,31178
final_images/124980.png,金农,隶,淸,855,4,3074,31178
final_images/125003.png,吴叡,隶,淹,171,4,3075,31179
final_images/125007.png,柳公权,楷,淺,461,0,3076,3076
final_images/125008.png,颜真卿,楷,淺,956,0,3076,3076
final_images/125042.png,褚遂良,楷,添,760,0,3077,3077
final_images/125075.png,赵孟𫖯,楷,清,801,0,3079,3079
final_images/125080.png,柳公权,楷,清,461,0,3079,3079
final_images/125081.png,欧阳询,楷,清,479,0,3079,3079
final_images/125083.png,褚遂良,楷,清,760,0,3079,3079
final_images/125084.png,褚遂良,楷,清,760,0,3079,3079
final_images/125085.png,颜真卿,楷,清,956,0,3079,3079
final_images/125090.png,智永,楷,清,377,0,3079,3079
final_images/125163.png,吴叡,隶,清,171,4,3079,31183
final_images/125182.png,邓石如,隶,清,828,4,3079,31183
final_images/125183.png,邓石如,隶,清,828,4,3079,31183
final_images/125185.png,金农,隶,清,855,4,3079,31183
final_images/125186.png,金农,隶,清,855,4,3079,31183
final_images/125189.png,陈鸿寿,隶,清,920,4,3079,31183
final_images/125213.png,柳公权,楷,渉,461,0,3081,3081
final_images/125214.png,褚遂良,楷,渉,760,0,3081,3081
final_images/125265.png,吴叡,隶,渉,171,4,3081,31185
final_images/125285.png,褚遂良,楷,渌,760,0,3083,3083
final_images/125348.png,柳公权,楷,渚,461,0,3088,3088
final_images/125401.png,柳公权,楷,渝,461,0,3090,3090
final_images/125435.png,颜真卿,楷,渠,956,0,3091,3091
final_images/125436.png,智永,楷,渠,377,0,3091,3091
final_images/125472.png,赵孟𫖯,隶,渠,801,4,3091,31195
final_images/125491.png,颜真卿,楷,渡,956,0,3092,3092
final_images/125570.png,颜真卿,楷,温,956,0,3095,3095
final_images/125627.png,赵孟𫖯,隶,温,801,4,3095,31199
final_images/125632.png,金农,隶,温,855,4,3095,31199
final_images/125647.png,欧阳询,楷,測,479,0,3097,3097
final_images/125648.png,褚遂良,楷,測,760,0,3097,3097
final_images/125674.png,赵孟𫖯,楷,渭,801,0,3098,3098
final_images/125676.png,智永,楷,渭,377,0,3098,3098
final_images/125708.png,王澍,隶,渭,589,4,3098,31202
final_images/125799.png,吴叡,隶,游,171,4,3101,31205
final_images/125807.png,金农,隶,游,855,4,3101,31205
final_images/125959.png,颜真卿,楷,湖,956,0,3110,3110
final_images/125981.png,金农,隶,湖,855,4,3110,31214
final_images/125997.png,颜真卿,楷,湘,956,0,3111,3111
final_images/126019.png,吴叡,隶,湘,171,4,3111,31215
final_images/126050.png,欧阳询,楷,湛,479,0,3112,3112
final_images/126051.png,颜真卿,楷,湛,956,0,3112,3112
final_images/126130.png,赵孟𫖯,楷,湯,801,0,3117,3117
final_images/126131.png,褚遂良,楷,湯,760,0,3117,3117
final_images/126134.png,智永,楷,湯,377,0,3117,3117
final_images/126174.png,吴叡,隶,湯,171,4,3117,31221
final_images/126228.png,金农,隶,溉,855,4,3121,31225
final_images/126238.png,赵孟𫖯,楷,源,801,0,3122,3122
final_images/126240.png,柳公权,楷,源,461,0,3122,3122
final_images/126305.png,吴叡,隶,溘,171,4,3124,31228
final_images/126339.png,颜真卿,楷,溟,956,0,3127,3127
final_images/126383.png,褚遂良,楷,溥,760,0,3129,3129
final_images/126412.png,颜真卿,楷,溪,956,0,3130,3130
final_images/126414.png,智永,楷,溪,377,0,3130,3130
final_images/126446.png,赵孟𫖯,隶,溪,801,4,3130,31234
final_images/126458.png,颜真卿,楷,溫,956,0,3131,3131
final_images/126462.png,智永,楷,溫,377,0,3131,3131
final_images/126498.png,赵孟𫖯,隶,溫,801,4,3131,31235
final_images/126540.png,吴叡,隶,溷,171,4,3135,31239
final_images/126611.png,颜真卿,楷,滄,956,0,3139,3139
final_images/126625.png,邓石如,隶,滄,828,4,3139,31243
final_images/126626.png,邓石如,隶,滄,828,4,3139,31243
final_images/126629.png,赵孟𫖯,楷,滅,801,0,3140,3140
final_images/126633.png,褚遂良,楷,滅,760,0,3140,3140
final_images/126634.png,褚遂良,楷,滅,760,0,3140,3140
final_images/126635.png,褚遂良,楷,滅,760,0,3140,3140
final_images/126670.png,王澍,隶,滅,589,4,3140,31244
final_images/126671.png,金农,隶,滅,855,4,3140,31244
final_images/126706.png,颜真卿,楷,滋,956,0,3142,3142
final_images/126769.png,褚遂良,楷,滑,760,0,3145,3145
final_images/126885.png,颜真卿,楷,滯,956,0,3153,3153
final_images/126937.png,赵孟𫖯,楷,滿,801,0,3156,3156
final_images/126939.png,柳公权,楷,滿,461,0,3156,3156
final_images/126940.png,褚遂良,楷,滿,760,0,3156,3156
final_images/126941.png,颜真卿,楷,滿,956,0,3156,3156
final_images/126945.png,智永,楷,滿,377,0,3156,3156
final_images/126968.png,金农,隶,滿,855,4,3156,31260
final_images/126969.png,金农,隶,滿,855,4,3156,31260
final_images/127009.png,陈鸿寿,隶,漂,920,4,3158,31262
final_images/127030.png,智永,楷,漆,377,0,3160,3160
final_images/127060.png,王澍,隶,漆,589,4,3160,31264
final_images/127083.png,颜真卿,楷,漏,956,0,3161,3161
final_images/127098.png,邓石如,隶,漏,828,4,3161,31265
final_images/127155.png,赵孟𫖯,楷,漚,801,0,3165,3165
final_images/127170.png,赵孟𫖯,楷,漠,801,0,3166,3166
final_images/127175.png,智永,楷,漠,377,0,3166,3166
final_images/127195.png,赵孟𫖯,楷,漢,801,0,3167,3167
final_images/127196.png,欧阳询,楷,漢,479,0,3167,3167
final_images/127197.png,褚遂良,楷,漢,760,0,3167,3167
final_images/127251.png,赵孟𫖯,隶,漢,801,4,3167,31271
final_images/127268.png,王澍,隶,漢,589,4,3167,31271
final_images/127271.png,金农,隶,漢,855,4,3167,31271
final_images/127272.png,陈鸿寿,隶,漢,920,4,3167,31271
final_images/127348.png,欧阳询,楷,漱,479,0,3173,3173
final_images/127470.png,陈鸿寿,隶,潁,920,4,3181,31285
final_images/127490.png,赵孟𫖯,楷,潔,801,0,3183,3183
final_images/127492.png,褚遂良,楷,潔,760,0,3183,3183
final_images/127507.png,赵孟𫖯,隶,潔,801,4,3183,31287
final_images/127508.png,王澍,隶,潔,589,4,3183,31287
final_images/127525.png,赵孟𫖯,楷,潘,801,0,3184,3184
final_images/127544.png,陈鸿寿,隶,潘,920,4,3184,31288
final_images/127570.png,赵孟𫖯,隶,潛,801,4,3185,31289
final_images/127575.png,王澍,隶,潛,589,4,3185,31289
final_images/127583.png,欧阳询,楷,潜,479,0,3186,3186
final_images/127584.png,欧阳询,楷,潜,479,0,3186,3186
final_images/127585.png,褚遂良,楷,潜,760,0,3186,3186
final_images/127586.png,颜真卿,楷,潜,956,0,3186,3186
final_images/127591.png,智永,楷,潜,377,0,3186,3186
final_images/127643.png,欧阳询,楷,潤,479,0,3189,3189
final_images/127645.png,颜真卿,楷,潤,956,0,3189,3189
final_images/127734.png,赵孟𫖯,楷,潮,801,0,3193,3193
final_images/127749.png,赵孟𫖯,楷,潰,801,0,3194,3194
final_images/127750.png,褚遂良,楷,潰,760,0,3194,3194
final_images/127780.png,欧阳询,楷,潺,479,0,3196,3196
final_images/127805.png,颜真卿,楷,澀,956,0,3198,3198
final_images/127821.png,赵孟𫖯,楷,澄,801,0,3199,3199
final_images/127824.png,智永,楷,澄,377,0,3199,3199
final_images/127859.png,颜真卿,楷,澆,956,0,3200,3200
final_images/127862.png,吴叡,隶,澆,171,4,3200,31304
final_images/127873.png,欧阳询,楷,澈,479,0,3201,3201
final_images/127874.png,颜真卿,楷,澈,956,0,3201,3201
final_images/127908.png,欧阳询,楷,澗,479,0,3204,3204
final_images/127948.png,赵孟𫖯,楷,澤,801,0,3207,3207
final_images/127951.png,柳公权,楷,澤,461,0,3207,3207
final_images/127952.png,褚遂良,楷,澤,760,0,3207,3207
final_images/128019.png,颜真卿,楷,澮,956,0,3211,3211
final_images/128055.png,赵孟𫖯,楷,澹,801,0,3214,3214
final_images/128056.png,颜真卿,楷,澹,956,0,3214,3214
final_images/128099.png,柳公权,楷,激,461,0,3215,3215
final_images/128100.png,颜真卿,楷,激,956,0,3215,3215
final_images/128117.png,褚遂良,楷,濁,760,0,3216,3216
final_images/128138.png,吴叡,隶,濁,171,4,3216,31320
final_images/128168.png,褚遂良,楷,濕,760,0,3219,3219
final_images/128213.png,赵孟𫖯,楷,濞,801,0,3222,3222
final_images/128220.png,欧阳询,楷,濟,479,0,3223,3223
final_images/128223.png,颜真卿,楷,濟,956,0,3223,3223
final_images/128226.png,智永,楷,濟,377,0,3223,3223
final_images/128260.png,赵孟𫖯,隶,濟,801,4,3223,31327
final_images/128267.png,王澍,隶,濟,589,4,3223,31327
final_images/128269.png,陈鸿寿,隶,濟,920,4,3223,31327
final_images/128292.png,赵孟𫖯,楷,濡,801,0,3225,3225
final_images/128312.png,褚遂良,楷,濤,760,0,3226,3226
final_images/128313.png,颜真卿,楷,濤,956,0,3226,3226
final_images/128322.png,邓石如,隶,濤,828,4,3226,31330
final_images/128323.png,邓石如,隶,濤,828,4,3226,31330
final_images/128331.png,赵孟𫖯,楷,濩,801,0,3227,3227
final_images/128351.png,柳公权,楷,濬,461,0,3229,3229
final_images/128352.png,颜真卿,楷,濬,956,0,3229,3229
final_images/128371.png,吴叡,隶,濮,171,4,3230,31334
final_images/128386.png,颜真卿,楷,濯,956,0,3231,3231
final_images/128403.png,吴叡,隶,濯,171,4,3231,31335
final_images/128407.png,褚遂良,楷,濱,760,0,3232,3232
final_images/128453.png,赵孟𫖯,楷,瀆,801,0,3236,3236
final_images/128455.png,颜真卿,楷,瀆,956,0,3236,3236
final_images/128497.png,颜真卿,楷,瀑,956,0,3240,3240
final_images/128502.png,邓石如,隶,瀑,828,4,3240,31344
final_images/128550.png,柳公权,楷,瀨,461,0,3245,3245
final_images/128557.png,柳公权,楷,瀬,461,0,3246,3246
final_images/128662.png,吴叡,隶,灋,171,4,3251,31355
final_images/128699.png,金农,隶,灌,855,4,3252,31356
final_images/128711.png,褚遂良,楷,灑,760,0,3253,3253
final_images/128712.png,颜真卿,楷,灑,956,0,3253,3253
final_images/128724.png,赵孟𫖯,楷,灘,801,0,3254,3254
final_images/128774.png,欧阳询,楷,火,479,0,3258,3258
final_images/128775.png,褚遂良,楷,火,760,0,3258,3258
final_images/128776.png,褚遂良,楷,火,760,0,3258,3258
final_images/128777.png,褚遂良,楷,火,760,0,3258,3258
final_images/128779.png,智永,楷,火,377,0,3258,3258
final_images/128843.png,赵孟𫖯,隶,火,801,4,3258,31362
final_images/128988.png,欧阳询,楷,灼,479,0,3265,3265
final_images/129039.png,柳公权,楷,灾,461,0,3267,3267
final_images/129091.png,赵孟𫖯,楷,炊,801,0,3269,3269
final_images/129129.png,颜真卿,楷,炎,956,0,3270,3270
final_images/129222.png,颜真卿,楷,炤,956,0,3274,3274
final_images/129286.png,颜真卿,楷,炯,956,0,3277,3277
final_images/129302.png,颜真卿,楷,炳,956,0,3278,3278
final_images/129336.png,赵孟𫖯,楷,為,801,0,3280,3280
final_images/129344.png,欧阳询,楷,為,479,0,3280,3280
final_images/129346.png,褚遂良,楷,為,760,0,3280,3280
final_images/129352.png,智永,楷,為,377,0,3280,3280
final_images/129781.png,赵孟𫖯,隶,為,801,4,3280,31384
final_images/129807.png,王澍,隶,為,589,4,3280,31384
final_images/129811.png,邓石如,隶,為,828,4,3280,31384
final_images/129812.png,陈鸿寿,隶,為,920,4,3280,31384
final_images/129834.png,柳公权,楷,烈,461,0,3281,3281
final_images/129835.png,柳公权,楷,烈,461,0,3281,3281
final_images/129837.png,褚遂良,楷,烈,760,0,3281,3281
final_images/129890.png,柳公权,楷,烏,461,0,3283,3283
final_images/129891.png,欧阳询,楷,烏,479,0,3283,3283
final_images/129892.png,褚遂良,楷,烏,760,0,3283,3283
final_images/129998.png,赵孟𫖯,隶,烝,801,4,3287,31391
final_images/130099.png,赵孟𫖯,楷,焉,801,0,3292,3292
final_images/130102.png,欧阳询,楷,焉,479,0,3292,3292
final_images/130104.png,褚遂良,楷,焉,760,0,3292,3292
final_images/130109.png,智永,楷,焉,377,0,3292,3292
final_images/130169.png,吴叡,隶,焉,171,4,3292,31396
final_images/130170.png,赵孟𫖯,隶,焉,801,4,3292,31396
final_images/130179.png,陈鸿寿,隶,焉,920,4,3292,31396
final_images/130192.png,欧阳询,楷,焕,479,0,3294,3294
final_images/130193.png,褚遂良,楷,焕,760,0,3294,3294
final_images/130228.png,赵孟𫖯,楷,焚,801,0,3295,3295
final_images/130261.png,邓石如,隶,焚,828,4,3295,31399
final_images/130286.png,赵孟𫖯,楷,無,801,0,3298,3298
final_images/130291.png,柳公权,楷,無,461,0,3298,3298
final_images/130292.png,欧阳询,楷,無,479,0,3298,3298
final_images/130293.png,褚遂良,楷,無,760,0,3298,3298
final_images/130294.png,褚遂良,楷,無,760,0,3298,3298
final_images/130295.png,颜真卿,楷,無,956,0,3298,3298
final_images/130304.png,智永,楷,無,377,0,3298,3298
final_images/130537.png,吴叡,隶,無,171,4,3298,31402
final_images/130563.png,邓石如,隶,無,828,4,3298,31402
final_images/130565.png,金农,隶,無,855,4,3298,31402
final_images/130568.png,陈鸿寿,隶,無,920,4,3298,31402
final_images/130598.png,赵孟𫖯,楷,焦,801,0,3299,3299
final_images/130642.png,吴叡,隶,焭,171,4,3301,31405
final_images/130692.png,赵孟𫖯,楷,然,801,0,3305,3305
final_images/130693.png,柳公权,楷,然,461,0,3305,3305
final_images/130694.png,欧阳询,楷,然,479,0,3305,3305
final_images/130695.png,褚遂良,楷,然,760,0,3305,3305
final_images/130696.png,褚遂良,楷,然,760,0,3305,3305
final_images/130697.png,褚遂良,楷,然,760,0,3305,3305
final_images/130698.png,颜真卿,楷,然,956,0,3305,3305
final_images/130781.png,吴叡,隶,然,171,4,3305,31409
final_images/130832.png,赵孟𫖯,楷,煌,801,0,3307,3307
final_images/130835.png,智永,楷,煌,377,0,3307,3307
final_images/130855.png,赵孟𫖯,隶,煌,801,4,3307,31411
final_images/130901.png,赵孟𫖯,楷,煕,801,0,3310,3310
final_images/130934.png,颜真卿,楷,煙,956,0,3312,3312
final_images/131039.png,智永,楷,照,377,0,3317,3317
final_images/131081.png,赵孟𫖯,楷,煩,801,0,3318,3318
final_images/131085.png,颜真卿,楷,煩,956,0,3318,3318
final_images/131089.png,智永,楷,煩,377,0,3318,3318
final_images/131110.png,王澍,隶,煩,589,4,3318,31422
final_images/131197.png,颜真卿,楷,熊,956,0,3324,3324
final_images/131355.png,颜真卿,楷,熟,956,0,3329,3329
final_images/131357.png,智永,楷,熟,377,0,3329,3329
final_images/131382.png,赵孟𫖯,隶,熟,801,4,3329,31433
final_images/131443.png,赵孟𫖯,楷,熱,801,0,3333,3333
final_images/131445.png,颜真卿,楷,熱,956,0,3333,3333
final_images/131446.png,智永,楷,熱,377,0,3333,3333
final_images/131472.png,赵孟𫖯,隶,熱,801,4,3333,31437
final_images/131519.png,金农,隶,熹,855,4,3334,31438
final_images/131522.png,柳公权,楷,熾,461,0,3335,3335
final_images/131523.png,颜真卿,楷,熾,956,0,3335,3335
final_images/131526.png,陈鸿寿,隶,熾,920,4,3335,31439
final_images/131555.png,褚遂良,楷,燄,760,0,3339,3339
final_images/131563.png,柳公权,楷,燈,461,0,3340,3340
final_images/131564.png,颜真卿,楷,燈,956,0,3340,3340
final_images/131677.png,赵孟𫖯,楷,燕,801,0,3346,3346
final_images/131721.png,赵孟𫖯,隶,燕,801,4,3346,31450
final_images/131725.png,赵孟𫖯,楷,營,801,0,3347,3347
final_images/131726.png,赵孟𫖯,楷,營,801,0,3347,3347
final_images/131728.png,欧阳询,楷,營,479,0,3347,3347
final_images/131731.png,智永,楷,營,377,0,3347,3347
final_images/131751.png,赵孟𫖯,隶,營,801,4,3347,31451
final_images/131756.png,王澍,隶,營,589,4,3347,31451
final_images/131757.png,陈鸿寿,隶,營,920,4,3347,31451
final_images/131806.png,赵孟𫖯,楷,燭,801,0,3352,3352
final_images/131808.png,褚遂良,楷,燭,760,0,3352,3352
final_images/131811.png,智永,楷,燭,377,0,3352,3352
final_images/131839.png,王澍,隶,燭,589,4,3352,31456
final_images/131905.png,赵孟𫖯,楷,燾,801,0,3356,3356
final_images/131910.png,金农,隶,燾,855,4,3356,31460
final_images/132185.png,柳公权,楷,爰,461,0,3369,3369
final_images/132186.png,欧阳询,楷,爰,479,0,3369,3369
final_images/132188.png,褚遂良,楷,爰,760,0,3369,3369
final_images/132253.png,赵孟𫖯,楷,爲,801,0,3370,3370
final_images/132261.png,欧阳询,楷,爲,479,0,3370,3370
final_images/132264.png,颜真卿,楷,爲,956,0,3370,3370
final_images/132269.png,智永,楷,爲,377,0,3370,3370
final_images/132697.png,吴叡,隶,爲,171,4,3370,31474
final_images/132698.png,赵孟𫖯,隶,爲,801,4,3370,31474
final_images/132723.png,邓石如,隶,爲,828,4,3370,31474
final_images/132724.png,金农,隶,爲,855,4,3370,31474
final_images/132725.png,陈鸿寿,隶,爲,920,4,3370,31474
final_images/132741.png,赵孟𫖯,楷,爵,801,0,3371,3371
final_images/132744.png,颜真卿,楷,爵,956,0,3371,3371
final_images/132747.png,智永,楷,爵,377,0,3371,3371
final_images/132798.png,赵孟𫖯,隶,爵,801,4,3371,31475
final_images/132801.png,王澍,隶,爵,589,4,3371,31475
final_images/132822.png,赵孟𫖯,楷,父,801,0,3372,3372
final_images/132829.png,智永,楷,父,377,0,3372,3372
final_images/133040.png,颜真卿,楷,爽,956,0,3374,3374
final_images/133117.png,柳公权,楷,爾,461,0,3375,3375
final_images/133118.png,褚遂良,楷,爾,760,0,3375,3375
final_images/133176.png,柳公权,楷,牀,461,0,3377,3377
final_images/133178.png,智永,楷,牀,377,0,3377,3377
final_images/133188.png,赵孟𫖯,隶,牀,801,4,3377,31481
final_images/133190.png,王澍,隶,牀,589,4,3377,31481
final_images/133227.png,赵孟𫖯,隶,牆,801,4,3379,31483
final_images/133264.png,邓石如,隶,片,828,4,3380,31484
final_images/133283.png,褚遂良,楷,版,760,0,3381,3381
final_images/133284.png,褚遂良,楷,版,760,0,3381,3381
final_images/133300.png,智永,楷,牋,377,0,3382,3382
final_images/133311.png,赵孟𫖯,隶,牋,801,4,3382,31486
final_images/133312.png,邓石如,隶,牋,828,4,3382,31486
final_images/133332.png,赵孟𫖯,楷,牒,801,0,3383,3383
final_images/133337.png,智永,楷,牒,377,0,3383,3383
final_images/133355.png,王澍,隶,牒,589,4,3383,31487
final_images/133356.png,陈鸿寿,隶,牒,920,4,3383,31487
final_images/133362.png,柳公权,楷,牖,461,0,3384,3384
final_images/133444.png,欧阳询,楷,牛,479,0,3387,3387
final_images/133445.png,褚遂良,楷,牛,760,0,3387,3387
final_images/133446.png,褚遂良,楷,牛,760,0,3387,3387
final_images/133557.png,褚遂良,楷,牝,760,0,3388,3388
final_images/133602.png,颜真卿,楷,牟,956,0,3389,3389
final_images/133758.png,赵孟𫖯,楷,牧,801,0,3392,3392
final_images/133760.png,欧阳询,楷,牧,479,0,3392,3392
final_images/133762.png,褚遂良,楷,牧,760,0,3392,3392
final_images/133763.png,褚遂良,楷,牧,760,0,3392,3392
final_images/133764.png,智永,楷,牧,377,0,3392,3392
final_images/133813.png,赵孟𫖯,隶,牧,801,4,3392,31496
final_images/133842.png,赵孟𫖯,楷,物,801,0,3393,3393
final_images/133845.png,欧阳询,楷,物,479,0,3393,3393
final_images/133847.png,颜真卿,楷,物,956,0,3393,3393
final_images/133851.png,智永,楷,物,377,0,3393,3393
final_images/133934.png,王澍,隶,物,589,4,3393,31497
final_images/133951.png,赵孟𫖯,楷,牲,801,0,3394,3394
final_images/133976.png,赵孟𫖯,楷,牷,801,0,3395,3395
final_images/133998.png,赵孟𫖯,楷,特,801,0,3396,3396
final_images/134000.png,柳公权,楷,特,461,0,3396,3396
final_images/134002.png,颜真卿,楷,特,956,0,3396,3396
final_images/134039.png,赵孟𫖯,隶,特,801,4,3396,31500
final_images/134096.png,欧阳询,楷,犀,479,0,3399,3399
final_images/134208.png,智永,楷,犢,377,0,3408,3408
final_images/134223.png,王澍,隶,犢,589,4,3408,31512
final_images/134236.png,褚遂良,楷,犧,760,0,3410,3410
final_images/134358.png,柳公权,楷,犯,461,0,3412,3412
final_images/134359.png,颜真卿,楷,犯,956,0,3412,3412
final_images/134385.png,陈鸿寿,隶,犯,920,4,3412,31516
final_images/134458.png,颜真卿,楷,狀,956,0,3415,3415
final_images/134565.png,柳公权,楷,狄,461,0,3418,3418
final_images/134609.png,赵孟𫖯,楷,狎,801,0,3419,3419
final_images/134637.png,赵孟𫖯,楷,狐,801,0,3420,3420
final_images/134639.png,柳公权,楷,狐,461,0,3420,3420
final_images/134641.png,欧阳询,楷,狐,479,0,3420,3420
final_images/134680.png,吴叡,隶,狐,171,4,3420,31524
final_images/134799.png,柳公权,楷,狩,461,0,3426,3426
final_images/134877.png,柳公权,楷,狼,461,0,3431,3431
final_images/134932.png,颜真卿,楷,猒,956,0,3434,3434
final_images/134933.png,颜真卿,楷,猒,956,0,3434,3434
final_images/134944.png,吴叡,隶,猒,171,4,3434,31538
final_images/134945.png,赵孟𫖯,隶,猒,801,4,3434,31538
final_images/134946.png,王澍,隶,猒,589,4,3434,31538
final_images/134969.png,颜真卿,楷,猗,956,0,3436,3436
final_images/135044.png,赵孟𫖯,楷,猜,801,0,3438,3438
final_images/135146.png,欧阳询,楷,猶,479,0,3446,3446
final_images/135148.png,褚遂良,楷,猶,760,0,3446,3446
final_images/135153.png,智永,楷,猶,377,0,3446,3446
final_images/135206.png,吴叡,隶,猶,171,4,3446,31550
final_images/135207.png,赵孟𫖯,隶,猶,801,4,3446,31550
final_images/135211.png,王澍,隶,猶,589,4,3446,31550
final_images/135213.png,金农,隶,猶,855,4,3446,31550
final_images/135239.png,智永,楷,猷,377,0,3447,3447
final_images/135271.png,吴叡,隶,猷,171,4,3447,31551
final_images/135272.png,赵孟𫖯,隶,猷,801,4,3447,31551
final_images/135273.png,王澍,隶,猷,589,4,3447,31551
final_images/135274.png,邓石如,隶,猷,828,4,3447,31551
final_images/135296.png,柳公权,楷,猿,461,0,3449,3449
final_images/135310.png,赵孟𫖯,楷,獄,801,0,3450,3450
final_images/135354.png,赵孟𫖯,楷,獠,801,0,3452,3452
final_images/135369.png,赵孟𫖯,楷,獨,801,0,3454,3454
final_images/135370.png,赵孟𫖯,楷,獨,801,0,3454,3454
final_images/135374.png,颜真卿,楷,獨,956,0,3454,3454
final_images/135378.png,智永,楷,獨,377,0,3454,3454
final_images/135426.png,吴叡,隶,獨,171,4,3454,31558
final_images/135427.png,吴叡,隶,獨,171,4,3454,31558
final_images/135428.png,赵孟𫖯,隶,獨,801,4,3454,31558
final_images/135437.png,王澍,隶,獨,589,4,3454,31558
final_images/135440.png,邓石如,隶,獨,828,4,3454,31558
final_images/135468.png,赵孟𫖯,楷,獲,801,0,3457,3457
final_images/135470.png,柳公权,楷,獲,461,0,3457,3457
final_images/135473.png,颜真卿,楷,獲,956,0,3457,3457
final_images/135502.png,赵孟𫖯,隶,獲,801,4,3457,31561
final_images/135509.png,王澍,隶,獲,589,4,3457,31561
final_images/135511.png,陈鸿寿,隶,獲,920,4,3457,31561
final_images/135515.png,颜真卿,楷,獵,956,0,3458,3458
final_images/135530.png,赵孟𫖯,楷,獷,801,0,3459,3459
final_images/135535.png,赵孟𫖯,楷,獸,801,0,3460,3460
final_images/135539.png,智永,楷,獸,377,0,3460,3460
final_images/135571.png,王澍,隶,獸,589,4,3460,31564
final_images/135587.png,赵孟𫖯,楷,獻,801,0,3462,3462
final_images/135589.png,柳公权,楷,獻,461,0,3462,3462
final_images/135590.png,欧阳询,楷,獻,479,0,3462,3462
final_images/135683.png,赵孟𫖯,楷,玄,801,0,3463,3463
final_images/135690.png,柳公权,楷,玄,461,0,3463,3463
final_images/135691.png,欧阳询,楷,玄,479,0,3463,3463
final_images/135694.png,褚遂良,楷,玄,760,0,3463,3463
final_images/135695.png,颜真卿,楷,玄,956,0,3463,3463
final_images/135698.png,智永,楷,玄,377,0,3463,3463
final_images/135787.png,王澍,隶,玄,589,4,3463,31567
final_images/135846.png,褚遂良,楷,率,760,0,3466,3466
final_images/135847.png,颜真卿,楷,率,956,0,3466,3466
final_images/135896.png,赵孟𫖯,隶,率,801,4,3466,31570
final_images/135920.png,欧阳询,楷,玉,479,0,3467,3467
final_images/135923.png,智永,楷,玉,377,0,3467,3467
final_images/136026.png,吴叡,隶,玉,171,4,3467,31571
final_images/136027.png,赵孟𫖯,隶,玉,801,4,3467,31571
final_images/136033.png,邓石如,隶,玉,828,4,3467,31571
final_images/136034.png,邓石如,隶,玉,828,4,3467,31571
final_images/136040.png,王澍,隶,玊,589,4,3468,31572
final_images/136061.png,柳公权,楷,王,461,0,3469,3469
final_images/136063.png,褚遂良,楷,王,760,0,3469,3469
final_images/136064.png,颜真卿,楷,王,956,0,3469,3469
final_images/136069.png,智永,楷,王,377,0,3469,3469
final_images/136379.png,吴叡,隶,王,171,4,3469,31573
final_images/136380.png,赵孟𫖯,隶,王,801,4,3469,31573
final_images/136401.png,邓石如,隶,王,828,4,3469,31573
final_images/136414.png,颜真卿,楷,玕,956,0,3471,3471
final_images/136540.png,褚遂良,楷,玷,760,0,3479,3479
final_images/136586.png,颜真卿,楷,珉,956,0,3483,3483
final_images/136657.png,赵孟𫖯,楷,珍,801,0,3485,3485
final_images/136660.png,颜真卿,楷,珍,956,0,3485,3485
final_images/136665.png,智永,楷,珍,377,0,3485,3485
final_images/136693.png,赵孟𫖯,隶,珍,801,4,3485,31589
final_images/136698.png,金农,隶,珍,855,4,3485,31589
final_images/136739.png,柳公权,楷,珠,461,0,3487,3487
final_images/136740.png,欧阳询,楷,珠,479,0,3487,3487
final_images/136742.png,褚遂良,楷,珠,760,0,3487,3487
final_images/136773.png,王澍,隶,珠,589,4,3487,31591
final_images/136774.png,邓石如,隶,珠,828,4,3487,31591
final_images/136810.png,欧阳询,楷,珥,479,0,3491,3491
final_images/136811.png,颜真卿,楷,珥,956,0,3491,3491
final_images/136869.png,褚遂良,楷,班,760,0,3494,3494
final_images/136903.png,柳公权,楷,珮,461,0,3495,3495
final_images/136921.png,柳公权,楷,現,461,0,3497,3497
final_images/136922.png,颜真卿,楷,現,956,0,3497,3497
final_images/136944.png,赵孟𫖯,楷,球,801,0,3499,3499
final_images/136946.png,颜真卿,楷,球,956,0,3499,3499
final_images/136975.png,颜真卿,楷,琅,956,0,3500,3500
final_images/137023.png,赵孟𫖯,楷,理,801,0,3501,3501
final_images/137026.png,欧阳询,楷,理,479,0,3501,3501
final_images/137096.png,王澍,隶,理,589,4,3501,31605
final_images/137097.png,邓石如,隶,理,828,4,3501,31605
final_images/137098.png,陈鸿寿,隶,理,920,4,3501,31605
final_images/137311.png,颜真卿,楷,琳,956,0,3514,3514
final_images/137335.png,赵孟𫖯,楷,琴,801,0,3515,3515
final_images/137340.png,智永,楷,琴,377,0,3515,3515
final_images/137358.png,赵孟𫖯,隶,琴,801,4,3515,31619
final_images/137364.png,邓石如,隶,琴,828,4,3515,31619
final_images/137365.png,邓石如,隶,琴,828,4,3515,31619
final_images/137367.png,金农,隶,琴,855,4,3515,31619
final_images/137408.png,颜真卿,楷,瑋,956,0,3518,3518
final_images/137409.png,智永,楷,瑋,377,0,3518,3518
final_images/137452.png,赵孟𫖯,楷,瑕,801,0,3522,3522
final_images/137554.png,赵孟𫖯,楷,瑜,801,0,3527,3527
final_images/137556.png,柳公权,楷,瑜,461,0,3527,3527
final_images/137591.png,欧阳询,楷,瑞,479,0,3528,3528
final_images/137594.png,颜真卿,楷,瑞,956,0,3528,3528
final_images/137614.png,邓石如,隶,瑞,828,4,3528,31632
final_images/137634.png,赵孟𫖯,楷,瑟,801,0,3529,3529
final_images/137636.png,褚遂良,楷,瑟,760,0,3529,3529
final_images/137641.png,智永,楷,瑟,377,0,3529,3529
final_images/137695.png,吴叡,隶,瑤,171,4,3531,31635
final_images/137706.png,欧阳询,楷,瑩,479,0,3532,3532
final_images/137741.png,颜真卿,楷,瑱,956,0,3534,3534
final_images/137762.png,褚遂良,楷,瑶,760,0,3536,3536
final_images/137781.png,吴叡,隶,瑶,171,4,3536,31640
final_images/137794.png,赵孟𫖯,楷,瑾,801,0,3537,3537
final_images/137832.png,颜真卿,楷,璆,956,0,3540,3540
final_images/137944.png,赵孟𫖯,楷,璣,801,0,3548,3548
final_images/137948.png,智永,楷,璣,377,0,3548,3548
final_images/137964.png,赵孟𫖯,隶,璣,801,4,3548,31652
final_images/137984.png,欧阳询,楷,璧,479,0,3549,3549
final_images/137985.png,褚遂良,楷,璧,760,0,3549,3549
final_images/137988.png,智永,楷,璧,377,0,3549,3549
final_images/138041.png,赵孟𫖯,隶,璧,801,4,3549,31653
final_images/138058.png,褚遂良,楷,璫,760,0,3551,3551
final_images/138059.png,颜真卿,楷,璫,956,0,3551,3551
final_images/138064.png,赵孟𫖯,楷,環,801,0,3552,3552
final_images/138107.png,赵孟𫖯,隶,環,801,4,3552,31656
final_images/138108.png,王澍,隶,環,589,4,3552,31656
final_images/138124.png,褚遂良,楷,璿,760,0,3554,3554
final_images/138131.png,王澍,隶,璿,589,4,3554,31658
final_images/138135.png,赵孟𫖯,楷,瓊,801,0,3555,3555
final_images/138136.png,柳公权,楷,瓊,461,0,3555,3555
final_images/138138.png,颜真卿,楷,瓊,956,0,3555,3555
final_images/138155.png,吴叡,隶,瓊,171,4,3555,31659
final_images/138158.png,颜真卿,楷,瓌,956,0,3556,3556
final_images/138170.png,颜真卿,楷,瓘,956,0,3558,3558
final_images/138176.png,赵孟𫖯,楷,瓚,801,0,3559,3559
final_images/138198.png,颜真卿,楷,瓜,956,0,3560,3560
final_images/138370.png,颜真卿,楷,瓶,956,0,3567,3567
final_images/138502.png,颜真卿,楷,甕,956,0,3575,3575
final_images/138536.png,赵孟𫖯,楷,甘,801,0,3578,3578
final_images/138538.png,柳公权,楷,甘,461,0,3578,3578
final_images/138539.png,欧阳询,楷,甘,479,0,3578,3578
final_images/138540.png,褚遂良,楷,甘,760,0,3578,3578
final_images/138543.png,智永,楷,甘,377,0,3578,3578
final_images/138603.png,赵孟𫖯,隶,甘,801,4,3578,31682
final_images/138605.png,王澍,隶,甘,589,4,3578,31682
final_images/138606.png,邓石如,隶,甘,828,4,3578,31682
final_images/138625.png,赵孟𫖯,楷,甚,801,0,3579,3579
final_images/138629.png,智永,楷,甚,377,0,3579,3579
final_images/138729.png,王澍,隶,甚,589,4,3579,31683
final_images/138730.png,陈鸿寿,隶,甚,920,4,3579,31683
final_images/138747.png,赵孟𫖯,隶,甞,801,4,3581,31685
final_images/138749.png,金农,隶,甞,855,4,3581,31685
final_images/138773.png,赵孟𫖯,楷,生,801,0,3582,3582
final_images/138777.png,柳公权,楷,生,461,0,3582,3582
final_images/138779.png,褚遂良,楷,生,760,0,3582,3582
final_images/139060.png,王澍,隶,生,589,4,3582,31686
final_images/139062.png,金农,隶,生,855,4,3582,31686
final_images/139063.png,金农,隶,生,855,4,3582,31686
final_images/139064.png,陈鸿寿,隶,生,920,4,3582,31686
final_images/139071.png,欧阳询,楷,產,479,0,3583,3583
final_images/139073.png,颜真卿,楷,產,956,0,3583,3583
final_images/139105.png,陈鸿寿,隶,產,920,4,3583,31687
final_images/139110.png,欧阳询,楷,産,479,0,3584,3584
final_images/139145.png,陈鸿寿,隶,産,920,4,3584,31688
final_images/139167.png,颜真卿,楷,甥,956,0,3585,3585
final_images/139188.png,赵孟𫖯,楷,用,801,0,3586,3586
final_images/139194.png,褚遂良,楷,用,760,0,3586,3586
final_images/139195.png,褚遂良,楷,用,760,0,3586,3586
final_images/139196.png,褚遂良,楷,用,760,0,3586,3586
final_images/139197.png,颜真卿,楷,用,956,0,3586,3586
final_images/139201.png,智永,楷,用,377,0,3586,3586
final_images/139354.png,吴叡,隶,用,171,4,3586,31690
final_images/139355.png,赵孟𫖯,隶,用,801,4,3586,31690
final_images/139367.png,邓石如,隶,用,828,4,3586,31690
final_images/139369.png,金农,隶,用,855,4,3586,31690
final_images/139388.png,柳公权,楷,甫,461,0,3587,3587
final_images/139389.png,欧阳询,楷,甫,479,0,3587,3587
final_images/139390.png,褚遂良,楷,甫,760,0,3587,3587
final_images/139391.png,颜真卿,楷,甫,956,0,3587,3587
final_images/139454.png,金农,隶,甫,855,4,3587,31691
final_images/139558.png,柳公权,楷,田,461,0,3590,3590
final_images/139559.png,欧阳询,楷,田,479,0,3590,3590
final_images/139560.png,褚遂良,楷,田,760,0,3590,3590
final_images/139563.png,智永,楷,田,377,0,3590,3590
final_images/139685.png,赵孟𫖯,隶,田,801,4,3590,31694
final_images/139689.png,王澍,隶,田,589,4,3590,31694
final_images/139690.png,邓石如,隶,田,828,4,3590,31694
final_images/139711.png,柳公权,楷,由,461,0,3591,3591
final_images/139712.png,欧阳询,楷,由,479,0,3591,3591
final_images/139714.png,褚遂良,楷,由,760,0,3591,3591
final_images/139715.png,颜真卿,楷,由,956,0,3591,3591
final_images/139809.png,金农,隶,由,855,4,3591,31695
final_images/139810.png,金农,隶,由,855,4,3591,31695
final_images/139811.png,金农,隶,由,855,4,3591,31695
final_images/139830.png,智永,楷,甲,377,0,3592,3592
final_images/139975.png,王澍,隶,甲,589,4,3592,31696
final_images/139984.png,赵孟𫖯,楷,申,801,0,3593,3593
final_images/139988.png,柳公权,楷,申,461,0,3593,3593
final_images/139989.png,欧阳询,楷,申,479,0,3593,3593
final_images/140137.png,吴叡,隶,申,171,4,3593,31697
final_images/140153.png,褚遂良,楷,男,760,0,3594,3594
final_images/140156.png,智永,楷,男,377,0,3594,3594
final_images/140157.png,智永,楷,男,377,0,3594,3594
final_images/140219.png,赵孟𫖯,隶,男,801,4,3594,31698
final_images/140224.png,王澍,隶,男,589,4,3594,31698
final_images/140243.png,褚遂良,楷,甸,760,0,3595,3595
final_images/140313.png,赵孟𫖯,楷,畀,801,0,3600,3600
final_images/140452.png,邓石如,隶,畎,828,4,3604,31708
final_images/140467.png,赵孟𫖯,楷,畏,801,0,3605,3605
final_images/140469.png,柳公权,楷,畏,461,0,3605,3605
final_images/140470.png,欧阳询,楷,畏,479,0,3605,3605
final_images/140474.png,智永,楷,畏,377,0,3605,3605
final_images/140524.png,赵孟𫖯,隶,畏,801,4,3605,31709
final_images/140531.png,王澍,隶,畏,589,4,3605,31709
final_images/140559.png,柳公权,楷,畔,461,0,3607,3607
final_images/140590.png,王澍,隶,畔,589,4,3607,31711
final_images/140591.png,邓石如,隶,畔,828,4,3607,31711
final_images/140622.png,赵孟𫖯,楷,留,801,0,3609,3609
final_images/140626.png,颜真卿,楷,留,956,0,3609,3609
final_images/140679.png,邓石如,隶,留,828,4,3609,31713
final_images/140764.png,智永,楷,畝,377,0,3613,3613
final_images/140785.png,王澍,隶,畝,589,4,3613,31717
final_images/140786.png,陈鸿寿,隶,畝,920,4,3613,31717
final_images/140797.png,欧阳询,楷,畢,479,0,3615,3615
final_images/140876.png,欧阳询,楷,略,479,0,3618,3618
final_images/140878.png,颜真卿,楷,略,956,0,3618,3618
final_images/141105.png,王澍,隶,畫,589,4,3621,31725
final_images/141106.png,邓石如,隶,畫,828,4,3621,31725
final_images/141161.png,赵孟𫖯,楷,異,801,0,3624,3624
final_images/141163.png,柳公权,楷,異,461,0,3624,3624
final_images/141164.png,颜真卿,楷,異,956,0,3624,3624
final_images/141167.png,智永,楷,異,377,0,3624,3624
final_images/141274.png,吴叡,隶,異,171,4,3624,31728
final_images/141298.png,褚遂良,楷,當,760,0,3625,3625
final_images/141299.png,褚遂良,楷,當,760,0,3625,3625
final_images/141300.png,颜真卿,楷,當,956,0,3625,3625
final_images/141304.png,智永,楷,當,377,0,3625,3625
final_images/141383.png,吴叡,隶,當,171,4,3625,31729
final_images/141384.png,赵孟𫖯,隶,當,801,4,3625,31729
final_images/141450.png,吴叡,隶,畹,171,4,3628,31732
final_images/141474.png,柳公权,楷,畿,461,0,3630,3630
final_images/141475.png,颜真卿,楷,畿,956,0,3630,3630
final_images/141494.png,颜真卿,楷,疆,956,0,3631,3631
final_images/141532.png,柳公权,楷,疇,461,0,3632,3632
final_images/141588.png,颜真卿,楷,疋,956,0,3635,3635
final_images/141775.png,赵孟𫖯,楷,疑,801,0,3639,3639
final_images/141776.png,颜真卿,楷,疑,956,0,3639,3639
final_images/141780.png,智永,楷,疑,377,0,3639,3639
final_images/141840.png,吴叡,隶,疑,171,4,3639,31743
final_images/141841.png,赵孟𫖯,隶,疑,801,4,3639,31743
final_images/141846.png,王澍,隶,疑,589,4,3639,31743
final_images/141847.png,邓石如,隶,疑,828,4,3639,31743
final_images/141981.png,赵孟𫖯,楷,疲,801,0,3647,3647
final_images/141985.png,智永,楷,疲,377,0,3647,3647
final_images/142009.png,赵孟𫖯,隶,疲,801,4,3647,31751
final_images/142103.png,赵孟𫖯,楷,疾,801,0,3653,3653
final_images/142106.png,欧阳询,楷,疾,479,0,3653,3653
final_images/142463.png,赵孟𫖯,楷,痛,801,0,3663,3663
final_images/142708.png,赵孟𫖯,楷,瘦,801,0,3680,3680
final_images/142734.png,金农,隶,瘦,855,4,3680,31784
final_images/142857.png,邓石如,隶,癃,828,4,3688,31792
final_images/142864.png,金农,隶,癈,855,4,3689,31793
final_images/142982.png,褚遂良,楷,癸,760,0,3698,3698
final_images/143207.png,赵孟𫖯,楷,登,801,0,3700,3700
final_images/143209.png,柳公权,楷,登,461,0,3700,3700
final_images/143210.png,颜真卿,楷,登,956,0,3700,3700
final_images/143214.png,智永,楷,登,377,0,3700,3700
final_images/143266.png,赵孟𫖯,隶,登,801,4,3700,31804
final_images/143278.png,王澍,隶,登,589,4,3700,31804
final_images/143279.png,金农,隶,登,855,4,3700,31804
final_images/143280.png,金农,隶,登,855,4,3700,31804
final_images/143285.png,赵孟𫖯,楷,發,801,0,3701,3701
final_images/143289.png,柳公权,楷,發,461,0,3701,3701
final_images/143290.png,褚遂良,楷,發,760,0,3701,3701
final_images/143291.png,颜真卿,楷,發,956,0,3701,3701
final_images/143300.png,智永,楷,發,377,0,3701,3701
final_images/143380.png,吴叡,隶,發,171,4,3701,31805
final_images/143381.png,赵孟𫖯,隶,發,801,4,3701,31805
final_images/143412.png,柳公权,楷,白,461,0,3702,3702
final_images/143413.png,欧阳询,楷,白,479,0,3702,3702
final_images/143414.png,颜真卿,楷,白,956,0,3702,3702
final_images/143419.png,智永,楷,白,377,0,3702,3702
final_images/143604.png,赵孟𫖯,隶,白,801,4,3702,31806
final_images/143613.png,王澍,隶,白,589,4,3702,31806
final_images/143614.png,邓石如,隶,白,828,4,3702,31806
final_images/143616.png,金农,隶,白,855,4,3702,31806
final_images/143617.png,金农,隶,白,855,4,3702,31806
final_images/143637.png,赵孟𫖯,楷,百,801,0,3703,3703
final_images/143641.png,柳公权,楷,百,461,0,3703,3703
final_images/143644.png,褚遂良,楷,百,760,0,3703,3703
final_images/143648.png,智永,楷,百,377,0,3703,3703
final_images/143766.png,吴叡,隶,百,171,4,3703,31807
final_images/143792.png,邓石如,隶,百,828,4,3703,31807
final_images/143829.png,智永,楷,的,377,0,3706,3706
final_images/143852.png,王澍,隶,的,589,4,3706,31810
final_images/143873.png,赵孟𫖯,楷,皆,801,0,3707,3707
final_images/143877.png,褚遂良,楷,皆,760,0,3707,3707
final_images/143878.png,褚遂良,楷,皆,760,0,3707,3707
final_images/143881.png,智永,楷,皆,377,0,3707,3707
final_images/143995.png,赵孟𫖯,隶,皆,801,4,3707,31811
final_images/144015.png,邓石如,隶,皆,828,4,3707,31811
final_images/144029.png,赵孟𫖯,楷,皇,801,0,3708,3708
final_images/144037.png,欧阳询,楷,皇,479,0,3708,3708
final_images/144038.png,欧阳询,楷,皇,479,0,3708,3708
final_images/144039.png,褚遂良,楷,皇,760,0,3708,3708
final_images/144040.png,褚遂良,楷,皇,760,0,3708,3708
final_images/144150.png,吴叡,隶,皇,171,4,3708,31812
final_images/144151.png,赵孟𫖯,隶,皇,801,4,3708,31812
final_images/144163.png,王澍,隶,皇,589,4,3708,31812
final_images/144166.png,陈鸿寿,隶,皇,920,4,3708,31812
final_images/144186.png,褚遂良,楷,皋,760,0,3709,3709
final_images/144187.png,褚遂良,楷,皋,760,0,3709,3709
final_images/144220.png,吴叡,隶,皋,171,4,3709,31813
final_images/144221.png,赵孟𫖯,隶,皋,801,4,3709,31813
final_images/144223.png,王澍,隶,皋,589,4,3709,31813
final_images/144281.png,赵孟𫖯,楷,皙,801,0,3712,3712
final_images/144310.png,赵孟𫖯,楷,皮,801,0,3714,3714
final_images/144557.png,颜真卿,楷,盈,956,0,3723,3723
final_images/144562.png,智永,楷,盈,377,0,3723,3723
final_images/144629.png,吴叡,隶,盈,171,4,3723,31827
final_images/144630.png,赵孟𫖯,隶,盈,801,4,3723,31827
final_images/144632.png,王澍,隶,盈,589,4,3723,31827
final_images/144676.png,柳公权,楷,益,461,0,3725,3725
final_images/144677.png,欧阳询,楷,益,479,0,3725,3725
final_images/144679.png,褚遂良,楷,益,760,0,3725,3725
final_images/144682.png,智永,楷,益,377,0,3725,3725
final_images/144765.png,赵孟𫖯,隶,益,801,4,3725,31829
final_images/144772.png,邓石如,隶,益,828,4,3725,31829
final_images/144845.png,柳公权,楷,盖,461,0,3729,3729
final_images/144846.png,欧阳询,楷,盖,479,0,3729,3729
final_images/144847.png,颜真卿,楷,盖,956,0,3729,3729
final_images/144848.png,颜真卿,楷,盖,956,0,3729,3729
final_images/144854.png,智永,楷,盖,377,0,3729,3729
final_images/144926.png,赵孟𫖯,楷,盛,801,0,3732,3732
final_images/144928.png,柳公权,楷,盛,461,0,3732,3732
final_images/144930.png,褚遂良,楷,盛,760,0,3732,3732
final_images/144931.png,褚遂良,楷,盛,760,0,3732,3732
final_images/144932.png,褚遂良,楷,盛,760,0,3732,3732
final_images/144933.png,颜真卿,楷,盛,956,0,3732,3732
final_images/144935.png,智永,楷,盛,377,0,3732,3732
final_images/144991.png,赵孟𫖯,隶,盛,801,4,3732,31836
final_images/145002.png,赵孟𫖯,楷,盜,801,0,3733,3733
final_images/145003.png,褚遂良,楷,盜,760,0,3733,3733
final_images/145049.png,赵孟𫖯,隶,盜,801,4,3733,31837
final_images/145052.png,王澍,隶,盜,589,4,3733,31837
final_images/145081.png,褚遂良,楷,盟,760,0,3735,3735
final_images/145127.png,赵孟𫖯,隶,盟,801,4,3735,31839
final_images/145128.png,王澍,隶,盟,589,4,3735,31839
final_images/145140.png,赵孟𫖯,楷,盡,801,0,3737,3737
final_images/145143.png,欧阳询,楷,盡,479,0,3737,3737
final_images/145145.png,褚遂良,楷,盡,760,0,3737,3737
final_images/145146.png,颜真卿,楷,盡,956,0,3737,3737
final_images/145150.png,智永,楷,盡,377,0,3737,3737
final_images/145240.png,赵孟𫖯,隶,盡,801,4,3737,31841
final_images/145249.png,邓石如,隶,盡,828,4,3737,31841
final_images/145250.png,陈鸿寿,隶,盡,920,4,3737,31841
final_images/145251.png,陈鸿寿,隶,盡,920,4,3737,31841
final_images/145260.png,欧阳询,楷,監,479,0,3738,3738
final_images/145261.png,颜真卿,楷,監,956,0,3738,3738
final_images/145311.png,邓石如,隶,監,828,4,3738,31842
final_images/145314.png,赵孟𫖯,楷,盤,801,0,3739,3739
final_images/145315.png,柳公权,楷,盤,461,0,3739,3739
final_images/145316.png,颜真卿,楷,盤,956,0,3739,3739
final_images/145353.png,吴叡,隶,盤,171,4,3739,31843
final_images/145354.png,赵孟𫖯,隶,盤,801,4,3739,31843
final_images/145357.png,王澍,隶,盤,589,4,3739,31843
final_images/145370.png,颜真卿,楷,盥,956,0,3740,3740
final_images/145400.png,欧阳询,楷,盧,479,0,3742,3742
final_images/145402.png,颜真卿,楷,盧,956,0,3742,3742
final_images/145486.png,柳公权,楷,盪,461,0,3744,3744
final_images/145531.png,赵孟𫖯,楷,目,801,0,3747,3747
final_images/145534.png,颜真卿,楷,目,956,0,3747,3747
final_images/145615.png,吴叡,隶,目,171,4,3747,31851
final_images/145616.png,赵孟𫖯,隶,目,801,4,3747,31851
final_images/145618.png,王澍,隶,目,589,4,3747,31851
final_images/145630.png,柳公权,楷,盱,461,0,3748,3748
final_images/145678.png,欧阳询,楷,直,479,0,3750,3750
final_images/145679.png,褚遂良,楷,直,760,0,3750,3750
final_images/145680.png,颜真卿,楷,直,956,0,3750,3750
final_images/145686.png,智永,楷,直,377,0,3750,3750
final_images/145760.png,吴叡,隶,直,171,4,3750,31854
final_images/145771.png,金农,隶,直,855,4,3750,31854
final_images/145773.png,陈鸿寿,隶,直,920,4,3750,31854
final_images/145792.png,柳公权,楷,相,461,0,3751,3751
final_images/145793.png,欧阳询,楷,相,479,0,3751,3751
final_images/145794.png,褚遂良,楷,相,760,0,3751,3751
final_images/145795.png,颜真卿,楷,相,956,0,3751,3751
final_images/145801.png,智永,楷,相,377,0,3751,3751
final_images/145914.png,吴叡,隶,相,171,4,3751,31855
final_images/145915.png,赵孟𫖯,隶,相,801,4,3751,31855
final_images/145916.png,赵孟𫖯,隶,相,801,4,3751,31855
final_images/145941.png,邓石如,隶,相,828,4,3751,31855
final_images/145943.png,金农,隶,相,855,4,3751,31855
final_images/146009.png,柳公权,楷,眀,461,0,3755,3755
final_images/146010.png,欧阳询,楷,眀,479,0,3755,3755
final_images/146014.png,智永,楷,眀,377,0,3755,3755
final_images/146045.png,陈鸿寿,隶,眀,920,4,3755,31859
final_images/146066.png,颜真卿,楷,省,956,0,3756,3756
final_images/146157.png,赵孟𫖯,隶,省,801,4,3756,31860
final_images/146159.png,金农,隶,省,855,4,3756,31860
final_images/146160.png,金农,隶,省,855,4,3756,31860
final_images/146161.png,陈鸿寿,隶,省,920,4,3756,31860
final_images/146344.png,邓石如,隶,看,828,4,3761,31865
final_images/146524.png,赵孟𫖯,楷,眞,801,0,3767,3767
final_images/146527.png,柳公权,楷,眞,461,0,3767,3767
final_images/146582.png,赵孟𫖯,隶,眞,801,4,3767,31871
final_images/146591.png,王澍,隶,眞,589,4,3767,31871
final_images/146616.png,赵孟𫖯,楷,真,801,0,3768,3768
final_images/146621.png,颜真卿,楷,真,956,0,3768,3768
final_images/146626.png,智永,楷,真,377,0,3768,3768
final_images/146686.png,赵孟𫖯,隶,真,801,4,3768,31872
final_images/146693.png,金农,隶,真,855,4,3768,31872
final_images/146712.png,赵孟𫖯,楷,眠,801,0,3769,3769
final_images/146717.png,智永,楷,眠,377,0,3769,3769
final_images/146738.png,赵孟𫖯,隶,眠,801,4,3769,31873
final_images/146913.png,赵孟𫖯,楷,眺,801,0,3780,3780
final_images/146914.png,智永,楷,眺,377,0,3780,3780
final_images/146932.png,金农,隶,眺,855,4,3780,31884
final_images/146985.png,赵孟𫖯,楷,眾,801,0,3782,3782
final_images/146991.png,褚遂良,楷,眾,760,0,3782,3782
final_images/147084.png,吴叡,隶,眾,171,4,3782,31886
final_images/147090.png,陈鸿寿,隶,眾,920,4,3782,31886
final_images/147199.png,金农,隶,睡,855,4,3787,31891
final_images/147212.png,欧阳询,楷,睢,479,0,3788,3788
final_images/147254.png,柳公权,楷,督,461,0,3789,3789
final_images/147299.png,颜真卿,楷,睦,956,0,3790,3790
final_images/147300.png,颜真卿,楷,睦,956,0,3790,3790
final_images/147304.png,智永,楷,睦,377,0,3790,3790
final_images/147339.png,颜真卿,楷,睨,956,0,3791,3791
final_images/147390.png,赵孟𫖯,楷,睫,801,0,3793,3793
final_images/147446.png,智永,楷,睾,377,0,3796,3796
final_images/147456.png,褚遂良,楷,睿,760,0,3797,3797
final_images/147457.png,褚遂良,楷,睿,760,0,3797,3797
final_images/147458.png,颜真卿,楷,睿,956,0,3797,3797
final_images/147520.png,王澍,隶,瞑,589,4,3800,31904
final_images/147663.png,赵孟𫖯,楷,瞻,801,0,3811,3811
final_images/147666.png,褚遂良,楷,瞻,760,0,3811,3811
final_images/147667.png,颜真卿,楷,瞻,956,0,3811,3811
final_images/147674.png,智永,楷,瞻,377,0,3811,3811
final_images/147716.png,吴叡,隶,瞻,171,4,3811,31915
final_images/147717.png,赵孟𫖯,隶,瞻,801,4,3811,31915
final_images/147869.png,赵孟𫖯,楷,矜,801,0,3818,3818
final_images/147875.png,智永,楷,矜,377,0,3818,3818
final_images/147903.png,王澍,隶,矜,589,4,3818,31922
final_images/147929.png,赵孟𫖯,楷,矢,801,0,3820,3820
final_images/148002.png,赵孟𫖯,隶,矢,801,4,3820,31924
final_images/148151.png,邓石如,隶,矣,828,4,3821,31925
final_images/148187.png,赵孟𫖯,楷,知,801,0,3823,3823
final_images/148189.png,柳公权,楷,知,461,0,3823,3823
final_images/148190.png,褚遂良,楷,知,760,0,3823,3823
final_images/148191.png,褚遂良,楷,知,760,0,3823,3823
final_images/148192.png,褚遂良,楷,知,760,0,3823,3823
final_images/148193.png,颜真卿,楷,知,956,0,3823,3823
final_images/148197.png,智永,楷,知,377,0,3823,3823
final_images/148277.png,吴叡,隶,知,171,4,3823,31927
final_images/148278.png,赵孟𫖯,隶,知,801,4,3823,31927
final_images/148294.png,王澍,隶,知,589,4,3823,31927
final_images/148295.png,邓石如,隶,知,828,4,3823,31927
final_images/148297.png,陈鸿寿,隶,知,920,4,3823,31927
final_images/148298.png,陈鸿寿,隶,知,920,4,3823,31927
final_images/148318.png,赵孟𫖯,楷,矩,801,0,3825,3825
final_images/148320.png,欧阳询,楷,矩,479,0,3825,3825
final_images/148340.png,王澍,隶,矩,589,4,3825,31929
final_images/148366.png,赵孟𫖯,楷,短,801,0,3826,3826
final_images/148368.png,智永,楷,短,377,0,3826,3826
final_images/148404.png,赵孟𫖯,隶,短,801,4,3826,31930
final_images/148406.png,王澍,隶,短,589,4,3826,31930
final_images/148418.png,赵孟𫖯,楷,矯,801,0,3827,3827
final_images/148420.png,颜真卿,楷,矯,956,0,3827,3827
final_images/148436.png,吴叡,隶,矯,171,4,3827,31931
final_images/148437.png,赵孟𫖯,隶,矯,801,4,3827,31931
final_images/148439.png,王澍,隶,矯,589,4,3827,31931
final_images/148455.png,吴叡,隶,矱,171,4,3829,31933
final_images/148476.png,欧阳询,楷,石,479,0,3830,3830
final_images/148477.png,褚遂良,楷,石,760,0,3830,3830
final_images/148593.png,吴叡,隶,石,171,4,3830,31934
final_images/148594.png,赵孟𫖯,隶,石,801,4,3830,31934
final_images/148613.png,王澍,隶,石,589,4,3830,31934
final_images/148618.png,邓石如,隶,石,828,4,3830,31934
final_images/148620.png,金农,隶,石,855,4,3830,31934
final_images/148663.png,欧阳询,楷,砌,479,0,3834,3834
final_images/148664.png,颜真卿,楷,砌,956,0,3834,3834
final_images/148701.png,智永,楷,研,377,0,3836,3836
final_images/148745.png,欧阳询,楷,砥,479,0,3837,3837
final_images/148794.png,柳公权,楷,破,461,0,3841,3841
final_images/148795.png,颜真卿,楷,破,956,0,3841,3841
final_images/148830.png,邓石如,隶,破,828,4,3841,31945
final_images/148839.png,智永,楷,硏,377,0,3842,3842
final_images/148864.png,柳公权,楷,硩,461,0,3844,3844
final_images/148949.png,赵孟𫖯,楷,碑,801,0,3849,3849
final_images/148950.png,柳公权,楷,碑,461,0,3849,3849
final_images/148951.png,欧阳询,楷,碑,479,0,3849,3849
final_images/148953.png,褚遂良,楷,碑,760,0,3849,3849
final_images/148957.png,智永,楷,碑,377,0,3849,3849
final_images/148982.png,赵孟𫖯,隶,碑,801,4,3849,31953
final_images/148990.png,王澍,隶,碑,589,4,3849,31953
final_images/148993.png,金农,隶,碑,855,4,3849,31953
final_images/149039.png,赵孟𫖯,楷,碣,801,0,3852,3852
final_images/149040.png,欧阳询,楷,碣,479,0,3852,3852
final_images/149041.png,褚遂良,楷,碣,760,0,3852,3852
final_images/149063.png,赵孟𫖯,隶,碣,801,4,3852,31956
final_images/149121.png,邓石如,隶,碧,828,4,3853,31957
final_images/149124.png,金农,隶,碧,855,4,3853,31957
final_images/149130.png,颜真卿,楷,碩,956,0,3854,3854
final_images/149234.png,欧阳询,楷,磐,479,0,3863,3863
final_images/149237.png,智永,楷,磐,377,0,3863,3863
final_images/149249.png,颜真卿,楷,磔,956,0,3864,3864
final_images/149296.png,赵孟𫖯,楷,磨,801,0,3867,3867
final_images/149299.png,颜真卿,楷,磨,956,0,3867,3867
final_images/149300.png,智永,楷,磨,377,0,3867,3867
final_images/149330.png,赵孟𫖯,隶,磨,801,4,3867,31971
final_images/149354.png,褚遂良,楷,磬,760,0,3868,3868
final_images/149395.png,邓石如,隶,磴,828,4,3869,31973
final_images/149426.png,智永,楷,磻,377,0,3871,3871
final_images/149436.png,赵孟𫖯,隶,磻,801,4,3871,31975
final_images/149478.png,欧阳询,楷,礫,479,0,3877,3877
final_images/149518.png,颜真卿,楷,示,956,0,3879,3879
final_images/149582.png,陈鸿寿,隶,示,920,4,3879,31983
final_images/149590.png,颜真卿,楷,礻,956,0,3880,3880
final_images/149655.png,陈鸿寿,隶,礻,920,4,3880,31984
final_images/149666.png,柳公权,楷,礼,461,0,3881,3881
final_images/149703.png,颜真卿,楷,社,956,0,3882,3882
final_images/149760.png,赵孟𫖯,楷,祀,801,0,3884,3884
final_images/149764.png,颜真卿,楷,祀,956,0,3884,3884
final_images/149767.png,智永,楷,祀,377,0,3884,3884
final_images/149853.png,赵孟𫖯,隶,祀,801,4,3884,31988
final_images/149862.png,王澍,隶,祀,589,4,3884,31988
final_images/149863.png,金农,隶,祀,855,4,3884,31988
final_images/149904.png,金农,隶,祁,855,4,3885,31989
final_images/149911.png,颜真卿,楷,祇,956,0,3886,3886
final_images/149915.png,吴叡,隶,祇,171,4,3886,31990
final_images/149916.png,赵孟𫖯,隶,祇,801,4,3886,31990
final_images/149962.png,金农,隶,祈,855,4,3887,31991
final_images/149977.png,褚遂良,楷,祉,760,0,3888,3888
final_images/150039.png,邓石如,隶,祐,828,4,3890,31994
final_images/150040.png,金农,隶,祐,855,4,3890,31994
final_images/150041.png,陈鸿寿,隶,祐,920,4,3890,31994
final_images/150053.png,柳公权,楷,祔,461,0,3892,3892
final_images/150063.png,柳公权,楷,祕,461,0,3893,3893
final_images/150064.png,颜真卿,楷,祕,956,0,3893,3893
final_images/150087.png,赵孟𫖯,楷,祖,801,0,3894,3894
final_images/150093.png,欧阳询,楷,祖,479,0,3894,3894
final_images/150094.png,褚遂良,楷,祖,760,0,3894,3894
final_images/150095.png,褚遂良,楷,祖,760,0,3894,3894
final_images/150143.png,陈鸿寿,隶,祖,920,4,3894,31998
final_images/150164.png,赵孟𫖯,楷,祗,801,0,3895,3895
final_images/150210.png,柳公权,楷,祚,461,0,3896,3896
final_images/150211.png,褚遂良,楷,祚,760,0,3896,3896
final_images/150233.png,智永,楷,祜,377,0,3897,3897
final_images/150261.png,赵孟𫖯,隶,祜,801,4,3897,32001
final_images/150262.png,王澍,隶,祜,589,4,3897,32001
final_images/150279.png,赵孟𫖯,楷,祝,801,0,3898,3898
final_images/150342.png,柳公权,楷,神,461,0,3899,3899
final_images/150344.png,褚遂良,楷,神,760,0,3899,3899
final_images/150433.png,吴叡,隶,神,171,4,3899,32003
final_images/150434.png,赵孟𫖯,隶,神,801,4,3899,32003
final_images/150448.png,王澍,隶,神,589,4,3899,32003
final_images/150528.png,金农,隶,祠,855,4,3901,32005
final_images/150549.png,柳公权,楷,祥,461,0,3902,3902
final_images/150550.png,欧阳询,楷,祥,479,0,3902,3902
final_images/150551.png,褚遂良,楷,祥,760,0,3902,3902
final_images/150584.png,颜真卿,楷,祧,956,0,3903,3903
final_images/150626.png,赵孟𫖯,楷,祭,801,0,3906,3906
final_images/150631.png,智永,楷,祭,377,0,3906,3906
final_images/150673.png,赵孟𫖯,隶,祭,801,4,3906,32010
final_images/150679.png,王澍,隶,祭,589,4,3906,32010
final_images/150763.png,赵孟𫖯,楷,祿,801,0,3913,3913
final_images/150766.png,欧阳询,楷,祿,479,0,3913,3913
final_images/150767.png,颜真卿,楷,祿,956,0,3913,3913
final_images/150768.png,智永,楷,祿,377,0,3913,3913
final_images/150789.png,赵孟𫖯,隶,祿,801,4,3913,32017
final_images/150796.png,王澍,隶,祿,589,4,3913,32017
final_images/150798.png,金农,隶,祿,855,4,3913,32017
final_images/150837.png,柳公权,楷,禁,461,0,3915,3915
final_images/150896.png,赵孟𫖯,楷,禄,801,0,3916,3916
final_images/150899.png,智永,楷,禄,377,0,3916,3916
final_images/150927.png,赵孟𫖯,隶,禄,801,4,3916,32020
final_images/150936.png,金农,隶,禄,855,4,3916,32020
final_images/150962.png,陈鸿寿,隶,禊,920,4,3918,32022
final_images/150976.png,欧阳询,楷,禍,479,0,3920,3920
final_images/150978.png,褚遂良,楷,禍,760,0,3920,3920
final_images/150979.png,颜真卿,楷,禍,956,0,3920,3920
final_images/150982.png,智永,楷,禍,377,0,3920,3920
final_images/151001.png,赵孟𫖯,隶,禍,801,4,3920,32024
final_images/151003.png,王澍,隶,禍,589,4,3920,32024
final_images/151004.png,金农,隶,禍,855,4,3920,32024
final_images/151021.png,欧阳询,楷,福,479,0,3922,3922
final_images/151022.png,颜真卿,楷,福,956,0,3922,3922
final_images/151025.png,智永,楷,福,377,0,3922,3922
final_images/151102.png,邓石如,隶,福,828,4,3922,32026
final_images/151103.png,邓石如,隶,福,828,4,3922,32026
final_images/151104.png,金农,隶,福,855,4,3922,32026
final_images/151140.png,颜真卿,楷,禝,956,0,3927,3927
final_images/151215.png,智永,楷,禪,377,0,3933,3933
final_images/151241.png,邓石如,隶,禪,828,4,3933,32037
final_images/151248.png,颜真卿,楷,禮,956,0,3934,3934
final_images/151286.png,吴叡,隶,禮,171,4,3934,32038
final_images/151301.png,邓石如,隶,禮,828,4,3934,32038
final_images/151310.png,颜真卿,楷,禱,956,0,3935,3935
final_images/151321.png,金农,隶,禱,855,4,3935,32039
final_images/151373.png,赵孟𫖯,楷,禹,801,0,3938,3938
final_images/151375.png,褚遂良,楷,禹,760,0,3938,3938
final_images/151381.png,智永,楷,禹,377,0,3938,3938
final_images/151435.png,王澍,隶,禹,589,4,3938,32042
final_images/151521.png,赵孟𫖯,楷,禽,801,0,3942,3942
final_images/151522.png,欧阳询,楷,禽,479,0,3942,3942
final_images/151566.png,赵孟𫖯,隶,禽,801,4,3942,32046
final_images/151570.png,陈鸿寿,隶,禽,920,4,3942,32046
final_images/151691.png,赵孟𫖯,楷,秀,801,0,3945,3945
final_images/151698.png,颜真卿,楷,秀,956,0,3945,3945
final_images/151699.png,赵孟𫖯,楷,秀,801,0,3945,3945
final_images/151828.png,吴叡,隶,私,171,4,3946,32050
final_images/151884.png,赵孟𫖯,楷,秉,801,0,3950,3950
final_images/151886.png,颜真卿,楷,秉,956,0,3950,3950
final_images/151891.png,智永,楷,秉,377,0,3950,3950
final_images/151958.png,赵孟𫖯,隶,秉,801,4,3950,32054
final_images/151966.png,王澍,隶,秉,589,4,3950,32054
final_images/151982.png,褚遂良,楷,秋,760,0,3951,3951
final_images/151983.png,颜真卿,楷,秋,956,0,3951,3951
final_images/152108.png,王澍,隶,秋,589,4,3951,32055
final_images/152110.png,金农,隶,秋,855,4,3951,32055
final_images/152120.png,吴叡,隶,秌,171,4,3952,32056
final_images/152272.png,赵孟𫖯,楷,秦,801,0,3959,3959
final_images/152275.png,柳公权,楷,秦,461,0,3959,3959
final_images/152277.png,褚遂良,楷,秦,760,0,3959,3959
final_images/152350.png,赵孟𫖯,隶,秦,801,4,3959,32063
final_images/152389.png,柳公权,楷,秩,461,0,3960,3960
final_images/152430.png,王澍,隶,秪,589,4,3961,32065
final_images/152499.png,赵孟𫖯,楷,移,801,0,3966,3966
final_images/152501.png,褚遂良,楷,移,760,0,3966,3966
final_images/152502.png,颜真卿,楷,移,956,0,3966,3966
final_images/152503.png,颜真卿,楷,移,956,0,3966,3966
final_images/152508.png,智永,楷,移,377,0,3966,3966
final_images/152553.png,赵孟𫖯,隶,移,801,4,3966,32070
final_images/152591.png,赵孟𫖯,楷,稅,801,0,3968,3968
final_images/152611.png,赵孟𫖯,隶,稅,801,4,3968,32072
final_images/152633.png,颜真卿,楷,程,956,0,3969,3969
final_images/152743.png,赵孟𫖯,楷,税,801,0,3971,3971
final_images/152745.png,智永,楷,税,377,0,3971,3971
final_images/152769.png,赵孟𫖯,隶,税,801,4,3971,32075
final_images/152777.png,赵孟𫖯,楷,稔,801,0,3972,3972
final_images/152818.png,赵孟𫖯,楷,稚,801,0,3973,3973
final_images/152886.png,赵孟𫖯,楷,稠,801,0,3976,3976
final_images/152931.png,邓石如,隶,種,828,4,3977,32081
final_images/152932.png,金农,隶,種,855,4,3977,32081
final_images/152953.png,褚遂良,楷,稱,760,0,3979,3979
final_images/152954.png,颜真卿,楷,稱,956,0,3979,3979
final_images/152956.png,智永,楷,稱,377,0,3979,3979
final_images/152998.png,赵孟𫖯,隶,稱,801,4,3979,32083
final_images/153006.png,王澍,隶,稱,589,4,3979,32083
final_images/153007.png,金农,隶,稱,855,4,3979,32083
final_images/153028.png,赵孟𫖯,楷,稷,801,0,3980,3980
final_images/153032.png,智永,楷,稷,377,0,3980,3980
final_images/153061.png,赵孟𫖯,隶,稷,801,4,3980,32084
final_images/153065.png,王澍,隶,稷,589,4,3980,32084
final_images/153129.png,智永,楷,稼,377,0,3982,3982
final_images/153160.png,赵孟𫖯,隶,稼,801,4,3982,32086
final_images/153162.png,王澍,隶,稼,589,4,3982,32086
final_images/153185.png,赵孟𫖯,楷,稽,801,0,3983,3983
final_images/153187.png,褚遂良,楷,稽,760,0,3983,3983
final_images/153188.png,褚遂良,楷,稽,760,0,3983,3983
final_images/153189.png,颜真卿,楷,稽,956,0,3983,3983
final_images/153194.png,智永,楷,稽,377,0,3983,3983
final_images/153244.png,金农,隶,稽,855,4,3983,32087
final_images/153264.png,赵孟𫖯,隶,稾,801,4,3984,32088
final_images/153297.png,陈鸿寿,隶,穀,920,4,3985,32089
final_images/153309.png,褚遂良,楷,穆,760,0,3986,3986
final_images/153310.png,颜真卿,楷,穆,956,0,3986,3986
final_images/153389.png,赵孟𫖯,楷,積,801,0,3987,3987
final_images/153393.png,欧阳询,楷,積,479,0,3987,3987
final_images/153394.png,褚遂良,楷,積,760,0,3987,3987
final_images/153433.png,赵孟𫖯,隶,積,801,4,3987,32091
final_images/153438.png,金农,隶,積,855,4,3987,32091
final_images/153445.png,颜真卿,楷,穎,956,0,3988,3988
final_images/153458.png,邓石如,隶,穎,828,4,3988,32092
final_images/153504.png,赵孟𫖯,楷,穠,801,0,3991,3991
final_images/153510.png,赵孟𫖯,楷,穡,801,0,3992,3992
final_images/153512.png,智永,楷,穡,377,0,3992,3992
final_images/153524.png,赵孟𫖯,隶,穡,801,4,3992,32096
final_images/153525.png,王澍,隶,穡,589,4,3992,32096
final_images/153529.png,赵孟𫖯,楷,穢,801,0,3993,3993
final_images/153533.png,欧阳询,楷,穢,479,0,3993,3993
final_images/153535.png,颜真卿,楷,穢,956,0,3993,3993
final_images/153576.png,赵孟𫖯,楷,穰,801,0,3997,3997
final_images/153696.png,柳公权,楷,穸,461,0,4000,4000
final_images/153751.png,赵孟𫖯,楷,空,801,0,4002,4002
final_images/153754.png,柳公权,楷,空,461,0,4002,4002
final_images/153756.png,褚遂良,楷,空,760,0,4002,4002
final_images/153757.png,颜真卿,楷,空,956,0,4002,4002
final_images/153828.png,赵孟𫖯,隶,空,801,4,4002,32106
final_images/153937.png,赵孟𫖯,楷,突,801,0,4007,4007
final_images/153940.png,柳公权,楷,突,461,0,4007,4007
final_images/153941.png,颜真卿,楷,突,956,0,4007,4007
final_images/154000.png,陈鸿寿,隶,窆,920,4,4010,32114
final_images/154032.png,颜真卿,楷,窌,956,0,4012,4012
final_images/154079.png,邓石如,隶,窓,828,4,4014,32118
final_images/154205.png,邓石如,隶,窟,828,4,4019,32123
final_images/154231.png,柳公权,楷,窮,461,0,4021,4021
final_images/154232.png,欧阳询,楷,窮,479,0,4021,4021
final_images/154234.png,褚遂良,楷,窮,760,0,4021,4021
final_images/154235.png,颜真卿,楷,窮,956,0,4021,4021
final_images/154288.png,褚遂良,楷,窳,760,0,4022,4022
final_images/154303.png,褚遂良,楷,窺,760,0,4024,4024
final_images/154304.png,颜真卿,楷,窺,956,0,4024,4024
final_images/154316.png,金农,隶,窺,855,4,4024,32128
final_images/154325.png,陈鸿寿,隶,竁,920,4,4025,32129
final_images/154343.png,赵孟𫖯,楷,竄,801,0,4026,4026
final_images/154344.png,颜真卿,楷,竄,956,0,4026,4026
final_images/154377.png,赵孟𫖯,楷,竈,801,0,4029,4029
final_images/154392.png,陈鸿寿,隶,竈,920,4,4029,32133
final_images/154397.png,褚遂良,楷,竊,760,0,4030,4030
final_images/154398.png,颜真卿,楷,竊,956,0,4030,4030
final_images/154406.png,陈鸿寿,隶,竊,920,4,4030,32134
final_images/154407.png,陈鸿寿,隶,竊,920,4,4030,32134
final_images/154424.png,赵孟𫖯,楷,立,801,0,4031,4031
final_images/154425.png,欧阳询,楷,立,479,0,4031,4031
final_images/154427.png,褚遂良,楷,立,760,0,4031,4031
final_images/154428.png,褚遂良,楷,立,760,0,4031,4031
final_images/154429.png,褚遂良,楷,立,760,0,4031,4031
final_images/154430.png,颜真卿,楷,立,956,0,4031,4031
final_images/154436.png,智永,楷,立,377,0,4031,4031
final_images/154590.png,吴叡,隶,立,171,4,4031,32135
final_images/154591.png,赵孟𫖯,隶,立,801,4,4031,32135
final_images/154602.png,王澍,隶,立,589,4,4031,32135
final_images/154603.png,金农,隶,立,855,4,4031,32135
final_images/154655.png,王澍,隶,竝,589,4,4032,32136
final_images/154656.png,金农,隶,竝,855,4,4032,32136
final_images/154685.png,柳公权,楷,竟,461,0,4034,4034
final_images/154686.png,颜真卿,楷,竟,956,0,4034,4034
final_images/154688.png,智永,楷,竟,377,0,4034,4034
final_images/154737.png,王澍,隶,竟,589,4,4034,32138
final_images/154738.png,陈鸿寿,隶,竟,920,4,4034,32138
final_images/154752.png,褚遂良,楷,章,760,0,4035,4035
final_images/154864.png,赵孟𫖯,隶,章,801,4,4035,32139
final_images/154994.png,褚遂良,楷,竪,760,0,4038,4038
final_images/155031.png,柳公权,楷,竭,461,0,4040,4040
final_images/155032.png,欧阳询,楷,竭,479,0,4040,4040
final_images/155033.png,褚遂良,楷,竭,760,0,4040,4040
final_images/155034.png,颜真卿,楷,竭,956,0,4040,4040
final_images/155038.png,智永,楷,竭,377,0,4040,4040
final_images/155060.png,赵孟𫖯,隶,竭,801,4,4040,32144
final_images/155089.png,赵孟𫖯,楷,端,801,0,4041,4041
final_images/155090.png,柳公权,楷,端,461,0,4041,4041
final_images/155091.png,褚遂良,楷,端,760,0,4041,4041
final_images/155093.png,智永,楷,端,377,0,4041,4041
final_images/155151.png,赵孟𫖯,楷,競,801,0,4042,4042
final_images/155153.png,智永,楷,競,377,0,4042,4042
final_images/155203.png,赵孟𫖯,隶,競,801,4,4042,32146
final_images/155288.png,金农,隶,竹,855,4,4043,32147
final_images/155290.png,陈鸿寿,隶,竹,920,4,4043,32147
final_images/155425.png,智永,楷,笋,377,0,4050,4050
final_images/155448.png,欧阳询,楷,笏,479,0,4051,4051
final_images/155510.png,赵孟𫖯,隶,笑,801,4,4052,32156
final_images/155535.png,智永,楷,笙,377,0,4053,4053
final_images/155559.png,赵孟𫖯,隶,笙,801,4,4053,32157
final_images/155658.png,柳公权,楷,符,461,0,4058,4058
final_images/155843.png,赵孟𫖯,楷,筆,801,0,4067,4067
final_images/155845.png,颜真卿,楷,筆,956,0,4067,4067
final_images/155847.png,智永,楷,筆,377,0,4067,4067
final_images/155872.png,赵孟𫖯,隶,筆,801,4,4067,32171
final_images/155906.png,智永,楷,等,377,0,4068,4068
final_images/155962.png,赵孟𫖯,隶,等,801,4,4068,32172
final_images/155976.png,王澍,隶,等,589,4,4068,32172
final_images/155977.png,陈鸿寿,隶,等,920,4,4068,32172
final_images/156037.png,褚遂良,楷,筍,760,0,4071,4071
final_images/156055.png,赵孟𫖯,隶,筍,801,4,4071,32175
final_images/156143.png,智永,楷,答,377,0,4075,4075
final_images/156161.png,赵孟𫖯,隶,答,801,4,4075,32179
final_images/156163.png,王澍,隶,答,589,4,4075,32179
final_images/156164.png,金农,隶,答,855,4,4075,32179
final_images/156186.png,欧阳询,楷,策,479,0,4076,4076
final_images/156187.png,褚遂良,楷,策,760,0,4076,4076
final_images/156189.png,颜真卿,楷,策,956,0,4076,4076
final_images/156190.png,颜真卿,楷,策,956,0,4076,4076
final_images/156286.png,赵孟𫖯,楷,筭,801,0,4081,4081
final_images/156298.png,金农,隶,筭,855,4,4081,32185
final_images/156368.png,智永,楷,筵,377,0,4085,4085
final_images/156390.png,赵孟𫖯,隶,筵,801,4,4085,32189
final_images/156545.png,柳公权,楷,管,461,0,4095,4095
final_images/156617.png,欧阳询,楷,箭,479,0,4097,4097
final_images/156663.png,赵孟𫖯,隶,箱,801,4,4099,32203
final_images/156688.png,智永,楷,箴,377,0,4100,4100
final_images/156784.png,智永,楷,節,377,0,4104,4104
final_images/156839.png,赵孟𫖯,隶,節,801,4,4104,32208
final_images/156851.png,王澍,隶,節,589,4,4104,32208
final_images/156852.png,金农,隶,節,855,4,4104,32208
final_images/156888.png,赵孟𫖯,楷,範,801,0,4106,4106
final_images/156933.png,颜真卿,楷,篆,956,0,4108,4108
final_images/156960.png,陈鸿寿,隶,篆,920,4,4108,32212
final_images/157029.png,吴叡,隶,築,171,4,4110,32214
final_images/157031.png,金农,隶,築,855,4,4110,32214
final_images/157035.png,褚遂良,楷,篋,760,0,4111,4111
final_images/157097.png,褚遂良,楷,篤,760,0,4114,4114
final_images/157098.png,褚遂良,楷,篤,760,0,4114,4114
final_images/157099.png,颜真卿,楷,篤,956,0,4114,4114
final_images/157103.png,智永,楷,篤,377,0,4114,4114
final_images/157121.png,赵孟𫖯,隶,篤,801,4,4114,32218
final_images/157159.png,吴叡,隶,篿,171,4,4119,32223
final_images/157280.png,王澍,隶,簡,589,4,4127,32231
final_images/157382.png,邓石如,隶,簾,828,4,4135,32239
final_images/157396.png,颜真卿,楷,簿,956,0,4136,4136
final_images/157431.png,智永,楷,籃,377,0,4138,4138
final_images/157433.png,赵孟𫖯,隶,籃,801,4,4138,32242
final_images/157437.png,赵孟𫖯,楷,籌,801,0,4139,4139
final_images/157439.png,褚遂良,楷,籌,760,0,4139,4139
final_images/157464.png,赵孟𫖯,楷,籍,801,0,4140,4140
final_images/157470.png,智永,楷,籍,377,0,4140,4140
final_images/157524.png,柳公权,楷,籙,461,0,4141,4141
final_images/157525.png,颜真卿,楷,籙,956,0,4141,4141
final_images/157611.png,欧阳询,楷,米,479,0,4148,4148
final_images/157613.png,颜真卿,楷,米,956,0,4148,4148
final_images/157686.png,欧阳询,楷,粉,479,0,4149,4149
final_images/157708.png,柳公权,楷,粒,461,0,4150,4150
final_images/157710.png,颜真卿,楷,粒,956,0,4150,4150
final_images/157745.png,赵孟𫖯,楷,粗,801,0,4152,4152
final_images/157780.png,欧阳询,楷,粟,479,0,4153,4153
final_images/157781.png,褚遂良,楷,粟,760,0,4153,4153
final_images/157861.png,柳公权,楷,粤,461,0,4155,4155
final_images/157862.png,褚遂良,楷,粤,760,0,4155,4155
final_images/157863.png,颜真卿,楷,粤,956,0,4155,4155
final_images/157887.png,赵孟𫖯,楷,粥,801,0,4156,4156
final_images/157911.png,智永,楷,粮,377,0,4158,4158
final_images/158009.png,邓石如,隶,粲,828,4,4160,32264
final_images/158016.png,柳公权,楷,粵,461,0,4161,4161
final_images/158017.png,褚遂良,楷,粵,760,0,4161,4161
final_images/158018.png,颜真卿,楷,粵,956,0,4161,4161
final_images/158043.png,颜真卿,楷,粹,956,0,4162,4162
final_images/158103.png,赵孟𫖯,楷,精,801,0,4164,4164
final_images/158104.png,赵孟𫖯,楷,精,801,0,4164,4164
final_images/158107.png,褚遂良,楷,精,760,0,4164,4164
final_images/158108.png,颜真卿,楷,精,956,0,4164,4164
final_images/158114.png,智永,楷,精,377,0,4164,4164
final_images/158163.png,吴叡,隶,精,171,4,4164,32268
final_images/158164.png,赵孟𫖯,隶,精,801,4,4164,32268
final_images/158180.png,王澍,隶,精,589,4,4164,32268
final_images/158182.png,金农,隶,精,855,4,4164,32268
final_images/158183.png,陈鸿寿,隶,精,920,4,4164,32268
final_images/158194.png,吴叡,隶,糅,171,4,4165,32269
final_images/158201.png,吴叡,隶,糈,171,4,4166,32270
final_images/158273.png,吴叡,隶,糞,171,4,4171,32275
final_images/158294.png,欧阳询,楷,糟,479,0,4172,4172
final_images/158297.png,智永,楷,糟,377,0,4172,4172
final_images/158312.png,赵孟𫖯,隶,糟,801,4,4172,32276
final_images/158313.png,王澍,隶,糟,589,4,4172,32276
final_images/158330.png,赵孟𫖯,楷,糠,801,0,4173,4173
final_images/158331.png,褚遂良,楷,糠,760,0,4173,4173
final_images/158358.png,赵孟𫖯,隶,糧,801,4,4174,32278
final_images/158360.png,王澍,隶,糧,589,4,4174,32278
final_images/158361.png,陈鸿寿,隶,糧,920,4,4174,32278
final_images/158439.png,赵孟𫖯,楷,糾,801,0,4179,4179
final_images/158440.png,褚遂良,楷,糾,760,0,4179,4179
final_images/158457.png,褚遂良,楷,紀,760,0,4180,4180
final_images/158503.png,吴叡,隶,紂,171,4,4181,32285
final_images/158525.png,智永,楷,約,377,0,4183,4183
final_images/158571.png,赵孟𫖯,楷,紅,801,0,4184,4184
final_images/158607.png,颜真卿,楷,紆,956,0,4185,4185
final_images/158615.png,智永,楷,紈,377,0,4186,4186
final_images/158622.png,赵孟𫖯,隶,紈,801,4,4186,32290
final_images/158623.png,王澍,隶,紈,589,4,4186,32290
final_images/158626.png,赵孟𫖯,楷,紉,801,0,4187,4187
final_images/158631.png,吴叡,隶,紉,171,4,4187,32291
final_images/158653.png,智永,楷,納,377,0,4189,4189
final_images/158680.png,赵孟𫖯,隶,納,801,4,4189,32293
final_images/158681.png,王澍,隶,納,589,4,4189,32293
final_images/158715.png,颜真卿,楷,純,956,0,4193,4193
final_images/158760.png,吴叡,隶,純,171,4,4193,32297
final_images/158766.png,邓石如,隶,純,828,4,4193,32297
final_images/158790.png,金农,隶,紗,855,4,4195,32299
final_images/158792.png,赵孟𫖯,楷,紙,801,0,4196,4196
final_images/158794.png,智永,楷,紙,377,0,4196,4196
final_images/158813.png,赵孟𫖯,隶,紙,801,4,4196,32300
final_images/158815.png,王澍,隶,紙,589,4,4196,32300
final_images/158816.png,金农,隶,紙,855,4,4196,32300
final_images/158821.png,颜真卿,楷,級,956,0,4197,4197
final_images/158840.png,柳公权,楷,紛,461,0,4198,4198
final_images/158844.png,智永,楷,紛,377,0,4198,4198
final_images/158878.png,王澍,隶,紛,589,4,4198,32302
final_images/158912.png,赵孟𫖯,楷,素,801,0,4200,4200
final_images/158916.png,柳公权,楷,素,461,0,4200,4200
final_images/158925.png,智永,楷,素,377,0,4200,4200
final_images/158966.png,赵孟𫖯,隶,素,801,4,4200,32304
final_images/158975.png,王澍,隶,素,589,4,4200,32304
final_images/158982.png,智永,楷,紡,377,0,4201,4201
final_images/159005.png,赵孟𫖯,隶,紡,801,4,4201,32305
final_images/159033.png,赵孟𫖯,楷,索,801,0,4202,4202
final_images/159034.png,颜真卿,楷,索,956,0,4202,4202
final_images/159094.png,赵孟𫖯,隶,索,801,4,4202,32306
final_images/159096.png,王澍,隶,索,589,4,4202,32306
final_images/159225.png,颜真卿,楷,紫,956,0,4204,4204
final_images/159229.png,智永,楷,紫,377,0,4204,4204
final_images/159316.png,智永,楷,累,377,0,4206,4206
final_images/159334.png,赵孟𫖯,隶,累,801,4,4206,32310
final_images/159371.png,褚遂良,楷,紳,760,0,4209,4209
final_images/159406.png,赵孟𫖯,楷,紹,801,0,4211,4211
final_images/159425.png,褚遂良,楷,紺,760,0,4212,4212
final_images/159460.png,赵孟𫖯,楷,終,801,0,4215,4215
final_images/159464.png,欧阳询,楷,終,479,0,4215,4215
final_images/159466.png,智永,楷,終,377,0,4215,4215
final_images/159515.png,吴叡,隶,終,171,4,4215,32319
final_images/159516.png,赵孟𫖯,隶,終,801,4,4215,32319
final_images/159528.png,金农,隶,終,855,4,4215,32319
final_images/159529.png,陈鸿寿,隶,終,920,4,4215,32319
final_images/159538.png,智永,楷,絃,377,0,4216,4216
final_images/159595.png,赵孟𫖯,隶,組,801,4,4217,32321
final_images/159620.png,智永,楷,結,377,0,4219,4219
final_images/159660.png,吴叡,隶,結,171,4,4219,32323
final_images/159664.png,邓石如,隶,結,828,4,4219,32323
final_images/159684.png,褚遂良,楷,絕,760,0,4221,4221
final_images/159720.png,吴叡,隶,絕,171,4,4221,32325
final_images/159740.png,智永,楷,絜,377,0,4222,4222
final_images/159751.png,赵孟𫖯,隶,絜,801,4,4222,32326
final_images/159756.png,王澍,隶,絜,589,4,4222,32326
final_images/159798.png,智永,楷,給,377,0,4227,4227
final_images/159820.png,赵孟𫖯,隶,給,801,4,4227,32331
final_images/159825.png,金农,隶,給,855,4,4227,32331
final_images/159893.png,柳公权,楷,統,461,0,4231,4231
final_images/159895.png,褚遂良,楷,統,760,0,4231,4231
final_images/159896.png,褚遂良,楷,統,760,0,4231,4231
final_images/159904.png,吴叡,隶,統,171,4,4231,32335
final_images/159912.png,赵孟𫖯,楷,絲,801,0,4232,4232
final_images/159916.png,智永,楷,絲,377,0,4232,4232
final_images/159980.png,智永,楷,絳,377,0,4233,4233
final_images/159993.png,赵孟𫖯,隶,絳,801,4,4233,32337
final_images/159995.png,王澍,隶,絳,589,4,4233,32337
final_images/160047.png,吴叡,隶,絶,171,4,4234,32338
final_images/160111.png,智永,楷,綏,377,0,4238,4238
final_images/160148.png,赵孟𫖯,隶,綏,801,4,4238,32342
final_images/160154.png,王澍,隶,綏,589,4,4238,32342
final_images/160231.png,赵孟𫖯,隶,經,801,4,4239,32343
final_images/160249.png,邓石如,隶,經,828,4,4239,32343
final_images/160250.png,金农,隶,經,855,4,4239,32343
final_images/160251.png,金农,隶,經,855,4,4239,32343
final_images/160388.png,吴叡,隶,維,171,4,4246,32350
final_images/160394.png,王澍,隶,維,589,4,4246,32350
final_images/160458.png,赵孟𫖯,楷,綴,801,0,4250,4250
final_images/160479.png,智永,楷,綵,377,0,4251,4251
final_images/160487.png,赵孟𫖯,隶,綵,801,4,4251,32355
final_images/160488.png,王澍,隶,綵,589,4,4251,32355
final_images/160502.png,颜真卿,楷,綸,956,0,4253,4253
final_images/160515.png,智永,楷,綺,377,0,4254,4254
final_images/160527.png,赵孟𫖯,隶,綺,801,4,4254,32358
final_images/160560.png,赵孟𫖯,隶,綿,801,4,4256,32360
final_images/160561.png,金农,隶,綿,855,4,4256,32360
final_images/160622.png,赵孟𫖯,楷,緑,801,0,4262,4262
final_images/160657.png,褚遂良,楷,緒,760,0,4263,4263
final_images/160674.png,褚遂良,楷,緖,760,0,4264,4264
final_images/160711.png,褚遂良,楷,緜,760,0,4267,4267
final_images/160712.png,智永,楷,緜,377,0,4267,4267
final_images/160718.png,赵孟𫖯,楷,緝,801,0,4268,4268
final_images/160721.png,颜真卿,楷,緝,956,0,4268,4268
final_images/160722.png,颜真卿,楷,緝,956,0,4268,4268
final_images/160751.png,智永,楷,緣,377,0,4271,4271
final_images/160782.png,赵孟𫖯,隶,緣,801,4,4271,32375
final_images/160801.png,陈鸿寿,隶,編,920,4,4272,32376
final_images/160835.png,褚遂良,楷,緯,760,0,4275,4275
final_images/160850.png,赵孟𫖯,楷,練,801,0,4277,4277
final_images/160860.png,吴叡,隶,練,171,4,4277,32381
final_images/160863.png,陈鸿寿,隶,練,920,4,4277,32381
final_images/160922.png,智永,楷,縁,377,0,4281,4281
final_images/160951.png,赵孟𫖯,隶,縁,801,4,4281,32385
final_images/161100.png,赵孟𫖯,楷,縣,801,0,4293,4293
final_images/161106.png,柳公权,楷,縣,461,0,4293,4293
final_images/161107.png,欧阳询,楷,縣,479,0,4293,4293
final_images/161109.png,颜真卿,楷,縣,956,0,4293,4293
final_images/161114.png,智永,楷,縣,377,0,4293,4293
final_images/161161.png,吴叡,隶,縣,171,4,4293,32397
final_images/161162.png,赵孟𫖯,隶,縣,801,4,4293,32397
final_images/161174.png,王澍,隶,縣,589,4,4293,32397
final_images/161176.png,陈鸿寿,隶,縣,920,4,4293,32397
final_images/161215.png,赵孟𫖯,楷,縱,801,0,4298,4298
final_images/161308.png,赵孟𫖯,楷,縻,801,0,4302,4302
final_images/161318.png,赵孟𫖯,隶,縻,801,4,4302,32406
final_images/161319.png,王澍,隶,縻,589,4,4302,32406
final_images/161326.png,褚遂良,楷,總,760,0,4303,4303
final_images/161327.png,褚遂良,楷,總,760,0,4303,4303
final_images/161329.png,颜真卿,楷,總,956,0,4303,4303
final_images/161345.png,陈鸿寿,隶,總,920,4,4303,32407
final_images/161350.png,颜真卿,楷,績,956,0,4304,4304
final_images/161354.png,智永,楷,績,377,0,4304,4304
final_images/161373.png,吴叡,隶,績,171,4,4304,32408
final_images/161374.png,赵孟𫖯,隶,績,801,4,4304,32408
final_images/161436.png,柳公权,楷,繄,461,0,4306,4306
final_images/161439.png,颜真卿,楷,繄,956,0,4306,4306
final_images/161459.png,赵孟𫖯,楷,繆,801,0,4308,4308
final_images/161490.png,颜真卿,楷,繇,956,0,4309,4309
final_images/161517.png,吴叡,隶,繇,171,4,4309,32413
final_images/161525.png,赵孟𫖯,楷,繋,801,0,4310,4310
final_images/161527.png,褚遂良,楷,繋,760,0,4310,4310
final_images/161629.png,颜真卿,楷,繞,956,0,4318,4318
final_images/161639.png,赵孟𫖯,楷,繡,801,0,4319,4319
final_images/161663.png,赵孟𫖯,楷,繩,801,0,4321,4321
final_images/161665.png,颜真卿,楷,繩,956,0,4321,4321
final_images/161683.png,吴叡,隶,繩,171,4,4321,32425
final_images/161691.png,褚遂良,楷,繪,760,0,4322,4322
final_images/161704.png,赵孟𫖯,楷,繫,801,0,4323,4323
final_images/161706.png,欧阳询,楷,繫,479,0,4323,4323
final_images/161732.png,赵孟𫖯,楷,繰,801,0,4325,4325
final_images/161756.png,颜真卿,楷,繹,956,0,4328,4328
final_images/161774.png,褚遂良,楷,繼,760,0,4329,4329
final_images/161775.png,颜真卿,楷,繼,956,0,4329,4329
final_images/161787.png,吴叡,隶,繼,171,4,4329,32433
final_images/161794.png,邓石如,隶,繼,828,4,4329,32433
final_images/161816.png,褚遂良,楷,纂,760,0,4330,4330
final_images/161828.png,智永,楷,續,377,0,4331,4331
final_images/161852.png,赵孟𫖯,隶,續,801,4,4331,32435
final_images/161875.png,褚遂良,楷,纏,760,0,4333,4333
final_images/161892.png,智永,楷,纓,377,0,4335,4335
final_images/161905.png,赵孟𫖯,隶,纓,801,4,4335,32439
final_images/161915.png,颜真卿,楷,纔,956,0,4336,4336
final_images/161957.png,吴叡,隶,纚,171,4,4340,32444
final_images/162289.png,柳公权,楷,缺,461,0,4370,4370
final_images/162291.png,颜真卿,楷,缺,956,0,4370,4370
final_images/162421.png,赵孟𫖯,楷,罔,801,0,4377,4377
final_images/162423.png,褚遂良,楷,罔,760,0,4377,4377
final_images/162426.png,智永,楷,罔,377,0,4377,4377
final_images/162464.png,颜真卿,楷,罕,956,0,4378,4378
final_images/162624.png,褚遂良,楷,罪,760,0,4389,4389
final_images/162626.png,智永,楷,罪,377,0,4389,4389
final_images/162685.png,王澍,隶,罪,589,4,4389,32493
final_images/162701.png,颜真卿,楷,置,956,0,4390,4390
final_images/162768.png,金农,隶,置,855,4,4390,32494
final_images/162846.png,陈鸿寿,隶,署,920,4,4392,32496
final_images/162870.png,赵孟𫖯,楷,罷,801,0,4394,4394
final_images/162871.png,褚遂良,楷,罷,760,0,4394,4394
final_images/162904.png,颜真卿,楷,罹,956,0,4395,4395
final_images/162925.png,赵孟𫖯,楷,羅,801,0,4397,4397
final_images/162929.png,欧阳询,楷,羅,479,0,4397,4397
final_images/162931.png,褚遂良,楷,羅,760,0,4397,4397
final_images/162932.png,颜真卿,楷,羅,956,0,4397,4397
final_images/162960.png,赵孟𫖯,隶,羅,801,4,4397,32501
final_images/162964.png,王澍,隶,羅,589,4,4397,32501
final_images/162970.png,颜真卿,楷,羆,956,0,4398,4398
final_images/162992.png,吴叡,隶,羈,171,4,4399,32503
final_images/163001.png,赵孟𫖯,楷,羊,801,0,4400,4400
final_images/163003.png,褚遂良,楷,羊,760,0,4400,4400
final_images/163005.png,智永,楷,羊,377,0,4400,4400
final_images/163089.png,赵孟𫖯,隶,羊,801,4,4400,32504
final_images/163111.png,智永,楷,羌,377,0,4401,4401
final_images/163166.png,吴叡,隶,羌,171,4,4401,32505
final_images/163167.png,赵孟𫖯,隶,羌,801,4,4401,32505
final_images/163170.png,王澍,隶,羌,589,4,4401,32505
final_images/163182.png,赵孟𫖯,楷,美,801,0,4402,4402
final_images/163186.png,欧阳询,楷,美,479,0,4402,4402
final_images/163196.png,智永,楷,美,377,0,4402,4402
final_images/163261.png,吴叡,隶,美,171,4,4402,32506
final_images/163273.png,金农,隶,美,855,4,4402,32506
final_images/163274.png,陈鸿寿,隶,美,920,4,4402,32506
final_images/163300.png,智永,楷,羔,377,0,4404,4404
final_images/163379.png,颜真卿,楷,羞,956,0,4406,4406
final_images/163453.png,陈鸿寿,隶,羡,920,4,4407,32511
final_images/163460.png,褚遂良,楷,羣,760,0,4408,4408
final_images/163462.png,智永,楷,羣,377,0,4408,4408
final_images/163532.png,赵孟𫖯,隶,羣,801,4,4408,32512
final_images/163539.png,王澍,隶,羣,589,4,4408,32512
final_images/163549.png,赵孟𫖯,楷,群,801,0,4409,4409
final_images/163552.png,柳公权,楷,群,461,0,4409,4409
final_images/163553.png,欧阳询,楷,群,479,0,4409,4409
final_images/163600.png,赵孟𫖯,楷,義,801,0,4411,4411
final_images/163603.png,欧阳询,楷,義,479,0,4411,4411
final_images/163605.png,褚遂良,楷,義,760,0,4411,4411
final_images/163606.png,颜真卿,楷,義,956,0,4411,4411
final_images/163735.png,吴叡,隶,義,171,4,4411,32515
final_images/163736.png,赵孟𫖯,隶,義,801,4,4411,32515
final_images/163755.png,王澍,隶,義,589,4,4411,32515
final_images/163756.png,邓石如,隶,義,828,4,4411,32515
final_images/163757.png,金农,隶,義,855,4,4411,32515
final_images/163758.png,金农,隶,義,855,4,4411,32515
final_images/163809.png,褚遂良,楷,羲,760,0,4415,4415
final_images/163810.png,褚遂良,楷,羲,760,0,4415,4415
final_images/163811.png,颜真卿,楷,羲,956,0,4415,4415
final_images/163867.png,吴叡,隶,羲,171,4,4415,32519
final_images/163868.png,赵孟𫖯,隶,羲,801,4,4415,32519
final_images/163897.png,赵孟𫖯,楷,羸,801,0,4418,4418
final_images/163975.png,赵孟𫖯,楷,羽,801,0,4420,4420
final_images/163978.png,颜真卿,楷,羽,956,0,4420,4420
final_images/164041.png,吴叡,隶,羽,171,4,4420,32524
final_images/164042.png,赵孟𫖯,隶,羽,801,4,4420,32524
final_images/164091.png,金农,隶,翁,855,4,4421,32525
final_images/164122.png,褚遂良,楷,翊,760,0,4423,4423
final_images/164123.png,颜真卿,楷,翊,956,0,4423,4423
final_images/164183.png,赵孟𫖯,楷,習,801,0,4426,4426
final_images/164185.png,颜真卿,楷,習,956,0,4426,4426
final_images/164190.png,智永,楷,習,377,0,4426,4426
final_images/164255.png,赵孟𫖯,隶,習,801,4,4426,32530
final_images/164259.png,王澍,隶,習,589,4,4426,32530
final_images/164274.png,褚遂良,楷,翔,760,0,4427,4427
final_images/164275.png,颜真卿,楷,翔,956,0,4427,4427
final_images/164279.png,智永,楷,翔,377,0,4427,4427
final_images/164312.png,赵孟𫖯,隶,翔,801,4,4427,32531
final_images/164316.png,王澍,隶,翔,589,4,4427,32531
final_images/164327.png,赵孟𫖯,楷,翕,801,0,4428,4428
final_images/164328.png,颜真卿,楷,翕,956,0,4428,4428
final_images/164369.png,褚遂良,楷,翟,760,0,4430,4430
final_images/164416.png,赵孟𫖯,楷,翠,801,0,4431,4431
final_images/164417.png,柳公权,楷,翠,461,0,4431,4431
final_images/164458.png,赵孟𫖯,隶,翠,801,4,4431,32535
final_images/164461.png,王澍,隶,翠,589,4,4431,32535
final_images/164531.png,赵孟𫖯,隶,翦,801,4,4435,32539
final_images/164580.png,赵孟𫖯,隶,翫,801,4,4438,32542
final_images/164581.png,邓石如,隶,翫,828,4,4438,32542
final_images/164587.png,赵孟𫖯,楷,翮,801,0,4439,4439
final_images/164612.png,赵孟𫖯,楷,翰,801,0,4441,4441
final_images/164614.png,颜真卿,楷,翰,956,0,4441,4441
final_images/164661.png,赵孟𫖯,楷,翳,801,0,4442,4442
final_images/164663.png,褚遂良,楷,翳,760,0,4442,4442
final_images/164685.png,吴叡,隶,翳,171,4,4442,32546
final_images/164686.png,赵孟𫖯,隶,翳,801,4,4442,32546
final_images/164693.png,褚遂良,楷,翹,760,0,4443,4443
final_images/164694.png,颜真卿,楷,翹,956,0,4443,4443
final_images/164711.png,欧阳询,楷,翻,479,0,4444,4444
final_images/164712.png,褚遂良,楷,翻,760,0,4444,4444
final_images/164742.png,褚遂良,楷,翼,760,0,4445,4445
final_images/164838.png,颜真卿,楷,翽,956,0,4446,4446
final_images/164869.png,颜真卿,楷,耀,956,0,4447,4447
final_images/164881.png,王澍,隶,耀,589,4,4447,32551
final_images/164889.png,赵孟𫖯,楷,老,801,0,4448,4448
final_images/164895.png,智永,楷,老,377,0,4448,4448
final_images/165009.png,王澍,隶,老,589,4,4448,32552
final_images/165011.png,邓石如,隶,老,828,4,4448,32552
final_images/165012.png,金农,隶,老,855,4,4448,32552
final_images/165020.png,赵孟𫖯,楷,考,801,0,4449,4449
final_images/165296.png,陈鸿寿,隶,考,920,4,4449,32553
final_images/165315.png,赵孟𫖯,楷,者,801,0,4451,4451
final_images/165318.png,柳公权,楷,者,461,0,4451,4451
final_images/165319.png,欧阳询,楷,者,479,0,4451,4451
final_images/165321.png,褚遂良,楷,者,760,0,4451,4451
final_images/165322.png,褚遂良,楷,者,760,0,4451,4451
final_images/165330.png,智永,楷,者,377,0,4451,4451
final_images/165705.png,赵孟𫖯,隶,者,801,4,4451,32555
final_images/165720.png,王澍,隶,者,589,4,4451,32555
final_images/165721.png,邓石如,隶,者,828,4,4451,32555
final_images/165722.png,金农,隶,者,855,4,4451,32555
final_images/165738.png,褚遂良,楷,耆,760,0,4452,4452
final_images/165790.png,赵孟𫖯,楷,而,801,0,4454,4454
final_images/165794.png,柳公权,楷,而,461,0,4454,4454
final_images/165795.png,欧阳询,楷,而,479,0,4454,4454
final_images/165797.png,褚遂良,楷,而,760,0,4454,4454
final_images/165798.png,颜真卿,楷,而,956,0,4454,4454
final_images/165800.png,智永,楷,而,377,0,4454,4454
final_images/166190.png,吴叡,隶,而,171,4,4454,32558
final_images/166191.png,吴叡,隶,而,171,4,4454,32558
final_images/166192.png,赵孟𫖯,隶,而,801,4,4454,32558
final_images/166208.png,王澍,隶,而,589,4,4454,32558
final_images/166210.png,邓石如,隶,而,828,4,4454,32558
final_images/166211.png,邓石如,隶,而,828,4,4454,32558
final_images/166213.png,金农,隶,而,855,4,4454,32558
final_images/166365.png,赵孟𫖯,楷,耘,801,0,4462,4462
final_images/166419.png,赵孟𫖯,楷,耳,801,0,4466,4466
final_images/166420.png,柳公权,楷,耳,461,0,4466,4466
final_images/166421.png,欧阳询,楷,耳,479,0,4466,4466
final_images/166422.png,颜真卿,楷,耳,956,0,4466,4466
final_images/166510.png,陈鸿寿,隶,耳,920,4,4466,32570
final_images/166563.png,金农,隶,耶,855,4,4468,32572
final_images/166583.png,智永,楷,耻,377,0,4470,4470
final_images/166655.png,柳公权,楷,耿,461,0,4472,4472
final_images/166688.png,吴叡,隶,耿,171,4,4472,32576
final_images/166711.png,赵孟𫖯,楷,聆,801,0,4475,4475
final_images/166714.png,智永,楷,聆,377,0,4475,4475
final_images/166726.png,赵孟𫖯,隶,聆,801,4,4475,32579
final_images/166729.png,王澍,隶,聆,589,4,4475,32579
final_images/166743.png,颜真卿,楷,聊,956,0,4476,4476
final_images/166774.png,吴叡,隶,聊,171,4,4476,32580
final_images/166794.png,褚遂良,楷,聖,760,0,4479,4479
final_images/166795.png,颜真卿,楷,聖,956,0,4479,4479
final_images/166934.png,吴叡,隶,聖,171,4,4479,32583
final_images/166935.png,赵孟𫖯,隶,聖,801,4,4479,32583
final_images/166950.png,王澍,隶,聖,589,4,4479,32583
final_images/166952.png,邓石如,隶,聖,828,4,4479,32583
final_images/167002.png,赵孟𫖯,楷,聚,801,0,4481,4481
final_images/167005.png,智永,楷,聚,377,0,4481,4481
final_images/167056.png,王澍,隶,聚,589,4,4481,32585
final_images/167057.png,陈鸿寿,隶,聚,920,4,4481,32585
final_images/167075.png,赵孟𫖯,楷,聞,801,0,4483,4483
final_images/167076.png,柳公权,楷,聞,461,0,4483,4483
final_images/167077.png,欧阳询,楷,聞,479,0,4483,4483
final_images/167080.png,褚遂良,楷,聞,760,0,4483,4483
final_images/167083.png,智永,楷,聞,377,0,4483,4483
final_images/167137.png,吴叡,隶,聞,171,4,4483,32587
final_images/167138.png,赵孟𫖯,隶,聞,801,4,4483,32587
final_images/167151.png,陈鸿寿,隶,聞,920,4,4483,32587
final_images/167152.png,陈鸿寿,隶,聞,920,4,4483,32587
final_images/167171.png,欧阳询,楷,聰,479,0,4485,4485
final_images/167172.png,颜真卿,楷,聰,956,0,4485,4485
final_images/167182.png,金农,隶,聰,855,4,4485,32589
final_images/167187.png,颜真卿,楷,聲,956,0,4486,4486
final_images/167193.png,智永,楷,聲,377,0,4486,4486
final_images/167241.png,赵孟𫖯,隶,聲,801,4,4486,32590
final_images/167256.png,邓石如,隶,聲,828,4,4486,32590
final_images/167264.png,颜真卿,楷,聳,956,0,4487,4487
final_images/167307.png,赵孟𫖯,楷,職,801,0,4490,4490
final_images/167308.png,欧阳询,楷,職,479,0,4490,4490
final_images/167344.png,赵孟𫖯,隶,職,801,4,4490,32594
final_images/167355.png,赵孟𫖯,楷,聽,801,0,4491,4491
final_images/167358.png,柳公权,楷,聽,461,0,4491,4491
final_images/167406.png,吴叡,隶,聽,171,4,4491,32595
final_images/167407.png,赵孟𫖯,隶,聽,801,4,4491,32595
final_images/167411.png,邓石如,隶,聽,828,4,4491,32595
final_images/167442.png,颜真卿,楷,聿,956,0,4493,4493
final_images/167512.png,欧阳询,楷,肅,479,0,4496,4496
final_images/167513.png,颜真卿,楷,肅,956,0,4496,4496
final_images/167559.png,赵孟𫖯,楷,肆,801,0,4497,4497
final_images/167563.png,智永,楷,肆,377,0,4497,4497
final_images/167593.png,赵孟𫖯,隶,肆,801,4,4497,32601
final_images/167597.png,王澍,隶,肆,589,4,4497,32601
final_images/167606.png,颜真卿,楷,肇,956,0,4498,4498
final_images/167678.png,吴叡,隶,肇,171,4,4498,32602
final_images/167766.png,欧阳询,楷,肌,479,0,4501,4501
final_images/167948.png,赵孟𫖯,楷,肥,801,0,4509,4509
final_images/167996.png,王澍,隶,肥,589,4,4509,32613
final_images/168019.png,赵孟𫖯,楷,肩,801,0,4510,4510
final_images/168139.png,金农,隶,肰,855,4,4513,32617
final_images/168140.png,陈鸿寿,隶,肰,920,4,4513,32617
final_images/168166.png,赵孟𫖯,楷,育,801,0,4515,4515
final_images/168198.png,赵孟𫖯,隶,育,801,4,4515,32619
final_images/168203.png,王澍,隶,育,589,4,4515,32619
final_images/168204.png,邓石如,隶,育,828,4,4515,32619
final_images/168205.png,陈鸿寿,隶,育,920,4,4515,32619
final_images/168427.png,赵孟𫖯,楷,背,801,0,4522,4522
final_images/168428.png,颜真卿,楷,背,956,0,4522,4522
final_images/168456.png,王澍,隶,背,589,4,4522,32626
final_images/168457.png,邓石如,隶,背,828,4,4522,32626
final_images/168472.png,褚遂良,楷,胎,760,0,4523,4523
final_images/168502.png,欧阳询,楷,胙,479,0,4526,4526
final_images/168539.png,邓石如,隶,胞,828,4,4528,32632
final_images/168563.png,颜真卿,楷,胡,956,0,4529,4529
final_images/168613.png,颜真卿,楷,胤,956,0,4530,4530
final_images/168652.png,颜真卿,楷,胥,956,0,4531,4531
final_images/168653.png,颜真卿,楷,胥,956,0,4531,4531
final_images/168704.png,柳公权,楷,胷,461,0,4534,4534
final_images/168749.png,赵孟𫖯,楷,能,801,0,4536,4536
final_images/168755.png,柳公权,楷,能,461,0,4536,4536
final_images/168756.png,欧阳询,楷,能,479,0,4536,4536
final_images/168758.png,褚遂良,楷,能,760,0,4536,4536
final_images/168759.png,褚遂良,楷,能,760,0,4536,4536
final_images/168760.png,褚遂良,楷,能,760,0,4536,4536
final_images/168761.png,颜真卿,楷,能,956,0,4536,4536
final_images/168931.png,吴叡,隶,能,171,4,4536,32640
final_images/168932.png,赵孟𫖯,隶,能,801,4,4536,32640
final_images/168947.png,王澍,隶,能,589,4,4536,32640
final_images/168950.png,金农,隶,能,855,4,4536,32640
final_images/168951.png,陈鸿寿,隶,能,920,4,4536,32640
final_images/168998.png,柳公权,楷,脅,461,0,4539,4539
final_images/168999.png,颜真卿,楷,脅,956,0,4539,4539
final_images/169112.png,颜真卿,楷,脣,956,0,4546,4546
final_images/169127.png,赵孟𫖯,楷,脩,801,0,4547,4547
final_images/169130.png,柳公权,楷,脩,461,0,4547,4547
final_images/169132.png,褚遂良,楷,脩,760,0,4547,4547
final_images/169137.png,智永,楷,脩,377,0,4547,4547
final_images/169177.png,赵孟𫖯,隶,脩,801,4,4547,32651
final_images/169190.png,陈鸿寿,隶,脩,920,4,4547,32651
final_images/169198.png,赵孟𫖯,楷,脫,801,0,4548,4548
final_images/169221.png,颜真卿,楷,脯,956,0,4549,4549
final_images/169273.png,赵孟𫖯,楷,脱,801,0,4551,4551
final_images/169275.png,颜真卿,楷,脱,956,0,4551,4551
final_images/169330.png,欧阳询,楷,腊,479,0,4553,4553
final_images/169485.png,赵孟𫖯,楷,腸,801,0,4567,4567
final_images/169512.png,赵孟𫖯,隶,腸,801,4,4567,32671
final_images/169663.png,赵孟𫖯,楷,膚,801,0,4573,4573
final_images/169760.png,赵孟𫖯,楷,膳,801,0,4578,4578
final_images/169793.png,赵孟𫖯,隶,膳,801,4,4578,32682
final_images/169794.png,王澍,隶,膳,589,4,4578,32682
final_images/169817.png,欧阳询,楷,膺,479,0,4579,4579
final_images/169820.png,颜真卿,楷,膺,956,0,4579,4579
final_images/169952.png,邓石如,隶,臂,828,4,4582,32686
final_images/169972.png,柳公权,楷,臘,461,0,4584,4584
final_images/169973.png,颜真卿,楷,臘,956,0,4584,4584
final_images/170015.png,赵孟𫖯,楷,臣,801,0,4587,4587
final_images/170020.png,褚遂良,楷,臣,760,0,4587,4587
final_images/170021.png,褚遂良,楷,臣,760,0,4587,4587
final_images/170022.png,颜真卿,楷,臣,956,0,4587,4587
final_images/170026.png,智永,楷,臣,377,0,4587,4587
final_images/170212.png,赵孟𫖯,隶,臣,801,4,4587,32691
final_images/170226.png,王澍,隶,臣,589,4,4587,32691
final_images/170280.png,金农,隶,臤,855,4,4588,32692
final_images/170293.png,赵孟𫖯,楷,臧,801,0,4589,4589
final_images/170297.png,颜真卿,楷,臧,956,0,4589,4589
final_images/170349.png,金农,隶,臧,855,4,4589,32693
final_images/170356.png,赵孟𫖯,楷,臨,801,0,4590,4590
final_images/170358.png,欧阳询,楷,臨,479,0,4590,4590
final_images/170361.png,颜真卿,楷,臨,956,0,4590,4590
final_images/170365.png,智永,楷,臨,377,0,4590,4590
final_images/170424.png,吴叡,隶,臨,171,4,4590,32694
final_images/170460.png,赵孟𫖯,楷,自,801,0,4592,4592
final_images/170465.png,柳公权,楷,自,461,0,4592,4592
final_images/170466.png,欧阳询,楷,自,479,0,4592,4592
final_images/170468.png,褚遂良,楷,自,760,0,4592,4592
final_images/170469.png,颜真卿,楷,自,956,0,4592,4592
final_images/170708.png,吴叡,隶,自,171,4,4592,32696
final_images/170726.png,金农,隶,自,855,4,4592,32696
final_images/170744.png,赵孟𫖯,楷,臭,801,0,4594,4594
final_images/170796.png,欧阳询,楷,至,479,0,4597,4597
final_images/170798.png,褚遂良,楷,至,760,0,4597,4597
final_images/170799.png,褚遂良,楷,至,760,0,4597,4597
final_images/171010.png,吴叡,隶,至,171,4,4597,32701
final_images/171027.png,金农,隶,至,855,4,4597,32701
final_images/171028.png,金农,隶,至,855,4,4597,32701
final_images/171030.png,陈鸿寿,隶,至,920,4,4597,32701
final_images/171051.png,柳公权,楷,致,461,0,4598,4598
final_images/171052.png,颜真卿,楷,致,956,0,4598,4598
final_images/171055.png,智永,楷,致,377,0,4598,4598
final_images/171106.png,赵孟𫖯,隶,致,801,4,4598,32702
final_images/171114.png,王澍,隶,致,589,4,4598,32702
final_images/171132.png,颜真卿,楷,臺,956,0,4600,4600
final_images/171169.png,吴叡,隶,臺,171,4,4600,32704
final_images/171180.png,欧阳询,楷,臻,479,0,4601,4601
final_images/171181.png,褚遂良,楷,臻,760,0,4601,4601
final_images/171182.png,颜真卿,楷,臻,956,0,4601,4601
final_images/171265.png,赵孟𫖯,楷,臾,801,0,4604,4604
final_images/171267.png,颜真卿,楷,臾,956,0,4604,4604
final_images/171380.png,颜真卿,楷,舄,956,0,4609,4609
final_images/171434.png,柳公权,楷,與,461,0,4611,4611
final_images/171435.png,欧阳询,楷,與,479,0,4611,4611
final_images/171436.png,褚遂良,楷,與,760,0,4611,4611
final_images/171607.png,金农,隶,與,855,4,4611,32715
final_images/171608.png,陈鸿寿,隶,與,920,4,4611,32715
final_images/171618.png,褚遂良,楷,興,760,0,4612,4612
final_images/171619.png,颜真卿,楷,興,956,0,4612,4612
final_images/171703.png,赵孟𫖯,隶,興,801,4,4612,32716
final_images/171722.png,赵孟𫖯,楷,舉,801,0,4613,4613
final_images/171727.png,褚遂良,楷,舉,760,0,4613,4613
final_images/171728.png,颜真卿,楷,舉,956,0,4613,4613
final_images/171735.png,智永,楷,舉,377,0,4613,4613
final_images/171780.png,吴叡,隶,舉,171,4,4613,32717
final_images/171781.png,赵孟𫖯,隶,舉,801,4,4613,32717
final_images/171795.png,王澍,隶,舉,589,4,4613,32717
final_images/171796.png,陈鸿寿,隶,舉,920,4,4613,32717
final_images/171797.png,陈鸿寿,隶,舉,920,4,4613,32717
final_images/171802.png,欧阳询,楷,舊,479,0,4614,4614
final_images/171804.png,褚遂良,楷,舊,760,0,4614,4614
final_images/171805.png,颜真卿,楷,舊,956,0,4614,4614
final_images/171864.png,吴叡,隶,舊,171,4,4614,32718
final_images/171865.png,赵孟𫖯,隶,舊,801,4,4614,32718
final_images/171874.png,邓石如,隶,舊,828,4,4614,32718
final_images/171875.png,陈鸿寿,隶,舊,920,4,4614,32718
final_images/171876.png,陈鸿寿,隶,舊,920,4,4614,32718
final_images/171963.png,赵孟𫖯,楷,舍,801,0,4617,4617
final_images/171966.png,颜真卿,楷,舍,956,0,4617,4617
final_images/172046.png,吴叡,隶,舍,171,4,4617,32721
final_images/172047.png,赵孟𫖯,隶,舍,801,4,4617,32721
final_images/172054.png,王澍,隶,舍,589,4,4617,32721
final_images/172067.png,赵孟𫖯,楷,舒,801,0,4618,4618
final_images/172069.png,褚遂良,楷,舒,760,0,4618,4618
final_images/172103.png,金农,隶,舒,855,4,4618,32722
final_images/172117.png,赵孟𫖯,楷,舛,801,0,4619,4619
final_images/172150.png,欧阳询,楷,舜,479,0,4620,4620
final_images/172151.png,褚遂良,楷,舜,760,0,4620,4620
final_images/172181.png,吴叡,隶,舜,171,4,4620,32724
final_images/172195.png,褚遂良,楷,舞,760,0,4621,4621
final_images/172242.png,赵孟𫖯,楷,舟,801,0,4622,4622
final_images/172243.png,柳公权,楷,舟,461,0,4622,4622
final_images/172244.png,颜真卿,楷,舟,956,0,4622,4622
final_images/172472.png,赵孟𫖯,楷,船,801,0,4629,4629
final_images/172610.png,赵孟𫖯,楷,良,801,0,4638,4638
final_images/172616.png,褚遂良,楷,良,760,0,4638,4638
final_images/172617.png,褚遂良,楷,良,760,0,4638,4638
final_images/172618.png,褚遂良,楷,良,760,0,4638,4638
final_images/172619.png,颜真卿,楷,良,956,0,4638,4638
final_images/172623.png,智永,楷,良,377,0,4638,4638
final_images/172701.png,赵孟𫖯,隶,良,801,4,4638,32742
final_images/172712.png,邓石如,隶,良,828,4,4638,32742
final_images/172718.png,欧阳询,楷,艱,479,0,4639,4639
final_images/172732.png,陈鸿寿,隶,艱,920,4,4639,32743
final_images/172748.png,赵孟𫖯,楷,色,801,0,4640,4640
final_images/172749.png,欧阳询,楷,色,479,0,4640,4640
final_images/172750.png,褚遂良,楷,色,760,0,4640,4640
final_images/172751.png,颜真卿,楷,色,956,0,4640,4640
final_images/172755.png,智永,楷,色,377,0,4640,4640
final_images/172808.png,赵孟𫖯,隶,色,801,4,4640,32744
final_images/172868.png,褚遂良,楷,艾,760,0,4645,4645
final_images/172869.png,褚遂良,楷,艾,760,0,4645,4645
final_images/173145.png,颜真卿,楷,芥,956,0,4659,4659
final_images/173148.png,智永,楷,芥,377,0,4659,4659
final_images/173168.png,赵孟𫖯,隶,芥,801,4,4659,32763
final_images/173169.png,赵孟𫖯,隶,芥,801,4,4659,32763
final_images/173170.png,王澍,隶,芥,589,4,4659,32763
final_images/173181.png,赵孟𫖯,楷,芬,801,0,4660,4660
final_images/173201.png,吴叡,隶,芬,171,4,4660,32764
final_images/173579.png,邓石如,隶,苐,828,4,4674,32778
final_images/173596.png,颜真卿,楷,苑,956,0,4675,4675
final_images/173621.png,陈鸿寿,隶,苑,920,4,4675,32779
final_images/173712.png,吴叡,隶,苗,171,4,4679,32783
final_images/173715.png,陈鸿寿,隶,苗,920,4,4679,32783
final_images/173723.png,赵孟𫖯,楷,苛,801,0,4680,4680
final_images/173836.png,颜真卿,楷,苟,956,0,4683,4683
final_images/173838.png,智永,楷,苟,377,0,4683,4683
final_images/173861.png,吴叡,隶,苟,171,4,4683,32787
final_images/174067.png,陈鸿寿,隶,若,920,4,4685,32789
final_images/174087.png,赵孟𫖯,楷,苦,801,0,4686,4686
final_images/174132.png,陈鸿寿,隶,苦,920,4,4686,32790
final_images/174166.png,欧阳询,楷,英,479,0,4688,4688
final_images/174167.png,颜真卿,楷,英,956,0,4688,4688
final_images/174172.png,智永,楷,英,377,0,4688,4688
final_images/174216.png,邓石如,隶,英,828,4,4688,32792
final_images/174246.png,赵孟𫖯,楷,苴,801,0,4690,4690
final_images/174348.png,赵孟𫖯,楷,茂,801,0,4697,4697
final_images/174390.png,吴叡,隶,茂,171,4,4697,32801
final_images/174391.png,赵孟𫖯,隶,茂,801,4,4697,32801
final_images/174394.png,金农,隶,茂,855,4,4697,32801
final_images/174410.png,颜真卿,楷,范,956,0,4698,4698
final_images/174442.png,陈鸿寿,隶,范,920,4,4698,32802
final_images/174443.png,陈鸿寿,隶,范,920,4,4698,32802
final_images/174472.png,欧阳询,楷,茅,479,0,4700,4700
final_images/174473.png,颜真卿,楷,茅,956,0,4700,4700
final_images/174620.png,吴叡,隶,茝,171,4,4706,32810
final_images/174683.png,吴叡,隶,茲,171,4,4710,32814
final_images/174689.png,王澍,隶,茲,589,4,4710,32814
final_images/174781.png,赵孟𫖯,楷,茹,801,0,4715,4715
final_images/174782.png,颜真卿,楷,茹,956,0,4715,4715
final_images/174792.png,吴叡,隶,茹,171,4,4715,32819
final_images/174849.png,吴叡,隶,荃,171,4,4718,32822
final_images/174886.png,颜真卿,楷,荆,956,0,4720,4720
final_images/174917.png,邓石如,隶,荆,828,4,4720,32824
final_images/174957.png,智永,楷,草,377,0,4722,4722
final_images/175066.png,褚遂良,楷,荑,760,0,4726,4726
final_images/175140.png,吴叡,隶,荒,171,4,4727,32831
final_images/175141.png,赵孟𫖯,隶,荒,801,4,4727,32831
final_images/175147.png,邓石如,隶,荒,828,4,4727,32831
final_images/175157.png,赵孟𫖯,楷,荔,801,0,4728,4728
final_images/175165.png,吴叡,隶,荔,171,4,4728,32832
final_images/175193.png,赵孟𫖯,隶,荘,801,4,4729,32833
final_images/175196.png,王澍,隶,荘,589,4,4729,32833
final_images/175284.png,吴叡,隶,荷,171,4,4734,32838
final_images/175286.png,王澍,隶,荷,589,4,4734,32838
final_images/175342.png,邓石如,隶,荼,828,4,4736,32840
final_images/175350.png,柳公权,楷,莅,461,0,4737,4737
final_images/175394.png,赵孟𫖯,隶,莊,801,4,4739,32843
final_images/175395.png,王澍,隶,莊,589,4,4739,32843
final_images/175560.png,褚遂良,楷,莫,760,0,4753,4753
final_images/175666.png,吴叡,隶,莫,171,4,4753,32857
final_images/175667.png,赵孟𫖯,隶,莫,801,4,4753,32857
final_images/175680.png,王澍,隶,莫,589,4,4753,32857
final_images/175682.png,金农,隶,莫,855,4,4753,32857
final_images/175683.png,陈鸿寿,隶,莫,920,4,4753,32857
final_images/175748.png,赵孟𫖯,隶,莽,801,4,4755,32859
final_images/175895.png,吴叡,隶,菌,171,4,4761,32865
final_images/175955.png,褚遂良,楷,菜,760,0,4766,4766
final_images/175979.png,赵孟𫖯,隶,菜,801,4,4766,32870
final_images/175981.png,王澍,隶,菜,589,4,4766,32870
final_images/175982.png,金农,隶,菜,855,4,4766,32870
final_images/176016.png,赵孟𫖯,楷,菩,801,0,4769,4769
final_images/176040.png,柳公权,楷,華,461,0,4770,4770
final_images/176043.png,颜真卿,楷,華,956,0,4770,4770
final_images/176046.png,智永,楷,華,377,0,4770,4770
final_images/176115.png,吴叡,隶,華,171,4,4770,32874
final_images/176116.png,赵孟𫖯,隶,華,801,4,4770,32874
final_images/176128.png,邓石如,隶,華,828,4,4770,32874
final_images/176129.png,邓石如,隶,華,828,4,4770,32874
final_images/176130.png,邓石如,隶,華,828,4,4770,32874
final_images/176131.png,邓石如,隶,華,828,4,4770,32874
final_images/176132.png,金农,隶,華,855,4,4770,32874
final_images/176133.png,金农,隶,華,855,4,4770,32874
final_images/176135.png,陈鸿寿,隶,華,920,4,4770,32874
final_images/176161.png,赵孟𫖯,楷,菱,801,0,4772,4772
final_images/176182.png,赵孟𫖯,楷,菲,801,0,4773,4773
final_images/176186.png,吴叡,隶,菲,171,4,4773,32877
final_images/176192.png,赵孟𫖯,楷,菴,801,0,4774,4774
final_images/176210.png,吴叡,隶,菹,171,4,4775,32879
final_images/176420.png,欧阳询,楷,萬,479,0,4788,4788
final_images/176421.png,褚遂良,楷,萬,760,0,4788,4788
final_images/176422.png,颜真卿,楷,萬,956,0,4788,4788
final_images/176673.png,王澍,隶,萬,589,4,4788,32892
final_images/176740.png,智永,楷,落,377,0,4794,4794
final_images/176780.png,赵孟𫖯,隶,落,801,4,4794,32898
final_images/176784.png,王澍,隶,落,589,4,4794,32898
final_images/176785.png,邓石如,隶,落,828,4,4794,32898
final_images/176825.png,智永,楷,葉,377,0,4796,4796
final_images/176860.png,吴叡,隶,葉,171,4,4796,32900
final_images/176861.png,赵孟𫖯,隶,葉,801,4,4796,32900
final_images/176868.png,王澍,隶,葉,589,4,4796,32900
final_images/176870.png,陈鸿寿,隶,葉,920,4,4796,32900
final_images/176908.png,褚遂良,楷,著,760,0,4798,4798
final_images/177101.png,赵孟𫖯,楷,葩,801,0,4804,4804
final_images/177122.png,褚遂良,楷,葬,760,0,4805,4805
final_images/177174.png,陈鸿寿,隶,葬,920,4,4805,32909
final_images/177207.png,王澍,隶,葴,589,4,4808,32912
final_images/177263.png,颜真卿,楷,蒋,956,0,4812,4812
final_images/177285.png,柳公权,楷,蒐,461,0,4813,4813
final_images/177308.png,赵孟𫖯,楷,蒙,801,0,4814,4814
final_images/177312.png,颜真卿,楷,蒙,956,0,4814,4814
final_images/177460.png,赵孟𫖯,楷,蒸,801,0,4819,4819
final_images/177461.png,欧阳询,楷,蒸,479,0,4819,4819
final_images/177462.png,智永,楷,蒸,377,0,4819,4819
final_images/177479.png,王澍,隶,蒸,589,4,4819,32923
final_images/177486.png,赵孟𫖯,楷,蒼,801,0,4820,4820
final_images/177520.png,吴叡,隶,蒼,171,4,4820,32924
final_images/177533.png,赵孟𫖯,楷,蒿,801,0,4821,4821
final_images/177653.png,赵孟𫖯,隶,蓋,801,4,4826,32930
final_images/177657.png,邓石如,隶,蓋,828,4,4826,32930
final_images/177703.png,柳公权,楷,蓬,461,0,4831,4831
final_images/177704.png,褚遂良,楷,蓬,760,0,4831,4831
final_images/177759.png,赵孟𫖯,楷,蓼,801,0,4834,4834
final_images/177778.png,褚遂良,楷,蔑,760,0,4835,4835
final_images/178035.png,柳公权,楷,蔭,461,0,4848,4848
final_images/178054.png,赵孟𫖯,楷,蔽,801,0,4849,4849
final_images/178163.png,赵孟𫖯,楷,蕙,801,0,4853,4853
final_images/178205.png,赵孟𫖯,楷,蕣,801,0,4856,4856
final_images/178234.png,柳公权,楷,蕩,461,0,4858,4858
final_images/178235.png,柳公权,楷,蕩,461,0,4858,4858
final_images/178236.png,颜真卿,楷,蕩,956,0,4858,4858
final_images/178249.png,吴叡,隶,蕩,171,4,4858,32962
final_images/178256.png,赵孟𫖯,楷,蕪,801,0,4859,4859
final_images/178280.png,赵孟𫖯,楷,蕭,801,0,4861,4861
final_images/178308.png,智永,楷,蕳,377,0,4863,4863
final_images/178390.png,赵孟𫖯,隶,薄,801,4,4865,32969
final_images/178444.png,赵孟𫖯,隶,薑,801,4,4869,32973
final_images/178446.png,王澍,隶,薑,589,4,4869,32973
final_images/178479.png,颜真卿,楷,薛,956,0,4871,4871
final_images/178527.png,吴叡,隶,薜,171,4,4872,32976
final_images/178534.png,赵孟𫖯,楷,薦,801,0,4873,4873
final_images/178536.png,颜真卿,楷,薦,956,0,4873,4873
final_images/178578.png,金农,隶,薦,855,4,4873,32977
final_images/178584.png,柳公权,楷,薨,461,0,4874,4874
final_images/178585.png,柳公权,楷,薨,461,0,4874,4874
final_images/178615.png,智永,楷,薪,377,0,4876,4876
final_images/178647.png,赵孟𫖯,隶,薪,801,4,4876,32980
final_images/178648.png,王澍,隶,薪,589,4,4876,32980
final_images/178655.png,赵孟𫖯,楷,薫,801,0,4877,4877
final_images/178656.png,颜真卿,楷,薫,956,0,4877,4877
final_images/178672.png,赵孟𫖯,楷,薰,801,0,4878,4878
final_images/178743.png,颜真卿,楷,藉,956,0,4884,4884
final_images/178782.png,邓石如,隶,藉,828,4,4884,32988
final_images/178874.png,赵孟𫖯,隶,藏,801,4,4888,32992
final_images/178912.png,褚遂良,楷,藝,760,0,4891,4891
final_images/178918.png,智永,楷,藝,377,0,4891,4891
final_images/178937.png,邓石如,隶,藝,828,4,4891,32995
final_images/179045.png,赵孟𫖯,楷,藴,801,0,4896,4896
final_images/179079.png,赵孟𫖯,楷,藻,801,0,4899,4899
final_images/179104.png,赵孟𫖯,楷,藿,801,0,4900,4900
final_images/179164.png,吴叡,隶,蘇,171,4,4903,33007
final_images/179182.png,赵孟𫖯,楷,蘋,801,0,4905,4905
final_images/179201.png,金农,隶,蘢,855,4,4906,33010
final_images/179253.png,赵孟𫖯,楷,蘭,801,0,4911,4911
final_images/179256.png,欧阳询,楷,蘭,479,0,4911,4911
final_images/179264.png,智永,楷,蘭,377,0,4911,4911
final_images/179301.png,吴叡,隶,蘭,171,4,4911,33015
final_images/179307.png,金农,隶,蘭,855,4,4911,33015
final_images/179340.png,赵孟𫖯,楷,虎,801,0,4915,4915
final_images/179466.png,柳公权,楷,虐,461,0,4916,4916
final_images/179528.png,赵孟𫖯,楷,虔,801,0,4918,4918
final_images/179582.png,智永,楷,處,377,0,4919,4919
final_images/179668.png,王澍,隶,處,589,4,4919,33023
final_images/179669.png,金农,隶,處,855,4,4919,33023
final_images/179728.png,赵孟𫖯,隶,虖,801,4,4920,33024
final_images/179770.png,智永,楷,虚,377,0,4922,4922
final_images/179857.png,赵孟𫖯,隶,虚,801,4,4922,33026
final_images/179864.png,王澍,隶,虚,589,4,4922,33026
final_images/179865.png,金农,隶,虚,855,4,4922,33026
final_images/179928.png,赵孟𫖯,隶,虛,801,4,4923,33027
final_images/179939.png,王澍,隶,虛,589,4,4923,33027
final_images/179940.png,金农,隶,虛,855,4,4923,33027
final_images/179946.png,柳公权,楷,虜,461,0,4924,4924
final_images/179972.png,欧阳询,楷,虞,479,0,4925,4925
final_images/179974.png,褚遂良,楷,虞,760,0,4925,4925
final_images/180021.png,赵孟𫖯,隶,虞,801,4,4925,33029
final_images/180027.png,王澍,隶,虞,589,4,4925,33029
final_images/180033.png,赵孟𫖯,楷,號,801,0,4926,4926
final_images/180034.png,柳公权,楷,號,461,0,4926,4926
final_images/180035.png,颜真卿,楷,號,956,0,4926,4926
final_images/180041.png,智永,楷,號,377,0,4926,4926
final_images/180073.png,金农,隶,號,855,4,4926,33030
final_images/180083.png,颜真卿,楷,虢,956,0,4927,4927
final_images/180143.png,赵孟𫖯,隶,虢,801,4,4927,33031
final_images/180145.png,王澍,隶,虢,589,4,4927,33031
final_images/180182.png,欧阳询,楷,虧,479,0,4931,4931
final_images/180197.png,吴叡,隶,虧,171,4,4931,33035
final_images/180198.png,赵孟𫖯,隶,虧,801,4,4931,33035
final_images/180199.png,王澍,隶,虧,589,4,4931,33035
final_images/180282.png,褚遂良,楷,虵,760,0,4935,4935
final_images/180305.png,欧阳询,楷,虹,479,0,4936,4936
final_images/180378.png,颜真卿,楷,蚌,956,0,4941,4941
final_images/180443.png,陈鸿寿,隶,蚤,920,4,4946,33050
final_images/180473.png,褚遂良,楷,蛇,760,0,4948,4948
final_images/180533.png,吴叡,隶,蛟,171,4,4951,33055
final_images/180567.png,赵孟𫖯,楷,蛻,801,0,4954,4954
final_images/180568.png,颜真卿,楷,蛻,956,0,4954,4954
final_images/180586.png,吴叡,隶,蛾,171,4,4955,33059
final_images/180594.png,柳公权,楷,蜀,461,0,4956,4956
final_images/180595.png,欧阳询,楷,蜀,479,0,4956,4956
final_images/180644.png,金农,隶,蜀,855,4,4956,33060
final_images/180672.png,褚遂良,楷,蜉,760,0,4959,4959
final_images/180727.png,赵孟𫖯,楷,蜕,801,0,4964,4964
final_images/180728.png,颜真卿,楷,蜕,956,0,4964,4964
final_images/180888.png,赵孟𫖯,楷,蝣,801,0,4976,4976
final_images/180949.png,颜真卿,楷,融,956,0,4982,4982
final_images/181016.png,赵孟𫖯,楷,螽,801,0,4986,4986
final_images/181017.png,赵孟𫖯,楷,螽,801,0,4986,4986
final_images/181061.png,赵孟𫖯,楷,蟋,801,0,4990,4990
final_images/181132.png,颜真卿,楷,蟲,956,0,4995,4995
final_images/181165.png,赵孟𫖯,楷,蟻,801,0,4997,4997
final_images/181167.png,欧阳询,楷,蟻,479,0,4997,4997
final_images/181168.png,颜真卿,楷,蟻,956,0,4997,4997
final_images/181210.png,赵孟𫖯,楷,蠆,801,0,5001,5001
final_images/181247.png,颜真卿,楷,蠟,956,0,5005,5005
final_images/181295.png,褚遂良,楷,蠢,760,0,5007,5007
final_images/181326.png,褚遂良,楷,蠱,760,0,5009,5009
final_images/181348.png,欧阳询,楷,蠲,479,0,5010,5010
final_images/181380.png,赵孟𫖯,楷,蠻,801,0,5013,5013
final_images/181381.png,柳公权,楷,蠻,461,0,5013,5013
final_images/181382.png,颜真卿,楷,蠻,956,0,5013,5013
final_images/181411.png,颜真卿,楷,血,956,0,5014,5014
final_images/181489.png,赵孟𫖯,楷,衆,801,0,5015,5015
final_images/181494.png,柳公权,楷,衆,461,0,5015,5015
final_images/181495.png,柳公权,楷,衆,461,0,5015,5015
final_images/181496.png,欧阳询,楷,衆,479,0,5015,5015
final_images/181497.png,褚遂良,楷,衆,760,0,5015,5015
final_images/181498.png,颜真卿,楷,衆,956,0,5015,5015
final_images/181622.png,欧阳询,楷,行,479,0,5017,5017
final_images/181626.png,颜真卿,楷,行,956,0,5017,5017
final_images/181630.png,智永,楷,行,377,0,5017,5017
final_images/181832.png,吴叡,隶,行,171,4,5017,33121
final_images/181833.png,赵孟𫖯,隶,行,801,4,5017,33121
final_images/181860.png,王澍,隶,行,589,4,5017,33121
final_images/181862.png,邓石如,隶,行,828,4,5017,33121
final_images/181863.png,金农,隶,行,855,4,5017,33121
final_images/181864.png,金农,隶,行,855,4,5017,33121
final_images/181866.png,陈鸿寿,隶,行,920,4,5017,33121
final_images/181879.png,赵孟𫖯,楷,衍,801,0,5018,5018
final_images/181908.png,陈鸿寿,隶,衍,920,4,5018,33122
final_images/181920.png,赵孟𫖯,楷,術,801,0,5020,5020
final_images/181960.png,吴叡,隶,衖,171,4,5022,33126
final_images/181974.png,柳公权,楷,街,461,0,5023,5023
final_images/182032.png,颜真卿,楷,衛,956,0,5025,5025
final_images/182099.png,金农,隶,衜,855,4,5026,33130
final_images/182105.png,柳公权,楷,衝,461,0,5027,5027
final_images/182126.png,赵孟𫖯,楷,衞,801,0,5028,5028
final_images/182129.png,欧阳询,楷,衞,479,0,5028,5028
final_images/182133.png,褚遂良,楷,衞,760,0,5028,5028
final_images/182134.png,褚遂良,楷,衞,760,0,5028,5028
final_images/182135.png,颜真卿,楷,衞,956,0,5028,5028
final_images/182196.png,赵孟𫖯,楷,衡,801,0,5029,5029
final_images/182199.png,褚遂良,楷,衡,760,0,5029,5029
final_images/182239.png,吴叡,隶,衡,171,4,5029,33133
final_images/182240.png,赵孟𫖯,隶,衡,801,4,5029,33133
final_images/182255.png,赵孟𫖯,楷,衢,801,0,5030,5030
final_images/182257.png,欧阳询,楷,衢,479,0,5030,5030
final_images/182258.png,颜真卿,楷,衢,956,0,5030,5030
final_images/182280.png,赵孟𫖯,楷,衣,801,0,5031,5031
final_images/182389.png,吴叡,隶,衣,171,4,5031,33135
final_images/182390.png,赵孟𫖯,隶,衣,801,4,5031,33135
final_images/182413.png,柳公权,楷,表,461,0,5032,5032
final_images/182415.png,褚遂良,楷,表,760,0,5032,5032
final_images/182416.png,颜真卿,楷,表,956,0,5032,5032
final_images/182418.png,智永,楷,表,377,0,5032,5032
final_images/182466.png,赵孟𫖯,隶,表,801,4,5032,33136
final_images/182478.png,王澍,隶,表,589,4,5032,33136
final_images/182480.png,金农,隶,表,855,4,5032,33136
final_images/182481.png,陈鸿寿,隶,表,920,4,5032,33136
final_images/182511.png,柳公权,楷,衮,461,0,5034,5034
final_images/182555.png,赵孟𫖯,楷,衰,801,0,5035,5035
final_images/182557.png,柳公权,楷,衰,461,0,5035,5035
final_images/182559.png,褚遂良,楷,衰,760,0,5035,5035
final_images/182662.png,吴叡,隶,衽,171,4,5039,33143
final_images/182737.png,金农,隶,袁,855,4,5042,33146
final_images/182748.png,赵孟𫖯,楷,袂,801,0,5043,5043
final_images/182750.png,颜真卿,楷,袂,956,0,5043,5043
final_images/182762.png,柳公权,楷,袋,461,0,5044,5044
final_images/182784.png,柳公权,楷,袍,461,0,5046,5046
final_images/182849.png,褚遂良,楷,袖,760,0,5048,5048
final_images/182872.png,柳公权,楷,袞,461,0,5050,5050
final_images/182873.png,颜真卿,楷,袞,956,0,5050,5050
final_images/182914.png,赵孟𫖯,楷,被,801,0,5052,5052
final_images/182915.png,欧阳询,楷,被,479,0,5052,5052
final_images/182918.png,智永,楷,被,377,0,5052,5052
final_images/182965.png,赵孟𫖯,隶,被,801,4,5052,33156
final_images/182996.png,柳公权,楷,袿,461,0,5056,5056
final_images/183044.png,赵孟𫖯,楷,裂,801,0,5058,5058
final_images/183047.png,欧阳询,楷,裂,479,0,5058,5058
final_images/183127.png,金农,隶,裏,855,4,5060,33164
final_images/183149.png,柳公权,楷,裔,461,0,5062,5062
final_images/183168.png,吴叡,隶,裔,171,4,5062,33166
final_images/183278.png,颜真卿,楷,補,956,0,5067,5067
final_images/183305.png,陈鸿寿,隶,補,920,4,5067,33171
final_images/183377.png,赵孟𫖯,楷,裳,801,0,5072,5072
final_images/183379.png,欧阳询,楷,裳,479,0,5072,5072
final_images/183382.png,智永,楷,裳,377,0,5072,5072
final_images/183403.png,吴叡,隶,裳,171,4,5072,33176
final_images/183404.png,赵孟𫖯,隶,裳,801,4,5072,33176
final_images/183415.png,赵孟𫖯,楷,裴,801,0,5073,5073
final_images/183416.png,柳公权,楷,裴,461,0,5073,5073
final_images/183417.png,柳公权,楷,裴,461,0,5073,5073
final_images/183439.png,王澍,隶,裵,589,4,5074,33178
final_images/183482.png,赵孟𫖯,楷,裼,801,0,5077,5077
final_images/183489.png,欧阳询,楷,製,479,0,5078,5078
final_images/183502.png,吴叡,隶,製,171,4,5078,33182
final_images/183511.png,赵孟𫖯,楷,裾,801,0,5079,5079
final_images/183571.png,颜真卿,楷,褐,956,0,5084,5084
final_images/183637.png,褚遂良,楷,褚,760,0,5087,5087
final_images/183638.png,颜真卿,楷,褚,956,0,5087,5087
final_images/183761.png,赵孟𫖯,楷,襄,801,0,5095,5095
final_images/183766.png,褚遂良,楷,襄,760,0,5095,5095
final_images/183839.png,陈鸿寿,隶,襄,920,4,5095,33199
final_images/183859.png,邓石如,隶,襍,828,4,5097,33201
final_images/183907.png,吴叡,隶,襟,171,4,5101,33205
final_images/183951.png,柳公权,楷,襲,461,0,5105,5105
final_images/183953.png,褚遂良,楷,襲,760,0,5105,5105
final_images/183954.png,颜真卿,楷,襲,956,0,5105,5105
final_images/183986.png,赵孟𫖯,楷,西,801,0,5106,5106
final_images/183990.png,柳公权,楷,西,461,0,5106,5106
final_images/183991.png,欧阳询,楷,西,479,0,5106,5106
final_images/183992.png,褚遂良,楷,西,760,0,5106,5106
final_images/184161.png,吴叡,隶,西,171,4,5106,33210
final_images/184162.png,赵孟𫖯,隶,西,801,4,5106,33210
final_images/184182.png,邓石如,隶,西,828,4,5106,33210
final_images/184184.png,金农,隶,西,855,4,5106,33210
final_images/184199.png,褚遂良,楷,要,760,0,5107,5107
final_images/184200.png,褚遂良,楷,要,760,0,5107,5107
final_images/184274.png,吴叡,隶,要,171,4,5107,33211
final_images/184275.png,赵孟𫖯,隶,要,801,4,5107,33211
final_images/184281.png,陈鸿寿,隶,要,920,4,5107,33211
final_images/184331.png,赵孟𫖯,楷,覆,801,0,5109,5109
final_images/184332.png,柳公权,楷,覆,461,0,5109,5109
final_images/184334.png,褚遂良,楷,覆,760,0,5109,5109
final_images/184335.png,褚遂良,楷,覆,760,0,5109,5109
final_images/184380.png,赵孟𫖯,隶,覆,801,4,5109,33213
final_images/184382.png,王澍,隶,覆,589,4,5109,33213
final_images/184389.png,颜真卿,楷,覈,956,0,5110,5110
final_images/184400.png,欧阳询,楷,見,479,0,5111,5111
final_images/184401.png,褚遂良,楷,見,760,0,5111,5111
final_images/184402.png,褚遂良,楷,見,760,0,5111,5111
final_images/184599.png,吴叡,隶,見,171,4,5111,33215
final_images/184600.png,赵孟𫖯,隶,見,801,4,5111,33215
final_images/184615.png,王澍,隶,見,589,4,5111,33215
final_images/184627.png,颜真卿,楷,規,956,0,5112,5112
final_images/184632.png,智永,楷,規,377,0,5112,5112
final_images/184646.png,吴叡,隶,規,171,4,5112,33216
final_images/184647.png,赵孟𫖯,隶,規,801,4,5112,33216
final_images/184652.png,王澍,隶,規,589,4,5112,33216
final_images/184653.png,邓石如,隶,規,828,4,5112,33216
final_images/184672.png,赵孟𫖯,楷,視,801,0,5114,5114
final_images/184675.png,欧阳询,楷,視,479,0,5114,5114
final_images/184678.png,褚遂良,楷,視,760,0,5114,5114
final_images/184679.png,颜真卿,楷,視,956,0,5114,5114
final_images/184759.png,褚遂良,楷,覩,760,0,5116,5116
final_images/184771.png,赵孟𫖯,楷,親,801,0,5117,5117
final_images/184772.png,柳公权,楷,親,461,0,5117,5117
final_images/184774.png,褚遂良,楷,親,760,0,5117,5117
final_images/184775.png,颜真卿,楷,親,956,0,5117,5117
final_images/184778.png,智永,楷,親,377,0,5117,5117
final_images/184826.png,赵孟𫖯,隶,親,801,4,5117,33221
final_images/184836.png,陈鸿寿,隶,親,920,4,5117,33221
final_images/184842.png,颜真卿,楷,覯,956,0,5118,5118
final_images/184902.png,褚遂良,楷,覽,760,0,5121,5121
final_images/184903.png,颜真卿,楷,覽,956,0,5121,5121
final_images/184915.png,吴叡,隶,覽,171,4,5121,33225
final_images/184938.png,赵孟𫖯,楷,觀,801,0,5123,5123
final_images/184941.png,欧阳询,楷,觀,479,0,5123,5123
final_images/184942.png,褚遂良,楷,觀,760,0,5123,5123
final_images/184943.png,褚遂良,楷,觀,760,0,5123,5123
final_images/184945.png,智永,楷,觀,377,0,5123,5123
final_images/185000.png,吴叡,隶,觀,171,4,5123,33227
final_images/185006.png,王澍,隶,觀,589,4,5123,33227
final_images/185008.png,邓石如,隶,觀,828,4,5123,33227
final_images/185009.png,金农,隶,觀,855,4,5123,33227
final_images/185010.png,金农,隶,觀,855,4,5123,33227
final_images/185059.png,赵孟𫖯,楷,角,801,0,5128,5128
final_images/185181.png,赵孟𫖯,楷,解,801,0,5133,5133
final_images/185184.png,柳公权,楷,解,461,0,5133,5133
final_images/185185.png,褚遂良,楷,解,760,0,5133,5133
final_images/185186.png,颜真卿,楷,解,956,0,5133,5133
final_images/185188.png,智永,楷,解,377,0,5133,5133
final_images/185251.png,吴叡,隶,解,171,4,5133,33237
final_images/185259.png,金农,隶,解,855,4,5133,33237
final_images/185281.png,赵孟𫖯,楷,觴,801,0,5135,5135
final_images/185288.png,智永,楷,觴,377,0,5135,5135
final_images/185306.png,王澍,隶,觴,589,4,5135,33239
final_images/185342.png,邓石如,隶,觸,828,4,5136,33240
final_images/185361.png,赵孟𫖯,楷,言,801,0,5137,5137
final_images/185369.png,柳公权,楷,言,461,0,5137,5137
final_images/185371.png,褚遂良,楷,言,760,0,5137,5137
final_images/185372.png,颜真卿,楷,言,956,0,5137,5137
final_images/185376.png,智永,楷,言,377,0,5137,5137
final_images/185610.png,吴叡,隶,言,171,4,5137,33241
final_images/185627.png,陈鸿寿,隶,言,920,4,5137,33241
final_images/185649.png,赵孟𫖯,楷,計,801,0,5140,5140
final_images/185681.png,金农,隶,計,855,4,5140,33244
final_images/185682.png,陈鸿寿,隶,計,920,4,5140,33244
final_images/185762.png,赵孟𫖯,楷,訓,801,0,5147,5147
final_images/185763.png,欧阳询,楷,訓,479,0,5147,5147
final_images/185765.png,颜真卿,楷,訓,956,0,5147,5147
final_images/185803.png,赵孟𫖯,隶,訓,801,4,5147,33251
final_images/185811.png,王澍,隶,訓,589,4,5147,33251
final_images/185824.png,欧阳询,楷,訖,479,0,5148,5148
final_images/185830.png,金农,隶,訖,855,4,5148,33252
final_images/185831.png,金农,隶,訖,855,4,5148,33252
final_images/185833.png,赵孟𫖯,楷,託,801,0,5149,5149
final_images/185861.png,欧阳询,楷,記,479,0,5150,5150
final_images/185862.png,颜真卿,楷,記,956,0,5150,5150
final_images/185909.png,金农,隶,記,855,4,5150,33254
final_images/185916.png,褚遂良,楷,訛,760,0,5151,5151
final_images/185939.png,赵孟𫖯,楷,訟,801,0,5153,5153
final_images/185940.png,赵孟𫖯,楷,訟,801,0,5153,5153
final_images/185995.png,褚遂良,楷,訣,760,0,5155,5155
final_images/186004.png,赵孟𫖯,楷,訪,801,0,5156,5156
final_images/186024.png,赵孟𫖯,楷,設,801,0,5157,5157
final_images/186026.png,柳公权,楷,設,461,0,5157,5157
final_images/186028.png,智永,楷,設,377,0,5157,5157
final_images/186053.png,赵孟𫖯,隶,設,801,4,5157,33261
final_images/186061.png,王澍,隶,設,589,4,5157,33261
final_images/186082.png,颜真卿,楷,許,956,0,5158,5158
final_images/186136.png,陈鸿寿,隶,許,920,4,5158,33262
final_images/186274.png,褚遂良,楷,詎,760,0,5169,5169
final_images/186349.png,吴叡,隶,詔,171,4,5173,33277
final_images/186360.png,颜真卿,楷,評,956,0,5174,5174
final_images/186404.png,褚遂良,楷,詞,760,0,5178,5178
final_images/186405.png,颜真卿,楷,詞,956,0,5178,5178
final_images/186425.png,吴叡,隶,詞,171,4,5178,33282
final_images/186431.png,赵孟𫖯,楷,詠,801,0,5179,5179
final_images/186437.png,智永,楷,詠,377,0,5179,5179
final_images/186458.png,赵孟𫖯,隶,詠,801,4,5179,33283
final_images/186461.png,王澍,隶,詠,589,4,5179,33283
final_images/186465.png,赵孟𫖯,楷,詡,801,0,5180,5180
final_images/186472.png,褚遂良,楷,詢,760,0,5181,5181
final_images/186478.png,金农,隶,詢,855,4,5181,33285
final_images/186504.png,金农,隶,詣,855,4,5182,33286
final_images/186508.png,柳公权,楷,試,461,0,5183,5183
final_images/186576.png,赵孟𫖯,楷,詩,801,0,5186,5186
final_images/186579.png,颜真卿,楷,詩,956,0,5186,5186
final_images/186586.png,智永,楷,詩,377,0,5186,5186
final_images/186653.png,金农,隶,詩,855,4,5186,33290
final_images/186672.png,柳公权,楷,詭,461,0,5188,5188
final_images/186717.png,颜真卿,楷,該,956,0,5191,5191
final_images/186720.png,吴叡,隶,該,171,4,5191,33295
final_images/186744.png,赵孟𫖯,隶,詳,801,4,5192,33296
final_images/186747.png,王澍,隶,詳,589,4,5192,33296
final_images/186833.png,智永,楷,誅,377,0,5198,5198
final_images/186847.png,赵孟𫖯,隶,誅,801,4,5198,33302
final_images/186848.png,王澍,隶,誅,589,4,5198,33302
final_images/186905.png,褚遂良,楷,誓,760,0,5203,5203
final_images/186938.png,柳公权,楷,誕,461,0,5204,5204
final_images/186939.png,欧阳询,楷,誕,479,0,5204,5204
final_images/186965.png,柳公权,楷,誘,461,0,5205,5205
final_images/186984.png,赵孟𫖯,楷,誚,801,0,5206,5206
final_images/186990.png,智永,楷,誚,377,0,5206,5206
final_images/186999.png,赵孟𫖯,隶,誚,801,4,5206,33310
final_images/187000.png,王澍,隶,誚,589,4,5206,33310
final_images/187006.png,赵孟𫖯,楷,語,801,0,5207,5207
final_images/187008.png,颜真卿,楷,語,956,0,5207,5207
final_images/187011.png,智永,楷,語,377,0,5207,5207
final_images/187058.png,王澍,隶,語,589,4,5207,33311
final_images/187060.png,邓石如,隶,語,828,4,5207,33311
final_images/187066.png,柳公权,楷,誠,461,0,5208,5208
final_images/187067.png,欧阳询,楷,誠,479,0,5208,5208
final_images/187068.png,褚遂良,楷,誠,760,0,5208,5208
final_images/187069.png,颜真卿,楷,誠,956,0,5208,5208
final_images/187074.png,智永,楷,誠,377,0,5208,5208
final_images/187075.png,智永,楷,誠,377,0,5208,5208
final_images/187111.png,金农,隶,誠,855,4,5208,33312
final_images/187134.png,颜真卿,楷,誣,956,0,5210,5210
final_images/187172.png,赵孟𫖯,楷,誥,801,0,5212,5212
final_images/187181.png,陈鸿寿,隶,誥,920,4,5212,33316
final_images/187186.png,颜真卿,楷,誦,956,0,5213,5213
final_images/187238.png,赵孟𫖯,楷,說,801,0,5216,5216
final_images/187240.png,欧阳询,楷,說,479,0,5216,5216
final_images/187282.png,吴叡,隶,說,171,4,5216,33320
final_images/187283.png,赵孟𫖯,隶,說,801,4,5216,33320
final_images/187287.png,王澍,隶,說,589,4,5216,33320
final_images/187299.png,赵孟𫖯,楷,説,801,0,5217,5217
final_images/187304.png,智永,楷,説,377,0,5217,5217
final_images/187341.png,吴叡,隶,説,171,4,5217,33321
final_images/187345.png,王澍,隶,説,589,4,5217,33321
final_images/187351.png,赵孟𫖯,楷,誰,801,0,5218,5218
final_images/187353.png,褚遂良,楷,誰,760,0,5218,5218
final_images/187358.png,智永,楷,誰,377,0,5218,5218
final_images/187396.png,赵孟𫖯,隶,誰,801,4,5218,33322
final_images/187403.png,柳公权,楷,課,461,0,5219,5219
final_images/187416.png,陈鸿寿,隶,課,920,4,5219,33323
final_images/187456.png,智永,楷,調,377,0,5222,5222
final_images/187469.png,吴叡,隶,調,171,4,5222,33326
final_images/187475.png,赵孟𫖯,楷,諂,801,0,5223,5223
final_images/187516.png,柳公权,楷,談,461,0,5225,5225
final_images/187540.png,赵孟𫖯,隶,談,801,4,5225,33329
final_images/187541.png,王澍,隶,談,589,4,5225,33329
final_images/187542.png,邓石如,隶,談,828,4,5225,33329
final_images/187554.png,颜真卿,楷,請,956,0,5226,5226
final_images/187668.png,柳公权,楷,諒,461,0,5230,5230
final_images/187669.png,欧阳询,楷,諒,479,0,5230,5230
final_images/187675.png,吴叡,隶,諒,171,4,5230,33334
final_images/187692.png,褚遂良,楷,論,760,0,5231,5231
final_images/187693.png,褚遂良,楷,論,760,0,5231,5231
final_images/187694.png,颜真卿,楷,論,956,0,5231,5231
final_images/187699.png,智永,楷,論,377,0,5231,5231
final_images/187744.png,赵孟𫖯,隶,論,801,4,5231,33335
final_images/187748.png,王澍,隶,論,589,4,5231,33335
final_images/187753.png,赵孟𫖯,楷,諛,801,0,5232,5232
final_images/187789.png,颜真卿,楷,諧,956,0,5235,5235
final_images/187797.png,金农,隶,諧,855,4,5235,33339
final_images/187822.png,欧阳询,楷,諭,479,0,5237,5237
final_images/187824.png,颜真卿,楷,諭,956,0,5237,5237
final_images/187876.png,金农,隶,諱,855,4,5239,33343
final_images/187877.png,陈鸿寿,隶,諱,920,4,5239,33343
final_images/187878.png,陈鸿寿,隶,諱,920,4,5239,33343
final_images/187895.png,柳公权,楷,諷,461,0,5242,5242
final_images/187906.png,赵孟𫖯,楷,諸,801,0,5243,5243
final_images/187909.png,柳公权,楷,諸,461,0,5243,5243
final_images/187911.png,颜真卿,楷,諸,956,0,5243,5243
final_images/187918.png,智永,楷,諸,377,0,5243,5243
final_images/187986.png,王澍,隶,諸,589,4,5243,33347
final_images/188009.png,欧阳询,楷,諾,479,0,5246,5246
final_images/188016.png,赵孟𫖯,楷,謀,801,0,5247,5247
final_images/188018.png,欧阳询,楷,謀,479,0,5247,5247
final_images/188058.png,柳公权,楷,謁,461,0,5248,5248
final_images/188103.png,褚遂良,楷,謂,760,0,5249,5249
final_images/188104.png,颜真卿,楷,謂,956,0,5249,5249
final_images/188152.png,吴叡,隶,謂,171,4,5249,33353
final_images/188153.png,赵孟𫖯,隶,謂,801,4,5249,33353
final_images/188163.png,王澍,隶,謂,589,4,5249,33353
final_images/188165.png,金农,隶,謂,855,4,5249,33353
final_images/188182.png,吴叡,隶,謇,171,4,5250,33354
final_images/188234.png,赵孟𫖯,楷,謙,801,0,5255,5255
final_images/188235.png,柳公权,楷,謙,461,0,5255,5255
final_images/188236.png,欧阳询,楷,謙,479,0,5255,5255
final_images/188239.png,智永,楷,謙,377,0,5255,5255
final_images/188255.png,赵孟𫖯,隶,謙,801,4,5255,33359
final_images/188261.png,王澍,隶,謙,589,4,5255,33359
final_images/188270.png,颜真卿,楷,謚,956,0,5256,5256
final_images/188280.png,柳公权,楷,講,461,0,5257,5257
final_images/188281.png,褚遂良,楷,講,760,0,5257,5257
final_images/188282.png,褚遂良,楷,講,760,0,5257,5257
final_images/188283.png,颜真卿,楷,講,956,0,5257,5257
final_images/188304.png,赵孟𫖯,楷,謝,801,0,5258,5258
final_images/188306.png,欧阳询,楷,謝,479,0,5258,5258
final_images/188336.png,赵孟𫖯,隶,謝,801,4,5258,33362
final_images/188338.png,王澍,隶,謝,589,4,5258,33362
final_images/188340.png,金农,隶,謝,855,4,5258,33362
final_images/188355.png,吴叡,隶,謠,171,4,5260,33364
final_images/188358.png,邓石如,隶,謠,828,4,5260,33364
final_images/188365.png,吴叡,隶,謡,171,4,5261,33365
final_images/188410.png,吴叡,隶,謳,171,4,5265,33369
final_images/188422.png,赵孟𫖯,楷,謹,801,0,5267,5267
final_images/188429.png,智永,楷,謹,377,0,5267,5267
final_images/188471.png,赵孟𫖯,隶,謹,801,4,5267,33371
final_images/188475.png,邓石如,隶,謹,828,4,5267,33371
final_images/188510.png,褚遂良,楷,證,760,0,5270,5270
final_images/188511.png,颜真卿,楷,證,956,0,5270,5270
final_images/188540.png,智永,楷,譏,377,0,5272,5272
final_images/188556.png,赵孟𫖯,隶,譏,801,4,5272,33376
final_images/188569.png,陈鸿寿,隶,譔,920,4,5273,33377
final_images/188632.png,金农,隶,識,855,4,5275,33379
final_images/188650.png,颜真卿,楷,譚,956,0,5277,5277
final_images/188658.png,赵孟𫖯,楷,譜,801,0,5278,5278
final_images/188659.png,颜真卿,楷,譜,956,0,5278,5278
final_images/188673.png,赵孟𫖯,楷,警,801,0,5279,5279
final_images/188675.png,柳公权,楷,警,461,0,5279,5279
final_images/188683.png,金农,隶,警,855,4,5279,33383
final_images/188702.png,褚遂良,楷,譬,760,0,5281,5281
final_images/188703.png,褚遂良,楷,譬,760,0,5281,5281
final_images/188715.png,欧阳询,楷,譯,479,0,5282,5282
final_images/188717.png,褚遂良,楷,譯,760,0,5282,5282
final_images/188729.png,赵孟𫖯,楷,議,801,0,5283,5283
final_images/188731.png,柳公权,楷,議,461,0,5283,5283
final_images/188758.png,邓石如,隶,議,828,4,5283,33387
final_images/188783.png,柳公权,楷,護,461,0,5286,5286
final_images/188805.png,赵孟𫖯,楷,譽,801,0,5287,5287
final_images/188812.png,智永,楷,譽,377,0,5287,5287
final_images/188827.png,赵孟𫖯,隶,譽,801,4,5287,33391
final_images/188829.png,王澍,隶,譽,589,4,5287,33391
final_images/188836.png,赵孟𫖯,楷,讀,801,0,5288,5288
final_images/188838.png,褚遂良,楷,讀,760,0,5288,5288
final_images/188839.png,颜真卿,楷,讀,956,0,5288,5288
final_images/188842.png,智永,楷,讀,377,0,5288,5288
final_images/188857.png,赵孟𫖯,隶,讀,801,4,5288,33392
final_images/188858.png,王澍,隶,讀,589,4,5288,33392
final_images/188860.png,金农,隶,讀,855,4,5288,33392
final_images/188861.png,陈鸿寿,隶,讀,920,4,5288,33392
final_images/188874.png,赵孟𫖯,楷,變,801,0,5290,5290
final_images/188875.png,柳公权,楷,變,461,0,5290,5290
final_images/188878.png,颜真卿,楷,變,956,0,5290,5290
final_images/188921.png,吴叡,隶,變,171,4,5290,33394
final_images/188927.png,智永,楷,讌,377,0,5291,5291
final_images/188935.png,王澍,隶,讌,589,4,5291,33395
final_images/188963.png,吴叡,隶,讒,171,4,5293,33397
final_images/188967.png,赵孟𫖯,楷,讓,801,0,5294,5294
final_images/188968.png,柳公权,楷,讓,461,0,5294,5294
final_images/188998.png,赵孟𫖯,隶,讓,801,4,5294,33398
final_images/189030.png,柳公权,楷,讙,461,0,5296,5296
final_images/189035.png,邓石如,隶,讙,828,4,5296,33400
final_images/189038.png,褚遂良,楷,讚,760,0,5297,5297
final_images/189042.png,智永,楷,讚,377,0,5297,5297
final_images/189050.png,赵孟𫖯,隶,讚,801,4,5297,33401
final_images/189060.png,颜真卿,楷,讜,956,0,5298,5298
final_images/189070.png,陈鸿寿,隶,讞,920,4,5299,33403
final_images/189387.png,欧阳询,楷,谷,479,0,5334,5334
final_images/189392.png,智永,楷,谷,377,0,5334,5334
final_images/189393.png,智永,楷,谷,377,0,5334,5334
final_images/189469.png,赵孟𫖯,隶,谷,801,4,5334,33438
final_images/189501.png,王澍,隶,谿,589,4,5335,33439
final_images/189513.png,欧阳询,楷,豁,479,0,5336,5336
final_images/189541.png,赵孟𫖯,楷,豆,801,0,5338,5338
final_images/189589.png,赵孟𫖯,楷,豈,801,0,5339,5339
final_images/189591.png,欧阳询,楷,豈,479,0,5339,5339
final_images/189593.png,褚遂良,楷,豈,760,0,5339,5339
final_images/189645.png,吴叡,隶,豈,171,4,5339,33443
final_images/189646.png,赵孟𫖯,隶,豈,801,4,5339,33443
final_images/189648.png,王澍,隶,豈,589,4,5339,33443
final_images/189650.png,金农,隶,豈,855,4,5339,33443
final_images/189651.png,金农,隶,豈,855,4,5339,33443
final_images/189725.png,颜真卿,楷,豎,956,0,5341,5341
final_images/189790.png,吴叡,隶,豐,171,4,5342,33446
final_images/189794.png,陈鸿寿,隶,豐,920,4,5342,33446
final_images/189799.png,颜真卿,楷,豔,956,0,5343,5343
final_images/189816.png,柳公权,楷,豕,461,0,5344,5344
final_images/189956.png,赵孟𫖯,楷,象,801,0,5347,5347
final_images/189958.png,欧阳询,楷,象,479,0,5347,5347
final_images/189960.png,褚遂良,楷,象,760,0,5347,5347
final_images/189961.png,褚遂良,楷,象,760,0,5347,5347
final_images/189966.png,智永,楷,象,377,0,5347,5347
final_images/190046.png,吴叡,隶,象,171,4,5347,33451
final_images/190051.png,王澍,隶,象,589,4,5347,33451
final_images/190104.png,柳公权,楷,豪,461,0,5351,5351
final_images/190105.png,欧阳询,楷,豪,479,0,5351,5351
final_images/190106.png,褚遂良,楷,豪,760,0,5351,5351
final_images/190150.png,赵孟𫖯,楷,豫,801,0,5352,5352
final_images/190153.png,颜真卿,楷,豫,956,0,5352,5352
final_images/190156.png,智永,楷,豫,377,0,5352,5352
final_images/190209.png,吴叡,隶,豫,171,4,5352,33456
final_images/190251.png,柳公权,楷,豶,461,0,5357,5357
final_images/190291.png,赵孟𫖯,楷,豹,801,0,5359,5359
final_images/190294.png,颜真卿,楷,豹,956,0,5359,5359
final_images/190337.png,赵孟𫖯,楷,豺,801,0,5360,5360
final_images/190374.png,赵孟𫖯,楷,貂,801,0,5361,5361
final_images/190376.png,颜真卿,楷,貂,956,0,5361,5361
final_images/190446.png,智永,楷,貌,377,0,5364,5364
final_images/190473.png,王澍,隶,貌,589,4,5364,33468
final_images/190596.png,赵孟𫖯,楷,貞,801,0,5369,5369
final_images/190603.png,褚遂良,楷,貞,760,0,5369,5369
final_images/190604.png,颜真卿,楷,貞,956,0,5369,5369
final_images/190754.png,吴叡,隶,貞,171,4,5369,33473
final_images/190755.png,赵孟𫖯,隶,貞,801,4,5369,33473
final_images/190761.png,王澍,隶,貞,589,4,5369,33473
final_images/190770.png,赵孟𫖯,楷,負,801,0,5370,5370
final_images/190774.png,颜真卿,楷,負,956,0,5370,5370
final_images/190830.png,金农,隶,財,855,4,5371,33475
final_images/190834.png,赵孟𫖯,楷,貢,801,0,5372,5372
final_images/190835.png,褚遂良,楷,貢,760,0,5372,5372
final_images/190839.png,智永,楷,貢,377,0,5372,5372
final_images/190854.png,赵孟𫖯,隶,貢,801,4,5372,33476
final_images/190856.png,王澍,隶,貢,589,4,5372,33476
final_images/190969.png,柳公权,楷,貪,461,0,5378,5378
final_images/190970.png,欧阳询,楷,貪,479,0,5378,5378
final_images/190982.png,吴叡,隶,貪,171,4,5378,33482
final_images/190995.png,颜真卿,楷,貫,956,0,5379,5379
final_images/191114.png,柳公权,楷,貴,461,0,5385,5385
final_images/191115.png,褚遂良,楷,貴,760,0,5385,5385
final_images/191119.png,智永,楷,貴,377,0,5385,5385
final_images/191198.png,吴叡,隶,貴,171,4,5385,33489
final_images/191199.png,赵孟𫖯,隶,貴,801,4,5385,33489
final_images/191207.png,王澍,隶,貴,589,4,5385,33489
final_images/191213.png,柳公权,楷,貶,461,0,5386,5386
final_images/191230.png,褚遂良,楷,買,760,0,5387,5387
final_images/191272.png,金农,隶,買,855,4,5387,33491
final_images/191292.png,欧阳询,楷,貺,479,0,5389,5389
final_images/191345.png,智永,楷,貽,377,0,5392,5392
final_images/191353.png,赵孟𫖯,隶,貽,801,4,5392,33496
final_images/191368.png,褚遂良,楷,賀,760,0,5394,5394
final_images/191426.png,褚遂良,楷,資,760,0,5398,5398
final_images/191427.png,颜真卿,楷,資,956,0,5398,5398
final_images/191431.png,智永,楷,資,377,0,5398,5398
final_images/191458.png,赵孟𫖯,隶,資,801,4,5398,33502
final_images/191463.png,金农,隶,資,855,4,5398,33502
final_images/191471.png,赵孟𫖯,楷,賈,801,0,5399,5399
final_images/191473.png,褚遂良,楷,賈,760,0,5399,5399
final_images/191530.png,赵孟𫖯,楷,賊,801,0,5400,5400
final_images/191532.png,褚遂良,楷,賊,760,0,5400,5400
final_images/191573.png,赵孟𫖯,隶,賊,801,4,5400,33504
final_images/191580.png,王澍,隶,賊,589,4,5400,33504
final_images/191599.png,智永,楷,賓,377,0,5403,5403
final_images/191669.png,赵孟𫖯,楷,賚,801,0,5406,5406
final_images/191684.png,赵孟𫖯,楷,賜,801,0,5407,5407
final_images/191687.png,褚遂良,楷,賜,760,0,5407,5407
final_images/191688.png,颜真卿,楷,賜,956,0,5407,5407
final_images/191725.png,陈鸿寿,隶,賜,920,4,5407,33511
final_images/191780.png,赵孟𫖯,楷,賡,801,0,5409,5409
final_images/191791.png,赵孟𫖯,楷,賢,801,0,5410,5410
final_images/191796.png,柳公权,楷,賢,461,0,5410,5410
final_images/191797.png,褚遂良,楷,賢,760,0,5410,5410
final_images/191807.png,智永,楷,賢,377,0,5410,5410
final_images/191854.png,吴叡,隶,賢,171,4,5410,33514
final_images/191866.png,王澍,隶,賢,589,4,5410,33514
final_images/191868.png,陈鸿寿,隶,賢,920,4,5410,33514
final_images/191888.png,褚遂良,楷,賤,760,0,5412,5412
final_images/191895.png,智永,楷,賤,377,0,5412,5412
final_images/191917.png,赵孟𫖯,隶,賤,801,4,5412,33516
final_images/191921.png,王澍,隶,賤,589,4,5412,33516
final_images/191929.png,褚遂良,楷,賦,760,0,5413,5413
final_images/191969.png,邓石如,隶,賦,828,4,5413,33517
final_images/191970.png,金农,隶,賦,855,4,5413,33517
final_images/191974.png,赵孟𫖯,楷,質,801,0,5414,5414
final_images/191976.png,褚遂良,楷,質,760,0,5414,5414
final_images/191978.png,颜真卿,楷,質,956,0,5414,5414
final_images/192056.png,赵孟𫖯,隶,賴,801,4,5416,33520
final_images/192062.png,王澍,隶,賴,589,4,5416,33520
final_images/192097.png,柳公权,楷,賻,461,0,5419,5419
final_images/192098.png,褚遂良,楷,賻,760,0,5419,5419
final_images/192166.png,褚遂良,楷,賾,760,0,5422,5422
final_images/192167.png,颜真卿,楷,賾,956,0,5422,5422
final_images/192223.png,欧阳询,楷,贄,479,0,5424,5424
final_images/192243.png,赵孟𫖯,楷,贈,801,0,5426,5426
final_images/192247.png,欧阳询,楷,贈,479,0,5426,5426
final_images/192250.png,褚遂良,楷,贈,760,0,5426,5426
final_images/192251.png,颜真卿,楷,贈,956,0,5426,5426
final_images/192271.png,颜真卿,楷,贊,956,0,5427,5427
final_images/192296.png,欧阳询,楷,贍,479,0,5428,5428
final_images/192297.png,颜真卿,楷,贍,956,0,5428,5428
final_images/192307.png,赵孟𫖯,楷,贏,801,0,5429,5429
final_images/192354.png,赵孟𫖯,楷,贗,801,0,5432,5432
final_images/192512.png,赵孟𫖯,楷,赤,801,0,5447,5447
final_images/192513.png,柳公权,楷,赤,461,0,5447,5447
final_images/192618.png,吴叡,隶,赤,171,4,5447,33551
final_images/192619.png,赵孟𫖯,隶,赤,801,4,5447,33551
final_images/192621.png,邓石如,隶,赤,828,4,5447,33551
final_images/192680.png,颜真卿,楷,赫,956,0,5449,5449
final_images/192702.png,吴叡,隶,赫,171,4,5449,33553
final_images/192726.png,柳公权,楷,走,461,0,5450,5450
final_images/192727.png,颜真卿,楷,走,956,0,5450,5450
final_images/192789.png,吴叡,隶,走,171,4,5450,33554
final_images/192798.png,颜真卿,楷,赱,956,0,5451,5451
final_images/192852.png,吴叡,隶,赱,171,4,5451,33555
final_images/192933.png,柳公权,楷,起,461,0,5455,5455
final_images/192934.png,欧阳询,楷,起,479,0,5455,5455
final_images/192936.png,褚遂良,楷,起,760,0,5455,5455
final_images/192937.png,褚遂良,楷,起,760,0,5455,5455
final_images/192938.png,褚遂良,楷,起,760,0,5455,5455
final_images/193018.png,王澍,隶,起,589,4,5455,33559
final_images/193020.png,陈鸿寿,隶,起,920,4,5455,33559
final_images/193045.png,柳公权,楷,超,461,0,5457,5457
final_images/193046.png,欧阳询,楷,超,479,0,5457,5457
final_images/193048.png,颜真卿,楷,超,956,0,5457,5457
final_images/193053.png,智永,楷,超,377,0,5457,5457
final_images/193087.png,赵孟𫖯,隶,超,801,4,5457,33561
final_images/193105.png,欧阳询,楷,越,479,0,5458,5458
final_images/193107.png,褚遂良,楷,越,760,0,5458,5458
final_images/193108.png,颜真卿,楷,越,956,0,5458,5458
final_images/193152.png,邓石如,隶,越,828,4,5458,33562
final_images/193153.png,陈鸿寿,隶,越,920,4,5458,33562
final_images/193183.png,赵孟𫖯,楷,趙,801,0,5462,5462
final_images/193185.png,欧阳询,楷,趙,479,0,5462,5462
final_images/193187.png,褚遂良,楷,趙,760,0,5462,5462
final_images/193230.png,赵孟𫖯,隶,趙,801,4,5462,33566
final_images/193238.png,王澍,隶,趙,589,4,5462,33566
final_images/193268.png,柳公权,楷,趣,461,0,5465,5465
final_images/193307.png,颜真卿,楷,趨,956,0,5466,5466
final_images/193346.png,赵孟𫖯,楷,足,801,0,5468,5468
final_images/193349.png,智永,楷,足,377,0,5468,5468
final_images/193461.png,赵孟𫖯,隶,足,801,4,5468,33572
final_images/193470.png,王澍,隶,足,589,4,5468,33572
final_images/193474.png,金农,隶,足,855,4,5468,33572
final_images/193475.png,陈鸿寿,隶,足,920,4,5468,33572
final_images/193503.png,金农,隶,趾,855,4,5469,33573
final_images/193616.png,褚遂良,楷,跡,760,0,5476,5476
final_images/193618.png,智永,楷,跡,377,0,5476,5476
final_images/193676.png,颜真卿,楷,跪,956,0,5478,5478
final_images/193680.png,吴叡,隶,跪,171,4,5478,33582
final_images/193694.png,欧阳询,楷,路,479,0,5479,5479
final_images/193695.png,颜真卿,楷,路,956,0,5479,5479
final_images/193698.png,智永,楷,路,377,0,5479,5479
final_images/193740.png,吴叡,隶,路,171,4,5479,33583
final_images/193750.png,王澍,隶,路,589,4,5479,33583
final_images/193803.png,颜真卿,楷,踊,956,0,5484,5484
final_images/193863.png,赵孟𫖯,隶,踐,801,4,5486,33590
final_images/193866.png,邓石如,隶,踐,828,4,5486,33590
final_images/193931.png,柳公权,楷,踦,461,0,5492,5492
final_images/193945.png,褚遂良,楷,踰,760,0,5494,5494
final_images/193970.png,吴叡,隶,踵,171,4,5495,33599
final_images/194009.png,褚遂良,楷,蹄,760,0,5498,5498
final_images/194033.png,吴叡,隶,蹇,171,4,5499,33603
final_images/194034.png,吴叡,隶,蹇,171,4,5499,33603
final_images/194045.png,欧阳询,楷,蹈,479,0,5500,5500
final_images/194098.png,欧阳询,楷,蹕,479,0,5504,5504
final_images/194130.png,褚遂良,楷,蹤,760,0,5506,5506
final_images/194157.png,柳公权,楷,蹲,461,0,5507,5507
final_images/194224.png,褚遂良,楷,躅,760,0,5510,5510
final_images/194238.png,赵孟𫖯,楷,躇,801,0,5511,5511
final_images/194255.png,赵孟𫖯,楷,躍,801,0,5513,5513
final_images/194258.png,颜真卿,楷,躍,956,0,5513,5513
final_images/194273.png,赵孟𫖯,隶,躍,801,4,5513,33617
final_images/194274.png,王澍,隶,躍,589,4,5513,33617
final_images/194290.png,赵孟𫖯,楷,躡,801,0,5516,5516
final_images/194291.png,褚遂良,楷,躡,760,0,5516,5516
final_images/194323.png,欧阳询,楷,身,479,0,5518,5518
final_images/194325.png,颜真卿,楷,身,956,0,5518,5518
final_images/194328.png,智永,楷,身,377,0,5518,5518
final_images/194468.png,陈鸿寿,隶,身,920,4,5518,33622
final_images/194477.png,赵孟𫖯,楷,躬,801,0,5519,5519
final_images/194484.png,智永,楷,躬,377,0,5519,5519
final_images/194520.png,王澍,隶,躬,589,4,5519,33623
final_images/194531.png,柳公权,楷,軀,461,0,5521,5521
final_images/194549.png,赵孟𫖯,楷,車,801,0,5523,5523
final_images/194553.png,智永,楷,車,377,0,5523,5523
final_images/194673.png,吴叡,隶,車,171,4,5523,33627
final_images/194674.png,赵孟𫖯,隶,車,801,4,5523,33627
final_images/194683.png,王澍,隶,車,589,4,5523,33627
final_images/194685.png,陈鸿寿,隶,車,920,4,5523,33627
final_images/194693.png,褚遂良,楷,軌,760,0,5524,5524
final_images/194717.png,赵孟𫖯,楷,軍,801,0,5525,5525
final_images/194726.png,柳公权,楷,軍,461,0,5525,5525
final_images/194727.png,欧阳询,楷,軍,479,0,5525,5525
final_images/194736.png,智永,楷,軍,377,0,5525,5525
final_images/194794.png,赵孟𫖯,隶,軍,801,4,5525,33629
final_images/194803.png,王澍,隶,軍,589,4,5525,33629
final_images/194809.png,吴叡,隶,軑,171,4,5526,33630
final_images/194815.png,欧阳询,楷,軒,479,0,5527,5527
final_images/194816.png,欧阳询,楷,軒,479,0,5527,5527
final_images/194818.png,褚遂良,楷,軒,760,0,5527,5527
final_images/194872.png,欧阳询,楷,軫,479,0,5529,5529
final_images/194902.png,褚遂良,楷,軸,760,0,5530,5530
final_images/194925.png,赵孟𫖯,楷,軻,801,0,5532,5532
final_images/194927.png,智永,楷,軻,377,0,5532,5532
final_images/194939.png,赵孟𫖯,隶,軻,801,4,5532,33636
final_images/194941.png,王澍,隶,軻,589,4,5532,33636
final_images/194948.png,赵孟𫖯,楷,軼,801,0,5533,5533
final_images/194949.png,褚遂良,楷,軼,760,0,5533,5533
final_images/194988.png,赵孟𫖯,楷,輅,801,0,5537,5537
final_images/194989.png,柳公权,楷,輅,461,0,5537,5537
final_images/195012.png,赵孟𫖯,楷,載,801,0,5539,5539
final_images/195016.png,柳公权,楷,載,461,0,5539,5539
final_images/195017.png,欧阳询,楷,載,479,0,5539,5539
final_images/195019.png,颜真卿,楷,載,956,0,5539,5539
final_images/195024.png,智永,楷,載,377,0,5539,5539
final_images/195025.png,智永,楷,載,377,0,5539,5539
final_images/195083.png,吴叡,隶,載,171,4,5539,33643
final_images/195101.png,陈鸿寿,隶,載,920,4,5539,33643
final_images/195106.png,褚遂良,楷,輒,760,0,5540,5540
final_images/195141.png,陈鸿寿,隶,輒,920,4,5540,33644
final_images/195151.png,赵孟𫖯,楷,輔,801,0,5542,5542
final_images/195152.png,柳公权,楷,輔,461,0,5542,5542
final_images/195153.png,颜真卿,楷,輔,956,0,5542,5542
final_images/195188.png,赵孟𫖯,楷,輕,801,0,5543,5543
final_images/195189.png,柳公权,楷,輕,461,0,5543,5543
final_images/195191.png,褚遂良,楷,輕,760,0,5543,5543
final_images/195194.png,智永,楷,輕,377,0,5543,5543
final_images/195226.png,赵孟𫖯,隶,輕,801,4,5543,33647
final_images/195232.png,王澍,隶,輕,589,4,5543,33647
final_images/195253.png,颜真卿,楷,輝,956,0,5545,5545
final_images/195265.png,柳公权,楷,輟,461,0,5546,5546
final_images/195266.png,欧阳询,楷,輟,479,0,5546,5546
final_images/195293.png,赵孟𫖯,楷,輦,801,0,5548,5548
final_images/195294.png,柳公权,楷,輦,461,0,5548,5548
final_images/195320.png,王澍,隶,輦,589,4,5548,33652
final_images/195346.png,陈鸿寿,隶,輩,920,4,5550,33654
final_images/195352.png,褚遂良,楷,輪,760,0,5551,5551
final_images/195353.png,褚遂良,楷,輪,760,0,5551,5551
final_images/195409.png,赵孟𫖯,隶,輶,801,4,5554,33658
final_images/195411.png,王澍,隶,輶,589,4,5554,33658
final_images/195433.png,陈鸿寿,隶,輸,920,4,5555,33659
final_images/195475.png,赵孟𫖯,楷,輿,801,0,5560,5560
final_images/195477.png,柳公权,楷,輿,461,0,5560,5560
final_images/195478.png,柳公权,楷,輿,461,0,5560,5560
final_images/195514.png,赵孟𫖯,楷,轂,801,0,5561,5561
final_images/195515.png,褚遂良,楷,轂,760,0,5561,5561
final_images/195519.png,智永,楷,轂,377,0,5561,5561
final_images/195534.png,赵孟𫖯,隶,轂,801,4,5561,33665
final_images/195553.png,金农,隶,轅,855,4,5563,33667
final_images/195558.png,赵孟𫖯,楷,轉,801,0,5564,5564
final_images/195560.png,欧阳询,楷,轉,479,0,5564,5564
final_images/195561.png,颜真卿,楷,轉,956,0,5564,5564
final_images/195565.png,智永,楷,轉,377,0,5564,5564
final_images/195602.png,吴叡,隶,轉,171,4,5564,33668
final_images/195603.png,赵孟𫖯,隶,轉,801,4,5564,33668
final_images/196110.png,吴叡,隶,辛,171,4,5579,33683
final_images/196194.png,欧阳询,楷,辟,479,0,5583,5583
final_images/196291.png,吴叡,隶,辟,171,4,5583,33687
final_images/196299.png,金农,隶,辟,855,4,5583,33687
final_images/196325.png,陈鸿寿,隶,辠,920,4,5584,33688
final_images/196353.png,柳公权,楷,辦,461,0,5587,5587
final_images/196358.png,陈鸿寿,隶,辦,920,4,5587,33691
final_images/196436.png,赵孟𫖯,楷,辭,801,0,5589,5589
final_images/196440.png,柳公权,楷,辭,461,0,5589,5589
final_images/196441.png,柳公权,楷,辭,461,0,5589,5589
final_images/196442.png,欧阳询,楷,辭,479,0,5589,5589
final_images/196489.png,赵孟𫖯,隶,辭,801,4,5589,33693
final_images/196514.png,柳公权,楷,辯,461,0,5590,5590
final_images/196517.png,智永,楷,辯,377,0,5590,5590
final_images/196542.png,欧阳询,楷,辰,479,0,5591,5591
final_images/196546.png,智永,楷,辰,377,0,5591,5591
final_images/196678.png,王澍,隶,辰,589,4,5591,33695
final_images/196679.png,陈鸿寿,隶,辰,920,4,5591,33695
final_images/196695.png,赵孟𫖯,楷,辱,801,0,5592,5592
final_images/196696.png,欧阳询,楷,辱,479,0,5592,5592
final_images/196744.png,赵孟𫖯,隶,辱,801,4,5592,33696
final_images/196750.png,赵孟𫖯,楷,農,801,0,5593,5593
final_images/196757.png,智永,楷,農,377,0,5593,5593
final_images/196784.png,赵孟𫖯,隶,農,801,4,5593,33697
final_images/196793.png,邓石如,隶,農,828,4,5593,33697
final_images/196794.png,金农,隶,農,855,4,5593,33697
final_images/196795.png,金农,隶,農,855,4,5593,33697
final_images/196796.png,金农,隶,農,855,4,5593,33697
final_images/196917.png,柳公权,楷,迅,461,0,5600,5600
final_images/196979.png,吴叡,隶,迎,171,4,5602,33706
final_images/196981.png,金农,隶,迎,855,4,5602,33706
final_images/197005.png,智永,楷,近,377,0,5604,5604
final_images/197195.png,柳公权,楷,迤,461,0,5615,5615
final_images/197211.png,颜真卿,楷,迥,956,0,5616,5616
final_images/197244.png,褚遂良,楷,迦,760,0,5617,5617
final_images/197257.png,褚遂良,楷,迨,760,0,5618,5618
final_images/197266.png,智永,楷,迩,377,0,5619,5619
final_images/197390.png,赵孟𫖯,楷,述,801,0,5624,5624
final_images/197486.png,智永,楷,迴,377,0,5626,5626
final_images/197501.png,邓石如,隶,迴,828,4,5626,33730
final_images/197552.png,吴叡,隶,迷,171,4,5628,33732
final_images/197614.png,赵孟𫖯,隶,迹,801,4,5630,33734
final_images/197620.png,赵孟𫖯,楷,迺,801,0,5631,5631
final_images/197622.png,柳公权,楷,迺,461,0,5631,5631
final_images/197696.png,王澍,隶,迻,589,4,5632,33736
final_images/197707.png,欧阳询,楷,追,479,0,5633,5633
final_images/197796.png,赵孟𫖯,楷,退,801,0,5634,5634
final_images/197802.png,智永,楷,退,377,0,5634,5634
final_images/197979.png,邓石如,隶,逃,828,4,5636,33740
final_images/197987.png,颜真卿,楷,逆,956,0,5637,5637
final_images/198099.png,智永,楷,逍,377,0,5639,5639
final_images/198111.png,赵孟𫖯,隶,逍,801,4,5639,33743
final_images/198138.png,智永,楷,逐,377,0,5641,5641
final_images/198176.png,吴叡,隶,逐,171,4,5641,33745
final_images/198177.png,赵孟𫖯,隶,逐,801,4,5641,33745
final_images/198257.png,褚遂良,楷,通,760,0,5647,5647
final_images/198334.png,王澍,隶,通,589,4,5647,33751
final_images/198335.png,金农,隶,通,855,4,5647,33751
final_images/198353.png,吴叡,隶,逝,171,4,5648,33752
final_images/198386.png,赵孟𫖯,楷,速,801,0,5650,5650
final_images/198388.png,柳公权,楷,速,461,0,5650,5650
final_images/198389.png,欧阳询,楷,速,479,0,5650,5650
final_images/198429.png,王澍,隶,速,589,4,5650,33754
final_images/198447.png,智永,楷,造,377,0,5651,5651
final_images/198520.png,赵孟𫖯,隶,造,801,4,5651,33755
final_images/198532.png,陈鸿寿,隶,造,920,4,5651,33755
final_images/198589.png,吴叡,隶,逢,171,4,5653,33757
final_images/198593.png,金农,隶,逢,855,4,5653,33757
final_images/198599.png,柳公权,楷,連,461,0,5654,5654
final_images/198645.png,赵孟𫖯,隶,連,801,4,5654,33758
final_images/198693.png,褚遂良,楷,逮,760,0,5657,5657
final_images/198725.png,柳公权,楷,逯,461,0,5658,5658
final_images/198842.png,智永,楷,逸,377,0,5663,5663
final_images/198885.png,赵孟𫖯,隶,逸,801,4,5663,33767
final_images/198890.png,王澍,隶,逸,589,4,5663,33767
final_images/198891.png,邓石如,隶,逸,828,4,5663,33767
final_images/198922.png,赵孟𫖯,隶,逼,801,4,5664,33768
final_images/198932.png,褚遂良,楷,逾,760,0,5665,5665
final_images/198964.png,柳公权,楷,遁,461,0,5666,5666
final_images/198987.png,赵孟𫖯,楷,遂,801,0,5667,5667
final_images/199039.png,吴叡,隶,遂,171,4,5667,33771
final_images/199054.png,邓石如,隶,遂,828,4,5667,33771
final_images/199084.png,赵孟𫖯,楷,遇,801,0,5669,5669
final_images/199141.png,金农,隶,遇,855,4,5669,33773
final_images/199143.png,陈鸿寿,隶,遇,920,4,5669,33773
final_images/199148.png,智永,楷,遊,377,0,5670,5670
final_images/199201.png,金农,隶,遊,855,4,5670,33774
final_images/199210.png,智永,楷,運,377,0,5671,5671
final_images/199230.png,王澍,隶,運,589,4,5671,33775
final_images/199231.png,陈鸿寿,隶,運,920,4,5671,33775
final_images/199264.png,智永,楷,過,377,0,5673,5673
final_images/199333.png,赵孟𫖯,隶,過,801,4,5673,33777
final_images/199342.png,王澍,隶,過,589,4,5673,33777
final_images/199345.png,金农,隶,過,855,4,5673,33777
final_images/199357.png,颜真卿,楷,遏,956,0,5674,5674
final_images/199417.png,赵孟𫖯,隶,遐,801,4,5675,33779
final_images/199464.png,智永,楷,道,377,0,5678,5678
final_images/199569.png,赵孟𫖯,隶,道,801,4,5678,33782
final_images/199594.png,王澍,隶,道,589,4,5678,33782
final_images/199596.png,陈鸿寿,隶,道,920,4,5678,33782
final_images/199650.png,赵孟𫖯,隶,達,801,4,5679,33783
final_images/199657.png,王澍,隶,達,589,4,5679,33783
final_images/199658.png,金农,隶,達,855,4,5679,33783
final_images/199673.png,智永,楷,違,377,0,5680,5680
final_images/199711.png,柳公权,楷,遘,461,0,5682,5682
final_images/199712.png,颜真卿,楷,遘,956,0,5682,5682
final_images/199744.png,褚遂良,楷,遙,760,0,5683,5683
final_images/199747.png,智永,楷,遙,377,0,5683,5683
final_images/199755.png,赵孟𫖯,隶,遙,801,4,5683,33787
final_images/199816.png,智永,楷,遠,377,0,5689,5689
final_images/199900.png,赵孟𫖯,隶,遠,801,4,5689,33793
final_images/199918.png,金农,隶,遠,855,4,5689,33793
final_images/199934.png,欧阳询,楷,遣,479,0,5691,5691
final_images/199938.png,智永,楷,遣,377,0,5691,5691
final_images/199997.png,赵孟𫖯,隶,遣,801,4,5691,33795
final_images/200006.png,王澍,隶,遣,589,4,5691,33795
final_images/200037.png,赵孟𫖯,隶,遥,801,4,5692,33796
final_images/200101.png,吴叡,隶,適,171,4,5694,33798
final_images/200102.png,赵孟𫖯,隶,適,801,4,5694,33798
final_images/200140.png,吴叡,隶,遭,171,4,5696,33800
final_images/200170.png,赵孟𫖯,楷,遯,801,0,5698,5698
final_images/200219.png,吴叡,隶,遲,171,4,5700,33804
final_images/200268.png,吴叡,隶,遵,171,4,5701,33805
final_images/200271.png,王澍,隶,遵,589,4,5701,33805
final_images/200285.png,柳公权,楷,遷,461,0,5703,5703
final_images/200286.png,褚遂良,楷,遷,760,0,5703,5703
final_images/200329.png,褚遂良,楷,選,760,0,5704,5704
final_images/200330.png,褚遂良,楷,選,760,0,5704,5704
final_images/200342.png,陈鸿寿,隶,選,920,4,5704,33808
final_images/200343.png,陈鸿寿,隶,選,920,4,5704,33808
final_images/200361.png,欧阳询,楷,遺,479,0,5706,5706
final_images/200363.png,褚遂良,楷,遺,760,0,5706,5706
final_images/200412.png,吴叡,隶,遺,171,4,5706,33810
final_images/200454.png,赵孟𫖯,隶,遼,801,4,5707,33811
final_images/200470.png,柳公权,楷,遽,461,0,5708,5708
final_images/200507.png,赵孟𫖯,楷,避,801,0,5709,5709
final_images/200558.png,柳公权,楷,邁,461,0,5711,5711
final_images/200659.png,吴叡,隶,邃,171,4,5712,33816
final_images/200740.png,金农,隶,還,855,4,5713,33817
final_images/200747.png,吴叡,隶,邅,171,4,5714,33818
final_images/200765.png,赵孟𫖯,隶,邇,801,4,5715,33819
final_images/200766.png,王澍,隶,邇,589,4,5715,33819
final_images/200778.png,颜真卿,楷,邈,956,0,5716,5716
final_images/200782.png,智永,楷,邈,377,0,5716,5716
final_images/200801.png,吴叡,隶,邈,171,4,5716,33820
final_images/200804.png,王澍,隶,邈,589,4,5716,33820
final_images/200810.png,赵孟𫖯,楷,邊,801,0,5717,5717
final_images/200818.png,柳公权,楷,邊,461,0,5717,5717
final_images/200820.png,颜真卿,楷,邊,956,0,5717,5717
final_images/200917.png,赵孟𫖯,楷,邑,801,0,5720,5720
final_images/200921.png,柳公权,楷,邑,461,0,5720,5720
final_images/200922.png,欧阳询,楷,邑,479,0,5720,5720
final_images/200923.png,颜真卿,楷,邑,956,0,5720,5720
final_images/201056.png,吴叡,隶,邑,171,4,5720,33824
final_images/201057.png,赵孟𫖯,隶,邑,801,4,5720,33824
final_images/201063.png,陈鸿寿,隶,邑,920,4,5720,33824
final_images/201075.png,欧阳询,楷,邕,479,0,5721,5721
final_images/201128.png,王澍,隶,邙,589,4,5723,33827
final_images/201215.png,金农,隶,那,855,4,5727,33831
final_images/201233.png,柳公权,楷,邦,461,0,5728,5728
final_images/201234.png,欧阳询,楷,邦,479,0,5728,5728
final_images/201362.png,金农,隶,邨,855,4,5729,33833
final_images/201380.png,赵孟𫖯,楷,邪,801,0,5730,5730
final_images/201382.png,褚遂良,楷,邪,760,0,5730,5730
final_images/201383.png,褚遂良,楷,邪,760,0,5730,5730
final_images/201384.png,褚遂良,楷,邪,760,0,5730,5730
final_images/201385.png,颜真卿,楷,邪,956,0,5730,5730
final_images/201386.png,颜真卿,楷,邪,956,0,5730,5730
final_images/201556.png,柳公权,楷,邵,461,0,5737,5737
final_images/201635.png,颜真卿,楷,邾,956,0,5740,5740
final_images/201747.png,赵孟𫖯,楷,郊,801,0,5746,5746
final_images/201779.png,赵孟𫖯,楷,郎,801,0,5747,5747
final_images/201785.png,柳公权,楷,郎,461,0,5747,5747
final_images/201786.png,欧阳询,楷,郎,479,0,5747,5747
final_images/201788.png,颜真卿,楷,郎,956,0,5747,5747
final_images/201853.png,金农,隶,郎,855,4,5747,33851
final_images/201976.png,柳公权,楷,郞,461,0,5752,5752
final_images/201977.png,柳公权,楷,郞,461,0,5752,5752
final_images/201978.png,欧阳询,楷,郞,479,0,5752,5752
final_images/201979.png,颜真卿,楷,郞,956,0,5752,5752
final_images/202016.png,赵孟𫖯,隶,郞,801,4,5752,33856
final_images/202037.png,王澍,隶,郞,589,4,5752,33856
final_images/202038.png,金农,隶,郞,855,4,5752,33856
final_images/202039.png,陈鸿寿,隶,郞,920,4,5752,33856
final_images/202051.png,赵孟𫖯,楷,郡,801,0,5753,5753
final_images/202056.png,欧阳询,楷,郡,479,0,5753,5753
final_images/202058.png,颜真卿,楷,郡,956,0,5753,5753
final_images/202133.png,王澍,隶,郡,589,4,5753,33857
final_images/202136.png,金农,隶,郡,855,4,5753,33857
final_images/202241.png,赵孟𫖯,楷,部,801,0,5756,5756
final_images/202249.png,欧阳询,楷,部,479,0,5756,5756
final_images/202250.png,褚遂良,楷,部,760,0,5756,5756
final_images/202251.png,颜真卿,楷,部,956,0,5756,5756
final_images/202324.png,欧阳询,楷,郭,479,0,5758,5758
final_images/202325.png,颜真卿,楷,郭,956,0,5758,5758
final_images/202487.png,吴叡,隶,郷,171,4,5761,33865
final_images/202503.png,柳公权,楷,都,461,0,5762,5762
final_images/202505.png,褚遂良,楷,都,760,0,5762,5762
final_images/202586.png,吴叡,隶,都,171,4,5762,33866
final_images/202587.png,赵孟𫖯,隶,都,801,4,5762,33866
final_images/202600.png,王澍,隶,都,589,4,5762,33866
final_images/202602.png,邓石如,隶,都,828,4,5762,33866
final_images/202603.png,邓石如,隶,都,828,4,5762,33866
final_images/202654.png,颜真卿,楷,鄆,956,0,5765,5765
final_images/202666.png,柳公权,楷,鄉,461,0,5766,5766
final_images/202668.png,颜真卿,楷,鄉,956,0,5766,5766
final_images/202726.png,吴叡,隶,鄉,171,4,5766,33870
final_images/202738.png,赵孟𫖯,楷,鄒,801,0,5767,5767
final_images/202739.png,欧阳询,楷,鄒,479,0,5767,5767
final_images/202740.png,颜真卿,楷,鄒,956,0,5767,5767
final_images/202757.png,柳公权,楷,鄕,461,0,5769,5769
final_images/202759.png,颜真卿,楷,鄕,956,0,5769,5769
final_images/202829.png,陈鸿寿,隶,鄕,920,4,5769,33873
final_images/202859.png,褚遂良,楷,鄙,760,0,5771,5771
final_images/202890.png,柳公权,楷,鄜,461,0,5772,5772
final_images/202960.png,赵孟𫖯,楷,鄧,801,0,5776,5776
final_images/202989.png,柳公权,楷,鄭,461,0,5777,5777
final_images/202990.png,褚遂良,楷,鄭,760,0,5777,5777
final_images/202991.png,颜真卿,楷,鄭,956,0,5777,5777
final_images/203026.png,褚遂良,楷,鄰,760,0,5778,5778
final_images/203079.png,欧阳询,楷,鄴,479,0,5781,5781
final_images/203133.png,赵孟𫖯,楷,酉,801,0,5786,5786
final_images/203135.png,颜真卿,楷,酉,956,0,5786,5786
final_images/203280.png,柳公权,楷,酋,461,0,5787,5787
final_images/203308.png,褚遂良,楷,酌,760,0,5788,5788
final_images/203342.png,褚遂良,楷,配,760,0,5789,5789
final_images/203343.png,褚遂良,楷,配,760,0,5789,5789
final_images/203386.png,陈鸿寿,隶,配,920,4,5789,33893
final_images/203408.png,赵孟𫖯,楷,酒,801,0,5791,5791
final_images/203410.png,颜真卿,楷,酒,956,0,5791,5791
final_images/203413.png,智永,楷,酒,377,0,5791,5791
final_images/203477.png,赵孟𫖯,隶,酒,801,4,5791,33895
final_images/203488.png,金农,隶,酒,855,4,5791,33895
final_images/203673.png,赵孟𫖯,楷,酷,801,0,5802,5802
final_images/203811.png,柳公权,楷,醉,461,0,5808,5808
final_images/203848.png,金农,隶,醉,855,4,5808,33912
final_images/203892.png,柳公权,楷,醒,461,0,5811,5811
final_images/203907.png,颜真卿,楷,醖,956,0,5812,5812
final_images/203912.png,赵孟𫖯,楷,醜,801,0,5813,5813
final_images/203930.png,颜真卿,楷,醞,956,0,5814,5814
final_images/203969.png,颜真卿,楷,醫,956,0,5817,5817
final_images/204020.png,赵孟𫖯,楷,醯,801,0,5820,5820
final_images/204047.png,欧阳询,楷,醴,479,0,5822,5822
final_images/204115.png,赵孟𫖯,楷,釁,801,0,5825,5825
final_images/204118.png,褚遂良,楷,釁,760,0,5825,5825
final_images/204251.png,欧阳询,楷,釋,479,0,5830,5830
final_images/204275.png,吴叡,隶,釋,171,4,5830,33934
final_images/204276.png,赵孟𫖯,隶,釋,801,4,5830,33934
final_images/204282.png,王澍,隶,釋,589,4,5830,33934
final_images/204283.png,陈鸿寿,隶,釋,920,4,5830,33934
final_images/204304.png,欧阳询,楷,里,479,0,5831,5831
final_images/204305.png,褚遂良,楷,里,760,0,5831,5831
final_images/204427.png,陈鸿寿,隶,里,920,4,5831,33935
final_images/204449.png,赵孟𫖯,楷,重,801,0,5832,5832
final_images/204457.png,智永,楷,重,377,0,5832,5832
final_images/204559.png,吴叡,隶,重,171,4,5832,33936
final_images/204560.png,赵孟𫖯,隶,重,801,4,5832,33936
final_images/204573.png,王澍,隶,重,589,4,5832,33936
final_images/204574.png,金农,隶,重,855,4,5832,33936
final_images/204593.png,赵孟𫖯,楷,野,801,0,5833,5833
final_images/204602.png,智永,楷,野,377,0,5833,5833
final_images/204649.png,赵孟𫖯,隶,野,801,4,5833,33937
final_images/204655.png,金农,隶,野,855,4,5833,33937
final_images/204656.png,陈鸿寿,隶,野,920,4,5833,33937
final_images/204673.png,赵孟𫖯,楷,量,801,0,5834,5834
final_images/204681.png,智永,楷,量,377,0,5834,5834
final_images/204731.png,吴叡,隶,量,171,4,5834,33938
final_images/204736.png,王澍,隶,量,589,4,5834,33938
final_images/204739.png,金农,隶,量,855,4,5834,33938
final_images/204747.png,褚遂良,楷,釐,760,0,5835,5835
final_images/204748.png,褚遂良,楷,釐,760,0,5835,5835
final_images/204789.png,赵孟𫖯,楷,金,801,0,5836,5836
final_images/204797.png,褚遂良,楷,金,760,0,5836,5836
final_images/204798.png,褚遂良,楷,金,760,0,5836,5836
final_images/204799.png,褚遂良,楷,金,760,0,5836,5836
final_images/204800.png,颜真卿,楷,金,956,0,5836,5836
final_images/204814.png,智永,楷,金,377,0,5836,5836
final_images/205034.png,赵孟𫖯,隶,金,801,4,5836,33940
final_images/205050.png,王澍,隶,金,589,4,5836,33940
final_images/205051.png,邓石如,隶,金,828,4,5836,33940
final_images/205053.png,金农,隶,金,855,4,5836,33940
final_images/205054.png,金农,隶,金,855,4,5836,33940
final_images/205055.png,金农,隶,金,855,4,5836,33940
final_images/205056.png,金农,隶,金,855,4,5836,33940
final_images/205082.png,赵孟𫖯,楷,釜,801,0,5838,5838
final_images/205100.png,赵孟𫖯,楷,釣,801,0,5840,5840
final_images/205124.png,赵孟𫖯,隶,釣,801,4,5840,33944
final_images/205192.png,颜真卿,楷,鈎,956,0,5848,5848
final_images/205238.png,赵孟𫖯,楷,鈞,801,0,5851,5851
final_images/205243.png,智永,楷,鈞,377,0,5851,5851
final_images/205260.png,王澍,隶,鈞,589,4,5851,33955
final_images/205294.png,赵孟𫖯,楷,鉅,801,0,5856,5856
final_images/205297.png,智永,楷,鉅,377,0,5856,5856
final_images/205314.png,王澍,隶,鉅,589,4,5856,33960
final_images/205361.png,颜真卿,楷,鉛,956,0,5862,5862
final_images/205373.png,赵孟𫖯,楷,鉞,801,0,5863,5863
final_images/205374.png,颜真卿,楷,鉞,956,0,5863,5863
final_images/205377.png,陈鸿寿,隶,鉞,920,4,5863,33967
final_images/205390.png,赵孟𫖯,楷,鉤,801,0,5865,5865
final_images/205446.png,赵孟𫖯,隶,銀,801,4,5867,33971
final_images/205449.png,王澍,隶,銀,589,4,5867,33971
final_images/205454.png,赵孟𫖯,楷,銅,801,0,5868,5868
final_images/205456.png,柳公权,楷,銅,461,0,5868,5868
final_images/205489.png,柳公权,楷,銑,461,0,5870,5870
final_images/205491.png,颜真卿,楷,銑,956,0,5870,5870
final_images/205505.png,颜真卿,楷,銓,956,0,5872,5872
final_images/205521.png,欧阳询,楷,銖,479,0,5874,5874
final_images/205530.png,赵孟𫖯,楷,銘,801,0,5875,5875
final_images/205537.png,欧阳询,楷,銘,479,0,5875,5875
final_images/205545.png,智永,楷,銘,377,0,5875,5875
final_images/205572.png,赵孟𫖯,隶,銘,801,4,5875,33979
final_images/205579.png,王澍,隶,銘,589,4,5875,33979
final_images/205580.png,陈鸿寿,隶,銘,920,4,5875,33979
final_images/205581.png,陈鸿寿,隶,銘,920,4,5875,33979
final_images/205607.png,欧阳询,楷,銜,479,0,5878,5878
final_images/205623.png,柳公权,楷,銳,461,0,5879,5879
final_images/205624.png,颜真卿,楷,銳,956,0,5879,5879
final_images/205660.png,欧阳询,楷,鋒,479,0,5882,5882
final_images/205698.png,柳公权,楷,鋪,461,0,5886,5886
final_images/205711.png,颜真卿,楷,鋭,956,0,5887,5887
final_images/205828.png,赵孟𫖯,楷,錢,801,0,5897,5897
final_images/205831.png,颜真卿,楷,錢,956,0,5897,5897
final_images/205875.png,金农,隶,錢,855,4,5897,34001
final_images/205876.png,金农,隶,錢,855,4,5897,34001
final_images/205877.png,陈鸿寿,隶,錢,920,4,5897,34001
final_images/205911.png,赵孟𫖯,楷,錫,801,0,5900,5900
final_images/205914.png,柳公权,楷,錫,461,0,5900,5900
final_images/205916.png,颜真卿,楷,錫,956,0,5900,5900
final_images/205938.png,吴叡,隶,錫,171,4,5900,34004
final_images/205991.png,柳公权,楷,録,461,0,5904,5904
final_images/206039.png,赵孟𫖯,楷,鍚,801,0,5908,5908
final_images/206074.png,赵孟𫖯,楷,鍪,801,0,5911,5911
final_images/206076.png,欧阳询,楷,鍪,479,0,5911,5911
final_images/206122.png,赵孟𫖯,楷,鍾,801,0,5915,5915
final_images/206126.png,柳公权,楷,鍾,461,0,5915,5915
final_images/206127.png,柳公权,楷,鍾,461,0,5915,5915
final_images/206128.png,欧阳询,楷,鍾,479,0,5915,5915
final_images/206135.png,智永,楷,鍾,377,0,5915,5915
final_images/206158.png,赵孟𫖯,隶,鍾,801,4,5915,34019
final_images/206165.png,王澍,隶,鍾,589,4,5915,34019
final_images/206196.png,颜真卿,楷,鎗,956,0,5920,5920
final_images/206207.png,颜真卿,楷,鎚,956,0,5921,5921
final_images/206222.png,颜真卿,楷,鎧,956,0,5922,5922
final_images/206255.png,柳公权,楷,鎭,461,0,5925,5925
final_images/206256.png,欧阳询,楷,鎭,479,0,5925,5925
final_images/206257.png,褚遂良,楷,鎭,760,0,5925,5925
final_images/206258.png,颜真卿,楷,鎭,956,0,5925,5925
final_images/206277.png,柳公权,楷,鎮,461,0,5926,5926
final_images/206278.png,欧阳询,楷,鎮,479,0,5926,5926
final_images/206279.png,褚遂良,楷,鎮,760,0,5926,5926
final_images/206280.png,颜真卿,楷,鎮,956,0,5926,5926
final_images/206290.png,赵孟𫖯,楷,鎸,801,0,5927,5927
final_images/206294.png,颜真卿,楷,鎸,956,0,5927,5927
final_images/206317.png,柳公权,楷,鏗,461,0,5930,5930
final_images/206345.png,赵孟𫖯,楷,鏡,801,0,5934,5934
final_images/206349.png,柳公权,楷,鏡,461,0,5934,5934
final_images/206351.png,褚遂良,楷,鏡,760,0,5934,5934
final_images/206352.png,褚遂良,楷,鏡,760,0,5934,5934
final_images/206353.png,颜真卿,楷,鏡,956,0,5934,5934
final_images/206371.png,褚遂良,楷,鏤,760,0,5935,5935
final_images/206393.png,颜真卿,楷,鐍,956,0,5937,5937
final_images/206432.png,赵孟𫖯,楷,鐘,801,0,5943,5943
final_images/206433.png,柳公权,楷,鐘,461,0,5943,5943
final_images/206494.png,邓石如,隶,鐘,828,4,5943,34047
final_images/206525.png,褚遂良,楷,鐵,760,0,5946,5946
final_images/206593.png,赵孟𫖯,楷,鑄,801,0,5951,5951
final_images/206632.png,智永,楷,鑑,377,0,5953,5953
final_images/206652.png,赵孟𫖯,隶,鑑,801,4,5953,34057
final_images/206664.png,欧阳询,楷,鑒,479,0,5954,5954
final_images/206665.png,颜真卿,楷,鑒,956,0,5954,5954
final_images/206687.png,柳公权,楷,鑠,461,0,5955,5955
final_images/206698.png,褚遂良,楷,鑣,760,0,5956,5956
final_images/206705.png,颜真卿,楷,鑪,956,0,5957,5957
final_images/206742.png,欧阳询,楷,鑾,479,0,5962,5962
final_images/206777.png,吴叡,隶,鑿,171,4,5963,34067
final_images/206918.png,欧阳询,楷,長,479,0,5975,5975
final_images/206921.png,颜真卿,楷,長,956,0,5975,5975
final_images/206927.png,智永,楷,長,377,0,5975,5975
final_images/207100.png,吴叡,隶,長,171,4,5975,34079
final_images/207101.png,赵孟𫖯,隶,長,801,4,5975,34079
final_images/207125.png,王澍,隶,長,589,4,5975,34079
final_images/207127.png,邓石如,隶,長,828,4,5975,34079
final_images/207128.png,金农,隶,長,855,4,5975,34079
final_images/207129.png,陈鸿寿,隶,長,920,4,5975,34079
final_images/207167.png,柳公权,楷,門,461,0,5978,5978
final_images/207169.png,褚遂良,楷,門,760,0,5978,5978
final_images/207170.png,颜真卿,楷,門,956,0,5978,5978
final_images/207304.png,赵孟𫖯,隶,門,801,4,5978,34082
final_images/207321.png,王澍,隶,門,589,4,5978,34082
final_images/207323.png,金农,隶,門,855,4,5978,34082
final_images/207324.png,金农,隶,門,855,4,5978,34082
final_images/207326.png,陈鸿寿,隶,門,920,4,5978,34082
final_images/207346.png,欧阳询,楷,閉,479,0,5981,5981
final_images/207381.png,赵孟𫖯,楷,開,801,0,5982,5982
final_images/207391.png,褚遂良,楷,開,760,0,5982,5982
final_images/207393.png,颜真卿,楷,開,956,0,5982,5982
final_images/207438.png,吴叡,隶,開,171,4,5982,34086
final_images/207449.png,邓石如,隶,開,828,4,5982,34086
final_images/207450.png,邓石如,隶,開,828,4,5982,34086
final_images/207451.png,金农,隶,開,855,4,5982,34086
final_images/207456.png,褚遂良,楷,閎,760,0,5983,5983
final_images/207469.png,智永,楷,閏,377,0,5984,5984
final_images/207484.png,赵孟𫖯,隶,閏,801,4,5984,34088
final_images/207485.png,王澍,隶,閏,589,4,5984,34088
final_images/207491.png,智永,楷,閑,377,0,5985,5985
final_images/207513.png,赵孟𫖯,隶,閑,801,4,5985,34089
final_images/207517.png,王澍,隶,閑,589,4,5985,34089
final_images/207527.png,褚遂良,楷,閒,760,0,5986,5986
final_images/207574.png,金农,隶,閒,855,4,5986,34090
final_images/207577.png,赵孟𫖯,楷,間,801,0,5987,5987
final_images/207578.png,颜真卿,楷,間,956,0,5987,5987
final_images/207615.png,金农,隶,間,855,4,5987,34091
final_images/207618.png,赵孟𫖯,楷,閔,801,0,5988,5988
final_images/207619.png,褚遂良,楷,閔,760,0,5988,5988
final_images/207620.png,智永,楷,閔,377,0,5988,5988
final_images/207630.png,金农,隶,閔,855,4,5988,34092
final_images/207666.png,颜真卿,楷,閣,956,0,5992,5992
final_images/207691.png,柳公权,楷,閤,461,0,5993,5993
final_images/207710.png,吴叡,隶,閨,171,4,5995,34099
final_images/207727.png,褚遂良,楷,閫,760,0,5997,5997
final_images/207735.png,褚遂良,楷,閬,760,0,5998,5998
final_images/207739.png,吴叡,隶,閬,171,4,5998,34102
final_images/207745.png,欧阳询,楷,閭,479,0,5999,5999
final_images/207760.png,赵孟𫖯,楷,閱,801,0,6000,6000
final_images/207762.png,褚遂良,楷,閱,760,0,6000,6000
final_images/207778.png,赵孟𫖯,楷,閲,801,0,6001,6001
final_images/207780.png,褚遂良,楷,閲,760,0,6001,6001
final_images/207873.png,陈鸿寿,隶,闋,920,4,6009,34113
final_images/207923.png,赵孟𫖯,楷,闔,801,0,6014,6014
final_images/207929.png,吴叡,隶,闔,171,4,6014,34118
final_images/207938.png,欧阳询,楷,闕,479,0,6015,6015
final_images/207939.png,褚遂良,楷,闕,760,0,6015,6015
final_images/207940.png,褚遂良,楷,闕,760,0,6015,6015
final_images/207941.png,颜真卿,楷,闕,956,0,6015,6015
final_images/207970.png,王澍,隶,闕,589,4,6015,34119
final_images/207979.png,颜真卿,楷,關,956,0,6016,6016
final_images/207980.png,颜真卿,楷,關,956,0,6016,6016
final_images/208029.png,邓石如,隶,關,828,4,6016,34120
final_images/208044.png,柳公权,楷,闡,461,0,6018,6018
final_images/208047.png,褚遂良,楷,闡,760,0,6018,6018
final_images/208055.png,柳公权,楷,闢,461,0,6019,6019
final_images/208056.png,褚遂良,楷,闢,760,0,6019,6019
final_images/208057.png,颜真卿,楷,闢,956,0,6019,6019
final_images/208188.png,柳公权,楷,阜,461,0,6029,6029
final_images/208189.png,褚遂良,楷,阜,760,0,6029,6029
final_images/208192.png,智永,楷,阜,377,0,6029,6029
final_images/208222.png,赵孟𫖯,隶,阜,801,4,6029,34133
final_images/208223.png,金农,隶,阜,855,4,6029,34133
final_images/208328.png,赵孟𫖯,楷,阮,801,0,6035,6035
final_images/208334.png,智永,楷,阮,377,0,6035,6035
final_images/208360.png,赵孟𫖯,隶,阮,801,4,6035,34139
final_images/208396.png,柳公权,楷,防,461,0,6037,6037
final_images/208397.png,褚遂良,楷,防,760,0,6037,6037
final_images/208529.png,吴叡,隶,阽,171,4,6044,34148
final_images/208557.png,赵孟𫖯,楷,阿,801,0,6046,6046
final_images/208563.png,智永,楷,阿,377,0,6046,6046
final_images/208592.png,吴叡,隶,阿,171,4,6046,34150
final_images/208628.png,欧阳询,楷,陁,479,0,6048,6048
final_images/208648.png,颜真卿,楷,陂,956,0,6049,6049
final_images/208677.png,褚遂良,楷,附,760,0,6050,6050
final_images/208760.png,赵孟𫖯,隶,陋,801,4,6053,34157
final_images/208797.png,赵孟𫖯,楷,降,801,0,6055,6055
final_images/208804.png,柳公权,楷,降,461,0,6055,6055
final_images/208806.png,褚遂良,楷,降,760,0,6055,6055
final_images/208807.png,褚遂良,楷,降,760,0,6055,6055
final_images/208808.png,颜真卿,楷,降,956,0,6055,6055
final_images/208932.png,颜真卿,楷,限,956,0,6056,6056
final_images/208989.png,智永,楷,陛,377,0,6058,6058
final_images/209007.png,赵孟𫖯,隶,陛,801,4,6058,34162
final_images/209008.png,王澍,隶,陛,589,4,6058,34162
final_images/209013.png,颜真卿,楷,陝,956,0,6059,6059
final_images/209026.png,赵孟𫖯,隶,陞,801,4,6060,34164
final_images/209045.png,褚遂良,楷,陟,760,0,6061,6061
final_images/209049.png,智永,楷,陟,377,0,6061,6061
final_images/209114.png,吴叡,隶,陟,171,4,6061,34165
final_images/209115.png,赵孟𫖯,隶,陟,801,4,6061,34165
final_images/209117.png,王澍,隶,陟,589,4,6061,34165
final_images/209136.png,柳公权,楷,院,461,0,6062,6062
final_images/209163.png,邓石如,隶,院,828,4,6062,34166
final_images/209168.png,褚遂良,楷,陣,760,0,6063,6063
final_images/209200.png,赵孟𫖯,楷,除,801,0,6064,6064
final_images/209206.png,褚遂良,楷,除,760,0,6064,6064
final_images/209207.png,颜真卿,楷,除,956,0,6064,6064
final_images/209278.png,邓石如,隶,除,828,4,6064,34168
final_images/209315.png,赵孟𫖯,楷,陪,801,0,6067,6067
final_images/209319.png,智永,楷,陪,377,0,6067,6067
final_images/209335.png,赵孟𫖯,隶,陪,801,4,6067,34171
final_images/209338.png,王澍,隶,陪,589,4,6067,34171
final_images/209369.png,赵孟𫖯,楷,陰,801,0,6069,6069
final_images/209373.png,褚遂良,楷,陰,760,0,6069,6069
final_images/209374.png,褚遂良,楷,陰,760,0,6069,6069
final_images/209375.png,颜真卿,楷,陰,956,0,6069,6069
final_images/209380.png,智永,楷,陰,377,0,6069,6069
final_images/209450.png,陈鸿寿,隶,陰,920,4,6069,34173
final_images/209468.png,赵孟𫖯,楷,陳,801,0,6071,6071
final_images/209469.png,赵孟𫖯,楷,陳,801,0,6071,6071
final_images/209470.png,欧阳询,楷,陳,479,0,6071,6071
final_images/209472.png,褚遂良,楷,陳,760,0,6071,6071
final_images/209473.png,褚遂良,楷,陳,760,0,6071,6071
final_images/209477.png,智永,楷,陳,377,0,6071,6071
final_images/209548.png,王澍,隶,陳,589,4,6071,34175
final_images/209549.png,金农,隶,陳,855,4,6071,34175
final_images/209551.png,陈鸿寿,隶,陳,920,4,6071,34175
final_images/209574.png,柳公权,楷,陵,461,0,6073,6073
final_images/209575.png,褚遂良,楷,陵,760,0,6073,6073
final_images/209576.png,颜真卿,楷,陵,956,0,6073,6073
final_images/209649.png,邓石如,隶,陵,828,4,6073,34177
final_images/209677.png,赵孟𫖯,楷,陶,801,0,6074,6074
final_images/209678.png,柳公权,楷,陶,461,0,6074,6074
final_images/209680.png,颜真卿,楷,陶,956,0,6074,6074
final_images/209684.png,智永,楷,陶,377,0,6074,6074
final_images/209721.png,王澍,隶,陶,589,4,6074,34178
final_images/209722.png,陈鸿寿,隶,陶,920,4,6074,34178
final_images/209744.png,颜真卿,楷,陷,956,0,6075,6075
final_images/209770.png,赵孟𫖯,楷,陸,801,0,6076,6076
final_images/209772.png,欧阳询,楷,陸,479,0,6076,6076
final_images/209774.png,褚遂良,楷,陸,760,0,6076,6076
final_images/209775.png,褚遂良,楷,陸,760,0,6076,6076
final_images/209776.png,颜真卿,楷,陸,956,0,6076,6076
final_images/209808.png,赵孟𫖯,楷,陽,801,0,6077,6077
final_images/209817.png,颜真卿,楷,陽,956,0,6077,6077
final_images/209821.png,智永,楷,陽,377,0,6077,6077
final_images/209921.png,赵孟𫖯,隶,陽,801,4,6077,34181
final_images/209938.png,金农,隶,陽,855,4,6077,34181
final_images/209939.png,陈鸿寿,隶,陽,920,4,6077,34181
final_images/210024.png,赵孟𫖯,楷,隅,801,0,6080,6080
final_images/210026.png,欧阳询,楷,隅,479,0,6080,6080
final_images/210082.png,褚遂良,楷,隆,760,0,6081,6081
final_images/210195.png,金农,隶,隋,855,4,6084,34188
final_images/210215.png,赵孟𫖯,楷,階,801,0,6086,6086
final_images/210238.png,王澍,隶,階,589,4,6086,34190
final_images/210300.png,颜真卿,楷,隔,956,0,6090,6090
final_images/210329.png,邓石如,隶,隔,828,4,6090,34194
final_images/210344.png,吴叡,隶,隕,171,4,6091,34195
final_images/210421.png,赵孟𫖯,楷,隙,801,0,6094,6094
final_images/210435.png,赵孟𫖯,楷,際,801,0,6095,6095
final_images/210437.png,褚遂良,楷,際,760,0,6095,6095
final_images/210469.png,赵孟𫖯,楷,障,801,0,6096,6096
final_images/210482.png,赵孟𫖯,楷,隤,801,0,6097,6097
final_images/210505.png,褚遂良,楷,隧,760,0,6098,6098
final_images/210513.png,赵孟𫖯,楷,隨,801,0,6099,6099
final_images/210515.png,柳公权,楷,隨,461,0,6099,6099
final_images/210520.png,智永,楷,隨,377,0,6099,6099
final_images/210563.png,赵孟𫖯,隶,隨,801,4,6099,34203
final_images/210572.png,王澍,隶,隨,589,4,6099,34203
final_images/210574.png,金农,隶,隨,855,4,6099,34203
final_images/210581.png,欧阳询,楷,隩,479,0,6100,6100
final_images/210587.png,柳公权,楷,險,461,0,6101,6101
final_images/210588.png,褚遂良,楷,險,760,0,6101,6101
final_images/210589.png,颜真卿,楷,險,956,0,6101,6101
final_images/210610.png,吴叡,隶,險,171,4,6101,34205
final_images/210618.png,褚遂良,楷,隮,760,0,6102,6102
final_images/210641.png,褚遂良,楷,隱,760,0,6104,6104
final_images/210646.png,智永,楷,隱,377,0,6104,6104
final_images/210697.png,赵孟𫖯,隶,隱,801,4,6104,34208
final_images/210701.png,邓石如,隶,隱,828,4,6104,34208
final_images/210703.png,金农,隶,隱,855,4,6104,34208
final_images/210710.png,柳公权,楷,隴,461,0,6105,6105
final_images/210712.png,颜真卿,楷,隴,956,0,6105,6105
final_images/210743.png,颜真卿,楷,隸,956,0,6107,6107
final_images/210796.png,王澍,隶,隸,589,4,6107,34211
final_images/210797.png,金农,隶,隸,855,4,6107,34211
final_images/211054.png,赵孟𫖯,楷,雀,801,0,6114,6114
final_images/211170.png,柳公权,楷,雄,461,0,6116,6116
final_images/211171.png,颜真卿,楷,雄,956,0,6116,6116
final_images/211250.png,赵孟𫖯,楷,雅,801,0,6117,6117
final_images/211255.png,褚遂良,楷,雅,760,0,6117,6117
final_images/211256.png,褚遂良,楷,雅,760,0,6117,6117
final_images/211257.png,褚遂良,楷,雅,760,0,6117,6117
final_images/211259.png,颜真卿,楷,雅,956,0,6117,6117
final_images/211267.png,智永,楷,雅,377,0,6117,6117
final_images/211320.png,王澍,隶,雅,589,4,6117,34221
final_images/211323.png,金农,隶,雅,855,4,6117,34221
final_images/211343.png,柳公权,楷,集,461,0,6118,6118
final_images/211344.png,颜真卿,楷,集,956,0,6118,6118
final_images/211348.png,智永,楷,集,377,0,6118,6118
final_images/211426.png,金农,隶,集,855,4,6118,34222
final_images/211550.png,欧阳询,楷,雍,479,0,6122,6122
final_images/211552.png,颜真卿,楷,雍,956,0,6122,6122
final_images/211553.png,颜真卿,楷,雍,956,0,6122,6122
final_images/211583.png,邓石如,隶,雍,828,4,6122,34226
final_images/211623.png,王澍,隶,雒,589,4,6124,34228
final_images/211646.png,欧阳询,楷,雕,479,0,6126,6126
final_images/211667.png,柳公权,楷,雖,461,0,6127,6127
final_images/211668.png,欧阳询,楷,雖,479,0,6127,6127
final_images/211726.png,吴叡,隶,雖,171,4,6127,34231
final_images/211758.png,赵孟𫖯,楷,雙,801,0,6129,6129
final_images/211759.png,赵孟𫖯,楷,雙,801,0,6129,6129
final_images/211765.png,欧阳询,楷,雙,479,0,6129,6129
final_images/211829.png,柳公权,楷,雜,461,0,6132,6132
final_images/211830.png,柳公权,楷,雜,461,0,6132,6132
final_images/211831.png,欧阳询,楷,雜,479,0,6132,6132
final_images/211891.png,赵孟𫖯,楷,雞,801,0,6134,6134
final_images/211897.png,智永,楷,雞,377,0,6134,6134
final_images/211925.png,赵孟𫖯,隶,雞,801,4,6134,34238
final_images/211927.png,王澍,隶,雞,589,4,6134,34238
final_images/211928.png,陈鸿寿,隶,雞,920,4,6134,34238
final_images/211938.png,欧阳询,楷,離,479,0,6135,6135
final_images/211940.png,褚遂良,楷,離,760,0,6135,6135
final_images/211942.png,智永,楷,離,377,0,6135,6135
final_images/211983.png,吴叡,隶,離,171,4,6135,34239
final_images/211992.png,邓石如,隶,離,828,4,6135,34239
final_images/211993.png,金农,隶,離,855,4,6135,34239
final_images/212000.png,赵孟𫖯,楷,難,801,0,6136,6136
final_images/212003.png,欧阳询,楷,難,479,0,6136,6136
final_images/212004.png,褚遂良,楷,難,760,0,6136,6136
final_images/212009.png,智永,楷,難,377,0,6136,6136
final_images/212109.png,王澍,隶,難,589,4,6136,34240
final_images/212126.png,吴叡,隶,雧,171,4,6138,34242
final_images/212137.png,赵孟𫖯,楷,雨,801,0,6139,6139
final_images/212139.png,褚遂良,楷,雨,760,0,6139,6139
final_images/212144.png,智永,楷,雨,377,0,6139,6139
final_images/212259.png,赵孟𫖯,隶,雨,801,4,6139,34243
final_images/212270.png,王澍,隶,雨,589,4,6139,34243
final_images/212284.png,褚遂良,楷,雩,760,0,6140,6140
final_images/212347.png,柳公权,楷,雪,461,0,6141,6141
final_images/212348.png,褚遂良,楷,雪,760,0,6141,6141
final_images/212388.png,邓石如,隶,雪,828,4,6141,34245
final_images/212401.png,赵孟𫖯,楷,雲,801,0,6143,6143
final_images/212406.png,欧阳询,楷,雲,479,0,6143,6143
final_images/212407.png,褚遂良,楷,雲,760,0,6143,6143
final_images/212408.png,颜真卿,楷,雲,956,0,6143,6143
final_images/212414.png,智永,楷,雲,377,0,6143,6143
final_images/212482.png,吴叡,隶,雲,171,4,6143,34247
final_images/212483.png,赵孟𫖯,隶,雲,801,4,6143,34247
final_images/212495.png,邓石如,隶,雲,828,4,6143,34247
final_images/212497.png,陈鸿寿,隶,雲,920,4,6143,34247
final_images/212540.png,吴叡,隶,零,171,4,6144,34248
final_images/212553.png,赵孟𫖯,楷,雷,801,0,6145,6145
final_images/212556.png,颜真卿,楷,雷,956,0,6145,6145
final_images/212557.png,颜真卿,楷,雷,956,0,6145,6145
final_images/212611.png,吴叡,隶,雷,171,4,6145,34249
final_images/212718.png,赵孟𫖯,楷,霄,801,0,6150,6150
final_images/212721.png,欧阳询,楷,霄,479,0,6150,6150
final_images/212724.png,智永,楷,霄,377,0,6150,6150
final_images/212749.png,赵孟𫖯,隶,霄,801,4,6150,34254
final_images/212750.png,王澍,隶,霄,589,4,6150,34254
final_images/212779.png,颜真卿,楷,霆,956,0,6152,6152
final_images/212806.png,赵孟𫖯,楷,震,801,0,6153,6153
final_images/212812.png,柳公权,楷,震,461,0,6153,6153
final_images/212876.png,褚遂良,楷,霍,760,0,6154,6154
final_images/212877.png,褚遂良,楷,霍,760,0,6154,6154
final_images/212919.png,吴叡,隶,霑,171,4,6157,34261
final_images/212938.png,颜真卿,楷,霓,956,0,6158,6158
final_images/212945.png,吴叡,隶,霓,171,4,6158,34262
final_images/212994.png,智永,楷,霜,377,0,6161,6161
final_images/213038.png,赵孟𫖯,隶,霜,801,4,6161,34265
final_images/213131.png,赵孟𫖯,楷,霞,801,0,6163,6163
final_images/213134.png,欧阳询,楷,霞,479,0,6163,6163
final_images/213152.png,邓石如,隶,霞,828,4,6163,34267
final_images/213230.png,赵孟𫖯,楷,露,801,0,6169,6169
final_images/213231.png,柳公权,楷,露,461,0,6169,6169
final_images/213233.png,褚遂良,楷,露,760,0,6169,6169
final_images/213235.png,智永,楷,露,377,0,6169,6169
final_images/213278.png,吴叡,隶,露,171,4,6169,34273
final_images/213279.png,赵孟𫖯,隶,露,801,4,6169,34273
final_images/213281.png,邓石如,隶,露,828,4,6169,34273
final_images/213298.png,赵孟𫖯,楷,霸,801,0,6170,6170
final_images/213299.png,褚遂良,楷,霸,760,0,6170,6170
final_images/213300.png,褚遂良,楷,霸,760,0,6170,6170
final_images/213302.png,智永,楷,霸,377,0,6170,6170
final_images/213370.png,赵孟𫖯,隶,霸,801,4,6170,34274
final_images/213375.png,王澍,隶,霸,589,4,6170,34274
final_images/213460.png,柳公权,楷,靈,461,0,6177,6177
final_images/213467.png,智永,楷,靈,377,0,6177,6177
final_images/213513.png,赵孟𫖯,隶,靈,801,4,6177,34281
final_images/213529.png,金农,隶,靈,855,4,6177,34281
final_images/213545.png,褚遂良,楷,靑,760,0,6179,6179
final_images/213546.png,褚遂良,楷,靑,760,0,6179,6179
final_images/213615.png,赵孟𫖯,隶,靑,801,4,6179,34283
final_images/213625.png,王澍,隶,靑,589,4,6179,34283
final_images/213628.png,陈鸿寿,隶,靑,920,4,6179,34283
final_images/213651.png,褚遂良,楷,青,760,0,6180,6180
final_images/213652.png,褚遂良,楷,青,760,0,6180,6180
final_images/213654.png,智永,楷,青,377,0,6180,6180
final_images/213735.png,赵孟𫖯,隶,青,801,4,6180,34284
final_images/213746.png,王澍,隶,青,589,4,6180,34284
final_images/213802.png,赵孟𫖯,楷,静,801,0,6182,6182
final_images/213804.png,柳公权,楷,静,461,0,6182,6182
final_images/213806.png,褚遂良,楷,静,760,0,6182,6182
final_images/213807.png,颜真卿,楷,静,956,0,6182,6182
final_images/213815.png,智永,楷,静,377,0,6182,6182
final_images/213891.png,赵孟𫖯,隶,静,801,4,6182,34286
final_images/213897.png,王澍,隶,静,589,4,6182,34286
final_images/213899.png,邓石如,隶,静,828,4,6182,34286
final_images/213904.png,赵孟𫖯,楷,靜,801,0,6183,6183
final_images/213907.png,柳公权,楷,靜,461,0,6183,6183
final_images/213908.png,褚遂良,楷,靜,760,0,6183,6183
final_images/213909.png,颜真卿,楷,靜,956,0,6183,6183
final_images/213970.png,赵孟𫖯,隶,靜,801,4,6183,34287
final_images/213975.png,王澍,隶,靜,589,4,6183,34287
final_images/213977.png,陈鸿寿,隶,靜,920,4,6183,34287
final_images/214003.png,欧阳询,楷,非,479,0,6184,6184
final_images/214005.png,褚遂良,楷,非,760,0,6184,6184
final_images/214006.png,颜真卿,楷,非,956,0,6184,6184
final_images/214010.png,智永,楷,非,377,0,6184,6184
final_images/214158.png,赵孟𫖯,隶,非,801,4,6184,34288
final_images/214195.png,赵孟𫖯,楷,靡,801,0,6185,6185
final_images/214199.png,欧阳询,楷,靡,479,0,6185,6185
final_images/214240.png,赵孟𫖯,隶,靡,801,4,6185,34289
final_images/214245.png,金农,隶,靡,855,4,6185,34289
final_images/214266.png,赵孟𫖯,楷,面,801,0,6186,6186
final_images/214273.png,智永,楷,面,377,0,6186,6186
final_images/214347.png,赵孟𫖯,隶,面,801,4,6186,34290
final_images/214377.png,颜真卿,楷,革,956,0,6187,6187
final_images/214439.png,金农,隶,革,855,4,6187,34291
final_images/214593.png,赵孟𫖯,楷,鞍,801,0,6197,6197
final_images/214601.png,赵孟𫖯,楷,鞏,801,0,6198,6198
final_images/214664.png,赵孟𫖯,楷,鞠,801,0,6200,6200
final_images/214666.png,褚遂良,楷,鞠,760,0,6200,6200
final_images/214667.png,颜真卿,楷,鞠,956,0,6200,6200
final_images/214671.png,智永,楷,鞠,377,0,6200,6200
final_images/214735.png,陈鸿寿,隶,鞫,920,4,6203,34307
final_images/214769.png,赵孟𫖯,楷,鞮,801,0,6205,6205
final_images/214791.png,赵孟𫖯,楷,韋,801,0,6207,6207
final_images/214793.png,褚遂良,楷,韋,760,0,6207,6207
final_images/214794.png,颜真卿,楷,韋,956,0,6207,6207
final_images/214910.png,柳公权,楷,韓,461,0,6210,6210
final_images/214912.png,褚遂良,楷,韓,760,0,6210,6210
final_images/214916.png,智永,楷,韓,377,0,6210,6210
final_images/214940.png,赵孟𫖯,隶,韓,801,4,6210,34314
final_images/214946.png,王澍,隶,韓,589,4,6210,34314
final_images/214980.png,褚遂良,楷,韞,760,0,6215,6215
final_images/215074.png,柳公权,楷,音,461,0,6221,6221
final_images/215075.png,褚遂良,楷,音,760,0,6221,6221
final_images/215076.png,颜真卿,楷,音,956,0,6221,6221
final_images/215077.png,智永,楷,音,377,0,6221,6221
final_images/215159.png,赵孟𫖯,隶,音,801,4,6221,34325
final_images/215166.png,王澍,隶,音,589,4,6221,34325
final_images/215210.png,吴叡,隶,韶,171,4,6223,34327
final_images/215215.png,赵孟𫖯,楷,韻,801,0,6224,6224
final_images/215218.png,褚遂良,楷,韻,760,0,6224,6224
final_images/215238.png,赵孟𫖯,隶,韻,801,4,6224,34328
final_images/215239.png,王澍,隶,韻,589,4,6224,34328
final_images/215253.png,褚遂良,楷,響,760,0,6226,6226
final_images/215284.png,颜真卿,楷,頂,956,0,6228,6228
final_images/215300.png,颜真卿,楷,頃,956,0,6229,6229
final_images/215361.png,柳公权,楷,順,461,0,6232,6232
final_images/215362.png,褚遂良,楷,順,760,0,6232,6232
final_images/215363.png,颜真卿,楷,順,956,0,6232,6232
final_images/215404.png,陈鸿寿,隶,順,920,4,6232,34336
final_images/215411.png,欧阳询,楷,須,479,0,6233,6233
final_images/215412.png,颜真卿,楷,須,956,0,6233,6233
final_images/215483.png,欧阳询,楷,頌,479,0,6234,6234
final_images/215484.png,颜真卿,楷,頌,956,0,6234,6234
final_images/215522.png,邓石如,隶,頌,828,4,6234,34338
final_images/215527.png,颜真卿,楷,頎,956,0,6235,6235
final_images/215545.png,欧阳询,楷,預,479,0,6237,6237
final_images/215575.png,赵孟𫖯,楷,頓,801,0,6240,6240
final_images/215579.png,智永,楷,頓,377,0,6240,6240
final_images/215625.png,赵孟𫖯,隶,頓,801,4,6240,34344
final_images/215628.png,王澍,隶,頓,589,4,6240,34344
final_images/215629.png,金农,隶,頓,855,4,6240,34344
final_images/215633.png,赵孟𫖯,楷,頗,801,0,6241,6241
final_images/215635.png,颜真卿,楷,頗,956,0,6241,6241
final_images/215641.png,智永,楷,頗,377,0,6241,6241
final_images/215665.png,吴叡,隶,頗,171,4,6241,34345
final_images/215666.png,赵孟𫖯,隶,頗,801,4,6241,34345
final_images/215673.png,褚遂良,楷,領,760,0,6242,6242
final_images/215674.png,颜真卿,楷,領,956,0,6242,6242
final_images/215700.png,赵孟𫖯,隶,領,801,4,6242,34346
final_images/215702.png,王澍,隶,領,589,4,6242,34346
final_images/215706.png,赵孟𫖯,楷,頟,801,0,6243,6243
final_images/215714.png,颜真卿,楷,頡,956,0,6244,6244
final_images/215753.png,赵孟𫖯,楷,頫,801,0,6246,6246
final_images/215814.png,邓石如,隶,頭,828,4,6247,34351
final_images/215815.png,金农,隶,頭,855,4,6247,34351
final_images/215853.png,颜真卿,楷,頵,956,0,6251,6251
final_images/215864.png,吴叡,隶,頷,171,4,6252,34356
final_images/215870.png,赵孟𫖯,楷,頸,801,0,6253,6253
final_images/215906.png,颜真卿,楷,頻,956,0,6255,6255
final_images/215920.png,欧阳询,楷,頽,479,0,6256,6256
final_images/215937.png,欧阳询,楷,題,479,0,6257,6257
final_images/215939.png,颜真卿,楷,題,956,0,6257,6257
final_images/215972.png,颜真卿,楷,額,956,0,6258,6258
final_images/215979.png,陈鸿寿,隶,額,920,4,6258,34362
final_images/215983.png,褚遂良,楷,顏,760,0,6259,6259
final_images/215984.png,颜真卿,楷,顏,956,0,6259,6259
final_images/216035.png,颜真卿,楷,顒,956,0,6260,6260
final_images/216040.png,赵孟𫖯,楷,顓,801,0,6261,6261
final_images/216041.png,颜真卿,楷,顓,956,0,6261,6261
final_images/216049.png,褚遂良,楷,顔,760,0,6262,6262
final_images/216050.png,颜真卿,楷,顔,956,0,6262,6262
final_images/216096.png,柳公权,楷,願,461,0,6263,6263
final_images/216099.png,颜真卿,楷,願,956,0,6263,6263
final_images/216136.png,吴叡,隶,願,171,4,6263,34367
final_images/216141.png,王澍,隶,願,589,4,6263,34367
final_images/216148.png,智永,楷,顙,377,0,6264,6264
final_images/216149.png,智永,楷,顙,377,0,6264,6264
final_images/216156.png,赵孟𫖯,隶,顙,801,4,6264,34368
final_images/216158.png,王澍,隶,顙,589,4,6264,34368
final_images/216165.png,颜真卿,楷,顚,956,0,6265,6265
final_images/216185.png,吴叡,隶,顚,171,4,6265,34369
final_images/216186.png,赵孟𫖯,隶,顚,801,4,6265,34369
final_images/216189.png,王澍,隶,顚,589,4,6265,34369
final_images/216198.png,颜真卿,楷,顛,956,0,6266,6266
final_images/216217.png,吴叡,隶,顛,171,4,6266,34370
final_images/216218.png,赵孟𫖯,隶,顛,801,4,6266,34370
final_images/216220.png,王澍,隶,顛,589,4,6266,34370
final_images/216227.png,欧阳询,楷,類,479,0,6267,6267
final_images/216228.png,褚遂良,楷,類,760,0,6267,6267
final_images/216229.png,褚遂良,楷,類,760,0,6267,6267
final_images/216230.png,颜真卿,楷,類,956,0,6267,6267
final_images/216273.png,柳公权,楷,顧,461,0,6268,6268
final_images/216274.png,欧阳询,楷,顧,479,0,6268,6268
final_images/216276.png,褚遂良,楷,顧,760,0,6268,6268
final_images/216277.png,颜真卿,楷,顧,956,0,6268,6268
final_images/216282.png,智永,楷,顧,377,0,6268,6268
final_images/216318.png,吴叡,隶,顧,171,4,6268,34372
final_images/216319.png,吴叡,隶,顧,171,4,6268,34372
final_images/216320.png,赵孟𫖯,隶,顧,801,4,6268,34372
final_images/216324.png,邓石如,隶,顧,828,4,6268,34372
final_images/216325.png,陈鸿寿,隶,顧,920,4,6268,34372
final_images/216344.png,褚遂良,楷,顯,760,0,6270,6270
final_images/216447.png,赵孟𫖯,隶,顰,801,4,6271,34375
final_images/216448.png,王澍,隶,顰,589,4,6271,34375
final_images/216583.png,柳公权,楷,風,461,0,6282,6282
final_images/216584.png,欧阳询,楷,風,479,0,6282,6282
final_images/216586.png,褚遂良,楷,風,760,0,6282,6282
final_images/216587.png,褚遂良,楷,風,760,0,6282,6282
final_images/216680.png,吴叡,隶,風,171,4,6282,34386
final_images/216698.png,金农,隶,風,855,4,6282,34386
final_images/216701.png,陈鸿寿,隶,風,920,4,6282,34386
final_images/216719.png,赵孟𫖯,楷,颻,801,0,6285,6285
final_images/216728.png,赵孟𫖯,隶,颻,801,4,6285,34389
final_images/216729.png,王澍,隶,颻,589,4,6285,34389
final_images/216741.png,赵孟𫖯,楷,飄,801,0,6287,6287
final_images/216766.png,吴叡,隶,飄,171,4,6287,34391
final_images/216767.png,赵孟𫖯,隶,飄,801,4,6287,34391
final_images/216768.png,王澍,隶,飄,589,4,6287,34391
final_images/216792.png,赵孟𫖯,楷,飛,801,0,6290,6290
final_images/216861.png,吴叡,隶,飛,171,4,6290,34394
final_images/216864.png,王澍,隶,飛,589,4,6290,34394
final_images/216865.png,邓石如,隶,飛,828,4,6290,34394
final_images/216874.png,褚遂良,楷,飜,760,0,6291,6291
final_images/216879.png,邓石如,隶,飜,828,4,6291,34395
final_images/216894.png,赵孟𫖯,楷,食,801,0,6292,6292
final_images/216897.png,欧阳询,楷,食,479,0,6292,6292
final_images/216899.png,褚遂良,楷,食,760,0,6292,6292
final_images/216900.png,颜真卿,楷,食,956,0,6292,6292
final_images/217014.png,王澍,隶,食,589,4,6292,34396
final_images/217015.png,邓石如,隶,食,828,4,6292,34396
final_images/217016.png,金农,隶,食,855,4,6292,34396
final_images/217017.png,金农,隶,食,855,4,6292,34396
final_images/217018.png,陈鸿寿,隶,食,920,4,6292,34396
final_images/217020.png,赵孟𫖯,楷,飡,801,0,6293,6293
final_images/217022.png,欧阳询,楷,飡,479,0,6293,6293
final_images/217023.png,褚遂良,楷,飡,760,0,6293,6293
final_images/217024.png,颜真卿,楷,飡,956,0,6293,6293
final_images/217035.png,赵孟𫖯,楷,飢,801,0,6294,6294
final_images/217039.png,智永,楷,飢,377,0,6294,6294
final_images/217054.png,赵孟𫖯,隶,飢,801,4,6294,34398
final_images/217148.png,赵孟𫖯,楷,飫,801,0,6298,6298
final_images/217161.png,柳公权,楷,飭,461,0,6299,6299
final_images/217173.png,欧阳询,楷,飮,479,0,6300,6300
final_images/217190.png,吴叡,隶,飮,171,4,6300,34404
final_images/217195.png,金农,隶,飮,855,4,6300,34404
final_images/217204.png,赵孟𫖯,楷,飯,801,0,6301,6301
final_images/217205.png,褚遂良,楷,飯,760,0,6301,6301
final_images/217208.png,智永,楷,飯,377,0,6301,6301
final_images/217226.png,赵孟𫖯,隶,飯,801,4,6301,34405
final_images/217236.png,欧阳询,楷,飲,479,0,6302,6302
final_images/217237.png,欧阳询,楷,飲,479,0,6302,6302
final_images/217254.png,吴叡,隶,飲,171,4,6302,34406
final_images/217273.png,赵孟𫖯,楷,飽,801,0,6304,6304
final_images/217274.png,颜真卿,楷,飽,956,0,6304,6304
final_images/217276.png,智永,楷,飽,377,0,6304,6304
final_images/217285.png,赵孟𫖯,隶,飽,801,4,6304,34408
final_images/217290.png,柳公权,楷,飾,461,0,6305,6305
final_images/217291.png,欧阳询,楷,飾,479,0,6305,6305
final_images/217292.png,褚遂良,楷,飾,760,0,6305,6305
final_images/217293.png,颜真卿,楷,飾,956,0,6305,6305
final_images/217304.png,吴叡,隶,飾,171,4,6305,34409
final_images/217305.png,吴叡,隶,飾,171,4,6305,34409
final_images/217343.png,颜真卿,楷,養,956,0,6309,6309
final_images/217348.png,智永,楷,養,377,0,6309,6309
final_images/217379.png,赵孟𫖯,隶,養,801,4,6309,34413
final_images/217386.png,王澍,隶,養,589,4,6309,34413
final_images/217396.png,欧阳询,楷,餌,479,0,6310,6310
final_images/217472.png,赵孟𫖯,楷,餘,801,0,6315,6315
final_images/217475.png,柳公权,楷,餘,461,0,6315,6315
final_images/217476.png,褚遂良,楷,餘,760,0,6315,6315
final_images/217477.png,颜真卿,楷,餘,956,0,6315,6315
final_images/217531.png,赵孟𫖯,隶,餘,801,4,6315,34419
final_images/217542.png,王澍,隶,餘,589,4,6315,34419
final_images/217543.png,邓石如,隶,餘,828,4,6315,34419
final_images/217545.png,金农,隶,餘,855,4,6315,34419
final_images/217551.png,褚遂良,楷,餞,760,0,6316,6316
final_images/217552.png,颜真卿,楷,餞,956,0,6316,6316
final_images/217575.png,颜真卿,楷,餧,956,0,6319,6319
final_images/217583.png,褚遂良,楷,館,760,0,6320,6320
final_images/217584.png,颜真卿,楷,館,956,0,6320,6320
final_images/217594.png,邓石如,隶,館,828,4,6320,34424
final_images/217599.png,赵孟𫖯,楷,餱,801,0,6321,6321
final_images/217699.png,赵孟𫖯,楷,饒,801,0,6331,6331
final_images/217701.png,褚遂良,楷,饒,760,0,6331,6331
final_images/217702.png,颜真卿,楷,饒,956,0,6331,6331
final_images/217753.png,赵孟𫖯,楷,饘,801,0,6335,6335
final_images/217816.png,欧阳询,楷,首,479,0,6341,6341
final_images/217817.png,颜真卿,楷,首,956,0,6341,6341
final_images/218019.png,吴叡,隶,首,171,4,6341,34445
final_images/218020.png,赵孟𫖯,隶,首,801,4,6341,34445
final_images/218066.png,柳公权,楷,香,461,0,6343,6343
final_images/218067.png,颜真卿,楷,香,956,0,6343,6343
final_images/218121.png,邓石如,隶,香,828,4,6343,34447
final_images/218145.png,褚遂良,楷,馥,760,0,6345,6345
final_images/218181.png,智永,楷,馨,377,0,6346,6346
final_images/218200.png,赵孟𫖯,隶,馨,801,4,6346,34450
final_images/218210.png,欧阳询,楷,馬,479,0,6347,6347
final_images/218211.png,褚遂良,楷,馬,760,0,6347,6347
final_images/218212.png,颜真卿,楷,馬,956,0,6347,6347
final_images/218457.png,吴叡,隶,馬,171,4,6347,34451
final_images/218466.png,金农,隶,馬,855,4,6347,34451
final_images/218467.png,陈鸿寿,隶,馬,920,4,6347,34451
final_images/218493.png,柳公权,楷,馮,461,0,6349,6349
final_images/218518.png,赵孟𫖯,楷,馳,801,0,6350,6350
final_images/218521.png,褚遂良,楷,馳,760,0,6350,6350
final_images/218523.png,智永,楷,馳,377,0,6350,6350
final_images/218554.png,王澍,隶,馳,589,4,6350,34454
final_images/218558.png,赵孟𫖯,楷,馴,801,0,6351,6351
final_images/218569.png,赵孟𫖯,楷,駁,801,0,6352,6352
final_images/218581.png,颜真卿,楷,駐,956,0,6353,6353
final_images/218594.png,智永,楷,駒,377,0,6354,6354
final_images/218614.png,赵孟𫖯,隶,駒,801,4,6354,34458
final_images/218617.png,王澍,隶,駒,589,4,6354,34458
final_images/218629.png,褚遂良,楷,駕,760,0,6355,6355
final_images/218630.png,颜真卿,楷,駕,956,0,6355,6355
final_images/218632.png,智永,楷,駕,377,0,6355,6355
final_images/218661.png,吴叡,隶,駕,171,4,6355,34459
final_images/218662.png,赵孟𫖯,隶,駕,801,4,6355,34459
final_images/218669.png,王澍,隶,駕,589,4,6355,34459
final_images/218670.png,陈鸿寿,隶,駕,920,4,6355,34459
final_images/218707.png,吴叡,隶,駝,171,4,6358,34462
final_images/218713.png,赵孟𫖯,楷,駟,801,0,6359,6359
final_images/218716.png,褚遂良,楷,駟,760,0,6359,6359
final_images/218750.png,赵孟𫖯,楷,駢,801,0,6361,6361
final_images/218767.png,赵孟𫖯,楷,駭,801,0,6362,6362
final_images/218769.png,颜真卿,楷,駭,956,0,6362,6362
final_images/218791.png,王澍,隶,駭,589,4,6362,34466
final_images/218795.png,柳公权,楷,駮,461,0,6363,6363
final_images/218802.png,赵孟𫖯,楷,駱,801,0,6364,6364
final_images/218832.png,颜真卿,楷,騁,956,0,6367,6367
final_images/218841.png,吴叡,隶,騁,171,4,6367,34471
final_images/218863.png,赵孟𫖯,楷,騈,801,0,6370,6370
final_images/218876.png,柳公权,楷,騎,461,0,6371,6371
final_images/218902.png,赵孟𫖯,隶,騎,801,4,6371,34475
final_images/218909.png,王澍,隶,騎,589,4,6371,34475
final_images/218919.png,吴叡,隶,騏,171,4,6372,34476
final_images/218931.png,吴叡,隶,騖,171,4,6374,34478
final_images/218960.png,褚遂良,楷,騫,760,0,6378,6378
final_images/218971.png,欧阳询,楷,騰,479,0,6379,6379
final_images/218974.png,褚遂良,楷,騰,760,0,6379,6379
final_images/218975.png,颜真卿,楷,騰,956,0,6379,6379
final_images/218980.png,智永,楷,騰,377,0,6379,6379
final_images/219000.png,吴叡,隶,騰,171,4,6379,34483
final_images/219004.png,王澍,隶,騰,589,4,6379,34483
final_images/219038.png,邓石如,隶,騷,828,4,6381,34485
final_images/219047.png,智永,楷,騾,377,0,6382,6382
final_images/219054.png,赵孟𫖯,隶,騾,801,4,6382,34486
final_images/219078.png,欧阳询,楷,驃,479,0,6385,6385
final_images/219089.png,赵孟𫖯,楷,驅,801,0,6386,6386
final_images/219106.png,吴叡,隶,驅,171,4,6386,34490
final_images/219135.png,吴叡,隶,驕,171,4,6388,34492
final_images/219142.png,颜真卿,楷,驗,956,0,6389,6389
final_images/219168.png,赵孟𫖯,楷,驚,801,0,6392,6392
final_images/219169.png,柳公权,楷,驚,461,0,6392,6392
final_images/219211.png,陈鸿寿,隶,驚,920,4,6392,34496
final_images/219227.png,柳公权,楷,驟,461,0,6394,6394
final_images/219239.png,赵孟𫖯,楷,驢,801,0,6395,6395
final_images/219243.png,智永,楷,驢,377,0,6395,6395
final_images/219256.png,王澍,隶,驢,589,4,6395,34499
final_images/219261.png,赵孟𫖯,楷,驤,801,0,6396,6396
final_images/219265.png,智永,楷,驤,377,0,6396,6396
final_images/219277.png,王澍,隶,驤,589,4,6396,34500
final_images/219285.png,吴叡,隶,驥,171,4,6397,34501
final_images/219290.png,赵孟𫖯,楷,驩,801,0,6398,6398
final_images/219393.png,赵孟𫖯,楷,骨,801,0,6407,6407
final_images/219394.png,柳公权,楷,骨,461,0,6407,6407
final_images/219397.png,颜真卿,楷,骨,956,0,6407,6407
final_images/219489.png,赵孟𫖯,楷,骸,801,0,6411,6411
final_images/219491.png,褚遂良,楷,骸,760,0,6411,6411
final_images/219508.png,赵孟𫖯,隶,骸,801,4,6411,34515
final_images/219509.png,王澍,隶,骸,589,4,6411,34515
final_images/219561.png,赵孟𫖯,楷,體,801,0,6416,6416
final_images/219562.png,欧阳询,楷,體,479,0,6416,6416
final_images/219567.png,智永,楷,體,377,0,6416,6416
final_images/219607.png,赵孟𫖯,隶,體,801,4,6416,34520
final_images/219617.png,王澍,隶,體,589,4,6416,34520
final_images/219618.png,邓石如,隶,體,828,4,6416,34520
final_images/219631.png,赵孟𫖯,楷,高,801,0,6417,6417
final_images/219641.png,柳公权,楷,高,461,0,6417,6417
final_images/219642.png,欧阳询,楷,高,479,0,6417,6417
final_images/219644.png,颜真卿,楷,高,956,0,6417,6417
final_images/219652.png,智永,楷,高,377,0,6417,6417
final_images/219769.png,吴叡,隶,高,171,4,6417,34521
final_images/219770.png,赵孟𫖯,隶,高,801,4,6417,34521
final_images/219793.png,邓石如,隶,高,828,4,6417,34521
final_images/219794.png,金农,隶,高,855,4,6417,34521
final_images/219802.png,赵孟𫖯,楷,髙,801,0,6418,6418
final_images/219812.png,欧阳询,楷,髙,479,0,6418,6418
final_images/219814.png,褚遂良,楷,髙,760,0,6418,6418
final_images/219815.png,褚遂良,楷,髙,760,0,6418,6418
final_images/219816.png,颜真卿,楷,髙,956,0,6418,6418
final_images/219936.png,吴叡,隶,髙,171,4,6418,34522
final_images/219937.png,赵孟𫖯,隶,髙,801,4,6418,34522
final_images/220039.png,陈鸿寿,隶,髦,920,4,6422,34526
final_images/220044.png,赵孟𫖯,楷,髪,801,0,6423,6423
final_images/220047.png,欧阳询,楷,髪,479,0,6423,6423
final_images/220048.png,颜真卿,楷,髪,956,0,6423,6423
final_images/220078.png,赵孟𫖯,隶,髪,801,4,6423,34527
final_images/220080.png,王澍,隶,髪,589,4,6423,34527
final_images/220081.png,邓石如,隶,髪,828,4,6423,34527
final_images/220099.png,赵孟𫖯,楷,髮,801,0,6425,6425
final_images/220102.png,欧阳询,楷,髮,479,0,6425,6425
final_images/220103.png,颜真卿,楷,髮,956,0,6425,6425
final_images/220135.png,王澍,隶,髮,589,4,6425,34529
final_images/220136.png,邓石如,隶,髮,828,4,6425,34529
final_images/220160.png,颜真卿,楷,髴,956,0,6428,6428
final_images/220182.png,柳公权,楷,髻,461,0,6429,6429
final_images/220183.png,颜真卿,楷,髻,956,0,6429,6429
final_images/220255.png,赵孟𫖯,楷,鬣,801,0,6434,6434
final_images/220318.png,赵孟𫖯,楷,鬯,801,0,6438,6438
final_images/220379.png,赵孟𫖯,楷,鬱,801,0,6439,6439
final_images/220381.png,颜真卿,楷,鬱,956,0,6439,6439
final_images/220386.png,智永,楷,鬱,377,0,6439,6439
final_images/220404.png,吴叡,隶,鬱,171,4,6439,34543
final_images/220405.png,赵孟𫖯,隶,鬱,801,4,6439,34543
final_images/220753.png,赵孟𫖯,隶,魄,801,4,6448,34552
final_images/220774.png,赵孟𫖯,楷,魏,801,0,6449,6449
final_images/220783.png,欧阳询,楷,魏,479,0,6449,6449
final_images/220784.png,褚遂良,楷,魏,760,0,6449,6449
final_images/220785.png,褚遂良,楷,魏,760,0,6449,6449
final_images/220789.png,智永,楷,魏,377,0,6449,6449
final_images/220816.png,赵孟𫖯,隶,魏,801,4,6449,34553
final_images/220846.png,赵孟𫖯,楷,魚,801,0,6451,6451
final_images/220848.png,柳公权,楷,魚,461,0,6451,6451
final_images/220849.png,颜真卿,楷,魚,956,0,6451,6451
final_images/220856.png,智永,楷,魚,377,0,6451,6451
final_images/220995.png,赵孟𫖯,隶,魚,801,4,6451,34555
final_images/221000.png,王澍,隶,魚,589,4,6451,34555
final_images/221004.png,赵孟𫖯,楷,魯,801,0,6452,6452
final_images/221009.png,颜真卿,楷,魯,956,0,6452,6452
final_images/221127.png,金农,隶,鮭,855,4,6457,34561
final_images/221159.png,吴叡,隶,鮮,171,4,6458,34562
final_images/221194.png,赵孟𫖯,楷,鯊,801,0,6460,6460
final_images/221216.png,柳公权,楷,鯨,461,0,6462,6462
final_images/221260.png,邓石如,隶,鰥,828,4,6466,34570
final_images/221300.png,智永,楷,鱗,377,0,6470,6470
final_images/221318.png,王澍,隶,鱗,589,4,6470,34574
final_images/221323.png,赵孟𫖯,楷,鱣,801,0,6471,6471
final_images/221344.png,赵孟𫖯,楷,鱸,801,0,6473,6473
final_images/221355.png,欧阳询,楷,鱻,479,0,6474,6474
final_images/221399.png,褚遂良,楷,鳥,760,0,6478,6478
final_images/221400.png,颜真卿,楷,鳥,956,0,6478,6478
final_images/221406.png,智永,楷,鳥,377,0,6478,6478
final_images/221471.png,吴叡,隶,鳥,171,4,6478,34582
final_images/221472.png,赵孟𫖯,隶,鳥,801,4,6478,34582
final_images/221489.png,赵孟𫖯,楷,鳧,801,0,6480,6480
final_images/221523.png,吴叡,隶,鳩,171,4,6481,34585
final_images/221527.png,赵孟𫖯,楷,鳯,801,0,6482,6482
final_images/221531.png,欧阳询,楷,鳯,479,0,6482,6482
final_images/221533.png,颜真卿,楷,鳯,956,0,6482,6482
final_images/221538.png,智永,楷,鳯,377,0,6482,6482
final_images/221571.png,赵孟𫖯,隶,鳯,801,4,6482,34586
final_images/221578.png,赵孟𫖯,楷,鳳,801,0,6483,6483
final_images/221581.png,褚遂良,楷,鳳,760,0,6483,6483
final_images/221624.png,吴叡,隶,鳳,171,4,6483,34587
final_images/221625.png,赵孟𫖯,隶,鳳,801,4,6483,34587
final_images/221628.png,王澍,隶,鳳,589,4,6483,34587
final_images/221690.png,王澍,隶,鳴,589,4,6484,34588
final_images/221715.png,吴叡,隶,鴂,171,4,6486,34590
final_images/221720.png,赵孟𫖯,楷,鴆,801,0,6487,6487
final_images/221721.png,吴叡,隶,鴆,171,4,6487,34591
final_images/221726.png,赵孟𫖯,楷,鴈,801,0,6488,6488
final_images/221754.png,邓石如,隶,鴈,828,4,6488,34592
final_images/221769.png,赵孟𫖯,楷,鴛,801,0,6490,6490
final_images/221776.png,赵孟𫖯,楷,鴟,801,0,6491,6491
final_images/221819.png,赵孟𫖯,楷,鴻,801,0,6496,6496
final_images/221821.png,柳公权,楷,鴻,461,0,6496,6496
final_images/221824.png,褚遂良,楷,鴻,760,0,6496,6496
final_images/221825.png,颜真卿,楷,鴻,956,0,6496,6496
final_images/221852.png,陈鸿寿,隶,鴻,920,4,6496,34600
final_images/221874.png,吴叡,隶,鵜,171,4,6499,34603
final_images/221904.png,赵孟𫖯,楷,鵡,801,0,6503,6503
final_images/221913.png,颜真卿,楷,鵬,956,0,6504,6504
final_images/221918.png,赵孟𫖯,楷,鵲,801,0,6505,6505
final_images/221935.png,赵孟𫖯,楷,鵾,801,0,6506,6506
final_images/221939.png,智永,楷,鵾,377,0,6506,6506
final_images/221943.png,赵孟𫖯,隶,鵾,801,4,6506,34610
final_images/221955.png,褚遂良,楷,鶤,760,0,6508,6508
final_images/221960.png,王澍,隶,鶤,589,4,6508,34612
final_images/221996.png,赵孟𫖯,楷,鶴,801,0,6512,6512
final_images/221999.png,欧阳询,楷,鶴,479,0,6512,6512
final_images/222000.png,颜真卿,楷,鶴,956,0,6512,6512
final_images/222021.png,邓石如,隶,鶴,828,4,6512,34616
final_images/222022.png,金农,隶,鶴,855,4,6512,34616
final_images/222027.png,柳公权,楷,鶻,461,0,6513,6513
final_images/222084.png,赵孟𫖯,楷,鷙,801,0,6519,6519
final_images/222085.png,欧阳询,楷,鷙,479,0,6519,6519
final_images/222128.png,褚遂良,楷,鷲,760,0,6521,6521
final_images/222150.png,赵孟𫖯,楷,鷺,801,0,6523,6523
final_images/222166.png,赵孟𫖯,楷,鸇,801,0,6524,6524
final_images/222178.png,赵孟𫖯,楷,鸚,801,0,6526,6526
final_images/222276.png,王澍,隶,鹹,589,4,6533,34637
final_images/222284.png,颜真卿,楷,鹽,956,0,6534,6534
final_images/222302.png,陈鸿寿,隶,鹽,920,4,6534,34638
final_images/222317.png,赵孟𫖯,楷,鹿,801,0,6535,6535
final_images/222382.png,陈鸿寿,隶,鹿,920,4,6535,34639
final_images/222553.png,褚遂良,楷,麓,760,0,6542,6542
final_images/222583.png,赵孟𫖯,楷,麗,801,0,6544,6544
final_images/222585.png,欧阳询,楷,麗,479,0,6544,6544
final_images/222586.png,褚遂良,楷,麗,760,0,6544,6544
final_images/222587.png,褚遂良,楷,麗,760,0,6544,6544
final_images/222593.png,智永,楷,麗,377,0,6544,6544
final_images/222637.png,赵孟𫖯,隶,麗,801,4,6544,34648
final_images/222641.png,王澍,隶,麗,589,4,6544,34648
final_images/222681.png,柳公权,楷,麟,461,0,6547,6547
final_images/222787.png,颜真卿,楷,麻,956,0,6550,6550
final_images/222839.png,柳公权,楷,麾,461,0,6553,6553
final_images/222856.png,褚遂良,楷,黃,760,0,6554,6554
final_images/222861.png,智永,楷,黃,377,0,6554,6554
final_images/223102.png,吴叡,隶,黃,171,4,6554,34658
final_images/223103.png,赵孟𫖯,隶,黃,801,4,6554,34658
final_images/223112.png,王澍,隶,黃,589,4,6554,34658
final_images/223113.png,邓石如,隶,黃,828,4,6554,34658
final_images/223119.png,赵孟𫖯,楷,黄,801,0,6555,6555
final_images/223124.png,颜真卿,楷,黄,956,0,6555,6555
final_images/223130.png,智永,楷,黄,377,0,6555,6555
final_images/223378.png,吴叡,隶,黄,171,4,6555,34659
final_images/223379.png,赵孟𫖯,隶,黄,801,4,6555,34659
final_images/223390.png,王澍,隶,黄,589,4,6555,34659
final_images/223391.png,邓石如,隶,黄,828,4,6555,34659
final_images/223481.png,赵孟𫖯,隶,黍,801,4,6556,34660
final_images/223511.png,褚遂良,楷,黎,760,0,6557,6557
final_images/223515.png,智永,楷,黎,377,0,6557,6557
final_images/223543.png,王澍,隶,黎,589,4,6557,34661
final_images/223572.png,柳公权,楷,黑,461,0,6559,6559
final_images/223687.png,颜真卿,楷,黔,956,0,6561,6561
final_images/223721.png,陈鸿寿,隶,黔,920,4,6561,34665
final_images/223747.png,智永,楷,默,377,0,6562,6562
final_images/223778.png,赵孟𫖯,隶,默,801,4,6562,34666
final_images/223805.png,智永,楷,黜,377,0,6564,6564
final_images/223815.png,赵孟𫖯,隶,黜,801,4,6564,34668
final_images/223853.png,欧阳询,楷,黠,479,0,6566,6566
final_images/223884.png,柳公权,楷,黨,461,0,6568,6568
final_images/223885.png,颜真卿,楷,黨,956,0,6568,6568
final_images/223922.png,褚遂良,楷,黯,760,0,6570,6570
final_images/223930.png,柳公权,楷,黷,461,0,6571,6571
final_images/224010.png,欧阳询,楷,黻,479,0,6573,6573
final_images/224012.png,颜真卿,楷,黻,956,0,6573,6573
final_images/224115.png,赵孟𫖯,楷,鼇,801,0,6579,6579
final_images/224117.png,颜真卿,楷,鼇,956,0,6579,6579
final_images/224133.png,邓石如,隶,鼉,828,4,6581,34685
final_images/224151.png,欧阳询,楷,鼎,479,0,6583,6583
final_images/224153.png,褚遂良,楷,鼎,760,0,6583,6583
final_images/224154.png,颜真卿,楷,鼎,956,0,6583,6583
final_images/224367.png,赵孟𫖯,楷,鼓,801,0,6587,6587
final_images/224368.png,柳公权,楷,鼓,461,0,6587,6587
final_images/224374.png,智永,楷,鼓,377,0,6587,6587
final_images/224445.png,赵孟𫖯,隶,鼓,801,4,6587,34691
final_images/224530.png,颜真卿,楷,鼻,956,0,6592,6592
final_images/224579.png,赵孟𫖯,楷,齊,801,0,6593,6593
final_images/224582.png,颜真卿,楷,齊,956,0,6593,6593
final_images/224718.png,吴叡,隶,齊,171,4,6593,34697
final_images/224731.png,赵孟𫖯,楷,齋,801,0,6594,6594
final_images/224734.png,柳公权,楷,齋,461,0,6594,6594
final_images/224735.png,颜真卿,楷,齋,956,0,6594,6594
final_images/224781.png,赵孟𫖯,楷,齒,801,0,6597,6597
final_images/224782.png,欧阳询,楷,齒,479,0,6597,6597
final_images/224825.png,颜真卿,楷,齔,956,0,6598,6598
final_images/224826.png,颜真卿,楷,齔,956,0,6598,6598
final_images/224845.png,褚遂良,楷,齡,760,0,6600,6600
final_images/224846.png,颜真卿,楷,齡,956,0,6600,6600
final_images/224856.png,陈鸿寿,隶,齡,920,4,6600,34704
final_images/225023.png,吴叡,隶,龍,171,4,6607,34711
final_images/225024.png,吴叡,隶,龍,171,4,6607,34711
final_images/225025.png,赵孟𫖯,隶,龍,801,4,6607,34711
final_images/225042.png,陈鸿寿,隶,龍,920,4,6607,34711
final_images/227006.png,吴叡,隶,𡥆,171,4,6724,34828
final_images/227007.png,赵孟𫖯,隶,𡥆,801,4,6724,34828
final_images/227011.png,王澍,隶,𡥆,589,4,6724,34828
final_images/227389.png,赵孟𫖯,楷,𢃄,801,0,6750,6750
final_images/227391.png,欧阳询,楷,𢃄,479,0,6750,6750
final_images/227395.png,智永,楷,𢃄,377,0,6750,6750
final_images/227434.png,赵孟𫖯,隶,𢃄,801,4,6750,34854
final_images/227437.png,王澍,隶,𢃄,589,4,6750,34854
final_images/227513.png,褚遂良,楷,𢈲,760,0,6756,6756
final_images/230158.png,褚遂良,楷,𦗟,760,0,6903,6903
final_images/230173.png,陈鸿寿,隶,𦗟,920,4,6903,35007
final_images/230999.png,赵孟𫖯,隶,𨔝,801,4,6949,35053
final_images/234329.png,金农,隶,㗛,855,4,18,28122
final_images/235134.png,王澍,隶,䟽,589,4,126,28230
final_images/235557.png,颜真卿,楷,七,956,0,160,160
final_images/235622.png,褚遂良,楷,万,760,0,161,161
final_images/235641.png,柳公权,楷,丈,461,0,162,162
final_images/235642.png,颜真卿,楷,丈,956,0,162,162
final_images/235674.png,颜真卿,楷,三,956,0,163,163
final_images/235768.png,褚遂良,楷,上,760,0,164,164
final_images/235769.png,褚遂良,楷,上,760,0,164,164
final_images/235770.png,颜真卿,楷,上,956,0,164,164
final_images/235851.png,赵孟𫖯,隶,上,801,4,164,28268
final_images/235867.png,金农,隶,上,855,4,164,28268
final_images/235880.png,颜真卿,楷,下,956,0,165,165
final_images/236030.png,赵孟𫖯,楷,不,801,0,167,167
final_images/236035.png,智永,楷,不,377,0,167,167
final_images/236299.png,吴叡,隶,不,171,4,167,28271
final_images/236300.png,赵孟𫖯,隶,不,801,4,167,28271
final_images/236323.png,颜真卿,楷,与,956,0,168,168
final_images/236351.png,赵孟𫖯,楷,丐,801,0,170,170
final_images/236573.png,王澍,隶,且,589,4,172,28276
final_images/236599.png,柳公权,楷,世,461,0,174,174
final_images/236627.png,赵孟𫖯,隶,世,801,4,174,28278
final_images/236636.png,金农,隶,世,855,4,174,28278
final_images/236650.png,欧阳询,楷,丘,479,0,175,175
final_images/236651.png,颜真卿,楷,丘,956,0,175,175
final_images/236699.png,赵孟𫖯,楷,丙,801,0,176,176
final_images/236702.png,褚遂良,楷,丙,760,0,176,176
final_images/236810.png,赵孟𫖯,楷,並,801,0,182,182
final_images/236844.png,赵孟𫖯,楷,中,801,0,185,185
final_images/236942.png,赵孟𫖯,隶,中,801,4,185,28289
final_images/237064.png,赵孟𫖯,楷,主,801,0,193,193
final_images/237066.png,柳公权,楷,主,461,0,193,193
final_images/237098.png,陈鸿寿,隶,主,920,4,193,28297
final_images/237136.png,赵孟𫖯,楷,乃,801,0,198,198
final_images/237138.png,柳公权,楷,乃,461,0,198,198
final_images/237228.png,金农,隶,乃,855,4,198,28302
final_images/237296.png,柳公权,楷,之,461,0,202,202
final_images/237298.png,褚遂良,楷,之,760,0,202,202
final_images/237299.png,褚遂良,楷,之,760,0,202,202
final_images/237639.png,赵孟𫖯,隶,之,801,4,202,28306
final_images/237649.png,邓石如,隶,之,828,4,202,28306
final_images/237650.png,金农,隶,之,855,4,202,28306
final_images/237802.png,欧阳询,楷,乏,479,0,205,205
final_images/237829.png,金农,隶,乖,855,4,207,28311
final_images/237834.png,欧阳询,楷,乘,479,0,208,208
final_images/237966.png,邓石如,隶,乙,828,4,209,28313
final_images/237978.png,欧阳询,楷,九,479,0,210,210
final_images/237979.png,颜真卿,楷,九,956,0,210,210
final_images/237981.png,智永,楷,九,377,0,210,210
final_images/238068.png,赵孟𫖯,隶,九,801,4,210,28314
final_images/238074.png,王澍,隶,九,589,4,210,28314
final_images/238075.png,邓石如,隶,九,828,4,210,28314
final_images/238102.png,柳公权,楷,也,461,0,212,212
final_images/238104.png,褚遂良,楷,也,760,0,212,212
final_images/238333.png,赵孟𫖯,楷,乳,801,0,216,216
final_images/238352.png,赵孟𫖯,楷,乾,801,0,217,217
final_images/238353.png,褚遂良,楷,乾,760,0,217,217
final_images/238354.png,褚遂良,楷,乾,760,0,217,217
final_images/238381.png,陈鸿寿,隶,乾,920,4,217,28321
final_images/238384.png,柳公权,楷,亂,461,0,218,218
final_images/238433.png,欧阳询,楷,予,479,0,221,221
final_images/238483.png,颜真卿,楷,事,956,0,223,223
final_images/238612.png,邓石如,隶,事,828,4,223,28327
final_images/238613.png,陈鸿寿,隶,事,920,4,223,28327
final_images/238765.png,褚遂良,楷,于,760,0,225,225
final_images/238766.png,褚遂良,楷,于,760,0,225,225
final_images/238767.png,颜真卿,楷,于,956,0,225,225
final_images/238841.png,金农,隶,于,855,4,225,28329
final_images/238842.png,陈鸿寿,隶,于,920,4,225,28329
final_images/239006.png,褚遂良,楷,五,760,0,230,230
final_images/239007.png,褚遂良,楷,五,760,0,230,230
final_images/239008.png,颜真卿,楷,五,956,0,230,230
final_images/239124.png,欧阳询,楷,井,479,0,231,231
final_images/239369.png,赵孟𫖯,隶,亡,801,4,238,28342
final_images/239375.png,王澍,隶,亡,589,4,238,28342
final_images/239407.png,欧阳询,楷,交,479,0,240,240
final_images/239408.png,褚遂良,楷,交,760,0,240,240
final_images/239409.png,褚遂良,楷,交,760,0,240,240
final_images/239410.png,智永,楷,交,377,0,240,240
final_images/239443.png,王澍,隶,交,589,4,240,28344
final_images/239538.png,欧阳询,楷,亦,479,0,242,242
final_images/239621.png,赵孟𫖯,楷,亨,801,0,243,243
final_images/239649.png,赵孟𫖯,隶,享,801,4,244,28348
final_images/239651.png,陈鸿寿,隶,享,920,4,244,28348
final_images/239659.png,欧阳询,楷,京,479,0,245,245
final_images/239693.png,赵孟𫖯,隶,京,801,4,245,28349
final_images/239730.png,王澍,隶,亭,589,4,246,28350
final_images/239737.png,欧阳询,楷,亮,479,0,247,247
final_images/239845.png,欧阳询,楷,人,479,0,253,253
final_images/239846.png,褚遂良,楷,人,760,0,253,253
final_images/239847.png,褚遂良,楷,人,760,0,253,253
final_images/240077.png,金农,隶,人,855,4,253,28357
final_images/240078.png,金农,隶,人,855,4,253,28357
final_images/240105.png,颜真卿,楷,仁,956,0,255,255
final_images/240136.png,王澍,隶,仁,589,4,255,28359
final_images/240176.png,欧阳询,楷,今,479,0,261,261
final_images/240177.png,欧阳询,楷,今,479,0,261,261
final_images/240235.png,吴叡,隶,今,171,4,261,28365
final_images/240253.png,颜真卿,楷,介,956,0,262,262
final_images/240270.png,金农,隶,介,855,4,262,28366
final_images/240282.png,柳公权,楷,仍,461,0,264,264
final_images/240283.png,欧阳询,楷,仍,479,0,264,264
final_images/240285.png,颜真卿,楷,仍,956,0,264,264
final_images/240343.png,赵孟𫖯,楷,仕,801,0,267,267
final_images/240344.png,智永,楷,仕,377,0,267,267
final_images/240373.png,颜真卿,楷,他,956,0,268,268
final_images/240402.png,赵孟𫖯,楷,付,801,0,270,270
final_images/240429.png,褚遂良,楷,仙,760,0,271,271
final_images/240471.png,欧阳询,楷,代,479,0,276,276
final_images/240502.png,柳公权,楷,令,461,0,277,277
final_images/240505.png,褚遂良,楷,令,760,0,277,277
final_images/240506.png,颜真卿,楷,令,956,0,277,277
final_images/240599.png,赵孟𫖯,隶,令,801,4,277,28381
final_images/240622.png,柳公权,楷,以,461,0,278,278
final_images/240624.png,褚遂良,楷,以,760,0,278,278
final_images/240674.png,吴叡,隶,以,171,4,278,28382
final_images/240675.png,赵孟𫖯,隶,以,801,4,278,28382
final_images/240762.png,欧阳询,楷,任,479,0,284,284
final_images/240765.png,智永,楷,任,377,0,284,284
final_images/240792.png,陈鸿寿,隶,任,920,4,284,28388
final_images/240859.png,赵孟𫖯,隶,伊,801,4,290,28394
final_images/240896.png,智永,楷,伏,377,0,293,293
final_images/240916.png,王澍,隶,伏,589,4,293,28397
final_images/240924.png,柳公权,楷,伐,461,0,294,294
final_images/240969.png,赵孟𫖯,隶,伐,801,4,294,28398
final_images/240975.png,柳公权,楷,休,461,0,295,295
final_images/241009.png,邓石如,隶,休,828,4,295,28399
final_images/241059.png,赵孟𫖯,隶,伯,801,4,301,28405
final_images/241142.png,赵孟𫖯,隶,佀,801,4,309,28413
final_images/241177.png,柳公权,楷,佇,461,0,312,312
final_images/241178.png,颜真卿,楷,佇,956,0,312,312
final_images/241180.png,吴叡,隶,佇,171,4,312,28416
final_images/241218.png,赵孟𫖯,隶,位,801,4,313,28417
final_images/241224.png,金农,隶,位,855,4,313,28417
final_images/241260.png,赵孟𫖯,楷,佐,801,0,316,316
final_images/241281.png,陈鸿寿,隶,佐,920,4,316,28420
final_images/241306.png,赵孟𫖯,楷,何,801,0,319,319
final_images/241347.png,吴叡,隶,何,171,4,319,28423
final_images/241354.png,金农,隶,何,855,4,319,28423
final_images/241446.png,赵孟𫖯,楷,佛,801,0,324,324
final_images/241466.png,柳公权,楷,作,461,0,325,325
final_images/241508.png,金农,隶,作,855,4,325,28429
final_images/241528.png,赵孟𫖯,楷,佩,801,0,328,328
final_images/241585.png,赵孟𫖯,隶,佳,801,4,332,28436
final_images/241617.png,柳公权,楷,使,461,0,339,339
final_images/241618.png,褚遂良,楷,使,760,0,339,339
final_images/241677.png,褚遂良,楷,來,760,0,341,341
final_images/241845.png,邓石如,隶,供,828,4,350,28454
final_images/241988.png,金农,隶,侯,855,4,356,28460
final_images/241994.png,颜真卿,楷,侵,956,0,357,357
final_images/242067.png,欧阳询,楷,俄,479,0,363,363
final_images/242129.png,褚遂良,楷,俗,760,0,369,369
final_images/242148.png,赵孟𫖯,隶,俗,801,4,369,28473
final_images/242170.png,赵孟𫖯,楷,保,801,0,373,373
final_images/242229.png,吴叡,隶,保,171,4,373,28477
final_images/242275.png,赵孟𫖯,隶,俠,801,4,376,28480
final_images/242286.png,褚遂良,楷,信,760,0,377,377
final_images/242287.png,智永,楷,信,377,0,377,377
final_images/242313.png,赵孟𫖯,隶,信,801,4,377,28481
final_images/242362.png,赵孟𫖯,隶,俯,801,4,379,28483
final_images/242413.png,颜真卿,楷,俾,956,0,385,385
final_images/242453.png,陈鸿寿,隶,倉,920,4,390,28494
final_images/242538.png,颜真卿,楷,倜,956,0,399,399
final_images/242617.png,赵孟𫖯,楷,倫,801,0,408,408
final_images/242628.png,赵孟𫖯,隶,倫,801,4,408,28512
final_images/242630.png,邓石如,隶,倫,828,4,408,28512
final_images/242655.png,柳公权,楷,值,461,0,412,412
final_images/242690.png,智永,楷,假,377,0,416,416
final_images/242721.png,柳公权,楷,偏,461,0,419,419
final_images/242753.png,颜真卿,楷,停,956,0,423,423
final_images/242814.png,吴叡,隶,偷,171,4,431,28535
final_images/242866.png,王澍,隶,傅,589,4,436,28540
final_images/242874.png,智永,楷,傍,377,0,437,437
final_images/242936.png,赵孟𫖯,楷,催,801,0,442,442
final_images/242946.png,王澍,隶,催,589,4,442,28546
final_images/242966.png,褚遂良,楷,傳,760,0,445,445
final_images/242968.png,智永,楷,傳,377,0,445,445
final_images/242995.png,邓石如,隶,傳,828,4,445,28549
final_images/243001.png,颜真卿,楷,傷,956,0,447,447
final_images/243030.png,柳公权,楷,傾,461,0,449,449
final_images/243032.png,颜真卿,楷,傾,956,0,449,449
final_images/243073.png,陈鸿寿,隶,僊,920,4,454,28558
final_images/243083.png,柳公权,楷,像,461,0,456,456
final_images/243084.png,颜真卿,楷,像,956,0,456,456
final_images/243096.png,褚遂良,楷,僕,760,0,458,458
final_images/243164.png,褚遂良,楷,僧,760,0,464,464
final_images/243172.png,金农,隶,僧,855,4,464,28568
final_images/243173.png,颜真卿,楷,僨,956,0,465,465
final_images/243214.png,褚遂良,楷,儀,760,0,471,471
final_images/243215.png,颜真卿,楷,儀,956,0,471,471
final_images/243239.png,柳公权,楷,億,461,0,474,474
final_images/243251.png,赵孟𫖯,楷,儉,801,0,476,476
final_images/243256.png,陈鸿寿,隶,儉,920,4,476,28580
final_images/243271.png,褚遂良,楷,儒,760,0,479,479
final_images/243322.png,王澍,隶,優,589,4,484,28588
final_images/243324.png,颜真卿,楷,儲,956,0,485,485
final_images/243343.png,颜真卿,楷,儼,956,0,489,489
final_images/243354.png,颜真卿,楷,允,956,0,491,491
final_images/243400.png,欧阳询,楷,元,479,0,492,492
final_images/243459.png,智永,楷,兄,377,0,493,493
final_images/243514.png,欧阳询,楷,充,479,0,494,494
final_images/243515.png,褚遂良,楷,充,760,0,494,494
final_images/243516.png,褚遂良,楷,充,760,0,494,494
final_images/243565.png,金农,隶,兆,855,4,495,28599
final_images/243583.png,颜真卿,楷,先,956,0,497,497
final_images/243670.png,赵孟𫖯,楷,光,801,0,498,498
final_images/243672.png,褚遂良,楷,光,760,0,498,498
final_images/243673.png,褚遂良,楷,光,760,0,498,498
final_images/243674.png,颜真卿,楷,光,956,0,498,498
final_images/243723.png,赵孟𫖯,隶,光,801,4,498,28602
final_images/243731.png,王澍,隶,光,589,4,498,28602
final_images/243739.png,颜真卿,楷,克,956,0,499,499
final_images/243789.png,赵孟𫖯,隶,克,801,4,499,28603
final_images/243974.png,柳公权,楷,兢,461,0,511,511
final_images/243991.png,智永,楷,入,377,0,512,512
final_images/244055.png,赵孟𫖯,楷,內,801,0,513,513
final_images/244057.png,欧阳询,楷,內,479,0,513,513
final_images/244059.png,智永,楷,內,377,0,513,513
final_images/244152.png,颜真卿,楷,全,956,0,514,514
final_images/244163.png,赵孟𫖯,楷,兩,801,0,515,515
final_images/244169.png,智永,楷,兩,377,0,515,515
final_images/244206.png,吴叡,隶,兩,171,4,515,28619
final_images/244207.png,王澍,隶,兩,589,4,515,28619
final_images/244286.png,王澍,隶,八,589,4,517,28621
final_images/244293.png,赵孟𫖯,楷,公,801,0,518,518
final_images/244422.png,褚遂良,楷,六,760,0,519,519
final_images/244423.png,褚遂良,楷,六,760,0,519,519
final_images/244512.png,颜真卿,楷,兮,956,0,520,520
final_images/244595.png,赵孟𫖯,楷,兵,801,0,524,524
final_images/244597.png,柳公权,楷,兵,461,0,524,524
final_images/244632.png,赵孟𫖯,楷,其,801,0,525,525
final_images/244635.png,柳公权,楷,其,461,0,525,525
final_images/244636.png,颜真卿,楷,其,956,0,525,525
final_images/244737.png,赵孟𫖯,楷,具,801,0,526,526
final_images/244819.png,褚遂良,楷,兹,760,0,528,528
final_images/244848.png,颜真卿,楷,兼,956,0,530,530
final_images/244869.png,陈鸿寿,隶,兼,920,4,530,28634
final_images/244918.png,褚遂良,楷,内,760,0,534,534
final_images/244998.png,王澍,隶,内,589,4,534,28638
final_images/245014.png,颜真卿,楷,冊,956,0,536,536
final_images/245044.png,颜真卿,楷,册,956,0,538,538
final_images/245079.png,颜真卿,楷,再,956,0,539,539
final_images/245106.png,赵孟𫖯,隶,再,801,4,539,28643
final_images/245153.png,赵孟𫖯,楷,冕,801,0,543,543
final_images/245154.png,欧阳询,楷,冕,479,0,543,543
final_images/245245.png,褚遂良,楷,冥,760,0,553,553
final_images/245262.png,赵孟𫖯,隶,冥,801,4,553,28657
final_images/245263.png,王澍,隶,冥,589,4,553,28657
final_images/245301.png,王澍,隶,冬,589,4,555,28659
final_images/245302.png,陈鸿寿,隶,冬,920,4,555,28659
final_images/245519.png,颜真卿,楷,几,956,0,575,575
final_images/245629.png,颜真卿,楷,凶,956,0,583,583
final_images/245660.png,欧阳询,楷,出,479,0,584,584
final_images/245661.png,褚遂良,楷,出,760,0,584,584
final_images/245662.png,褚遂良,楷,出,760,0,584,584
final_images/245664.png,智永,楷,出,377,0,584,584
final_images/245818.png,褚遂良,楷,刃,760,0,589,589
final_images/245844.png,褚遂良,楷,分,760,0,591,591
final_images/245846.png,智永,楷,分,377,0,591,591
final_images/245906.png,赵孟𫖯,楷,切,801,0,592,592
final_images/245908.png,欧阳询,楷,切,479,0,592,592
final_images/245919.png,赵孟𫖯,楷,刈,801,0,593,593
final_images/245943.png,赵孟𫖯,楷,刋,801,0,595,595
final_images/245963.png,柳公权,楷,刑,461,0,596,596
final_images/245965.png,颜真卿,楷,刑,956,0,596,596
final_images/246000.png,赵孟𫖯,楷,列,801,0,597,597
final_images/246002.png,柳公权,楷,列,461,0,597,597
final_images/246003.png,欧阳询,楷,列,479,0,597,597
final_images/246076.png,赵孟𫖯,隶,初,801,4,598,28702
final_images/246081.png,金农,隶,初,855,4,598,28702
final_images/246095.png,欧阳询,楷,判,479,0,601,601
final_images/246096.png,颜真卿,楷,判,956,0,601,601
final_images/246125.png,吴叡,隶,別,171,4,602,28706
final_images/246136.png,欧阳询,楷,利,479,0,604,604
final_images/246138.png,褚遂良,楷,利,760,0,604,604
final_images/246183.png,赵孟𫖯,楷,别,801,0,606,606
final_images/246212.png,吴叡,隶,别,171,4,606,28710
final_images/246219.png,颜真卿,楷,到,956,0,607,607
final_images/246259.png,赵孟𫖯,楷,制,801,0,610,610
final_images/246261.png,褚遂良,楷,制,760,0,610,610
final_images/246284.png,赵孟𫖯,隶,制,801,4,610,28714
final_images/246288.png,金农,隶,制,855,4,610,28714
final_images/246361.png,赵孟𫖯,隶,刻,801,4,615,28719
final_images/246364.png,金农,隶,刻,855,4,615,28719
final_images/246367.png,褚遂良,楷,則,760,0,616,616
final_images/246505.png,邓石如,隶,前,828,4,620,28724
final_images/246506.png,邓石如,隶,前,828,4,620,28724
final_images/246507.png,邓石如,隶,前,828,4,620,28724
final_images/246508.png,褚遂良,楷,剎,760,0,621,621
final_images/246519.png,颜真卿,楷,剖,956,0,623,623
final_images/246548.png,吴叡,隶,剡,171,4,627,28731
final_images/246583.png,柳公权,楷,副,461,0,632,632
final_images/246627.png,颜真卿,楷,創,956,0,634,634
final_images/246687.png,王澍,隶,劍,589,4,642,28746
final_images/246692.png,褚遂良,楷,劒,760,0,643,643
final_images/246693.png,颜真卿,楷,劒,956,0,643,643
final_images/246718.png,欧阳询,楷,力,479,0,647,647
final_images/246720.png,褚遂良,楷,力,760,0,647,647
final_images/246722.png,智永,楷,力,377,0,647,647
final_images/246765.png,欧阳询,楷,功,479,0,649,649
final_images/246768.png,褚遂良,楷,功,760,0,649,649
final_images/246769.png,褚遂良,楷,功,760,0,649,649
final_images/246770.png,颜真卿,楷,功,956,0,649,649
final_images/246802.png,欧阳询,楷,加,479,0,650,650
final_images/246869.png,赵孟𫖯,楷,助,801,0,655,655
final_images/246870.png,柳公权,楷,助,461,0,655,655
final_images/246871.png,颜真卿,楷,助,956,0,655,655
final_images/246889.png,赵孟𫖯,隶,助,801,4,655,28759
final_images/246913.png,赵孟𫖯,楷,劭,801,0,658,658
final_images/246917.png,赵孟𫖯,隶,劭,801,4,658,28762
final_images/246955.png,赵孟𫖯,楷,勅,801,0,664,664
final_images/246994.png,吴叡,隶,勉,171,4,666,28770
final_images/246996.png,王澍,隶,勉,589,4,666,28770
final_images/247018.png,颜真卿,楷,勒,956,0,670,670
final_images/247046.png,王澍,隶,勒,589,4,670,28774
final_images/247081.png,赵孟𫖯,楷,務,801,0,674,674
final_images/247083.png,智永,楷,務,377,0,674,674
final_images/247093.png,王澍,隶,務,589,4,674,28778
final_images/247101.png,颜真卿,楷,勝,956,0,676,676
final_images/247131.png,欧阳询,楷,勞,479,0,677,677
final_images/247231.png,智永,楷,勸,377,0,686,686
final_images/247278.png,颜真卿,楷,勿,956,0,690,690
final_images/247350.png,吴叡,隶,勿,171,4,690,28794
final_images/247472.png,褚遂良,楷,化,760,0,701,701
final_images/247473.png,褚遂良,楷,化,760,0,701,701
final_images/247474.png,智永,楷,化,377,0,701,701
final_images/247492.png,赵孟𫖯,隶,化,801,4,701,28805
final_images/247497.png,王澍,隶,化,589,4,701,28805
final_images/247649.png,欧阳询,楷,匪,479,0,711,711
final_images/247651.png,褚遂良,楷,匪,760,0,711,711
final_images/247673.png,褚遂良,楷,匱,760,0,714,714
final_images/247687.png,颜真卿,楷,匹,956,0,716,716
final_images/247728.png,褚遂良,楷,匿,760,0,719,719
final_images/247748.png,颜真卿,楷,區,956,0,720,720
final_images/247766.png,赵孟𫖯,楷,十,801,0,721,721
final_images/247770.png,柳公权,楷,十,461,0,721,721
final_images/247771.png,褚遂良,楷,十,760,0,721,721
final_images/247772.png,颜真卿,楷,十,956,0,721,721
final_images/247856.png,欧阳询,楷,千,479,0,723,723
final_images/247858.png,褚遂良,楷,千,760,0,723,723
final_images/247895.png,赵孟𫖯,隶,千,801,4,723,28827
final_images/248051.png,褚遂良,楷,卉,760,0,727,727
final_images/248068.png,褚遂良,楷,半,760,0,728,728
final_images/248069.png,颜真卿,楷,半,956,0,728,728
final_images/248206.png,褚遂良,楷,協,760,0,734,734
final_images/248231.png,柳公权,楷,南,461,0,736,736
final_images/248293.png,金农,隶,南,855,4,736,28840
final_images/248294.png,陈鸿寿,隶,南,920,4,736,28840
final_images/248301.png,欧阳询,楷,博,479,0,737,737
final_images/248330.png,赵孟𫖯,楷,卜,801,0,738,738
final_images/248592.png,赵孟𫖯,楷,危,801,0,751,751
final_images/248594.png,欧阳询,楷,危,479,0,751,751
final_images/248595.png,褚遂良,楷,危,760,0,751,751
final_images/248709.png,赵孟𫖯,隶,即,801,4,753,28857
final_images/248751.png,赵孟𫖯,楷,卷,801,0,756,756
final_images/248797.png,欧阳询,楷,卿,479,0,760,760
final_images/248798.png,颜真卿,楷,卿,956,0,760,760
final_images/248870.png,赵孟𫖯,隶,卿,801,4,760,28864
final_images/248909.png,陈鸿寿,隶,厄,920,4,764,28868
final_images/248934.png,柳公权,楷,厚,461,0,768,768
final_images/248935.png,褚遂良,楷,厚,760,0,768,768
final_images/248975.png,柳公权,楷,原,461,0,770,770
final_images/248976.png,欧阳询,楷,原,479,0,770,770
final_images/249009.png,赵孟𫖯,楷,厥,801,0,774,774
final_images/249010.png,欧阳询,楷,厥,479,0,774,774
final_images/249011.png,颜真卿,楷,厥,956,0,774,774
final_images/249034.png,吴叡,隶,厥,171,4,774,28878
final_images/249105.png,柳公权,楷,去,461,0,782,782
final_images/249199.png,柳公权,楷,參,461,0,787,787
final_images/249222.png,柳公权,楷,叄,461,0,788,788
final_images/249223.png,欧阳询,楷,叄,479,0,788,788
final_images/249251.png,赵孟𫖯,楷,又,801,0,789,789
final_images/249447.png,金农,隶,又,855,4,789,28893
final_images/249465.png,褚遂良,楷,及,760,0,791,791
final_images/249526.png,陈鸿寿,隶,及,920,4,791,28895
final_images/249566.png,赵孟𫖯,隶,友,801,4,792,28896
final_images/249581.png,褚遂良,楷,反,760,0,794,794
final_images/249582.png,颜真卿,楷,反,956,0,794,794
final_images/249620.png,吴叡,隶,反,171,4,794,28898
final_images/249725.png,赵孟𫖯,隶,取,801,4,797,28901
final_images/249730.png,陈鸿寿,隶,取,920,4,797,28901
final_images/249737.png,智永,楷,受,377,0,798,798
final_images/249890.png,颜真卿,楷,叢,956,0,805,805
final_images/249905.png,颜真卿,楷,口,956,0,806,806
final_images/249944.png,赵孟𫖯,楷,古,801,0,807,807
final_images/249946.png,褚遂良,楷,古,760,0,807,807
final_images/250027.png,吴叡,隶,古,171,4,807,28911
final_images/250028.png,赵孟𫖯,隶,古,801,4,807,28911
final_images/250143.png,褚遂良,楷,召,760,0,814,814
final_images/250175.png,赵孟𫖯,楷,可,801,0,815,815
final_images/250181.png,欧阳询,楷,可,479,0,815,815
final_images/250182.png,褚遂良,楷,可,760,0,815,815
final_images/250280.png,陈鸿寿,隶,可,920,4,815,28919
final_images/250293.png,赵孟𫖯,楷,台,801,0,816,816
final_images/250319.png,赵孟𫖯,楷,史,801,0,818,818
final_images/250324.png,柳公权,楷,史,461,0,818,818
final_images/250325.png,欧阳询,楷,史,479,0,818,818
final_images/250327.png,颜真卿,楷,史,956,0,818,818
final_images/250328.png,智永,楷,史,377,0,818,818
final_images/250383.png,王澍,隶,史,589,4,818,28922
final_images/250390.png,赵孟𫖯,楷,右,801,0,819,819
final_images/250482.png,柳公权,楷,司,461,0,822,822
final_images/250483.png,颜真卿,楷,司,956,0,822,822
final_images/250648.png,吴叡,隶,各,171,4,826,28930
final_images/250660.png,柳公权,楷,合,461,0,827,827
final_images/250692.png,吴叡,隶,合,171,4,827,28931
final_images/250700.png,王澍,隶,合,589,4,827,28931
final_images/250701.png,邓石如,隶,合,828,4,827,28931
final_images/250807.png,欧阳询,楷,同,479,0,830,830
final_images/250808.png,智永,楷,同,377,0,830,830
final_images/250857.png,吴叡,隶,同,171,4,830,28934
final_images/250862.png,王澍,隶,同,589,4,830,28934
final_images/250863.png,陈鸿寿,隶,同,920,4,830,28934
final_images/250864.png,陈鸿寿,隶,同,920,4,830,28934
final_images/250914.png,王澍,隶,名,589,4,831,28935
final_images/250916.png,邓石如,隶,名,828,4,831,28935
final_images/250928.png,欧阳询,楷,后,479,0,832,832
final_images/250955.png,赵孟𫖯,楷,吏,801,0,833,833
final_images/250987.png,金农,隶,吏,855,4,833,28937
final_images/250988.png,陈鸿寿,隶,吏,920,4,833,28937
final_images/251015.png,赵孟𫖯,楷,向,801,0,835,835
final_images/251269.png,赵孟𫖯,楷,吟,801,0,841,841
final_images/251357.png,赵孟𫖯,楷,吳,801,0,848,848
final_images/251358.png,褚遂良,楷,吳,760,0,848,848
final_images/251392.png,吴叡,隶,吳,171,4,848,28952
final_images/251400.png,柳公权,楷,吴,461,0,849,849
final_images/251441.png,吴叡,隶,吴,171,4,849,28953
final_images/251442.png,吴叡,隶,吴,171,4,849,28953
final_images/251449.png,赵孟𫖯,楷,吸,801,0,851,851
final_images/251472.png,智永,楷,吹,377,0,852,852
final_images/251514.png,赵孟𫖯,楷,吾,801,0,856,856
final_images/251547.png,邓石如,隶,吾,828,4,856,28960
final_images/251551.png,颜真卿,楷,吿,956,0,857,857
final_images/251847.png,赵孟𫖯,隶,周,801,4,866,28970
final_images/251861.png,赵孟𫖯,楷,味,801,0,868,868
final_images/251913.png,欧阳询,楷,命,479,0,874,874
final_images/251914.png,褚遂良,楷,命,760,0,874,874
final_images/251980.png,赵孟𫖯,隶,命,801,4,874,28978
final_images/252041.png,赵孟𫖯,隶,和,801,4,879,28983
final_images/252209.png,陈鸿寿,隶,咸,920,4,893,28997
final_images/252349.png,颜真卿,楷,員,956,0,903,903
final_images/252384.png,陈鸿寿,隶,員,920,4,903,29007
final_images/252407.png,柳公权,楷,哭,461,0,906,906
final_images/252433.png,褚遂良,楷,哲,760,0,908,908
final_images/252471.png,褚遂良,楷,唐,760,0,914,914
final_images/252472.png,褚遂良,楷,唐,760,0,914,914
final_images/252550.png,邓石如,隶,唯,828,4,919,29023
final_images/252559.png,智永,楷,唱,377,0,920,920
final_images/252584.png,柳公权,楷,商,461,0,925,925
final_images/252629.png,柳公权,楷,問,461,0,927,927
final_images/252630.png,颜真卿,楷,問,956,0,927,927
final_images/252672.png,智永,楷,啚,377,0,931,931
final_images/252691.png,赵孟𫖯,楷,啟,801,0,933,933
final_images/252695.png,智永,楷,啟,377,0,933,933
final_images/252716.png,赵孟𫖯,隶,啟,801,4,933,29037
final_images/252806.png,吴叡,隶,善,171,4,937,29041
final_images/252813.png,金农,隶,善,855,4,937,29041
final_images/252814.png,金农,隶,善,855,4,937,29041
final_images/252815.png,陈鸿寿,隶,善,920,4,937,29041
final_images/252856.png,赵孟𫖯,楷,喜,801,0,945,945
final_images/252919.png,颜真卿,楷,喧,956,0,950,950
final_images/253026.png,赵孟𫖯,楷,喻,801,0,956,956
final_images/253119.png,褚遂良,楷,嗣,760,0,966,966
final_images/253135.png,王澍,隶,嗣,589,4,966,29070
final_images/253146.png,赵孟𫖯,楷,嗽,801,0,968,968
final_images/253163.png,褚遂良,楷,嘉,760,0,973,973
final_images/253165.png,智永,楷,嘉,377,0,973,973
final_images/253229.png,邓石如,隶,嘉,828,4,973,29077
final_images/253230.png,陈鸿寿,隶,嘉,920,4,973,29077
final_images/253231.png,陈鸿寿,隶,嘉,920,4,973,29077
final_images/253282.png,颜真卿,楷,嘻,956,0,981,981
final_images/253353.png,赵孟𫖯,隶,器,801,4,991,29095
final_images/253389.png,赵孟𫖯,楷,嚇,801,0,998,998
final_images/253405.png,褚遂良,楷,嚴,760,0,1002,1002
final_images/253406.png,褚遂良,楷,嚴,760,0,1002,1002
final_images/253430.png,赵孟𫖯,隶,嚴,801,4,1002,29106
final_images/253434.png,金农,隶,嚴,855,4,1002,29106
final_images/253468.png,赵孟𫖯,隶,囊,801,4,1006,29110
final_images/253490.png,赵孟𫖯,楷,囚,801,0,1009,1009
final_images/253508.png,柳公权,楷,四,461,0,1010,1010
final_images/253509.png,颜真卿,楷,四,956,0,1010,1010
final_images/253510.png,颜真卿,楷,四,956,0,1010,1010
final_images/253574.png,吴叡,隶,四,171,4,1010,29114
final_images/253586.png,金农,隶,四,855,4,1010,29114
final_images/253638.png,颜真卿,楷,因,956,0,1013,1013
final_images/253694.png,柳公权,楷,困,461,0,1016,1016
final_images/253724.png,欧阳询,楷,固,479,0,1019,1019
final_images/253726.png,颜真卿,楷,固,956,0,1019,1019
final_images/253819.png,欧阳询,楷,國,479,0,1026,1026
final_images/253822.png,褚遂良,楷,國,760,0,1026,1026
final_images/253868.png,陈鸿寿,隶,圍,920,4,1027,29131
final_images/253895.png,赵孟𫖯,隶,園,801,4,1029,29133
final_images/253900.png,柳公权,楷,圓,461,0,1030,1030
final_images/253902.png,颜真卿,楷,圓,956,0,1030,1030
final_images/253909.png,欧阳询,楷,圖,479,0,1031,1031
final_images/253910.png,颜真卿,楷,圖,956,0,1031,1031
final_images/253927.png,赵孟𫖯,隶,圖,801,4,1031,29135
final_images/253932.png,陈鸿寿,隶,圖,920,4,1031,29135
final_images/253935.png,欧阳询,楷,圗,479,0,1032,1032
final_images/253985.png,赵孟𫖯,楷,土,801,0,1035,1035
final_images/253987.png,柳公权,楷,土,461,0,1035,1035
final_images/253988.png,褚遂良,楷,土,760,0,1035,1035
final_images/253990.png,智永,楷,土,377,0,1035,1035
final_images/254062.png,欧阳询,楷,在,479,0,1037,1037
final_images/254063.png,褚遂良,楷,在,760,0,1037,1037
final_images/254064.png,褚遂良,楷,在,760,0,1037,1037
final_images/254065.png,颜真卿,楷,在,956,0,1037,1037
final_images/254137.png,赵孟𫖯,楷,地,801,0,1040,1040
final_images/254140.png,褚遂良,楷,地,760,0,1040,1040
final_images/254191.png,颜真卿,楷,坂,956,0,1045,1045
final_images/254202.png,赵孟𫖯,楷,均,801,0,1046,1046
final_images/254236.png,智永,楷,坐,377,0,1050,1050
final_images/254270.png,赵孟𫖯,隶,坐,801,4,1050,29154
final_images/254321.png,欧阳询,楷,坤,479,0,1057,1057
final_images/254322.png,褚遂良,楷,坤,760,0,1057,1057
final_images/254362.png,赵孟𫖯,楷,坫,801,0,1060,1060
final_images/254387.png,赵孟𫖯,楷,垂,801,0,1063,1063
final_images/254425.png,赵孟𫖯,楷,垓,801,0,1065,1065
final_images/254449.png,赵孟𫖯,楷,垢,801,0,1069,1069
final_images/254470.png,柳公权,楷,垣,461,0,1070,1070
final_images/254473.png,智永,楷,垣,377,0,1070,1070
final_images/254488.png,金农,隶,垣,855,4,1070,29174
final_images/254519.png,赵孟𫖯,楷,城,801,0,1075,1075
final_images/254522.png,颜真卿,楷,城,956,0,1075,1075
final_images/254555.png,邓石如,隶,城,828,4,1075,29179
final_images/254556.png,邓石如,隶,城,828,4,1075,29179
final_images/254574.png,褚遂良,楷,域,760,0,1077,1077
final_images/254596.png,褚遂良,楷,執,760,0,1081,1081
final_images/254646.png,褚遂良,楷,基,760,0,1083,1083
final_images/254661.png,王澍,隶,基,589,4,1083,29187
final_images/254690.png,智永,楷,堂,377,0,1087,1087
final_images/254711.png,邓石如,隶,堂,828,4,1087,29191
final_images/254712.png,陈鸿寿,隶,堂,920,4,1087,29191
final_images/254804.png,褚遂良,楷,報,760,0,1097,1097
final_images/254825.png,赵孟𫖯,楷,場,801,0,1099,1099
final_images/254826.png,颜真卿,楷,場,956,0,1099,1099
final_images/254830.png,赵孟𫖯,隶,場,801,4,1099,29203
final_images/254869.png,柳公权,楷,塔,461,0,1108,1108
final_images/254901.png,智永,楷,塞,377,0,1111,1111
final_images/255032.png,陈鸿寿,隶,墓,920,4,1125,29229
final_images/255047.png,赵孟𫖯,隶,増,801,4,1126,29230
final_images/255049.png,王澍,隶,増,589,4,1126,29230
final_images/255054.png,褚遂良,楷,墜,760,0,1128,1128
final_images/255071.png,褚遂良,楷,增,760,0,1129,1129
final_images/255097.png,欧阳询,楷,墨,479,0,1131,1131
final_images/255098.png,褚遂良,楷,墨,760,0,1131,1131
final_images/255119.png,赵孟𫖯,隶,墨,801,4,1131,29235
final_images/255134.png,赵孟𫖯,楷,墳,801,0,1135,1135
final_images/255136.png,智永,楷,墳,377,0,1135,1135
final_images/255175.png,赵孟𫖯,隶,壁,801,4,1139,29243
final_images/255188.png,柳公权,楷,壇,461,0,1143,1143
final_images/255189.png,颜真卿,楷,壇,956,0,1143,1143
final_images/255265.png,褚遂良,楷,士,760,0,1154,1154
final_images/255266.png,颜真卿,楷,士,956,0,1154,1154
final_images/255314.png,王澍,隶,士,589,4,1154,29258
final_images/255315.png,邓石如,隶,士,828,4,1154,29258
final_images/255316.png,金农,隶,士,855,4,1154,29258
final_images/255424.png,赵孟𫖯,楷,壹,801,0,1160,1160
final_images/255425.png,欧阳询,楷,壹,479,0,1160,1160
final_images/255427.png,智永,楷,壹,377,0,1160,1160
final_images/255589.png,欧阳询,楷,夏,479,0,1172,1172
final_images/255590.png,颜真卿,楷,夏,956,0,1172,1172
final_images/255628.png,王澍,隶,夏,589,4,1172,29276
final_images/255629.png,金农,隶,夏,855,4,1172,29276
final_images/255722.png,智永,楷,外,377,0,1178,1178
final_images/255754.png,赵孟𫖯,隶,外,801,4,1178,29282
final_images/255761.png,邓石如,隶,外,828,4,1178,29282
final_images/255763.png,陈鸿寿,隶,外,920,4,1178,29282
final_images/255772.png,欧阳询,楷,夙,479,0,1179,1179
final_images/255879.png,吴叡,隶,多,171,4,1180,29284
final_images/255884.png,金农,隶,多,855,4,1180,29284
final_images/255885.png,金农,隶,多,855,4,1180,29284
final_images/255926.png,吴叡,隶,夜,171,4,1181,29285
final_images/255927.png,赵孟𫖯,隶,夜,801,4,1181,29285
final_images/255937.png,褚遂良,楷,夢,760,0,1182,1182
final_images/256161.png,金农,隶,大,855,4,1184,29288
final_images/256182.png,欧阳询,楷,天,479,0,1186,1186
final_images/256183.png,褚遂良,楷,天,760,0,1186,1186
final_images/256312.png,金农,隶,天,855,4,1186,29290
final_images/256324.png,欧阳询,楷,太,479,0,1187,1187
final_images/256353.png,陈鸿寿,隶,太,920,4,1187,29291
final_images/256367.png,赵孟𫖯,楷,夫,801,0,1188,1188
final_images/256369.png,欧阳询,楷,夫,479,0,1188,1188
final_images/256371.png,智永,楷,夫,377,0,1188,1188
final_images/256444.png,赵孟𫖯,隶,夫,801,4,1188,29292
final_images/256509.png,吴叡,隶,央,171,4,1191,29295
final_images/256570.png,王澍,隶,夲,589,4,1193,29297
final_images/256572.png,陈鸿寿,隶,夲,920,4,1193,29297
final_images/256579.png,赵孟𫖯,楷,夷,801,0,1195,1195
final_images/256580.png,褚遂良,楷,夷,760,0,1195,1195
final_images/256605.png,吴叡,隶,夷,171,4,1195,29299
final_images/256655.png,智永,楷,奄,377,0,1199,1199
final_images/256667.png,王澍,隶,奄,589,4,1199,29303
final_images/256682.png,柳公权,楷,奇,461,0,1200,1200
final_images/256705.png,颜真卿,楷,奈,956,0,1201,1201
final_images/256720.png,柳公权,楷,奉,461,0,1202,1202
final_images/256722.png,褚遂良,楷,奉,760,0,1202,1202
final_images/256723.png,褚遂良,楷,奉,760,0,1202,1202
final_images/256724.png,褚遂良,楷,奉,760,0,1202,1202
final_images/256725.png,颜真卿,楷,奉,956,0,1202,1202
final_images/256783.png,颜真卿,楷,奏,956,0,1204,1204
final_images/256807.png,吴叡,隶,奏,171,4,1204,29308
final_images/256810.png,陈鸿寿,隶,奏,920,4,1204,29308
final_images/256840.png,柳公权,楷,奔,461,0,1207,1207
final_images/256842.png,颜真卿,楷,奔,956,0,1207,1207
final_images/256885.png,颜真卿,楷,奚,956,0,1210,1210
final_images/256966.png,褚遂良,楷,奧,760,0,1216,1216
final_images/256975.png,颜真卿,楷,奪,956,0,1217,1217
final_images/256995.png,赵孟𫖯,楷,奮,801,0,1220,1220
final_images/256997.png,颜真卿,楷,奮,956,0,1220,1220
final_images/257010.png,颜真卿,楷,女,956,0,1221,1221
final_images/257134.png,吴叡,隶,女,171,4,1221,29325
final_images/257138.png,陈鸿寿,隶,女,920,4,1221,29325
final_images/257199.png,颜真卿,楷,好,956,0,1226,1226
final_images/257269.png,赵孟𫖯,楷,如,801,0,1227,1227
final_images/257270.png,褚遂良,楷,如,760,0,1227,1227
final_images/257271.png,颜真卿,楷,如,956,0,1227,1227
final_images/257274.png,智永,楷,如,377,0,1227,1227
final_images/257327.png,邓石如,隶,如,828,4,1227,29331
final_images/257364.png,金农,隶,妄,855,4,1229,29333
final_images/257440.png,智永,楷,妙,377,0,1238,1238
final_images/257621.png,王澍,隶,妾,589,4,1247,29351
final_images/257629.png,颜真卿,楷,姉,956,0,1249,1249
final_images/257653.png,颜真卿,楷,始,956,0,1251,1251
final_images/257678.png,赵孟𫖯,隶,始,801,4,1251,29355
final_images/257710.png,王澍,隶,姑,589,4,1253,29357
final_images/257711.png,陈鸿寿,隶,姑,920,4,1253,29357
final_images/257744.png,欧阳询,楷,委,479,0,1255,1255
final_images/257746.png,智永,楷,委,377,0,1255,1255
final_images/257799.png,褚遂良,楷,姜,760,0,1259,1259
final_images/257955.png,赵孟𫖯,隶,姿,801,4,1271,29375
final_images/257962.png,柳公权,楷,威,461,0,1272,1272
final_images/257963.png,欧阳询,楷,威,479,0,1272,1272
final_images/258028.png,颜真卿,楷,娠,956,0,1281,1281
final_images/258067.png,吴叡,隶,娱,171,4,1286,29390
final_images/258077.png,赵孟𫖯,楷,婁,801,0,1288,1288
final_images/258179.png,赵孟𫖯,隶,婦,801,4,1294,29398
final_images/258205.png,赵孟𫖯,楷,媚,801,0,1300,1300
final_images/258206.png,颜真卿,楷,媚,956,0,1300,1300
final_images/258325.png,智永,楷,嫡,377,0,1317,1317
final_images/258326.png,赵孟𫖯,隶,嫡,801,4,1317,29421
final_images/258337.png,欧阳询,楷,嬀,479,0,1320,1320
final_images/258385.png,颜真卿,楷,嬴,956,0,1329,1329
final_images/258403.png,赵孟𫖯,楷,子,801,0,1332,1332
final_images/258413.png,褚遂良,楷,子,760,0,1332,1332
final_images/258414.png,颜真卿,楷,子,956,0,1332,1332
final_images/258596.png,赵孟𫖯,楷,孔,801,0,1333,1333
final_images/258677.png,赵孟𫖯,隶,字,801,4,1335,29439
final_images/258688.png,赵孟𫖯,楷,存,801,0,1336,1336
final_images/258713.png,赵孟𫖯,隶,存,801,4,1336,29440
final_images/258717.png,邓石如,隶,存,828,4,1336,29440
final_images/258718.png,金农,隶,存,855,4,1336,29440
final_images/258765.png,欧阳询,楷,孝,479,0,1341,1341
final_images/258766.png,颜真卿,楷,孝,956,0,1341,1341
final_images/258813.png,智永,楷,孟,377,0,1342,1342
final_images/258853.png,赵孟𫖯,隶,孟,801,4,1342,29446
final_images/258930.png,赵孟𫖯,楷,孤,801,0,1345,1345
final_images/258959.png,王澍,隶,孤,589,4,1345,29449
final_images/258974.png,颜真卿,楷,孩,956,0,1347,1347
final_images/258980.png,颜真卿,楷,孫,956,0,1348,1348
final_images/259062.png,王澍,隶,孰,589,4,1349,29453
final_images/259087.png,柳公权,楷,學,461,0,1354,1354
final_images/259088.png,褚遂良,楷,學,760,0,1354,1354
final_images/259118.png,王澍,隶,學,589,4,1354,29458
final_images/259262.png,金农,隶,宅,855,4,1362,29466
final_images/259270.png,褚遂良,楷,宇,760,0,1363,1363
final_images/259291.png,赵孟𫖯,隶,宇,801,4,1363,29467
final_images/259292.png,邓石如,隶,宇,828,4,1363,29467
final_images/259338.png,赵孟𫖯,隶,守,801,4,1364,29468
final_images/259347.png,金农,隶,守,855,4,1364,29468
final_images/259348.png,金农,隶,守,855,4,1364,29468
final_images/259408.png,赵孟𫖯,隶,安,801,4,1365,29469
final_images/259415.png,金农,隶,安,855,4,1365,29469
final_images/259416.png,陈鸿寿,隶,安,920,4,1365,29469
final_images/259543.png,赵孟𫖯,楷,宗,801,0,1371,1371
final_images/259608.png,陈鸿寿,隶,宗,920,4,1371,29475
final_images/259615.png,颜真卿,楷,官,956,0,1372,1372
final_images/259678.png,赵孟𫖯,楷,宙,801,0,1373,1373
final_images/259692.png,王澍,隶,宙,589,4,1373,29477
final_images/259701.png,褚遂良,楷,定,760,0,1374,1374
final_images/259702.png,智永,楷,定,377,0,1374,1374
final_images/259783.png,智永,楷,宜,377,0,1376,1376
final_images/259916.png,王澍,隶,宣,589,4,1378,29482
final_images/259923.png,柳公权,楷,室,461,0,1379,1379
final_images/259975.png,吴叡,隶,室,171,4,1379,29483
final_images/260060.png,王澍,隶,宫,589,4,1382,29486
final_images/260116.png,王澍,隶,宮,589,4,1384,29488
final_images/260117.png,邓石如,隶,宮,828,4,1384,29488
final_images/260150.png,赵孟𫖯,隶,宰,801,4,1385,29489
final_images/260241.png,欧阳询,楷,家,479,0,1390,1390
final_images/260304.png,褚遂良,楷,宸,760,0,1392,1392
final_images/260374.png,赵孟𫖯,隶,宿,801,4,1395,29499
final_images/260407.png,赵孟𫖯,楷,寄,801,0,1399,1399
final_images/260483.png,吴叡,隶,寅,171,4,1400,29504
final_images/260490.png,赵孟𫖯,楷,密,801,0,1401,1401
final_images/260491.png,柳公权,楷,密,461,0,1401,1401
final_images/260493.png,褚遂良,楷,密,760,0,1401,1401
final_images/260494.png,智永,楷,密,377,0,1401,1401
final_images/260553.png,褚遂良,楷,富,760,0,1404,1404
final_images/260554.png,智永,楷,富,377,0,1404,1404
final_images/260587.png,颜真卿,楷,寐,956,0,1406,1406
final_images/260640.png,邓石如,隶,寒,828,4,1407,29511
final_images/260664.png,智永,楷,寔,377,0,1409,1409
final_images/260677.png,颜真卿,楷,寛,956,0,1413,1413
final_images/260689.png,褚遂良,楷,寜,760,0,1414,1414
final_images/260692.png,智永,楷,寜,377,0,1414,1414
final_images/260765.png,吴叡,隶,察,171,4,1417,29521
final_images/260809.png,赵孟𫖯,隶,寡,801,4,1418,29522
final_images/260813.png,赵孟𫖯,楷,寢,801,0,1419,1419
final_images/260836.png,智永,楷,寥,377,0,1421,1421
final_images/260840.png,赵孟𫖯,隶,寥,801,4,1421,29525
final_images/260885.png,智永,楷,寧,377,0,1423,1423
final_images/260916.png,智永,楷,審,377,0,1425,1425
final_images/260969.png,陈鸿寿,隶,寬,920,4,1427,29531
final_images/260973.png,颜真卿,楷,寮,956,0,1428,1428
final_images/260992.png,赵孟𫖯,楷,寳,801,0,1430,1430
final_images/261067.png,赵孟𫖯,楷,寸,801,0,1434,1434
final_images/261068.png,颜真卿,楷,寸,956,0,1434,1434
final_images/261098.png,赵孟𫖯,楷,寺,801,0,1435,1435
final_images/261155.png,欧阳询,楷,封,479,0,1439,1439
final_images/261175.png,邓石如,隶,封,828,4,1439,29543
final_images/261188.png,吴叡,隶,専,171,4,1440,29544
final_images/261247.png,金农,隶,射,855,4,1442,29546
final_images/261252.png,赵孟𫖯,楷,将,801,0,1443,1443
final_images/261257.png,欧阳询,楷,将,479,0,1443,1443
final_images/261258.png,褚遂良,楷,将,760,0,1443,1443
final_images/261259.png,褚遂良,楷,将,760,0,1443,1443
final_images/261292.png,赵孟𫖯,隶,将,801,4,1443,29547
final_images/261296.png,金农,隶,将,855,4,1443,29547
final_images/261300.png,赵孟𫖯,楷,將,801,0,1444,1444
final_images/261305.png,柳公权,楷,將,461,0,1444,1444
final_images/261309.png,智永,楷,將,377,0,1444,1444
final_images/261344.png,王澍,隶,將,589,4,1444,29548
final_images/261410.png,赵孟𫖯,楷,尋,801,0,1448,1448
final_images/261412.png,智永,楷,尋,377,0,1448,1448
final_images/261433.png,赵孟𫖯,隶,尌,801,4,1449,29553
final_images/261438.png,赵孟𫖯,楷,對,801,0,1450,1450
final_images/261439.png,柳公权,楷,對,461,0,1450,1450
final_images/261441.png,褚遂良,楷,對,760,0,1450,1450
final_images/261492.png,王澍,隶,對,589,4,1450,29554
final_images/261493.png,赵孟𫖯,楷,導,801,0,1451,1451
final_images/261495.png,褚遂良,楷,導,760,0,1451,1451
final_images/261507.png,欧阳询,楷,小,479,0,1452,1452
final_images/261570.png,欧阳询,楷,少,479,0,1453,1453
final_images/261572.png,智永,楷,少,377,0,1453,1453
final_images/261640.png,赵孟𫖯,隶,少,801,4,1453,29557
final_images/261646.png,邓石如,隶,少,828,4,1453,29557
final_images/261703.png,颜真卿,楷,尙,956,0,1458,1458
final_images/261767.png,柳公权,楷,尚,461,0,1459,1459
final_images/261863.png,欧阳询,楷,尤,479,0,1463,1463
final_images/261876.png,陈鸿寿,隶,尤,920,4,1463,29567
final_images/261894.png,颜真卿,楷,就,956,0,1467,1467
final_images/261914.png,颜真卿,楷,尸,956,0,1468,1468
final_images/261944.png,赵孟𫖯,楷,尹,801,0,1469,1469
final_images/261945.png,柳公权,楷,尹,461,0,1469,1469
final_images/261946.png,智永,楷,尹,377,0,1469,1469
final_images/262054.png,柳公权,楷,尼,461,0,1472,1472
final_images/262097.png,赵孟𫖯,楷,局,801,0,1474,1474
final_images/262150.png,邓石如,隶,居,828,4,1476,29580
final_images/262190.png,吴叡,隶,屈,171,4,1477,29581
final_images/262237.png,金农,隶,屏,855,4,1479,29583
final_images/262256.png,欧阳询,楷,展,479,0,1482,1482
final_images/262305.png,颜真卿,楷,屢,956,0,1486,1486
final_images/262310.png,陈鸿寿,隶,屢,920,4,1486,29590
final_images/262312.png,赵孟𫖯,楷,屣,801,0,1487,1487
final_images/262323.png,柳公权,楷,履,461,0,1489,1489
final_images/262359.png,柳公权,楷,屬,461,0,1491,1491
final_images/262360.png,智永,楷,屬,377,0,1491,1491
final_images/262442.png,金农,隶,屯,855,4,1493,29597
final_images/262469.png,褚遂良,楷,山,760,0,1495,1495
final_images/262470.png,颜真卿,楷,山,956,0,1495,1495
final_images/262550.png,金农,隶,山,855,4,1495,29599
final_images/262578.png,邓石如,隶,岐,828,4,1501,29605
final_images/262584.png,颜真卿,楷,岑,956,0,1502,1502
final_images/262599.png,赵孟𫖯,隶,岡,801,4,1503,29607
final_images/262600.png,赵孟𫖯,隶,岡,801,4,1503,29607
final_images/262620.png,赵孟𫖯,楷,岫,801,0,1506,1506
final_images/262716.png,欧阳询,楷,峥,479,0,1515,1515
final_images/262725.png,褚遂良,楷,峨,760,0,1517,1517
final_images/262791.png,柳公权,楷,崇,461,0,1524,1524
final_images/262829.png,赵孟𫖯,楷,崔,801,0,1528,1528
final_images/262831.png,颜真卿,楷,崔,956,0,1528,1528
final_images/262868.png,欧阳询,楷,崢,479,0,1533,1533
final_images/262896.png,王澍,隶,嵇,589,4,1537,29641
final_images/262940.png,赵孟𫖯,楷,嶮,801,0,1546,1546
final_images/262945.png,颜真卿,楷,嶷,956,0,1547,1547
final_images/262957.png,智永,楷,嶽,377,0,1550,1550
final_images/262996.png,赵孟𫖯,楷,巖,801,0,1555,1555
final_images/263006.png,赵孟𫖯,隶,巖,801,4,1555,29659
final_images/263023.png,颜真卿,楷,川,956,0,1558,1558
final_images/263024.png,智永,楷,川,377,0,1558,1558
final_images/263068.png,颜真卿,楷,州,956,0,1559,1559
final_images/263122.png,吴叡,隶,州,171,4,1559,29663
final_images/263128.png,陈鸿寿,隶,州,920,4,1559,29663
final_images/263157.png,陈鸿寿,隶,巡,920,4,1562,29666
final_images/263182.png,颜真卿,楷,工,956,0,1564,1564
final_images/263234.png,邓石如,隶,工,828,4,1564,29668
final_images/263245.png,柳公权,楷,左,461,0,1565,1565
final_images/263313.png,邓石如,隶,左,828,4,1565,29669
final_images/263323.png,赵孟𫖯,楷,巧,801,0,1566,1566
final_images/263393.png,陈鸿寿,隶,巫,920,4,1569,29673
final_images/263434.png,颜真卿,楷,己,956,0,1571,1571
final_images/263515.png,颜真卿,楷,已,956,0,1572,1572
final_images/263656.png,褚遂良,楷,巻,760,0,1578,1578
final_images/263690.png,赵孟𫖯,楷,巾,801,0,1580,1580
final_images/263759.png,褚遂良,楷,市,760,0,1583,1583
final_images/263760.png,智永,楷,市,377,0,1583,1583
final_images/263789.png,褚遂良,楷,布,760,0,1584,1584
final_images/263790.png,颜真卿,楷,布,956,0,1584,1584
final_images/263791.png,智永,楷,布,377,0,1584,1584
final_images/263815.png,赵孟𫖯,隶,布,801,4,1584,29688
final_images/263873.png,赵孟𫖯,楷,帖,801,0,1590,1590
final_images/263881.png,邓石如,隶,帖,828,4,1590,29694
final_images/263918.png,柳公权,楷,帛,461,0,1593,1593
final_images/264001.png,金农,隶,帝,855,4,1594,29698
final_images/264035.png,褚遂良,楷,師,760,0,1597,1597
final_images/264036.png,颜真卿,楷,師,956,0,1597,1597
final_images/264111.png,赵孟𫖯,隶,席,801,4,1599,29703
final_images/264117.png,智永,楷,帯,377,0,1600,1600
final_images/264134.png,王澍,隶,帯,589,4,1600,29704
final_images/264138.png,赵孟𫖯,楷,帳,801,0,1601,1601
final_images/264141.png,赵孟𫖯,隶,帳,801,4,1601,29705
final_images/264146.png,柳公权,楷,帶,461,0,1602,1602
final_images/264166.png,赵孟𫖯,隶,帶,801,4,1602,29706
final_images/264179.png,王澍,隶,帷,589,4,1603,29707
final_images/264188.png,智永,楷,常,377,0,1604,1604
final_images/264213.png,吴叡,隶,常,171,4,1604,29708
final_images/264269.png,褚遂良,楷,幢,760,0,1613,1613
final_images/264376.png,智永,楷,年,377,0,1618,1618
final_images/264540.png,柳公权,楷,并,461,0,1620,1620
final_images/264658.png,褚遂良,楷,幼,760,0,1626,1626
final_images/264769.png,褚遂良,楷,序,760,0,1634,1634
final_images/264929.png,金农,隶,府,855,4,1639,29743
final_images/264930.png,陈鸿寿,隶,府,920,4,1639,29743
final_images/264940.png,柳公权,楷,度,461,0,1641,1641
final_images/264976.png,柳公权,楷,座,461,0,1642,1642
final_images/265084.png,赵孟𫖯,楷,康,801,0,1649,1649
final_images/265115.png,赵孟𫖯,隶,康,801,4,1649,29753
final_images/265120.png,王澍,隶,康,589,4,1649,29753
final_images/265126.png,褚遂良,楷,庸,760,0,1650,1650
final_images/265149.png,赵孟𫖯,隶,庸,801,4,1650,29754
final_images/265200.png,赵孟𫖯,隶,廉,801,4,1653,29757
final_images/265206.png,赵孟𫖯,楷,廊,801,0,1654,1654
final_images/265215.png,王澍,隶,廊,589,4,1654,29758
final_images/265241.png,柳公权,楷,廓,461,0,1659,1659
final_images/265264.png,智永,楷,廟,377,0,1664,1664
final_images/265308.png,赵孟𫖯,楷,廣,801,0,1667,1667
final_images/265310.png,褚遂良,楷,廣,760,0,1667,1667
final_images/265311.png,褚遂良,楷,廣,760,0,1667,1667
final_images/265331.png,赵孟𫖯,隶,廣,801,4,1667,29771
final_images/265359.png,邓石如,隶,廬,828,4,1673,29777
final_images/265368.png,褚遂良,楷,延,760,0,1674,1674
final_images/265369.png,颜真卿,楷,延,956,0,1674,1674
final_images/265386.png,吴叡,隶,延,171,4,1674,29778
final_images/265390.png,金农,隶,延,855,4,1674,29778
final_images/265448.png,欧阳询,楷,建,479,0,1676,1676
final_images/265507.png,颜真卿,楷,廿,956,0,1679,1679
final_images/265630.png,欧阳询,楷,弊,479,0,1687,1687
final_images/265631.png,颜真卿,楷,弊,956,0,1687,1687
final_images/265639.png,赵孟𫖯,楷,弋,801,0,1688,1688
final_images/265828.png,褚遂良,楷,弗,760,0,1698,1698
final_images/265912.png,王澍,隶,弗,589,4,1698,29802
final_images/265978.png,智永,楷,弟,377,0,1702,1702
final_images/266016.png,赵孟𫖯,隶,弟,801,4,1702,29806
final_images/266021.png,陈鸿寿,隶,弟,920,4,1702,29806
final_images/266055.png,赵孟𫖯,隶,弦,801,4,1704,29808
final_images/266081.png,褚遂良,楷,弭,760,0,1708,1708
final_images/266099.png,颜真卿,楷,弱,956,0,1709,1709
final_images/266116.png,吴叡,隶,弱,171,4,1709,29813
final_images/266123.png,欧阳询,楷,張,479,0,1710,1710
final_images/266124.png,褚遂良,楷,張,760,0,1710,1710
final_images/266161.png,赵孟𫖯,楷,強,801,0,1711,1711
final_images/266191.png,赵孟𫖯,楷,强,801,0,1712,1712
final_images/266213.png,吴叡,隶,强,171,4,1712,29816
final_images/266222.png,赵孟𫖯,楷,弼,801,0,1713,1713
final_images/266223.png,颜真卿,楷,弼,956,0,1713,1713
final_images/266399.png,赵孟𫖯,楷,彝,801,0,1726,1726
final_images/266400.png,欧阳询,楷,彝,479,0,1726,1726
final_images/266567.png,欧阳询,楷,彞,479,0,1727,1727
final_images/266783.png,颜真卿,楷,彤,956,0,1732,1732
final_images/266807.png,颜真卿,楷,彦,956,0,1734,1734
final_images/266815.png,陈鸿寿,隶,彦,920,4,1734,29838
final_images/266842.png,智永,楷,彫,377,0,1737,1737
final_images/266886.png,邓石如,隶,彭,828,4,1739,29843
final_images/266978.png,赵孟𫖯,隶,彼,801,4,1746,29850
final_images/266988.png,智永,楷,往,377,0,1747,1747
final_images/267016.png,金农,隶,往,855,4,1747,29851
final_images/267057.png,赵孟𫖯,楷,待,801,0,1750,1750
final_images/267096.png,柳公权,楷,律,461,0,1755,1755
final_images/267135.png,赵孟𫖯,楷,後,801,0,1756,1756
final_images/267138.png,褚遂良,楷,後,760,0,1756,1756
final_images/267139.png,褚遂良,楷,後,760,0,1756,1756
final_images/267213.png,欧阳询,楷,徑,479,0,1758,1758
final_images/267268.png,褚遂良,楷,得,760,0,1760,1760
final_images/267316.png,吴叡,隶,得,171,4,1760,29864
final_images/267324.png,王澍,隶,得,589,4,1760,29864
final_images/267325.png,邓石如,隶,得,828,4,1760,29864
final_images/267326.png,陈鸿寿,隶,得,920,4,1760,29864
final_images/267340.png,柳公权,楷,徙,461,0,1762,1762
final_images/267443.png,吴叡,隶,從,171,4,1763,29867
final_images/267449.png,金农,隶,從,855,4,1763,29867
final_images/267450.png,陈鸿寿,隶,從,920,4,1763,29867
final_images/267460.png,欧阳询,楷,御,479,0,1765,1765
final_images/267560.png,吴叡,隶,復,171,4,1768,29872
final_images/267565.png,陈鸿寿,隶,復,920,4,1768,29872
final_images/267571.png,赵孟𫖯,楷,循,801,0,1769,1769
final_images/267572.png,欧阳询,楷,循,479,0,1769,1769
final_images/267573.png,褚遂良,楷,循,760,0,1769,1769
final_images/267595.png,欧阳询,楷,微,479,0,1770,1770
final_images/267617.png,赵孟𫖯,隶,微,801,4,1770,29874
final_images/267674.png,王澍,隶,徳,589,4,1771,29875
final_images/267677.png,陈鸿寿,隶,徳,920,4,1771,29875
final_images/267681.png,褚遂良,楷,徴,760,0,1772,1772
final_images/267729.png,智永,楷,德,377,0,1774,1774
final_images/267775.png,邓石如,隶,德,828,4,1774,29878
final_images/267776.png,陈鸿寿,隶,德,920,4,1774,29878
final_images/267805.png,颜真卿,楷,徽,956,0,1777,1777
final_images/267825.png,柳公权,楷,心,461,0,1778,1778
final_images/267905.png,吴叡,隶,心,171,4,1778,29882
final_images/267906.png,赵孟𫖯,隶,心,801,4,1778,29882
final_images/267915.png,金农,隶,心,855,4,1778,29882
final_images/267925.png,柳公权,楷,必,461,0,1779,1779
final_images/267926.png,欧阳询,楷,必,479,0,1779,1779
final_images/267978.png,吴叡,隶,必,171,4,1779,29883
final_images/268022.png,褚遂良,楷,忍,760,0,1783,1783
final_images/268033.png,金农,隶,忍,855,4,1783,29887
final_images/268044.png,褚遂良,楷,忒,760,0,1785,1785
final_images/268061.png,颜真卿,楷,志,956,0,1786,1786
final_images/268062.png,智永,楷,志,377,0,1786,1786
final_images/268122.png,柳公权,楷,忘,461,0,1787,1787
final_images/268123.png,颜真卿,楷,忘,956,0,1787,1787
final_images/268173.png,欧阳询,楷,忠,479,0,1790,1790
final_images/268175.png,褚遂良,楷,忠,760,0,1790,1790
final_images/268277.png,欧阳询,楷,忽,479,0,1799,1799
final_images/268292.png,吴叡,隶,忽,171,4,1799,29903
final_images/268293.png,金农,隶,忽,855,4,1799,29903
final_images/268430.png,吴叡,隶,思,171,4,1811,29915
final_images/268431.png,赵孟𫖯,隶,思,801,4,1811,29915
final_images/268477.png,吴叡,隶,急,171,4,1814,29918
final_images/268579.png,陈鸿寿,隶,恂,920,4,1823,29927
final_images/268648.png,智永,楷,恒,377,0,1827,1827
final_images/268659.png,王澍,隶,恒,589,4,1827,29931
final_images/268672.png,吴叡,隶,恕,171,4,1829,29933
final_images/268764.png,柳公权,楷,恩,461,0,1838,1838
final_images/268765.png,欧阳询,楷,恩,479,0,1838,1838
final_images/268781.png,陈鸿寿,隶,恩,920,4,1838,29942
final_images/268835.png,王澍,隶,恭,589,4,1842,29946
final_images/268920.png,王澍,隶,恵,589,4,1846,29950
final_images/268937.png,欧阳询,楷,悅,479,0,1849,1849
final_images/268944.png,王澍,隶,悅,589,4,1849,29953
final_images/268993.png,欧阳询,楷,悍,479,0,1854,1854
final_images/269074.png,金农,隶,悟,855,4,1861,29965
final_images/269109.png,吴叡,隶,患,171,4,1863,29967
final_images/269120.png,赵孟𫖯,楷,悦,801,0,1865,1865
final_images/269189.png,柳公权,楷,悵,461,0,1869,1869
final_images/269227.png,赵孟𫖯,楷,情,801,0,1874,1874
final_images/269257.png,王澍,隶,情,589,4,1874,29978
final_images/269258.png,金农,隶,情,855,4,1874,29978
final_images/269272.png,柳公权,楷,惎,461,0,1878,1878
final_images/269278.png,赵孟𫖯,楷,惑,801,0,1879,1879
final_images/269288.png,陈鸿寿,隶,惑,920,4,1879,29983
final_images/269323.png,欧阳询,楷,惜,479,0,1886,1886
final_images/269340.png,褚遂良,楷,惟,760,0,1887,1887
final_images/269342.png,智永,楷,惟,377,0,1887,1887
final_images/269371.png,柳公权,楷,惠,461,0,1888,1888
final_images/269414.png,王澍,隶,惠,589,4,1888,29992
final_images/269441.png,吴叡,隶,惡,171,4,1889,29993
final_images/269442.png,赵孟𫖯,隶,惡,801,4,1889,29993
final_images/269444.png,邓石如,隶,惡,828,4,1889,29993
final_images/269470.png,柳公权,楷,惰,461,0,1894,1894
final_images/269486.png,颜真卿,楷,想,956,0,1896,1896
final_images/269508.png,王澍,隶,想,589,4,1896,30000
final_images/269517.png,王澍,隶,惶,589,4,1897,30001
final_images/269531.png,赵孟𫖯,隶,惻,801,4,1900,30004
final_images/269575.png,欧阳询,楷,愈,479,0,1905,1905
final_images/269643.png,王澍,隶,意,589,4,1908,30012
final_images/269658.png,赵孟𫖯,楷,愚,801,0,1911,1911
final_images/269660.png,智永,楷,愚,377,0,1911,1911
final_images/269739.png,王澍,隶,感,589,4,1914,30018
final_images/269757.png,柳公权,楷,愧,461,0,1916,1916
final_images/269812.png,柳公权,楷,慇,461,0,1927,1927
final_images/269823.png,智永,楷,慈,377,0,1928,1928
final_images/269843.png,吴叡,隶,態,171,4,1930,30034
final_images/269856.png,赵孟𫖯,楷,慎,801,0,1933,1933
final_images/269911.png,王澍,隶,慕,589,4,1936,30040
final_images/269920.png,欧阳询,楷,慙,479,0,1938,1938
final_images/269930.png,欧阳询,楷,慟,479,0,1940,1940
final_images/269943.png,褚遂良,楷,慧,760,0,1943,1943
final_images/269964.png,颜真卿,楷,慨,956,0,1944,1944
final_images/269991.png,王澍,隶,慮,589,4,1946,30050
final_images/270017.png,欧阳询,楷,慶,479,0,1948,1948
final_images/270049.png,陈鸿寿,隶,慶,920,4,1948,30052
final_images/270070.png,欧阳询,楷,憂,479,0,1953,1953
final_images/270138.png,赵孟𫖯,楷,憚,801,0,1959,1959
final_images/270143.png,赵孟𫖯,楷,憝,801,0,1960,1960
final_images/270170.png,陈鸿寿,隶,憲,920,4,1966,30070
final_images/270185.png,颜真卿,楷,懇,956,0,1972,1972
final_images/270197.png,欧阳询,楷,應,479,0,1974,1974
final_images/270263.png,欧阳询,楷,懷,479,0,1984,1984
final_images/270284.png,赵孟𫖯,楷,懸,801,0,1985,1985
final_images/270294.png,颜真卿,楷,懼,956,0,1986,1986
final_images/270311.png,柳公权,楷,懿,461,0,1988,1988
final_images/270338.png,赵孟𫖯,楷,戈,801,0,1990,1990
final_images/270555.png,赵孟𫖯,楷,戎,801,0,1995,1995
final_images/270676.png,吴叡,隶,成,171,4,1996,30100
final_images/270796.png,颜真卿,楷,戒,956,0,1998,1998
final_images/270831.png,赵孟𫖯,楷,或,801,0,2000,2000
final_images/270834.png,褚遂良,楷,或,760,0,2000,2000
final_images/270835.png,颜真卿,楷,或,956,0,2000,2000
final_images/270898.png,邓石如,隶,或,828,4,2000,30104
final_images/270903.png,赵孟𫖯,楷,戚,801,0,2001,2001
final_images/270916.png,吴叡,隶,戚,171,4,2001,30105
final_images/270974.png,颜真卿,楷,戡,956,0,2006,2006
final_images/270980.png,赵孟𫖯,楷,戢,801,0,2007,2007
final_images/271029.png,颜真卿,楷,戲,956,0,2013,2013
final_images/271089.png,王澍,隶,戶,589,4,2015,30119
final_images/271090.png,陈鸿寿,隶,戶,920,4,2015,30119
final_images/271097.png,赵孟𫖯,楷,户,801,0,2016,2016
final_images/271126.png,赵孟𫖯,隶,户,801,4,2016,30120
final_images/271215.png,赵孟𫖯,楷,所,801,0,2021,2021
final_images/271216.png,赵孟𫖯,楷,所,801,0,2021,2021
final_images/271221.png,智永,楷,所,377,0,2021,2021
final_images/271336.png,赵孟𫖯,楷,扆,801,0,2025,2025
final_images/271360.png,颜真卿,楷,扈,956,0,2027,2027
final_images/271498.png,金农,隶,才,855,4,2030,30134
final_images/271575.png,颜真卿,楷,批,956,0,2046,2046
final_images/271581.png,赵孟𫖯,楷,承,801,0,2047,2047
final_images/271583.png,颜真卿,楷,承,956,0,2047,2047
final_images/271585.png,智永,楷,承,377,0,2047,2047
final_images/271637.png,褚遂良,楷,把,760,0,2052,2052
final_images/271659.png,褚遂良,楷,抑,760,0,2054,2054
final_images/271714.png,赵孟𫖯,隶,抗,801,4,2059,30163
final_images/271751.png,吴叡,隶,折,171,4,2060,30164
final_images/271768.png,褚遂良,楷,抜,760,0,2063,2063
final_images/271807.png,颜真卿,楷,抱,956,0,2066,2066
final_images/271847.png,赵孟𫖯,楷,抽,801,0,2071,2071
final_images/271925.png,金农,隶,拒,855,4,2082,30186
final_images/271926.png,陈鸿寿,隶,拒,920,4,2082,30186
final_images/271930.png,颜真卿,楷,拓,956,0,2083,2083
final_images/271946.png,褚遂良,楷,拔,760,0,2084,2084
final_images/271968.png,颜真卿,楷,拘,956,0,2088,2088
final_images/272000.png,柳公权,楷,招,461,0,2091,2091
final_images/272001.png,褚遂良,楷,招,760,0,2091,2091
final_images/272002.png,褚遂良,楷,招,760,0,2091,2091
final_images/272003.png,颜真卿,楷,招,956,0,2091,2091
final_images/272022.png,赵孟𫖯,楷,拜,801,0,2092,2092
final_images/272116.png,褚遂良,楷,拯,760,0,2099,2099
final_images/272175.png,柳公权,楷,持,461,0,2105,2105
final_images/272226.png,吴叡,隶,指,171,4,2107,30211
final_images/272227.png,赵孟𫖯,隶,指,801,4,2107,30211
final_images/272236.png,赵孟𫖯,楷,按,801,0,2109,2109
final_images/272237.png,柳公权,楷,按,461,0,2109,2109
final_images/272253.png,颜真卿,楷,挍,956,0,2111,2111
final_images/272343.png,赵孟𫖯,楷,挾,801,0,2121,2121
final_images/272374.png,赵孟𫖯,楷,捎,801,0,2128,2128
final_images/272382.png,柳公权,楷,捐,461,0,2129,2129
final_images/272383.png,褚遂良,楷,捐,760,0,2129,2129
final_images/272391.png,颜真卿,楷,捕,956,0,2130,2130
final_images/272409.png,赵孟𫖯,隶,捕,801,4,2130,30234
final_images/272410.png,陈鸿寿,隶,捕,920,4,2130,30234
final_images/272424.png,赵孟𫖯,楷,换,801,0,2134,2134
final_images/272461.png,赵孟𫖯,楷,捷,801,0,2142,2142
final_images/272492.png,欧阳询,楷,授,479,0,2148,2148
final_images/272493.png,颜真卿,楷,授,956,0,2148,2148
final_images/272508.png,吴叡,隶,授,171,4,2148,30252
final_images/272527.png,颜真卿,楷,掌,956,0,2151,2151
final_images/272551.png,褚遂良,楷,排,760,0,2153,2153
final_images/272593.png,柳公权,楷,採,461,0,2160,2160
final_images/272602.png,颜真卿,楷,探,956,0,2161,2161
final_images/272621.png,赵孟𫖯,楷,接,801,0,2163,2163
final_images/272622.png,柳公权,楷,接,461,0,2163,2163
final_images/272656.png,褚遂良,楷,推,760,0,2165,2165
final_images/272677.png,赵孟𫖯,隶,推,801,4,2165,30269
final_images/272685.png,褚遂良,楷,掩,760,0,2166,2166
final_images/272714.png,陈鸿寿,隶,掲,920,4,2169,30273
final_images/272748.png,褚遂良,楷,揆,760,0,2173,2173
final_images/272762.png,赵孟𫖯,楷,提,801,0,2175,2175
final_images/272763.png,柳公权,楷,提,461,0,2175,2175
final_images/272770.png,吴叡,隶,提,171,4,2175,30279
final_images/272798.png,欧阳询,楷,揚,479,0,2178,2178
final_images/272840.png,陈鸿寿,隶,揭,920,4,2184,30288
final_images/272853.png,柳公权,楷,援,461,0,2186,2186
final_images/273020.png,王澍,隶,摩,589,4,2209,30313
final_images/273021.png,邓石如,隶,摩,828,4,2209,30313
final_images/273022.png,金农,隶,摩,855,4,2209,30313
final_images/273071.png,颜真卿,楷,摽,956,0,2218,2218
final_images/273076.png,颜真卿,楷,撃,956,0,2219,2219
final_images/273155.png,欧阳询,楷,撰,479,0,2232,2232
final_images/273198.png,赵孟𫖯,楷,擊,801,0,2237,2237
final_images/273216.png,智永,楷,操,377,0,2238,2238
final_images/273233.png,吴叡,隶,操,171,4,2238,30342
final_images/273302.png,赵孟𫖯,楷,擾,801,0,2253,2253
final_images/273326.png,颜真卿,楷,攘,956,0,2256,2256
final_images/273339.png,颜真卿,楷,攙,956,0,2257,2257
final_images/273343.png,智永,楷,攝,377,0,2258,2258
final_images/273351.png,吴叡,隶,攝,171,4,2258,30362
final_images/273352.png,赵孟𫖯,隶,攝,801,4,2258,30362
final_images/273427.png,邓石如,隶,收,828,4,2263,30367
final_images/273437.png,欧阳询,楷,攸,479,0,2265,2265
final_images/273438.png,褚遂良,楷,攸,760,0,2265,2265
final_images/273501.png,王澍,隶,改,589,4,2266,30370
final_images/273517.png,褚遂良,楷,攻,760,0,2268,2268
final_images/273591.png,赵孟𫖯,楷,政,801,0,2272,2272
final_images/273592.png,褚遂良,楷,政,760,0,2272,2272
final_images/273593.png,颜真卿,楷,政,956,0,2272,2272
final_images/273594.png,智永,楷,政,377,0,2272,2272
final_images/273628.png,陈鸿寿,隶,政,920,4,2272,30376
final_images/273713.png,赵孟𫖯,楷,效,801,0,2277,2277
final_images/273734.png,欧阳询,楷,敎,479,0,2279,2279
final_images/273735.png,颜真卿,楷,敎,956,0,2279,2279
final_images/273891.png,柳公权,楷,教,461,0,2287,2287
final_images/273893.png,褚遂良,楷,教,760,0,2287,2287
final_images/273981.png,颜真卿,楷,敞,956,0,2291,2291
final_images/274091.png,王澍,隶,敢,589,4,2292,30396
final_images/274092.png,金农,隶,敢,855,4,2292,30396
final_images/274130.png,邓石如,隶,散,828,4,2293,30397
final_images/274247.png,颜真卿,楷,敵,956,0,2301,2301
final_images/274269.png,褚遂良,楷,敷,760,0,2303,2303
final_images/274315.png,吴叡,隶,數,171,4,2304,30408
final_images/274340.png,褚遂良,楷,斂,760,0,2308,2308
final_images/274350.png,陈鸿寿,隶,斃,920,4,2309,30413
final_images/274357.png,赵孟𫖯,楷,文,801,0,2310,2310
final_images/274479.png,金农,隶,文,855,4,2310,30414
final_images/274497.png,吴叡,隶,斑,171,4,2313,30417
final_images/274505.png,赵孟𫖯,楷,斗,801,0,2314,2314
final_images/274580.png,智永,楷,斡,377,0,2319,2319
final_images/274655.png,赵孟𫖯,楷,斬,801,0,2325,2325
final_images/274689.png,欧阳询,楷,斯,479,0,2328,2328
final_images/274719.png,邓石如,隶,斯,828,4,2328,30432
final_images/274809.png,赵孟𫖯,楷,方,801,0,2333,2333
final_images/274813.png,欧阳询,楷,方,479,0,2333,2333
final_images/274815.png,褚遂良,楷,方,760,0,2333,2333
final_images/274899.png,褚遂良,楷,於,760,0,2334,2334
final_images/274900.png,颜真卿,楷,於,956,0,2334,2334
final_images/275096.png,柳公权,楷,施,461,0,2335,2335
final_images/275115.png,王澍,隶,施,589,4,2335,30439
final_images/275183.png,颜真卿,楷,旄,956,0,2340,2340
final_images/275246.png,颜真卿,楷,旋,956,0,2344,2344
final_images/275266.png,欧阳询,楷,旌,479,0,2345,2345
final_images/275267.png,颜真卿,楷,旌,956,0,2345,2345
final_images/275334.png,吴叡,隶,旗,171,4,2350,30454
final_images/275379.png,赵孟𫖯,楷,既,801,0,2356,2356
final_images/275381.png,褚遂良,楷,既,760,0,2356,2356
final_images/275382.png,颜真卿,楷,既,956,0,2356,2356
final_images/275383.png,智永,楷,既,377,0,2356,2356
final_images/275463.png,王澍,隶,既,589,4,2356,30460
final_images/275470.png,智永,楷,旣,377,0,2357,2357
final_images/275547.png,吴叡,隶,旣,171,4,2357,30461
final_images/275573.png,褚遂良,楷,日,760,0,2359,2359
final_images/275577.png,智永,楷,日,377,0,2359,2359
final_images/275750.png,赵孟𫖯,楷,旨,801,0,2362,2362
final_images/275751.png,欧阳询,楷,旨,479,0,2362,2362
final_images/275752.png,褚遂良,楷,旨,760,0,2362,2362
final_images/275791.png,赵孟𫖯,楷,早,801,0,2363,2363
final_images/275792.png,智永,楷,早,377,0,2363,2363
final_images/275804.png,赵孟𫖯,隶,早,801,4,2363,30467
final_images/275809.png,王澍,隶,早,589,4,2363,30467
final_images/275865.png,赵孟𫖯,楷,旱,801,0,2366,2366
final_images/275943.png,欧阳询,楷,昆,479,0,2374,2374
final_images/275951.png,吴叡,隶,昆,171,4,2374,30478
final_images/275952.png,赵孟𫖯,隶,昆,801,4,2374,30478
final_images/275957.png,颜真卿,楷,昇,956,0,2375,2375
final_images/275981.png,柳公权,楷,昌,461,0,2377,2377
final_images/275982.png,颜真卿,楷,昌,956,0,2377,2377
final_images/276051.png,柳公权,楷,昏,461,0,2379,2379
final_images/276052.png,欧阳询,楷,昏,479,0,2379,2379
final_images/276054.png,褚遂良,楷,昏,760,0,2379,2379
final_images/276088.png,柳公权,楷,易,461,0,2380,2380
final_images/276193.png,王澍,隶,易,589,4,2380,30484
final_images/276195.png,邓石如,隶,易,828,4,2380,30484
final_images/276288.png,柳公权,楷,星,461,0,2386,2386
final_images/276289.png,褚遂良,楷,星,760,0,2386,2386
final_images/276310.png,赵孟𫖯,隶,星,801,4,2386,30490
final_images/276373.png,邓石如,隶,春,828,4,2388,30492
final_images/276374.png,金农,隶,春,855,4,2388,30492
final_images/276382.png,欧阳询,楷,昧,479,0,2389,2389
final_images/276383.png,颜真卿,楷,昧,956,0,2389,2389
final_images/276421.png,褚遂良,楷,昭,760,0,2391,2391
final_images/276446.png,赵孟𫖯,楷,是,801,0,2392,2392
final_images/276447.png,欧阳询,楷,是,479,0,2392,2392
final_images/276448.png,欧阳询,楷,是,479,0,2392,2392
final_images/276449.png,褚遂良,楷,是,760,0,2392,2392
final_images/276450.png,褚遂良,楷,是,760,0,2392,2392
final_images/276451.png,褚遂良,楷,是,760,0,2392,2392
final_images/276452.png,颜真卿,楷,是,956,0,2392,2392
final_images/276457.png,智永,楷,是,377,0,2392,2392
final_images/276537.png,吴叡,隶,是,171,4,2392,30496
final_images/276538.png,赵孟𫖯,隶,是,801,4,2392,30496
final_images/276550.png,金农,隶,是,855,4,2392,30496
final_images/276551.png,金农,隶,是,855,4,2392,30496
final_images/276552.png,陈鸿寿,隶,是,920,4,2392,30496
final_images/276563.png,颜真卿,楷,昶,956,0,2394,2394
final_images/276605.png,柳公权,楷,時,461,0,2399,2399
final_images/276641.png,赵孟𫖯,隶,時,801,4,2399,30503
final_images/276650.png,邓石如,隶,時,828,4,2399,30503
final_images/276660.png,欧阳询,楷,晈,479,0,2401,2401
final_images/276664.png,颜真卿,楷,晉,956,0,2402,2402
final_images/276711.png,王澍,隶,晉,589,4,2402,30506
final_images/276715.png,赵孟𫖯,楷,晋,801,0,2403,2403
final_images/276717.png,欧阳询,楷,晋,479,0,2403,2403
final_images/276756.png,赵孟𫖯,隶,晋,801,4,2403,30507
final_images/276808.png,赵孟𫖯,隶,晚,801,4,2407,30511
final_images/276816.png,赵孟𫖯,楷,晝,801,0,2409,2409
final_images/276854.png,智永,楷,晦,377,0,2415,2415
final_images/276874.png,柳公权,楷,晨,461,0,2416,2416
final_images/276898.png,王澍,隶,晩,589,4,2417,30521
final_images/276906.png,颜真卿,楷,普,956,0,2418,2418
final_images/276919.png,欧阳询,楷,景,479,0,2419,2419
final_images/276922.png,智永,楷,景,377,0,2419,2419
final_images/276991.png,颜真卿,楷,智,956,0,2424,2424
final_images/277065.png,柳公权,楷,暑,461,0,2434,2434
final_images/277079.png,赵孟𫖯,隶,暑,801,4,2434,30538
final_images/277080.png,陈鸿寿,隶,暑,920,4,2434,30538
final_images/277090.png,褚遂良,楷,暗,760,0,2436,2436
final_images/277162.png,柳公权,楷,暴,461,0,2443,2443
final_images/277206.png,颜真卿,楷,曉,956,0,2449,2449
final_images/277242.png,赵孟𫖯,楷,曜,801,0,2455,2455
final_images/277247.png,赵孟𫖯,隶,曜,801,4,2455,30559
final_images/277253.png,智永,楷,曠,377,0,2457,2457
final_images/277259.png,赵孟𫖯,隶,曠,801,4,2457,30561
final_images/277270.png,欧阳询,楷,曩,479,0,2460,2460
final_images/277271.png,褚遂良,楷,曩,760,0,2460,2460
final_images/277279.png,褚遂良,楷,曰,760,0,2461,2461
final_images/277280.png,颜真卿,楷,曰,956,0,2461,2461
final_images/277414.png,邓石如,隶,曰,828,4,2461,30565
final_images/277415.png,金农,隶,曰,855,4,2461,30565
final_images/277416.png,陈鸿寿,隶,曰,920,4,2461,30565
final_images/277425.png,赵孟𫖯,楷,曲,801,0,2462,2462
final_images/277426.png,褚遂良,楷,曲,760,0,2462,2462
final_images/277451.png,颜真卿,楷,曳,956,0,2463,2463
final_images/277465.png,褚遂良,楷,更,760,0,2464,2464
final_images/277516.png,颜真卿,楷,曷,956,0,2466,2466
final_images/277527.png,柳公权,楷,書,461,0,2467,2467
final_images/277528.png,欧阳询,楷,書,479,0,2467,2467
final_images/277600.png,颜真卿,楷,曹,956,0,2468,2468
final_images/277675.png,金农,隶,曽,855,4,2470,30574
final_images/277744.png,王澍,隶,最,589,4,2473,30577
final_images/277785.png,赵孟𫖯,隶,會,801,4,2475,30579
final_images/277791.png,陈鸿寿,隶,會,920,4,2475,30579
final_images/277800.png,赵孟𫖯,楷,月,801,0,2477,2477
final_images/277806.png,柳公权,楷,月,461,0,2477,2477
final_images/277807.png,颜真卿,楷,月,956,0,2477,2477
final_images/277951.png,赵孟𫖯,隶,月,801,4,2477,30581
final_images/277963.png,邓石如,隶,月,828,4,2477,30581
final_images/277965.png,陈鸿寿,隶,月,920,4,2477,30581
final_images/277976.png,柳公权,楷,有,461,0,2478,2478
final_images/277977.png,欧阳询,楷,有,479,0,2478,2478
final_images/278043.png,吴叡,隶,有,171,4,2478,30582
final_images/278044.png,赵孟𫖯,隶,有,801,4,2478,30582
final_images/278068.png,金农,隶,有,855,4,2478,30582
final_images/278108.png,褚遂良,楷,服,760,0,2481,2481
final_images/278169.png,褚遂良,楷,朔,760,0,2484,2484
final_images/278193.png,颜真卿,楷,朕,956,0,2485,2485
final_images/278249.png,赵孟𫖯,楷,朗,801,0,2486,2486
final_images/278312.png,金农,隶,望,855,4,2488,30592
final_images/278318.png,颜真卿,楷,朝,956,0,2489,2489
final_images/278411.png,赵孟𫖯,楷,木,801,0,2492,2492
final_images/278413.png,智永,楷,木,377,0,2492,2492
final_images/278453.png,赵孟𫖯,隶,木,801,4,2492,30596
final_images/278467.png,褚遂良,楷,未,760,0,2493,2493
final_images/278550.png,邓石如,隶,未,828,4,2493,30597
final_images/278612.png,王澍,隶,本,589,4,2495,30599
final_images/278615.png,陈鸿寿,隶,本,920,4,2495,30599
final_images/278687.png,颜真卿,楷,朴,956,0,2499,2499
final_images/278763.png,智永,楷,李,377,0,2510,2510
final_images/278783.png,赵孟𫖯,隶,李,801,4,2510,30614
final_images/278792.png,王澍,隶,李,589,4,2510,30614
final_images/278814.png,颜真卿,楷,材,956,0,2512,2512
final_images/278849.png,褚遂良,楷,杖,760,0,2516,2516
final_images/278865.png,褚遂良,楷,杜,760,0,2518,2518
final_images/278897.png,智永,楷,杞,377,0,2519,2519
final_images/278968.png,智永,楷,杯,377,0,2525,2525
final_images/278983.png,王澍,隶,杯,589,4,2525,30629
final_images/278988.png,褚遂良,楷,東,760,0,2526,2526
final_images/278989.png,褚遂良,楷,東,760,0,2526,2526
final_images/279051.png,赵孟𫖯,隶,東,801,4,2526,30630
final_images/279101.png,王澍,隶,杷,589,4,2530,30634
final_images/279143.png,邓石如,隶,松,828,4,2533,30637
final_images/279174.png,智永,楷,枇,377,0,2537,2537
final_images/279185.png,颜真卿,楷,枉,956,0,2538,2538
final_images/279249.png,褚遂良,楷,林,760,0,2543,2543
final_images/279287.png,陈鸿寿,隶,林,920,4,2543,30647
final_images/279292.png,赵孟𫖯,楷,枚,801,0,2544,2544
final_images/279293.png,褚遂良,楷,枚,760,0,2544,2544
final_images/279315.png,柳公权,楷,果,461,0,2545,2545
final_images/279340.png,王澍,隶,果,589,4,2545,30649
final_images/279346.png,欧阳询,楷,枝,479,0,2546,2546
final_images/279361.png,赵孟𫖯,隶,枝,801,4,2546,30650
final_images/279453.png,柳公权,楷,柅,461,0,2560,2560
final_images/279529.png,赵孟𫖯,楷,柔,801,0,2565,2565
final_images/279530.png,褚遂良,楷,柔,760,0,2565,2565
final_images/279571.png,赵孟𫖯,楷,柝,801,0,2570,2570
final_images/279648.png,赵孟𫖯,楷,柰,801,0,2580,2580
final_images/279649.png,褚遂良,楷,柰,760,0,2580,2580
final_images/279742.png,褚遂良,楷,栖,760,0,2590,2590
final_images/279840.png,邓石如,隶,根,828,4,2597,30701
final_images/279943.png,褚遂良,楷,桎,760,0,2605,2605
final_images/279977.png,褚遂良,楷,桑,760,0,2607,2607
final_images/279978.png,褚遂良,楷,桑,760,0,2607,2607
final_images/280002.png,颜真卿,楷,桓,956,0,2608,2608
final_images/280003.png,智永,楷,桓,377,0,2608,2608
final_images/280016.png,吴叡,隶,桓,171,4,2608,30712
final_images/280098.png,褚遂良,楷,梏,760,0,2619,2619
final_images/280129.png,智永,楷,條,377,0,2622,2622
final_images/280140.png,柳公权,楷,梟,461,0,2623,2623
final_images/280160.png,赵孟𫖯,楷,梧,801,0,2626,2626
final_images/280174.png,赵孟𫖯,隶,梧,801,4,2626,30730
final_images/280231.png,颜真卿,楷,棄,956,0,2637,2637
final_images/280246.png,赵孟𫖯,楷,棊,801,0,2638,2638
final_images/280255.png,柳公权,楷,棋,461,0,2639,2639
final_images/280292.png,欧阳询,楷,棟,479,0,2645,2645
final_images/280298.png,赵孟𫖯,楷,棠,801,0,2646,2646
final_images/280332.png,柳公权,楷,棧,461,0,2648,2648
final_images/280347.png,颜真卿,楷,森,956,0,2651,2651
final_images/280355.png,颜真卿,楷,棲,956,0,2652,2652
final_images/280409.png,褚遂良,楷,植,760,0,2660,2660
final_images/280411.png,智永,楷,植,377,0,2660,2660
final_images/280464.png,赵孟𫖯,楷,楊,801,0,2669,2669
final_images/280615.png,颜真卿,楷,業,956,0,2684,2684
final_images/280617.png,智永,楷,業,377,0,2684,2684
final_images/280647.png,欧阳询,楷,極,479,0,2687,2687
final_images/280649.png,颜真卿,楷,極,956,0,2687,2687
final_images/280672.png,吴叡,隶,極,171,4,2687,30791
final_images/280690.png,赵孟𫖯,楷,楹,801,0,2689,2689
final_images/280692.png,智永,楷,楹,377,0,2689,2689
final_images/280769.png,赵孟𫖯,楷,榮,801,0,2700,2700
final_images/280773.png,颜真卿,楷,榮,956,0,2700,2700
final_images/280785.png,赵孟𫖯,隶,榮,801,4,2700,30804
final_images/280814.png,柳公权,楷,槁,461,0,2705,2705
final_images/280819.png,柳公权,楷,槃,461,0,2706,2706
final_images/280849.png,智永,楷,槐,377,0,2712,2712
final_images/280946.png,吴叡,隶,樂,171,4,2722,30826
final_images/280956.png,邓石如,隶,樂,828,4,2722,30826
final_images/280958.png,陈鸿寿,隶,樂,920,4,2722,30826
final_images/280983.png,智永,楷,樓,377,0,2725,2725
final_images/280993.png,赵孟𫖯,隶,樓,801,4,2725,30829
final_images/280998.png,赵孟𫖯,楷,標,801,0,2727,2727
final_images/281058.png,欧阳询,楷,樵,479,0,2735,2735
final_images/281074.png,赵孟𫖯,楷,樹,801,0,2737,2737
final_images/281077.png,颜真卿,楷,樹,956,0,2737,2737
final_images/281163.png,王澍,隶,機,589,4,2746,30850
final_images/281172.png,智永,楷,橫,377,0,2748,2748
final_images/281180.png,邓石如,隶,橫,828,4,2748,30852
final_images/281204.png,陈鸿寿,隶,檄,920,4,2750,30854
final_images/281212.png,颜真卿,楷,檐,956,0,2751,2751
final_images/281240.png,柳公权,楷,檻,461,0,2759,2759
final_images/281270.png,柳公权,楷,權,461,0,2768,2768
final_images/281285.png,欧阳询,楷,欒,479,0,2769,2769
final_images/281315.png,智永,楷,次,377,0,2771,2771
final_images/281336.png,赵孟𫖯,隶,次,801,4,2771,30875
final_images/281404.png,颜真卿,楷,欲,956,0,2780,2780
final_images/281437.png,赵孟𫖯,隶,欲,801,4,2780,30884
final_images/281443.png,邓石如,隶,欲,828,4,2780,30884
final_images/281444.png,金农,隶,欲,855,4,2780,30884
final_images/281450.png,吴叡,隶,欷,171,4,2782,30886
final_images/281477.png,颜真卿,楷,欽,956,0,2785,2785
final_images/281494.png,柳公权,楷,款,461,0,2786,2786
final_images/281508.png,颜真卿,楷,歆,956,0,2788,2788
final_images/281547.png,柳公权,楷,歌,461,0,2791,2791
final_images/281548.png,欧阳询,楷,歌,479,0,2791,2791
final_images/281550.png,智永,楷,歌,377,0,2791,2791
final_images/281617.png,智永,楷,歡,377,0,2800,2800
final_images/281761.png,颜真卿,楷,此,956,0,2803,2803
final_images/281836.png,赵孟𫖯,隶,此,801,4,2803,30907
final_images/281842.png,王澍,隶,此,589,4,2803,30907
final_images/281851.png,欧阳询,楷,步,479,0,2804,2804
final_images/281884.png,吴叡,隶,步,171,4,2804,30908
final_images/281885.png,赵孟𫖯,隶,步,801,4,2804,30908
final_images/281893.png,柳公权,楷,武,461,0,2805,2805
final_images/281949.png,吴叡,隶,武,171,4,2805,30909
final_images/281953.png,王澍,隶,武,589,4,2805,30909
final_images/281957.png,柳公权,楷,歧,461,0,2806,2806
final_images/281960.png,颜真卿,楷,歩,956,0,2807,2807
final_images/281961.png,智永,楷,歩,377,0,2807,2807
final_images/281992.png,赵孟𫖯,隶,歩,801,4,2807,30911
final_images/282012.png,赵孟𫖯,楷,歲,801,0,2810,2810
final_images/282015.png,柳公权,楷,歲,461,0,2810,2810
final_images/282020.png,智永,楷,歲,377,0,2810,2810
final_images/282057.png,赵孟𫖯,隶,歲,801,4,2810,30914
final_images/282063.png,陈鸿寿,隶,歲,920,4,2810,30914
final_images/282069.png,赵孟𫖯,楷,歳,801,0,2811,2811
final_images/282114.png,吴叡,隶,歳,171,4,2811,30915
final_images/282115.png,赵孟𫖯,隶,歳,801,4,2811,30915
final_images/282123.png,柳公权,楷,歷,461,0,2812,2812
final_images/282146.png,褚遂良,楷,歸,760,0,2813,2813
final_images/282259.png,陈鸿寿,隶,死,920,4,2816,30920
final_images/282263.png,欧阳询,楷,歿,479,0,2817,2817
final_images/282264.png,颜真卿,楷,歿,956,0,2817,2817
final_images/282271.png,欧阳询,楷,殁,479,0,2818,2818
final_images/282291.png,赵孟𫖯,楷,殆,801,0,2821,2821
final_images/282313.png,柳公权,楷,殊,461,0,2822,2822
final_images/282367.png,褚遂良,楷,殤,760,0,2829,2829
final_images/282445.png,吴叡,隶,殷,171,4,2835,30939
final_images/282469.png,褚遂良,楷,殺,760,0,2838,2838
final_images/282502.png,欧阳询,楷,殿,479,0,2840,2840
final_images/282527.png,赵孟𫖯,楷,毀,801,0,2841,2841
final_images/282537.png,赵孟𫖯,隶,毀,801,4,2841,30945
final_images/282667.png,柳公权,楷,母,461,0,2848,2848
final_images/282756.png,赵孟𫖯,楷,毎,801,0,2849,2849
final_images/282757.png,欧阳询,楷,毎,479,0,2849,2849
final_images/282758.png,颜真卿,楷,毎,956,0,2849,2849
final_images/282796.png,智永,楷,每,377,0,2850,2850
final_images/282828.png,赵孟𫖯,隶,每,801,4,2850,30954
final_images/282830.png,王澍,隶,每,589,4,2850,30954
final_images/282838.png,赵孟𫖯,楷,毒,801,0,2852,2852
final_images/282839.png,欧阳询,楷,毒,479,0,2852,2852
final_images/282857.png,颜真卿,楷,毓,956,0,2853,2853
final_images/282892.png,智永,楷,比,377,0,2854,2854
final_images/282996.png,颜真卿,楷,毫,956,0,2859,2859
final_images/283025.png,欧阳询,楷,氏,479,0,2863,2863
final_images/283089.png,陈鸿寿,隶,氏,920,4,2863,30967
final_images/283110.png,欧阳询,楷,民,479,0,2865,2865
final_images/283205.png,赵孟𫖯,隶,民,801,4,2865,30969
final_images/283215.png,邓石如,隶,民,828,4,2865,30969
final_images/283298.png,柳公权,楷,氛,461,0,2869,2869
final_images/283305.png,柳公权,楷,氣,461,0,2870,2870
final_images/283307.png,褚遂良,楷,氣,760,0,2870,2870
final_images/283308.png,智永,楷,氣,377,0,2870,2870
final_images/283337.png,王澍,隶,氣,589,4,2870,30974
final_images/283415.png,王澍,隶,水,589,4,2874,30978
final_images/283419.png,金农,隶,水,855,4,2874,30978
final_images/283436.png,欧阳询,楷,永,479,0,2876,2876
final_images/283438.png,颜真卿,楷,永,956,0,2876,2876
final_images/283566.png,赵孟𫖯,楷,求,801,0,2880,2880
final_images/283568.png,褚遂良,楷,求,760,0,2880,2880
final_images/283616.png,王澍,隶,求,589,4,2880,30984
final_images/283704.png,吴叡,隶,汝,171,4,2889,30993
final_images/283753.png,赵孟𫖯,楷,池,801,0,2891,2891
final_images/283755.png,颜真卿,楷,池,956,0,2891,2891
final_images/283815.png,颜真卿,楷,汪,956,0,2897,2897
final_images/283896.png,颜真卿,楷,沂,956,0,2909,2909
final_images/283962.png,王澍,隶,沈,589,4,2915,31019
final_images/283973.png,欧阳询,楷,沉,479,0,2916,2916
final_images/283974.png,颜真卿,楷,沉,956,0,2916,2916
final_images/283979.png,赵孟𫖯,楷,沌,801,0,2917,2917
final_images/284041.png,智永,楷,沙,377,0,2923,2923
final_images/284063.png,王澍,隶,沙,589,4,2923,31027
final_images/284087.png,赵孟𫖯,隶,沛,801,4,2925,31029
final_images/284175.png,柳公权,楷,河,461,0,2934,2934
final_images/284176.png,褚遂良,楷,河,760,0,2934,2934
final_images/284242.png,金农,隶,油,855,4,2936,31040
final_images/284247.png,欧阳询,楷,治,479,0,2937,2937
final_images/284249.png,褚遂良,楷,治,760,0,2937,2937
final_images/284250.png,褚遂良,楷,治,760,0,2937,2937
final_images/284253.png,智永,楷,治,377,0,2937,2937
final_images/284279.png,赵孟𫖯,隶,治,801,4,2937,31041
final_images/284346.png,柳公权,楷,泉,461,0,2944,2944
final_images/284347.png,欧阳询,楷,泉,479,0,2944,2944
final_images/284405.png,赵孟𫖯,楷,法,801,0,2949,2949
final_images/284408.png,颜真卿,楷,法,956,0,2949,2949
final_images/284411.png,智永,楷,法,377,0,2949,2949
final_images/284458.png,颜真卿,楷,泛,956,0,2952,2952
final_images/284498.png,褚遂良,楷,波,760,0,2956,2956
final_images/284554.png,柳公权,楷,注,461,0,2959,2959
final_images/284555.png,欧阳询,楷,注,479,0,2959,2959
final_images/284750.png,赵孟𫖯,隶,洛,801,4,2982,31086
final_images/284763.png,颜真卿,楷,洞,956,0,2983,2983
final_images/284774.png,赵孟𫖯,隶,洞,801,4,2983,31087
final_images/284775.png,邓石如,隶,洞,828,4,2983,31087
final_images/284819.png,陈鸿寿,隶,洪,920,4,2986,31090
final_images/284892.png,柳公权,楷,洽,461,0,2996,2996
final_images/284900.png,金农,隶,洽,855,4,2996,31100
final_images/284920.png,欧阳询,楷,流,479,0,2999,2999
final_images/284947.png,吴叡,隶,流,171,4,2999,31103
final_images/284960.png,邓石如,隶,流,828,4,2999,31103
final_images/284961.png,金农,隶,流,855,4,2999,31103
final_images/284965.png,柳公权,楷,浄,461,0,3000,3000
final_images/285011.png,陈鸿寿,隶,浙,920,4,3009,31113
final_images/285015.png,颜真卿,楷,浚,956,0,3010,3010
final_images/285081.png,吴叡,隶,浪,171,4,3015,31119
final_images/285107.png,吴叡,隶,浮,171,4,3016,31120
final_images/285132.png,赵孟𫖯,隶,浴,801,4,3017,31121
final_images/285165.png,吴叡,隶,海,171,4,3018,31122
final_images/285172.png,褚遂良,楷,浸,760,0,3019,3019
final_images/285173.png,褚遂良,楷,浸,760,0,3019,3019
final_images/285250.png,柳公权,楷,涉,461,0,3024,3024
final_images/285274.png,邓石如,隶,涉,828,4,3024,31128
final_images/285284.png,欧阳询,楷,涌,479,0,3025,3025
final_images/285391.png,颜真卿,楷,涵,956,0,3043,3043
final_images/285411.png,赵孟𫖯,楷,涼,801,0,3046,3046
final_images/285442.png,赵孟𫖯,楷,淑,801,0,3052,3052
final_images/285443.png,欧阳询,楷,淑,479,0,3052,3052
final_images/285444.png,颜真卿,楷,淑,956,0,3052,3052
final_images/285445.png,智永,楷,淑,377,0,3052,3052
final_images/285532.png,褚遂良,楷,淨,760,0,3064,3064
final_images/285533.png,颜真卿,楷,淨,956,0,3064,3064
final_images/285538.png,赵孟𫖯,楷,淩,801,0,3065,3065
final_images/285545.png,褚遂良,楷,淪,760,0,3066,3066
final_images/285552.png,柳公权,楷,淫,461,0,3067,3067
final_images/285586.png,陈鸿寿,隶,淮,920,4,3069,31173
final_images/285595.png,颜真卿,楷,深,956,0,3070,3070
final_images/285639.png,欧阳询,楷,淳,479,0,3071,3071
final_images/285680.png,颜真卿,楷,混,956,0,3073,3073
final_images/285690.png,褚遂良,楷,淸,760,0,3074,3074
final_images/285691.png,颜真卿,楷,淸,956,0,3074,3074
final_images/285727.png,邓石如,隶,淸,828,4,3074,31178
final_images/285728.png,邓石如,隶,淸,828,4,3074,31178
final_images/285729.png,金农,隶,淸,855,4,3074,31178
final_images/285731.png,陈鸿寿,隶,淸,920,4,3074,31178
final_images/285740.png,金农,隶,淹,855,4,3075,31179
final_images/285850.png,邓石如,隶,渉,828,4,3081,31185
final_images/285915.png,赵孟𫖯,楷,渠,801,0,3091,3091
final_images/285916.png,欧阳询,楷,渠,479,0,3091,3091
final_images/285931.png,王澍,隶,渠,589,4,3091,31195
final_images/285932.png,金农,隶,渠,855,4,3091,31195
final_images/285959.png,柳公权,楷,渥,461,0,3094,3094
final_images/285960.png,颜真卿,楷,渥,956,0,3094,3094
final_images/285967.png,赵孟𫖯,楷,温,801,0,3095,3095
final_images/285968.png,欧阳询,楷,温,479,0,3095,3095
final_images/285970.png,智永,楷,温,377,0,3095,3095
final_images/286025.png,赵孟𫖯,隶,渭,801,4,3098,31202
final_images/286066.png,金农,隶,游,855,4,3101,31205
final_images/286072.png,颜真卿,楷,渺,956,0,3102,3102
final_images/286149.png,邓石如,隶,湘,828,4,3111,31215
final_images/286156.png,褚遂良,楷,湛,760,0,3112,3112
final_images/286157.png,褚遂良,楷,湛,760,0,3112,3112
final_images/286211.png,赵孟𫖯,隶,湯,801,4,3117,31221
final_images/286237.png,褚遂良,楷,源,760,0,3122,3122
final_images/286238.png,颜真卿,楷,源,956,0,3122,3122
final_images/286254.png,颜真卿,楷,準,956,0,3123,3123
final_images/286267.png,赵孟𫖯,楷,溝,801,0,3126,3126
final_images/286303.png,赵孟𫖯,楷,溪,801,0,3130,3130
final_images/286321.png,赵孟𫖯,楷,溫,801,0,3131,3131
final_images/286322.png,欧阳询,楷,溫,479,0,3131,3131
final_images/286343.png,金农,隶,溫,855,4,3131,31235
final_images/286362.png,褚遂良,楷,溺,760,0,3136,3136
final_images/286396.png,柳公权,楷,滅,461,0,3140,3140
final_images/286399.png,智永,楷,滅,377,0,3140,3140
final_images/286427.png,吴叡,隶,滋,171,4,3142,31246
final_images/286443.png,欧阳询,楷,滑,479,0,3145,3145
final_images/286444.png,褚遂良,楷,滑,760,0,3145,3145
final_images/286509.png,欧阳询,楷,滿,479,0,3156,3156
final_images/286519.png,赵孟𫖯,隶,滿,801,4,3156,31260
final_images/286577.png,金农,隶,漑,855,4,3162,31266
final_images/286580.png,柳公权,楷,演,461,0,3163,3163
final_images/286609.png,赵孟𫖯,隶,漠,801,4,3166,31270
final_images/286616.png,褚遂良,楷,漢,760,0,3167,3167
final_images/286617.png,褚遂良,楷,漢,760,0,3167,3167
final_images/286618.png,智永,楷,漢,377,0,3167,3167
final_images/286657.png,褚遂良,楷,漫,760,0,3171,3171
final_images/286718.png,柳公权,楷,潁,461,0,3181,3181
final_images/286727.png,颜真卿,楷,潔,956,0,3183,3183
final_images/286728.png,智永,楷,潔,377,0,3183,3183
final_images/286765.png,赵孟𫖯,楷,潜,801,0,3186,3186
final_images/286778.png,赵孟𫖯,楷,潢,801,0,3188,3188
final_images/286789.png,褚遂良,楷,潤,760,0,3189,3189
final_images/286867.png,赵孟𫖯,隶,澄,801,4,3199,31303
final_images/286875.png,欧阳询,楷,澆,479,0,3200,3200
final_images/286910.png,颜真卿,楷,澤,956,0,3207,3207
final_images/286920.png,吴叡,隶,澤,171,4,3207,31311
final_images/286952.png,褚遂良,楷,澹,760,0,3214,3214
final_images/286966.png,赵孟𫖯,楷,激,801,0,3215,3215
final_images/286991.png,颜真卿,楷,濊,956,0,3218,3218
final_images/286994.png,赵孟𫖯,楷,濕,801,0,3219,3219
final_images/287014.png,赵孟𫖯,楷,濟,801,0,3223,3223
final_images/287016.png,柳公权,楷,濟,461,0,3223,3223
final_images/287017.png,褚遂良,楷,濟,760,0,3223,3223
final_images/287032.png,吴叡,隶,濟,171,4,3223,31327
final_images/287046.png,颜真卿,楷,濡,956,0,3225,3225
final_images/287134.png,颜真卿,楷,瀣,956,0,3243,3243
final_images/287192.png,赵孟𫖯,楷,灌,801,0,3252,3252
final_images/287228.png,颜真卿,楷,火,956,0,3258,3258
final_images/287319.png,颜真卿,楷,災,956,0,3266,3266
final_images/287372.png,欧阳询,楷,炎,479,0,3270,3270
final_images/287412.png,褚遂良,楷,炬,760,0,3275,3275
final_images/287455.png,柳公权,楷,為,461,0,3280,3280
final_images/287457.png,颜真卿,楷,為,956,0,3280,3280
final_images/287641.png,吴叡,隶,為,171,4,3280,31384
final_images/287653.png,金农,隶,為,855,4,3280,31384
final_images/287665.png,褚遂良,楷,烈,760,0,3281,3281
final_images/287666.png,颜真卿,楷,烈,956,0,3281,3281
final_images/287752.png,邓石如,隶,烹,828,4,3290,31394
final_images/287766.png,褚遂良,楷,焉,760,0,3292,3292
final_images/287800.png,王澍,隶,焉,589,4,3292,31396
final_images/287834.png,邓石如,隶,焚,828,4,3295,31399
final_images/287957.png,赵孟𫖯,隶,無,801,4,3298,31402
final_images/287963.png,王澍,隶,無,589,4,3298,31402
final_images/288013.png,褚遂良,楷,然,760,0,3305,3305
final_images/288081.png,王澍,隶,煌,589,4,3307,31411
final_images/288090.png,颜真卿,楷,煎,956,0,3308,3308
final_images/288096.png,赵孟𫖯,隶,煒,801,4,3309,31413
final_images/288111.png,柳公权,楷,煙,461,0,3312,3312
final_images/288112.png,褚遂良,楷,煙,760,0,3312,3312
final_images/288119.png,邓石如,隶,煙,828,4,3312,31416
final_images/288122.png,赵孟𫖯,楷,煜,801,0,3313,3313
final_images/288131.png,吴叡,隶,煢,171,4,3315,31419
final_images/288148.png,赵孟𫖯,楷,照,801,0,3317,3317
final_images/288150.png,褚遂良,楷,照,760,0,3317,3317
final_images/288168.png,赵孟𫖯,隶,照,801,4,3317,31421
final_images/288181.png,赵孟𫖯,隶,煩,801,4,3318,31422
final_images/288198.png,邓石如,隶,煮,828,4,3320,31424
final_images/288218.png,柳公权,楷,熊,461,0,3324,3324
final_images/288260.png,赵孟𫖯,楷,熙,801,0,3328,3328
final_images/288294.png,王澍,隶,熟,589,4,3329,31433
final_images/288329.png,王澍,隶,熱,589,4,3333,31437
final_images/288411.png,欧阳询,楷,燕,479,0,3346,3346
final_images/288442.png,金农,隶,營,855,4,3347,31451
final_images/288443.png,陈鸿寿,隶,營,920,4,3347,31451
final_images/288474.png,赵孟𫖯,隶,燭,801,4,3352,31456
final_images/288498.png,柳公权,楷,燼,461,0,3355,3355
final_images/288524.png,赵孟𫖯,楷,爛,801,0,3362,3362
final_images/288611.png,颜真卿,楷,爰,956,0,3369,3369
final_images/288639.png,柳公权,楷,爲,461,0,3370,3370
final_images/288641.png,褚遂良,楷,爲,760,0,3370,3370
final_images/288883.png,颜真卿,楷,父,956,0,3372,3372
final_images/289022.png,吴叡,隶,爾,171,4,3375,31479
final_images/289078.png,赵孟𫖯,楷,牋,801,0,3382,3382
final_images/289108.png,颜真卿,楷,牘,956,0,3385,3385
final_images/289295.png,王澍,隶,牧,589,4,3392,31496
final_images/289309.png,褚遂良,楷,物,760,0,3393,3393
final_images/289346.png,金农,隶,物,855,4,3393,31497
final_images/289354.png,颜真卿,楷,牲,956,0,3394,3394
final_images/289377.png,智永,楷,特,377,0,3396,3396
final_images/289440.png,颜真卿,楷,犍,956,0,3404,3404
final_images/289459.png,赵孟𫖯,隶,犢,801,4,3408,31512
final_images/289515.png,赵孟𫖯,楷,犯,801,0,3412,3412
final_images/289534.png,颜真卿,楷,状,956,0,3414,3414
final_images/289574.png,颜真卿,楷,狂,956,0,3416,3416
final_images/289629.png,柳公权,楷,狐,461,0,3420,3420
final_images/289684.png,颜真卿,楷,狡,956,0,3424,3424
final_images/289730.png,赵孟𫖯,楷,狼,801,0,3431,3431
final_images/289776.png,欧阳询,楷,猛,479,0,3437,3437
final_images/289777.png,颜真卿,楷,猛,956,0,3437,3437
final_images/289831.png,柳公权,楷,猶,461,0,3446,3446
final_images/289833.png,颜真卿,楷,猶,956,0,3446,3446
final_images/289872.png,柳公权,楷,猷,461,0,3447,3447
final_images/289887.png,赵孟𫖯,楷,猾,801,0,3448,3448
final_images/289900.png,欧阳询,楷,獄,479,0,3450,3450
final_images/289962.png,智永,楷,獲,377,0,3457,3457
final_images/290092.png,赵孟𫖯,隶,玄,801,4,3463,31567
final_images/290115.png,赵孟𫖯,楷,率,801,0,3466,3466
final_images/290116.png,欧阳询,楷,率,479,0,3466,3466
final_images/290118.png,智永,楷,率,377,0,3466,3466
final_images/290138.png,王澍,隶,率,589,4,3466,31570
final_images/290204.png,欧阳询,楷,王,479,0,3469,3469
final_images/290205.png,褚遂良,楷,王,760,0,3469,3469
final_images/290350.png,金农,隶,王,855,4,3469,31573
final_images/290351.png,陈鸿寿,隶,王,920,4,3469,31573
final_images/290377.png,欧阳询,楷,玩,479,0,3474,3474
final_images/290469.png,王澍,隶,珍,589,4,3485,31589
final_images/290483.png,赵孟𫖯,楷,珠,801,0,3487,3487
final_images/290486.png,智永,楷,珠,377,0,3487,3487
final_images/290499.png,赵孟𫖯,隶,珠,801,4,3487,31591
final_images/290505.png,颜真卿,楷,珣,956,0,3489,3489
final_images/290523.png,柳公权,楷,珪,461,0,3493,3493
final_images/290558.png,赵孟𫖯,楷,現,801,0,3497,3497
final_images/290559.png,褚遂良,楷,現,760,0,3497,3497
final_images/290580.png,赵孟𫖯,楷,琅,801,0,3500,3500
final_images/290602.png,柳公权,楷,理,461,0,3501,3501
final_images/290603.png,褚遂良,楷,理,760,0,3501,3501
final_images/290627.png,吴叡,隶,理,171,4,3501,31605
final_images/290628.png,赵孟𫖯,隶,理,801,4,3501,31605
final_images/290642.png,欧阳询,楷,琛,479,0,3505,3505
final_images/290768.png,颜真卿,楷,瑕,956,0,3522,3522
final_images/290858.png,欧阳询,楷,瑣,479,0,3530,3530
final_images/290860.png,吴叡,隶,瑣,171,4,3530,31634
final_images/290861.png,褚遂良,楷,瑤,760,0,3531,3531
final_images/290904.png,颜真卿,楷,瑾,956,0,3537,3537
final_images/290914.png,柳公权,楷,璃,461,0,3538,3538
final_images/290978.png,赵孟𫖯,楷,璧,801,0,3549,3549
final_images/291028.png,欧阳询,楷,璽,479,0,3553,3553
final_images/291114.png,赵孟𫖯,隶,瓦,801,4,3564,31668
final_images/291137.png,颜真卿,楷,甁,956,0,3569,3569
final_images/291231.png,柳公权,楷,甚,461,0,3579,3579
final_images/291232.png,欧阳询,楷,甚,479,0,3579,3579
final_images/291233.png,颜真卿,楷,甚,956,0,3579,3579
final_images/291280.png,王澍,隶,甞,589,4,3581,31685
final_images/291281.png,陈鸿寿,隶,甞,920,4,3581,31685
final_images/291289.png,欧阳询,楷,生,479,0,3582,3582
final_images/291290.png,颜真卿,楷,生,956,0,3582,3582
final_images/291292.png,智永,楷,生,377,0,3582,3582
final_images/291403.png,吴叡,隶,生,171,4,3582,31686
final_images/291473.png,褚遂良,楷,用,760,0,3586,3586
final_images/291616.png,吴叡,隶,甯,171,4,3589,31693
final_images/291734.png,赵孟𫖯,楷,甲,801,0,3592,3592
final_images/291806.png,颜真卿,楷,申,956,0,3593,3593
final_images/291878.png,欧阳询,楷,男,479,0,3594,3594
final_images/291970.png,吴叡,隶,畋,171,4,3602,31706
final_images/291981.png,褚遂良,楷,界,760,0,3603,3603
final_images/292066.png,赵孟𫖯,楷,留,801,0,3609,3609
final_images/292068.png,欧阳询,楷,留,479,0,3609,3609
final_images/292085.png,吴叡,隶,留,171,4,3609,31713
final_images/292090.png,金农,隶,留,855,4,3609,31713
final_images/292091.png,金农,隶,留,855,4,3609,31713
final_images/292172.png,褚遂良,楷,略,760,0,3618,3618
final_images/292232.png,颜真卿,楷,畫,956,0,3621,3621
final_images/292236.png,智永,楷,畫,377,0,3621,3621
final_images/292262.png,赵孟𫖯,隶,畫,801,4,3621,31725
final_images/292265.png,陈鸿寿,隶,畫,920,4,3621,31725
final_images/292288.png,褚遂良,楷,異,760,0,3624,3624
final_images/292340.png,吴叡,隶,異,171,4,3624,31728
final_images/292341.png,赵孟𫖯,隶,異,801,4,3624,31728
final_images/292342.png,王澍,隶,異,589,4,3624,31728
final_images/292346.png,赵孟𫖯,楷,當,801,0,3625,3625
final_images/292387.png,金农,隶,當,855,4,3625,31729
final_images/292431.png,颜真卿,楷,疆,956,0,3631,3631
final_images/292443.png,柳公权,楷,疇,461,0,3632,3632
final_images/292449.png,邓石如,隶,疇,828,4,3632,31736
final_images/292455.png,颜真卿,楷,疊,956,0,3634,3634
final_images/292547.png,赵孟𫖯,楷,疑,801,0,3639,3639
final_images/292548.png,褚遂良,楷,疑,760,0,3639,3639
final_images/292641.png,赵孟𫖯,楷,疵,801,0,3648,3648
final_images/292661.png,赵孟𫖯,楷,疽,801,0,3652,3652
final_images/292670.png,颜真卿,楷,疾,956,0,3653,3653
final_images/292726.png,陈鸿寿,隶,疾,920,4,3653,31757
final_images/292741.png,褚遂良,楷,病,760,0,3655,3655
final_images/292742.png,褚遂良,楷,病,760,0,3655,3655
final_images/292743.png,颜真卿,楷,病,956,0,3655,3655
final_images/292770.png,金农,隶,病,855,4,3655,31759
final_images/292816.png,褚遂良,楷,痛,760,0,3663,3663
final_images/292844.png,赵孟𫖯,楷,痩,801,0,3666,3666
final_images/292847.png,金农,隶,痩,855,4,3666,31770
final_images/292864.png,褚遂良,楷,痾,760,0,3670,3670
final_images/293132.png,吴叡,隶,登,171,4,3700,31804
final_images/293140.png,褚遂良,楷,發,760,0,3701,3701
final_images/293274.png,吴叡,隶,白,171,4,3702,31806
final_images/293289.png,颜真卿,楷,百,956,0,3703,3703
final_images/293353.png,金农,隶,百,855,4,3703,31807
final_images/293366.png,赵孟𫖯,楷,的,801,0,3706,3706
final_images/293375.png,赵孟𫖯,隶,的,801,4,3706,31810
final_images/293384.png,柳公权,楷,皆,461,0,3707,3707
final_images/293385.png,欧阳询,楷,皆,479,0,3707,3707
final_images/293435.png,吴叡,隶,皆,171,4,3707,31811
final_images/293443.png,王澍,隶,皆,589,4,3707,31811
final_images/293445.png,陈鸿寿,隶,皆,920,4,3707,31811
final_images/293453.png,柳公权,楷,皇,461,0,3708,3708
final_images/293454.png,柳公权,楷,皇,461,0,3708,3708
final_images/293459.png,智永,楷,皇,377,0,3708,3708
final_images/293602.png,赵孟𫖯,楷,皿,801,0,3717,3717
final_images/293671.png,赵孟𫖯,楷,盈,801,0,3723,3723
final_images/293717.png,赵孟𫖯,楷,益,801,0,3725,3725
final_images/293719.png,颜真卿,楷,益,956,0,3725,3725
final_images/293785.png,褚遂良,楷,盖,760,0,3729,3729
final_images/293801.png,智永,楷,盗,377,0,3730,3730
final_images/293821.png,欧阳询,楷,盛,479,0,3732,3732
final_images/293953.png,邓石如,隶,盡,828,4,3737,31841
final_images/293997.png,邓石如,隶,盤,828,4,3739,31843
final_images/294066.png,柳公权,楷,目,461,0,3747,3747
final_images/294070.png,智永,楷,目,377,0,3747,3747
final_images/294126.png,赵孟𫖯,楷,直,801,0,3750,3750
final_images/294127.png,褚遂良,楷,直,760,0,3750,3750
final_images/294160.png,赵孟𫖯,隶,直,801,4,3750,31854
final_images/294164.png,王澍,隶,直,589,4,3750,31854
final_images/294179.png,褚遂良,楷,相,760,0,3751,3751
final_images/294228.png,吴叡,隶,相,171,4,3751,31855
final_images/294236.png,邓石如,隶,相,828,4,3751,31855
final_images/294237.png,邓石如,隶,相,828,4,3751,31855
final_images/294239.png,金农,隶,相,855,4,3751,31855
final_images/294280.png,邓石如,隶,眀,828,4,3755,31859
final_images/294286.png,赵孟𫖯,楷,省,801,0,3756,3756
final_images/294288.png,智永,楷,省,377,0,3756,3756
final_images/294359.png,颜真卿,楷,眈,956,0,3759,3759
final_images/294377.png,吴叡,隶,眉,171,4,3760,31864
final_images/294409.png,邓石如,隶,眎,828,4,3762,31866
final_images/294482.png,颜真卿,楷,眞,956,0,3767,3767
final_images/294484.png,智永,楷,眞,377,0,3767,3767
final_images/294506.png,金农,隶,眞,855,4,3767,31871
final_images/294518.png,柳公权,楷,真,461,0,3768,3768
final_images/294549.png,王澍,隶,真,589,4,3768,31872
final_images/294670.png,柳公权,楷,眾,461,0,3782,3782
final_images/294672.png,欧阳询,楷,眾,479,0,3782,3782
final_images/294674.png,颜真卿,楷,眾,956,0,3782,3782
final_images/294806.png,赵孟𫖯,隶,睦,801,4,3790,31894
final_images/294812.png,吴叡,隶,睨,171,4,3791,31895
final_images/295035.png,赵孟𫖯,隶,矜,801,4,3818,31922
final_images/295046.png,智永,楷,矢,377,0,3820,3820
final_images/295076.png,王澍,隶,矢,589,4,3820,31924
final_images/295077.png,陈鸿寿,隶,矢,920,4,3820,31924
final_images/295083.png,柳公权,楷,矣,461,0,3821,3821
final_images/295155.png,欧阳询,楷,知,479,0,3823,3823
final_images/295213.png,智永,楷,矩,377,0,3825,3825
final_images/295218.png,赵孟𫖯,隶,矩,801,4,3825,31929
final_images/295256.png,智永,楷,矯,377,0,3827,3827
final_images/295287.png,智永,楷,石,377,0,3830,3830
final_images/295336.png,金农,隶,石,855,4,3830,31934
final_images/295405.png,赵孟𫖯,楷,破,801,0,3841,3841
final_images/295469.png,颜真卿,楷,碑,956,0,3849,3849
final_images/295487.png,金农,隶,碓,855,4,3850,31954
final_images/295501.png,智永,楷,碣,377,0,3852,3852
final_images/295512.png,王澍,隶,碣,589,4,3852,31956
final_images/295524.png,欧阳询,楷,碧,479,0,3853,3853
final_images/295607.png,欧阳询,楷,磨,479,0,3867,3867
final_images/295631.png,赵孟𫖯,楷,磬,801,0,3868,3868
final_images/295657.png,赵孟𫖯,楷,磻,801,0,3871,3871
final_images/295768.png,欧阳询,楷,社,479,0,3882,3882
final_images/295847.png,柳公权,楷,祁,461,0,3885,3885
final_images/295856.png,褚遂良,楷,祇,760,0,3886,3886
final_images/295859.png,吴叡,隶,祇,171,4,3886,31990
final_images/295911.png,赵孟𫖯,楷,祔,801,0,3892,3892
final_images/295912.png,颜真卿,楷,祔,956,0,3892,3892
final_images/295919.png,邓石如,隶,祕,828,4,3893,31997
final_images/295955.png,颜真卿,楷,祗,956,0,3895,3895
final_images/295957.png,智永,楷,祗,377,0,3895,3895
final_images/296004.png,颜真卿,楷,祝,956,0,3898,3898
final_images/296030.png,赵孟𫖯,楷,神,801,0,3899,3899
final_images/296076.png,金农,隶,神,855,4,3899,32003
final_images/296077.png,陈鸿寿,隶,神,920,4,3899,32003
final_images/296091.png,颜真卿,楷,祠,956,0,3901,3901
final_images/296120.png,柳公权,楷,祥,461,0,3902,3902
final_images/296147.png,颜真卿,楷,祭,956,0,3906,3906
final_images/296181.png,柳公权,楷,祲,461,0,3908,3908
final_images/296205.png,柳公权,楷,祿,461,0,3913,3913
final_images/296264.png,欧阳询,楷,禄,479,0,3916,3916
final_images/296265.png,颜真卿,楷,禄,956,0,3916,3916
final_images/296277.png,王澍,隶,禄,589,4,3916,32020
final_images/296309.png,柳公权,楷,福,461,0,3922,3922
final_images/296310.png,褚遂良,楷,福,760,0,3922,3922
final_images/296311.png,褚遂良,楷,福,760,0,3922,3922
final_images/296341.png,赵孟𫖯,隶,福,801,4,3922,32026
final_images/296345.png,陈鸿寿,隶,福,920,4,3922,32026
final_images/296383.png,赵孟𫖯,楷,禪,801,0,3933,3933
final_images/296393.png,赵孟𫖯,隶,禪,801,4,3933,32037
final_images/296395.png,王澍,隶,禪,589,4,3933,32037
final_images/296397.png,柳公权,楷,禮,461,0,3934,3934
final_images/296398.png,欧阳询,楷,禮,479,0,3934,3934
final_images/296399.png,褚遂良,楷,禮,760,0,3934,3934
final_images/296415.png,赵孟𫖯,隶,禮,801,4,3934,32038
final_images/296419.png,王澍,隶,禮,589,4,3934,32038
final_images/296424.png,赵孟𫖯,楷,禱,801,0,3935,3935
final_images/296448.png,欧阳询,楷,禹,479,0,3938,3938
final_images/296515.png,智永,楷,禽,377,0,3942,3942
final_images/296531.png,王澍,隶,禽,589,4,3942,32046
final_images/296607.png,金农,隶,秀,855,4,3945,32049
final_images/296618.png,颜真卿,楷,私,956,0,3946,3946
final_images/296665.png,柳公权,楷,秉,461,0,3950,3950
final_images/296782.png,欧阳询,楷,科,479,0,3955,3955
final_images/296826.png,颜真卿,楷,秦,956,0,3959,3959
final_images/296827.png,智永,楷,秦,377,0,3959,3959
final_images/296860.png,邓石如,隶,秦,828,4,3959,32063
final_images/296954.png,智永,楷,稅,377,0,3968,3968
final_images/296967.png,赵孟𫖯,楷,程,801,0,3969,3969
final_images/297043.png,颜真卿,楷,稚,956,0,3973,3973
final_images/297079.png,柳公权,楷,種,461,0,3977,3977
final_images/297099.png,赵孟𫖯,楷,稱,801,0,3979,3979
final_images/297120.png,吴叡,隶,稱,171,4,3979,32083
final_images/297375.png,欧阳询,楷,穴,479,0,3998,3998
final_images/297402.png,邓石如,隶,究,828,4,3999,32103
final_images/297414.png,褚遂良,楷,穹,760,0,4001,4001
final_images/297434.png,智永,楷,空,377,0,4002,4002
final_images/297527.png,颜真卿,楷,窆,956,0,4010,4010
final_images/297559.png,赵孟𫖯,楷,窓,801,0,4014,4014
final_images/297598.png,邓石如,隶,窗,828,4,4018,32122
final_images/297633.png,吴叡,隶,窮,171,4,4021,32125
final_images/297638.png,陈鸿寿,隶,窮,920,4,4021,32125
final_images/297696.png,褚遂良,楷,立,760,0,4031,4031
final_images/297772.png,陈鸿寿,隶,立,920,4,4031,32135
final_images/297801.png,赵孟𫖯,楷,竟,801,0,4034,4034
final_images/297823.png,赵孟𫖯,隶,竟,801,4,4034,32138
final_images/297837.png,赵孟𫖯,楷,章,801,0,4035,4035
final_images/297838.png,欧阳询,楷,章,479,0,4035,4035
final_images/297840.png,褚遂良,楷,章,760,0,4035,4035
final_images/297841.png,颜真卿,楷,章,956,0,4035,4035
final_images/297843.png,智永,楷,章,377,0,4035,4035
final_images/297884.png,吴叡,隶,章,171,4,4035,32139
final_images/297887.png,王澍,隶,章,589,4,4035,32139
final_images/297901.png,颜真卿,楷,童,956,0,4036,4036
final_images/297930.png,欧阳询,楷,竦,479,0,4037,4037
final_images/297993.png,赵孟𫖯,隶,端,801,4,4041,32145
final_images/297995.png,王澍,隶,端,589,4,4041,32145
final_images/298020.png,吴叡,隶,競,171,4,4042,32146
final_images/298056.png,邓石如,隶,竹,828,4,4043,32147
final_images/298145.png,王澍,隶,笑,589,4,4052,32156
final_images/298166.png,王澍,隶,笙,589,4,4053,32157
final_images/298232.png,柳公权,楷,第,461,0,4061,4061
final_images/298338.png,陈鸿寿,隶,等,920,4,4068,32172
final_images/298359.png,褚遂良,楷,筌,760,0,4070,4070
final_images/298437.png,赵孟𫖯,隶,策,801,4,4076,32180
final_images/298503.png,王澍,隶,筵,589,4,4085,32189
final_images/298604.png,智永,楷,箱,377,0,4099,4099
final_images/298682.png,吴叡,隶,節,171,4,4104,32208
final_images/298703.png,褚遂良,楷,範,760,0,4106,4106
final_images/298718.png,柳公权,楷,篆,461,0,4108,4108
final_images/298756.png,颜真卿,楷,築,956,0,4110,4110
final_images/298804.png,赵孟𫖯,楷,篹,801,0,4118,4118
final_images/298815.png,赵孟𫖯,楷,簋,801,0,4120,4120
final_images/298845.png,赵孟𫖯,楷,簠,801,0,4126,4126
final_images/298873.png,褚遂良,楷,簫,760,0,4131,4131
final_images/298876.png,吴叡,隶,簫,171,4,4131,32235
final_images/298903.png,颜真卿,楷,籀,956,0,4137,4137
final_images/298913.png,褚遂良,楷,籌,760,0,4139,4139
final_images/299030.png,欧阳询,楷,粕,479,0,4151,4151
final_images/299055.png,颜真卿,楷,粟,956,0,4153,4153
final_images/299087.png,欧阳询,楷,粤,479,0,4155,4155
final_images/299103.png,赵孟𫖯,楷,粮,801,0,4158,4158
final_images/299147.png,欧阳询,楷,粵,479,0,4161,4161
final_images/299162.png,吴叡,隶,粹,171,4,4162,32266
final_images/299188.png,柳公权,楷,精,461,0,4164,4164
final_images/299189.png,欧阳询,楷,精,479,0,4164,4164
final_images/299216.png,金农,隶,精,855,4,4164,32268
final_images/299254.png,赵孟𫖯,楷,糟,801,0,4172,4172
final_images/299274.png,智永,楷,糠,377,0,4173,4173
final_images/299339.png,陈鸿寿,隶,紀,920,4,4180,32284
final_images/299364.png,赵孟𫖯,隶,約,801,4,4183,32287
final_images/299367.png,王澍,隶,約,589,4,4183,32287
final_images/299393.png,褚遂良,楷,紉,760,0,4187,4187
final_images/299418.png,褚遂良,楷,紐,760,0,4190,4190
final_images/299449.png,陈鸿寿,隶,純,920,4,4193,32297
final_images/299474.png,陈鸿寿,隶,級,920,4,4197,32301
final_images/299475.png,赵孟𫖯,楷,紛,801,0,4198,4198
final_images/299490.png,吴叡,隶,紛,171,4,4198,32302
final_images/299545.png,王澍,隶,紡,589,4,4201,32305
final_images/299655.png,赵孟𫖯,隶,紫,801,4,4204,32308
final_images/299658.png,王澍,隶,紫,589,4,4204,32308
final_images/299812.png,赵孟𫖯,隶,結,801,4,4219,32323
final_images/299933.png,赵孟𫖯,隶,絲,801,4,4232,32336
final_images/299934.png,王澍,隶,絲,589,4,4232,32336
final_images/299948.png,褚遂良,楷,絶,760,0,4234,4234
final_images/299985.png,柳公权,楷,綏,461,0,4238,4238
final_images/299987.png,颜真卿,楷,綏,956,0,4238,4238
final_images/300009.png,褚遂良,楷,經,760,0,4239,4239
final_images/300010.png,智永,楷,經,377,0,4239,4239
final_images/300043.png,王澍,隶,經,589,4,4239,32343
final_images/300045.png,陈鸿寿,隶,經,920,4,4239,32343
final_images/300054.png,赵孟𫖯,楷,綠,801,0,4242,4242
final_images/300107.png,褚遂良,楷,綱,760,0,4248,4248
final_images/300137.png,褚遂良,楷,綸,760,0,4253,4253
final_images/300150.png,王澍,隶,綺,589,4,4254,32358
final_images/300164.png,王澍,隶,綿,589,4,4256,32360
final_images/300267.png,褚遂良,楷,緬,760,0,4274,4274
final_images/300331.png,颜真卿,楷,縊,956,0,4284,4284
final_images/300469.png,吴叡,隶,總,171,4,4303,32407
final_images/300471.png,褚遂良,楷,績,760,0,4304,4304
final_images/300502.png,吴叡,隶,繁,171,4,4305,32409
final_images/300543.png,欧阳询,楷,繋,479,0,4310,4310
final_images/300615.png,褚遂良,楷,繫,760,0,4323,4323
final_images/300648.png,陈鸿寿,隶,繼,920,4,4329,32433
final_images/300670.png,王澍,隶,續,589,4,4331,32435
final_images/300700.png,赵孟𫖯,楷,纖,801,0,4337,4337
final_images/300840.png,褚遂良,楷,缺,760,0,4370,4370
final_images/300855.png,褚遂良,楷,罄,760,0,4373,4373
final_images/300856.png,颜真卿,楷,罄,956,0,4373,4373
final_images/300865.png,赵孟𫖯,楷,罍,801,0,4375,4375
final_images/300873.png,颜真卿,楷,网,956,0,4376,4376
final_images/300906.png,褚遂良,楷,罕,760,0,4378,4378
final_images/300967.png,赵孟𫖯,楷,罪,801,0,4389,4389
final_images/300987.png,赵孟𫖯,隶,罪,801,4,4389,32493
final_images/300998.png,赵孟𫖯,楷,置,801,0,4390,4390
final_images/301000.png,柳公权,楷,置,461,0,4390,4390
final_images/301026.png,邓石如,隶,置,828,4,4390,32494
final_images/301028.png,赵孟𫖯,楷,罰,801,0,4391,4391
final_images/301068.png,赵孟𫖯,楷,罷,801,0,4394,4394
final_images/301069.png,欧阳询,楷,罷,479,0,4394,4394
final_images/301078.png,吴叡,隶,罷,171,4,4394,32498
final_images/301090.png,智永,楷,羅,377,0,4397,4397
final_images/301110.png,褚遂良,楷,羈,760,0,4399,4399
final_images/301120.png,褚遂良,楷,羊,760,0,4400,4400
final_images/301159.png,王澍,隶,羊,589,4,4400,32504
final_images/301163.png,赵孟𫖯,楷,羌,801,0,4401,4401
final_images/301199.png,颜真卿,楷,美,956,0,4402,4402
final_images/301232.png,赵孟𫖯,隶,美,801,4,4402,32506
final_images/301278.png,赵孟𫖯,楷,羞,801,0,4406,4406
final_images/301310.png,颜真卿,楷,羣,956,0,4408,4408
final_images/301370.png,柳公权,楷,義,461,0,4411,4411
final_images/301373.png,智永,楷,義,377,0,4411,4411
final_images/301455.png,褚遂良,楷,羲,760,0,4415,4415
final_images/301457.png,智永,楷,羲,377,0,4415,4415
final_images/301523.png,欧阳询,楷,羽,479,0,4420,4420
final_images/301527.png,智永,楷,羽,377,0,4420,4420
final_images/301560.png,赵孟𫖯,楷,翁,801,0,4421,4421
final_images/301561.png,褚遂良,楷,翁,760,0,4421,4421
final_images/301562.png,褚遂良,楷,翁,760,0,4421,4421
final_images/301563.png,颜真卿,楷,翁,956,0,4421,4421
final_images/301613.png,褚遂良,楷,習,760,0,4426,4426
final_images/301642.png,邓石如,隶,習,828,4,4426,32530
final_images/301649.png,赵孟𫖯,楷,翔,801,0,4427,4427
final_images/301711.png,欧阳询,楷,翠,479,0,4431,4431
final_images/301713.png,智永,楷,翠,377,0,4431,4431
final_images/301744.png,赵孟𫖯,楷,翦,801,0,4435,4435
final_images/301745.png,褚遂良,楷,翦,760,0,4435,4435
final_images/301753.png,王澍,隶,翦,589,4,4435,32539
final_images/301755.png,赵孟𫖯,楷,翩,801,0,4436,4436
final_images/301767.png,智永,楷,翫,377,0,4438,4438
final_images/301786.png,柳公权,楷,翰,461,0,4441,4441
final_images/301800.png,陈鸿寿,隶,翰,920,4,4441,32545
final_images/301811.png,智永,楷,翳,377,0,4442,4442
final_images/301838.png,赵孟𫖯,楷,翼,801,0,4445,4445
final_images/301839.png,赵孟𫖯,楷,翼,801,0,4445,4445
final_images/301840.png,柳公权,楷,翼,461,0,4445,4445
final_images/301841.png,欧阳询,楷,翼,479,0,4445,4445
final_images/301876.png,吴叡,隶,翼,171,4,4445,32549
final_images/301896.png,柳公权,楷,耀,461,0,4447,4447
final_images/301904.png,颜真卿,楷,老,956,0,4448,4448
final_images/301948.png,吴叡,隶,老,171,4,4448,32552
final_images/301949.png,赵孟𫖯,隶,老,801,4,4448,32552
final_images/301959.png,柳公权,楷,考,461,0,4449,4449
final_images/301961.png,颜真卿,楷,考,956,0,4449,4449
final_images/302071.png,吴叡,隶,考,171,4,4449,32553
final_images/302077.png,颜真卿,楷,耄,956,0,4450,4450
final_images/302086.png,颜真卿,楷,者,956,0,4451,4451
final_images/302256.png,金农,隶,者,855,4,4451,32555
final_images/302512.png,欧阳询,楷,耕,479,0,4460,4460
final_images/302538.png,褚遂良,楷,耨,760,0,4465,4465
final_images/302550.png,智永,楷,耳,377,0,4466,4466
final_images/302582.png,王澍,隶,耳,589,4,4466,32570
final_images/302583.png,金农,隶,耳,855,4,4466,32570
final_images/302596.png,颜真卿,楷,耶,956,0,4468,4468
final_images/302615.png,赵孟𫖯,楷,耻,801,0,4470,4470
final_images/302621.png,赵孟𫖯,隶,耻,801,4,4470,32574
final_images/302622.png,王澍,隶,耻,589,4,4470,32574
final_images/302629.png,赵孟𫖯,楷,耽,801,0,4471,4471
final_images/302630.png,智永,楷,耽,377,0,4471,4471
final_images/302699.png,欧阳询,楷,聖,479,0,4479,4479
final_images/302700.png,褚遂良,楷,聖,760,0,4479,4479
final_images/302703.png,智永,楷,聖,377,0,4479,4479
final_images/302762.png,邓石如,隶,聖,828,4,4479,32583
final_images/302792.png,欧阳询,楷,聚,479,0,4481,4481
final_images/302849.png,金农,隶,聞,855,4,4483,32587
final_images/302851.png,颜真卿,楷,聯,956,0,4484,4484
final_images/302857.png,赵孟𫖯,楷,聰,801,0,4485,4485
final_images/302865.png,欧阳询,楷,聲,479,0,4486,4486
final_images/302892.png,王澍,隶,聲,589,4,4486,32590
final_images/302893.png,邓石如,隶,聲,828,4,4486,32590
final_images/302913.png,颜真卿,楷,職,956,0,4490,4490
final_images/302916.png,智永,楷,職,377,0,4490,4490
final_images/302996.png,赵孟𫖯,楷,肅,801,0,4496,4496
final_images/303036.png,欧阳询,楷,肇,479,0,4498,4498
final_images/303176.png,智永,楷,肥,377,0,4509,4509
final_images/303192.png,赵孟𫖯,隶,肥,801,4,4509,32613
final_images/303264.png,褚遂良,楷,育,760,0,4515,4515
final_images/303265.png,智永,楷,育,377,0,4515,4515
final_images/303370.png,柳公权,楷,背,461,0,4522,4522
final_images/303374.png,智永,楷,背,377,0,4522,4522
final_images/303382.png,吴叡,隶,背,171,4,4522,32626
final_images/303383.png,赵孟𫖯,隶,背,801,4,4522,32626
final_images/303390.png,颜真卿,楷,胎,956,0,4523,4523
final_images/303393.png,邓石如,隶,胎,828,4,4523,32627
final_images/303401.png,褚遂良,楷,胙,760,0,4526,4526
final_images/303441.png,吴叡,隶,胡,171,4,4529,32633
final_images/303447.png,颜真卿,楷,胤,956,0,4530,4530
final_images/303587.png,金农,隶,能,855,4,4536,32640
final_images/303596.png,赵孟𫖯,楷,脂,801,0,4538,4538
final_images/303619.png,颜真卿,楷,脉,956,0,4541,4541
final_images/303680.png,金农,隶,脩,855,4,4547,32651
final_images/303811.png,柳公权,楷,腹,461,0,4568,4568
final_images/303853.png,赵孟𫖯,楷,膏,801,0,4571,4571
final_images/303886.png,欧阳询,楷,膠,479,0,4575,4575
final_images/303903.png,颜真卿,楷,膳,956,0,4578,4578
final_images/303904.png,颜真卿,楷,膳,956,0,4578,4578
final_images/303906.png,智永,楷,膳,377,0,4578,4578
final_images/303926.png,褚遂良,楷,膺,760,0,4579,4579
final_images/303997.png,颜真卿,楷,臚,956,0,4585,4585
final_images/304011.png,柳公权,楷,臣,461,0,4587,4587
final_images/304012.png,欧阳询,楷,臣,479,0,4587,4587
final_images/304013.png,褚遂良,楷,臣,760,0,4587,4587
final_images/304097.png,邓石如,隶,臣,828,4,4587,32691
final_images/304098.png,金农,隶,臣,855,4,4587,32691
final_images/304129.png,颜真卿,楷,臧,956,0,4589,4589
final_images/304156.png,柳公权,楷,臨,461,0,4590,4590
final_images/304178.png,赵孟𫖯,隶,臨,801,4,4590,32694
final_images/304201.png,褚遂良,楷,自,760,0,4592,4592
final_images/304202.png,褚遂良,楷,自,760,0,4592,4592
final_images/304204.png,智永,楷,自,377,0,4592,4592
final_images/304299.png,赵孟𫖯,隶,自,801,4,4592,32696
final_images/304306.png,王澍,隶,自,589,4,4592,32696
final_images/304307.png,邓石如,隶,自,828,4,4592,32696
final_images/304308.png,金农,隶,自,855,4,4592,32696
final_images/304325.png,颜真卿,楷,臮,956,0,4595,4595
final_images/304334.png,柳公权,楷,至,461,0,4597,4597
final_images/304336.png,颜真卿,楷,至,956,0,4597,4597
final_images/304437.png,金农,隶,至,855,4,4597,32701
final_images/304444.png,赵孟𫖯,楷,致,801,0,4598,4598
final_images/304445.png,欧阳询,楷,致,479,0,4598,4598
final_images/304474.png,陈鸿寿,隶,致,920,4,4598,32702
final_images/304481.png,欧阳询,楷,臺,479,0,4600,4600
final_images/304552.png,褚遂良,楷,舂,760,0,4607,4607
final_images/304571.png,颜真卿,楷,舃,956,0,4608,4608
final_images/304593.png,颜真卿,楷,舅,956,0,4610,4610
final_images/304601.png,颜真卿,楷,與,956,0,4611,4611
final_images/304603.png,智永,楷,與,377,0,4611,4611
final_images/304683.png,褚遂良,楷,興,760,0,4612,4612
final_images/304685.png,智永,楷,興,377,0,4612,4612
final_images/304715.png,吴叡,隶,興,171,4,4612,32716
final_images/304754.png,金农,隶,舉,855,4,4613,32717
final_images/304755.png,陈鸿寿,隶,舉,920,4,4613,32717
final_images/304761.png,赵孟𫖯,楷,舊,801,0,4614,4614
final_images/304762.png,智永,楷,舊,377,0,4614,4614
final_images/304788.png,王澍,隶,舊,589,4,4614,32718
final_images/304789.png,邓石如,隶,舊,828,4,4614,32718
final_images/304821.png,柳公权,楷,舍,461,0,4617,4617
final_images/304823.png,智永,楷,舍,377,0,4617,4617
final_images/304869.png,褚遂良,楷,舒,760,0,4618,4618
final_images/304882.png,吴叡,隶,舒,171,4,4618,32722
final_images/304933.png,吴叡,隶,舞,171,4,4621,32725
final_images/304991.png,欧阳询,楷,般,479,0,4625,4625
final_images/305088.png,褚遂良,楷,良,760,0,4638,4638
final_images/305131.png,王澍,隶,良,589,4,4638,32742
final_images/305139.png,吴叡,隶,艱,171,4,4639,32743
final_images/305173.png,王澍,隶,色,589,4,4640,32744
final_images/305185.png,赵孟𫖯,隶,艸,801,4,4643,32747
final_images/305223.png,陈鸿寿,隶,芋,920,4,4649,32753
final_images/305246.png,智永,楷,芒,377,0,4652,4652
final_images/305354.png,赵孟𫖯,楷,芰,801,0,4663,4663
final_images/305355.png,吴叡,隶,芰,171,4,4663,32767
final_images/305410.png,吴叡,隶,芳,171,4,4665,32769
final_images/305522.png,赵孟𫖯,楷,苗,801,0,4679,4679
final_images/305567.png,褚遂良,楷,苞,760,0,4682,4682
final_images/305607.png,柳公权,楷,若,461,0,4685,4685
final_images/305611.png,智永,楷,若,377,0,4685,4685
final_images/305678.png,赵孟𫖯,隶,若,801,4,4685,32789
final_images/305741.png,赵孟𫖯,隶,英,801,4,4688,32792
final_images/305743.png,王澍,隶,英,589,4,4688,32792
final_images/305767.png,欧阳询,楷,苻,479,0,4693,4693
final_images/305795.png,智永,楷,茂,377,0,4697,4697
final_images/305812.png,王澍,隶,茂,589,4,4697,32801
final_images/305832.png,金农,隶,范,855,4,4698,32802
final_images/305863.png,吴叡,隶,茅,171,4,4700,32804
final_images/305903.png,吴叡,隶,茝,171,4,4706,32810
final_images/305929.png,赵孟𫖯,隶,茲,801,4,4710,32814
final_images/306092.png,赵孟𫖯,楷,荒,801,0,4727,4727
final_images/306115.png,王澍,隶,荒,589,4,4727,32831
final_images/306126.png,智永,楷,荘,377,0,4729,4729
final_images/306158.png,智永,楷,荷,377,0,4734,4734
final_images/306169.png,赵孟𫖯,隶,荷,801,4,4734,32838
final_images/306178.png,赵孟𫖯,楷,荼,801,0,4736,4736
final_images/306196.png,颜真卿,楷,莅,956,0,4737,4737
final_images/306207.png,智永,楷,莊,377,0,4739,4739
final_images/306277.png,智永,楷,莫,377,0,4753,4753
final_images/306326.png,邓石如,隶,莫,828,4,4753,32857
final_images/306346.png,智永,楷,莽,377,0,4755,4755
final_images/306359.png,褚遂良,楷,菀,760,0,4756,4756
final_images/306386.png,金农,隶,菅,855,4,4758,32862
final_images/306421.png,智永,楷,菓,377,0,4765,4765
final_images/306430.png,智永,楷,菜,377,0,4766,4766
final_images/306470.png,赵孟𫖯,楷,華,801,0,4770,4770
final_images/306472.png,欧阳询,楷,華,479,0,4770,4770
final_images/306473.png,褚遂良,楷,華,760,0,4770,4770
final_images/306506.png,邓石如,隶,華,828,4,4770,32874
final_images/306507.png,邓石如,隶,華,828,4,4770,32874
final_images/306508.png,邓石如,隶,華,828,4,4770,32874
final_images/306509.png,金农,隶,華,855,4,4770,32874
final_images/306608.png,吴叡,隶,萎,171,4,4784,32888
final_images/306620.png,赵孟𫖯,楷,萬,801,0,4788,4788
final_images/306621.png,褚遂良,楷,萬,760,0,4788,4788
final_images/306625.png,智永,楷,萬,377,0,4788,4788
final_images/306720.png,赵孟𫖯,隶,萬,801,4,4788,32892
final_images/306770.png,吴叡,隶,落,171,4,4794,32898
final_images/306825.png,柳公权,楷,著,461,0,4798,4798
final_images/306908.png,柳公权,楷,葬,461,0,4805,4805
final_images/306931.png,赵孟𫖯,楷,葭,801,0,4806,4806
final_images/306942.png,赵孟𫖯,隶,葴,801,4,4808,32912
final_images/306983.png,智永,楷,蒙,377,0,4814,4814
final_images/307027.png,颜真卿,楷,蒲,956,0,4818,4818
final_images/307057.png,褚遂良,楷,蒼,760,0,4820,4820
final_images/307123.png,陈鸿寿,隶,蓋,920,4,4826,32930
final_images/307168.png,邓石如,隶,蓼,828,4,4834,32938
final_images/307172.png,柳公权,楷,蔑,461,0,4835,4835
final_images/307256.png,颜真卿,楷,蔣,956,0,4842,4842
final_images/307272.png,褚遂良,楷,蔭,760,0,4848,4848
final_images/307288.png,吴叡,隶,蔽,171,4,4849,32953
final_images/307289.png,金农,隶,蔽,855,4,4849,32953
final_images/307296.png,褚遂良,楷,蕃,760,0,4850,4850
final_images/307304.png,陈鸿寿,隶,蕃,920,4,4850,32954
final_images/307326.png,吴叡,隶,蕙,171,4,4853,32957
final_images/307341.png,褚遂良,楷,蕤,760,0,4857,4857
final_images/307390.png,智永,楷,薄,377,0,4865,4865
final_images/307431.png,智永,楷,薑,377,0,4869,4869
final_images/307457.png,邓石如,隶,薛,828,4,4871,32975
final_images/307521.png,颜真卿,楷,薰,956,0,4878,4878
final_images/307565.png,王澍,隶,藉,589,4,4884,32988
final_images/307602.png,王澍,隶,藏,589,4,4888,32992
final_images/307655.png,柳公权,楷,藩,461,0,4894,4894
final_images/307704.png,颜真卿,楷,蘇,956,0,4903,4903
final_images/307716.png,赵孟𫖯,楷,蘊,801,0,4904,4904
final_images/307764.png,赵孟𫖯,隶,蘭,801,4,4911,33015
final_images/307782.png,赵孟𫖯,楷,虎,801,0,4915,4915
final_images/307838.png,褚遂良,楷,虐,760,0,4916,4916
final_images/307861.png,柳公权,楷,虔,461,0,4918,4918
final_images/307880.png,褚遂良,楷,處,760,0,4919,4919
final_images/307913.png,赵孟𫖯,隶,處,801,4,4919,33023
final_images/308008.png,智永,楷,虛,377,0,4923,4923
final_images/308034.png,赵孟𫖯,楷,虜,801,0,4924,4924
final_images/308043.png,智永,楷,虞,377,0,4925,4925
final_images/308064.png,吴叡,隶,虞,171,4,4925,33029
final_images/308085.png,赵孟𫖯,隶,號,801,4,4926,33030
final_images/308092.png,智永,楷,虢,377,0,4927,4927
final_images/308128.png,赵孟𫖯,楷,虧,801,0,4931,4931
final_images/308130.png,智永,楷,虧,377,0,4931,4931
final_images/308292.png,颜真卿,楷,蜀,956,0,4956,4956
final_images/308320.png,赵孟𫖯,楷,蜉,801,0,4959,4959
final_images/308378.png,吴叡,隶,蜿,171,4,4972,33076
final_images/308444.png,赵孟𫖯,楷,螻,801,0,4985,4985
final_images/308491.png,褚遂良,楷,蟲,760,0,4995,4995
final_images/308492.png,褚遂良,楷,蟲,760,0,4995,4995
final_images/308572.png,赵孟𫖯,楷,蠲,801,0,5010,5010
final_images/308573.png,颜真卿,楷,蠲,956,0,5010,5010
final_images/308674.png,陈鸿寿,隶,衆,920,4,5015,33119
final_images/308683.png,赵孟𫖯,楷,行,801,0,5017,5017
final_images/308812.png,褚遂良,楷,術,760,0,5020,5020
final_images/308852.png,欧阳询,楷,衛,479,0,5025,5025
final_images/308853.png,褚遂良,楷,衛,760,0,5025,5025
final_images/308854.png,褚遂良,楷,衛,760,0,5025,5025
final_images/308923.png,柳公权,楷,衡,461,0,5029,5029
final_images/308925.png,智永,楷,衡,377,0,5029,5029
final_images/308961.png,颜真卿,楷,衣,956,0,5031,5031
final_images/309008.png,金农,隶,衣,855,4,5031,33135
final_images/309012.png,赵孟𫖯,楷,表,801,0,5032,5032
final_images/309014.png,欧阳询,楷,表,479,0,5032,5032
final_images/309055.png,颜真卿,楷,衮,956,0,5034,5034
final_images/309090.png,邓石如,隶,衰,828,4,5035,33139
final_images/309114.png,褚遂良,楷,衽,760,0,5039,5039
final_images/309239.png,吴叡,隶,被,171,4,5052,33156
final_images/309309.png,赵孟𫖯,楷,裔,801,0,5062,5062
final_images/309310.png,褚遂良,楷,裔,760,0,5062,5062
final_images/309326.png,褚遂良,楷,裕,760,0,5063,5063
final_images/309434.png,赵孟𫖯,楷,裹,801,0,5076,5076
final_images/309446.png,柳公权,楷,製,461,0,5078,5078
final_images/309454.png,颜真卿,楷,裾,956,0,5079,5079
final_images/309484.png,赵孟𫖯,楷,褒,801,0,5085,5085
final_images/309501.png,赵孟𫖯,楷,褚,801,0,5087,5087
final_images/309606.png,赵孟𫖯,楷,襟,801,0,5101,5101
final_images/309622.png,赵孟𫖯,楷,襲,801,0,5105,5105
final_images/309645.png,智永,楷,西,377,0,5106,5106
final_images/309721.png,王澍,隶,西,589,4,5106,33210
final_images/309722.png,陈鸿寿,隶,西,920,4,5106,33210
final_images/309784.png,褚遂良,楷,覆,760,0,5109,5109
final_images/309786.png,智永,楷,覆,377,0,5109,5109
final_images/309812.png,赵孟𫖯,楷,見,801,0,5111,5111
final_images/309814.png,柳公权,楷,見,461,0,5111,5111
final_images/309816.png,智永,楷,見,377,0,5111,5111
final_images/309904.png,金农,隶,見,855,4,5111,33215
final_images/309905.png,陈鸿寿,隶,見,920,4,5111,33215
final_images/309907.png,赵孟𫖯,楷,規,801,0,5112,5112
final_images/309960.png,颜真卿,楷,覩,956,0,5116,5116
final_images/309995.png,王澍,隶,親,589,4,5117,33221
final_images/309996.png,金农,隶,親,855,4,5117,33221
final_images/310030.png,颜真卿,楷,覿,956,0,5122,5122
final_images/310036.png,柳公权,楷,觀,461,0,5123,5123
final_images/310061.png,赵孟𫖯,隶,觀,801,4,5123,33227
final_images/310065.png,邓石如,隶,觀,828,4,5123,33227
final_images/310166.png,赵孟𫖯,隶,解,801,4,5133,33237
final_images/310175.png,赵孟𫖯,楷,觴,801,0,5135,5135
final_images/310184.png,赵孟𫖯,隶,觴,801,4,5135,33239
final_images/310187.png,陈鸿寿,隶,觴,920,4,5135,33239
final_images/310213.png,欧阳询,楷,言,479,0,5137,5137
final_images/310317.png,赵孟𫖯,隶,言,801,4,5137,33241
final_images/310333.png,赵孟𫖯,楷,計,801,0,5140,5140
final_images/310334.png,褚遂良,楷,計,760,0,5140,5140
final_images/310377.png,智永,楷,訓,377,0,5147,5147
final_images/310396.png,柳公权,楷,訖,461,0,5148,5148
final_images/310404.png,褚遂良,楷,託,760,0,5149,5149
final_images/310415.png,赵孟𫖯,楷,記,801,0,5150,5150
final_images/310416.png,褚遂良,楷,記,760,0,5150,5150
final_images/310433.png,金农,隶,記,855,4,5150,33254
final_images/310461.png,陈鸿寿,隶,訟,920,4,5153,33257
final_images/310479.png,欧阳询,楷,設,479,0,5157,5157
final_images/310525.png,陈鸿寿,隶,許,920,4,5158,33262
final_images/310573.png,吴叡,隶,詈,171,4,5168,33272
final_images/310575.png,欧阳询,楷,詎,479,0,5169,5169
final_images/310591.png,吴叡,隶,詒,171,4,5172,33276
final_images/310595.png,柳公权,楷,詔,461,0,5173,5173
final_images/310597.png,颜真卿,楷,詔,956,0,5173,5173
final_images/310628.png,赵孟𫖯,楷,詞,801,0,5178,5178
final_images/310629.png,柳公权,楷,詞,461,0,5178,5178
final_images/310638.png,柳公权,楷,詠,461,0,5179,5179
final_images/310653.png,欧阳询,楷,詢,479,0,5181,5181
final_images/310657.png,颜真卿,楷,詣,956,0,5182,5182
final_images/310680.png,陈鸿寿,隶,試,920,4,5183,33287
final_images/310726.png,王澍,隶,詩,589,4,5186,33290
final_images/310728.png,陈鸿寿,隶,詩,920,4,5186,33290
final_images/310742.png,邓石如,隶,詰,828,4,5189,33293
final_images/310753.png,赵孟𫖯,楷,詳,801,0,5192,5192
final_images/310757.png,智永,楷,詳,377,0,5192,5192
final_images/310793.png,赵孟𫖯,楷,誅,801,0,5198,5198
final_images/310801.png,赵孟𫖯,楷,誇,801,0,5199,5199
final_images/310836.png,颜真卿,楷,誕,956,0,5204,5204
final_images/310883.png,赵孟𫖯,隶,語,801,4,5207,33311
final_images/310884.png,陈鸿寿,隶,語,920,4,5207,33311
final_images/310886.png,赵孟𫖯,楷,誠,801,0,5208,5208
final_images/310903.png,赵孟𫖯,隶,誠,801,4,5208,33312
final_images/310908.png,赵孟𫖯,楷,誡,801,0,5209,5209
final_images/310909.png,褚遂良,楷,誡,760,0,5209,5209
final_images/310910.png,智永,楷,誡,377,0,5209,5209
final_images/310917.png,柳公权,楷,誣,461,0,5210,5210
final_images/310931.png,柳公权,楷,誥,461,0,5212,5212
final_images/310948.png,颜真卿,楷,誨,956,0,5215,5215
final_images/310962.png,智永,楷,說,377,0,5216,5216
final_images/310982.png,欧阳询,楷,説,479,0,5217,5217
final_images/311003.png,颜真卿,楷,誰,956,0,5218,5218
final_images/311024.png,王澍,隶,誰,589,4,5218,33322
final_images/311031.png,陈鸿寿,隶,課,920,4,5219,33323
final_images/311053.png,赵孟𫖯,隶,調,801,4,5222,33326
final_images/311068.png,赵孟𫖯,楷,談,801,0,5225,5225
final_images/311083.png,赵孟𫖯,楷,請,801,0,5226,5226
final_images/311108.png,金农,隶,請,855,4,5226,33330
final_images/311109.png,金农,隶,請,855,4,5226,33330
final_images/311110.png,陈鸿寿,隶,請,920,4,5226,33330
final_images/311130.png,褚遂良,楷,諒,760,0,5230,5230
final_images/311138.png,赵孟𫖯,楷,論,801,0,5231,5231
final_images/311159.png,吴叡,隶,論,171,4,5231,33335
final_images/311165.png,颜真卿,楷,諜,956,0,5233,5233
final_images/311170.png,褚遂良,楷,諦,760,0,5234,5234
final_images/311186.png,赵孟𫖯,楷,諭,801,0,5237,5237
final_images/311199.png,柳公权,楷,諱,461,0,5239,5239
final_images/311244.png,赵孟𫖯,隶,諸,801,4,5243,33347
final_images/311251.png,陈鸿寿,隶,諸,920,4,5243,33347
final_images/311252.png,陈鸿寿,隶,諸,920,4,5243,33347
final_images/311295.png,赵孟𫖯,楷,謂,801,0,5249,5249
final_images/311298.png,柳公权,楷,謂,461,0,5249,5249
final_images/311299.png,欧阳询,楷,謂,479,0,5249,5249
final_images/311303.png,智永,楷,謂,377,0,5249,5249
final_images/311360.png,柳公权,楷,謚,461,0,5256,5256
final_images/311378.png,智永,楷,謝,377,0,5258,5258
final_images/311402.png,邓石如,隶,謡,828,4,5261,33365
final_images/311421.png,欧阳询,楷,謹,479,0,5267,5267
final_images/311444.png,王澍,隶,謹,589,4,5267,33371
final_images/311467.png,赵孟𫖯,楷,譏,801,0,5272,5272
final_images/311474.png,王澍,隶,譏,589,4,5272,33376
final_images/311478.png,颜真卿,楷,譔,956,0,5273,5273
final_images/311487.png,褚遂良,楷,識,760,0,5275,5275
final_images/311504.png,金农,隶,識,855,4,5275,33379
final_images/311537.png,褚遂良,楷,譯,760,0,5282,5282
final_images/311542.png,颜真卿,楷,議,956,0,5283,5283
final_images/311561.png,颜真卿,楷,護,956,0,5286,5286
final_images/311572.png,欧阳询,楷,譽,479,0,5287,5287
final_images/311573.png,颜真卿,楷,譽,956,0,5287,5287
final_images/311594.png,邓石如,隶,讀,828,4,5288,33392
final_images/311601.png,褚遂良,楷,變,760,0,5290,5290
final_images/311621.png,赵孟𫖯,楷,讌,801,0,5291,5291
final_images/311636.png,智永,楷,讓,377,0,5294,5294
final_images/311656.png,褚遂良,楷,讖,760,0,5295,5295
final_images/311664.png,柳公权,楷,讚,461,0,5297,5297
final_images/311670.png,王澍,隶,讚,589,4,5297,33401
final_images/311828.png,王澍,隶,谷,589,4,5334,33438
final_images/311829.png,赵孟𫖯,楷,谿,801,0,5335,5335
final_images/311876.png,颜真卿,楷,豈,956,0,5339,5339
final_images/311878.png,智永,楷,豈,377,0,5339,5339
final_images/311899.png,陈鸿寿,隶,豈,920,4,5339,33443
final_images/311936.png,赵孟𫖯,楷,豐,801,0,5342,5342
final_images/312026.png,柳公权,楷,象,461,0,5347,5347
final_images/312030.png,颜真卿,楷,象,956,0,5347,5347
final_images/312082.png,赵孟𫖯,楷,豪,801,0,5351,5351
final_images/312125.png,赵孟𫖯,隶,豫,801,4,5352,33456
final_images/312197.png,颜真卿,楷,貉,956,0,5362,5362
final_images/312232.png,褚遂良,楷,貍,760,0,5365,5365
final_images/312248.png,褚遂良,楷,貝,760,0,5368,5368
final_images/312280.png,欧阳询,楷,貞,479,0,5369,5369
final_images/312282.png,智永,楷,貞,377,0,5369,5369
final_images/312400.png,陈鸿寿,隶,貤,920,4,5374,33478
final_images/312415.png,邓石如,隶,貧,828,4,5375,33479
final_images/312416.png,金农,隶,貧,855,4,5375,33479
final_images/312449.png,褚遂良,楷,責,760,0,5380,5380
final_images/312488.png,赵孟𫖯,楷,貴,801,0,5385,5385
final_images/312489.png,欧阳询,楷,貴,479,0,5385,5385
final_images/312526.png,邓石如,隶,貴,828,4,5385,33489
final_images/312527.png,陈鸿寿,隶,貴,920,4,5385,33489
final_images/312559.png,赵孟𫖯,楷,貸,801,0,5388,5388
final_images/312571.png,颜真卿,楷,費,956,0,5390,5390
final_images/312581.png,赵孟𫖯,楷,貽,801,0,5392,5392
final_images/312612.png,赵孟𫖯,楷,資,801,0,5398,5398
final_images/312614.png,欧阳询,楷,資,479,0,5398,5398
final_images/312660.png,智永,楷,賊,377,0,5400,5400
final_images/312698.png,赵孟𫖯,隶,賓,801,4,5403,33507
final_images/312712.png,柳公权,楷,賚,461,0,5406,5406
final_images/312735.png,赵孟𫖯,楷,賞,801,0,5408,5408
final_images/312736.png,智永,楷,賞,377,0,5408,5408
final_images/312750.png,赵孟𫖯,隶,賞,801,4,5408,33512
final_images/312752.png,王澍,隶,賞,589,4,5408,33512
final_images/312763.png,赵孟𫖯,楷,賢,801,0,5410,5410
final_images/312789.png,赵孟𫖯,隶,賢,801,4,5410,33514
final_images/312793.png,邓石如,隶,賢,828,4,5410,33514
final_images/312801.png,赵孟𫖯,楷,賤,801,0,5412,5412
final_images/312816.png,赵孟𫖯,楷,賦,801,0,5413,5413
final_images/312817.png,柳公权,楷,賦,461,0,5413,5413
final_images/312818.png,颜真卿,楷,賦,956,0,5413,5413
final_images/312841.png,欧阳询,楷,質,479,0,5414,5414
final_images/312857.png,吴叡,隶,質,171,4,5414,33518
final_images/312861.png,赵孟𫖯,楷,賴,801,0,5416,5416
final_images/312913.png,褚遂良,楷,賾,760,0,5422,5422
final_images/312955.png,陈鸿寿,隶,贈,920,4,5426,33530
final_images/312964.png,陈鸿寿,隶,贊,920,4,5427,33531
final_images/313044.png,智永,楷,赤,377,0,5447,5447
final_images/313164.png,柳公权,楷,赱,461,0,5451,5451
final_images/313206.png,欧阳询,楷,赴,479,0,5453,5453
final_images/313220.png,赵孟𫖯,楷,起,801,0,5455,5455
final_images/313223.png,颜真卿,楷,起,956,0,5455,5455
final_images/313225.png,智永,楷,起,377,0,5455,5455
final_images/313269.png,赵孟𫖯,楷,超,801,0,5457,5457
final_images/313327.png,柳公权,楷,趙,461,0,5462,5462
final_images/313331.png,智永,楷,趙,377,0,5462,5462
final_images/313394.png,柳公权,楷,足,461,0,5468,5468
final_images/313395.png,欧阳询,楷,足,479,0,5468,5468
final_images/313446.png,陈鸿寿,隶,足,920,4,5468,33572
final_images/313452.png,欧阳询,楷,趾,479,0,5469,5469
final_images/313490.png,赵孟𫖯,楷,距,801,0,5475,5475
final_images/313516.png,柳公权,楷,跨,461,0,5477,5477
final_images/313517.png,褚遂良,楷,跨,760,0,5477,5477
final_images/313518.png,颜真卿,楷,跨,956,0,5477,5477
final_images/313552.png,赵孟𫖯,隶,路,801,4,5479,33583
final_images/313556.png,金农,隶,路,855,4,5479,33583
final_images/313574.png,褚遂良,楷,踊,760,0,5484,5484
final_images/313588.png,赵孟𫖯,楷,踐,801,0,5486,5486
final_images/313600.png,王澍,隶,踐,589,4,5486,33590
final_images/313655.png,赵孟𫖯,楷,蹇,801,0,5499,5499
final_images/313664.png,颜真卿,楷,蹈,956,0,5500,5500
final_images/313700.png,颜真卿,楷,蹤,956,0,5506,5506
final_images/313746.png,智永,楷,躍,377,0,5513,5513
final_images/313755.png,邓石如,隶,躓,828,4,5514,33618
final_images/313760.png,褚遂良,楷,躡,760,0,5516,5516
final_images/313766.png,赵孟𫖯,楷,身,801,0,5518,5518
final_images/313769.png,褚遂良,楷,身,760,0,5518,5518
final_images/313830.png,邓石如,隶,身,828,4,5518,33622
final_images/313831.png,金农,隶,身,855,4,5518,33622
final_images/313854.png,赵孟𫖯,隶,躬,801,4,5519,33623
final_images/313860.png,褚遂良,楷,軆,760,0,5522,5522
final_images/313866.png,欧阳询,楷,車,479,0,5523,5523
final_images/313925.png,褚遂良,楷,軌,760,0,5524,5524
final_images/313933.png,颜真卿,楷,軍,956,0,5525,5525
final_images/314051.png,褚遂良,楷,載,760,0,5539,5539
final_images/314080.png,赵孟𫖯,隶,載,801,4,5539,33643
final_images/314085.png,王澍,隶,載,589,4,5539,33643
final_images/314087.png,金农,隶,載,855,4,5539,33643
final_images/314103.png,金农,隶,輒,855,4,5540,33644
final_images/314117.png,吴叡,隶,輔,171,4,5542,33646
final_images/314123.png,褚遂良,楷,輕,760,0,5543,5543
final_images/314166.png,智永,楷,輦,377,0,5548,5548
final_images/314173.png,赵孟𫖯,隶,輦,801,4,5548,33652
final_images/314186.png,欧阳询,楷,輪,479,0,5551,5551
final_images/314188.png,颜真卿,楷,輪,956,0,5551,5551
final_images/314203.png,赵孟𫖯,楷,輶,801,0,5554,5554
final_images/314205.png,智永,楷,輶,377,0,5554,5554
final_images/314217.png,金农,隶,輸,855,4,5555,33659
final_images/314235.png,颜真卿,楷,輿,956,0,5560,5560
final_images/314246.png,吴叡,隶,輿,171,4,5560,33664
final_images/314257.png,王澍,隶,轂,589,4,5561,33665
final_images/314259.png,欧阳询,楷,轄,479,0,5562,5562
final_images/314269.png,褚遂良,楷,轉,760,0,5564,5564
final_images/314286.png,陈鸿寿,隶,轉,920,4,5564,33668
final_images/314321.png,吴叡,隶,轡,171,4,5573,33677
final_images/314344.png,颜真卿,楷,辛,956,0,5579,5579
final_images/314493.png,吴叡,隶,辛,171,4,5579,33683
final_images/314499.png,欧阳询,楷,辜,479,0,5580,5580
final_images/314625.png,王澍,隶,辨,589,4,5588,33692
final_images/314649.png,吴叡,隶,辭,171,4,5589,33693
final_images/314665.png,吴叡,隶,辯,171,4,5590,33694
final_images/314671.png,赵孟𫖯,楷,辰,801,0,5591,5591
final_images/314727.png,赵孟𫖯,隶,辰,801,4,5591,33695
final_images/314743.png,智永,楷,辱,377,0,5592,5592
final_images/314779.png,王澍,隶,農,589,4,5593,33697
final_images/314824.png,赵孟𫖯,楷,迅,801,0,5600,5600
final_images/314983.png,颜真卿,楷,迫,956,0,5621,5621
final_images/315053.png,褚遂良,楷,迴,760,0,5626,5626
final_images/315088.png,褚遂良,楷,迹,760,0,5630,5630
final_images/315090.png,颜真卿,楷,迹,956,0,5630,5630
final_images/315142.png,褚遂良,楷,追,760,0,5633,5633
final_images/315143.png,颜真卿,楷,追,956,0,5633,5633
final_images/315336.png,金农,隶,逐,855,4,5641,33745
final_images/315349.png,智永,楷,途,377,0,5644,5644
final_images/315369.png,颜真卿,楷,通,956,0,5647,5647
final_images/315371.png,智永,楷,通,377,0,5647,5647
final_images/315482.png,王澍,隶,造,589,4,5651,33755
final_images/315513.png,智永,楷,連,377,0,5654,5654
final_images/315531.png,王澍,隶,連,589,4,5654,33758
final_images/315544.png,柳公权,楷,逮,461,0,5657,5657
final_images/315589.png,吴叡,隶,進,171,4,5659,33763
final_images/315593.png,陈鸿寿,隶,進,920,4,5659,33763
final_images/315632.png,智永,楷,逼,377,0,5664,5664
final_images/315642.png,王澍,隶,逼,589,4,5664,33768
final_images/315648.png,颜真卿,楷,逾,956,0,5665,5665
final_images/315666.png,吴叡,隶,遁,171,4,5666,33770
final_images/315696.png,邓石如,隶,遂,828,4,5667,33771
final_images/315697.png,陈鸿寿,隶,遂,920,4,5667,33771
final_images/315755.png,赵孟𫖯,隶,遊,801,4,5670,33774
final_images/315758.png,邓石如,隶,遊,828,4,5670,33774
final_images/315768.png,赵孟𫖯,隶,運,801,4,5671,33775
final_images/315848.png,邓石如,隶,遐,828,4,5675,33779
final_images/315865.png,褚遂良,楷,道,760,0,5678,5678
final_images/315866.png,颜真卿,楷,道,956,0,5678,5678
final_images/315908.png,吴叡,隶,道,171,4,5678,33782
final_images/315926.png,智永,楷,達,377,0,5679,5679
final_images/315948.png,颜真卿,楷,違,956,0,5680,5680
final_images/315962.png,吴叡,隶,違,171,4,5680,33784
final_images/316091.png,褚遂良,楷,遥,760,0,5692,5692
final_images/316112.png,智永,楷,適,377,0,5694,5694
final_images/316158.png,欧阳询,楷,遯,479,0,5698,5698
final_images/316183.png,褚遂良,楷,遵,760,0,5701,5701
final_images/316185.png,智永,楷,遵,377,0,5701,5701
final_images/316197.png,赵孟𫖯,隶,遵,801,4,5701,33805
final_images/316218.png,金农,隶,遷,855,4,5703,33807
final_images/316262.png,陈鸿寿,隶,遺,920,4,5706,33810
final_images/316269.png,智永,楷,遼,377,0,5707,5707
final_images/316273.png,王澍,隶,遼,589,4,5707,33811
final_images/316277.png,褚遂良,楷,遽,760,0,5708,5708
final_images/316414.png,赵孟𫖯,隶,邈,801,4,5716,33820
final_images/316417.png,褚遂良,楷,邊,760,0,5717,5717
final_images/316470.png,智永,楷,邑,377,0,5720,5720
final_images/316522.png,王澍,隶,邑,589,4,5720,33824
final_images/316523.png,邓石如,隶,邑,828,4,5720,33824
final_images/316590.png,颜真卿,楷,邦,956,0,5728,5728
final_images/316800.png,柳公权,楷,郊,461,0,5746,5746
final_images/316801.png,颜真卿,楷,郊,956,0,5746,5746
final_images/316815.png,柳公权,楷,郎,461,0,5747,5747
final_images/316817.png,褚遂良,楷,郎,760,0,5747,5747
final_images/316818.png,褚遂良,楷,郎,760,0,5747,5747
final_images/316844.png,陈鸿寿,隶,郎,920,4,5747,33851
final_images/316882.png,赵孟𫖯,楷,郝,801,0,5751,5751
final_images/316891.png,赵孟𫖯,楷,郞,801,0,5752,5752
final_images/316898.png,褚遂良,楷,郞,760,0,5752,5752
final_images/316948.png,赵孟𫖯,隶,郡,801,4,5753,33857
final_images/316959.png,金农,隶,郡,855,4,5753,33857
final_images/317066.png,赵孟𫖯,楷,郵,801,0,5760,5760
final_images/317078.png,柳公权,楷,郷,461,0,5761,5761
final_images/317106.png,陈鸿寿,隶,郷,920,4,5761,33865
final_images/317110.png,赵孟𫖯,楷,都,801,0,5762,5762
final_images/317113.png,褚遂良,楷,都,760,0,5762,5762
final_images/317172.png,柳公权,楷,鄆,461,0,5765,5765
final_images/317206.png,陈鸿寿,隶,鄉,920,4,5766,33870
final_images/317241.png,吴叡,隶,鄕,171,4,5769,33873
final_images/317256.png,褚遂良,楷,鄙,760,0,5771,5771
final_images/317306.png,颜真卿,楷,鄭,956,0,5777,5777
final_images/317323.png,赵孟𫖯,楷,鄰,801,0,5778,5778
final_images/317444.png,邓石如,隶,酌,828,4,5788,33892
final_images/317510.png,金农,隶,酒,855,4,5791,33895
final_images/317511.png,陈鸿寿,隶,酒,920,4,5791,33895
final_images/317653.png,金农,隶,醉,855,4,5808,33912
final_images/317679.png,柳公权,楷,醜,461,0,5813,5813
final_images/317685.png,赵孟𫖯,楷,醢,801,0,5815,5815
final_images/317689.png,吴叡,隶,醢,171,4,5815,33919
final_images/317700.png,褚遂良,楷,醫,760,0,5817,5817
final_images/317775.png,柳公权,楷,采,461,0,5828,5828
final_images/317806.png,邓石如,隶,采,828,4,5828,33932
final_images/317811.png,赵孟𫖯,楷,釋,801,0,5830,5830
final_images/317813.png,褚遂良,楷,釋,760,0,5830,5830
final_images/317815.png,智永,楷,釋,377,0,5830,5830
final_images/317898.png,欧阳询,楷,重,479,0,5832,5832
final_images/317900.png,褚遂良,楷,重,760,0,5832,5832
final_images/317901.png,颜真卿,楷,重,956,0,5832,5832
final_images/317947.png,金农,隶,重,855,4,5832,33936
final_images/317980.png,吴叡,隶,野,171,4,5833,33937
final_images/317982.png,王澍,隶,野,589,4,5833,33937
final_images/317994.png,柳公权,楷,量,461,0,5834,5834
final_images/318015.png,赵孟𫖯,隶,量,801,4,5834,33938
final_images/318044.png,柳公权,楷,金,461,0,5836,5836
final_images/318168.png,欧阳询,楷,針,479,0,5839,5839
final_images/318172.png,智永,楷,釣,377,0,5840,5840
final_images/318199.png,赵孟𫖯,楷,鈇,801,0,5846,5846
final_images/318204.png,柳公权,楷,鈎,461,0,5848,5848
final_images/318222.png,欧阳询,楷,鈞,479,0,5851,5851
final_images/318223.png,颜真卿,楷,鈞,956,0,5851,5851
final_images/318230.png,赵孟𫖯,隶,鈞,801,4,5851,33955
final_images/318231.png,赵孟𫖯,楷,鈴,801,0,5852,5852
final_images/318248.png,赵孟𫖯,隶,鉅,801,4,5856,33960
final_images/318261.png,赵孟𫖯,楷,鉏,801,0,5860,5860
final_images/318263.png,邓石如,隶,鉏,828,4,5860,33964
final_images/318288.png,赵孟𫖯,楷,銀,801,0,5867,5867
final_images/318290.png,颜真卿,楷,銀,956,0,5867,5867
final_images/318293.png,智永,楷,銀,377,0,5867,5867
final_images/318316.png,褚遂良,楷,銑,760,0,5870,5870
final_images/318333.png,柳公权,楷,銘,461,0,5875,5875
final_images/318351.png,金农,隶,銘,855,4,5875,33979
final_images/318362.png,赵孟𫖯,楷,銜,801,0,5878,5878
final_images/318370.png,赵孟𫖯,楷,銳,801,0,5879,5879
final_images/318372.png,欧阳询,楷,銷,479,0,5880,5880
final_images/318375.png,褚遂良,楷,銷,760,0,5880,5880
final_images/318381.png,柳公权,楷,鋒,461,0,5882,5882
final_images/318383.png,颜真卿,楷,鋒,956,0,5882,5882
final_images/318400.png,赵孟𫖯,楷,鋭,801,0,5887,5887
final_images/318401.png,柳公权,楷,鋭,461,0,5887,5887
final_images/318410.png,柳公权,楷,錄,461,0,5889,5889
final_images/318411.png,欧阳询,楷,錄,479,0,5889,5889
final_images/318468.png,褚遂良,楷,錦,760,0,5898,5898
final_images/318481.png,褚遂良,楷,錫,760,0,5900,5900
final_images/318505.png,吴叡,隶,錯,171,4,5903,34007
final_images/318564.png,颜真卿,楷,鍾,956,0,5915,5915
final_images/318599.png,赵孟𫖯,楷,鎧,801,0,5922,5922
final_images/318631.png,颜真卿,楷,鏑,956,0,5929,5929
final_images/318643.png,赵孟𫖯,楷,鏡,801,0,5934,5934
final_images/318645.png,欧阳询,楷,鏡,479,0,5934,5934
final_images/318712.png,颜真卿,楷,鐵,956,0,5946,5946
final_images/318725.png,颜真卿,楷,鐸,956,0,5948,5948
final_images/318754.png,赵孟𫖯,楷,鑑,801,0,5953,5953
final_images/318773.png,王澍,隶,鑒,589,4,5954,34058
final_images/318775.png,赵孟𫖯,楷,鑠,801,0,5955,5955
final_images/318795.png,赵孟𫖯,楷,鑿,801,0,5963,5963
final_images/318855.png,赵孟𫖯,楷,長,801,0,5975,5975
final_images/318961.png,赵孟𫖯,楷,門,801,0,5978,5978
final_images/318964.png,褚遂良,楷,門,760,0,5978,5978
final_images/318967.png,智永,楷,門,377,0,5978,5978
final_images/319052.png,柳公权,楷,開,461,0,5982,5982
final_images/319053.png,欧阳询,楷,開,479,0,5982,5982
final_images/319055.png,颜真卿,楷,開,956,0,5982,5982
final_images/319086.png,赵孟𫖯,楷,閏,801,0,5984,5984
final_images/319107.png,金农,隶,閑,855,4,5985,34089
final_images/319110.png,赵孟𫖯,楷,閒,801,0,5986,5986
final_images/319111.png,颜真卿,楷,閒,956,0,5986,5986
final_images/319131.png,邓石如,隶,閒,828,4,5986,34090
final_images/319147.png,金农,隶,間,855,4,5987,34091
final_images/319148.png,陈鸿寿,隶,間,920,4,5987,34091
final_images/319159.png,褚遂良,楷,閟,760,0,5990,5990
final_images/319165.png,欧阳询,楷,閣,479,0,5992,5992
final_images/319166.png,褚遂良,楷,閣,760,0,5992,5992
final_images/319199.png,赵孟𫖯,楷,閭,801,0,5999,5999
final_images/319240.png,柳公权,楷,闈,461,0,6007,6007
final_images/319261.png,褚遂良,楷,闍,760,0,6011,6011
final_images/319272.png,赵孟𫖯,楷,闕,801,0,6015,6015
final_images/319275.png,褚遂良,楷,闕,760,0,6015,6015
final_images/319277.png,智永,楷,闕,377,0,6015,6015
final_images/319284.png,赵孟𫖯,隶,闕,801,4,6015,34119
final_images/319287.png,金农,隶,闕,855,4,6015,34119
final_images/319288.png,赵孟𫖯,楷,關,801,0,6016,6016
final_images/319310.png,吴叡,隶,關,171,4,6016,34120
final_images/319324.png,赵孟𫖯,楷,闢,801,0,6019,6019
final_images/319366.png,赵孟𫖯,楷,阜,801,0,6029,6029
final_images/319368.png,褚遂良,楷,阜,760,0,6029,6029
final_images/319444.png,王澍,隶,阮,589,4,6035,34139
final_images/319476.png,陈鸿寿,隶,防,920,4,6037,34141
final_images/319525.png,褚遂良,楷,阿,760,0,6046,6046
final_images/319538.png,赵孟𫖯,隶,阿,801,4,6046,34150
final_images/319539.png,王澍,隶,阿,589,4,6046,34150
final_images/319540.png,金农,隶,阿,855,4,6046,34150
final_images/319561.png,赵孟𫖯,楷,陂,801,0,6049,6049
final_images/319573.png,颜真卿,楷,附,956,0,6050,6050
final_images/319593.png,赵孟𫖯,楷,陋,801,0,6053,6053
final_images/319615.png,欧阳询,楷,降,479,0,6055,6055
final_images/319662.png,吴叡,隶,降,171,4,6055,34159
final_images/319697.png,欧阳询,楷,陛,479,0,6058,6058
final_images/319722.png,赵孟𫖯,楷,陟,801,0,6061,6061
final_images/319724.png,颜真卿,楷,陟,956,0,6061,6061
final_images/319761.png,赵孟𫖯,楷,院,801,0,6062,6062
final_images/319762.png,颜真卿,楷,院,956,0,6062,6062
final_images/319772.png,陈鸿寿,隶,院,920,4,6062,34166
final_images/319778.png,邓石如,隶,陣,828,4,6063,34167
final_images/319850.png,赵孟𫖯,楷,陬,801,0,6068,6068
final_images/319851.png,吴叡,隶,陬,171,4,6068,34172
final_images/319885.png,赵孟𫖯,隶,陰,801,4,6069,34173
final_images/320002.png,赵孟𫖯,隶,陶,801,4,6074,34178
final_images/320035.png,吴叡,隶,陸,171,4,6076,34180
final_images/320039.png,欧阳询,楷,陽,479,0,6077,6077
final_images/320083.png,吴叡,隶,陽,171,4,6077,34181
final_images/320093.png,王澍,隶,陽,589,4,6077,34181
final_images/320168.png,吴叡,隶,隆,171,4,6081,34185
final_images/320214.png,赵孟𫖯,隶,階,801,4,6086,34190
final_images/320251.png,颜真卿,楷,隕,956,0,6091,6091
final_images/320260.png,欧阳询,楷,隗,479,0,6092,6092
final_images/320274.png,褚遂良,楷,隘,760,0,6093,6093
final_images/320327.png,欧阳询,楷,隨,479,0,6099,6099
final_images/320329.png,褚遂良,楷,隨,760,0,6099,6099
final_images/320369.png,赵孟𫖯,楷,隱,801,0,6104,6104
final_images/320397.png,邓石如,隶,隱,828,4,6104,34208
final_images/320398.png,金农,隶,隱,855,4,6104,34208
final_images/320411.png,赵孟𫖯,楷,隸,801,0,6107,6107
final_images/320412.png,柳公权,楷,隸,461,0,6107,6107
final_images/320413.png,褚遂良,楷,隸,760,0,6107,6107
final_images/320416.png,智永,楷,隸,377,0,6107,6107
final_images/320432.png,赵孟𫖯,隶,隸,801,4,6107,34211
final_images/320507.png,褚遂良,楷,隻,760,0,6110,6110
final_images/320508.png,褚遂良,楷,隻,760,0,6110,6110
final_images/320610.png,吴叡,隶,雄,171,4,6116,34220
final_images/320661.png,赵孟𫖯,楷,集,801,0,6118,6118
final_images/320662.png,赵孟𫖯,楷,集,801,0,6118,6118
final_images/320745.png,柳公权,楷,雍,461,0,6122,6122
final_images/320746.png,颜真卿,楷,雍,956,0,6122,6122
final_images/320774.png,金农,隶,雒,855,4,6124,34228
final_images/320791.png,欧阳询,楷,雖,479,0,6127,6127
final_images/320792.png,颜真卿,楷,雖,956,0,6127,6127
final_images/320820.png,邓石如,隶,雖,828,4,6127,34231
final_images/320829.png,褚遂良,楷,雙,760,0,6129,6129
final_images/320865.png,吴叡,隶,雜,171,4,6132,34236
final_images/320903.png,柳公权,楷,離,461,0,6135,6135
final_images/320921.png,吴叡,隶,離,171,4,6135,34239
final_images/320922.png,赵孟𫖯,隶,離,801,4,6135,34239
final_images/320924.png,王澍,隶,離,589,4,6135,34239
final_images/320928.png,褚遂良,楷,難,760,0,6136,6136
final_images/321041.png,金农,隶,雨,855,4,6139,34243
final_images/321073.png,褚遂良,楷,雪,760,0,6141,6141
final_images/321074.png,颜真卿,楷,雪,956,0,6141,6141
final_images/321097.png,柳公权,楷,雲,461,0,6143,6143
final_images/321098.png,欧阳询,楷,雲,479,0,6143,6143
final_images/321131.png,王澍,隶,雲,589,4,6143,34247
final_images/321132.png,邓石如,隶,雲,828,4,6143,34247
final_images/321133.png,邓石如,隶,雲,828,4,6143,34247
final_images/321187.png,赵孟𫖯,楷,雹,801,0,6146,6146
final_images/321196.png,赵孟𫖯,楷,電,801,0,6148,6148
final_images/321216.png,陈鸿寿,隶,需,920,4,6149,34253
final_images/321263.png,褚遂良,楷,震,760,0,6153,6153
final_images/321290.png,颜真卿,楷,霍,956,0,6154,6154
final_images/321305.png,褚遂良,楷,霑,760,0,6157,6157
final_images/321306.png,颜真卿,楷,霑,956,0,6157,6157
final_images/321333.png,赵孟𫖯,楷,霜,801,0,6161,6161
final_images/321334.png,欧阳询,楷,霜,479,0,6161,6161
final_images/321335.png,褚遂良,楷,霜,760,0,6161,6161
final_images/321357.png,王澍,隶,霜,589,4,6161,34265
final_images/321428.png,颜真卿,楷,露,956,0,6169,6169
final_images/321455.png,金农,隶,露,855,4,6169,34273
final_images/321495.png,赵孟𫖯,楷,霽,801,0,6171,6171
final_images/321527.png,赵孟𫖯,楷,靈,801,0,6177,6177
final_images/321529.png,颜真卿,楷,靈,956,0,6177,6177
final_images/321550.png,吴叡,隶,靈,171,4,6177,34281
final_images/321556.png,王澍,隶,靈,589,4,6177,34281
final_images/321563.png,欧阳询,楷,靑,479,0,6179,6179
final_images/321565.png,颜真卿,楷,靑,956,0,6179,6179
final_images/321608.png,欧阳询,楷,青,479,0,6180,6180
final_images/321609.png,褚遂良,楷,青,760,0,6180,6180
final_images/321610.png,颜真卿,楷,青,956,0,6180,6180
final_images/321647.png,陈鸿寿,隶,青,920,4,6180,34284
final_images/321671.png,褚遂良,楷,静,760,0,6182,6182
final_images/321710.png,陈鸿寿,隶,静,920,4,6182,34286
final_images/321715.png,褚遂良,楷,靜,760,0,6183,6183
final_images/321718.png,智永,楷,靜,377,0,6183,6183
final_images/321744.png,邓石如,隶,靜,828,4,6183,34287
final_images/321752.png,赵孟𫖯,楷,非,801,0,6184,6184
final_images/321754.png,柳公权,楷,非,461,0,6184,6184
final_images/321820.png,吴叡,隶,非,171,4,6184,34288
final_images/321824.png,金农,隶,非,855,4,6184,34288
final_images/321858.png,金农,隶,靡,855,4,6185,34289
final_images/321870.png,褚遂良,楷,面,760,0,6186,6186
final_images/321871.png,颜真卿,楷,面,956,0,6186,6186
final_images/321903.png,王澍,隶,面,589,4,6186,34290
final_images/321904.png,邓石如,隶,面,828,4,6186,34290
final_images/322041.png,赵孟𫖯,隶,鞠,801,4,6200,34304
final_images/322048.png,颜真卿,楷,鞫,956,0,6203,6203
final_images/322122.png,赵孟𫖯,楷,韓,801,0,6210,6210
final_images/322236.png,褚遂良,楷,韶,760,0,6223,6223
final_images/322237.png,颜真卿,楷,韶,956,0,6223,6223
final_images/322260.png,褚遂良,楷,響,760,0,6226,6226
final_images/322306.png,赵孟𫖯,楷,順,801,0,6232,6232
final_images/322308.png,欧阳询,楷,順,479,0,6232,6232
final_images/322376.png,颜真卿,楷,頏,956,0,6236,6236
final_images/322381.png,陈鸿寿,隶,預,920,4,6237,34341
final_images/322430.png,赵孟𫖯,楷,領,801,0,6242,6242
final_images/322432.png,智永,楷,領,377,0,6242,6242
final_images/322451.png,柳公权,楷,頤,461,0,6245,6245
final_images/322463.png,王澍,隶,頫,589,4,6246,34350
final_images/322465.png,赵孟𫖯,楷,頭,801,0,6247,6247
final_images/322484.png,金农,隶,頭,855,4,6247,34351
final_images/322485.png,颜真卿,楷,頮,956,0,6248,6248
final_images/322516.png,褚遂良,楷,頻,760,0,6255,6255
final_images/322530.png,赵孟𫖯,楷,題,801,0,6257,6257
final_images/322547.png,柳公权,楷,額,461,0,6258,6258
final_images/322594.png,赵孟𫖯,楷,願,801,0,6263,6263
final_images/322600.png,智永,楷,願,377,0,6263,6263
final_images/322611.png,赵孟𫖯,隶,願,801,4,6263,34367
final_images/322616.png,赵孟𫖯,楷,顙,801,0,6264,6264
final_images/322622.png,赵孟𫖯,楷,顚,801,0,6265,6265
final_images/322625.png,智永,楷,顚,377,0,6265,6265
final_images/322634.png,赵孟𫖯,楷,顛,801,0,6266,6266
final_images/322635.png,智永,楷,顛,377,0,6266,6266
final_images/322689.png,王澍,隶,顧,589,4,6268,34372
final_images/322690.png,金农,隶,顧,855,4,6268,34372
final_images/322696.png,柳公权,楷,顯,461,0,6270,6270
final_images/322697.png,褚遂良,楷,顯,760,0,6270,6270
final_images/322792.png,赵孟𫖯,楷,風,801,0,6282,6282
final_images/322795.png,颜真卿,楷,風,956,0,6282,6282
final_images/322829.png,吴叡,隶,風,171,4,6282,34386
final_images/322840.png,金农,隶,風,855,4,6282,34386
final_images/322841.png,金农,隶,風,855,4,6282,34386
final_images/322850.png,智永,楷,颻,377,0,6285,6285
final_images/322862.png,智永,楷,飄,377,0,6287,6287
final_images/322876.png,欧阳询,楷,飛,479,0,6290,6290
final_images/322877.png,颜真卿,楷,飛,956,0,6290,6290
final_images/322905.png,吴叡,隶,飛,171,4,6290,34394
final_images/322906.png,赵孟𫖯,隶,飛,801,4,6290,34394
final_images/322922.png,褚遂良,楷,食,760,0,6292,6292
final_images/322925.png,智永,楷,食,377,0,6292,6292
final_images/322966.png,赵孟𫖯,隶,食,801,4,6292,34396
final_images/322972.png,智永,楷,飡,377,0,6293,6293
final_images/322974.png,吴叡,隶,飡,171,4,6293,34397
final_images/322975.png,赵孟𫖯,隶,飡,801,4,6293,34397
final_images/322976.png,王澍,隶,飡,589,4,6293,34397
final_images/322985.png,金农,隶,飢,855,4,6294,34398
final_images/323020.png,褚遂良,楷,飧,760,0,6297,6297
final_images/323025.png,赵孟𫖯,隶,飫,801,4,6298,34402
final_images/323026.png,王澍,隶,飫,589,4,6298,34402
final_images/323032.png,欧阳询,楷,飮,479,0,6300,6300
final_images/323065.png,金农,隶,飲,855,4,6302,34406
final_images/323076.png,王澍,隶,飽,589,4,6304,34408
final_images/323102.png,欧阳询,楷,養,479,0,6309,6309
final_images/323117.png,金农,隶,養,855,4,6309,34413
final_images/323120.png,赵孟𫖯,楷,餌,801,0,6310,6310
final_images/323181.png,陈鸿寿,隶,餘,920,4,6315,34419
final_images/323196.png,欧阳询,楷,館,479,0,6320,6320
final_images/323250.png,颜真卿,楷,饗,956,0,6334,6334
final_images/323279.png,赵孟𫖯,楷,首,801,0,6341,6341
final_images/323370.png,王澍,隶,首,589,4,6341,34445
final_images/323386.png,褚遂良,楷,香,760,0,6343,6343
final_images/323409.png,邓石如,隶,香,828,4,6343,34447
final_images/323411.png,金农,隶,香,855,4,6343,34447
final_images/323433.png,赵孟𫖯,楷,馨,801,0,6346,6346
final_images/323447.png,褚遂良,楷,馬,760,0,6347,6347
final_images/323559.png,欧阳询,楷,馭,479,0,6348,6348
final_images/323560.png,褚遂良,楷,馭,760,0,6348,6348
final_images/323566.png,赵孟𫖯,楷,馮,801,0,6349,6349
final_images/323571.png,吴叡,隶,馮,171,4,6349,34453
final_images/323601.png,赵孟𫖯,楷,駐,801,0,6353,6353
final_images/323607.png,赵孟𫖯,楷,駒,801,0,6354,6354
final_images/323620.png,柳公权,楷,駕,461,0,6355,6355
final_images/323652.png,赵孟𫖯,隶,駝,801,4,6358,34462
final_images/323660.png,吴叡,隶,駟,171,4,6359,34463
final_images/323677.png,柳公权,楷,駭,461,0,6362,6362
final_images/323678.png,智永,楷,駭,377,0,6362,6362
final_images/323684.png,赵孟𫖯,隶,駭,801,4,6362,34466
final_images/323717.png,欧阳询,楷,騎,479,0,6371,6371
final_images/323747.png,赵孟𫖯,楷,騫,801,0,6378,6378
final_images/323751.png,赵孟𫖯,楷,騰,801,0,6379,6379
final_images/323764.png,赵孟𫖯,隶,騰,801,4,6379,34483
final_images/323777.png,吴叡,隶,騷,171,4,6381,34485
final_images/323783.png,王澍,隶,騾,589,4,6382,34486
final_images/323787.png,褚遂良,楷,驂,760,0,6384,6384
final_images/323800.png,赵孟𫖯,隶,驅,801,4,6386,34490
final_images/323802.png,王澍,隶,驅,589,4,6386,34490
final_images/323810.png,颜真卿,楷,驕,956,0,6388,6388
final_images/323817.png,欧阳询,楷,驗,479,0,6389,6389
final_images/323828.png,智永,楷,驚,377,0,6392,6392
final_images/323844.png,王澍,隶,驚,589,4,6392,34496
final_images/323851.png,褚遂良,楷,驟,760,0,6394,6394
final_images/323853.png,颜真卿,楷,驟,956,0,6394,6394
final_images/323862.png,赵孟𫖯,隶,驢,801,4,6395,34499
final_images/323870.png,赵孟𫖯,隶,驤,801,4,6396,34500
final_images/323873.png,柳公权,楷,驥,461,0,6397,6397
final_images/323918.png,褚遂良,楷,骨,760,0,6407,6407
final_images/323955.png,褚遂良,楷,骸,760,0,6411,6411
final_images/323956.png,智永,楷,骸,377,0,6411,6411
final_images/323980.png,颜真卿,楷,體,956,0,6416,6416
final_images/324000.png,吴叡,隶,體,171,4,6416,34520
final_images/324012.png,褚遂良,楷,高,760,0,6417,6417
final_images/324013.png,褚遂良,楷,高,760,0,6417,6417
final_images/324083.png,柳公权,楷,髙,461,0,6418,6418
final_images/324085.png,智永,楷,髙,377,0,6418,6418
final_images/324147.png,王澍,隶,髙,589,4,6418,34522
final_images/324148.png,邓石如,隶,髙,828,4,6418,34522
final_images/324150.png,金农,隶,髙,855,4,6418,34522
final_images/324176.png,颜真卿,楷,髦,956,0,6422,6422
final_images/324185.png,智永,楷,髪,377,0,6423,6423
final_images/324201.png,欧阳询,楷,髫,479,0,6424,6424
final_images/324207.png,智永,楷,髮,377,0,6425,6425
final_images/324219.png,赵孟𫖯,隶,髮,801,4,6425,34529
final_images/324315.png,赵孟𫖯,楷,鬱,801,0,6439,6439
final_images/324324.png,王澍,隶,鬱,589,4,6439,34543
final_images/324376.png,赵孟𫖯,楷,鬻,801,0,6443,6443
final_images/324387.png,颜真卿,楷,鬼,956,0,6444,6444
final_images/324426.png,柳公权,楷,魁,461,0,6446,6446
final_images/324461.png,褚遂良,楷,魄,760,0,6448,6448
final_images/324463.png,智永,楷,魄,377,0,6448,6448
final_images/324503.png,褚遂良,楷,魔,760,0,6450,6450
final_images/324686.png,赵孟𫖯,楷,鱗,801,0,6470,6470
final_images/324724.png,褚遂良,楷,鳥,760,0,6478,6478
final_images/324755.png,王澍,隶,鳥,589,4,6478,34582
final_images/324776.png,褚遂良,楷,鳯,760,0,6482,6482
final_images/324791.png,吴叡,隶,鳯,171,4,6482,34586
final_images/324794.png,王澍,隶,鳯,589,4,6482,34586
final_images/324805.png,智永,楷,鳳,377,0,6483,6483
final_images/324820.png,赵孟𫖯,楷,鳴,801,0,6484,6484
final_images/324840.png,吴叡,隶,鳴,171,4,6484,34588
final_images/324841.png,赵孟𫖯,隶,鳴,801,4,6484,34588
final_images/324853.png,吴叡,隶,鴆,171,4,6487,34591
final_images/324855.png,智永,楷,鴈,377,0,6488,6488
final_images/324864.png,赵孟𫖯,隶,鴈,801,4,6488,34592
final_images/324867.png,王澍,隶,鴈,589,4,6488,34592
final_images/324917.png,赵孟𫖯,楷,鵠,801,0,6502,6502
final_images/324920.png,邓石如,隶,鵠,828,4,6502,34606
final_images/324955.png,褚遂良,楷,鶴,760,0,6512,6512
final_images/324965.png,邓石如,隶,鶴,828,4,6512,34616
final_images/324985.png,赵孟𫖯,楷,鷗,801,0,6518,6518
final_images/324988.png,吴叡,隶,鷙,171,4,6519,34623
final_images/325001.png,颜真卿,楷,鷲,956,0,6521,6521
final_images/325004.png,赵孟𫖯,楷,鷹,801,0,6522,6522
final_images/325027.png,吴叡,隶,鸞,171,4,6527,34631
final_images/325057.png,赵孟𫖯,隶,鹹,801,4,6533,34637
final_images/325073.png,欧阳询,楷,鹿,479,0,6535,6535
final_images/325074.png,褚遂良,楷,鹿,760,0,6535,6535
final_images/325100.png,金农,隶,鹿,855,4,6535,34639
final_images/325172.png,陈鸿寿,隶,麓,920,4,6542,34646
final_images/325202.png,金农,隶,麗,855,4,6544,34648
final_images/325282.png,颜真卿,楷,麾,956,0,6553,6553
final_images/325285.png,赵孟𫖯,楷,黃,801,0,6554,6554
final_images/325286.png,欧阳询,楷,黃,479,0,6554,6554
final_images/325288.png,颜真卿,楷,黃,956,0,6554,6554
final_images/325410.png,褚遂良,楷,黄,760,0,6555,6555
final_images/325529.png,智永,楷,黍,377,0,6556,6556
final_images/325612.png,柳公权,楷,黒,461,0,6560,6560
final_images/325636.png,褚遂良,楷,黔,760,0,6561,6561
final_images/325675.png,王澍,隶,默,589,4,6562,34666
final_images/325690.png,王澍,隶,黜,589,4,6564,34668
final_images/325718.png,赵孟𫖯,楷,黨,801,0,6568,6568
final_images/325724.png,陈鸿寿,隶,黨,920,4,6568,34672
final_images/325733.png,褚遂良,楷,黯,760,0,6570,6570
final_images/325914.png,柳公权,楷,鼓,461,0,6587,6587
final_images/325915.png,褚遂良,楷,鼓,760,0,6587,6587
final_images/325944.png,吴叡,隶,鼓,171,4,6587,34691
final_images/326061.png,金农,隶,齊,855,4,6593,34697
final_images/326072.png,金农,隶,齋,855,4,6594,34698
final_images/326084.png,颜真卿,楷,齒,956,0,6597,6597
final_images/326111.png,欧阳询,楷,齡,479,0,6600,6600
final_images/326189.png,金农,隶,龍,855,4,6607,34711
final_images/326277.png,吴叡,隶,龢,171,4,6616,34720
final_images/326279.png,王澍,隶,龢,589,4,6616,34720
final_images/326953.png,吴叡,隶,𡥆,171,4,6724,34828
final_images/328142.png,欧阳询,楷,𦗟,479,0,6903,6903
